species,attractiveness,n_sex_rows
Abeillia abeillei,6.6579,1
Abroscopus albogularis,6.6335,1
Abroscopus schisticeps,7.0201,1
Abroscopus superciliaris,6.0374,1
Aburria aburri,5.5705,1
Acanthagenys rufogularis,5.3340,1
Acanthidops bairdi,5.4055,1
Acanthisitta chloris,6.9331,1
Acanthiza apicalis,5.2592,1
Acanthiza chrysorrhoa,5.3852,1
Acanthiza cinerea,4.3673,1
Acanthiza ewingii,5.6632,1
Acanthiza inornata,5.4047,1
Acanthiza iredalei,5.1384,1
Acanthiza katherina,4.7683,1
Acanthiza lineata,5.7690,1
Acanthiza murina,4.7966,1
Acanthiza nana,6.0980,1
Acanthiza pusilla,5.7709,1
Acanthiza reguloides,5.7290,1
Acanthiza robustirostris,5.9287,1
Acanthiza uropygialis,5.2370,1
Acanthoptila nipalensis,5.2489,1
Acanthorhynchus superciliosus,5.4197,1
Acanthorhynchus tenuirostris,6.3654,1
Acanthornis magna,5.2658,1
Accipiter albogularis,5.8906,1
Accipiter badius,6.4480,1
Accipiter bicolor,6.0897,1
Accipiter brevipes,6.3650,1
Accipiter butleri,5.9905,1
Accipiter castanilius,6.6700,1
Accipiter cirrocephalus,6.0276,2
Accipiter collaris,6.5120,1
Accipiter cooperii,6.3893,1
Accipiter erythrauchen,5.9076,1
Accipiter erythropus,5.0801,1
Accipiter fasciatus,6.5181,1
Accipiter francesiae,6.6870,2
Accipiter gentilis,6.8421,1
Accipiter griseiceps,6.3779,1
Accipiter gundlachi,5.6531,1
Accipiter haplochrous,6.7938,1
Accipiter henicogrammus,5.9870,1
Accipiter henstii,5.9715,1
Accipiter imitator,6.0464,1
Accipiter madagascariensis,6.3089,1
Accipiter melanochlamys,5.5549,1
Accipiter melanoleucus,6.5970,1
Accipiter meyerianus,5.4780,1
Accipiter minullus,6.8779,1
Accipiter nanus,5.9807,1
Accipiter nisus,6.4788,2
Accipiter novaehollandiae,5.9071,1
Accipiter ovampensis,6.1312,1
Accipiter poliocephalus,6.3388,1
Accipiter poliogaster,5.9415,1
Accipiter rhodogaster,5.7937,1
Accipiter rufitorques,6.8900,1
Accipiter rufiventris,6.0094,1
Accipiter soloensis,6.3715,2
Accipiter striatus,6.5904,1
Accipiter superciliosus,6.6835,1
Accipiter trinotatus,6.7346,1
Accipiter trivirgatus,6.1247,1
Aceros nipalensis,6.5152,2
Achaetops pycnopygius,5.4618,1
Acridotheres albocinctus,5.5608,1
Acridotheres cinereus,5.2616,1
Acridotheres cristatellus,5.8264,1
Acridotheres fuscus,5.1548,1
Acridotheres ginginianus,6.0886,1
Acridotheres grandis,5.8911,1
Acridotheres javanicus,6.0293,1
Acridotheres tristis,5.9384,1
Acritillas indica,5.7818,1
Acrobatornis fonsecai,4.9775,1
Acrocephalus aequinoctialis,5.2714,1
Acrocephalus agricola,5.2607,1
Acrocephalus arundinaceus,4.6271,1
Acrocephalus atyphus,4.4973,1
Acrocephalus bistrigiceps,5.3671,1
Acrocephalus brevipennis,5.3278,1
Acrocephalus caffer,4.8487,1
Acrocephalus concinens,4.7847,1
Acrocephalus dumetorum,5.6367,1
Acrocephalus familiaris,4.8649,1
Acrocephalus gracilirostris,5.1025,1
Acrocephalus griseldis,5.1287,1
Acrocephalus hiwae,4.3363,1
Acrocephalus melanopogon,6.0251,1
Acrocephalus mendanae,4.9209,1
Acrocephalus newtoni,4.8536,1
Acrocephalus orientalis,4.8364,1
Acrocephalus orinus,4.3413,1
Acrocephalus paludicola,5.1430,1
Acrocephalus palustris,4.8942,1
Acrocephalus percernis,5.0274,1
Acrocephalus rimitarae,4.9199,1
Acrocephalus rodericanus,5.2444,1
Acrocephalus rufescens,4.9504,1
Acrocephalus schoenobaenus,5.1266,1
Acrocephalus sechellensis,5.4191,1
Acrocephalus sorghophilus,4.8368,1
Acrocephalus syrinx,4.6965,1
Acrocephalus taiti,5.0742,1
Acrocephalus tangorum,5.2169,1
Acrocephalus vaughani,4.9286,1
Acropternis orthonyx,6.1200,1
Acryllium vulturinum,6.6958,1
Actenoides concretus,7.3666,1
Actenoides hombroni,6.8420,1
Actenoides lindsayi,7.2308,1
Actinodura egertoni,6.0896,1
Actinodura sodangorum,5.6636,1
Actitis hypoleucos,6.0290,1
Actitis macularius,5.6705,1
Actophilornis africanus,5.9193,1
Actophilornis albinucha,6.0438,1
Adelomyia melanogenys,7.1152,1
Aechmophorus clarkii,5.4629,1
Aechmophorus occidentalis,6.1830,1
Aegithalos caudatus,7.3038,1
Aegithalos fuliginosus,6.7914,1
Aegithalos glaucogularis,7.0922,1
Aegithalos leucogenys,6.2935,1
Aegithalos niveogularis,6.1885,1
Aegithina lafresnayei,6.2744,1
Aegithina nigrolutea,5.8736,1
Aegithina tiphia,6.3782,2
Aegithina viridissima,6.0161,1
Aegolius acadicus,7.8192,1
Aegolius funereus,7.0469,1
Aegolius harrisii,7.3259,1
Aegolius ridgwayi,7.1265,1
Aegotheles albertisi,6.1622,1
Aegotheles crinifrons,5.7452,1
Aegotheles cristatus,5.8403,1
Aegotheles insignis,5.9928,1
Aegotheles tatei,5.9353,1
Aegotheles wallacii,5.4547,1
Aegypius monachus,6.2966,1
Aepypodius arfakianus,4.9266,1
Aepypodius bruijnii,4.1902,1
Aerodramus bartschi,4.7727,1
Aerodramus brevirostris,5.0503,1
Aerodramus elaphrus,4.5814,1
Aerodramus francicus,4.8236,1
Aerodramus hirundinaceus,5.7588,1
Aerodramus inquietus,4.7728,1
Aerodramus maximus,5.0711,1
Aerodramus mearnsi,5.1054,1
Aerodramus pelewensis,4.3583,1
Aerodramus salangana,4.7782,1
Aerodramus sawtelli,4.5474,1
Aerodramus spodiopygius,5.5341,1
Aerodramus terraereginae,5.4019,1
Aerodramus unicolor,5.2841,1
Aerodramus vulcanorum,4.2657,1
Aeronautes andecolus,6.1639,1
Aeronautes montivagus,5.5117,1
Aeronautes saxatalis,5.5512,1
Aethia cristatella,5.7850,1
Aethia psittacula,5.4758,1
Aethia pusilla,5.4010,1
Aethia pygmaea,6.1309,1
Aethopyga bella,6.3965,1
Aethopyga duyvenbodei,6.2377,2
Aethopyga eximia,6.2726,1
Aethopyga flagrans,6.4784,1
Aethopyga gouldiae,6.9253,2
Aethopyga guimarasensis,6.3059,1
Aethopyga ignicauda,7.2016,1
Aethopyga linaraborae,6.7696,1
Aethopyga magnifica,5.9177,1
Aethopyga mystacalis,6.2879,1
Aethopyga nipalensis,6.6115,1
Aethopyga primigenia,5.6537,1
Aethopyga saturata,6.5534,2
Aethopyga shelleyi,6.6419,1
Aethopyga siparaja,6.1496,2
Aethopyga temminckii,7.3925,1
Aethopyga vigorsii,6.1316,1
Afropavo congensis,6.5637,1
Afrotis afra,5.8104,1
Afrotis afraoides,5.0193,1
Agamia agami,6.6795,1
Agapornis canus,6.5047,1
Agapornis fischeri,7.2844,1
Agapornis lilianae,7.6717,1
Agapornis nigrigenis,7.0441,1
Agapornis personatus,7.6105,1
Agapornis pullarius,7.6092,1
Agapornis roseicollis,7.0079,1
Agapornis swindernianus,6.2237,1
Agapornis taranta,6.3645,1
Agelaioides badius,5.5831,1
Agelaioides fringillarius,4.7448,1
Agelaius assimilis,6.3300,1
Agelaius humeralis,5.6230,1
Agelaius phoeniceus,6.0636,2
Agelaius tricolor,5.2442,2
Agelaius xanthomus,6.5246,1
Agelastes niger,4.5242,1
Agelasticus cyanopus,5.5118,2
Agelasticus thilius,6.1237,2
Agelasticus xanthophthalmus,5.5619,1
Aglaeactis aliciae,5.3208,1
Aglaeactis castelnaudii,6.7640,1
Aglaeactis cupripennis,7.1072,1
Aglaeactis pamela,6.8986,1
Aglaiocercus berlepschi,6.9263,1
Aglaiocercus coelestis,6.9761,1
Aglaiocercus kingii,7.4466,1
Agraphospiza rubescens,5.2632,1
Agricola infuscatus,5.3338,1
Agricola pallidus,5.1712,1
Agriornis albicauda,4.9177,1
Agriornis lividus,5.5232,1
Agriornis micropterus,5.0199,1
Agriornis montanus,4.6684,1
Agriornis murinus,4.9695,1
Agropsar philippensis,6.0595,2
Agropsar sturninus,5.9105,1
Ailuroedus crassirostris,6.1974,1
Aimophila notosticta,5.2135,1
Aimophila rufescens,5.8385,1
Aimophila ruficeps,5.8360,1
Aix galericulata,6.5613,1
Aix sponsa,6.7736,1
Akletos goeldii,5.4582,1
Akletos melanoceps,6.3121,1
Alaemon alaudipes,4.5785,1
Alaemon hamertoni,4.6403,1
Alauda arvensis,5.1405,1
Alauda gulgula,5.1024,1
Alauda leucoptera,4.7483,1
Alauda razae,4.1981,1
Alaudala raytal,5.3491,1
Alaudala somalica,4.6981,1
Alca torda,6.5791,1
Alcedo atthis,7.3150,1
Alcedo coerulescens,7.7830,1
Alcedo hercules,7.6465,1
Alcedo meninting,7.3936,1
Alcedo quadribrachys,7.6369,1
Alcedo semitorquata,7.7034,1
Alcippe brunneicauda,4.7740,1
Alcippe grotei,5.1072,1
Alcippe nipalensis,5.8879,1
Alcippe peracensis,6.1226,1
Alcippe poioicephala,4.8067,1
Alcippe pyrrhoptera,5.0398,1
Alcurus striatus,6.3745,1
Aleadryas rufinucha,5.4735,1
Alectoris barbara,5.5927,1
Alectoris chukar,5.8038,1
Alectoris graeca,5.8173,1
Alectoris magna,6.0044,1
Alectoris melanocephala,5.3642,1
Alectoris philbyi,5.2660,1
Alectoris rufa,5.5444,1
Alectroenas madagascariensis,5.8566,1
Alectroenas pulcherrimus,5.3833,1
Alectroenas sganzini,5.6321,1
Alectrurus risora,5.6776,2
Alectrurus tricolor,6.5432,1
Alectura lathami,4.9873,1
Alethe castanea,4.9110,1
Alethe diademata,5.8632,1
Alexandrinus eques,6.5077,1
Alexandrinus krameri,6.9530,1
Alipiopsitta xanthops,6.0410,1
Alisterus amboinensis,6.7587,1
Alisterus chloropterus,6.6946,1
Alisterus scapularis,6.8190,2
Alle alle,6.1939,1
Allenia fusca,4.7603,1
Alopecoenas canifrons,5.1970,1
Alopecoenas erythropterus,5.7828,2
Alopecoenas hoedtii,5.4165,2
Alopecoenas kubaryi,5.4392,1
Alopecoenas rubescens,5.3019,1
Alopecoenas stairi,5.1561,1
Alopecoenas xanthonurus,5.0236,1
Alophoixus bres,5.2736,1
Alophoixus flaveolus,5.5748,1
Alophoixus frater,5.1075,1
Alophoixus ochraceus,5.7105,1
Alophoixus phaeocephalus,5.9367,1
Alopochelidon fucata,6.2010,1
Alopochen aegyptiaca,6.3231,1
Amadina erythrocephala,5.8733,2
Amadina fasciata,5.7257,1
Amalocichla incerta,5.1475,1
Amalocichla sclateriana,4.8565,1
Amandava amandava,7.2448,1
Amandava formosa,6.4048,1
Amandava subflava,6.3966,1
Amaurocichla bocagii,4.7637,1
Amaurolimnas concolor,4.7951,1
Amaurornis cinerea,4.8114,1
Amaurornis isabellina,5.2369,1
Amaurornis marginalis,4.3920,1
Amaurornis moluccana,5.3352,1
Amaurornis olivacea,5.1627,1
Amaurornis phoenicurus,6.0165,1
Amazilia amabilis,7.2149,1
Amazilia amazilia,6.5332,1
Amazilia beryllina,7.6800,1
Amazilia boucardi,7.3242,1
Amazilia brevirostris,7.1930,1
Amazilia candida,6.4972,1
Amazilia castaneiventris,6.9454,1
Amazilia chionogaster,6.6356,1
Amazilia chrysura,6.7723,1
Amazilia coeruleogularis,7.9576,1
Amazilia cyanifrons,7.4839,1
Amazilia cyanocephala,7.1745,1
Amazilia cyanura,6.6563,1
Amazilia cyanus,6.8628,1
Amazilia decora,7.3953,1
Amazilia edward,7.3642,1
Amazilia eliciae,7.0290,1
Amazilia franciae,7.4505,1
Amazilia goudoti,7.2371,1
Amazilia grayi,7.0247,1
Amazilia humboldtii,6.8339,1
Amazilia julie,7.6416,1
Amazilia leucogaster,7.3227,1
Amazilia lilliae,7.9481,1
Amazilia luciae,6.2456,1
Amazilia oenone,7.0191,1
Amazilia rosenbergi,7.1982,2
Amazilia rutila,6.3958,1
Amazilia sapphirina,6.6678,1
Amazilia tobaci,7.3459,1
Amazilia tzacatl,7.1295,1
Amazilia versicolor,6.7579,1
Amazilia violiceps,6.8368,1
Amazilia viridicauda,7.2501,1
Amazilia yucatanensis,7.2208,1
Amazona aestiva,6.9988,1
Amazona agilis,6.5738,1
Amazona albifrons,6.8670,1
Amazona amazonica,6.5665,1
Amazona arausiaca,6.2495,1
Amazona auropalliata,7.0018,1
Amazona barbadensis,6.6376,1
Amazona brasiliensis,6.4006,1
Amazona collaria,6.8116,1
Amazona dufresniana,5.8594,1
Amazona finschi,6.2855,1
Amazona guildingii,6.4934,1
Amazona imperialis,5.5652,1
Amazona kawalli,7.0743,1
Amazona leucocephala,6.2200,1
Amazona mercenarius,6.4573,1
Amazona ochrocephala,7.1286,1
Amazona oratrix,6.6274,1
Amazona pretrei,6.6489,2
Amazona rhodocorytha,6.9499,1
Amazona tucumana,6.5437,1
Amazona ventralis,7.0516,1
Amazona versicolor,6.7309,1
Amazona vinacea,6.7486,1
Amazona viridigenalis,6.6883,1
Amazona vittata,6.3394,1
Amazona xantholora,6.4212,1
Amazonetta brasiliensis,5.4758,2
Amblycercus holosericeus,5.3855,1
Amblyornis inornata,5.5738,1
Amblyornis macgregoriae,5.0217,1
Amblyospiza albifrons,6.0747,1
Amblyramphus holosericeus,7.1079,1
Ammodramus aurifrons,5.3854,1
Ammodramus humeralis,5.2054,1
Ammodramus savannarum,4.9624,1
Ammomanes cinctura,4.7738,1
Ammomanes deserti,4.4371,1
Ammomanes phoenicura,5.5030,1
Ammomanopsis grayi,4.8961,1
Ammonastes pelzelni,5.1224,1
Ammoperdix griseogularis,5.8601,2
Ammoperdix heyi,5.3121,1
Ammospiza caudacuta,5.7751,1
Ammospiza leconteii,6.4484,1
Ammospiza maritima,5.9935,1
Ammospiza nelsoni,5.5452,1
Ampeliceps coronatus,5.6631,1
Ampelioides tschudii,6.7028,1
Ampelion rubrocristatus,6.6143,1
Ampelion rufaxilla,6.0841,1
Ampelornis griseiceps,5.0979,1
Amphilais seebohmi,5.0440,1
Amphispiza bilineata,5.8720,1
Amphispiza quinquestriata,5.1518,1
Amytornis ballarae,6.4568,2
Amytornis barbatus,5.6470,1
Amytornis dorotheae,6.1325,1
Amytornis goyderi,6.6625,1
Amytornis housei,5.9939,1
Amytornis merrotsyi,6.3205,1
Amytornis modestus,5.4470,1
Amytornis purnelli,6.4540,2
Amytornis textilis,5.1163,1
Amytornis woodwardi,6.8952,1
Anabacerthia amaurotis,4.9727,1
Anabacerthia lichtensteini,5.7475,1
Anabacerthia ruficaudata,5.5393,1
Anabacerthia striaticollis,5.4136,1
Anabacerthia variegaticeps,5.5316,1
Anabathmis hartlaubii,5.9603,1
Anabathmis newtonii,6.4418,1
Anabathmis reichenbachii,6.0340,1
Anabazenops dorsalis,5.3511,1
Anabazenops fuscus,5.4035,1
Anairetes alpinus,4.9394,1
Anairetes fernandezianus,5.9402,1
Anairetes flavirostris,5.7913,1
Anairetes nigrocristatus,6.7940,1
Anairetes parulus,6.2849,1
Anairetes reguloides,6.1181,1
Anarhynchus frontalis,5.6687,1
Anas acuta,5.7350,1
Anas albogularis,6.1933,1
Anas andium,5.4524,1
Anas aucklandica,5.3934,1
Anas bahamensis,6.0559,1
Anas bernieri,5.6614,1
Anas capensis,5.2971,1
Anas castanea,6.1896,1
Anas chlorotis,5.7821,1
Anas eatoni,4.9951,2
Anas erythrorhyncha,5.8317,1
Anas flavirostris,5.3830,1
Anas georgica,5.1789,1
Anas gibberifrons,4.8288,1
Anas gracilis,5.4850,1
Anas laysanensis,5.3403,1
Anas luzonica,5.4115,1
Anas melleri,5.8143,1
Anas nesiotis,4.8930,2
Anas platyrhynchos,5.7034,1
Anas poecilorhyncha,5.7637,1
Anas rubripes,5.0393,1
Anas sparsa,5.5659,1
Anas superciliosa,6.1373,1
Anas undulata,5.7748,1
Anas wyvilliana,5.7196,1
Anas zonorhyncha,5.6800,1
Anastomus lamelligerus,5.6364,1
Anastomus oscitans,5.7324,1
Ancistrops strigilatus,5.2111,1
Andigena cucullata,6.8653,1
Andigena hypoglauca,6.9316,1
Andigena laminirostris,7.2330,1
Andigena nigrirostris,7.0668,1
Androdon aequatorialis,6.1704,1
Andropadus importunus,5.2908,1
Androphobus viridis,4.5901,1
Anhima cornuta,5.3103,1
Anhinga anhinga,6.7177,1
Anhinga melanogaster,5.7803,1
Anhinga novaehollandiae,5.9754,1
Anhinga rufa,5.5845,1
Anisognathus lacrymosus,6.8065,1
Anisognathus melanogenys,6.5117,1
Anisognathus notabilis,7.0766,1
Anodorhynchus hyacinthinus,7.7429,1
Anodorhynchus leari,6.6782,1
Anomalospiza imberbis,6.3257,1
Anopetia gounellei,6.4801,1
Anorrhinus austeni,5.7379,1
Anorrhinus galeritus,5.4835,1
Anorrhinus tickelli,5.6802,1
Anous albivittus,5.8514,1
Anous ceruleus,5.6684,1
Anous minutus,5.5432,1
Anous stolidus,6.0573,1
Anous tenuirostris,5.9342,1
Anser albifrons,5.1784,1
Anser anser,5.1104,1
Anser brachyrhynchus,4.6383,1
Anser caerulescens,6.2732,1
Anser canagicus,6.0150,1
Anser cygnoid,5.4659,1
Anser erythropus,5.8905,1
Anser indicus,6.6979,1
Anser rossii,5.8756,1
Anseranas semipalmata,5.0425,1
Anthipes monileger,5.8164,1
Anthipes solitaris,6.1254,1
Anthobaphes violacea,7.3694,1
Anthocephala berlepschi,6.8369,1
Anthocephala floriceps,5.9999,1
Anthochaera carunculata,5.0671,1
Anthochaera chrysoptera,4.9124,1
Anthochaera lunulata,4.9322,1
Anthochaera paradoxa,5.4270,1
Anthochaera phrygia,6.0231,1
Anthornis melanura,5.5540,1
Anthoscopus flavifrons,4.4284,1
Anthoscopus minutus,5.3502,1
Anthoscopus musculus,4.9882,1
Anthoscopus parvulus,6.2538,1
Anthoscopus punctifrons,5.8885,1
Anthracoceros albirostris,6.7202,1
Anthracoceros coronatus,6.6304,2
Anthracoceros malayanus,6.1403,1
Anthracoceros marchei,6.0293,1
Anthracoceros montani,5.8122,1
Anthracothorax mango,6.8798,1
Anthracothorax veraguensis,6.3562,1
Anthracothorax viridigula,7.1218,2
Anthracothorax viridis,7.2302,1
Anthreptes anchietae,6.4860,1
Anthreptes aurantius,6.9928,1
Anthreptes gabonicus,5.6690,1
Anthreptes griseigularis,5.5390,1
Anthreptes longuemarei,6.8243,1
Anthreptes malacensis,6.7844,1
Anthreptes neglectus,5.0426,1
Anthreptes orientalis,5.8551,1
Anthreptes reichenowi,5.6390,1
Anthreptes rhodolaemus,6.4068,2
Anthreptes rubritorques,5.6022,1
Anthreptes seimundi,6.7712,1
Anthreptes simplex,5.8068,1
Anthropoides paradiseus,7.1096,1
Anthropoides virgo,6.6926,1
Anthus antarcticus,4.9199,1
Anthus berthelotii,5.4137,1
Anthus bogotensis,5.2598,1
Anthus brachyurus,4.4137,1
Anthus caffer,5.1590,1
Anthus campestris,4.7152,1
Anthus cervinus,5.5149,1
Anthus chacoensis,4.2880,1
Anthus cinnamomeus,4.9227,1
Anthus correndera,4.7186,1
Anthus crenatus,4.2418,1
Anthus furcatus,5.0357,1
Anthus godlewskii,5.3008,1
Anthus gustavi,4.9910,1
Anthus gutturalis,5.0032,1
Anthus hellmayri,4.5124,1
Anthus hodgsoni,5.2840,1
Anthus hoeschi,4.5828,1
Anthus leucophrys,4.7884,1
Anthus lineiventris,5.0754,1
Anthus lutescens,5.6097,1
Anthus melindae,4.9676,1
Anthus nattereri,4.8456,1
Anthus nilghiriensis,5.2190,1
Anthus novaeseelandiae,5.1175,1
Anthus nyassae,4.9908,1
Anthus pallidiventris,5.2068,1
Anthus peruvianus,4.4363,1
Anthus petrosus,5.2232,1
Anthus pratensis,4.5989,1
Anthus richardi,4.8238,1
Anthus roseatus,5.1599,1
Anthus rubescens,4.8843,1
Anthus rufulus,4.7157,1
Anthus sokokensis,5.4171,1
Anthus spinoletta,5.2417,1
Anthus spragueii,5.2863,1
Anthus sylvanus,4.5136,1
Anthus trivialis,5.1265,1
Anthus vaalensis,4.4317,1
Antigone antigone,5.7013,1
Antigone canadensis,6.7578,1
Antigone rubicunda,6.1441,1
Antigone vipio,6.6014,1
Antilophia bokermanni,7.1648,2
Antilophia galeata,7.2770,1
Antrostomus arizonae,5.3734,1
Antrostomus badius,5.3560,1
Antrostomus carolinensis,5.3477,2
Antrostomus noctitherus,5.7390,1
Antrostomus ridgwayi,5.1124,1
Antrostomus rufus,5.8214,2
Antrostomus salvini,5.3605,1
Antrostomus saturatus,5.7842,1
Antrostomus sericocaudatus,5.5177,1
Antrostomus vociferus,5.5735,1
Anumara forbesi,5.7354,1
Anumbius annumbi,5.0545,1
Anurophasis monorthonyx,5.9703,1
Apalharpactes mackloti,7.5006,1
Apalharpactes reinwardtii,7.3400,1
Apalis alticola,5.0903,1
Apalis argentea,5.6977,1
Apalis bamendae,5.1753,1
Apalis binotata,5.9090,1
Apalis chapini,5.6284,1
Apalis chariessa,5.8565,2
Apalis chirindensis,4.6815,1
Apalis cinerea,5.4695,1
Apalis flavigularis,5.5810,1
Apalis fuscigularis,4.9275,1
Apalis goslingi,4.8482,1
Apalis jacksoni,6.2512,1
Apalis karamojae,5.2755,1
Apalis lynesi,5.5153,1
Apalis melanocephala,5.3260,1
Apalis nigriceps,5.9159,2
Apalis personata,5.5901,1
Apalis porphyrolaema,5.7928,1
Apalis ruddi,6.1287,1
Apalis rufogularis,4.9279,2
Apalis sharpii,5.6982,1
Apalis thoracica,5.3174,1
Apaloderma aequatoriale,6.8107,1
Apaloderma narina,7.3973,1
Apaloderma vittatum,7.3938,1
Apalopteron familiare,6.8828,1
Aphanotriccus audax,5.5515,1
Aphanotriccus capitalis,6.2734,1
Aphantochroa cirrochloris,6.7414,1
Aphelocephala leucopsis,4.9427,1
Aphelocephala nigricincta,5.5756,1
Aphelocephala pectoralis,5.4026,1
Aphelocoma coerulescens,6.8628,1
Aphelocoma ultramarina,6.2834,1
Aphelocoma unicolor,7.4322,1
Aphelocoma wollweberi,6.0481,1
Aphrastura masafucrae,5.8684,1
Aphrastura spinicauda,6.6860,1
Aphrodroma brevirostris,5.3454,1
Aplonis atrifusca,4.7574,1
Aplonis brunneicapillus,4.8982,1
Aplonis cantoroides,5.5384,1
Aplonis cinerascens,4.8816,1
Aplonis crassa,4.6912,1
Aplonis dichroa,5.0890,1
Aplonis feadensis,6.0384,1
Aplonis grandis,5.5693,1
Aplonis insularis,5.2897,1
Aplonis magna,5.7994,1
Aplonis minor,5.3752,1
Aplonis mysolensis,5.4233,1
Aplonis mystacea,4.8474,1
Aplonis opaca,5.6290,1
Aplonis panayensis,5.3856,1
Aplonis striata,5.1531,1
Aplonis tabuensis,5.0101,1
Aplonis zelandica,4.8131,1
Aplopelia larvata,5.5907,1
Aprositornis disjuncta,5.6577,1
Aprosmictus erythropterus,7.0475,1
Aprosmictus jonquillaceus,6.4247,1
Aptenodytes forsteri,7.4236,1
Aptenodytes patagonicus,7.7114,1
Apteryx australis,5.8536,1
Apteryx haastii,5.5136,2
Apteryx mantelli,6.0339,1
Apteryx owenii,6.7414,1
Apteryx rowi,5.6572,1
Apus acuticauda,5.0361,1
Apus affinis,5.8252,1
Apus alexandri,5.4836,1
Apus apus,5.4896,1
Apus balstoni,5.5656,1
Apus batesi,5.1126,1
Apus berliozi,5.2167,1
Apus bradfieldi,5.3992,1
Apus caffer,5.8464,1
Apus horus,5.5343,1
Apus niansae,4.8104,1
Apus nipalensis,5.4625,1
Apus pallidus,5.7831,1
Apus unicolor,6.0099,1
Aquila adalberti,6.8914,1
Aquila africana,6.3765,1
Aquila audax,6.7744,1
Aquila chrysaetos,6.9706,2
Aquila fasciata,5.7315,1
Aquila gurneyi,6.8478,1
Aquila heliaca,7.2801,1
Aquila nipalensis,7.0003,1
Aquila rapax,6.8030,1
Aquila spilogaster,6.4003,1
Aquila verreauxii,6.8446,1
Ara ambiguus,6.9081,1
Ara ararauna,7.3087,1
Ara chloropterus,6.8967,1
Ara glaucogularis,7.0409,1
Ara macao,7.2228,1
Ara militaris,7.2219,1
Ara rubrogenys,7.2074,1
Ara severus,6.4222,1
Arachnothera chrysogenys,6.6776,1
Arachnothera clarae,5.9983,1
Arachnothera crassirostris,6.1427,1
Arachnothera dilutior,5.6554,1
Arachnothera flammifera,5.4470,1
Arachnothera flavigaster,5.9187,1
Arachnothera juliae,6.3718,1
Arachnothera longirostra,6.5285,1
Arachnothera magna,6.4601,1
Arachnothera robusta,6.2459,1
Aramides albiventris,5.7391,1
Aramides axillaris,5.6065,1
Aramides cajaneus,5.6591,1
Aramides calopterus,5.0644,1
Aramides mangle,5.4262,1
Aramides saracura,5.7875,1
Aramides wolfi,4.9711,1
Aramides ypecaha,5.3225,1
Aramidopsis plateni,4.8020,2
Aramus guarauna,5.6089,1
Aratinga auricapillus,6.1721,1
Aratinga jandaya,6.5481,1
Aratinga maculata,6.7846,1
Aratinga nenday,7.3241,1
Aratinga solstitialis,7.2452,1
Aratinga weddellii,6.3299,1
Arborophila ardens,6.2623,1
Arborophila atrogularis,6.1188,1
Arborophila brunneopectus,5.6713,1
Arborophila cambodiana,5.6974,1
Arborophila campbelli,5.5056,1
Arborophila crudigularis,5.7290,1
Arborophila davidi,5.3896,1
Arborophila gingica,6.2397,1
Arborophila hyperythra,5.9253,1
Arborophila javanica,6.0015,1
Arborophila mandellii,5.8759,1
Arborophila orientalis,5.6386,1
Arborophila rolli,4.2805,1
Arborophila rubrirostris,5.7327,1
Arborophila rufipectus,5.4384,2
Arborophila rufogularis,6.3717,1
Arborophila torqueola,5.6613,1
Arcanator orostruthus,4.4215,1
Archboldia papuensis,4.9731,1
Archilochus alexandri,7.0639,1
Archilochus colubris,6.7097,2
Ardea alba,6.1376,1
Ardea cinerea,5.9712,1
Ardea cocoi,5.9331,1
Ardea goliath,5.9512,1
Ardea humbloti,6.2804,1
Ardea insignis,5.1469,1
Ardea melanocephala,5.9439,1
Ardea pacifica,6.0606,1
Ardea purpurea,6.2924,1
Ardea sumatrana,5.3772,1
Ardenna bulleri,4.9858,1
Ardenna carneipes,5.4520,1
Ardenna creatopus,5.4588,1
Ardenna gravis,5.4417,1
Ardenna grisea,5.0384,1
Ardenna pacifica,5.3229,1
Ardenna tenuirostris,5.0628,1
Ardeola bacchus,5.7604,1
Ardeola grayii,5.0461,1
Ardeola idae,5.9004,1
Ardeola ralloides,5.9920,1
Ardeola rufiventris,5.3137,1
Ardeola speciosa,6.3836,1
Ardeotis arabs,5.5731,1
Ardeotis australis,4.7817,1
Ardeotis kori,4.7566,1
Ardeotis nigriceps,5.1486,1
Arenaria interpres,5.8491,1
Arenaria melanocephala,4.7352,1
Argusianus argus,5.4289,1
Argya altirostris,5.9123,2
Argya aylmeri,5.1732,1
Argya earlei,4.8344,1
Argya fulva,4.9003,1
Argya malcolmi,5.0469,1
Argya rubiginosa,5.2621,1
Argya squamiceps,5.0081,1
Argya subrufa,5.6362,1
Arizelocichla chlorigula,4.2116,1
Arizelocichla fusciceps,4.5987,1
Arizelocichla masukuensis,4.9128,1
Arizelocichla montana,5.4549,1
Arizelocichla neumanni,5.1857,1
Arizelocichla nigriceps,5.5282,1
Arizelocichla tephrolaema,5.5147,1
Arremon assimilis,6.0118,1
Arremon atricapillus,5.3002,1
Arremon aurantiirostris,6.2328,1
Arremon basilicus,5.3526,1
Arremon brunneinucha,5.8560,1
Arremon castaneiceps,5.3981,1
Arremon costaricensis,5.7515,1
Arremon crassirostris,6.1633,1
Arremon flavirostris,5.7738,1
Arremon franciscanus,5.4748,1
Arremon perijanus,5.0089,1
Arremon phaeopleurus,4.5024,1
Arremon phygas,5.4786,1
Arremon schlegeli,5.8136,1
Arremon semitorquatus,5.5098,1
Arremon torquatus,5.1902,1
Arremon virenticeps,5.8873,1
Arremonops chloronotus,5.7335,1
Arremonops conirostris,5.6617,1
Arremonops rufivirgatus,5.4168,1
Arremonops tocuyensis,5.5325,1
Arses insularis,6.8360,1
Arses kaupi,6.3225,1
Arses lorealis,6.5606,1
Arses telescopthalmus,6.7770,1
Artamella viridis,6.4706,1
Artamus cinereus,6.1072,1
Artamus cyanopterus,6.7125,1
Artamus fuscus,5.6860,1
Artamus insignis,5.1793,1
Artamus leucoryn,5.8704,1
Artamus maximus,6.0894,1
Artamus mentalis,5.8135,1
Artamus minor,5.8399,1
Artamus monachus,5.5962,1
Artamus personatus,6.0488,2
Artamus superciliosus,5.9928,1
Artemisiospiza belli,6.2010,1
Artemisiospiza nevadensis,5.9595,1
Artisornis metopias,4.8526,1
Arundinax aedon,5.4021,1
Arundinicola leucocephala,6.4063,1
Asarcornis scutulata,4.5500,1
Asemospiza fuliginosa,5.2387,1
Asemospiza obscura,5.7210,1
Ashbyia lovensis,6.2148,1
Asio abyssinicus,7.0417,1
Asio capensis,6.9226,1
Asio clamator,7.0135,1
Asio flammeus,7.4766,1
Asio madagascariensis,7.2027,1
Asio otus,7.0391,1
Asio stygius,6.9980,1
Aspatha gularis,7.1945,1
Asthenes anthoides,5.5288,1
Asthenes baeri,5.8325,1
Asthenes berlepschi,5.5789,1
Asthenes coryi,5.3614,1
Asthenes flammulata,5.7290,1
Asthenes fuliginosa,5.8688,1
Asthenes griseomurina,5.2688,1
Asthenes harterti,5.7575,1
Asthenes helleri,4.9657,1
Asthenes heterura,5.1886,1
Asthenes hudsoni,4.9066,1
Asthenes humilis,5.0557,1
Asthenes luizae,5.2219,1
Asthenes maculicauda,5.1113,1
Asthenes modesta,4.8475,1
Asthenes moreirae,5.5261,1
Asthenes ottonis,5.6981,1
Asthenes palpebralis,5.3216,1
Asthenes perijana,5.0920,1
Asthenes pudibunda,5.0617,1
Asthenes pyrrholeuca,5.2994,1
Asthenes urubambensis,5.4861,1
Asthenes virgata,5.8096,1
Astrapia mayeri,5.7748,1
Astrapia nigra,5.9035,2
Astrapia rothschildi,6.4956,1
Astrapia splendidissima,6.4349,2
Astrapia stephaniae,7.5614,1
Atalotriccus pilaris,5.2726,1
Atelornis crossleyi,6.7812,1
Atelornis pittoides,7.0804,1
Athene blewitti,7.5517,1
Athene brama,7.1979,1
Athene cunicularia,7.0632,1
Athene noctua,7.3872,1
Athene superciliaris,7.3857,1
Atlapetes albiceps,5.3718,1
Atlapetes albinucha,5.9933,1
Atlapetes blancae,5.3172,1
Atlapetes canigenis,5.7753,1
Atlapetes citrinellus,5.4787,1
Atlapetes flaviceps,5.9038,1
Atlapetes forbesi,5.7834,1
Atlapetes fulviceps,6.6868,1
Atlapetes fuscoolivaceus,5.3112,1
Atlapetes leucopis,6.2713,1
Atlapetes melanocephalus,6.4075,1
Atlapetes melanolaemus,6.5811,1
Atlapetes melanopsis,6.1925,1
Atlapetes nationi,5.3069,1
Atlapetes pallidiceps,5.2334,1
Atlapetes pallidinucha,6.1741,1
Atlapetes personatus,6.1846,1
Atlapetes pileatus,6.0941,1
Atlapetes rufigenis,5.7430,1
Atlapetes rufinucha,6.7569,1
Atlapetes seebohmi,5.5913,1
Atlapetes semirufus,6.2500,1
Atrichornis clamosus,5.9636,1
Atrichornis rufescens,5.4082,1
Atronanus fuliginosus,5.5433,1
Attagis gayi,5.5646,1
Attagis malouinus,5.4274,1
Atthis ellioti,7.0229,1
Atthis heloisa,6.3982,1
Atticora fasciata,5.8000,1
Atticora pileata,5.8826,1
Atticora tibialis,5.0439,1
Attila bolivianus,5.1368,1
Attila cinnamomeus,6.6395,1
Attila citriniventris,5.7674,1
Attila phoenicurus,5.6909,1
Attila rufus,6.2253,1
Attila spadiceus,5.3530,1
Attila torridus,6.3464,1
Augastes lumachella,6.7113,1
Augastes scutatus,7.1795,1
Aulacorhynchus coeruleicinctis,6.5005,1
Aulacorhynchus derbianus,6.8119,1
Aulacorhynchus haematopygus,7.4742,1
Aulacorhynchus huallagae,5.5175,1
Aulacorhynchus whitelianus,6.6984,1
Auriparus flaviceps,6.0263,1
Automolus infuscatus,5.3992,1
Automolus lammi,4.6487,1
Automolus leucophthalmus,6.3526,1
Automolus melanopezus,4.9802,1
Automolus paraensis,5.0518,1
Automolus rufipileatus,5.0486,1
Aviceda cuculoides,6.1703,1
Aviceda jerdoni,6.2733,1
Aviceda leuphotes,6.5562,1
Aviceda madagascariensis,6.3134,1
Aviceda subcristata,6.6965,1
Avocettula recurvirostris,6.6508,1
Aythya affinis,5.7033,1
Aythya americana,5.7772,1
Aythya australis,5.2361,1
Aythya baeri,5.3225,1
Aythya collaris,5.8244,1
Aythya ferina,5.6437,2
Aythya fuligula,5.9962,1
Aythya innotata,5.5427,1
Aythya marila,5.1173,2
Aythya novaeseelandiae,5.6950,1
Aythya nyroca,5.6120,2
Aythya valisineria,5.1399,1
Baeolophus atricristatus,7.4236,1
Baeolophus bicolor,7.0781,1
Baeolophus inornatus,5.4322,1
Baeolophus ridgwayi,6.4814,1
Baeolophus wollweberi,7.5934,1
Baeopogon clamans,4.1754,1
Baeopogon indicator,4.9152,1
Balaeniceps rex,5.8188,1
Balearica pavonina,6.7564,1
Balearica regulorum,7.0339,1
Bambusicola fytchii,5.6264,2
Bambusicola sonorivox,5.8444,1
Bambusicola thoracicus,6.0410,1
Bangsia arcaei,6.8832,1
Bangsia aureocincta,6.6738,1
Bangsia edwardsi,6.3687,1
Bangsia flavovirens,5.2421,1
Bangsia melanochlamys,6.7294,1
Bangsia rothschildi,6.7150,1
Barnardius zonarius,7.2627,1
Bartramia longicauda,5.7511,1
Baryphthengus martii,7.6009,1
Baryphthengus ruficapillus,6.5743,1
Basileuterus belli,7.0459,1
Basileuterus griseiceps,5.9541,1
Basileuterus ignotus,5.3815,1
Basileuterus lachrymosus,6.3756,1
Basileuterus melanogenys,6.4729,1
Basileuterus trifasciatus,6.2248,1
Basilinna leucotis,6.7725,1
Basilinna xantusii,7.3109,1
Basilornis celebensis,5.5316,1
Basilornis corythaix,5.6617,1
Basilornis galeatus,5.2025,1
Batara cinerea,6.2558,1
Bathmocercus cerviniventris,5.0623,1
Bathmocercus rufus,6.2820,1
Batis crypta,7.1860,1
Batis diops,6.2592,1
Batis erlangeri,6.4203,2
Batis fratrum,6.3832,1
Batis ituriensis,5.8188,1
Batis margaritae,6.2089,1
Batis minima,5.5564,1
Batis minor,5.9056,1
Batis minulla,6.1230,1
Batis molitor,6.1564,1
Batis occulta,5.7941,2
Batis orientalis,6.1727,2
Batis perkeo,6.1415,1
Batis poensis,5.6576,2
Batis pririt,7.1044,2
Batis senegalensis,6.9485,2
Batis soror,5.7553,1
Batrachostomus auritus,6.2654,1
Batrachostomus cornutus,6.0766,2
Batrachostomus harterti,6.4999,1
Batrachostomus hodgsoni,6.2036,1
Batrachostomus mixtus,5.2442,2
Batrachostomus moniliger,5.9661,2
Batrachostomus poliolophus,6.6177,1
Batrachostomus septimus,5.6452,1
Batrachostomus stellatus,5.5861,1
Belocercus longicaudus,6.7572,1
Berenicornis comatus,5.6884,1
Berlepschia rikeri,5.8604,1
Bernieria madagascariensis,5.0273,1
Bias musicus,6.0984,1
Biatas nigropectus,5.7807,1
Biziura lobata,4.9636,2
Bleda canicapillus,5.3033,1
Bleda eximius,5.1645,1
Bleda syndactylus,5.4593,1
Blythipicus pyrrhotis,6.5057,2
Blythipicus rubiginosus,6.6837,1
Bocagia minuta,5.8983,1
Boissonneaua flavescens,7.1766,1
Boissonneaua jardini,7.7980,1
Boissonneaua matthewsii,7.7336,1
Bolbopsittacus lunulatus,6.9070,1
Bolborhynchus ferrugineifrons,6.8649,1
Bolborhynchus lineola,7.2619,1
Bolborhynchus orbygnesius,6.4666,1
Bolemoreus frenatus,5.2680,1
Bolemoreus hindwoodi,5.5513,1
Bombycilla cedrorum,7.2400,1
Bombycilla garrulus,7.3329,1
Bombycilla japonica,7.8339,1
Bonasa bonasia,5.8020,1
Bonasa sewerzowi,5.5866,1
Bonasa umbellus,6.0183,1
Bostrychia bocagei,5.4729,1
Bostrychia carunculata,4.8546,1
Bostrychia hagedash,5.0834,1
Bostrychia olivacea,4.6203,1
Bostrychia rara,5.1754,1
Botaurus lentiginosus,5.6641,1
Botaurus pinnatus,5.8632,1
Botaurus poiciloptilus,5.0028,1
Botaurus stellaris,5.3566,1
Brachycope anomala,5.4389,2
Brachygalba albogularis,6.5709,1
Brachygalba goeringi,6.6170,1
Brachygalba lugubris,6.3242,1
Brachygalba salmoni,6.2895,1
Brachypodius atriceps,5.8316,1
Brachypodius fuscoflavescens,5.8214,1
Brachypodius priocephalus,5.4208,1
Brachypteracias leptosomus,6.6339,1
Brachypteryx cruralis,7.2279,1
Brachypteryx goodfellowi,5.7329,1
Brachypteryx hyperythra,5.9652,1
Brachypteryx leucophris,5.0242,1
Brachyramphus brevirostris,5.5562,1
Brachyramphus marmoratus,5.6991,1
Brachyramphus perdix,4.8678,1
Bradornis boehmi,4.8045,1
Bradornis comitatus,5.6411,1
Bradornis fuliginosus,5.0567,1
Bradornis mariquensis,5.0917,1
Bradornis microrhynchus,5.3432,1
Bradornis ussheri,4.6533,1
Bradypterus bangwaensis,5.5815,1
Bradypterus barratti,4.6931,1
Bradypterus brunneus,4.9778,1
Bradypterus carpalis,4.9593,1
Bradypterus cinnamomeus,5.6409,1
Bradypterus grandis,4.7701,1
Bradypterus graueri,4.4566,1
Bradypterus lopezi,5.1338,1
Bradypterus sylvaticus,4.4902,2
Branta bernicla,5.8990,1
Branta canadensis,6.1209,1
Branta hutchinsii,5.4580,1
Branta leucopsis,5.5723,1
Branta ruficollis,6.1960,1
Branta sandvicensis,6.1106,1
Brotogeris chiriri,6.6565,1
Brotogeris chrysoptera,6.5839,1
Brotogeris cyanoptera,6.4364,1
Brotogeris jugularis,6.6122,1
Brotogeris pyrrhoptera,6.4437,1
Brotogeris sanctithomae,6.6757,1
Brotogeris tirica,6.8250,1
Brotogeris versicolurus,6.0775,1
Bubalornis albirostris,5.9000,1
Bubalornis niger,5.4746,1
Bubo ascalaphus,6.9027,1
Bubo bengalensis,7.2484,1
Bubo blakistoni,6.8176,1
Bubo bubo,7.2021,1
Bubo capensis,7.0198,1
Bubo cinerascens,7.2997,1
Bubo coromandus,6.6848,1
Bubo lacteus,6.4839,1
Bubo leucostictus,6.4226,1
Bubo nipalensis,7.4259,1
Bubo philippensis,6.6214,1
Bubo scandiacus,7.4544,2
Bubo sumatranus,7.0247,1
Bubulcus ibis,6.4047,1
Bucanetes githagineus,5.9653,1
Bucanetes mongolicus,5.0813,1
Bucco capensis,6.9049,1
Bucephala albeola,5.7579,2
Bucephala clangula,5.8798,2
Bucephala islandica,6.2109,2
Buceros bicornis,6.4430,1
Buceros rhinoceros,6.5159,2
Bucorvus abyssinicus,5.4629,1
Bucorvus leadbeateri,5.1478,1
Buettikoferella bivittata,5.1037,1
Bugeranus carunculatus,6.2008,1
Bulweria bulwerii,5.3906,1
Bulweria fallax,4.7779,1
Buphagus africanus,6.0885,1
Buphagus erythrorynchus,5.8460,1
Burhinus bistriatus,5.2884,1
Burhinus capensis,5.1794,1
Burhinus grallarius,4.9578,1
Burhinus indicus,5.1570,1
Burhinus oedicnemus,4.8761,1
Burhinus senegalensis,5.2404,1
Burhinus superciliaris,5.4267,1
Burhinus vermiculatus,4.6641,1
Busarellus nigricollis,6.7299,1
Butastur indicus,6.1963,1
Butastur liventer,5.7613,1
Butastur rufipennis,6.3635,1
Butastur teesa,5.8494,1
Buteo albigula,6.2410,1
Buteo albonotatus,6.6577,1
Buteo auguralis,6.3242,1
Buteo brachypterus,5.6142,1
Buteo brachyurus,6.3965,1
Buteo galapagoensis,6.7218,1
Buteo hemilasius,6.4296,1
Buteo jamaicensis,6.9102,1
Buteo japonicus,6.6929,1
Buteo lagopus,6.1380,1
Buteo lineatus,6.5245,1
Buteo nitidus,6.8018,1
Buteo oreophilus,5.4161,1
Buteo plagiatus,6.8727,1
Buteo platypterus,6.7400,1
Buteo refectus,6.3965,1
Buteo regalis,6.3558,1
Buteo ridgwayi,6.0660,1
Buteo rufinus,6.4284,1
Buteo rufofuscus,6.2854,1
Buteo socotraensis,4.9521,1
Buteo solitarius,5.8075,1
Buteo swainsoni,6.2563,1
Buteo trizonatus,5.9551,1
Buteo ventralis,6.9988,1
Buteogallus aequinoctialis,6.0826,1
Buteogallus anthracinus,6.2778,1
Buteogallus coronatus,6.1785,1
Buteogallus gundlachii,5.5806,1
Buteogallus lacernulatus,7.0767,1
Buteogallus meridionalis,6.5791,1
Buteogallus schistaceus,5.8508,1
Buteogallus solitarius,6.2361,1
Buteogallus urubitinga,5.9193,1
Buthraupis montana,6.6715,1
Bycanistes albotibialis,6.4378,1
Bycanistes brevis,6.0018,1
Bycanistes bucinator,6.3498,2
Bycanistes cylindricus,6.6224,1
Bycanistes subcylindricus,6.3065,1
Cacatua alba,6.8142,1
Cacatua ducorpsii,6.3364,1
Cacatua galerita,6.5214,1
Cacatua goffiniana,6.4128,1
Cacatua haematuropygia,6.4152,1
Cacatua leadbeateri,7.1285,1
Cacatua moluccensis,6.2213,1
Cacatua ophthalmica,6.6445,1
Cacatua pastinator,6.2692,1
Cacatua sanguinea,6.7514,1
Cacatua sulphurea,6.9738,1
Cacatua tenuirostris,6.1447,1
Cacicus chrysopterus,6.4527,1
Cacicus haemorrhous,5.4453,1
Cacicus koepckeae,5.1837,1
Cacicus latirostris,5.0299,1
Cacicus oseryi,5.8589,1
Cacicus sclateri,5.2097,1
Cacicus solitarius,5.6173,1
Cacomantis aeruginosus,5.5853,1
Cacomantis castaneiventris,6.4730,1
Cacomantis flabelliformis,6.0220,1
Cacomantis merulinus,5.6673,1
Cacomantis passerinus,4.7868,1
Cacomantis sonneratii,5.1767,1
Cacomantis variolosus,5.5094,1
Cairina moschata,4.6970,1
Calamanthus campestris,5.4899,1
Calamanthus cautus,5.3376,1
Calamanthus fuliginosus,5.3744,1
Calamanthus montanellus,5.1259,1
Calamanthus pyrrhopygius,5.7230,1
Calamonastes fasciolatus,4.7659,1
Calamonastes simplex,5.4676,1
Calamonastes stierlingi,5.2091,1
Calamonastes undosus,5.0144,1
Calamospiza melanocorys,4.9693,1
Calandrella acutirostris,4.4870,1
Calandrella blanfordi,5.2016,1
Calandrella brachydactyla,5.1846,1
Calandrella cinerea,4.8900,1
Calandrella dukhunensis,4.8538,1
Calandrella eremica,4.4884,1
Calcarius lapponicus,5.9169,1
Calcarius ornatus,6.7120,1
Calcarius pictus,6.0784,1
Calendulauda africanoides,5.0796,1
Calendulauda albescens,5.2937,1
Calendulauda alopex,4.9314,1
Calendulauda burra,5.0957,1
Calendulauda poecilosterna,4.9745,1
Calendulauda sabota,4.7497,1
Calherodius leuconotus,5.2829,1
Calicalicus madagascariensis,5.8998,1
Calicalicus rufocarpalis,5.4322,2
Calidris acuminata,5.8768,1
Calidris alba,6.1489,1
Calidris alpina,5.6997,1
Calidris bairdii,5.9078,1
Calidris canutus,5.0737,1
Calidris falcinellus,5.5879,1
Calidris ferruginea,6.0942,1
Calidris fuscicollis,5.5000,1
Calidris himantopus,5.5326,1
Calidris maritima,5.8630,1
Calidris mauri,6.0727,1
Calidris melanotos,5.3954,1
Calidris minuta,5.5104,1
Calidris minutilla,5.3712,1
Calidris ptilocnemis,5.5596,1
Calidris pugnax,6.2218,1
Calidris pusilla,5.8290,1
Calidris pygmaea,6.0942,1
Calidris ruficollis,5.4845,1
Calidris subminuta,4.9001,1
Calidris subruficollis,6.4024,2
Calidris temminckii,5.7012,1
Calidris tenuirostris,5.7540,1
Calidris virgata,5.1760,1
Caliechthrus leucolophus,4.3649,1
Caligavis chrysops,5.6326,1
Caligavis obscura,5.2453,1
Caligavis subfrenata,5.6216,1
Callacanthis burtoni,5.9906,2
Callaeas wilsoni,5.8241,1
Calliope calliope,6.5129,1
Calliope obscura,6.1219,1
Calliope pectardens,6.6580,2
Calliope pectoralis,5.7731,1
Calliope tschebaiewi,6.4458,1
Callipepla californica,6.4331,2
Callipepla douglasii,6.2886,1
Callipepla gambelii,6.0997,1
Callipepla squamata,6.0750,1
Calliphlox amethystina,7.3278,1
Calliphlox bryantae,6.7228,2
Calliphlox mitchellii,7.1245,2
Callocephalon fimbriatum,6.2443,1
Callonetta leucophrys,6.5875,1
Calochaetes coccineus,6.4286,1
Caloenas nicobarica,6.7522,1
Calonectris edwardsii,4.7200,1
Calonectris leucomelas,5.2636,1
Caloperdix oculeus,6.4724,2
Caloramphus fuliginosus,5.2764,1
Caloramphus hayii,5.8198,1
Calothorax lucifer,7.0785,1
Calothorax pulcher,6.7480,1
Calypte anna,7.0883,1
Calypte costae,8.0887,1
Calyptocichla serinus,5.4411,1
Calyptomena hosii,6.9564,1
Calyptomena viridis,7.1760,1
Calyptomena whiteheadi,7.3873,1
Calyptophilus frugivorus,5.3271,1
Calyptophilus tertius,5.5068,1
Calyptorhynchus banksii,6.2750,2
Calyptorhynchus lathami,5.9600,2
Camaroptera brachyura,5.3844,1
Camaroptera harterti,5.5329,1
Camaroptera superciliaris,6.1006,1
Campephaga flava,5.5582,2
Campephaga petiti,5.6275,1
Campephaga phoenicea,5.7726,1
Campephaga quiscalina,5.5262,1
Campephilus gayaquilensis,6.5553,1
Campephilus guatemalensis,6.6606,1
Campephilus leucopogon,6.9806,1
Campephilus magellanicus,6.2460,2
Campephilus melanoleucos,6.2138,2
Campephilus pollens,6.5592,1
Campephilus principalis,6.4024,2
Campephilus robustus,6.1589,2
Campephilus rubricollis,6.7557,2
Campethera abingoni,6.0120,1
Campethera bennettii,6.0413,1
Campethera caroli,5.8464,1
Campethera mombassica,5.6303,1
Campethera nivosa,6.3103,2
Campethera notata,6.1415,2
Campethera nubica,6.1965,1
Campethera punctuligera,6.4253,1
Campethera scriptoricauda,7.6784,2
Campicoloides bifasciatus,5.9501,2
Campochaera sloetii,6.7146,2
Camptostoma imberbe,5.1649,1
Camptostoma obsoletum,5.2657,1
Campylopterus cuvierii,6.2378,1
Campylopterus duidae,7.0483,1
Campylopterus ensipennis,7.6901,1
Campylopterus falcatus,6.9601,2
Campylopterus hemileucurus,7.9988,1
Campylopterus hyperythrus,6.9375,1
Campylopterus phainopeplus,6.6714,1
Campylopterus rufus,7.3087,1
Campylopterus villaviscensio,7.6144,1
Campylorhamphus falcularius,5.5470,1
Campylorhamphus pusillus,5.4836,1
Campylorhamphus trochilirostris,5.7823,1
Campylorhynchus albobrunneus,5.7676,1
Campylorhynchus brunneicapillus,5.4353,1
Campylorhynchus chiapensis,6.2901,1
Campylorhynchus fasciatus,5.1866,1
Campylorhynchus griseus,5.4516,1
Campylorhynchus gularis,5.3141,1
Campylorhynchus jocosus,5.5844,1
Campylorhynchus megalopterus,5.7698,1
Campylorhynchus nuchalis,5.4542,1
Campylorhynchus turdinus,5.4781,1
Campylorhynchus yucatanicus,5.4137,1
Campylorhynchus zonatus,5.5518,1
Canirallus oculeus,4.2970,1
Cantorchilus griseus,5.2350,1
Cantorchilus guarayanus,5.4418,1
Cantorchilus leucopogon,5.5303,1
Cantorchilus leucotis,5.4417,1
Cantorchilus longirostris,5.3079,1
Cantorchilus nigricapillus,6.0726,1
Cantorchilus semibadius,5.7696,1
Cantorchilus superciliaris,5.2548,1
Cantorchilus thoracicus,5.3960,1
Cantorchilus zeledoni,5.6606,2
Capito auratus,6.5983,1
Capito aurovirens,6.5606,2
Capito brunneipectus,6.4631,1
Capito dayi,6.3773,1
Capito hypoleucus,6.8513,1
Capito maculicoronatus,6.7572,1
Capito niger,6.6820,1
Capito quinticolor,5.8728,1
Capito squamatus,6.4560,1
Caprimulgus aegyptius,5.9499,1
Caprimulgus affinis,5.7160,1
Caprimulgus andamanicus,5.8434,1
Caprimulgus asiaticus,5.5598,1
Caprimulgus atripennis,5.8667,1
Caprimulgus celebensis,5.6320,1
Caprimulgus clarus,5.9115,1
Caprimulgus climacurus,5.6627,1
Caprimulgus concretus,4.4415,1
Caprimulgus donaldsoni,5.7380,1
Caprimulgus eximius,5.4614,1
Caprimulgus fossii,5.4177,1
Caprimulgus fraenatus,5.5321,1
Caprimulgus indicus,5.7918,1
Caprimulgus inornatus,5.8344,1
Caprimulgus jotaka,5.9363,1
Caprimulgus longipennis,5.7478,1
Caprimulgus macrurus,5.7716,1
Caprimulgus madagascariensis,5.9748,1
Caprimulgus mahrattensis,5.4417,1
Caprimulgus manillensis,5.7618,1
Caprimulgus meesi,5.0103,1
Caprimulgus natalensis,6.1858,1
Caprimulgus nubicus,5.7223,1
Caprimulgus phalaena,5.1207,1
Caprimulgus pulchellus,5.2226,1
Caprimulgus ruficollis,6.1449,1
Caprimulgus rufigena,5.1253,1
Caprimulgus stellatus,5.7694,1
Caprimulgus tristigma,5.5143,1
Caprimulgus vexillarius,5.8572,1
Capsiempis flaveola,5.7468,1
Cardellina canadensis,7.1661,1
Cardellina pusilla,7.2249,1
Cardellina rubra,7.3718,1
Cardellina rubrifrons,6.7735,1
Cardellina versicolor,7.0317,1
Cardinalis cardinalis,7.0457,1
Cardinalis phoeniceus,7.0251,1
Cardinalis sinuatus,6.9138,1
Carduelis citrinella,5.7529,1
Carduelis corsicana,5.2877,1
Cariama cristata,5.1508,1
Caridonax fulgidus,6.8011,1
Carpococcyx radiceus,5.5793,1
Carpococcyx renauldi,5.8918,1
Carpococcyx viridis,4.9600,1
Carpodacus dubius,6.2734,2
Carpodacus edwardsii,5.7199,2
Carpodacus erythrinus,6.3243,1
Carpodacus formosanus,5.8859,2
Carpodacus puniceus,5.6859,2
Carpodacus roborowskii,6.3850,1
Carpodacus rodochroa,6.2758,1
Carpodacus rodopeplus,5.8661,2
Carpodacus roseus,6.8803,1
Carpodacus rubicilla,6.0489,2
Carpodacus rubicilloides,6.0572,1
Carpodacus sibiricus,6.3336,1
Carpodacus sillemi,4.9384,1
Carpodacus sipahi,6.3950,2
Carpodacus stoliczkae,5.7740,1
Carpodacus subhimachalus,6.4023,1
Carpodacus synoicus,6.4484,1
Carpodacus thura,6.3549,2
Carpodacus trifasciatus,5.7297,2
Carpodacus verreauxii,5.1054,2
Carpodacus vinaceus,5.9579,2
Carpodacus waltoni,6.6391,1
Carpodectes antoniae,6.4409,1
Carpodectes hopkei,6.2468,1
Carpodectes nitidus,6.4205,2
Carpornis cucullata,6.4125,1
Carpornis melanocephala,5.6171,1
Carpospiza brachydactyla,4.9875,1
Carterornis castus,5.6427,1
Carterornis chrysomela,6.6579,1
Carterornis leucotis,6.3023,1
Carterornis pileatus,6.1605,1
Caryothraustes canadensis,6.3958,1
Caryothraustes celaeno,6.2752,1
Caryothraustes erythromelas,6.3024,2
Caryothraustes poliogaster,6.2606,1
Casiornis fuscus,5.6201,1
Casiornis rufus,6.3947,1
Cassiculus melanicterus,6.9943,1
Castanozoster thoracicus,6.3699,1
Casuarius bennetti,5.2618,1
Casuarius casuarius,5.5740,1
Casuarius unappendiculatus,5.6034,1
Catamblyrhynchus diadema,6.2472,1
Catamenia analis,5.8615,1
Catamenia homochroa,5.7918,1
Catamenia inornata,5.7149,2
Cataponera turdoides,5.2869,1
Catharacta antarctica,5.4116,1
Catharacta chilensis,4.8571,1
Catharacta maccormicki,4.9706,1
Catharacta skua,5.2335,1
Catharopeza bishopi,5.4328,1
Cathartes aura,4.9140,1
Cathartes burrovianus,5.4766,1
Cathartes melambrotus,5.5553,1
Catharus aurantiirostris,5.8637,1
Catharus bicknelli,4.9690,1
Catharus frantzii,5.7318,1
Catharus fuscater,5.5285,1
Catharus fuscescens,5.3266,1
Catharus gracilirostris,6.0137,1
Catharus guttatus,5.2423,1
Catharus mexicanus,6.0728,1
Catharus minimus,5.0383,1
Catharus occidentalis,4.9237,1
Catherpes mexicanus,6.2000,1
Catreus wallichii,5.8371,1
Ceblepyris caesius,5.9725,1
Ceblepyris cinereus,5.6371,1
Ceblepyris cucullatus,5.3488,1
Ceblepyris pectoralis,5.3776,1
Cecropis abyssinica,5.6615,1
Cecropis cucullata,6.3013,1
Cecropis hyperythra,6.1528,1
Cecropis semirufa,6.1274,1
Cecropis senegalensis,6.5719,1
Celebesica abbotti,5.9210,1
Celeus castaneus,6.1033,1
Celeus elegans,6.5333,1
Celeus flavescens,6.8837,2
Celeus flavus,6.9508,1
Celeus galeatus,6.7130,2
Celeus loricatus,6.0283,1
Celeus lugubris,6.3135,1
Celeus obrieni,7.0394,1
Celeus ochraceus,6.5899,2
Celeus spectabilis,6.5476,2
Centrocercus minimus,4.6542,1
Centrocercus urophasianus,5.7697,1
Centropus andamanensis,5.2307,1
Centropus anselli,5.8931,1
Centropus ateralbus,5.4048,1
Centropus bengalensis,6.0246,1
Centropus bernsteini,5.4080,1
Centropus celebensis,4.9555,1
Centropus chalybeus,5.3676,1
Centropus chlororhynchos,5.2609,1
Centropus cupreicaudus,5.8809,1
Centropus goliath,5.4266,1
Centropus grillii,5.6696,1
Centropus leucogaster,5.3332,1
Centropus melanops,5.8433,1
Centropus menbeki,5.0766,1
Centropus milo,5.6666,1
Centropus monachus,6.1285,1
Centropus nigrorufus,5.2012,1
Centropus rectunguis,5.7511,1
Centropus senegalensis,5.9194,1
Centropus sinensis,5.8578,1
Centropus steerii,4.8957,1
Centropus superciliosus,6.3511,1
Centropus toulou,5.4574,1
Centropus unirufus,5.2403,1
Centropus violaceus,5.3575,1
Centropus viridis,5.4822,1
Cephalopterus glabricollis,6.7046,1
Cephalopterus ornatus,5.9597,1
Cephalopterus penduliger,6.2483,2
Cephalopyrus flammiceps,6.2540,1
Cepphus carbo,6.7075,1
Cepphus columba,5.9852,1
Cepphus grylle,5.9893,1
Ceratogymna atrata,5.9684,1
Ceratogymna elata,5.8521,1
Ceratopipra chloromeros,6.6724,1
Ceratopipra cornuta,6.7083,1
Ceratopipra erythrocephala,7.2003,1
Ceratopipra mentalis,6.7435,1
Ceratopipra rubrocapilla,6.5407,1
Cercibis oxycerca,5.0957,1
Cercococcyx montanus,5.2078,1
Cercococcyx olivinus,5.4888,1
Cercomacra brasiliana,5.9303,1
Cercomacra carbonaria,5.7678,1
Cercomacra cinerascens,5.2092,1
Cercomacra ferdinandi,5.6669,1
Cercomacra manu,5.1070,2
Cercomacra melanaria,5.7956,2
Cercomacra nigricans,5.5171,2
Cercomacroides fuscicauda,5.3920,1
Cercomacroides laeta,5.8029,1
Cercomacroides nigrescens,5.4269,2
Cercomacroides parkeri,5.4755,2
Cercomacroides serva,4.8707,1
Cercomacroides tyrannina,5.5159,2
Cercotrichas galactotes,5.7847,1
Cercotrichas hartlaubi,5.6130,1
Cercotrichas leucophrys,5.8844,1
Cercotrichas paena,6.0299,1
Cercotrichas podobe,6.3240,1
Cereopsis novaehollandiae,5.5537,1
Cerorhinca monocerata,4.7001,1
Certhia americana,5.5767,1
Certhia brachydactyla,6.3091,1
Certhia discolor,5.5811,1
Certhia familiaris,5.8252,1
Certhia himalayana,5.6139,1
Certhia hodgsoni,5.9920,1
Certhia manipurensis,5.1316,1
Certhia nipalensis,6.0722,1
Certhia tianquanensis,5.6508,1
Certhiasomus stictolaemus,5.1525,1
Certhiaxis cinnamomeus,5.2742,1
Certhiaxis mustelinus,6.5055,1
Certhidea fusca,5.8341,1
Certhidea olivacea,5.2289,1
Certhilauda chuana,5.1431,1
Certhilauda semitorquata,4.9270,1
Certhionyx variegatus,5.4762,1
Ceryle rudis,6.9290,1
Cettia brunnifrons,5.8379,1
Cettia castaneocoronata,6.8779,1
Cettia cetti,5.4893,1
Cettia major,5.8133,1
Ceuthmochares aereus,5.9162,1
Ceuthmochares australis,5.8908,1
Ceyx argentatus,6.6323,1
Ceyx azureus,7.7918,1
Ceyx cajeli,7.0001,1
Ceyx collectoris,7.2600,1
Ceyx flumenicola,7.0970,1
Ceyx gentianus,7.2058,1
Ceyx margarethae,7.5225,1
Ceyx pusillus,7.6993,1
Ceyx sacerdotis,6.6546,1
Ceyx solitarius,7.7076,1
Ceyx wallacii,7.5322,1
Ceyx websteri,6.0333,1
Chaetocercus astreans,6.8850,1
Chaetocercus berlepschi,6.9287,1
Chaetocercus bombus,7.1633,1
Chaetocercus heliodor,7.5657,1
Chaetocercus jourdanii,6.9149,2
Chaetocercus mulsant,6.7744,2
Chaetops aurantius,6.4856,1
Chaetops frenatus,6.0021,1
Chaetorhynchus papuensis,6.3200,1
Chaetornis striata,5.0240,1
Chaetura brachyura,5.0305,1
Chaetura chapmani,4.5525,1
Chaetura cinereiventris,5.0930,1
Chaetura egregia,5.0831,1
Chaetura fumosa,4.9762,1
Chaetura martinica,4.9282,1
Chaetura meridionalis,5.3908,1
Chaetura pelagica,5.7089,1
Chaetura spinicaudus,5.4714,1
Chaetura vauxi,5.4544,1
Chalcites basalis,4.9974,1
Chalcites lucidus,5.4824,1
Chalcites megarhynchus,5.0089,1
Chalcites meyerii,5.7711,2
Chalcites osculans,5.2399,1
Chalcites ruficollis,6.5283,1
Chalcomitra adelberti,5.0548,1
Chalcomitra amethystina,5.7861,2
Chalcomitra balfouri,5.3510,1
Chalcomitra fuliginosa,5.7471,1
Chalcomitra hunteri,5.6939,1
Chalcomitra rubescens,6.1443,1
Chalcomitra senegalensis,6.2020,2
Chalcoparia singalensis,6.2910,2
Chalcophaps indica,6.2217,1
Chalcophaps longirostris,5.8618,1
Chalcophaps stephani,5.5787,1
Chalcopsitta atra,5.7250,1
Chalcopsitta cardinalis,6.9814,1
Chalcopsitta duivenbodei,5.3761,1
Chalcopsitta scintillata,6.0708,1
Chalcostigma herrani,6.7181,2
Chalcostigma heteropogon,6.8025,1
Chalcostigma olivaceum,5.6607,1
Chalcostigma ruficeps,6.5986,1
Chalcostigma stanleyi,6.2268,1
Chamaea fasciata,5.7734,1
Chamaepetes goudotii,5.7821,1
Chamaepetes unicolor,5.7590,1
Chamaetylas choloensis,5.9121,1
Chamaetylas fuelleborni,5.9650,1
Chamaetylas poliocephala,5.4386,1
Chamaetylas poliophrys,5.4613,1
Chamaeza campanisona,5.6402,1
Chamaeza meruloides,5.3367,1
Chamaeza mollissima,4.8592,1
Chamaeza nobilis,5.0707,1
Chamaeza ruficauda,5.1193,1
Chamaeza turdina,5.2262,1
Charadrius alexandrinus,6.0638,1
Charadrius alticola,5.5312,1
Charadrius asiaticus,5.8613,1
Charadrius bicinctus,5.2546,1
Charadrius collaris,6.6832,1
Charadrius dubius,6.2670,1
Charadrius falklandicus,6.0285,1
Charadrius forbesi,5.8493,1
Charadrius hiaticula,5.4620,1
Charadrius javanicus,5.9302,1
Charadrius leschenaultii,6.2470,1
Charadrius marginatus,5.4070,1
Charadrius melodus,6.6023,1
Charadrius modestus,6.8340,1
Charadrius mongolus,5.7746,1
Charadrius montanus,5.7244,1
Charadrius nivosus,6.7942,1
Charadrius pallidus,6.1793,1
Charadrius pecuarius,5.5902,1
Charadrius peronii,5.8641,1
Charadrius placidus,5.6044,1
Charadrius ruficapillus,6.2786,2
Charadrius sanctaehelenae,5.8394,1
Charadrius semipalmatus,6.0771,1
Charadrius thoracicus,6.0674,1
Charadrius veredus,6.2383,1
Charadrius vociferus,5.9791,1
Charadrius wilsonia,5.8403,1
Charitospiza eucosma,6.2735,2
Charmosyna josefinae,6.4551,1
Charmosyna margarethae,6.8131,1
Charmosyna meeki,6.8226,1
Charmosyna palmarum,5.8400,1
Charmosyna placentis,6.8723,1
Charmosyna pulchella,6.5694,1
Charmosyna rubrigularis,6.6297,1
Charmosyna rubronotata,6.2614,1
Charmosyna toxopei,5.8755,1
Charmosyna wilhelminae,5.4444,1
Chasiempis ibidis,5.8265,1
Chasiempis sandwichensis,6.0639,1
Chasiempis sclateri,6.5058,1
Chatarrhaea gularis,5.6188,1
Chatarrhaea longirostris,5.3831,1
Chauna chavaria,5.2364,1
Chauna torquata,5.1172,1
Chelictinia riocourii,6.6687,1
Chelidoptera tenebrosa,5.7802,1
Chelidorhynx hypoxanthus,6.7606,2
Chenonetta jubata,5.6219,2
Cheramoeca leucosterna,5.9377,1
Chersophilus duponti,4.9241,1
Chionis albus,5.4673,1
Chionis minor,5.6120,1
Chionodacryon speculiferum,5.7478,1
Chiroxiphia boliviana,6.1021,2
Chiroxiphia caudata,6.7918,2
Chiroxiphia lanceolata,7.1449,1
Chiroxiphia linearis,7.1432,1
Chiroxiphia pareola,7.1109,1
Chlamydera cerviniventris,5.5551,1
Chlamydera guttata,6.0940,1
Chlamydera lauterbachi,5.2473,1
Chlamydera maculata,5.2067,1
Chlamydera nuchalis,5.5563,1
Chlamydochaera jefferyi,5.4604,1
Chlamydotis macqueenii,5.0973,1
Chlamydotis undulata,5.7212,1
Chleuasicus atrosuperciliaris,5.7989,1
Chlidonias albostriatus,5.8684,1
Chlidonias hybrida,5.9922,1
Chlidonias leucopterus,5.8260,1
Chlidonias niger,5.5790,1
Chloebia gouldiae,6.7935,1
Chloephaga hybrida,6.2016,1
Chloephaga melanoptera,5.6995,1
Chloephaga picta,5.3963,2
Chloephaga poliocephala,5.6207,2
Chloephaga rubidiceps,5.4547,1
Chloris ambigua,5.3785,1
Chloris chloris,5.5715,2
Chloris monguilloti,6.3381,1
Chloris sinica,5.6808,1
Chloris spinoides,6.6159,1
Chloroceryle aenea,7.3277,1
Chloroceryle amazona,6.7030,1
Chloroceryle americana,7.4680,1
Chloroceryle inda,7.0432,1
Chlorochrysa nitidissima,7.0520,1
Chlorochrysa phoenicotis,6.8448,1
Chlorocichla falkensteini,5.4534,1
Chlorocichla flaviventris,5.6009,1
Chlorocichla laetissima,5.1204,1
Chlorocichla simplex,5.0075,1
Chlorodrepanis flava,6.0430,2
Chlorodrepanis stejnegeri,6.0344,1
Chlorodrepanis virens,6.2491,1
Chlorophanes spiza,6.6369,2
Chlorophoneus bocagei,6.1852,1
Chlorophoneus kupeensis,5.3209,1
Chlorophoneus multicolor,6.3145,1
Chlorophoneus nigrifrons,6.2732,1
Chlorophoneus olivaceus,6.1244,1
Chlorophoneus sulfureopectus,6.4439,1
Chlorophonia callophrys,6.7601,2
Chlorophonia cyanea,7.6276,1
Chlorophonia flavirostris,6.3721,2
Chlorophonia occipitalis,7.0223,2
Chlorophonia pyrrhophrys,6.5174,2
Chloropipo flavicapilla,7.0134,1
Chloropipo unicolor,4.9550,1
Chloropsis aurifrons,6.8407,1
Chloropsis cyanopogon,6.7995,2
Chloropsis flavipennis,5.6330,1
Chloropsis jerdoni,6.7155,1
Chloropsis kinabaluensis,6.8826,2
Chloropsis media,7.0017,1
Chloropsis palawanensis,6.2665,1
Chloropsis sonnerati,6.7339,1
Chloropsis venusta,6.7449,1
Chlorornis riefferii,6.6965,1
Chlorospingus canigularis,5.7817,1
Chlorospingus flavopectus,5.9974,1
Chlorospingus inornatus,5.9931,1
Chlorospingus parvirostris,5.5567,1
Chlorospingus pileatus,5.9759,1
Chlorospingus semifuscus,5.7611,1
Chlorospingus tacarcunae,5.3277,1
Chlorostilbon assimilis,7.0453,2
Chlorostilbon auriceps,6.6134,1
Chlorostilbon canivetii,6.9069,1
Chlorostilbon forficatus,7.1829,1
Chlorostilbon gibsoni,7.1065,2
Chlorostilbon lucidus,7.2186,2
Chlorostilbon maugaeus,6.9354,2
Chlorostilbon notatus,7.5178,2
Chlorostilbon ricordii,7.2946,1
Chlorostilbon russatus,6.3285,1
Chlorostilbon stenurus,7.2832,1
Chlorostilbon swainsonii,7.5050,1
Cholornis paradoxus,5.7091,1
Cholornis unicolor,5.5576,1
Chondestes grammacus,5.9953,1
Chordeiles acutipennis,5.6283,1
Chordeiles gundlachii,5.8632,2
Chordeiles minor,6.6452,1
Chordeiles nacunda,6.2158,1
Chordeiles pusillus,5.6187,1
Chordeiles rupestris,5.0722,1
Chrysococcyx caprius,6.1021,1
Chrysococcyx cupreus,6.8253,1
Chrysococcyx flavigularis,6.2171,1
Chrysococcyx klaas,5.9056,1
Chrysococcyx maculatus,6.1109,1
Chrysococcyx xanthorhynchus,5.9449,2
Chrysocolaptes erythrocephalus,6.0445,1
Chrysocolaptes festivus,6.1051,2
Chrysocolaptes guttacristatus,6.1823,1
Chrysocolaptes haematribon,5.4289,1
Chrysocolaptes lucidus,5.9826,2
Chrysocolaptes stricklandi,5.8704,1
Chrysocolaptes strictus,5.2198,1
Chrysocolaptes validus,5.8188,1
Chrysocolaptes xanthocephalus,6.3725,1
Chrysocorypha delatrii,6.5173,1
Chrysoena luteovirens,6.4086,1
Chrysoena victor,6.1974,1
Chrysoena viridis,6.6409,1
Chrysolampis mosquitus,7.6816,1
Chrysolophus amherstiae,6.6437,1
Chrysolophus pictus,6.6643,1
Chrysominla strigula,6.6416,1
Chrysomma altirostre,5.6029,1
Chrysomma sinense,6.1568,1
Chrysomus icterocephalus,6.6606,1
Chrysomus ruficapillus,5.6817,1
Chrysophlegma flavinucha,6.6570,2
Chrysophlegma miniaceum,5.9345,1
Chrysothlypis chrysomelas,6.9908,1
Chrysothlypis salmoni,6.2486,1
Chunga burmeisteri,5.4642,1
Ciccaba albitarsis,6.7546,1
Ciccaba huhula,7.4630,1
Ciccaba nigrolineata,7.0030,1
Ciccaba virgata,6.6759,1
Cichladusa arquata,5.5902,1
Cichladusa guttata,5.7880,1
Cichladusa ruficauda,6.3830,1
Cicinnurus magnificus,6.4741,1
Cicinnurus regius,6.8175,1
Cicinnurus respublica,6.6641,1
Ciconia abdimii,5.1328,1
Ciconia boyciana,5.4690,1
Ciconia ciconia,6.5641,1
Ciconia maguari,6.1399,1
Ciconia nigra,6.3442,1
Ciconia stormi,5.6410,1
Cinclidium frontale,6.4456,1
Cinclocerthia gutturalis,5.1362,1
Cinclocerthia ruficauda,5.1468,1
Cinclodes albidiventris,4.8940,1
Cinclodes albiventris,5.6260,1
Cinclodes aricomae,5.0245,1
Cinclodes atacamensis,4.8631,1
Cinclodes comechingonus,4.8706,1
Cinclodes excelsior,5.2328,1
Cinclodes fuscus,5.2284,1
Cinclodes nigrofumosus,5.1903,1
Cinclodes olrogi,5.4753,1
Cinclodes oustaleti,5.0012,1
Cinclodes pabsti,5.3624,1
Cinclodes palliatus,5.3743,1
Cinclodes patagonicus,5.3925,1
Cinclodes taczanowskii,5.1588,1
Cincloramphus cruralis,5.1242,1
Cincloramphus macrurus,5.4518,2
Cincloramphus mathewsi,5.8168,1
Cincloramphus timoriensis,5.4024,1
Cinclosoma ajax,4.4747,1
Cinclosoma alisteri,5.2384,1
Cinclosoma castaneothorax,5.0297,1
Cinclosoma cinnamomeum,5.3056,1
Cinclosoma marginatum,5.6347,1
Cinclosoma punctatum,6.0515,2
Cinclus cinclus,6.4293,1
Cinclus leucocephalus,6.4417,1
Cinclus mexicanus,6.0095,1
Cinclus pallasii,5.7217,1
Cinclus schulzii,6.0239,1
Cinnycerthia fulva,5.8739,1
Cinnycerthia olivascens,5.4821,1
Cinnycerthia peruana,5.6687,1
Cinnycerthia unirufa,5.7270,1
Cinnyricinclus leucogaster,6.0101,2
Cinnyris afer,6.8131,2
Cinnyris asiaticus,6.5456,1
Cinnyris batesi,4.3560,1
Cinnyris bifasciatus,6.3981,1
Cinnyris bouvieri,6.4657,1
Cinnyris buettikoferi,5.9664,2
Cinnyris chalcomelas,6.4931,1
Cinnyris chalybeus,6.5751,2
Cinnyris chloropygius,7.4827,1
Cinnyris coccinigastrus,6.6363,1
Cinnyris comorensis,5.6179,2
Cinnyris congensis,6.2086,1
Cinnyris coquerellii,6.8057,1
Cinnyris cupreus,6.6542,1
Cinnyris dussumieri,5.4727,1
Cinnyris erythrocercus,6.9620,1
Cinnyris fuelleborni,7.3118,1
Cinnyris fuscus,5.8637,1
Cinnyris gertrudis,5.9653,1
Cinnyris humbloti,6.2052,1
Cinnyris johannae,6.3190,1
Cinnyris lotenius,6.6917,1
Cinnyris loveridgei,7.2523,1
Cinnyris ludovicensis,7.1933,1
Cinnyris manoensis,6.5698,1
Cinnyris mariquensis,6.7266,1
Cinnyris mediocris,7.4712,1
Cinnyris minullus,7.1256,1
Cinnyris moreaui,6.6219,1
Cinnyris nectarinioides,7.2637,1
Cinnyris neergaardi,6.9134,1
Cinnyris osea,6.2198,2
Cinnyris oustaleti,7.1600,1
Cinnyris pembae,6.8449,1
Cinnyris regius,7.7037,1
Cinnyris reichenowi,7.1443,1
Cinnyris rufipennis,6.0020,1
Cinnyris shelleyi,6.1440,2
Cinnyris solaris,6.5466,1
Cinnyris sovimanga,6.4443,2
Cinnyris stuhlmanni,6.8208,1
Cinnyris superbus,6.6390,1
Cinnyris talatala,7.0724,1
Cinnyris tsavoensis,5.6621,1
Cinnyris ursulae,6.1517,1
Cinnyris usambaricus,6.4911,2
Cinnyris venustus,6.6370,1
Circaetus beaudouini,6.1736,2
Circaetus cinerascens,6.4620,1
Circaetus cinereus,6.1575,1
Circaetus fasciolatus,6.4257,1
Circaetus gallicus,6.6179,1
Circaetus pectoralis,5.8698,1
Circus aeruginosus,6.0259,2
Circus approximans,6.3866,1
Circus assimilis,6.1105,1
Circus buffoni,6.9809,1
Circus cinereus,6.3762,2
Circus cyaneus,6.0835,2
Circus hudsonius,6.2373,2
Circus macrosceles,6.4316,2
Circus macrourus,6.2230,2
Circus maillardi,6.0728,1
Circus maurus,6.6128,2
Circus melanoleucos,6.4987,1
Circus pygargus,6.8688,1
Circus ranivorus,5.8021,1
Circus spilonotus,6.3191,1
Circus spilothorax,5.6127,1
Cissa chinensis,6.5510,1
Cissa hypoleuca,6.7997,1
Cissa jefferyi,6.5489,1
Cissomela pectoralis,6.2800,1
Cissopis leverianus,6.1970,1
Cisticola aberdare,5.3172,1
Cisticola angusticauda,5.7297,1
Cisticola anonymus,4.7616,1
Cisticola aridulus,5.9291,1
Cisticola ayresii,4.7872,1
Cisticola bodessa,4.7913,1
Cisticola brachypterus,5.2533,1
Cisticola brunnescens,5.2463,1
Cisticola bulliens,4.7809,1
Cisticola cantans,5.3593,1
Cisticola carruthersi,5.5491,1
Cisticola cherina,5.1745,1
Cisticola chiniana,4.7988,1
Cisticola chubbi,5.2338,1
Cisticola cinereolus,4.6250,1
Cisticola cinnamomeus,5.5544,1
Cisticola dambo,4.6741,1
Cisticola erythrops,5.2851,1
Cisticola exilis,5.9010,1
Cisticola eximius,4.9700,1
Cisticola fulvicapilla,5.2382,1
Cisticola galactotes,5.0782,1
Cisticola guinea,5.0731,1
Cisticola haematocephalus,5.3623,1
Cisticola hunteri,5.6393,1
Cisticola juncidis,5.4693,1
Cisticola lais,5.3656,1
Cisticola lateralis,4.5814,1
Cisticola luapula,4.9180,1
Cisticola lugubris,5.5302,1
Cisticola marginatus,5.1722,1
Cisticola nana,5.7587,1
Cisticola natalensis,4.5563,1
Cisticola nigriloris,4.7866,1
Cisticola njombe,5.3728,1
Cisticola pipiens,5.2424,1
Cisticola robustus,5.3665,1
Cisticola ruficeps,4.9467,1
Cisticola rufilatus,5.1978,1
Cisticola rufus,5.2019,1
Cisticola subruficapilla,5.0407,1
Cisticola textrix,5.5766,1
Cisticola tinniens,5.3459,1
Cisticola troglodytes,5.2787,1
Cisticola woosnami,5.5585,1
Cistothorus apolinari,5.1588,1
Cistothorus meridae,5.3408,1
Cistothorus palustris,5.8537,1
Cistothorus platensis,5.3790,1
Cladorhynchus leucocephalus,6.8670,1
Clamator coromandus,6.9109,1
Clamator glandarius,5.8475,1
Clamator jacobinus,5.7628,1
Clamator levaillantii,6.2516,1
Clanga clanga,6.9560,1
Clanga hastata,6.4136,1
Clanga pomarina,6.1735,1
Clangula hyemalis,5.5038,2
Claravis pretiosa,5.3261,1
Cleptornis marchei,6.4072,1
Clibanornis dendrocolaptoides,5.3905,1
Clibanornis erythrocephalus,5.6522,1
Clibanornis rectirostris,5.3697,1
Clibanornis rubiginosus,5.4734,1
Clibanornis rufipectus,5.2246,1
Climacteris affinis,5.3316,2
Climacteris erythrops,5.6167,1
Climacteris melanurus,5.1830,1
Climacteris picumnus,5.0155,1
Climacteris rufus,5.4443,1
Clytoceyx rex,5.0969,1
Clytoctantes alixii,5.8556,1
Clytoctantes atrogularis,5.6419,1
Clytolaema rubricauda,7.5378,1
Clytomyias insignis,6.5475,1
Clytorhynchus hamlini,5.3478,1
Clytorhynchus nigrogularis,6.1742,1
Clytorhynchus pachycephaloides,5.6724,1
Clytorhynchus vitiensis,5.3188,1
Clytospiza monteiri,5.5289,1
Cnemarchus erythropygius,5.7577,1
Cnemathraupis aureodorsalis,6.4987,1
Cnemathraupis eximia,6.4515,1
Cnemophilus loriae,5.7500,2
Cnemotriccus fuscatus,4.9521,1
Cnipodectes subbrunneus,5.3186,1
Cnipodectes superrufus,5.7938,1
Coccopygia bocagei,5.6871,1
Coccopygia melanotis,6.9646,1
Coccopygia quartinia,6.5809,1
Coccothraustes coccothraustes,6.1223,2
Coccycua cinerea,5.4228,1
Coccycua minuta,6.0041,1
Coccycua pumila,5.7057,1
Coccyzus americanus,5.9402,1
Coccyzus erythropthalmus,5.5525,1
Coccyzus euleri,5.6381,1
Coccyzus ferrugineus,5.7900,1
Coccyzus lansbergi,6.3088,1
Coccyzus longirostris,6.2084,1
Coccyzus melacoryphus,5.6801,1
Coccyzus minor,6.2926,1
Coccyzus pluvialis,7.0420,1
Coccyzus rufigularis,5.9139,1
Coccyzus vetula,6.2463,1
Coccyzus vieilloti,5.7502,1
Cochlearius cochlearius,6.3167,1
Cochoa azurea,5.8688,1
Cochoa beccarii,5.7755,1
Cochoa purpurea,5.2031,1
Cochoa viridis,6.1960,2
Coeligena coeligena,6.6353,1
Coeligena helianthea,7.2450,2
Coeligena iris,7.1145,1
Coeligena lutetiae,7.5308,1
Coeligena orina,7.6411,1
Coeligena phalerata,7.8248,1
Coeligena prunellei,6.7116,1
Coeligena wilsoni,6.6049,1
Coenocorypha aucklandica,4.9238,1
Coenocorypha huegeli,5.2759,1
Coenocorypha pusilla,4.7574,1
Coereba flaveola,6.0335,1
Colaptes atricollis,6.3635,2
Colaptes auricularis,6.2152,2
Colaptes chrysoides,6.3962,1
Colaptes fernandinae,6.2024,1
Colaptes pitius,5.5872,1
Colaptes punctigula,6.7180,1
Colibri coruscans,7.6793,1
Colibri delphinae,6.4205,1
Colibri serrirostris,7.5991,1
Colinus nigrogularis,5.5528,1
Colinus virginianus,6.0610,1
Colius castanotus,5.8310,1
Colius colius,6.6672,1
Colius leucocephalus,6.2798,1
Colius striatus,6.0766,1
Collocalia troglodytes,4.9785,1
Colluricincla boweri,5.0849,1
Colluricincla harmonica,5.0653,1
Colluricincla woodwardi,5.0425,1
Colonia colonus,6.2425,1
Colorhamphus parvirostris,5.6089,1
Columba albinucha,4.5769,1
Columba albitorques,5.7869,1
Columba argentina,5.0980,1
Columba arquatrix,5.4714,1
Columba bollii,4.9982,1
Columba delegorguei,5.0232,2
Columba elphinstonii,6.2981,1
Columba eversmanni,5.0317,1
Columba guinea,5.4596,1
Columba hodgsonii,4.7140,1
Columba iriditorques,5.1846,1
Columba janthina,5.6594,1
Columba junoniae,5.0432,1
Columba leucomela,5.2437,1
Columba leuconota,5.3728,1
Columba livia,4.5617,1
Columba malherbii,4.9814,1
Columba oenas,6.0980,1
Columba oliviae,4.6193,1
Columba pallidiceps,5.1035,1
Columba palumboides,5.2575,1
Columba palumbus,5.2235,1
Columba pollenii,4.9571,1
Columba pulchricollis,5.3186,1
Columba punicea,5.3545,1
Columba rupestris,4.5953,1
Columba sjostedti,4.5231,1
Columba thomensis,5.5972,2
Columba torringtoniae,5.0076,1
Columba trocaz,5.0190,1
Columba unicincta,4.4236,1
Columba vitiensis,5.7211,1
Columbina buckleyi,5.1480,1
Columbina cruziana,5.5759,1
Columbina cyanopis,6.2733,1
Columbina inca,5.5035,1
Columbina minuta,4.8583,1
Columbina passerina,5.5614,1
Columbina picui,5.5445,1
Columbina squammata,5.5377,1
Columbina talpacoti,5.1929,1
Compsothraupis loricata,5.7782,1
Conioptilon mcilhennyi,5.1651,1
Conirostrum albifrons,5.6664,1
Conirostrum bicolor,5.8099,1
Conirostrum binghami,5.6893,1
Conirostrum ferrugineiventre,6.3876,1
Conirostrum leucogenys,5.2774,1
Conirostrum margaritae,5.3921,1
Conirostrum rufum,5.8409,1
Conirostrum sitticolor,6.9704,1
Conirostrum speciosum,5.7572,2
Conirostrum tamarugense,5.9277,1
Conopias albovittatus,6.1041,1
Conopias cinchoneti,6.3115,1
Conopias parvus,6.1640,1
Conopias trivirgatus,5.6149,1
Conopophaga ardesiaca,5.8692,1
Conopophaga castaneiceps,5.3210,1
Conopophaga cearae,6.3002,1
Conopophaga lineata,4.8518,1
Conopophaga melanogaster,6.0524,1
Conopophaga melanops,5.9912,1
Conopophaga peruviana,5.2905,1
Conopophaga roberti,5.8845,2
Conopophila albogularis,5.3884,1
Conopophila rufogularis,5.3725,1
Conopophila whitei,4.4171,1
Conostoma aemodium,5.2985,1
Conothraupis mesoleuca,6.0469,1
Conothraupis speculigera,5.2503,1
Contopus albogularis,5.1591,1
Contopus caribaeus,5.4956,1
Contopus cooperi,5.7829,1
Contopus fumigatus,5.6828,1
Contopus hispaniolensis,5.4631,1
Contopus latirostris,5.8394,1
Contopus lugubris,5.1416,1
Contopus nigrescens,5.1274,1
Contopus ochraceus,5.1440,1
Contopus pallidus,5.9329,1
Contopus pertinax,5.6167,1
Contopus sordidulus,5.4429,1
Contopus virens,5.1549,1
Copsychus mindanensis,5.7502,2
Copsychus saularis,6.3078,1
Copsychus sechellarum,5.9842,1
Coracias abyssinicus,7.6169,1
Coracias affinis,7.1895,1
Coracias benghalensis,7.6593,1
Coracias caudatus,7.4058,1
Coracias cyanogaster,6.7574,1
Coracias garrulus,7.2122,1
Coracias naevius,6.1618,1
Coracias spatulatus,6.5987,1
Coracias temminckii,7.1515,1
Coracina atriceps,5.0504,1
Coracina bicolor,4.8266,1
Coracina boyeri,5.5666,1
Coracina caeruleogrisea,5.2803,1
Coracina caledonica,5.9321,1
Coracina dobsoni,5.2445,1
Coracina fortis,4.9004,1
Coracina larvata,5.6000,1
Coracina leucopygia,5.0893,1
Coracina lineata,5.6629,1
Coracina longicauda,5.3981,2
Coracina maxima,5.5587,1
Coracina novaehollandiae,5.7595,1
Coracina personata,5.3233,1
Coracina schistacea,4.6717,2
Coracina temminckii,5.6814,1
Coracina welchmani,5.3306,1
Coracopsis barklyi,5.6366,1
Coracopsis vasa,5.9049,1
Coracornis raveni,4.7771,1
Coracornis sanghirensis,4.6952,1
Coragyps atratus,4.6305,1
Corapipo gutturalis,6.2765,1
Corcorax melanorhamphos,5.3137,1
Cormobates leucophaea,4.7295,2
Cormobates placens,4.8749,1
Corvinella corvina,6.0222,1
Corvus albicollis,5.9820,1
Corvus albus,6.0430,1
Corvus bennetti,5.6096,1
Corvus capensis,5.2585,1
Corvus corax,6.2411,1
Corvus coronoides,6.0491,1
Corvus crassirostris,5.7129,1
Corvus cryptoleucus,5.8206,1
Corvus dauuricus,6.0775,1
Corvus edithae,5.9343,1
Corvus enca,5.9884,1
Corvus florensis,5.1765,1
Corvus frugilegus,5.1572,1
Corvus fuscicapillus,5.1901,1
Corvus hawaiiensis,5.0693,1
Corvus imparatus,5.4489,1
Corvus insularis,5.1988,1
Corvus jamaicensis,5.5776,1
Corvus kubaryi,4.8961,1
Corvus leucognaphalus,5.2266,1
Corvus macrorhynchos,5.9487,1
Corvus meeki,4.6622,1
Corvus mellori,6.4295,1
Corvus monedula,5.2302,1
Corvus moneduloides,5.0992,1
Corvus nasicus,5.8503,1
Corvus orru,5.9683,1
Corvus ossifragus,5.8832,1
Corvus palmarum,5.7994,1
Corvus pectoralis,5.9410,1
Corvus rhipidurus,6.6110,1
Corvus ruficollis,5.1759,1
Corvus sinaloae,5.5294,1
Corvus splendens,5.0426,1
Corvus tasmanicus,6.4185,1
Corvus tristis,5.5268,1
Corvus typicus,5.1562,1
Corvus unicolor,5.4191,1
Corvus validus,5.8139,1
Corvus violaceus,5.1345,1
Corvus woodfordi,5.4536,1
Corydon sumatranus,6.6940,1
Corydospiza alaudina,5.3406,1
Corydospiza carbonaria,5.5340,2
Coryphaspiza melanotis,5.8841,1
Coryphistera alaudina,5.5370,1
Coryphospingus cucullatus,6.6089,2
Coryphospingus pileatus,5.9823,2
Corythaeola cristata,7.1536,1
Corythaixoides concolor,6.3658,1
Corythopis delalandi,5.1512,1
Corythopis torquatus,5.2854,1
Corythornis leucogaster,7.4107,1
Corythornis madagascariensis,7.3281,1
Corythornis vintsioides,8.0527,1
Coscoroba coscoroba,5.9317,1
Cossypha albicapillus,6.2895,1
Cossypha cyanocampter,6.0438,1
Cossypha dichroa,6.7780,1
Cossypha heinrichi,6.1384,1
Cossypha heuglini,6.4921,1
Cossypha natalensis,6.6829,1
Cossypha niveicapilla,6.7843,1
Cossypha semirufa,6.6645,1
Cossyphicula roberti,5.6842,1
Cotinga amabilis,6.3447,2
Cotinga cayana,6.5329,2
Cotinga cotinga,6.2025,2
Cotinga maculata,7.2106,1
Cotinga maynana,5.3339,2
Cotinga nattererii,7.1827,1
Cotinga ridgwayi,5.9918,2
Coturnicops exquisitus,5.0650,1
Coturnicops notatus,5.2146,1
Coturnicops noveboracensis,5.0317,1
Coturnix coromandelica,6.1136,1
Coturnix coturnix,5.9974,2
Coturnix delegorguei,6.3620,1
Coturnix japonica,5.2482,1
Coturnix pectoralis,5.5048,2
Coua caerulea,6.8338,1
Coua coquereli,6.5211,1
Coua cursor,6.6302,1
Coua gigas,6.2426,1
Coua reynaudii,6.2653,1
Coua serriana,6.2143,1
Coua verreauxi,6.3898,1
Cracticus argenteus,5.4384,1
Cracticus cassicus,5.6347,2
Cracticus mentalis,5.6227,1
Cracticus nigrogularis,5.8275,1
Cracticus torquatus,6.3300,1
Cranioleuca albicapilla,6.6217,1
Cranioleuca albiceps,5.6521,1
Cranioleuca berlepschi,6.3223,1
Cranioleuca curtata,6.6762,1
Cranioleuca demissa,5.2925,1
Cranioleuca dissita,4.9746,1
Cranioleuca erythrops,5.7063,1
Cranioleuca hellmayri,5.4873,1
Cranioleuca henricae,6.2225,1
Cranioleuca muelleri,4.9230,1
Cranioleuca obsoleta,5.7015,1
Cranioleuca pallida,5.8711,1
Cranioleuca pyrrhophia,5.8558,1
Cranioleuca semicinerea,5.5352,1
Cranioleuca subcristata,5.6407,1
Cranioleuca sulphurifera,5.1513,1
Cranioleuca vulpecula,5.1901,1
Cranioleuca vulpina,5.9820,1
Crateroscelis murina,4.6693,1
Crateroscelis nigrorufa,4.6804,1
Crateroscelis robusta,5.0918,1
Crax alberti,5.6740,1
Crax alector,5.4459,1
Crax blumenbachii,5.8060,2
Crax daubentoni,6.1247,1
Crax globulosa,4.9749,1
Crax rubra,6.0452,2
Creagrus furcatus,5.3408,1
Creatophora cinerea,5.9564,1
Creurgops dentatus,5.7783,2
Creurgops verticalis,5.7634,1
Crex crex,5.2762,1
Crex egregia,5.2137,1
Crinifer piscator,6.3966,1
Crinifer zonurus,6.4556,1
Criniferoides leucogaster,6.5969,1
Criniger barbatus,5.2446,1
Criniger calurus,4.8782,1
Criniger chloronotus,5.5801,1
Criniger ndussumensis,4.5611,1
Criniger olivaceus,6.0506,1
Crithagra albogularis,5.9720,1
Crithagra ankoberensis,5.4254,1
Crithagra atrogularis,5.1778,1
Crithagra buchanani,5.5883,1
Crithagra burtoni,4.6382,1
Crithagra canicapilla,4.7859,1
Crithagra capistrata,6.2720,1
Crithagra citrinelloides,5.5015,1
Crithagra citrinipectus,5.9221,1
Crithagra concolor,4.6723,1
Crithagra donaldsoni,5.3416,1
Crithagra dorsostriata,6.1473,1
Crithagra flavigula,5.6492,1
Crithagra flaviventris,6.5985,2
Crithagra frontalis,5.8293,2
Crithagra gularis,5.1123,1
Crithagra hyposticta,5.6051,1
Crithagra koliensis,5.4078,2
Crithagra leucoptera,5.0788,1
Crithagra leucopygia,4.9743,1
Crithagra melanochroa,4.5798,1
Crithagra menachensis,5.0121,1
Crithagra mennelli,5.5142,1
Crithagra mozambica,6.0946,1
Crithagra reichenowi,4.7275,1
Crithagra rothschildi,4.7622,1
Crithagra rufobrunnea,4.9890,1
Crithagra scotops,5.7340,1
Crithagra sulphurata,6.3044,1
Crithagra symonsi,5.3013,1
Crithagra totta,5.3318,1
Crithagra tristriata,4.9979,1
Crithagra xantholaema,5.6936,1
Crithagra xanthopygia,4.8558,1
Crossleyia xanthophrys,5.2826,1
Crossoptilon auritum,5.7647,1
Crossoptilon crossoptilon,5.5989,1
Crossoptilon harmani,5.8276,1
Crossoptilon mantchuricum,6.1991,1
Crotophaga ani,5.7484,1
Crotophaga major,5.5256,1
Crotophaga sulcirostris,5.9315,1
Crypsirina cucullata,5.8131,1
Crypsirina temia,7.0087,1
Cryptillas victorini,4.5640,1
Cryptoleucopteryx plumbea,5.1868,1
Cryptolybia olivacea,5.0536,1
Cryptomicroeca flaviventris,6.3125,1
Cryptophaps poecilorrhoa,5.2735,1
Cryptospiza jacksoni,6.0725,1
Cryptospiza reichenovii,5.9788,1
Cryptospiza salvadorii,5.5085,1
Cryptosylvicola randrianasoloi,4.8282,1
Crypturellus atrocapillus,4.4309,1
Crypturellus bartletti,4.7480,1
Crypturellus berlepschi,4.7289,1
Crypturellus boucardi,4.7969,1
Crypturellus brevirostris,5.6411,1
Crypturellus cinereus,5.0742,1
Crypturellus duidae,4.2833,1
Crypturellus erythropus,4.4495,1
Crypturellus kerriae,4.2544,1
Crypturellus noctivagus,5.3371,1
Crypturellus obsoletus,5.1254,1
Crypturellus parvirostris,5.2463,1
Crypturellus ptaritepui,5.2244,1
Crypturellus soui,5.2108,1
Crypturellus strigulosus,4.8910,1
Crypturellus tataupa,4.7738,1
Crypturellus transfasciatus,5.0489,1
Crypturellus undulatus,4.7891,1
Crypturellus variegatus,5.1764,1
Cuculus canorus,5.4156,1
Cuculus clamosus,4.9005,1
Cuculus crassirostris,5.2820,1
Cuculus gularis,5.9534,1
Cuculus lepidus,5.1388,1
Cuculus micropterus,4.9065,1
Cuculus poliocephalus,5.0847,1
Cuculus rochii,5.5648,1
Cuculus solitarius,5.7572,1
Culicicapa ceylonensis,6.9944,1
Culicicapa helianthea,6.0236,1
Culicivora caudacuta,5.9063,1
Curaeus curaeus,5.4091,1
Cursorius coromandelicus,6.3937,1
Cursorius cursor,6.6852,1
Cursorius rufus,5.5541,1
Cursorius somalensis,6.0841,1
Cursorius temminckii,5.6139,1
Cutia legalleni,5.5540,1
Cutia nipalensis,5.6538,1
Cyanecula svecica,7.0374,1
Cyanerpes caeruleus,6.3422,1
Cyanerpes cyaneus,7.0397,1
Cyanerpes lucidus,6.0741,2
Cyanerpes nitidus,6.2238,2
Cyanicterus cyanicterus,6.7773,1
Cyanistes caeruleus,6.9952,1
Cyanistes cyanus,7.2220,1
Cyanistes teneriffae,6.8153,1
Cyanochen cyanoptera,5.2960,1
Cyanocitta cristata,7.2288,1
Cyanocitta stelleri,7.4201,1
Cyanocompsa parellina,7.1160,1
Cyanocorax affinis,6.3176,1
Cyanocorax beecheii,6.8675,1
Cyanocorax cayanus,6.5854,1
Cyanocorax chrysops,6.3492,1
Cyanocorax coeruleus,6.7160,1
Cyanocorax colliei,6.8454,1
Cyanocorax cristatellus,6.3250,1
Cyanocorax cyanomelas,5.2651,1
Cyanocorax cyanopogon,5.9219,1
Cyanocorax dickeyi,6.5725,1
Cyanocorax formosus,7.2029,1
Cyanocorax melanocyaneus,6.6193,1
Cyanocorax morio,5.6423,1
Cyanocorax mystacalis,5.9385,1
Cyanocorax sanblasianus,7.2032,1
Cyanocorax violaceus,6.1235,1
Cyanocorax yncas,7.0688,1
Cyanocorax yucatanicus,7.0819,1
Cyanoderma chrysaeum,6.1463,1
Cyanoderma melanothorax,5.9128,1
Cyanoderma pyrrhops,5.1118,1
Cyanoderma ruficeps,6.2462,1
Cyanograucalus azureus,5.2557,1
Cyanoliseus patagonus,6.6728,1
Cyanoloxia brissonii,6.2110,2
Cyanoloxia cyanoides,6.2310,1
Cyanoloxia glaucocaerulea,7.1610,1
Cyanoloxia rothschildii,6.2715,1
Cyanolyca argentigula,6.9397,1
Cyanolyca cucullata,6.6981,1
Cyanolyca mirabilis,6.2728,1
Cyanolyca nanus,6.0388,1
Cyanolyca pulchra,6.8532,1
Cyanolyca pumilo,6.5221,1
Cyanolyca turcosa,6.8902,1
Cyanolyca viridicyanus,6.7213,1
Cyanomitra alinae,5.8484,1
Cyanomitra bannermani,6.4307,1
Cyanomitra cyanolaema,5.8889,2
Cyanomitra olivacea,5.6279,1
Cyanomitra oritis,6.9736,1
Cyanomitra verreauxii,6.0752,1
Cyanomitra verticalis,6.8020,1
Cyanophaia bicolor,7.1336,2
Cyanopica cooki,6.8607,1
Cyanopica cyanus,6.7193,1
Cyanopsitta spixii,5.3095,1
Cyanoptila cumatilis,6.2430,1
Cyanoptila cyanomelana,6.8578,1
Cyanoramphus auriceps,6.7294,1
Cyanoramphus forbesi,6.7180,1
Cyanoramphus malherbi,7.0982,1
Cyanoramphus unicolor,6.4993,1
Cyclarhis gujanensis,6.0182,1
Cyclarhis nigrirostris,5.0793,1
Cygnus atratus,6.2153,1
Cygnus buccinator,6.1869,1
Cygnus columbianus,6.5580,1
Cygnus cygnus,6.7457,1
Cygnus melancoryphus,5.2456,1
Cygnus olor,6.3264,1
Cymbilaimus lineatus,5.6951,2
Cymbilaimus sanctaemariae,5.4854,1
Cynanthus sordidus,6.4170,1
Cyornis brunneatus,5.8702,1
Cyornis caerulatus,5.8266,2
Cyornis concretus,6.6227,1
Cyornis glaucicomans,6.1966,1
Cyornis hainanus,6.9997,1
Cyornis hoevelli,6.1182,2
Cyornis hyacinthinus,6.1671,2
Cyornis lemprieri,7.1206,1
Cyornis magnirostris,7.0939,1
Cyornis nicobaricus,5.6476,1
Cyornis olivaceus,5.6072,1
Cyornis pallidipes,6.2085,2
Cyornis poliogenys,5.7046,1
Cyornis rubeculoides,6.3815,2
Cyornis ruficauda,5.5174,1
Cyornis rufigastra,5.9960,1
Cyornis sanfordi,5.3990,1
Cyornis sumatrensis,6.0380,1
Cyornis superbus,6.8120,1
Cyornis tickelliae,6.2933,1
Cyornis turcosus,6.8953,1
Cyornis umbratilis,5.4195,1
Cyornis unicolor,6.1910,2
Cyphorhinus arada,6.1383,1
Cyphorhinus phaeocephalus,5.1824,1
Cyphos macrodactylus,5.9472,1
Cypseloides cherriei,5.1952,1
Cypseloides cryptus,4.9291,2
Cypseloides fumigatus,5.2951,1
Cypseloides lemosi,5.4445,1
Cypseloides niger,5.3322,1
Cypseloides rothschildi,5.0499,1
Cypseloides senex,5.0068,1
Cypseloides storeri,4.8498,1
Cypsiurus balasiensis,5.2772,1
Cypsiurus parvus,5.7620,1
Cypsnagra hirundinacea,5.8778,1
Cyrtonyx ocellatus,5.8600,1
Dacelo gaudichaud,7.0939,1
Dacelo leachii,6.9948,1
Dacelo novaeguineae,6.6467,1
Dacelo tyro,6.9196,1
Dacnis albiventris,6.1358,1
Dacnis berlepschi,7.0898,1
Dacnis cayana,6.6355,2
Dacnis flaviventer,5.8757,1
Dacnis hartlaubi,6.4445,2
Dacnis nigripes,7.0224,2
Dacnis venusta,7.0491,1
Dacnis viguieri,5.6081,2
Dactylortyx thoracicus,5.7141,1
Daphoenositta chrysoptera,5.6640,1
Daphoenositta miranda,5.5909,1
Daphoenositta papuensis,4.9736,1
Daption capense,5.4793,1
Daptrius ater,5.8556,1
Dasycrotapha plateni,5.4086,1
Dasycrotapha pygmaea,4.9325,1
Dasycrotapha speciosa,5.9893,1
Dasylophus superciliosus,5.4814,1
Dasyornis brachypterus,4.7905,1
Dasyornis broadbenti,5.0565,1
Dasyornis longirostris,5.4782,1
Deleornis axillaris,5.9767,1
Deleornis fraseri,5.3140,1
Delichon dasypus,5.6310,1
Delichon nipalense,6.1989,1
Deltarhynchus flammulatus,5.2155,1
Dendragapus fuliginosus,5.6747,1
Dendragapus obscurus,5.5358,1
Dendrexetastes rufigula,5.1985,1
Dendrocincla anabatina,4.9407,1
Dendrocincla homochroa,4.9977,1
Dendrocincla merula,5.0486,1
Dendrocincla tyrannina,5.1593,1
Dendrocitta bayleii,5.6295,1
Dendrocitta cinerascens,5.7117,1
Dendrocitta formosae,6.1596,1
Dendrocitta frontalis,6.8571,1
Dendrocitta leucogastra,6.3446,1
Dendrocitta occipitalis,5.2231,1
Dendrocitta vagabunda,6.8675,1
Dendrocolaptes certhia,5.6084,1
Dendrocolaptes hoffmannsi,4.5106,1
Dendrocolaptes picumnus,5.3869,1
Dendrocolaptes platyrostris,5.5405,1
Dendrocopos analis,6.2092,2
Dendrocopos assimilis,6.5657,1
Dendrocopos atratus,6.6697,2
Dendrocopos darjellensis,6.1357,2
Dendrocopos himalayensis,5.9317,1
Dendrocopos hyperythrus,6.5365,1
Dendrocopos leucopterus,6.0896,2
Dendrocopos macei,6.7350,1
Dendrocopos major,6.7135,1
Dendrocopos noguchii,6.2341,1
Dendrocopos syriacus,5.9590,1
Dendrocygna arborea,5.7977,1
Dendrocygna arcuata,5.5983,1
Dendrocygna autumnalis,6.0181,1
Dendrocygna bicolor,5.8483,1
Dendrocygna eytoni,5.4891,1
Dendrocygna guttata,5.1958,1
Dendrocygna javanica,5.2177,1
Dendrocygna viduata,5.6419,1
Dendronanthus indicus,6.1166,1
Dendroperdix sephaena,5.3582,1
Dendropicos abyssinicus,6.5126,1
Dendropicos dorae,4.8632,1
Dendropicos elachus,6.1037,1
Dendropicos fuscescens,6.5842,1
Dendropicos gabonensis,5.7309,2
Dendropicos goertae,6.2721,1
Dendropicos griseocephalus,6.2138,1
Dendropicos lugubris,5.2138,1
Dendropicos namaquus,6.3131,1
Dendropicos obsoletus,6.0604,2
Dendropicos poecilolaemus,5.7857,2
Dendropicos pyrrhogaster,5.9698,1
Dendropicos spodocephalus,7.1715,1
Dendropicos stierlingi,5.5692,2
Dendropicos xantholophus,5.4929,1
Dendroplex kienerii,5.3927,1
Dendroplex picus,5.5212,1
Dendrortyx barbatus,5.4917,1
Dendrortyx leucophrys,5.1336,1
Dendrortyx macroura,5.4343,1
Deroptyus accipitrinus,6.7061,1
Dessonornis archeri,6.5131,1
Dessonornis caffer,6.3868,1
Dessonornis humeralis,5.9617,1
Devioeca papuana,5.9388,1
Dicaeum aeneum,4.9934,1
Dicaeum agile,5.8723,1
Dicaeum annae,4.7385,1
Dicaeum aureolimbatum,6.3125,1
Dicaeum australe,5.6102,1
Dicaeum bicolor,5.6505,2
Dicaeum celebicum,6.5071,1
Dicaeum chrysorrheum,6.3771,1
Dicaeum concolor,4.9445,1
Dicaeum cruentatum,6.6319,2
Dicaeum erythrorhynchos,5.3625,1
Dicaeum erythrothorax,6.7152,1
Dicaeum everetti,4.7640,1
Dicaeum eximium,5.6913,1
Dicaeum geelvinkianum,5.8916,1
Dicaeum haematostictum,5.5560,1
Dicaeum hypoleucum,5.5262,1
Dicaeum igniferum,6.2987,1
Dicaeum maugei,5.8558,1
Dicaeum melanozanthum,5.6277,1
Dicaeum monticolum,6.2770,1
Dicaeum nehrkorni,6.2033,1
Dicaeum nigrilore,5.5137,1
Dicaeum pectorale,6.2381,1
Dicaeum proprium,5.1642,1
Dicaeum pygmaeum,5.3520,1
Dicaeum retrocinctum,5.0981,1
Dicaeum schistaceiceps,6.1528,1
Dicaeum trigonostigma,6.8253,1
Dicaeum tristrami,5.2610,1
Dicaeum trochileum,5.7564,1
Dicaeum vincens,6.4097,1
Dicaeum vulneratum,6.2001,1
Dichrozona cincta,5.3571,1
Dicrurus aeneus,6.8320,1
Dicrurus aldabranus,4.9408,1
Dicrurus andamanensis,5.9530,1
Dicrurus annectens,6.1115,1
Dicrurus atripennis,5.6355,1
Dicrurus balicassius,5.6775,1
Dicrurus bracteatus,6.4803,1
Dicrurus caerulescens,5.5961,1
Dicrurus densus,5.8007,1
Dicrurus forficatus,5.8626,1
Dicrurus fuscipennis,5.6263,1
Dicrurus leucophaeus,5.6416,1
Dicrurus lophorinus,5.8595,1
Dicrurus macrocercus,5.8645,1
Dicrurus megarhynchus,5.8390,1
Dicrurus menagei,5.8633,1
Dicrurus montanus,5.3970,1
Dicrurus paradiseus,6.0564,1
Dicrurus remifer,5.8850,1
Dicrurus sumatranus,5.7752,1
Dicrurus waldenii,5.5043,1
Diglossa albilatera,5.5460,2
Diglossa baritula,6.0828,1
Diglossa brunneiventris,6.0561,1
Diglossa caerulescens,6.6275,1
Diglossa carbonaria,5.4919,1
Diglossa cyanea,6.6310,1
Diglossa duidae,5.0848,1
Diglossa glauca,6.2897,1
Diglossa gloriosa,5.9600,1
Diglossa gloriosissima,6.7795,1
Diglossa humeralis,5.5184,1
Diglossa indigotica,7.2346,1
Diglossa lafresnayii,5.8013,1
Diglossa major,5.8025,1
Diglossa mystacalis,6.1830,1
Diglossa plumbea,5.8340,1
Diglossa sittoides,6.3322,1
Diglossa venezuelensis,5.5929,2
Dinemellia dinemelli,6.6336,1
Dinopium benghalense,6.3874,1
Dinopium everetti,6.1988,1
Dinopium javanense,6.1580,1
Dinopium psarodes,7.1542,1
Dinopium rafflesii,6.0465,1
Dinopium shorii,6.6473,1
Discosura conversii,7.5121,2
Discosura langsdorffi,6.8134,2
Discosura longicaudus,7.5607,1
Discosura popelairii,7.4194,1
Diuca diuca,5.7358,1
Dives dives,5.5063,1
Dives warczewiczi,5.7052,1
Dolichonyx oryzivorus,6.4977,1
Doliornis remseni,5.4559,2
Doliornis sclateri,5.7670,1
Donacobius atricapilla,6.1729,1
Donacospiza albifrons,5.7687,1
Doricha eliza,7.0691,1
Doricha enicura,7.3268,1
Doryfera johannae,6.8925,2
Doryfera ludovicae,6.9442,1
Drepanis coccinea,6.4400,1
Drepanoptila holosericea,6.1830,1
Drepanorhynchus reichenowi,6.8277,1
Drepanornis albertisi,5.2410,1
Drepanornis bruijnii,5.4979,1
Dreptes thomensis,5.5927,1
Dromas ardeola,6.4552,1
Dromococcyx pavoninus,6.0855,1
Dromococcyx phasianellus,4.9453,1
Drymocichla incana,5.5432,1
Drymodes beccarii,5.1187,1
Drymodes brunneopygia,5.5191,1
Drymodes superciliaris,6.0332,1
Drymophila caudata,5.3048,1
Drymophila devillei,4.9116,1
Drymophila ferruginea,6.1293,1
Drymophila genei,5.6320,1
Drymophila hellmayri,5.6833,1
Drymophila klagesi,5.1319,1
Drymophila malura,5.2391,1
Drymophila ochropyga,5.9248,2
Drymophila rubricollis,6.2137,1
Drymophila squamata,6.2908,1
Drymophila striaticeps,7.1113,1
Drymornis bridgesii,6.0272,1
Drymotoxeres pucheranii,5.1797,1
Dryobates minor,6.4175,1
Dryobates nuttallii,6.5012,2
Dryobates pubescens,6.0694,1
Dryobates scalaris,5.8480,1
Dryocopus hodgei,6.0213,2
Dryocopus javensis,6.1372,1
Dryocopus martius,6.2099,1
Dryolimnas cuvieri,5.6314,1
Dryoscopus angolensis,5.6949,2
Dryoscopus cubla,5.9974,2
Dryoscopus gambensis,5.8935,1
Dryoscopus pringlii,5.8759,2
Dryoscopus sabini,6.2662,1
Dryoscopus senegalensis,5.6499,1
Dryotriorchis spectabilis,6.1599,1
Dubusia castaneoventris,6.5986,1
Ducula aurorae,5.6371,1
Ducula bakeri,5.3073,1
Ducula bicolor,5.6685,1
Ducula brenchleyi,5.5449,1
Ducula carola,4.8345,1
Ducula chalconota,5.5968,1
Ducula cineracea,5.0333,1
Ducula concinna,5.2555,1
Ducula finschii,5.7788,1
Ducula forsteni,6.0844,1
Ducula galeata,5.2475,1
Ducula goliath,5.5595,1
Ducula lacernulata,5.2615,1
Ducula latrans,5.1262,1
Ducula luctuosa,5.4929,1
Ducula melanochroa,4.9375,1
Ducula mullerii,5.3621,1
Ducula neglecta,5.2743,1
Ducula oceanica,4.6942,1
Ducula pacifica,6.1346,1
Ducula perspicillata,5.7149,1
Ducula pickeringii,5.3686,1
Ducula pistrinaria,5.6622,1
Ducula poliocephala,5.2477,1
Ducula radiata,5.5868,1
Ducula rosacea,4.8634,1
Ducula rubricera,6.0864,1
Ducula rufigaster,5.6657,1
Ducula spilorrhoa,5.7282,1
Ducula subflavescens,5.2063,1
Ducula whartoni,5.1776,1
Ducula zoeae,5.9657,1
Dulus dominicus,4.8514,1
Dumetella carolinensis,5.8584,1
Dumetia hyperythra,5.3320,1
Dyaphorophyia blissetti,6.5401,1
Dyaphorophyia castanea,6.6489,1
Dyaphorophyia chalybea,6.9010,1
Dyaphorophyia hormophora,6.5939,1
Dyaphorophyia jamesoni,6.8163,1
Dyaphorophyia tonsa,5.9379,1
Dysithamnus leucostictus,5.4451,2
Dysithamnus mentalis,5.3273,1
Dysithamnus occidentalis,5.2473,2
Dysithamnus plumbeus,5.4948,1
Dysithamnus puncticeps,5.2583,2
Dysithamnus stictothorax,5.2910,1
Dysithamnus striaticeps,5.7648,1
Dysithamnus xanthopterus,5.7852,1
Edolisoma anale,5.0365,1
Edolisoma ceramense,5.2107,1
Edolisoma coerulescens,4.6445,1
Edolisoma dispar,4.6205,2
Edolisoma dohertyi,5.1845,2
Edolisoma incertum,5.1327,2
Edolisoma melas,5.3063,2
Edolisoma mindanense,5.0773,1
Edolisoma montanum,5.3969,1
Edolisoma morio,5.6326,2
Edolisoma ostentum,5.2000,1
Edolisoma parvulum,5.3214,1
Edolisoma salomonis,4.7711,2
Edolisoma schisticeps,6.0107,2
Edolisoma sula,5.0529,1
Egretta ardesiaca,6.3532,1
Egretta caerulea,5.9960,1
Egretta eulophotes,6.1705,1
Egretta novaehollandiae,5.6619,1
Egretta picata,5.9422,1
Egretta rufescens,5.8411,1
Egretta sacra,5.9600,1
Egretta thula,6.4641,1
Egretta tricolor,5.8948,1
Egretta vinaceigula,5.8335,1
Elachura formosa,5.5649,1
Elaenia albiceps,5.7284,1
Elaenia brachyptera,5.3317,1
Elaenia chiriquensis,5.7319,1
Elaenia cristata,5.5320,1
Elaenia dayi,4.5492,1
Elaenia flavogaster,5.4045,1
Elaenia frantzii,5.4612,1
Elaenia gigas,5.4424,1
Elaenia martinica,4.7235,1
Elaenia mesoleuca,5.2483,1
Elaenia obscura,5.8128,1
Elaenia olivina,4.6432,1
Elaenia pallatangae,5.2265,1
Elaenia parvirostris,5.6096,1
Elaenia pelzelni,5.2307,1
Elaenia ridleyana,4.7878,1
Elaenia ruficeps,5.5646,1
Elaenia sordida,5.3659,1
Elaenia spectabilis,5.3361,1
Elaenia strepera,5.0428,1
Elanoides forficatus,6.8828,1
Elanus axillaris,6.5355,1
Elanus caeruleus,6.9616,1
Elanus leucurus,7.3706,1
Elanus scriptus,6.7734,1
Elaphrornis palliseri,5.2332,1
Electron carinatum,6.8891,1
Electron platyrhynchum,7.5745,1
Eleoscytalopus indigoticus,5.3186,1
Eleoscytalopus psychopompus,5.3164,1
Eleothreptus anomalus,5.3824,1
Eleothreptus candicans,5.6991,1
Elminia albicauda,7.0700,1
Elminia albiventris,6.3249,1
Elminia albonotata,5.6470,1
Elminia longicauda,6.8843,1
Elminia nigromitrata,6.0668,1
Elseyornis melanops,6.6355,1
Elvira chionura,7.4407,2
Elvira cupreiceps,7.4586,1
Emarginata schlegelii,5.6362,1
Emarginata sinuata,5.0998,1
Emarginata tractrac,5.9435,1
Emberiza affinis,5.3837,1
Emberiza aureola,5.8209,1
Emberiza bruniceps,5.6475,2
Emberiza buchanani,5.7944,1
Emberiza cabanisi,5.9379,1
Emberiza caesia,6.2823,1
Emberiza calandra,5.3738,1
Emberiza chrysophrys,5.9052,1
Emberiza cia,5.3690,1
Emberiza cineracea,5.4666,1
Emberiza cioides,5.8710,1
Emberiza cirlus,5.7606,2
Emberiza citrinella,6.1198,1
Emberiza elegans,6.5433,1
Emberiza flaviventris,6.4910,1
Emberiza fucata,6.4768,1
Emberiza godlewskii,6.4341,1
Emberiza hortulana,5.7204,1
Emberiza impetuani,5.4097,1
Emberiza jankowskii,5.3976,1
Emberiza koslowi,5.7627,1
Emberiza lathami,5.6992,2
Emberiza leucocephalos,5.2722,2
Emberiza melanocephala,5.9910,1
Emberiza poliopleura,6.1779,1
Emberiza pusilla,6.2330,1
Emberiza rustica,5.5163,1
Emberiza rutila,5.0467,1
Emberiza sahari,4.9694,1
Emberiza siemsseni,5.5822,1
Emberiza socotrana,5.6990,1
Emberiza stewarti,5.7026,2
Emberiza striolata,5.2263,2
Emberiza sulphurata,5.4837,2
Emberiza tristrami,5.4962,1
Emberiza variabilis,5.6140,1
Emberiza yessoensis,6.1058,1
Emberizoides herbicola,5.3296,1
Emberizoides ypiranganus,5.6796,1
Embernagra longicauda,5.6359,1
Embernagra platensis,5.3209,1
Emblema pictum,5.9384,1
Eminia lepida,5.3844,1
Empidonax affinis,4.8450,1
Empidonax albigularis,5.2195,1
Empidonax alnorum,5.2166,1
Empidonax atriceps,5.7229,1
Empidonax difficilis,6.0033,1
Empidonax flavescens,6.3023,1
Empidonax flaviventris,5.8762,1
Empidonax fulvifrons,5.6630,1
Empidonax hammondii,5.6569,1
Empidonax minimus,5.6981,1
Empidonax oberholseri,5.1797,1
Empidonax occidentalis,5.6081,1
Empidonax traillii,5.8781,1
Empidonax virescens,5.5304,1
Empidonax wrightii,5.5856,1
Empidonomus varius,5.4320,1
Enicognathus ferrugineus,6.9343,1
Enicognathus leptorhynchus,6.6237,1
Enicurus immaculatus,6.0975,1
Enicurus leschenaulti,6.5037,1
Enicurus maculatus,6.7626,1
Enicurus ruficapillus,6.9766,1
Enicurus schistaceus,6.1955,1
Enicurus scouleri,6.1546,1
Enicurus velatus,6.0517,1
Enodes erythrophris,6.6227,1
Ensifera ensifera,6.5246,1
Entomodestes coracinus,5.2814,1
Entomodestes leucotis,5.7825,1
Eolophus roseicapilla,6.8621,2
Eophona migratoria,5.7741,2
Eophona personata,6.4421,1
Eopsaltria australis,6.5214,1
Eopsaltria griseogularis,6.5160,1
Eos bornea,7.0285,1
Eos cyanogenia,6.9299,1
Eos histrio,6.6581,1
Eos reticulata,6.5509,1
Eos semilarvata,5.6448,1
Eos squamata,6.5890,1
Ephippiorhynchus asiaticus,5.9893,2
Ephippiorhynchus senegalensis,6.1040,1
Ephippiospingus dorsalis,5.3513,1
Ephippiospingus erythronotus,5.9180,1
Epimachus fastosus,6.0100,1
Epimachus meyeri,6.6855,1
Epinecrophylla amazonica,5.2733,1
Epinecrophylla erythrura,4.8470,2
Epinecrophylla fulviventris,5.2761,1
Epinecrophylla gutturalis,5.3657,1
Epinecrophylla haematonota,5.6050,2
Epinecrophylla leucophthalma,5.4110,1
Epinecrophylla spodionota,5.1753,2
Epthianura albifrons,6.0168,2
Epthianura aurifrons,5.5785,1
Epthianura crocea,6.7432,1
Epthianura tricolor,6.7150,1
Eremalauda dunni,4.7731,1
Eremomela atricollis,6.1921,1
Eremomela badiceps,6.0460,1
Eremomela canescens,5.5569,1
Eremomela flavicrissalis,5.0124,1
Eremomela gregalis,4.9538,1
Eremomela pusilla,5.7907,1
Eremomela scotops,6.0103,1
Eremomela turneri,4.9045,1
Eremomela usticollis,5.4427,1
Eremophila alpestris,5.6090,1
Eremophila bilopha,5.9816,1
Eremopterix australis,4.9674,2
Eremopterix griseus,5.4196,2
Eremopterix hova,4.6659,1
Eremopterix leucopareia,5.0449,2
Eremopterix leucotis,4.6234,1
Eremopterix nigriceps,5.0525,1
Eremopterix signatus,5.1789,1
Eremopterix verticalis,5.2072,2
Eriocnemis aline,6.9023,1
Eriocnemis cupreoventris,7.2530,1
Eriocnemis derbyi,7.2435,1
Eriocnemis glaucopoides,7.1873,2
Eriocnemis isabellae,6.7218,1
Eriocnemis mirabilis,7.1719,1
Eriocnemis mosquera,7.4931,1
Eriocnemis nigrivestis,6.6953,1
Eriocnemis vestita,7.0506,2
Erithacus rubecula,6.5103,1
Erpornis zantholeuca,5.6742,1
Erythrocercus holochlorus,6.2036,1
Erythrocercus livingstonei,6.1836,1
Erythrocercus mccallii,5.7067,1
Erythrogenys erythrocnemis,5.2844,1
Erythrogenys erythrogenys,5.1310,1
Erythrogenys gravivox,6.0239,1
Erythrogenys hypoleucos,5.0137,1
Erythrogenys mcclellandi,5.3647,1
Erythrogenys swinhoei,6.0792,1
Erythrogonys cinctus,6.2220,1
Erythropitta arquata,7.1007,1
Erythropitta caeruleitorques,7.3714,1
Erythropitta celebensis,6.8963,1
Erythropitta dohertyi,6.7188,1
Erythropitta gazellae,5.2227,1
Erythropitta granatina,7.8951,1
Erythropitta kochi,6.7450,1
Erythropitta macklotii,6.4050,1
Erythropitta palliceps,6.4897,1
Erythropitta rubrinucha,7.3403,1
Erythropitta rufiventris,7.2913,1
Erythropitta splendida,6.0427,1
Erythropitta ussheri,7.1568,1
Erythropitta venusta,7.0509,1
Erythrotriorchis buergersi,6.1994,1
Erythrotriorchis radiatus,6.3050,1
Erythrura coloria,7.1229,1
Erythrura hyperythra,6.7274,1
Erythrura kleinschmidti,5.3330,1
Erythrura papuana,6.4195,1
Erythrura pealii,7.3001,1
Erythrura prasina,6.4734,1
Erythrura psittacea,6.9427,1
Erythrura trichroa,6.9532,1
Erythrura tricolor,6.1612,1
Erythrura viridifacies,6.6063,1
Esacus magnirostris,5.6521,1
Esacus recurvirostris,5.3558,1
Estrilda astrild,6.8431,1
Estrilda atricapilla,6.7247,1
Estrilda charmosyna,5.9363,1
Estrilda coerulescens,6.3510,1
Estrilda erythronotos,6.5370,1
Estrilda kandti,6.4875,1
Estrilda melpoda,6.4329,1
Estrilda nonnula,7.2618,1
Estrilda paludicola,6.4694,1
Estrilda perreini,6.5917,1
Estrilda rhodopyga,6.6072,1
Estrilda rufibarba,5.9408,1
Estrilda thomensis,6.0096,1
Estrilda troglodytes,6.5835,1
Eubucco bourcierii,6.9251,2
Eubucco tucinkae,6.7857,1
Euchrepomis callinota,5.0305,1
Euchrepomis humeralis,4.8028,1
Euchrepomis sharpei,5.7993,1
Euchrepomis spodioptila,5.3264,1
Eucometis penicillata,6.4532,1
Eudocimus albus,4.6493,1
Eudocimus ruber,5.7520,1
Eudromia elegans,5.6319,1
Eudromia formosa,4.9343,1
Eudromias morinellus,6.3883,1
Eudyptes chrysocome,6.7020,1
Eudyptes chrysolophus,6.8892,1
Eudyptes moseleyi,6.7264,1
Eudyptes pachyrhynchus,6.4191,1
Eudyptes robustus,6.8836,1
Eudyptes schlegeli,6.4825,1
Eudyptes sclateri,6.6280,1
Eudyptula minor,6.6995,1
Eugerygone rubra,5.7613,1
Eugralla paradoxa,5.6646,1
Eulabeornis castaneoventris,5.5595,1
Eulacestoma nigropectus,5.9308,2
Eulampis holosericeus,6.9007,1
Eulampis jugularis,7.4536,1
Eulidia yarrellii,7.2097,1
Eulipoa wallacei,5.5204,1
Eumomota superciliosa,7.8791,1
Eumyias additus,5.1569,1
Eumyias albicaudatus,6.8763,1
Eumyias panayensis,6.5487,1
Eumyias sordidus,6.6730,1
Eumyias thalassinus,6.1312,2
Euneornis campestris,6.7525,1
Eunymphicus cornutus,7.3564,1
Eunymphicus uvaeensis,7.1168,1
Euodice cantans,5.5559,1
Euodice malabarica,5.6465,1
Eupetes macrocerus,6.8911,1
Eupetomena macroura,7.4299,1
Euphagus carolinus,5.5626,1
Euphagus cyanocephalus,6.2340,1
Eupherusa cyanophrys,7.6390,1
Eupherusa eximia,7.4035,1
Eupherusa nigriventris,7.0711,1
Eupherusa poliocerca,7.0887,1
Euphonia anneae,6.0488,2
Euphonia cayennensis,6.2411,1
Euphonia chalybea,6.4482,1
Euphonia chlorotica,6.1321,1
Euphonia chrysopasta,5.8782,2
Euphonia concinna,6.0257,1
Euphonia cyanocephala,6.1366,2
Euphonia elegantissima,6.1157,2
Euphonia finschi,6.4902,1
Euphonia fulvicrissa,6.3632,2
Euphonia gouldi,6.4710,1
Euphonia hirundinacea,6.3049,1
Euphonia imitans,6.6570,1
Euphonia jamaica,6.0857,1
Euphonia laniirostris,6.6348,1
Euphonia luteicapilla,7.2262,1
Euphonia mesochrysa,6.7014,1
Euphonia minuta,6.7034,1
Euphonia pectoralis,6.0861,2
Euphonia plumbea,5.3580,1
Euphonia rufiventris,6.4701,1
Euphonia saturata,6.2498,2
Euphonia trinitatis,6.3685,1
Euphonia violacea,6.6632,1
Euphonia xanthogaster,6.4022,2
Euplectes afer,5.5255,1
Euplectes albonotatus,6.2790,1
Euplectes aureus,5.7319,1
Euplectes axillaris,5.3086,1
Euplectes capensis,7.0290,1
Euplectes diadematus,6.0696,1
Euplectes franciscanus,5.9072,1
Euplectes gierowii,6.3923,1
Euplectes hartlaubi,5.7597,1
Euplectes hordeaceus,5.6177,1
Euplectes jacksoni,6.3999,1
Euplectes macroura,5.3797,1
Euplectes nigroventris,6.6682,1
Euplectes orix,5.8509,2
Euplectes progne,6.7252,1
Euplectes psammacromius,6.0760,1
Eupodotis caerulescens,5.5398,1
Eupodotis senegalensis,5.3490,1
Eupsittula aurea,6.4080,1
Eupsittula cactorum,6.6868,1
Eupsittula canicularis,6.8522,1
Eupsittula pertinax,6.6309,1
Euptilotis neoxenus,7.3197,1
Euptilotus eutilotus,5.2174,1
Eurillas ansorgei,5.5294,1
Eurillas curvirostris,5.1503,1
Eurillas gracilis,5.1055,1
Eurillas latirostris,4.9147,1
Eurillas virens,5.0459,1
Eurocephalus anguitimens,6.1619,1
Eurocephalus ruppelli,6.6336,1
Eurostopodus archboldi,4.7752,1
Eurostopodus argus,5.4701,1
Eurostopodus diabolicus,6.2627,1
Eurostopodus mystacalis,4.6352,1
Eurostopodus nigripennis,5.1205,1
Eurostopodus papuensis,5.5103,1
Euryceros prevostii,6.8621,1
Eurylaimus ochromalus,7.3226,2
Euryptila subcinnamomea,5.0699,1
Eurypyga helias,6.8973,1
Eurystomus azureus,6.7064,1
Eurystomus glaucurus,6.5318,1
Eurystomus gularis,6.6049,1
Eurystomus orientalis,6.5208,1
Euscarthmus meloryphus,5.8882,1
Euscarthmus rufomarginatus,6.0647,1
Euschistospiza cinereovinacea,6.5453,1
Euschistospiza dybowskii,5.8041,1
Eutoxeres aquila,6.6262,1
Eutoxeres condamini,5.9777,1
Eutrichomyias rowleyi,5.3705,1
Eutriorchis astur,5.4294,1
Falcipennis falcipennis,6.3237,1
Falco alopex,6.4049,1
Falco amurensis,6.5138,1
Falco araeus,7.2133,1
Falco ardosiaceus,6.5788,1
Falco berigora,6.0640,1
Falco biarmicus,6.7178,1
Falco cenchroides,6.5621,1
Falco cherrug,6.6110,1
Falco columbarius,7.1746,1
Falco concolor,6.4140,1
Falco cuvierii,6.2655,1
Falco deiroleucus,7.0561,1
Falco dickinsoni,6.4623,1
Falco eleonorae,6.4731,1
Falco fasciinucha,6.2691,1
Falco femoralis,6.4561,1
Falco hypoleucos,6.1098,1
Falco jugger,6.4744,1
Falco longipennis,6.9415,1
Falco mexicanus,6.3398,1
Falco moluccensis,6.0198,1
Falco naumanni,6.4098,2
Falco newtoni,6.4602,1
Falco novaeseelandiae,6.5249,1
Falco peregrinus,7.3720,1
Falco punctatus,6.1729,1
Falco rufigularis,6.9427,1
Falco rupicoloides,6.4721,1
Falco rusticolus,6.5930,1
Falco severus,5.9396,1
Falco sparverius,6.5237,2
Falco subbuteo,7.0869,1
Falco subniger,6.4387,1
Falco vespertinus,6.7510,1
Falco zoniventris,6.6051,1
Falculea palliata,6.4624,1
Ferminia cerverai,5.4445,1
Ficedula albicilla,6.1359,2
Ficedula albicollis,6.2038,1
Ficedula basilanica,5.2308,1
Ficedula bonthaina,5.5019,1
Ficedula buruensis,5.9355,1
Ficedula crypta,5.6653,1
Ficedula dumetoria,6.1407,1
Ficedula elisae,5.9188,1
Ficedula erithacus,5.8671,1
Ficedula harterti,5.3331,1
Ficedula henrici,5.7946,2
Ficedula hodgsoni,6.2992,1
Ficedula hyperythra,6.3640,2
Ficedula luzoniensis,6.4168,1
Ficedula mugimaki,6.4797,1
Ficedula narcissina,6.6082,1
Ficedula nigrorufa,7.0013,1
Ficedula parva,6.0993,1
Ficedula platenae,6.5767,1
Ficedula riedeli,6.0961,1
Ficedula ruficauda,5.6618,1
Ficedula rufigula,5.8290,1
Ficedula sapphira,6.2770,1
Ficedula semitorquata,6.0191,1
Ficedula strophiata,6.0462,1
Ficedula subrubra,6.3850,1
Ficedula superciliaris,7.3903,1
Ficedula timorensis,5.9450,1
Ficedula tricolor,5.8207,2
Ficedula westermanni,6.2395,1
Ficedula zanthopygia,6.4769,2
Florisuga fusca,6.4081,1
Florisuga mellivora,7.1382,1
Fluvicola albiventer,6.2025,1
Fluvicola nengeta,5.9990,1
Fluvicola pica,6.5262,1
Formicarius analis,6.0272,1
Formicarius colma,5.7006,1
Formicarius nigricapillus,5.7467,1
Formicarius rufifrons,5.1158,1
Formicarius rufipectus,6.4397,1
Formicivora erythronotos,6.0855,1
Formicivora grantsaui,6.1770,2
Formicivora iheringi,5.0914,1
Formicivora melanogaster,5.9297,1
Formicivora rufa,6.0030,2
Forpus coelestis,7.1954,1
Forpus conspicillatus,6.9084,2
Forpus cyanopygius,6.6880,1
Forpus modestus,6.1663,1
Forpus passerinus,6.5557,1
Forpus xanthops,7.0537,1
Foudia aldabrana,6.8327,1
Foudia flavicans,6.7688,1
Foudia madagascariensis,6.6307,1
Foudia omissa,7.6917,1
Foudia rubra,6.7306,1
Foudia sechellarum,5.6978,1
Foulehaio carunculatus,5.3631,1
Foulehaio procerior,5.6899,1
Foulehaio taviunensis,5.5138,1
Francolinus francolinus,6.2054,1
Francolinus gularis,5.8269,1
Francolinus pictus,6.2553,1
Francolinus pintadeanus,5.8655,1
Francolinus pondicerianus,5.4320,1
Fraseria caerulescens,5.7290,1
Fraseria cinerascens,5.6881,1
Fraseria griseigularis,4.6188,1
Fraseria lendu,5.2631,1
Fraseria ocreata,5.5452,1
Fraseria olivascens,4.3336,1
Fraseria plumbea,5.4470,1
Fraseria tessmanni,5.2368,1
Fratercula arctica,7.2142,1
Fratercula cirrhata,6.5965,1
Fratercula corniculata,7.3158,1
Frederickena viridis,6.2952,1
Fregata andrewsi,5.2125,2
Fregata aquila,5.9918,1
Fregata ariel,5.2327,1
Fregata magnificens,6.1116,1
Fregata minor,5.8183,1
Fregetta grallaria,4.9847,1
Fregetta maoriana,5.1366,1
Fregetta tropica,5.0050,1
Fringilla coelebs,5.6498,1
Fringilla montifringilla,5.6871,2
Fringilla polatzeki,5.9332,1
Fringilla teydea,6.7384,1
Fulica alai,4.8957,1
Fulica americana,5.1932,1
Fulica ardesiaca,5.1035,1
Fulica armillata,5.3917,1
Fulica atra,5.5217,1
Fulica cornuta,4.9125,1
Fulica cristata,5.8729,1
Fulica gigantea,5.6763,1
Fulica leucoptera,5.1743,1
Fulica rufifrons,5.1260,1
Fulmarus glacialis,5.2757,1
Fulmarus glacialoides,5.4150,1
Fulvetta cinereiceps,5.8952,1
Fulvetta danisi,5.2909,1
Fulvetta formosana,5.6478,1
Fulvetta ludlowi,6.1633,1
Fulvetta manipurensis,6.1164,1
Fulvetta ruficapilla,5.6846,1
Fulvetta striaticollis,5.4459,1
Fulvetta vinipectus,6.3508,1
Furnarius cristatus,5.8067,1
Furnarius figulus,5.5479,2
Furnarius minor,5.6406,1
Furnarius rufus,5.7855,1
Furnarius torridus,4.8725,1
Gactornis enarratus,6.0266,1
Galbalcyrhynchus leucotis,6.9852,1
Galbalcyrhynchus purusianus,6.1118,1
Galbula chalcothorax,6.0987,1
Galbula cyanescens,6.7104,1
Galbula cyanicollis,6.9501,1
Galbula dea,7.5098,1
Galbula galbula,7.6928,1
Galbula leucogastra,6.8716,1
Galbula pastazae,7.1550,1
Galbula ruficauda,7.1760,1
Galbula tombacea,7.2017,1
Galerida deva,5.7995,1
Galerida magnirostris,4.7283,1
Galerida malabarica,5.3099,1
Galerida modesta,4.7183,1
Galerida theklae,5.4547,1
Gallicolumba crinigera,4.9399,1
Gallicolumba keayi,6.1403,1
Gallicolumba luzonica,6.2518,1
Gallicolumba platenae,5.8471,1
Gallicolumba rufigula,6.0122,1
Gallicolumba tristigmata,5.3524,1
Gallicrex cinerea,5.8087,2
Gallinago andina,5.7341,1
Gallinago delicata,5.4924,1
Gallinago gallinago,5.7639,1
Gallinago hardwickii,5.7920,1
Gallinago imperialis,5.4827,1
Gallinago jamesoni,5.4083,1
Gallinago macrodactyla,4.9477,1
Gallinago media,5.5654,1
Gallinago megala,5.6870,1
Gallinago nemoricola,5.1617,1
Gallinago nigripennis,6.2454,1
Gallinago nobilis,5.9683,1
Gallinago solitaria,5.7461,1
Gallinago stenura,5.6196,1
Gallinago stricklandii,5.4142,1
Gallinago undulata,5.9078,1
Gallinula chloropus,5.2236,1
Gallinula comeri,5.3388,1
Gallinula galeata,6.0429,1
Gallinula tenebrosa,5.8354,1
Gallirallus australis,4.8737,1
Gallirallus calayanensis,4.9802,1
Gallirex johnstoni,7.3337,1
Gallirex porphyreolophus,7.5261,1
Galloperdix bicalcarata,5.4166,1
Galloperdix lunulata,5.6034,1
Galloperdix spadicea,5.3675,2
Gallus gallus,6.6138,1
Gallus lafayettii,5.6737,2
Gallus sonneratii,5.7691,2
Gallus varius,6.5587,1
Gampsonyx swainsonii,6.0320,1
Gampsorhynchus rufulus,6.1379,1
Gampsorhynchus torquatus,5.7510,1
Garritornis isidorei,4.6682,1
Garrodia nereis,5.4144,1
Garrulax albogularis,6.0443,1
Garrulax annamensis,5.8874,1
Garrulax berthemyi,6.2454,1
Garrulax bicolor,4.2953,1
Garrulax bieti,5.1804,1
Garrulax caerulatus,5.6640,1
Garrulax calvus,4.9016,1
Garrulax canorus,6.1562,1
Garrulax castanotis,5.0965,1
Garrulax cinereifrons,4.9556,1
Garrulax courtoisi,6.0810,1
Garrulax davidi,4.8864,1
Garrulax delesserti,5.3839,1
Garrulax ferrarius,5.1937,1
Garrulax galbanus,5.2091,1
Garrulax gularis,6.0304,1
Garrulax konkakinhensis,5.7629,2
Garrulax koslowi,5.7859,1
Garrulax lanceolatus,4.9440,1
Garrulax leucolophus,6.5266,1
Garrulax lugubris,5.6927,1
Garrulax lunulatus,6.0057,1
Garrulax maesi,4.6538,1
Garrulax maximus,5.7224,1
Garrulax merulinus,5.5837,1
Garrulax milleti,6.1156,1
Garrulax monileger,5.7775,1
Garrulax nuchalis,5.7959,1
Garrulax ocellatus,6.4553,1
Garrulax palliatus,6.0136,1
Garrulax pectoralis,5.8476,1
Garrulax perspicillatus,5.2529,1
Garrulax poecilorhynchus,5.9111,1
Garrulax ruficeps,5.7585,1
Garrulax ruficollis,6.4530,1
Garrulax rufifrons,4.7324,1
Garrulax rufogularis,6.3525,1
Garrulax sannio,6.0492,1
Garrulax strepitans,5.7569,1
Garrulax sukatschewi,5.1773,1
Garrulax taewanus,5.1320,1
Garrulax treacheri,6.3288,1
Garrulax vassali,5.5128,1
Garrulax waddelli,4.5988,1
Garrulax woodi,5.1837,1
Garrulus lanceolatus,6.2187,1
Garrulus lidthi,6.4080,1
Gavia adamsii,5.9521,1
Gavia arctica,6.2505,1
Gavia immer,6.8395,1
Gavia pacifica,6.6915,1
Gavia stellata,5.9577,1
Gavicalis fasciogularis,5.4386,1
Gavicalis versicolor,5.7606,1
Gavicalis virescens,5.8487,1
Gecinulus grantia,6.0650,1
Gecinulus viridis,6.3800,1
Gennaeodryas placens,5.1779,1
Geobiastes squamiger,6.5795,1
Geocerthia serrana,5.1950,1
Geococcyx californianus,6.4400,1
Geococcyx velox,5.5899,1
Geocolaptes olivaceus,5.3313,1
Geoffroyus geoffroyi,6.6844,1
Geoffroyus simplex,5.7160,1
Geokichla camaronensis,5.2109,1
Geokichla cinerea,5.7841,1
Geokichla citrina,6.1124,2
Geokichla crossleyi,5.5052,1
Geokichla dohertyi,6.2314,1
Geokichla dumasi,4.7922,1
Geokichla erythronota,5.6333,1
Geokichla gurneyi,6.1449,1
Geokichla guttata,5.2449,1
Geokichla interpres,6.0125,1
Geokichla joiceyi,5.8992,1
Geokichla leucolaema,3.7117,1
Geokichla mendeni,5.6882,1
Geokichla oberlaenderi,4.6536,1
Geokichla peronii,6.2765,1
Geokichla piaggiae,5.9280,1
Geokichla princei,5.0042,1
Geokichla schistacea,5.4714,1
Geokichla sibirica,5.9295,1
Geokichla spiloptera,5.2499,1
Geokichla wardii,5.7531,1
Geomalia heinrichi,5.8614,1
Geopelia cuneata,6.0393,2
Geopelia humeralis,5.7776,1
Geopelia maugeus,5.6865,1
Geopelia placida,5.4746,1
Geopelia striata,5.2063,1
Geophaps plumifera,6.6143,1
Geophaps scripta,5.3012,1
Geophaps smithii,5.4059,1
Geositta antarctica,4.9014,1
Geositta crassirostris,5.1410,1
Geositta cunicularia,4.8089,1
Geositta isabellina,5.0402,1
Geositta maritima,4.6086,1
Geositta peruviana,4.8403,1
Geositta poeciloptera,5.7590,1
Geositta punensis,5.4796,1
Geositta rufipennis,5.3789,1
Geositta saxicolina,5.0304,1
Geositta tenuirostris,5.5236,1
Geospiza acutirostris,5.9677,1
Geospiza conirostris,5.5852,1
Geospiza difficilis,4.7360,1
Geospiza fortis,6.1841,1
Geospiza fuliginosa,5.2542,1
Geospiza heliobates,5.6810,1
Geospiza pallida,5.5823,1
Geospiza parvula,5.5700,1
Geospiza pauper,5.4328,2
Geospiza psittacula,5.6085,1
Geospiza scandens,5.2025,2
Geospizopsis plebejus,5.2070,1
Geospizopsis unicolor,6.0707,1
Geothlypis beldingi,5.7778,1
Geothlypis flavovelata,6.2513,1
Geothlypis formosa,6.5600,1
Geothlypis nelsoni,6.6695,1
Geothlypis philadelphia,6.5617,2
Geothlypis poliocephala,6.8360,1
Geothlypis rostrata,6.0376,1
Geothlypis speciosa,6.5260,1
Geothlypis tolmiei,6.1440,1
Geothlypis trichas,6.1425,1
Geotrygon caniceps,5.7043,1
Geotrygon chrysia,5.9434,1
Geotrygon leucometopia,5.2746,1
Geotrygon montana,5.2793,1
Geotrygon mystacea,5.7646,1
Geotrygon purpurata,6.3179,1
Geotrygon saphirina,6.2000,1
Geotrygon versicolor,6.3125,1
Geotrygon violacea,5.5536,1
Geranoaetus albicaudatus,6.6190,1
Geranoaetus melanoleucus,6.7940,1
Geranoaetus polyosoma,6.0840,1
Geranospiza caerulescens,6.0984,1
Geronticus calvus,5.7141,1
Geronticus eremita,5.1564,1
Gerygone albofrontata,5.6909,1
Gerygone chloronota,5.4080,1
Gerygone chrysogaster,4.9354,1
Gerygone dorsalis,5.2832,1
Gerygone fusca,4.9506,1
Gerygone hypoxantha,5.5032,1
Gerygone igata,4.8731,1
Gerygone inornata,5.4285,1
Gerygone levigaster,5.0188,1
Gerygone magnirostris,5.1661,1
Gerygone modesta,5.0001,1
Gerygone mouki,5.4157,1
Gerygone olivacea,5.2180,1
Gerygone palpebrosa,5.3211,1
Gerygone ruficollis,5.5906,1
Gerygone sulphurea,5.7951,1
Gerygone tenebrosa,5.5166,1
Glareola cinerea,6.4080,1
Glareola lactea,6.8369,1
Glareola maldivarum,5.9938,1
Glareola nordmanni,5.2102,1
Glareola nuchalis,6.1205,1
Glareola ocularis,6.2939,1
Glareola pratincola,6.2627,1
Glaucidium bolivianum,6.6262,1
Glaucidium castanopterum,5.6500,1
Glaucidium castanotum,7.2821,1
Glaucidium costaricanum,6.1710,1
Glaucidium cuculoides,6.6365,1
Glaucidium griseiceps,7.1144,1
Glaucidium hardyi,6.8615,1
Glaucidium jardinii,6.9708,1
Glaucidium minutissimum,7.1176,1
Glaucidium nana,7.4271,1
Glaucidium nubicola,7.0113,1
Glaucidium palmarum,7.4776,1
Glaucidium parkeri,6.7384,1
Glaucidium passerinum,7.2008,1
Glaucidium perlatum,7.3972,1
Glaucidium peruanum,7.0642,1
Glaucidium radiatum,6.9508,1
Glaucidium sanchezi,6.5951,1
Glaucidium siju,7.2126,1
Glaucidium sjostedti,6.8723,1
Glaucidium tephronotum,7.1327,1
Glaucis aeneus,6.5849,1
Glaucis dohrnii,6.6767,1
Glaucis hirsutus,7.0498,1
Gliciphila melanops,5.5173,1
Gliciphila notabilis,4.9431,1
Gliciphila undulata,5.0037,1
Glossopsitta concinna,6.9304,1
Glossopsitta porphyrocephala,6.3998,1
Glossopsitta pusilla,6.7946,1
Glycichaera fallax,5.3265,1
Glyphorynchus spirurus,5.5778,1
Gnorimopsar chopi,5.5700,1
Goethalsia bella,6.9238,2
Goldmania violiceps,6.7903,1
Goodfellowia miranda,5.8619,1
Gorsachius goisagi,5.1294,1
Gorsachius melanolophus,5.4653,1
Goura cristata,7.1857,1
Goura sclaterii,6.5374,1
Goura victoria,6.5363,1
Gracula indica,6.4465,1
Gracula ptilogenys,5.2241,1
Gracula robusta,5.8608,1
Gracupica nigricollis,5.5970,1
Grafisia torquata,5.6683,1
Grallaria albigula,5.0573,1
Grallaria alleni,5.7545,1
Grallaria andicolus,5.7589,1
Grallaria bangsi,5.3105,1
Grallaria blakei,6.2305,1
Grallaria capitalis,5.3331,1
Grallaria carrikeri,6.0998,1
Grallaria dignissima,4.5746,1
Grallaria erythroleuca,5.3251,1
Grallaria erythrotis,5.7510,1
Grallaria excelsa,4.5152,1
Grallaria fenwickorum,4.8484,1
Grallaria flavotincta,5.9315,1
Grallaria gigantea,6.0977,1
Grallaria guatimalensis,5.8740,1
Grallaria haplonota,6.2344,1
Grallaria hypoleuca,6.1696,1
Grallaria kaestneri,5.1566,1
Grallaria milleri,5.6936,1
Grallaria nuchalis,6.8100,1
Grallaria przewalskii,5.5267,1
Grallaria ridgelyi,6.0493,1
Grallaria ruficapilla,6.2159,1
Grallaria rufocinerea,6.2877,1
Grallaria squamigera,6.1878,1
Grallaria varia,5.6025,1
Grallaria watkinsi,5.2655,1
Grallaricula cucullata,5.9846,1
Grallaricula cumanensis,6.2183,1
Grallaricula ferrugineipectus,6.2218,1
Grallaricula flavirostris,6.0906,1
Grallaricula leymebambae,6.0282,1
Grallaricula lineifrons,6.7753,1
Grallaricula loricata,6.4596,1
Grallaricula nana,5.9436,1
Grallaricula ochraceifrons,5.9865,1
Grallaricula peruviana,6.5750,1
Grallina bruijnii,5.5735,1
Grallina cyanoleuca,6.6966,2
Graminicola bengalensis,5.5860,1
Graminicola striatus,5.6170,1
Grammatoptila striata,6.1457,1
Granatellus sallaei,7.0098,1
Granatina granatina,6.7231,2
Granatina ianthinogaster,6.9736,2
Grandala coelicolor,6.5787,1
Grantiella picta,5.7703,1
Graueria vittata,4.4544,1
Graydidascalus brachyurus,6.2281,1
Griseotyrannus aurantioatrocristatus,5.2090,1
Grus americana,6.3894,1
Grus grus,6.2002,1
Grus japonensis,6.5593,1
Grus monacha,6.0606,1
Grus nigricollis,6.6206,1
Guadalcanaria inexpectata,4.5425,1
Guaruba guarouba,6.8041,1
Gubernatrix cristata,6.7628,1
Gubernetes yetapa,5.6573,1
Guira guira,6.0627,1
Gulosus aristotelis,5.1007,1
Guttera plumifera,5.1136,1
Guyramemua affinis,6.3210,1
Gymnobucco peli,4.9153,1
Gymnobucco sladeni,4.5906,1
Gymnocichla nudiceps,5.5735,1
Gymnocrex plumbeiventris,4.2589,1
Gymnocrex rosenbergii,5.3772,1
Gymnocrex talaudensis,5.7407,1
Gymnoderus foetidus,5.2421,1
Gymnogyps californianus,4.1846,1
Gymnomystax mexicanus,6.5393,1
Gymnomyza aubryana,5.0883,1
Gymnomyza brunneirostris,5.0450,1
Gymnomyza samoensis,5.3386,1
Gymnomyza viridis,5.2900,1
Gymnophaps albertisii,5.6835,1
Gymnophaps mada,5.7306,1
Gymnophaps solomonensis,5.2083,1
Gymnophaps stalkeri,5.2221,1
Gymnopithys bicolor,6.2135,1
Gymnopithys leucaspis,6.0989,1
Gymnopithys rufigula,5.9593,1
Gymnorhina tibicen,6.0736,1
Gymnorhinus cyanocephalus,6.0439,1
Gymnoris dentata,5.1664,1
Gymnoris pyrgita,4.4361,1
Gymnoris superciliaris,4.9331,1
Gymnoris xanthocollis,5.2922,1
Gypaetus barbatus,6.1474,1
Gypohierax angolensis,5.3350,1
Gyps africanus,5.8338,1
Gyps bengalensis,5.6148,1
Gyps coprotheres,5.5923,1
Gyps fulvus,5.8907,1
Gyps himalayensis,5.8819,1
Gyps indicus,5.3792,1
Gyps rueppelli,6.4316,1
Gyps tenuirostris,5.7197,1
Habia atrimaxillaris,5.9955,1
Habia cristata,6.7459,1
Habia fuscicauda,5.6937,1
Habia gutturalis,6.5716,1
Habia olivacea,6.3685,1
Habia rubica,6.4818,1
Habia stolzmanni,5.1533,1
Habroptila wallacii,5.1716,1
Haematoderus militaris,6.3337,1
Haematopus chathamensis,6.1173,1
Haematopus finschi,6.4543,1
Haematopus fuliginosus,6.2921,1
Haematopus leucopodus,6.3155,1
Haematopus longirostris,6.4033,1
Haematopus moquini,6.3512,1
Haematopus ostralegus,6.1836,1
Haematopus palliatus,5.6895,1
Haematopus unicolor,5.6417,1
Haematortyx sanguiniceps,5.1933,1
Haemorhous cassinii,6.7712,1
Haemorhous mexicanus,6.3507,1
Haemorhous purpureus,6.6833,1
Hafferia fortis,5.5202,1
Hafferia immaculata,6.0089,2
Hafferia zeledoni,6.2141,1
Halcyon albiventris,6.8499,1
Halcyon badia,6.8281,1
Halcyon chelicuti,6.5060,1
Halcyon coromanda,6.7437,1
Halcyon cyanoventris,7.3356,1
Halcyon gularis,7.6035,1
Halcyon leucocephala,7.7446,1
Halcyon malimbica,7.3830,1
Halcyon pileata,7.4444,1
Halcyon senegalensis,7.3801,1
Halcyon senegaloides,6.3293,1
Halcyon smyrnensis,7.5521,1
Haliaeetus albicilla,6.9872,1
Haliaeetus leucocephalus,7.1801,1
Haliaeetus leucogaster,6.5535,1
Haliaeetus leucoryphus,7.0607,1
Haliaeetus pelagicus,6.9017,1
Haliaeetus sanfordi,6.2301,1
Haliaeetus vocifer,7.2001,1
Haliaeetus vociferoides,6.3672,1
Haliastur indus,6.6518,1
Haliastur sphenurus,5.9098,1
Halobaena caerulea,5.6831,1
Hamirostra melanosternon,6.8080,1
Hapalopsittaca amazonina,6.1733,1
Hapalopsittaca fuertesi,7.5623,1
Hapalopsittaca melanotis,4.5148,1
Hapalopsittaca pyrrhops,6.5471,1
Hapaloptila castanea,5.8609,1
Haplophaedia assimilis,6.2050,1
Haplophaedia aureliae,7.3760,2
Haplophaedia lugens,6.4220,1
Haplospiza unicolor,5.6249,2
Harpactes ardens,6.7565,2
Harpactes diardii,7.3890,1
Harpactes duvaucelii,7.5563,1
Harpactes erythrocephalus,7.3496,1
Harpactes fasciatus,7.4562,2
Harpactes kasumba,7.4080,1
Harpactes oreskios,6.8320,1
Harpactes orrhophaeus,6.9876,1
Harpactes wardi,6.2960,2
Harpactes whiteheadi,7.3034,1
Harpagus bidentatus,6.2405,1
Harpagus diodon,6.1929,1
Harpia harpyja,6.1082,1
Harpyopsis novaeguineae,5.7503,1
Hartertula flavoviridis,5.6201,1
Hartlaubius auratus,5.1374,1
Hedydipna collaris,6.6862,1
Hedydipna metallica,6.8656,1
Hedydipna pallidigaster,5.8976,2
Hedydipna platura,6.8556,1
Heleia crassirostris,5.5903,1
Heleia dohertyi,5.7326,1
Heleia goodfellowi,5.2891,1
Heleia javanica,6.0010,1
Heleia muelleri,5.1403,1
Heleia pinaiae,6.1131,1
Heleia squamiceps,5.8136,1
Heleia squamifrons,5.3535,1
Heleia superciliaris,5.7500,1
Heleia wallacei,6.4984,1
Heliactin bilophus,7.2489,1
Heliangelus exortis,7.2609,2
Heliangelus mavors,6.7390,1
Heliangelus micraster,7.0514,1
Heliangelus regalis,7.8686,1
Heliangelus strophianus,7.5592,1
Heliangelus viola,7.3593,1
Helicolestes hamatus,6.2928,1
Heliobletus contaminatus,5.0094,1
Heliodoxa aurescens,7.2888,1
Heliodoxa gularis,6.5460,1
Heliodoxa imperatrix,7.3823,1
Heliodoxa jacula,7.1270,1
Heliodoxa leadbeateri,7.5485,1
Heliodoxa rubinoides,6.7231,1
Heliodoxa xanthogonys,7.1111,2
Heliomaster constantii,6.2275,1
Heliomaster furcifer,7.2458,2
Heliomaster longirostris,6.7367,1
Heliomaster squamosus,7.3372,1
Heliopais personatus,5.6383,2
Heliornis fulica,6.0970,1
Heliothryx auritus,7.0741,2
Heliothryx barroti,7.2916,1
Hellmayrea gularis,5.0352,1
Helmitheros vermivorum,6.7324,1
Hemicircus canente,6.2520,1
Hemignathus wilsoni,6.0448,1
Hemimacronyx chloris,5.0544,1
Hemiphaga chathamensis,5.6557,1
Hemiphaga novaeseelandiae,5.6613,1
Hemiprocne comata,7.1879,1
Hemiprocne coronata,6.1475,2
Hemiprocne longipennis,6.8500,1
Hemiprocne mystacea,6.9604,1
Hemipus hirundinaceus,5.2299,1
Hemipus picatus,5.9468,1
Hemitesia neumanni,5.2255,1
Hemitesia pallidipes,5.5384,1
Hemithraupis flavicollis,6.4827,1
Hemithraupis guira,6.6143,1
Hemithraupis ruficapilla,6.3928,1
Hemitriccus cinnamomeipectus,5.8655,1
Hemitriccus cohnhafti,5.0960,1
Hemitriccus diops,5.8920,1
Hemitriccus flammulatus,5.3398,1
Hemitriccus furcatus,5.5193,1
Hemitriccus granadensis,5.7552,1
Hemitriccus griseipectus,5.2651,1
Hemitriccus inornatus,4.7333,1
Hemitriccus iohannis,5.1480,1
Hemitriccus kaempferi,5.5451,1
Hemitriccus margaritaceiventer,5.2431,1
Hemitriccus minimus,4.7607,1
Hemitriccus minor,5.1752,1
Hemitriccus mirandae,5.7258,1
Hemitriccus nidipendulus,5.8172,1
Hemitriccus obsoletus,5.4683,1
Hemitriccus orbitatus,5.2399,1
Hemitriccus rufigularis,4.9785,1
Hemitriccus spodiops,4.9468,1
Hemitriccus striaticollis,6.2456,1
Hemitriccus zosterops,5.3793,1
Hemixos castanonotus,6.1437,1
Hemixos flavala,6.3691,1
Hemixos leucogrammicus,5.7235,1
Henicopernis infuscatus,5.9153,1
Henicopernis longicauda,5.9867,1
Henicophaps albifrons,6.0622,1
Henicorhina anachoreta,5.5184,1
Henicorhina leucophrys,5.7077,1
Henicorhina leucoptera,6.0841,1
Henicorhina leucosticta,5.2041,1
Henicorhina negreti,6.0675,1
Herpetotheres cachinnans,6.9819,1
Herpsilochmus atricapillus,5.5220,2
Herpsilochmus axillaris,5.6923,2
Herpsilochmus dorsimaculatus,5.7864,2
Herpsilochmus dugandi,5.6237,1
Herpsilochmus gentryi,4.0665,1
Herpsilochmus longirostris,5.6180,2
Herpsilochmus motacilloides,5.2608,1
Herpsilochmus parkeri,5.5453,1
Herpsilochmus pectoralis,5.3222,2
Herpsilochmus pileatus,5.4522,1
Herpsilochmus praedictus,5.4338,1
Herpsilochmus roraimae,5.3563,1
Herpsilochmus sellowi,5.5388,1
Herpsilochmus stictocephalus,5.2982,1
Herpsilochmus sticturus,5.2405,1
Herpsilochmus stotzi,4.3200,1
Hesperiphona abeillei,6.3083,1
Hesperiphona vespertina,6.0559,1
Heterocercus aurantiivertex,5.3992,2
Heterocercus flavivertex,5.7972,2
Heterocercus linteatus,6.4734,1
Heteromirafra archeri,5.1687,1
Heteromirafra ruddi,5.1497,1
Heteromunia pectoralis,5.4604,1
Heteromyias cinereifrons,5.6212,1
Heteronetta atricapilla,5.0165,1
Heterophasia auricularis,6.3227,1
Heterophasia capistrata,7.1075,1
Heterophasia desgodinsi,6.4248,1
Heterophasia gracilis,5.3285,1
Heterophasia melanoleuca,6.1295,1
Heterophasia picaoides,5.4510,1
Heterophasia pulchella,5.9041,1
Heteroscenes pallidus,5.2274,2
Heterospingus rubrifrons,5.4007,1
Heterospingus xanthopygius,6.3177,1
Heterotetrax humilis,5.2337,1
Heterotetrax rueppelii,4.7584,1
Heterotetrax vigorsii,5.0320,1
Heteroxenicus stellatus,6.5505,1
Hieraaetus ayresii,6.4616,1
Hieraaetus morphnoides,6.6226,1
Hieraaetus pennatus,6.8223,1
Hieraaetus wahlbergi,6.8711,1
Hieraaetus weiskei,5.8637,1
Hierococcyx bocki,5.1410,1
Hierococcyx fugax,5.4737,1
Hierococcyx hyperythrus,5.5538,1
Hierococcyx nisicolor,5.9699,1
Hierococcyx pectoralis,5.3475,1
Hierococcyx sparverioides,4.9580,1
Hierococcyx vagans,6.0660,1
Hierococcyx varius,5.5050,1
Himalayapsitta cyanocephala,6.9047,1
Himalayapsitta finschii,7.3678,1
Himalayapsitta himalayana,7.0294,1
Himalayapsitta roseata,6.8031,2
Himantopus novaezelandiae,6.2911,1
Himantornis haematopus,4.6245,1
Himatione sanguinea,6.7101,1
Hippolais icterina,5.7843,1
Hippolais languida,4.7135,1
Hippolais olivetorum,4.9448,1
Hippolais polyglotta,5.0094,1
Hirundapus caudacutus,5.6048,1
Hirundapus celebensis,4.5265,1
Hirundapus cochinchinensis,4.8089,1
Hirundapus giganteus,5.5369,1
Hirundo aethiopica,6.1339,1
Hirundo albigularis,6.4855,1
Hirundo angolensis,6.0548,1
Hirundo atrocaerulea,5.8862,2
Hirundo dimidiata,6.1183,1
Hirundo leucosoma,5.2234,1
Hirundo lucida,5.9449,1
Hirundo megaensis,6.9748,1
Hirundo neoxena,5.8959,1
Hirundo nigrita,6.3885,1
Hirundo nigrorufa,5.4509,1
Hirundo rustica,6.6180,1
Hirundo smithii,5.8470,1
Histrionicus histrionicus,6.0335,1
Histurgops ruficauda,5.4139,1
Hodgsonius phaenicuroides,6.6923,1
Hoploxypterus cayanus,7.0172,1
Horornis acanthizoides,5.5251,1
Horornis annae,5.1547,1
Horornis brunnescens,5.5059,1
Horornis canturians,5.5548,1
Horornis carolinae,4.5658,1
Horornis diphone,5.4615,1
Horornis fortipes,5.3089,1
Horornis haddeni,4.8476,1
Horornis parens,4.5656,1
Horornis ruficapilla,5.5423,1
Horornis seebohmi,5.1372,1
Houbaropsis bengalensis,5.3509,1
Humblotia flavirostris,6.1217,1
Hydrobates castro,5.6057,1
Hydrobates furcatus,5.2383,1
Hydrobates homochroa,5.1100,1
Hydrobates hornbyi,5.4266,1
Hydrobates jabejabe,4.9669,1
Hydrobates leucorhous,4.7638,1
Hydrobates markhami,4.9140,1
Hydrobates matsudairae,5.4898,1
Hydrobates melania,5.3220,1
Hydrobates microsoma,4.6588,1
Hydrobates monorhis,4.9142,1
Hydrobates monteiroi,5.5827,1
Hydrobates pelagicus,5.4247,1
Hydrobates socorroensis,4.8412,1
Hydrobates tethys,5.1245,1
Hydrobates tristrami,5.1970,1
Hydrochous gigas,4.4166,1
Hydrocoloeus minutus,5.7925,1
Hydrophasianus chirurgus,6.0273,1
Hydroprogne caspia,5.7988,1
Hydropsalis cayennensis,6.2544,1
Hydropsalis climacocerca,6.0893,1
Hydropsalis maculicaudus,5.4810,1
Hydropsalis torquata,5.9638,1
Hydrornis baudii,6.7552,1
Hydrornis caeruleus,6.3531,1
Hydrornis cyaneus,6.6820,1
Hydrornis elliotii,7.0225,2
Hydrornis guajanus,6.9893,2
Hydrornis gurneyi,6.5520,1
Hydrornis irena,7.1090,2
Hydrornis nipalensis,6.2114,1
Hydrornis oatesi,6.1963,2
Hydrornis phayrei,6.2428,2
Hydrornis schneideri,6.6843,1
Hydrornis schwaneri,7.1821,1
Hydrornis soror,6.7035,2
Hylatomus pileatus,6.2716,2
Hylatomus schulzii,6.2933,2
Hylexetastes stresemanni,5.2137,1
Hylia prasina,4.8323,1
Hyliota australis,5.6997,1
Hyliota flavigaster,5.0677,1
Hyliota usambara,4.9358,1
Hyliota violacea,5.7131,2
Hylocichla mustelina,5.9373,1
Hylomanes momotula,7.0468,1
Hylonympha macrocerca,6.6753,1
Hylopezus auricularis,5.4463,1
Hylopezus berlepschi,5.5203,1
Hylopezus dives,5.8700,1
Hylopezus fulviventris,5.6829,1
Hylopezus nattereri,5.1787,1
Hylopezus ochroleucus,5.4323,1
Hylopezus perspicillatus,6.0434,1
Hylophilus amaurocephalus,5.8783,1
Hylophilus brunneiceps,4.9596,1
Hylophilus olivaceus,4.6561,1
Hylophilus pectoralis,5.7766,1
Hylophilus poicilotis,6.1189,1
Hylophilus semicinereus,5.3556,1
Hylophylax naevioides,5.7493,1
Hylophylax naevius,6.0362,1
Hylophylax punctulatus,5.8773,1
Hylopsar cupreocauda,5.5123,1
Hylopsar purpureiceps,6.5816,1
Hylorchilus navai,5.3420,1
Hylorchilus sumichrasti,5.6085,1
Hymenolaimus malacorhynchos,5.3574,1
Hymenops perspicillatus,5.3252,2
Hypargos margaritatus,7.0775,1
Hypargos niveoguttatus,6.5644,1
Hypergerus atriceps,5.8386,1
Hypocnemis cantator,5.7956,1
Hypocnemis flavescens,5.4617,1
Hypocnemis hypoxantha,5.7293,1
Hypocnemis ochrogyna,6.1028,1
Hypocnemis peruviana,5.8719,1
Hypocnemis rondoni,5.7312,2
Hypocnemis striata,5.5410,1
Hypocnemis subflava,5.3712,1
Hypocnemoides maculicauda,5.6997,1
Hypocnemoides melanopogon,5.6018,1
Hypocolius ampelinus,5.7319,2
Hypocryptadius cinnamomeus,4.2894,1
Hypoedaleus guttatus,5.6354,1
Hypopyrrhus pyrohypogaster,6.4756,1
Hypositta corallirostris,5.8966,1
Hypotaenidia insignis,4.1444,1
Hypotaenidia okinawae,5.8185,1
Hypotaenidia owstoni,5.0717,1
Hypotaenidia philippensis,5.3736,1
Hypotaenidia rovianae,5.1726,1
Hypotaenidia sylvestris,4.8982,1
Hypotaenidia torquata,5.5704,1
Hypothymis azurea,7.5220,1
Hypothymis coelestis,6.4258,2
Hypothymis helenae,6.2721,1
Hypothymis puella,6.5532,1
Hypsipetes affinis,5.2653,1
Hypsipetes amaurotis,5.0630,1
Hypsipetes aureus,5.5411,1
Hypsipetes borbonicus,5.1316,1
Hypsipetes chloris,5.8518,1
Hypsipetes crassirostris,5.7205,1
Hypsipetes ganeesa,5.9348,1
Hypsipetes leucocephalus,5.5938,1
Hypsipetes lucasi,5.4479,1
Hypsipetes madagascariensis,4.7674,1
Hypsipetes moheliensis,5.2918,1
Hypsipetes mysticalis,5.3455,1
Hypsipetes olivaceus,4.9685,1
Hypsipetes parvirostris,4.8668,1
Hypsipetes platenae,4.5100,1
Hypsipetes rufigularis,4.9829,1
Hypsipetes siquijorensis,4.7067,1
Hypsipetes thompsoni,6.6136,1
Ibidorhyncha struthersii,6.1446,1
Ibycter americanus,6.0932,1
Icteria virens,6.5533,1
Icterus abeillei,5.7135,1
Icterus auratus,6.9617,1
Icterus auricapillus,6.3922,1
Icterus bonana,5.8102,1
Icterus bullockiorum,7.0197,1
Icterus chrysater,6.6462,1
Icterus croconotus,7.3923,1
Icterus cucullatus,6.1189,1
Icterus dominicensis,6.4085,1
Icterus galbula,7.1310,1
Icterus graceannae,6.8530,1
Icterus graduacauda,6.4702,1
Icterus gularis,6.3712,1
Icterus icterus,6.8529,1
Icterus jamacaii,7.2507,1
Icterus laudabilis,5.6898,1
Icterus leucopteryx,6.1570,1
Icterus maculialatus,6.8541,1
Icterus melanopsis,6.0010,1
Icterus mesomelas,6.5901,1
Icterus nigrogularis,6.7007,1
Icterus northropi,6.0854,1
Icterus oberi,5.4620,2
Icterus parisorum,6.1941,1
Icterus pectoralis,5.8180,1
Icterus portoricensis,5.8672,1
Icterus prosthemelas,7.0155,1
Icterus pustulatus,6.3300,1
Icterus pyrrhopterus,5.3578,1
Icterus wagleri,6.7386,1
Icthyophaga humilis,5.4889,1
Icthyophaga ichthyaetus,5.9989,1
Ictinaetus malaiensis,6.2221,1
Ictinia mississippiensis,6.1610,1
Ictinia plumbea,6.1760,1
Idiopsar brachyurus,5.2921,1
Iduna caligata,5.5408,1
Iduna natalensis,6.0723,1
Iduna opaca,4.9932,1
Iduna pallida,4.3777,1
Iduna rama,4.7040,1
Iduna similis,5.5770,1
Ifrita kowaldi,5.9515,2
Ilicura militaris,6.5408,2
Illadopsis albipectus,4.9061,1
Illadopsis cleaveri,5.0658,1
Illadopsis fulvescens,4.7475,1
Illadopsis puveli,4.6382,1
Illadopsis pyrrhoptera,4.5883,1
Illadopsis rufescens,4.4418,1
Illadopsis turdina,5.5268,1
Incana incana,4.3298,1
Incaspiza laeta,5.5773,1
Incaspiza ortizi,6.0213,1
Incaspiza personata,5.3899,1
Incaspiza pulchra,6.1714,1
Incaspiza watkinsi,5.6603,1
Indicator archipelagicus,5.0076,1
Indicator exilis,4.2018,1
Indicator indicator,5.0443,1
Indicator maculatus,4.5215,1
Indicator meliphilus,4.8276,1
Indicator pumilio,4.6130,1
Indicator variegatus,4.6728,1
Indicator willcocksi,4.6243,1
Indicator xanthonotus,4.9490,2
Inezia caudata,5.4416,1
Inezia inornata,5.0757,1
Inezia subflava,5.2421,1
Inezia tenuirostris,5.2872,1
Iodopleura fusca,4.9926,1
Iodopleura isabellae,6.1066,2
Iodopleura pipra,5.5349,1
Iole finschii,4.7770,1
Iole palawanensis,4.7983,1
Irania gutturalis,5.8893,2
Irediparra gallinacea,5.6385,1
Irena cyanogastra,6.0046,1
Iridophanes pulcherrimus,6.3084,2
Iridosornis analis,6.7424,1
Iridosornis jelskii,6.8664,1
Iridosornis porphyrocephalus,7.3050,1
Iridosornis reinhardti,6.3270,1
Iridosornis rufivertex,7.0176,1
Isleria guttata,6.0535,1
Isleria hauxwelli,5.2602,2
Islerothraupis cristata,6.1319,1
Islerothraupis luctuosa,6.2386,2
Islerothraupis rufiventer,5.4215,1
Ispidina lecontei,7.0930,1
Ispidina picta,7.0894,1
Ithaginis cruentus,6.8095,1
Ixidia cyaniventris,5.4693,1
Ixidia erythropthalmos,4.6475,1
Ixidia squamata,5.8882,1
Ixobrychus cinnamomeus,6.1626,1
Ixobrychus dubius,5.4598,1
Ixobrychus eurhythmus,5.4221,1
Ixobrychus exilis,5.9928,2
Ixobrychus flavicollis,5.4966,1
Ixobrychus involucris,5.7069,1
Ixobrychus minutus,5.9412,2
Ixobrychus sinensis,6.8560,1
Ixobrychus sturmii,6.0130,1
Ixonotus guttatus,4.8791,1
Ixoreus naevius,6.2108,2
Ixos malaccensis,5.0241,1
Ixos mcclellandii,5.7880,1
Ixos nicobariensis,4.3851,1
Jabiru mycteria,5.9206,1
Jacamaralcyon tridactyla,6.0741,1
Jacamerops aureus,7.3848,1
Jacana jacana,5.8997,1
Jacana spinosa,6.4862,1
Junco bairdi,5.4096,1
Junco hyemalis,5.2621,2
Junco insularis,4.6124,1
Junco phaeonotus,5.5142,1
Junco vulcani,5.1882,1
Jynx ruficollis,5.4715,1
Jynx torquilla,5.2286,1
Kakamega poliothorax,4.8230,1
Kaupifalco monogrammicus,6.3986,1
Kempiella flavovirescens,6.1799,1
Kempiella griseoceps,5.6413,1
Kenopia striata,5.0514,1
Ketupa flavipes,7.0699,1
Ketupa ketupu,6.9545,1
Ketupa zeylonensis,6.7175,1
Kittacincla albiventris,6.2640,1
Kittacincla cebuensis,5.9582,1
Kittacincla luzoniensis,5.8850,1
Kittacincla malabarica,6.2560,1
Kittacincla nigra,5.9238,1
Kittacincla superciliaris,6.0629,1
Klais guimeti,6.9576,1
Kleinothraupis calophrys,6.3633,1
Kleinothraupis parodii,5.9975,1
Kleinothraupis reyi,6.3704,1
Knipolegus cabanisi,5.4600,2
Knipolegus cyanirostris,5.5605,2
Knipolegus franciscanus,4.9645,1
Knipolegus hudsoni,5.4216,2
Knipolegus lophotes,5.0125,1
Knipolegus nigerrimus,5.2962,1
Knipolegus poecilocercus,6.3440,1
Knipolegus poecilurus,5.4266,1
Knipolegus signatus,4.8969,2
Knipolegus striaticeps,5.5108,2
Kupeornis gilberti,4.9760,1
Kupeornis rufocinctus,5.6100,1
Kurochkinegramma hypogrammica,6.2446,1
Lafresnaya lafresnayi,7.3368,2
Lagonosticta nitidula,6.8860,1
Lagonosticta rara,6.5982,1
Lagonosticta rhodopareia,6.5968,1
Lagonosticta rufopicta,6.2893,1
Lagonosticta sanguinodorsalis,6.1490,1
Lagonosticta senegala,6.4507,2
Lagonosticta umbrinodorsalis,6.1599,1
Lagonosticta virata,5.3720,1
Lagopus lagopus,5.4911,1
Lagopus leucura,6.8064,1
Lagopus muta,6.0385,2
Lalage aurea,5.8118,1
Lalage fimbriata,5.1976,1
Lalage leucomela,5.5526,2
Lalage leucopyga,5.7410,1
Lalage leucopygialis,5.1908,1
Lalage maculosa,5.5476,1
Lalage melanoptera,5.0977,1
Lalage melaschistos,5.8543,1
Lalage moesta,5.2699,1
Lalage newtoni,5.9936,1
Lalage nigra,5.1943,2
Lalage polioptera,5.5305,1
Lalage sharpei,5.0337,1
Lalage sueurii,4.8692,1
Lalage tricolor,5.4828,1
Lalage typica,5.1735,1
Lampornis amethystinus,7.1570,1
Lampornis calolaemus,7.2613,1
Lampornis clemenciae,6.5734,1
Lampornis hemileucus,6.4900,1
Lampornis sybillae,6.5184,2
Lampornis viridipallens,7.1949,1
Lamprolaima rhami,6.9956,1
Lamprolia klinesmithi,5.9975,1
Lamprolia victoriae,5.7449,1
Lampropsar tanagrinus,5.6184,1
Lamprospiza melanoleuca,6.0845,2
Lamprotornis acuticaudus,6.1743,1
Lamprotornis albicapillus,5.4948,1
Lamprotornis australis,5.7373,1
Lamprotornis bicolor,5.7988,1
Lamprotornis caudatus,6.1156,1
Lamprotornis chalcurus,7.2671,1
Lamprotornis chalybaeus,6.8973,1
Lamprotornis chloropterus,7.1167,1
Lamprotornis fischeri,5.6809,1
Lamprotornis hildebrandti,6.6096,1
Lamprotornis iris,7.1626,1
Lamprotornis nitens,6.5915,1
Lamprotornis ornatus,5.6122,1
Lamprotornis pulcher,5.8316,1
Lamprotornis purpureus,6.9289,1
Lamprotornis purpuroptera,6.7824,1
Lamprotornis regius,6.9383,1
Lamprotornis shelleyi,6.3799,1
Lamprotornis splendidus,6.9132,1
Lamprotornis superbus,7.1401,1
Lamprotornis unicolor,5.7992,1
Laniarius amboimensis,6.6498,1
Laniarius atrococcineus,6.9290,1
Laniarius atroflavus,5.9233,1
Laniarius barbarus,7.6384,1
Laniarius bicolor,6.0398,1
Laniarius brauni,6.7764,1
Laniarius erythrogaster,6.9402,1
Laniarius ferrugineus,5.6460,1
Laniarius fuelleborni,5.1983,1
Laniarius funebris,5.3085,1
Laniarius holomelas,5.2813,1
Laniarius leucorhynchus,5.5583,1
Laniarius luehderi,6.4505,1
Laniarius mufumbiri,6.6199,1
Laniarius nigerrimus,5.3426,1
Laniarius ruficeps,6.3395,1
Laniarius sublacteus,5.7887,1
Laniarius turatii,5.2699,1
Laniellus albonotatus,5.4195,1
Laniellus langbianis,5.4495,1
Lanio aurantius,5.5730,1
Lanio fulvus,5.6370,1
Lanio leucothorax,6.0400,1
Lanio versicolor,5.8520,1
Laniocera hypopyrra,5.0106,1
Laniocera rufescens,5.1157,1
Lanioturdus torquatus,6.2875,1
Lanius borealis,6.3223,1
Lanius bucephalus,5.8072,1
Lanius cabanisi,5.9851,1
Lanius collurio,6.3105,1
Lanius collurioides,6.5965,1
Lanius cristatus,5.9475,1
Lanius dorsalis,6.4128,1
Lanius excubitor,6.0440,1
Lanius excubitoroides,6.2411,1
Lanius gubernator,6.3518,1
Lanius isabellinus,6.0917,1
Lanius ludovicianus,6.4538,1
Lanius mackinnoni,6.6344,1
Lanius meridionalis,6.4526,1
Lanius minor,6.5650,1
Lanius newtoni,6.3941,1
Lanius nubicus,6.4184,1
Lanius phoenicuroides,6.3776,1
Lanius schach,6.9238,1
Lanius senator,5.8683,2
Lanius somalicus,6.6371,1
Lanius souzae,5.9405,1
Lanius sphenocercus,6.9381,1
Lanius tephronotus,5.9888,1
Lanius tigrinus,6.2757,2
Lanius validirostris,6.2410,1
Lanius vittatus,6.2656,1
Larosterna inca,5.8664,1
Larus armenicus,5.3547,1
Larus atlanticus,5.0451,1
Larus atricilla,5.4662,1
Larus audouinii,5.5396,1
Larus belcheri,5.4373,1
Larus brunnicephalus,5.7499,1
Larus bulleri,5.3864,1
Larus cachinnans,5.4534,1
Larus californicus,5.6925,1
Larus cirrocephalus,5.5747,1
Larus crassirostris,4.8972,1
Larus delawarensis,4.8441,1
Larus dominicanus,5.7005,1
Larus fuliginosus,5.2347,1
Larus fuscus,4.8629,1
Larus genei,5.1581,1
Larus glaucescens,4.5043,1
Larus glaucoides,4.5213,1
Larus hartlaubii,5.3936,1
Larus heermanni,5.0233,1
Larus hemprichii,4.7289,1
Larus hyperboreus,4.7013,1
Larus ichthyaetus,5.6636,1
Larus leucophthalmus,4.9057,1
Larus livens,5.0705,1
Larus maculipennis,5.4898,1
Larus marinus,5.2403,1
Larus melanocephalus,5.3218,1
Larus michahellis,4.8176,1
Larus modestus,5.8452,1
Larus novaehollandiae,5.0462,1
Larus occidentalis,4.9149,1
Larus pacificus,5.1262,1
Larus philadelphia,6.2443,1
Larus pipixcan,4.6889,1
Larus relictus,5.7181,1
Larus ridibundus,5.5759,1
Larus schistisagus,4.6279,1
Larus scoresbii,4.9072,1
Larus serranus,5.6404,1
Larvivora brunnea,6.1141,1
Larvivora cyane,6.6438,2
Larvivora ruficeps,5.4134,1
Larvivora sibilans,5.9765,1
Laterallus albigularis,5.8412,1
Laterallus exilis,5.3367,1
Laterallus flaviventer,6.2199,1
Laterallus leucopyrrhus,5.7824,1
Laterallus levraudi,5.6487,1
Laterallus melanophaius,5.8856,1
Laterallus ruber,5.6490,1
Laterallus spilonota,4.9193,1
Laterallus spilopterus,4.9426,1
Laterallus xenopterus,5.7480,1
Lathamus discolor,7.3742,1
Lathrotriccus euleri,4.9555,1
Lathrotriccus griseipectus,5.5344,1
Laticilla burnesii,5.1500,1
Laticilla cinerascens,5.3057,1
Legatus leucophaius,5.1099,1
Leiopicus auriceps,6.4869,2
Leiopicus mahrattensis,6.0773,2
Leiopicus medius,6.4936,1
Leioptila annectens,5.9568,1
Leiothlypis celata,6.1962,1
Leiothlypis crissalis,6.1489,1
Leiothlypis luciae,5.7736,2
Leiothlypis peregrina,6.9600,1
Leiothlypis ruficapilla,6.4215,1
Leiothlypis virginiae,5.7423,1
Leiothrix lutea,7.1406,1
Leipoa ocellata,4.8278,1
Leistes bellicosus,6.5062,1
Leistes defilippii,5.8831,1
Leistes loyca,6.2563,1
Leistes militaris,5.4576,1
Leistes superciliaris,5.8756,1
Leonardina woodi,6.0152,1
Lepidocolaptes albolineatus,5.8036,1
Lepidocolaptes angustirostris,5.8380,1
Lepidocolaptes duidae,5.3059,1
Lepidocolaptes falcinellus,5.7212,1
Lepidocolaptes fatimalimae,4.9902,1
Lepidocolaptes fuscicapillus,5.1110,2
Lepidocolaptes lacrymiger,5.8322,1
Lepidocolaptes leucogaster,5.4075,1
Lepidocolaptes souleyetii,5.0942,1
Lepidocolaptes squamatus,5.6757,1
Lepidogrammus cumingi,6.5055,1
Lepidopygia nana,5.6112,1
Lepidothrix coeruleocapilla,6.7007,1
Lepidothrix coronata,6.3127,1
Lepidothrix iris,6.7836,1
Lepidothrix isidorei,6.7570,1
Lepidothrix nattereri,7.0473,1
Lepidothrix serena,6.9235,2
Lepidothrix suavissima,5.6326,1
Lepidothrix vilasboasi,5.8939,2
Leptasthenura andicola,5.3843,1
Leptasthenura fuliginiceps,6.1187,1
Leptasthenura pileata,5.3906,1
Leptasthenura platensis,6.1775,1
Leptasthenura setaria,5.5491,1
Leptasthenura striata,4.5014,1
Leptasthenura striolata,5.1655,1
Leptasthenura xenothorax,5.3063,1
Leptocoma aspasia,5.8709,1
Leptocoma brasiliana,6.0959,2
Leptocoma calcostetha,7.3391,1
Leptocoma minima,6.9967,2
Leptocoma zeylonica,6.0025,2
Leptodon cayanensis,6.3984,1
Leptodon forbesi,6.3369,1
Leptopoecile elegans,6.3611,2
Leptopoecile sophiae,7.4383,1
Leptopogon amaurocephalus,5.1271,1
Leptopogon rufipectus,5.2119,1
Leptopogon taczanowskii,5.1743,1
Leptopterus chabert,6.3076,1
Leptoptilos crumenifer,4.6258,1
Leptoptilos dubius,4.9050,1
Leptoptilos javanicus,5.1850,1
Leptosittaca branickii,7.4289,1
Leptosomus discolor,5.7492,1
Leptotila cassinii,5.3857,1
Leptotila conoveri,5.2276,1
Leptotila jamaicensis,5.9822,1
Leptotila megalura,5.2730,1
Leptotila ochraceiventris,5.6699,1
Leptotila pallida,5.1901,1
Leptotila rufaxilla,5.5207,1
Leptotila verreauxi,5.0148,1
Leptotila wellsi,5.3167,1
Leptotrygon veraguensis,5.1642,1
Lerwa lerwa,5.7875,1
Lesbia nuna,7.3481,2
Lesbia victoriae,6.7722,1
Lessonia oreas,5.7597,1
Lessonia rufa,5.3384,2
Leucippus baeri,6.4678,1
Leucippus chlorocercus,6.1687,1
Leucippus fallax,6.4275,1
Leucocarbo bougainvilliorum,5.4154,1
Leucocarbo campbelli,5.7536,1
Leucocarbo carunculatus,5.8387,1
Leucocarbo chalconotus,5.2388,1
Leucocarbo colensoi,5.8249,1
Leucocarbo magellanicus,5.9761,1
Leucocarbo onslowi,5.2068,1
Leucocarbo ranfurlyi,5.1716,1
Leucocarbo verrucosus,5.3800,1
Leucochloris albicollis,7.3811,1
Leucogeranus leucogeranus,5.8854,1
Leuconotopicus albolarvatus,6.2437,2
Leuconotopicus arizonae,6.3166,1
Leuconotopicus borealis,6.2184,1
Leuconotopicus fumigatus,6.1557,1
Leuconotopicus stricklandi,5.8151,1
Leuconotopicus villosus,6.1782,2
Leucopsar rothschildi,7.0635,1
Leucopternis kuhli,6.1151,1
Leucopternis melanops,6.1826,1
Leucopternis semiplumbeus,6.7894,1
Leucosarcia melanoleuca,6.4235,1
Leucosticte arctoa,5.9237,1
Leucosticte atrata,6.7589,1
Leucosticte australis,6.1677,1
Leucosticte brandti,5.0048,1
Leucosticte nemoricola,5.2869,1
Leucosticte tephrocotis,5.8880,1
Lewinia mirifica,4.2313,1
Lewinia pectoralis,5.2496,1
Lewinia striata,5.5209,1
Lichenostomus cratitius,5.2739,1
Lichenostomus melanops,6.3872,1
Lichmera alboauricularis,4.9584,1
Lichmera argentauris,5.4399,1
Lichmera deningeri,6.1217,1
Lichmera flavicans,6.3344,1
Lichmera incana,5.5230,1
Lichmera lombokia,5.7157,1
Lichmera monticola,5.4298,1
Lichmera notabilis,5.0686,1
Lichmera squamata,5.1502,1
Limnoctites rectirostris,5.3221,1
Limnodromus griseus,5.4966,1
Limnodromus scolopaceus,5.3107,1
Limnodromus semipalmatus,5.6958,1
Limnornis curvirostris,5.6982,1
Limnothlypis swainsonii,5.4488,1
Limosa fedoa,5.5793,1
Limosa haemastica,5.5652,1
Limosa lapponica,6.1775,1
Limosa limosa,6.1009,1
Linaria cannabina,5.6384,2
Linaria flavirostris,5.7959,1
Linaria yemenensis,5.7597,1
Linurgus olivaceus,6.5539,1
Liocichla bugunorum,6.6949,1
Liocichla omeiensis,5.9675,1
Liocichla phoenicea,6.4818,1
Liocichla ripponi,6.5796,1
Liocichla steerii,6.8321,1
Lioparus chrysotis,6.6405,1
Liosceles thoracicus,5.1634,1
Lipaugus ater,5.8283,2
Lipaugus conditus,5.6099,1
Lipaugus fuscocinereus,5.4402,1
Lipaugus lanioides,4.8744,1
Lipaugus streptophorus,5.7684,1
Lipaugus unirufus,6.1607,1
Lipaugus uropygialis,5.2466,1
Lipaugus vociferans,5.1142,1
Lipaugus weberi,5.7264,1
Lissotis hartlaubii,6.0453,1
Lissotis melanogaster,5.9597,1
Loboparadisea sericea,6.0919,1
Lobotos oriolinus,6.0078,1
Lochmias nematura,5.5776,1
Locustella accentor,4.9826,1
Locustella alishanensis,4.8850,1
Locustella amnicola,4.6460,1
Locustella caudata,4.3476,1
Locustella certhiola,5.3314,1
Locustella chengi,4.6075,1
Locustella davidi,5.1313,1
Locustella fasciolata,4.6848,1
Locustella fluviatilis,4.8284,1
Locustella kashmirensis,6.3936,2
Locustella lanceolata,4.6372,1
Locustella luscinioides,4.5320,1
Locustella luteoventris,4.4643,1
Locustella montis,4.9510,1
Locustella naevia,5.3921,1
Locustella ochotensis,4.7454,1
Locustella pleskei,5.4217,1
Locustella pryeri,4.9178,1
Locustella seebohmi,4.2559,1
Locustella tacsanowskia,4.8347,1
Locustella thoracica,5.6059,1
Loddigesia mirabilis,8.0252,1
Lonchura atricapilla,6.1509,1
Lonchura caniceps,5.5957,1
Lonchura castaneothorax,6.9276,1
Lonchura ferruginosa,5.7154,1
Lonchura flaviprymna,6.1150,1
Lonchura forbesi,5.6452,1
Lonchura fuscans,5.5306,1
Lonchura fuscata,6.0460,1
Lonchura grandis,6.1763,1
Lonchura kelaarti,5.5448,1
Lonchura leucogastra,5.5591,1
Lonchura leucogastroides,6.1456,1
Lonchura maja,6.1472,1
Lonchura malacca,6.4005,1
Lonchura melaena,5.8958,1
Lonchura molucca,5.4774,1
Lonchura montana,6.2515,1
Lonchura monticola,5.7384,1
Lonchura nevermanni,5.9525,1
Lonchura oryzivora,6.9111,1
Lonchura pallida,6.7264,1
Lonchura punctulata,6.1154,1
Lonchura quinticolor,6.3955,1
Lonchura spectabilis,6.1903,1
Lonchura striata,5.9345,1
Lonchura stygia,6.6582,1
Lonchura teerinki,5.3847,1
Lonchura vana,5.9199,1
Lophaetus occipitalis,7.1700,1
Lophoceros alboterminatus,5.3481,1
Lophoceros bradfieldi,6.0373,1
Lophoceros camurus,5.9448,1
Lophoceros hemprichii,6.2564,1
Lophoceros nasutus,5.6806,1
Lophoceros pallidirostris,4.5866,1
Lophodytes cucullatus,6.0800,1
Lophoictinia isura,6.3807,1
Lopholaimus antarcticus,5.9980,1
Lophonetta specularioides,5.4073,1
Lophophanes cristatus,6.4975,1
Lophophanes dichrous,6.8751,1
Lophophorus impejanus,6.8192,2
Lophophorus lhuysii,5.9512,1
Lophophorus sclateri,4.7499,1
Lophorina intercedens,5.5920,1
Lophorina magnifica,6.2767,1
Lophorina paradisea,6.8013,2
Lophorina victoriae,6.1805,1
Lophornis adorabilis,6.9949,2
Lophornis brachylophus,6.6416,1
Lophornis chalybeus,6.6420,2
Lophornis delattrei,6.9437,2
Lophornis gouldii,6.4058,2
Lophornis helenae,7.2099,1
Lophornis magnificus,6.8424,2
Lophornis ornatus,7.8109,1
Lophornis pavoninus,6.4662,1
Lophornis stictolophus,7.2787,1
Lophospingus griseocristatus,6.2013,1
Lophospingus pusillus,6.3776,1
Lophostrix cristata,7.3091,1
Lophotibis cristata,5.5215,1
Lophotis gindiana,5.2530,1
Lophotis ruficrista,5.7296,1
Lophotis savilei,5.9080,1
Lophotriccus eulophotes,5.2422,1
Lophotriccus galeatus,5.1132,1
Lophotriccus pileatus,5.6535,1
Lophotriccus vitiosus,5.3979,1
Lophotriorchis kienerii,6.6996,1
Lophura bulweri,5.0856,1
Lophura diardi,5.4324,1
Lophura inornata,5.4775,1
Lophura leucomelanos,5.9664,2
Lophura nycthemera,6.7910,1
Lophura swinhoii,5.9885,2
Loriculus amabilis,7.1422,1
Loriculus aurantiifrons,6.9052,1
Loriculus beryllinus,7.0815,1
Loriculus catamene,6.8682,2
Loriculus exilis,6.8314,1
Loriculus flosculus,4.9667,1
Loriculus galgulus,7.0101,2
Loriculus pusillus,7.0421,1
Loriculus sclateri,7.0087,1
Loriculus stigmatus,6.3336,1
Loriculus tener,5.7515,1
Loriculus vernalis,6.9262,1
Lorius chlorocercus,6.6137,1
Lorius domicella,7.0999,1
Lorius garrulus,6.6038,1
Lorius hypoinochrous,6.7817,1
Lorius lory,7.6710,1
Loxia leucoptera,5.9707,1
Loxia megaplaga,5.3137,1
Loxia pytyopsittacus,6.1851,1
Loxia scotica,5.5160,1
Loxigilla barbadensis,5.1368,1
Loxigilla noctis,6.5293,1
Loxioides bailleui,6.1031,1
Loxipasser anoxanthus,5.3480,1
Loxops caeruleirostris,6.1118,1
Loxops coccineus,6.6598,1
Lullula arborea,5.1781,1
Lurocalis rufiventris,5.2770,1
Lurocalis semitorquatus,5.5587,2
Luscinia luscinia,5.2166,1
Luscinia megarhynchos,5.3528,1
Lybius chaplini,5.2223,1
Lybius guifsobalito,5.7979,1
Lybius rubrifacies,5.5666,1
Lybius torquatus,6.3229,1
Lybius undatus,5.5040,1
Lybius vieilloti,5.7126,1
Lymnocryptes minimus,5.6420,1
Lyncornis macrotis,6.1028,1
Lyncornis temminckii,5.1527,1
Lyrurus mlokosiewiczi,5.7630,1
Lyrurus tetrix,6.2643,1
Macgregoria pulchra,5.6378,1
Machaerirhynchus flaviventer,7.2336,1
Machaerirhynchus nigripectus,7.1320,1
Machaeropterus deliciosus,6.6232,1
Machaeropterus eckelberryi,5.6260,1
Machaeropterus pyrocephalus,6.4820,2
Machaeropterus regulus,6.9296,1
Machaeropterus striolatus,7.3544,1
Macheiramphus alcinus,6.3355,1
Machetornis rixosa,5.3661,1
Machlolophus holsti,6.7400,1
Machlolophus nuchalis,6.0457,1
Machlolophus spilonotus,6.8936,1
Mackenziaena leachii,6.1544,2
Mackenziaena severa,5.8774,1
Macroagelaius imthurni,5.3547,1
Macroagelaius subalaris,5.5365,1
Macrocephalon maleo,5.6912,2
Macronectes giganteus,4.5700,1
Macronectes halli,5.2588,1
Macronus ptilosus,6.4622,1
Macronus striaticeps,5.2823,1
Macronyx ameliae,5.8537,1
Macronyx aurantiigula,5.3980,1
Macronyx capensis,5.6776,1
Macronyx croceus,6.1088,1
Macronyx flavicollis,5.7874,1
Macronyx fuelleborni,5.4734,1
Macronyx grimwoodi,5.5245,1
Macronyx sharpei,4.8568,1
Macropsalis forcipata,6.0927,2
Macropygia macassariensis,5.1678,1
Macropygia mackinlayi,5.1593,1
Macropygia magna,5.2492,1
Macropygia nigrirostris,5.8500,1
Macropygia phasianella,5.5030,2
Macropygia ruficeps,5.4065,1
Macropygia rufipennis,5.7386,1
Macropygia timorlaoensis,5.3897,1
Macropygia unchall,5.3967,1
Macrosphenus concolor,4.8701,1
Macrosphenus flavicans,5.2264,1
Macrosphenus kempi,4.8993,1
Macrosphenus kretschmeri,4.2955,1
Macrosphenus pulitzeri,5.6324,1
Madanga ruficollis,5.6362,1
Magumma parva,6.0344,1
Malacocincla abbotti,5.1963,1
Malacocincla sepiaria,4.8282,1
Malaconotus alius,4.9153,1
Malaconotus blanchoti,6.3759,1
Malaconotus cruentus,6.4352,1
Malaconotus gladiator,5.1759,1
Malaconotus lagdeni,6.1938,1
Malaconotus monteiri,6.6706,1
Malacopteron affine,5.3309,1
Malacopteron albogulare,5.3265,1
Malacopteron cinereum,5.2555,1
Malacopteron magnirostre,4.6578,1
Malacopteron magnum,5.1344,1
Malacopteron palawanense,5.4719,1
Malacoptila fulvogularis,5.2142,1
Malacoptila fusca,6.7676,1
Malacoptila mystacalis,6.0791,2
Malacoptila panamensis,5.7491,1
Malacoptila rufa,5.6295,1
Malacoptila semicincta,6.4091,1
Malacorhynchus membranaceus,5.6047,1
Malcorus pectoralis,5.5435,1
Malia grata,5.0453,1
Malimbus ballmanni,5.3512,1
Malimbus cassini,6.7371,1
Malimbus coronatus,5.4827,2
Malimbus erythrogaster,5.3105,1
Malimbus malimbicus,5.6819,1
Malimbus nitens,6.6677,1
Malimbus racheliae,6.2763,2
Malimbus rubricollis,5.6030,1
Malimbus scutatus,5.5530,1
Malindangia mcgregori,5.4992,1
Malurus alboscapulatus,6.4208,1
Malurus amabilis,7.6317,1
Malurus assimilis,7.5490,2
Malurus coronatus,7.5472,1
Malurus cyaneus,7.4295,1
Malurus cyanocephalus,6.5712,2
Malurus elegans,6.7705,1
Malurus lamberti,6.9228,2
Malurus leucopterus,7.3765,1
Malurus melanocephalus,6.6570,2
Malurus pulcherrimus,7.1272,1
Malurus splendens,7.2807,1
Manacus aurantiacus,6.6228,2
Manacus candei,6.4390,1
Manacus manacus,6.9883,1
Manacus vitellinus,6.7722,1
Mandingoa nitidula,6.6724,2
Manorina flavigula,5.8700,1
Manorina melanocephala,5.6171,1
Manorina melanophrys,5.2253,1
Manorina melanotis,5.8125,1
Manucerthia mana,5.6581,1
Manucodia ater,5.5890,1
Manucodia chalybatus,6.1639,1
Manucodia comrii,5.2474,1
Manucodia jobiensis,5.0562,1
Mareca americana,6.0990,1
Mareca falcata,5.9751,1
Mareca penelope,5.4565,1
Mareca sibilatrix,5.8823,1
Mareca strepera,6.0862,1
Margarobyas lawrencii,6.7763,1
Margaroperdix madagarensis,5.5660,1
Margarops fuscatus,4.6204,1
Margarornis bellulus,5.1798,1
Margarornis rubiginosus,5.8330,1
Margarornis squamiger,6.4565,1
Margarornis stellatus,5.3963,1
Marmaronetta angustirostris,5.4961,1
Maschalethraupis surinama,5.7972,1
Masius chrysopterus,6.1110,1
Mayrornis lessoni,5.5938,1
Mayrornis schistaceus,4.3551,1
Mayrornis versicolor,5.4400,1
Mazaria propinqua,4.8728,1
Mearnsia novaeguineae,5.2008,1
Mearnsia picina,5.0719,1
Mecocerculus calopterus,6.2024,1
Mecocerculus hellmayri,5.2271,1
Mecocerculus leucophrys,6.5316,1
Mecocerculus minor,5.7095,1
Mecocerculus poecilocercus,6.0044,1
Mecocerculus stictopterus,5.5165,1
Megabyas flammulatus,5.4388,2
Megaceryle alcyon,7.3254,1
Megaceryle lugubris,7.3270,1
Megaceryle maxima,6.9420,1
Megaceryle torquata,6.9826,1
Megacrex inepta,4.6667,1
Megadyptes antipodes,6.9888,1
Megalampitta gigantea,4.3747,1
Megaloprepia formosa,5.8564,1
Megaloprepia magnifica,6.7977,1
Megalurulus mariae,5.2035,1
Megalurus palustris,5.0434,1
Megapodius bernsteinii,4.7113,1
Megapodius cumingii,4.5147,1
Megapodius decollatus,4.4664,1
Megapodius eremita,4.3128,1
Megapodius geelvinkianus,4.2637,1
Megapodius laperouse,5.1921,1
Megapodius layardi,4.3615,1
Megapodius nicobariensis,4.5896,1
Megapodius reinwardt,5.2893,1
Megapodius tenimberensis,4.4704,1
Megarynchus pitangua,5.7659,1
Megascops asio,7.1787,1
Megascops atricapilla,6.6636,1
Megascops barbarus,6.5116,1
Megascops choliba,6.2292,1
Megascops clarkii,7.1597,1
Megascops cooperi,6.9807,1
Megascops gilesi,6.6640,1
Megascops hoyi,6.9047,1
Megascops kennicottii,7.0030,1
Megascops koepckeae,6.6697,1
Megascops marshalli,6.9346,1
Megascops nudipes,6.2399,1
Megascops petersoni,6.8444,1
Megascops roboratus,6.5188,1
Megascops sanctaecatarinae,6.8304,1
Megascops seductus,6.2931,1
Megascops trichopsis,6.5133,1
Megascops watsonii,6.7404,1
Megastictus margaritatus,4.6082,1
Megatriorchis doriae,5.4842,1
Megaxenops parnaguae,6.0673,1
Megazosterops palauensis,5.2994,1
Meiglyptes jugularis,5.8927,1
Meiglyptes tukki,6.2153,1
Melaenornis annamarulae,4.6224,1
Melaenornis ardesiacus,5.4236,1
Melaenornis brunneus,5.7163,1
Melaenornis chocolatinus,5.6668,1
Melaenornis edolioides,5.8075,1
Melaenornis fischeri,5.6593,1
Melaenornis herero,5.2074,1
Melaenornis pammelaina,5.7813,1
Melaenornis semipartitus,7.1791,1
Melaenornis silens,5.7340,1
Melampitta lugubris,5.7898,1
Melanerpes aurifrons,7.0000,2
Melanerpes cactorum,6.2661,1
Melanerpes candidus,6.8637,1
Melanerpes carolinus,7.1918,1
Melanerpes chrysauchen,6.5672,2
Melanerpes chrysogenys,6.3628,1
Melanerpes cruentatus,5.8890,1
Melanerpes erythrocephalus,7.1709,1
Melanerpes flavifrons,6.4174,1
Melanerpes formicivorus,6.6843,1
Melanerpes herminieri,6.0705,1
Melanerpes hoffmannii,6.9391,1
Melanerpes hypopolius,5.6231,1
Melanerpes lewis,6.1587,1
Melanerpes portoricensis,6.3472,1
Melanerpes pucherani,6.4001,1
Melanerpes pulcher,6.2207,2
Melanerpes pygmaeus,6.0830,1
Melanerpes radiolatus,6.7926,1
Melanerpes rubricapillus,6.1224,2
Melanerpes striatus,6.4153,1
Melanerpes superciliaris,7.1181,1
Melanerpes uropygialis,6.2435,1
Melaniparus afer,6.3664,1
Melaniparus albiventris,6.0538,1
Melaniparus carpi,5.8625,1
Melaniparus cinerascens,5.7969,1
Melaniparus fasciiventer,5.8179,1
Melaniparus fringillinus,5.4740,1
Melaniparus funereus,5.6273,1
Melaniparus griseiventris,4.9549,1
Melaniparus guineensis,5.6449,1
Melaniparus leucomelas,6.1202,1
Melaniparus leuconotus,6.1534,1
Melaniparus niger,5.9452,1
Melaniparus thruppi,5.6556,1
Melanitta americana,5.7895,2
Melanitta deglandi,5.6477,1
Melanitta fusca,4.5242,1
Melanitta nigra,5.1075,2
Melanitta perspicillata,5.3057,1
Melanitta stejnegeri,6.4175,1
Melanocharis arfakiana,5.3847,1
Melanocharis longicauda,5.4106,1
Melanocharis nigra,5.3239,1
Melanocharis striativentris,5.0103,1
Melanocharis versteri,6.2702,1
Melanochlora sultanea,7.2871,1
Melanocorypha bimaculata,4.8745,1
Melanocorypha calandra,5.5540,1
Melanocorypha maxima,4.6096,1
Melanocorypha mongolica,5.1009,1
Melanocorypha yeltoniensis,4.7464,2
Melanodera melanodera,6.1522,1
Melanodera xanthogramma,5.9742,2
Melanodryas cucullata,6.4600,2
Melanodryas vittata,5.5456,1
Melanopareia elegans,6.6125,1
Melanopareia maranonica,6.8007,2
Melanopareia maximiliani,6.5803,1
Melanopareia torquata,6.5060,1
Melanoptila glabrirostris,5.7038,1
Melanorectes nigrescens,4.6613,2
Melanospiza bicolor,5.4869,1
Melanospiza richardsoni,5.4538,1
Melanotis caerulescens,5.5802,1
Melanotis hypoleucus,5.4765,1
Meleagris gallopavo,4.1189,1
Meleagris ocellata,4.9826,1
Meliarchus sclateri,5.6321,1
Melichneutes robustus,4.4672,1
Melidectes belfordi,5.2820,1
Melidectes fuscus,5.5607,1
Melidectes leucostephes,5.6207,1
Melidectes nouhuysi,5.2894,1
Melidectes ochromelas,5.1251,1
Melidectes rufocrissalis,5.6341,1
Melidectes torquatus,5.8524,1
Melidora macrorrhina,6.8692,1
Melierax canorus,6.1465,1
Melierax metabates,6.9183,1
Melierax poliopterus,6.7839,1
Melignomon eisentrauti,4.4854,1
Melignomon zenkeri,4.4193,1
Melilestes megarhynchus,5.2218,1
Meliphacator provocator,5.5808,1
Meliphaga aruensis,5.1274,1
Meliphaga lewinii,5.5996,1
Meliphaga notata,5.2406,1
Melipotes ater,5.7974,1
Melipotes fumigatus,5.8365,1
Melipotes gymnops,6.1033,1
Melithreptus affinis,5.9798,1
Melithreptus albogularis,6.1178,1
Melithreptus brevirostris,5.1192,1
Melithreptus chloropsis,5.5087,1
Melithreptus lunatus,6.4235,1
Melithreptus validirostris,5.8578,1
Melitograis gilolensis,5.4226,1
Mellisuga helenae,7.1219,1
Mellisuga minima,6.5383,1
Melloria quoyi,5.6375,1
Melocichla mentalis,4.7951,1
Melopsittacus undulatus,6.4030,1
Melospiza georgiana,5.6854,1
Melospiza lincolnii,5.6699,1
Melospiza melodia,5.6638,1
Melozone aberti,5.0614,1
Melozone albicollis,4.7894,1
Melozone biarcuata,5.8691,1
Melozone cabanisi,5.9022,1
Melozone crissalis,4.9488,1
Melozone fusca,5.2726,1
Melozone kieneri,5.8802,1
Mentocrex beankaensis,4.9456,1
Mentocrex kioloides,5.3578,1
Menura alberti,5.7909,1
Menura novaehollandiae,6.6184,1
Merganetta armata,5.5035,2
Mergellus albellus,5.7016,2
Mergus merganser,5.9399,1
Mergus octosetaceus,5.1183,2
Mergus serrator,5.7438,2
Mergus squamatus,6.1119,1
Meropogon forsteni,7.4096,1
Merops albicollis,6.6533,1
Merops americanus,7.7850,1
Merops apiaster,7.4670,1
Merops boehmi,7.6809,1
Merops breweri,6.8063,1
Merops bullockoides,7.2227,1
Merops bulocki,7.4419,1
Merops gularis,7.1591,1
Merops hirundineus,7.3714,1
Merops leschenaulti,6.7349,1
Merops malimbicus,7.0716,1
Merops mentalis,7.6498,1
Merops muelleri,7.0248,1
Merops nubicoides,7.6428,1
Merops nubicus,7.7227,1
Merops oreobates,7.4302,1
Merops ornatus,7.5904,1
Merops persicus,7.2468,1
Merops philippinus,7.5222,1
Merops pusillus,7.7720,1
Merops revoilii,7.3012,1
Merops superciliosus,7.6910,1
Merops viridis,7.3092,1
Merulaxis ater,5.9617,1
Merulaxis stresemanni,5.3491,2
Mesembrinibis cayennensis,5.7323,1
Mesitornis unicolor,5.4191,1
Mesitornis variegatus,5.7365,1
Metabolus godeffroyi,5.8503,1
Metabolus rugensis,6.1900,1
Metabolus takatsukasae,5.4061,1
Metallura aeneocauda,6.3685,1
Metallura baroni,5.9659,2
Metallura eupogon,6.5812,2
Metallura iracunda,7.1476,1
Metallura odomae,7.4042,1
Metallura phoebe,6.5170,1
Metallura theresiae,7.1440,2
Metallura tyrianthina,6.9252,1
Metallura williami,6.9141,1
Metopidius indicus,6.0806,1
Metopothrix aurantiaca,5.9230,1
Metriopelia aymara,4.9451,1
Metriopelia ceciliae,5.6136,1
Metriopelia melanoptera,5.4885,1
Metriopelia morenoi,5.5802,1
Micrastur buckleyi,6.0596,1
Micrastur gilvicollis,6.0479,1
Micrastur mintoni,6.0725,1
Micrastur mirandollei,6.0046,1
Micrastur plumbeus,5.7927,1
Micrastur ruficollis,6.4255,1
Micrastur semitorquatus,6.6576,1
Micrathene whitneyi,6.5854,1
Microbates cinereiventris,5.9197,1
Microbates collaris,5.2847,1
Microcarbo africanus,4.4754,1
Microcarbo coronatus,5.1253,1
Microcarbo melanoleucos,5.7342,1
Microcarbo niger,4.4968,1
Microcarbo pygmaeus,4.9766,1
Microcerculus bambla,4.8521,1
Microcerculus marginatus,5.3997,1
Microcerculus philomela,5.0507,1
Microcerculus ustulatus,5.1200,1
Microchera albocoronata,7.7354,1
Microdynamis parva,5.5339,1
Microeca fascinans,6.2609,1
Microeca hemixantha,5.8504,1
Microhierax caerulescens,7.1633,1
Microhierax erythrogenys,6.5322,1
Microhierax fringillarius,6.8806,1
Microhierax latifrons,6.5804,2
Microhierax melanoleucos,6.3235,1
Microligea palustris,5.8252,1
Micromacronus leytensis,4.6584,1
Micromacronus sordidus,5.4650,1
Micromonacha lanceolata,6.1911,1
Micronisus gabar,6.5392,1
Microparra capensis,5.9936,1
Micropsitta bruijnii,7.0181,1
Micropsitta finschii,7.0643,1
Micropsitta geelvinkiana,6.7951,1
Micropsitta keiensis,6.5837,1
Micropsitta meeki,5.4876,1
Micropsitta pusio,6.7574,1
Micropternus brachyurus,6.3657,1
Microptilotis albilineatus,4.8351,1
Microptilotis albonotatus,5.1685,1
Microptilotis cinereifrons,5.1668,1
Microptilotis flavirictus,4.4754,1
Microptilotis fordianus,5.2414,1
Microptilotis gracilis,5.6109,1
Microptilotis montanus,5.2735,1
Microptilotis orientalis,4.8421,1
Microptilotis reticulatus,4.8233,1
Micropygia schomburgkii,6.3133,1
Microrhopias quixensis,6.2865,1
Microspingus alticola,5.9069,1
Microspingus cabanisi,6.0203,1
Microspingus cinereus,4.9402,1
Microspingus erythrophrys,6.7764,1
Microspingus lateralis,6.6233,1
Microspingus melanoleucus,6.1194,1
Microspingus trifasciatus,6.4979,1
Microstilbon burmeisteri,6.9193,1
Microtarsus melanoleucos,5.2079,1
Microxenops milleri,5.2673,1
Milvago chimachima,6.4087,1
Milvus milvus,5.7418,1
Mimus dorsalis,5.2887,1
Mimus gilvus,5.4810,1
Mimus graysoni,4.5190,1
Mimus gundlachii,4.9662,1
Mimus longicaudatus,5.1624,1
Mimus macdonaldi,5.5790,1
Mimus melanotis,4.9432,1
Mimus parvulus,5.0246,1
Mimus patagonicus,4.6833,1
Mimus polyglottos,5.2580,1
Mimus saturninus,5.2339,1
Mimus thenca,4.9467,1
Mimus trifasciatus,5.0786,1
Mimus triurus,5.1176,1
Minla ignotincta,5.6480,1
Mino anais,6.2114,1
Mino dumontii,6.0981,1
Mino kreffti,6.2268,1
Mionectes macconnelli,5.4527,1
Mionectes oleagineus,5.1589,1
Mionectes rufiventris,6.0890,1
Mionectes striaticollis,5.6224,1
Mirafra affinis,5.2557,1
Mirafra albicauda,4.7009,1
Mirafra angolensis,4.8351,1
Mirafra apiata,4.8285,1
Mirafra assamica,4.9426,1
Mirafra cheniana,5.2618,1
Mirafra collaris,5.1368,1
Mirafra erythrocephala,4.8852,1
Mirafra erythroptera,4.8979,1
Mirafra fasciolata,4.4926,1
Mirafra gilletti,4.7231,1
Mirafra hypermetra,4.8665,1
Mirafra microptera,4.6158,1
Mirafra passerina,4.4920,1
Mirafra pulpa,4.7759,1
Mirafra rufocinnamomea,5.1161,1
Mirafra somalica,4.9389,1
Mirafra williamsi,5.1974,1
Mitrephanes olivaceus,5.6022,1
Mitrephanes phaeocercus,5.8310,1
Mitrospingus cassinii,6.0678,1
Mitrospingus oleagineus,5.1316,1
Mitu salvini,5.0317,1
Mitu tomentosum,5.5461,1
Mitu tuberosum,5.3311,1
Mixornis bornensis,5.2578,1
Mixornis gularis,5.5386,1
Mixornis kelleyi,5.3416,1
Mniotilta varia,6.6228,1
Modulatrix stictigula,4.7828,1
Mohoua albicilla,6.2090,1
Mohoua novaeseelandiae,5.6447,1
Mohoua ochrocephala,6.5121,1
Molothrus ater,5.4731,1
Molothrus bonariensis,5.8420,1
Molothrus oryzivorus,6.2835,1
Molothrus rufoaxillaris,5.3544,1
Momotus aequatorialis,7.0762,1
Momotus bahamensis,7.4058,1
Momotus coeruliceps,7.6535,1
Momotus lessonii,7.7589,1
Momotus mexicanus,6.8952,1
Momotus momota,6.7951,1
Momotus subrufescens,7.1369,1
Monarcha cinerascens,5.8525,1
Monarcha frater,6.4334,1
Monarcha melanopsis,5.9549,1
Monarcha richardsii,5.9081,1
Monasa atra,6.1079,1
Monasa flavirostris,5.3335,1
Monasa morphoeus,6.0169,1
Monasa nigrifrons,5.9691,1
Monias benschi,5.4218,1
Montecincla cachinnans,5.7659,1
Montecincla fairbanki,5.7634,1
Montecincla jerdoni,4.9694,1
Montecincla meridionalis,4.9569,1
Monticola angolensis,5.1207,1
Monticola brevipes,6.6513,1
Monticola cinclorhyncha,6.6754,1
Monticola explorator,5.6703,2
Monticola gularis,6.9877,1
Monticola rufiventris,6.5861,2
Monticola rufocinereus,6.3197,1
Monticola rupestris,6.5754,1
Monticola saxatilis,6.4698,1
Monticola semirufus,5.8197,1
Monticola solitarius,5.5080,1
Montifringilla adamsi,5.3052,1
Montifringilla henrici,5.5452,1
Montifringilla nivalis,5.6504,1
Morococcyx erythropygus,6.1554,1
Morphnarchus princeps,6.1211,1
Morphnus guianensis,5.6918,1
Morus bassanus,6.5614,1
Morus capensis,6.0428,1
Morus serrator,5.7664,1
Motacilla aguimp,5.6633,1
Motacilla alba,5.8083,1
Motacilla capensis,5.0331,1
Motacilla cinerea,4.9458,2
Motacilla citreola,5.7744,1
Motacilla clara,5.6500,1
Motacilla flava,5.1573,1
Motacilla flaviventris,6.0199,1
Motacilla grandis,5.7390,1
Motacilla maderaspatensis,5.9995,1
Motacilla samveasnae,5.9344,1
Motacilla tschutschensis,5.8079,1
Moupinia poecilotis,5.6835,1
Mulleripicus fuliginosus,5.8900,1
Mulleripicus fulvus,5.7984,1
Mulleripicus funebris,5.8412,1
Mulleripicus pulverulentus,6.0367,2
Muscicapa adusta,6.2479,1
Muscicapa aquatica,5.2991,1
Muscicapa cassini,5.9208,1
Muscicapa epulata,5.7367,1
Muscicapa ferruginea,6.5267,1
Muscicapa gambagae,5.0403,1
Muscicapa griseisticta,5.5002,1
Muscicapa muttui,5.4341,1
Muscicapa randi,4.1134,1
Muscicapa segregata,5.4231,1
Muscicapa sethsmithi,5.7536,1
Muscicapa sibirica,6.2108,1
Muscicapa striata,5.6926,1
Muscigralla brevicauda,4.8623,1
Muscipipra vetula,5.2802,1
Muscisaxicola albifrons,4.9890,1
Muscisaxicola albilora,5.2242,1
Muscisaxicola alpinus,4.9907,1
Muscisaxicola capistratus,5.6023,1
Muscisaxicola cinereus,5.5801,1
Muscisaxicola flavinucha,5.0896,1
Muscisaxicola fluviatilis,4.6840,1
Muscisaxicola frontalis,5.3860,1
Muscisaxicola griseus,5.0114,1
Muscisaxicola juninensis,5.5059,1
Muscisaxicola maclovianus,5.6785,1
Muscisaxicola maculirostris,5.1788,1
Musophaga rossae,7.1038,1
Musophaga violacea,7.0236,1
Myadestes coloratus,5.8881,1
Myadestes elisabeth,5.5030,1
Myadestes genibarbis,5.9798,1
Myadestes melanops,6.1074,1
Myadestes obscurus,5.0047,1
Myadestes occidentalis,5.6247,1
Myadestes palmeri,5.1421,1
Myadestes ralloides,5.3324,1
Myadestes townsendi,5.3663,1
Myadestes unicolor,5.3510,1
Mycerobas affinis,6.3091,2
Mycerobas carnipes,6.0178,2
Mycerobas icterioides,5.6668,2
Mycerobas melanozanthos,5.8170,2
Mycteria americana,5.1869,1
Mycteria cinerea,5.6053,1
Mycteria ibis,5.4104,1
Mycteria leucocephala,5.9772,1
Myiagra albiventris,5.4524,1
Myiagra alecto,6.4966,2
Myiagra atra,6.1600,1
Myiagra azureocapilla,6.8818,1
Myiagra caledonica,6.5433,1
Myiagra castaneigularis,6.3146,1
Myiagra cervinicauda,5.7472,1
Myiagra cyanoleuca,6.0271,1
Myiagra erythrops,6.5977,1
Myiagra ferrocyanea,6.3414,1
Myiagra galeata,5.8936,1
Myiagra inquieta,6.1711,2
Myiagra nana,5.8124,1
Myiagra oceanica,5.7393,1
Myiagra pluto,6.3012,1
Myiagra rubecula,6.0407,1
Myiagra ruficollis,6.7636,1
Myiagra vanikorensis,6.8058,1
Myiarchus antillarum,4.8595,1
Myiarchus apicalis,5.7528,1
Myiarchus barbirostris,5.4918,1
Myiarchus cephalotes,6.2074,1
Myiarchus cinerascens,5.2738,1
Myiarchus crinitus,6.1722,1
Myiarchus ferox,5.2018,1
Myiarchus magnirostris,5.9613,1
Myiarchus nugator,5.8480,1
Myiarchus nuttingi,5.5051,1
Myiarchus oberi,5.3638,1
Myiarchus panamensis,5.3998,1
Myiarchus phaeocephalus,5.6285,1
Myiarchus sagrae,5.6011,1
Myiarchus semirufus,5.6978,1
Myiarchus stolidus,5.6490,1
Myiarchus swainsoni,5.3380,1
Myiarchus tuberculifer,5.9148,1
Myiarchus tyrannulus,5.7494,1
Myiarchus validus,5.2805,1
Myiarchus venezuelensis,5.0246,1
Myiarchus yucatanensis,5.4069,1
Myiobius atricaudus,6.1264,1
Myiobius barbatus,5.3731,1
Myiobius sulphureipygius,6.2013,1
Myiobius villosus,5.6800,1
Myioborus albifrons,6.1799,1
Myioborus brunniceps,6.8349,1
Myioborus castaneocapilla,7.2221,1
Myioborus flavivertex,6.5407,1
Myioborus melanocephalus,6.8183,1
Myioborus miniatus,6.9078,1
Myioborus pariae,5.8837,1
Myioborus pictus,6.6075,1
Myioborus torquatus,7.3249,1
Myiodynastes bairdii,5.6143,1
Myiodynastes luteiventris,5.5152,1
Myiomela diana,6.4748,1
Myiopagis cotta,5.1343,1
Myiopagis flavivertex,4.9267,1
Myiopagis gaimardii,5.3529,1
Myiopagis olallai,5.8188,1
Myiopagis subplacens,5.4038,1
Myiopagis viridicata,5.8534,1
Myiophobus cryptoxanthus,5.6098,1
Myiophobus flavicans,6.2993,1
Myiophobus inornatus,5.3225,1
Myiophobus phoenicomitra,5.7819,1
Myiophobus roraimae,5.1164,1
Myiornis albiventris,5.8417,1
Myiornis atricapillus,6.2551,1
Myiornis auricularis,6.4456,1
Myiornis ecaudatus,6.7562,1
Myiotheretes fumigatus,4.9034,1
Myiotheretes fuscorufus,5.5315,1
Myiotheretes pernix,5.3134,1
Myiotheretes striaticollis,5.8193,1
Myiothlypis basilica,6.5397,1
Myiothlypis cinereicollis,5.4454,1
Myiothlypis conspicillata,6.0132,1
Myiothlypis coronata,6.3413,1
Myiothlypis flaveola,6.5725,1
Myiothlypis fraseri,6.5238,1
Myiothlypis fulvicauda,5.6094,1
Myiothlypis leucoblephara,6.0776,1
Myiothlypis leucophrys,5.7856,1
Myiothlypis nigrocristata,6.8190,1
Myiothlypis signata,6.2329,1
Myiozetetes cayanensis,6.2786,1
Myiozetetes granadensis,5.8754,1
Myiozetetes luteiventris,5.6691,1
Myiozetetes similis,5.9187,1
Myophonus blighi,5.3905,2
Myophonus borneensis,6.3181,1
Myophonus caeruleus,6.1495,1
Myophonus castaneus,5.8902,2
Myophonus glaucinus,6.2945,1
Myophonus horsfieldii,6.6327,1
Myophonus insularis,6.5553,1
Myophonus melanurus,6.7171,1
Myophonus robinsoni,5.9223,1
Myornis senilis,5.3683,1
Myrmeciza longipes,5.8190,1
Myrmecocichla aethiops,5.0445,1
Myrmecocichla formicivora,5.6947,1
Myrmecocichla melaena,5.6493,1
Myrmecocichla monticola,6.0608,1
Myrmecocichla nigra,6.4141,1
Myrmecocichla tholloni,5.4043,1
Myrmelastes brunneiceps,4.3370,1
Myrmelastes caurensis,5.7039,2
Myrmelastes humaythae,5.3877,1
Myrmelastes hyperythrus,5.6102,2
Myrmelastes leucostigma,5.3984,1
Myrmelastes rufifacies,4.7585,1
Myrmelastes saturatus,5.6972,1
Myrmelastes schistaceus,4.9164,2
Myrmia micrura,5.9614,1
Myrmoborus leucophrys,6.1604,1
Myrmoborus lophotes,6.1022,1
Myrmoborus lugubris,5.5912,2
Myrmoborus melanurus,5.7183,1
Myrmoborus myotherinus,5.8660,1
Myrmochanes hemileucus,6.0234,2
Myrmoderus eowilsoni,5.6194,1
Myrmoderus ferrugineus,6.4775,1
Myrmoderus loricatus,5.8661,1
Myrmoderus ruficauda,5.4089,2
Myrmoderus squamosus,5.8007,1
Myrmophylax atrothorax,4.9381,1
Myrmorchilus strigilatus,5.6275,2
Myrmothera simplex,5.5198,1
Myrmotherula ambigua,4.7640,1
Myrmotherula assimilis,5.1022,1
Myrmotherula behni,5.1857,1
Myrmotherula brachyura,5.9636,2
Myrmotherula cherriei,5.4337,2
Myrmotherula grisea,4.7127,1
Myrmotherula ignota,5.5609,2
Myrmotherula iheringi,6.3728,1
Myrmotherula klagesi,5.6710,1
Myrmotherula longicauda,5.4857,1
Myrmotherula longipennis,5.5310,1
Myrmotherula menetriesii,5.4228,2
Myrmotherula minor,5.1032,2
Myrmotherula multostriata,5.9104,2
Myrmotherula pacifica,5.8813,1
Myrmotherula schisticolor,5.0521,1
Myrmotherula sclateri,6.1511,1
Myrmotherula snowi,5.1277,1
Myrmotherula sunensis,4.4860,1
Myrmotherula surinamensis,5.8125,1
Myrmotherula unicolor,5.2607,1
Myrmotherula urosticta,5.1665,1
Myrtis fanny,6.9816,2
Mystacornis crossleyi,5.9135,1
Myza celebensis,5.1497,1
Myza sarasinorum,5.4438,1
Myzomela adolphinae,6.1242,1
Myzomela albigula,4.6744,1
Myzomela blasii,4.8260,1
Myzomela boiei,6.2014,1
Myzomela caledonica,5.3620,1
Myzomela cineracea,5.0271,1
Myzomela eichhorni,5.4657,1
Myzomela eques,4.8378,1
Myzomela erythrocephala,5.6358,1
Myzomela erythromelas,4.7904,1
Myzomela irianawidodoae,5.6557,1
Myzomela jugularis,5.9730,1
Myzomela kuehni,5.2847,1
Myzomela lafargei,5.1196,1
Myzomela malaitae,5.7830,1
Myzomela melanocephala,4.8747,1
Myzomela nigrita,5.2756,1
Myzomela pammelaena,5.2907,1
Myzomela pulchella,5.2190,1
Myzomela rubratra,6.1066,1
Myzomela sanguinolenta,6.3920,1
Myzomela sclateri,5.3734,1
Myzomela tristrami,5.4243,1
Myzomela vulnerata,5.3326,1
Myzomela wakoloensis,6.0565,1
Myzornis pyrrhoura,6.4345,1
Nannopsittaca dachilleae,5.9233,1
Nannopsittaca panychlora,4.7083,1
Nannopterum auritus,5.2169,1
Nannopterum brasilianus,5.0418,1
Nannopterum harrisi,5.0990,1
Napothera epilepidota,5.0443,1
Nasica longirostris,5.4004,1
Neafrapus boehmi,5.3340,1
Neafrapus cassini,4.7736,1
Necrosyrtes monachus,6.0614,1
Nectarinia bocagii,5.3610,1
Nectarinia famosa,7.1517,1
Nectarinia johnstoni,7.0215,1
Nectarinia kilimensis,6.6938,1
Nectarinia purpureiventris,6.3197,1
Nectarinia tacazze,6.2304,1
Nemosia pileata,5.5966,2
Nemosia rourei,6.5142,1
Neochen jubata,5.3903,1
Neochmia modesta,5.7092,1
Neochmia ruficauda,6.0147,1
Neochmia temporalis,7.0624,1
Neocichla gutturalis,4.8370,1
Neocossyphus poensis,5.1794,1
Neocossyphus rufus,6.1999,1
Neocrex erythrops,6.0108,1
Neoctantes niger,5.4520,2
Neodrepanis coruscans,6.3412,1
Neodrepanis hypoxantha,6.5834,2
Neolalage banksiana,6.3639,1
Neolestes torquatus,6.1631,1
Neomixis tenella,5.9027,1
Neomixis viridis,4.9281,1
Neomorphus pucheranii,4.4520,1
Neomorphus radiolosus,5.5842,1
Neomorphus rufipennis,5.4513,1
Neopelma aurifrons,5.2077,1
Neopelma chrysocephalum,5.4666,1
Neopelma chrysolophum,5.8858,1
Neopelma pallescens,5.0217,1
Neopelma sulphureiventer,5.2025,1
Neophedina cincta,5.9907,1
Neophema chrysogaster,7.1907,1
Neophema chrysostoma,6.8435,1
Neophema elegans,7.4216,1
Neophema petrophila,6.7439,1
Neophema pulchella,7.8142,1
Neophema splendida,7.1159,1
Neophron percnopterus,5.7484,1
Neopipo cinnamomea,5.6466,1
Neopsephotus bourkii,6.3951,1
Neopsittacus musschenbroekii,6.8330,1
Neopsittacus pullicauda,7.1544,1
Neosuthora davidiana,6.0706,1
Neothraupis fasciata,5.4123,1
Neotis denhami,6.3380,1
Neotis heuglinii,5.4501,2
Neotis ludwigii,5.3143,1
Neoxolmis rufiventris,5.9249,1
Nephelomyias lintoni,6.1322,1
Nephelomyias ochraceiventris,6.6320,1
Nephelomyias pulcher,5.6641,1
Nephelornis oneilli,5.7283,1
Nesasio solomonensis,6.5000,1
Nesillas brevicaudata,4.6586,1
Nesillas lantzii,5.0572,1
Nesillas mariae,4.7629,1
Nesocharis ansorgei,5.6946,1
Nesocharis capistrata,5.2911,1
Nesocharis shelleyi,6.4479,1
Nesoctites micromegas,5.1926,2
Nesoenas mayeri,5.4302,1
Nesoenas picturatus,5.4841,1
Nesofregetta fuliginosa,5.7053,1
Nesophlox evelynae,6.9603,1
Nesophlox lyrura,6.7248,1
Nesopsar nigerrimus,5.9699,1
Nesoptilotis flavicollis,6.0413,1
Nesoptilotis leucotis,6.0301,1
Nesospingus speculiferus,5.2814,1
Nesospiza acunhae,5.4183,1
Nesospiza questi,5.3648,1
Nesospiza wilkinsi,5.2324,1
Nesotriccus ridgwayi,5.3777,1
Nestor meridionalis,6.6496,1
Nestor notabilis,6.8310,1
Netta erythrophthalma,4.9235,1
Netta peposaca,5.7246,2
Netta rufina,5.9544,1
Nettapus auritus,5.9289,1
Nettapus coromandelianus,5.7371,2
Nettapus pulchellus,6.0652,1
Newtonia amphichroa,5.1594,1
Newtonia archboldi,5.2521,1
Newtonia brunneicauda,5.0694,1
Newtonia fanovanae,5.5223,1
Nicator chloris,5.4132,1
Nicator gularis,5.7479,1
Nicator vireo,5.3004,1
Nicopsitta calthrapae,6.6599,1
Nicopsitta columboides,7.0950,1
Nigrita bicolor,5.9545,1
Nigrita canicapillus,6.1583,1
Nigrita fusconotus,6.2035,1
Nigrita luteifrons,5.8819,2
Nilaus afer,6.9790,1
Niltava davidi,6.8626,1
Niltava grandis,7.1156,1
Niltava macgrigoriae,7.6198,1
Niltava sumatrana,6.1506,1
Niltava sundara,6.6670,2
Ninox affinis,6.6506,1
Ninox burhani,6.3925,1
Ninox connivens,6.4470,1
Ninox forbesi,6.8283,1
Ninox hypogramma,5.4610,1
Ninox ios,6.2555,1
Ninox japonica,7.2487,1
Ninox leventisi,6.4798,1
Ninox meeki,6.0842,1
Ninox mindorensis,6.0699,1
Ninox natalis,7.0586,1
Ninox obscura,6.5670,1
Ninox ochracea,6.5242,1
Ninox odiosa,6.7696,1
Ninox philippensis,6.5957,1
Ninox punctulata,7.0588,1
Ninox randi,5.4517,1
Ninox rudolfi,6.4534,1
Ninox rufa,6.7468,1
Ninox rumseyi,6.5587,1
Ninox scutulata,6.6909,1
Ninox spilocephala,5.9764,1
Ninox spilonotus,6.1039,1
Ninox squamipila,6.4910,1
Ninox strenua,6.6994,2
Ninox sumbaensis,6.5015,1
Ninox theomacha,6.7583,1
Ninox variegata,5.6829,1
Nipponia nippon,6.0703,1
Nisaetus alboniger,6.7707,1
Nisaetus bartelsi,5.7845,1
Nisaetus cirrhatus,6.2598,1
Nisaetus floris,5.9820,1
Nisaetus lanceolatus,6.6727,1
Nisaetus nanus,6.3387,1
Nisaetus philippensis,5.8772,1
Nisaetus pinskeri,5.7700,1
Nok hualon,4.8065,1
Nomonyx dominicus,5.7331,2
Nonnula amaurocephala,6.2426,1
Nonnula brunnea,5.6577,1
Nonnula frontalis,5.9810,1
Nonnula rubecula,5.3099,1
Nonnula ruficapilla,6.3112,1
Nonnula sclateri,5.4982,1
Notharchus hyperrhynchus,5.5881,1
Notharchus macrorhynchos,5.9263,1
Notharchus ordii,6.1067,1
Notharchus pectoralis,6.4426,1
Notharchus swainsoni,5.8365,1
Nothocercus bonapartei,4.7721,1
Nothocercus julius,5.1362,1
Nothocercus nigrocapillus,4.6419,1
Nothocrax urumutum,5.4596,1
Nothoprocta cinerascens,5.3057,1
Nothoprocta curvirostris,4.8664,1
Nothoprocta ornata,4.4639,1
Nothoprocta pentlandii,4.8495,1
Nothoprocta perdicaria,4.8920,1
Nothoprocta taczanowskii,4.3770,1
Nothura boraquira,5.4693,1
Nothura darwinii,5.0767,1
Nothura maculosa,4.7772,1
Nothura minor,4.6182,1
Notiomystis cincta,5.8617,1
Notopholia corusca,5.9922,1
Nucifraga columbiana,5.4531,1
Nucifraga multipunctata,5.5878,1
Numenius americanus,6.1669,1
Numenius arquata,5.4912,1
Numenius madagascariensis,5.4656,1
Numenius minutus,6.0012,1
Numenius phaeopus,5.5425,1
Numenius tahitiensis,5.4980,1
Numenius tenuirostris,4.3250,1
Numida meleagris,5.2862,1
Nyctanassa violacea,5.6249,1
Nyctibius aethereus,5.3465,1
Nyctibius grandis,5.5858,1
Nyctibius griseus,5.6424,2
Nyctibius jamaicensis,5.5929,1
Nyctibius leucopterus,5.6551,1
Nyctibius maculosus,5.8727,1
Nycticorax caledonicus,5.3080,1
Nycticorax nycticorax,5.8578,1
Nycticryphes semicollaris,6.3811,1
Nyctidromus albicollis,5.6690,1
Nyctidromus anthonyi,5.4414,1
Nyctiphrynus mcleodii,4.7510,1
Nyctiphrynus ocellatus,5.3533,1
Nyctiphrynus rosenbergi,5.6358,1
Nyctiphrynus yucatanicus,4.8696,1
Nyctipolus hirundinaceus,6.0795,1
Nyctipolus nigrescens,5.8410,1
Nyctiprogne leucopyga,5.9453,1
Nyctiprogne vielliardi,5.4468,1
Nyctyornis amictus,6.9630,1
Nyctyornis athertoni,7.3690,1
Nymphicus hollandicus,6.4705,1
Nystactes noanamae,5.9776,1
Nystactes tamatia,6.6796,1
Nystalus chacuru,5.8379,1
Nystalus maculatus,6.1097,1
Nystalus radiatus,5.4524,1
Oceanites gracilis,5.5228,1
Oceanites oceanicus,5.3262,1
Oceanites pincoyae,5.7041,1
Ochetorhynchus andaecola,5.1300,1
Ochetorhynchus melanurus,5.9417,1
Ochetorhynchus phoenicurus,5.2225,1
Ochetorhynchus ruficaudus,4.8384,1
Ochthoeca leucophrys,5.6805,1
Ochthoeca oenanthoides,6.0794,1
Ochthoeca piurae,5.6094,1
Ochthoeca rufipectoralis,6.0567,1
Ochthoeca salvini,6.7486,1
Ochthornis littoralis,5.1636,1
Ocreatus underwoodii,7.4260,1
Ocyceros birostris,6.1445,1
Ocyceros gingalensis,5.4750,1
Ocyceros griseus,5.4438,1
Ocyphaps lophotes,5.8920,1
Odontophorus atrifrons,5.6016,1
Odontophorus balliviani,5.9082,1
Odontophorus capueira,6.3260,1
Odontophorus columbianus,5.2051,1
Odontophorus dialeucos,4.5388,1
Odontophorus erythrops,6.2122,1
Odontophorus gujanensis,5.6362,1
Odontophorus guttatus,5.6747,1
Odontophorus hyperythrus,5.5640,2
Odontophorus leucolaemus,4.6321,1
Odontophorus melanonotus,5.2347,1
Odontophorus melanotis,5.4863,1
Odontophorus speciosus,4.9922,1
Odontophorus stellatus,5.1507,1
Odontophorus strophium,5.2350,1
Odontorchilus branickii,5.5603,1
Odontorchilus cinereus,4.9077,1
Odontospiza griseicapilla,6.2827,1
Oedistoma iliolophus,5.1867,1
Oedistoma pygmaeum,5.4976,1
Oena capensis,5.5816,2
Oenanthe albifrons,5.9747,1
Oenanthe albonigra,5.2951,1
Oenanthe chrysopygia,5.6240,1
Oenanthe cypriaca,5.5240,2
Oenanthe deserti,6.6185,1
Oenanthe dubia,5.1001,1
Oenanthe familiaris,5.7417,1
Oenanthe finschii,5.8112,2
Oenanthe fusca,5.1935,1
Oenanthe heuglinii,5.0148,1
Oenanthe isabellina,5.5874,1
Oenanthe leucopyga,6.3922,1
Oenanthe leucura,6.0663,1
Oenanthe melanura,5.5194,1
Oenanthe moesta,5.6224,1
Oenanthe monacha,5.9729,1
Oenanthe phillipsi,5.6921,1
Oenanthe picata,5.8667,2
Oenanthe pileata,6.6026,1
Oenanthe pleschanka,6.0397,2
Oenanthe scotocerca,6.0014,1
Oenanthe xanthoprymna,6.1230,1
Ognorhynchus icterotis,6.8607,1
Oncostoma cinereigulare,5.3201,1
Oncostoma olivaceum,5.4224,1
Oneillornis lunulatus,5.8166,1
Oneillornis salvini,5.3410,1
Onychognathus albirostris,6.2564,1
Onychognathus blythii,5.8036,2
Onychognathus frater,5.4011,1
Onychognathus fulgidus,6.0346,1
Onychognathus morio,5.9899,1
Onychognathus nabouroup,5.5256,1
Onychognathus neumanni,4.9665,1
Onychognathus salvadorii,5.8980,1
Onychognathus tenuirostris,4.9580,1
Onychognathus tristramii,5.9325,1
Onychognathus walleri,5.0958,2
Onychoprion aleuticus,5.9804,1
Onychoprion anaethetus,6.4207,1
Onychoprion fuscatus,5.9444,1
Onychoprion lunatus,5.5896,1
Onychostruthus taczanowskii,5.0104,1
Opisthocomus hoazin,6.4636,1
Opisthoprora euryptera,7.4323,1
Oporornis agilis,6.3702,1
Orchesticus abeillei,6.3424,1
Oreocharis arfaki,6.5892,1
Oreocossypha isabellae,6.4550,1
Oreoica gutturalis,5.7814,2
Oreolais pulcher,6.0903,1
Oreolais ruwenzorii,5.8045,1
Oreomystis bairdi,5.4986,1
Oreophasis derbianus,5.4458,1
Oreophilais robertsi,5.0629,1
Oreopholus ruficollis,6.1907,1
Oreopsar bolivianus,5.4885,1
Oreopsittacus arfaki,6.8141,1
Oreornis chrysogenys,5.9616,1
Oreortyx pictus,6.7527,1
Oreoscoptes montanus,5.0373,1
Oreoscopus gutturalis,5.6531,1
Oreostruthus fuliginosus,7.0640,1
Oreothlypis gutturalis,6.9087,1
Oreothlypis superciliosa,6.8087,1
Oreothraupis arremonops,5.7468,1
Oreotrochilus adela,5.8536,1
Oreotrochilus chimborazo,6.5771,1
Oreotrochilus estella,6.6612,1
Oreotrochilus leucopleurus,6.4660,1
Oreotrochilus melanogaster,6.7506,1
Oreotrochilus stolzmanni,6.1869,2
Origma solitaria,5.1040,1
Oriolia bernieri,5.7254,1
Oriolus albiloris,5.9328,1
Oriolus auratus,6.8724,1
Oriolus bouroensis,4.9959,1
Oriolus brachyrynchus,6.3339,1
Oriolus chinensis,6.8839,1
Oriolus chlorocephalus,6.3094,1
Oriolus crassirostris,5.3513,1
Oriolus decipiens,4.5896,1
Oriolus flavocinctus,5.7921,1
Oriolus forsteni,4.9918,1
Oriolus hosii,5.3734,1
Oriolus isabellae,5.6339,1
Oriolus kundoo,5.7020,1
Oriolus larvatus,6.4300,1
Oriolus mellianus,4.9370,1
Oriolus monacha,6.6600,1
Oriolus nigripennis,6.2173,1
Oriolus oriolus,6.4186,1
Oriolus percivali,6.0272,1
Oriolus phaeochromus,5.1417,1
Oriolus sagittatus,6.3850,1
Oriolus steerii,5.5458,1
Oriolus szalayi,4.8341,1
Oriolus tenuirostris,6.6922,1
Oriolus traillii,6.0073,2
Oriolus xanthonotus,6.5616,2
Oriolus xanthornus,6.6163,1
Oriturus superciliosus,5.2402,1
Ornithion brunneicapillus,5.1667,1
Ornithion inerme,4.9906,1
Ornithion semiflavum,5.9497,1
Ornorectes cristatus,4.9404,1
Oroanassa magnifica,5.4777,1
Orochelidon andecola,5.7403,1
Orochelidon flavipes,5.0637,1
Orochelidon murina,5.5427,1
Ortalis araucuan,5.5516,1
Ortalis canicollis,5.1538,1
Ortalis cinereiceps,4.5463,1
Ortalis columbiana,5.5710,1
Ortalis erythroptera,5.4910,1
Ortalis garrula,4.9550,1
Ortalis guttata,5.7937,1
Ortalis leucogastra,4.9513,1
Ortalis poliocephala,4.7910,1
Ortalis ruficauda,5.9707,1
Ortalis squamata,5.6937,1
Ortalis superciliaris,4.3602,1
Ortalis vetula,4.7048,1
Ortalis wagleri,4.9941,1
Orthogonys chloricterus,6.0652,1
Orthonyx novaeguineae,5.8418,1
Orthonyx spaldingii,5.5892,1
Orthonyx temminckii,5.4435,2
Orthopsittaca manilatus,6.6126,1
Orthorhyncus cristatus,6.6985,1
Orthotomus atrogularis,5.6381,1
Orthotomus castaneiceps,5.0329,1
Orthotomus chaktomuk,5.9131,1
Orthotomus chloronotus,4.9267,1
Orthotomus cinereiceps,5.1420,1
Orthotomus derbianus,5.4101,1
Orthotomus frontalis,5.4992,1
Orthotomus nigriceps,4.8598,1
Orthotomus ruficeps,5.1794,2
Orthotomus samarensis,5.7546,1
Orthotomus sepium,5.2744,1
Orthotomus sericeus,6.4179,1
Orthotomus sutorius,5.1637,1
Ortygospiza atricollis,5.8712,1
Ortyxelos meiffrenii,5.0558,1
Otis tarda,5.8687,1
Otocichla mupinensis,4.9803,1
Otus alfredi,6.6874,1
Otus alius,6.1159,1
Otus angelinae,6.7617,1
Otus bakkamoena,7.2928,1
Otus balli,7.1574,1
Otus beccarii,6.4219,1
Otus brookii,7.0154,1
Otus brucei,7.1323,1
Otus capnodes,5.6249,1
Otus collari,6.4707,1
Otus elegans,6.5332,1
Otus enganensis,5.5372,1
Otus everetti,6.3180,1
Otus fuliginosus,6.6039,1
Otus gurneyi,7.2022,1
Otus hartlaubi,6.5807,1
Otus insularis,6.1443,1
Otus ireneae,7.6141,1
Otus jolandae,6.1415,1
Otus lempiji,7.0117,1
Otus lettia,6.7084,1
Otus longicornis,6.4695,1
Otus mantananensis,7.1375,1
Otus mayottensis,6.6958,1
Otus megalotis,6.3887,1
Otus mentawi,5.4937,1
Otus mindorensis,7.0590,1
Otus mirus,6.1377,1
Otus moheliensis,6.6675,1
Otus nigrorum,6.7594,1
Otus pamelae,6.8732,1
Otus pauliani,6.0633,1
Otus pembaensis,5.9733,1
Otus rufescens,6.1085,1
Otus sagittatus,6.7978,1
Otus scops,7.3161,1
Otus semitorques,7.0397,1
Otus silvicola,5.9133,1
Otus socotranus,6.8957,1
Otus sulaensis,6.2762,1
Otus sunia,7.4121,1
Otus thilohoffmanni,6.8649,1
Otus umbra,6.8617,1
Oxylabes madagascariensis,5.9216,1
Oxypogon cyanolaemus,5.9976,2
Oxypogon guerinii,6.8721,1
Oxypogon lindenii,6.1275,1
Oxypogon stuebelii,6.6143,1
Oxyruncus cristatus,5.9670,1
Oxyura australis,5.5046,1
Oxyura ferruginea,5.6188,1
Oxyura jamaicensis,5.6584,2
Oxyura leucocephala,5.8157,1
Oxyura maccoa,5.4515,1
Oxyura vittata,5.6192,1
Pachycare flavogriseum,6.5544,1
Pachycephala albiventris,5.0117,1
Pachycephala arctitorquis,5.8534,2
Pachycephala caledonica,6.2016,1
Pachycephala cinerea,5.2865,1
Pachycephala feminina,4.9394,1
Pachycephala flavifrons,5.8692,1
Pachycephala griseonota,5.8156,1
Pachycephala homeyeri,4.4450,1
Pachycephala hyperythra,5.3852,1
Pachycephala hypoxantha,5.9569,1
Pachycephala implicata,5.1612,1
Pachycephala inornata,5.2694,1
Pachycephala jacquinoti,4.5519,1
Pachycephala lanioides,5.7177,1
Pachycephala leucogastra,5.0662,1
Pachycephala lorentzi,6.4014,1
Pachycephala melanura,6.8144,1
Pachycephala mentalis,5.3010,1
Pachycephala meyeri,5.0962,1
Pachycephala modesta,4.9886,1
Pachycephala monacha,4.8313,2
Pachycephala nudigula,5.2854,1
Pachycephala olivacea,5.3555,1
Pachycephala orpheus,4.4385,1
Pachycephala phaionota,5.1750,1
Pachycephala philippinensis,5.6901,1
Pachycephala richardsi,6.1755,1
Pachycephala rufiventris,5.8018,1
Pachycephala rufogularis,5.5164,1
Pachycephala schlegelii,6.9422,1
Pachycephala soror,5.9256,1
Pachycephala sulfuriventer,6.4352,1
Pachycephala tenebrosa,4.3724,1
Pachycephala vitiensis,6.2729,1
Pachycephalopsis hattamensis,6.3593,1
Pachycephalopsis poliosoma,3.3129,1
Pachycoccyx audeberti,5.0136,1
Pachyptila belcheri,5.6331,1
Pachyptila crassirostris,5.4585,1
Pachyptila desolata,5.0447,1
Pachyptila turtur,5.4059,1
Pachyptila vittata,5.0180,1
Pachyramphus aglaiae,6.1019,1
Pachyramphus albogriseus,5.8809,1
Pachyramphus castaneus,5.9572,1
Pachyramphus cinnamomeus,5.2542,1
Pachyramphus homochrous,5.6070,1
Pachyramphus marginatus,5.7943,2
Pachyramphus minor,5.4110,1
Pachyramphus niger,5.4404,1
Pachyramphus polychopterus,5.5470,1
Pachyramphus rufus,5.7427,2
Pachyramphus spodiurus,5.1160,1
Pachyramphus surinamus,5.1257,1
Pachyramphus validus,5.6657,1
Pachyramphus versicolor,6.5067,2
Pachysylvia aurantiifrons,5.6175,1
Pachysylvia decurtata,5.7646,1
Pachysylvia hypochrysea,6.2329,1
Pachysylvia hypoxantha,5.5329,1
Pachysylvia muscicapina,5.2135,1
Pachysylvia semibrunnea,5.3595,1
Pagodroma nivea,6.2325,1
Pagophila eburnea,5.7916,1
Palaeornis eupatria,6.3241,2
Palmeria dolei,6.0093,1
Paludipasser locustella,5.2234,2
Pandion haliaetus,6.6069,1
Panterpe insignis,7.4672,1
Panurus biarmicus,7.5043,1
Panyptila cayennensis,5.6261,1
Panyptila sanctihieronymi,5.4084,1
Papasula abbotti,5.3455,1
Parabuteo leucorrhous,6.3543,1
Parabuteo unicinctus,6.2838,1
Paraclaravis mondetoura,5.8855,2
Paradigalla brevicauda,5.5679,1
Paradigalla carunculata,6.6707,1
Paradisaea apoda,6.3919,1
Paradisaea decora,6.7404,1
Paradisaea guilielmi,7.4383,1
Paradisaea minor,7.3509,1
Paradisaea raggiana,6.9418,1
Paradisaea rubra,7.4970,1
Paradisornis rudolphi,6.6148,2
Paradoxornis flavirostris,6.1489,1
Paradoxornis guttaticollis,6.3351,1
Paradoxornis heudei,6.4087,1
Paragallinula angulata,5.3954,1
Pardaliparus amabilis,6.7572,1
Pardaliparus elegans,5.7346,1
Pardaliparus venustulus,5.9298,1
Pardalotus punctatus,7.0821,1
Pardalotus quadragintus,6.9740,1
Pardalotus rubricatus,6.9172,1
Pardalotus striatus,6.7794,1
Pardirallus maculatus,5.4662,1
Pardirallus nigricans,5.6604,1
Pardirallus sanguinolentus,4.8288,1
Parkerthraustes humeralis,5.8638,1
Parkesia motacilla,5.8959,1
Parkesia noveboracensis,5.5762,1
Parmoptila jamesoni,6.4022,1
Parmoptila rubrifrons,5.6939,2
Parmoptila woodhousei,5.3335,1
Paroaria baeri,6.0788,1
Paroaria capitata,6.2265,1
Paroaria coronata,7.0594,1
Paroaria dominicana,6.3981,1
Paroaria gularis,6.3490,1
Paroaria nigrogenis,7.1044,1
Parophasma galinieri,5.3489,1
Paroreomyza montana,5.6562,1
Parotia berlepschi,6.4998,1
Parotia carolae,6.5157,1
Parotia lawesii,5.1597,1
Parotia sefilata,6.3485,2
Parotia wahnesi,5.0938,1
Parus monticolus,6.9096,1
Passer ammodendri,5.5012,1
Passer castanopterus,5.2586,2
Passer cinnamomeus,5.4460,1
Passer diffusus,4.8909,1
Passer domesticus,6.4825,1
Passer eminibey,5.9295,1
Passer euchlorus,6.4062,1
Passer flaveolus,5.8453,1
Passer gongonensis,5.3470,1
Passer griseus,4.9662,1
Passer hispaniolensis,5.9102,1
Passer iagoensis,5.4325,2
Passer insularis,4.8847,1
Passer italiae,5.6861,2
Passer luteus,6.2420,1
Passer melanurus,6.1351,1
Passer moabiticus,5.2897,1
Passer montanus,5.4137,1
Passer motitensis,5.2811,1
Passer pyrrhonotus,5.0049,1
Passer rufocinctus,5.3089,1
Passer shelleyi,5.5637,1
Passer simplex,5.6157,2
Passer suahelicus,4.9241,1
Passer swainsonii,5.4400,1
Passer zarudnyi,6.3350,1
Passerculus bairdii,5.1016,1
Passerculus henslowii,5.5779,1
Passerella arborea,6.2632,1
Passerina amoena,6.8098,1
Passerina caerulea,7.1031,1
Passerina ciris,6.8303,2
Passerina cyanea,7.4180,1
Passerina leclancherii,7.6876,1
Passerina rositae,7.6867,1
Passerina versicolor,6.3402,1
Pastor roseus,6.1284,1
Patagioenas araucana,4.7341,1
Patagioenas caribaea,4.4244,1
Patagioenas cayennensis,5.1912,1
Patagioenas corensis,5.7778,1
Patagioenas flavirostris,5.4136,1
Patagioenas goodsoni,4.8274,1
Patagioenas inornata,5.4289,1
Patagioenas leucocephala,5.1906,1
Patagioenas nigrirostris,5.2670,1
Patagioenas oenops,4.9802,1
Patagioenas picazuro,5.3006,1
Patagioenas plumbea,4.8607,1
Patagioenas speciosa,5.4209,1
Patagioenas squamosa,5.3694,1
Patagioenas subvinacea,5.5473,1
Patagona gigas,6.7284,2
Pauxi pauxi,3.5384,1
Pauxi unicornis,4.6896,1
Pavo cristatus,7.1777,1
Pavo muticus,6.7093,1
Pedionomus torquatus,4.7291,2
Pelagodroma marina,5.6871,1
Pelargopsis amauroptera,7.3828,1
Pelargopsis capensis,6.6670,1
Pelargopsis melanorhyncha,6.5076,1
Pelecanoides garnotii,5.0218,1
Pelecanoides magellani,4.9931,1
Pelecanoides urinatrix,5.1865,1
Pelecanus conspicillatus,5.4074,1
Pelecanus crispus,5.4134,1
Pelecanus erythrorhynchos,5.8012,1
Pelecanus occidentalis,5.7519,1
Pelecanus onocrotalus,5.2607,1
Pelecanus philippensis,5.8595,1
Pelecanus rufescens,5.3766,1
Pelecanus thagus,5.4597,1
Peliperdix albogularis,5.4188,1
Peliperdix coqui,5.2296,1
Peliperdix lathami,5.5755,1
Peliperdix schlegelii,5.5254,1
Pellorneum albiventre,5.7278,1
Pellorneum fuscocapillus,5.2351,1
Pellorneum palustre,4.9146,1
Pellorneum ruficeps,5.6283,1
Peltohyas australis,6.0810,1
Peltops blainvillii,6.0163,1
Peltops montanus,6.3190,1
Penelope albipennis,5.7024,1
Penelope argyrotis,5.5759,1
Penelope barbata,4.6090,1
Penelope dabbenei,4.9798,1
Penelope jacquacu,5.6643,1
Penelope jacucaca,5.0823,1
Penelope marail,5.2802,1
Penelope montagnii,5.1397,1
Penelope ochrogaster,4.9963,1
Penelope ortoni,5.3447,1
Penelope perspicax,5.1485,1
Penelope pileata,5.3789,1
Penelope purpurascens,5.3746,1
Penelope superciliaris,5.3379,1
Penelopides manillae,6.5401,2
Penelopides mindorensis,6.0546,1
Penelopides panini,6.6809,1
Penelopina nigra,5.7362,1
Peneoenanthe pulverulenta,6.1347,1
Peneothello bimaculata,5.9263,1
Peneothello cryptoleuca,5.7289,1
Peneothello cyanus,7.0529,1
Peneothello sigillata,6.4338,1
Percnostola arenarum,5.1556,2
Percnostola rufifrons,5.5943,1
Perdicula argoondah,5.9850,1
Perdicula asiatica,5.8950,1
Perdicula erythrorhyncha,5.3623,2
Perdix dauurica,5.6053,1
Perdix hodgsoniae,5.5347,1
Perdix perdix,6.2726,1
Pericrocotus albifrons,6.2529,1
Pericrocotus brevirostris,5.6053,2
Pericrocotus cantonensis,5.8543,1
Pericrocotus cinnamomeus,6.3299,2
Pericrocotus divaricatus,5.4740,2
Pericrocotus erythropygius,6.0712,1
Pericrocotus ethologus,6.3111,2
Pericrocotus igneus,6.9948,1
Pericrocotus lansbergei,7.3528,1
Pericrocotus miniatus,6.4168,1
Pericrocotus roseus,6.4219,1
Pericrocotus tegimae,5.9135,1
Periparus ater,7.2131,1
Periparus rubidiventris,6.7242,1
Periparus rufonuchalis,5.1465,1
Perisoreus canadensis,6.1260,1
Perisoreus infaustus,6.1200,1
Perisoreus internigrans,5.8083,1
Perissocephalus tricolor,6.0239,1
Pernis apivorus,6.2696,2
Pernis celebensis,5.9074,1
Pernis ptilorhynchus,6.4870,1
Pernis steerei,6.0914,1
Petrochelidon ariel,5.6759,1
Petrochelidon fluvicola,5.4771,1
Petrochelidon fulva,6.1242,1
Petrochelidon nigricans,5.6403,1
Petrochelidon preussi,6.4797,1
Petrochelidon pyrrhonota,6.8867,1
Petrochelidon rufigula,6.0568,1
Petrochelidon rufocollaris,6.0586,1
Petrochelidon spilodera,5.4952,1
Petroica archboldi,6.0580,1
Petroica australis,6.0762,1
Petroica bivittata,5.2764,1
Petroica boodang,6.5405,2
Petroica goodenovii,7.0356,1
Petroica longipes,6.3818,1
Petroica multicolor,6.0660,1
Petroica phoenicea,6.1868,2
Petroica pusilla,7.0657,2
Petroica rodinogaster,6.2255,1
Petroica rosea,7.1430,1
Petroica traversi,6.3540,1
Petronia petronia,5.0964,1
Petrophassa albipennis,4.6014,1
Petrophassa rufipennis,5.3311,1
Peucaea aestivalis,5.5106,1
Peucaea botterii,5.1240,1
Peucaea carpalis,5.4853,1
Peucaea cassinii,4.9672,1
Peucaea humeralis,5.7733,1
Peucaea mystacalis,5.6240,1
Peucaea ruficauda,5.8778,1
Peucaea sumichrasti,5.1983,1
Peucedramus taeniatus,7.0251,1
Pezopetes capitalis,5.6545,1
Pezoporus occidentalis,5.5808,1
Pezoporus wallicus,6.6301,1
Phacellodomus dorsalis,5.5044,1
Phacellodomus erythrophthalmus,5.7200,1
Phacellodomus ferrugineigula,5.9734,1
Phacellodomus maculipectus,5.2432,1
Phacellodomus ruber,5.5754,1
Phacellodomus sibilatrix,5.7250,1
Phacellodomus striaticeps,5.3236,1
Phacellodomus striaticollis,5.7377,1
Phaenicophaeus diardi,6.0319,1
Phaenicophaeus pyrrhocephalus,6.3160,1
Phaenicophaeus sumatranus,5.7983,1
Phaenicophaeus tristis,5.5889,1
Phaenicophaeus viridirostris,6.2709,1
Phaenicophilus palmarum,6.3063,1
Phaenicophilus poliocephalus,5.4160,1
Phaenostictus mcleannani,6.4881,1
Phaethon aethereus,7.3035,1
Phaethon lepturus,7.2253,1
Phaethon rubricauda,6.9113,1
Phaethornis aethopygus,6.2325,1
Phaethornis anthophilus,6.2990,1
Phaethornis atrimentalis,6.7488,1
Phaethornis augusti,6.3749,1
Phaethornis eurynome,7.2416,1
Phaethornis guy,7.1779,2
Phaethornis hispidus,5.8226,1
Phaethornis idaliae,6.4061,2
Phaethornis koepckeae,6.2591,1
Phaethornis longuemareus,6.7497,1
Phaethornis malaris,6.6399,1
Phaethornis mexicanus,6.3033,1
Phaethornis nattereri,5.7038,1
Phaethornis philippii,6.6101,1
Phaethornis pretrei,6.7716,1
Phaethornis ruber,6.0051,1
Phaethornis rupurumii,6.5697,1
Phaethornis squalidus,6.7142,1
Phaethornis striigularis,6.5672,1
Phaethornis stuarti,6.1164,2
Phaethornis subochraceus,6.3071,1
Phaethornis superciliosus,6.5369,1
Phaethornis syrmatophorus,6.9331,1
Phaethornis yaruqui,7.1002,1
Phaetusa simplex,6.1452,1
Phainopepla nitens,6.3532,1
Phainoptila melanoxantha,6.0123,2
Phalacrocorax capensis,5.6034,1
Phalacrocorax capillatus,5.5122,1
Phalacrocorax carbo,4.9845,1
Phalacrocorax featherstoni,5.3324,1
Phalacrocorax fuscescens,5.5540,1
Phalacrocorax fuscicollis,4.4704,1
Phalacrocorax neglectus,4.5500,1
Phalacrocorax nigrogularis,4.8349,1
Phalacrocorax punctatus,5.1321,1
Phalacrocorax sulcirostris,4.2209,1
Phalacrocorax varius,5.1912,1
Phalaenoptilus nuttallii,5.7428,1
Phalaropus fulicarius,6.1942,1
Phalaropus lobatus,5.8823,2
Phalcoboenus albogularis,6.5623,1
Phalcoboenus australis,7.1969,1
Phalcoboenus carunculatus,5.6817,1
Phalcoboenus chimango,6.3280,1
Phalcoboenus megalopterus,5.9108,1
Phapitreron brunneiceps,5.5185,1
Phaps chalcoptera,5.6397,1
Phaps elegans,5.6727,1
Phaps histrionica,5.4425,1
Pharomachrus antisianus,7.2624,1
Pharomachrus fulgidus,7.1654,1
Pharomachrus mocinno,7.5358,1
Phedina borbonica,5.7048,1
Phedinopsis brazzae,5.6101,1
Phegornis mitchellii,5.9037,1
Phelpsia inornata,6.1793,1
Pheucticus aureoventris,6.7082,2
Pheucticus chrysogaster,6.7784,1
Pheucticus chrysopeplus,6.1766,1
Pheucticus ludovicianus,6.4684,1
Pheucticus melanocephalus,5.8707,1
Pheucticus tibialis,6.7506,1
Pheugopedius atrogularis,5.2018,1
Pheugopedius coraya,4.7118,1
Pheugopedius eisenmanni,6.0957,1
Pheugopedius fasciatoventris,5.4742,1
Pheugopedius felix,5.6605,1
Pheugopedius genibarbis,5.9736,1
Pheugopedius maculipectus,5.1755,1
Pheugopedius mystacalis,5.4957,1
Pheugopedius rutilus,6.5257,1
Pheugopedius spadix,5.4578,1
Phigys solitarius,7.1486,1
Philemon albitorques,4.9905,1
Philemon argenticeps,5.0378,1
Philemon buceroides,5.4469,1
Philemon citreogularis,4.9319,1
Philemon cockerelli,4.9625,1
Philemon corniculatus,5.1921,1
Philemon diemenensis,5.5715,1
Philemon fuscicapillus,4.8926,1
Philemon inornatus,5.0571,1
Philemon kisserensis,4.5240,1
Philemon meyeri,4.3722,1
Philemon moluccensis,4.9359,1
Philemon plumigenis,4.6378,1
Philemon subcorniculatus,4.2242,1
Philentoma pyrhoptera,6.9270,1
Philentoma velata,6.3831,1
Philepitta castanea,6.8649,1
Philepitta schlegeli,6.8145,1
Philesturnus carunculatus,5.9336,1
Philesturnus rufusater,5.6144,1
Philetairus socius,5.6511,1
Philohydor lictor,6.5629,1
Philortyx fasciatus,5.0879,1
Philydor atricapillus,5.8522,1
Philydor erythrocercum,5.0319,1
Philydor erythropterum,5.1771,1
Philydor fuscipenne,5.0731,1
Philydor pyrrhodes,6.1642,1
Philydor rufum,5.8118,1
Phimosus infuscatus,4.9392,1
Phlegopsis borbae,5.9012,1
Phlegopsis erythroptera,6.1821,2
Phlegopsis nigromaculata,5.7501,1
Phleocryptes melanops,5.7738,1
Phlogophilus harterti,7.3585,1
Phlogophilus hemileucurus,6.6047,1
Phodilus assimilis,6.7138,1
Phodilus badius,6.4671,1
Phoebastria albatrus,5.1180,1
Phoebastria immutabilis,6.2650,1
Phoebastria irrorata,5.6810,1
Phoebastria nigripes,5.3551,1
Phoebetria fusca,6.0463,1
Phoebetria palpebrata,5.6062,1
Phoenicircus carnifex,6.4385,1
Phoenicircus nigricollis,6.9671,1
Phoeniconaias minor,6.4261,1
Phoenicoparrus andinus,6.0815,1
Phoenicoparrus jamesi,6.4708,1
Phoenicopterus chilensis,6.5148,1
Phoenicopterus roseus,6.2843,1
Phoenicopterus ruber,6.2880,1
Phoeniculus bollei,6.0238,1
Phoeniculus damarensis,5.8660,1
Phoeniculus purpureus,6.4574,1
Phoeniculus somaliensis,5.8896,1
Phoenicurus alaschanicus,5.7885,2
Phoenicurus auroreus,6.1780,1
Phoenicurus bicolor,5.8251,2
Phoenicurus coeruleocephala,5.7652,1
Phoenicurus erythrogastrus,6.9655,1
Phoenicurus erythronotus,5.5559,1
Phoenicurus frontalis,6.5919,1
Phoenicurus fuliginosus,5.7292,2
Phoenicurus hodgsoni,6.5018,1
Phoenicurus leucocephalus,7.1132,1
Phoenicurus moussieri,6.0048,2
Phoenicurus ochruros,5.5327,2
Phoenicurus phoenicurus,5.9594,2
Phoenicurus schisticeps,6.1256,1
Pholia sharpii,5.5431,1
Pholidornis rushiae,5.0767,1
Phonipara canora,5.8466,1
Phonygammus keraudrenii,6.2936,1
Phragmacia substriata,5.1398,1
Phrygilus atriceps,5.9445,1
Phrygilus gayi,6.0308,1
Phrygilus patagonicus,6.4867,1
Phrygilus punensis,6.2026,1
Phylidonyris niger,5.8545,1
Phylidonyris novaehollandiae,5.9780,1
Phylidonyris pyrrhopterus,6.2802,1
Phyllaemulor bracteatus,5.8708,1
Phyllastrephus albigula,4.6728,1
Phyllastrephus baumanni,4.3401,1
Phyllastrephus cabanisi,4.6804,1
Phyllastrephus cerviniventris,5.4261,1
Phyllastrephus debilis,4.4387,1
Phyllastrephus fischeri,4.6671,1
Phyllastrephus flavostriatus,4.9534,1
Phyllastrephus fulviventris,4.9413,1
Phyllastrephus hypochloris,4.7395,1
Phyllastrephus icterinus,5.2710,1
Phyllastrephus poensis,4.8838,1
Phyllastrephus poliocephalus,5.6147,1
Phyllastrephus strepitans,5.3326,1
Phyllastrephus terrestris,5.1025,1
Phyllastrephus xavieri,5.2144,1
Phyllergates cucullatus,6.9512,1
Phyllergates heterolaemus,5.4011,1
Phyllolais pulchella,5.1730,1
Phyllomyias cinereiceps,5.8060,1
Phyllomyias fasciatus,5.4381,1
Phyllomyias griseiceps,5.1363,1
Phyllomyias griseocapilla,5.5671,1
Phyllomyias nigrocapillus,5.3223,1
Phyllomyias plumbeiceps,6.0999,1
Phyllomyias reiseri,5.9629,1
Phyllomyias sclateri,6.2841,1
Phyllomyias urichi,4.7089,1
Phyllomyias uropygialis,5.7576,1
Phyllomyias virescens,5.7725,1
Phyllomyias weedeni,5.7041,1
Phylloscartes beckeri,5.4274,1
Phylloscartes ceciliae,4.9762,1
Phylloscartes difficilis,6.2583,1
Phylloscartes flaviventris,6.1826,1
Phylloscartes flavovirens,6.1254,1
Phylloscartes gualaquizae,5.3301,1
Phylloscartes kronei,6.1033,1
Phylloscartes nigrifrons,4.9253,1
Phylloscartes oustaleti,5.8517,1
Phylloscartes parkeri,5.7627,1
Phylloscartes paulista,5.4034,1
Phylloscartes roquettei,5.8187,1
Phylloscartes superciliaris,5.5087,1
Phylloscartes sylviolus,4.4451,1
Phylloscartes ventralis,5.8378,1
Phylloscartes virescens,5.6718,1
Phylloscopus amoenus,4.8251,1
Phylloscopus armandii,5.7767,1
Phylloscopus bonelli,5.5947,1
Phylloscopus borealis,6.4890,1
Phylloscopus borealoides,5.7919,1
Phylloscopus budongoensis,5.5093,1
Phylloscopus burkii,5.8361,1
Phylloscopus calciatilis,6.1322,1
Phylloscopus canariensis,5.6506,1
Phylloscopus cantator,5.6222,1
Phylloscopus castaniceps,6.7289,1
Phylloscopus cebuensis,5.3362,1
Phylloscopus chloronotus,5.8689,1
Phylloscopus claudiae,5.1685,1
Phylloscopus coronatus,5.8531,1
Phylloscopus emeiensis,6.1526,1
Phylloscopus examinandus,5.0399,1
Phylloscopus forresti,5.7515,1
Phylloscopus fuligiventer,5.0420,1
Phylloscopus fuscatus,5.3614,1
Phylloscopus goodsoni,6.6760,1
Phylloscopus griseolus,5.3245,1
Phylloscopus hainanus,6.6746,1
Phylloscopus herberti,4.7766,1
Phylloscopus humei,6.1370,1
Phylloscopus ibericus,5.1870,1
Phylloscopus ijimae,5.8596,1
Phylloscopus inornatus,5.5574,1
Phylloscopus intensior,6.2673,1
Phylloscopus intermedius,5.3045,1
Phylloscopus kansuensis,5.0983,1
Phylloscopus laetus,6.0134,1
Phylloscopus laurae,5.6794,1
Phylloscopus maculipennis,6.3011,1
Phylloscopus maforensis,6.1009,1
Phylloscopus magnirostris,5.8086,1
Phylloscopus montis,6.2445,1
Phylloscopus neglectus,4.7478,1
Phylloscopus nitidus,5.5950,1
Phylloscopus occipitalis,6.5899,1
Phylloscopus ogilviegranti,5.9796,1
Phylloscopus olivaceus,5.0009,1
Phylloscopus omeiensis,6.3007,1
Phylloscopus orientalis,5.4106,1
Phylloscopus plumbeitarsus,5.4307,1
Phylloscopus poliogenys,6.2397,1
Phylloscopus presbytes,5.8351,1
Phylloscopus proregulus,6.2686,1
Phylloscopus pulcher,5.3232,1
Phylloscopus reguloides,5.7160,1
Phylloscopus ricketti,5.9597,1
Phylloscopus rotiensis,4.6584,1
Phylloscopus ruficapilla,5.8923,1
Phylloscopus sarasinorum,5.0764,1
Phylloscopus schwarzi,5.6195,1
Phylloscopus sibilatrix,5.9585,1
Phylloscopus sindianus,5.8976,1
Phylloscopus soror,5.3367,1
Phylloscopus subaffinis,5.7815,1
Phylloscopus subviridis,5.4464,1
Phylloscopus tenellipes,5.4241,1
Phylloscopus tephrocephalus,6.2614,1
Phylloscopus trivirgatus,5.8667,1
Phylloscopus trochiloides,5.7912,1
Phylloscopus trochilus,5.5636,1
Phylloscopus tytleri,5.6325,1
Phylloscopus umbrovirens,6.1397,1
Phylloscopus valentini,6.0791,1
Phylloscopus whistleri,6.7009,1
Phylloscopus xanthodryas,5.1913,1
Phylloscopus xanthoschistos,6.3683,1
Phylloscopus yunnanensis,5.8315,1
Phytotoma raimondii,5.5530,1
Phytotoma rara,6.0236,1
Phytotoma rutila,5.7689,2
Piaya melanogaster,6.9429,1
Pica asirensis,5.2015,1
Pica hudsonia,6.7294,1
Pica mauritanica,6.0693,1
Pica nutalli,6.4706,1
Picathartes gymnocephalus,6.7586,1
Picathartes oreas,6.0059,1
Picoides arcticus,6.2257,2
Picoides canicapillus,5.8006,1
Picoides kizuki,6.1937,1
Picoides maculatus,5.5309,1
Picoides moluccensis,6.1640,1
Picoides nanus,6.4096,1
Picoides ramsayi,5.1037,1
Picoides temminckii,5.2802,1
Piculus aurulentus,6.4024,1
Piculus callopterus,6.3470,1
Piculus chrysochloros,6.8313,1
Piculus flavigula,6.6275,2
Piculus leucolaemus,6.0296,1
Piculus litae,5.8013,1
Piculus simplex,5.7519,1
Picumnus albosquamatus,6.3410,1
Picumnus aurifrons,5.2496,1
Picumnus castelnau,5.8952,1
Picumnus cinnamomeus,5.5681,1
Picumnus cirratus,5.7413,2
Picumnus dorbignyanus,6.3121,1
Picumnus exilis,5.8134,1
Picumnus fuscus,5.3864,2
Picumnus granadensis,5.7496,2
Picumnus innominatus,6.1932,1
Picumnus lafresnayi,5.8962,2
Picumnus minutissimus,5.3764,2
Picumnus nebulosus,5.4721,2
Picumnus olivaceus,5.8200,2
Picumnus pumilus,5.4713,1
Picumnus pygmaeus,5.8478,2
Picumnus rufiventris,5.7459,1
Picumnus sclateri,5.9026,1
Picumnus spilogaster,5.8257,2
Picumnus steindachneri,6.7286,1
Picumnus subtilis,5.6355,2
Picumnus temminckii,5.8730,1
Picumnus varzeae,5.8569,2
Picus awokera,6.4951,1
Picus chlorolophus,6.6413,1
Picus erythropygius,6.2821,1
Picus puniceus,6.5901,2
Picus rabieri,5.9419,2
Picus sharpei,5.9389,1
Picus squamatus,6.6700,1
Picus vaillantii,6.3155,1
Picus viridanus,6.3612,2
Picus viridis,6.4013,1
Picus vittatus,6.2653,2
Picus xanthopygaeus,5.4814,1
Piezorina cinerea,5.7989,1
Pilherodius pileatus,6.2533,1
Pinarochroa sordida,5.1349,1
Pinarocorys erythropygia,4.7893,1
Pinarocorys nigricans,4.6671,1
Pinaroloxias inornata,6.0725,1
Pinarornis plumosus,5.1064,1
Pinicola enucleator,6.3135,1
Pionites melanocephalus,6.6747,1
Pionopsitta pileata,6.2151,1
Pionus chalcopterus,6.2886,1
Pionus fuscus,6.0435,1
Pionus maximiliani,6.2666,1
Pionus senilis,6.4977,1
Pionus sordidus,6.5526,1
Pipile cujubi,6.0421,1
Pipile jacutinga,5.3519,1
Pipile pipile,5.2788,1
Pipilo chlorurus,5.9477,1
Pipilo erythrophthalmus,5.7630,1
Pipilo ocai,5.4348,1
Pipra aureola,7.1949,1
Pipra fasciicauda,7.3151,1
Pipra filicauda,7.3005,1
Pipraeidea melanonota,6.3667,1
Pipreola arcuata,6.1129,1
Pipreola aureopectus,6.5248,2
Pipreola chlorolepidota,5.8316,1
Pipreola formosa,6.1361,1
Pipreola intermedia,6.6882,2
Pipreola jucunda,6.9691,1
Pipreola lubomirskii,6.5108,1
Pipreola pulchra,5.7083,1
Pipreola riefferii,6.4562,1
Pipreola whitelyi,6.3840,1
Piprites chloris,6.2338,1
Piprites griseiceps,5.5218,1
Piprites pileata,5.3604,1
Piranga bidentata,7.2981,1
Piranga erythrocephala,6.4878,1
Piranga leucoptera,6.7196,1
Piranga ludoviciana,7.1961,1
Piranga olivacea,7.6060,1
Piranga roseogularis,7.1670,1
Piranga rubra,7.0221,1
Piranga rubriceps,6.6764,1
Pitangus sulphuratus,6.1758,1
Pithecophaga jefferyi,6.6881,1
Pithys albifrons,6.5517,1
Pithys castaneus,6.0312,1
Pitohui cerviniventris,5.4395,1
Pitohui dichrous,6.3451,1
Pitohui kirhocephalus,4.7984,1
Pitohui uropygialis,5.7624,1
Pitta anerythra,5.2897,1
Pitta angolensis,7.0233,1
Pitta brachyura,7.6730,1
Pitta iris,7.4990,1
Pitta megarhyncha,6.9433,1
Pitta moluccensis,7.4142,1
Pitta nympha,7.3046,1
Pitta reichenowi,6.9627,1
Pitta steerii,7.9119,1
Pitta superba,6.5408,1
Pitta versicolor,6.8249,1
Pittasoma michleri,5.1044,1
Pittasoma rufopileatum,6.0444,1
Pityriasis gymnocephala,5.8860,1
Platalea ajaja,6.1151,1
Platalea alba,5.7070,1
Platalea flavipes,5.3263,1
Platalea leucorodia,5.4257,1
Platalea minor,6.0717,1
Platalea regia,5.1659,1
Platycercus adscitus,6.8690,2
Platycercus caledonicus,7.3557,1
Platycercus elegans,7.4659,1
Platycercus eximius,7.6688,1
Platycercus icterotis,6.7171,1
Platycercus venustus,6.7807,1
Platylophus galericulatus,6.4056,1
Platyrinchus cancrominus,5.7375,1
Platyrinchus coronatus,5.2423,1
Platyrinchus flavigularis,5.4946,1
Platyrinchus leucoryphus,5.2760,1
Platyrinchus platyrhynchos,5.5566,1
Platyrinchus saturatus,4.8333,1
Platyspiza crassirostris,5.6235,1
Platysteira albifrons,6.6669,1
Platysteira cyanea,6.7567,2
Platysteira laticincta,6.8260,1
Platysteira peltata,6.3906,1
Plectorhyncha lanceolata,5.9847,1
Plectrophenax hyperboreus,5.7834,1
Plectrophenax nivalis,6.3526,1
Plectropterus gambensis,5.3977,1
Plegadis chihi,5.9115,1
Plegadis falcinellus,5.4122,1
Plegadis ridgwayi,5.0174,1
Plesiodryas albonotata,5.8830,1
Plocepasser donaldsoni,5.2218,1
Plocepasser mahali,5.6588,1
Plocepasser rufoscapulatus,4.9223,1
Plocepasser superciliosus,4.9518,1
Ploceus albinucha,4.5988,1
Ploceus alienus,6.1733,1
Ploceus angolensis,5.7716,1
Ploceus aurantius,6.9372,1
Ploceus badius,6.0831,1
Ploceus baglafecht,6.0096,1
Ploceus bannermani,6.2230,1
Ploceus benghalensis,6.6330,1
Ploceus bertrandi,6.0190,2
Ploceus bicolor,6.2109,1
Ploceus bojeri,6.7234,1
Ploceus burnieri,6.2334,1
Ploceus capensis,6.1277,1
Ploceus castaneiceps,6.1714,1
Ploceus castanops,6.4981,1
Ploceus cucullatus,6.3757,2
Ploceus dichrocephalus,6.2956,1
Ploceus dorsomaculatus,5.3690,1
Ploceus galbula,6.0323,2
Ploceus golandi,5.0849,1
Ploceus grandis,5.8606,1
Ploceus heuglini,5.7126,1
Ploceus hypoxanthus,6.4062,1
Ploceus insignis,6.3842,1
Ploceus intermedius,6.5867,1
Ploceus jacksoni,6.0032,1
Ploceus luteolus,5.6440,2
Ploceus manyar,5.7107,2
Ploceus megarhynchus,5.9470,1
Ploceus melanocephalus,6.2320,2
Ploceus melanogaster,6.2450,1
Ploceus nelicourvi,6.1805,2
Ploceus nicolli,5.9044,1
Ploceus nigrimentus,5.6382,1
Ploceus ocularis,6.4301,1
Ploceus olivaceiceps,6.0688,1
Ploceus pelzelni,6.1716,1
Ploceus philippinus,5.9378,1
Ploceus preussi,6.1185,1
Ploceus princeps,6.2786,2
Ploceus rubiginosus,5.6170,1
Ploceus sakalava,6.2356,1
Ploceus sanctithomae,5.9808,1
Ploceus spekei,6.2496,1
Ploceus spekeoides,3.7379,1
Ploceus subaureus,6.5059,1
Ploceus subpersonatus,5.5714,2
Ploceus superciliosus,6.1807,1
Ploceus taeniopterus,5.7561,2
Ploceus temporalis,5.6273,1
Ploceus tricolor,5.6008,1
Ploceus velatus,6.7085,1
Ploceus vitellinus,6.0887,1
Ploceus weynsi,6.0250,1
Ploceus xanthops,6.1193,1
Ploceus xanthopterus,6.1992,2
Pluvialis apricaria,6.5766,1
Pluvialis dominica,6.0652,1
Pluvialis fulva,5.8583,1
Pluvialis squatarola,6.2482,1
Pluvianellus socialis,5.9054,1
Pluvianus aegyptius,6.0936,1
Pnoepyga formosana,6.5603,1
Pnoepyga immaculata,6.2676,1
Pnoepyga pusilla,6.3396,1
Podargus ocellatus,5.5694,1
Podargus papuensis,5.6441,1
Podargus strigoides,5.4650,1
Podica senegalensis,5.2848,1
Podiceps auritus,5.5544,1
Podiceps cristatus,6.7223,1
Podiceps gallardoi,6.5337,1
Podiceps grisegena,5.6545,1
Podiceps major,5.8425,1
Podiceps nigricollis,5.6727,1
Podiceps taczanowskii,5.8516,1
Podilymbus podiceps,5.9957,1
Podoces biddulphi,5.8231,1
Podoces hendersoni,6.0614,1
Podoces panderi,6.2008,1
Podoces pleskei,5.9485,1
Poecile atricapillus,6.4338,1
Poecile carolinensis,5.9930,1
Poecile cinctus,6.8219,1
Poecile davidi,6.0740,1
Poecile gambeli,6.5552,1
Poecile hudsonicus,6.5507,1
Poecile hypermelaenus,6.0273,1
Poecile hyrcanus,6.6120,1
Poecile lugubris,6.7305,1
Poecile montanus,6.7965,1
Poecile palustris,6.6013,1
Poecile rufescens,6.1640,1
Poecile sclateri,5.6916,1
Poecile superciliosus,5.3386,1
Poecile weigoldicus,6.4072,1
Poecilodryas brachyura,6.1745,1
Poecilodryas cerviniventris,6.1140,1
Poecilodryas hypoleuca,6.3076,1
Poecilodryas superciliosa,6.3427,1
Poecilotriccus albifacies,5.4543,1
Poecilotriccus calopterus,6.0774,1
Poecilotriccus capitalis,6.1991,2
Poecilotriccus fumifrons,5.4595,1
Poecilotriccus latirostris,5.6060,1
Poecilotriccus luluae,6.7850,1
Poecilotriccus plumbeiceps,6.0042,1
Poecilotriccus pulchellus,5.9080,1
Poecilotriccus ruficeps,6.3431,1
Poecilotriccus russatus,5.2942,1
Poecilotriccus senex,5.7169,1
Poecilotriccus sylvia,5.4928,1
Poeoptera femoralis,4.8414,1
Poeoptera kenricki,5.7279,1
Poeoptera lugubris,5.8483,1
Poeoptera stuhlmanni,4.9742,1
Poephila acuticauda,6.5538,1
Poephila cincta,6.9045,1
Poephila personata,6.3970,1
Pogoniulus atroflavus,6.5459,1
Pogoniulus chrysoconus,5.4677,1
Pogoniulus coryphaea,6.3350,1
Pogoniulus leucomystax,6.1847,1
Pogoniulus pusillus,6.4868,1
Pogoniulus scolopaceus,5.7277,1
Pogoniulus simplex,4.5876,1
Pogoniulus subsulphureus,6.8761,1
Pogonocichla stellata,6.5757,1
Pogonornis bidentatus,6.5473,1
Pogonornis dubius,6.2669,1
Pogonornis melanopterus,6.6525,1
Pogonornis rolleti,5.7363,1
Pogonotriccus chapmani,5.1651,1
Pogonotriccus eximius,6.1129,1
Pogonotriccus lanyoni,5.5034,1
Pogonotriccus ophthalmicus,5.7030,1
Pogonotriccus orbitalis,4.9482,1
Pogonotriccus poecilotis,5.9808,1
Pogonotriccus venezuelanus,5.9577,1
Poicephalus cryptoxanthus,6.3456,1
Poicephalus flavifrons,6.4848,1
Poicephalus fuscicollis,6.2361,2
Poicephalus gulielmi,6.6058,1
Poicephalus meyeri,6.9374,1
Poicephalus robustus,5.7938,1
Poicephalus rueppellii,6.5992,1
Poicephalus rufiventris,6.0291,2
Poicephalus senegalus,6.2355,1
Poikilocarbo gaimardi,6.2490,1
Polemaetus bellicosus,6.4979,1
Polihierax insignis,6.3873,1
Polihierax semitorquatus,6.4421,2
Poliocephalus poliocephalus,5.1288,1
Poliocephalus rufopectus,5.3491,1
Poliolais lopezi,5.7036,1
Poliolophus urostictus,5.1992,1
Polioptila caerulea,5.4190,1
Polioptila californica,6.0227,1
Polioptila dumicola,5.5859,1
Polioptila lactea,5.3998,1
Polioptila lembeyei,6.6492,1
Polioptila melanura,6.2810,1
Polioptila nigriceps,5.8772,2
Polioptila schistaceigula,5.6348,1
Polioxolmis rufipennis,4.9828,1
Polyboroides radiatus,6.6998,1
Polyboroides typus,6.2469,1
Polyonymus caroli,7.2598,1
Polyplectron bicalcaratum,5.8676,2
Polyplectron chalcurum,5.4030,1
Polyplectron germaini,5.8555,1
Polyplectron inopinatum,6.9286,1
Polyplectron katsumatae,4.5268,1
Polyplectron malacense,6.6074,1
Polyplectron napoleonis,6.8359,1
Polysticta stelleri,6.0442,1
Polystictus pectoralis,5.8564,2
Polystictus superciliaris,5.5903,1
Polytelis alexandrae,6.4723,1
Polytelis anthopeplus,6.6849,1
Polytelis swainsonii,7.0449,2
Polytmus guainumbi,6.8354,2
Polytmus milleri,6.9769,1
Polytmus theresiae,7.3702,1
Pomarea dimidiata,5.4940,1
Pomarea iphis,4.7419,1
Pomarea mendozae,4.5802,1
Pomarea nigra,5.2751,2
Pomarea whitneyi,5.1763,1
Pomatorhinus horsfieldii,5.4147,1
Pomatorhinus melanurus,5.5577,1
Pomatorhinus montanus,5.9314,1
Pomatorhinus musicus,5.7140,1
Pomatorhinus ochraceiceps,6.0221,1
Pomatorhinus ruficollis,5.7770,1
Pomatorhinus schisticeps,6.4379,1
Pomatorhinus superciliaris,5.9367,1
Pomatostomus halli,5.9325,1
Pomatostomus ruficeps,5.8414,1
Pomatostomus superciliosus,5.9440,1
Pomatostomus temporalis,5.7577,1
Poodytes albolimbatus,4.6245,1
Poodytes carteri,4.7316,1
Poodytes gramineus,5.4247,1
Pooecetes gramineus,4.5769,1
Poospiza baeri,5.7246,1
Poospiza boliviana,6.0010,1
Poospiza garleppi,6.8560,1
Poospiza goeringi,5.2714,1
Poospiza hispaniolensis,5.0721,1
Poospiza nigrorufa,5.9787,1
Poospiza ornata,5.8649,1
Poospiza rubecula,6.0035,1
Poospiza rufosuperciliaris,6.6402,1
Poospiza whitii,6.7267,1
Poospizopsis caesar,6.5510,1
Poospizopsis hypocondria,5.2081,1
Porphyrio alleni,5.0501,1
Porphyrio flavirostris,5.2984,1
Porphyrio hochstetteri,4.8755,1
Porphyrio martinicus,5.8955,1
Porphyriops melanops,5.4896,1
Porphyrolaema porphyrolaema,5.5537,1
Porphyrospiza caerulescens,7.0761,1
Porzana albicollis,5.2154,1
Porzana carolina,5.3340,1
Porzana fasciata,5.5771,1
Porzana fluminea,5.6245,1
Porzana porzana,5.3298,1
Premnoplex brunnescens,5.9079,1
Premnornis guttuliger,5.5507,1
Primolius auricollis,6.3153,1
Primolius couloni,6.9424,1
Primolius maracana,7.4715,1
Prinia bairdii,5.4752,1
Prinia buchanani,4.7489,1
Prinia cinereocapilla,5.2064,1
Prinia erythroptera,5.1577,1
Prinia familiaris,5.3112,1
Prinia flavicans,5.2998,1
Prinia fluviatilis,4.8833,1
Prinia hodgsonii,5.5439,1
Prinia hypoxantha,5.3958,1
Prinia inornata,5.3983,1
Prinia maculosa,5.1227,1
Prinia molleri,5.3327,1
Prinia rufescens,5.8701,1
Prinia rufifrons,5.4830,1
Prinia socialis,6.0137,1
Prinia somalica,5.4530,1
Prinia subflava,5.5227,1
Prinia superciliaris,5.5565,1
Prinia sylvatica,4.9794,1
Prioniturus discurus,6.5522,1
Prioniturus flavicans,6.4496,1
Prioniturus luconensis,7.4355,1
Prioniturus mada,6.6360,1
Prioniturus mindorensis,5.3014,1
Prioniturus montanus,4.7979,1
Prioniturus platenae,7.1643,1
Prioniturus platurus,6.5947,1
Prioniturus waterstradti,6.0173,1
Prionochilus maculatus,5.3016,1
Prionochilus olivaceus,5.7917,1
Prionochilus percussus,6.2176,2
Prionochilus plateni,5.5860,1
Prionochilus thoracicus,6.2536,2
Prionochilus xanthopygius,6.7829,1
Prionodura newtoniana,6.6027,1
Prionops caniceps,5.6373,1
Prionops gabela,5.6443,1
Prionops plumatus,6.5107,1
Prionops poliolophus,6.2451,1
Prionops retzii,6.3003,1
Prionops rufiventris,6.1674,1
Prionops scopifrons,5.6301,1
Priotelus temnurus,7.1608,1
Probosciger aterrimus,6.6031,1
Procarduelis nipalensis,5.6573,1
Procellaria aequinoctialis,5.3756,1
Procellaria cinerea,5.1382,1
Procellaria conspicillata,4.5257,1
Procellaria parkinsoni,5.2157,1
Procellaria westlandica,4.8560,1
Procnias albus,5.5538,1
Procnias averano,5.6200,1
Procnias nudicollis,6.2736,1
Procnias tricarunculatus,7.0767,1
Prodotiscus insignis,5.1482,1
Prodotiscus regulus,4.5094,1
Prodotiscus zambesiae,5.1231,1
Progne chalybea,5.5319,1
Progne cryptoleuca,5.6950,1
Progne dominicensis,5.9339,2
Progne elegans,5.6182,1
Progne modesta,5.6328,2
Progne murphyi,4.6805,1
Progne sinaloae,5.3062,1
Progne subis,6.2125,1
Progne tapera,5.7311,1
Promerops cafer,6.1780,1
Promerops gurneyi,6.5280,1
Prosobonia parvirostris,5.1397,1
Prosopeia personata,6.5835,1
Prosopeia splendens,6.9563,1
Prosopeia tabuensis,6.7827,1
Prosthemadera novaeseelandiae,6.0257,1
Protonotaria citrea,6.8618,1
Prunella atrogularis,5.5802,1
Prunella collaris,5.4669,1
Prunella fulvescens,5.2521,1
Prunella himalayana,5.4326,2
Prunella immaculata,5.8480,1
Prunella koslowi,5.3267,1
Prunella modularis,5.0892,1
Prunella montanella,5.6577,1
Prunella rubeculoides,5.7191,1
Prunella rubida,4.7099,1
Prunella strophiata,5.9826,1
Psalidoprocne albiceps,5.6707,1
Psalidoprocne fuliginosa,5.7552,1
Psalidoprocne nitens,4.8378,1
Psalidoprocne obscura,5.1385,1
Psalidoprocne pristoptera,5.9539,1
Psaltria exilis,5.3391,1
Psaltriparus minimus,7.0450,1
Psarisomus dalhousiae,6.8264,1
Psarocolius atrovirens,5.8668,1
Psarocolius cassini,5.4795,1
Psarocolius decumanus,6.8136,1
Psarocolius guatimozinus,6.3528,1
Psarocolius montezuma,6.4317,1
Psarocolius viridis,6.7053,1
Psarocolius wagleri,5.3710,1
Pselliophorus luteoviridis,5.5917,1
Pselliophorus tibialis,5.7504,1
Psephotellus chrysopterygius,7.0749,2
Psephotellus dissimilis,6.9980,1
Psephotellus varius,7.6001,1
Psephotus haematonotus,7.5178,1
Pseudasthenes cactorum,4.9339,1
Pseudasthenes humicola,5.3097,1
Pseudasthenes patagonica,5.0403,1
Pseudasthenes steinbachi,5.4493,1
Pseudastur albicollis,6.8983,1
Pseudastur occidentalis,6.8470,1
Pseudastur polionotus,6.6729,1
Pseudelaenia leucospodia,5.0305,1
Pseudeos fuscata,4.6195,1
Pseudhirundo griseopyga,5.8564,1
Pseudibis davisoni,4.9905,1
Pseudibis papillosa,5.5178,1
Pseudobias wardi,6.0070,1
Pseudobulweria aterrima,4.9915,1
Pseudobulweria becki,4.5509,1
Pseudobulweria macgillivrayi,4.9342,1
Pseudobulweria rostrata,4.9921,1
Pseudocalyptomena graueri,6.3337,1
Pseudochelidon eurystomina,5.3255,1
Pseudocolaptes boissonneauii,5.5458,1
Pseudocolopteryx acutipennis,6.3060,1
Pseudocolopteryx citreola,5.7358,1
Pseudocolopteryx dinelliana,5.5278,1
Pseudocolopteryx flaviventris,5.5506,1
Pseudocolopteryx sclateri,5.4260,1
Pseudoleistes guirahuro,5.4666,1
Pseudoleistes virescens,5.9793,1
Pseudonestor xanthophrys,5.7494,1
Pseudonigrita arnaudi,6.1466,1
Pseudonigrita cabanisi,5.7141,1
Pseudopipra pipra,6.5178,1
Pseudopodoces humilis,5.4038,1
Pseudorectes ferrugineus,4.6316,1
Pseudorectes incertus,4.9633,1
Pseudosaltator rufiventris,6.2623,1
Pseudoscops grammicus,7.4555,1
Pseudoseisura cristata,6.3319,1
Pseudoseisura gutturalis,5.3555,1
Pseudoseisura lophotes,5.6374,1
Pseudoseisura unirufa,5.8915,1
Pseudospingus verticalis,5.6023,1
Pseudospingus xanthophthalmus,4.9711,1
Pseudotriccus pelzelni,6.0537,1
Pseudotriccus ruficeps,6.1519,1
Pseudotriccus simplex,4.8130,1
Psilopogon annamensis,7.1028,1
Psilopogon armillaris,6.7228,1
Psilopogon asiaticus,6.4847,1
Psilopogon auricularis,7.0431,1
Psilopogon australis,6.3062,1
Psilopogon chersonesus,6.2081,1
Psilopogon chrysopogon,6.7476,1
Psilopogon corvinus,6.1730,1
Psilopogon eximius,5.4253,1
Psilopogon faber,6.7791,1
Psilopogon faiostrictus,5.8234,1
Psilopogon flavifrons,6.9583,1
Psilopogon franklinii,7.0635,1
Psilopogon haemacephalus,7.0126,1
Psilopogon henricii,7.5737,1
Psilopogon incognitus,6.8790,1
Psilopogon javensis,6.4007,1
Psilopogon lagrandieri,6.5485,1
Psilopogon lineatus,6.4956,1
Psilopogon malabaricus,6.6963,1
Psilopogon monticola,6.5756,1
Psilopogon mystacophanos,6.3512,1
Psilopogon nuchalis,7.0113,1
Psilopogon oorti,7.2954,1
Psilopogon pulcherrimus,7.1584,1
Psilopogon pyrolophus,6.0013,1
Psilopogon rafflesii,5.9778,1
Psilopogon rubricapillus,6.3017,1
Psilopogon virens,6.3777,1
Psilopogon viridis,7.1698,1
Psilopogon zeylanicus,6.6512,1
Psilopsiagon aurifrons,6.7618,1
Psilopsiagon aymara,6.6817,1
Psilorhamphus guttatus,5.0871,1
Psiloscops flammeolus,6.9497,1
Psittacara acuticaudatus,6.4027,1
Psittacara erythrogenys,7.4923,1
Psittacara euops,6.6292,1
Psittacara finschi,6.5043,1
Psittacara leucophthalmus,7.0529,1
Psittacara mitratus,7.1915,1
Psittacella brehmii,7.5445,1
Psittacella madaraszi,6.3799,1
Psittacella modesta,5.7825,1
Psittacula alexandri,7.1565,1
Psittacula caniceps,6.4020,1
Psittacula derbiana,6.7192,1
Psittaculirostris edwardsii,6.7143,1
Psittaculirostris salvadorii,6.2745,2
Psitteuteles goldiei,5.9211,1
Psitteuteles versicolor,6.7946,1
Psittiparus bakeri,6.1931,1
Psittiparus gularis,5.9202,1
Psittiparus margaritae,5.9849,1
Psittiparus ruficeps,6.1972,1
Psittirostra psittacea,5.1626,1
Psittrichas fulgidus,7.4196,1
Psophia leucoptera,5.6656,1
Psophodes cristatus,5.9395,1
Psophodes nigrogularis,5.6790,1
Psophodes occidentalis,6.0775,1
Psophodes olivaceus,5.3963,1
Pteridophora alberti,7.1187,1
Pternistis adspersus,5.6560,1
Pternistis afer,5.1269,1
Pternistis ahantensis,4.9038,1
Pternistis atrifrons,5.6223,1
Pternistis bicalcaratus,5.6380,1
Pternistis capensis,5.5431,1
Pternistis castaneicollis,5.2404,1
Pternistis clappertoni,4.9391,1
Pternistis erckelii,5.4655,1
Pternistis griseostriatus,4.7108,1
Pternistis hartlaubi,5.7240,1
Pternistis harwoodi,5.2209,1
Pternistis hildebrandti,5.0353,1
Pternistis icterorhynchus,5.0740,1
Pternistis jacksoni,5.6347,1
Pternistis leucoscepus,5.0639,1
Pternistis natalensis,6.0490,1
Pternistis nobilis,5.5150,1
Pternistis ochropectus,4.9259,1
Pternistis rufopictus,5.4251,1
Pternistis squamatus,4.8931,1
Pternistis swainsonii,5.2661,1
Pternistis swierstrai,5.1188,1
Pterocles alchata,6.1385,2
Pterocles bicinctus,5.8208,1
Pterocles burchelli,5.0032,1
Pterocles coronatus,6.2506,1
Pterocles decoratus,5.9436,1
Pterocles exustus,5.3776,1
Pterocles gutturalis,6.6232,1
Pterocles indicus,5.7457,2
Pterocles lichtensteinii,6.3318,1
Pterocles namaqua,5.8777,2
Pterocles orientalis,5.8813,2
Pterocles personatus,5.8160,1
Pterocles quadricinctus,6.4059,1
Pterocles senegallus,5.6894,1
Pterodroma alba,5.3909,1
Pterodroma arminjoniana,4.9896,1
Pterodroma atrata,4.8154,1
Pterodroma axillaris,5.1523,1
Pterodroma baraui,5.3704,1
Pterodroma brevipes,4.7080,1
Pterodroma cahow,4.7412,1
Pterodroma cookii,5.3124,1
Pterodroma defilippiana,4.4966,1
Pterodroma externa,5.5199,1
Pterodroma gouldi,5.1764,1
Pterodroma heraldica,5.3882,1
Pterodroma hypoleuca,5.3600,1
Pterodroma incerta,4.8266,1
Pterodroma inexpectata,5.1021,1
Pterodroma lessonii,5.0229,1
Pterodroma leucoptera,5.2614,1
Pterodroma longirostris,5.5193,1
Pterodroma macroptera,4.6472,1
Pterodroma madeira,5.8255,1
Pterodroma magentae,4.7540,1
Pterodroma mollis,5.3619,1
Pterodroma neglecta,4.8894,1
Pterodroma nigripennis,5.5840,1
Pterodroma phaeopygia,5.4974,1
Pterodroma pycrofti,5.5651,1
Pterodroma sandwichensis,5.1838,1
Pterodroma solandri,5.5621,1
Pterodroma ultima,4.7965,1
Pteroglossus aracari,6.9865,1
Pteroglossus azara,7.5224,1
Pteroglossus bailloni,6.2260,1
Pteroglossus beauharnaisii,7.4285,1
Pteroglossus castanotis,7.4477,1
Pteroglossus frantzii,6.6659,1
Pteroglossus pluricinctus,7.8990,1
Pteroglossus viridis,7.4321,2
Pteronetta hartlaubii,5.5019,1
Pterophanes cyanopterus,7.3536,1
Pteroptochos castaneus,5.3195,1
Pteroptochos megapodius,5.3905,1
Pteroptochos tarnii,5.4315,1
Pteruthius flaviscapis,6.2713,1
Pteruthius melanotis,6.3255,1
Pteruthius rufiventer,5.0640,1
Pteruthius xanthochlorus,5.6427,1
Ptilinopus alligator,6.6907,1
Ptilinopus aurantiifrons,6.7548,1
Ptilinopus chalcurus,5.8967,1
Ptilinopus cinctus,5.8186,1
Ptilinopus coralensis,6.0346,1
Ptilinopus coronulatus,5.9757,1
Ptilinopus dohertyi,6.1115,1
Ptilinopus dupetithouarsii,5.9943,1
Ptilinopus eugeniae,6.0156,1
Ptilinopus granulifrons,5.5185,1
Ptilinopus greyi,6.0300,1
Ptilinopus hernsheimi,6.0436,1
Ptilinopus hyogastrus,5.8910,1
Ptilinopus insolitus,6.2236,1
Ptilinopus insularis,6.1398,1
Ptilinopus iozonus,6.0873,1
Ptilinopus melanospilus,6.3368,1
Ptilinopus monacha,5.4109,1
Ptilinopus nainus,6.4111,1
Ptilinopus pelewensis,6.6330,1
Ptilinopus perlatus,6.6033,1
Ptilinopus perousii,7.1378,1
Ptilinopus ponapensis,6.0052,1
Ptilinopus porphyreus,6.9296,1
Ptilinopus pulchellus,6.0794,1
Ptilinopus rarotongensis,6.1162,1
Ptilinopus regina,6.4822,1
Ptilinopus richardsii,5.7468,2
Ptilinopus rivoli,6.6648,1
Ptilinopus roseicapilla,6.4402,1
Ptilinopus tannensis,5.7243,1
Ptilinopus viridis,6.2335,1
Ptilinopus wallacii,6.5363,1
Ptiliogonys caudatus,7.1231,1
Ptiliogonys cinereus,6.5672,2
Ptilocichla falcata,4.8484,1
Ptilocichla leucogrammica,5.4558,1
Ptilocichla mindanensis,5.3548,1
Ptilonorhynchus violaceus,5.6095,2
Ptilopachus nahani,5.2761,1
Ptilopachus petrosus,5.8737,1
Ptiloprora erythropleura,5.0179,1
Ptiloprora guisei,4.7530,1
Ptiloprora meekiana,4.8017,1
Ptiloprora perstriata,5.9107,1
Ptilopsis granti,7.3867,1
Ptilopsis leucotis,6.8104,1
Ptilorrhoa caerulescens,5.6514,1
Ptilorrhoa castanonota,6.0179,1
Ptilorrhoa leucosticta,5.8764,1
Ptilostomus afer,6.1616,1
Ptilotula flavescens,5.8032,1
Ptilotula fusca,5.6209,1
Ptilotula keartlandi,5.8844,1
Ptilotula ornata,6.0984,1
Ptilotula penicillata,5.8700,1
Ptilotula plumula,5.0590,1
Ptiloxena atroviolacea,6.0659,1
Ptychoramphus aleuticus,4.7564,1
Ptyonoprogne concolor,6.0347,1
Ptyonoprogne rupestris,5.6400,1
Pucrasia macrolopha,6.0922,2
Puffinus assimilis,5.3897,1
Puffinus auricularis,4.6897,1
Puffinus bailloni,4.8274,1
Puffinus bannermani,5.1090,1
Puffinus bryani,4.0267,1
Puffinus elegans,5.5193,1
Puffinus gavia,5.4567,1
Puffinus heinrothi,4.5976,1
Puffinus huttoni,5.3438,1
Puffinus mauretanicus,5.2200,1
Puffinus myrtae,4.6350,1
Puffinus nativitatis,5.1980,1
Puffinus newelli,5.5254,1
Puffinus opisthomelas,4.9332,1
Puffinus persicus,4.7230,1
Puffinus puffinus,5.1320,1
Puffinus subalaris,5.7874,1
Puffinus yelkouan,4.8962,1
Pulsatrix koeniswaldiana,6.7591,1
Pulsatrix melanota,6.6234,1
Pulsatrix perspicillata,7.1239,1
Purnella albifrons,5.4097,1
Purpureicephalus spurius,6.9135,1
Pycnonotus aurigaster,5.4091,1
Pycnonotus barbatus,5.0669,1
Pycnonotus bimaculatus,5.0008,1
Pycnonotus brunneus,4.7658,1
Pycnonotus cafer,5.9161,1
Pycnonotus capensis,5.2631,1
Pycnonotus cinereifrons,4.4377,1
Pycnonotus goiavier,5.6301,1
Pycnonotus jocosus,6.6759,1
Pycnonotus leucogenys,5.9683,1
Pycnonotus leucotis,5.8563,1
Pycnonotus luteolus,5.2155,1
Pycnonotus nigricans,5.7647,1
Pycnonotus penicillatus,6.1100,1
Pycnonotus plumosus,5.0977,1
Pycnonotus pseudosimplex,4.9100,1
Pycnonotus simplex,5.0808,1
Pycnonotus sinensis,5.2895,1
Pycnonotus snouckaerti,4.9889,1
Pycnonotus taivanus,5.5977,1
Pycnonotus tympanistrigus,5.1097,1
Pycnonotus xantholaemus,6.3049,1
Pycnonotus xanthopygos,5.6605,1
Pycnonotus xanthorrhous,5.7235,1
Pycnonotus zeylanicus,5.5753,1
Pycnoptilus floccosus,5.1819,1
Pycnopygius cinereus,4.5345,1
Pycnopygius ixoides,4.6654,1
Pycnopygius stictocephalus,4.6633,1
Pygarrhichas albogularis,5.9092,1
Pygiptila stellaris,5.2542,1
Pygochelidon cyanoleuca,5.8546,1
Pygochelidon melanoleuca,6.2369,1
Pygoscelis adeliae,7.1520,1
Pygoscelis antarcticus,7.0139,1
Pygoscelis papua,7.1943,1
Pyrenestes minor,6.2306,1
Pyrenestes ostrinus,6.5174,1
Pyrenestes sanguineus,6.3634,1
Pyrgilauda blanfordi,5.1970,1
Pyrgilauda davidiana,5.3475,1
Pyrgilauda ruficollis,6.3712,1
Pyriglena atra,5.2798,2
Pyriglena leucoptera,5.4562,1
Pyrilia aurantiocephala,6.3111,1
Pyrilia barrabandi,6.8261,1
Pyrilia caica,6.7389,1
Pyrilia haematotis,6.5003,1
Pyrilia pulchra,6.6327,1
Pyrilia pyrilia,6.7307,1
Pyrilia vulturina,6.4666,1
Pyrocephalus rubinus,5.7265,1
Pyroderus scutatus,6.5199,1
Pyrrhocorax graculus,5.6990,1
Pyrrhocorax pyrrhocorax,6.3367,1
Pyrrholaemus brunneus,5.6069,1
Pyrrholaemus sagittatus,5.7943,1
Pyrrhomyias cinnamomeus,6.1023,1
Pyrrhoplectes epauletta,5.3105,1
Pyrrhula aurantiaca,6.7819,2
Pyrrhula erythrocephala,6.6420,1
Pyrrhula leucogenis,5.2093,1
Pyrrhula murina,5.8541,1
Pyrrhula pyrrhula,6.7364,2
Pyrrhulagra violacea,6.5132,1
Pyrrhura albipectus,6.5816,1
Pyrrhura calliptera,6.7024,1
Pyrrhura cruentata,7.2819,1
Pyrrhura devillei,6.6933,1
Pyrrhura egregia,6.9398,1
Pyrrhura frontalis,7.3940,1
Pyrrhura griseipectus,6.3222,1
Pyrrhura hoematotis,6.7878,1
Pyrrhura hoffmanni,7.2852,1
Pyrrhura lepida,6.3956,1
Pyrrhura leucotis,6.6248,1
Pyrrhura lucianii,6.0686,1
Pyrrhura molinae,6.8940,1
Pyrrhura orcesi,6.6454,1
Pyrrhura perlata,6.7844,1
Pyrrhura pfrimeri,6.8828,1
Pyrrhura rhodocephala,6.7485,1
Pyrrhura rupicola,6.1162,1
Pyrrhura viridicata,6.8049,1
Pyrrhurus scandens,4.5067,1
Pyrroglaux podargina,6.3933,1
Pytilia afra,5.4678,1
Pytilia hypogrammica,5.9701,1
Pytilia lineata,6.3769,2
Pytilia melba,6.1807,1
Pytilia phoenicoptera,6.2280,1
Quelea cardinalis,6.7520,1
Quelea erythrops,5.8954,1
Quelea quelea,5.6853,1
Querula purpurata,6.1879,1
Quiscalus lugubris,5.7239,2
Quiscalus major,6.0527,1
Quiscalus mexicanus,5.8340,1
Quiscalus nicaraguensis,5.8907,1
Quiscalus niger,5.6049,1
Quiscalus quiscula,6.5404,1
Quoyornis georgianus,6.0422,1
Radjah radjah,6.0832,1
Rallicula forbesi,4.9510,1
Rallicula leucospila,5.9145,1
Rallicula rubra,5.6840,1
Rallina canningi,5.6015,1
Rallina eurizonoides,5.3973,1
Rallina fasciata,5.7667,1
Rallina tricolor,4.4965,1
Rallus antarcticus,5.0837,1
Rallus aquaticus,5.8353,1
Rallus caerulescens,5.5805,1
Rallus crepitans,4.8598,1
Rallus elegans,6.0386,1
Rallus indicus,5.1652,1
Rallus limicola,5.4241,1
Rallus longirostris,5.1919,1
Rallus madagascariensis,5.1540,1
Rallus obsoletus,5.2055,1
Rallus semiplumbeus,5.3639,1
Rallus tenuirostris,5.2083,1
Rallus wetmorei,4.6452,1
Ramphastos ambiguus,8.1794,1
Ramphastos brevis,7.8192,1
Ramphastos dicolorus,7.2070,1
Ramphastos sulfuratus,7.8348,1
Ramphastos toco,7.4730,1
Ramphiculus epius,5.7821,1
Ramphiculus jambu,6.0988,1
Ramphiculus leclancheri,5.0267,2
Ramphiculus mangoliensis,6.7246,1
Ramphiculus marchei,6.5170,1
Ramphiculus merrilli,5.9011,1
Ramphiculus occipitalis,6.3791,1
Ramphiculus subgularis,5.7234,1
Ramphocelus bresilius,6.7663,1
Ramphocelus carbo,6.9458,1
Ramphocelus dimidiatus,6.8638,1
Ramphocelus melanogaster,6.3060,2
Ramphocelus nigrogularis,6.5193,1
Ramphocelus sanguinolentus,6.7670,1
Ramphocinclus brachyurus,5.2371,1
Ramphocoris clotbey,5.1475,1
Ramphodon naevius,7.1505,1
Ramphomicron dorsale,6.6278,1
Ramphomicron microrhynchum,7.4385,1
Ramphotrigon fuscicauda,5.5134,1
Ramphotrigon megacephalum,5.5665,1
Ramphotrigon ruficauda,5.1938,1
Ramsayornis fasciatus,6.0445,1
Ramsayornis modestus,5.3379,1
Randia pseudozosterops,4.8739,1
Recurvirostra americana,7.2947,1
Recurvirostra andina,6.5070,1
Recurvirostra avosetta,6.4879,1
Recurvirostra novaehollandiae,6.5336,1
Regulus calendula,7.3135,1
Regulus goodfellowi,6.7338,1
Regulus ignicapilla,6.9175,1
Regulus madeirensis,6.8223,1
Regulus regulus,6.8160,1
Regulus satrapa,7.2095,2
Reinwardtoena browni,5.3387,1
Reinwardtoena crassirostris,5.4080,1
Reinwardtoena reinwardti,5.9934,1
Remiz consobrinus,5.9322,1
Remiz coronatus,5.9460,1
Rhabdornis grandis,4.8996,1
Rhabdornis inornatus,5.0665,1
Rhabdornis mystacalis,5.2135,1
Rhabdornis rabori,5.1683,1
Rhabdotorrhinus corrugatus,5.7937,1
Rhabdotorrhinus exarhatus,5.7624,2
Rhabdotorrhinus leucocephalus,5.9923,2
Rhabdotorrhinus waldeni,6.0964,2
Rhagologus leucostigma,5.6840,1
Rhamphococcyx calyorhynchus,6.0458,1
Rhaphidura leucopygialis,5.6146,1
Rhaphidura sabini,5.3994,1
Rhea americana,5.9896,1
Rhegmatorhina berlepschi,5.7789,1
Rhegmatorhina cristata,6.3308,1
Rhegmatorhina gymnops,5.9622,1
Rhegmatorhina hoffmannsi,4.8301,1
Rhegmatorhina melanosticta,6.4405,2
Rhinocrypta lanceolata,6.0174,1
Rhinoplax vigil,5.6057,2
Rhinopomastus aterrimus,5.8992,1
Rhinopomastus castaneiceps,5.8559,1
Rhinopomastus cyanomelas,6.2957,1
Rhinopomastus minor,5.8924,1
Rhinoptilus bitorquatus,4.3522,1
Rhinoptilus chalcopterus,5.8025,1
Rhinoptilus cinctus,6.0145,1
Rhinortha chlorophaea,6.4861,1
Rhipidura albicollis,5.8471,1
Rhipidura albiscapa,5.5442,1
Rhipidura albiventris,6.0471,1
Rhipidura albogularis,6.3092,1
Rhipidura albolimbata,5.9537,1
Rhipidura atra,6.1388,2
Rhipidura aureola,6.2329,1
Rhipidura brachyrhyncha,5.9306,1
Rhipidura cyaniceps,6.2426,1
Rhipidura dedemi,6.6981,1
Rhipidura diluta,5.3356,1
Rhipidura dryas,6.6286,1
Rhipidura euryura,5.3386,1
Rhipidura fuliginosa,6.2704,1
Rhipidura fuscorufa,5.4716,1
Rhipidura hyperythra,5.7957,1
Rhipidura javanica,5.5856,1
Rhipidura kubaryi,5.3181,1
Rhipidura lepida,5.7232,1
Rhipidura leucophrys,6.3977,1
Rhipidura leucothorax,6.2576,1
Rhipidura maculipectus,5.7148,1
Rhipidura nebulosa,5.2266,1
Rhipidura nigritorquis,5.1517,1
Rhipidura nigrocinnamomea,6.1601,1
Rhipidura opistherythra,5.3960,1
Rhipidura perlata,5.5249,1
Rhipidura personata,5.8250,1
Rhipidura phasiana,5.4477,1
Rhipidura phoenicura,6.1096,1
Rhipidura rennelliana,4.8621,1
Rhipidura rufidorsa,3.7557,1
Rhipidura samarensis,6.4109,1
Rhipidura sauli,6.1691,1
Rhipidura semirubra,6.3346,1
Rhipidura superciliaris,5.9083,1
Rhipidura superflua,5.9037,1
Rhipidura tenebrosa,5.4306,1
Rhipidura threnothorax,5.1670,1
Rhizothera longirostris,5.2637,1
Rhodinocichla rosea,7.1620,1
Rhodophoneus cruentus,5.7114,1
Rhodopis vesper,7.1728,1
Rhodospingus cruentus,6.4062,1
Rhodospiza obsoleta,6.2283,1
Rhodostethia rosea,6.4210,1
Rhopias gularis,5.9827,1
Rhopocichla atriceps,4.8626,1
Rhopophilus albosuperciliaris,5.2127,1
Rhopophilus pekinensis,5.3640,1
Rhopornis ardesiacus,5.6011,1
Rhopospina fruticeti,5.7054,2
Rhynchocyclus brevirostris,6.2335,1
Rhynchocyclus fulvipectus,5.2804,1
Rhynchocyclus pacificus,4.8166,1
Rhynchophanes mccownii,4.6080,1
Rhynchopsitta pachyrhyncha,6.3490,1
Rhynchopsitta terrisi,7.3173,1
Rhynchortyx cinctus,5.8019,2
Rhynchospiza stolzmanni,4.5868,1
Rhynchostruthus percivali,5.4098,1
Rhynchostruthus socotranus,5.5544,1
Rhynchotus maculicollis,5.0051,1
Rhynchotus rufescens,5.0852,1
Rhynochetos jubatus,6.6383,1
Rhyticeros cassidix,6.0462,1
Rhyticeros everetti,5.5630,1
Rhyticeros narcondami,5.8248,2
Rhyticeros plicatus,6.5315,1
Rhyticeros subruficollis,5.6384,1
Rhyticeros undulatus,6.2116,1
Rhytipterna holerythra,5.5919,1
Rhytipterna immunda,4.8003,1
Rhytipterna simplex,5.2553,1
Ridgwayia pinicola,4.9728,2
Rigidipenna inexpectata,5.8015,1
Rimator albostriatus,5.2963,1
Rimator danjoui,4.9917,1
Rimator malacoptilus,5.2440,1
Rimator pasquieri,4.8999,1
Riparia chinensis,5.8303,1
Riparia congica,4.7554,1
Riparia diluta,5.5354,1
Riparia riparia,6.1251,1
Rissa brevirostris,5.6950,1
Rissa tridactyla,5.9411,1
Robsonius thompsoni,4.6822,1
Rollandia microptera,6.0629,1
Rollandia rolland,5.6561,1
Rollulus rouloul,5.6650,1
Roraimia adusta,6.1748,1
Rostratula australis,5.5172,2
Rostratula benghalensis,6.5420,1
Rostrhamus sociabilis,6.0556,1
Rougetius rougetii,5.5999,1
Rowettia goughensis,5.2074,1
Rubigula dispar,5.7132,1
Rubigula flaviventris,6.5450,1
Rubigula gularis,6.4767,1
Rubigula melanictera,6.2863,1
Rubigula montis,6.2096,1
Rufirallus castaneiceps,5.4795,1
Rufirallus viridis,5.9598,1
Rukia longirostra,5.2127,1
Rukia ruki,5.6757,1
Rupicola peruvianus,6.4307,1
Rupicola rupicola,6.8313,1
Rupornis magnirostris,6.0728,1
Rynchops albicollis,5.9834,1
Rynchops flavirostris,5.7402,1
Rynchops niger,5.7949,1
Sagittarius serpentarius,6.2749,1
Sakesphorus cristatus,6.5161,1
Sakesphorus luctuosus,5.8692,1
Salpinctes obsoletus,4.9193,1
Salpornis salvadori,5.7536,1
Salpornis spilonota,5.9143,1
Saltator albicollis,5.1633,1
Saltator atriceps,6.1447,1
Saltator atricollis,5.2974,1
Saltator atripennis,5.9305,1
Saltator aurantiirostris,6.0973,1
Saltator cinctus,5.7743,1
Saltator coerulescens,5.7200,1
Saltator fuliginosus,5.9924,1
Saltator grossus,5.7722,1
Saltator maxillosus,5.5775,1
Saltator maximus,5.2456,1
Saltator multicolor,6.3199,1
Saltator nigriceps,5.4514,1
Saltator orenocensis,5.5955,1
Saltator similis,5.5359,1
Saltator striatipectus,5.0211,1
Salvadorina waigiuensis,5.7920,1
Sapayoa aenigma,6.4809,1
Sappho sparganurus,8.0680,1
Sarcogyps calvus,6.9000,1
Sarcophanops samarensis,6.6201,2
Sarcophanops steerii,7.5646,1
Sarcops calvus,5.2489,1
Sarcoramphus papa,5.2349,1
Sarkidiornis melanotos,6.5250,1
Sarkidiornis sylvicola,5.7795,1
Saroglossa spilopterus,5.2972,2
Sarothrura affinis,5.5427,1
Sarothrura ayresi,3.6684,1
Sarothrura boehmi,4.4440,1
Sarothrura elegans,5.3329,2
Sarothrura insularis,5.4674,1
Sarothrura pulchra,6.4041,1
Sarothrura rufa,6.5015,1
Sarothrura watersi,5.0231,1
Sasia abnormis,5.9647,1
Sasia ochracea,6.2989,1
Satrapa icterophrys,6.5078,1
Saundersilarus saundersi,5.2989,1
Saxicola caprata,5.9077,1
Saxicola dacotiae,5.5784,1
Saxicola ferreus,5.6641,2
Saxicola gutturalis,5.7054,2
Saxicola insignis,6.2034,1
Saxicola jerdoni,5.9902,2
Saxicola leucurus,5.3864,2
Saxicola macrorhynchus,5.9367,1
Saxicola rubetra,6.1427,1
Saxicola tectes,6.4075,1
Saxicoloides fulicatus,6.0230,2
Sayornis nigricans,6.1828,1
Sayornis phoebe,5.3566,1
Sayornis saya,5.8955,1
Scelorchilus albicollis,5.4616,1
Scelorchilus rubecula,6.1154,1
Scenopoeetes dentirostris,5.3061,1
Scepomycter winifredae,5.6790,1
Schetba rufa,5.7580,1
Schiffornis aenea,4.9429,1
Schiffornis major,5.6323,1
Schiffornis olivacea,4.3372,1
Schiffornis stenorhyncha,4.5988,1
Schiffornis turdina,4.9575,1
Schiffornis veraepacis,5.1099,1
Schiffornis virescens,5.1553,1
Schistes albogularis,7.0226,2
Schistes geoffroyi,6.5665,1
Schistochlamys melanopis,5.9525,1
Schistochlamys ruficapillus,5.8738,1
Schistolais leontica,5.0977,1
Schistolais leucopogon,5.2254,1
Schoenicola brevirostris,4.9300,1
Schoenicola platyurus,4.9017,1
Schoeniophylax phryganophilus,5.3937,1
Schoeniparus brunneus,4.8673,1
Schoeniparus castaneceps,6.1447,1
Schoeniparus cinereus,5.6553,1
Schoeniparus dubius,5.9470,1
Schoeniparus klossi,6.1194,1
Schoeniparus rufogularis,5.8368,1
Schoeniparus variegaticeps,6.2486,1
Schoutedenapus myoptilus,5.5272,1
Sciaphylax castanea,5.6467,1
Sciaphylax hemimelaena,5.6597,2
Scissirostrum dubium,5.7677,1
Sclateria naevia,5.8780,1
Scleroptila afra,5.0941,1
Scleroptila finschi,4.7380,2
Scleroptila gutturalis,4.9922,1
Scleroptila levaillantii,5.5969,1
Scleroptila streptophora,5.2040,1
Sclerurus albigularis,4.9441,1
Sclerurus caudacutus,5.1774,1
Sclerurus guatemalensis,5.0588,1
Sclerurus rufigularis,4.8946,1
Scolopax bukidnonensis,4.6677,1
Scolopax minor,6.2140,1
Scolopax mira,5.0832,1
Scolopax rochussenii,4.9184,1
Scolopax rosenbergii,5.5096,1
Scolopax rusticola,5.8907,1
Scolopax saturata,5.1509,1
Scopus umbretta,5.5569,1
Scotocerca inquieta,5.8207,1
Scotopelia bouvieri,6.2368,1
Scotopelia peli,6.8931,1
Scotopelia ussheri,6.5268,1
Scytalopus acutirostris,5.5930,1
Scytalopus affinis,5.4801,1
Scytalopus alvarezlopezi,5.2223,1
Scytalopus argentifrons,5.5055,1
Scytalopus atratus,5.0429,1
Scytalopus bolivianus,5.1044,1
Scytalopus canus,4.7462,1
Scytalopus caracae,5.7040,1
Scytalopus chocoensis,5.5354,1
Scytalopus diamantinensis,4.8081,1
Scytalopus femoralis,4.3609,1
Scytalopus fuscus,4.8389,1
Scytalopus gettyae,5.3154,1
Scytalopus gonzagai,4.9868,1
Scytalopus griseicollis,5.5373,1
Scytalopus iraiensis,4.8139,1
Scytalopus latebricola,5.1524,1
Scytalopus macropus,4.8866,1
Scytalopus magellanicus,5.4507,1
Scytalopus meridanus,5.6522,1
Scytalopus micropterus,4.8486,1
Scytalopus novacapitalis,4.4727,1
Scytalopus pachecoi,4.6508,1
Scytalopus parkeri,5.7669,1
Scytalopus parvirostris,5.4358,2
Scytalopus perijanus,4.8162,1
Scytalopus petrophilus,5.8317,1
Scytalopus robbinsi,4.5622,1
Scytalopus rodriguezi,5.2248,1
Scytalopus sanctaemartae,5.5341,1
Scytalopus schulenbergi,4.8318,1
Scytalopus simonsi,5.3258,1
Scytalopus speluncae,6.0345,1
Scytalopus spillmanni,5.4827,1
Scytalopus stilesi,4.9055,1
Scytalopus superciliaris,4.9178,1
Scytalopus unicolor,4.8282,1
Scytalopus urubambae,5.4992,1
Scytalopus vicinior,4.5406,1
Scytalopus zimmeri,4.9565,1
Scythrops novaehollandiae,5.5583,1
Seiurus aurocapilla,6.6992,1
Selasphorus ardens,5.7245,1
Selasphorus calliope,7.6288,1
Selasphorus flammula,6.7623,1
Selasphorus platycercus,6.8705,1
Selasphorus rufus,7.3907,1
Selasphorus sasin,7.1718,1
Selasphorus scintilla,7.5977,1
Selenidera gouldii,7.0482,1
Selenidera maculirostris,6.9691,1
Selenidera nattereri,6.6302,1
Selenidera piperivora,7.2231,2
Selenidera spectabilis,7.1570,2
Seleucidis melanoleucus,6.7770,1
Semioptera wallacii,6.8155,1
Semnornis frantzii,6.1633,1
Semnornis ramphastinus,6.8108,1
Sephanoides fernandensis,6.9626,2
Sephanoides sephaniodes,6.8560,1
Sericornis arfakianus,5.7246,1
Sericornis citreogularis,5.9306,1
Sericornis frontalis,5.2188,1
Sericornis humilis,5.0261,1
Sericornis keri,5.1067,1
Sericornis magnirostra,5.1583,1
Sericornis papuensis,5.4168,1
Sericornis perspicillatus,5.1895,1
Sericornis rufescens,5.1681,1
Sericornis spilodera,5.3945,1
Sericossypha albocristata,6.1295,2
Sericulus ardens,6.5152,1
Sericulus aureus,7.4841,1
Sericulus bakeri,5.8860,1
Sericulus chrysocephalus,5.8054,2
Serinus alario,5.6382,1
Serinus canaria,6.2649,1
Serinus canicollis,5.9410,1
Serinus flavivertex,5.6928,1
Serinus nigriceps,5.7855,1
Serinus pusillus,6.5033,1
Serinus serinus,5.8453,1
Serinus syriacus,6.2460,1
Serpophaga cinerea,6.3173,1
Serpophaga griseicapilla,5.2959,1
Serpophaga hypoleuca,5.8027,1
Serpophaga nigricans,5.7230,1
Setopagis heterura,5.6672,1
Setopagis parvula,6.4530,2
Setopagis whitelyi,5.4695,1
Setophaga adelaidae,6.4177,1
Setophaga americana,7.0065,1
Setophaga angelae,6.2737,1
Setophaga caerulescens,6.5261,1
Setophaga castanea,6.3713,1
Setophaga cerulea,7.1596,1
Setophaga chrysoparia,6.3863,1
Setophaga citrina,6.7070,1
Setophaga delicata,7.1068,1
Setophaga discolor,6.7912,1
Setophaga dominica,6.5973,1
Setophaga flavescens,6.2882,1
Setophaga fusca,7.4552,1
Setophaga graciae,6.0427,1
Setophaga kirtlandii,6.5778,1
Setophaga magnolia,7.1974,1
Setophaga nigrescens,6.1742,1
Setophaga occidentalis,5.9796,1
Setophaga palmarum,6.4862,1
Setophaga pensylvanica,6.6479,1
Setophaga petechia,7.1244,1
Setophaga pharetra,5.8280,1
Setophaga pinus,6.7199,1
Setophaga pityophila,6.0573,1
Setophaga plumbea,5.6438,1
Setophaga ruticilla,6.1892,1
Setophaga striata,6.2666,2
Setophaga subita,6.4697,1
Setophaga tigrina,6.8960,1
Setophaga townsendi,7.4535,1
Setophaga virens,6.3959,1
Setophaga vitellina,6.2498,1
Setornis criniger,5.5360,1
Sheppardia aequatorialis,6.2440,1
Sheppardia aurantiithorax,6.1956,1
Sheppardia cyornithopsis,5.5358,1
Sheppardia gabela,5.6428,1
Sheppardia gunningi,6.2178,1
Sheppardia lowei,4.9273,1
Sheppardia montana,4.6915,1
Sheppardia polioptera,6.4944,1
Sheppardia sharpei,5.4127,1
Sholicola albiventris,6.4735,1
Sholicola major,6.4264,1
Sialia currucoides,6.4162,2
Sialia mexicana,6.4979,1
Sialia sialis,6.5137,1
Sibia morrisoniana,6.2337,1
Sibia nipalensis,6.4682,1
Sibia souliei,5.3633,1
Sibia waldeni,6.6829,1
Sibirionetta formosa,5.7386,1
Sicalis auriventris,5.9416,1
Sicalis citrina,6.3085,1
Sicalis columbiana,6.1057,1
Sicalis flaveola,6.2858,1
Sicalis lebruni,5.3488,2
Sicalis lutea,6.2844,1
Sicalis luteocephala,6.1738,1
Sicalis luteola,6.1831,1
Sicalis mendozae,5.8306,1
Sicalis olivascens,5.5953,2
Sicalis raimondii,5.7948,1
Sicalis taczanowskii,5.5626,1
Sicalis uropigyalis,5.8699,1
Silvicultrix diadema,5.6321,1
Silvicultrix frontalis,6.2453,1
Silvicultrix jelskii,5.8085,1
Silvicultrix pulchella,6.0056,1
Sinosuthora alphonsiana,6.3691,1
Sinosuthora conspicillata,5.8748,1
Sinosuthora przewalskii,5.6839,1
Sinosuthora webbiana,6.4464,1
Sinosuthora zappeyi,6.5699,1
Siphonorhis brewsteri,4.7591,1
Sipia berlepschi,5.2080,2
Sipia laemosticta,6.1206,2
Sipia nigricauda,5.2488,1
Sipia palliata,5.4140,1
Sipodotus wallacii,6.7633,1
Siptornis striaticollis,4.7835,1
Sirystes albocinereus,5.0811,1
Sirystes albogriseus,5.2188,1
Sirystes sibilator,5.3188,1
Sirystes subcanescens,5.0883,1
Sitta azurea,6.5243,1
Sitta canadensis,6.1914,1
Sitta carolinensis,6.1378,1
Sitta cashmirensis,5.6156,2
Sitta castanea,6.6230,1
Sitta cinnamoventris,6.4688,1
Sitta formosa,7.0138,1
Sitta frontalis,7.2854,1
Sitta himalayensis,6.4390,1
Sitta krueperi,5.8990,1
Sitta ledanti,5.9302,1
Sitta leucopsis,6.5517,1
Sitta magna,5.7722,1
Sitta nagaensis,6.7905,1
Sitta neglecta,6.0475,1
Sitta neumayer,5.2582,1
Sitta oenochlamys,6.5947,1
Sitta przewalskii,6.2424,1
Sitta pusilla,6.2020,1
Sitta pygmaea,5.9610,1
Sitta solangiae,5.9973,1
Sitta tephronota,5.9285,1
Sitta victoriae,7.3172,1
Sitta villosa,5.8119,1
Sitta whiteheadi,6.2683,1
Sitta yunnanensis,6.8108,1
Sittiparus castaneoventris,6.3141,1
Sittiparus olivaceus,5.4746,1
Sittiparus owstoni,6.4063,1
Sittiparus semilarvatus,5.8014,1
Sittiparus varius,6.4850,1
Siva cyanouroptera,6.1695,1
Smicrornis brevirostris,5.5129,1
Smithornis capensis,5.9786,2
Smithornis rufolateralis,6.7560,1
Smithornis sharpei,5.9368,1
Smutsornis africanus,6.3473,1
Snowornis cryptolophus,5.8327,1
Snowornis subalaris,5.8703,1
Somateria fischeri,5.1502,2
Somateria mollissima,5.7653,1
Somateria spectabilis,6.3550,1
Spartonoica maluroides,5.2723,1
Spatula clypeata,6.3072,1
Spatula cyanoptera,5.9829,1
Spatula discors,5.5844,1
Spatula hottentota,5.8073,1
Spatula platalea,5.2993,1
Spatula puna,5.5770,1
Spatula querquedula,5.8405,1
Spatula rhynchotis,5.2765,1
Spatula smithii,5.5869,1
Spatula versicolor,5.9561,1
Speculanas specularis,5.5584,1
Speculipastor bicolor,5.6340,2
Spelaeornis badeigularis,5.7038,1
Spelaeornis caudatus,5.3510,1
Spelaeornis chocolatinus,5.6970,1
Spelaeornis kinneari,5.0951,1
Spelaeornis longicaudatus,5.2639,1
Spelaeornis oatesi,5.1370,1
Spelaeornis reptatus,5.3160,1
Spelaeornis troglodytoides,6.0810,1
Spermestes bicolor,6.3633,1
Spermestes cucullata,5.9857,1
Spermestes fringilloides,5.6391,1
Spermophaga haematina,6.6091,1
Spermophaga poliogenys,6.1702,1
Spermophaga ruficapilla,7.0863,1
Sphecotheres hypoleucus,5.9070,1
Sphecotheres vieilloti,5.0806,1
Sphecotheres viridis,5.8106,1
Spheniscus demersus,6.7623,1
Spheniscus humboldti,6.5183,1
Spheniscus magellanicus,6.4262,1
Spheniscus mendiculus,6.0919,1
Sphenoeacus afer,5.0807,1
Sphenopsis frontalis,5.3837,1
Sphyrapicus nuchalis,6.0387,2
Sphyrapicus ruber,6.5829,1
Sphyrapicus thyroideus,6.5540,1
Sphyrapicus varius,7.0842,1
Spilopelia senegalensis,6.0681,1
Spiloptila clamans,5.1600,1
Spilornis cheela,6.9503,1
Spilornis elgini,6.2967,1
Spilornis holospilus,5.9410,1
Spilornis kinabaluensis,6.6071,1
Spilornis klossi,5.7687,1
Spilornis rufipectus,6.2300,1
Spindalis dominicensis,6.6882,1
Spindalis nigricephala,6.7424,1
Spindalis portoricensis,6.4720,1
Spindalis zena,7.0329,1
Spinus atratus,5.6670,1
Spinus atriceps,5.6529,1
Spinus barbatus,5.9309,1
Spinus crassirostris,5.6050,2
Spinus cucullatus,6.3241,2
Spinus dominicensis,5.4412,2
Spinus lawrencei,5.7580,1
Spinus magellanicus,7.0810,1
Spinus notatus,5.8279,1
Spinus olivaceus,5.8939,2
Spinus pinus,5.8540,1
Spinus psaltria,5.7370,1
Spinus siemiradzkii,6.6559,1
Spinus spinescens,5.9590,1
Spinus spinus,6.1252,2
Spinus thibetanus,5.8337,2
Spinus tristis,5.9318,1
Spinus uropygialis,6.1283,1
Spinus xanthogastrus,5.2955,2
Spinus yarrellii,5.8875,2
Spiza americana,6.7699,1
Spizaetus isidori,6.8973,1
Spizaetus melanoleucus,6.4989,1
Spizaetus ornatus,6.7291,1
Spizaetus tyrannus,6.2601,1
Spizella atrogularis,5.3948,1
Spizella breweri,5.2751,1
Spizella pallida,5.5441,1
Spizella passerina,5.4453,1
Spizella pusilla,5.4953,1
Spizella wortheni,5.2238,1
Spiziapteryx circumcincta,6.3119,1
Spizixos canifrons,6.3831,1
Spizixos semitorques,5.8825,1
Spizocorys conirostris,5.4321,1
Spizocorys fremantlii,4.7416,1
Spizocorys fringillaris,4.6015,1
Spizocorys personata,4.6105,1
Spizocorys sclateri,4.5765,1
Spizocorys starki,4.6564,1
Spodiopsar cineraceus,4.9116,1
Spodiopsar sericeus,5.9227,1
Spodiornis rusticus,5.4810,2
Sporathraupis cyanocephala,6.4732,1
Sporophila albogularis,5.3025,1
Sporophila americana,5.5097,1
Sporophila angolensis,6.0998,1
Sporophila ardesiaca,5.6028,1
Sporophila atrirostris,5.8106,1
Sporophila beltoni,5.8864,1
Sporophila bouvreuil,6.0286,1
Sporophila bouvronides,5.6679,1
Sporophila caerulescens,5.2645,1
Sporophila castaneiventris,5.9973,1
Sporophila cinnamomea,6.5602,1
Sporophila collaris,6.4320,1
Sporophila crassirostris,5.2248,1
Sporophila falcirostris,5.4275,2
Sporophila fringilloides,6.2840,1
Sporophila frontalis,5.2989,1
Sporophila funerea,5.0937,1
Sporophila hypochroma,5.5058,1
Sporophila hypoxantha,5.7560,1
Sporophila intermedia,5.7190,1
Sporophila leucoptera,5.2889,2
Sporophila lineola,5.5113,1
Sporophila luctuosa,5.8177,1
Sporophila maximiliani,5.8355,2
Sporophila melanogaster,5.9040,2
Sporophila minuta,6.2268,1
Sporophila morelleti,5.7435,1
Sporophila murallae,5.4278,1
Sporophila nigricollis,5.3032,1
Sporophila nigrorufa,6.5457,1
Sporophila nuttingi,5.1231,2
Sporophila palustris,6.2230,1
Sporophila peruviana,5.1142,2
Sporophila pileata,5.3965,1
Sporophila plumbea,5.7450,1
Sporophila ruficollis,6.3195,1
Sporophila schistacea,5.4475,1
Sporophila simplex,5.0059,1
Sporophila telasco,5.3282,1
Sporophila torqueola,6.0395,2
Sporopipes frontalis,6.1595,1
Sporopipes squamifrons,5.7355,1
Stachyris grammiceps,4.7748,1
Stachyris herberti,5.0255,1
Stachyris humei,5.2560,1
Stachyris leucotis,5.3191,1
Stachyris maculata,5.5053,1
Stachyris nigriceps,5.9755,1
Stachyris nigricollis,5.6710,1
Stachyris nonggangensis,5.2232,1
Stachyris oglei,4.7398,1
Stachyris poliocephala,5.5590,1
Stachyris roberti,5.2685,1
Stachyris strialata,6.2318,1
Stachyris thoracica,5.2746,1
Stactolaema anchietae,5.4283,1
Stactolaema whytii,5.3543,1
Stagonopleura bella,6.6545,1
Stagonopleura guttata,7.0134,1
Stagonopleura oculata,6.7706,1
Starnoenas cyanocephala,6.0183,1
Steatornis caripensis,7.1533,1
Steganopus tricolor,5.7944,1
Stelgidillas gracilirostris,5.4218,1
Stelgidopteryx ruficollis,5.3731,1
Stenostira scita,5.9816,1
Stephanoaetus coronatus,6.6243,1
Stephanophorus diadematus,6.2122,1
Stephanoxis lalandi,7.4141,1
Stephanoxis loddigesii,7.5022,1
Stercorarius longicaudus,5.7361,1
Stercorarius parasiticus,5.5471,1
Stercorarius pomarinus,5.4345,1
Sterna acuticauda,5.9762,1
Sterna aurantia,5.5502,1
Sterna dougallii,6.2534,1
Sterna forsteri,5.9689,1
Sterna hirundinacea,6.3353,1
Sterna hirundo,6.2426,1
Sterna paradisaea,5.8724,1
Sterna repressa,6.2992,1
Sterna striata,5.5749,1
Sterna sumatrana,6.4178,1
Sterna trudeaui,5.4838,1
Sterna virgata,5.7208,1
Sterna vittata,6.3006,1
Sternoclyta cyanopectus,7.2757,1
Sternula albifrons,5.7499,1
Sternula antillarum,5.9287,1
Sternula balaenarum,5.6964,1
Sternula lorata,5.4825,1
Sternula nereis,5.5925,1
Sternula saundersi,5.7158,1
Sternula superciliaris,6.0293,1
Sterrhoptilus capitalis,4.9296,1
Sterrhoptilus dennistouni,6.0427,1
Sterrhoptilus nigrocapitatus,4.5230,1
Stictonetta naevosa,5.1188,2
Stigmatura budytoides,5.6930,1
Stiltia isabella,6.0126,1
Stipiturus malachurus,6.5670,1
Stipiturus mallee,6.5017,1
Stipiturus ruficeps,7.0764,1
Stizorhina finschi,5.3783,1
Stizorhina fraseri,5.4882,1
Stomiopera flava,5.3012,1
Stomiopera unicolor,4.9955,1
Strepera fuliginosa,5.1013,1
Strepera graculina,5.3262,1
Strepera versicolor,5.0844,1
Streptocitta albertinae,6.0481,1
Streptopelia bitorquata,4.9481,1
Streptopelia capicola,5.4990,1
Streptopelia decipiens,5.7987,1
Streptopelia dusumieri,5.1969,1
Streptopelia hypopyrrha,5.6060,1
Streptopelia lugens,5.4185,1
Streptopelia orientalis,5.6757,1
Streptopelia reichenowi,5.6392,1
Streptopelia roseogrisea,5.3529,1
Streptopelia semitorquata,5.8141,1
Streptopelia tranquebarica,6.0299,2
Streptopelia turtur,4.6632,1
Streptopelia vinacea,5.5924,1
Streptoprocne biscutata,5.1477,1
Streptoprocne phelpsi,4.8314,1
Streptoprocne rutila,4.9707,1
Streptoprocne semicollaris,5.0225,1
Streptoprocne zonaris,5.8228,1
Stresemannia bougainvillei,5.0231,1
Strigops habroptila,6.6404,1
Strix butleri,5.3121,1
Strix chacoensis,6.5092,1
Strix fulvescens,6.1066,1
Strix hadorami,6.8790,1
Strix hylophila,7.1430,1
Strix leptogrammica,7.1638,2
Strix nebulosa,7.1124,1
Strix nivicolum,6.7923,1
Strix occidentalis,6.9661,1
Strix ocellata,6.8194,1
Strix rufipes,7.1402,1
Strix seloputo,6.7595,1
Strix woodfordii,7.3494,1
Struthidea cinerea,4.7107,1
Struthio camelus,5.6855,2
Struthio molybdophanes,5.8617,1
Sturnella magna,5.8263,1
Sturnella neglecta,5.7205,1
Sturnia erythropygia,6.1505,1
Sturnia pagodarum,6.5481,1
Sturnia sinensis,5.8306,1
Sturnornis albofrontatus,5.3319,1
Sturnus unicolor,5.8027,1
Sturnus vulgaris,5.5275,1
Sublegatus arenarum,5.9762,1
Sublegatus modestus,5.8131,1
Sublegatus obscurior,5.4425,1
Sugomel nigrum,5.0679,2
Suiriri suiriri,5.4576,1
Sula dactylatra,5.2411,1
Sula granti,6.1110,1
Sula leucogaster,6.1796,2
Sula nebouxii,6.9030,1
Sula sula,5.7153,1
Sula variegata,5.8461,1
Surnia ulula,7.3829,1
Surniculus dicruroides,6.1919,1
Surniculus lugubris,5.6156,1
Surniculus musschenbroeki,4.9398,1
Surniculus velutinus,5.9737,1
Suthora fulvifrons,6.8013,1
Suthora nipalensis,6.4890,1
Suthora verreauxi,6.6352,1
Swynnertonia swynnertoni,6.1684,1
Sylvia abyssinica,5.1681,1
Sylvia atricapilla,5.6292,2
Sylvia atriceps,5.4937,1
Sylvia balearica,5.4770,1
Sylvia boehmi,5.5658,1
Sylvia borin,5.7805,1
Sylvia buryi,5.0659,1
Sylvia communis,4.9484,1
Sylvia conspicillata,5.9131,1
Sylvia crassirostris,4.8092,1
Sylvia curruca,5.7856,1
Sylvia deserti,5.4795,1
Sylvia deserticola,5.3562,1
Sylvia dohrni,5.1852,1
Sylvia hortensis,5.7334,1
Sylvia layardi,5.4664,1
Sylvia leucomelaena,5.2894,1
Sylvia lugens,5.1412,1
Sylvia melanocephala,5.7340,2
Sylvia melanothorax,6.0670,1
Sylvia mystacea,5.4134,1
Sylvia nana,6.1222,1
Sylvia nigricapillus,6.0448,1
Sylvia nisoria,5.1150,1
Sylvia ruppeli,5.1214,1
Sylvia sarda,5.6301,2
Sylvia subcoerulea,5.3612,1
Sylvia undata,5.6934,1
Sylvietta denti,4.6356,1
Sylvietta isabellina,4.8125,1
Sylvietta philippae,5.2745,1
Sylvietta rufescens,4.5753,1
Sylvietta ruficapilla,4.5998,1
Sylvietta virens,4.7365,1
Sylvietta whytii,5.0591,1
Sylviorthorhynchus desmurii,5.5318,1
Sylviorthorhynchus yanacensis,5.9512,1
Sylviparus modestus,5.9204,1
Syma megarhyncha,6.6468,1
Syma torotoro,7.4691,1
Symposiachrus axillaris,6.2343,1
Symposiachrus boanensis,6.1703,1
Symposiachrus brehmii,6.4878,1
Symposiachrus browni,5.1856,1
Symposiachrus everetti,6.4476,1
Symposiachrus guttula,5.9278,1
Symposiachrus infelix,5.6155,1
Symposiachrus julianae,5.3710,1
Symposiachrus leucurus,5.4208,1
Symposiachrus loricatus,5.7449,1
Symposiachrus manadensis,6.2411,1
Symposiachrus menckei,4.5621,1
Symposiachrus mundus,6.1404,1
Symposiachrus sacerdotum,5.4957,1
Symposiachrus trivirgatus,6.5735,1
Symposiachrus vidua,5.7238,1
Synallaxis albescens,5.1030,1
Synallaxis albigularis,6.1440,1
Synallaxis azarae,5.5853,1
Synallaxis beverlyae,4.6306,1
Synallaxis brachyura,6.0258,1
Synallaxis cabanisi,5.4545,1
Synallaxis candei,5.8991,1
Synallaxis castanea,6.0721,1
Synallaxis cherriei,6.0261,1
Synallaxis cinerascens,5.2030,1
Synallaxis cinerea,5.7921,1
Synallaxis cinnamomea,5.9667,1
Synallaxis courseni,6.2078,1
Synallaxis erythrothorax,5.4499,1
Synallaxis frontalis,6.1410,1
Synallaxis fuscorufa,5.8370,1
Synallaxis gujanensis,5.3098,1
Synallaxis hellmayri,5.3505,1
Synallaxis hypochondriaca,4.9734,1
Synallaxis hypospodia,5.5414,1
Synallaxis infuscata,5.2758,1
Synallaxis kollari,5.8064,1
Synallaxis macconnelli,4.9164,1
Synallaxis maranonica,5.4813,1
Synallaxis moesta,5.6741,1
Synallaxis ruficapilla,5.6900,1
Synallaxis rutilans,5.3819,1
Synallaxis scutata,5.3049,1
Synallaxis spixi,6.0319,1
Synallaxis stictothorax,5.8415,1
Synallaxis subpudica,5.7997,1
Synallaxis tithys,5.5143,1
Synallaxis unirufa,5.5293,1
Synallaxis zimmeri,5.6781,1
Syndactyla dimidiata,5.5763,1
Syndactyla guttulata,5.0746,1
Syndactyla roraimae,5.0222,1
Syndactyla ruficollis,5.5088,1
Syndactyla rufosuperciliata,5.4995,1
Syndactyla striata,5.7571,1
Syndactyla subalaris,5.5444,1
Syndactyla ucayalae,5.1131,1
Synoicus adansonii,4.5114,2
Synoicus chinensis,5.1894,1
Synoicus ypsilophorus,5.9706,1
Synthliboramphus antiquus,5.9557,1
Synthliboramphus craveri,5.9309,1
Synthliboramphus hypoleucus,5.3567,1
Synthliboramphus scrippsi,6.2090,1
Synthliboramphus wumizusume,5.3207,1
Sypheotides indicus,6.4742,1
Syrigma sibilatrix,6.1986,1
Syrmaticus ellioti,5.7917,1
Syrmaticus humiae,5.7559,2
Syrmaticus mikado,6.6185,1
Syrmaticus reevesii,6.0392,2
Syrmaticus soemmerringii,5.2206,2
Syrrhaptes paradoxus,6.4688,1
Syrrhaptes tibetanus,5.9773,2
Systellura decussata,4.9709,1
Taccocua leschenaultii,5.7575,1
Tachornis furcata,5.1179,1
Tachornis phoenicobia,5.5853,1
Tachornis squamata,5.1170,1
Tachuris rubrigastra,6.9529,1
Tachybaptus dominicus,5.4487,1
Tachybaptus novaehollandiae,6.2064,1
Tachybaptus pelzelnii,6.4493,1
Tachybaptus ruficollis,5.7125,1
Tachycineta albilinea,6.0872,1
Tachycineta albiventer,6.6050,1
Tachycineta bicolor,6.2058,1
Tachycineta cyaneoviridis,6.9169,1
Tachycineta euchrysea,5.1513,1
Tachycineta leucorrhoa,6.0331,1
Tachycineta meyeni,5.9751,1
Tachycineta stolzmanni,5.4062,1
Tachycineta thalassina,7.0104,1
Tachyeres brachypterus,5.7395,2
Tachyeres leucocephalus,5.2151,1
Tachyeres patachonicus,6.3893,1
Tachyeres pteneres,5.4311,1
Tachymarptis aequatorialis,5.4842,1
Tachymarptis melba,5.8944,1
Tachyphonus coronatus,5.3966,1
Tachyphonus phoenicius,5.4429,2
Tachyphonus rufus,6.1611,2
Tadorna cana,5.8017,1
Tadorna ferruginea,5.7900,1
Tadorna tadorna,6.3064,1
Tadorna tadornoides,5.5649,1
Tadorna variegata,5.7156,2
Taeniopygia bichenovii,6.8610,1
Taeniotriccus andrei,5.6647,1
Talegalla cuvieri,4.6442,1
Talegalla fuscirostris,4.6999,1
Talegalla jobiensis,4.0501,1
Tangara abbas,6.4028,1
Tangara argyrofenges,5.9995,1
Tangara cabanisi,6.2100,1
Tangara callophrys,7.3755,1
Tangara chilensis,7.4089,1
Tangara chrysotis,7.1245,1
Tangara cyanicollis,7.3492,1
Tangara cyanocephala,7.1977,1
Tangara cyanoptera,6.2761,1
Tangara cyanotis,6.9817,1
Tangara cyanoventris,7.7358,1
Tangara desmaresti,7.1801,1
Tangara dowii,6.8426,1
Tangara episcopus,7.2609,1
Tangara fastuosa,6.7526,1
Tangara florida,6.5481,1
Tangara fucosa,5.6344,1
Tangara glaucocolpa,5.6162,1
Tangara guttata,6.6265,1
Tangara gyrola,7.0900,1
Tangara heinei,6.6426,1
Tangara icterocephala,6.5841,1
Tangara inornata,4.8796,1
Tangara johannae,6.3836,1
Tangara labradorides,6.7098,1
Tangara larvata,7.4151,1
Tangara lavinia,6.6798,1
Tangara meyerdeschauenseei,5.7074,1
Tangara nigrocincta,7.0734,1
Tangara nigroviridis,7.5720,1
Tangara ornata,6.6063,1
Tangara palmarum,5.5921,1
Tangara palmeri,6.5747,1
Tangara peruviana,6.5283,1
Tangara phillipsi,5.7831,1
Tangara preciosa,7.3827,1
Tangara punctata,7.1731,1
Tangara rufigenis,6.1297,1
Tangara rufigula,6.1441,1
Tangara sayaca,6.6122,1
Tangara schrankii,6.9724,1
Tangara seledon,7.3637,1
Tangara varia,6.9371,1
Tangara viridicollis,5.6890,1
Tangara vitriolina,6.2144,1
Tangara xanthocephala,7.0381,1
Tangara xanthogastra,6.8562,1
Tanygnathus gramineus,5.4977,1
Tanygnathus lucionensis,7.3457,1
Tanygnathus megalorynchos,6.8394,1
Tanysiptera carolinae,7.3604,1
Tanysiptera danae,7.0665,1
Tanysiptera ellioti,7.1116,1
Tanysiptera galatea,7.1863,1
Tanysiptera hydrocharis,6.9122,1
Tanysiptera nigriceps,6.4199,1
Tanysiptera nympha,7.0973,1
Tanysiptera riedelii,7.1754,1
Tanysiptera sylvia,7.4269,1
Tapera naevia,6.2635,1
Taphrolesbia griseiventris,6.7022,1
Taphrospilus hypostictus,6.9886,1
Taraba major,5.9146,1
Tarphonomus certhioides,4.8569,1
Tarphonomus harterti,5.0315,1
Tarsiger chrysaeus,6.4947,2
Tarsiger cyanurus,6.7646,2
Tarsiger hyperythrus,7.5027,1
Tarsiger indicus,5.8166,1
Tarsiger johnstoniae,6.7266,1
Tarsiger rufilatus,7.3223,1
Tauraco bannermani,6.5099,1
Tauraco corythaix,7.1258,1
Tauraco erythrolophus,7.1921,1
Tauraco fischeri,7.2769,1
Tauraco hartlaubi,6.9573,1
Tauraco leucolophus,6.7020,1
Tauraco leucotis,6.6808,1
Tauraco livingstonii,7.2503,1
Tauraco macrorhynchus,7.1003,1
Tauraco persa,6.9342,1
Tauraco ruspolii,7.2001,1
Tauraco schalowi,7.2179,1
Tauraco schuettii,7.2831,1
Tchagra australis,5.6870,1
Tchagra jamesi,6.2860,1
Tchagra senegalus,6.2504,1
Tchagra tchagra,6.1714,1
Telacanthura melanopygia,4.2458,1
Telacanthura ussheri,5.5044,1
Teledromas fuscus,5.1589,1
Telespiza cantans,5.2983,1
Telespiza ultima,5.7889,1
Telophorus dohertyi,7.0527,1
Telophorus viridis,6.6875,1
Telophorus zeylonus,5.6819,1
Temnotrogon roseigaster,8.0647,1
Temnurus temnurus,5.8845,1
Tephrodornis affinis,5.2921,1
Tephrodornis pondicerianus,5.3487,1
Tephrodornis sylvicola,5.2732,1
Tephrodornis virgatus,6.3600,1
Tephrophilus wetmorei,6.7216,1
Tephrozosterops stalkeri,4.3573,1
Terathopius ecaudatus,6.5690,1
Terenotriccus erythrurus,6.6100,1
Terenura maculata,6.1999,1
Terenura sicki,5.2130,2
Teretistris fernandinae,6.1064,1
Teretistris fornsi,6.2681,1
Terpsiphone atrocaudata,6.7221,1
Terpsiphone atrochalybeia,6.5036,1
Terpsiphone batesi,5.9807,2
Terpsiphone bourbonnensis,6.7982,1
Terpsiphone corvina,6.0958,2
Terpsiphone cyanescens,6.4804,2
Terpsiphone incei,6.3324,2
Terpsiphone mutata,6.8322,2
Terpsiphone paradisi,6.7580,2
Terpsiphone rufiventer,6.8702,2
Terpsiphone rufocinerea,6.6889,1
Terpsiphone viridis,7.3685,1
Tersina viridis,6.6560,1
Tesia cyaniventer,6.4030,1
Tesia everetti,5.4338,1
Tesia olivea,6.2769,1
Tesia superciliaris,5.8646,1
Tetrao urogalloides,6.1752,1
Tetrao urogallus,6.8239,1
Tetraogallus altaicus,6.1998,1
Tetraogallus caspius,5.4230,1
Tetraogallus caucasicus,5.2498,1
Tetraogallus himalayensis,5.5686,1
Tetraogallus tibetanus,5.6214,2
Tetraophasis obscurus,5.4899,1
Tetraophasis szechenyii,5.7059,1
Tetrax tetrax,5.9818,1
Thalassarche bulleri,5.8281,1
Thalassarche chrysostoma,6.6808,1
Thalassarche eremita,5.2729,1
Thalassarche salvini,5.5988,1
Thalasseus bengalensis,5.5285,1
Thalasseus bergii,5.3111,1
Thalasseus bernsteini,5.6106,1
Thalasseus elegans,5.7718,1
Thalasseus sandvicensis,6.0249,1
Thalassoica antarctica,5.3933,1
Thalassornis leuconotus,5.0810,1
Thalurania colombica,7.2970,1
Thalurania furcata,6.9055,2
Thalurania glaucopis,7.9902,1
Thalurania ridgwayi,6.8688,1
Thalurania watertonii,7.1735,2
Thamnolaea cinnamomeiventris,5.8902,1
Thamnomanes ardesiacus,5.1396,1
Thamnomanes caesius,5.0518,2
Thamnomanes saturninus,5.1429,1
Thamnomanes schistogynus,5.4920,1
Thamnophilus aethiops,5.5314,2
Thamnophilus amazonicus,6.7390,1
Thamnophilus ambiguus,5.7580,2
Thamnophilus aroyae,5.3972,2
Thamnophilus atrinucha,6.3040,1
Thamnophilus bridgesi,5.6061,1
Thamnophilus caerulescens,6.2401,1
Thamnophilus cryptoleucus,6.0301,1
Thamnophilus divisorius,5.3304,1
Thamnophilus doliatus,5.9266,1
Thamnophilus insignis,5.0764,1
Thamnophilus melanonotus,5.6696,2
Thamnophilus melanothorax,4.6297,1
Thamnophilus multistriatus,6.2722,2
Thamnophilus murinus,5.7993,1
Thamnophilus nigriceps,5.5980,2
Thamnophilus nigrocinereus,5.7864,1
Thamnophilus palliatus,6.7705,1
Thamnophilus pelzelni,5.3141,1
Thamnophilus praecox,5.5794,2
Thamnophilus punctatus,5.6307,2
Thamnophilus schistaceus,5.5556,2
Thamnophilus stictocephalus,5.2069,1
Thamnophilus sticturus,5.6751,2
Thamnophilus tenuepunctatus,5.8813,1
Thamnophilus torquatus,6.0162,1
Thamnophilus unicolor,6.0650,1
Thamnophilus zarumae,6.0035,2
Thamnornis chloropetoides,5.8662,1
Thaumastura cora,6.7853,2
Thaumatibis gigantea,4.2788,1
Theristicus branickii,5.7955,1
Theristicus caerulescens,5.0005,1
Theristicus caudatus,5.1369,1
Theristicus melanopis,5.7921,2
Thescelocichla leucopleura,5.0163,1
Thinocorus orbignyianus,5.1664,1
Thinocorus rumicivorus,5.2660,1
Thinornis cucullatus,6.3171,1
Thinornis novaeseelandiae,5.8882,2
Thlypopsis fulviceps,6.4015,1
Thlypopsis inornata,6.6156,1
Thlypopsis ornata,6.0811,1
Thlypopsis pectoralis,6.0764,1
Thlypopsis pyrrhocoma,6.2586,1
Thlypopsis ruficeps,5.8858,1
Thlypopsis sordida,6.5039,1
Thlypopsis superciliaris,6.4467,1
Threnetes ruckeri,6.3473,1
Threskiornis aethiopicus,4.7899,1
Threskiornis bernieri,5.7492,1
Threskiornis melanocephalus,5.9241,1
Threskiornis moluccus,5.5069,1
Threskiornis spinicollis,5.1824,1
Thripadectes flammulatus,5.5446,1
Thripadectes holostictus,5.1994,1
Thripadectes ignobilis,5.3692,1
Thripadectes melanorhynchus,4.8719,1
Thripadectes rufobrunneus,5.6899,1
Thripadectes scrutator,4.8334,1
Thripadectes virgaticeps,5.5594,1
Thripophaga amacurensis,4.7601,1
Thripophaga cherriei,4.7818,1
Thripophaga fusciceps,5.3960,1
Thripophaga gutturata,5.3731,1
Thripophaga macroura,5.5257,1
Thryomanes bewickii,5.8645,1
Thryophilus nicefori,5.1748,1
Thryophilus pleurostictus,5.8714,1
Thryophilus rufalbus,5.2676,1
Thryophilus sernai,5.0667,1
Thryophilus sinaloa,5.6011,1
Thryorchilus browni,6.1632,1
Tiaris olivaceus,5.6724,1
Tichodroma muraria,6.8135,1
Tickellia hodgsoni,6.3496,1
Tigriornis leucolopha,5.3101,1
Tigrisoma fasciatum,5.7697,1
Tigrisoma lineatum,5.6593,1
Tigrisoma mexicanum,5.6884,1
Tilmatura dupontii,7.6124,1
Timalia pileata,6.2675,1
Timeliopsis fulvigula,5.0113,1
Tinamotis ingoufi,5.0451,1
Tinamotis pentlandii,5.2736,1
Tinamus guttatus,4.5654,1
Tinamus major,5.1580,1
Tinamus osgoodi,4.7396,1
Tinamus solitarius,5.3065,1
Tinamus tao,4.7561,1
Tityra inquisitor,5.6223,1
Tityra semifasciata,6.1025,1
Tmetothylacus tenellus,6.1625,1
Tockus damarensis,6.1073,1
Tockus deckeni,5.3323,1
Tockus flavirostris,6.7094,1
Tockus jacksoni,6.4300,1
Tockus leucomelas,6.0222,1
Tockus monteiri,5.7921,1
Todiramphus albonotatus,6.9540,1
Todiramphus australasia,7.5290,1
Todiramphus diops,7.4582,1
Todiramphus enigma,5.5828,1
Todiramphus farquhari,7.3863,1
Todiramphus funebris,6.7952,1
Todiramphus godeffroyi,7.5086,1
Todiramphus lazuli,7.9953,1
Todiramphus leucopygius,7.2618,1
Todiramphus macleayii,7.6194,1
Todiramphus nigrocyaneus,7.0290,1
Todiramphus pelewensis,6.0683,1
Todiramphus pyrrhopygius,6.2661,1
Todiramphus recurvirostris,7.2147,1
Todiramphus reichenbachii,6.9701,1
Todiramphus sanctus,7.2406,1
Todiramphus saurophagus,6.9138,1
Todiramphus tutus,6.1421,1
Todiramphus winchelli,6.5050,1
Todirostrum chrysocrotaphum,6.1916,1
Todirostrum cinereum,6.4813,1
Todirostrum maculatum,6.1412,1
Todirostrum nigriceps,5.9683,1
Todirostrum pictum,6.5761,1
Todirostrum poliocephalum,6.1418,1
Todirostrum viridanum,5.6465,1
Todus angustirostris,7.2922,1
Todus mexicanus,7.4275,1
Todus multicolor,7.6596,1
Todus subulatus,7.5614,1
Todus todus,7.6116,1
Tolmomyias poliocephalus,5.5940,1
Tolmomyias sulphurescens,5.3709,1
Tolmomyias traylori,5.5386,1
Topaza pella,7.8275,1
Topaza pyra,7.3429,1
Torgos tracheliotos,5.2042,1
Torreornis inexpectata,5.5813,1
Touit batavicus,6.8974,1
Touit costaricensis,7.3829,1
Touit dilectissimus,6.3167,1
Touit huetii,6.8672,1
Touit melanonotus,6.5912,1
Touit purpuratus,6.7596,1
Touit stictopterus,6.1575,2
Touit surdus,5.9760,1
Toxorhamphus novaeguineae,5.8791,1
Toxorhamphus poliopterus,5.1472,1
Toxostoma bendirei,4.8707,1
Toxostoma cinereum,4.8277,1
Toxostoma crissale,4.9710,1
Toxostoma curvirostre,4.8850,1
Toxostoma guttatum,4.7961,1
Toxostoma lecontei,5.3507,1
Toxostoma longirostre,4.6840,1
Toxostoma ocellatum,5.1739,1
Toxostoma redivivum,5.3990,1
Toxostoma rufum,5.4022,1
Trachyphonus erythrocephalus,6.6300,1
Trachyphonus margaritatus,6.3829,1
Trachyphonus vaillantii,5.7477,1
Tragopan blythii,6.4611,1
Tragopan caboti,5.2233,2
Tragopan melanocephalus,5.2898,1
Tragopan satyra,6.9902,1
Tragopan temminckii,5.4715,2
Tregellasia capito,6.8678,1
Tregellasia leucops,6.2585,1
Treron affinis,5.7243,1
Treron apicauda,6.2048,1
Treron aromaticus,5.5187,1
Treron australis,6.1450,1
Treron axillaris,5.1123,1
Treron bicinctus,6.2668,1
Treron capellei,5.6076,2
Treron chloropterus,5.9972,1
Treron curvirostra,6.1662,1
Treron floris,5.9668,1
Treron fulvicollis,5.8368,1
Treron griseicauda,6.0418,2
Treron griveaudi,5.7853,1
Treron olax,6.2678,1
Treron oxyurus,5.7607,1
Treron pembaensis,5.3231,1
Treron phayrei,5.6114,2
Treron phoenicopterus,6.4597,1
Treron pompadora,6.6015,1
Treron psittaceus,5.4715,1
Treron sanctithomae,5.6884,1
Treron seimundi,5.3515,1
Treron sieboldii,6.4792,1
Treron sphenurus,6.2250,1
Treron teysmannii,5.6831,1
Treron vernans,5.8925,1
Treron waalia,6.4529,1
Tribonyx mortierii,5.1543,1
Tribonyx ventralis,5.1965,1
Trichastoma bicolor,5.4680,1
Trichastoma buettikoferi,4.1333,1
Trichastoma celebense,5.4927,1
Trichastoma cinereiceps,5.1720,1
Trichastoma malaccense,5.5246,1
Trichastoma pyrrogenys,5.3979,1
Trichastoma rostratum,5.0319,1
Trichastoma tickelli,4.3669,1
Trichixos pyrropygus,6.0171,2
Trichodere cockerelli,4.9546,1
Trichoglossus capistratus,7.1423,1
Trichoglossus chlorolepidotus,6.2563,1
Trichoglossus euteles,6.6959,1
Trichoglossus flavoviridis,6.4644,1
Trichoglossus forsteni,5.8978,1
Trichoglossus iris,6.1755,1
Trichoglossus johnstoniae,6.0518,1
Trichoglossus moluccanus,7.1154,1
Trichoglossus ornatus,6.4998,1
Trichoglossus rubiginosus,6.7042,1
Trichoglossus rubritorquis,7.0128,1
Trichoglossus weberi,6.8998,1
Tricholaema diademata,6.1867,1
Tricholaema frontata,6.1706,1
Tricholaema hirsuta,5.2310,1
Tricholaema lacrymosa,5.7579,1
Tricholaema leucomelas,6.5451,1
Tricholaema melanocephala,6.0231,1
Tricholestes criniger,5.4817,1
Trichothraupis melanops,5.7852,1
Triclaria malachitacea,6.5670,2
Trigonoceps occipitalis,5.4696,1
Tringa brevipes,5.7062,1
Tringa erythropus,5.6451,1
Tringa flavipes,5.5184,1
Tringa glareola,5.6809,1
Tringa guttifer,5.8921,1
Tringa incana,5.2629,1
Tringa melanoleuca,5.8320,1
Tringa nebularia,6.0154,1
Tringa ochropus,5.6303,1
Tringa semipalmata,5.7195,1
Tringa solitaria,5.6309,1
Tringa stagnatilis,5.8686,1
Tringa totanus,6.0434,1
Trochalopteron affine,6.1103,1
Trochalopteron austeni,6.0849,1
Trochalopteron chrysopterum,5.9622,1
Trochalopteron elliotii,6.0680,1
Trochalopteron erythrocephalum,6.3926,1
Trochalopteron formosum,5.8140,1
Trochalopteron henrici,5.3736,1
Trochalopteron imbricatum,5.6595,1
Trochalopteron lineatum,5.3295,1
Trochalopteron melanostigma,5.8050,1
Trochalopteron milnei,6.5799,1
Trochalopteron morrisonianum,6.0251,1
Trochalopteron ngoclinhense,6.0810,1
Trochalopteron peninsulae,5.7562,1
Trochalopteron squamatum,6.5979,1
Trochalopteron subunicolor,5.8508,1
Trochalopteron variegatum,6.0065,1
Trochalopteron virgatum,5.0574,1
Trochalopteron yersini,6.7436,1
Trochocercus nitens,5.4400,1
Troglodytes cobbi,6.0500,1
Troglodytes hiemalis,6.3660,1
Troglodytes monticola,6.0071,1
Troglodytes ochraceus,5.7795,1
Troglodytes pacificus,6.3352,1
Troglodytes rufociliatus,5.5149,1
Troglodytes rufulus,4.7986,1
Troglodytes sissonii,5.2459,1
Troglodytes solstitialis,5.3399,1
Troglodytes tanneri,5.1656,1
Troglodytes troglodytes,5.2496,1
Trogon bairdii,6.9648,2
Trogon chionurus,6.8770,2
Trogon citreolus,6.6168,1
Trogon clathratus,7.2995,1
Trogon collaris,7.1782,2
Trogon comptus,7.0393,1
Trogon curucui,6.8783,2
Trogon massena,7.5627,1
Trogon melanocephalus,7.0432,1
Trogon melanurus,6.3971,1
Trogon mesurus,6.8150,1
Trogon mexicanus,7.7179,1
Trogon personatus,7.2250,2
Trogon rufus,7.5861,1
Trogon viridis,7.1056,2
Trugon terrestris,4.5440,1
Turacoena manadensis,6.2725,1
Turacoena modesta,5.2445,1
Turacoena sulaensis,5.0199,1
Turdinus atrigularis,5.0716,1
Turdinus brevicaudatus,4.6272,1
Turdinus crassus,5.8864,1
Turdinus macrodactylus,4.9892,1
Turdinus marmoratus,5.2868,1
Turdinus rufipectus,5.0097,1
Turdoides affinis,4.9899,1
Turdoides bicolor,5.7463,1
Turdoides gymnogenys,5.7879,1
Turdoides hartlaubii,5.2795,1
Turdoides hindei,4.6624,1
Turdoides hypoleuca,5.8889,1
Turdoides jardineii,4.9917,1
Turdoides leucocephala,5.0571,1
Turdoides leucopygia,5.4620,1
Turdoides melanops,4.9031,1
Turdoides plebejus,5.2850,1
Turdoides reinwardtii,5.2415,1
Turdoides rufescens,5.3749,1
Turdoides sharpei,5.3608,1
Turdoides squamulata,5.0896,1
Turdoides tenebrosa,5.0243,1
Turdus abyssinicus,5.4903,1
Turdus albocinctus,5.5072,2
Turdus amaurochalinus,5.0710,1
Turdus arthuri,4.5243,1
Turdus atrogularis,5.6693,1
Turdus aurantius,5.8952,1
Turdus bewsheri,5.0464,1
Turdus boulboul,5.4589,2
Turdus cardis,5.4703,2
Turdus celaenops,4.8053,1
Turdus chrysolaus,5.5674,2
Turdus dissimilis,5.5461,1
Turdus eremita,5.1134,1
Turdus eunomus,5.5206,1
Turdus falcklandii,5.8657,1
Turdus feae,5.3097,1
Turdus flavipes,5.9166,1
Turdus fulviventris,5.3569,1
Turdus fumigatus,5.2801,1
Turdus fuscater,4.9884,2
Turdus grayi,4.7928,1
Turdus haplochrous,4.5574,1
Turdus hauxwelli,4.7272,1
Turdus helleri,5.6272,1
Turdus hortulorum,5.5260,1
Turdus iliacus,5.8604,1
Turdus infuscatus,5.6150,1
Turdus jamaicensis,5.4810,1
Turdus kessleri,4.9528,1
Turdus lawrencii,5.2365,1
Turdus leucomelas,4.8654,1
Turdus leucops,5.7450,1
Turdus lherminieri,5.7041,1
Turdus libonyana,5.0634,1
Turdus ludoviciae,4.8851,1
Turdus maculirostris,4.9996,1
Turdus mandarinus,5.0503,2
Turdus maranonicus,4.8740,1
Turdus maximus,5.0030,1
Turdus menachensis,5.0670,1
Turdus merula,5.7538,2
Turdus naumanni,4.7305,1
Turdus nigrescens,5.8989,1
Turdus nigriceps,5.5241,1
Turdus niveiceps,5.8006,1
Turdus nudigenis,5.2564,1
Turdus obscurus,5.4761,1
Turdus obsoletus,4.8031,1
Turdus olivaceofuscus,4.8143,1
Turdus olivaceus,5.4211,1
Turdus olivater,5.2718,1
Turdus pallidus,5.0830,1
Turdus pelios,5.2077,1
Turdus philomelos,5.8102,1
Turdus pilaris,5.1516,1
Turdus plebejus,4.5435,1
Turdus poliocephalus,5.7398,1
Turdus reevei,5.4368,1
Turdus roehli,5.6112,1
Turdus rubrocanus,6.1751,1
Turdus ruficollis,5.6681,1
Turdus rufitorques,5.2241,1
Turdus rufiventris,5.2794,1
Turdus rufopalliatus,5.6565,1
Turdus sanchezorum,4.6922,1
Turdus serranus,5.1326,2
Turdus simillimus,5.7802,1
Turdus smithi,4.9706,1
Turdus subalaris,5.0039,1
Turdus swalesi,5.3978,1
Turdus tephronotus,5.4690,1
Turdus torquatus,5.3814,1
Turdus unicolor,5.6805,2
Turdus viscivorus,5.8354,1
Turdus xanthorhynchus,5.1046,1
Turnix castanotus,4.5702,1
Turnix everetti,4.7060,1
Turnix hottentottus,4.0563,1
Turnix maculosus,4.9426,1
Turnix melanogaster,5.1910,1
Turnix nanus,5.0478,1
Turnix nigricollis,5.8656,1
Turnix ocellatus,4.8238,2
Turnix pyrrhothorax,5.2837,2
Turnix suscitator,5.0937,1
Turnix sylvaticus,5.2638,1
Turnix tanki,5.5359,1
Turnix velox,4.3528,1
Turtur abyssinicus,5.6263,1
Turtur afer,5.4972,1
Turtur brehmeri,5.7453,1
Turtur chalcospilos,5.9791,1
Turtur tympanistria,6.0060,1
Tychaedon barbata,5.8623,1
Tychaedon coryphoeus,5.3272,1
Tychaedon leucosticta,5.5774,1
Tychaedon quadrivirgata,5.8340,1
Tychaedon signata,5.1338,1
Tylas eduardi,5.1116,1
Tympanuchus cupido,6.2207,1
Tympanuchus pallidicinctus,6.1697,1
Tympanuchus phasianellus,5.9733,1
Tyranneutes stolzmanni,5.5363,1
Tyranneutes virescens,5.5100,1
Tyrannopsis sulphurea,5.6202,1
Tyrannulus elatus,5.7269,1
Tyrannus albogularis,6.2793,1
Tyrannus caudifasciatus,5.7226,1
Tyrannus couchii,5.9130,1
Tyrannus crassirostris,5.6361,1
Tyrannus cubensis,5.6212,1
Tyrannus dominicensis,5.9942,1
Tyrannus forficatus,5.6288,1
Tyrannus melancholicus,5.7914,1
Tyrannus niveigularis,6.1854,1
Tyrannus savana,6.4583,1
Tyrannus tyrannus,6.1526,1
Tyrannus verticalis,6.3133,1
Tyrannus vociferans,5.4977,1
Tyto almae,7.0296,1
Tyto aurantia,6.8467,1
Tyto capensis,6.9631,1
Tyto inexspectata,7.3954,1
Tyto longimembris,6.8004,1
Tyto nigrobrunnea,5.6230,1
Tyto rosenbergii,7.2583,1
Tyto soumagnei,6.6964,1
Upucerthia albigula,4.9556,1
Upucerthia dumetaria,5.0384,1
Upucerthia saturatior,4.8371,1
Upucerthia validirostris,5.2039,1
Upupa epops,8.0013,1
Upupa marginata,7.3914,1
Uraeginthus angolensis,6.7479,2
Uraeginthus bengalus,6.8458,2
Uraeginthus cyanocephalus,6.5713,1
Uratelornis chimaera,7.1189,1
Uria aalge,6.2525,1
Uria lomvia,6.1378,1
Urile pelagicus,4.8578,1
Urile penicillatus,5.6332,1
Urile urile,5.0007,1
Urochroa bougueri,7.5386,1
Urochroa leucura,7.3620,1
Urocissa caerulea,6.6217,1
Urocissa erythroryncha,7.1833,1
Urocissa flavirostris,6.6969,1
Urocissa ornata,7.2987,1
Urocolius indicus,6.0472,1
Urocolius macrourus,6.0709,1
Urocynchramus pylzowi,5.8585,2
Urodynamis taitensis,5.2621,1
Uroglaux dimorpha,6.0210,1
Urolais epichlorus,4.8810,1
Urolestes melanoleucus,6.0052,1
Uromyias agilis,5.4861,1
Uromyias agraphia,5.6694,1
Uropelia campestris,5.7223,1
Uropsalis lyra,5.7572,2
Uropsalis segmentata,5.7945,2
Uropsila leucogastra,5.5897,1
Urosphena squameiceps,6.1589,1
Urosphena subulata,5.5314,1
Urosphena whiteheadi,5.8465,1
Urosticte benjamini,7.0994,2
Urosticte ruficrissa,6.9455,2
Urothraupis stolzmanni,5.8296,1
Urotriorchis macrourus,6.4146,1
Vanellus albiceps,5.2651,1
Vanellus armatus,6.2103,1
Vanellus chilensis,6.4417,1
Vanellus cinereus,5.8979,1
Vanellus coronatus,5.5203,1
Vanellus crassirostris,5.3530,1
Vanellus duvaucelii,6.7720,1
Vanellus gregarius,5.5648,1
Vanellus indicus,5.9337,1
Vanellus leucurus,6.1829,1
Vanellus lugubris,5.5647,1
Vanellus malabaricus,6.1483,1
Vanellus melanocephalus,5.8145,1
Vanellus melanopterus,5.5670,1
Vanellus resplendens,5.8593,1
Vanellus senegallus,5.7890,1
Vanellus spinosus,6.3735,1
Vanellus superciliosus,5.3288,1
Vanellus tectus,6.5465,1
Vanellus tricolor,6.5229,1
Vanellus vanellus,6.7776,1
Vanga curvirostris,6.1344,1
Vauriella albigularis,4.8084,1
Vauriella goodfellowi,5.7262,1
Vauriella gularis,5.7907,1
Vauriella insignis,5.5793,1
Veles binotatus,5.3270,1
Veniliornis affinis,6.5118,1
Veniliornis callonotus,6.1756,1
Veniliornis cassini,6.6345,1
Veniliornis chocoensis,6.1410,1
Veniliornis dignus,5.7720,1
Veniliornis frontalis,5.7309,1
Veniliornis kirkii,5.8546,2
Veniliornis lignarius,6.1814,2
Veniliornis maculifrons,6.4360,1
Veniliornis mixtus,5.5961,1
Veniliornis nigriceps,5.9441,2
Veniliornis passerinus,6.3478,2
Veniliornis sanguineus,5.7310,1
Veniliornis spilogaster,6.1559,2
Vermivora chrysoptera,6.6689,2
Vermivora cyanoptera,6.7690,1
Verreauxia africana,5.5404,1
Vidua camerunensis,5.0242,1
Vidua chalybeata,6.0704,1
Vidua codringtoni,5.8920,1
Vidua fischeri,6.7937,1
Vidua funerea,5.7301,1
Vidua hypocherina,6.0163,2
Vidua interjecta,7.2987,1
Vidua larvaticola,5.5203,1
Vidua macroura,6.5768,1
Vidua maryae,5.1173,1
Vidua obtusa,6.5465,1
Vidua orientalis,5.8843,1
Vidua paradisaea,7.0520,1
Vidua purpurascens,5.8847,1
Vidua raricola,5.0594,1
Vidua regia,6.8928,1
Vidua togoensis,6.4669,1
Vidua wilsoni,6.3086,1
Vini australis,7.0853,1
Vini kuhlii,7.0621,1
Vini peruviana,6.6630,1
Vini stepheni,5.9971,1
Vini ultramarina,7.1503,1
Vireo altiloquus,5.6792,1
Vireo atricapilla,6.0856,1
Vireo bairdi,5.4919,1
Vireo bellii,5.3795,1
Vireo brevipennis,6.5751,1
Vireo caribaeus,5.4278,1
Vireo carmioli,5.8432,1
Vireo cassinii,5.9996,1
Vireo chivi,5.0935,1
Vireo crassirostris,5.8788,1
Vireo flavifrons,5.2838,1
Vireo flavoviridis,5.9108,1
Vireo gilvus,5.5505,1
Vireo gracilirostris,5.6320,1
Vireo griseus,6.0752,1
Vireo gundlachii,5.7179,1
Vireo huttoni,5.8960,1
Vireo latimeri,5.1495,1
Vireo leucophrys,5.8179,1
Vireo magister,5.3395,1
Vireo masteri,5.6003,1
Vireo modestus,5.5978,1
Vireo nanus,5.6122,1
Vireo nelsoni,5.8321,1
Vireo olivaceus,5.3286,1
Vireo osburni,5.6172,1
Vireo pallens,5.8275,1
Vireo philadelphicus,5.6787,1
Vireo plumbeus,5.6967,1
Vireo sclateri,5.0100,1
Vireo solitarius,6.1060,1
Vireo vicinior,5.4994,1
Vireolanius eximius,5.9504,1
Vireolanius melitophrys,6.3424,1
Vireolanius pulchellus,6.5432,1
Volatinia jacarina,5.1279,1
Vultur gryphus,5.5979,1
Wetmorethraupis sterrhopteron,6.5238,1
Willisornis poecilinotus,6.1041,1
Xanthocephalus xanthocephalus,6.4583,1
Xanthomixis apperti,5.7712,1
Xanthomixis cinereiceps,5.3273,1
Xanthomixis zosterops,5.7189,1
Xanthopsar flavus,5.9670,1
Xanthotis flaviventer,5.3621,1
Xanthotis macleayanus,5.8909,1
Xanthotis polygrammus,5.3445,1
Xema sabini,5.9255,1
Xenerpestes minlosi,4.8810,1
Xenerpestes singularis,5.9965,1
Xenicus gilviventris,6.4762,2
Xenocopsychus ansorgei,5.8131,1
Xenoglaux loweryi,6.4570,1
Xenoligea montana,6.3775,1
Xenoperdix udzungwensis,4.5455,1
Xenopipo atronitens,5.8094,2
Xenopipo uniformis,5.3950,1
Xenopirostris damii,5.7455,2
Xenopirostris polleni,5.5560,1
Xenopirostris xenopirostris,5.3755,1
Xenops rutilus,5.4729,1
Xenops tenuirostris,5.1876,1
Xenopsaris albinucha,5.1577,1
Xenornis setifrons,6.0360,1
Xenospingus concolor,5.4293,1
Xenospiza baileyi,5.7246,1
Xenotriccus callizonus,6.5340,1
Xenotriccus mexicanus,5.6433,1
Xenus cinereus,5.6956,1
Xiphidiopicus percussus,6.1134,1
Xiphocolaptes albicollis,5.1502,1
Xiphocolaptes falcirostris,5.3001,1
Xiphocolaptes major,5.6323,1
Xiphocolaptes promeropirhynchus,5.0660,1
Xipholena atropurpurea,5.2056,2
Xipholena lamellipennis,6.1998,1
Xipholena punicea,6.0839,2
Xiphorhynchus atlanticus,4.9889,1
Xiphorhynchus elegans,5.5097,1
Xiphorhynchus flavigaster,5.2325,1
Xiphorhynchus fuscus,5.6794,1
Xiphorhynchus lachrymosus,5.9267,1
Xiphorhynchus obsoletus,5.4249,1
Xiphorhynchus pardalotus,5.1339,1
Xiphorhynchus spixii,4.9965,1
Xiphorhynchus susurrans,5.4247,1
Xiphorhynchus triangularis,4.9494,1
Xolmis cinereus,5.6730,1
Xolmis coronatus,5.5812,1
Xolmis dominicanus,6.3152,2
Xolmis irupero,6.3230,1
Xolmis pyrope,5.1928,1
Xolmis rubetra,5.1635,1
Xolmis salinarum,5.6759,1
Xolmis velatus,5.5622,1
Yuhina bakeri,6.6025,1
Yuhina brunneiceps,6.8506,1
Yuhina castaniceps,6.0710,1
Yuhina diademata,6.6670,1
Yuhina everetti,6.5950,1
Yuhina flavicollis,6.4825,1
Yuhina gularis,6.2976,1
Yuhina humilis,6.1468,1
Yuhina nigrimenta,6.2947,1
Yuhina occipitalis,6.5406,1
Yuhina torqueola,5.4859,1
Zanclostomus javanicus,5.8175,1
Zanda baudinii,5.7035,1
Zanda funerea,6.4921,1
Zanda latirostris,6.1045,2
Zapornia akool,5.9146,1
Zapornia atra,5.4698,1
Zapornia bicolor,5.1579,1
Zapornia flavirostra,5.3916,1
Zapornia fusca,5.7864,1
Zapornia olivieri,5.7184,1
Zapornia parva,5.0380,1
Zapornia paykullii,4.9275,1
Zapornia pusilla,5.3542,1
Zapornia tabuensis,5.4123,1
Zaratornis stresemanni,5.4372,1
Zavattariornis stresemanni,6.1262,1
Zebrilus undulatus,5.6771,1
Zeledonia coronata,6.2215,1
Zenaida asiatica,5.1924,1
Zenaida auriculata,5.8425,1
Zenaida aurita,6.0825,1
Zenaida galapagoensis,5.7759,1
Zenaida macroura,5.3424,1
Zenaida meloda,5.8479,1
Zentrygon albifacies,4.9705,1
Zentrygon carrikeri,5.7032,1
Zentrygon chiriquensis,5.5723,1
Zentrygon costaricensis,5.7790,1
Zentrygon frenata,5.3661,1
Zentrygon goldmani,5.6241,1
Zentrygon lawrencii,5.1797,1
Zentrygon linearis,5.3787,1
Zimmerius acer,4.8138,1
Zimmerius albigularis,5.1914,1
Zimmerius bolivianus,4.9853,1
Zimmerius chicomendesi,4.9807,1
Zimmerius chrysops,5.7654,1
Zimmerius cinereicapilla,5.5303,1
Zimmerius gracilipes,5.5684,1
Zimmerius improbus,5.5969,1
Zimmerius parvus,5.6074,1
Zimmerius petersi,5.7785,1
Zimmerius vilissimus,5.3863,1
Zimmerius villarejoi,5.9651,1
Zimmerius viridiflavus,5.7348,1
Zonerodius heliosylus,5.4405,1
Zonotrichia albicollis,6.1856,1
Zonotrichia atricapilla,5.3662,1
Zonotrichia capensis,6.2197,1
Zonotrichia leucophrys,6.2269,1
Zonotrichia querula,5.6934,1
Zoonavena grandidieri,4.9741,1
Zoonavena sylvatica,5.2642,1
Zoonavena thomensis,5.2197,1
Zoothera andromedae,5.6870,1
Zoothera dixoni,4.8186,1
Zoothera everetti,5.3678,1
Zoothera griseiceps,5.3988,1
Zoothera heinei,5.3096,1
Zoothera lunulata,4.9816,1
Zoothera machiki,4.0103,1
Zoothera major,5.1461,1
Zoothera margaretae,3.8133,1
Zoothera marginata,5.0371,1
Zoothera mollissima,5.4592,1
Zoothera monticola,4.9999,1
Zoothera salimalii,5.3027,1
Zosterops anomalus,5.6554,1
Zosterops atricapilla,6.1104,1
Zosterops atriceps,5.1761,1
Zosterops atrifrons,5.7717,1
Zosterops auriventer,6.4251,1
Zosterops borbonicus,5.0771,1
Zosterops brunneus,5.0736,1
Zosterops buruensis,6.3315,1
Zosterops ceylonensis,6.1178,1
Zosterops chloronothos,5.9727,1
Zosterops cinereus,5.3990,1
Zosterops citrinella,6.0268,1
Zosterops consobrinorum,6.0828,1
Zosterops emiliae,5.5558,1
Zosterops erythropleurus,6.4215,2
Zosterops eurycricotus,5.8451,1
Zosterops everetti,6.1812,1
Zosterops explorator,5.9792,1
Zosterops feae,5.7375,1
Zosterops ficedulinus,5.5516,1
Zosterops finschii,4.4477,1
Zosterops flavifrons,6.1117,1
Zosterops flavilateralis,6.6257,1
Zosterops flavus,6.0878,1
Zosterops grayi,6.4485,1
Zosterops griseotinctus,5.6683,1
Zosterops hypolais,5.3541,1
Zosterops hypoxanthus,5.7333,1
Zosterops inornatus,5.5128,1
Zosterops japonicus,6.2588,1
Zosterops kikuyuensis,5.8643,1
Zosterops kirki,5.9739,1
Zosterops kuehni,6.4565,1
Zosterops lacertosus,5.3762,1
Zosterops lateralis,6.5090,1
Zosterops leucophaeus,5.5412,1
Zosterops lugubris,6.2488,1
Zosterops luteirostris,6.2091,1
Zosterops luteus,6.6687,1
Zosterops mauritianus,5.6554,1
Zosterops mayottensis,6.7176,1
Zosterops mbuluensis,5.9226,1
Zosterops melanocephalus,5.0282,1
Zosterops melanurus,6.3227,1
Zosterops metcalfii,6.1772,1
Zosterops meyeni,6.1407,1
Zosterops minutus,6.8932,1
Zosterops modestus,5.5633,1
Zosterops mouroniensis,6.0462,1
Zosterops murphyi,5.5719,1
Zosterops mysorensis,5.3338,1
Zosterops natalis,6.1989,1
Zosterops nigrorum,6.2442,1
Zosterops novaeguineae,6.5388,1
Zosterops oleagineus,5.3848,1
Zosterops olivaceus,6.2890,1
Zosterops pallidus,5.9756,1
Zosterops palpebrosus,6.3000,1
Zosterops ponapensis,4.8601,1
Zosterops rennellianus,5.7831,1
Zosterops rotensis,5.0716,1
Zosterops sanctaecrucis,5.0698,1
Zosterops semperi,5.4509,1
Zosterops silvanus,7.1775,1
Zosterops simplex,6.6166,1
Zosterops somadikartai,6.1350,1
Zosterops splendidus,5.7890,1
Zosterops stalkeri,6.0887,1
Zosterops stresemanni,4.9548,1
Zosterops superciliosus,4.9661,1
Zosterops tenuirostris,5.6809,1
Zosterops uropygialis,5.6053,1
Zosterops vaughani,6.5695,1
Zosterops vellalavella,5.3952,1
Zosterops virens,6.2395,1
Zosterops winifredae,6.0645,1
Zosterops xanthochroa,6.4967,1
Zosterornis hypogrammicus,5.3635,1
Zosterornis latistriatus,4.8938,1
Zosterornis nigrorum,5.1178,1
Zosterornis striatus,5.2627,1
Zosterornis whiteheadi,5.5789,1
