species,family,order,mass_g,range_km2,centroid_lat,migration
Accipiter albogularis,Accipitridae,Accipitriformes,248.75,37461.21,-8.15,2
Accipiter badius,Accipitridae,Accipitriformes,131.15,22374973,8.23,3
Accipiter bicolor,Accipitridae,Accipitriformes,287.54,14309701.27,-10.1,2
Accipiter brachyurus,Accipitridae,Accipitriformes,142,35580.71,-5.45,2
Accipiter brevipes,Accipitridae,Accipitriformes,186.48,2936751.8,45.24,3
Accipiter butleri,Accipitridae,Accipitriformes,122,327.84,8.42,1
Accipiter castanilius,Accipitridae,Accipitriformes,157.51,2096401.63,0.71,2
Accipiter cirrocephalus,Accipitridae,Accipitriformes,165.73,5488639.45,-23.36,2
Accipiter collaris,Accipitridae,Accipitriformes,97.8,253265.36,2.47,2
Accipiter cooperii,Accipitridae,Accipitriformes,429.67,8393137.06,41.25,3
Accipiter erythrauchen,Accipitridae,Accipitriformes,156,48150.32,-1.32,1
Accipiter erythropus,Accipitridae,Accipitriformes,111.2,3904812.09,3.48,1
Accipiter fasciatus,Accipitridae,Accipitriformes,358.66,8180196.71,-24.45,1
Accipiter francesiae,Accipitridae,Accipitriformes,136.82,519468.81,-19.49,1
Accipiter gentilis,Accipitridae,Accipitriformes,866.04,31775270.74,54.91,2
Accipiter griseiceps,Accipitridae,Accipitriformes,251.76,140604.94,-1.96,1
Accipiter gularis,Accipitridae,Accipitriformes,120.66,4785704.92,49.07,3
Accipiter gundlachi,Accipitridae,Accipitriformes,675,33511.43,21.62,1
Accipiter haplochrous,Accipitridae,Accipitriformes,198.41,16389.59,-21.33,1
Accipiter henicogrammus,Accipitridae,Accipitriformes,358.7,22781.85,0.88,1
Accipiter henstii,Accipitridae,Accipitriformes,1050,434639.7,-18.72,1
Accipiter hiogaster,Accipitridae,Accipitriformes,326.06,794517.61,-5.26,1
Accipiter imitator,Accipitridae,Accipitriformes,222.49,10050.21,-6.76,1
Accipiter luteoschistaceus,Accipitridae,Accipitriformes,214,28814.74,-5.5,1
Accipiter madagascariensis,Accipitridae,Accipitriformes,180.41,476517.51,-19.43,1
Accipiter melanochlamys,Accipitridae,Accipitriformes,265,115449.94,-5.31,1
Accipiter melanoleucus,Accipitridae,Accipitriformes,698.99,9067092.6,-5.51,1
Accipiter meyerianus,Accipitridae,Accipitriformes,763.54,269144.41,-4.7,1
Accipiter minullus,Accipitridae,Accipitriformes,87.43,6794381.58,-9.71,1
Accipiter nanus,Accipitridae,Accipitriformes,117,110477,-1.08,1
Accipiter nisus,Accipitridae,Accipitriformes,220.79,23601609.31,54.67,2
Accipiter novaehollandiae,Accipitridae,Accipitriformes,326.06,1807067.3,-26.72,1
Accipiter ovampensis,Accipitridae,Accipitriformes,195,7295779.86,-8.53,1
Accipiter poliocephalus,Accipitridae,Accipitriformes,214.76,671500.51,-5.32,1
Accipiter poliogaster,Accipitridae,Accipitriformes,315,7203530.62,-7.81,2
Accipiter princeps,Accipitridae,Accipitriformes,214.8,11549.62,-5.35,1
Accipiter rhodogaster,Accipitridae,Accipitriformes,172.71,146036.85,-1.93,1
Accipiter rufitorques,Accipitridae,Accipitriformes,209,17581.12,-17.45,1
Accipiter rufiventris,Accipitridae,Accipitriformes,198,756057.21,-7.01,1
Accipiter soloensis,Accipitridae,Accipitriformes,164.77,2375886.74,31.97,3
Accipiter striatus,Accipitridae,Accipitriformes,130.59,16375303.87,34.35,3
Accipiter superciliosus,Accipitridae,Accipitriformes,96.38,8560355.56,-6.22,1
Accipiter sylvestris,Accipitridae,Accipitriformes,326.06,34582.63,-8.57,1
Accipiter tachiro,Accipitridae,Accipitriformes,290.2,5174215.21,-12.54,1
Accipiter toussenelii,Accipitridae,Accipitriformes,249.29,4598131.33,3.51,1
Accipiter trinotatus,Accipitridae,Accipitriformes,146,120238.86,-1.81,1
Accipiter trivirgatus,Accipitridae,Accipitriformes,265.04,3366430.69,13.91,1
Accipiter virgatus,Accipitridae,Accipitriformes,116.99,4398429.71,22.08,2
Aegypius monachus,Accipitridae,Accipitriformes,9320.55,7718571.19,41.63,1
Aquila adalberti,Accipitridae,Accipitriformes,2958.03,131221.76,39.06,2
Aquila africana,Accipitridae,Accipitriformes,1047,1918245.9,1.97,2
Aquila audax,Accipitridae,Accipitriformes,3449.86,7679648.03,-25.74,2
Aquila chrysaetos,Accipitridae,Accipitriformes,4247.97,39450257.98,50.67,2
Aquila fasciata,Accipitridae,Accipitriformes,1936.49,5630034.84,27.52,2
Aquila gurneyi,Accipitridae,Accipitriformes,3059.99,601810.35,-5.05,1
Aquila heliaca,Accipitridae,Accipitriformes,3125.21,9556213.62,49.87,3
Aquila nipalensis,Accipitridae,Accipitriformes,2714.33,6933240.92,43.73,3
Aquila rapax,Accipitridae,Accipitriformes,2236.06,17572054.36,3.92,3
Aquila spilogaster,Accipitridae,Accipitriformes,1466.17,12423292.01,-2.84,1
Aquila verreauxii,Accipitridae,Accipitriformes,4195,4020161.71,-9.59,1
Aviceda cuculoides,Accipitridae,Accipitriformes,277,10593852.38,-3.74,1
Aviceda jerdoni,Accipitridae,Accipitriformes,363,1592906.95,6.17,1
Aviceda leuphotes,Accipitridae,Accipitriformes,193.98,3528791.57,23.21,3
Aviceda madagascariensis,Accipitridae,Accipitriformes,277,340717.9,-18.1,1
Aviceda subcristata,Accipitridae,Accipitriformes,322.65,1718124.83,-12.44,1
Busarellus nigricollis,Accipitridae,Accipitriformes,766.14,12825637.87,-7.16,1
Butastur indicus,Accipitridae,Accipitriformes,414.6,1828306.34,44.31,3
Butastur liventer,Accipitridae,Accipitriformes,337.99,1357262.8,12.53,1
Butastur rufipennis,Accipitridae,Accipitriformes,334.87,3625177.22,12.64,1
Butastur teesa,Accipitridae,Accipitriformes,325,3969936.2,23.18,1
Buteo albigula,Accipitridae,Accipitriformes,524.99,1021826.91,-24.5,3
Buteo albonotatus,Accipitridae,Accipitriformes,745.92,7192504.19,0.47,1
Buteo augur,Accipitridae,Accipitriformes,1099.18,3919632.94,-5.73,1
Buteo auguralis,Accipitridae,Accipitriformes,663.92,7045229.26,7.61,1
Buteo brachypterus,Accipitridae,Accipitriformes,511,591120.44,-19.38,1
Buteo brachyurus,Accipitridae,Accipitriformes,496.01,14372802.04,-5.09,1
Buteo buteo,Accipitridae,Accipitriformes,759.1,11719424.27,52.89,2
Buteo galapagoensis,Accipitridae,Accipitriformes,1137.44,5639.54,-0.44,1
Buteo hemilasius,Accipitridae,Accipitriformes,1358.89,5366251.83,42.4,1
Buteo jamaicensis,Accipitridae,Accipitriformes,1101.16,15462822.34,45.5,3
Buteo japonicus,Accipitridae,Accipitriformes,759.1,4465171.4,54.33,2
Buteo lagopus,Accipitridae,Accipitriformes,949.76,9709846.76,67.33,3
Buteo lineatus,Accipitridae,Accipitriformes,603.72,3542030.5,37.72,3
Buteo nitidus,Accipitridae,Accipitriformes,519.04,10412658.23,-6.6,1
Buteo oreophilus,Accipitridae,Accipitriformes,699.99,674707.01,1.09,1
Buteo plagiatus,Accipitridae,Accipitriformes,519.04,1432406.12,19.92,1
Buteo platypterus,Accipitridae,Accipitriformes,453.65,4864047.78,42.9,3
Buteo refectus,Accipitridae,Accipitriformes,759.1,411852.38,29.54,2
Buteo regalis,Accipitridae,Accipitriformes,1437.18,2780053.23,43.14,3
Buteo ridgwayi,Accipitridae,Accipitriformes,315,210.23,19.07,1
Buteo rufinus,Accipitridae,Accipitriformes,1166.18,8574436.83,40.86,3
Buteo rufofuscus,Accipitridae,Accipitriformes,1530,1533534.66,-28.14,2
Buteo socotraensis,Accipitridae,Accipitriformes,759.1,3622.4,12.51,2
Buteo solitarius,Accipitridae,Accipitriformes,500.88,6957.48,19.6,1
Buteo swainsoni,Accipitridae,Accipitriformes,946.61,4303055.16,40.95,3
Buteo trizonatus,Accipitridae,Accipitriformes,568,101450.72,-33.55,1
Buteo ventralis,Accipitridae,Accipitriformes,1190.52,536992.07,-47.95,2
Buteogallus aequinoctialis,Accipitridae,Accipitriformes,657.63,132570.12,-3.65,1
Buteogallus anthracinus,Accipitridae,Accipitriformes,975.09,1898078.97,18.62,1
Buteogallus coronatus,Accipitridae,Accipitriformes,2950,4233989.28,-22.07,2
Buteogallus gundlachii,Accipitridae,Accipitriformes,975.09,14641.79,21.78,1
Buteogallus lacernulatus,Accipitridae,Accipitriformes,312,139998.95,-17.46,1
Buteogallus meridionalis,Accipitridae,Accipitriformes,807.99,10432463.33,-12.06,1
Buteogallus schistaceus,Accipitridae,Accipitriformes,999.99,3642728.14,-5.46,1
Buteogallus solitarius,Accipitridae,Accipitriformes,3000,998204.29,3.86,1
Buteogallus urubitinga,Accipitridae,Accipitriformes,1152.87,13126253.65,-7.52,1
Chelictinia riocourii,Accipitridae,Accipitriformes,110,5425285.72,14.35,1
Chondrohierax uncinatus,Accipitridae,Accipitriformes,286.07,9787616.08,-2.71,2
Chondrohierax wilsonii,Accipitridae,Accipitriformes,286.07,3890.11,20.47,2
Circaetus beaudouini,Accipitridae,Accipitriformes,1500,3453409.14,11.2,1
Circaetus cinerascens,Accipitridae,Accipitriformes,1126,5762003,-0.6,1
Circaetus cinereus,Accipitridae,Accipitriformes,2048,11541044.04,-3.63,1
Circaetus fasciolatus,Accipitridae,Accipitriformes,1013.6,734455.97,-10.35,1
Circaetus gallicus,Accipitridae,Accipitriformes,1699.12,12695589.93,40.79,3
Circaetus pectoralis,Accipitridae,Accipitriformes,1500,9328714.6,-10.32,1
Circus aeruginosus,Accipitridae,Accipitriformes,704.07,13390803.81,50.03,2
Circus approximans,Accipitridae,Accipitriformes,746.19,2033024.84,-33.9,2
Circus assimilis,Accipitridae,Accipitriformes,558.58,7817547.59,-25,2
Circus buffoni,Accipitridae,Accipitriformes,507.4,4327364.53,-22.38,2
Circus cinereus,Accipitridae,Accipitriformes,399.67,2424495.35,-36.62,2
Circus cyaneus,Accipitridae,Accipitriformes,392.98,17331412.86,58.07,3
Circus hudsonius,Accipitridae,Accipitriformes,392.98,12347245.55,52.86,3
Circus macrosceles,Accipitridae,Accipitriformes,663.6,412352.02,-19.14,1
Circus macrourus,Accipitridae,Accipitriformes,384.36,6168290.72,51.02,3
Circus maillardi,Accipitridae,Accipitriformes,663.6,1488.84,-21.1,1
Circus maurus,Accipitridae,Accipitriformes,508.99,597211.38,-30.91,1
Circus melanoleucos,Accipitridae,Accipitriformes,336.3,1811211.65,49.1,3
Circus pygargus,Accipitridae,Accipitriformes,310.75,6837154.32,49.91,3
Circus ranivorus,Accipitridae,Accipitriformes,507,4426338.22,-14.6,1
Circus spilonotus,Accipitridae,Accipitriformes,558.78,5723030.46,52.88,3
Circus spilothorax,Accipitridae,Accipitriformes,558.78,76450.96,-7.05,3
Clanga clanga,Accipitridae,Accipitriformes,2154.29,8980278.98,55.15,3
Clanga hastata,Accipitridae,Accipitriformes,1359.41,2409106.07,21.43,2
Clanga pomarina,Accipitridae,Accipitriformes,1359.41,2013351.79,49.67,3
Cryptoleucopteryx plumbea,Accipitridae,Accipitriformes,482,162116.76,4.34,1
Dryotriorchis spectabilis,Accipitridae,Accipitriformes,697,2884763,2.03,1
Elanoides forficatus,Accipitridae,Accipitriformes,416.24,13295665.49,-5.62,3
Elanus axillaris,Accipitridae,Accipitriformes,270.1,7649038.18,-25.69,2
Elanus caeruleus,Accipitridae,Accipitriformes,259.76,26685941.8,3.69,2
Elanus leucurus,Accipitridae,Accipitriformes,346,12522294.39,-8.72,2
Elanus scriptus,Accipitridae,Accipitriformes,316,727463.72,-22.87,2
Erythrotriorchis buergersi,Accipitridae,Accipitriformes,575,152406.32,-5.51,1
Erythrotriorchis radiatus,Accipitridae,Accipitriformes,887.35,1074830.71,-17.74,1
Eutriorchis astur,Accipitridae,Accipitriformes,700,34460.57,-16.44,1
Gampsonyx swainsonii,Accipitridae,Accipitriformes,92.9,10266134.72,-8.71,1
Geranoaetus albicaudatus,Accipitridae,Accipitriformes,885,9466789.11,-11.82,1
Geranoaetus melanoleucus,Accipitridae,Accipitriformes,2378.62,6807951.84,-27.4,1
Geranoaetus polyosoma,Accipitridae,Accipitriformes,782.61,3165493.22,-31.98,2
Geranospiza caerulescens,Accipitridae,Accipitriformes,302.5,14333669.12,-6.64,1
Gypaetus barbatus,Accipitridae,Accipitriformes,5694.98,8369572.33,34.75,2
Gypohierax angolensis,Accipitridae,Accipitriformes,1600,9715580.32,-1.17,1
Gyps africanus,Accipitridae,Accipitriformes,5432.99,10465544.7,-2.52,1
Gyps bengalensis,Accipitridae,Accipitriformes,4385,3047965.15,23.99,1
Gyps coprotheres,Accipitridae,Accipitriformes,8176.99,671208.3,-27.31,1
Gyps fulvus,Accipitridae,Accipitriformes,7435.99,3487541.03,36.3,1
Gyps himalayensis,Accipitridae,Accipitriformes,9797.95,3859146.13,34.8,1
Gyps indicus,Accipitridae,Accipitriformes,5515,1117987.16,23.08,1
Gyps rueppelli,Accipitridae,Accipitriformes,7399.99,6445230.81,9.89,1
Gyps tenuirostris,Accipitridae,Accipitriformes,5515,705181.48,24.18,1
Haliaeetus albicilla,Accipitridae,Accipitriformes,4729.27,17404346.92,59.89,2
Haliaeetus leucocephalus,Accipitridae,Accipitriformes,4700.58,9351853.96,54.57,3
Haliaeetus leucogaster,Accipitridae,Accipitriformes,2827.01,5127370.7,-9.12,1
Haliaeetus leucoryphus,Accipitridae,Accipitriformes,2885.92,533825.64,27.12,3
Haliaeetus pelagicus,Accipitridae,Accipitriformes,7756.99,1293649.63,58.65,3
Haliaeetus sanfordi,Accipitridae,Accipitriformes,1980,36124.13,-8.09,1
Haliaeetus vocifer,Accipitridae,Accipitriformes,3400,15637883.11,-0.96,1
Haliaeetus vociferoides,Accipitridae,Accipitriformes,3000,52761.99,-17.15,1
Haliastur indus,Accipitridae,Accipitriformes,529,8840397.2,9.01,1
Haliastur sphenurus,Accipitridae,Accipitriformes,752.99,5565646.93,-23.9,1
Hamirostra melanosternon,Accipitridae,Accipitriformes,1196,5297941.74,-23.36,2
Harpagus bidentatus,Accipitridae,Accipitriformes,215.25,8976331.27,-2.54,1
Harpagus diodon,Accipitridae,Accipitriformes,200,2345332.63,-21.13,3
Harpia harpyja,Accipitridae,Accipitriformes,4800,11064295.35,-8.03,1
Harpyopsis novaeguineae,Accipitridae,Accipitriformes,1959.59,730591.98,-5.26,1
Helicolestes hamatus,Accipitridae,Accipitriformes,425.46,2374863.31,-3.11,1
Henicopernis infuscatus,Accipitridae,Accipitriformes,571.2,33424.21,-5.47,1
Henicopernis longicauda,Accipitridae,Accipitriformes,571.23,750041.01,-5.35,1
Hieraaetus ayresii,Accipitridae,Accipitriformes,806.06,5863148.99,-5.21,1
Hieraaetus morphnoides,Accipitridae,Accipitriformes,775.05,7265023.22,-25.34,1
Hieraaetus pennatus,Accipitridae,Accipitriformes,823.75,6138248.03,42.1,3
Hieraaetus wahlbergi,Accipitridae,Accipitriformes,639.99,9578321.34,-4.41,1
Hieraaetus weiskei,Accipitridae,Accipitriformes,775.05,665554.04,-5.34,1
Icthyophaga humilis,Accipitridae,Accipitriformes,782,2763882.32,9.46,1
Icthyophaga ichthyaetus,Accipitridae,Accipitriformes,1590,3707887.55,10.81,1
Ictinaetus malaiensis,Accipitridae,Accipitriformes,1028,3231811.39,9.61,1
Ictinia mississippiensis,Accipitridae,Accipitriformes,276.03,824795.96,33.57,3
Ictinia plumbea,Accipitridae,Accipitriformes,249.9,12719722.18,-7.01,1
Kaupifalco monogrammicus,Accipitridae,Accipitriformes,278.94,13079368.52,-0.96,1
Leptodon cayanensis,Accipitridae,Accipitriformes,474,12071802.08,-6.35,1
Leptodon forbesi,Accipitridae,Accipitriformes,577,52831.24,-8.94,1
Leucopternis kuhli,Accipitridae,Accipitriformes,352.09,2375316.62,-7.38,1
Leucopternis melanops,Accipitridae,Accipitriformes,312,2570861.92,1.4,1
Leucopternis semiplumbeus,Accipitridae,Accipitriformes,285.04,236308.06,8.38,1
Lophaetus occipitalis,Accipitridae,Accipitriformes,1067,14031980.87,-0.17,1
Lophoictinia isura,Accipitridae,Accipitriformes,579.37,1100971,-27.71,1
Lophotriorchis kienerii,Accipitridae,Accipitriformes,799,3758691.08,9.42,1
Macheiramphus alcinus,Accipitridae,Accipitriformes,650,13573105.09,-4.02,1
Megatriorchis doriae,Accipitridae,Accipitriformes,999.99,599836.92,-5.34,1
Melierax canorus,Accipitridae,Accipitriformes,663.32,2246754.63,-25.28,1
Melierax metabates,Accipitridae,Accipitriformes,674.53,12484209.96,2.47,1
Melierax poliopterus,Accipitridae,Accipitriformes,629.88,2071175.93,2.87,1
Micronisus gabar,Accipitridae,Accipitriformes,169.55,13910595.47,-2.35,2
Milvus aegyptius,Accipitridae,Accipitriformes,734.1,NA,NA,3
Milvus migrans,Accipitridae,Accipitriformes,734.1,59168603.49,26.77,3
Milvus milvus,Accipitridae,Accipitriformes,1071.77,1698401.57,48.65,2
Morphnarchus princeps,Accipitridae,Accipitriformes,999.99,113390.9,3.02,1
Morphnus guianensis,Accipitridae,Accipitriformes,1750,11702782.03,-7.66,1
Necrosyrtes monachus,Accipitridae,Accipitriformes,2043,10764077.19,4.78,1
Neophron percnopterus,Accipitridae,Accipitriformes,2082,14111672.38,27.02,3
Nisaetus alboniger,Accipitridae,Accipitriformes,829.99,800448.35,2.4,1
Nisaetus bartelsi,Accipitridae,Accipitriformes,830,14421.49,-7.44,1
Nisaetus cirrhatus,Accipitridae,Accipitriformes,1475.12,4408300.11,13.11,1
Nisaetus floris,Accipitridae,Accipitriformes,1475.12,34986.16,-8.59,1
Nisaetus lanceolatus,Accipitridae,Accipitriformes,1168,183391.82,-2.12,1
Nisaetus nanus,Accipitridae,Accipitriformes,557.76,1094809.57,0.56,1
Nisaetus nipalensis,Accipitridae,Accipitriformes,3004.99,2149247.14,26.77,1
Nisaetus philippensis,Accipitridae,Accipitriformes,1168,114925.31,15.69,1
Nisaetus pinskeri,Accipitridae,Accipitriformes,1168,132366.04,8.54,1
Parabuteo leucorrhous,Accipitridae,Accipitriformes,290,1189248.2,-18.54,1
Parabuteo unicinctus,Accipitridae,Accipitriformes,850.28,9015595.35,-10.52,2
Pernis apivorus,Accipitridae,Accipitriformes,754.37,9317297.54,54.03,3
Pernis celebensis,Accipitridae,Accipitriformes,721.99,155679.51,-2.13,1
Pernis ptilorhynchus,Accipitridae,Accipitriformes,1141.13,11263289.52,32.05,1
Pernis steerei,Accipitridae,Accipitriformes,721.99,260315.9,11.91,1
Pithecophaga jefferyi,Accipitridae,Accipitriformes,5175.32,142256.55,9.95,1
Polemaetus bellicosus,Accipitridae,Accipitriformes,3964.54,14888019.22,-3.45,1
Polyboroides radiatus,Accipitridae,Accipitriformes,633.2,413722.67,-19.56,1
Polyboroides typus,Accipitridae,Accipitriformes,633.24,14893143.16,-4.02,1
Pseudastur albicollis,Accipitridae,Accipitriformes,703.7,8478535.51,-3.96,1
Pseudastur occidentalis,Accipitridae,Accipitriformes,659.99,6586.81,-3.58,1
Pseudastur polionotus,Accipitridae,Accipitriformes,703.7,813060.78,-20.38,1
Rostrhamus sociabilis,Accipitridae,Accipitriformes,366.94,11603405.03,-10.02,2
Rupornis magnirostris,Accipitridae,Accipitriformes,269,15043360.16,-8.51,1
Sarcogyps calvus,Accipitridae,Accipitriformes,4469.89,2166730.6,24.15,1
Spilornis cheela,Accipitridae,Accipitriformes,597.74,6837152.16,16.74,1
Spilornis elgini,Accipitridae,Accipitriformes,895,4980.85,12.47,1
Spilornis holospilus,Accipitridae,Accipitriformes,705,276025.54,11.86,1
Spilornis kinabaluensis,Accipitridae,Accipitriformes,597.7,36584.1,4.55,1
Spilornis klossi,Accipitridae,Accipitriformes,450,1111.02,7.06,1
Spilornis rufipectus,Accipitridae,Accipitriformes,705,115936.18,-1.9,1
Spizaetus isidori,Accipitridae,Accipitriformes,1197.4,469213.82,-6.77,1
Spizaetus melanoleucus,Accipitridae,Accipitriformes,850,8710494.02,-6.79,1
Spizaetus ornatus,Accipitridae,Accipitriformes,1197.4,9433721.9,-5.86,1
Spizaetus tyrannus,Accipitridae,Accipitriformes,1007.11,8304333.12,-4.6,1
Stephanoaetus coronatus,Accipitridae,Accipitriformes,3640,6608300.52,-4.7,1
Terathopius ecaudatus,Accipitridae,Accipitriformes,2200,14023477.79,-1.02,1
Torgos tracheliotos,Accipitridae,Accipitriformes,6969,8489832.71,2.61,2
Trigonoceps occipitalis,Accipitridae,Accipitriformes,3016,6011586.35,-1.13,1
Urotriorchis macrourus,Accipitridae,Accipitriformes,492,3073602.25,1.17,1
Pandion haliaetus,Pandionidae,Accipitriformes,1483.2,31298390.01,49.18,3
Sagittarius serpentarius,Sagittariidae,Accipitriformes,4017,14023594.92,-3.98,2
Aix galericulata,Anatidae,Anseriformes,567.04,1904941.91,45.58,3
Aix sponsa,Anatidae,Anseriformes,657.59,6191757.66,42.14,1
Alopochen aegyptiaca,Anatidae,Anseriformes,1873,17452607.3,-2.2,2
Amazonetta brasiliensis,Anatidae,Anseriformes,499.99,8747518.75,-14.65,1
Anas acuta,Anatidae,Anseriformes,944.62,28403500.77,59.6,3
Anas albogularis,Anatidae,Anseriformes,488.11,4843.64,12.53,1
Anas andium,Anatidae,Anseriformes,434,410562.88,4.02,2
Anas aucklandica,Anatidae,Anseriformes,499.09,42.5,-50.76,2
Anas bahamensis,Anatidae,Anseriformes,489.97,2991584.7,-21.2,2
Anas bernieri,Anatidae,Anseriformes,378.48,53434.31,-17.09,1
Anas capensis,Anatidae,Anseriformes,402,4317287.05,-18.66,2
Anas carolinensis,Anatidae,Anseriformes,341.89,NA,NA,2
Anas castanea,Anatidae,Anseriformes,624.01,3131751.24,-30.02,2
Anas chlorotis,Anatidae,Anseriformes,499.09,936.42,-39.13,1
Anas crecca,Anatidae,Anseriformes,341.89,31784516.68,58.18,2
Anas eatoni,Anatidae,Anseriformes,944.62,7506.03,-49.18,3
Anas erythrorhyncha,Anatidae,Anseriformes,558.82,10763443.79,-11.83,2
Anas flavirostris,Anatidae,Anseriformes,434,3942276.35,-34.05,2
Anas fulvigula,Anatidae,Anseriformes,843.42,1467257.69,28.28,2
Anas georgica,Anatidae,Anseriformes,623.82,4166039.59,-33.81,2
Anas gibberifrons,Anatidae,Anseriformes,488.11,787609.11,-3.89,1
Anas gracilis,Anatidae,Anseriformes,488.11,8457229.37,-24.47,1
Anas laysanensis,Anatidae,Anseriformes,843.42,1.52,25.76,1
Anas luzonica,Anatidae,Anseriformes,832.04,279937.11,11.81,1
Anas melleri,Anatidae,Anseriformes,959.22,210448.78,-19.37,1
Anas nesiotis,Anatidae,Anseriformes,499.09,112.17,-52.54,1
Anas platyrhynchos,Anatidae,Anseriformes,843.42,39707247.47,51.63,2
Anas poecilorhyncha,Anatidae,Anseriformes,999.96,5228716.82,21.93,2
Anas rubripes,Anatidae,Anseriformes,1240.96,4118764.61,49.93,2
Anas sparsa,Anatidae,Anseriformes,981.49,9213622.59,-9.75,1
Anas superciliosa,Anatidae,Anseriformes,882.76,8845309.64,-22.89,2
Anas undulata,Anatidae,Anseriformes,1008,8476793.26,-10.74,2
Anas wyvilliana,Anatidae,Anseriformes,843.42,4181.09,20.92,1
Anas zonorhyncha,Anatidae,Anseriformes,1156,8223090.75,41.57,2
Anser albifrons,Anatidae,Anseriformes,2506.39,5891602.97,68.29,3
Anser anser,Anatidae,Anseriformes,3302.41,13285537.12,51.74,3
Anser brachyrhynchus,Anatidae,Anseriformes,2642.04,190949.74,71.96,3
Anser caerulescens,Anatidae,Anseriformes,2636.15,582038.07,72.41,3
Anser canagicus,Anatidae,Anseriformes,2136.49,186745.48,65.46,3
Anser cygnoid,Anatidae,Anseriformes,3511.94,2166055.01,49.8,3
Anser erythropus,Anatidae,Anseriformes,1755.5,2594919.27,68.29,3
Anser fabalis,Anatidae,Anseriformes,2754.73,13919541.37,62.77,3
Anser indicus,Anatidae,Anseriformes,2212.55,2371478,41.25,3
Anser rossii,Anatidae,Anseriformes,1635.99,216140.46,62.03,3
Asarcornis scutulata,Anatidae,Anseriformes,2937.39,999723.98,12.09,1
Aythya affinis,Anatidae,Anseriformes,819.45,5052907.86,56.73,3
Aythya americana,Anatidae,Anseriformes,1075.69,5111761.27,48.31,3
Aythya australis,Anatidae,Anseriformes,869.41,6825013.89,-25.55,1
Aythya baeri,Anatidae,Anseriformes,681.23,2258041.25,49.45,3
Aythya collaris,Anatidae,Anseriformes,704.55,4899833.68,52.28,3
Aythya ferina,Anatidae,Anseriformes,822.99,16611109.18,53.5,1
Aythya fuligula,Anatidae,Anseriformes,701.17,20377977.97,57.84,2
Aythya innotata,Anatidae,Anseriformes,685,597.73,-14.36,1
Aythya marila,Anatidae,Anseriformes,1005.37,11929401.28,64.6,3
Aythya novaeseelandiae,Anatidae,Anseriformes,681.98,162640.63,-42.12,2
Aythya nyroca,Anatidae,Anseriformes,574,6827514.86,46.16,3
Aythya valisineria,Anatidae,Anseriformes,1202,3654390.23,57,3
Biziura lobata,Anatidae,Anseriformes,1928.54,1207634.45,-34.06,2
Branta bernicla,Anatidae,Anseriformes,1277.91,3125724.3,74.79,3
Branta canadensis,Anatidae,Anseriformes,2811.68,12236810.45,53.3,3
Branta hutchinsii,Anatidae,Anseriformes,2811.68,1274687.67,66.72,3
Branta leucopsis,Anatidae,Anseriformes,1683.97,178673.97,72.42,3
Branta ruficollis,Anatidae,Anseriformes,1226.47,754114,71.96,3
Branta sandvicensis,Anatidae,Anseriformes,2044.12,1904.15,20.67,1
Bucephala albeola,Anatidae,Anseriformes,397.46,4859143.91,56.77,3
Bucephala clangula,Anatidae,Anseriformes,918.56,22082935.41,58.51,3
Bucephala islandica,Anatidae,Anseriformes,921.21,2257979.96,56.43,2
Cairina moschata,Anatidae,Anseriformes,2415.78,14188216.55,-6.9,1
Callonetta leucophrys,Anatidae,Anseriformes,362.78,1310348,-25.25,2
Cereopsis novaehollandiae,Anatidae,Anseriformes,3559.99,557996.61,-36.03,2
Chenonetta jubata,Anatidae,Anseriformes,807.46,5996685.1,-26.72,1
Chloephaga hybrida,Anatidae,Anseriformes,2281.8,155646.24,-49.89,2
Chloephaga melanoptera,Anatidae,Anseriformes,2037,1159462.3,-22.01,2
Chloephaga picta,Anatidae,Anseriformes,2880.37,749760.19,-46.63,2
Chloephaga poliocephala,Anatidae,Anseriformes,2007.14,389825.64,-47.76,2
Chloephaga rubidiceps,Anatidae,Anseriformes,2086,52907.93,-52.77,2
Clangula hyemalis,Anatidae,Anseriformes,871,9492361.68,68.24,3
Coscoroba coscoroba,Anatidae,Anseriformes,4294.78,1907875.57,-39.78,2
Cyanochen cyanoptera,Anatidae,Anseriformes,1520,361268.41,9.52,1
Cygnus atratus,Anatidae,Anseriformes,5623.16,6663270.06,-26.09,2
Cygnus buccinator,Anatidae,Anseriformes,11071.13,1375549.41,57.77,3
Cygnus columbianus,Anatidae,Anseriformes,6377.96,5272186.12,67.98,3
Cygnus cygnus,Anatidae,Anseriformes,9349.99,17099815.6,58.93,3
Cygnus melancoryphus,Anatidae,Anseriformes,4711.68,1143135.35,-42.43,2
Cygnus olor,Anatidae,Anseriformes,10682.04,4915289.2,49.96,3
Dendrocygna arborea,Anatidae,Anseriformes,1150,101817.5,21.23,2
Dendrocygna arcuata,Anatidae,Anseriformes,796.18,4892125.09,-14.18,2
Dendrocygna autumnalis,Anatidae,Anseriformes,755.3,9443719.89,-4.7,2
Dendrocygna bicolor,Anatidae,Anseriformes,756.37,18668766.17,-5.6,2
Dendrocygna eytoni,Anatidae,Anseriformes,789.99,4778055.17,-23.42,2
Dendrocygna guttata,Anatidae,Anseriformes,800,925989.76,-3.45,2
Dendrocygna javanica,Anatidae,Anseriformes,519.61,7094720.18,20.14,2
Dendrocygna viduata,Anatidae,Anseriformes,689.99,27415311.66,-6.68,2
Heteronetta atricapilla,Anatidae,Anseriformes,538.37,1954559.19,-32.1,1
Histrionicus histrionicus,Anatidae,Anseriformes,561.57,7912681.94,59.49,2
Hymenolaimus malacorhynchos,Anatidae,Anseriformes,829.99,54832.86,-41.63,1
Lophodytes cucullatus,Anatidae,Anseriformes,613.77,5510396.5,44.5,3
Lophonetta specularioides,Anatidae,Anseriformes,1019.93,1859148.87,-33.94,1
Malacorhynchus membranaceus,Anatidae,Anseriformes,372.79,1457174.78,-31.58,2
Mareca americana,Anatidae,Anseriformes,754.61,8979266.49,55.41,3
Mareca falcata,Anatidae,Anseriformes,645.83,5490157.81,54.68,3
Mareca penelope,Anatidae,Anseriformes,770.03,16342850.08,61.69,3
Mareca sibilatrix,Anatidae,Anseriformes,923.16,2186262.24,-40.77,2
Mareca strepera,Anatidae,Anseriformes,915.58,18552362.65,49.62,2
Marmaronetta angustirostris,Anatidae,Anseriformes,477,1461550.24,37.8,2
Melanitta americana,Anatidae,Anseriformes,1117,3674284.73,62.61,3
Melanitta deglandi,Anatidae,Anseriformes,1800.17,4842634.82,60.21,3
Melanitta fusca,Anatidae,Anseriformes,1800.17,5118144.61,62.27,3
Melanitta nigra,Anatidae,Anseriformes,1049.98,4515415.5,66.86,3
Melanitta perspicillata,Anatidae,Anseriformes,1096.33,4808381.84,61.33,3
Melanitta stejnegeri,Anatidae,Anseriformes,1800.17,6485999.47,61.1,3
Merganetta armata,Anatidae,Anseriformes,398.82,1090659.13,-24.14,1
Mergellus albellus,Anatidae,Anseriformes,608.55,11990223.32,60.6,3
Mergus merganser,Anatidae,Anseriformes,1451.02,24915961.61,54.96,3
Mergus octosetaceus,Anatidae,Anseriformes,983,51321.75,-12.9,1
Mergus serrator,Anatidae,Anseriformes,1015.17,23632905.44,60.86,3
Mergus squamatus,Anatidae,Anseriformes,1234,302689.47,45.96,3
Neochen jubata,Anatidae,Anseriformes,1250,7934083.33,-5.56,2
Netta erythrophthalma,Anatidae,Anseriformes,780.38,10612856.99,-12.6,2
Netta peposaca,Anatidae,Anseriformes,999.99,5216896.73,-31.73,2
Netta rufina,Anatidae,Anseriformes,1118,6127779.64,46.6,2
Nettapus auritus,Anatidae,Anseriformes,266,17754493.4,-0.03,1
Nettapus coromandelianus,Anatidae,Anseriformes,391.33,9230293.27,16.85,1
Nettapus pulchellus,Anatidae,Anseriformes,306.98,1681125.92,-15.23,1
Nomonyx dominicus,Anatidae,Anseriformes,364.97,8398764.69,-10.71,2
Oxyura australis,Anatidae,Anseriformes,798,544505.23,-33.88,2
Oxyura ferruginea,Anatidae,Anseriformes,608.15,2089906.35,-26.56,1
Oxyura jamaicensis,Anatidae,Anseriformes,608.15,6731653.66,43.16,1
Oxyura leucocephala,Anatidae,Anseriformes,661.09,4016410.78,48.43,1
Oxyura maccoa,Anatidae,Anseriformes,674,2242706.43,-23.59,1
Oxyura vittata,Anatidae,Anseriformes,642.68,1986790.01,-38.61,2
Plectropterus gambensis,Anatidae,Anseriformes,3869,15772780.82,-4.43,3
Polysticta stelleri,Anatidae,Anseriformes,806.76,2209280.29,70.64,3
Pteronetta hartlaubii,Anatidae,Anseriformes,790,4283729.6,1.6,2
Radjah radjah,Anatidae,Anseriformes,885.22,2173785.4,-13.07,2
Rhodonessa caryophyllacea,Anatidae,Anseriformes,886.3,0.98,24.55,NA
Salvadorina waigiuensis,Anatidae,Anseriformes,324,339423.01,-5.25,1
Sarkidiornis melanotos,Anatidae,Anseriformes,2610,18695511.28,0.53,1
Sarkidiornis sylvicola,Anatidae,Anseriformes,2610,9680945.17,-13.39,1
Sibirionetta formosa,Anatidae,Anseriformes,433.98,3744079.85,64.58,3
Somateria fischeri,Anatidae,Anseriformes,1557.16,1068843.97,68.47,2
Somateria mollissima,Anatidae,Anseriformes,2060.93,3321100.72,64.94,2
Somateria spectabilis,Anatidae,Anseriformes,1616.71,3200134.05,73.18,3
Spatula clypeata,Anatidae,Anseriformes,612.56,27068888.24,55.88,3
Spatula cyanoptera,Anatidae,Anseriformes,377.45,6567683.13,11.06,2
Spatula discors,Anatidae,Anseriformes,359.44,8349222.13,48.81,3
Spatula hottentota,Anatidae,Anseriformes,276.36,7754871.01,-12.18,1
Spatula platalea,Anatidae,Anseriformes,465.43,2947935.33,-36.18,2
Spatula puna,Anatidae,Anseriformes,595.21,690886.44,-17.48,1
Spatula querquedula,Anatidae,Anseriformes,325.6,16861397.11,53.56,3
Spatula rhynchotis,Anatidae,Anseriformes,638.96,4454068.38,-29.63,1
Spatula smithii,Anatidae,Anseriformes,591.46,2430691.95,-24.84,2
Spatula versicolor,Anatidae,Anseriformes,595.21,3071768.07,-36.9,2
Speculanas specularis,Anatidae,Anseriformes,1496.07,386663.05,-48.53,1
Stictonetta naevosa,Anatidae,Anseriformes,903.27,5897864.38,-26.74,2
Tachyeres brachypterus,Anatidae,Anseriformes,3450,12033.8,-51.74,2
Tachyeres leucocephalus,Anatidae,Anseriformes,3013,49163.72,-45.35,2
Tachyeres patachonicus,Anatidae,Anseriformes,2821.55,1006665.14,-45.83,2
Tachyeres pteneres,Anatidae,Anseriformes,4737.59,328083.84,-50.16,2
Tadorna cana,Anatidae,Anseriformes,1182,1631456.11,-27.63,2
Tadorna cristata,Anatidae,Anseriformes,1235,4.61,42.66,NA
Tadorna ferruginea,Anatidae,Anseriformes,1235.03,18403211.28,41.82,2
Tadorna tadorna,Anatidae,Anseriformes,1146.83,9435093.57,48.41,2
Tadorna tadornoides,Anatidae,Anseriformes,1418.68,3300063.22,-31.63,2
Tadorna variegata,Anatidae,Anseriformes,1540.95,268823.5,-41.77,2
Thalassornis leuconotus,Anatidae,Anseriformes,707.5,10032374.01,-10.93,1
Anhima cornuta,Anhimidae,Anseriformes,3150,10980198.81,-7.18,1
Chauna chavaria,Anhimidae,Anseriformes,2557.64,91345.79,9.18,1
Chauna torquata,Anhimidae,Anseriformes,4400,3828524.39,-24.91,1
Anseranas semipalmata,Anseranatidae,Anseriformes,2393.4,223353.42,-20.53,2
Aceros nipalensis,Bucerotidae,Bucerotiformes,2385,284350.69,24.08,1
Anorrhinus austeni,Bucerotidae,Bucerotiformes,933,774356.6,20.03,1
Anorrhinus galeritus,Bucerotidae,Bucerotiformes,1172,1381919.99,1.15,1
Anorrhinus tickelli,Bucerotidae,Bucerotiformes,792.64,160242.6,14.82,1
Anthracoceros albirostris,Bucerotidae,Bucerotiformes,892.89,4467706.59,14.07,1
Anthracoceros coronatus,Bucerotidae,Bucerotiformes,806.72,701610.86,19.07,1
Anthracoceros malayanus,Bucerotidae,Bucerotiformes,1050,798560.44,0.64,1
Anthracoceros marchei,Bucerotidae,Bucerotiformes,750,13374.99,9.92,1
Anthracoceros montani,Bucerotidae,Bucerotiformes,741,585.5,5.2,1
Berenicornis comatus,Bucerotidae,Bucerotiformes,1470,1179089.52,1.8,1
Buceros bicornis,Bucerotidae,Bucerotiformes,2790.79,2951578.25,15.78,1
Buceros hydrocorax,Bucerotidae,Bucerotiformes,1409.59,78462.72,15.86,1
Buceros mindanensis,Bucerotidae,Bucerotiformes,1409.59,113115.75,8.26,1
Buceros rhinoceros,Bucerotidae,Bucerotiformes,2371.58,1455791.75,0.14,1
Bucorvus abyssinicus,Bucerotidae,Bucerotiformes,4000,4482170.58,9.51,1
Bucorvus leadbeateri,Bucerotidae,Bucerotiformes,3743.62,4867849.88,-14.21,1
Bycanistes albotibialis,Bucerotidae,Bucerotiformes,921,2097476.87,-0.2,1
Bycanistes brevis,Bucerotidae,Bucerotiformes,1232.84,834397.49,-2.13,1
Bycanistes bucinator,Bucerotidae,Bucerotiformes,639.38,4073212.84,-11.95,1
Bycanistes cylindricus,Bucerotidae,Bucerotiformes,921,477009.11,6.96,1
Bycanistes fistulator,Bucerotidae,Bucerotiformes,508.09,811024.82,7.45,1
Bycanistes sharpii,Bucerotidae,Bucerotiformes,508.09,2953772.23,1.06,1
Bycanistes subcylindricus,Bucerotidae,Bucerotiformes,1195.4,1147243.51,3.54,1
Ceratogymna atrata,Bucerotidae,Bucerotiformes,1194.79,2282542.36,0.31,1
Ceratogymna elata,Bucerotidae,Bucerotiformes,1917.02,495247.1,6.81,1
Horizocerus albocristatus,Bucerotidae,Bucerotiformes,289.4,479716.63,6.8,1
Horizocerus cassini,Bucerotidae,Bucerotiformes,289.4,2240705.63,-0.26,1
Horizocerus granti,Bucerotidae,Bucerotiformes,98.49,1637687.68,-0.68,1
Horizocerus hartlaubi,Bucerotidae,Bucerotiformes,98.49,1163200.91,4.01,1
Lophoceros alboterminatus,Bucerotidae,Bucerotiformes,223.65,3002290.12,-10.38,1
Lophoceros bradfieldi,Bucerotidae,Bucerotiformes,196.46,790509.69,-18.55,1
Lophoceros camurus,Bucerotidae,Bucerotiformes,103.76,1703130.6,1.99,1
Lophoceros fasciatus,Bucerotidae,Bucerotiformes,258.83,3868026.54,-0.06,1
Lophoceros hemprichii,Bucerotidae,Bucerotiformes,297,546665.06,8.61,1
Lophoceros nasutus,Bucerotidae,Bucerotiformes,179.56,9830291.23,1.51,1
Lophoceros pallidirostris,Bucerotidae,Bucerotiformes,232.96,1957669.07,-11.66,1
Lophoceros semifasciatus,Bucerotidae,Bucerotiformes,258.83,1342269.31,8.38,1
Ocyceros birostris,Bucerotidae,Bucerotiformes,375,2062731.9,21.41,1
Ocyceros gingalensis,Bucerotidae,Bucerotiformes,238,64916.29,7.6,1
Ocyceros griseus,Bucerotidae,Bucerotiformes,292,230760.93,14.6,1
Penelopides affinis,Bucerotidae,Bucerotiformes,485.12,117669.51,8.38,1
Penelopides manillae,Bucerotidae,Bucerotiformes,460.86,104660.9,15.9,1
Penelopides mindorensis,Bucerotidae,Bucerotiformes,462,1008.82,13.12,1
Penelopides panini,Bucerotidae,Bucerotiformes,470.54,26680.43,10.77,1
Rhabdotorrhinus corrugatus,Bucerotidae,Bucerotiformes,1590,892566.53,0.71,1
Rhabdotorrhinus exarhatus,Bucerotidae,Bucerotiformes,370,128079.13,-1.89,1
Rhabdotorrhinus leucocephalus,Bucerotidae,Bucerotiformes,1086,89999.67,7.71,1
Rhabdotorrhinus waldeni,Bucerotidae,Bucerotiformes,1086,11113.86,11.19,1
Rhinoplax vigil,Bucerotidae,Bucerotiformes,2887.64,1216391.66,1.29,1
Rhyticeros cassidix,Bucerotidae,Bucerotiformes,2360,164525.74,-2.14,1
Rhyticeros everetti,Bucerotidae,Bucerotiformes,697.2,10704.53,-9.76,1
Rhyticeros narcondami,Bucerotidae,Bucerotiformes,697.17,6.51,13.43,1
Rhyticeros plicatus,Bucerotidae,Bucerotiformes,1703.76,754091.96,-5.22,1
Rhyticeros subruficollis,Bucerotidae,Bucerotiformes,2042,72279.84,14.23,1
Rhyticeros undulatus,Bucerotidae,Bucerotiformes,2214.55,3225027.08,9.93,1
Tockus damarensis,Bucerotidae,Bucerotiformes,210,391002.99,-20.86,1
Tockus deckeni,Bucerotidae,Bucerotiformes,167.72,1628868.18,0.98,1
Tockus erythrorhynchus,Bucerotidae,Bucerotiformes,138.56,9150146.92,2.58,1
Tockus flavirostris,Bucerotidae,Bucerotiformes,216.69,1449740.43,5.05,1
Tockus jacksoni,Bucerotidae,Bucerotiformes,167.72,112777.06,3.19,1
Tockus leucomelas,Bucerotidae,Bucerotiformes,188.27,1820119.32,-20.41,1
Tockus monteiri,Bucerotidae,Bucerotiformes,289.82,399497.56,-19.39,1
Phoeniculus bollei,Phoeniculidae,Bucerotiformes,54.6,1291286.11,3.19,1
Phoeniculus damarensis,Phoeniculidae,Bucerotiformes,81.8,823036.02,-12.58,1
Phoeniculus purpureus,Phoeniculidae,Bucerotiformes,73.21,12280558.03,-2.75,1
Phoeniculus somaliensis,Phoeniculidae,Bucerotiformes,26.5,1065209.4,7.89,1
Rhinopomastus aterrimus,Phoeniculidae,Bucerotiformes,27.11,7792738,7.46,1
Rhinopomastus castaneiceps,Phoeniculidae,Bucerotiformes,24.4,622400.01,4.6,1
Rhinopomastus cyanomelas,Phoeniculidae,Bucerotiformes,27.11,6396418.32,-15.51,1
Rhinopomastus minor,Phoeniculidae,Bucerotiformes,21.7,2064431.67,2.47,1
Upupa epops,Upupidae,Bucerotiformes,66.93,46881685.44,29.41,3
Upupa marginata,Upupidae,Bucerotiformes,66.93,530033.96,-19.4,3
Aegotheles affinis,Aegothelidae,Caprimulgiformes,60,1146.69,-3.25,1
Aegotheles albertisi,Aegothelidae,Caprimulgiformes,35.2,95188.1,-6.49,1
Aegotheles archboldi,Aegothelidae,Caprimulgiformes,30.6,44983.92,-4.19,1
Aegotheles bennettii,Aegothelidae,Caprimulgiformes,60,198113.2,-5.65,1
Aegotheles crinifrons,Aegothelidae,Caprimulgiformes,136,20463.32,0.71,1
Aegotheles cristatus,Aegothelidae,Caprimulgiformes,42.78,7702773.06,-25.68,1
Aegotheles insignis,Aegothelidae,Caprimulgiformes,78.5,168011.22,-5.27,1
Aegotheles savesi,Aegothelidae,Caprimulgiformes,52,10.73,-21.96,NA
Aegotheles tatei,Aegothelidae,Caprimulgiformes,52,3664.11,-6.95,1
Aegotheles wallacii,Aegothelidae,Caprimulgiformes,50.73,40086.3,-4.45,1
Aerodramus bartschi,Apodidae,Caprimulgiformes,7.4,692.22,13.78,1
Aerodramus brevirostris,Apodidae,Caprimulgiformes,13.42,2186701.77,26.62,1
Aerodramus elaphrus,Apodidae,Caprimulgiformes,10.7,205.22,-4.58,1
Aerodramus francicus,Apodidae,Caprimulgiformes,8.9,4418.34,-20.77,1
Aerodramus fuciphagus,Apodidae,Caprimulgiformes,10.7,1645314.43,0.9,1
Aerodramus hirundinaceus,Apodidae,Caprimulgiformes,10.1,583622.07,-4.76,1
Aerodramus infuscatus,Apodidae,Caprimulgiformes,13.4,182567.31,-2.41,1
Aerodramus inquietus,Apodidae,Caprimulgiformes,11,543.53,6.65,1
Aerodramus leucophaeus,Apodidae,Caprimulgiformes,13.35,1090.1,-10.15,1
Aerodramus maximus,Apodidae,Caprimulgiformes,17,1057235,1.15,1
Aerodramus mearnsi,Apodidae,Caprimulgiformes,11.3,254011.61,11.8,1
Aerodramus nuditarsus,Apodidae,Caprimulgiformes,13.35,364845.78,-5.64,1
Aerodramus orientalis,Apodidae,Caprimulgiformes,13.35,4385.9,-6.51,1
Aerodramus papuensis,Apodidae,Caprimulgiformes,19.9,163508.74,-4.46,1
Aerodramus pelewensis,Apodidae,Caprimulgiformes,13.35,454.45,7.44,1
Aerodramus salangana,Apodidae,Caprimulgiformes,11.3,483061.54,0.08,1
Aerodramus sawtelli,Apodidae,Caprimulgiformes,8.6,26.52,-20,1
Aerodramus spodiopygius,Apodidae,Caprimulgiformes,8.03,136466.16,-11.02,1
Aerodramus terraereginae,Apodidae,Caprimulgiformes,12,85667.06,-16.99,1
Aerodramus unicolor,Apodidae,Caprimulgiformes,11,248834.49,11.43,1
Aerodramus vanikorensis,Apodidae,Caprimulgiformes,10.7,1212501.77,-2.34,1
Aerodramus vulcanorum,Apodidae,Caprimulgiformes,13.42,7990.54,-7.04,1
Aerodramus whiteheadi,Apodidae,Caprimulgiformes,14,11703.85,13.11,1
Aeronautes andecolus,Apodidae,Caprimulgiformes,17.6,891310.57,-23.75,1
Aeronautes montivagus,Apodidae,Caprimulgiformes,20.14,842701.64,-1.98,1
Aeronautes saxatalis,Apodidae,Caprimulgiformes,32.1,4096268.29,33.58,1
Apus acuticauda,Apodidae,Caprimulgiformes,39.4,15660.49,26.16,3
Apus affinis,Apodidae,Caprimulgiformes,22.57,22143832.39,2.45,3
Apus alexandri,Apodidae,Caprimulgiformes,39.4,2642.82,15.82,NA
Apus apus,Apodidae,Caprimulgiformes,37.6,24779919.71,48.52,3
Apus balstoni,Apodidae,Caprimulgiformes,42.8,592893.19,-19.36,2
Apus barbatus,Apodidae,Caprimulgiformes,42.8,1200605.42,-20.21,2
Apus batesi,Apodidae,Caprimulgiformes,22.1,299260.21,3.63,2
Apus berliozi,Apodidae,Caprimulgiformes,38.2,204574.56,12.76,NA
Apus bradfieldi,Apodidae,Caprimulgiformes,42.4,882341.76,-23.87,2
Apus caffer,Apodidae,Caprimulgiformes,22.1,12490681.95,-2.38,3
Apus horus,Apodidae,Caprimulgiformes,27.45,2043600.71,-18.06,2
Apus niansae,Apodidae,Caprimulgiformes,32.5,381006.41,6.76,2
Apus nipalensis,Apodidae,Caprimulgiformes,29.82,5768014.18,16.15,3
Apus pacificus,Apodidae,Caprimulgiformes,39.43,15859868.87,46.94,2
Apus pallidus,Apodidae,Caprimulgiformes,41.9,1720365.16,30.92,3
Apus sladeniae,Apodidae,Caprimulgiformes,42.8,12587.31,-11.92,NA
Apus unicolor,Apodidae,Caprimulgiformes,22.5,8283.55,28.79,2
Chaetura andrei,Apodidae,Caprimulgiformes,17.1,NA,NA,3
Chaetura brachyura,Apodidae,Caprimulgiformes,18.3,7468188.25,-3.04,1
Chaetura chapmani,Apodidae,Caprimulgiformes,23.83,4701276.36,-1.71,2
Chaetura cinereiventris,Apodidae,Caprimulgiformes,13.9,6102705.51,-6.25,1
Chaetura egregia,Apodidae,Caprimulgiformes,23.4,1756675.46,-11.08,1
Chaetura fumosa,Apodidae,Caprimulgiformes,15.69,13071.58,8.71,1
Chaetura martinica,Apodidae,Caprimulgiformes,12.5,4342.26,15.11,1
Chaetura meridionalis,Apodidae,Caprimulgiformes,22.2,4926891.32,-19.32,3
Chaetura pelagica,Apodidae,Caprimulgiformes,23.6,5841319.17,40.95,3
Chaetura spinicaudus,Apodidae,Caprimulgiformes,15.69,3138608.09,1.2,1
Chaetura vauxi,Apodidae,Caprimulgiformes,17.1,2280008.55,36.03,3
Collocalia esculenta,Apodidae,Caprimulgiformes,6.29,2754917.74,-0.2,1
Collocalia linchi,Apodidae,Caprimulgiformes,5.9,316140.08,-3.03,1
Collocalia troglodytes,Apodidae,Caprimulgiformes,5.4,283053.11,11.79,1
Cypseloides cherriei,Apodidae,Caprimulgiformes,22.1,111074.69,3.35,1
Cypseloides cryptus,Apodidae,Caprimulgiformes,34.54,413124,8.33,1
Cypseloides fumigatus,Apodidae,Caprimulgiformes,41.95,2325060.02,-19.46,3
Cypseloides lemosi,Apodidae,Caprimulgiformes,28.1,3577.91,2.5,1
Cypseloides niger,Apodidae,Caprimulgiformes,39.67,1303249.37,32.36,2
Cypseloides rothschildi,Apodidae,Caprimulgiformes,41.95,166600.94,-23.54,1
Cypseloides senex,Apodidae,Caprimulgiformes,82.25,2015575.96,-17.5,1
Cypseloides storeri,Apodidae,Caprimulgiformes,39.5,84466.8,18.67,1
Cypsiurus balasiensis,Apodidae,Caprimulgiformes,9.11,6838834.25,15.1,1
Cypsiurus gracilis,Apodidae,Caprimulgiformes,13.6,384793.25,-19.38,1
Cypsiurus parvus,Apodidae,Caprimulgiformes,13.6,15963964.24,-1.66,1
Hirundapus caudacutus,Apodidae,Caprimulgiformes,95.5,6143488.25,46.53,3
Hirundapus celebensis,Apodidae,Caprimulgiformes,180,285896.08,10.51,1
Hirundapus cochinchinensis,Apodidae,Caprimulgiformes,83.79,236469.43,25.16,3
Hirundapus giganteus,Apodidae,Caprimulgiformes,127,2715789.43,7.87,3
Hydrochous gigas,Apodidae,Caprimulgiformes,35.8,97277.3,1.43,1
Mearnsia novaeguineae,Apodidae,Caprimulgiformes,32.6,480409.55,-5.85,1
Mearnsia picina,Apodidae,Caprimulgiformes,42.5,112656.13,8.44,1
Neafrapus boehmi,Apodidae,Caprimulgiformes,14.42,1674288.3,-11.94,2
Neafrapus cassini,Apodidae,Caprimulgiformes,39.97,2065483.42,1.74,2
Panyptila cayennensis,Apodidae,Caprimulgiformes,21.1,8548025.44,-2.79,1
Panyptila sanctihieronymi,Apodidae,Caprimulgiformes,48.1,366914.5,17.25,1
Rhaphidura leucopygialis,Apodidae,Caprimulgiformes,13.6,1203937.95,-0.2,1
Rhaphidura sabini,Apodidae,Caprimulgiformes,16,1774423.81,2.57,1
Schoutedenapus myoptilus,Apodidae,Caprimulgiformes,23.5,384804.79,-1.69,2
Streptoprocne biscutata,Apodidae,Caprimulgiformes,95.81,1314750.58,-19.94,2
Streptoprocne phelpsi,Apodidae,Caprimulgiformes,21.8,255999.37,3.62,2
Streptoprocne rutila,Apodidae,Caprimulgiformes,20.2,1392664.2,7.17,2
Streptoprocne semicollaris,Apodidae,Caprimulgiformes,175,324675.19,21.39,2
Streptoprocne zonaris,Apodidae,Caprimulgiformes,86.79,8315095.89,-7.35,2
Tachornis furcata,Apodidae,Caprimulgiformes,6.5,32700.66,9.32,1
Tachornis phoenicobia,Apodidae,Caprimulgiformes,10.2,194217.83,20.39,1
Tachornis squamata,Apodidae,Caprimulgiformes,10.97,9486321.14,-5.42,1
Tachymarptis aequatorialis,Apodidae,Caprimulgiformes,92.8,1399846.87,-5.59,2
Tachymarptis melba,Apodidae,Caprimulgiformes,100.38,7307949.41,21.34,3
Telacanthura melanopygia,Apodidae,Caprimulgiformes,52,586085.53,3.95,1
Telacanthura ussheri,Apodidae,Caprimulgiformes,32.61,5188546,-0.67,1
Zoonavena grandidieri,Apodidae,Caprimulgiformes,8,592268.37,-19.37,1
Zoonavena sylvatica,Apodidae,Caprimulgiformes,16,735766.35,22.96,1
Zoonavena thomensis,Apodidae,Caprimulgiformes,8,1008.51,0.45,1
Antrostomus arizonae,Caprimulgidae,Caprimulgiformes,53.3,1013761.04,25.3,3
Antrostomus badius,Caprimulgidae,Caprimulgiformes,59.8,110731.66,19.98,1
Antrostomus carolinensis,Caprimulgidae,Caprimulgiformes,109,1808676.44,33.91,3
Antrostomus cubanensis,Caprimulgidae,Caprimulgiformes,63.5,109234.54,21.61,1
Antrostomus ekmani,Caprimulgidae,Caprimulgiformes,64,14481.86,18.76,1
Antrostomus noctitherus,Caprimulgidae,Caprimulgiformes,36.1,291.94,18.03,1
Antrostomus ridgwayi,Caprimulgidae,Caprimulgiformes,48,631238.26,22.92,1
Antrostomus rufus,Caprimulgidae,Caprimulgiformes,94.2,5391690.94,-14.51,1
Antrostomus salvini,Caprimulgidae,Caprimulgiformes,56,115696.33,23.56,1
Antrostomus saturatus,Caprimulgidae,Caprimulgiformes,52,5381.48,9.5,1
Antrostomus sericocaudatus,Caprimulgidae,Caprimulgiformes,83,1167113.56,-18.7,1
Antrostomus vociferus,Caprimulgidae,Caprimulgiformes,53.3,3403564.97,42.29,3
Caprimulgus aegyptius,Caprimulgidae,Caprimulgiformes,77.3,2808450.27,36.18,3
Caprimulgus affinis,Caprimulgidae,Caprimulgiformes,58.7,4956065.32,17.18,2
Caprimulgus andamanicus,Caprimulgidae,Caprimulgiformes,66.2,6735.83,11.2,1
Caprimulgus asiaticus,Caprimulgidae,Caprimulgiformes,42,4043903.95,20.73,1
Caprimulgus atripennis,Caprimulgidae,Caprimulgiformes,61,487705.09,14.86,1
Caprimulgus batesi,Caprimulgidae,Caprimulgiformes,100,1859436.15,-0.81,1
Caprimulgus celebensis,Caprimulgidae,Caprimulgiformes,57.51,26078.5,-0.29,1
Caprimulgus centralasicus,Caprimulgidae,Caprimulgiformes,57.51,NA,NA,NA
Caprimulgus clarus,Caprimulgidae,Caprimulgiformes,42.5,1225629.63,3.35,1
Caprimulgus climacurus,Caprimulgidae,Caprimulgiformes,45.8,7239636.45,10.09,1
Caprimulgus concretus,Caprimulgidae,Caprimulgiformes,57.51,976183.03,0.2,1
Caprimulgus donaldsoni,Caprimulgidae,Caprimulgiformes,29,751577.81,2.58,1
Caprimulgus europaeus,Caprimulgidae,Caprimulgiformes,67,19002486.05,47.43,3
Caprimulgus eximius,Caprimulgidae,Caprimulgiformes,66.29,1981466.64,14.6,2
Caprimulgus fossii,Caprimulgidae,Caprimulgiformes,58.29,5155775.73,-12.6,1
Caprimulgus fraenatus,Caprimulgidae,Caprimulgiformes,59.73,543293.67,1.3,1
Caprimulgus indicus,Caprimulgidae,Caprimulgiformes,91.59,1651666.55,21.11,1
Caprimulgus inornatus,Caprimulgidae,Caprimulgiformes,50.26,3310936.5,13.11,1
Caprimulgus jotaka,Caprimulgidae,Caprimulgiformes,91.59,7938346.12,37.35,1
Caprimulgus longipennis,Caprimulgidae,Caprimulgiformes,48,3883244.3,8.37,2
Caprimulgus macrurus,Caprimulgidae,Caprimulgiformes,66.2,5755294.28,7.52,1
Caprimulgus madagascariensis,Caprimulgidae,Caprimulgiformes,41.1,591293.27,-19.38,1
Caprimulgus mahrattensis,Caprimulgidae,Caprimulgiformes,57,1082828.68,28.83,1
Caprimulgus manillensis,Caprimulgidae,Caprimulgiformes,70.3,269038.47,11.85,1
Caprimulgus meesi,Caprimulgidae,Caprimulgiformes,66.2,29495.98,-8.98,NA
Caprimulgus natalensis,Caprimulgidae,Caprimulgiformes,77.7,2207800.39,-5.81,1
Caprimulgus nubicus,Caprimulgidae,Caprimulgiformes,49.3,654647.83,6.64,2
Caprimulgus pectoralis,Caprimulgidae,Caprimulgiformes,51.43,5725005.93,-11.86,2
Caprimulgus phalaena,Caprimulgidae,Caprimulgiformes,91.59,374.96,7.5,1
Caprimulgus poliocephalus,Caprimulgidae,Caprimulgiformes,41.8,807034.95,4.98,2
Caprimulgus prigoginei,Caprimulgidae,Caprimulgiformes,57.51,2164.65,-3.58,1
Caprimulgus pulchellus,Caprimulgidae,Caprimulgiformes,57.51,28657.44,-4.66,1
Caprimulgus ruficollis,Caprimulgidae,Caprimulgiformes,68.5,791038.8,36.13,3
Caprimulgus rufigena,Caprimulgidae,Caprimulgiformes,51.96,3068121.47,-21.87,3
Caprimulgus solala,Caprimulgidae,Caprimulgiformes,79,200.04,5.96,NA
Caprimulgus stellatus,Caprimulgidae,Caprimulgiformes,58.2,123669.26,5.56,1
Caprimulgus tristigma,Caprimulgidae,Caprimulgiformes,79,4557630.15,-7.06,1
Caprimulgus vexillarius,Caprimulgidae,Caprimulgiformes,72.24,3406683.13,-12.63,2
Chordeiles acutipennis,Caprimulgidae,Caprimulgiformes,48.42,10568175.91,3.21,2
Chordeiles gundlachii,Caprimulgidae,Caprimulgiformes,50,223517.09,20.54,3
Chordeiles minor,Caprimulgidae,Caprimulgiformes,79.3,13037233.58,45.23,3
Chordeiles nacunda,Caprimulgidae,Caprimulgiformes,159,12270759.1,-9.61,1
Chordeiles pusillus,Caprimulgidae,Caprimulgiformes,30.6,3938258.52,-9.13,2
Chordeiles rupestris,Caprimulgidae,Caprimulgiformes,52.3,1639560.09,-3.2,2
Eleothreptus anomalus,Caprimulgidae,Caprimulgiformes,43.7,2166801.06,-25.06,1
Eleothreptus candicans,Caprimulgidae,Caprimulgiformes,49.3,6633.39,-18.41,1
Eurostopodus archboldi,Caprimulgidae,Caprimulgiformes,77,74591.66,-5.21,1
Eurostopodus argus,Caprimulgidae,Caprimulgiformes,93.39,7005397.64,-25.19,1
Eurostopodus diabolicus,Caprimulgidae,Caprimulgiformes,104.38,2929.59,-0.95,1
Eurostopodus exul,Caprimulgidae,Caprimulgiformes,77,NA,NA,1
Eurostopodus mystacalis,Caprimulgidae,Caprimulgiformes,134.52,989476.88,-27.2,1
Eurostopodus nigripennis,Caprimulgidae,Caprimulgiformes,134.52,24043.14,-7.7,1
Eurostopodus papuensis,Caprimulgidae,Caprimulgiformes,80.49,502860.66,-5.13,1
Gactornis enarratus,Caprimulgidae,Caprimulgiformes,52.8,226375.93,-18.45,1
Hydropsalis cayennensis,Caprimulgidae,Caprimulgiformes,35.5,1530293.86,6.88,2
Hydropsalis climacocerca,Caprimulgidae,Caprimulgiformes,46,5856089.27,-4.55,1
Hydropsalis maculicaudus,Caprimulgidae,Caprimulgiformes,30.3,3375852.78,-11.2,1
Hydropsalis torquata,Caprimulgidae,Caprimulgiformes,58.5,7882112.57,-18.46,2
Lurocalis rufiventris,Caprimulgidae,Caprimulgiformes,128.5,307432.65,-4.58,1
Lurocalis semitorquatus,Caprimulgidae,Caprimulgiformes,75.9,8957931.23,-6.94,1
Lyncornis macrotis,Caprimulgidae,Caprimulgiformes,140.64,1646031.46,16.45,1
Lyncornis temminckii,Caprimulgidae,Caprimulgiformes,95.89,1296744.78,0.79,1
Macropsalis forcipata,Caprimulgidae,Caprimulgiformes,139,517277.53,-24.69,2
Nyctidromus albicollis,Caprimulgidae,Caprimulgiformes,57.84,13748689.24,-5.71,1
Nyctidromus anthonyi,Caprimulgidae,Caprimulgiformes,35.89,57328.24,-3.67,2
Nyctiphrynus mcleodii,Caprimulgidae,Caprimulgiformes,35,188114.4,23.15,1
Nyctiphrynus ocellatus,Caprimulgidae,Caprimulgiformes,39.6,3398673.41,-12.91,1
Nyctiphrynus rosenbergi,Caprimulgidae,Caprimulgiformes,52,57920.21,3.62,1
Nyctiphrynus yucatanicus,Caprimulgidae,Caprimulgiformes,24.5,145737.26,19.19,1
Nyctipolus hirundinaceus,Caprimulgidae,Caprimulgiformes,32,677679,-9.77,1
Nyctipolus nigrescens,Caprimulgidae,Caprimulgiformes,35.7,4123782.88,-2.15,1
Nyctiprogne leucopyga,Caprimulgidae,Caprimulgiformes,27.3,5244008.15,-4.54,1
Nyctiprogne vielliardi,Caprimulgidae,Caprimulgiformes,41,23178.01,-12.21,1
Phalaenoptilus nuttallii,Caprimulgidae,Caprimulgiformes,48.33,4384334.96,37.31,2
Setopagis heterura,Caprimulgidae,Caprimulgiformes,37,303524.41,8.19,1
Setopagis maculosa,Caprimulgidae,Caprimulgiformes,47,NA,NA,NA
Setopagis parvula,Caprimulgidae,Caprimulgiformes,37,6789301.91,-17.78,2
Setopagis whitelyi,Caprimulgidae,Caprimulgiformes,47,45695.27,4.76,2
Siphonorhis americana,Caprimulgidae,Caprimulgiformes,37,NA,NA,2
Siphonorhis brewsteri,Caprimulgidae,Caprimulgiformes,37,18693.16,19.01,2
Systellura decussata,Caprimulgidae,Caprimulgiformes,45.6,200883.11,-15.22,1
Systellura longirostris,Caprimulgidae,Caprimulgiformes,45.6,4156452.17,-30.98,1
Systellura roraimae,Caprimulgidae,Caprimulgiformes,45.6,220678.27,4.57,1
Uropsalis lyra,Caprimulgidae,Caprimulgiformes,71.2,231615.96,-5.9,1
Uropsalis segmentata,Caprimulgidae,Caprimulgiformes,42.9,221680.8,-6.19,1
Veles binotatus,Caprimulgidae,Caprimulgiformes,63,701719.54,2.71,2
Hemiprocne comata,Hemiprocnidae,Caprimulgiformes,20.63,1482225.39,2.8,1
Hemiprocne coronata,Hemiprocnidae,Caprimulgiformes,29,3347103.26,20.18,1
Hemiprocne longipennis,Hemiprocnidae,Caprimulgiformes,42.8,1465704.57,0.16,1
Hemiprocne mystacea,Hemiprocnidae,Caprimulgiformes,70.1,805813.24,-5.22,1
Nyctibius aethereus,Nyctibiidae,Caprimulgiformes,440.45,4975131.52,-6.53,1
Nyctibius grandis,Nyctibiidae,Caprimulgiformes,547,8477906.13,-3.9,1
Nyctibius griseus,Nyctibiidae,Caprimulgiformes,172.04,13806169.86,-9.17,1
Nyctibius jamaicensis,Nyctibiidae,Caprimulgiformes,266.04,782201.43,18.02,1
Nyctibius leucopterus,Nyctibiidae,Caprimulgiformes,86.4,2909112.33,-3.47,1
Nyctibius maculosus,Nyctibiidae,Caprimulgiformes,170.29,117205.57,-4.51,1
Phyllaemulor bracteatus,Nyctibiidae,Caprimulgiformes,51.65,4459531.71,-2.3,1
Batrachostomus auritus,Podargidae,Caprimulgiformes,206,565685.32,1,1
Batrachostomus cornutus,Podargidae,Caprimulgiformes,46.3,860066.39,0.61,1
Batrachostomus harterti,Podargidae,Caprimulgiformes,206,27500.68,1.74,1
Batrachostomus hodgsoni,Podargidae,Caprimulgiformes,51,119417.56,22.21,1
Batrachostomus javensis,Podargidae,Caprimulgiformes,46.34,1413593.97,4.74,1
Batrachostomus mixtus,Podargidae,Caprimulgiformes,46.3,86540.35,2.79,1
Batrachostomus moniliger,Podargidae,Caprimulgiformes,52.37,109433.83,10.17,1
Batrachostomus poliolophus,Podargidae,Caprimulgiformes,46.3,93412.75,1.28,1
Batrachostomus septimus,Podargidae,Caprimulgiformes,86.75,251854.35,11.84,1
Batrachostomus stellatus,Podargidae,Caprimulgiformes,51.34,738170.25,0.7,1
Podargus ocellatus,Podargidae,Caprimulgiformes,175.37,761242.93,-6.71,1
Podargus papuensis,Podargidae,Caprimulgiformes,375.73,958302.87,-7.05,1
Podargus strigoides,Podargidae,Caprimulgiformes,308.03,7674636.86,-25.73,1
Rigidipenna inexpectata,Podargidae,Caprimulgiformes,175.37,16697.99,-6.8,1
Steatornis caripensis,Steatornithidae,Caprimulgiformes,408,1057217.82,0.87,1
Abeillia abeillei,Trochilidae,Caprimulgiformes,2.7,144610.4,15.29,1
Adelomyia melanogenys,Trochilidae,Caprimulgiformes,4.93,620219.31,-4.42,1
Aglaeactis aliciae,Trochilidae,Caprimulgiformes,7,182.72,-7.74,1
Aglaeactis castelnaudii,Trochilidae,Caprimulgiformes,6.7,23294.94,-12.27,1
Aglaeactis cupripennis,Trochilidae,Caprimulgiformes,7.6,224852.99,-4.08,1
Aglaeactis pamela,Trochilidae,Caprimulgiformes,5.5,16558.41,-16.88,1
Aglaiocercus berlepschi,Trochilidae,Caprimulgiformes,4.97,4153.76,10.22,1
Aglaiocercus coelestis,Trochilidae,Caprimulgiformes,5.61,28060.09,1.6,1
Aglaiocercus kingii,Trochilidae,Caprimulgiformes,4.84,267748.93,-2.03,1
Amazilia alfaroana,Trochilidae,Caprimulgiformes,5,80.92,10.73,1
Amazilia amabilis,Trochilidae,Caprimulgiformes,4.3,298612.12,6.51,1
Amazilia amazilia,Trochilidae,Caprimulgiformes,4.3,169380.82,-6.41,1
Amazilia bartletti,Trochilidae,Caprimulgiformes,4.6,1032986.12,-11,1
Amazilia beryllina,Trochilidae,Caprimulgiformes,4.5,607143.11,19.81,1
Amazilia boucardi,Trochilidae,Caprimulgiformes,4.5,1301.76,9.5,1
Amazilia brevirostris,Trochilidae,Caprimulgiformes,4.3,584285.4,6.43,1
Amazilia candida,Trochilidae,Caprimulgiformes,3.8,429525.06,17.27,1
Amazilia castaneiventris,Trochilidae,Caprimulgiformes,5,4916.59,6.79,1
Amazilia chionogaster,Trochilidae,Caprimulgiformes,5.04,488801.52,-16.28,1
Amazilia chrysura,Trochilidae,Caprimulgiformes,4.5,3128401.38,-23.13,1
Amazilia coeruleogularis,Trochilidae,Caprimulgiformes,4.2,88891.44,8.78,1
Amazilia cupreicauda,Trochilidae,Caprimulgiformes,3.74,235892.11,4.73,1
Amazilia cyanifrons,Trochilidae,Caprimulgiformes,5,54825.57,3.96,1
Amazilia cyanocephala,Trochilidae,Caprimulgiformes,5.1,304040.65,16.4,1
Amazilia cyanura,Trochilidae,Caprimulgiformes,3.9,75350.44,13.13,1
Amazilia cyanus,Trochilidae,Caprimulgiformes,3.3,7031990.78,-5.71,1
Amazilia decora,Trochilidae,Caprimulgiformes,4.7,13144.24,8.9,1
Amazilia edward,Trochilidae,Caprimulgiformes,4.7,42606.22,8.44,1
Amazilia eliciae,Trochilidae,Caprimulgiformes,3.6,306966.67,13.09,1
Amazilia fimbriata,Trochilidae,Caprimulgiformes,4.9,10740118.89,-6.78,1
Amazilia franciae,Trochilidae,Caprimulgiformes,5,247257.85,-0.39,1
Amazilia goudoti,Trochilidae,Caprimulgiformes,4,299961.56,8.43,1
Amazilia grayi,Trochilidae,Caprimulgiformes,5.6,39557.97,2.51,1
Amazilia humboldtii,Trochilidae,Caprimulgiformes,5.6,21280.25,3.97,1
Amazilia julie,Trochilidae,Caprimulgiformes,3.3,289656.61,6.13,1
Amazilia lactea,Trochilidae,Caprimulgiformes,4.6,1652691.14,-16.73,1
Amazilia leucogaster,Trochilidae,Caprimulgiformes,4.7,322459.95,-0.39,1
Amazilia lilliae,Trochilidae,Caprimulgiformes,4.3,2413.9,10.23,1
Amazilia luciae,Trochilidae,Caprimulgiformes,4.5,399.27,15.19,1
Amazilia oenone,Trochilidae,Caprimulgiformes,5.04,1336265.93,-4.42,1
Amazilia rosenbergi,Trochilidae,Caprimulgiformes,3.7,67269.18,3.74,1
Amazilia rutila,Trochilidae,Caprimulgiformes,5.24,397592.64,17.18,1
Amazilia sapphirina,Trochilidae,Caprimulgiformes,4.4,3920507.06,-4.83,1
Amazilia saucerottei,Trochilidae,Caprimulgiformes,4.5,245059.3,8.68,1
Amazilia tobaci,Trochilidae,Caprimulgiformes,4.7,434771.48,8.15,1
Amazilia tzacatl,Trochilidae,Caprimulgiformes,4.79,1019992.01,10.7,1
Amazilia versicolor,Trochilidae,Caprimulgiformes,4.1,5113618.06,-10.93,1
Amazilia violiceps,Trochilidae,Caprimulgiformes,5.1,555825.08,23.83,1
Amazilia viridicauda,Trochilidae,Caprimulgiformes,6.1,28878.13,-11.93,1
Amazilia viridifrons,Trochilidae,Caprimulgiformes,6.3,76070.82,16.65,1
Amazilia viridigaster,Trochilidae,Caprimulgiformes,3.74,42935.58,6.24,1
Amazilia wagneri,Trochilidae,Caprimulgiformes,6.3,16762.3,16.29,1
Amazilia yucatanensis,Trochilidae,Caprimulgiformes,3.89,395059.16,20.35,1
Androdon aequatorialis,Trochilidae,Caprimulgiformes,7.3,113195.04,4.5,1
Anopetia gounellei,Trochilidae,Caprimulgiformes,3.2,534925.91,-9.64,1
Anthocephala berlepschi,Trochilidae,Caprimulgiformes,3.9,8294.48,3.4,1
Anthocephala floriceps,Trochilidae,Caprimulgiformes,3.9,3065.92,10.96,1
Anthracothorax aurulentus,Trochilidae,Caprimulgiformes,5.77,9556.78,18.22,1
Anthracothorax dominicus,Trochilidae,Caprimulgiformes,5.77,75252.82,18.91,1
Anthracothorax mango,Trochilidae,Caprimulgiformes,8.3,11021.79,18.16,1
Anthracothorax nigricollis,Trochilidae,Caprimulgiformes,7,9808667.81,-9.16,1
Anthracothorax prevostii,Trochilidae,Caprimulgiformes,6.4,774072.96,15.65,1
Anthracothorax veraguensis,Trochilidae,Caprimulgiformes,7,30443.51,8.26,1
Anthracothorax viridigula,Trochilidae,Caprimulgiformes,7.5,591465.01,1.63,1
Anthracothorax viridis,Trochilidae,Caprimulgiformes,6.6,8774.42,18.23,1
Aphantochroa cirrochloris,Trochilidae,Caprimulgiformes,7.7,1438300.99,-18.02,1
Archilochus alexandri,Trochilidae,Caprimulgiformes,3.39,2369566.67,36.81,3
Archilochus colubris,Trochilidae,Caprimulgiformes,3.09,4936988.47,41.87,3
Atthis ellioti,Trochilidae,Caprimulgiformes,2.9,94985.18,15.2,1
Atthis heloisa,Trochilidae,Caprimulgiformes,2.2,247558.03,20.61,2
Augastes lumachella,Trochilidae,Caprimulgiformes,4,20933.87,-12.35,1
Augastes scutatus,Trochilidae,Caprimulgiformes,3,28653.28,-17.85,1
Avocettula recurvirostris,Trochilidae,Caprimulgiformes,4.2,2531616.04,-2.08,1
Basilinna leucotis,Trochilidae,Caprimulgiformes,3.39,556989.38,21.63,1
Basilinna xantusii,Trochilidae,Caprimulgiformes,3.4,41923.51,25.35,1
Boissonneaua flavescens,Trochilidae,Caprimulgiformes,8.2,128710.18,4.62,1
Boissonneaua jardini,Trochilidae,Caprimulgiformes,9.1,30988.1,2.9,1
Boissonneaua matthewsii,Trochilidae,Caprimulgiformes,7.7,127445.48,-7.46,1
Calliphlox amethystina,Trochilidae,Caprimulgiformes,2.8,7988128.33,-9.78,1
Calliphlox bryantae,Trochilidae,Caprimulgiformes,3.3,9185.28,9.46,1
Calliphlox mitchellii,Trochilidae,Caprimulgiformes,3.1,59801.22,3,1
Calothorax lucifer,Trochilidae,Caprimulgiformes,3.3,338277.72,25.07,1
Calothorax pulcher,Trochilidae,Caprimulgiformes,2.7,52857.18,17.53,1
Calypte anna,Trochilidae,Caprimulgiformes,4.24,493015.73,37.61,2
Calypte costae,Trochilidae,Caprimulgiformes,3.09,563636,31.8,3
Campylopterus curvipennis,Trochilidae,Caprimulgiformes,6,286183.47,18.7,1
Campylopterus cuvierii,Trochilidae,Caprimulgiformes,8.9,238479.54,12.57,1
Campylopterus duidae,Trochilidae,Caprimulgiformes,6.05,102776.86,3.91,1
Campylopterus ensipennis,Trochilidae,Caprimulgiformes,9.6,2404.28,10.26,1
Campylopterus falcatus,Trochilidae,Caprimulgiformes,7.2,88173.02,7.15,1
Campylopterus hemileucurus,Trochilidae,Caprimulgiformes,9.72,314208.02,15.32,1
Campylopterus hyperythrus,Trochilidae,Caprimulgiformes,6.4,40875.45,5.28,1
Campylopterus largipennis,Trochilidae,Caprimulgiformes,8.3,7144478.94,-5.18,1
Campylopterus phainopeplus,Trochilidae,Caprimulgiformes,7.65,1550.98,10.82,1
Campylopterus rufus,Trochilidae,Caprimulgiformes,7.1,31219.99,14.6,1
Campylopterus villaviscensio,Trochilidae,Caprimulgiformes,7.38,36504.59,-2.2,1
Chaetocercus astreans,Trochilidae,Caprimulgiformes,2,6505.06,10.77,1
Chaetocercus berlepschi,Trochilidae,Caprimulgiformes,2,4383.38,-1.09,1
Chaetocercus bombus,Trochilidae,Caprimulgiformes,6.5,174135.57,-2.45,1
Chaetocercus heliodor,Trochilidae,Caprimulgiformes,2,113213.81,4.93,1
Chaetocercus jourdanii,Trochilidae,Caprimulgiformes,3.26,46450.27,9.49,1
Chaetocercus mulsant,Trochilidae,Caprimulgiformes,3.9,263636.46,-5.78,1
Chalcostigma herrani,Trochilidae,Caprimulgiformes,5.8,75956.84,-0.19,1
Chalcostigma heteropogon,Trochilidae,Caprimulgiformes,6.1,29042.28,6.2,1
Chalcostigma olivaceum,Trochilidae,Caprimulgiformes,8.2,65218.73,-13.3,1
Chalcostigma ruficeps,Trochilidae,Caprimulgiformes,3.4,123503.39,-11.97,1
Chalcostigma stanleyi,Trochilidae,Caprimulgiformes,5.8,120440.27,-10.13,1
Chalybura buffonii,Trochilidae,Caprimulgiformes,6.79,503108.33,8.2,1
Chalybura urochrysia,Trochilidae,Caprimulgiformes,6.38,208991.28,8.1,1
Chlorostilbon assimilis,Trochilidae,Caprimulgiformes,2.61,49348.26,8.44,1
Chlorostilbon auriceps,Trochilidae,Caprimulgiformes,2.61,206600.43,19.6,1
Chlorostilbon canivetii,Trochilidae,Caprimulgiformes,2.61,577326.32,16.98,1
Chlorostilbon forficatus,Trochilidae,Caprimulgiformes,2.61,488.3,20.44,1
Chlorostilbon gibsoni,Trochilidae,Caprimulgiformes,2.61,309533.13,8.72,2
Chlorostilbon lucidus,Trochilidae,Caprimulgiformes,3.5,5788276.16,-19.91,2
Chlorostilbon maugaeus,Trochilidae,Caprimulgiformes,3.1,8774.42,18.23,1
Chlorostilbon mellisugus,Trochilidae,Caprimulgiformes,2.61,4103961.43,-2.51,2
Chlorostilbon notatus,Trochilidae,Caprimulgiformes,4.2,4700543.44,-1.6,1
Chlorostilbon olivaresi,Trochilidae,Caprimulgiformes,3.69,6529.26,0.06,1
Chlorostilbon poortmani,Trochilidae,Caprimulgiformes,3.3,153382.66,7.22,2
Chlorostilbon ricordii,Trochilidae,Caprimulgiformes,3.2,119014.47,21.85,1
Chlorostilbon russatus,Trochilidae,Caprimulgiformes,3.4,27765.98,10.62,1
Chlorostilbon stenurus,Trochilidae,Caprimulgiformes,3.4,81621.81,9.4,1
Chlorostilbon swainsonii,Trochilidae,Caprimulgiformes,4.3,74117.21,18.91,1
Chrysolampis mosquitus,Trochilidae,Caprimulgiformes,3.9,7397775.67,-6.06,3
Clytolaema rubricauda,Trochilidae,Caprimulgiformes,7.9,352748.43,-22.16,1
Coeligena albicaudata,Trochilidae,Caprimulgiformes,7.39,47030,-13.11,1
Coeligena bonapartei,Trochilidae,Caprimulgiformes,6.49,16101.23,5.62,1
Coeligena coeligena,Trochilidae,Caprimulgiformes,6.8,384714.87,-2.05,1
Coeligena conradii,Trochilidae,Caprimulgiformes,6.72,23457.99,8.31,1
Coeligena consita,Trochilidae,Caprimulgiformes,6.49,4459.1,10.38,1
Coeligena dichroura,Trochilidae,Caprimulgiformes,7.39,65679.34,-8.88,1
Coeligena eisenmanni,Trochilidae,Caprimulgiformes,6.72,10746.43,-12.19,1
Coeligena eos,Trochilidae,Caprimulgiformes,6.49,14077.69,8.66,1
Coeligena helianthea,Trochilidae,Caprimulgiformes,6.64,42112.58,6.61,1
Coeligena inca,Trochilidae,Caprimulgiformes,6.72,72818.02,-15.19,1
Coeligena iris,Trochilidae,Caprimulgiformes,6.9,80713.59,-5.99,1
Coeligena lutetiae,Trochilidae,Caprimulgiformes,7.29,63339.37,0.2,1
Coeligena orina,Trochilidae,Caprimulgiformes,6.49,1794.64,5.83,1
Coeligena osculans,Trochilidae,Caprimulgiformes,7.39,36300.96,-13.77,1
Coeligena phalerata,Trochilidae,Caprimulgiformes,6.1,4729.41,10.77,1
Coeligena prunellei,Trochilidae,Caprimulgiformes,6.98,6382.86,5.76,1
Coeligena torquata,Trochilidae,Caprimulgiformes,6.72,302874.56,-0.77,1
Coeligena violifer,Trochilidae,Caprimulgiformes,7.39,43536.52,-16.72,1
Coeligena wilsoni,Trochilidae,Caprimulgiformes,6.7,34158.96,0.96,1
Colibri coruscans,Trochilidae,Caprimulgiformes,6.7,920400.1,-8.85,1
Colibri delphinae,Trochilidae,Caprimulgiformes,6.4,1200069.73,3.19,1
Colibri serrirostris,Trochilidae,Caprimulgiformes,6.7,2370635.54,-18.19,1
Colibri thalassinus,Trochilidae,Caprimulgiformes,5.9,788433.25,6.27,1
Cyanophaia bicolor,Trochilidae,Caprimulgiformes,4.5,1906.02,14.96,1
Cynanthus doubledayi,Trochilidae,Caprimulgiformes,3.1,40812.83,16.62,1
Cynanthus latirostris,Trochilidae,Caprimulgiformes,3.1,742897.85,23.96,1
Cynanthus lawrencei,Trochilidae,Caprimulgiformes,3.1,415.34,21.54,1
Cynanthus sordidus,Trochilidae,Caprimulgiformes,4,96193.75,17.61,1
Discosura conversii,Trochilidae,Caprimulgiformes,3,132865.47,3.73,1
Discosura langsdorffi,Trochilidae,Caprimulgiformes,2.8,1980012.6,-5.91,1
Discosura letitiae,Trochilidae,Caprimulgiformes,2.83,NA,NA,1
Discosura longicaudus,Trochilidae,Caprimulgiformes,3.4,2150114.71,0,1
Discosura popelairii,Trochilidae,Caprimulgiformes,2.5,164969.5,-5.47,1
Doricha eliza,Trochilidae,Caprimulgiformes,2.5,2908.29,20.9,1
Doricha enicura,Trochilidae,Caprimulgiformes,2.4,78586.85,15.28,1
Doryfera johannae,Trochilidae,Caprimulgiformes,4.81,459646.35,1.49,1
Doryfera ludovicae,Trochilidae,Caprimulgiformes,6,387149.16,-2.45,1
Elvira chionura,Trochilidae,Caprimulgiformes,3,9597.91,8.92,1
Elvira cupreiceps,Trochilidae,Caprimulgiformes,3,5223.26,10.39,1
Ensifera ensifera,Trochilidae,Caprimulgiformes,11.2,398282.99,-4.89,1
Eriocnemis aline,Trochilidae,Caprimulgiformes,4.24,68344.27,-2.89,1
Eriocnemis cupreoventris,Trochilidae,Caprimulgiformes,5.3,49722.37,6.35,1
Eriocnemis derbyi,Trochilidae,Caprimulgiformes,5.5,24535.26,2.49,1
Eriocnemis glaucopoides,Trochilidae,Caprimulgiformes,3.7,57142.21,-21.13,1
Eriocnemis godini,Trochilidae,Caprimulgiformes,5.06,NA,NA,1
Eriocnemis isabellae,Trochilidae,Caprimulgiformes,4.5,44.21,2.26,1
Eriocnemis luciani,Trochilidae,Caprimulgiformes,6,37958.04,-0.78,1
Eriocnemis mirabilis,Trochilidae,Caprimulgiformes,5.06,33.95,2.33,1
Eriocnemis mosquera,Trochilidae,Caprimulgiformes,5.3,34835.78,1.01,1
Eriocnemis nigrivestis,Trochilidae,Caprimulgiformes,8.5,77.93,0.1,1
Eriocnemis sapphiropygia,Trochilidae,Caprimulgiformes,7,44638.55,-11.64,1
Eriocnemis vestita,Trochilidae,Caprimulgiformes,4.54,97851.28,1.26,1
Eugenes fulgens,Trochilidae,Caprimulgiformes,8,854518.72,22.91,2
Eulampis holosericeus,Trochilidae,Caprimulgiformes,5.7,8331.82,15.89,1
Eulampis jugularis,Trochilidae,Caprimulgiformes,8.85,5225.96,15.42,1
Eulidia yarrellii,Trochilidae,Caprimulgiformes,2.5,2154.61,-18.43,1
Eupetomena macroura,Trochilidae,Caprimulgiformes,9,4594117.6,-14.64,1
Eupherusa cyanophrys,Trochilidae,Caprimulgiformes,4.8,4063.86,16.15,1
Eupherusa eximia,Trochilidae,Caprimulgiformes,4.3,174512.43,14.76,1
Eupherusa nigriventris,Trochilidae,Caprimulgiformes,3.5,14338.29,9.32,1
Eupherusa poliocerca,Trochilidae,Caprimulgiformes,4.8,3963.35,17.39,1
Eutoxeres aquila,Trochilidae,Caprimulgiformes,10.6,306610.24,1.91,1
Eutoxeres condamini,Trochilidae,Caprimulgiformes,10.79,368098.4,-7.72,1
Florisuga fusca,Trochilidae,Caprimulgiformes,8,669732.96,-24.25,1
Florisuga mellivora,Trochilidae,Caprimulgiformes,7.4,8105538.69,-2,1
Glaucis aeneus,Trochilidae,Caprimulgiformes,4.8,170965,8.77,1
Glaucis dohrnii,Trochilidae,Caprimulgiformes,5.8,978.16,-16.91,1
Glaucis hirsutus,Trochilidae,Caprimulgiformes,6.76,7820159.95,-4.08,1
Goethalsia bella,Trochilidae,Caprimulgiformes,3.4,1893.25,7.76,1
Goldmania violiceps,Trochilidae,Caprimulgiformes,4.1,2852.72,8.68,1
Haplophaedia assimilis,Trochilidae,Caprimulgiformes,4.8,59077.29,-11.64,1
Haplophaedia aureliae,Trochilidae,Caprimulgiformes,5.2,77848.33,2.42,1
Haplophaedia lugens,Trochilidae,Caprimulgiformes,6.9,4915.22,0.59,1
Heliactin bilophus,Trochilidae,Caprimulgiformes,4.4,3879596.58,-13.55,1
Heliangelus amethysticollis,Trochilidae,Caprimulgiformes,5.04,145627.84,-11.52,1
Heliangelus clarisse,Trochilidae,Caprimulgiformes,5.04,49302.27,6.3,1
Heliangelus exortis,Trochilidae,Caprimulgiformes,4.59,64064.87,3.29,1
Heliangelus mavors,Trochilidae,Caprimulgiformes,4.2,38610.25,7.28,1
Heliangelus micraster,Trochilidae,Caprimulgiformes,3.9,17855.93,-4.61,1
Heliangelus regalis,Trochilidae,Caprimulgiformes,3.6,3514.44,-5.61,1
Heliangelus spencei,Trochilidae,Caprimulgiformes,5.04,5774.85,8.56,1
Heliangelus strophianus,Trochilidae,Caprimulgiformes,5.5,9555.21,-0.72,1
Heliangelus viola,Trochilidae,Caprimulgiformes,5.4,35976.8,-4.8,1
Heliodoxa aurescens,Trochilidae,Caprimulgiformes,6.4,3600288.83,-5.02,1
Heliodoxa branickii,Trochilidae,Caprimulgiformes,5.2,126780.84,-10.98,1
Heliodoxa gularis,Trochilidae,Caprimulgiformes,6.3,22626.05,0.05,1
Heliodoxa imperatrix,Trochilidae,Caprimulgiformes,8.8,22063.19,2.5,1
Heliodoxa jacula,Trochilidae,Caprimulgiformes,8.09,63656.63,3.67,1
Heliodoxa leadbeateri,Trochilidae,Caprimulgiformes,7.4,409940.21,-1.61,1
Heliodoxa rubinoides,Trochilidae,Caprimulgiformes,7.79,203573.74,-1.84,1
Heliodoxa schreibersii,Trochilidae,Caprimulgiformes,9.17,713038.86,-0.97,1
Heliodoxa whitelyana,Trochilidae,Caprimulgiformes,9.17,27170.75,-11.8,1
Heliodoxa xanthogonys,Trochilidae,Caprimulgiformes,6.99,222443.1,4.21,1
Heliomaster constantii,Trochilidae,Caprimulgiformes,7.3,554868.14,19.87,1
Heliomaster furcifer,Trochilidae,Caprimulgiformes,5.4,2967951.96,-23.13,1
Heliomaster longirostris,Trochilidae,Caprimulgiformes,6.6,8290213.63,-2.32,1
Heliomaster squamosus,Trochilidae,Caprimulgiformes,5.9,1519261.77,-15.69,1
Heliothryx auritus,Trochilidae,Caprimulgiformes,5.4,6893450.96,-4.6,1
Heliothryx barroti,Trochilidae,Caprimulgiformes,5.5,491040.04,9.57,1
Hylonympha macrocerca,Trochilidae,Caprimulgiformes,7.3,227.61,10.68,1
Klais guimeti,Trochilidae,Caprimulgiformes,2.6,471433.43,-0.91,1
Lafresnaya lafresnayi,Trochilidae,Caprimulgiformes,5.3,312941.28,-3.12,1
Lampornis amethystinus,Trochilidae,Caprimulgiformes,5.2,194597.57,17.74,1
Lampornis calolaemus,Trochilidae,Caprimulgiformes,5.08,10988.47,9.78,1
Lampornis castaneoventris,Trochilidae,Caprimulgiformes,5.08,1367.41,8.98,1
Lampornis cinereicauda,Trochilidae,Caprimulgiformes,5.08,6345.09,9.38,1
Lampornis clemenciae,Trochilidae,Caprimulgiformes,7.55,496876.69,24.24,1
Lampornis hemileucus,Trochilidae,Caprimulgiformes,5.5,9354.91,9.49,1
Lampornis sybillae,Trochilidae,Caprimulgiformes,6.3,45190.48,14.53,1
Lampornis viridipallens,Trochilidae,Caprimulgiformes,5.33,91755.51,15.35,1
Lamprolaima rhami,Trochilidae,Caprimulgiformes,7.8,138239.01,16.04,1
Lesbia nuna,Trochilidae,Caprimulgiformes,3.7,251932.1,-7.35,1
Lesbia victoriae,Trochilidae,Caprimulgiformes,5,197489.26,-6.52,1
Leucippus baeri,Trochilidae,Caprimulgiformes,4.5,38502.33,-4.98,1
Leucippus chlorocercus,Trochilidae,Caprimulgiformes,4.6,173795.89,-3.62,1
Leucippus fallax,Trochilidae,Caprimulgiformes,6,93947.05,10.85,1
Leucippus taczanowskii,Trochilidae,Caprimulgiformes,6.4,86686.52,-7.25,1
Leucochloris albicollis,Trochilidae,Caprimulgiformes,6.3,2176859.29,-25.32,1
Loddigesia mirabilis,Trochilidae,Caprimulgiformes,3,1772.9,-6.37,1
Lophornis adorabilis,Trochilidae,Caprimulgiformes,2.7,16798,9.13,1
Lophornis brachylophus,Trochilidae,Caprimulgiformes,2.7,53.27,17.34,1
Lophornis chalybeus,Trochilidae,Caprimulgiformes,3,182459.44,-22.78,1
Lophornis delattrei,Trochilidae,Caprimulgiformes,2.8,223133.32,-8.2,1
Lophornis gouldii,Trochilidae,Caprimulgiformes,2.4,1191137.77,-8.27,1
Lophornis helenae,Trochilidae,Caprimulgiformes,2.6,254041.65,15.5,1
Lophornis magnificus,Trochilidae,Caprimulgiformes,2.7,2557177.01,-18.39,1
Lophornis ornatus,Trochilidae,Caprimulgiformes,2.3,827835.42,4.4,1
Lophornis pavoninus,Trochilidae,Caprimulgiformes,3,205725.86,5.31,1
Lophornis stictolophus,Trochilidae,Caprimulgiformes,2.7,134544,3.43,1
Lophornis verreauxii,Trochilidae,Caprimulgiformes,3,2789479.74,-4.54,1
Mellisuga helenae,Trochilidae,Caprimulgiformes,2.2,108875.85,21.61,1
Mellisuga minima,Trochilidae,Caprimulgiformes,2.4,86168.43,18.81,1
Metallura aeneocauda,Trochilidae,Caprimulgiformes,5.2,49696.48,-14.91,1
Metallura baroni,Trochilidae,Caprimulgiformes,4.3,2725.47,-2.88,1
Metallura eupogon,Trochilidae,Caprimulgiformes,4.6,35465.53,-11.59,1
Metallura iracunda,Trochilidae,Caprimulgiformes,3.9,1650.98,10.19,1
Metallura odomae,Trochilidae,Caprimulgiformes,5.1,8418.36,-4.97,1
Metallura phoebe,Trochilidae,Caprimulgiformes,5.4,142044.52,-12.59,1
Metallura theresiae,Trochilidae,Caprimulgiformes,4.9,34923.52,-7.65,1
Metallura tyrianthina,Trochilidae,Caprimulgiformes,3.8,422575.2,-5.15,1
Metallura williami,Trochilidae,Caprimulgiformes,4.5,51630.48,0.04,1
Microchera albocoronata,Trochilidae,Caprimulgiformes,2.7,76810.96,12.4,1
Microstilbon burmeisteri,Trochilidae,Caprimulgiformes,2.5,109902.82,-21.72,2
Myrmia micrura,Trochilidae,Caprimulgiformes,2.3,72174.99,-4.72,1
Myrtis fanny,Trochilidae,Caprimulgiformes,2.3,256471.5,-10.15,1
Nesophlox evelynae,Trochilidae,Caprimulgiformes,2.4,12175.66,24.57,1
Nesophlox lyrura,Trochilidae,Caprimulgiformes,2.4,1679.19,21.11,1
Ocreatus underwoodii,Trochilidae,Caprimulgiformes,3,385599.41,-2.66,1
Opisthoprora euryptera,Trochilidae,Caprimulgiformes,6.2,26992.64,-2.77,1
Oreonympha albolimbata,Trochilidae,Caprimulgiformes,7.7,25708.02,-13.37,1
Oreonympha nobilis,Trochilidae,Caprimulgiformes,7.7,36217.73,-13.74,1
Oreotrochilus adela,Trochilidae,Caprimulgiformes,7.9,50647.41,-19.05,2
Oreotrochilus chimborazo,Trochilidae,Caprimulgiformes,8.2,36894.51,-0.9,1
Oreotrochilus estella,Trochilidae,Caprimulgiformes,8.1,595797.12,-19.03,1
Oreotrochilus leucopleurus,Trochilidae,Caprimulgiformes,8.2,404047.64,-33.25,2
Oreotrochilus melanogaster,Trochilidae,Caprimulgiformes,9.1,55336.69,-11.88,1
Oreotrochilus stolzmanni,Trochilidae,Caprimulgiformes,8.7,61380.54,-8.7,1
Orthorhyncus cristatus,Trochilidae,Caprimulgiformes,3.02,7736.3,15.7,1
Oxypogon cyanolaemus,Trochilidae,Caprimulgiformes,4.8,2832.29,10.83,1
Oxypogon guerinii,Trochilidae,Caprimulgiformes,4.8,19693.68,5.88,1
Oxypogon lindenii,Trochilidae,Caprimulgiformes,4.8,8642.51,8.78,1
Oxypogon stuebelii,Trochilidae,Caprimulgiformes,4.8,4079.67,4.66,1
Panterpe insignis,Trochilidae,Caprimulgiformes,5.7,8271.57,9.58,1
Patagona gigas,Trochilidae,Caprimulgiformes,20.2,1270749.2,-21.7,2
Phaethornis aethopygus,Trochilidae,Caprimulgiformes,3,177912.39,-5.98,1
Phaethornis anthophilus,Trochilidae,Caprimulgiformes,5.9,413680.8,8.58,1
Phaethornis atrimentalis,Trochilidae,Caprimulgiformes,2.6,829137.73,-2.16,1
Phaethornis augusti,Trochilidae,Caprimulgiformes,6,557848.62,7.4,1
Phaethornis baroni,Trochilidae,Caprimulgiformes,6,74057.82,-1.44,1
Phaethornis bourcieri,Trochilidae,Caprimulgiformes,4.3,2982755.21,-0.34,1
Phaethornis eurynome,Trochilidae,Caprimulgiformes,5.3,934246.25,-23.83,1
Phaethornis griseogularis,Trochilidae,Caprimulgiformes,2.3,363135.55,2.24,1
Phaethornis guy,Trochilidae,Caprimulgiformes,6.3,555160.16,-2.19,1
Phaethornis hispidus,Trochilidae,Caprimulgiformes,5,4008483.06,-5.41,1
Phaethornis idaliae,Trochilidae,Caprimulgiformes,2.6,154965.58,-19.75,1
Phaethornis koepckeae,Trochilidae,Caprimulgiformes,5.03,112547.48,-10.14,1
Phaethornis longirostris,Trochilidae,Caprimulgiformes,6,533601.88,12,1
Phaethornis longuemareus,Trochilidae,Caprimulgiformes,3,281728,6.3,1
Phaethornis major,Trochilidae,Caprimulgiformes,4.3,404685.13,-6.19,1
Phaethornis malaris,Trochilidae,Caprimulgiformes,5.9,3790374.78,-5.49,1
Phaethornis mexicanus,Trochilidae,Caprimulgiformes,6,91126.79,18.23,1
Phaethornis nattereri,Trochilidae,Caprimulgiformes,3.1,788857.71,-10.05,1
Phaethornis philippii,Trochilidae,Caprimulgiformes,5,1596505.84,-7.46,1
Phaethornis porcullae,Trochilidae,Caprimulgiformes,2.3,22056.32,-4.79,1
Phaethornis pretrei,Trochilidae,Caprimulgiformes,5.6,3736605.66,-16.56,1
Phaethornis ruber,Trochilidae,Caprimulgiformes,2.4,9729125.66,-7.16,1
Phaethornis rupurumii,Trochilidae,Caprimulgiformes,3.7,570013.04,3.21,1
Phaethornis squalidus,Trochilidae,Caprimulgiformes,3.4,272378.96,-22.03,1
Phaethornis striigularis,Trochilidae,Caprimulgiformes,3,764879.78,10.6,1
Phaethornis stuarti,Trochilidae,Caprimulgiformes,2.9,147916.92,-13.89,1
Phaethornis subochraceus,Trochilidae,Caprimulgiformes,3.8,338446.17,-16.96,1
Phaethornis superciliosus,Trochilidae,Caprimulgiformes,6.3,2562623.83,0.35,1
Phaethornis syrmatophorus,Trochilidae,Caprimulgiformes,5.8,159638.35,0.97,1
Phaethornis yaruqui,Trochilidae,Caprimulgiformes,5.4,119931.58,2.89,1
Phlogophilus harterti,Trochilidae,Caprimulgiformes,2.7,33304.03,-12.02,1
Phlogophilus hemileucurus,Trochilidae,Caprimulgiformes,2.8,25433.94,-1.9,1
Polyonymus caroli,Trochilidae,Caprimulgiformes,4.8,159552.96,-12.04,1
Polytmus guainumbi,Trochilidae,Caprimulgiformes,5.2,4835885.75,-9.69,1
Polytmus milleri,Trochilidae,Caprimulgiformes,4.1,74967.65,4.96,1
Polytmus theresiae,Trochilidae,Caprimulgiformes,3.8,1942723.67,-0.29,1
Pterophanes cyanopterus,Trochilidae,Caprimulgiformes,9.25,232571.39,-5.4,1
Ramphodon naevius,Trochilidae,Caprimulgiformes,7.9,220311.75,-23.93,1
Ramphomicron dorsale,Trochilidae,Caprimulgiformes,3.5,2603.99,10.91,1
Ramphomicron microrhynchum,Trochilidae,Caprimulgiformes,3.6,203534.21,-2.41,1
Rhodopis vesper,Trochilidae,Caprimulgiformes,3.8,305602.24,-18.1,2
Sappho sparganurus,Trochilidae,Caprimulgiformes,5.3,409731.95,-26.26,1
Schistes albogularis,Trochilidae,Caprimulgiformes,3.6,93754.2,2.25,1
Schistes geoffroyi,Trochilidae,Caprimulgiformes,3.6,546183.79,-4.42,1
Selasphorus ardens,Trochilidae,Caprimulgiformes,3.08,1490.46,8.57,1
Selasphorus calliope,Trochilidae,Caprimulgiformes,2.64,1203358.97,45.51,3
Selasphorus flammula,Trochilidae,Caprimulgiformes,2.69,4598.21,9.45,1
Selasphorus platycercus,Trochilidae,Caprimulgiformes,3.54,696942.12,32.39,1
Selasphorus rufus,Trochilidae,Caprimulgiformes,3.5,1526769.21,51.14,1
Selasphorus sasin,Trochilidae,Caprimulgiformes,3.36,31435.32,37.98,1
Selasphorus scintilla,Trochilidae,Caprimulgiformes,2.2,9422.6,9.43,1
Sephanoides fernandensis,Trochilidae,Caprimulgiformes,8.73,8.09,-33.64,1
Sephanoides sephaniodes,Trochilidae,Caprimulgiformes,5.17,554286.53,-44.63,1
Stephanoxis lalandi,Trochilidae,Caprimulgiformes,4,300448.07,-21.53,1
Stephanoxis loddigesii,Trochilidae,Caprimulgiformes,4,834254.78,-25.76,1
Sternoclyta cyanopectus,Trochilidae,Caprimulgiformes,8,40400.06,9.64,1
Taphrolesbia griseiventris,Trochilidae,Caprimulgiformes,8.94,4114.53,-8.38,1
Taphrospilus hypostictus,Trochilidae,Caprimulgiformes,7,110112.14,-10.6,1
Thalurania colombica,Trochilidae,Caprimulgiformes,4.5,601646.16,8.41,1
Thalurania furcata,Trochilidae,Caprimulgiformes,4.19,11225568.61,-8.85,1
Thalurania glaucopis,Trochilidae,Caprimulgiformes,4.8,1415794.42,-23.65,1
Thalurania ridgwayi,Trochilidae,Caprimulgiformes,3.8,14528.86,20.07,1
Thalurania watertonii,Trochilidae,Caprimulgiformes,4.6,34673.09,-9.18,1
Thaumastura cora,Trochilidae,Caprimulgiformes,1.9,172105.92,-11.99,2
Threnetes leucurus,Trochilidae,Caprimulgiformes,5.6,5242776.84,-3.31,1
Threnetes niger,Trochilidae,Caprimulgiformes,5.6,270308.39,1.21,1
Threnetes ruckeri,Trochilidae,Caprimulgiformes,5.2,482644.97,8.09,1
Tilmatura dupontii,Trochilidae,Caprimulgiformes,2.2,299191.54,17.48,1
Topaza pella,Trochilidae,Caprimulgiformes,12.11,1678442.91,0.85,1
Topaza pyra,Trochilidae,Caprimulgiformes,12.11,2026785.18,-3.78,1
Trochilus polytmus,Trochilidae,Caprimulgiformes,4.84,10224.99,18.16,1
Trochilus scitulus,Trochilidae,Caprimulgiformes,4,796.79,18.06,1
Urochroa bougueri,Trochilidae,Caprimulgiformes,11.4,40202.28,2.83,1
Urochroa leucura,Trochilidae,Caprimulgiformes,11.4,32713.52,-0.75,1
Urosticte benjamini,Trochilidae,Caprimulgiformes,3.9,17377.94,2.65,1
Urosticte ruficrissa,Trochilidae,Caprimulgiformes,4.3,31247.82,-2.4,1
Cariama cristata,Cariamidae,Cariamiformes,1400,5932013.38,-19.26,1
Chunga burmeisteri,Cariamidae,Cariamiformes,1298,736438.81,-25.38,1
Cathartes aura,Cathartidae,Cathartiformes,1518.24,28126442.74,6.76,2
Cathartes burrovianus,Cathartidae,Cathartiformes,935,7839868.54,-7.88,1
Cathartes melambrotus,Cathartidae,Cathartiformes,1373,6652618.68,-3.81,1
Coragyps atratus,Cathartidae,Cathartiformes,1881.69,21173636.93,-4.79,2
Gymnogyps californianus,Cathartidae,Cathartiformes,8442.74,101747.84,35.94,1
Sarcoramphus papa,Cathartidae,Cathartiformes,3400,14260256.21,-8.32,1
Vultur gryphus,Cathartidae,Cathartiformes,11236.1,2543680.82,-30.77,2
Aethia cristatella,Alcidae,Charadriiformes,259.36,479141.29,55.91,3
Aethia psittacula,Alcidae,Charadriiformes,269.98,400570.42,56.09,3
Aethia pusilla,Alcidae,Charadriiformes,83.99,65157.07,56.93,3
Aethia pygmaea,Alcidae,Charadriiformes,112,128454.73,52.42,3
Alca torda,Alcidae,Charadriiformes,725.99,1228730.51,61.38,3
Alle alle,Alcidae,Charadriiformes,180.73,375517.37,78.43,3
Brachyramphus brevirostris,Alcidae,Charadriiformes,234,709072.99,61.5,3
Brachyramphus marmoratus,Alcidae,Charadriiformes,220,1672345.18,54.13,3
Brachyramphus perdix,Alcidae,Charadriiformes,220,1124351.71,54.22,3
Cepphus carbo,Alcidae,Charadriiformes,490,1737267.71,48.53,3
Cepphus columba,Alcidae,Charadriiformes,530,1700815.29,55.77,3
Cepphus grylle,Alcidae,Charadriiformes,378,2115522.94,68.63,3
Cerorhinca monocerata,Alcidae,Charadriiformes,482.24,316387.33,50.73,3
Fratercula arctica,Alcidae,Charadriiformes,593.01,1955692.47,66.06,3
Fratercula cirrhata,Alcidae,Charadriiformes,774.37,1056388.21,53.66,3
Fratercula corniculata,Alcidae,Charadriiformes,536.14,1467964.71,56.55,3
Ptychoramphus aleuticus,Alcidae,Charadriiformes,184,122916.8,48.89,3
Synthliboramphus antiquus,Alcidae,Charadriiformes,217.72,435862.76,50.68,3
Synthliboramphus craveri,Alcidae,Charadriiformes,151,379404.15,26.2,3
Synthliboramphus hypoleucus,Alcidae,Charadriiformes,167,406457.35,29.85,3
Synthliboramphus scrippsi,Alcidae,Charadriiformes,167,135977.63,31.22,3
Synthliboramphus wumizusume,Alcidae,Charadriiformes,198,571030.78,34.63,3
Uria aalge,Alcidae,Charadriiformes,991.93,1547284.08,58.79,3
Uria lomvia,Alcidae,Charadriiformes,963.99,2199476.8,67.57,3
Burhinus bistriatus,Burhinidae,Charadriiformes,787,787421.54,9.09,1
Burhinus capensis,Burhinidae,Charadriiformes,422.99,12421028.77,-5.3,1
Burhinus grallarius,Burhinidae,Charadriiformes,648.07,2586160.81,-23.22,3
Burhinus indicus,Burhinidae,Charadriiformes,307,3912246.9,20.74,3
Burhinus oedicnemus,Burhinidae,Charadriiformes,459,9168330.74,40.04,3
Burhinus senegalensis,Burhinidae,Charadriiformes,326,7037522.76,10.25,1
Burhinus superciliaris,Burhinidae,Charadriiformes,480,79703.93,-10.04,1
Burhinus vermiculatus,Burhinidae,Charadriiformes,320,5802844.89,-10.5,1
Esacus magnirostris,Burhinidae,Charadriiformes,1015.87,2207239.52,-8.11,2
Esacus recurvirostris,Burhinidae,Charadriiformes,790,2969603.17,22.18,2
Anarhynchus frontalis,Charadriidae,Charadriiformes,57.64,9523.06,-43.88,2
Charadrius alexandrinus,Charadriidae,Charadriiformes,42.3,13539453.43,40.96,2
Charadrius alticola,Charadriidae,Charadriiformes,44.9,605273.3,-18.69,1
Charadrius aquilonius,Charadriidae,Charadriiformes,146,9829.99,-36.28,2
Charadrius asiaticus,Charadriidae,Charadriiformes,77.09,2844122.74,44.94,3
Charadrius bicinctus,Charadriidae,Charadriiformes,59.4,270351.2,-41.81,2
Charadrius bifrontatus,Charadriidae,Charadriiformes,31.2,188628.68,-19.46,1
Charadrius collaris,Charadriidae,Charadriiformes,28.3,15045745.17,-10.53,2
Charadrius dealbatus,Charadriidae,Charadriiformes,42.3,340626.3,22.29,2
Charadrius dubius,Charadriidae,Charadriiformes,38.7,33641119.87,43.86,3
Charadrius falklandicus,Charadriidae,Charadriiformes,65,802047.01,-45.45,3
Charadrius forbesi,Charadriidae,Charadriiformes,31.2,6268147.12,0.73,1
Charadrius hiaticula,Charadriidae,Charadriiformes,64.04,4520829.19,69.82,2
Charadrius javanicus,Charadriidae,Charadriiformes,42.3,109967.51,-7.7,1
Charadrius leschenaultii,Charadriidae,Charadriiformes,74.8,5473335.58,44.18,3
Charadrius marginatus,Charadriidae,Charadriiformes,48.3,4442943.8,-15.01,1
Charadrius melodus,Charadriidae,Charadriiformes,54.39,501145.23,46.4,3
Charadrius modestus,Charadriidae,Charadriiformes,78,256974.73,-51.1,3
Charadrius mongolus,Charadriidae,Charadriiformes,64,4714238.7,41.63,3
Charadrius montanus,Charadriidae,Charadriiformes,95.74,759250.62,41.32,3
Charadrius nivosus,Charadriidae,Charadriiformes,42.3,1602228.88,20.59,2
Charadrius obscurus,Charadriidae,Charadriiformes,146,311.44,-46.52,2
Charadrius pallidus,Charadriidae,Charadriiformes,34.8,480800.22,-23.67,2
Charadrius pecuarius,Charadriidae,Charadriiformes,34,16351827.57,-3.25,1
Charadrius peronii,Charadriidae,Charadriiformes,42,1266391.62,2.44,1
Charadrius placidus,Charadriidae,Charadriiformes,62.7,2370427.23,41.52,3
Charadrius ruficapillus,Charadriidae,Charadriiformes,37.4,4811331.66,-27.1,2
Charadrius sanctaehelenae,Charadriidae,Charadriiformes,48.7,43.62,-15.96,1
Charadrius semipalmatus,Charadriidae,Charadriiformes,46.74,4938225.48,64.38,3
Charadrius thoracicus,Charadriidae,Charadriiformes,11.5,14469.49,-20.92,1
Charadrius tricollaris,Charadriidae,Charadriiformes,31.2,9221083.48,-12.87,1
Charadrius veredus,Charadriidae,Charadriiformes,95,1531695.94,47.51,3
Charadrius vociferus,Charadriidae,Charadriiformes,96.44,14759088.1,44.7,3
Charadrius wilsonia,Charadriidae,Charadriiformes,55.1,867940.44,14.57,2
Elseyornis melanops,Charadriidae,Charadriiformes,33,7354478.04,-25.92,2
Erythrogonys cinctus,Charadriidae,Charadriiformes,51.4,5111119.63,-25.94,2
Eudromias morinellus,Charadriidae,Charadriiformes,108.16,3830439.01,65.85,3
Hoploxypterus cayanus,Charadriidae,Charadriiformes,75.76,11467799.98,-7.75,1
Oreopholus ruficollis,Charadriidae,Charadriiformes,131,1451500.49,-31.58,3
Peltohyas australis,Charadriidae,Charadriiformes,83.5,651810.43,-30.13,2
Phegornis mitchellii,Charadriidae,Charadriiformes,35.5,761982.96,-22.6,2
Pluvialis apricaria,Charadriidae,Charadriiformes,214,3294836.99,65.53,3
Pluvialis dominica,Charadriidae,Charadriiformes,151.47,3598916.91,66.9,3
Pluvialis fulva,Charadriidae,Charadriiformes,134.9,2241495.9,69.46,3
Pluvialis squatarola,Charadriidae,Charadriiformes,250,3963258.28,70.21,3
Thinornis cucullatus,Charadriidae,Charadriiformes,100,608290.87,-34.07,2
Thinornis novaeseelandiae,Charadriidae,Charadriiformes,61,3.89,-44.31,2
Vanellus albiceps,Charadriidae,Charadriiformes,192,7550710.29,2.8,1
Vanellus armatus,Charadriidae,Charadriiformes,156,5662037.2,-19.13,1
Vanellus chilensis,Charadriidae,Charadriiformes,327,13321164.29,-16.84,1
Vanellus cinereus,Charadriidae,Charadriiformes,270,549695.13,45.14,3
Vanellus coronatus,Charadriidae,Charadriiformes,165,6790147.37,-13.87,1
Vanellus crassirostris,Charadriidae,Charadriiformes,170,3461973.99,-7.58,1
Vanellus duvaucelii,Charadriidae,Charadriiformes,143,1666558.67,21.94,1
Vanellus gregarius,Charadriidae,Charadriiformes,224.49,1077682.03,50.31,3
Vanellus indicus,Charadriidae,Charadriiformes,181,7325570.07,23.77,1
Vanellus leucurus,Charadriidae,Charadriiformes,132,1832228.1,38.32,3
Vanellus lugubris,Charadriidae,Charadriiformes,122,3495483.7,-6.69,1
Vanellus macropterus,Charadriidae,Charadriiformes,325,NA,NA,NA
Vanellus malabaricus,Charadriidae,Charadriiformes,140,1885987.77,20.94,1
Vanellus melanocephalus,Charadriidae,Charadriiformes,214,179801.06,9.91,1
Vanellus melanopterus,Charadriidae,Charadriiformes,184.9,839078.51,-1.17,1
Vanellus miles,Charadriidae,Charadriiformes,387,3053421.93,-18.49,1
Vanellus novaehollandiae,Charadriidae,Charadriiformes,387,3166356.58,-30.4,1
Vanellus resplendens,Charadriidae,Charadriiformes,214,734854.94,-16.97,1
Vanellus senegallus,Charadriidae,Charadriiformes,248,11259086.33,-0.22,1
Vanellus spinosus,Charadriidae,Charadriiformes,187.95,8392007.79,11.43,1
Vanellus superciliosus,Charadriidae,Charadriiformes,150,752501.59,5.83,1
Vanellus tectus,Charadriidae,Charadriiformes,100,5265920.67,11.62,1
Vanellus tricolor,Charadriidae,Charadriiformes,184,5643954.24,-27.76,1
Vanellus vanellus,Charadriidae,Charadriiformes,218.37,18594755.95,52.6,2
Chionis albus,Chionidae,Charadriiformes,675.69,30472.35,-63.28,3
Chionis minor,Chionidae,Charadriiformes,493.96,8219.09,-49.28,2
Dromas ardeola,Dromadidae,Charadriiformes,325,318985.68,22.79,1
Cursorius coromandelicus,Glareolidae,Charadriiformes,138,2383016.48,22.56,1
Cursorius cursor,Glareolidae,Charadriiformes,138,3131259.74,30.88,2
Cursorius rufus,Glareolidae,Charadriiformes,74.99,1392070.57,-26.61,1
Cursorius somalensis,Glareolidae,Charadriiformes,138,1128378.41,5.67,1
Cursorius temminckii,Glareolidae,Charadriiformes,69.2,10871643.44,-4.51,1
Glareola cinerea,Glareolidae,Charadriiformes,37.4,3439738.6,3.82,3
Glareola lactea,Glareolidae,Charadriiformes,39.8,3735669.19,22.18,2
Glareola maldivarum,Glareolidae,Charadriiformes,75.2,6014195.65,35.56,3
Glareola nordmanni,Glareolidae,Charadriiformes,97.19,2251795.82,50.38,3
Glareola nuchalis,Glareolidae,Charadriiformes,62.7,6244433.49,-2.52,2
Glareola ocularis,Glareolidae,Charadriiformes,91.9,545354.28,-19.74,3
Glareola pratincola,Glareolidae,Charadriiformes,84.9,5351786.34,30.72,3
Rhinoptilus bitorquatus,Glareolidae,Charadriiformes,150,19306.74,14.86,1
Rhinoptilus chalcopterus,Glareolidae,Charadriiformes,150,10146624.15,-4.12,1
Rhinoptilus cinctus,Glareolidae,Charadriiformes,105,1957707.6,-5.73,1
Smutsornis africanus,Glareolidae,Charadriiformes,87.5,2999057.71,-16.64,1
Stiltia isabella,Glareolidae,Charadriiformes,65.5,3330886.74,-23.73,2
Haematopus ater,Haematopodidae,Charadriiformes,724,593669.97,2.79,1
Haematopus chathamensis,Haematopodidae,Charadriiformes,598.66,24.31,-44.01,1
Haematopus finschi,Haematopodidae,Charadriiformes,526,46431.85,-44.39,1
Haematopus fuliginosus,Haematopodidae,Charadriiformes,818.99,812087.46,-30.01,1
Haematopus leucopodus,Haematopodidae,Charadriiformes,617.99,389056.06,-50.23,1
Haematopus longirostris,Haematopodidae,Charadriiformes,613.88,855198.88,-27.45,1
Haematopus moquini,Haematopodidae,Charadriiformes,692,136999.78,-30.2,1
Haematopus ostralegus,Haematopodidae,Charadriiformes,526,9505624.97,52.94,1
Haematopus palliatus,Haematopodidae,Charadriiformes,601.45,1471742.97,-1.39,1
Haematopus unicolor,Haematopodidae,Charadriiformes,671,73499.48,-40.4,1
Ibidorhyncha struthersii,Ibidorhynchidae,Charadriiformes,294,4986455.37,35.52,2
Actophilornis africanus,Jacanidae,Charadriiformes,189.09,16988448.66,-3.72,2
Actophilornis albinucha,Jacanidae,Charadriiformes,239,113054.99,-16.56,2
Hydrophasianus chirurgus,Jacanidae,Charadriiformes,160.03,6414861.88,23.9,2
Irediparra gallinacea,Jacanidae,Charadriiformes,98.8,2181164.52,-13.01,1
Jacana jacana,Jacanidae,Charadriiformes,106.24,13881637.25,-10.23,1
Jacana spinosa,Jacanidae,Charadriiformes,94,1044408.35,17.24,1
Metopidius indicus,Jacanidae,Charadriiformes,155,2649332.71,19.2,1
Microparra capensis,Jacanidae,Charadriiformes,41.3,3244082.83,-10.33,2
Anous albivittus,Laridae,Charadriiformes,72.2,14237945.1,-28.82,2
Anous ceruleus,Laridae,Charadriiformes,53,33816689.35,-0.42,2
Anous minutus,Laridae,Charadriiformes,112.44,6602963.98,-3.19,2
Anous stolidus,Laridae,Charadriiformes,177.77,10192935.47,-4.29,2
Anous tenuirostris,Laridae,Charadriiformes,112,177139.92,-4.3,2
Chlidonias albostriatus,Laridae,Charadriiformes,94.69,93279.7,-44.17,2
Chlidonias hybrida,Laridae,Charadriiformes,83.67,10089513.85,13.76,3
Chlidonias leucopterus,Laridae,Charadriiformes,54.2,10229425.04,51.26,3
Chlidonias niger,Laridae,Charadriiformes,65.3,12943719.56,50.61,3
Creagrus furcatus,Laridae,Charadriiformes,686.99,87375.37,0.17,1
Gelochelidon macrotarsa,Laridae,Charadriiformes,218.25,5664117.69,-26.37,3
Gelochelidon nilotica,Laridae,Charadriiformes,218.25,7524091.88,34.09,3
Gygis alba,Laridae,Charadriiformes,117,1087691.59,-5.58,2
Gygis microrhyncha,Laridae,Charadriiformes,117,1686.62,-5.63,3
Hydrocoloeus minutus,Laridae,Charadriiformes,118,8322361.57,57.28,2
Hydroprogne caspia,Laridae,Charadriiformes,655,6293644.91,7.58,3
Larosterna inca,Laridae,Charadriiformes,219,476735.99,-19.15,2
Larus argentatus,Laridae,Charadriiformes,1090.99,1540126.95,62.73,2
Larus armenicus,Laridae,Charadriiformes,866.99,92321.08,38.53,3
Larus atlanticus,Laridae,Charadriiformes,842.37,50264.27,-41.31,2
Larus atricilla,Laridae,Charadriiformes,307.41,1565115.04,28.53,2
Larus audouinii,Laridae,Charadriiformes,534.99,22485.41,37.53,2
Larus belcheri,Laridae,Charadriiformes,638.61,327397.09,-17.15,2
Larus brunnicephalus,Laridae,Charadriiformes,569.29,661092.89,36.07,1
Larus bulleri,Laridae,Charadriiformes,230.16,8688.09,-42.4,1
Larus cachinnans,Laridae,Charadriiformes,1111.89,1659661.38,46.47,3
Larus californicus,Laridae,Charadriiformes,683.39,1997786.84,52.58,2
Larus canus,Laridae,Charadriiformes,412.53,17992527.98,60.59,3
Larus cirrocephalus,Laridae,Charadriiformes,374.69,6411818.5,-17.4,1
Larus crassirostris,Laridae,Charadriiformes,561,187875.39,40.37,2
Larus delawarensis,Laridae,Charadriiformes,516.31,5396423.36,50.01,2
Larus dominicanus,Laridae,Charadriiformes,952.43,3780207.34,-37.5,1
Larus fuliginosus,Laridae,Charadriiformes,380,2591.47,-0.57,1
Larus fuscus,Laridae,Charadriiformes,762.36,4200335.24,66.29,2
Larus genei,Laridae,Charadriiformes,281,1728211.09,41.71,2
Larus glaucescens,Laridae,Charadriiformes,1056.54,899194.26,58.07,3
Larus glaucoides,Laridae,Charadriiformes,693.31,1717217.56,72.52,3
Larus hartlaubii,Laridae,Charadriiformes,292,69935.23,-29.68,1
Larus heermanni,Laridae,Charadriiformes,499.99,842438.69,27.49,1
Larus hemprichii,Laridae,Charadriiformes,451.66,157820.35,18.3,1
Larus hyperboreus,Laridae,Charadriiformes,1529.04,2430897.95,74.66,3
Larus ichthyaetus,Laridae,Charadriiformes,1378.84,739530.35,48.59,3
Larus leucophthalmus,Laridae,Charadriiformes,328.89,1402.69,16.89,1
Larus livens,Laridae,Charadriiformes,1322,73971.57,28.5,2
Larus maculipennis,Laridae,Charadriiformes,339,2149631.88,-40.29,1
Larus marinus,Laridae,Charadriiformes,1649.71,1075355.21,60.23,2
Larus melanocephalus,Laridae,Charadriiformes,256,250526.34,45.17,2
Larus michahellis,Laridae,Charadriiformes,1111.89,858974.47,39.06,2
Larus modestus,Laridae,Charadriiformes,344,83704.77,-22.95,2
Larus novaehollandiae,Laridae,Charadriiformes,268.99,4107593.11,-32.83,1
Larus occidentalis,Laridae,Charadriiformes,922.78,91633.8,35.71,2
Larus pacificus,Laridae,Charadriiformes,1292.03,392125.03,-35.11,2
Larus philadelphia,Laridae,Charadriiformes,210.71,4415568.74,58.97,2
Larus pipixcan,Laridae,Charadriiformes,280,1433191.74,52.2,3
Larus relictus,Laridae,Charadriiformes,490.2,1411880.5,47.08,3
Larus ridibundus,Laridae,Charadriiformes,284,17767358.5,55.04,2
Larus schistisagus,Laridae,Charadriiformes,1323,1114985.14,53.48,2
Larus scoresbii,Laridae,Charadriiformes,523.5,472286.97,-51.22,2
Larus serranus,Laridae,Charadriiformes,478,984576.34,-20.26,1
Larus smithsonianus,Laridae,Charadriiformes,1090.99,12348737.52,60.25,2
Onychoprion aleuticus,Laridae,Charadriiformes,120,1225260.49,55.49,3
Onychoprion anaethetus,Laridae,Charadriiformes,119.42,5130540.82,-1.01,2
Onychoprion fuscatus,Laridae,Charadriiformes,185.72,180205.31,6.81,2
Onychoprion lunatus,Laridae,Charadriiformes,120,37443.38,0.69,2
Pagophila eburnea,Laridae,Charadriiformes,549.99,17367390.8,74.49,2
Phaetusa simplex,Laridae,Charadriiformes,235,13310337.49,-10.67,2
Rhodostethia rosea,Laridae,Charadriiformes,187,1043162.18,73.42,2
Rissa brevirostris,Laridae,Charadriiformes,377,192125.06,55.95,2
Rissa tridactyla,Laridae,Charadriiformes,415.99,2307068.48,59.56,2
Rynchops albicollis,Laridae,Charadriiformes,164,1179458.68,26.11,2
Rynchops flavirostris,Laridae,Charadriiformes,164,9718531.11,-3.11,2
Rynchops niger,Laridae,Charadriiformes,297.73,13769340.5,-10.31,2
Saundersilarus saundersi,Laridae,Charadriiformes,198,50186.16,37.67,3
Sterna acuticauda,Laridae,Charadriiformes,153,2474259.32,21.61,2
Sterna aurantia,Laridae,Charadriiformes,209,5428999.73,22.13,2
Sterna dougallii,Laridae,Charadriiformes,112,7673719.23,4.43,3
Sterna forsteri,Laridae,Charadriiformes,149,1801878.95,46.22,3
Sterna hirundinacea,Laridae,Charadriiformes,188,1375360.34,-41.04,3
Sterna hirundo,Laridae,Charadriiformes,129.15,30248469.5,50.38,3
Sterna paradisaea,Laridae,Charadriiformes,110,10398468.44,67.21,3
Sterna repressa,Laridae,Charadriiformes,90,797048.79,18.35,2
Sterna striata,Laridae,Charadriiformes,129,83485.48,-40.54,2
Sterna sumatrana,Laridae,Charadriiformes,106,10103250.1,-2.63,2
Sterna trudeaui,Laridae,Charadriiformes,153,539946.35,-34.16,2
Sterna virgata,Laridae,Charadriiformes,126,7757.79,-49.08,2
Sterna vittata,Laridae,Charadriiformes,139,2102848.54,-53.86,3
Sternula albifrons,Laridae,Charadriiformes,57,11965931.09,40.45,3
Sternula antillarum,Laridae,Charadriiformes,45.86,1340830.63,29.11,3
Sternula balaenarum,Laridae,Charadriiformes,60,404545.26,-27.73,2
Sternula lorata,Laridae,Charadriiformes,53.8,21.27,-17.29,2
Sternula nereis,Laridae,Charadriiformes,72.3,250434.51,-30.98,2
Sternula saundersi,Laridae,Charadriiformes,42.5,257886.15,11.03,2
Sternula superciliaris,Laridae,Charadriiformes,46.4,11385573.19,-9.36,1
Thalasseus bengalensis,Laridae,Charadriiformes,209,1690030.71,4.08,3
Thalasseus bergii,Laridae,Charadriiformes,328,47808630.76,-10.25,3
Thalasseus bernsteini,Laridae,Charadriiformes,284,57.88,31.3,3
Thalasseus elegans,Laridae,Charadriiformes,260,1309.31,31.85,3
Thalasseus maximus,Laridae,Charadriiformes,415.31,3285888.83,13.04,3
Thalasseus sandvicensis,Laridae,Charadriiformes,199.83,2802142.59,3.05,3
Xema sabini,Laridae,Charadriiformes,198,563350.81,72.31,2
Pedionomus torquatus,Pedionomidae,Charadriiformes,62.52,32628.67,-29.41,1
Pluvianellus socialis,Pluvianellidae,Charadriiformes,84.11,109554.85,-51.29,2
Pluvianus aegyptius,Pluvianidae,Charadriiformes,82,5977374.57,8.6,2
Cladorhynchus leucocephalus,Recurvirostridae,Charadriiformes,216,96302.92,-28.99,1
Himantopus himantopus,Recurvirostridae,Charadriiformes,176.82,56867877.55,16.52,2
Himantopus novaezelandiae,Recurvirostridae,Charadriiformes,195,2833.21,-44.18,2
Recurvirostra americana,Recurvirostridae,Charadriiformes,304.48,2524844.1,42.31,2
Recurvirostra andina,Recurvirostridae,Charadriiformes,361,708582.58,-20.06,2
Recurvirostra avosetta,Recurvirostridae,Charadriiformes,304,17136961.53,25.97,2
Recurvirostra novaehollandiae,Recurvirostridae,Charadriiformes,325,307841.69,-32.45,2
Nycticryphes semicollaris,Rostratulidae,Charadriiformes,76.6,2533948.28,-32.39,2
Rostratula australis,Rostratulidae,Charadriiformes,121,1391159.82,-31.35,2
Rostratula benghalensis,Rostratulidae,Charadriiformes,121,24950994.82,6.53,2
Actitis hypoleucos,Scolopacidae,Charadriiformes,48,25847437.41,55.26,3
Actitis macularius,Scolopacidae,Charadriiformes,40.4,13627000.39,52.38,3
Arenaria interpres,Scolopacidae,Charadriiformes,135.98,2619753.6,72.47,3
Arenaria melanocephala,Scolopacidae,Charadriiformes,126.21,83412.69,62.9,3
Bartramia longicauda,Scolopacidae,Charadriiformes,158.92,3282893.45,49.36,3
Calidris acuminata,Scolopacidae,Charadriiformes,66.08,348177.87,70.74,3
Calidris alba,Scolopacidae,Charadriiformes,51.71,1344741.13,75.56,3
Calidris alpina,Scolopacidae,Charadriiformes,51.89,4754236.34,68.24,3
Calidris bairdii,Scolopacidae,Charadriiformes,40.97,2767245.54,70.82,3
Calidris canutus,Scolopacidae,Charadriiformes,141.87,1604194.57,75.23,3
Calidris falcinellus,Scolopacidae,Charadriiformes,37.1,1005823.74,68.14,3
Calidris ferruginea,Scolopacidae,Charadriiformes,58.08,1198699.06,72.28,3
Calidris fuscicollis,Scolopacidae,Charadriiformes,43.01,1363375.36,70.14,3
Calidris himantopus,Scolopacidae,Charadriiformes,57.24,399381.42,67.4,3
Calidris maritima,Scolopacidae,Charadriiformes,65.1,2008818.99,70.81,3
Calidris mauri,Scolopacidae,Charadriiformes,27.82,310485.3,64.59,3
Calidris melanotos,Scolopacidae,Charadriiformes,79.73,2362488.1,69.87,3
Calidris minuta,Scolopacidae,Charadriiformes,21.1,1734619.92,71.29,3
Calidris minutilla,Scolopacidae,Charadriiformes,22.88,4973788.94,62.1,3
Calidris ptilocnemis,Scolopacidae,Charadriiformes,81.32,320856.4,61.58,3
Calidris pugnax,Scolopacidae,Charadriiformes,131.68,8562266.88,64.07,3
Calidris pusilla,Scolopacidae,Charadriiformes,27.5,2634809.84,65.26,3
Calidris pygmaea,Scolopacidae,Charadriiformes,31.67,54414.21,63.52,3
Calidris ruficollis,Scolopacidae,Charadriiformes,26.79,971179.99,68.66,3
Calidris subminuta,Scolopacidae,Charadriiformes,30.2,316107.68,59.65,3
Calidris subruficollis,Scolopacidae,Charadriiformes,62.1,642423.52,71.18,3
Calidris temminckii,Scolopacidae,Charadriiformes,23,3436316.19,69.29,3
Calidris tenuirostris,Scolopacidae,Charadriiformes,192,1486107.22,64.67,3
Calidris virgata,Scolopacidae,Charadriiformes,200.97,662683.31,63.62,3
Coenocorypha aucklandica,Scolopacidae,Charadriiformes,108.24,684.19,-51.01,1
Coenocorypha huegeli,Scolopacidae,Charadriiformes,104,2.59,-48.01,1
Coenocorypha pusilla,Scolopacidae,Charadriiformes,80.5,4.67,-44.3,1
Gallinago andina,Scolopacidae,Charadriiformes,109.44,777835.47,-17.52,1
Gallinago delicata,Scolopacidae,Charadriiformes,112.94,11985774.53,54.89,3
Gallinago gallinago,Scolopacidae,Charadriiformes,112.94,20105909.91,59.33,3
Gallinago hardwickii,Scolopacidae,Charadriiformes,151.31,251911.82,40.2,3
Gallinago imperialis,Scolopacidae,Charadriiformes,252,77754.43,-6.51,1
Gallinago jamesoni,Scolopacidae,Charadriiformes,166,261600.58,-5.15,1
Gallinago macrodactyla,Scolopacidae,Charadriiformes,216,220000.71,-19.38,1
Gallinago media,Scolopacidae,Charadriiformes,169.96,7813688.34,58.58,3
Gallinago megala,Scolopacidae,Charadriiformes,121,3448607.9,53.6,3
Gallinago nemoricola,Scolopacidae,Charadriiformes,167.67,468114.51,28.9,3
Gallinago nigripennis,Scolopacidae,Charadriiformes,112,5609482.86,-14.69,2
Gallinago nobilis,Scolopacidae,Charadriiformes,192.44,259666.16,2.25,1
Gallinago paraguaiae,Scolopacidae,Charadriiformes,109.44,15347870,-15.93,2
Gallinago solitaria,Scolopacidae,Charadriiformes,140.11,4202662.65,48.47,3
Gallinago stenura,Scolopacidae,Charadriiformes,113,8781511.92,62.22,3
Gallinago stricklandii,Scolopacidae,Charadriiformes,252,330467.4,-48.31,1
Gallinago undulata,Scolopacidae,Charadriiformes,312.42,2585357.36,-10.77,1
Limnodromus griseus,Scolopacidae,Charadriiformes,110.53,2380406.64,55.38,3
Limnodromus scolopaceus,Scolopacidae,Charadriiformes,104.4,1045265.04,68.11,3
Limnodromus semipalmatus,Scolopacidae,Charadriiformes,212,2745344,52.31,3
Limosa fedoa,Scolopacidae,Charadriiformes,357.02,1140759.5,49.74,3
Limosa haemastica,Scolopacidae,Charadriiformes,253.29,432823.38,63.33,3
Limosa lapponica,Scolopacidae,Charadriiformes,291.65,1469087.3,69.14,3
Limosa limosa,Scolopacidae,Charadriiformes,288.37,10058061.19,55.43,3
Lymnocryptes minimus,Scolopacidae,Charadriiformes,50.07,7671774.57,63.46,3
Numenius americanus,Scolopacidae,Charadriiformes,583.86,2115891.97,44.16,3
Numenius arquata,Scolopacidae,Charadriiformes,802.99,12491410.25,56.48,3
Numenius borealis,Scolopacidae,Charadriiformes,350.11,NA,NA,3
Numenius madagascariensis,Scolopacidae,Charadriiformes,792,3087214.2,56.7,3
Numenius minutus,Scolopacidae,Charadriiformes,173,966958.06,67.89,3
Numenius phaeopus,Scolopacidae,Charadriiformes,364.57,4802995.65,63.88,3
Numenius tahitiensis,Scolopacidae,Charadriiformes,400.08,45601.61,63.57,3
Numenius tenuirostris,Scolopacidae,Charadriiformes,308,8412.18,57.08,3
Phalaropus fulicarius,Scolopacidae,Charadriiformes,55.59,3783736.3,69.97,3
Phalaropus lobatus,Scolopacidae,Charadriiformes,36.68,9098836.74,65.91,3
Prosobonia parvirostris,Scolopacidae,Charadriiformes,36,65.15,-17.76,1
Scolopax bukidnonensis,Scolopacidae,Charadriiformes,238,8323.3,14.02,1
Scolopax celebensis,Scolopacidae,Charadriiformes,205,21965.43,-1.73,1
Scolopax minor,Scolopacidae,Charadriiformes,196.32,4263445.34,41.69,3
Scolopax mira,Scolopacidae,Charadriiformes,447,2263.54,27.27,1
Scolopax rochussenii,Scolopacidae,Charadriiformes,308.3,289.35,-0.81,1
Scolopax rosenbergii,Scolopacidae,Charadriiformes,205,114626.52,-5.12,1
Scolopax rusticola,Scolopacidae,Charadriiformes,308.31,15129244.23,55.2,3
Scolopax saturata,Scolopacidae,Charadriiformes,205,18254.31,1.17,1
Steganopus tricolor,Scolopacidae,Charadriiformes,59.39,3893986.28,48.72,3
Tringa brevipes,Scolopacidae,Charadriiformes,127,2714985.56,62.43,3
Tringa erythropus,Scolopacidae,Charadriiformes,158,3716042.92,68.35,3
Tringa flavipes,Scolopacidae,Charadriiformes,77.5,4592693.99,60.91,3
Tringa glareola,Scolopacidae,Charadriiformes,62.05,16979550.25,60.1,3
Tringa guttifer,Scolopacidae,Charadriiformes,158,245099.51,54.06,3
Tringa incana,Scolopacidae,Charadriiformes,108.24,1273879.07,64.05,3
Tringa melanoleuca,Scolopacidae,Charadriiformes,161.74,4407162.64,55.28,3
Tringa nebularia,Scolopacidae,Charadriiformes,187,12134126.53,60.3,3
Tringa ochropus,Scolopacidae,Charadriiformes,71.4,15230538.62,57.64,3
Tringa semipalmata,Scolopacidae,Charadriiformes,245.7,2508839.89,42.76,3
Tringa solitaria,Scolopacidae,Charadriiformes,48.4,5546518.4,57.78,3
Tringa stagnatilis,Scolopacidae,Charadriiformes,77.5,7597346.84,53.2,3
Tringa totanus,Scolopacidae,Charadriiformes,129,19709237.23,46.76,3
Xenus cinereus,Scolopacidae,Charadriiformes,78.8,11623048.49,60.77,3
Catharacta antarctica,Stercorariidae,Charadriiformes,1650,87990607.82,-50.14,3
Catharacta chilensis,Stercorariidae,Charadriiformes,1367.77,274591.67,-49.03,3
Catharacta maccormicki,Stercorariidae,Charadriiformes,1347.07,109012.82,-69.84,3
Catharacta skua,Stercorariidae,Charadriiformes,1338.22,16138.54,65.93,3
Stercorarius longicaudus,Stercorariidae,Charadriiformes,287.9,6233403.78,69.42,3
Stercorarius parasiticus,Stercorariidae,Charadriiformes,444.31,6277591.31,68.31,3
Stercorarius pomarinus,Stercorariidae,Charadriiformes,692.47,3233984.08,70.32,3
Attagis gayi,Thinocoridae,Charadriiformes,311,1031574.14,-26.14,1
Attagis malouinus,Thinocoridae,Charadriiformes,340,209498.7,-47.42,1
Thinocorus orbignyianus,Thinocoridae,Charadriiformes,115,1570843.96,-29.6,1
Thinocorus rumicivorus,Thinocoridae,Charadriiformes,53.1,807155.07,-35.8,1
Ortyxelos meiffrenii,Turnicidae,Charadriiformes,17.6,2965419.34,11.96,2
Turnix castanotus,Turnicidae,Charadriiformes,82.71,432722.67,-14.54,1
Turnix everetti,Turnicidae,Charadriiformes,28,2064.68,-9.61,1
Turnix hottentottus,Turnicidae,Charadriiformes,50.61,58126.33,-33.82,1
Turnix maculosus,Turnicidae,Charadriiformes,39.14,1110140.42,-14.22,1
Turnix melanogaster,Turnicidae,Charadriiformes,87.06,5948.55,-26.85,1
Turnix nanus,Turnicidae,Charadriiformes,50.61,5641140.28,-9.29,1
Turnix nigricollis,Turnicidae,Charadriiformes,61.3,593414.34,-19.39,1
Turnix novaecaledoniae,Turnicidae,Charadriiformes,90.23,NA,NA,1
Turnix ocellatus,Turnicidae,Charadriiformes,110,106157.83,15.92,1
Turnix olivii,Turnicidae,Charadriiformes,56.39,2066.24,-15.48,1
Turnix pyrrhothorax,Turnicidae,Charadriiformes,45.66,4287341.81,-24.23,1
Turnix suscitator,Turnicidae,Charadriiformes,49.1,5511938.06,16.91,1
Turnix sylvaticus,Turnicidae,Charadriiformes,52.69,17313380.02,3.48,1
Turnix tanki,Turnicidae,Charadriiformes,52.79,9318008.55,28.08,1
Turnix varius,Turnicidae,Charadriiformes,90.23,2276694.74,-30.44,1
Turnix velox,Turnicidae,Charadriiformes,44.28,6979116.25,-26.12,1
Turnix worcesteri,Turnicidae,Charadriiformes,67,105069.59,15.95,1
Anastomus lamelligerus,Ciconiidae,Ciconiiformes,1081,13409712.69,-1.06,2
Anastomus oscitans,Ciconiidae,Ciconiiformes,1590,2119789.43,20.66,2
Ciconia abdimii,Ciconiidae,Ciconiiformes,1398,6486422.91,12.48,1
Ciconia boyciana,Ciconiidae,Ciconiiformes,4847.74,475164.45,47.77,3
Ciconia ciconia,Ciconiidae,Ciconiiformes,3445.8,5196114,44.94,3
Ciconia episcopus,Ciconiidae,Ciconiiformes,2061,3858090.35,17.45,1
Ciconia maguari,Ciconiidae,Ciconiiformes,3994.99,5041992.63,-18.01,2
Ciconia microscelis,Ciconiidae,Ciconiiformes,2061,14445879.68,-1.38,1
Ciconia nigra,Ciconiidae,Ciconiiformes,2926,18362407.3,42.16,3
Ciconia stormi,Ciconiidae,Ciconiiformes,2061,1013300.06,0.31,1
Ephippiorhynchus asiaticus,Ciconiidae,Ciconiiformes,4100,5462619.41,-0.61,1
Ephippiorhynchus senegalensis,Ciconiidae,Ciconiiformes,6158.73,11071552.53,-3.28,1
Jabiru mycteria,Ciconiidae,Ciconiiformes,5996.29,9048327.31,-10.32,1
Leptoptilos crumenifer,Ciconiidae,Ciconiiformes,6067.87,12361408.84,-3.07,1
Leptoptilos dubius,Ciconiidae,Ciconiiformes,9050,96821.9,24.09,2
Leptoptilos javanicus,Ciconiidae,Ciconiiformes,4650.99,1287176.59,7.51,2
Mycteria americana,Ciconiidae,Ciconiiformes,2554.47,14553444.64,-8.15,2
Mycteria cinerea,Ciconiidae,Ciconiiformes,2393,87615.95,0.12,2
Mycteria ibis,Ciconiidae,Ciconiiformes,2155.55,15368408.04,-0.44,2
Mycteria leucocephala,Ciconiidae,Ciconiiformes,3180,1543399.32,17.9,2
Colius castanotus,Coliidae,Coliiformes,56.55,289063.97,-10.81,1
Colius colius,Coliidae,Coliiformes,41.4,1611547.39,-26.5,1
Colius leucocephalus,Coliidae,Coliiformes,35.84,533022.16,0.59,1
Colius striatus,Coliidae,Coliiformes,51.1,8057145.03,-3.81,1
Urocolius indicus,Coliidae,Coliiformes,52.7,3462430.5,-22.11,1
Urocolius macrourus,Coliidae,Coliiformes,45.5,5779732.9,9.17,1
Alectroenas madagascariensis,Columbidae,Columbiformes,173,311714.72,-19.07,1
Alectroenas pulcherrimus,Columbidae,Columbiformes,165,243.54,-4.56,1
Alectroenas sganzini,Columbidae,Columbiformes,158,2217,-11.87,1
Alopecoenas beccarii,Columbidae,Columbiformes,78.73,167246.95,-5.34,1
Alopecoenas canifrons,Columbidae,Columbiformes,135,454.47,7.44,1
Alopecoenas erythropterus,Columbidae,Columbiformes,113.18,47.85,-19.19,1
Alopecoenas hoedtii,Columbidae,Columbiformes,135,27951.31,-9.11,1
Alopecoenas jobiensis,Columbidae,Columbiformes,135,647409.7,-5.49,1
Alopecoenas johannae,Columbidae,Columbiformes,78.73,71944.46,-6,1
Alopecoenas kubaryi,Columbidae,Columbiformes,162,426.86,6.98,1
Alopecoenas rubescens,Columbidae,Columbiformes,60,9.82,-8.14,1
Alopecoenas sanctaecrucis,Columbidae,Columbiformes,171,1712.93,-15.2,1
Alopecoenas stairi,Columbidae,Columbiformes,171,21209.69,-16.96,1
Alopecoenas xanthonurus,Columbidae,Columbiformes,110.62,1130.18,14.09,1
Aplopelia larvata,Columbidae,Columbiformes,155,2621498.99,-5.7,1
Caloenas nicobarica,Columbidae,Columbiformes,537.86,475640.94,-0.34,2
Chalcophaps indica,Columbidae,Columbiformes,136.54,4704607.55,11.66,1
Chalcophaps longirostris,Columbidae,Columbiformes,136.54,639179.72,-17.66,1
Chalcophaps stephani,Columbidae,Columbiformes,128.98,866814.34,-4.92,1
Chrysoena luteovirens,Columbidae,Columbiformes,46.64,9129.14,-17.83,1
Chrysoena victor,Columbidae,Columbiformes,46.64,6108.65,-16.62,1
Chrysoena viridis,Columbidae,Columbiformes,46.64,464.94,-19.04,1
Claravis pretiosa,Columbidae,Columbiformes,68.2,12977823.95,-6.4,2
Columba albinucha,Columbidae,Columbiformes,325,79766,-0.1,1
Columba albitorques,Columbidae,Columbiformes,277,137598.58,9.94,1
Columba argentina,Columbidae,Columbiformes,330,5897.6,1.52,2
Columba arquatrix,Columbidae,Columbiformes,400,1486805.14,-11.67,1
Columba bollii,Columbidae,Columbiformes,308.46,2531.08,28.35,1
Columba delegorguei,Columbidae,Columbiformes,133,232244.08,-8,1
Columba elphinstonii,Columbidae,Columbiformes,379,116434.82,13.04,1
Columba eversmanni,Columbidae,Columbiformes,202,2911677.23,41.22,3
Columba guinea,Columbidae,Columbiformes,352,10557795.16,1.25,1
Columba hodgsonii,Columbidae,Columbiformes,308.46,2007983.93,29.7,1
Columba iriditorques,Columbidae,Columbiformes,125.93,2757795.12,1.46,1
Columba janthina,Columbidae,Columbiformes,397,6158.61,30.19,1
Columba junoniae,Columbidae,Columbiformes,440,1210.6,28.36,1
Columba leucomela,Columbidae,Columbiformes,420,275007.14,-28.79,1
Columba leuconota,Columbidae,Columbiformes,284,2656832.05,33.65,1
Columba livia,Columbidae,Columbiformes,354.2,17464191.46,33.52,1
Columba malherbii,Columbidae,Columbiformes,308.46,1017.05,0.43,1
Columba oenas,Columbidae,Columbiformes,290.79,9272521.23,50.84,1
Columba oliviae,Columbidae,Columbiformes,308.46,24568.32,10.38,1
Columba pallidiceps,Columbidae,Columbiformes,459,51261.27,-6.19,1
Columba palumboides,Columbidae,Columbiformes,520,7618.24,11.22,1
Columba palumbus,Columbidae,Columbiformes,490,11947217.36,50.34,1
Columba pollenii,Columbidae,Columbiformes,308.46,2057.52,-12.06,1
Columba pulchricollis,Columbidae,Columbiformes,330,565151.19,25.51,1
Columba punicea,Columbidae,Columbiformes,434.39,190345.98,22.42,1
Columba rupestris,Columbidae,Columbiformes,245.41,11847809.42,44.45,1
Columba sjostedti,Columbidae,Columbiformes,308.46,44188.92,6.05,1
Columba thomensis,Columbidae,Columbiformes,428.66,322.72,0.22,1
Columba torringtoniae,Columbidae,Columbiformes,308.46,5001.87,6.98,1
Columba trocaz,Columbidae,Columbiformes,439.98,549.16,32.76,1
Columba unicincta,Columbidae,Columbiformes,389.14,2699737.73,0.92,1
Columba vitiensis,Columbidae,Columbiformes,353,1128735.55,-1.84,1
Columbina buckleyi,Columbidae,Columbiformes,57.5,82687.64,-1.85,1
Columbina cruziana,Columbidae,Columbiformes,50.1,334307.94,-8.14,1
Columbina cyanopis,Columbidae,Columbiformes,45.63,552.52,-17,1
Columbina inca,Columbidae,Columbiformes,47.5,2760667.85,26.18,1
Columbina minuta,Columbidae,Columbiformes,32.59,7050160.84,-8.23,1
Columbina passerina,Columbidae,Columbiformes,35.36,7241733.36,8.64,1
Columbina picui,Columbidae,Columbiformes,47,5736046.33,-23.34,3
Columbina squammata,Columbidae,Columbiformes,52.9,4814670.86,-11.81,1
Columbina talpacoti,Columbidae,Columbiformes,46.04,14617238.71,-7.62,2
Cryptophaps poecilorrhoa,Columbidae,Columbiformes,467,97468.24,-1.57,1
Didunculus strigirostris,Columbidae,Columbiformes,400,1235.53,-13.72,1
Drepanoptila holosericea,Columbidae,Columbiformes,215,16533.09,-21.34,1
Ducula aenea,Columbidae,Columbiformes,545,5136924.07,12.16,1
Ducula aurorae,Columbidae,Columbiformes,507.19,25.1,-15.84,1
Ducula badia,Columbidae,Columbiformes,485.99,2976050.68,11.81,1
Ducula bakeri,Columbidae,Columbiformes,394,4126.49,-15.3,1
Ducula basilica,Columbidae,Columbiformes,507.19,22924.77,0.87,1
Ducula bicolor,Columbidae,Columbiformes,440.01,626352.2,2.73,2
Ducula brenchleyi,Columbidae,Columbiformes,380,10822.88,-9.64,1
Ducula carola,Columbidae,Columbiformes,289,222701.31,12.01,1
Ducula chalconota,Columbidae,Columbiformes,501.99,165349.32,-5.27,1
Ducula cineracea,Columbidae,Columbiformes,507.19,3484.29,-8.94,1
Ducula concinna,Columbidae,Columbiformes,804.67,10909.95,-5.26,1
Ducula cuprea,Columbidae,Columbiformes,485.99,75660.33,11.77,1
Ducula finschii,Columbidae,Columbiformes,343.9,38730.12,-5.08,1
Ducula forsteni,Columbidae,Columbiformes,509.99,145694.29,-1.67,1
Ducula galeata,Columbidae,Columbiformes,605,32.52,-8.88,1
Ducula geelvinkiana,Columbidae,Columbiformes,534.99,2953,-0.96,1
Ducula goliath,Columbidae,Columbiformes,600,16547.11,-21.34,1
Ducula lacernulata,Columbidae,Columbiformes,150,68766.83,-7.93,1
Ducula latrans,Columbidae,Columbiformes,365.11,18045.38,-17.44,1
Ducula luctuosa,Columbidae,Columbiformes,410,145005.34,-2.02,1
Ducula melanochroa,Columbidae,Columbiformes,665,36132.41,-5.19,1
Ducula mindorensis,Columbidae,Columbiformes,507.19,1211.4,13.06,1
Ducula mullerii,Columbidae,Columbiformes,574.87,281060.32,-6.35,1
Ducula myristicivora,Columbidae,Columbiformes,534.99,7545.93,-0.9,1
Ducula neglecta,Columbidae,Columbiformes,667,18494.39,-3.22,1
Ducula obiensis,Columbidae,Columbiformes,507.19,2546.22,-1.57,1
Ducula oceanica,Columbidae,Columbiformes,371.53,1327.13,6.48,1
Ducula oenothorax,Columbidae,Columbiformes,545,400.06,-5.4,1
Ducula pacifica,Columbidae,Columbiformes,394.2,29576.66,-16.84,1
Ducula perspicillata,Columbidae,Columbiformes,667,34605.55,-0.4,1
Ducula pickeringii,Columbidae,Columbiformes,377,3060.9,5.4,2
Ducula pinon,Columbidae,Columbiformes,756,635132.32,-5.35,1
Ducula pistrinaria,Columbidae,Columbiformes,515,85422.33,-6.3,1
Ducula poliocephala,Columbidae,Columbiformes,555,266333.85,11.87,1
Ducula radiata,Columbidae,Columbiformes,295,154747.93,-1.9,1
Ducula rosacea,Columbidae,Columbiformes,385.59,61035.43,-8.46,1
Ducula rubricera,Columbidae,Columbiformes,652,72417.84,-6.31,1
Ducula rufigaster,Columbidae,Columbiformes,436,670937.24,-5.32,1
Ducula salvadorii,Columbidae,Columbiformes,756,3359.37,-10.21,1
Ducula spilorrhoa,Columbidae,Columbiformes,464,518577.49,-11.43,1
Ducula subflavescens,Columbidae,Columbiformes,440.01,47143.93,-5.01,1
Ducula whartoni,Columbidae,Columbiformes,571.18,137.18,-10.49,1
Ducula zoeae,Columbidae,Columbiformes,568,706706.05,-5.37,1
Gallicolumba crinigera,Columbidae,Columbiformes,192.15,94066.4,8.25,1
Gallicolumba keayi,Columbidae,Columbiformes,190.5,24352.06,10.58,1
Gallicolumba luzonica,Columbidae,Columbiformes,196,107374.52,15.91,1
Gallicolumba menagei,Columbidae,Columbiformes,196,585.5,5.2,1
Gallicolumba platenae,Columbidae,Columbiformes,196,475.23,13.21,1
Gallicolumba rufigula,Columbidae,Columbiformes,130,731477.39,-5.33,1
Gallicolumba tristigmata,Columbidae,Columbiformes,275,171123.3,-2.09,1
Geopelia cuneata,Columbidae,Columbiformes,31.6,5703540.33,-23.58,1
Geopelia humeralis,Columbidae,Columbiformes,128.42,2758465.78,-21.08,1
Geopelia maugeus,Columbidae,Columbiformes,56.6,85270.16,-8.87,1
Geopelia placida,Columbidae,Columbiformes,47.8,5572643.25,-24.38,1
Geopelia striata,Columbidae,Columbiformes,56.6,1047872.82,2.77,1
Geophaps plumifera,Columbidae,Columbiformes,94.33,1860384.76,-21.83,2
Geophaps scripta,Columbidae,Columbiformes,221.4,953627.9,-22.25,2
Geophaps smithii,Columbidae,Columbiformes,194,47102.86,-13.23,2
Geotrygon caniceps,Columbidae,Columbiformes,192,23265.89,21,1
Geotrygon chrysia,Columbidae,Columbiformes,169,207769.78,20.67,1
Geotrygon leucometopia,Columbidae,Columbiformes,192,4828.19,18.87,1
Geotrygon montana,Columbidae,Columbiformes,133.86,13251114.74,-5.71,1
Geotrygon mystacea,Columbidae,Columbiformes,211,13979.55,17.3,1
Geotrygon purpurata,Columbidae,Columbiformes,129,57184.69,2.23,1
Geotrygon saphirina,Columbidae,Columbiformes,203,569182.48,-3.56,1
Geotrygon versicolor,Columbidae,Columbiformes,225,11021.79,18.16,1
Geotrygon violacea,Columbidae,Columbiformes,95.2,1490404.57,-14.52,1
Goura cristata,Columbidae,Columbiformes,2000,80538.98,-2.38,1
Goura scheepmakeri,Columbidae,Columbiformes,2235,15689.12,-9.39,1
Goura sclaterii,Columbidae,Columbiformes,2235,192114.76,-6.47,1
Goura victoria,Columbidae,Columbiformes,2384,116530.35,-3.28,1
Gymnophaps albertisii,Columbidae,Columbiformes,259,535761.11,-4.89,1
Gymnophaps mada,Columbidae,Columbiformes,334,6316.85,-3.47,1
Gymnophaps solomonensis,Columbidae,Columbiformes,335,6241.28,-7.86,1
Gymnophaps stalkeri,Columbidae,Columbiformes,334,17400.44,-3.2,1
Hemiphaga chathamensis,Columbidae,Columbiformes,789,790.4,-43.94,1
Hemiphaga novaeseelandiae,Columbidae,Columbiformes,653,207708.89,-41.1,1
Henicophaps albifrons,Columbidae,Columbiformes,247,768903.29,-5.33,1
Henicophaps foersteri,Columbidae,Columbiformes,247,31332.27,-5.46,1
Leptotila battyi,Columbidae,Columbiformes,160.62,1791.99,7.49,1
Leptotila cassinii,Columbidae,Columbiformes,159,314249.82,11.76,1
Leptotila conoveri,Columbidae,Columbiformes,153.5,2812.53,3.51,1
Leptotila jamaicensis,Columbidae,Columbiformes,165,92155.91,19.35,1
Leptotila megalura,Columbidae,Columbiformes,218,147285.79,-21.62,1
Leptotila ochraceiventris,Columbidae,Columbiformes,146,6446.42,-3.76,2
Leptotila pallida,Columbidae,Columbiformes,122.76,117295.45,0.8,1
Leptotila plumbeiceps,Columbidae,Columbiformes,170,360918.88,16.68,1
Leptotila rufaxilla,Columbidae,Columbiformes,157,11668214.68,-8.97,1
Leptotila verreauxi,Columbidae,Columbiformes,146.88,15542979.81,-7.54,1
Leptotila wellsi,Columbidae,Columbiformes,200,15.36,12.05,1
Leptotrygon veraguensis,Columbidae,Columbiformes,155,127743.93,6.57,1
Leucosarcia melanoleuca,Columbidae,Columbiformes,428.57,503204.11,-30.44,1
Lopholaimus antarcticus,Columbidae,Columbiformes,496.37,317014.63,-27.3,1
Macropygia amboinensis,Columbidae,Columbiformes,237,1059941.3,-4.61,1
Macropygia emiliana,Columbidae,Columbiformes,161,580323.25,-1.69,1
Macropygia macassariensis,Columbidae,Columbiformes,237,909.04,-6.37,1
Macropygia mackinlayi,Columbidae,Columbiformes,85.85,54491.47,-9.67,1
Macropygia magna,Columbidae,Columbiformes,237,34319.88,-9.05,1
Macropygia nigrirostris,Columbidae,Columbiformes,90.09,646983.57,-4.79,1
Macropygia phasianella,Columbidae,Columbiformes,237,582030.42,-24.55,2
Macropygia ruficeps,Columbidae,Columbiformes,81.9,1783125.51,5.92,1
Macropygia rufipennis,Columbidae,Columbiformes,256.02,7597.74,11.22,1
Macropygia tenuirostris,Columbidae,Columbiformes,177,282345.03,11.79,1
Macropygia timorlaoensis,Columbidae,Columbiformes,237,3794.37,-7.62,1
Macropygia unchall,Columbidae,Columbiformes,168,2550794.48,22.97,1
Megaloprepia formosa,Columbidae,Columbiformes,118.52,21523.73,0.5,1
Megaloprepia magnifica,Columbidae,Columbiformes,185.41,979740.41,-10.36,1
Metriopelia aymara,Columbidae,Columbiformes,61.8,832237.5,-22.02,1
Metriopelia ceciliae,Columbidae,Columbiformes,55.1,490195.48,-14.5,1
Metriopelia melanoptera,Columbidae,Columbiformes,100,1845275.52,-29.4,1
Metriopelia morenoi,Columbidae,Columbiformes,28.6,106199.06,-26.53,1
Nesoenas mayeri,Columbidae,Columbiformes,302.76,75.06,-20.43,1
Nesoenas picturatus,Columbidae,Columbiformes,176.79,593803.34,-19.35,1
Ocyphaps lophotes,Columbidae,Columbiformes,204,7382616.53,-25.9,1
Oena capensis,Columbidae,Columbiformes,40.6,9891692.7,0.86,2
Otidiphaps aruensis,Columbidae,Columbiformes,499.99,7208.37,-6.17,2
Otidiphaps cervicalis,Columbidae,Columbiformes,499.99,200407.59,-6.86,2
Otidiphaps insularis,Columbidae,Columbiformes,499.99,1328.66,-9.53,2
Otidiphaps nobilis,Columbidae,Columbiformes,499.99,260128.69,-3.18,2
Paraclaravis geoffroyi,Columbidae,Columbiformes,43.47,148131.85,-24.08,2
Paraclaravis mondetoura,Columbidae,Columbiformes,89.69,342167.22,2.09,2
Patagioenas albilinea,Columbidae,Columbiformes,366.3,1071014.98,-7.68,1
Patagioenas albipennis,Columbidae,Columbiformes,347,596941.05,-16.52,1
Patagioenas araucana,Columbidae,Columbiformes,270,289225.92,-39.48,2
Patagioenas caribaea,Columbidae,Columbiformes,250,7105.93,18.19,1
Patagioenas cayennensis,Columbidae,Columbiformes,229,13517479.29,-7.62,1
Patagioenas corensis,Columbidae,Columbiformes,272.29,129079.86,10.6,1
Patagioenas fasciata,Columbidae,Columbiformes,366.3,2624630.54,32.56,1
Patagioenas flavirostris,Columbidae,Columbiformes,270.81,917034.76,19.18,1
Patagioenas goodsoni,Columbidae,Columbiformes,176,87027.2,2.97,1
Patagioenas inornata,Columbidae,Columbiformes,365,50937.43,19.12,1
Patagioenas leucocephala,Columbidae,Columbiformes,240.14,238971.29,20.42,1
Patagioenas maculosa,Columbidae,Columbiformes,347,3659053.31,-28.98,1
Patagioenas nigrirostris,Columbidae,Columbiformes,176,352468.53,14.33,1
Patagioenas oenops,Columbidae,Columbiformes,264.57,5928.3,-6.09,1
Patagioenas picazuro,Columbidae,Columbiformes,279,5829252.93,-21.04,1
Patagioenas plumbea,Columbidae,Columbiformes,178.77,6564806.47,-7.14,1
Patagioenas speciosa,Columbidae,Columbiformes,258.47,7713359.51,-4.09,1
Patagioenas squamosa,Columbidae,Columbiformes,312,202802.2,20.24,1
Patagioenas subvinacea,Columbidae,Columbiformes,162.48,6899058.97,-2.21,1
Petrophassa albipennis,Columbidae,Columbiformes,124.27,235719.79,-16.01,1
Petrophassa rufipennis,Columbidae,Columbiformes,159,55159.82,-12.72,1
Phapitreron amethystinus,Columbidae,Columbiformes,145,227781.9,12.02,1
Phapitreron brevirostris,Columbidae,Columbiformes,108,122038.36,8.38,1
Phapitreron brunneiceps,Columbidae,Columbiformes,146,95407.83,7.65,1
Phapitreron cinereiceps,Columbidae,Columbiformes,146,621.55,5.2,1
Phapitreron frontalis,Columbidae,Columbiformes,145,499.58,9.72,1
Phapitreron leucotis,Columbidae,Columbiformes,108,118342.18,15.64,1
Phapitreron maculipectus,Columbidae,Columbiformes,145,14618.34,10.17,1
Phapitreron nigrorum,Columbidae,Columbiformes,108,34140.9,10.78,1
Phaps chalcoptera,Columbidae,Columbiformes,330.74,5889502.17,-26.24,1
Phaps elegans,Columbidae,Columbiformes,211.36,694565.11,-35.41,1
Phaps histrionica,Columbidae,Columbiformes,288.97,3734100.7,-21.99,1
Ptilinopus alligator,Columbidae,Columbiformes,243,37567.63,-12.45,1
Ptilinopus arcanus,Columbidae,Columbiformes,85.9,115.91,10.44,1
Ptilinopus aurantiifrons,Columbidae,Columbiformes,152,479657,-5.11,1
Ptilinopus chalcurus,Columbidae,Columbiformes,97.6,25.1,-15.84,1
Ptilinopus chrysogaster,Columbidae,Columbiformes,97.55,381.44,-16.72,1
Ptilinopus cinctus,Columbidae,Columbiformes,243,74691.52,-8.78,1
Ptilinopus coralensis,Columbidae,Columbiformes,83.24,654.22,-16.82,1
Ptilinopus coronulatus,Columbidae,Columbiformes,76.6,670308.78,-5.36,1
Ptilinopus dohertyi,Columbidae,Columbiformes,243,10704.53,-9.76,1
Ptilinopus dupetithouarsii,Columbidae,Columbiformes,99.49,1018.27,-9.44,1
Ptilinopus eugeniae,Columbidae,Columbiformes,114,3382.95,-10.52,1
Ptilinopus fasciatus,Columbidae,Columbiformes,106,3082.71,-13.77,1
Ptilinopus gestroi,Columbidae,Columbiformes,163,385485.91,-5.15,1
Ptilinopus granulifrons,Columbidae,Columbiformes,136.5,2077.85,-1.56,1
Ptilinopus greyi,Columbidae,Columbiformes,82.68,32025.73,-19.11,1
Ptilinopus hernsheimi,Columbidae,Columbiformes,105,108.42,5.31,1
Ptilinopus huttoni,Columbidae,Columbiformes,130,4.39,-27.61,1
Ptilinopus hyogastrus,Columbidae,Columbiformes,136.5,20835.22,0.91,1
Ptilinopus insolitus,Columbidae,Columbiformes,136.49,42750.02,-5.05,1
Ptilinopus insularis,Columbidae,Columbiformes,104,41.11,-24.36,1
Ptilinopus iozonus,Columbidae,Columbiformes,114,674305.79,-5.34,1
Ptilinopus melanospilus,Columbidae,Columbiformes,92,498198.97,-2.06,1
Ptilinopus monacha,Columbidae,Columbiformes,53.9,26140.07,0.53,1
Ptilinopus nainus,Columbidae,Columbiformes,49,269374.33,-5.12,1
Ptilinopus ornatus,Columbidae,Columbiformes,163,29156.11,-1.12,1
Ptilinopus pelewensis,Columbidae,Columbiformes,93,454.47,7.44,1
Ptilinopus perlatus,Columbidae,Columbiformes,210,673225.36,-5.37,1
Ptilinopus perousii,Columbidae,Columbiformes,93.5,21647.29,-16.95,1
Ptilinopus ponapensis,Columbidae,Columbiformes,105,443.77,6.98,1
Ptilinopus porphyraceus,Columbidae,Columbiformes,105,3118.74,-18.35,1
Ptilinopus porphyreus,Columbidae,Columbiformes,168,27641.48,-4.73,1
Ptilinopus pulchellus,Columbidae,Columbiformes,70,339387.21,-4.85,1
Ptilinopus purpuratus,Columbidae,Columbiformes,97.55,1194.95,-17.66,1
Ptilinopus rarotongensis,Columbidae,Columbiformes,97.6,57.64,-20.66,1
Ptilinopus regina,Columbidae,Columbiformes,101.57,553574.47,-18.29,1
Ptilinopus richardsii,Columbidae,Columbiformes,103.93,769.1,-11.58,1
Ptilinopus rivoli,Columbidae,Columbiformes,149,294245.1,-5.05,1
Ptilinopus roseicapilla,Columbidae,Columbiformes,90.4,333.4,14.84,1
Ptilinopus solomonensis,Columbidae,Columbiformes,108.48,20687.37,-7.06,1
Ptilinopus speciosus,Columbidae,Columbiformes,108.48,2923.6,-0.95,1
Ptilinopus superbus,Columbidae,Columbiformes,118,1524991.57,-14.47,1
Ptilinopus tannensis,Columbidae,Columbiformes,208,12046.29,-16.23,1
Ptilinopus temminckii,Columbidae,Columbiformes,118,183021.37,-2.16,1
Ptilinopus viridis,Columbidae,Columbiformes,121,95441.03,-4.62,1
Ptilinopus wallacii,Columbidae,Columbiformes,208,13260.47,-6.7,1
Ramphiculus epius,Columbidae,Columbiformes,142,106805.53,-1.81,1
Ramphiculus fischeri,Columbidae,Columbiformes,177,40322.39,-1.86,1
Ramphiculus jambu,Columbidae,Columbiformes,135,1406507.42,1.12,1
Ramphiculus leclancheri,Columbidae,Columbiformes,164,288493.56,12.11,1
Ramphiculus mangoliensis,Columbidae,Columbiformes,142,3825.18,-1.83,1
Ramphiculus marchei,Columbidae,Columbiformes,326,53418.75,16.71,1
Ramphiculus meridionalis,Columbidae,Columbiformes,177,999.88,-5.25,1
Ramphiculus merrilli,Columbidae,Columbiformes,263,63334.69,15.21,1
Ramphiculus occipitalis,Columbidae,Columbiformes,238,267780.83,11.86,1
Ramphiculus subgularis,Columbidae,Columbiformes,142,2670.99,-1.4,1
Reinwardtoena browni,Columbidae,Columbiformes,304,45117.99,-4.99,1
Reinwardtoena crassirostris,Columbidae,Columbiformes,259,34295.64,-8.14,1
Reinwardtoena reinwardti,Columbidae,Columbiformes,275,656098.16,-4.43,1
Spilopelia chinensis,Columbidae,Columbiformes,159,7371539.16,19.96,1
Spilopelia senegalensis,Columbidae,Columbiformes,82.13,28873137.27,13.86,1
Spilopelia suratensis,Columbidae,Columbiformes,159,2921197.38,22.05,1
Starnoenas cyanocephala,Columbidae,Columbiformes,219,28507.5,21.14,1
Streptopelia bitorquata,Columbidae,Columbiformes,153,186292.82,-7.82,1
Streptopelia capicola,Columbidae,Columbiformes,142,9534302.21,-12.47,1
Streptopelia decaocto,Columbidae,Columbiformes,148.96,19265912.02,40.2,1
Streptopelia decipiens,Columbidae,Columbiformes,134,7210175.11,2.85,1
Streptopelia dusumieri,Columbidae,Columbiformes,153,277310.82,11.75,1
Streptopelia hypopyrrha,Columbidae,Columbiformes,162,529885.84,10.45,1
Streptopelia lugens,Columbidae,Columbiformes,155,945579.48,6.17,1
Streptopelia orientalis,Columbidae,Columbiformes,232.94,16926350.97,43.17,3
Streptopelia reichenowi,Columbidae,Columbiformes,119,153525.54,4,1
Streptopelia roseogrisea,Columbidae,Columbiformes,155,6532097.97,15.74,1
Streptopelia semitorquata,Columbidae,Columbiformes,176,13753343.72,-3.6,1
Streptopelia tranquebarica,Columbidae,Columbiformes,103,9407303.38,26.15,1
Streptopelia turtur,Columbidae,Columbiformes,132,17578320.62,45.44,3
Streptopelia vinacea,Columbidae,Columbiformes,110,6146574.47,10.58,1
Streptopelia xanthocycla,Columbidae,Columbiformes,148.96,230039.62,21.33,1
Treron affinis,Columbidae,Columbiformes,234,184675.97,14.61,1
Treron apicauda,Columbidae,Columbiformes,217.19,1630253.65,23.37,1
Treron aromaticus,Columbidae,Columbiformes,234,8554.31,-3.42,1
Treron australis,Columbidae,Columbiformes,229,505554.32,-19.38,1
Treron axillaris,Columbidae,Columbiformes,234,275189.62,11.82,1
Treron bicinctus,Columbidae,Columbiformes,174,2448171.73,17.13,1
Treron calvus,Columbidae,Columbiformes,197.53,10739326.33,-2.7,2
Treron capellei,Columbidae,Columbiformes,401.33,1127623.03,0.73,1
Treron chloropterus,Columbidae,Columbiformes,234,6117.84,11.21,1
Treron curvirostra,Columbidae,Columbiformes,134.45,3273169.54,13.64,1
Treron delalandii,Columbidae,Columbiformes,197.53,636994.71,-18.72,2
Treron floris,Columbidae,Columbiformes,205.65,37609.37,-8.58,1
Treron formosae,Columbidae,Columbiformes,140,36641.74,23.68,1
Treron fulvicollis,Columbidae,Columbiformes,167,932158.97,1.34,1
Treron griseicauda,Columbidae,Columbiformes,205.65,245187.84,-4.32,1
Treron griveaudi,Columbidae,Columbiformes,229,63.88,-12.31,1
Treron olax,Columbidae,Columbiformes,77,1359140.89,0.88,1
Treron oxyurus,Columbidae,Columbiformes,205.65,95078.12,0.78,1
Treron pembaensis,Columbidae,Columbiformes,205.65,908.29,-5.17,1
Treron permagnus,Columbidae,Columbiformes,140,3735.23,27.13,1
Treron phayrei,Columbidae,Columbiformes,187,1719830.14,19.87,1
Treron phoenicopterus,Columbidae,Columbiformes,235,4843995.11,21.9,1
Treron pompadora,Columbidae,Columbiformes,234,65443.57,7.61,1
Treron psittaceus,Columbidae,Columbiformes,205.65,21010.32,-9.32,1
Treron sanctithomae,Columbidae,Columbiformes,205.65,856.75,0.24,1
Treron seimundi,Columbidae,Columbiformes,157.79,219840.39,16.11,1
Treron sieboldii,Columbidae,Columbiformes,245,2159328.24,28.01,2
Treron sphenurus,Columbidae,Columbiformes,210,1738455.55,22.52,2
Treron teysmannii,Columbidae,Columbiformes,205.65,6075.21,-9.82,1
Treron vernans,Columbidae,Columbiformes,132,2260914.59,3.34,1
Treron waalia,Columbidae,Columbiformes,254,5454383.59,10.69,2
Trugon terrestris,Columbidae,Columbiformes,400,651761.91,-5.35,1
Turacoena manadensis,Columbidae,Columbiformes,208.6,157651.99,-2.11,1
Turacoena modesta,Columbidae,Columbiformes,340,31634.62,-9.14,1
Turacoena sulaensis,Columbidae,Columbiformes,208.6,4637.38,-1.88,1
Turtur abyssinicus,Columbidae,Columbiformes,62.7,3889636.7,11.41,1
Turtur afer,Columbidae,Columbiformes,65.6,10011361.74,2.08,1
Turtur brehmeri,Columbidae,Columbiformes,116,2760838.43,2.42,1
Turtur chalcospilos,Columbidae,Columbiformes,60.6,5888722.68,-10.42,1
Turtur tympanistria,Columbidae,Columbiformes,70.58,8134665.65,-4.36,1
Uropelia campestris,Columbidae,Columbiformes,35.2,1791696.14,-13.63,1
Zenaida asiatica,Columbidae,Columbiformes,153,2959489.41,25.56,1
Zenaida auriculata,Columbidae,Columbiformes,110.2,11530888.21,-20.36,1
Zenaida aurita,Columbidae,Columbiformes,156,230577.71,20.41,1
Zenaida galapagoensis,Columbidae,Columbiformes,111,8331.05,-0.54,1
Zenaida graysoni,Columbidae,Columbiformes,192,NA,NA,1
Zenaida macroura,Columbidae,Columbiformes,118.93,11131808.01,39.64,1
Zenaida meloda,Columbidae,Columbiformes,209.18,265815.1,-15.94,1
Zentrygon albifacies,Columbidae,Columbiformes,238,192106.95,16.08,1
Zentrygon carrikeri,Columbidae,Columbiformes,267,127.54,18.38,1
Zentrygon chiriquensis,Columbidae,Columbiformes,308,16384.72,9.41,1
Zentrygon costaricensis,Columbidae,Columbiformes,285.09,16523.84,9.38,1
Zentrygon frenata,Columbidae,Columbiformes,307,442995.43,-8.2,1
Zentrygon goldmani,Columbidae,Columbiformes,258,6012.31,7.83,1
Zentrygon lawrencii,Columbidae,Columbiformes,220,7970.03,9.36,1
Zentrygon linearis,Columbidae,Columbiformes,261,162092.83,7.84,1
Actenoides bougainvillei,Alcedinidae,Coraciiformes,188,6382.98,-6.2,1
Actenoides capucinus,Alcedinidae,Coraciiformes,150,64905.92,-3.88,1
Actenoides concretus,Alcedinidae,Coraciiformes,73.47,1024430.32,1.16,1
Actenoides excelsus,Alcedinidae,Coraciiformes,188,1739.96,-9.69,1
Actenoides hombroni,Alcedinidae,Coraciiformes,117,24714.25,8.06,1
Actenoides lindsayi,Alcedinidae,Coraciiformes,92.84,106620.85,14.77,1
Actenoides monachus,Alcedinidae,Coraciiformes,150,72249.86,-0.48,1
Actenoides princeps,Alcedinidae,Coraciiformes,105,100980.44,-1.3,1
Actenoides regalis,Alcedinidae,Coraciiformes,105,19210.35,-3.11,1
Alcedo atthis,Alcedinidae,Coraciiformes,31.09,24992154.31,39.55,1
Alcedo coerulescens,Alcedinidae,Coraciiformes,34.9,218566.25,-6.43,1
Alcedo euryzona,Alcedinidae,Coraciiformes,43.08,125365.64,-7.3,1
Alcedo hercules,Alcedinidae,Coraciiformes,62.5,698178.98,22.73,1
Alcedo meninting,Alcedinidae,Coraciiformes,20.42,3655192.84,10.45,1
Alcedo peninsulae,Alcedinidae,Coraciiformes,43.08,1168022.53,1.04,1
Alcedo quadribrachys,Alcedinidae,Coraciiformes,34.9,4674328.28,1.58,1
Alcedo semitorquata,Alcedinidae,Coraciiformes,47.32,3463736.2,-13.94,1
Caridonax fulgidus,Alcedinidae,Coraciiformes,171.81,33455.22,-8.61,1
Ceryle rudis,Alcedinidae,Coraciiformes,84.37,23875911.23,7.17,1
Ceyx argentatus,Alcedinidae,Coraciiformes,17.84,96693.82,7.68,1
Ceyx azureus,Alcedinidae,Coraciiformes,34.9,3398489.47,-20.15,1
Ceyx cajeli,Alcedinidae,Coraciiformes,21.32,8554.31,-3.42,1
Ceyx collectoris,Alcedinidae,Coraciiformes,21.32,4988.07,-8.23,1
Ceyx cyanopectus,Alcedinidae,Coraciiformes,21.5,111263.19,15.59,1
Ceyx dispar,Alcedinidae,Coraciiformes,21.32,1878.51,-2.09,1
Ceyx erithaca,Alcedinidae,Coraciiformes,17.79,3196823.57,8.98,1
Ceyx fallax,Alcedinidae,Coraciiformes,18,157661.88,-2.02,1
Ceyx flumenicola,Alcedinidae,Coraciiformes,17.84,23319.06,11.27,1
Ceyx gentianus,Alcedinidae,Coraciiformes,21.32,3331.79,-10.53,1
Ceyx lepidus,Alcedinidae,Coraciiformes,21.32,43842.15,-1.01,1
Ceyx margarethae,Alcedinidae,Coraciiformes,21.32,116128.28,8.05,1
Ceyx meeki,Alcedinidae,Coraciiformes,21.32,17124.46,-6.81,1
Ceyx melanurus,Alcedinidae,Coraciiformes,22.8,127390.35,15.23,1
Ceyx mindanensis,Alcedinidae,Coraciiformes,22.8,95454.87,7.65,1
Ceyx mulcatus,Alcedinidae,Coraciiformes,21.32,8783.42,-3.58,1
Ceyx nigrirostris,Alcedinidae,Coraciiformes,21.5,28799.29,10.54,1
Ceyx nigromaxilla,Alcedinidae,Coraciiformes,21.32,9792.65,-9.35,1
Ceyx pusillus,Alcedinidae,Coraciiformes,13.3,910124.54,-8.47,1
Ceyx sacerdotis,Alcedinidae,Coraciiformes,21.32,36285.3,-5.48,1
Ceyx sangirensis,Alcedinidae,Coraciiformes,18,556.37,3.56,1
Ceyx solitarius,Alcedinidae,Coraciiformes,21.32,687104.79,-5.34,1
Ceyx wallacii,Alcedinidae,Coraciiformes,21.32,4678.51,-1.88,1
Ceyx websteri,Alcedinidae,Coraciiformes,60.97,13725.07,-4.62,1
Chloroceryle aenea,Alcedinidae,Coraciiformes,13.75,9332280.13,-3.66,1
Chloroceryle amazona,Alcedinidae,Coraciiformes,126.38,14157184.63,-8.36,1
Chloroceryle americana,Alcedinidae,Coraciiformes,33.73,16946715.06,-5.49,1
Chloroceryle inda,Alcedinidae,Coraciiformes,52.1,8573926.25,-4.85,1
Cittura cyanotis,Alcedinidae,Coraciiformes,147,73612.74,-0.77,1
Cittura sanghirensis,Alcedinidae,Coraciiformes,147,671.57,3.42,1
Clytoceyx rex,Alcedinidae,Coraciiformes,242,340625.85,-5.21,1
Corythornis cristatus,Alcedinidae,Coraciiformes,15.7,14363969.72,-3.46,1
Corythornis leucogaster,Alcedinidae,Coraciiformes,14.5,2739779.01,1.85,1
Corythornis madagascariensis,Alcedinidae,Coraciiformes,17.7,158670.3,-17.91,1
Corythornis nais,Alcedinidae,Coraciiformes,15.7,146.64,1.62,1
Corythornis thomensis,Alcedinidae,Coraciiformes,15.7,858.55,0.24,1
Corythornis vintsioides,Alcedinidae,Coraciiformes,17.9,572332.97,-19.35,1
Dacelo gaudichaud,Alcedinidae,Coraciiformes,143,671238.41,-5.36,1
Dacelo leachii,Alcedinidae,Coraciiformes,307.98,2183194.4,-17.91,1
Dacelo novaeguineae,Alcedinidae,Coraciiformes,333.8,2413843.09,-28.34,1
Dacelo tyro,Alcedinidae,Coraciiformes,145.9,36878.49,-7.96,1
Halcyon albiventris,Alcedinidae,Coraciiformes,65.1,3765344.98,-14.23,1
Halcyon badia,Alcedinidae,Coraciiformes,57.9,3197177.13,1.09,1
Halcyon chelicuti,Alcedinidae,Coraciiformes,43.24,13120453.97,-2.45,1
Halcyon coromanda,Alcedinidae,Coraciiformes,77.5,2736822.53,14.22,3
Halcyon cyanoventris,Alcedinidae,Coraciiformes,93,131597.72,-7.35,1
Halcyon gularis,Alcedinidae,Coraciiformes,91.4,278326.5,11.86,2
Halcyon leucocephala,Alcedinidae,Coraciiformes,41.8,14797715.21,0.43,2
Halcyon malimbica,Alcedinidae,Coraciiformes,91.8,4774587.94,3.9,1
Halcyon pileata,Alcedinidae,Coraciiformes,83.99,3068117.98,31.18,2
Halcyon senegalensis,Alcedinidae,Coraciiformes,73.44,14752529.26,-0.14,1
Halcyon senegaloides,Alcedinidae,Coraciiformes,61.8,193724.21,-15.09,2
Halcyon smyrnensis,Alcedinidae,Coraciiformes,91.4,6823580.46,21.21,2
Ispidina lecontei,Alcedinidae,Coraciiformes,9.5,2195930.36,1.55,1
Ispidina picta,Alcedinidae,Coraciiformes,12.72,13894765.2,-0.83,1
Lacedo melanops,Alcedinidae,Coraciiformes,47.27,640017.28,0.71,1
Lacedo pulchella,Alcedinidae,Coraciiformes,47.27,1429865.78,9.68,1
Megaceryle alcyon,Alcedinidae,Coraciiformes,148,13996585.38,50.37,2
Megaceryle lugubris,Alcedinidae,Coraciiformes,270.99,5024200.4,29.15,1
Megaceryle maxima,Alcedinidae,Coraciiformes,325,13133154.9,-3.51,1
Megaceryle torquata,Alcedinidae,Coraciiformes,317,16295521.19,-12.31,1
Melidora macrorrhina,Alcedinidae,Coraciiformes,97,654694.19,-5.26,1
Pelargopsis amauroptera,Alcedinidae,Coraciiformes,162,126305.17,18.72,1
Pelargopsis capensis,Alcedinidae,Coraciiformes,178.68,5091973.15,13.61,2
Pelargopsis melanorhyncha,Alcedinidae,Coraciiformes,193.26,168034.98,-2.14,2
Syma megarhyncha,Alcedinidae,Coraciiformes,56,157417.53,-5.49,1
Syma torotoro,Alcedinidae,Coraciiformes,37.7,650715.4,-5.78,1
Tanysiptera carolinae,Alcedinidae,Coraciiformes,50.15,336.02,-1.03,1
Tanysiptera danae,Alcedinidae,Coraciiformes,43.48,27139,-9.26,1
Tanysiptera ellioti,Alcedinidae,Coraciiformes,50.15,176.04,-1.19,1
Tanysiptera galatea,Alcedinidae,Coraciiformes,50,702146.79,-5.2,1
Tanysiptera hydrocharis,Alcedinidae,Coraciiformes,33,48882.84,-8.02,1
Tanysiptera nigriceps,Alcedinidae,Coraciiformes,49.6,36370.57,-5.48,3
Tanysiptera nympha,Alcedinidae,Coraciiformes,57,104476.66,-2.63,1
Tanysiptera riedelii,Alcedinidae,Coraciiformes,63.5,2526.51,-0.94,1
Tanysiptera sylvia,Alcedinidae,Coraciiformes,49.6,94811.55,-17.05,3
Todiramphus albonotatus,Alcedinidae,Coraciiformes,32,30015.58,-5.51,1
Todiramphus australasia,Alcedinidae,Coraciiformes,43,54650.76,-9.09,1
Todiramphus chloris,Alcedinidae,Coraciiformes,66.09,3828153.1,0.66,1
Todiramphus cinnamominus,Alcedinidae,Coraciiformes,62.2,NA,NA,1
Todiramphus diops,Alcedinidae,Coraciiformes,47.37,25186.57,0.64,1
Todiramphus enigma,Alcedinidae,Coraciiformes,66.1,1018.35,4.21,1
Todiramphus farquhari,Alcedinidae,Coraciiformes,38.8,5637.52,-15.57,1
Todiramphus funebris,Alcedinidae,Coraciiformes,126,18106.9,0.87,1
Todiramphus gambieri,Alcedinidae,Coraciiformes,39,25.36,-16.15,1
Todiramphus godeffroyi,Alcedinidae,Coraciiformes,63.35,67.5,-9.94,1
Todiramphus lazuli,Alcedinidae,Coraciiformes,47.4,18388.64,-3.23,1
Todiramphus leucopygius,Alcedinidae,Coraciiformes,47.92,23194.38,-7.52,1
Todiramphus macleayii,Alcedinidae,Coraciiformes,37.3,1023997.36,-18.8,3
Todiramphus nigrocyaneus,Alcedinidae,Coraciiformes,54.2,463339.63,-4.92,1
Todiramphus pelewensis,Alcedinidae,Coraciiformes,62.2,445.07,7.46,1
Todiramphus pyrrhopygius,Alcedinidae,Coraciiformes,51.7,7435153.36,-25.32,1
Todiramphus recurvirostris,Alcedinidae,Coraciiformes,52.96,2877.15,-13.74,1
Todiramphus reichenbachii,Alcedinidae,Coraciiformes,62.2,354.06,6.88,1
Todiramphus ruficollaris,Alcedinidae,Coraciiformes,34.9,50.39,-21.91,1
Todiramphus sanctus,Alcedinidae,Coraciiformes,52.96,5939587.69,-26.17,3
Todiramphus saurophagus,Alcedinidae,Coraciiformes,126,134276.08,-3.59,1
Todiramphus tutus,Alcedinidae,Coraciiformes,42.32,447.02,-17.1,1
Todiramphus veneratus,Alcedinidae,Coraciiformes,44.5,1061.31,-17.68,1
Todiramphus winchelli,Alcedinidae,Coraciiformes,67.39,133080.36,8.61,1
Todiramphus youngi,Alcedinidae,Coraciiformes,50.5,133.69,-17.53,1
Atelornis crossleyi,Brachypteraciidae,Coraciiformes,79,22418.55,-17.72,1
Atelornis pittoides,Brachypteraciidae,Coraciiformes,91.5,45907.82,-17.77,1
Brachypteracias leptosomus,Brachypteraciidae,Coraciiformes,185,39070.42,-17.88,1
Geobiastes squamiger,Brachypteraciidae,Coraciiformes,155,21195.48,-17.7,1
Uratelornis chimaera,Brachypteraciidae,Coraciiformes,226,10424.48,-22.44,1
Coracias abyssinicus,Coraciidae,Coraciiformes,102,7043827.44,10.49,1
Coracias affinis,Coraciidae,Coraciiformes,157.46,2434075.19,19.9,2
Coracias benghalensis,Coraciidae,Coraciiformes,157.46,3925127.24,23.51,2
Coracias caudatus,Coraciidae,Coraciiformes,110,8821260.61,-11.6,2
Coracias cyanogaster,Coraciidae,Coraciiformes,142,2031616.71,9.53,1
Coracias garrulus,Coraciidae,Coraciiformes,146,9539437.58,43.92,3
Coracias naevius,Coraciidae,Coraciiformes,168,9355490.24,-2.73,1
Coracias spatulatus,Coraciidae,Coraciiformes,90.36,2917947.7,-13.68,1
Coracias temminckii,Coraciidae,Coraciiformes,153.67,146790.51,-2.11,1
Eurystomus azureus,Coraciidae,Coraciiformes,122.76,20693.58,0.71,1
Eurystomus glaucurus,Coraciidae,Coraciiformes,110,13880859.89,-0.99,1
Eurystomus gularis,Coraciidae,Coraciiformes,96.29,2827968.86,1.89,1
Eurystomus orientalis,Coraciidae,Coraciiformes,143.02,12922409.59,14.36,3
Meropogon forsteni,Meropidae,Coraciiformes,55,135924.86,-1.44,1
Merops albicollis,Meropidae,Coraciiformes,25.9,1564871.29,15.45,2
Merops americanus,Meropidae,Coraciiformes,37.4,259375.1,11.93,1
Merops apiaster,Meropidae,Coraciiformes,56.6,11028502.02,40.17,3
Merops boehmi,Meropidae,Coraciiformes,16.6,700033.6,-10.29,1
Merops breweri,Meropidae,Coraciiformes,49.74,1625936.76,0.7,1
Merops bullockoides,Meropidae,Coraciiformes,34.8,5313566.69,-13.41,1
Merops bulocki,Meropidae,Coraciiformes,23.1,2933973.62,9.95,1
Merops cyanophrys,Meropidae,Coraciiformes,14.8,1195356.98,21.07,1
Merops gularis,Meropidae,Coraciiformes,27.3,3027624.96,1.03,1
Merops hirundineus,Meropidae,Coraciiformes,21.7,8552948.69,-7.98,1
Merops lafresnayii,Meropidae,Coraciiformes,22.5,692582.84,9.28,1
Merops leschenaulti,Meropidae,Coraciiformes,27.2,2822822.27,16.59,1
Merops malimbicus,Meropidae,Coraciiformes,50.37,1108392.87,0.5,1
Merops mentalis,Meropidae,Coraciiformes,22.5,322960.74,6.64,1
Merops muelleri,Meropidae,Coraciiformes,22.5,1597560.38,0.62,1
Merops nubicoides,Meropidae,Coraciiformes,42.4,1104907.6,-16.48,2
Merops nubicus,Meropidae,Coraciiformes,42.4,6717055.8,10.72,2
Merops oreobates,Meropidae,Coraciiformes,23.96,360934.32,-0.68,1
Merops orientalis,Meropidae,Coraciiformes,14.8,5717891,21.74,1
Merops ornatus,Meropidae,Coraciiformes,29.5,6451756.43,-25.32,3
Merops persicus,Meropidae,Coraciiformes,49.3,3658429.52,34.61,3
Merops philippinus,Meropidae,Coraciiformes,34,4254463.63,18.69,3
Merops pusillus,Meropidae,Coraciiformes,15.1,14410773.71,-1.1,1
Merops revoilii,Meropidae,Coraciiformes,12.9,958341.75,5.49,1
Merops superciliosus,Meropidae,Coraciiformes,38.5,4269964.77,-8.67,2
Merops variegatus,Meropidae,Coraciiformes,22.5,3491407.89,-3.01,1
Merops viridis,Meropidae,Coraciiformes,34.8,3204518.18,11.3,1
Merops viridissimus,Meropidae,Coraciiformes,14.8,4350127.11,14.11,1
Nyctyornis amictus,Meropidae,Coraciiformes,71.89,1492016.66,1.98,1
Nyctyornis athertoni,Meropidae,Coraciiformes,84.23,2622222.41,20.49,1
Aspatha gularis,Momotidae,Coraciiformes,62.7,99079.03,15.29,1
Baryphthengus martii,Momotidae,Coraciiformes,165.02,3234290.46,-6.17,1
Baryphthengus ruficapillus,Momotidae,Coraciiformes,141.65,1565635.85,-21.49,1
Electron carinatum,Momotidae,Coraciiformes,64.9,36090.54,14.65,1
Electron platyrhynchum,Momotidae,Coraciiformes,73,2864115.61,-5.85,1
Eumomota superciliosa,Momotidae,Coraciiformes,62.5,242415.12,16.3,1
Hylomanes momotula,Momotidae,Coraciiformes,29.3,343980.59,15.29,1
Momotus aequatorialis,Momotidae,Coraciiformes,158,97380.48,-2.79,1
Momotus bahamensis,Momotidae,Coraciiformes,111,5221.07,10.47,1
Momotus coeruliceps,Momotidae,Coraciiformes,118,38339.33,23.61,1
Momotus lessonii,Momotidae,Coraciiformes,115,637042.27,16.07,1
Momotus mexicanus,Momotidae,Coraciiformes,75.7,322967.33,19.91,1
Momotus momota,Momotidae,Coraciiformes,114.96,8096018.25,-6.18,1
Momotus subrufescens,Momotidae,Coraciiformes,97.1,341747.75,6.25,1
Todus angustirostris,Todidae,Coraciiformes,7.5,74117.21,18.91,1
Todus mexicanus,Todidae,Coraciiformes,5.9,8774.42,18.23,1
Todus multicolor,Todidae,Coraciiformes,5.9,109693.07,21.62,1
Todus subulatus,Todidae,Coraciiformes,8.7,74799.65,18.91,1
Todus todus,Todidae,Coraciiformes,6.4,11021.79,18.16,1
Cacomantis aeruginosus,Cuculidae,Cuculiformes,35.8,49279.18,-1.57,1
Cacomantis castaneiventris,Cuculidae,Cuculiformes,33.2,790922.13,-5.63,1
Cacomantis flabelliformis,Cuculidae,Cuculiformes,49.8,2434269.44,-28.78,1
Cacomantis merulinus,Cuculidae,Cuculiformes,25.3,5031778.72,13.43,1
Cacomantis passerinus,Cuculidae,Cuculiformes,25.3,2080488.85,21.16,1
Cacomantis sonneratii,Cuculidae,Cuculiformes,33.8,4946192.25,13.43,1
Cacomantis variolosus,Cuculidae,Cuculiformes,35.75,3706197.51,-8.9,1
Caliechthrus leucolophus,Cuculidae,Cuculiformes,107.16,498715.91,-4.93,1
Carpococcyx radiceus,Cuculidae,Cuculiformes,495.68,466895.64,0.61,1
Carpococcyx renauldi,Cuculidae,Cuculiformes,400,457300.49,14.66,1
Carpococcyx viridis,Cuculidae,Cuculiformes,495.7,25182.19,-2.9,1
Centropus andamanensis,Cuculidae,Cuculiformes,164,6771.83,11.54,1
Centropus anselli,Cuculidae,Cuculiformes,210,1058987.75,-0.45,1
Centropus ateralbus,Cuculidae,Cuculiformes,339,40984.98,-5.2,1
Centropus bengalensis,Cuculidae,Cuculiformes,148.91,6030216.39,14.75,1
Centropus bernsteini,Cuculidae,Cuculiformes,162.11,516862.9,-4.62,1
Centropus celebensis,Cuculidae,Cuculiformes,244.36,134955.48,-1.98,1
Centropus chalybeus,Cuculidae,Cuculiformes,244.36,2526.51,-0.94,1
Centropus chlororhynchos,Cuculidae,Cuculiformes,244.36,12120.28,6.7,1
Centropus cupreicaudus,Cuculidae,Cuculiformes,285.18,1750330.64,-12.24,1
Centropus goliath,Cuculidae,Cuculiformes,499.42,25406.99,0.63,2
Centropus grillii,Cuculidae,Cuculiformes,122.88,8530549.35,-2.78,2
Centropus leucogaster,Cuculidae,Cuculiformes,307.81,1335483.71,5.96,1
Centropus melanops,Cuculidae,Cuculiformes,221.2,106106,8.34,1
Centropus menbeki,Cuculidae,Cuculiformes,519,645860.01,-5.29,1
Centropus milo,Cuculidae,Cuculiformes,769,11026.51,-8.96,1
Centropus monachus,Cuculidae,Cuculiformes,201.31,2920157.62,4.2,1
Centropus nigrorufus,Cuculidae,Cuculiformes,244.36,28067.43,-7.14,1
Centropus phasianinus,Cuculidae,Cuculiformes,381.98,2665520.2,-17.66,1
Centropus rectunguis,Cuculidae,Cuculiformes,238,1104920.96,0.53,1
Centropus senegalensis,Cuculidae,Cuculiformes,169,9875812.37,3.67,1
Centropus sinensis,Cuculidae,Cuculiformes,280.7,7931391.58,18,1
Centropus spilopterus,Cuculidae,Cuculiformes,244.36,1110.39,-5.66,1
Centropus steerii,Cuculidae,Cuculiformes,198.43,699.12,13.16,1
Centropus superciliosus,Cuculidae,Cuculiformes,148.45,7292900.16,-7.54,1
Centropus toulou,Cuculidae,Cuculiformes,166.35,590995.81,-19.38,1
Centropus unirufus,Cuculidae,Cuculiformes,183.76,80442.96,15.82,1
Centropus violaceus,Cuculidae,Cuculiformes,499.99,38717.48,-5.19,1
Centropus viridis,Cuculidae,Cuculiformes,142,273885.38,11.87,1
Cercococcyx lemaireae,Cuculidae,Cuculiformes,55.6,NA,NA,1
Cercococcyx mechowi,Cuculidae,Cuculiformes,55.6,1382953.57,2.06,1
Cercococcyx montanus,Cuculidae,Cuculiformes,58.2,733955.71,-9.74,1
Cercococcyx olivinus,Cuculidae,Cuculiformes,65.9,1841106,1.42,1
Ceuthmochares aereus,Cuculidae,Cuculiformes,65.8,4005421.1,-0.57,1
Ceuthmochares australis,Cuculidae,Cuculiformes,65.8,1160496.4,-13.22,1
Chalcites basalis,Cuculidae,Cuculiformes,23.12,7686831.12,-25.73,1
Chalcites crassirostris,Cuculidae,Cuculiformes,18.6,4749.84,-7.34,1
Chalcites lucidus,Cuculidae,Cuculiformes,24.44,2736789.25,-30.39,1
Chalcites megarhynchus,Cuculidae,Cuculiformes,31.5,152360.64,-3.39,1
Chalcites meyerii,Cuculidae,Cuculiformes,19.42,513273.66,-4.88,1
Chalcites minutillus,Cuculidae,Cuculiformes,18.6,2896885.75,-9.9,1
Chalcites osculans,Cuculidae,Cuculiformes,30.9,7041722.87,-25.39,1
Chalcites ruficollis,Cuculidae,Cuculiformes,21,156338.37,-5.39,1
Chrysococcyx caprius,Cuculidae,Cuculiformes,32.79,17768023.87,-2.97,1
Chrysococcyx cupreus,Cuculidae,Cuculiformes,37.7,11402508.04,-2.08,1
Chrysococcyx flavigularis,Cuculidae,Cuculiformes,29.19,2131118.51,1.12,1
Chrysococcyx klaas,Cuculidae,Cuculiformes,27.37,14138608.99,-2.44,1
Chrysococcyx maculatus,Cuculidae,Cuculiformes,27.38,1869561.64,24.16,1
Chrysococcyx xanthorhynchus,Cuculidae,Cuculiformes,22.37,2956376.12,8.64,1
Clamator coromandus,Cuculidae,Cuculiformes,74.59,5851485.76,24.55,3
Clamator glandarius,Cuculidae,Cuculiformes,143,13672737.21,1.44,3
Clamator jacobinus,Cuculidae,Cuculiformes,79.37,16118043.62,3,3
Clamator levaillantii,Cuculidae,Cuculiformes,122,9843346.04,-3.5,3
Coccycua cinerea,Cuculidae,Cuculiformes,41.04,2258759.94,-27.92,3
Coccycua minuta,Cuculidae,Cuculiformes,39.3,8754206.58,-4.4,1
Coccycua pumila,Cuculidae,Cuculiformes,37.1,647667.46,7.49,1
Coccyzus americanus,Cuculidae,Cuculiformes,64,5270361.03,36.04,3
Coccyzus bahamensis,Cuculidae,Cuculiformes,169.59,5895.19,24.53,2
Coccyzus erythropthalmus,Cuculidae,Cuculiformes,50.9,4944717.14,43.59,3
Coccyzus euleri,Cuculidae,Cuculiformes,52.3,9036508.43,-7.81,3
Coccyzus ferrugineus,Cuculidae,Cuculiformes,70,24.76,5.53,1
Coccyzus lansbergi,Cuculidae,Cuculiformes,50.3,326111.2,6.96,3
Coccyzus longirostris,Cuculidae,Cuculiformes,100,75087.7,18.91,1
Coccyzus melacoryphus,Cuculidae,Cuculiformes,49.71,14444342.03,-10.07,1
Coccyzus merlini,Cuculidae,Cuculiformes,169.59,109791.83,21.62,2
Coccyzus minor,Cuculidae,Cuculiformes,63.89,1105292.18,14.86,2
Coccyzus pluvialis,Cuculidae,Cuculiformes,163,11021.79,18.16,1
Coccyzus rufigularis,Cuculidae,Cuculiformes,128,1132.73,18.46,1
Coccyzus vetula,Cuculidae,Cuculiformes,96,11021.79,18.16,1
Coccyzus vieilloti,Cuculidae,Cuculiformes,81.9,8774.42,18.23,1
Coua caerulea,Cuculidae,Cuculiformes,244,333697.61,-18.91,1
Coua coquereli,Cuculidae,Cuculiformes,160,140358.93,-18.42,1
Coua cristata,Cuculidae,Cuculiformes,147,271871.29,-17.8,1
Coua cursor,Cuculidae,Cuculiformes,110,51235.25,-23.83,1
Coua gigas,Cuculidae,Cuculiformes,424,149356.19,-20.15,1
Coua olivaceiceps,Cuculidae,Cuculiformes,180,80609.27,-23.2,1
Coua pyropyga,Cuculidae,Cuculiformes,147,110509.72,-22.56,1
Coua reynaudii,Cuculidae,Cuculiformes,153,320733.34,-18.9,1
Coua ruficeps,Cuculidae,Cuculiformes,180,97596.63,-17.68,1
Coua serriana,Cuculidae,Cuculiformes,293,62730.5,-16.09,1
Coua verreauxi,Cuculidae,Cuculiformes,99,20300.52,-24.23,1
Crotophaga ani,Cuculidae,Cuculiformes,110.09,14110810.9,-8.83,1
Crotophaga major,Cuculidae,Cuculiformes,148.25,12117795.17,-8.14,1
Crotophaga sulcirostris,Cuculidae,Cuculiformes,82.04,2696933.46,12.58,1
Cuculus canorus,Cuculidae,Cuculiformes,111.36,37338142.79,49.44,3
Cuculus clamosus,Cuculidae,Cuculiformes,78.8,11853670.65,-6.32,3
Cuculus crassirostris,Cuculidae,Cuculiformes,88.75,84201.42,-1.69,1
Cuculus gularis,Cuculidae,Cuculiformes,103,12409053.89,-3.8,2
Cuculus lepidus,Cuculidae,Cuculiformes,87,793282.86,-2.17,1
Cuculus micropterus,Cuculidae,Cuculiformes,88.75,10050685.23,25.25,1
Cuculus poliocephalus,Cuculidae,Cuculiformes,46.56,5291320.75,32.14,3
Cuculus rochii,Cuculidae,Cuculiformes,62.7,575938.39,-19.23,3
Cuculus saturatus,Cuculidae,Cuculiformes,87,16826585.93,52.86,3
Cuculus solitarius,Cuculidae,Cuculiformes,76.73,12082464.27,-5.05,2
Dasylophus superciliosus,Cuculidae,Cuculiformes,123,16303.41,15.49,1
Dromococcyx pavoninus,Cuculidae,Cuculiformes,46.4,3100662.23,-11.33,1
Dromococcyx phasianellus,Cuculidae,Cuculiformes,84.5,9600099.1,-9.54,1
Eudynamys orientalis,Cuculidae,Cuculiformes,194.92,2672035.03,-13.65,1
Eudynamys scolopaceus,Cuculidae,Cuculiformes,194.92,9692360.68,19.56,2
Geococcyx californianus,Cuculidae,Cuculiformes,376,3008009.53,30.77,1
Geococcyx velox,Cuculidae,Cuculiformes,179.89,517104.33,18.34,1
Guira guira,Cuculidae,Cuculiformes,141,8027232.35,-20.34,1
Heteroscenes pallidus,Cuculidae,Cuculiformes,87.69,7667931.16,-25.74,1
Hierococcyx bocki,Cuculidae,Cuculiformes,151,288312.16,2.38,3
Hierococcyx fugax,Cuculidae,Cuculiformes,79.7,1412734.29,0.93,1
Hierococcyx hyperythrus,Cuculidae,Cuculiformes,79.7,2474869.28,37.95,1
Hierococcyx nisicolor,Cuculidae,Cuculiformes,79.7,2388212.3,23.63,1
Hierococcyx pectoralis,Cuculidae,Cuculiformes,79.7,264669.16,11.77,1
Hierococcyx sparverioides,Cuculidae,Cuculiformes,151,4794625.55,27.29,3
Hierococcyx vagans,Cuculidae,Cuculiformes,57.7,976640.03,2.23,1
Hierococcyx varius,Cuculidae,Cuculiformes,103,3245384.68,22.17,1
Lepidogrammus cumingi,Cuculidae,Cuculiformes,170.46,40477.51,15.67,1
Microdynamis parva,Cuculidae,Cuculiformes,47.22,607992.83,-5.33,2
Morococcyx erythropygus,Cuculidae,Cuculiformes,64.53,358833.18,16.81,1
Neomorphus geoffroyi,Cuculidae,Cuculiformes,355.03,2917968.82,-7.16,1
Neomorphus pucheranii,Cuculidae,Cuculiformes,330,1098665.74,-4.07,1
Neomorphus radiolosus,Cuculidae,Cuculiformes,399,18046.74,1.47,1
Neomorphus rufipennis,Cuculidae,Cuculiformes,377.73,594191.15,4.88,1
Pachycoccyx audeberti,Cuculidae,Cuculiformes,102.85,4407880.92,-10.08,1
Phaenicophaeus curvirostris,Cuculidae,Cuculiformes,154,1217500.23,0.78,1
Phaenicophaeus diardi,Cuculidae,Cuculiformes,62.1,1255042.99,1.27,1
Phaenicophaeus oeneicaudus,Cuculidae,Cuculiformes,154,6004.48,-1.85,1
Phaenicophaeus pyrrhocephalus,Cuculidae,Cuculiformes,91.9,36559.21,6.98,1
Phaenicophaeus sumatranus,Cuculidae,Cuculiformes,91.94,1280940.39,1.23,1
Phaenicophaeus tristis,Cuculidae,Cuculiformes,117,4373319.66,18.67,1
Phaenicophaeus viridirostris,Cuculidae,Cuculiformes,67,785946.33,14.67,1
Piaya cayana,Cuculidae,Cuculiformes,101.98,13448425.2,-9.04,1
Piaya melanogaster,Cuculidae,Cuculiformes,102.82,4840731.88,-2.67,1
Piaya mexicana,Cuculidae,Cuculiformes,101.98,280129.94,20.95,1
Rhamphococcyx calyorhynchus,Cuculidae,Cuculiformes,117,167233.25,-2.1,1
Rhinortha chlorophaea,Cuculidae,Cuculiformes,51.21,1422260.56,1.36,1
Scythrops novaehollandiae,Cuculidae,Cuculiformes,683.99,2375285.46,-17.62,3
Surniculus dicruroides,Cuculidae,Cuculiformes,29.7,3187996.6,23.85,1
Surniculus lugubris,Cuculidae,Cuculiformes,29.7,1789081.99,4.43,1
Surniculus musschenbroeki,Cuculidae,Cuculiformes,29.7,196374.6,-1.79,1
Surniculus velutinus,Cuculidae,Cuculiformes,35.61,248379.24,11.87,1
Taccocua leschenaultii,Cuculidae,Cuculiformes,174.69,2612647.66,21.32,1
Tapera naevia,Cuculidae,Cuculiformes,48.42,12346242.13,-8.55,1
Urodynamis taitensis,Cuculidae,Cuculiformes,117,108044.47,-41.23,3
Zanclostomus javanicus,Cuculidae,Cuculiformes,109,1534805.96,0.69,1
Eurypyga helias,Eurypygidae,Eurypygiformes,210,8423208.45,-3.86,1
Rhynochetos jubatus,Rhynochetidae,Eurypygiformes,859.99,1341.75,-21.58,1
Caracara cheriway,Falconidae,Falconiformes,1078.62,4169053.29,12.42,1
Caracara plancus,Falconidae,Falconiformes,1078.62,9019115.11,-24.93,1
Daptrius ater,Falconidae,Falconiformes,351.75,6702133.37,-4.01,2
Falco alopex,Falconidae,Falconiformes,273.86,5286034.09,10.74,1
Falco amurensis,Falconidae,Falconiformes,141.87,2793291.94,47.59,3
Falco araeus,Falconidae,Falconiformes,79.77,222.23,-4.58,1
Falco ardosiaceus,Falconidae,Falconiformes,234.16,7345675.56,5.43,1
Falco berigora,Falconidae,Falconiformes,587.01,8273511.57,-24.43,1
Falco biarmicus,Falconidae,Falconiformes,606.09,17892923.9,2.79,2
Falco cenchroides,Falconidae,Falconiformes,170.47,7685043.14,-25.73,2
Falco cherrug,Falconidae,Falconiformes,961.21,11514254.26,46.79,3
Falco chicquera,Falconidae,Falconiformes,208,3166581.2,23.88,1
Falco columbarius,Falconidae,Falconiformes,188.5,26326086.22,58.48,3
Falco concolor,Falconidae,Falconiformes,250,374520.47,25.38,3
Falco cuvierii,Falconidae,Falconiformes,182.2,7436820.01,1.35,2
Falco deiroleucus,Falconidae,Falconiformes,459.56,3323144.47,-8.51,1
Falco dickinsoni,Falconidae,Falconiformes,209,3765759.75,-14.49,1
Falco eleonorae,Falconidae,Falconiformes,390,121952.48,37.38,3
Falco fasciinucha,Falconidae,Falconiformes,254.69,501059.82,-7.85,1
Falco femoralis,Falconidae,Falconiformes,335.76,12113135.74,-16.37,2
Falco hypoleucos,Falconidae,Falconiformes,457.2,5366724.85,-24.17,2
Falco jugger,Falconidae,Falconiformes,755,2552980.42,25.05,2
Falco longipennis,Falconidae,Falconiformes,249.81,7754528.46,-25.58,2
Falco mexicanus,Falconidae,Falconiformes,713.07,3975634.14,40.14,3
Falco moluccensis,Falconidae,Falconiformes,162,466435.96,-4.86,1
Falco naumanni,Falconidae,Falconiformes,152.06,9560575.62,44.83,3
Falco newtoni,Falconidae,Falconiformes,123.38,590995.81,-19.38,1
Falco novaeseelandiae,Falconidae,Falconiformes,418.6,148523.7,-42.34,2
Falco peregrinus,Falconidae,Falconiformes,759.95,38088662.45,50.28,2
Falco punctatus,Falconidae,Falconiformes,167.41,157.55,-20.37,1
Falco ruficollis,Falconidae,Falconiformes,208,12602475.21,-2.28,1
Falco rufigularis,Falconidae,Falconiformes,163.64,13377698.05,-5.35,1
Falco rupicoloides,Falconidae,Falconiformes,261,3191508.18,-18.04,1
Falco rusticolus,Falconidae,Falconiformes,1431.72,8809463.94,68.74,3
Falco severus,Falconidae,Falconiformes,200.64,3641161.59,11.43,3
Falco sparverius,Falconidae,Falconiformes,114.61,26638648.91,22.05,3
Falco subbuteo,Falconidae,Falconiformes,208.17,28255832.68,50.34,3
Falco subniger,Falconidae,Falconiformes,776.04,5910471.62,-24.97,2
Falco tinnunculus,Falconidae,Falconiformes,183.21,49037026.09,36.82,3
Falco vespertinus,Falconidae,Falconiformes,151.49,9360235.41,55.76,3
Falco zoniventris,Falconidae,Falconiformes,174,411893.8,-18.89,1
Herpetotheres cachinnans,Falconidae,Falconiformes,623.58,13330796.59,-5.54,1
Ibycter americanus,Falconidae,Falconiformes,624,8087193.54,-4.35,1
Micrastur buckleyi,Falconidae,Falconiformes,464,619557.03,-5.48,1
Micrastur gilvicollis,Falconidae,Falconiformes,209,4251681.56,-2.09,1
Micrastur mintoni,Falconidae,Falconiformes,209.5,1882575.73,-7.51,1
Micrastur mirandollei,Falconidae,Falconiformes,548.99,5269885.69,-2.65,1
Micrastur plumbeus,Falconidae,Falconiformes,185.41,61914.79,2.87,1
Micrastur ruficollis,Falconidae,Falconiformes,177.64,12486169.39,-7.39,1
Micrastur semitorquatus,Falconidae,Falconiformes,621.68,13182553.54,-6.85,1
Microhierax caerulescens,Falconidae,Falconiformes,38.72,1206450.7,18.66,1
Microhierax erythrogenys,Falconidae,Falconiformes,49.96,253762.69,11.92,1
Microhierax fringillarius,Falconidae,Falconiformes,42.9,1402352.92,0.45,1
Microhierax latifrons,Falconidae,Falconiformes,41.2,60479.23,5.44,1
Microhierax melanoleucos,Falconidae,Falconiformes,64.22,2360698.64,25.65,1
Milvago chimachima,Falconidae,Falconiformes,315.21,13624390.7,-9.32,1
Phalcoboenus albogularis,Falconidae,Falconiformes,808.99,341178.69,-48.8,2
Phalcoboenus australis,Falconidae,Falconiformes,1187,23812.36,-53.47,2
Phalcoboenus carunculatus,Falconidae,Falconiformes,787.99,44955.98,-0.56,2
Phalcoboenus chimango,Falconidae,Falconiformes,296,3930614.85,-35.26,2
Phalcoboenus megalopterus,Falconidae,Falconiformes,787.99,1011292.22,-20.26,1
Polihierax insignis,Falconidae,Falconiformes,96.99,532936.57,15.98,1
Polihierax semitorquatus,Falconidae,Falconiformes,61.5,3103663.96,-5.76,1
Spiziapteryx circumcincta,Falconidae,Falconiformes,166.24,1416372.05,-29.57,1
Aburria aburri,Cracidae,Galliformes,1405.08,139314.36,-2.79,1
Chamaepetes goudotii,Cracidae,Galliformes,727.67,316282.38,-3.03,1
Chamaepetes unicolor,Cracidae,Galliformes,1135,15572.6,9.43,1
Crax alberti,Cracidae,Galliformes,2499.9,4775.15,9.54,1
Crax alector,Cracidae,Galliformes,2872,2099461.66,2.77,1
Crax blumenbachii,Cracidae,Galliformes,3500,1149.72,-18.51,1
Crax daubentoni,Cracidae,Galliformes,2499.91,403077.45,9.01,1
Crax fasciolata,Cracidae,Galliformes,2600,3404818.89,-15.72,1
Crax globulosa,Cracidae,Galliformes,2500,27067.59,-7.58,1
Crax pinima,Cracidae,Galliformes,2600,294550.31,-3.35,1
Crax rubra,Cracidae,Galliformes,4133,662063.72,14.01,1
Mitu mitu,Cracidae,Galliformes,2850.47,NA,NA,1
Mitu salvini,Cracidae,Galliformes,3100,490126.15,-1.55,1
Mitu tomentosum,Cracidae,Galliformes,2187.62,1247837.5,2.65,1
Mitu tuberosum,Cracidae,Galliformes,2769.46,3902756.34,-8.36,1
Nothocrax urumutum,Cracidae,Galliformes,1700,2023323.5,-2.84,1
Oreophasis derbianus,Cracidae,Galliformes,2071.54,7715.08,15.12,1
Ortalis araucuan,Cracidae,Galliformes,547.72,349725.59,-12.72,1
Ortalis canicollis,Cracidae,Galliformes,539,1171806.84,-23.29,1
Ortalis cinereiceps,Cracidae,Galliformes,493,236334.32,10.62,1
Ortalis columbiana,Cracidae,Galliformes,547.72,117133.45,4.58,1
Ortalis erythroptera,Cracidae,Galliformes,632,74565.61,-1.56,1
Ortalis garrula,Cracidae,Galliformes,532,109708.02,8.91,1
Ortalis guttata,Cracidae,Galliformes,547.72,4434552.3,-7.43,1
Ortalis leucogastra,Cracidae,Galliformes,495.82,57398.42,13.61,1
Ortalis motmot,Cracidae,Galliformes,520,2134685.16,1.45,1
Ortalis poliocephala,Cracidae,Galliformes,760,200072.2,18.4,1
Ortalis ruficauda,Cracidae,Galliformes,586.24,474068.72,9.14,1
Ortalis squamata,Cracidae,Galliformes,547.72,290989.61,-26.76,1
Ortalis superciliaris,Cracidae,Galliformes,520,386955.95,-3.86,1
Ortalis vetula,Cracidae,Galliformes,562.6,603225.55,19.19,1
Ortalis wagleri,Cracidae,Galliformes,833.99,114061.43,25.21,1
Pauxi koepckeae,Cracidae,Galliformes,3743.23,395.01,-9.42,1
Pauxi pauxi,Cracidae,Galliformes,3117.69,40122.69,9.17,1
Pauxi unicornis,Cracidae,Galliformes,3743.23,8476.12,-17.38,1
Penelope albipennis,Cracidae,Galliformes,1750,3108.85,-6.07,1
Penelope argyrotis,Cracidae,Galliformes,806.71,88746.24,8.93,1
Penelope barbata,Cracidae,Galliformes,665,16461.26,-5.36,1
Penelope dabbenei,Cracidae,Galliformes,1230,31904.43,-21.04,1
Penelope jacquacu,Cracidae,Galliformes,1487.9,5007343.09,-4.44,1
Penelope jacucaca,Cracidae,Galliformes,1400,617593.52,-9.55,1
Penelope marail,Cracidae,Galliformes,879.67,1217966.93,2.61,1
Penelope montagnii,Cracidae,Galliformes,706,368616.68,-3.19,1
Penelope obscura,Cracidae,Galliformes,1770,1012773.03,-27.18,1
Penelope ochrogaster,Cracidae,Galliformes,1249.8,30953.73,-13.81,1
Penelope ortoni,Cracidae,Galliformes,872,77623.51,3.16,1
Penelope perspicax,Cracidae,Galliformes,1197,107.66,3.92,1
Penelope pileata,Cracidae,Galliformes,1249.79,1046616.16,-5.26,1
Penelope purpurascens,Cracidae,Galliformes,2060,1269425.48,13.31,1
Penelope superciliaris,Cracidae,Galliformes,894.99,5614395.75,-13.66,1
Penelopina nigra,Cracidae,Galliformes,889.99,103251.96,15.24,1
Pipile cujubi,Cracidae,Galliformes,1195.82,2677912.48,-8.86,1
Pipile cumanensis,Cracidae,Galliformes,1239.22,3138839.62,-0.21,1
Pipile grayi,Cracidae,Galliformes,1239.22,942279.32,-15.63,1
Pipile jacutinga,Cracidae,Galliformes,1240.96,169256.82,-25.01,1
Pipile pipile,Cracidae,Galliformes,1816.59,502.77,10.76,1
Aepypodius arfakianus,Megapodiidae,Galliformes,1463.8,193721.04,-5.28,1
Aepypodius bruijnii,Megapodiidae,Galliformes,192,839.38,-0.16,1
Alectura lathami,Megapodiidae,Galliformes,2333.06,642830.5,-22.76,1
Eulipoa wallacei,Megapodiidae,Galliformes,504.97,49330.86,-1.57,1
Leipoa ocellata,Megapodiidae,Galliformes,1913.89,628981.06,-32.1,1
Macrocephalon maleo,Megapodiidae,Galliformes,1563.26,146297.35,-1.66,1
Megapodius bernsteinii,Megapodiidae,Galliformes,768.57,4283.59,-1.71,1
Megapodius cumingii,Megapodiidae,Galliformes,1044,457462.43,7.52,1
Megapodius decollatus,Megapodiidae,Galliformes,666.34,239677.89,-4.16,1
Megapodius eremita,Megapodiidae,Galliformes,676.67,84419.95,-6.29,1
Megapodius freycinet,Megapodiidae,Galliformes,642.48,59730.5,-1.29,1
Megapodius geelvinkianus,Megapodiidae,Galliformes,642.48,2947.6,-0.97,1
Megapodius laperouse,Megapodiidae,Galliformes,308,838.35,11.48,1
Megapodius layardi,Megapodiidae,Galliformes,768.57,6452.14,-15.68,1
Megapodius nicobariensis,Megapodiidae,Galliformes,836.69,1578.46,7.37,1
Megapodius pritchardii,Megapodiidae,Galliformes,365,56.98,-15.8,1
Megapodius reinwardt,Megapodiidae,Galliformes,875.81,795651.65,-9.72,1
Megapodius tenimberensis,Megapodiidae,Galliformes,875.81,3225.7,-7.59,1
Talegalla cuvieri,Megapodiidae,Galliformes,1785,122104.79,-2.59,1
Talegalla fuscirostris,Megapodiidae,Galliformes,1314.47,284369.79,-6.82,1
Talegalla jobiensis,Megapodiidae,Galliformes,1478.81,209938.41,-4.35,1
Acryllium vulturinum,Numididae,Galliformes,1330,1226666.24,3.53,1
Agelastes meleagrides,Numididae,Galliformes,815,68753.37,6.42,1
Agelastes niger,Numididae,Galliformes,699.99,764292.38,1.1,1
Guttera edouardi,Numididae,Galliformes,1149,953994.69,-17.09,1
Guttera plumifera,Numididae,Galliformes,866.02,834485.49,1.2,1
Guttera pucherani,Numididae,Galliformes,1149,519919.07,-2.28,1
Guttera verreauxi,Numididae,Galliformes,1149,2359386.11,0.87,1
Numida meleagris,Numididae,Galliformes,1299,12744779.36,-4,1
Callipepla californica,Odontophoridae,Galliformes,165.7,1087257.04,40.86,1
Callipepla douglasii,Odontophoridae,Galliformes,177.08,118889.46,25.41,1
Callipepla gambelii,Odontophoridae,Galliformes,165.95,542153.29,33.22,1
Callipepla squamata,Odontophoridae,Galliformes,183.86,1414278.24,29.9,1
Colinus cristatus,Odontophoridae,Galliformes,134.45,1865470.32,6.24,1
Colinus leucopogon,Odontophoridae,Galliformes,128.68,145250.93,13.64,1
Colinus nigrogularis,Odontophoridae,Galliformes,129.81,108756.64,19.15,1
Colinus virginianus,Odontophoridae,Galliformes,171.89,4364464.18,34.48,1
Cyrtonyx montezumae,Odontophoridae,Galliformes,185.38,754065.67,25.18,1
Cyrtonyx ocellatus,Odontophoridae,Galliformes,199.18,130826.39,15.24,1
Cyrtonyx sallei,Odontophoridae,Galliformes,185.38,91707.28,17.2,1
Dactylortyx thoracicus,Odontophoridae,Galliformes,201.75,492692.14,19.62,1
Dendrortyx barbatus,Odontophoridae,Galliformes,432,6883.51,20.51,1
Dendrortyx leucophrys,Odontophoridae,Galliformes,367.39,117127.03,14.6,1
Dendrortyx macroura,Odontophoridae,Galliformes,430.99,123071.93,18.53,1
Odontophorus atrifrons,Odontophoridae,Galliformes,304,2154.63,10.64,1
Odontophorus balliviani,Odontophoridae,Galliformes,317.43,90660.55,-14.6,1
Odontophorus capueira,Odontophoridae,Galliformes,425.4,1724256.7,-20.8,1
Odontophorus columbianus,Odontophoridae,Galliformes,340,9353.75,10.37,1
Odontophorus dialeucos,Odontophoridae,Galliformes,260,233.7,8.11,1
Odontophorus erythrops,Odontophoridae,Galliformes,335,164035.67,3.74,1
Odontophorus gujanensis,Odontophoridae,Galliformes,314.06,7536115.55,-4.45,1
Odontophorus guttatus,Odontophoridae,Galliformes,303.83,339131.07,16.53,1
Odontophorus hyperythrus,Odontophoridae,Galliformes,339.3,60489.28,4.42,1
Odontophorus leucolaemus,Odontophoridae,Galliformes,295,9482.02,9.53,1
Odontophorus melanonotus,Odontophoridae,Galliformes,322,5430.53,0.43,1
Odontophorus melanotis,Odontophoridae,Galliformes,335,128032.3,12.49,1
Odontophorus speciosus,Odontophoridae,Galliformes,317,425862.66,-11.7,1
Odontophorus stellatus,Odontophoridae,Galliformes,335.81,1723957.59,-8.31,1
Odontophorus strophium,Odontophoridae,Galliformes,302,3431.34,5.92,1
Oreortyx pictus,Odontophoridae,Galliformes,233,346065.66,40.46,1
Philortyx fasciatus,Odontophoridae,Galliformes,130,90841.05,18.4,1
Ptilopachus nahani,Odontophoridae,Galliformes,310,1711.18,1.24,1
Ptilopachus petrosus,Odontophoridae,Galliformes,193,4691145.79,10.19,1
Rhynchortyx cinctus,Odontophoridae,Galliformes,150,179089.72,9.46,1
Afropavo congensis,Phasianidae,Galliformes,1273.65,697505.34,-1.2,1
Alectoris barbara,Phasianidae,Galliformes,416.33,1360209,32.21,1
Alectoris chukar,Phasianidae,Galliformes,502.1,10343343.08,39.84,1
Alectoris graeca,Phasianidae,Galliformes,594.11,538497.96,42.95,1
Alectoris magna,Phasianidae,Galliformes,541.35,624646.35,36.72,1
Alectoris melanocephala,Phasianidae,Galliformes,614.75,351773.76,17.28,1
Alectoris philbyi,Phasianidae,Galliformes,441,80634.58,17.87,1
Alectoris rufa,Phasianidae,Galliformes,527.86,953692.19,42.6,1
Ammoperdix griseogularis,Phasianidae,Galliformes,201.86,2996830.79,33.12,1
Ammoperdix heyi,Phasianidae,Galliformes,189.73,1664830.95,24.04,1
Anurophasis monorthonyx,Phasianidae,Galliformes,401,9979.97,-4.12,1
Arborophila ardens,Phasianidae,Galliformes,266.64,13199.58,18.86,1
Arborophila atrogularis,Phasianidae,Galliformes,237.31,300915.55,24.75,1
Arborophila brunneopectus,Phasianidae,Galliformes,291.47,486283.06,19.44,1
Arborophila cambodiana,Phasianidae,Galliformes,285.87,17928.22,12.46,1
Arborophila campbelli,Phasianidae,Galliformes,336,17082.49,4.6,1
Arborophila charltonii,Phasianidae,Galliformes,269.25,111853.87,5.4,1
Arborophila chloropus,Phasianidae,Galliformes,250,707868.12,16.05,1
Arborophila crudigularis,Phasianidae,Galliformes,256.77,22768.9,23.89,1
Arborophila davidi,Phasianidae,Galliformes,241,4465.39,11.87,1
Arborophila gingica,Phasianidae,Galliformes,253,396418.35,25.73,1
Arborophila graydoni,Phasianidae,Galliformes,269.25,8807.33,5.18,1
Arborophila hyperythra,Phasianidae,Galliformes,270,161020.22,1.9,1
Arborophila javanica,Phasianidae,Galliformes,272,36961.99,-7.27,1
Arborophila mandellii,Phasianidae,Galliformes,268,66965.36,27.73,1
Arborophila orientalis,Phasianidae,Galliformes,336,10707.85,-8.03,1
Arborophila rolli,Phasianidae,Galliformes,336,39752.59,3.49,1
Arborophila rubrirostris,Phasianidae,Galliformes,225.35,69473.4,0.72,1
Arborophila rufipectus,Phasianidae,Galliformes,400.11,7707.36,28.66,1
Arborophila rufogularis,Phasianidae,Galliformes,344.46,1245539.71,23.19,1
Arborophila sumatrana,Phasianidae,Galliformes,336,39867.07,-2.05,1
Arborophila tonkinensis,Phasianidae,Galliformes,269.25,21966.56,20.51,1
Arborophila torqueola,Phasianidae,Galliformes,344.46,721402.09,27.19,1
Argusianus argus,Phasianidae,Galliformes,1959.93,1354529.31,1.09,1
Bambusicola fytchii,Phasianidae,Galliformes,313.65,550319.01,22.96,1
Bambusicola sonorivox,Phasianidae,Galliformes,264.79,31326.04,23.76,1
Bambusicola thoracicus,Phasianidae,Galliformes,264.79,1284965.77,28.51,1
Bonasa bonasia,Phasianidae,Galliformes,429,15669355.23,58,1
Bonasa sewerzowi,Phasianidae,Galliformes,267.29,394309.68,30.83,1
Bonasa umbellus,Phasianidae,Galliformes,530.91,8071254.33,52.89,1
Caloperdix oculeus,Phasianidae,Galliformes,209.04,534135.67,3.48,1
Catreus wallichii,Phasianidae,Galliformes,1436.88,148666.55,31.4,1
Centrocercus minimus,Phasianidae,Galliformes,1902.46,9683.32,38.43,1
Centrocercus urophasianus,Phasianidae,Galliformes,1902.46,1315889.14,43.59,1
Chrysolophus amherstiae,Phasianidae,Galliformes,732.47,384241.58,27.2,1
Chrysolophus pictus,Phasianidae,Galliformes,555.2,969402.26,29.7,1
Coturnix coromandelica,Phasianidae,Galliformes,73.75,2899254.36,21.87,2
Coturnix coturnix,Phasianidae,Galliformes,96.28,21283218.76,44.69,3
Coturnix delegorguei,Phasianidae,Galliformes,76,9153237.05,-6.74,3
Coturnix japonica,Phasianidae,Galliformes,94.78,3249717.59,49.71,3
Coturnix pectoralis,Phasianidae,Galliformes,101.86,6303864.46,-27.25,1
Crossoptilon auritum,Phasianidae,Galliformes,1768.33,512906.05,35.13,1
Crossoptilon crossoptilon,Phasianidae,Galliformes,2075.25,171921.78,29.47,1
Crossoptilon harmani,Phasianidae,Galliformes,2075.25,62605.18,29.52,1
Crossoptilon mantchuricum,Phasianidae,Galliformes,1860.85,146706.15,38.16,1
Dendragapus fuliginosus,Phasianidae,Galliformes,1047.31,577232.09,49.22,1
Dendragapus obscurus,Phasianidae,Galliformes,1047.31,1526017.86,52.97,1
Dendroperdix sephaena,Phasianidae,Galliformes,340.47,3350686.8,-11.26,1
Falcipennis canadensis,Phasianidae,Galliformes,473.65,6032495.4,57.51,1
Falcipennis falcipennis,Phasianidae,Galliformes,685.61,692147.35,53.17,1
Falcipennis franklinii,Phasianidae,Galliformes,473.65,1525290.59,56.23,1
Francolinus francolinus,Phasianidae,Galliformes,452.07,2982416.91,29.07,1
Francolinus gularis,Phasianidae,Galliformes,509.99,183185.1,27.04,1
Francolinus pictus,Phasianidae,Galliformes,286.84,1554139.43,19.6,1
Francolinus pintadeanus,Phasianidae,Galliformes,310,2072227.73,20.91,1
Francolinus pondicerianus,Phasianidae,Galliformes,249.94,3380901.84,23.43,1
Galloperdix bicalcarata,Phasianidae,Galliformes,290.93,37679.97,7.28,1
Galloperdix lunulata,Phasianidae,Galliformes,254.39,1390384.27,19.69,1
Galloperdix spadicea,Phasianidae,Galliformes,359.07,1175974.86,19.63,1
Gallus gallus,Phasianidae,Galliformes,751.72,5096258.34,16.29,1
Gallus lafayettii,Phasianidae,Galliformes,825,55601.24,7.55,1
Gallus sonneratii,Phasianidae,Galliformes,840.82,1030202.68,17.96,1
Gallus varius,Phasianidae,Galliformes,839.29,187699.86,-7.73,1
Haematortyx sanguiniceps,Phasianidae,Galliformes,300,73122.11,2.52,1
Ithaginis cruentus,Phasianidae,Galliformes,530.67,657902.92,31.22,1
Lagopus lagopus,Phasianidae,Galliformes,566.86,24300173.65,62.32,1
Lagopus leucura,Phasianidae,Galliformes,354.97,1777806.95,57.42,1
Lagopus muta,Phasianidae,Galliformes,535.3,14996056.99,65.52,1
Lerwa lerwa,Phasianidae,Galliformes,567.34,831638.53,31.25,1
Lophophorus impejanus,Phasianidae,Galliformes,2066.51,480828.14,30.81,1
Lophophorus lhuysii,Phasianidae,Galliformes,3008,175682.11,32.05,1
Lophophorus sclateri,Phasianidae,Galliformes,2500,172831.15,28.17,1
Lophura bulweri,Phasianidae,Galliformes,1245.15,274609.44,1.68,1
Lophura diardi,Phasianidae,Galliformes,1088.89,510759.03,16.21,1
Lophura edwardsi,Phasianidae,Galliformes,1090.96,8246.95,16.91,1
Lophura erythrophthalma,Phasianidae,Galliformes,934.33,483589.68,0.7,1
Lophura ignita,Phasianidae,Galliformes,1768.14,486548.86,0.74,1
Lophura inornata,Phasianidae,Galliformes,685,71415.83,0.85,1
Lophura leucomelanos,Phasianidae,Galliformes,867.98,1305465.96,24.81,1
Lophura nycthemera,Phasianidae,Galliformes,1230,1072525.93,21.5,1
Lophura pyronota,Phasianidae,Galliformes,934.33,581897.36,0.41,1
Lophura rufa,Phasianidae,Galliformes,1768.14,410746.7,2.58,1
Lophura swinhoii,Phasianidae,Galliformes,1100,15278.8,23.79,1
Lyrurus mlokosiewiczi,Phasianidae,Galliformes,813.99,104757.72,42.22,1
Lyrurus tetrix,Phasianidae,Galliformes,1068.66,14007422.54,56.84,1
Margaroperdix madagarensis,Phasianidae,Galliformes,245,543287.48,-18.96,1
Melanoperdix niger,Phasianidae,Galliformes,280,1098110.81,0.59,1
Meleagris gallopavo,Phasianidae,Galliformes,5791.37,7259958.92,37.44,1
Meleagris ocellata,Phasianidae,Galliformes,5525,141592.72,19.18,1
Ophrysia superciliosa,Phasianidae,Galliformes,189.7,209.06,29.51,NA
Pavo cristatus,Phasianidae,Galliformes,4154.81,2837970.09,21.65,1
Pavo muticus,Phasianidae,Galliformes,2205.71,1114252.33,16.26,1
Peliperdix albogularis,Phasianidae,Galliformes,276,1104886.46,8.06,1
Peliperdix coqui,Phasianidae,Galliformes,262,4180135.39,-12.3,1
Peliperdix lathami,Phasianidae,Galliformes,269,2655327.38,2.16,1
Peliperdix schlegelii,Phasianidae,Galliformes,236.58,553212.32,8.08,1
Perdicula argoondah,Phasianidae,Galliformes,60.48,1182863.73,21.41,1
Perdicula asiatica,Phasianidae,Galliformes,68.36,2185368.61,20.59,1
Perdicula erythrorhyncha,Phasianidae,Galliformes,67.55,502809.33,18.24,1
Perdicula manipurensis,Phasianidae,Galliformes,70.65,50560.52,26.07,NA
Perdix dauurica,Phasianidae,Galliformes,263.41,7620113.07,47.34,1
Perdix hodgsoniae,Phasianidae,Galliformes,363.73,1000982.76,31.8,2
Perdix perdix,Phasianidae,Galliformes,405.3,10032916.79,52.09,1
Phasianus colchicus,Phasianidae,Galliformes,1120.31,7426719.32,38.76,1
Phasianus versicolor,Phasianidae,Galliformes,918.84,289610.19,35.92,1
Polyplectron bicalcaratum,Phasianidae,Galliformes,467.84,1095333.73,21.44,1
Polyplectron chalcurum,Phasianidae,Galliformes,508,83208.6,0.89,1
Polyplectron germaini,Phasianidae,Galliformes,449.96,38584.9,12.1,1
Polyplectron inopinatum,Phasianidae,Galliformes,497.5,12687.59,4.53,1
Polyplectron katsumatae,Phasianidae,Galliformes,467.84,2165.64,18.88,1
Polyplectron malacense,Phasianidae,Galliformes,608,116752.23,4.13,1
Polyplectron napoleonis,Phasianidae,Galliformes,374.68,11489.35,9.73,1
Polyplectron schleiermacheri,Phasianidae,Galliformes,608,187855.93,1.7,1
Pternistis adspersus,Phasianidae,Galliformes,428.03,1150093.13,-20.24,1
Pternistis afer,Phasianidae,Galliformes,454.81,4561244.02,-11.88,1
Pternistis ahantensis,Phasianidae,Galliformes,544.14,683993.47,7.32,1
Pternistis atrifrons,Phasianidae,Galliformes,791.53,691.13,3.92,1
Pternistis bicalcaratus,Phasianidae,Galliformes,439.5,3597861.3,11.27,1
Pternistis camerunensis,Phasianidae,Galliformes,549.39,193.35,4.17,1
Pternistis capensis,Phasianidae,Galliformes,629.84,150800.12,-31.99,1
Pternistis castaneicollis,Phasianidae,Galliformes,791.53,264511.06,8.2,1
Pternistis clappertoni,Phasianidae,Galliformes,469.61,2323019.72,11.78,1
Pternistis erckelii,Phasianidae,Galliformes,1197.81,146193.65,11.74,1
Pternistis griseostriatus,Phasianidae,Galliformes,288.49,85105.17,-11.06,1
Pternistis hartlaubi,Phasianidae,Galliformes,241.45,353895.58,-18.77,1
Pternistis harwoodi,Phasianidae,Galliformes,493.02,26421.65,10.67,1
Pternistis hildebrandti,Phasianidae,Galliformes,531.98,900428.25,-6.12,1
Pternistis icterorhynchus,Phasianidae,Galliformes,571,1444290.43,5.24,1
Pternistis jacksoni,Phasianidae,Galliformes,1097,16544.06,-0.03,1
Pternistis leucoscepus,Phasianidae,Galliformes,640.61,2071108.37,4.48,1
Pternistis natalensis,Phasianidae,Galliformes,508.09,1136104.66,-21.93,1
Pternistis nobilis,Phasianidae,Galliformes,878,17128.53,-2.22,1
Pternistis ochropectus,Phasianidae,Galliformes,699.6,607.57,11.82,1
Pternistis rufopictus,Phasianidae,Galliformes,706.13,77700.06,-3.07,1
Pternistis squamatus,Phasianidae,Galliformes,449.45,2593426.1,2.11,1
Pternistis swainsonii,Phasianidae,Galliformes,597.1,1549732.16,-20.72,1
Pternistis swierstrai,Phasianidae,Galliformes,460.29,18471,-13.09,1
Pucrasia macrolopha,Phasianidae,Galliformes,1050.47,1384088.5,31.24,1
Rheinardia ocellata,Phasianidae,Galliformes,1500,54321.45,15.43,1
Rhizothera dulitensis,Phasianidae,Galliformes,746.72,1884.63,5.36,1
Rhizothera longirostris,Phasianidae,Galliformes,746.72,1292604.79,1.18,1
Rollulus rouloul,Phasianidae,Galliformes,216.48,1418641.22,1.25,1
Scleroptila afra,Phasianidae,Galliformes,389.68,437877.43,-31.45,1
Scleroptila elgonensis,Phasianidae,Galliformes,478.33,18206.28,-0.22,1
Scleroptila finschi,Phasianidae,Galliformes,569.2,304435.85,-7.78,1
Scleroptila gutturalis,Phasianidae,Galliformes,376.69,1483139.56,-12.99,1
Scleroptila levaillantii,Phasianidae,Galliformes,430.88,832216.06,-17.98,1
Scleroptila psilolaema,Phasianidae,Galliformes,478.33,47075.9,8.27,1
Scleroptila shelleyi,Phasianidae,Galliformes,488,1271472.68,-16.17,1
Scleroptila streptophora,Phasianidae,Galliformes,385,216468.87,0.17,1
Scleroptila whytei,Phasianidae,Galliformes,488,42230.12,-9.38,1
Synoicus adansonii,Phasianidae,Galliformes,40.41,5998351.89,-5.59,1
Synoicus chinensis,Phasianidae,Galliformes,40.41,8165093.61,8.56,1
Synoicus ypsilophorus,Phasianidae,Galliformes,107.69,5709134.88,-22.14,1
Syrmaticus ellioti,Phasianidae,Galliformes,1007.45,470213.06,27.21,1
Syrmaticus humiae,Phasianidae,Galliformes,873.35,405564.05,23.67,1
Syrmaticus mikado,Phasianidae,Galliformes,1148.69,13765.19,23.76,1
Syrmaticus reevesii,Phasianidae,Galliformes,1204.58,531855.88,30.57,1
Syrmaticus soemmerringii,Phasianidae,Galliformes,1081.66,174734.06,35.32,1
Tetrao urogalloides,Phasianidae,Galliformes,2752.29,7003788.43,59.89,1
Tetrao urogallus,Phasianidae,Galliformes,2716.61,11330230.84,59.49,1
Tetraogallus altaicus,Phasianidae,Galliformes,2760.43,819469.26,49.04,1
Tetraogallus caspius,Phasianidae,Galliformes,2508.24,313937.42,37.5,1
Tetraogallus caucasicus,Phasianidae,Galliformes,1830.79,23392.94,42.7,1
Tetraogallus himalayensis,Phasianidae,Galliformes,2428,1911759.79,38.18,1
Tetraogallus tibetanus,Phasianidae,Galliformes,1488.87,1066992.69,33.54,1
Tetraophasis obscurus,Phasianidae,Galliformes,855.35,118338.72,34.13,1
Tetraophasis szechenyii,Phasianidae,Galliformes,1052.99,524228.72,30.15,1
Tragopan blythii,Phasianidae,Galliformes,1930,48259.37,25.58,1
Tragopan caboti,Phasianidae,Galliformes,1122.49,396418.35,25.73,1
Tragopan melanocephalus,Phasianidae,Galliformes,1613.19,21593.78,32.63,1
Tragopan satyra,Phasianidae,Galliformes,1417.03,99176.64,28.59,1
Tragopan temminckii,Phasianidae,Galliformes,1163.38,1261852.14,28.33,1
Tympanuchus cupido,Phasianidae,Galliformes,870.08,402889.24,41.99,1
Tympanuchus pallidicinctus,Phasianidae,Galliformes,745.82,63286.57,36.61,1
Tympanuchus phasianellus,Phasianidae,Galliformes,882.38,6080574.6,55.49,1
Xenoperdix udzungwensis,Phasianidae,Galliformes,224.94,572.8,-7.6,1
Gavia adamsii,Gaviidae,Gaviiformes,4944.34,4030133.52,69.55,3
Gavia arctica,Gaviidae,Gaviiformes,2251.1,18911193.89,61.61,3
Gavia immer,Gaviidae,Gaviiformes,4956.81,9453280.12,58.02,3
Gavia pacifica,Gaviidae,Gaviiformes,2251.1,5397186.87,65.34,3
Gavia stellata,Gaviidae,Gaviiformes,1486,16657775.71,65.76,3
Aramus guarauna,Aramidae,Gruiformes,1080,12182050.36,-10.49,1
Anthropoides paradiseus,Gruidae,Gruiformes,4540.62,616090.89,-29.68,1
Anthropoides virgo,Gruidae,Gruiformes,2417,8896222.51,46.99,3
Antigone antigone,Gruidae,Gruiformes,5916.22,1865498.59,15.23,2
Antigone canadensis,Gruidae,Gruiformes,4296.22,8593771.09,60.34,3
Antigone rubicunda,Gruidae,Gruiformes,6222.82,3559865.45,-22.19,2
Antigone vipio,Gruidae,Gruiformes,4662.99,748047.17,48.27,3
Balearica pavonina,Gruidae,Gruiformes,3590,2976931.85,10.72,1
Balearica regulorum,Gruidae,Gruiformes,3771.99,3528882.19,-12.26,1
Bugeranus carunculatus,Gruidae,Gruiformes,8158.99,2289042.19,-13.53,1
Grus americana,Gruidae,Gruiformes,5825.99,6122.49,53.37,3
Grus grus,Gruidae,Gruiformes,5499.99,15456101.32,56.97,3
Grus japonensis,Gruidae,Gruiformes,8785.99,738171.22,48.03,3
Grus monacha,Gruidae,Gruiformes,3729.9,1609599.6,54.86,3
Grus nigricollis,Gruidae,Gruiformes,5999.99,822333.13,33.39,3
Leucogeranus leucogeranus,Gruidae,Gruiformes,5913.44,140691.61,69.84,3
Heliopais personatus,Heliornithidae,Gruiformes,510,272422.63,19.5,1
Heliornis fulica,Heliornithidae,Gruiformes,132,8812012.44,-4.37,1
Podica senegalensis,Heliornithidae,Gruiformes,599,11384786.12,-0.82,1
Psophia crepitans,Psophiidae,Gruiformes,1026,2593241.63,1.5,1
Psophia dextralis,Psophiidae,Gruiformes,1071,1010341.61,-7.49,1
Psophia leucoptera,Psophiidae,Gruiformes,1315.58,1532581.12,-8.36,1
Psophia obscura,Psophiidae,Gruiformes,1071,228024.15,-3.1,1
Psophia ochroptera,Psophiidae,Gruiformes,1026,171654.81,-2.13,1
Psophia viridis,Psophiidae,Gruiformes,1071,699135.56,-8.87,1
Amaurolimnas concolor,Rallidae,Gruiformes,133,1702915.03,-2.18,1
Amaurornis cinerea,Rallidae,Gruiformes,52.1,3636005.21,-3.66,1
Amaurornis isabellina,Rallidae,Gruiformes,180,55595.11,-0.82,1
Amaurornis magnirostris,Rallidae,Gruiformes,250,842.43,4.28,1
Amaurornis marginalis,Rallidae,Gruiformes,51.2,3857317.95,-11.18,2
Amaurornis moluccana,Rallidae,Gruiformes,186.78,1266108.02,-9.71,1
Amaurornis olivacea,Rallidae,Gruiformes,292,271176.41,11.87,1
Amaurornis phoenicurus,Rallidae,Gruiformes,180,9839893.66,19.12,1
Aramides albiventris,Rallidae,Gruiformes,514,535083.31,16.37,1
Aramides axillaris,Rallidae,Gruiformes,292,393931.62,10.76,1
Aramides cajaneus,Rallidae,Gruiformes,397,13038120.14,-9.4,1
Aramides calopterus,Rallidae,Gruiformes,320.5,627494.85,-5.61,1
Aramides mangle,Rallidae,Gruiformes,183,774415.01,-8.25,1
Aramides saracura,Rallidae,Gruiformes,540,928675.91,-25.2,1
Aramides wolfi,Rallidae,Gruiformes,454,119660.54,1.29,1
Aramides ypecaha,Rallidae,Gruiformes,700.07,3652694.26,-21.04,1
Aramidopsis plateni,Rallidae,Gruiformes,116,83126.44,-1.27,1
Canirallus oculeus,Rallidae,Gruiformes,277,1616653.93,1.96,1
Coturnicops exquisitus,Rallidae,Gruiformes,60.9,152804.92,47.98,1
Coturnicops notatus,Rallidae,Gruiformes,30,1592673.32,-29.37,2
Coturnicops noveboracensis,Rallidae,Gruiformes,60.9,3674188.27,51.67,3
Crex crex,Rallidae,Gruiformes,154.91,12516028.75,53.88,3
Crex egregia,Rallidae,Gruiformes,119,11681471.46,-5.1,3
Cyanolimnas cerverai,Rallidae,Gruiformes,175,1003.79,22.44,1
Dryolimnas cuvieri,Rallidae,Gruiformes,182.38,590995.52,-19.38,1
Eulabeornis castaneoventris,Rallidae,Gruiformes,684.46,69431.58,-13.41,1
Fulica alai,Rallidae,Gruiformes,459,1148.4,20.88,1
Fulica americana,Rallidae,Gruiformes,636.74,10934633.24,42.59,2
Fulica ardesiaca,Rallidae,Gruiformes,987.99,594594.35,-16.71,1
Fulica armillata,Rallidae,Gruiformes,1040,2733323.64,-38.38,1
Fulica atra,Rallidae,Gruiformes,717.12,33490842.86,36.45,1
Fulica cornuta,Rallidae,Gruiformes,2110.36,223464.94,-25.35,1
Fulica cristata,Rallidae,Gruiformes,826,5291448.7,-17.31,1
Fulica gigantea,Rallidae,Gruiformes,2442.74,534521.72,-17.54,1
Fulica leucoptera,Rallidae,Gruiformes,656,3041454.41,-34.3,1
Fulica rufifrons,Rallidae,Gruiformes,644,1255982.21,-34.37,1
Gallicrex cinerea,Rallidae,Gruiformes,390.39,10850084.73,22.92,2
Gallinula chloropus,Rallidae,Gruiformes,339.63,38515141.7,27.57,1
Gallinula comeri,Rallidae,Gruiformes,512.99,64.14,-40.31,1
Gallinula galeata,Rallidae,Gruiformes,339.63,13770097.15,5.81,1
Gallinula tenebrosa,Rallidae,Gruiformes,530.1,3787334.48,-24.78,1
Gallirallus australis,Rallidae,Gruiformes,875.72,41536.8,-42.53,1
Gallirallus calayanensis,Rallidae,Gruiformes,244,67.91,19.32,1
Gymnocrex plumbeiventris,Rallidae,Gruiformes,288,694042.4,-5.2,1
Gymnocrex rosenbergii,Rallidae,Gruiformes,288,48705.95,0.36,1
Gymnocrex talaudensis,Rallidae,Gruiformes,288,842.43,4.28,1
Habroptila wallacii,Rallidae,Gruiformes,1000,18107.41,0.87,1
Himantornis haematopus,Rallidae,Gruiformes,585.69,2352615.17,1.48,1
Hypotaenidia immaculata,Rallidae,Gruiformes,553.16,3690.94,-8.04,1
Hypotaenidia insignis,Rallidae,Gruiformes,353.07,33841.04,-5.47,1
Hypotaenidia okinawae,Rallidae,Gruiformes,433,594.31,26.67,1
Hypotaenidia owstoni,Rallidae,Gruiformes,226.03,NA,NA,1
Hypotaenidia philippensis,Rallidae,Gruiformes,205.92,2532556.07,-14.9,1
Hypotaenidia rovianae,Rallidae,Gruiformes,353.07,3354.63,-8.24,1
Hypotaenidia sylvestris,Rallidae,Gruiformes,494.38,1.68,-31.58,1
Hypotaenidia tertia,Rallidae,Gruiformes,553.16,6993.67,-6.14,1
Hypotaenidia torquata,Rallidae,Gruiformes,280,412241.22,5.92,1
Hypotaenidia woodfordi,Rallidae,Gruiformes,553.16,3999.91,-9.64,1
Laterallus albigularis,Rallidae,Gruiformes,47.29,484181.36,7.83,1
Laterallus exilis,Rallidae,Gruiformes,33.53,6585440.31,-7.05,1
Laterallus flaviventer,Rallidae,Gruiformes,24.92,2593534.55,-8.68,2
Laterallus jamaicensis,Rallidae,Gruiformes,32.56,926165.39,-3.6,1
Laterallus leucopyrrhus,Rallidae,Gruiformes,45.5,882070.87,-29.21,1
Laterallus levraudi,Rallidae,Gruiformes,43.51,37022.49,10.32,1
Laterallus melanophaius,Rallidae,Gruiformes,52.1,10160298.32,-13.16,1
Laterallus rogersi,Rallidae,Gruiformes,39.27,16.43,-37.3,1
Laterallus ruber,Rallidae,Gruiformes,44.4,557484.26,17.46,1
Laterallus spilonota,Rallidae,Gruiformes,40.24,2021.77,-0.63,1
Laterallus spilopterus,Rallidae,Gruiformes,52.1,133958.77,-33.79,2
Laterallus tuerosi,Rallidae,Gruiformes,32.56,163.83,-11.01,1
Laterallus xenopterus,Rallidae,Gruiformes,56.9,46887.09,-23.24,1
Lewinia mirifica,Rallidae,Gruiformes,68,105068.66,15.95,3
Lewinia muelleri,Rallidae,Gruiformes,93,43.24,-50.85,1
Lewinia pectoralis,Rallidae,Gruiformes,78.05,975421.42,-27.11,1
Lewinia striata,Rallidae,Gruiformes,116,4835230.29,15.54,1
Megacrex inepta,Rallidae,Gruiformes,1200,89575.46,-5.6,1
Mentocrex beankaensis,Rallidae,Gruiformes,246,3754.59,-18.71,1
Mentocrex kioloides,Rallidae,Gruiformes,246,39392.29,-17.84,1
Micropygia schomburgkii,Rallidae,Gruiformes,31.2,3010330.87,-14.43,2
Neocrex colombiana,Rallidae,Gruiformes,58.3,105973.62,6.06,2
Neocrex erythrops,Rallidae,Gruiformes,58.3,3059848.54,-9.04,2
Paragallinula angulata,Rallidae,Gruiformes,129.98,11737913.2,-4.23,1
Pardirallus maculatus,Rallidae,Gruiformes,171,7546722.29,-12.71,2
Pardirallus nigricans,Rallidae,Gruiformes,217,3254810.22,-17.74,1
Pardirallus sanguinolentus,Rallidae,Gruiformes,232,4579906.01,-32.74,1
Pareudiastes pacificus,Rallidae,Gruiformes,450,NA,NA,NA
Pareudiastes silvestris,Rallidae,Gruiformes,450,0.99,-10.63,1
Porphyrio alleni,Rallidae,Gruiformes,138.74,16360428.26,-1.98,3
Porphyrio flavirostris,Rallidae,Gruiformes,92.64,5270055.29,-9.79,2
Porphyrio hochstetteri,Rallidae,Gruiformes,2462.18,670.74,-45.22,1
Porphyrio martinicus,Rallidae,Gruiformes,235.06,16393196.71,-6.17,1
Porphyrio porphyrio,Rallidae,Gruiformes,773.88,18686249.25,-3.51,1
Porphyriops melanops,Rallidae,Gruiformes,191,4136401.21,-23.34,1
Porzana albicollis,Rallidae,Gruiformes,100,6152059.49,-13.45,1
Porzana carolina,Rallidae,Gruiformes,74.8,9780642.26,48.73,3
Porzana fasciata,Rallidae,Gruiformes,69,1297085.55,-5.19,1
Porzana fluminea,Rallidae,Gruiformes,60.79,1975889.79,-30.69,2
Porzana porzana,Rallidae,Gruiformes,87.1,10691863.17,54.44,3
Rallicula forbesi,Rallidae,Gruiformes,85.13,196864.35,-5.77,1
Rallicula leucospila,Rallidae,Gruiformes,120,16734.29,-1.11,1
Rallicula mayri,Rallidae,Gruiformes,122.89,12498.7,-3.42,1
Rallicula rubra,Rallidae,Gruiformes,81,104309.04,-4.32,1
Rallina canningi,Rallidae,Gruiformes,178,5240.42,12.31,1
Rallina eurizonoides,Rallidae,Gruiformes,109,2090656.41,18.18,1
Rallina fasciata,Rallidae,Gruiformes,100,1943821.53,4.3,1
Rallina tricolor,Rallidae,Gruiformes,178,727507.1,-5.7,1
Rallus antarcticus,Rallidae,Gruiformes,60.4,116492.9,-49.58,2
Rallus aquaticus,Rallidae,Gruiformes,110.67,12363656.67,47.32,2
Rallus caerulescens,Rallidae,Gruiformes,162.11,5673805.66,-13.68,1
Rallus crepitans,Rallidae,Gruiformes,306,227121.95,25.57,2
Rallus elegans,Rallidae,Gruiformes,313.31,3180557.02,36.43,1
Rallus indicus,Rallidae,Gruiformes,104.5,2883471.77,49.93,2
Rallus limicola,Rallidae,Gruiformes,84.1,5650094.92,43.23,3
Rallus longirostris,Rallidae,Gruiformes,259.35,359148.15,-3.5,2
Rallus madagascariensis,Rallidae,Gruiformes,114,149530.83,-19.14,1
Rallus obsoletus,Rallidae,Gruiformes,342,57343.01,28.69,2
Rallus semiplumbeus,Rallidae,Gruiformes,84.1,728.49,4.68,1
Rallus tenuirostris,Rallidae,Gruiformes,306,189445.5,20.18,1
Rallus wetmorei,Rallidae,Gruiformes,259.4,117.29,10.7,2
Rougetius rougetii,Rallidae,Gruiformes,193.39,344840.95,9.48,1
Rufirallus castaneiceps,Rallidae,Gruiformes,126,607612.54,-5.72,1
Rufirallus viridis,Rallidae,Gruiformes,64.34,6139478.63,-7.22,1
Sarothrura affinis,Rallidae,Gruiformes,27.8,524225.88,-22.8,1
Sarothrura ayresi,Rallidae,Gruiformes,31.8,2995.34,3.8,1
Sarothrura boehmi,Rallidae,Gruiformes,34.97,995800.31,-12.23,1
Sarothrura elegans,Rallidae,Gruiformes,46.04,7047799.89,-8.05,1
Sarothrura insularis,Rallidae,Gruiformes,26.8,289629.5,-19.31,1
Sarothrura lugens,Rallidae,Gruiformes,30.83,189277.4,-5.7,1
Sarothrura pulchra,Rallidae,Gruiformes,45.2,4635423.45,0.32,1
Sarothrura rufa,Rallidae,Gruiformes,37.68,4402555,-9.18,1
Sarothrura watersi,Rallidae,Gruiformes,26.5,12305.12,-19.38,1
Tribonyx mortierii,Rallidae,Gruiformes,1291.83,35850.34,-41.82,1
Tribonyx ventralis,Rallidae,Gruiformes,386.31,4599237.18,-27.18,2
Zapornia akool,Rallidae,Gruiformes,131.43,3895470.77,23.74,2
Zapornia atra,Rallidae,Gruiformes,77.4,41.11,-24.36,1
Zapornia bicolor,Rallidae,Gruiformes,57.3,1389774.52,25.17,1
Zapornia flavirostra,Rallidae,Gruiformes,86.2,16710583.49,-2.62,1
Zapornia fusca,Rallidae,Gruiformes,57.27,6674711.81,24.18,2
Zapornia olivieri,Rallidae,Gruiformes,86.2,30532.17,-18.46,1
Zapornia parva,Rallidae,Gruiformes,49.7,6785055.74,50.9,3
Zapornia paykullii,Rallidae,Gruiformes,111,1588796.19,44.21,3
Zapornia pusilla,Rallidae,Gruiformes,35.4,19543407.73,23.48,3
Zapornia tabuensis,Rallidae,Gruiformes,42.23,2288129.09,-25.45,1
Leptosomus discolor,Leptosomidae,Leptosomiformes,255,592877.2,-19.36,1
Mesitornis unicolor,Mesitornithidae,Mesitornithiformes,148,37168.05,-18.07,1
Mesitornis variegatus,Mesitornithidae,Mesitornithiformes,110,39538.16,-18.08,1
Monias benschi,Mesitornithidae,Mesitornithiformes,137.94,12321.8,-22.42,1
Corythaeola cristata,Musophagidae,Musophagiformes,964.99,3896093.97,1.55,1
Corythaixoides concolor,Musophagidae,Musophagiformes,258,3808237.76,-17.21,1
Corythaixoides leopoldi,Musophagidae,Musophagiformes,250,667261.68,-5.02,1
Corythaixoides personatus,Musophagidae,Musophagiformes,250,52976.1,6.46,1
Crinifer piscator,Musophagidae,Musophagiformes,370,3640485.51,9.71,1
Crinifer zonurus,Musophagidae,Musophagiformes,527,1014236.61,7.02,1
Criniferoides leucogaster,Musophagidae,Musophagiformes,216.16,2293621.91,3.09,1
Gallirex johnstoni,Musophagidae,Musophagiformes,240,16706.27,-2.11,1
Gallirex porphyreolophus,Musophagidae,Musophagiformes,259,2166499.58,-14.2,1
Musophaga rossae,Musophagidae,Musophagiformes,361.42,3088906.06,-6.06,1
Musophaga violacea,Musophagidae,Musophagiformes,360,2077717.14,10.04,1
Tauraco bannermani,Musophagidae,Musophagiformes,224,1978.6,6.06,1
Tauraco corythaix,Musophagidae,Musophagiformes,308,124836.47,-30.04,1
Tauraco erythrolophus,Musophagidae,Musophagiformes,261.24,189792.61,-9.28,1
Tauraco fischeri,Musophagidae,Musophagiformes,250,48655.56,-2.24,1
Tauraco hartlaubi,Musophagidae,Musophagiformes,224,264805.15,-0.67,1
Tauraco leucolophus,Musophagidae,Musophagiformes,219,1433202.57,5.95,1
Tauraco leucotis,Musophagidae,Musophagiformes,265,807016.24,8.87,1
Tauraco livingstonii,Musophagidae,Musophagiformes,249,974104.7,-14.5,1
Tauraco macrorhynchus,Musophagidae,Musophagiformes,243.72,1273570.69,3.31,1
Tauraco persa,Musophagidae,Musophagiformes,306,3260169.31,5.3,1
Tauraco ruspolii,Musophagidae,Musophagiformes,263,11916.28,5.21,1
Tauraco schalowi,Musophagidae,Musophagiformes,206.39,1899419.96,-11.64,1
Tauraco schuettii,Musophagidae,Musophagiformes,235,2085207.97,-1.23,1
Opisthocomus hoazin,Opisthocomidae,Opisthocomiformes,696,7559878.74,-3.65,1
Afrotis afra,Otididae,Otidiformes,689.99,173167.3,-32.86,1
Afrotis afraoides,Otididae,Otidiformes,745,1934353.37,-25.21,1
Ardeotis arabs,Otididae,Otidiformes,5943.48,2950367.62,13.89,1
Ardeotis australis,Otididae,Otidiformes,4182.35,6717248.95,-24.05,1
Ardeotis kori,Otididae,Otidiformes,7994.16,3565934.25,-16.22,1
Ardeotis nigriceps,Otididae,Otidiformes,7235.31,451108.33,22.98,1
Chlamydotis macqueenii,Otididae,Otidiformes,1501.33,4341405.59,40.12,1
Chlamydotis undulata,Otididae,Otidiformes,1501.33,3413138.33,28.24,1
Eupodotis caerulescens,Otididae,Otidiformes,1366,264843.99,-29.04,1
Eupodotis senegalensis,Otididae,Otidiformes,585,4886826.68,2.55,1
Heterotetrax humilis,Otididae,Otidiformes,698,447301.03,8.1,1
Heterotetrax rueppelii,Otididae,Otidiformes,1107.04,280978.34,-20.52,1
Heterotetrax vigorsii,Otididae,Otidiformes,1700,691336.88,-29.73,1
Houbaropsis bengalensis,Otididae,Otidiformes,2012.46,76553.14,25.33,1
Lissotis hartlaubii,Otididae,Otidiformes,1190,606100.64,4.48,1
Lissotis melanogaster,Otididae,Otidiformes,1151.52,10594022.75,-0.73,1
Lophotis gindiana,Otididae,Otidiformes,782.3,1777669.92,3.04,1
Lophotis ruficrista,Otididae,Otidiformes,712.1,2013859.39,-20.84,1
Lophotis savilei,Otididae,Otidiformes,712.1,1057430.55,13.54,1
Neotis denhami,Otididae,Otidiformes,3970.2,7660206.48,1.84,1
Neotis heuglinii,Otididae,Otidiformes,4098.78,989206.1,6.22,1
Neotis ludwigii,Otididae,Otidiformes,3260.94,1006199.57,-27.03,1
Neotis nuba,Otididae,Otidiformes,5440,2385968.92,17.41,1
Otis tarda,Otididae,Otidiformes,6759.92,4521984.02,48.74,2
Sypheotides indicus,Otididae,Otidiformes,614.32,1401041.69,24.07,1
Tetrax tetrax,Otididae,Otidiformes,833.45,5061737.32,48.84,2
Acanthisitta chloris,Acanthisittidae,Passeriformes,6.91,152503.84,-42.25,1
Xenicus gilviventris,Acanthisittidae,Passeriformes,17.59,11157.46,-43.99,1
Acanthiza apicalis,Acanthizidae,Passeriformes,7.62,4124270.8,-27.63,1
Acanthiza chrysorrhoa,Acanthizidae,Passeriformes,9.29,4590956.34,-28.8,1
Acanthiza cinerea,Acanthizidae,Passeriformes,7.6,124509.89,-5.22,1
Acanthiza ewingii,Acanthizidae,Passeriformes,6.9,68050.51,-41.94,1
Acanthiza inornata,Acanthizidae,Passeriformes,7,137406.16,-32.67,1
Acanthiza iredalei,Acanthizidae,Passeriformes,6.04,987131.55,-31.22,1
Acanthiza katherina,Acanthizidae,Passeriformes,7.2,58196.09,-17.76,1
Acanthiza lineata,Acanthizidae,Passeriformes,6.85,1043817.35,-32.16,1
Acanthiza murina,Acanthizidae,Passeriformes,8.4,83142.29,-5.39,1
Acanthiza nana,Acanthizidae,Passeriformes,6.19,2021416.13,-29.95,1
Acanthiza pusilla,Acanthizidae,Passeriformes,7.62,1131818.69,-32.24,1
Acanthiza reguloides,Acanthizidae,Passeriformes,7.7,1843422.3,-29.59,1
Acanthiza robustirostris,Acanthizidae,Passeriformes,6.1,2061848.42,-25.85,2
Acanthiza uropygialis,Acanthizidae,Passeriformes,6.4,4788831.67,-28.24,1
Acanthornis magna,Acanthizidae,Passeriformes,10.18,45032.53,-41.92,1
Aphelocephala leucopsis,Acanthizidae,Passeriformes,12.31,3741148.76,-29.43,1
Aphelocephala nigricincta,Acanthizidae,Passeriformes,10.4,1619312.31,-25.27,1
Aphelocephala pectoralis,Acanthizidae,Passeriformes,9,231089.7,-28.76,1
Calamanthus campestris,Acanthizidae,Passeriformes,13.91,1452514.49,-29.27,1
Calamanthus cautus,Acanthizidae,Passeriformes,15.21,971888.94,-33.03,1
Calamanthus fuliginosus,Acanthizidae,Passeriformes,20.81,197682.93,-38.96,1
Calamanthus montanellus,Acanthizidae,Passeriformes,14,420704.39,-31.72,1
Calamanthus pyrrhopygius,Acanthizidae,Passeriformes,16.8,767767.19,-34,1
Crateroscelis murina,Acanthizidae,Passeriformes,15,531992.39,-5.19,1
Crateroscelis nigrorufa,Acanthizidae,Passeriformes,15.9,105189.03,-5.46,1
Crateroscelis robusta,Acanthizidae,Passeriformes,18.6,164313.71,-5.15,1
Gerygone albofrontata,Acanthizidae,Passeriformes,10.26,790.01,-43.94,1
Gerygone chloronota,Acanthizidae,Passeriformes,6.6,1009439.84,-8.26,1
Gerygone chrysogaster,Acanthizidae,Passeriformes,8,557753.52,-5.28,1
Gerygone citrina,Acanthizidae,Passeriformes,6.3,835.03,-11.66,1
Gerygone dorsalis,Acanthizidae,Passeriformes,7.2,7004.78,-7.31,1
Gerygone flavolateralis,Acanthizidae,Passeriformes,6.3,28357.67,-19.42,1
Gerygone fusca,Acanthizidae,Passeriformes,5.4,2747581.75,-27.79,1
Gerygone hypoxantha,Acanthizidae,Passeriformes,7.2,2524.27,-0.94,1
Gerygone igata,Acanthizidae,Passeriformes,6.4,268886.76,-41.77,1
Gerygone inornata,Acanthizidae,Passeriformes,7.2,33197.31,-9.21,1
Gerygone levigaster,Acanthizidae,Passeriformes,6.2,342256.68,-17.91,1
Gerygone magnirostris,Acanthizidae,Passeriformes,6.8,1205051.15,-9.06,1
Gerygone modesta,Acanthizidae,Passeriformes,7.5,37.88,-29.03,1
Gerygone mouki,Acanthizidae,Passeriformes,5.2,387637.87,-28.47,1
Gerygone olivacea,Acanthizidae,Passeriformes,6.72,2358084.06,-22.92,1
Gerygone palpebrosa,Acanthizidae,Passeriformes,7.4,969224.38,-11.54,1
Gerygone ruficollis,Acanthizidae,Passeriformes,7,107780.49,-5.41,1
Gerygone sulphurea,Acanthizidae,Passeriformes,5.6,1733224.34,1.6,1
Gerygone tenebrosa,Acanthizidae,Passeriformes,7.68,39187.75,-21.21,1
Oreoscopus gutturalis,Acanthizidae,Passeriformes,20,102359.75,-17.83,1
Origma solitaria,Acanthizidae,Passeriformes,14.34,56963.22,-33.19,1
Pachycare flavogriseum,Acanthizidae,Passeriformes,16.2,171110.44,-5.36,1
Pycnoptilus floccosus,Acanthizidae,Passeriformes,28.9,244748.61,-35.35,1
Pyrrholaemus brunneus,Acanthizidae,Passeriformes,12.5,3285337.24,-27.58,1
Pyrrholaemus sagittatus,Acanthizidae,Passeriformes,13.29,1269134.5,-30.65,1
Sericornis arfakianus,Acanthizidae,Passeriformes,8.7,181310.74,-5.28,1
Sericornis beccarii,Acanthizidae,Passeriformes,11.88,246723.36,-7.29,1
Sericornis citreogularis,Acanthizidae,Passeriformes,17.6,169010.51,-28.74,1
Sericornis frontalis,Acanthizidae,Passeriformes,13.23,1682487.01,-31.43,1
Sericornis humilis,Acanthizidae,Passeriformes,18.25,41698.31,-41.89,1
Sericornis keri,Acanthizidae,Passeriformes,11.38,24710.75,-17.46,2
Sericornis magnirostra,Acanthizidae,Passeriformes,9.8,270681.41,-28.58,2
Sericornis nouhuysi,Acanthizidae,Passeriformes,17.1,132591.21,-4.93,1
Sericornis papuensis,Acanthizidae,Passeriformes,11.2,86586.53,-5.17,1
Sericornis perspicillatus,Acanthizidae,Passeriformes,9,122449.64,-5.26,1
Sericornis rufescens,Acanthizidae,Passeriformes,8.5,8367.91,-1.27,1
Sericornis spilodera,Acanthizidae,Passeriformes,11.7,283199.34,-5.23,1
Smicrornis brevirostris,Acanthizidae,Passeriformes,5.3,7230924.88,-25.7,1
Acrocephalus aequinoctialis,Acrocephalidae,Passeriformes,25,229.11,2.11,1
Acrocephalus agricola,Acrocephalidae,Passeriformes,9.6,6560153.7,46.5,3
Acrocephalus arundinaceus,Acrocephalidae,Passeriformes,30,9336953.31,49.39,3
Acrocephalus atyphus,Acrocephalidae,Passeriformes,30,611.16,-16.91,1
Acrocephalus australis,Acrocephalidae,Passeriformes,17.7,5363722.05,-21.31,3
Acrocephalus bistrigiceps,Acrocephalidae,Passeriformes,8.67,4170337.09,43.82,3
Acrocephalus brevipennis,Acrocephalidae,Passeriformes,16,1324.46,15.18,1
Acrocephalus caffer,Acrocephalidae,Passeriformes,43.8,266.98,-17.65,1
Acrocephalus concinens,Acrocephalidae,Passeriformes,8.3,2146677.25,33.61,2
Acrocephalus dumetorum,Acrocephalidae,Passeriformes,11.2,5747941.28,55.04,3
Acrocephalus familiaris,Acrocephalidae,Passeriformes,18.3,1.55,23.06,1
Acrocephalus gracilirostris,Acrocephalidae,Passeriformes,14.4,4809980,-13.82,1
Acrocephalus griseldis,Acrocephalidae,Passeriformes,16.7,105982.42,31.95,3
Acrocephalus hiwae,Acrocephalidae,Passeriformes,35.6,134.91,15.34,1
Acrocephalus kerearako,Acrocephalidae,Passeriformes,22.5,69.45,-21.34,1
Acrocephalus longirostris,Acrocephalidae,Passeriformes,43.8,134.38,-17.53,1
Acrocephalus melanopogon,Acrocephalidae,Passeriformes,10.9,2304218.81,42.27,3
Acrocephalus mendanae,Acrocephalidae,Passeriformes,36.3,593.47,-9.83,1
Acrocephalus newtoni,Acrocephalidae,Passeriformes,17,591120.51,-19.38,1
Acrocephalus orientalis,Acrocephalidae,Passeriformes,23.5,5305557.13,43.41,3
Acrocephalus orinus,Acrocephalidae,Passeriformes,24.2,15471.91,37.13,3
Acrocephalus paludicola,Acrocephalidae,Passeriformes,11.6,182586.45,52.09,3
Acrocephalus palustris,Acrocephalidae,Passeriformes,11.5,5996672.74,51.96,3
Acrocephalus percernis,Acrocephalidae,Passeriformes,31.2,478.41,-8.79,1
Acrocephalus rehsei,Acrocephalidae,Passeriformes,20.06,18.3,-0.53,1
Acrocephalus rimitarae,Acrocephalidae,Passeriformes,26.5,6.84,-22.65,1
Acrocephalus rodericanus,Acrocephalidae,Passeriformes,11.8,2.73,-19.7,1
Acrocephalus rufescens,Acrocephalidae,Passeriformes,22.72,1400095.07,1.16,1
Acrocephalus schoenobaenus,Acrocephalidae,Passeriformes,11.83,11967937.01,56.04,3
Acrocephalus scirpaceus,Acrocephalidae,Passeriformes,12.3,15112845.4,25.94,3
Acrocephalus sechellensis,Acrocephalidae,Passeriformes,15.87,1.59,-4.27,1
Acrocephalus sorghophilus,Acrocephalidae,Passeriformes,8.2,NA,NA,3
Acrocephalus stentoreus,Acrocephalidae,Passeriformes,24.2,4179062.95,32.95,2
Acrocephalus syrinx,Acrocephalidae,Passeriformes,34,562.18,6.63,1
Acrocephalus taiti,Acrocephalidae,Passeriformes,24.25,44.55,-24.38,1
Acrocephalus tangorum,Acrocephalidae,Passeriformes,8,753054.77,49.24,3
Acrocephalus vaughani,Acrocephalidae,Passeriformes,24.37,4.8,-25.07,1
Arundinax aedon,Acrocephalidae,Passeriformes,22.4,6900163.32,50.11,3
Calamonastides bensoni,Acrocephalidae,Passeriformes,10.8,6049.52,-9.72,1
Calamonastides gracilirostris,Acrocephalidae,Passeriformes,10.8,69809.73,-1.07,1
Hippolais icterina,Acrocephalidae,Passeriformes,13.2,6330920.54,54.61,3
Hippolais languida,Acrocephalidae,Passeriformes,12,3093496.38,36.55,3
Hippolais olivetorum,Acrocephalidae,Passeriformes,17.5,285772.62,38.79,3
Hippolais polyglotta,Acrocephalidae,Passeriformes,11,1710837.05,41.86,3
Iduna caligata,Acrocephalidae,Passeriformes,8.9,5841802.63,54.46,3
Iduna natalensis,Acrocephalidae,Passeriformes,11.7,3742433.69,-8.74,1
Iduna opaca,Acrocephalidae,Passeriformes,9,515405.67,33.54,3
Iduna pallida,Acrocephalidae,Passeriformes,9,4793435.1,36.23,3
Iduna rama,Acrocephalidae,Passeriformes,9.3,3621478.6,40.31,3
Iduna similis,Acrocephalidae,Passeriformes,11.1,283650.62,-3.24,1
Nesillas brevicaudata,Acrocephalidae,Passeriformes,16.1,1031.43,-11.66,1
Nesillas lantzii,Acrocephalidae,Passeriformes,19.68,69721.5,-23.7,1
Nesillas mariae,Acrocephalidae,Passeriformes,16,209.4,-12.32,1
Nesillas typica,Acrocephalidae,Passeriformes,19.68,520534.89,-18.76,1
Aegithalos annamensis,Aegithalidae,Passeriformes,6.1,83193.97,13.9,1
Aegithalos bonvaloti,Aegithalidae,Passeriformes,7,147940.06,28.23,1
Aegithalos caudatus,Aegithalidae,Passeriformes,8.6,18247301.19,52.48,1
Aegithalos concinnus,Aegithalidae,Passeriformes,6.1,2797505.09,27.24,1
Aegithalos fuliginosus,Aegithalidae,Passeriformes,5.65,216742.87,31.85,1
Aegithalos glaucogularis,Aegithalidae,Passeriformes,8.6,1794376.61,33.83,1
Aegithalos iouschistos,Aegithalidae,Passeriformes,7,68201.14,28.11,1
Aegithalos iredalei,Aegithalidae,Passeriformes,6.1,286783.93,29.8,1
Aegithalos leucogenys,Aegithalidae,Passeriformes,6.7,171568.74,33.14,1
Aegithalos niveogularis,Aegithalidae,Passeriformes,7.8,180594.85,31.96,1
Leptopoecile elegans,Aegithalidae,Passeriformes,6.21,815155.61,33.97,1
Leptopoecile sophiae,Aegithalidae,Passeriformes,6.9,1295650.44,36.15,1
Psaltria exilis,Aegithalidae,Passeriformes,4,11281.75,-7.1,2
Psaltriparus minimus,Aegithalidae,Passeriformes,5.3,2692275.52,34.37,1
Aegithina lafresnayei,Aegithinidae,Passeriformes,11.96,1675913.71,15.28,1
Aegithina nigrolutea,Aegithinidae,Passeriformes,11.83,714297.74,24.1,1
Aegithina tiphia,Aegithinidae,Passeriformes,12,6356008.52,15.54,1
Aegithina viridissima,Aegithinidae,Passeriformes,13.4,1109607.12,1.02,1
Alaemon alaudipes,Alaudidae,Passeriformes,43.72,10471834.07,24.91,1
Alaemon hamertoni,Alaudidae,Passeriformes,43.7,160427.89,9.08,1
Alauda arvensis,Alaudidae,Passeriformes,37.31,26018285.25,53.41,2
Alauda gulgula,Alaudidae,Passeriformes,26.3,11895680.09,27.53,2
Alauda leucoptera,Alaudidae,Passeriformes,45.3,2978169.83,50.99,3
Alauda razae,Alaudidae,Passeriformes,21.9,1.92,16.62,1
Alaudala raytal,Alaudidae,Passeriformes,18.49,1260034.4,25.67,1
Alaudala rufescens,Alaudidae,Passeriformes,24.1,11413124.26,41.63,2
Alaudala somalica,Alaudidae,Passeriformes,24.1,203115.48,4.14,2
Ammomanes cinctura,Alaudidae,Passeriformes,18.13,7019361.88,26.75,2
Ammomanes deserti,Alaudidae,Passeriformes,23.8,11432995.72,25.61,2
Ammomanes phoenicura,Alaudidae,Passeriformes,25.6,1826048.11,20.84,2
Ammomanopsis grayi,Alaudidae,Passeriformes,21.41,184607.34,-21.53,1
Calandrella acutirostris,Alaudidae,Passeriformes,20.16,4184614.09,35.02,3
Calandrella blanfordi,Alaudidae,Passeriformes,23.7,241455.99,10.68,2
Calandrella brachydactyla,Alaudidae,Passeriformes,21.06,9578341.98,42.62,2
Calandrella cinerea,Alaudidae,Passeriformes,23.7,5733287.57,-17.89,2
Calandrella dukhunensis,Alaudidae,Passeriformes,21.06,3964724.62,40.75,2
Calandrella eremica,Alaudidae,Passeriformes,23.7,149763.86,13.09,2
Calendulauda africanoides,Alaudidae,Passeriformes,23.4,2078613.46,-22.01,1
Calendulauda albescens,Alaudidae,Passeriformes,30.4,283792.89,-31.92,1
Calendulauda alopex,Alaudidae,Passeriformes,24,781225.54,1.52,1
Calendulauda burra,Alaudidae,Passeriformes,37.37,72170.13,-30.08,1
Calendulauda erythrochlamys,Alaudidae,Passeriformes,28.06,70724.64,-25.98,1
Calendulauda poecilosterna,Alaudidae,Passeriformes,24.7,703693.95,1.38,1
Calendulauda sabota,Alaudidae,Passeriformes,24.7,2588939.44,-23.72,1
Certhilauda chuana,Alaudidae,Passeriformes,44.1,127491.6,-25.51,1
Certhilauda curvirostris,Alaudidae,Passeriformes,40.41,63461.48,-31.69,1
Certhilauda semitorquata,Alaudidae,Passeriformes,40.41,468995.29,-29.32,1
Certhilauda subcoronata,Alaudidae,Passeriformes,40.41,819069.7,-26.42,1
Chersomanes albofasciata,Alaudidae,Passeriformes,24.61,2153588.68,-24.26,1
Chersophilus duponti,Alaudidae,Passeriformes,39.4,288089.02,34.39,2
Eremalauda dunni,Alaudidae,Passeriformes,20.5,1825439.35,18.18,1
Eremalauda eremodites,Alaudidae,Passeriformes,20.5,740753.56,26.46,1
Eremophila alpestris,Alaudidae,Passeriformes,33.33,35118904.89,53.86,3
Eremophila bilopha,Alaudidae,Passeriformes,38.5,1422315.02,31.25,2
Eremopterix australis,Alaudidae,Passeriformes,14.2,642788.97,-28.53,3
Eremopterix griseus,Alaudidae,Passeriformes,16,2966642.7,22.06,2
Eremopterix hova,Alaudidae,Passeriformes,18.9,591120.51,-19.38,1
Eremopterix leucopareia,Alaudidae,Passeriformes,14.5,859362.7,-4.61,2
Eremopterix leucotis,Alaudidae,Passeriformes,16.4,7621320.47,0.99,2
Eremopterix nigriceps,Alaudidae,Passeriformes,13.85,7838188.48,18.68,2
Eremopterix signatus,Alaudidae,Passeriformes,15.7,970819.66,3.94,2
Eremopterix verticalis,Alaudidae,Passeriformes,17,3048289.88,-23.09,3
Galerida cristata,Alaudidae,Passeriformes,42.68,24389170.69,34.48,1
Galerida deva,Alaudidae,Passeriformes,19.89,832847.98,20.38,1
Galerida magnirostris,Alaudidae,Passeriformes,41.6,692806.52,-30.74,1
Galerida malabarica,Alaudidae,Passeriformes,38.17,213051.54,15.44,1
Galerida modesta,Alaudidae,Passeriformes,20.2,3249298.44,9.21,1
Galerida theklae,Alaudidae,Passeriformes,38.17,2270448.11,26.42,1
Heteromirafra archeri,Alaudidae,Passeriformes,30,121.01,8.55,1
Heteromirafra ruddi,Alaudidae,Passeriformes,26.6,21832.33,-27.15,1
Lullula arborea,Alaudidae,Passeriformes,26.9,7140559.13,47.75,2
Melanocorypha bimaculata,Alaudidae,Passeriformes,54.1,3368485.69,41.58,3
Melanocorypha calandra,Alaudidae,Passeriformes,61.6,5323937.62,41.54,2
Melanocorypha maxima,Alaudidae,Passeriformes,74.99,1042885.9,33.64,2
Melanocorypha mongolica,Alaudidae,Passeriformes,53.94,3449137.1,44.3,2
Melanocorypha yeltoniensis,Alaudidae,Passeriformes,59.93,2093596.82,50.74,2
Mirafra affinis,Alaudidae,Passeriformes,26.2,1030383.64,15.98,2
Mirafra africana,Alaudidae,Passeriformes,45.03,5074225.03,-13.63,2
Mirafra albicauda,Alaudidae,Passeriformes,22.2,516863.45,1.08,1
Mirafra angolensis,Alaudidae,Passeriformes,36.21,763784.63,-11.77,1
Mirafra apiata,Alaudidae,Passeriformes,26.87,258562.29,-31.89,1
Mirafra ashi,Alaudidae,Passeriformes,36.8,1696.19,2.23,1
Mirafra assamica,Alaudidae,Passeriformes,26.2,808359.62,26.01,1
Mirafra cheniana,Alaudidae,Passeriformes,29.15,258493.25,-28.15,1
Mirafra collaris,Alaudidae,Passeriformes,29.15,319160.76,3.51,1
Mirafra cordofanica,Alaudidae,Passeriformes,29.15,1714275.18,16.79,1
Mirafra erythrocephala,Alaudidae,Passeriformes,26.2,927241.91,15.19,1
Mirafra erythroptera,Alaudidae,Passeriformes,21.3,2147813.66,22.55,1
Mirafra fasciolata,Alaudidae,Passeriformes,30.6,1765891.86,-23.38,1
Mirafra gilletti,Alaudidae,Passeriformes,22.4,590017.04,7.3,1
Mirafra hypermetra,Alaudidae,Passeriformes,61.39,451245.37,0.81,1
Mirafra javanica,Alaudidae,Passeriformes,23,11569436.06,-2.45,1
Mirafra microptera,Alaudidae,Passeriformes,26.2,91215.72,21.54,1
Mirafra passerina,Alaudidae,Passeriformes,24.7,1870815.46,-20.97,1
Mirafra pulpa,Alaudidae,Passeriformes,21.9,42119.97,-0.02,3
Mirafra rufa,Alaudidae,Passeriformes,29.15,513902.1,13.49,1
Mirafra rufocinnamomea,Alaudidae,Passeriformes,26.29,9716191.66,-3.88,1
Mirafra sharpii,Alaudidae,Passeriformes,45.03,16130.84,9.93,2
Mirafra somalica,Alaudidae,Passeriformes,46.6,124461.29,6.99,1
Mirafra williamsi,Alaudidae,Passeriformes,29.15,30949.62,2.21,1
Pinarocorys erythropygia,Alaudidae,Passeriformes,30.1,3415913.26,9.28,1
Pinarocorys nigricans,Alaudidae,Passeriformes,38.11,1921432.84,-10.75,3
Ramphocoris clotbey,Alaudidae,Passeriformes,49.06,934337.78,30.73,2
Spizocorys conirostris,Alaudidae,Passeriformes,14.3,1128198.55,-25.05,1
Spizocorys fremantlii,Alaudidae,Passeriformes,23.39,566471.71,5.25,2
Spizocorys fringillaris,Alaudidae,Passeriformes,19.15,3270.79,-27.38,1
Spizocorys obbiensis,Alaudidae,Passeriformes,13.49,55209.01,4.23,1
Spizocorys personata,Alaudidae,Passeriformes,19.7,73283.54,4.53,1
Spizocorys sclateri,Alaudidae,Passeriformes,19,226405.69,-29.21,1
Spizocorys starki,Alaudidae,Passeriformes,18.5,735633.97,-24.42,2
Artamus cinereus,Artamidae,Passeriformes,35.6,7423572.8,-24.9,1
Artamus cyanopterus,Artamidae,Passeriformes,34.6,3897118.38,-29.53,1
Artamus fuscus,Artamidae,Passeriformes,39.8,4701116.55,19.83,1
Artamus insignis,Artamidae,Passeriformes,51.3,37843.11,-5.19,1
Artamus leucoryn,Artamidae,Passeriformes,41.69,7650935.5,-16.31,1
Artamus maximus,Artamidae,Passeriformes,58.2,248677.85,-5.25,1
Artamus mentalis,Artamidae,Passeriformes,41.9,17260.34,-17.44,1
Artamus minor,Artamidae,Passeriformes,16,6485166.89,-24.04,1
Artamus monachus,Artamidae,Passeriformes,51.3,182431.07,-2.06,1
Artamus personatus,Artamidae,Passeriformes,34.6,7500863.72,-25.72,1
Artamus superciliosus,Artamidae,Passeriformes,35.5,7162672.29,-25.72,3
Cracticus argenteus,Artamidae,Passeriformes,88.8,370561.32,-14.31,1
Cracticus cassicus,Artamidae,Passeriformes,142,554775.59,-5.41,1
Cracticus louisiadensis,Artamidae,Passeriformes,142,813.95,-11.51,1
Cracticus mentalis,Artamidae,Passeriformes,77,218872.78,-11.87,1
Cracticus nigrogularis,Artamidae,Passeriformes,128,6347951.06,-24.64,1
Cracticus torquatus,Artamidae,Passeriformes,82.88,6032491.25,-27.75,1
Gymnorhina tibicen,Artamidae,Passeriformes,284.87,6726971.95,-26.45,1
Melloria quoyi,Artamidae,Passeriformes,168,1145717.61,-8.69,1
Peltops blainvillii,Artamidae,Passeriformes,30,529218,-5.03,1
Peltops montanus,Artamidae,Passeriformes,31.6,324099.4,-5.24,1
Strepera fuliginosa,Artamidae,Passeriformes,375.46,68050.36,-41.94,1
Strepera graculina,Artamidae,Passeriformes,298.86,1580095.1,-27.98,1
Strepera versicolor,Artamidae,Passeriformes,395.47,2079178.27,-32.07,1
Atrichornis clamosus,Atrichornithidae,Passeriformes,42.15,163.91,-34.31,1
Atrichornis rufescens,Atrichornithidae,Passeriformes,24,17310.26,-29.91,1
Bernieria madagascariensis,Bernieridae,Passeriformes,25.33,445930.23,-18.39,1
Crossleyia tenebrosa,Bernieridae,Passeriformes,21.4,15950.29,-16.15,1
Crossleyia xanthophrys,Bernieridae,Passeriformes,19.9,22717.1,-18.2,1
Cryptosylvicola randrianasoloi,Bernieridae,Passeriformes,8.6,115073.28,-18.32,1
Hartertula flavoviridis,Bernieridae,Passeriformes,9.7,91538.64,-19.08,1
Oxylabes madagascariensis,Bernieridae,Passeriformes,23.3,172738.74,-18.58,1
Randia pseudozosterops,Bernieridae,Passeriformes,11,149492.81,-18.79,1
Thamnornis chloropetoides,Bernieridae,Passeriformes,14.3,69624.44,-22.8,1
Xanthomixis apperti,Bernieridae,Passeriformes,14.6,1495.63,-22.61,1
Xanthomixis cinereiceps,Bernieridae,Passeriformes,18.2,163803.27,-18.47,1
Xanthomixis zosterops,Bernieridae,Passeriformes,10.85,210073.52,-18.56,1
Bombycilla cedrorum,Bombycillidae,Passeriformes,31.58,7437954.14,47.88,3
Bombycilla garrulus,Bombycillidae,Passeriformes,54.41,12792145,61.26,3
Bombycilla japonica,Bombycillidae,Passeriformes,42.3,869392.31,52.34,2
Buphagus africanus,Buphagidae,Passeriformes,58.5,3672712.87,6.04,2
Buphagus erythrorynchus,Buphagidae,Passeriformes,50.74,2881050.23,-2.49,1
Calcarius lapponicus,Calcariidae,Passeriformes,27.84,8536158.76,68.82,3
Calcarius ornatus,Calcariidae,Passeriformes,20.3,799140.65,47.96,3
Calcarius pictus,Calcariidae,Passeriformes,26.66,711278.18,64.67,3
Plectrophenax hyperboreus,Calcariidae,Passeriformes,54.5,5375.35,63.11,3
Plectrophenax nivalis,Calcariidae,Passeriformes,42.2,6819849.23,69.82,3
Rhynchophanes mccownii,Calcariidae,Passeriformes,25.68,686197.76,47.28,3
Callaeas cinereus,Callaeidae,Passeriformes,225.37,NA,NA,1
Callaeas wilsoni,Callaeidae,Passeriformes,225.37,4406.46,-38.06,1
Philesturnus carunculatus,Callaeidae,Passeriformes,74.72,12.21,-46.72,1
Philesturnus rufusater,Callaeidae,Passeriformes,74.72,87.11,-37.54,1
Calyptomena hosii,Calyptomenidae,Passeriformes,92,185043.18,2.39,1
Calyptomena viridis,Calyptomenidae,Passeriformes,58.5,1457426.48,1.69,1
Calyptomena whiteheadi,Calyptomenidae,Passeriformes,156.09,95505.36,2.3,1
Smithornis capensis,Calyptomenidae,Passeriformes,23.2,3751914,-8.09,1
Smithornis rufolateralis,Calyptomenidae,Passeriformes,19.04,1880114.42,2.08,1
Smithornis sharpei,Calyptomenidae,Passeriformes,37.5,498936.69,0.67,1
Calyptophilus frugivorus,Calyptophilidae,Passeriformes,32.1,7294.34,18.79,1
Calyptophilus tertius,Calyptophilidae,Passeriformes,49.2,6314.23,18.28,1
Campephaga flava,Campephagidae,Passeriformes,32.3,5014249.34,-11.41,1
Campephaga petiti,Campephagidae,Passeriformes,31.34,508880.65,-0.86,1
Campephaga phoenicea,Campephagidae,Passeriformes,27.1,4733993.8,8.31,1
Campephaga quiscalina,Campephagidae,Passeriformes,34.5,1373914.13,-1.94,1
Campochaera sloetii,Campephagidae,Passeriformes,41,229861.84,-4.55,1
Ceblepyris caesius,Campephagidae,Passeriformes,47.29,905645.62,-7.94,1
Ceblepyris cinereus,Campephagidae,Passeriformes,47.2,415959.23,-19.51,1
Ceblepyris cucullatus,Campephagidae,Passeriformes,47.2,1245,-11.77,1
Ceblepyris graueri,Campephagidae,Passeriformes,47.2,31898.57,-0.48,1
Ceblepyris pectoralis,Campephagidae,Passeriformes,54.4,6110219.71,-4,1
Celebesica abbotti,Campephagidae,Passeriformes,67.96,28181.39,-1.95,1
Coracina atriceps,Campephagidae,Passeriformes,139,39084.46,-1.18,1
Coracina bicolor,Campephagidae,Passeriformes,101,142589.21,-2.13,1
Coracina boyeri,Campephagidae,Passeriformes,66.4,604477.42,-5.36,1
Coracina caeruleogrisea,Campephagidae,Passeriformes,138.17,404850.4,-5.12,1
Coracina caledonica,Campephagidae,Passeriformes,140,25323.8,-19.81,1
Coracina dobsoni,Campephagidae,Passeriformes,111,5202.93,12.3,1
Coracina fortis,Campephagidae,Passeriformes,138.2,8554.33,-3.42,1
Coracina javensis,Campephagidae,Passeriformes,94.5,3632403.85,20.34,1
Coracina larvata,Campephagidae,Passeriformes,94.5,524076.97,0.2,1
Coracina leucopygia,Campephagidae,Passeriformes,94.5,154181.01,-2.11,1
Coracina lineata,Campephagidae,Passeriformes,76.01,643371.3,-13.78,1
Coracina longicauda,Campephagidae,Passeriformes,101,135269.83,-5.56,1
Coracina macei,Campephagidae,Passeriformes,105,2249595.09,20.18,1
Coracina maxima,Campephagidae,Passeriformes,127,6390802.08,-26.11,1
Coracina novaehollandiae,Campephagidae,Passeriformes,118,7703886.1,-25.69,1
Coracina panayensis,Campephagidae,Passeriformes,111,28512.53,10.79,1
Coracina papuensis,Campephagidae,Passeriformes,63.45,4454361.88,-20.83,1
Coracina personata,Campephagidae,Passeriformes,94.5,84599.53,-8.87,1
Coracina schistacea,Campephagidae,Passeriformes,94.5,7293.2,-1.71,1
Coracina striata,Campephagidae,Passeriformes,111,1446124.69,2.61,1
Coracina temminckii,Campephagidae,Passeriformes,101,145760.19,-1.6,1
Coracina welchmani,Campephagidae,Passeriformes,135,23552.63,-7.69,1
Cyanograucalus azureus,Campephagidae,Passeriformes,46.1,1644557.76,2.64,1
Edolisoma anale,Campephagidae,Passeriformes,82.4,5155.81,-21.57,1
Edolisoma ceramense,Campephagidae,Passeriformes,47.9,28618.49,-3.12,1
Edolisoma coerulescens,Campephagidae,Passeriformes,62.84,84363.69,15.81,1
Edolisoma dispar,Campephagidae,Passeriformes,67.96,4846.92,-6.85,1
Edolisoma dohertyi,Campephagidae,Passeriformes,67.96,39073.16,-8.93,1
Edolisoma grayi,Campephagidae,Passeriformes,60.92,23203.33,0.85,1
Edolisoma holopolium,Campephagidae,Passeriformes,48.9,24872.86,-7.74,1
Edolisoma incertum,Campephagidae,Passeriformes,58.89,348235.08,-4.93,1
Edolisoma insperatum,Campephagidae,Passeriformes,60.92,356.28,6.88,1
Edolisoma melas,Campephagidae,Passeriformes,59.39,592908.62,-5.36,1
Edolisoma meyerii,Campephagidae,Passeriformes,60.92,2925.48,-0.95,1
Edolisoma mindanense,Campephagidae,Passeriformes,58.7,234173.68,11.98,1
Edolisoma monacha,Campephagidae,Passeriformes,60.92,445.04,7.46,1
Edolisoma montanum,Campephagidae,Passeriformes,79.22,289775.96,-4.99,1
Edolisoma morio,Campephagidae,Passeriformes,58.5,172301.98,-2.11,1
Edolisoma nesiotis,Campephagidae,Passeriformes,60.92,97.93,9.54,1
Edolisoma obiense,Campephagidae,Passeriformes,60.92,5057.77,-1.47,1
Edolisoma ostentum,Campephagidae,Passeriformes,67.96,23404.52,10.58,1
Edolisoma parvulum,Campephagidae,Passeriformes,67.96,16787.04,0.92,1
Edolisoma pygmaeum,Campephagidae,Passeriformes,60.92,3522.91,-8.28,1
Edolisoma remotum,Campephagidae,Passeriformes,60.92,80624.46,-6.14,1
Edolisoma rostratum,Campephagidae,Passeriformes,60.92,294.51,-11.36,1
Edolisoma salomonis,Campephagidae,Passeriformes,60.92,3338.61,-10.55,1
Edolisoma schisticeps,Campephagidae,Passeriformes,52.8,166507.11,-4.72,1
Edolisoma sula,Campephagidae,Passeriformes,67.96,4678.13,-1.88,1
Edolisoma tenuirostre,Campephagidae,Passeriformes,60.92,2156165.11,-16.67,1
Lalage atrovirens,Campephagidae,Passeriformes,33,296184.73,-3.09,1
Lalage aurea,Campephagidae,Passeriformes,32,25487.73,0.62,1
Lalage conjuncta,Campephagidae,Passeriformes,29.25,340.73,-1.43,1
Lalage fimbriata,Campephagidae,Passeriformes,29.3,1316199.59,0.54,1
Lalage leucomela,Campephagidae,Passeriformes,29.25,1258230.14,-15.62,1
Lalage leucoptera,Campephagidae,Passeriformes,39.4,2526.5,-0.94,1
Lalage leucopyga,Campephagidae,Passeriformes,24.3,34357.57,-18.5,1
Lalage leucopygialis,Campephagidae,Passeriformes,24.3,142638.67,-2.04,1
Lalage maculosa,Campephagidae,Passeriformes,30.3,30893.91,-16.61,1
Lalage melanoleuca,Campephagidae,Passeriformes,46.8,104068.69,15.75,1
Lalage melanoptera,Campephagidae,Passeriformes,29.39,993885.08,20.13,1
Lalage melaschistos,Campephagidae,Passeriformes,43,4751722.92,27.04,1
Lalage minor,Campephagidae,Passeriformes,46.8,106732.13,8.28,1
Lalage moesta,Campephagidae,Passeriformes,29.52,4371.57,-7.58,1
Lalage newtoni,Campephagidae,Passeriformes,42.9,28.71,-20.96,1
Lalage nigra,Campephagidae,Passeriformes,28.4,1519309.4,2.4,1
Lalage polioptera,Campephagidae,Passeriformes,35.8,932555.61,15.45,1
Lalage sharpei,Campephagidae,Passeriformes,28.63,2877.15,-13.74,1
Lalage sueurii,Campephagidae,Passeriformes,26,259989.37,-5.46,1
Lalage tricolor,Campephagidae,Passeriformes,25,7633376.41,-25.5,1
Lalage typica,Campephagidae,Passeriformes,42.9,116.81,-20.42,1
Lobotos lobatus,Campephagidae,Passeriformes,33.1,343073.96,6.49,1
Lobotos oriolinus,Campephagidae,Passeriformes,33.1,440279.03,1.31,1
Malindangia mcgregori,Campephagidae,Passeriformes,42.6,13707.89,7.52,1
Pericrocotus albifrons,Campephagidae,Passeriformes,10.8,161614.31,20.8,1
Pericrocotus brevirostris,Campephagidae,Passeriformes,16.49,2416801.64,25.1,1
Pericrocotus cantonensis,Campephagidae,Passeriformes,16.26,1995739.61,27.98,3
Pericrocotus cinnamomeus,Campephagidae,Passeriformes,8.6,4793425.28,20.5,2
Pericrocotus divaricatus,Campephagidae,Passeriformes,24.6,947644.87,43.69,3
Pericrocotus erythropygius,Campephagidae,Passeriformes,10.8,1571440.41,22.11,1
Pericrocotus ethologus,Campephagidae,Passeriformes,18.97,3896355.72,29.06,3
Pericrocotus flammeus,Campephagidae,Passeriformes,23.3,6349411.65,16.07,1
Pericrocotus igneus,Campephagidae,Passeriformes,15,1266299.03,1.37,1
Pericrocotus lansbergei,Campephagidae,Passeriformes,16.26,30021.14,-8.61,1
Pericrocotus miniatus,Campephagidae,Passeriformes,16.26,155206.18,-1.83,1
Pericrocotus montanus,Campephagidae,Passeriformes,14.5,603822.45,1.87,1
Pericrocotus roseus,Campephagidae,Passeriformes,19.2,1556822.15,25.53,1
Pericrocotus solaris,Campephagidae,Passeriformes,14.5,2902202.9,22.67,1
Pericrocotus tegimae,Campephagidae,Passeriformes,21,58093.74,32.8,1
Amaurospiza moesta,Cardinalidae,Passeriformes,13.6,864091.67,-15.55,1
Amaurospiza relicta,Cardinalidae,Passeriformes,13.1,112893.36,18.37,1
Cardinalis cardinalis,Cardinalidae,Passeriformes,42.64,5834572.06,34.85,1
Cardinalis phoeniceus,Cardinalidae,Passeriformes,35,69681.59,10.96,1
Cardinalis sinuatus,Cardinalidae,Passeriformes,35.19,1519386.56,28.26,1
Caryothraustes canadensis,Cardinalidae,Passeriformes,34.5,2650244.99,-0.74,1
Caryothraustes celaeno,Cardinalidae,Passeriformes,60,127727.17,22.52,1
Caryothraustes erythromelas,Cardinalidae,Passeriformes,48,890214.54,1.44,1
Caryothraustes poliogaster,Cardinalidae,Passeriformes,41.8,317013.58,15.64,1
Cyanocompsa parellina,Cardinalidae,Passeriformes,15.64,577372.06,18.83,1
Cyanoloxia brissonii,Cardinalidae,Passeriformes,27.5,5851913.65,-19.44,1
Cyanoloxia cyanoides,Cardinalidae,Passeriformes,32.5,877385.2,11.17,1
Cyanoloxia glaucocaerulea,Cardinalidae,Passeriformes,18.2,683511.99,-29.78,2
Cyanoloxia rothschildii,Cardinalidae,Passeriformes,32.5,6599899.33,-3.66,1
Granatellus francescae,Cardinalidae,Passeriformes,10.8,243.16,21.56,1
Granatellus paraensis,Cardinalidae,Passeriformes,11.2,680197.71,-6.71,1
Granatellus pelzelni,Cardinalidae,Passeriformes,11.2,3464920.45,-2.98,1
Granatellus sallaei,Cardinalidae,Passeriformes,9.9,315515.73,18.24,1
Granatellus venustus,Cardinalidae,Passeriformes,10.8,171793.06,19.21,1
Habia atrimaxillaris,Cardinalidae,Passeriformes,48.9,1029.7,8.59,1
Habia carmioli,Cardinalidae,Passeriformes,37.6,93291.5,11.23,1
Habia cristata,Cardinalidae,Passeriformes,46.5,54054.46,5.11,1
Habia frenata,Cardinalidae,Passeriformes,37.78,108990.05,-11.46,1
Habia fuscicauda,Cardinalidae,Passeriformes,36.84,581686.92,16.62,1
Habia gutturalis,Cardinalidae,Passeriformes,36.4,95132.69,6.98,1
Habia olivacea,Cardinalidae,Passeriformes,39,92811.92,5.08,1
Habia rubica,Cardinalidae,Passeriformes,32.46,5706719.88,-6.95,1
Habia stolzmanni,Cardinalidae,Passeriformes,38.8,50027.82,1.81,1
Passerina amoena,Cardinalidae,Passeriformes,15.49,2824052.43,43.16,3
Passerina caerulea,Cardinalidae,Passeriformes,27.39,5300267.2,32.93,3
Passerina ciris,Cardinalidae,Passeriformes,15.54,1410893.89,32.24,3
Passerina cyanea,Cardinalidae,Passeriformes,14.69,5700834.65,39.21,3
Passerina leclancherii,Cardinalidae,Passeriformes,14,140628.19,18.32,1
Passerina rositae,Cardinalidae,Passeriformes,20,6979.8,16.61,1
Passerina versicolor,Cardinalidae,Passeriformes,12.89,1390079.55,25.12,1
Pheucticus aureoventris,Cardinalidae,Passeriformes,49,810017.32,-18.57,1
Pheucticus chrysogaster,Cardinalidae,Passeriformes,55.8,537171.3,-8.35,1
Pheucticus chrysopeplus,Cardinalidae,Passeriformes,77.6,321297.58,21.12,2
Pheucticus ludovicianus,Cardinalidae,Passeriformes,42,3980871.24,47.76,3
Pheucticus melanocephalus,Cardinalidae,Passeriformes,47.13,4524419.42,39.12,3
Pheucticus tibialis,Cardinalidae,Passeriformes,62.3,19605.63,9.53,2
Piranga bidentata,Cardinalidae,Passeriformes,36.07,417994.02,20.75,2
Piranga erythrocephala,Cardinalidae,Passeriformes,21.8,256230.43,21.59,2
Piranga flava,Cardinalidae,Passeriformes,37.7,5776535.17,-20.41,2
Piranga hepatica,Cardinalidae,Passeriformes,32.3,2230687.49,14.99,2
Piranga leucoptera,Cardinalidae,Passeriformes,16,567150.48,3.87,1
Piranga ludoviciana,Cardinalidae,Passeriformes,28.1,3662121.88,48.1,3
Piranga olivacea,Cardinalidae,Passeriformes,28.2,2605301.09,41.72,3
Piranga roseogularis,Cardinalidae,Passeriformes,24,105691.58,18.93,1
Piranga rubra,Cardinalidae,Passeriformes,29.13,3269576.69,33.47,3
Piranga rubriceps,Cardinalidae,Passeriformes,35.9,80398.64,-0.65,1
Spiza americana,Cardinalidae,Passeriformes,26.18,3462252.57,39.97,3
Certhia americana,Certhiidae,Passeriformes,8.1,6543644.5,45.97,1
Certhia brachydactyla,Certhiidae,Passeriformes,8.2,3199552.33,44.73,1
Certhia discolor,Certhiidae,Passeriformes,10.4,112131.14,28.17,1
Certhia familiaris,Certhiidae,Passeriformes,9,15914424.48,51.19,1
Certhia himalayana,Certhiidae,Passeriformes,8.8,690802.93,33.09,1
Certhia hodgsoni,Certhiidae,Passeriformes,9,539884.48,30.2,1
Certhia manipurensis,Certhiidae,Passeriformes,10.4,121319.92,22.88,1
Certhia nipalensis,Certhiidae,Passeriformes,11.1,88988.34,28.23,1
Certhia tianquanensis,Certhiidae,Passeriformes,9,38536.44,31.05,1
Chaetops aurantius,Chaetopidae,Passeriformes,54.1,103523.76,-30.69,1
Chaetops frenatus,Chaetopidae,Passeriformes,54.99,66553.02,-33.59,1
Chloropsis aurifrons,Chloropseidae,Passeriformes,32.31,3471632.85,19.89,1
Chloropsis cochinchinensis,Chloropseidae,Passeriformes,24.5,78694.2,-7.42,1
Chloropsis cyanopogon,Chloropseidae,Passeriformes,22,1210976.46,1.18,1
Chloropsis flavipennis,Chloropseidae,Passeriformes,35.4,113738.4,8.33,1
Chloropsis hardwickii,Chloropseidae,Passeriformes,32.29,902456.73,23.17,3
Chloropsis jerdoni,Chloropseidae,Passeriformes,24.5,1884898.81,19.07,1
Chloropsis kinabaluensis,Chloropseidae,Passeriformes,24.5,57155.93,2.87,1
Chloropsis lazulina,Chloropseidae,Passeriformes,32.29,682009.15,23.67,3
Chloropsis media,Chloropseidae,Passeriformes,32.31,53744.78,1.36,1
Chloropsis moluccensis,Chloropseidae,Passeriformes,24.5,2537741.55,10.52,1
Chloropsis palawanensis,Chloropseidae,Passeriformes,30.31,13485.04,9.94,1
Chloropsis sonnerati,Chloropseidae,Passeriformes,45.8,1386747.46,0.88,1
Chloropsis venusta,Chloropseidae,Passeriformes,22,120012.67,0.78,1
Cinclus cinclus,Cinclidae,Passeriformes,61.47,8499590.13,47.26,1
Cinclus leucocephalus,Cinclidae,Passeriformes,44,619987.76,-6.04,1
Cinclus mexicanus,Cinclidae,Passeriformes,56.68,4910744.04,52.35,1
Cinclus pallasii,Cinclidae,Passeriformes,76,9425465.17,40.55,1
Cinclus schulzii,Cinclidae,Passeriformes,37.6,113020.82,-24.1,1
Cinclosoma ajax,Cinclosomatidae,Passeriformes,65.27,78596.6,-6.84,1
Cinclosoma alisteri,Cinclosomatidae,Passeriformes,54.9,65802.53,-30.52,1
Cinclosoma castaneothorax,Cinclosomatidae,Passeriformes,62.42,488478.66,-26.9,1
Cinclosoma castanotum,Cinclosomatidae,Passeriformes,73.33,2823366.52,-28.81,1
Cinclosoma cinnamomeum,Cinclosomatidae,Passeriformes,56.14,764829.56,-27.37,1
Cinclosoma marginatum,Cinclosomatidae,Passeriformes,60.8,1461523.74,-26.22,1
Cinclosoma punctatum,Cinclosomatidae,Passeriformes,113.31,564852.46,-33.51,1
Ptilorrhoa caerulescens,Cinclosomatidae,Passeriformes,49,399425.35,-4.68,1
Ptilorrhoa castanonota,Cinclosomatidae,Passeriformes,69.7,246242.69,-5.25,2
Ptilorrhoa geislerorum,Cinclosomatidae,Passeriformes,49,30287.43,-8.03,1
Ptilorrhoa leucosticta,Cinclosomatidae,Passeriformes,49.2,235330.78,-5.15,1
Apalis alticola,Cisticolidae,Passeriformes,12.1,618220.78,-10.59,1
Apalis argentea,Cisticolidae,Passeriformes,9.3,41176.66,-4.47,1
Apalis bamendae,Cisticolidae,Passeriformes,9.16,6480.95,6.5,1
Apalis binotata,Cisticolidae,Passeriformes,8.2,144782.97,0.59,1
Apalis chapini,Cisticolidae,Passeriformes,8.8,57820.78,-9.1,1
Apalis chariessa,Cisticolidae,Passeriformes,9.16,19597.73,-9.11,1
Apalis chirindensis,Cisticolidae,Passeriformes,8.6,61830.35,-18.4,1
Apalis cinerea,Cisticolidae,Passeriformes,9.88,435159.52,-1.01,1
Apalis flavida,Cisticolidae,Passeriformes,8.19,4880471.31,-7.44,1
Apalis flavigularis,Cisticolidae,Passeriformes,11.08,513.16,-15.85,1
Apalis flavocincta,Cisticolidae,Passeriformes,8.19,910946.13,3.7,1
Apalis fuscigularis,Cisticolidae,Passeriformes,11,6.53,-3.39,1
Apalis goslingi,Cisticolidae,Passeriformes,8.2,777124.23,0.83,1
Apalis jacksoni,Cisticolidae,Passeriformes,8.7,541008.1,-1.1,1
Apalis kaboboensis,Cisticolidae,Passeriformes,8.39,1585.04,-4.94,1
Apalis karamojae,Cisticolidae,Passeriformes,9.2,23145.5,-1.92,1
Apalis lynesi,Cisticolidae,Passeriformes,11.4,1334.93,-15.32,1
Apalis melanocephala,Cisticolidae,Passeriformes,8.8,375838.95,-8.63,1
Apalis nigriceps,Cisticolidae,Passeriformes,8.4,835771.19,4.15,1
Apalis personata,Cisticolidae,Passeriformes,11,105591.89,-2.1,1
Apalis porphyrolaema,Cisticolidae,Passeriformes,8.39,147536.87,-1.32,1
Apalis ruddi,Cisticolidae,Passeriformes,9.69,167381.68,-23.94,1
Apalis rufogularis,Cisticolidae,Passeriformes,8.34,2747284.94,0.15,1
Apalis sharpii,Cisticolidae,Passeriformes,8.69,386331.11,7.01,1
Apalis thoracica,Cisticolidae,Passeriformes,11.08,1229497.4,-21.17,1
Artisornis metopias,Cisticolidae,Passeriformes,8.4,68472.65,-8.22,1
Artisornis moreaui,Cisticolidae,Passeriformes,9.2,396.94,-5.01,1
Artisornis sousae,Cisticolidae,Passeriformes,9.2,594.04,-12.71,1
Bathmocercus cerviniventris,Cisticolidae,Passeriformes,15.8,84168.02,7.23,1
Bathmocercus rufus,Cisticolidae,Passeriformes,15.4,638060.54,1.69,1
Calamonastes fasciolatus,Cisticolidae,Passeriformes,13.1,1422725.53,-21.92,1
Calamonastes simplex,Cisticolidae,Passeriformes,12,1535343.54,4.06,1
Calamonastes stierlingi,Cisticolidae,Passeriformes,13,1622532.5,-17.32,1
Calamonastes undosus,Cisticolidae,Passeriformes,13,1613961.16,-9.24,1
Camaroptera brachyura,Cisticolidae,Passeriformes,9.74,15929835.83,-0.52,1
Camaroptera chloronota,Cisticolidae,Passeriformes,11.4,1659026,4.12,1
Camaroptera harterti,Cisticolidae,Passeriformes,9.74,155382.91,-9.65,1
Camaroptera superciliaris,Cisticolidae,Passeriformes,9.7,3154212.79,1.57,1
Camaroptera toroensis,Cisticolidae,Passeriformes,11.4,1248959.24,-0.22,1
Cisticola aberdare,Cisticolidae,Passeriformes,24,1272.48,-0.44,1
Cisticola aberrans,Cisticolidae,Passeriformes,14.21,2482236.37,-10.29,1
Cisticola angusticauda,Cisticolidae,Passeriformes,8.2,923133.83,-8.23,1
Cisticola anonymus,Cisticolidae,Passeriformes,13.91,2357531.94,-0.34,1
Cisticola aridulus,Cisticolidae,Passeriformes,9.2,4468382.38,-11.38,1
Cisticola ayresii,Cisticolidae,Passeriformes,7,1258911.91,-14.04,1
Cisticola bailunduensis,Cisticolidae,Passeriformes,14.21,65970.16,-12.32,1
Cisticola bodessa,Cisticolidae,Passeriformes,17.14,437584.83,6.18,1
Cisticola brachypterus,Cisticolidae,Passeriformes,7.81,7674053.24,-0.8,1
Cisticola brunnescens,Cisticolidae,Passeriformes,8,465384.19,2.62,1
Cisticola bulliens,Cisticolidae,Passeriformes,15.81,308376.91,-10.4,1
Cisticola cantans,Cisticolidae,Passeriformes,11.7,5670957.17,5.32,1
Cisticola carruthersi,Cisticolidae,Passeriformes,11.24,174334.6,-0.29,1
Cisticola cherina,Cisticolidae,Passeriformes,10,591128.96,-19.38,1
Cisticola chiniana,Cisticolidae,Passeriformes,16.14,6716168.11,-11.5,1
Cisticola chubbi,Cisticolidae,Passeriformes,16.03,322235.69,-0.03,1
Cisticola cinereolus,Cisticolidae,Passeriformes,16.99,614939.78,2.83,1
Cisticola cinnamomeus,Cisticolidae,Passeriformes,8,1130458.7,-13.9,1
Cisticola dambo,Cisticolidae,Passeriformes,8.99,472758.5,-9.55,1
Cisticola erythrops,Cisticolidae,Passeriformes,14.77,6407914.95,-2.19,1
Cisticola exilis,Cisticolidae,Passeriformes,7.04,7165244.71,-1.02,1
Cisticola eximius,Cisticolidae,Passeriformes,11.95,652428.41,8.88,1
Cisticola fulvicapilla,Cisticolidae,Passeriformes,8.24,4604333.83,-18.53,1
Cisticola galactotes,Cisticolidae,Passeriformes,13.07,287146.87,-22.33,1
Cisticola guinea,Cisticolidae,Passeriformes,9.3,646786.75,10.89,1
Cisticola haematocephalus,Cisticolidae,Passeriformes,13.07,211038.11,-3.42,1
Cisticola haesitatus,Cisticolidae,Passeriformes,6.92,763.85,12.52,1
Cisticola hunteri,Cisticolidae,Passeriformes,15.48,133032.12,-0.93,1
Cisticola juncidis,Cisticolidae,Passeriformes,6.81,18929166.75,10.73,3
Cisticola lais,Cisticolidae,Passeriformes,14.78,881974.02,-20.56,1
Cisticola lateralis,Cisticolidae,Passeriformes,16.78,3066342.45,1.6,1
Cisticola luapula,Cisticolidae,Passeriformes,13.07,525236.72,-15.82,1
Cisticola lugubris,Cisticolidae,Passeriformes,13.07,432715.59,9.31,1
Cisticola marginatus,Cisticolidae,Passeriformes,13.07,5523521.66,2.64,1
Cisticola melanurus,Cisticolidae,Passeriformes,8.71,442014.73,-8.79,1
Cisticola nana,Cisticolidae,Passeriformes,5,685105.62,-0.13,1
Cisticola natalensis,Cisticolidae,Passeriformes,16.44,7970636.77,-3.2,1
Cisticola nigriloris,Cisticolidae,Passeriformes,19.64,71914.39,-8.68,1
Cisticola njombe,Cisticolidae,Passeriformes,10.87,33269.22,-8.63,1
Cisticola pipiens,Cisticolidae,Passeriformes,13.48,1127080.04,-12.05,1
Cisticola restrictus,Cisticolidae,Passeriformes,13.2,3370.75,-1.99,NA
Cisticola robustus,Cisticolidae,Passeriformes,18.47,1229121.48,-4.14,1
Cisticola ruficeps,Cisticolidae,Passeriformes,9.7,1253642.08,10.17,1
Cisticola rufilatus,Cisticolidae,Passeriformes,11.3,2748861.04,-16.64,1
Cisticola rufus,Cisticolidae,Passeriformes,7.3,876800.15,10.45,1
Cisticola subruficapilla,Cisticolidae,Passeriformes,9.92,910756.54,-28.07,1
Cisticola textrix,Cisticolidae,Passeriformes,10.34,702791.56,-26.13,1
Cisticola tinniens,Cisticolidae,Passeriformes,11.4,1754614.86,-22.4,1
Cisticola troglodytes,Cisticolidae,Passeriformes,8.2,1158307.92,7.71,1
Cisticola woosnami,Cisticolidae,Passeriformes,13.5,1290884.31,-7.41,1
Drymocichla incana,Cisticolidae,Passeriformes,10,1110783.23,5.85,1
Eminia lepida,Cisticolidae,Passeriformes,20.2,631640.65,0.05,1
Eremomela atricollis,Cisticolidae,Passeriformes,10.2,1063082.23,-11.52,1
Eremomela badiceps,Cisticolidae,Passeriformes,10.59,3290010.91,0,1
Eremomela canescens,Cisticolidae,Passeriformes,6.92,2254734.87,8.54,1
Eremomela flavicrissalis,Cisticolidae,Passeriformes,4.5,893727.78,4.48,1
Eremomela gregalis,Cisticolidae,Passeriformes,6.8,271515.78,-30.36,1
Eremomela icteropygialis,Cisticolidae,Passeriformes,7.54,8262133.26,-7.69,1
Eremomela pusilla,Cisticolidae,Passeriformes,6.2,2960274.14,10.39,1
Eremomela scotops,Cisticolidae,Passeriformes,8.99,4568185.56,-12.12,1
Eremomela turneri,Cisticolidae,Passeriformes,7.34,980.79,-1.28,1
Eremomela usticollis,Cisticolidae,Passeriformes,8.39,1430953.15,-19.79,1
Euryptila subcinnamomea,Cisticolidae,Passeriformes,11.5,274057.07,-30.36,1
Hypergerus atriceps,Cisticolidae,Passeriformes,29.8,2301821.94,9,1
Incana incana,Cisticolidae,Passeriformes,10.39,3614,12.51,1
Malcorus pectoralis,Cisticolidae,Passeriformes,10.13,1273750.67,-27.84,1
Micromacronus leytensis,Cisticolidae,Passeriformes,5.5,20065.38,11.55,1
Micromacronus sordidus,Cisticolidae,Passeriformes,5.5,26318.9,7.32,1
Neomixis pallidior,Cisticolidae,Passeriformes,8.3,168081.84,-22.59,1
Neomixis striatigula,Cisticolidae,Passeriformes,8.3,162877.99,-18.67,1
Neomixis tenella,Cisticolidae,Passeriformes,6.88,586347.22,-19.38,1
Neomixis viridis,Cisticolidae,Passeriformes,7,173179.42,-18.72,1
Oreolais pulcher,Cisticolidae,Passeriformes,8.37,100450.2,1.36,1
Oreolais ruwenzorii,Cisticolidae,Passeriformes,9.9,69189.34,-2.08,1
Oreophilais robertsi,Cisticolidae,Passeriformes,9.99,9712.82,-19.02,1
Orthotomus atrogularis,Cisticolidae,Passeriformes,7.68,2752593.84,9.41,1
Orthotomus castaneiceps,Cisticolidae,Passeriformes,12.84,33106.02,10.73,1
Orthotomus chaktomuk,Cisticolidae,Passeriformes,7.1,4922.53,11.74,1
Orthotomus chloronotus,Cisticolidae,Passeriformes,8.1,89568.36,16.35,1
Orthotomus cinereiceps,Cisticolidae,Passeriformes,9,20650.36,7.82,1
Orthotomus derbianus,Cisticolidae,Passeriformes,10.7,60394.18,14.79,1
Orthotomus frontalis,Cisticolidae,Passeriformes,7.98,120551.54,8.39,1
Orthotomus nigriceps,Cisticolidae,Passeriformes,9.8,24461.65,8.24,1
Orthotomus ruficeps,Cisticolidae,Passeriformes,7,887360.64,1.15,1
Orthotomus samarensis,Cisticolidae,Passeriformes,8.93,18296.84,11.28,1
Orthotomus sepium,Cisticolidae,Passeriformes,8.4,140271.59,-7.38,1
Orthotomus sericeus,Cisticolidae,Passeriformes,10.8,1068502.74,1.22,1
Orthotomus sutorius,Cisticolidae,Passeriformes,7.5,6849946.15,21.01,1
Phragmacia substriata,Cisticolidae,Passeriformes,10.62,466617.53,-31,1
Phyllolais pulchella,Cisticolidae,Passeriformes,6,2078702.06,6.37,1
Poliolais lopezi,Cisticolidae,Passeriformes,12,37233.22,5.59,1
Prinia atrogularis,Cisticolidae,Passeriformes,11.8,90149.06,27.72,1
Prinia bairdii,Cisticolidae,Passeriformes,13.4,1110524.41,0.96,1
Prinia buchanani,Cisticolidae,Passeriformes,6.7,1899856.57,24.89,1
Prinia cinereocapilla,Cisticolidae,Passeriformes,7.3,33032.6,27.83,1
Prinia crinigera,Cisticolidae,Passeriformes,13.73,2843218.33,27.95,1
Prinia erythroptera,Cisticolidae,Passeriformes,11.5,3486114.04,3.39,1
Prinia familiaris,Cisticolidae,Passeriformes,9,497167.74,-2.46,1
Prinia flavicans,Cisticolidae,Passeriformes,8.73,2717287.69,-22.72,1
Prinia flaviventris,Cisticolidae,Passeriformes,7,4037497.01,13.87,1
Prinia fluviatilis,Cisticolidae,Passeriformes,8,98560.02,13.91,1
Prinia gracilis,Cisticolidae,Passeriformes,7.1,4034571.26,25.89,1
Prinia hodgsonii,Cisticolidae,Passeriformes,6.4,4680228.23,20.43,1
Prinia hypoxantha,Cisticolidae,Passeriformes,10.5,218636,-27.47,1
Prinia inornata,Cisticolidae,Passeriformes,7,7403210.36,22.26,1
Prinia khasiana,Cisticolidae,Passeriformes,11.8,122089.35,23.65,1
Prinia maculosa,Cisticolidae,Passeriformes,9,581622.97,-31.38,1
Prinia molleri,Cisticolidae,Passeriformes,8.8,858.51,0.24,1
Prinia polychroa,Cisticolidae,Passeriformes,10.95,734233.98,13.66,1
Prinia rufescens,Cisticolidae,Passeriformes,6.48,2213362.62,18.17,1
Prinia rufifrons,Cisticolidae,Passeriformes,6.5,1242957.36,6.8,2
Prinia socialis,Cisticolidae,Passeriformes,8,2758579.48,21.77,1
Prinia somalica,Cisticolidae,Passeriformes,7.5,1273080.06,4.33,1
Prinia sonitans,Cisticolidae,Passeriformes,7,955310.33,24.87,1
Prinia subflava,Cisticolidae,Passeriformes,8.64,14611740.02,-0.72,1
Prinia superciliaris,Cisticolidae,Passeriformes,11.8,1763381.26,20.41,1
Prinia sylvatica,Cisticolidae,Passeriformes,16.1,2267095.6,20.92,1
Scepomycter winifredae,Cisticolidae,Passeriformes,14.83,6749.9,-6.89,1
Schistolais leontica,Cisticolidae,Passeriformes,12.4,17375.44,7.85,1
Schistolais leucopogon,Cisticolidae,Passeriformes,11.7,2377144.23,-0.46,1
Spiloptila clamans,Cisticolidae,Passeriformes,7,2719529.35,15.16,1
Urolais epichlorus,Cisticolidae,Passeriformes,11.3,48907.52,6,1
Climacteris affinis,Climacteridae,Passeriformes,21.7,2630036.35,-28.49,1
Climacteris erythrops,Climacteridae,Passeriformes,23.3,317210.54,-32.9,1
Climacteris melanurus,Climacteridae,Passeriformes,31.85,1122025.4,-17.46,1
Climacteris picumnus,Climacteridae,Passeriformes,28.94,2269397.31,-28.79,1
Climacteris rufus,Climacteridae,Passeriformes,32.64,452307.17,-31.94,1
Cormobates leucophaea,Climacteridae,Passeriformes,22,969111.73,-31.52,1
Cormobates placens,Climacteridae,Passeriformes,15.8,131752.2,-5.21,1
Cnemophilus loriae,Cnemophilidae,Passeriformes,83.97,138396.01,-5.38,1
Cnemophilus macgregorii,Cnemophilidae,Passeriformes,97.87,6880.91,-8.36,1
Cnemophilus sanguineus,Cnemophilidae,Passeriformes,97.87,36784.75,-5.34,1
Loboparadisea sericea,Cnemophilidae,Passeriformes,67.27,159123.19,-5.51,1
Conopophaga ardesiaca,Conopophagidae,Passeriformes,26.3,100334.39,-16.59,1
Conopophaga aurita,Conopophagidae,Passeriformes,26.3,2800393.44,-2.63,1
Conopophaga castaneiceps,Conopophagidae,Passeriformes,27,160640.32,-2.03,1
Conopophaga cearae,Conopophagidae,Passeriformes,22,58582.69,-7.65,1
Conopophaga lineata,Conopophagidae,Passeriformes,25.21,1896972.3,-21.94,1
Conopophaga melanogaster,Conopophagidae,Passeriformes,42.5,911253.95,-7.84,1
Conopophaga melanops,Conopophagidae,Passeriformes,20.1,242500.41,-18.32,1
Conopophaga peruviana,Conopophagidae,Passeriformes,23,1098743.55,-7.11,1
Conopophaga roberti,Conopophagidae,Passeriformes,20.8,686966.07,-4.87,1
Conopophaga snethlageae,Conopophagidae,Passeriformes,26.3,587576.3,-5.22,1
Pittasoma michleri,Conopophagidae,Passeriformes,109,49173.73,8.45,1
Pittasoma rufopileatum,Conopophagidae,Passeriformes,96.5,73382.31,3.5,1
Corcorax melanorhamphos,Corcoracidae,Passeriformes,364,1979313.45,-30.38,1
Struthidea cinerea,Corcoracidae,Passeriformes,132,2500913.56,-25.83,1
Aphelocoma californica,Corvidae,Passeriformes,85.74,2323260.89,34.81,1
Aphelocoma coerulescens,Corvidae,Passeriformes,77.12,6933.22,28.13,1
Aphelocoma ultramarina,Corvidae,Passeriformes,113.33,87898.14,19.8,1
Aphelocoma unicolor,Corvidae,Passeriformes,124,149103.75,16.23,1
Aphelocoma wollweberi,Corvidae,Passeriformes,113.33,484129.24,27.31,1
Cissa chinensis,Corvidae,Passeriformes,126.64,2108736.38,19.06,1
Cissa hypoleuca,Corvidae,Passeriformes,125,890296.66,20.34,1
Cissa jefferyi,Corvidae,Passeriformes,125,78459.36,3.01,1
Cissa thalassina,Corvidae,Passeriformes,125,33452.41,-7.11,1
Corvus albicollis,Corvidae,Passeriformes,893.99,1615598.28,-17.3,2
Corvus albus,Corvidae,Passeriformes,524,19544750.22,-2.98,2
Corvus bennetti,Corvidae,Passeriformes,389,5681813.47,-25.69,1
Corvus brachyrhynchos,Corvidae,Passeriformes,448.76,11573830.54,46.23,2
Corvus capensis,Corvidae,Passeriformes,553,4036026.48,-16.5,2
Corvus caurinus,Corvidae,Passeriformes,390.79,396973.08,54.81,2
Corvus corax,Corvidae,Passeriformes,927.97,52288449.5,54.65,2
Corvus corone,Corvidae,Passeriformes,570,33343165.09,52.96,1
Corvus coronoides,Corvidae,Passeriformes,644.3,4803477.78,-27.75,1
Corvus crassirostris,Corvidae,Passeriformes,1135,759238.98,9.52,1
Corvus cryptoleucus,Corvidae,Passeriformes,533.54,1195845.67,29.63,1
Corvus dauuricus,Corvidae,Passeriformes,208,6025004.51,41.79,2
Corvus edithae,Corvidae,Passeriformes,524,1179817.28,6.95,1
Corvus enca,Corvidae,Passeriformes,251,1629657.05,1.25,1
Corvus florensis,Corvidae,Passeriformes,175,9095.62,-8.61,1
Corvus frugilegus,Corvidae,Passeriformes,452.1,19019081.22,50.24,1
Corvus fuscicapillus,Corvidae,Passeriformes,635,18445.52,-3.48,1
Corvus hawaiiensis,Corvidae,Passeriformes,518.82,NA,NA,1
Corvus imparatus,Corvidae,Passeriformes,221,99924.43,23.69,1
Corvus insularis,Corvidae,Passeriformes,507.96,44924.58,-5.12,1
Corvus jamaicensis,Corvidae,Passeriformes,338,11021.79,18.16,1
Corvus kubaryi,Corvidae,Passeriformes,249.92,92.35,14.16,1
Corvus leucognaphalus,Corvidae,Passeriformes,401,8280.85,18.75,1
Corvus macrorhynchos,Corvidae,Passeriformes,513.14,13313192.58,29.04,1
Corvus meeki,Corvidae,Passeriformes,467,9689.88,-6.2,1
Corvus mellori,Corvidae,Passeriformes,540.37,1353458.96,-33.29,1
Corvus monedula,Corvidae,Passeriformes,246,13975046.48,48.54,2
Corvus moneduloides,Corvidae,Passeriformes,277.38,16389.59,-21.33,1
Corvus nasicus,Corvidae,Passeriformes,401,28429.7,21.23,1
Corvus orru,Corvidae,Passeriformes,507.96,5394057.72,-19.42,1
Corvus ossifragus,Corvidae,Passeriformes,284.6,970986.53,33.75,1
Corvus palmarum,Corvidae,Passeriformes,289,32245.36,19.27,1
Corvus pectoralis,Corvidae,Passeriformes,470.53,2074732.63,29.49,1
Corvus rhipidurus,Corvidae,Passeriformes,611,2756382.95,13.86,1
Corvus ruficollis,Corvidae,Passeriformes,573.5,12915376.88,25.01,1
Corvus sinaloae,Corvidae,Passeriformes,244,95101.34,24.72,1
Corvus splendens,Corvidae,Passeriformes,292.55,4469957.42,23.16,1
Corvus tasmanicus,Corvidae,Passeriformes,676.34,374479.03,-36.48,1
Corvus tristis,Corvidae,Passeriformes,635,693202.25,-5.27,1
Corvus typicus,Corvidae,Passeriformes,175,104370.92,-3.18,1
Corvus unicolor,Corvidae,Passeriformes,175,137.99,-1.28,1
Corvus validus,Corvidae,Passeriformes,300,24724.98,0.64,1
Corvus violaceus,Corvidae,Passeriformes,251,27245.48,-3.29,1
Corvus woodfordi,Corvidae,Passeriformes,467,13034.76,-8.45,1
Crypsirina cucullata,Corvidae,Passeriformes,132.5,112222.33,21.18,1
Crypsirina temia,Corvidae,Passeriformes,129.5,1282466.77,14.19,1
Cyanocitta cristata,Corvidae,Passeriformes,88,6665383.16,43.18,1
Cyanocitta stelleri,Corvidae,Passeriformes,128,3560822.24,41.95,1
Cyanocorax affinis,Corvidae,Passeriformes,212,473163.74,8.39,1
Cyanocorax beecheii,Corvidae,Passeriformes,193,86050.25,25.28,1
Cyanocorax cayanus,Corvidae,Passeriformes,175,1160987.21,2.87,1
Cyanocorax chrysops,Corvidae,Passeriformes,166,2883955.96,-21.69,1
Cyanocorax coeruleus,Corvidae,Passeriformes,272,521253.94,-27.49,1
Cyanocorax colliei,Corvidae,Passeriformes,234,158921.03,23.9,1
Cyanocorax cristatellus,Corvidae,Passeriformes,178,3037012.19,-15.4,1
Cyanocorax cyanomelas,Corvidae,Passeriformes,207,1680479.72,-19.62,1
Cyanocorax cyanopogon,Corvidae,Passeriformes,146,3068149.17,-11.5,1
Cyanocorax dickeyi,Corvidae,Passeriformes,181,13431.36,23.4,1
Cyanocorax formosus,Corvidae,Passeriformes,210,293348.65,15.63,1
Cyanocorax hafferi,Corvidae,Passeriformes,172,180224.31,-6.99,1
Cyanocorax heilprini,Corvidae,Passeriformes,172,140727.06,2.51,1
Cyanocorax melanocyaneus,Corvidae,Passeriformes,101,123771.88,14.64,1
Cyanocorax morio,Corvidae,Passeriformes,204,670090.88,17.92,1
Cyanocorax mystacalis,Corvidae,Passeriformes,154.4,81043.68,-4.55,1
Cyanocorax sanblasianus,Corvidae,Passeriformes,109,67589.94,18.93,1
Cyanocorax violaceus,Corvidae,Passeriformes,262,3381230.34,-1.78,1
Cyanocorax yncas,Corvidae,Passeriformes,78.5,1092392.74,10.8,1
Cyanocorax yucatanicus,Corvidae,Passeriformes,118,187835.71,19.16,1
Cyanolyca argentigula,Corvidae,Passeriformes,200,3924.6,9.37,1
Cyanolyca armillata,Corvidae,Passeriformes,200,53723.98,6.46,1
Cyanolyca cucullata,Corvidae,Passeriformes,101.33,105285.43,16.04,1
Cyanolyca mirabilis,Corvidae,Passeriformes,52.4,3738.6,16.83,1
Cyanolyca nanus,Corvidae,Passeriformes,41,4670.68,17.98,1
Cyanolyca pulchra,Corvidae,Passeriformes,101.33,19718.93,2.53,1
Cyanolyca pumilo,Corvidae,Passeriformes,47,103163.24,15.21,1
Cyanolyca quindiuna,Corvidae,Passeriformes,200,42876,3.47,1
Cyanolyca turcosa,Corvidae,Passeriformes,97.5,62126.94,-1.85,1
Cyanolyca viridicyanus,Corvidae,Passeriformes,119.79,197888.28,-12.56,1
Cyanopica cooki,Corvidae,Passeriformes,70.4,179269.64,39.36,1
Cyanopica cyanus,Corvidae,Passeriformes,95.91,4748269.37,42.1,1
Dendrocitta bayleii,Corvidae,Passeriformes,101.96,5706.32,12.29,1
Dendrocitta cinerascens,Corvidae,Passeriformes,125,168404.1,2.49,1
Dendrocitta formosae,Corvidae,Passeriformes,102.74,3328585.52,25.48,1
Dendrocitta frontalis,Corvidae,Passeriformes,100,200384.69,26.44,1
Dendrocitta leucogastra,Corvidae,Passeriformes,99.2,107997.21,12.52,1
Dendrocitta occipitalis,Corvidae,Passeriformes,95.3,165533.34,0.31,1
Dendrocitta vagabunda,Corvidae,Passeriformes,100,4361512.68,22.02,1
Garrulus bispecularis,Corvidae,Passeriformes,159.46,2157728.05,28.58,2
Garrulus glandarius,Corvidae,Passeriformes,159.46,19458203.9,51.02,2
Garrulus lanceolatus,Corvidae,Passeriformes,97.7,322480.19,31.98,2
Garrulus leucotis,Corvidae,Passeriformes,159.46,1340070.11,19.24,2
Garrulus lidthi,Corvidae,Passeriformes,125,815.32,28.28,1
Gymnorhinus cyanocephalus,Corvidae,Passeriformes,104.82,1284048.89,39.05,2
Nucifraga caryocatactes,Corvidae,Passeriformes,182.51,15486182.22,57.8,2
Nucifraga columbiana,Corvidae,Passeriformes,129.81,2287629.4,43.24,2
Nucifraga hemispila,Corvidae,Passeriformes,182.51,2107948.75,30.64,2
Nucifraga multipunctata,Corvidae,Passeriformes,191,300625.95,34.83,2
Perisoreus canadensis,Corvidae,Passeriformes,71.58,7301159.58,56.26,1
Perisoreus infaustus,Corvidae,Passeriformes,84.4,11840129.85,59.77,1
Perisoreus internigrans,Corvidae,Passeriformes,102,143343.38,32.34,1
Pica asirensis,Corvidae,Passeriformes,200,42656.37,19.37,1
Pica hudsonia,Corvidae,Passeriformes,177.12,6726173.66,49.66,1
Pica mauritanica,Corvidae,Passeriformes,217.48,212471.64,32.84,1
Pica nutalli,Corvidae,Passeriformes,158.29,95191.28,37.62,1
Pica pica,Corvidae,Passeriformes,217.48,31831405.08,48.8,1
Platysmurus aterrimus,Corvidae,Passeriformes,180,675743.4,1,1
Platysmurus leucopterus,Corvidae,Passeriformes,180,624071.23,1.93,1
Podoces biddulphi,Corvidae,Passeriformes,130.5,420108.26,39.5,2
Podoces hendersoni,Corvidae,Passeriformes,120.49,1783211.45,44.51,2
Podoces panderi,Corvidae,Passeriformes,91.1,291415.99,41.08,2
Podoces pleskei,Corvidae,Passeriformes,87.46,219917.49,32.05,2
Ptilostomus afer,Corvidae,Passeriformes,128,3779257.09,10.06,2
Pyrrhocorax graculus,Corvidae,Passeriformes,211,3556954.7,38.96,2
Pyrrhocorax pyrrhocorax,Corvidae,Passeriformes,276.68,12981520.53,40.2,2
Temnurus temnurus,Corvidae,Passeriformes,138,266868.95,19.1,1
Urocissa caerulea,Corvidae,Passeriformes,256.98,20500.71,23.8,1
Urocissa erythroryncha,Corvidae,Passeriformes,151.52,4461983.11,26.37,1
Urocissa flavirostris,Corvidae,Passeriformes,149.19,304129.16,28.24,1
Urocissa ornata,Corvidae,Passeriformes,196,5325.88,6.95,1
Urocissa whiteheadi,Corvidae,Passeriformes,200,33794.26,19.2,1
Urocissa xanthomelana,Corvidae,Passeriformes,200,339507.89,20.53,1
Zavattariornis stresemanni,Corvidae,Passeriformes,130,4600.83,4.39,1
Ampelioides tschudii,Cotingidae,Passeriformes,78.4,201035.43,-4.88,1
Ampelion rubrocristatus,Cotingidae,Passeriformes,66.29,413439.19,-4.07,1
Ampelion rufaxilla,Cotingidae,Passeriformes,73.9,79754.2,-6.32,1
Carpodectes antoniae,Cotingidae,Passeriformes,98,2191.64,8.55,1
Carpodectes hopkei,Cotingidae,Passeriformes,102,96274.78,3.81,1
Carpodectes nitidus,Cotingidae,Passeriformes,101.6,103015.66,13.2,1
Carpornis cucullata,Cotingidae,Passeriformes,74.19,251722.97,-25.4,1
Carpornis melanocephala,Cotingidae,Passeriformes,64.19,67888.43,-20.8,1
Cephalopterus glabricollis,Cotingidae,Passeriformes,379.47,14362.87,9.42,2
Cephalopterus ornatus,Cotingidae,Passeriformes,380,5506150.67,-5.22,1
Cephalopterus penduliger,Cotingidae,Passeriformes,338,69374.2,0.72,1
Conioptilon mcilhennyi,Cotingidae,Passeriformes,90,146164.97,-10.95,1
Cotinga amabilis,Cotingidae,Passeriformes,71.49,297726.28,15.79,1
Cotinga cayana,Cotingidae,Passeriformes,61.8,6353282.74,-3.31,1
Cotinga cotinga,Cotingidae,Passeriformes,54,1911359.27,-0.15,1
Cotinga maculata,Cotingidae,Passeriformes,65,30327.88,-15.14,1
Cotinga maynana,Cotingidae,Passeriformes,69,2547258.17,-5.7,1
Cotinga nattererii,Cotingidae,Passeriformes,57.2,176421.95,6.15,1
Cotinga ridgwayi,Cotingidae,Passeriformes,57.18,8354.02,9.03,1
Doliornis remseni,Cotingidae,Passeriformes,63.1,10870.35,1.27,1
Doliornis sclateri,Cotingidae,Passeriformes,60.2,13019.5,-10.1,1
Gymnoderus foetidus,Cotingidae,Passeriformes,275.49,5252269.51,-6.85,1
Haematoderus militaris,Cotingidae,Passeriformes,227,1043733.97,1.18,1
Lipaugus ater,Cotingidae,Passeriformes,80,12392.12,-22.54,1
Lipaugus conditus,Cotingidae,Passeriformes,80,250.46,-22.42,1
Lipaugus fuscocinereus,Cotingidae,Passeriformes,138,42613.15,1.6,1
Lipaugus lanioides,Cotingidae,Passeriformes,94.8,201153.3,-22.23,1
Lipaugus streptophorus,Cotingidae,Passeriformes,57.2,47371.38,5.26,1
Lipaugus unirufus,Cotingidae,Passeriformes,82.1,462431.54,11.43,1
Lipaugus uropygialis,Cotingidae,Passeriformes,116,15254.67,-15.6,1
Lipaugus vociferans,Cotingidae,Passeriformes,75.42,7063057.92,-4.6,1
Lipaugus weberi,Cotingidae,Passeriformes,72.1,41.87,6.96,1
Perissocephalus tricolor,Cotingidae,Passeriformes,338.88,1655180.77,2.29,1
Phibalura boliviana,Cotingidae,Passeriformes,46.5,651.01,-14.76,3
Phibalura flavirostris,Cotingidae,Passeriformes,46.5,1084489.75,-23.39,3
Phoenicircus carnifex,Cotingidae,Passeriformes,82.87,1387247.24,0.54,1
Phoenicircus nigricollis,Cotingidae,Passeriformes,96.28,2636332.67,-4.37,1
Phytotoma raimondii,Cotingidae,Passeriformes,39.8,2921.02,-6.06,1
Phytotoma rara,Cotingidae,Passeriformes,47,478077.69,-41.84,1
Phytotoma rutila,Cotingidae,Passeriformes,40.5,1756370.23,-31.76,1
Pipreola arcuata,Cotingidae,Passeriformes,118,259332.07,-3.81,1
Pipreola aureopectus,Cotingidae,Passeriformes,46,83804.89,6.94,1
Pipreola chlorolepidota,Cotingidae,Passeriformes,29.5,88203.3,-4.86,1
Pipreola formosa,Cotingidae,Passeriformes,47.2,12048.9,10.32,1
Pipreola frontalis,Cotingidae,Passeriformes,42.4,113721.28,-13.17,1
Pipreola intermedia,Cotingidae,Passeriformes,51.18,121136.09,-13.22,1
Pipreola jucunda,Cotingidae,Passeriformes,57,13837.17,0.74,1
Pipreola lubomirskii,Cotingidae,Passeriformes,57,28329.19,-1.62,1
Pipreola pulchra,Cotingidae,Passeriformes,58.2,78215.76,-11.01,1
Pipreola riefferii,Cotingidae,Passeriformes,49.3,257255.05,2.08,1
Pipreola squamipectus,Cotingidae,Passeriformes,42.4,36379.13,-4.28,1
Pipreola whitelyi,Cotingidae,Passeriformes,50,24788.58,5.36,1
Porphyrolaema porphyrolaema,Cotingidae,Passeriformes,60,2187394.02,-6.09,1
Procnias albus,Cotingidae,Passeriformes,210,527310.4,3.95,1
Procnias averano,Cotingidae,Passeriformes,146.06,1123871.61,-4.18,1
Procnias nudicollis,Cotingidae,Passeriformes,172.04,1467436.56,-21.31,1
Procnias tricarunculatus,Cotingidae,Passeriformes,210,22550.75,10.37,1
Pyroderus scutatus,Cotingidae,Passeriformes,357,2116677.8,-17.64,2
Querula purpurata,Cotingidae,Passeriformes,107.35,5636816.57,-4.22,1
Rupicola peruvianus,Cotingidae,Passeriformes,242.5,257511.06,-2.69,1
Rupicola rupicola,Cotingidae,Passeriformes,194.56,2067586.19,2.68,1
Snowornis cryptolophus,Cotingidae,Passeriformes,73.6,109184.97,-4.16,1
Snowornis subalaris,Cotingidae,Passeriformes,81.2,59762.19,-5.73,1
Xipholena atropurpurea,Cotingidae,Passeriformes,61.32,1836.59,-18.18,1
Xipholena lamellipennis,Cotingidae,Passeriformes,53.8,1007777.54,-4.78,1
Xipholena punicea,Cotingidae,Passeriformes,68.1,3624635.86,-2.57,1
Zaratornis stresemanni,Cotingidae,Passeriformes,52.1,43849.89,-10.73,1
Dasyornis brachypterus,Dasyornithidae,Passeriformes,41.8,2110.13,-31.85,1
Dasyornis broadbenti,Dasyornithidae,Passeriformes,67.9,26759.89,-37.67,1
Dasyornis longirostris,Dasyornithidae,Passeriformes,32.7,543.25,-34.38,1
Dicaeum aeneum,Dicaeidae,Passeriformes,9.24,27383.58,-7.76,1
Dicaeum agile,Dicaeidae,Passeriformes,9,4429303.46,16.87,1
Dicaeum annae,Dicaeidae,Passeriformes,10,28449.46,-8.62,1
Dicaeum anthonyi,Dicaeidae,Passeriformes,11.6,32174.51,17.22,1
Dicaeum aureolimbatum,Dicaeidae,Passeriformes,8.1,175271.93,-2.14,1
Dicaeum australe,Dicaeidae,Passeriformes,8.7,237198.68,11.96,1
Dicaeum beccarii,Dicaeidae,Passeriformes,5.72,221641.52,0.11,1
Dicaeum bicolor,Dicaeidae,Passeriformes,9.1,259805.98,11.91,1
Dicaeum cambodianum,Dicaeidae,Passeriformes,5.72,205393,12.99,1
Dicaeum celebicum,Dicaeidae,Passeriformes,6.5,184624.47,-2.09,1
Dicaeum chrysorrheum,Dicaeidae,Passeriformes,9,3155552.17,10.78,1
Dicaeum concolor,Dicaeidae,Passeriformes,6.2,221339.98,13.05,1
Dicaeum cruentatum,Dicaeidae,Passeriformes,5.6,4479690.76,14.78,1
Dicaeum dayakorum,Dicaeidae,Passeriformes,8.1,NA,NA,1
Dicaeum erythrorhynchos,Dicaeidae,Passeriformes,6.3,2149808.71,19.87,1
Dicaeum erythrothorax,Dicaeidae,Passeriformes,8.94,8554.41,-3.42,1
Dicaeum everetti,Dicaeidae,Passeriformes,8.46,152435.17,2.7,1
Dicaeum eximium,Dicaeidae,Passeriformes,7.9,42347.94,-5.09,1
Dicaeum geelvinkianum,Dicaeidae,Passeriformes,6.8,535023.83,-5.72,1
Dicaeum haematostictum,Dicaeidae,Passeriformes,8.8,24034.35,10.58,1
Dicaeum hanieli,Dicaeidae,Passeriformes,8.5,28799.03,-9.26,1
Dicaeum hirundinaceum,Dicaeidae,Passeriformes,9.04,6464367.1,-25.13,2
Dicaeum hypoleucum,Dicaeidae,Passeriformes,8,229004.92,11.93,1
Dicaeum ignicolle,Dicaeidae,Passeriformes,9.04,7854.17,-6.19,2
Dicaeum igniferum,Dicaeidae,Passeriformes,8.46,29611.18,-8.6,1
Dicaeum ignipectus,Dicaeidae,Passeriformes,5.72,4029931.67,24.88,1
Dicaeum kampalili,Dicaeidae,Passeriformes,11.6,62498.97,7.61,1
Dicaeum keiense,Dicaeidae,Passeriformes,9.04,5288.23,-7.17,2
Dicaeum luzoniense,Dicaeidae,Passeriformes,5.72,238548.93,11.92,1
Dicaeum maugei,Dicaeidae,Passeriformes,8.46,36904.29,-9.11,1
Dicaeum melanozanthum,Dicaeidae,Passeriformes,8.46,1275828.24,25.86,1
Dicaeum minullum,Dicaeidae,Passeriformes,6.2,4665370.81,19.49,1
Dicaeum monticolum,Dicaeidae,Passeriformes,8.46,62934.25,2.4,1
Dicaeum nehrkorni,Dicaeidae,Passeriformes,8.46,88003.64,-1.85,1
Dicaeum nigrilore,Dicaeidae,Passeriformes,11,13373.78,7.54,1
Dicaeum nitidum,Dicaeidae,Passeriformes,8.46,1321.84,-11.34,1
Dicaeum pectorale,Dicaeidae,Passeriformes,7.6,97817.39,-2.02,1
Dicaeum proprium,Dicaeidae,Passeriformes,10.2,13567.45,7.46,1
Dicaeum pygmaeum,Dicaeidae,Passeriformes,5,269443.51,11.84,1
Dicaeum quadricolor,Dicaeidae,Passeriformes,8.46,117.27,9.85,1
Dicaeum retrocinctum,Dicaeidae,Passeriformes,6.5,9862.36,12.95,1
Dicaeum sanguinolentum,Dicaeidae,Passeriformes,8.5,69233.11,-7.74,1
Dicaeum schistaceiceps,Dicaeidae,Passeriformes,8.94,25466.5,0.61,1
Dicaeum trigonostigma,Dicaeidae,Passeriformes,7.1,2286467.14,5.86,1
Dicaeum tristrami,Dicaeidae,Passeriformes,11.7,3331.87,-10.55,1
Dicaeum trochileum,Dicaeidae,Passeriformes,8.46,322091.43,-4.7,1
Dicaeum vincens,Dicaeidae,Passeriformes,8.46,12166.57,6.71,1
Dicaeum vulneratum,Dicaeidae,Passeriformes,8.94,17812.67,-3.23,1
Dicaeum wilhelminae,Dicaeidae,Passeriformes,8.5,10702.41,-9.76,1
Prionochilus maculatus,Dicaeidae,Passeriformes,7.95,1401405.5,1.33,1
Prionochilus olivaceus,Dicaeidae,Passeriformes,9.4,226152,11.98,1
Prionochilus percussus,Dicaeidae,Passeriformes,8.5,1530525.15,0.33,1
Prionochilus plateni,Dicaeidae,Passeriformes,8.48,13498.61,9.96,1
Prionochilus thoracicus,Dicaeidae,Passeriformes,8.9,1143891.73,0.76,1
Prionochilus xanthopygius,Dicaeidae,Passeriformes,7.6,383880.17,2.45,1
Dicrurus adsimilis,Dicruridae,Passeriformes,40.3,14611485.32,-4.34,1
Dicrurus aeneus,Dicruridae,Passeriformes,26,4639369.76,14.77,1
Dicrurus aldabranus,Dicruridae,Passeriformes,48.43,159.48,-9.4,1
Dicrurus andamanensis,Dicruridae,Passeriformes,50.48,5726.81,12.3,1
Dicrurus annectens,Dicruridae,Passeriformes,44,1267321.06,22.13,3
Dicrurus atripennis,Dicruridae,Passeriformes,38.9,1831426.11,2.25,1
Dicrurus balicassius,Dicruridae,Passeriformes,72.29,151573.53,14.59,1
Dicrurus bracteatus,Dicruridae,Passeriformes,85.53,1975520.32,-15.51,1
Dicrurus caerulescens,Dicruridae,Passeriformes,40,2231941.71,20.31,1
Dicrurus densus,Dicruridae,Passeriformes,85.5,84940.27,-8.88,1
Dicrurus forficatus,Dicruridae,Passeriformes,47.1,591728.75,-19.38,1
Dicrurus fuscipennis,Dicruridae,Passeriformes,50.48,239.71,-11.76,1
Dicrurus hottentottus,Dicruridae,Passeriformes,79.19,7425702.56,21.4,1
Dicrurus leucophaeus,Dicruridae,Passeriformes,37.6,6692531.66,25.68,1
Dicrurus lophorinus,Dicruridae,Passeriformes,70,21917.61,6.87,1
Dicrurus ludwigii,Dicruridae,Passeriformes,29.4,4614861.96,-1.13,1
Dicrurus macrocercus,Dicruridae,Passeriformes,48.3,9351037.98,25.16,1
Dicrurus megarhynchus,Dicruridae,Passeriformes,130,7019.61,-3.81,1
Dicrurus menagei,Dicruridae,Passeriformes,79.19,677.88,12.41,1
Dicrurus modestus,Dicruridae,Passeriformes,45.6,3490807.08,1.01,1
Dicrurus montanus,Dicruridae,Passeriformes,61,52683.33,-1.5,1
Dicrurus paradiseus,Dicruridae,Passeriformes,85.82,5998619.7,14.98,1
Dicrurus remifer,Dicruridae,Passeriformes,43.1,2417911.23,18.91,1
Dicrurus striatus,Dicruridae,Passeriformes,79.19,120043.33,8.39,1
Dicrurus sumatranus,Dicruridae,Passeriformes,50.48,388829.77,-0.27,1
Dicrurus waldenii,Dicruridae,Passeriformes,50.48,316.35,-12.81,1
Donacobius atricapilla,Donacobiidae,Passeriformes,36.8,8620634.56,-5.58,1
Dulus dominicus,Dulidae,Passeriformes,48.4,74909.06,18.91,1
Elachura formosa,Elachuridae,Passeriformes,5,663267.73,24.86,1
Emberiza affinis,Emberizidae,Passeriformes,15.4,1397601.22,9.06,1
Emberiza aureola,Emberizidae,Passeriformes,19.6,14850268.01,58.85,3
Emberiza bruniceps,Emberizidae,Passeriformes,24.8,4074558.12,43.78,3
Emberiza buchanani,Emberizidae,Passeriformes,21.2,2911334.78,42.43,3
Emberiza cabanisi,Emberizidae,Passeriformes,24.9,2851364.02,-6.84,1
Emberiza caesia,Emberizidae,Passeriformes,19.9,344081.04,37.48,3
Emberiza calandra,Emberizidae,Passeriformes,48.5,7483952.2,44.09,2
Emberiza capensis,Emberizidae,Passeriformes,20.9,1320689.84,-26.81,1
Emberiza chrysophrys,Emberizidae,Passeriformes,17.97,2478480.52,59.19,3
Emberiza cia,Emberizidae,Passeriformes,23.43,4412208.21,39.73,2
Emberiza cineracea,Emberizidae,Passeriformes,24.3,105439.34,37.47,3
Emberiza cioides,Emberizidae,Passeriformes,21.02,10532097.13,43.23,2
Emberiza cirlus,Emberizidae,Passeriformes,25.6,2173407.94,41.65,2
Emberiza citrinella,Emberizidae,Passeriformes,29.7,12899942.03,56.2,2
Emberiza elegans,Emberizidae,Passeriformes,16.84,3012325.14,39.44,2
Emberiza flaviventris,Emberizidae,Passeriformes,18.24,6969113.54,-10.66,1
Emberiza fucata,Emberizidae,Passeriformes,19.8,3876445.61,44.35,3
Emberiza godlewskii,Emberizidae,Passeriformes,19,5814242.22,41.64,2
Emberiza goslingi,Emberizidae,Passeriformes,12.98,2902333.7,12.03,2
Emberiza hortulana,Emberizidae,Passeriformes,19.9,9881195.68,52.13,3
Emberiza impetuani,Emberizidae,Passeriformes,15.1,1657377.13,-26.33,2
Emberiza jankowskii,Emberizidae,Passeriformes,22.5,13036.49,44.76,2
Emberiza koslowi,Emberizidae,Passeriformes,25,132468.27,32.11,2
Emberiza lathami,Emberizidae,Passeriformes,21.9,3758698.27,24.68,2
Emberiza leucocephalos,Emberizidae,Passeriformes,28.5,9867084.71,56.37,3
Emberiza melanocephala,Emberizidae,Passeriformes,28.31,2122285.8,38.73,3
Emberiza pallasi,Emberizidae,Passeriformes,13.96,6843352.03,61.71,3
Emberiza personata,Emberizidae,Passeriformes,18.45,150493.36,44.33,3
Emberiza poliopleura,Emberizidae,Passeriformes,15.8,1250196.23,4.38,1
Emberiza pusilla,Emberizidae,Passeriformes,14.57,10268381.21,62.69,3
Emberiza rustica,Emberizidae,Passeriformes,20.54,11090010.05,61.42,3
Emberiza rutila,Emberizidae,Passeriformes,17.5,4625666.61,55.34,3
Emberiza sahari,Emberizidae,Passeriformes,14.8,1383094.97,28.18,1
Emberiza schoeniclus,Emberizidae,Passeriformes,18.4,23743379.81,55.24,2
Emberiza siemsseni,Emberizidae,Passeriformes,20,111563.22,32.27,3
Emberiza socotrana,Emberizidae,Passeriformes,14.42,630.83,12.53,1
Emberiza spodocephala,Emberizidae,Passeriformes,18.45,4863864.08,52.61,3
Emberiza stewarti,Emberizidae,Passeriformes,15.96,679158,38.62,3
Emberiza striolata,Emberizidae,Passeriformes,14.8,2669183.7,22.62,1
Emberiza sulphurata,Emberizidae,Passeriformes,14.89,111789.59,37.92,3
Emberiza tahapisi,Emberizidae,Passeriformes,12.98,4092995.92,-12.65,2
Emberiza tristrami,Emberizidae,Passeriformes,18,423016.56,47.92,3
Emberiza variabilis,Emberizidae,Passeriformes,23.8,222168.05,46.58,3
Emberiza yessoensis,Emberizidae,Passeriformes,13.49,52341.69,44.01,3
Amadina erythrocephala,Estrildidae,Passeriformes,22.5,1628356.19,-24.48,2
Amadina fasciata,Estrildidae,Passeriformes,18,3347451.84,2.81,1
Amandava amandava,Estrildidae,Passeriformes,8.97,3578715.84,20.6,1
Amandava formosa,Estrildidae,Passeriformes,9,686385.24,21.68,1
Amandava subflava,Estrildidae,Passeriformes,7.44,3352898.94,-6.32,1
Chloebia gouldiae,Estrildidae,Passeriformes,13.8,101027.63,-15.85,1
Clytospiza monteiri,Estrildidae,Passeriformes,14.9,1193530.92,2.5,1
Coccopygia bocagei,Estrildidae,Passeriformes,6.51,95404.95,-13.03,1
Coccopygia melanotis,Estrildidae,Passeriformes,6.51,285539.1,-29.15,1
Coccopygia quartinia,Estrildidae,Passeriformes,6.7,676732.96,-0.47,1
Cryptospiza jacksoni,Estrildidae,Passeriformes,13,75938.17,-1.94,1
Cryptospiza reichenovii,Estrildidae,Passeriformes,12.4,435889.11,-6.37,1
Cryptospiza salvadorii,Estrildidae,Passeriformes,12.2,258138.36,2.92,1
Cryptospiza shelleyi,Estrildidae,Passeriformes,17.6,46042.02,-2.14,1
Emblema pictum,Estrildidae,Passeriformes,10.4,1295960.94,-21.97,1
Erythrura coloria,Estrildidae,Passeriformes,11.3,11757.65,7.55,1
Erythrura cyaneovirens,Estrildidae,Passeriformes,13,13133.09,-15.44,1
Erythrura hyperythra,Estrildidae,Passeriformes,11,294579.35,0.74,1
Erythrura kleinschmidti,Estrildidae,Passeriformes,21,4811.61,-17.92,1
Erythrura papuana,Estrildidae,Passeriformes,19.4,180233.84,-5.62,1
Erythrura pealii,Estrildidae,Passeriformes,12,17012.69,-17.43,1
Erythrura prasina,Estrildidae,Passeriformes,14.7,1585424.03,1.64,1
Erythrura psittacea,Estrildidae,Passeriformes,11.5,16520.55,-21.34,1
Erythrura trichroa,Estrildidae,Passeriformes,14.39,858792.1,-4.48,1
Erythrura tricolor,Estrildidae,Passeriformes,11,36517.84,-8.93,1
Erythrura viridifacies,Estrildidae,Passeriformes,12.6,106324.25,15.89,1
Estrilda astrild,Estrildidae,Passeriformes,8.29,5902588.4,-11.11,1
Estrilda atricapilla,Estrildidae,Passeriformes,7.8,665104.34,-0.33,1
Estrilda charmosyna,Estrildidae,Passeriformes,7.4,748636.98,3.27,1
Estrilda coerulescens,Estrildidae,Passeriformes,9.4,1681468.53,10.85,1
Estrilda erythronotos,Estrildidae,Passeriformes,9.2,2061043.73,-12.02,1
Estrilda kandti,Estrildidae,Passeriformes,8,113134.74,-1.57,1
Estrilda melpoda,Estrildidae,Passeriformes,7.6,3732328.98,2.9,1
Estrilda nigriloris,Estrildidae,Passeriformes,7.48,28361.75,-9.32,1
Estrilda nonnula,Estrildidae,Passeriformes,7.7,1215103.1,2.58,1
Estrilda paludicola,Estrildidae,Passeriformes,7.6,1983230.35,-2.12,1
Estrilda perreini,Estrildidae,Passeriformes,7.4,1035934.15,-12.06,1
Estrilda poliopareia,Estrildidae,Passeriformes,7.48,43938.47,5.64,1
Estrilda rhodopyga,Estrildidae,Passeriformes,7.7,1232056.42,4.75,1
Estrilda rufibarba,Estrildidae,Passeriformes,8.5,86115.99,15.29,1
Estrilda thomensis,Estrildidae,Passeriformes,7.6,87604.65,-14.49,1
Estrilda troglodytes,Estrildidae,Passeriformes,7.6,1962649.25,11.25,1
Euodice cantans,Estrildidae,Passeriformes,12,3802160.03,12.33,1
Euodice malabarica,Estrildidae,Passeriformes,12,3311814.33,23.36,1
Euschistospiza cinereovinacea,Estrildidae,Passeriformes,12,143514.59,-8.95,1
Euschistospiza dybowskii,Estrildidae,Passeriformes,13.4,776837.64,6.67,1
Granatina granatina,Estrildidae,Passeriformes,11.8,2368093.88,-20.9,1
Granatina ianthinogaster,Estrildidae,Passeriformes,14.1,1450518.63,2.91,1
Heteromunia pectoralis,Estrildidae,Passeriformes,15.18,1302318.41,-18.09,1
Hypargos margaritatus,Estrildidae,Passeriformes,12.8,155741.3,-24.44,1
Hypargos niveoguttatus,Estrildidae,Passeriformes,14.6,1748989.03,-12.41,1
Lagonosticta larvata,Estrildidae,Passeriformes,9.88,309178.84,10.29,1
Lagonosticta nigricollis,Estrildidae,Passeriformes,9.88,1974350.75,8.62,1
Lagonosticta nitidula,Estrildidae,Passeriformes,10.7,1509814.09,-12.71,1
Lagonosticta rara,Estrildidae,Passeriformes,10.4,2433099.84,7.64,1
Lagonosticta rhodopareia,Estrildidae,Passeriformes,9.3,2706237.28,-13.67,1
Lagonosticta rubricata,Estrildidae,Passeriformes,10.16,6048001.08,-4.35,1
Lagonosticta rufopicta,Estrildidae,Passeriformes,9.3,3308898.34,8.22,1
Lagonosticta sanguinodorsalis,Estrildidae,Passeriformes,11.4,28120.62,10.09,1
Lagonosticta senegala,Estrildidae,Passeriformes,9.21,10024696.13,0.34,1
Lagonosticta umbrinodorsalis,Estrildidae,Passeriformes,10.6,42139.72,8.28,1
Lagonosticta vinacea,Estrildidae,Passeriformes,9.88,159098.87,12.45,1
Lagonosticta virata,Estrildidae,Passeriformes,9.29,110944.97,13.18,1
Lepidopygia nana,Estrildidae,Passeriformes,8.2,590836.07,-19.39,1
Lonchura atricapilla,Estrildidae,Passeriformes,12.4,4115354.57,13.42,1
Lonchura caniceps,Estrildidae,Passeriformes,11.5,45326.56,-8.88,1
Lonchura castaneothorax,Estrildidae,Passeriformes,13.6,1850435.67,-19.89,1
Lonchura ferruginosa,Estrildidae,Passeriformes,13,136361.23,-7.33,1
Lonchura flaviprymna,Estrildidae,Passeriformes,11.8,117098.74,-15.06,1
Lonchura forbesi,Estrildidae,Passeriformes,13.27,6311.21,-3.85,1
Lonchura fuscans,Estrildidae,Passeriformes,9.5,737265.04,0.88,1
Lonchura fuscata,Estrildidae,Passeriformes,20.7,24603.86,-9.28,1
Lonchura grandis,Estrildidae,Passeriformes,14.3,256441.1,-5.25,1
Lonchura hunsteini,Estrildidae,Passeriformes,13.27,4118.33,-2.14,1
Lonchura kelaarti,Estrildidae,Passeriformes,14.1,139953.15,13.12,1
Lonchura leucogastra,Estrildidae,Passeriformes,11.4,1481477.6,2.81,1
Lonchura leucogastroides,Estrildidae,Passeriformes,11.7,198034.91,-6.49,1
Lonchura leucosticta,Estrildidae,Passeriformes,13.27,170094.55,-7.45,1
Lonchura maja,Estrildidae,Passeriformes,12.5,768204.3,-0.06,1
Lonchura malacca,Estrildidae,Passeriformes,12.6,573511.14,17.61,1
Lonchura melaena,Estrildidae,Passeriformes,13.27,12280.03,-4.94,1
Lonchura molucca,Estrildidae,Passeriformes,12,313163.12,-3.78,1
Lonchura montana,Estrildidae,Passeriformes,15.5,23554.74,-4.29,1
Lonchura monticola,Estrildidae,Passeriformes,13.27,5354.89,-8.53,1
Lonchura nevermanni,Estrildidae,Passeriformes,10.98,74957.63,-8.19,1
Lonchura oryzivora,Estrildidae,Passeriformes,24.8,99641.61,-7.57,1
Lonchura pallida,Estrildidae,Passeriformes,12,226245.63,-5.21,1
Lonchura punctulata,Estrildidae,Passeriformes,13.6,7189322.58,18.7,1
Lonchura quinticolor,Estrildidae,Passeriformes,13.27,86198.6,-8.89,1
Lonchura spectabilis,Estrildidae,Passeriformes,11.5,214041.33,-5.02,1
Lonchura striata,Estrildidae,Passeriformes,12.3,5429668.12,19.24,1
Lonchura stygia,Estrildidae,Passeriformes,11.2,18694.09,-7.77,1
Lonchura teerinki,Estrildidae,Passeriformes,13.27,16481.57,-3.95,1
Lonchura tristissima,Estrildidae,Passeriformes,8.8,434281.56,-4.44,1
Lonchura vana,Estrildidae,Passeriformes,13.27,29.06,-0.69,1
Mandingoa nitidula,Estrildidae,Passeriformes,9.6,1540214.12,-4.31,1
Neochmia evangelinae,Estrildidae,Passeriformes,10,132949.67,-8.92,1
Neochmia modesta,Estrildidae,Passeriformes,12.74,1594602.22,-25.33,1
Neochmia phaeton,Estrildidae,Passeriformes,10,1056985.14,-16.74,1
Neochmia ruficauda,Estrildidae,Passeriformes,11.13,1106611.4,-17.7,1
Neochmia temporalis,Estrildidae,Passeriformes,11.4,1074490.65,-29.52,1
Nesocharis ansorgei,Estrildidae,Passeriformes,8.4,157481.36,-1.64,1
Nesocharis capistrata,Estrildidae,Passeriformes,11.6,976089.61,6.71,1
Nesocharis shelleyi,Estrildidae,Passeriformes,7.6,31246.1,5.99,1
Nigrita bicolor,Estrildidae,Passeriformes,10.5,3277545.3,1.49,1
Nigrita canicapillus,Estrildidae,Passeriformes,18.7,3831512,0.06,1
Nigrita fusconotus,Estrildidae,Passeriformes,9.1,2969480.86,-0.5,1
Nigrita luteifrons,Estrildidae,Passeriformes,13.2,2645400.35,0.16,1
Odontospiza griseicapilla,Estrildidae,Passeriformes,15,430770.23,-1.77,1
Oreostruthus fuliginosus,Estrildidae,Passeriformes,18.3,51165.48,-5.05,2
Ortygospiza atricollis,Estrildidae,Passeriformes,10.6,3231575.56,-10.16,1
Paludipasser locustella,Estrildidae,Passeriformes,10.6,731202.26,-10.09,1
Parmoptila jamesoni,Estrildidae,Passeriformes,9.5,365703.46,0.88,2
Parmoptila rubrifrons,Estrildidae,Passeriformes,9.49,97502.69,6.55,2
Parmoptila woodhousei,Estrildidae,Passeriformes,9.4,716141.13,1.18,2
Poephila acuticauda,Estrildidae,Passeriformes,14,844828.16,-16.19,2
Poephila cincta,Estrildidae,Passeriformes,14.9,495909.79,-18.25,2
Poephila personata,Estrildidae,Passeriformes,13,972681.31,-16.09,2
Pyrenestes minor,Estrildidae,Passeriformes,14,437153.58,-13.34,1
Pyrenestes ostrinus,Estrildidae,Passeriformes,22.35,4722415.43,-0.36,1
Pyrenestes sanguineus,Estrildidae,Passeriformes,19.19,420440.4,7.97,1
Pytilia afra,Estrildidae,Passeriformes,16.6,3386528.17,-12.98,1
Pytilia hypogrammica,Estrildidae,Passeriformes,14.8,818060.77,8.17,1
Pytilia lineata,Estrildidae,Passeriformes,14.3,222730.64,10.01,1
Pytilia melba,Estrildidae,Passeriformes,15.4,6033419.1,-4.63,1
Pytilia phoenicoptera,Estrildidae,Passeriformes,14.5,1507011.59,8.94,1
Spermestes bicolor,Estrildidae,Passeriformes,9.9,5169258.15,-3.39,1
Spermestes cucullata,Estrildidae,Passeriformes,8.99,8668523.94,-3.72,1
Spermestes fringilloides,Estrildidae,Passeriformes,16.8,1503708.26,-4.08,1
Spermophaga haematina,Estrildidae,Passeriformes,23,1910654.25,2.4,1
Spermophaga poliogenys,Estrildidae,Passeriformes,19.8,366771.57,0.59,1
Spermophaga ruficapilla,Estrildidae,Passeriformes,23.6,562817.84,-0.54,1
Stagonopleura bella,Estrildidae,Passeriformes,14,276741.26,-37.81,1
Stagonopleura guttata,Estrildidae,Passeriformes,17.6,1457198.69,-32,1
Stagonopleura oculata,Estrildidae,Passeriformes,12.9,82318.02,-33.76,1
Taeniopygia bichenovii,Estrildidae,Passeriformes,9.6,3108066.1,-22.88,1
Taeniopygia castanotis,Estrildidae,Passeriformes,12.04,6273807.66,-25.46,2
Taeniopygia guttata,Estrildidae,Passeriformes,12.04,83399.73,-8.98,2
Uraeginthus angolensis,Estrildidae,Passeriformes,9.9,3460144,-16.5,1
Uraeginthus bengalus,Estrildidae,Passeriformes,9.9,7647838.82,6.36,1
Uraeginthus cyanocephalus,Estrildidae,Passeriformes,9.8,756367.53,-2.15,1
Eulacestoma nigropectus,Eulacestomidae,Passeriformes,20,88726.7,-5.37,1
Eupetes macrocerus,Eupetidae,Passeriformes,69,1103229.89,1.05,1
Corydon sumatranus,Eurylaimidae,Passeriformes,140,2209826.9,6.66,1
Cymbirhynchus affinis,Eurylaimidae,Passeriformes,59.4,103026.01,18.02,1
Cymbirhynchus macrorhynchos,Eurylaimidae,Passeriformes,59.4,1624283.49,2.77,1
Eurylaimus harterti,Eurylaimidae,Passeriformes,78.2,2148737.59,6.2,1
Eurylaimus javanicus,Eurylaimidae,Passeriformes,78.2,126074.83,-7.3,1
Eurylaimus ochromalus,Eurylaimidae,Passeriformes,33.3,1128803.82,1.57,1
Psarisomus dalhousiae,Eurylaimidae,Passeriformes,67,1318583,18.29,1
Pseudocalyptomena graueri,Eurylaimidae,Passeriformes,31.79,18563.55,-3.16,1
Sarcophanops samarensis,Eurylaimidae,Passeriformes,27.1,22689.04,11.26,1
Sarcophanops steerii,Eurylaimidae,Passeriformes,38.68,96675.6,7.68,1
Serilophus lunatus,Eurylaimidae,Passeriformes,34,1235508.38,17.07,1
Serilophus rubropygius,Eurylaimidae,Passeriformes,34,257929.9,25.43,1
Falcunculus frontatus,Falcunculidae,Passeriformes,27.94,983184.28,-32.86,1
Falcunculus leucogaster,Falcunculidae,Passeriformes,27.94,86697.99,-33.21,1
Falcunculus whitei,Falcunculidae,Passeriformes,27.94,34058.33,-15.28,1
Chamaeza campanisona,Formicariidae,Passeriformes,90.58,1801868.24,-16.34,1
Chamaeza meruloides,Formicariidae,Passeriformes,69,103365.42,-22,1
Chamaeza mollissima,Formicariidae,Passeriformes,72,103368.73,-8.56,1
Chamaeza nobilis,Formicariidae,Passeriformes,123,2594439.36,-5.38,1
Chamaeza ruficauda,Formicariidae,Passeriformes,71.2,371454.37,-25.14,1
Chamaeza turdina,Formicariidae,Passeriformes,68.3,14682.69,5.01,1
Formicarius analis,Formicariidae,Passeriformes,62.19,5715479.2,-3.44,1
Formicarius colma,Formicariidae,Passeriformes,47,6982041.19,-5.31,1
Formicarius moniliger,Formicariidae,Passeriformes,61.89,316042.05,17.53,1
Formicarius nigricapillus,Formicariidae,Passeriformes,56.2,108463.37,3.11,1
Formicarius rufifrons,Formicariidae,Passeriformes,55.5,11729.69,-12.34,1
Formicarius rufipectus,Formicariidae,Passeriformes,74.4,206331.95,-3.76,1
Acanthis flammea,Fringillidae,Passeriformes,13,19794267.79,64.52,2
Agraphospiza rubescens,Fringillidae,Passeriformes,19,982321.05,29.65,1
Bucanetes githagineus,Fringillidae,Passeriformes,19.6,7096376.81,27.99,2
Bucanetes mongolicus,Fringillidae,Passeriformes,21.5,4276225.48,41.69,2
Callacanthis burtoni,Fringillidae,Passeriformes,38.14,220959.72,31.67,1
Carduelis caniceps,Fringillidae,Passeriformes,16,3644376.73,43.55,1
Carduelis carduelis,Fringillidae,Passeriformes,16,11860717.87,50.13,1
Carduelis citrinella,Fringillidae,Passeriformes,12,193259.64,45.36,1
Carduelis corsicana,Fringillidae,Passeriformes,12,20435.36,40.71,1
Carpodacus dubius,Fringillidae,Passeriformes,30.99,887176.05,32.64,2
Carpodacus edwardsii,Fringillidae,Passeriformes,26.5,553558.68,29.21,2
Carpodacus erythrinus,Fringillidae,Passeriformes,23.97,23264611.24,54.13,3
Carpodacus formosanus,Fringillidae,Passeriformes,22.08,7543.21,23.75,1
Carpodacus pulcherrimus,Fringillidae,Passeriformes,19.2,2405247.9,34.68,2
Carpodacus puniceus,Fringillidae,Passeriformes,46.58,3485769.61,34.78,2
Carpodacus rhodochlamys,Fringillidae,Passeriformes,33.4,2904755.32,44.92,2
Carpodacus roborowskii,Fringillidae,Passeriformes,33.4,194280.63,34.75,1
Carpodacus rodochroa,Fringillidae,Passeriformes,17.81,251585.02,29.95,2
Carpodacus rodopeplus,Fringillidae,Passeriformes,23,72468.84,29.79,2
Carpodacus roseus,Fringillidae,Passeriformes,28.6,5619010.01,58.85,3
Carpodacus rubicilla,Fringillidae,Passeriformes,43.2,3210935.5,34.78,1
Carpodacus rubicilloides,Fringillidae,Passeriformes,42.01,1697733.83,32.92,1
Carpodacus sibiricus,Fringillidae,Passeriformes,17.43,6041699.66,50.19,2
Carpodacus sillemi,Fringillidae,Passeriformes,28.9,23268.34,35.61,2
Carpodacus sipahi,Fringillidae,Passeriformes,39.5,471042.21,27.46,1
Carpodacus stoliczkae,Fringillidae,Passeriformes,20.8,1486506.18,39.05,1
Carpodacus subhimachalus,Fringillidae,Passeriformes,46.07,789977.1,29.29,2
Carpodacus synoicus,Fringillidae,Passeriformes,20.8,172774.39,28.67,1
Carpodacus thura,Fringillidae,Passeriformes,30.99,296994,30.16,2
Carpodacus trifasciatus,Fringillidae,Passeriformes,30.99,289595.65,31.56,1
Carpodacus verreauxii,Fringillidae,Passeriformes,23,276469.69,29.8,2
Carpodacus vinaceus,Fringillidae,Passeriformes,22.08,1212304.24,29.51,1
Carpodacus waltoni,Fringillidae,Passeriformes,27.02,864471.13,31.89,2
Chloris ambigua,Fringillidae,Passeriformes,15.5,858336.72,24.55,1
Chloris chloris,Fringillidae,Passeriformes,26,10220595.83,50.67,1
Chloris monguilloti,Fringillidae,Passeriformes,15.5,7399.29,12.01,1
Chloris sinica,Fringillidae,Passeriformes,18.59,6303643.12,37.44,1
Chloris spinoides,Fringillidae,Passeriformes,18.6,491504.66,27.93,1
Chlorodrepanis flava,Fringillidae,Passeriformes,12.64,381.76,21.45,1
Chlorodrepanis stejnegeri,Fringillidae,Passeriformes,16.64,234.83,22.1,1
Chlorodrepanis virens,Fringillidae,Passeriformes,13.69,6246.28,19.73,1
Chlorophonia callophrys,Fringillidae,Passeriformes,25.8,17430.09,9.38,1
Chlorophonia cyanea,Fringillidae,Passeriformes,14,2010700.01,-13.47,1
Chlorophonia flavirostris,Fringillidae,Passeriformes,11,21348.22,2.95,2
Chlorophonia occipitalis,Fringillidae,Passeriformes,25.8,160768.75,15.54,1
Chlorophonia pyrrhophrys,Fringillidae,Passeriformes,17,124114.79,-0.07,1
Chrysocorythus estherae,Fringillidae,Passeriformes,12,39898.74,-0.3,1
Chrysocorythus mindanensis,Fringillidae,Passeriformes,12,1264.11,7.7,1
Coccothraustes coccothraustes,Fringillidae,Passeriformes,56.63,12197802.66,51.17,2
Crithagra albogularis,Fringillidae,Passeriformes,27.1,916328.36,-28.24,1
Crithagra ankoberensis,Fringillidae,Passeriformes,14.9,16356.71,10.53,1
Crithagra atrogularis,Fringillidae,Passeriformes,11.4,3009542.68,-21.89,1
Crithagra buchanani,Fringillidae,Passeriformes,24,128078.23,-3.23,1
Crithagra burtoni,Fringillidae,Passeriformes,30.5,400739.28,-0.64,1
Crithagra canicapilla,Fringillidae,Passeriformes,16,1497392.7,9.05,1
Crithagra capistrata,Fringillidae,Passeriformes,13.6,657049.02,-7.69,1
Crithagra citrinelloides,Fringillidae,Passeriformes,12.99,555034.99,8.18,1
Crithagra citrinipectus,Fringillidae,Passeriformes,11.2,48205.89,-22.45,1
Crithagra concolor,Fringillidae,Passeriformes,50,204.88,0.21,2
Crithagra donaldsoni,Fringillidae,Passeriformes,24,604511.84,5.47,1
Crithagra dorsostriata,Fringillidae,Passeriformes,15.13,861574.54,0.5,1
Crithagra flavigula,Fringillidae,Passeriformes,11.8,4609.37,9.36,1
Crithagra flaviventris,Fringillidae,Passeriformes,16.2,1693757.78,-26.73,1
Crithagra frontalis,Fringillidae,Passeriformes,12.3,238675.25,-0.64,1
Crithagra gularis,Fringillidae,Passeriformes,16,1507366.09,-24.19,1
Crithagra hyposticta,Fringillidae,Passeriformes,13,160632.88,-8.98,1
Crithagra koliensis,Fringillidae,Passeriformes,13.6,54614.04,-0.42,1
Crithagra leucoptera,Fringillidae,Passeriformes,22.1,84829.62,-33.61,1
Crithagra leucopygia,Fringillidae,Passeriformes,10.8,3039637.6,12.14,1
Crithagra melanochroa,Fringillidae,Passeriformes,30.5,41355.36,-8.4,1
Crithagra menachensis,Fringillidae,Passeriformes,22.4,43763.91,16.39,1
Crithagra mennelli,Fringillidae,Passeriformes,15.39,1495142.19,-14.85,1
Crithagra mozambica,Fringillidae,Passeriformes,11.87,9532014.48,-4.04,1
Crithagra reichardi,Fringillidae,Passeriformes,15.42,580348.35,-12,1
Crithagra reichenowi,Fringillidae,Passeriformes,15.4,853459.07,1.92,1
Crithagra rothschildi,Fringillidae,Passeriformes,14,129560.58,18.73,1
Crithagra rufobrunnea,Fringillidae,Passeriformes,25.9,928.93,0.43,1
Crithagra scotops,Fringillidae,Passeriformes,14.2,184665.55,-30.26,1
Crithagra striatipectus,Fringillidae,Passeriformes,15.42,87785.62,5.47,1
Crithagra striolata,Fringillidae,Passeriformes,22.4,867600.67,4.32,1
Crithagra sulphurata,Fringillidae,Passeriformes,27.9,1869165.54,-14.57,1
Crithagra symonsi,Fringillidae,Passeriformes,15.8,36985.63,-29.86,1
Crithagra totta,Fringillidae,Passeriformes,13.4,85526.4,-33.57,1
Crithagra tristriata,Fringillidae,Passeriformes,15.5,299348.44,10.24,1
Crithagra xantholaema,Fringillidae,Passeriformes,11.8,54048.09,5.98,1
Crithagra xanthopygia,Fringillidae,Passeriformes,15.4,103232.06,12.88,1
Drepanis coccinea,Fringillidae,Passeriformes,18.22,3813.22,19.93,1
Eophona migratoria,Fringillidae,Passeriformes,46.88,3312437.98,43.96,1
Eophona personata,Fringillidae,Passeriformes,80,1516318.98,45.68,1
Euphonia affinis,Fringillidae,Passeriformes,10,724298.2,17.82,1
Euphonia anneae,Fringillidae,Passeriformes,14.9,20146.51,8.96,1
Euphonia cayennensis,Fringillidae,Passeriformes,14.3,1272525.45,1.5,1
Euphonia chalybea,Fringillidae,Passeriformes,19,745412.86,-25.51,1
Euphonia chlorotica,Fringillidae,Passeriformes,11,9620331.07,-11.69,1
Euphonia chrysopasta,Fringillidae,Passeriformes,14,5478664.3,-3.51,1
Euphonia concinna,Fringillidae,Passeriformes,10.3,26361.57,3.94,1
Euphonia cyanocephala,Fringillidae,Passeriformes,14,2711347.81,-16.64,1
Euphonia elegantissima,Fringillidae,Passeriformes,15,473565.77,19.29,2
Euphonia finschi,Fringillidae,Passeriformes,10.48,327330.53,4.45,1
Euphonia flavifrons,Fringillidae,Passeriformes,14.66,5124.67,15.12,1
Euphonia fulvicrissa,Fringillidae,Passeriformes,11,198414.88,5.95,1
Euphonia gouldi,Fringillidae,Passeriformes,14,326598.75,15.59,1
Euphonia hirundinacea,Fringillidae,Passeriformes,14,637226.31,16.79,1
Euphonia imitans,Fringillidae,Passeriformes,14,14869.65,8.88,1
Euphonia jamaica,Fringillidae,Passeriformes,16.6,11021.79,18.16,1
Euphonia laniirostris,Fringillidae,Passeriformes,15,4464958.75,-5.66,1
Euphonia luteicapilla,Fringillidae,Passeriformes,13,111584.47,9.98,1
Euphonia mesochrysa,Fringillidae,Passeriformes,13,193537.98,-8.54,1
Euphonia minuta,Fringillidae,Passeriformes,10,5149944.3,-2.79,1
Euphonia musica,Fringillidae,Passeriformes,14.66,35315.4,18.07,1
Euphonia pectoralis,Fringillidae,Passeriformes,14.4,1361244.46,-22.19,1
Euphonia plumbea,Fringillidae,Passeriformes,8.9,913453.9,4.14,1
Euphonia rufiventris,Fringillidae,Passeriformes,14,4409554.14,-5.51,1
Euphonia saturata,Fringillidae,Passeriformes,13.26,95078.53,-0.31,1
Euphonia sclateri,Fringillidae,Passeriformes,14.66,8774.44,18.23,1
Euphonia trinitatis,Fringillidae,Passeriformes,11,610172.65,8.74,1
Euphonia violacea,Fringillidae,Passeriformes,15,4921834.31,-8.34,1
Euphonia xanthogaster,Fringillidae,Passeriformes,13,3715684.5,-4.78,1
Fringilla coelebs,Fringillidae,Passeriformes,23.81,13931193.45,52.79,2
Fringilla montifringilla,Fringillidae,Passeriformes,23.19,13666715.85,60.69,3
Fringilla polatzeki,Fringillidae,Passeriformes,30.3,33.67,27.95,1
Fringilla teydea,Fringillidae,Passeriformes,30.3,349.94,28.26,1
Haemorhous cassinii,Fringillidae,Passeriformes,26.5,1502229.58,43.11,1
Haemorhous mexicanus,Fringillidae,Passeriformes,21.4,10299459.91,38.88,2
Haemorhous purpureus,Fringillidae,Passeriformes,23.3,4534365.72,50.66,2
Hemignathus affinis,Fringillidae,Passeriformes,24.94,NA,NA,1
Hemignathus hanapepe,Fringillidae,Passeriformes,24.94,NA,NA,1
Hemignathus wilsoni,Fringillidae,Passeriformes,27.98,151.37,19.65,1
Hesperiphona abeillei,Fringillidae,Passeriformes,48.5,251295.19,21.77,1
Hesperiphona vespertina,Fringillidae,Passeriformes,57.3,3942604.88,47.25,2
Himatione sanguinea,Fringillidae,Passeriformes,15.17,16390.65,20.23,1
Leucosticte arctoa,Fringillidae,Passeriformes,30.69,2949415.16,56.5,2
Leucosticte atrata,Fringillidae,Passeriformes,25.24,136791.41,43.91,3
Leucosticte australis,Fringillidae,Passeriformes,26.6,15523.5,38.67,3
Leucosticte brandti,Fringillidae,Passeriformes,30.4,3550336.59,37.28,2
Leucosticte nemoricola,Fringillidae,Passeriformes,22.51,4065932.3,37.1,2
Leucosticte tephrocotis,Fringillidae,Passeriformes,37.8,2279904.65,61.61,3
Linaria cannabina,Fringillidae,Passeriformes,19.53,10715477.38,49.19,1
Linaria flavirostris,Fringillidae,Passeriformes,15.4,6668808.82,42.03,3
Linaria johannis,Fringillidae,Passeriformes,13.4,2340.98,10.83,1
Linaria yemenensis,Fringillidae,Passeriformes,14.3,79054.22,16.65,1
Linurgus olivaceus,Fringillidae,Passeriformes,20.3,220044.21,-2.36,1
Loxia curvirostra,Fringillidae,Passeriformes,38.29,22671334.66,52.38,2
Loxia leucoptera,Fringillidae,Passeriformes,28.69,16098090.24,57.95,3
Loxia megaplaga,Fringillidae,Passeriformes,28.69,3541.2,18.73,1
Loxia pytyopsittacus,Fringillidae,Passeriformes,53,3155285.39,61.03,2
Loxia scotica,Fringillidae,Passeriformes,43.17,13734.01,57.22,2
Loxioides bailleui,Fringillidae,Passeriformes,37.84,134.59,19.81,1
Loxops caeruleirostris,Fringillidae,Passeriformes,10.8,5.22,22.12,1
Loxops coccineus,Fringillidae,Passeriformes,10.5,383.93,19.46,1
Loxops ochraceus,Fringillidae,Passeriformes,10.5,NA,NA,1
Magumma parva,Fringillidae,Passeriformes,9.3,318.21,22.11,1
Manucerthia mana,Fringillidae,Passeriformes,14.6,697.48,19.53,1
Mycerobas affinis,Fringillidae,Passeriformes,83,1011882.5,30.02,2
Mycerobas carnipes,Fringillidae,Passeriformes,58.84,3247977.86,34.69,1
Mycerobas icterioides,Fringillidae,Passeriformes,67,406197.58,32.86,1
Mycerobas melanozanthos,Fringillidae,Passeriformes,62,1431214.95,27.47,1
Oreomystis bairdi,Fringillidae,Passeriformes,14.24,85.6,22.1,1
Palmeria dolei,Fringillidae,Passeriformes,26.07,57.85,20.76,1
Paroreomyza maculata,Fringillidae,Passeriformes,11.3,NA,NA,1
Paroreomyza montana,Fringillidae,Passeriformes,13.12,255.12,20.74,1
Pinicola enucleator,Fringillidae,Passeriformes,56.4,18396768.3,58.66,2
Procarduelis nipalensis,Fringillidae,Passeriformes,22.1,713091.48,28.09,2
Pseudonestor xanthophrys,Fringillidae,Passeriformes,22.1,49.32,20.74,1
Psittirostra psittacea,Fringillidae,Passeriformes,28.62,NA,NA,2
Pyrrhoplectes epauletta,Fringillidae,Passeriformes,19,179167.72,27.27,1
Pyrrhula aurantiaca,Fringillidae,Passeriformes,19.33,115572.74,33.45,1
Pyrrhula erythaca,Fringillidae,Passeriformes,19,2188959.5,30.48,1
Pyrrhula erythrocephala,Fringillidae,Passeriformes,22.28,283133.57,29.13,1
Pyrrhula leucogenis,Fringillidae,Passeriformes,19,16930.87,13.68,1
Pyrrhula murina,Fringillidae,Passeriformes,30,144.43,37.79,1
Pyrrhula nipalensis,Fringillidae,Passeriformes,24.6,2202759.21,25.95,1
Pyrrhula pyrrhula,Fringillidae,Passeriformes,24.26,17864017.39,56.29,1
Pyrrhula waterstradti,Fringillidae,Passeriformes,24.6,11728,4.09,1
Rhodopechys alienus,Fringillidae,Passeriformes,38.14,35637.31,31.82,2
Rhodopechys sanguineus,Fringillidae,Passeriformes,38.14,1751280.31,38.56,2
Rhodospiza obsoleta,Fringillidae,Passeriformes,25.5,3475699.18,39.93,2
Rhynchostruthus louisae,Fringillidae,Passeriformes,28.32,23959.28,10.31,1
Rhynchostruthus percivali,Fringillidae,Passeriformes,28.32,83044.08,16.83,1
Rhynchostruthus socotranus,Fringillidae,Passeriformes,28.32,3622.4,12.51,1
Serinus alario,Fringillidae,Passeriformes,12.2,508153.43,-30.6,1
Serinus canaria,Fringillidae,Passeriformes,24.3,10522.09,30.98,1
Serinus canicollis,Fringillidae,Passeriformes,15.2,615500.68,-30.26,1
Serinus flavivertex,Fringillidae,Passeriformes,14,323625.7,0.8,1
Serinus nigriceps,Fringillidae,Passeriformes,15.37,114938.98,9.95,1
Serinus pusillus,Fringillidae,Passeriformes,11.54,1833803.31,37.3,2
Serinus serinus,Fringillidae,Passeriformes,11.2,4819417.99,45.07,2
Serinus syriacus,Fringillidae,Passeriformes,11.7,7402.84,32.81,2
Spinus atratus,Fringillidae,Passeriformes,16.04,839801.14,-21.8,1
Spinus atriceps,Fringillidae,Passeriformes,13.46,50051.08,15.76,1
Spinus barbatus,Fringillidae,Passeriformes,15.5,1234638.37,-43.24,1
Spinus crassirostris,Fringillidae,Passeriformes,19,373239.18,-22.33,1
Spinus cucullatus,Fringillidae,Passeriformes,9.8,3251,8.15,1
Spinus dominicensis,Fringillidae,Passeriformes,12.6,9702.06,18.69,1
Spinus lawrencei,Fringillidae,Passeriformes,10.94,139353.83,35.08,3
Spinus magellanicus,Fringillidae,Passeriformes,13.6,6077584.71,-21.61,1
Spinus notatus,Fringillidae,Passeriformes,10.9,488138.48,20.01,1
Spinus olivaceus,Fringillidae,Passeriformes,13.6,173162.69,-10.53,1
Spinus pinus,Fringillidae,Passeriformes,12.7,7806130.28,49.57,1
Spinus psaltria,Fringillidae,Passeriformes,8.77,3951950.33,30.17,1
Spinus siemiradzkii,Fringillidae,Passeriformes,13.6,18291.44,-2.86,1
Spinus spinescens,Fringillidae,Passeriformes,11.3,117953.77,5.25,1
Spinus spinus,Fringillidae,Passeriformes,13.24,8968022.11,55.86,1
Spinus thibetanus,Fringillidae,Passeriformes,10.48,596948.36,31.26,2
Spinus tristis,Fringillidae,Passeriformes,12.79,7802444.22,44.46,1
Spinus uropygialis,Fringillidae,Passeriformes,14,158669.39,-32.16,1
Spinus xanthogastrus,Fringillidae,Passeriformes,12.7,161327.43,-2.17,1
Spinus yarrellii,Fringillidae,Passeriformes,10.5,1440.75,-8.49,1
Telespiza cantans,Fringillidae,Passeriformes,33.28,3.41,25.77,1
Telespiza ultima,Fringillidae,Passeriformes,24.24,1.55,23.06,1
Acrobatornis fonsecai,Furnariidae,Passeriformes,13.7,3689.54,-15.42,1
Anabacerthia amaurotis,Furnariidae,Passeriformes,19.2,499233.47,-25.27,1
Anabacerthia lichtensteini,Furnariidae,Passeriformes,21,1589284.85,-21.76,1
Anabacerthia ruficaudata,Furnariidae,Passeriformes,30.1,4312236.42,-3.69,1
Anabacerthia striaticollis,Furnariidae,Passeriformes,24.8,335322.02,-1.55,1
Anabacerthia variegaticeps,Furnariidae,Passeriformes,27.8,215334.52,11.78,1
Anabazenops dorsalis,Furnariidae,Passeriformes,35.4,480171.5,-7.79,1
Anabazenops fuscus,Furnariidae,Passeriformes,38.5,372722.52,-20.55,1
Ancistrops strigilatus,Furnariidae,Passeriformes,35.9,2508167.13,-5.93,1
Anumbius annumbi,Furnariidae,Passeriformes,41.5,2928674.73,-28.89,1
Aphrastura masafucrae,Furnariidae,Passeriformes,12.2,10.84,-33.76,1
Aphrastura spinicauda,Furnariidae,Passeriformes,11.5,491332.8,-45.16,1
Asthenes anthoides,Furnariidae,Passeriformes,22.3,192482.47,-47.88,1
Asthenes arequipae,Furnariidae,Passeriformes,20,98013.95,-16.2,1
Asthenes ayacuchensis,Furnariidae,Passeriformes,20.2,10136.91,-12.61,1
Asthenes baeri,Furnariidae,Passeriformes,17.8,1726715.05,-31.67,1
Asthenes berlepschi,Furnariidae,Passeriformes,67,2103.93,-15.93,1
Asthenes coryi,Furnariidae,Passeriformes,16.8,9010.23,8.55,1
Asthenes dorbignyi,Furnariidae,Passeriformes,15.9,252131.25,-24.38,1
Asthenes flammulata,Furnariidae,Passeriformes,22.5,122945.37,-2.41,1
Asthenes fuliginosa,Furnariidae,Passeriformes,18.3,96182.51,-0.03,1
Asthenes griseomurina,Furnariidae,Passeriformes,17.6,18912.9,-4.1,1
Asthenes harterti,Furnariidae,Passeriformes,12.94,23849.1,-16.41,1
Asthenes helleri,Furnariidae,Passeriformes,15.3,43369.93,-13.38,1
Asthenes heterura,Furnariidae,Passeriformes,13.49,40109.56,-21.53,1
Asthenes huancavelicae,Furnariidae,Passeriformes,22.2,18080.9,-12.47,1
Asthenes hudsoni,Furnariidae,Passeriformes,19,803230.15,-35.79,1
Asthenes humilis,Furnariidae,Passeriformes,21,146012.52,-12.25,2
Asthenes luizae,Furnariidae,Passeriformes,28,14884.37,-17.96,1
Asthenes maculicauda,Furnariidae,Passeriformes,19,48997.23,-18.57,1
Asthenes modesta,Furnariidae,Passeriformes,16.8,2015310.78,-32.95,1
Asthenes moreirae,Furnariidae,Passeriformes,10.48,39562.85,-21.53,1
Asthenes ottonis,Furnariidae,Passeriformes,13,48172.58,-13.45,1
Asthenes palpebralis,Furnariidae,Passeriformes,16.97,11496.43,-11.54,1
Asthenes perijana,Furnariidae,Passeriformes,18.33,111.26,10.3,1
Asthenes pudibunda,Furnariidae,Passeriformes,14.86,89205.07,-13.52,1
Asthenes pyrrholeuca,Furnariidae,Passeriformes,13.2,1342673.81,-40.58,2
Asthenes urubambensis,Furnariidae,Passeriformes,16,63371.51,-13.35,1
Asthenes usheri,Furnariidae,Passeriformes,15.9,9259.42,-14.13,1
Asthenes vilcabambae,Furnariidae,Passeriformes,20.2,13148.35,-12.37,1
Asthenes virgata,Furnariidae,Passeriformes,22,46703.35,-12.61,1
Asthenes wyatti,Furnariidae,Passeriformes,15.2,467539.8,-16.8,1
Automolus infuscatus,Furnariidae,Passeriformes,32.9,4323531.2,-1.71,1
Automolus lammi,Furnariidae,Passeriformes,34.5,63962.64,-8.74,1
Automolus leucophthalmus,Furnariidae,Passeriformes,34.5,1800565.07,-22.39,1
Automolus melanopezus,Furnariidae,Passeriformes,31.4,670422.08,-7.54,1
Automolus ochrolaemus,Furnariidae,Passeriformes,40.2,6428902.26,-2.68,1
Automolus paraensis,Furnariidae,Passeriformes,36,1664456.09,-7.3,1
Automolus rufipileatus,Furnariidae,Passeriformes,34.8,4360535.3,-3.63,1
Automolus subulatus,Furnariidae,Passeriformes,28.8,3284717.79,-4.61,1
Automolus virgatus,Furnariidae,Passeriformes,28.8,202232.98,5.87,1
Berlepschia rikeri,Furnariidae,Passeriformes,37,5179268.8,-4.27,1
Campylorhamphus falcularius,Furnariidae,Passeriformes,42.6,876884.84,-23.57,1
Campylorhamphus multostriatus,Furnariidae,Passeriformes,33.5,310766.67,-6.06,1
Campylorhamphus probatus,Furnariidae,Passeriformes,33.5,959437.42,-7.16,1
Campylorhamphus procurvoides,Furnariidae,Passeriformes,33.5,2626180.12,-1,1
Campylorhamphus pusillus,Furnariidae,Passeriformes,40.5,177568.93,2.28,1
Campylorhamphus trochilirostris,Furnariidae,Passeriformes,40.8,7392722.43,-10.07,1
Certhiasomus stictolaemus,Furnariidae,Passeriformes,18.5,3212301.46,-3.88,1
Certhiaxis cinnamomeus,Furnariidae,Passeriformes,15.2,8364757.31,-12.34,1
Certhiaxis mustelinus,Furnariidae,Passeriformes,14.96,693874.13,-4.91,1
Cichlocolaptes holti,Furnariidae,Passeriformes,50,147158.74,-24.42,1
Cichlocolaptes leucophrus,Furnariidae,Passeriformes,50,148328.51,-19.34,1
Cinclodes albidiventris,Furnariidae,Passeriformes,30,100409.39,1.53,1
Cinclodes albiventris,Furnariidae,Passeriformes,30,859854.64,-17.11,1
Cinclodes antarcticus,Furnariidae,Passeriformes,63.2,12926.55,-51.74,2
Cinclodes aricomae,Furnariidae,Passeriformes,50,5542.67,-13.47,1
Cinclodes atacamensis,Furnariidae,Passeriformes,53,870994.25,-21.05,1
Cinclodes comechingonus,Furnariidae,Passeriformes,28.28,20501.31,-31.66,2
Cinclodes excelsior,Furnariidae,Passeriformes,63.96,37973.19,0.17,1
Cinclodes fuscus,Furnariidae,Passeriformes,30,1142837.42,-43.29,3
Cinclodes maculirostris,Furnariidae,Passeriformes,63.2,11030.13,-55.11,2
Cinclodes nigrofumosus,Furnariidae,Passeriformes,64.96,74685.21,-29.71,1
Cinclodes olrogi,Furnariidae,Passeriformes,28,14761.86,-32.05,1
Cinclodes oustaleti,Furnariidae,Passeriformes,30.5,734371.46,-40.66,1
Cinclodes pabsti,Furnariidae,Passeriformes,53,21292.38,-28.03,1
Cinclodes palliatus,Furnariidae,Passeriformes,103.87,3149.32,-11.52,1
Cinclodes patagonicus,Furnariidae,Passeriformes,30.7,661640.55,-44.2,3
Cinclodes taczanowskii,Furnariidae,Passeriformes,64.5,24111.68,-13.42,1
Clibanornis dendrocolaptoides,Furnariidae,Passeriformes,48.2,452976.71,-25.83,1
Clibanornis erythrocephalus,Furnariidae,Passeriformes,46.46,18640,-4.46,2
Clibanornis rectirostris,Furnariidae,Passeriformes,48,1421864.09,-18.45,1
Clibanornis rubiginosus,Furnariidae,Passeriformes,39.8,2137031.2,0.18,1
Clibanornis rufipectus,Furnariidae,Passeriformes,39.8,2307.45,10.92,1
Coryphistera alaudina,Furnariidae,Passeriformes,30,1447474.66,-29.27,1
Cranioleuca albicapilla,Furnariidae,Passeriformes,21.29,18638.25,-12.39,1
Cranioleuca albiceps,Furnariidae,Passeriformes,17.55,42265.84,-15.97,1
Cranioleuca antisiensis,Furnariidae,Passeriformes,16.87,106877.64,-7.26,1
Cranioleuca baroni,Furnariidae,Passeriformes,21.31,104903.68,-8.66,1
Cranioleuca berlepschi,Furnariidae,Passeriformes,25.2,2584.21,-6.18,1
Cranioleuca curtata,Furnariidae,Passeriformes,17.5,173903.21,-7.09,1
Cranioleuca demissa,Furnariidae,Passeriformes,15.2,77222.43,5.46,1
Cranioleuca dissita,Furnariidae,Passeriformes,15.7,500.49,7.47,1
Cranioleuca erythrops,Furnariidae,Passeriformes,16.9,76469.87,4.76,1
Cranioleuca hellmayri,Furnariidae,Passeriformes,14.96,6775.39,10.71,1
Cranioleuca henricae,Furnariidae,Passeriformes,14.9,1384.33,-16.4,1
Cranioleuca marcapatae,Furnariidae,Passeriformes,19.8,15353.77,-13.15,1
Cranioleuca muelleri,Furnariidae,Passeriformes,14.49,73902.84,-1.39,1
Cranioleuca obsoleta,Furnariidae,Passeriformes,13.4,653975.04,-26.95,1
Cranioleuca pallida,Furnariidae,Passeriformes,11.5,694100.17,-19.69,1
Cranioleuca pyrrhophia,Furnariidae,Passeriformes,14.9,2026269.35,-29.71,1
Cranioleuca semicinerea,Furnariidae,Passeriformes,15,987554.48,-10.38,1
Cranioleuca subcristata,Furnariidae,Passeriformes,14.7,182930.19,9.11,1
Cranioleuca sulphurifera,Furnariidae,Passeriformes,13.5,711047.93,-34.34,1
Cranioleuca vulpecula,Furnariidae,Passeriformes,18.89,340457.78,-4.96,1
Cranioleuca vulpina,Furnariidae,Passeriformes,15.7,5731362.69,-8.9,1
Cranioleuca weskei,Furnariidae,Passeriformes,19.8,17296.37,-12.82,1
Deconychura longicauda,Furnariidae,Passeriformes,23.8,1094105.42,1.73,1
Deconychura pallida,Furnariidae,Passeriformes,23.8,3936305.95,-5.92,1
Deconychura typica,Furnariidae,Passeriformes,23.8,113169.35,8.46,1
Dendrexetastes rufigula,Furnariidae,Passeriformes,69.6,3670234,-5.51,1
Dendrocincla anabatina,Furnariidae,Passeriformes,34.21,378885,16.57,1
Dendrocincla fuliginosa,Furnariidae,Passeriformes,38.7,8483632.64,-3.3,1
Dendrocincla homochroa,Furnariidae,Passeriformes,39.43,492694.51,15.06,1
Dendrocincla merula,Furnariidae,Passeriformes,49.99,5359264.18,-2.96,1
Dendrocincla turdina,Furnariidae,Passeriformes,39,1193430.6,-22.57,1
Dendrocincla tyrannina,Furnariidae,Passeriformes,54.9,307936.87,-2.03,1
Dendrocolaptes certhia,Furnariidae,Passeriformes,68.7,6659679.41,-4.01,1
Dendrocolaptes hoffmannsi,Furnariidae,Passeriformes,83,862883.58,-8.57,1
Dendrocolaptes picumnus,Furnariidae,Passeriformes,76.6,5749616.39,-4.18,1
Dendrocolaptes platyrostris,Furnariidae,Passeriformes,61.7,3885238.34,-17.33,1
Dendrocolaptes punctipectus,Furnariidae,Passeriformes,66.9,211584.38,8.6,1
Dendrocolaptes sanctithomae,Furnariidae,Passeriformes,66.9,591394.87,13.55,1
Dendroplex kienerii,Furnariidae,Passeriformes,45,237821.16,-4.18,1
Dendroplex picus,Furnariidae,Passeriformes,41.34,9856567.73,-4.68,1
Drymornis bridgesii,Furnariidae,Passeriformes,92.62,1433240.56,-29.58,1
Drymotoxeres pucheranii,Furnariidae,Passeriformes,70.5,141869.45,-5.55,1
Furnarius cinnamomeus,Furnariidae,Passeriformes,41.21,170281,-3.68,1
Furnarius cristatus,Furnariidae,Passeriformes,25.5,679538.36,-26.55,1
Furnarius figulus,Furnariidae,Passeriformes,28,1971356.28,-10.71,1
Furnarius leucopus,Furnariidae,Passeriformes,54.8,4783071.89,-9.74,1
Furnarius longirostris,Furnariidae,Passeriformes,49,269335.86,9.46,1
Furnarius minor,Furnariidae,Passeriformes,25.82,319149.09,-3.58,1
Furnarius rufus,Furnariidae,Passeriformes,46.42,6181562.76,-22.97,1
Furnarius torridus,Furnariidae,Passeriformes,52.3,87570.32,-4.37,1
Geocerthia serrana,Furnariidae,Passeriformes,48.7,92999.64,-9.58,1
Geositta antarctica,Furnariidae,Passeriformes,36.87,107683.56,-51.36,1
Geositta crassirostris,Furnariidae,Passeriformes,55.8,51583.5,-14.07,1
Geositta cunicularia,Furnariidae,Passeriformes,28.5,2912290.54,-35.37,1
Geositta isabellina,Furnariidae,Passeriformes,42.7,63743.16,-31.64,2
Geositta maritima,Furnariidae,Passeriformes,16.49,158400.3,-18.84,2
Geositta peruviana,Furnariidae,Passeriformes,20.8,54662.98,-9.5,1
Geositta poeciloptera,Furnariidae,Passeriformes,17.97,1456963.68,-17.68,1
Geositta punensis,Furnariidae,Passeriformes,25.8,382860.93,-22.11,1
Geositta rufipennis,Furnariidae,Passeriformes,32.37,757788,-30.51,1
Geositta saxicolina,Furnariidae,Passeriformes,32.93,44751.85,-12.24,1
Geositta tenuirostris,Furnariidae,Passeriformes,32.2,622360.29,-16.71,1
Glyphorynchus spirurus,Furnariidae,Passeriformes,14.6,7368285.07,-2.41,1
Heliobletus contaminatus,Furnariidae,Passeriformes,14,815159.11,-25.33,1
Hellmayrea gularis,Furnariidae,Passeriformes,12.4,170416.44,-0.87,1
Hylexetastes perrotii,Furnariidae,Passeriformes,103.07,2932778.36,-4.41,1
Hylexetastes stresemanni,Furnariidae,Passeriformes,111,1449365.23,-5.94,1
Lepidocolaptes affinis,Furnariidae,Passeriformes,34.99,238243.15,16.77,1
Lepidocolaptes albolineatus,Furnariidae,Passeriformes,20.3,1239516.13,2.13,1
Lepidocolaptes angustirostris,Furnariidae,Passeriformes,29.59,6576318.88,-18.89,1
Lepidocolaptes duidae,Furnariidae,Passeriformes,20.3,1334211.33,0.53,1
Lepidocolaptes falcinellus,Furnariidae,Passeriformes,27.92,497665.62,-27.04,1
Lepidocolaptes fatimalimae,Furnariidae,Passeriformes,20.3,1674375.34,-9.06,1
Lepidocolaptes fuscicapillus,Furnariidae,Passeriformes,20.3,2168538.72,-8.25,1
Lepidocolaptes lacrymiger,Furnariidae,Passeriformes,30.6,360596.48,-2.59,1
Lepidocolaptes leucogaster,Furnariidae,Passeriformes,36,291440.84,22.2,1
Lepidocolaptes neglectus,Furnariidae,Passeriformes,34.99,11939.36,9.54,1
Lepidocolaptes souleyetii,Furnariidae,Passeriformes,25.7,1484080.31,9.31,1
Lepidocolaptes squamatus,Furnariidae,Passeriformes,28.1,745438.76,-18.63,1
Leptasthenura aegithaloides,Furnariidae,Passeriformes,10.72,250972.15,-31.08,1
Leptasthenura andicola,Furnariidae,Passeriformes,15.49,256098.23,-6.58,1
Leptasthenura berlepschi,Furnariidae,Passeriformes,10.72,380165.78,-20.94,1
Leptasthenura fuliginiceps,Furnariidae,Passeriformes,12.6,369467.91,-24.44,1
Leptasthenura pallida,Furnariidae,Passeriformes,10.72,1174114.91,-41.68,1
Leptasthenura pileata,Furnariidae,Passeriformes,10.3,93356.54,-10.97,1
Leptasthenura platensis,Furnariidae,Passeriformes,10.6,2007502.95,-32.74,1
Leptasthenura setaria,Furnariidae,Passeriformes,11,394948.9,-25.85,1
Leptasthenura striata,Furnariidae,Passeriformes,8.94,188336.2,-14.34,1
Leptasthenura striolata,Furnariidae,Passeriformes,10.5,208971.09,-26.41,1
Leptasthenura xenothorax,Furnariidae,Passeriformes,10.5,2492.07,-13.21,1
Limnoctites rectirostris,Furnariidae,Passeriformes,18.5,179597.01,-33.06,1
Limnornis curvirostris,Furnariidae,Passeriformes,28.6,217435.32,-33.55,1
Lochmias nematura,Furnariidae,Passeriformes,22,2648897.91,-20.52,1
Margarornis bellulus,Furnariidae,Passeriformes,18.5,194.36,8.13,1
Margarornis rubiginosus,Furnariidae,Passeriformes,17.8,5601.93,9.5,1
Margarornis squamiger,Furnariidae,Passeriformes,17.3,469622.44,-3.19,1
Margarornis stellatus,Furnariidae,Passeriformes,21.49,21929.05,3.06,1
Mazaria propinqua,Furnariidae,Passeriformes,19.89,531677.41,-4.85,1
Megaxenops parnaguae,Furnariidae,Passeriformes,25,658330.63,-11.25,1
Metopothrix aurantiaca,Furnariidae,Passeriformes,11.2,1453065.41,-6.62,1
Microxenops milleri,Furnariidae,Passeriformes,12.2,3558978.04,-3.01,1
Nasica longirostris,Furnariidae,Passeriformes,92,5406855.93,-5.39,1
Ochetorhynchus andaecola,Furnariidae,Passeriformes,30.85,398226.84,-20.92,1
Ochetorhynchus melanurus,Furnariidae,Passeriformes,40,39429.48,-32.43,1
Ochetorhynchus phoenicurus,Furnariidae,Passeriformes,30.16,525155.51,-43.85,1
Ochetorhynchus ruficaudus,Furnariidae,Passeriformes,36.3,1066359.63,-29.64,1
Phacellodomus dorsalis,Furnariidae,Passeriformes,35.87,1824.8,-7.64,1
Phacellodomus erythrophthalmus,Furnariidae,Passeriformes,24.5,394570.11,-19,1
Phacellodomus ferrugineigula,Furnariidae,Passeriformes,24.5,586137.08,-25.74,1
Phacellodomus inornatus,Furnariidae,Passeriformes,24,378209.09,8.24,1
Phacellodomus maculipectus,Furnariidae,Passeriformes,21.9,119584.53,-24.51,1
Phacellodomus ruber,Furnariidae,Passeriformes,41,2766219.77,-17.97,1
Phacellodomus rufifrons,Furnariidae,Passeriformes,24.6,2793273.52,-15.67,1
Phacellodomus sibilatrix,Furnariidae,Passeriformes,15.5,1150059.83,-27.34,1
Phacellodomus striaticeps,Furnariidae,Passeriformes,29.1,304772.68,-20.04,1
Phacellodomus striaticollis,Furnariidae,Passeriformes,25.7,651178.34,-31.5,1
Philydor atricapillus,Furnariidae,Passeriformes,22.2,1129776.92,-22.21,1
Philydor erythrocercum,Furnariidae,Passeriformes,25.27,5418434.13,-5.59,1
Philydor erythropterum,Furnariidae,Passeriformes,30,3018856.23,-6.3,1
Philydor fuscipenne,Furnariidae,Passeriformes,26.45,111453.84,6.66,1
Philydor pyrrhodes,Furnariidae,Passeriformes,30.5,5868049.15,-3.15,1
Philydor rufum,Furnariidae,Passeriformes,25,2187683.25,-18.59,1
Phleocryptes melanops,Furnariidae,Passeriformes,14.6,3522776.03,-33.46,1
Premnoplex brunnescens,Furnariidae,Passeriformes,16.3,406258.31,-2.85,1
Premnoplex pariae,Furnariidae,Passeriformes,16.3,230.8,10.68,1
Premnoplex tatei,Furnariidae,Passeriformes,16.3,1474.18,10.19,1
Premnornis guttuliger,Furnariidae,Passeriformes,15.9,289937.61,-1.63,1
Pseudasthenes cactorum,Furnariidae,Passeriformes,17.43,64992.8,-14.2,1
Pseudasthenes humicola,Furnariidae,Passeriformes,20.83,118680.46,-31.65,1
Pseudasthenes patagonica,Furnariidae,Passeriformes,16.4,585684,-41.05,1
Pseudasthenes steinbachi,Furnariidae,Passeriformes,19.5,273597.84,-30.65,1
Pseudocolaptes boissonneauii,Furnariidae,Passeriformes,43.9,395920.18,-3.16,1
Pseudocolaptes johnsoni,Furnariidae,Passeriformes,51,7073.98,2.73,1
Pseudocolaptes lawrencii,Furnariidae,Passeriformes,51,6603.07,9.36,1
Pseudoseisura cristata,Furnariidae,Passeriformes,53.6,909279.08,-11.27,1
Pseudoseisura gutturalis,Furnariidae,Passeriformes,70.4,779615.04,-39.57,1
Pseudoseisura lophotes,Furnariidae,Passeriformes,72.2,1313911,-29.79,1
Pseudoseisura unirufa,Furnariidae,Passeriformes,44.9,435035.55,-17.02,1
Pygarrhichas albogularis,Furnariidae,Passeriformes,24,470695.91,-45.2,1
Roraimia adusta,Furnariidae,Passeriformes,16.24,71553.86,5.12,1
Schoeniophylax phryganophilus,Furnariidae,Passeriformes,18.6,2565832.93,-23.86,1
Sclerurus albigularis,Furnariidae,Passeriformes,34.8,522646.45,-6.68,1
Sclerurus caudacutus,Furnariidae,Passeriformes,36.23,5508699.65,-2.91,1
Sclerurus cearensis,Furnariidae,Passeriformes,31,635484.22,-7.03,1
Sclerurus guatemalensis,Furnariidae,Passeriformes,34.7,417195.64,11.85,1
Sclerurus mexicanus,Furnariidae,Passeriformes,25.1,6362030.4,-3.51,1
Sclerurus rufigularis,Furnariidae,Passeriformes,21.6,5320850.73,-2.44,1
Sclerurus scansor,Furnariidae,Passeriformes,36.9,2117654.84,-21.08,1
Siptornis striaticollis,Furnariidae,Passeriformes,13,20659.13,-1.74,1
Sittasomus griseicapillus,Furnariidae,Passeriformes,13.12,10911731.74,-11.01,1
Sittasomus griseus,Furnariidae,Passeriformes,13.12,1192176.73,12.21,1
Spartonoica maluroides,Furnariidae,Passeriformes,11,1267559.91,-34.81,1
Sylviorthorhynchus desmurii,Furnariidae,Passeriformes,10.9,386264.46,-43.94,1
Sylviorthorhynchus yanacensis,Furnariidae,Passeriformes,8.8,74255.09,-18.54,1
Synallaxis albescens,Furnariidae,Passeriformes,11.2,9891841.77,-12.31,1
Synallaxis albigularis,Furnariidae,Passeriformes,15.4,1133087.18,-5.43,1
Synallaxis albilora,Furnariidae,Passeriformes,14.86,218221.06,-18.2,1
Synallaxis azarae,Furnariidae,Passeriformes,16.9,477890.57,-8.99,1
Synallaxis beverlyae,Furnariidae,Passeriformes,12.75,57.6,8.42,1
Synallaxis brachyura,Furnariidae,Passeriformes,18.3,403853.13,6.71,1
Synallaxis cabanisi,Furnariidae,Passeriformes,22.7,189613.73,-12.95,1
Synallaxis candei,Furnariidae,Passeriformes,15.3,156033.91,10.35,1
Synallaxis castanea,Furnariidae,Passeriformes,15,2024.49,10.41,1
Synallaxis cherriei,Furnariidae,Passeriformes,16,608624.03,-8.63,1
Synallaxis chinchipensis,Furnariidae,Passeriformes,10.2,15896.25,-6.22,1
Synallaxis cinerascens,Furnariidae,Passeriformes,13.1,1223916.17,-25.51,1
Synallaxis cinerea,Furnariidae,Passeriformes,16.2,24736.24,-14.11,1
Synallaxis cinnamomea,Furnariidae,Passeriformes,18.37,85347.41,7.87,1
Synallaxis courseni,Furnariidae,Passeriformes,16.8,184.95,-13.7,1
Synallaxis erythrothorax,Furnariidae,Passeriformes,17.1,355771.38,17.91,1
Synallaxis frontalis,Furnariidae,Passeriformes,14,5745641.87,-18.55,1
Synallaxis fuscorufa,Furnariidae,Passeriformes,15.96,5052.52,10.85,1
Synallaxis gujanensis,Furnariidae,Passeriformes,18.1,4462466.66,-5.63,1
Synallaxis hellmayri,Furnariidae,Passeriformes,25.49,24914.84,-9.44,1
Synallaxis hypochondriaca,Furnariidae,Passeriformes,24.45,7553.51,-7.57,1
Synallaxis hypospodia,Furnariidae,Passeriformes,16.9,3530294.96,-12.76,1
Synallaxis infuscata,Furnariidae,Passeriformes,18.2,752.18,-8.49,1
Synallaxis kollari,Furnariidae,Passeriformes,16,4101.24,3.48,1
Synallaxis macconnelli,Furnariidae,Passeriformes,19.5,247511.89,4.04,1
Synallaxis maranonica,Furnariidae,Passeriformes,13,4053.01,-5.39,1
Synallaxis moesta,Furnariidae,Passeriformes,22.36,205793,-1.2,1
Synallaxis ruficapilla,Furnariidae,Passeriformes,13.8,1174516.01,-23.4,1
Synallaxis rutilans,Furnariidae,Passeriformes,16.7,5856806.86,-3.71,1
Synallaxis scutata,Furnariidae,Passeriformes,15.4,3789577.7,-13.37,1
Synallaxis simoni,Furnariidae,Passeriformes,18.1,20682.52,-10.78,1
Synallaxis spixi,Furnariidae,Passeriformes,12.6,1343787.35,-26.97,1
Synallaxis stictothorax,Furnariidae,Passeriformes,10.2,49674.42,-4.83,1
Synallaxis subpudica,Furnariidae,Passeriformes,18.3,15176.74,5.2,1
Synallaxis tithys,Furnariidae,Passeriformes,15.8,6119.23,-3.58,1
Synallaxis unirufa,Furnariidae,Passeriformes,17.9,210448.02,-1.44,1
Synallaxis zimmeri,Furnariidae,Passeriformes,12.96,521.85,-9.76,1
Syndactyla dimidiata,Furnariidae,Passeriformes,29.4,1723823.38,-18.09,1
Syndactyla guttulata,Furnariidae,Passeriformes,36,12401.49,10.25,1
Syndactyla roraimae,Furnariidae,Passeriformes,27.54,99093.77,4.84,1
Syndactyla ruficollis,Furnariidae,Passeriformes,31,17898.96,-4.74,1
Syndactyla rufosuperciliata,Furnariidae,Passeriformes,25.6,1726834,-25.95,1
Syndactyla striata,Furnariidae,Passeriformes,41.6,81400.96,-15.56,1
Syndactyla subalaris,Furnariidae,Passeriformes,28.9,258113.59,0.79,1
Syndactyla ucayalae,Furnariidae,Passeriformes,49.8,286032.7,-10.69,1
Tarphonomus certhioides,Furnariidae,Passeriformes,22.09,1267589.78,-28.55,1
Tarphonomus harterti,Furnariidae,Passeriformes,23.93,70447.43,-18.71,1
Thripadectes flammulatus,Furnariidae,Passeriformes,55.89,57126.72,1.64,1
Thripadectes holostictus,Furnariidae,Passeriformes,40.7,214735.94,-7.6,1
Thripadectes ignobilis,Furnariidae,Passeriformes,47.2,41009.22,1.97,1
Thripadectes melanorhynchus,Furnariidae,Passeriformes,44.3,121002.94,-6.01,1
Thripadectes rufobrunneus,Furnariidae,Passeriformes,56.2,17593.39,9.48,1
Thripadectes scrutator,Furnariidae,Passeriformes,66.29,116443.32,-10.87,1
Thripadectes virgaticeps,Furnariidae,Passeriformes,65.8,62554.86,4.54,1
Thripophaga amacurensis,Furnariidae,Passeriformes,27.7,811.09,8.53,1
Thripophaga cherriei,Furnariidae,Passeriformes,12.8,9.87,4.7,1
Thripophaga fusciceps,Furnariidae,Passeriformes,23,514581.94,-8.65,1
Thripophaga gutturata,Furnariidae,Passeriformes,14.9,4168734.04,-4.92,1
Thripophaga macroura,Furnariidae,Passeriformes,27.7,5966.24,-16.48,1
Upucerthia albigula,Furnariidae,Passeriformes,39.9,48222.85,-16.72,1
Upucerthia dumetaria,Furnariidae,Passeriformes,48.68,1947260.61,-35.87,1
Upucerthia saturatior,Furnariidae,Passeriformes,48.68,121803.39,-39.35,1
Upucerthia validirostris,Furnariidae,Passeriformes,33.6,731195.97,-20.19,1
Xenerpestes minlosi,Furnariidae,Passeriformes,11,108320.34,6.95,1
Xenerpestes singularis,Furnariidae,Passeriformes,11.6,30318.97,-3.49,1
Xenops genibarbis,Furnariidae,Passeriformes,10.6,8775191.63,-1.95,1
Xenops minutus,Furnariidae,Passeriformes,10.6,945529.29,-21.46,1
Xenops rutilus,Furnariidae,Passeriformes,11.2,6929954.15,-13.23,1
Xenops tenuirostris,Furnariidae,Passeriformes,9.7,3583718.57,-4.21,1
Xiphocolaptes albicollis,Furnariidae,Passeriformes,118,2097683.15,-21.89,1
Xiphocolaptes falcirostris,Furnariidae,Passeriformes,110,145006.39,-10.86,1
Xiphocolaptes major,Furnariidae,Passeriformes,156,1461863.85,-22.21,1
Xiphocolaptes promeropirhynchus,Furnariidae,Passeriformes,93.04,4853651.84,-3.3,1
Xiphorhynchus aequatorialis,Furnariidae,Passeriformes,46.8,225296.05,4.73,1
Xiphorhynchus atlanticus,Furnariidae,Passeriformes,21.8,326684.31,-6.9,1
Xiphorhynchus beauperthuysii,Furnariidae,Passeriformes,36.66,1059414.66,-0.85,1
Xiphorhynchus chunchotambo,Furnariidae,Passeriformes,36.66,1012541.37,-9.35,1
Xiphorhynchus elegans,Furnariidae,Passeriformes,34.5,2952108.42,-6.73,1
Xiphorhynchus erythropygius,Furnariidae,Passeriformes,46.8,175302.58,15.67,1
Xiphorhynchus flavigaster,Furnariidae,Passeriformes,46.19,767413.14,18.03,1
Xiphorhynchus fuscus,Furnariidae,Passeriformes,21.8,1948346.79,-19.5,1
Xiphorhynchus guttatoides,Furnariidae,Passeriformes,59.69,6325263.97,-7.83,1
Xiphorhynchus guttatus,Furnariidae,Passeriformes,59.69,2005419.73,-0.07,1
Xiphorhynchus lachrymosus,Furnariidae,Passeriformes,56.4,271654.21,7.18,1
Xiphorhynchus obsoletus,Furnariidae,Passeriformes,32.6,6665026.21,-3.7,1
Xiphorhynchus ocellatus,Furnariidae,Passeriformes,36.66,1260065.92,-6.24,1
Xiphorhynchus pardalotus,Furnariidae,Passeriformes,34.57,1710329.56,2.6,1
Xiphorhynchus spixii,Furnariidae,Passeriformes,31.2,993444.47,-5.58,1
Xiphorhynchus susurrans,Furnariidae,Passeriformes,46.72,640926.31,9.59,1
Xiphorhynchus triangularis,Furnariidae,Passeriformes,46.3,286355.73,-2.58,1
Grallaria albigula,Grallariidae,Passeriformes,95,45655.48,-18.53,1
Grallaria alleni,Grallariidae,Passeriformes,70.5,8886.61,1.07,1
Grallaria alticola,Grallariidae,Passeriformes,65.7,37045.88,5.36,1
Grallaria andicolus,Grallariidae,Passeriformes,56.28,41026.37,-11.17,1
Grallaria atuensis,Grallariidae,Passeriformes,65.7,5926.74,-7.28,1
Grallaria bangsi,Grallariidae,Passeriformes,62,5052.52,10.85,1
Grallaria blakei,Grallariidae,Passeriformes,42.26,17886.62,-7.65,1
Grallaria capitalis,Grallariidae,Passeriformes,73.7,12133.27,-10.31,1
Grallaria carrikeri,Grallariidae,Passeriformes,109.1,29971.08,-7.18,1
Grallaria chthonia,Grallariidae,Passeriformes,94.2,496.18,7.63,1
Grallaria dignissima,Grallariidae,Passeriformes,110,386285.83,-2.35,1
Grallaria eludens,Grallariidae,Passeriformes,115,383522.84,-8.13,1
Grallaria erythroleuca,Grallariidae,Passeriformes,80,32694.03,-12.61,1
Grallaria erythrotis,Grallariidae,Passeriformes,57,39088.66,-16.22,1
Grallaria excelsa,Grallariidae,Passeriformes,240.8,8417.28,8.97,1
Grallaria fenwickorum,Grallariidae,Passeriformes,55.8,760.06,6.54,1
Grallaria flavotincta,Grallariidae,Passeriformes,63,22776.33,3.34,1
Grallaria gigantea,Grallariidae,Passeriformes,236,13446.51,-0.16,1
Grallaria griseonucha,Grallariidae,Passeriformes,44.8,8253.14,8.51,1
Grallaria guatimalensis,Grallariidae,Passeriformes,94.2,1176165.53,5.39,1
Grallaria haplonota,Grallariidae,Passeriformes,85,87992.13,0.52,1
Grallaria hypoleuca,Grallariidae,Passeriformes,73.7,62353.38,0.55,1
Grallaria kaestneri,Grallariidae,Passeriformes,47.5,444.3,4.46,1
Grallaria milleri,Grallariidae,Passeriformes,52.5,12355.13,4.67,1
Grallaria nuchalis,Grallariidae,Passeriformes,117,63486.16,1.18,1
Grallaria przewalskii,Grallariidae,Passeriformes,65.2,26356.12,-6.94,1
Grallaria quitensis,Grallariidae,Passeriformes,65.7,74340.84,0.02,1
Grallaria ridgelyi,Grallariidae,Passeriformes,179.5,120.44,-4.48,1
Grallaria ruficapilla,Grallariidae,Passeriformes,82.67,239637.78,2.11,1
Grallaria rufocinerea,Grallariidae,Passeriformes,44.8,9572.87,3.21,1
Grallaria rufula,Grallariidae,Passeriformes,35.7,236386.27,-4.15,1
Grallaria saltuensis,Grallariidae,Passeriformes,35.7,2865.4,10.3,1
Grallaria squamigera,Grallariidae,Passeriformes,136,269461.89,-5.07,1
Grallaria varia,Grallariidae,Passeriformes,119,3247752.05,-8.82,1
Grallaria watkinsi,Grallariidae,Passeriformes,69.79,16613.44,-3.36,1
Grallaricula cucullata,Grallariidae,Passeriformes,19.3,15456.86,4.24,1
Grallaricula cumanensis,Grallariidae,Passeriformes,19.8,3476.12,10.25,1
Grallaricula ferrugineipectus,Grallariidae,Passeriformes,17.2,70002.38,8.34,1
Grallaricula flavirostris,Grallariidae,Passeriformes,17.7,208413.71,-7.15,1
Grallaricula leymebambae,Grallariidae,Passeriformes,17.2,70838.84,-10.81,1
Grallaricula lineifrons,Grallariidae,Passeriformes,21.1,14344.41,0.88,1
Grallaricula loricata,Grallariidae,Passeriformes,20.7,11269.04,10.33,1
Grallaricula nana,Grallariidae,Passeriformes,19.8,267727.74,3.33,1
Grallaricula ochraceifrons,Grallariidae,Passeriformes,23.14,1217.58,-5.59,1
Grallaricula peruviana,Grallariidae,Passeriformes,18.8,23119.76,-3,1
Hylopezus auricularis,Grallariidae,Passeriformes,40.42,185.14,-11.03,1
Hylopezus berlepschi,Grallariidae,Passeriformes,48,1422657.01,-9.76,1
Hylopezus dives,Grallariidae,Passeriformes,44,179845.91,9.25,1
Hylopezus fulviventris,Grallariidae,Passeriformes,41,252414.72,-2.36,1
Hylopezus macularius,Grallariidae,Passeriformes,44.2,3139148.52,-2.34,1
Hylopezus nattereri,Grallariidae,Passeriformes,32,493987,-26.38,1
Hylopezus ochroleucus,Grallariidae,Passeriformes,28,545906.82,-10.23,1
Hylopezus perspicillatus,Grallariidae,Passeriformes,43,279909.57,8.41,1
Myrmothera campanisona,Grallariidae,Passeriformes,47,4560838.35,-2.56,1
Myrmothera simplex,Grallariidae,Passeriformes,52.4,113218.8,5.13,1
Alopochelidon fucata,Hirundinidae,Passeriformes,13.96,4295655,-23.48,3
Atronanus fuliginosus,Hirundinidae,Passeriformes,9.8,306900.32,2.81,2
Atticora fasciata,Hirundinidae,Passeriformes,13,6512985.46,-3.68,1
Atticora pileata,Hirundinidae,Passeriformes,12.2,75275.04,15.43,2
Atticora tibialis,Hirundinidae,Passeriformes,10.6,4182240.09,-4.64,1
Cecropis abyssinica,Hirundinidae,Passeriformes,13.46,13676430.32,-3.14,1
Cecropis cucullata,Hirundinidae,Passeriformes,27.1,1981804.12,-26.31,3
Cecropis daurica,Hirundinidae,Passeriformes,22.2,18735899.27,29.46,3
Cecropis hyperythra,Hirundinidae,Passeriformes,22.2,65837.4,7.62,3
Cecropis semirufa,Hirundinidae,Passeriformes,30.1,8911972.36,-3.97,1
Cecropis senegalensis,Hirundinidae,Passeriformes,45.35,12912848.81,-0.25,1
Cheramoeca leucosterna,Hirundinidae,Passeriformes,14.1,5215727.85,-27.41,1
Delichon dasypus,Hirundinidae,Passeriformes,18,3760523.9,35.62,3
Delichon lagopodum,Hirundinidae,Passeriformes,14.5,10437051.14,59.19,3
Delichon nipalense,Hirundinidae,Passeriformes,14.96,543149.36,25.74,3
Delichon urbicum,Hirundinidae,Passeriformes,14.5,16377219.72,51.81,3
Eurochelidon sirintarae,Hirundinidae,Passeriformes,26,0.98,15.24,3
Hirundo aethiopica,Hirundinidae,Passeriformes,13.3,4764528.41,9.55,1
Hirundo albigularis,Hirundinidae,Passeriformes,21.8,1644980.82,-26.54,3
Hirundo angolensis,Hirundinidae,Passeriformes,17.8,1666808.13,-5.44,1
Hirundo atrocaerulea,Hirundinidae,Passeriformes,13.8,140763.6,-17.87,3
Hirundo dimidiata,Hirundinidae,Passeriformes,12.1,3681173.15,-17.41,1
Hirundo javanica,Hirundinidae,Passeriformes,17.8,3415869.86,0.68,2
Hirundo leucosoma,Hirundinidae,Passeriformes,17.6,1390558.12,9.83,1
Hirundo lucida,Hirundinidae,Passeriformes,12.96,2258983.81,10.2,1
Hirundo megaensis,Hirundinidae,Passeriformes,11,14837.09,4.33,1
Hirundo neoxena,Hirundinidae,Passeriformes,14.7,4216129,-30.61,3
Hirundo nigrita,Hirundinidae,Passeriformes,18.3,4040980.58,-0.47,1
Hirundo nigrorufa,Hirundinidae,Passeriformes,14.2,581101.75,-10.97,2
Hirundo rustica,Hirundinidae,Passeriformes,17.91,51701054.06,47.56,3
Hirundo smithii,Hirundinidae,Passeriformes,12.4,15137552.43,6.49,2
Hirundo tahitica,Hirundinidae,Passeriformes,17.8,1208.55,-17.66,2
Neophedina cincta,Hirundinidae,Passeriformes,23.42,5525100.68,-13.37,2
Orochelidon andecola,Hirundinidae,Passeriformes,17,506072.71,-16.82,1
Orochelidon flavipes,Hirundinidae,Passeriformes,9.8,127853.29,-6.3,2
Orochelidon murina,Hirundinidae,Passeriformes,11.7,425662.43,-6.5,2
Petrochelidon ariel,Hirundinidae,Passeriformes,10.84,5369308.61,-25.34,2
Petrochelidon fluvicola,Hirundinidae,Passeriformes,9.7,2395920.38,24.62,2
Petrochelidon fulva,Hirundinidae,Passeriformes,18.95,988239.6,25.71,2
Petrochelidon nigricans,Hirundinidae,Passeriformes,15.4,6475549.92,-26.41,2
Petrochelidon perdita,Hirundinidae,Passeriformes,20.6,NA,NA,NA
Petrochelidon preussi,Hirundinidae,Passeriformes,13.3,2226117.98,9.57,2
Petrochelidon pyrrhonota,Hirundinidae,Passeriformes,21.6,11994340.08,46.7,3
Petrochelidon rufigula,Hirundinidae,Passeriformes,15.9,1298041.09,-9.52,2
Petrochelidon rufocollaris,Hirundinidae,Passeriformes,15.87,109832.36,-5.17,2
Petrochelidon spilodera,Hirundinidae,Passeriformes,20.6,625273.57,-27.96,3
Phedina borbonica,Hirundinidae,Passeriformes,22.18,595253.95,-19.4,2
Phedinopsis brazzae,Hirundinidae,Passeriformes,13,403109.29,-5.72,1
Progne chalybea,Hirundinidae,Passeriformes,50,15629572.14,-9.09,1
Progne cryptoleuca,Hirundinidae,Passeriformes,46,109839.23,21.62,1
Progne dominicensis,Hirundinidae,Passeriformes,39.6,102598.2,18.51,3
Progne elegans,Hirundinidae,Passeriformes,50.6,1269835.22,-34.59,3
Progne modesta,Hirundinidae,Passeriformes,41.4,7771.35,-0.57,1
Progne murphyi,Hirundinidae,Passeriformes,41.37,134136.1,-11.06,1
Progne sinaloae,Hirundinidae,Passeriformes,42.6,197014.51,24.11,1
Progne subis,Hirundinidae,Passeriformes,53.79,5698973.38,39.33,1
Progne tapera,Hirundinidae,Passeriformes,32,8235521.18,-15.64,1
Psalidoprocne albiceps,Hirundinidae,Passeriformes,11.13,1147033.42,-3.96,3
Psalidoprocne fuliginosa,Hirundinidae,Passeriformes,12.2,3496.28,3.84,2
Psalidoprocne nitens,Hirundinidae,Passeriformes,9.8,2890566.4,2.28,2
Psalidoprocne obscura,Hirundinidae,Passeriformes,9.4,1468905.41,8.39,2
Psalidoprocne pristoptera,Hirundinidae,Passeriformes,10.3,8277210.72,-4.31,2
Pseudhirundo griseopyga,Hirundinidae,Passeriformes,10.19,5583454.87,-6.89,2
Pseudochelidon eurystomina,Hirundinidae,Passeriformes,26,113181.07,0.1,3
Ptyonoprogne concolor,Hirundinidae,Passeriformes,12.96,2727893.22,20.87,2
Ptyonoprogne fuligula,Hirundinidae,Passeriformes,21.1,2657867.37,-25.05,2
Ptyonoprogne obsoleta,Hirundinidae,Passeriformes,10.2,7338605.45,23.44,2
Ptyonoprogne rufigula,Hirundinidae,Passeriformes,21.1,5385774.6,-1.76,2
Ptyonoprogne rupestris,Hirundinidae,Passeriformes,20.4,10906260.69,37.85,2
Pygochelidon cyanoleuca,Hirundinidae,Passeriformes,9.7,10370376.43,-21.2,2
Pygochelidon melanoleuca,Hirundinidae,Passeriformes,10.8,2130687.81,-2.62,1
Riparia chinensis,Hirundinidae,Passeriformes,9.8,3775629.49,24.08,2
Riparia congica,Hirundinidae,Passeriformes,16.5,128223.28,-1.75,2
Riparia cowani,Hirundinidae,Passeriformes,13.5,203583.47,-19.66,2
Riparia diluta,Hirundinidae,Passeriformes,15.2,9873409.46,43.84,3
Riparia paludicola,Hirundinidae,Passeriformes,13.5,7018694.27,-10.26,2
Riparia riparia,Hirundinidae,Passeriformes,12.68,36583654.61,54.72,3
Stelgidopteryx ridgwayi,Hirundinidae,Passeriformes,15.69,289780.9,18.15,3
Stelgidopteryx ruficollis,Hirundinidae,Passeriformes,16.1,13831495.26,-8.9,1
Stelgidopteryx serripennis,Hirundinidae,Passeriformes,15.69,9837317.43,39.57,3
Tachycineta albilinea,Hirundinidae,Passeriformes,16.7,755005.82,16.26,1
Tachycineta albiventer,Hirundinidae,Passeriformes,17.7,11742614.01,-7.55,1
Tachycineta bicolor,Hirundinidae,Passeriformes,21.2,11720977.55,52.15,3
Tachycineta cyaneoviridis,Hirundinidae,Passeriformes,17.5,8103.75,25.15,1
Tachycineta euchrysea,Hirundinidae,Passeriformes,17,8014.22,18.68,1
Tachycineta leucorrhoa,Hirundinidae,Passeriformes,15.3,5024319.97,-23.17,3
Tachycineta meyeni,Hirundinidae,Passeriformes,14.9,1011295.55,-44.05,3
Tachycineta stolzmanni,Hirundinidae,Passeriformes,11.3,43489.16,-5.39,1
Tachycineta thalassina,Hirundinidae,Passeriformes,14.14,6104146.62,46.28,3
Hyliota australis,Hyliotidae,Passeriformes,11.2,1342986.67,-14.33,1
Hyliota flavigaster,Hyliotidae,Passeriformes,12.5,4822595.38,-1.21,1
Hyliota usambara,Hyliotidae,Passeriformes,11.2,412.8,-5.02,1
Hyliota violacea,Hyliotidae,Passeriformes,15.8,1001100.98,2.05,1
Hylocitrea bonensis,Hylocitreidae,Passeriformes,27.5,29444.56,-1.92,1
Hylocitrea bonthaina,Hylocitreidae,Passeriformes,27.5,540.84,-5.24,1
Hypocolius ampelinus,Hypocoliidae,Passeriformes,53.3,658469.06,30.76,2
Agelaioides badius,Icteridae,Passeriformes,45.25,3734880.19,-27.76,1
Agelaioides fringillarius,Icteridae,Passeriformes,45.25,1017510.61,-9.61,1
Agelaius assimilis,Icteridae,Passeriformes,47.68,4077.17,22.22,2
Agelaius humeralis,Icteridae,Passeriformes,36.29,110595.49,21.56,1
Agelaius phoeniceus,Icteridae,Passeriformes,50.78,13703226.95,44.62,3
Agelaius tricolor,Icteridae,Passeriformes,57.92,113509.64,36.78,2
Agelaius xanthomus,Icteridae,Passeriformes,38.4,261.5,18.03,1
Agelasticus cyanopus,Icteridae,Passeriformes,37.21,2871356.08,-19.99,1
Agelasticus thilius,Icteridae,Passeriformes,31.5,2226093.79,-33.99,1
Agelasticus xanthophthalmus,Icteridae,Passeriformes,45.1,9690.53,-11.93,1
Amblycercus holosericeus,Icteridae,Passeriformes,70.42,1152587.02,9.78,1
Amblyramphus holosericeus,Icteridae,Passeriformes,56.76,1580707.22,-26.61,1
Anumara forbesi,Icteridae,Passeriformes,65.9,112.34,-10.6,1
Cacicus cela,Icteridae,Passeriformes,85.45,8569297.31,-4.5,1
Cacicus chrysonotus,Icteridae,Passeriformes,79.5,91081.04,-13.99,1
Cacicus chrysopterus,Icteridae,Passeriformes,36.16,1634780.2,-25.88,1
Cacicus flavicrissus,Icteridae,Passeriformes,85.45,293412.67,6.63,1
Cacicus haemorrhous,Icteridae,Passeriformes,83.71,8042084.84,-8.6,1
Cacicus koepckeae,Icteridae,Passeriformes,48,45403.99,-11.15,1
Cacicus latirostris,Icteridae,Passeriformes,96.09,418793.31,-4.85,1
Cacicus leucoramphus,Icteridae,Passeriformes,98,163604.94,0.66,1
Cacicus microrhynchus,Icteridae,Passeriformes,80,132764.09,11.54,1
Cacicus oseryi,Icteridae,Passeriformes,137.7,630368.42,-6.18,1
Cacicus pacificus,Icteridae,Passeriformes,61.17,145633.46,4.11,1
Cacicus sclateri,Icteridae,Passeriformes,49,293827.2,-1.96,1
Cacicus solitarius,Icteridae,Passeriformes,79.76,8791817.69,-11.97,1
Cacicus uropygialis,Icteridae,Passeriformes,61.17,137670.6,-1.55,1
Cassiculus melanicterus,Icteridae,Passeriformes,81.34,231633.39,20.34,1
Chrysomus icterocephalus,Icteridae,Passeriformes,30.68,1581439.98,4.36,2
Chrysomus ruficapillus,Icteridae,Passeriformes,32,5791576.38,-20.18,3
Curaeus curaeus,Icteridae,Passeriformes,83.7,620973.23,-44.58,2
Dives dives,Icteridae,Passeriformes,91.32,592160.8,16.89,1
Dives warczewiczi,Icteridae,Passeriformes,73.29,238870.26,-6.04,1
Dolichonyx oryzivorus,Icteridae,Passeriformes,31.46,3883605.76,45.77,3
Euphagus carolinus,Icteridae,Passeriformes,59.57,7275943.03,57.69,3
Euphagus cyanocephalus,Icteridae,Passeriformes,62.48,5280448.27,46.92,2
Gnorimopsar chopi,Icteridae,Passeriformes,65.9,5930564.57,-18.35,1
Gymnomystax mexicanus,Icteridae,Passeriformes,98,1563861.27,1.5,1
Hypopyrrhus pyrohypogaster,Icteridae,Passeriformes,101,3871.8,4.77,1
Icteria virens,Icteridae,Passeriformes,24.89,6188045.96,38.56,1
Icterus abeillei,Icteridae,Passeriformes,33,337004.33,21.57,2
Icterus auratus,Icteridae,Passeriformes,32.1,115652.93,19.93,1
Icterus auricapillus,Icteridae,Passeriformes,32.2,405614.96,8.49,1
Icterus bonana,Icteridae,Passeriformes,29,1126.59,14.65,1
Icterus bullockiorum,Icteridae,Passeriformes,37.9,3649427.51,38.26,3
Icterus cayanensis,Icteridae,Passeriformes,35.44,4104473.13,-6.13,1
Icterus chrysater,Icteridae,Passeriformes,53.4,777224.61,10.74,1
Icterus chrysocephalus,Icteridae,Passeriformes,35.44,2598702.32,1.5,1
Icterus croconotus,Icteridae,Passeriformes,44.5,3433213.88,-10.91,1
Icterus cucullatus,Icteridae,Passeriformes,24.3,1181319.94,29.84,2
Icterus dominicensis,Icteridae,Passeriformes,35.74,75136.96,18.91,1
Icterus fuertesi,Icteridae,Passeriformes,19,26586.03,19.64,3
Icterus galbula,Icteridae,Passeriformes,32.83,4604558.64,43.69,3
Icterus graceannae,Icteridae,Passeriformes,41.5,77582.36,-4.71,1
Icterus graduacauda,Icteridae,Passeriformes,42.2,347160.28,23,1
Icterus gularis,Icteridae,Passeriformes,55.16,559678.92,19.14,1
Icterus icterus,Icteridae,Passeriformes,60.88,432348.96,9,1
Icterus jamacaii,Icteridae,Passeriformes,62.9,2653360.73,-11.94,1
Icterus laudabilis,Icteridae,Passeriformes,36.9,617.37,13.89,1
Icterus leucopteryx,Icteridae,Passeriformes,36.9,11049.76,18.14,1
Icterus maculialatus,Icteridae,Passeriformes,37.4,87262.55,15.37,1
Icterus melanopsis,Icteridae,Passeriformes,35.74,109692.98,21.62,1
Icterus mesomelas,Icteridae,Passeriformes,39.9,995703.98,11.07,1
Icterus nigrogularis,Icteridae,Passeriformes,40.2,1368029.34,6.93,1
Icterus northropi,Icteridae,Passeriformes,40,5270.32,24.49,1
Icterus oberi,Icteridae,Passeriformes,35.78,13.19,16.74,1
Icterus parisorum,Icteridae,Passeriformes,36.48,1741688.63,29.85,2
Icterus pectoralis,Icteridae,Passeriformes,46.5,195480.27,14.37,1
Icterus portoricensis,Icteridae,Passeriformes,35.74,8774.41,18.23,1
Icterus prosthemelas,Icteridae,Passeriformes,27.95,440232.43,16.74,1
Icterus pustulatus,Icteridae,Passeriformes,36.78,553521.84,19.77,1
Icterus pyrrhopterus,Icteridae,Passeriformes,33.3,6583729.3,-18.57,1
Icterus spurius,Icteridae,Passeriformes,19.44,4790205.22,36.74,3
Icterus wagleri,Icteridae,Passeriformes,41.8,690465.83,20.69,1
Lampropsar tanagrinus,Icteridae,Passeriformes,57.3,2416259.17,-6.3,1
Leistes bellicosus,Icteridae,Passeriformes,58,351063.41,-9.01,2
Leistes defilippii,Icteridae,Passeriformes,48.01,12021.74,-36.97,2
Leistes loyca,Icteridae,Passeriformes,113,1439470.59,-39.91,2
Leistes militaris,Icteridae,Passeriformes,48.01,3688152.76,0.12,2
Leistes superciliaris,Icteridae,Passeriformes,45.32,6509718.22,-21.29,2
Macroagelaius imthurni,Icteridae,Passeriformes,77.77,58909.68,5.2,1
Macroagelaius subalaris,Icteridae,Passeriformes,62,1271.1,6.44,1
Molothrus aeneus,Icteridae,Passeriformes,62.61,2518193.73,23.63,1
Molothrus armenti,Icteridae,Passeriformes,40.8,4138.72,10.75,1
Molothrus ater,Icteridae,Passeriformes,40.26,11727469.53,43,3
Molothrus bonariensis,Icteridae,Passeriformes,41.49,13210499.69,-10.72,1
Molothrus oryzivorus,Icteridae,Passeriformes,181.85,10872496.45,-5.71,1
Molothrus rufoaxillaris,Icteridae,Passeriformes,47.5,4719929.58,-25.13,1
Nesopsar nigerrimus,Icteridae,Passeriformes,39,1727.91,18.16,2
Oreopsar bolivianus,Icteridae,Passeriformes,72.92,77402.17,-18.65,1
Psarocolius angustifrons,Icteridae,Passeriformes,271.5,2224154.87,-4.71,1
Psarocolius atrovirens,Icteridae,Passeriformes,152,139269.14,-14.43,1
Psarocolius bifasciatus,Icteridae,Passeriformes,335.7,146693.3,-2.44,1
Psarocolius cassini,Icteridae,Passeriformes,383.86,5505.28,7.03,1
Psarocolius decumanus,Icteridae,Passeriformes,206.3,10475235.8,-7.1,1
Psarocolius guatimozinus,Icteridae,Passeriformes,405.31,107561.07,7.41,1
Psarocolius montezuma,Icteridae,Passeriformes,309.87,497553.81,16.2,1
Psarocolius oleagineus,Icteridae,Passeriformes,271.5,6842.67,10.44,1
Psarocolius viridis,Icteridae,Passeriformes,286.95,5050471.2,-1.31,1
Psarocolius wagleri,Icteridae,Passeriformes,155.5,481772.49,11.12,2
Psarocolius yuracares,Icteridae,Passeriformes,335.7,4426817.44,-6.04,1
Pseudoleistes guirahuro,Icteridae,Passeriformes,86.42,2138341.08,-23.88,2
Pseudoleistes virescens,Icteridae,Passeriformes,79.93,899008.3,-33.97,2
Ptiloxena atroviolacea,Icteridae,Passeriformes,83.6,106633.35,21.61,1
Quiscalus lugubris,Icteridae,Passeriformes,63.03,916403.68,7.24,1
Quiscalus major,Icteridae,Passeriformes,151.21,202767.11,30.85,1
Quiscalus mexicanus,Icteridae,Passeriformes,160.47,5121812.21,29.28,1
Quiscalus nicaraguensis,Icteridae,Passeriformes,63.36,7099.2,11.61,1
Quiscalus niger,Icteridae,Passeriformes,72.19,207006.01,20.32,1
Quiscalus quiscula,Icteridae,Passeriformes,105.18,8216640.27,44.95,2
Sturnella magna,Icteridae,Passeriformes,91.76,7031582.36,30.39,2
Sturnella neglecta,Icteridae,Passeriformes,100.06,6719237.68,42.66,2
Xanthocephalus xanthocephalus,Icteridae,Passeriformes,62.68,4756494.14,46.37,2
Xanthopsar flavus,Icteridae,Passeriformes,43,284991.46,-29.02,1
Ifrita kowaldi,Ifritidae,Passeriformes,32.1,91932.48,-5.87,1
Irena cyanogastra,Irenidae,Passeriformes,80.29,229101.27,11.97,1
Irena puella,Irenidae,Passeriformes,64.9,3709810.22,11.14,1
Irena tweeddalii,Irenidae,Passeriformes,64.9,13152.44,9.93,1
Chaetorhynchus papuensis,Lamproliidae,Passeriformes,37.22,305618.38,-5.16,1
Eutrichomyias rowleyi,Lamproliidae,Passeriformes,19,14.9,3.52,1
Lamprolia klinesmithi,Lamproliidae,Passeriformes,14.65,215.55,-16.61,1
Lamprolia victoriae,Lamproliidae,Passeriformes,14.65,442.23,-16.85,1
Corvinella corvina,Laniidae,Passeriformes,65.4,3469655.34,10.49,1
Eurocephalus anguitimens,Laniidae,Passeriformes,69.04,1521047.71,-20.71,1
Eurocephalus ruppelli,Laniidae,Passeriformes,50.6,1835004.73,3.01,1
Lanius borealis,Laniidae,Passeriformes,63.41,11997297.51,60.4,3
Lanius bucephalus,Laniidae,Passeriformes,39.42,1714597.84,40.1,3
Lanius cabanisi,Laniidae,Passeriformes,73.84,548346.11,-3.37,1
Lanius collaris,Laniidae,Passeriformes,36.44,7220481.63,-12.15,1
Lanius collurio,Laniidae,Passeriformes,28.44,10799323.67,52.82,3
Lanius collurioides,Laniidae,Passeriformes,26,1600656.54,21.75,2
Lanius cristatus,Laniidae,Passeriformes,32.18,14145065.02,55.16,3
Lanius dorsalis,Laniidae,Passeriformes,49.9,1312304.95,1.99,1
Lanius excubitor,Laniidae,Passeriformes,63.41,23487697.84,40.81,3
Lanius excubitoroides,Laniidae,Passeriformes,53.72,2533065.5,8.68,1
Lanius giganteus,Laniidae,Passeriformes,92.1,730105.17,33.3,2
Lanius gubernator,Laniidae,Passeriformes,23.5,427904.64,7.1,1
Lanius isabellinus,Laniidae,Passeriformes,25.2,4814814.43,43.37,3
Lanius ludovicianus,Laniidae,Passeriformes,51.59,8852504.29,38.03,3
Lanius mackinnoni,Laniidae,Passeriformes,34.28,1193617.21,-0.64,1
Lanius meridionalis,Laniidae,Passeriformes,60.43,557659.42,40.37,2
Lanius minor,Laniidae,Passeriformes,46.49,8409985.28,47.12,3
Lanius newtoni,Laniidae,Passeriformes,22.4,150.77,0.2,1
Lanius nubicus,Laniidae,Passeriformes,19.7,352571.91,36.99,3
Lanius phoenicuroides,Laniidae,Passeriformes,28,3943033.57,40.84,3
Lanius schach,Laniidae,Passeriformes,51.51,11170512.1,23.44,2
Lanius senator,Laniidae,Passeriformes,35.97,2577480.33,38.9,3
Lanius somalicus,Laniidae,Passeriformes,45.3,858092.07,7.19,1
Lanius souzae,Laniidae,Passeriformes,26.3,1679903.36,-11.12,1
Lanius sphenocercus,Laniidae,Passeriformes,92.1,1889472.71,44.15,2
Lanius tephronotus,Laniidae,Passeriformes,46.35,1356194.63,31.55,3
Lanius tigrinus,Laniidae,Passeriformes,30.14,2874862.37,36.94,3
Lanius validirostris,Laniidae,Passeriformes,37.5,18662.93,14.02,1
Lanius vittatus,Laniidae,Passeriformes,20.8,4168923.16,26.02,2
Urolestes melanoleucus,Laniidae,Passeriformes,82.2,1707357.86,-18.62,1
Acanthoptila nipalensis,Leiotrichidae,Passeriformes,61,28765.27,28.38,1
Actinodura egertoni,Leiotrichidae,Passeriformes,36,262348.96,26.14,1
Actinodura radcliffei,Leiotrichidae,Passeriformes,38.4,481944.63,21.79,2
Actinodura ramsayi,Leiotrichidae,Passeriformes,38.4,58116.07,19.23,2
Actinodura sodangorum,Leiotrichidae,Passeriformes,38.4,10456.81,15.47,1
Alcippe brunneicauda,Leiotrichidae,Passeriformes,14.3,764716.7,1.4,1
Alcippe grotei,Leiotrichidae,Passeriformes,14.3,231045.61,14.78,1
Alcippe morrisonia,Leiotrichidae,Passeriformes,15.26,3103870.07,25.8,2
Alcippe nipalensis,Leiotrichidae,Passeriformes,15.8,350859.19,26.01,1
Alcippe peracensis,Leiotrichidae,Passeriformes,14.3,148125.11,11.06,1
Alcippe poioicephala,Leiotrichidae,Passeriformes,20.7,2023970.47,20.28,1
Alcippe pyrrhoptera,Leiotrichidae,Passeriformes,16.3,24849.19,-7.04,1
Argya altirostris,Leiotrichidae,Passeriformes,33,149200.16,32.88,1
Argya aylmeri,Leiotrichidae,Passeriformes,35.3,1055408.06,1.03,1
Argya caudata,Leiotrichidae,Passeriformes,39.15,3191144.09,25.34,1
Argya earlei,Leiotrichidae,Passeriformes,47,1024770.23,26.8,1
Argya fulva,Leiotrichidae,Passeriformes,61.39,3666952.83,21.53,1
Argya malcolmi,Leiotrichidae,Passeriformes,75.7,1922153.02,22.02,1
Argya rubiginosa,Leiotrichidae,Passeriformes,40.6,1410146.95,2.49,1
Argya squamiceps,Leiotrichidae,Passeriformes,72.88,1273158.32,22.08,1
Argya subrufa,Leiotrichidae,Passeriformes,66.67,178058.68,13.08,1
Chatarrhaea gularis,Leiotrichidae,Passeriformes,45.5,216441.28,20.51,1
Chatarrhaea longirostris,Leiotrichidae,Passeriformes,35,28660.3,26.26,1
Chrysominla strigula,Leiotrichidae,Passeriformes,19.2,814874.37,25.22,1
Cutia legalleni,Leiotrichidae,Passeriformes,47.15,28408.48,14.22,1
Cutia nipalensis,Leiotrichidae,Passeriformes,47.15,848554.47,23.81,1
Garrulax albogularis,Leiotrichidae,Passeriformes,97.55,923133.24,29.74,1
Garrulax annamensis,Leiotrichidae,Passeriformes,78.8,8040.52,11.93,1
Garrulax berthemyi,Leiotrichidae,Passeriformes,71.97,745865.96,27.84,1
Garrulax bicolor,Leiotrichidae,Passeriformes,123.44,67096.21,0.9,1
Garrulax bieti,Leiotrichidae,Passeriformes,78.64,28399.81,27.66,1
Garrulax caerulatus,Leiotrichidae,Passeriformes,85.67,218224.58,27.31,1
Garrulax calvus,Leiotrichidae,Passeriformes,78.64,25342.44,4.15,1
Garrulax canorus,Leiotrichidae,Passeriformes,62.78,1868020.76,27.21,1
Garrulax castanotis,Leiotrichidae,Passeriformes,97.5,113031.18,18.78,1
Garrulax chinensis,Leiotrichidae,Passeriformes,88.5,1442839.95,19.95,1
Garrulax cineraceus,Leiotrichidae,Passeriformes,48.95,130518.02,25.17,1
Garrulax cinereiceps,Leiotrichidae,Passeriformes,48.95,2095027.15,28.52,1
Garrulax cinereifrons,Leiotrichidae,Passeriformes,70,15711.51,6.76,1
Garrulax courtoisi,Leiotrichidae,Passeriformes,56,322.15,29.19,1
Garrulax davidi,Leiotrichidae,Passeriformes,56.2,1085948.48,38.66,1
Garrulax delesserti,Leiotrichidae,Passeriformes,78,125058.65,12.2,1
Garrulax ferrarius,Leiotrichidae,Passeriformes,131.5,1251.47,11.97,1
Garrulax galbanus,Leiotrichidae,Passeriformes,56,53198.76,24.28,1
Garrulax gularis,Leiotrichidae,Passeriformes,92,307618.65,25.24,1
Garrulax konkakinhensis,Leiotrichidae,Passeriformes,76.7,13616.33,15.34,1
Garrulax koslowi,Leiotrichidae,Passeriformes,112.5,44443.22,31.66,1
Garrulax lanceolatus,Leiotrichidae,Passeriformes,80.5,1946091.1,27.74,1
Garrulax leucolophus,Leiotrichidae,Passeriformes,123.44,1715209.64,20.08,1
Garrulax lugubris,Leiotrichidae,Passeriformes,78.64,41578.04,2.86,1
Garrulax lunulatus,Leiotrichidae,Passeriformes,82,214199.97,31.46,1
Garrulax maesi,Leiotrichidae,Passeriformes,112.5,725718.27,25.73,1
Garrulax maximus,Leiotrichidae,Passeriformes,120.5,530133.34,31.3,1
Garrulax merulinus,Leiotrichidae,Passeriformes,78.8,498651.88,23.45,1
Garrulax milleti,Leiotrichidae,Passeriformes,112.5,24188.02,14.07,1
Garrulax mitratus,Leiotrichidae,Passeriformes,62,137038.7,1.17,1
Garrulax monachus,Leiotrichidae,Passeriformes,88.5,18443.53,18.89,1
Garrulax monileger,Leiotrichidae,Passeriformes,83.7,2496742.03,21.73,1
Garrulax nuchalis,Leiotrichidae,Passeriformes,78,60702.13,26.4,1
Garrulax ocellatus,Leiotrichidae,Passeriformes,114,1005117.2,29.86,1
Garrulax palliatus,Leiotrichidae,Passeriformes,70,129082.81,2.46,1
Garrulax pectoralis,Leiotrichidae,Passeriformes,145.12,2170571.37,25.36,1
Garrulax perspicillatus,Leiotrichidae,Passeriformes,117.84,1367037.22,27.75,1
Garrulax poecilorhynchus,Leiotrichidae,Passeriformes,71.97,17759.37,23.96,1
Garrulax ruficeps,Leiotrichidae,Passeriformes,97.55,10390.2,23.8,1
Garrulax ruficollis,Leiotrichidae,Passeriformes,66.18,296349.2,25.7,1
Garrulax rufifrons,Leiotrichidae,Passeriformes,101.5,4771.68,-7.06,1
Garrulax rufogularis,Leiotrichidae,Passeriformes,62.8,260288.24,28.63,1
Garrulax sannio,Leiotrichidae,Passeriformes,67.79,2031254.05,26.54,1
Garrulax strepitans,Leiotrichidae,Passeriformes,131.5,247234.99,18.98,1
Garrulax sukatschewi,Leiotrichidae,Passeriformes,67.79,28519.28,33.62,1
Garrulax taewanus,Leiotrichidae,Passeriformes,62.78,23890.52,23.8,1
Garrulax treacheri,Leiotrichidae,Passeriformes,63.3,297004.88,2.22,1
Garrulax vassali,Leiotrichidae,Passeriformes,88.5,51169.67,14.15,1
Garrulax waddelli,Leiotrichidae,Passeriformes,46,59928.98,29.29,1
Garrulax woodi,Leiotrichidae,Passeriformes,80.5,29209.59,22.64,1
Grammatoptila striata,Leiotrichidae,Passeriformes,92,317905.88,28.36,1
Heterophasia auricularis,Leiotrichidae,Passeriformes,41.78,10366.18,23.78,1
Heterophasia capistrata,Leiotrichidae,Passeriformes,39.4,257460.17,29.41,1
Heterophasia desgodinsi,Leiotrichidae,Passeriformes,31,759032.04,24.78,1
Heterophasia gracilis,Leiotrichidae,Passeriformes,37.78,166618.91,25.39,1
Heterophasia melanoleuca,Leiotrichidae,Passeriformes,32.6,177773.39,20.25,1
Heterophasia picaoides,Leiotrichidae,Passeriformes,42.4,1517923.86,17.99,1
Heterophasia pulchella,Leiotrichidae,Passeriformes,40.55,179332.12,26.95,1
Kupeornis chapini,Leiotrichidae,Passeriformes,50,43946.99,-0.97,1
Kupeornis gilberti,Leiotrichidae,Passeriformes,64,1661.42,5.27,1
Kupeornis rufocinctus,Leiotrichidae,Passeriformes,47,41401.32,-2.14,1
Laniellus albonotatus,Leiotrichidae,Passeriformes,45,2839.06,-7.07,1
Laniellus langbianis,Leiotrichidae,Passeriformes,45,1727.56,12.04,1
Leioptila annectens,Leiotrichidae,Passeriformes,24.5,693171.68,22.58,1
Leiothrix argentauris,Leiotrichidae,Passeriformes,28.4,1292489.32,22.64,1
Leiothrix laurinae,Leiotrichidae,Passeriformes,28.4,57548,-1.24,1
Leiothrix lutea,Leiotrichidae,Passeriformes,21.39,2885282.76,28.75,1
Liocichla bugunorum,Leiotrichidae,Passeriformes,40,2.75,27.11,1
Liocichla omeiensis,Leiotrichidae,Passeriformes,40.4,8458.5,28.73,2
Liocichla phoenicea,Leiotrichidae,Passeriformes,49,415025.55,26.27,1
Liocichla ripponi,Leiotrichidae,Passeriformes,49,385946.87,21.87,1
Liocichla steerii,Leiotrichidae,Passeriformes,31.38,14429.69,23.84,1
Minla ignotincta,Leiotrichidae,Passeriformes,14.3,1168696.97,26.14,1
Montecincla cachinnans,Leiotrichidae,Passeriformes,40.3,879.17,11.31,1
Montecincla fairbanki,Leiotrichidae,Passeriformes,45.5,989.68,10.02,1
Montecincla jerdoni,Leiotrichidae,Passeriformes,43.8,193.56,11.6,1
Montecincla meridionalis,Leiotrichidae,Passeriformes,40.3,163.39,8.52,1
Phyllanthus atripennis,Leiotrichidae,Passeriformes,85.57,230594.3,8.4,1
Phyllanthus bohndorffi,Leiotrichidae,Passeriformes,85.57,321816.2,2.11,1
Phyllanthus rubiginosus,Leiotrichidae,Passeriformes,85.57,216585.32,6.62,1
Sibia morrisoniana,Leiotrichidae,Passeriformes,23.97,11919.31,23.8,1
Sibia nipalensis,Leiotrichidae,Passeriformes,43.87,108962.95,28.03,1
Sibia souliei,Leiotrichidae,Passeriformes,39.34,161149.52,26.02,2
Sibia waldeni,Leiotrichidae,Passeriformes,46.73,344520.78,25.78,2
Siva cyanouroptera,Leiotrichidae,Passeriformes,17,2841737.41,23.25,1
Trochalopteron affine,Leiotrichidae,Passeriformes,72.66,740183.99,27.77,1
Trochalopteron austeni,Leiotrichidae,Passeriformes,59,52814.57,24.28,1
Trochalopteron chrysopterum,Leiotrichidae,Passeriformes,71.7,156166.46,25.09,1
Trochalopteron elliotii,Leiotrichidae,Passeriformes,45,1030829.66,33.04,1
Trochalopteron erythrocephalum,Leiotrichidae,Passeriformes,71.7,334402.42,28.77,1
Trochalopteron formosum,Leiotrichidae,Passeriformes,94.5,136654,28.13,1
Trochalopteron henrici,Leiotrichidae,Passeriformes,65,128966.08,29.45,1
Trochalopteron imbricatum,Leiotrichidae,Passeriformes,40.7,27992.14,27.34,1
Trochalopteron lineatum,Leiotrichidae,Passeriformes,40.7,395193.54,33.11,1
Trochalopteron melanostigma,Leiotrichidae,Passeriformes,71.7,477430.65,20.04,1
Trochalopteron milnei,Leiotrichidae,Passeriformes,79.5,1489338.52,23.86,1
Trochalopteron morrisonianum,Leiotrichidae,Passeriformes,73.1,13167.81,23.82,1
Trochalopteron ngoclinhense,Leiotrichidae,Passeriformes,76.7,154.32,14.94,1
Trochalopteron peninsulae,Leiotrichidae,Passeriformes,71.7,14838.97,4.74,1
Trochalopteron squamatum,Leiotrichidae,Passeriformes,83.99,639106.38,24.91,1
Trochalopteron subunicolor,Leiotrichidae,Passeriformes,65.93,340826.36,25.84,1
Trochalopteron variegatum,Leiotrichidae,Passeriformes,64.5,281662.13,32.13,1
Trochalopteron virgatum,Leiotrichidae,Passeriformes,48,112099.79,24.13,1
Trochalopteron yersini,Leiotrichidae,Passeriformes,78.64,719.17,12.13,1
Turdoides affinis,Leiotrichidae,Passeriformes,63.3,745811.26,14.1,1
Turdoides bicolor,Leiotrichidae,Passeriformes,78.3,1101560.2,-22.05,1
Turdoides gymnogenys,Leiotrichidae,Passeriformes,77,411624.93,-17.74,1
Turdoides hartlaubii,Leiotrichidae,Passeriformes,86.2,1716629.63,-13.38,1
Turdoides hindei,Leiotrichidae,Passeriformes,67.6,13807.07,-0.71,1
Turdoides hypoleuca,Leiotrichidae,Passeriformes,74,89042.46,-2.83,1
Turdoides jardineii,Leiotrichidae,Passeriformes,78.2,5822352.5,-12.49,1
Turdoides leucocephala,Leiotrichidae,Passeriformes,63.28,265511.5,13.94,1
Turdoides leucopygia,Leiotrichidae,Passeriformes,82.4,693637.92,9.68,1
Turdoides melanops,Leiotrichidae,Passeriformes,77,224027.26,-18.12,1
Turdoides plebejus,Leiotrichidae,Passeriformes,62.5,5173060.81,9.34,1
Turdoides reinwardtii,Leiotrichidae,Passeriformes,78.8,2152069.64,9.77,1
Turdoides rufescens,Leiotrichidae,Passeriformes,64.5,12170.71,6.64,1
Turdoides sharpei,Leiotrichidae,Passeriformes,79.3,532508.01,-2.08,1
Turdoides somervillei,Leiotrichidae,Passeriformes,65.99,31390.31,17.87,1
Turdoides squamulata,Leiotrichidae,Passeriformes,69.37,64347.57,1.3,1
Turdoides striata,Leiotrichidae,Passeriformes,65.99,3100329.03,22.95,1
Turdoides tenebrosa,Leiotrichidae,Passeriformes,76,294743.09,4.45,1
Amphilais seebohmi,Locustellidae,Passeriformes,12.3,290843.73,-18.92,1
Bradypterus alfredi,Locustellidae,Passeriformes,17.5,91453.25,-3.12,1
Bradypterus baboecala,Locustellidae,Passeriformes,12.85,3037930.36,-17.31,1
Bradypterus bangwaensis,Locustellidae,Passeriformes,21,6930.35,6.19,1
Bradypterus barratti,Locustellidae,Passeriformes,18.8,227225.24,-28.28,2
Bradypterus brunneus,Locustellidae,Passeriformes,14.2,52379.86,-18.02,1
Bradypterus carpalis,Locustellidae,Passeriformes,22.37,116124.15,-3.28,1
Bradypterus centralis,Locustellidae,Passeriformes,12.85,413305.84,1.18,1
Bradypterus cinnamomeus,Locustellidae,Passeriformes,17.39,513979.16,-0.05,1
Bradypterus grandis,Locustellidae,Passeriformes,18.5,12448.47,-0.94,1
Bradypterus graueri,Locustellidae,Passeriformes,16.99,15367.1,-1.61,1
Bradypterus lopezi,Locustellidae,Passeriformes,19.15,424179.16,-8.45,1
Bradypterus sylvaticus,Locustellidae,Passeriformes,21,8825.28,-33.43,1
Buettikoferella bivittata,Locustellidae,Passeriformes,30,25788.08,-9.23,1
Chaetornis striata,Locustellidae,Passeriformes,31.5,653941.16,26.04,2
Cincloramphus cruralis,Locustellidae,Passeriformes,49.22,5817166.56,-27.87,3
Cincloramphus macrurus,Locustellidae,Passeriformes,21.55,738647.28,-5.01,1
Cincloramphus mathewsi,Locustellidae,Passeriformes,29.34,2030401.43,-30.05,3
Cincloramphus timoriensis,Locustellidae,Passeriformes,21.55,2127266.89,-15.46,1
Elaphrornis palliseri,Locustellidae,Passeriformes,9,3806.14,7,1
Locustella accentor,Locustellidae,Passeriformes,19,488.6,5.89,1
Locustella alishanensis,Locustellidae,Passeriformes,10,12632.48,23.76,1
Locustella amnicola,Locustellidae,Passeriformes,26.1,159311.77,46.92,3
Locustella castanea,Locustellidae,Passeriformes,19,35721.93,-2.05,2
Locustella caudata,Locustellidae,Passeriformes,22.9,24616.94,12.78,2
Locustella certhiola,Locustellidae,Passeriformes,14.4,12473259.06,53.41,3
Locustella chengi,Locustellidae,Passeriformes,10,314467.34,30.41,2
Locustella davidi,Locustellidae,Passeriformes,10,1190161.8,49.15,3
Locustella fasciolata,Locustellidae,Passeriformes,27.14,3559627.54,53.4,3
Locustella fluviatilis,Locustellidae,Passeriformes,16.1,5232960.16,54.47,3
Locustella kashmirensis,Locustellidae,Passeriformes,10.8,27089.74,30.94,1
Locustella lanceolata,Locustellidae,Passeriformes,10.6,10065240.33,57.51,3
Locustella luscinioides,Locustellidae,Passeriformes,13.89,4698320.69,47.96,3
Locustella luteoventris,Locustellidae,Passeriformes,13.2,1644977.71,24.82,2
Locustella major,Locustellidae,Passeriformes,13.3,72981.07,35.68,2
Locustella mandelli,Locustellidae,Passeriformes,11.3,1711612.35,24.72,2
Locustella montis,Locustellidae,Passeriformes,14,8924.7,-8.02,1
Locustella naevia,Locustellidae,Passeriformes,13.3,7984518.2,52.97,3
Locustella ochotensis,Locustellidae,Passeriformes,18.5,837155.24,55.49,3
Locustella pleskei,Locustellidae,Passeriformes,20,4130.25,35.45,2
Locustella portenta,Locustellidae,Passeriformes,19,NA,NA,2
Locustella pryeri,Locustellidae,Passeriformes,14.18,201150.62,41.51,3
Locustella seebohmi,Locustellidae,Passeriformes,11.3,7104.37,16.88,1
Locustella tacsanowskia,Locustellidae,Passeriformes,14,2385550,40.23,3
Locustella thoracica,Locustellidae,Passeriformes,10.8,1091322.31,30.44,1
Malia grata,Locustellidae,Passeriformes,94.46,43962.27,-1.92,1
Megalurulus grosvenori,Locustellidae,Passeriformes,54,2381.31,-5.48,1
Megalurulus llaneae,Locustellidae,Passeriformes,25.5,814.06,-6.03,1
Megalurulus mariae,Locustellidae,Passeriformes,25,16389.77,-21.33,1
Megalurulus rubiginosus,Locustellidae,Passeriformes,41.2,33761.38,-5.48,1
Megalurulus rufus,Locustellidae,Passeriformes,26,8590.66,-17.87,1
Megalurulus turipavae,Locustellidae,Passeriformes,36,455.93,-9.72,1
Megalurulus whitneyi,Locustellidae,Passeriformes,36,542.62,-15.2,1
Megalurus palustris,Locustellidae,Passeriformes,44.1,2258407.86,19.65,2
Poodytes albolimbatus,Locustellidae,Passeriformes,14,2389.39,-8.63,1
Poodytes carteri,Locustellidae,Passeriformes,12.2,1881674.61,-21.84,1
Poodytes caudatus,Locustellidae,Passeriformes,25.17,2.58,-48.01,1
Poodytes gramineus,Locustellidae,Passeriformes,14.09,3277909.05,-29.2,1
Poodytes punctatus,Locustellidae,Passeriformes,25.17,196470.83,-41.77,1
Robsonius rabori,Locustellidae,Passeriformes,61,5360.94,18.16,1
Robsonius sorsogonensis,Locustellidae,Passeriformes,61,13027.3,13.72,1
Robsonius thompsoni,Locustellidae,Passeriformes,61,17448.96,16.72,1
Schoenicola brevirostris,Locustellidae,Passeriformes,15.7,2804794.87,-7.75,1
Schoenicola platyurus,Locustellidae,Passeriformes,20,39801.45,14.99,1
Machaerirhynchus flaviventer,Machaerirhynchidae,Passeriformes,10.32,708932.93,-6.07,1
Machaerirhynchus nigripectus,Machaerirhynchidae,Passeriformes,12,223752.26,-5.27,1
Achaetops pycnopygius,Macrosphenidae,Passeriformes,28.3,423641.18,-18.6,1
Cryptillas victorini,Macrosphenidae,Passeriformes,10,78210.99,-33.64,1
Graueria vittata,Macrosphenidae,Passeriformes,15.54,44741.94,-2.03,1
Macrosphenus concolor,Macrosphenidae,Passeriformes,13.9,3119489.65,1.28,1
Macrosphenus flavicans,Macrosphenidae,Passeriformes,13.36,1810288.68,0.06,1
Macrosphenus kempi,Macrosphenidae,Passeriformes,12.62,456072.28,6.45,1
Macrosphenus kretschmeri,Macrosphenidae,Passeriformes,20,120112.34,-7.17,1
Macrosphenus pulitzeri,Macrosphenidae,Passeriformes,11.68,5725.09,-12.46,1
Melocichla mentalis,Macrosphenidae,Passeriformes,33.2,6248614.06,-0.78,1
Sphenoeacus afer,Macrosphenidae,Passeriformes,30.4,430218.37,-28.46,1
Sylvietta brachyura,Macrosphenidae,Passeriformes,8.1,5897093.52,9.67,1
Sylvietta chapini,Macrosphenidae,Passeriformes,11.34,4104.72,2.06,1
Sylvietta denti,Macrosphenidae,Passeriformes,8.4,1125336.65,2.74,1
Sylvietta isabellina,Macrosphenidae,Passeriformes,10,901911.55,4.04,1
Sylvietta leucophrys,Macrosphenidae,Passeriformes,11.34,156344.04,-1.09,1
Sylvietta leucopsis,Macrosphenidae,Passeriformes,8.1,1167807.22,4.73,1
Sylvietta philippae,Macrosphenidae,Passeriformes,8.6,206306.37,6.26,1
Sylvietta rufescens,Macrosphenidae,Passeriformes,11.6,4186905.87,-20.93,1
Sylvietta ruficapilla,Macrosphenidae,Passeriformes,11.1,2557018.33,-9.65,1
Sylvietta virens,Macrosphenidae,Passeriformes,8.4,3738336.18,0.77,1
Sylvietta whytii,Macrosphenidae,Passeriformes,9.9,1855770.99,-8.61,1
Bocagia minuta,Malaconotidae,Passeriformes,34.4,3369836.92,-2.02,1
Chlorophoneus bocagei,Malaconotidae,Passeriformes,27,785394.39,0.25,1
Chlorophoneus kupeensis,Malaconotidae,Passeriformes,34.8,586.4,5.5,1
Chlorophoneus multicolor,Malaconotidae,Passeriformes,50.9,1682374.81,3.58,1
Chlorophoneus nigrifrons,Malaconotidae,Passeriformes,34.8,540075.23,-10.42,1
Chlorophoneus olivaceus,Malaconotidae,Passeriformes,33.58,332431.69,-27.84,1
Chlorophoneus sulfureopectus,Malaconotidae,Passeriformes,27.1,8777553.1,-4.05,1
Dryoscopus angolensis,Malaconotidae,Passeriformes,36,372335.76,-1.53,1
Dryoscopus cubla,Malaconotidae,Passeriformes,26.23,5720470.9,-13.69,1
Dryoscopus gambensis,Malaconotidae,Passeriformes,31.9,5608614.97,7.87,1
Dryoscopus pringlii,Malaconotidae,Passeriformes,19.7,448813.35,0.64,1
Dryoscopus sabini,Malaconotidae,Passeriformes,37.12,1205106.96,2.52,1
Dryoscopus senegalensis,Malaconotidae,Passeriformes,29.3,1221533.76,2.27,1
Laniarius aethiopicus,Malaconotidae,Passeriformes,49.44,7211323.51,-2.02,1
Laniarius amboimensis,Malaconotidae,Passeriformes,45.87,2924.07,-11.38,1
Laniarius atrococcineus,Malaconotidae,Passeriformes,48.8,1962868.62,-21.68,1
Laniarius atroflavus,Malaconotidae,Passeriformes,43,54064.78,6.17,1
Laniarius barbarus,Malaconotidae,Passeriformes,47.1,2828290.55,12.03,1
Laniarius bicolor,Malaconotidae,Passeriformes,54.26,459587.12,-14.51,1
Laniarius brauni,Malaconotidae,Passeriformes,54.3,592.14,-8.29,1
Laniarius erythrogaster,Malaconotidae,Passeriformes,48.8,1988843.91,8.16,1
Laniarius ferrugineus,Malaconotidae,Passeriformes,46.8,721209.79,-27.1,1
Laniarius fuelleborni,Malaconotidae,Passeriformes,46.4,72493.56,-8.33,1
Laniarius funebris,Malaconotidae,Passeriformes,40.4,1152635.01,1.31,1
Laniarius holomelas,Malaconotidae,Passeriformes,44.9,103404.14,-1.61,1
Laniarius leucorhynchus,Malaconotidae,Passeriformes,50.14,2498729.01,1.09,1
Laniarius luehderi,Malaconotidae,Passeriformes,42.9,1056381.53,0.33,1
Laniarius mufumbiri,Malaconotidae,Passeriformes,41.5,98961.39,-0.15,1
Laniarius nigerrimus,Malaconotidae,Passeriformes,49.44,130051.73,1.48,1
Laniarius poensis,Malaconotidae,Passeriformes,44.9,65722.14,6.02,1
Laniarius ruficeps,Malaconotidae,Passeriformes,32.67,660049.39,4.48,1
Laniarius sublacteus,Malaconotidae,Passeriformes,48.7,158149.39,-3.54,1
Laniarius turatii,Malaconotidae,Passeriformes,45.87,134854.06,9.89,1
Malaconotus alius,Malaconotidae,Passeriformes,76.7,83.69,-6.91,1
Malaconotus blanchoti,Malaconotidae,Passeriformes,78.7,7329839.51,-4.01,1
Malaconotus cruentus,Malaconotidae,Passeriformes,76.69,2250659.54,3.67,1
Malaconotus gladiator,Malaconotidae,Passeriformes,98.99,7161.52,5.67,1
Malaconotus lagdeni,Malaconotidae,Passeriformes,92.3,338592.2,5.75,1
Malaconotus monteiri,Malaconotidae,Passeriformes,81.91,25347.84,-9.67,1
Nilaus afer,Malaconotidae,Passeriformes,19.06,10555427.15,-2.11,1
Rhodophoneus cruentus,Malaconotidae,Passeriformes,53.3,1845043.08,5.77,1
Tchagra australis,Malaconotidae,Passeriformes,32.3,8305150.13,-7.91,1
Tchagra jamesi,Malaconotidae,Passeriformes,27.4,1196428.5,3.78,1
Tchagra senegalus,Malaconotidae,Passeriformes,53.5,14953687.11,0.02,1
Tchagra tchagra,Malaconotidae,Passeriformes,50.3,251680.9,-31.33,1
Telophorus dohertyi,Malaconotidae,Passeriformes,35.02,113100.74,-1.83,1
Telophorus viridis,Malaconotidae,Passeriformes,37.14,1025110.52,-15,1
Telophorus zeylonus,Malaconotidae,Passeriformes,65.02,1314512.43,-28.44,1
Amytornis ballarae,Maluridae,Passeriformes,20.97,58307.82,-20.36,1
Amytornis barbatus,Maluridae,Passeriformes,18.39,55946.51,-26.88,1
Amytornis dorotheae,Maluridae,Passeriformes,23.22,74551.91,-19.32,1
Amytornis goyderi,Maluridae,Passeriformes,16.69,227659.69,-26,1
Amytornis housei,Maluridae,Passeriformes,28.92,32941.64,-15.83,1
Amytornis merrotsyi,Maluridae,Passeriformes,19.64,43125.44,-31.73,1
Amytornis modestus,Maluridae,Passeriformes,23.03,305838.53,-29.38,1
Amytornis purnelli,Maluridae,Passeriformes,20.97,653027.47,-23.55,1
Amytornis striatus,Maluridae,Passeriformes,19.64,912126.85,-25.8,1
Amytornis textilis,Maluridae,Passeriformes,23.03,108583.74,-30.52,1
Amytornis woodwardi,Maluridae,Passeriformes,35.05,5520.04,-12.98,1
Chenorhamphus grayi,Maluridae,Passeriformes,12.47,188415.62,-2.93,1
Clytomyias insignis,Maluridae,Passeriformes,12.4,139418.96,-5.09,1
Malurus alboscapulatus,Maluridae,Passeriformes,9.33,778806.38,-5.43,1
Malurus amabilis,Maluridae,Passeriformes,8.63,126910.61,-14.91,1
Malurus assimilis,Maluridae,Passeriformes,8.04,6084253.88,-24.96,1
Malurus coronatus,Maluridae,Passeriformes,11.09,363760.08,-17.08,1
Malurus cyaneus,Maluridae,Passeriformes,10.33,1239779.31,-32.39,1
Malurus cyanocephalus,Maluridae,Passeriformes,12.42,491129.37,-5.14,1
Malurus elegans,Maluridae,Passeriformes,9.59,71313.86,-33.59,1
Malurus lamberti,Maluridae,Passeriformes,8.04,212534.11,-29.12,1
Malurus leucopterus,Maluridae,Passeriformes,7.4,5612678.07,-26.59,1
Malurus melanocephalus,Maluridae,Passeriformes,7.9,2025747.65,-19.39,1
Malurus pulcherrimus,Maluridae,Passeriformes,9.19,379685.75,-32.12,1
Malurus splendens,Maluridae,Passeriformes,9.39,2710216.86,-28.18,1
Sipodotus wallacii,Maluridae,Passeriformes,7.7,489818.27,-5.08,1
Stipiturus malachurus,Maluridae,Passeriformes,7.3,687011.19,-34.09,1
Stipiturus mallee,Maluridae,Passeriformes,5.5,20050.54,-35.43,1
Stipiturus ruficeps,Maluridae,Passeriformes,5,568075.87,-23.16,1
Megalampitta gigantea,Melampittidae,Passeriformes,205,8372.65,-6.59,1
Melampitta lugubris,Melampittidae,Passeriformes,42.67,59306.62,-5.84,1
Melanocharis arfakiana,Melanocharitidae,Passeriformes,11.5,9004.63,-6.65,1
Melanocharis longicauda,Melanocharitidae,Passeriformes,11.95,100278.19,-5.28,1
Melanocharis nigra,Melanocharitidae,Passeriformes,14.16,458523.98,-5.14,1
Melanocharis striativentris,Melanocharitidae,Passeriformes,17.58,86837.53,-6.08,1
Melanocharis versteri,Melanocharitidae,Passeriformes,14.67,148463.41,-5.04,1
Oedistoma iliolophus,Melanocharitidae,Passeriformes,11,557431.76,-5.23,1
Oedistoma pygmaeum,Melanocharitidae,Passeriformes,5.8,595536.97,-5.35,1
Rhamphocharis crassirostris,Melanocharitidae,Passeriformes,18,34344.01,-3.36,1
Rhamphocharis piperata,Melanocharitidae,Passeriformes,18,84608.99,-6.82,1
Toxorhamphus novaeguineae,Melanocharitidae,Passeriformes,11.78,463594.81,-4.29,1
Toxorhamphus poliopterus,Melanocharitidae,Passeriformes,11.35,179355.79,-5.71,1
Melanopareia elegans,Melanopareiidae,Passeriformes,16,81037.63,-4.01,1
Melanopareia maranonica,Melanopareiidae,Passeriformes,23,10057.19,-5.4,1
Melanopareia maximiliani,Melanopareiidae,Passeriformes,18,752374.15,-25.02,1
Melanopareia torquata,Melanopareiidae,Passeriformes,17.2,2770968.6,-14.6,1
Acanthagenys rufogularis,Meliphagidae,Passeriformes,47.8,5976565.2,-27.1,1
Acanthorhynchus superciliosus,Meliphagidae,Passeriformes,9.72,182218.54,-32.88,1
Acanthorhynchus tenuirostris,Meliphagidae,Passeriformes,10.44,763502.74,-33.06,1
Anthochaera carunculata,Meliphagidae,Passeriformes,106.07,2173024.9,-32.09,2
Anthochaera chrysoptera,Meliphagidae,Passeriformes,67.8,671226.2,-34.64,1
Anthochaera lunulata,Meliphagidae,Passeriformes,61.8,237097.58,-32.52,1
Anthochaera paradoxa,Meliphagidae,Passeriformes,143.74,46805.04,-41.86,2
Anthochaera phrygia,Meliphagidae,Passeriformes,39.99,8643.74,-34.17,2
Anthornis melanura,Meliphagidae,Passeriformes,26.91,212871.76,-41.93,1
Ashbyia lovensis,Meliphagidae,Passeriformes,17.5,103581.31,-26.61,2
Bolemoreus frenatus,Meliphagidae,Passeriformes,34.11,58164.64,-17.76,1
Bolemoreus hindwoodi,Meliphagidae,Passeriformes,22.89,933.44,-21.09,1
Caligavis chrysops,Meliphagidae,Passeriformes,17.3,1457474.72,-30.25,3
Caligavis obscura,Meliphagidae,Passeriformes,26.4,173670.69,-4.19,1
Caligavis subfrenata,Meliphagidae,Passeriformes,29.66,132670.15,-5.35,1
Certhionyx variegatus,Meliphagidae,Passeriformes,26.27,5122091.98,-26.46,2
Cissomela pectoralis,Meliphagidae,Passeriformes,10.1,1086177.68,-16,1
Conopophila albogularis,Meliphagidae,Passeriformes,11.8,496534.41,-11.23,1
Conopophila rufogularis,Meliphagidae,Passeriformes,10.8,1954135.97,-18.08,1
Conopophila whitei,Meliphagidae,Passeriformes,9.8,1437139.32,-24.43,2
Entomyzon albipennis,Meliphagidae,Passeriformes,105.26,733514.59,-15.59,1
Entomyzon cyanotis,Meliphagidae,Passeriformes,105.26,2004063.99,-27.2,1
Epthianura albifrons,Meliphagidae,Passeriformes,13.3,2667021.56,-31.77,1
Epthianura aurifrons,Meliphagidae,Passeriformes,10.5,5609912.51,-26.01,1
Epthianura crocea,Meliphagidae,Passeriformes,9.3,2179684.97,-21.11,1
Epthianura tricolor,Meliphagidae,Passeriformes,10.7,1741451.32,-27.37,1
Foulehaio carunculatus,Meliphagidae,Passeriformes,37,4217.23,-15.11,1
Foulehaio procerior,Meliphagidae,Passeriformes,37,11243.36,-17.83,1
Foulehaio taviunensis,Meliphagidae,Passeriformes,37,6176.31,-16.62,1
Gavicalis fasciogularis,Meliphagidae,Passeriformes,26.79,43256.67,-23.85,1
Gavicalis versicolor,Meliphagidae,Passeriformes,36.65,161900.97,-10.51,1
Gavicalis virescens,Meliphagidae,Passeriformes,23.33,7306702.44,-25.8,1
Gliciphila melanops,Meliphagidae,Passeriformes,18.21,1135955.29,-34.12,1
Gliciphila notabilis,Meliphagidae,Passeriformes,27.13,8862.87,-15.61,1
Gliciphila undulata,Meliphagidae,Passeriformes,16,16533.98,-21.33,1
Glycichaera fallax,Meliphagidae,Passeriformes,11.2,604148.57,-5.56,1
Grantiella picta,Meliphagidae,Passeriformes,21.5,374029.06,-33.42,3
Guadalcanaria inexpectata,Meliphagidae,Passeriformes,43.32,624.03,-9.72,1
Gymnomyza aubryana,Meliphagidae,Passeriformes,195.09,1055.98,-21.47,1
Gymnomyza brunneirostris,Meliphagidae,Passeriformes,87.8,10448.85,-17.83,1
Gymnomyza samoensis,Meliphagidae,Passeriformes,99,1528.38,-13.73,1
Gymnomyza viridis,Meliphagidae,Passeriformes,87.8,5433.59,-16.62,1
Lichenostomus cratitius,Meliphagidae,Passeriformes,20.34,479802.48,-33.98,1
Lichenostomus melanops,Meliphagidae,Passeriformes,32.3,732848.75,-31.75,2
Lichmera alboauricularis,Meliphagidae,Passeriformes,13.3,76151.28,-4.94,1
Lichmera argentauris,Meliphagidae,Passeriformes,14,8366.81,-0.66,1
Lichmera deningeri,Meliphagidae,Passeriformes,16.63,8554.41,-3.42,1
Lichmera flavicans,Meliphagidae,Passeriformes,14.2,25012.06,-9.21,1
Lichmera incana,Meliphagidae,Passeriformes,13.1,24110.3,-20.41,1
Lichmera indistincta,Meliphagidae,Passeriformes,11.18,5351801.88,-23,1
Lichmera lombokia,Meliphagidae,Passeriformes,15.3,8705.54,-8.6,1
Lichmera monticola,Meliphagidae,Passeriformes,6,3713.67,-3.11,1
Lichmera notabilis,Meliphagidae,Passeriformes,11.5,2638.29,-7.78,1
Lichmera squamata,Meliphagidae,Passeriformes,14.5,9998.94,-7.45,1
Macgregoria pulchra,Meliphagidae,Passeriformes,225.13,4664.33,-5.3,1
Manorina flavigula,Meliphagidae,Passeriformes,55.9,6815495.21,-25.2,1
Manorina melanocephala,Meliphagidae,Passeriformes,60.22,2065246.62,-29.23,1
Manorina melanophrys,Meliphagidae,Passeriformes,30.39,317354.76,-32.98,1
Manorina melanotis,Meliphagidae,Passeriformes,54,1748.04,-33.56,1
Meliarchus sclateri,Meliphagidae,Passeriformes,66.77,3338.04,-10.55,2
Melidectes belfordi,Meliphagidae,Passeriformes,73.14,124314.41,-5.51,1
Melidectes foersteri,Meliphagidae,Passeriformes,85,6152.62,-6.12,1
Melidectes fuscus,Meliphagidae,Passeriformes,45,70507.07,-5.16,1
Melidectes leucostephes,Meliphagidae,Passeriformes,75.25,11363.02,-1.28,1
Melidectes nouhuysi,Meliphagidae,Passeriformes,62.26,9644.8,-4.17,1
Melidectes ochromelas,Meliphagidae,Passeriformes,63,51249.23,-4.85,1
Melidectes princeps,Meliphagidae,Passeriformes,42,5094.69,-5.83,NA
Melidectes rufocrissalis,Meliphagidae,Passeriformes,71.6,64711.26,-5.92,1
Melidectes torquatus,Meliphagidae,Passeriformes,44.93,95822.01,-5.25,1
Melilestes megarhynchus,Meliphagidae,Passeriformes,43.76,565758.84,-5.06,1
Meliphacator provocator,Meliphagidae,Passeriformes,33.1,432.99,-19.04,1
Meliphaga aruensis,Meliphagidae,Passeriformes,26.2,665428.4,-5.34,1
Meliphaga lewinii,Meliphagidae,Passeriformes,33.58,643140.81,-27.8,1
Meliphaga notata,Meliphagidae,Passeriformes,26.44,110238.59,-14.63,2
Melipotes ater,Meliphagidae,Passeriformes,114,5540.01,-6.06,1
Melipotes carolae,Meliphagidae,Passeriformes,58.9,2249.79,-2.56,1
Melipotes fumigatus,Meliphagidae,Passeriformes,58.6,146497.21,-5.42,1
Melipotes gymnops,Meliphagidae,Passeriformes,54.8,7348.93,-1.13,1
Melithreptus affinis,Meliphagidae,Passeriformes,15,68030,-41.94,1
Melithreptus albogularis,Meliphagidae,Passeriformes,11.03,1473520.94,-17.95,1
Melithreptus brevirostris,Meliphagidae,Passeriformes,12.6,2003053.24,-31.81,1
Melithreptus chloropsis,Meliphagidae,Passeriformes,14.01,216940.62,-33.06,1
Melithreptus gularis,Meliphagidae,Passeriformes,19.44,1260779.55,-29.87,1
Melithreptus laetior,Meliphagidae,Passeriformes,19.44,2522105.43,-20.07,1
Melithreptus lunatus,Meliphagidae,Passeriformes,14.01,1242453.6,-30.66,1
Melithreptus validirostris,Meliphagidae,Passeriformes,24.8,60660.3,-41.87,1
Melitograis gilolensis,Meliphagidae,Passeriformes,54,22755.07,0.87,1
Microptilotis albilineatus,Meliphagidae,Passeriformes,23.69,53764.24,-13.14,1
Microptilotis albonotatus,Meliphagidae,Passeriformes,22.4,320661.12,-5.52,1
Microptilotis analogus,Meliphagidae,Passeriformes,21.57,636132.66,-5.34,1
Microptilotis cinereifrons,Meliphagidae,Passeriformes,14.98,44367.45,-9.06,1
Microptilotis flavirictus,Meliphagidae,Passeriformes,18.5,439941.46,-4.63,1
Microptilotis fordianus,Meliphagidae,Passeriformes,23.69,43433.15,-15.18,1
Microptilotis gracilis,Meliphagidae,Passeriformes,14.98,185643.55,-8.96,1
Microptilotis imitatrix,Meliphagidae,Passeriformes,14.98,18820.58,-17.39,1
Microptilotis mimikae,Meliphagidae,Passeriformes,26.9,89115.85,-6.87,1
Microptilotis montanus,Meliphagidae,Passeriformes,28.03,121416.33,-4.36,1
Microptilotis orientalis,Meliphagidae,Passeriformes,18.09,193375.68,-5.13,1
Microptilotis reticulatus,Meliphagidae,Passeriformes,23.56,27533.73,-9.25,1
Microptilotis vicina,Meliphagidae,Passeriformes,23.56,813.98,-11.51,1
Myza celebensis,Meliphagidae,Passeriformes,20,42076.19,-1.89,1
Myza sarasinorum,Meliphagidae,Passeriformes,22.5,9804.19,-2.14,1
Myzomela adolphinae,Meliphagidae,Passeriformes,7.4,80091.13,-6.05,1
Myzomela albigula,Meliphagidae,Passeriformes,14.55,345.83,-11.26,1
Myzomela batjanensis,Meliphagidae,Passeriformes,10.84,101.01,-0.73,1
Myzomela blasii,Meliphagidae,Passeriformes,14.9,11340.38,-3.22,1
Myzomela boiei,Meliphagidae,Passeriformes,10.84,5137.12,-7.6,1
Myzomela caledonica,Meliphagidae,Passeriformes,6.95,16533.26,-21.34,1
Myzomela cardinalis,Meliphagidae,Passeriformes,13.76,22202.1,-15.14,1
Myzomela chermesina,Meliphagidae,Passeriformes,10.84,42.4,-12.5,1
Myzomela chloroptera,Meliphagidae,Passeriformes,10.84,113064.21,-1.86,1
Myzomela cineracea,Meliphagidae,Passeriformes,13.79,32686.46,-5.47,1
Myzomela cruentata,Meliphagidae,Passeriformes,8.24,199161.11,-5.12,1
Myzomela dammermani,Meliphagidae,Passeriformes,7.8,9360.04,-9.86,1
Myzomela eichhorni,Meliphagidae,Passeriformes,10.84,5099.33,-8.23,1
Myzomela eques,Meliphagidae,Passeriformes,13.93,465709.31,-5.07,1
Myzomela erythrina,Meliphagidae,Passeriformes,8.24,7517.93,-3.65,1
Myzomela erythrocephala,Meliphagidae,Passeriformes,7.79,442219.32,-12.08,1
Myzomela erythromelas,Meliphagidae,Passeriformes,8,31100.96,-5.47,1
Myzomela irianawidodoae,Meliphagidae,Passeriformes,32.2,NA,NA,1
Myzomela jugularis,Meliphagidae,Passeriformes,8.69,18250.78,-17.46,2
Myzomela kuehni,Meliphagidae,Passeriformes,10.84,4711.18,-8,1
Myzomela lafargei,Meliphagidae,Passeriformes,12.8,17304.73,-6.81,1
Myzomela longirostris,Meliphagidae,Passeriformes,10.32,707.01,-9.35,1
Myzomela malaitae,Meliphagidae,Passeriformes,13.8,4343.26,-9,1
Myzomela melanocephala,Meliphagidae,Passeriformes,11.97,5908.77,-9.58,1
Myzomela nigrita,Meliphagidae,Passeriformes,9.26,166127.84,-5.38,2
Myzomela obscura,Meliphagidae,Passeriformes,11.88,763713.2,-13.66,1
Myzomela pammelaena,Meliphagidae,Passeriformes,15.75,1845.46,-2.82,1
Myzomela prawiradilagae,Meliphagidae,Passeriformes,9.3,NA,NA,1
Myzomela pulchella,Meliphagidae,Passeriformes,10,2425.63,-4.11,1
Myzomela rosenbergii,Meliphagidae,Passeriformes,10.32,176793.86,-5.18,1
Myzomela rubratra,Meliphagidae,Passeriformes,14,1609.39,9.79,1
Myzomela rubrobrunnea,Meliphagidae,Passeriformes,11.88,2526.48,-0.94,1
Myzomela rubrotincta,Meliphagidae,Passeriformes,11.88,2225.34,-1.54,1
Myzomela sanguinolenta,Meliphagidae,Passeriformes,8.34,912973.16,-27.41,2
Myzomela sclateri,Meliphagidae,Passeriformes,10.5,1105.8,-4.93,1
Myzomela simplex,Meliphagidae,Passeriformes,11.88,22263.73,0.89,1
Myzomela tristrami,Meliphagidae,Passeriformes,13.3,3402.19,-10.55,1
Myzomela vulnerata,Meliphagidae,Passeriformes,6.9,23721.16,-9.18,1
Myzomela wahe,Meliphagidae,Passeriformes,8,NA,NA,1
Myzomela wakoloensis,Meliphagidae,Passeriformes,7.93,5355.33,-3.23,1
Nesoptilotis flavicollis,Meliphagidae,Passeriformes,28.71,66098.27,-41.91,1
Nesoptilotis leucotis,Meliphagidae,Passeriformes,23.86,1974990,-31.29,1
Oreornis chrysogenys,Meliphagidae,Passeriformes,69.5,22304.25,-4.1,1
Philemon albitorques,Meliphagidae,Passeriformes,85.7,1887.91,-2.09,1
Philemon argenticeps,Meliphagidae,Passeriformes,80.35,885758.87,-15.68,2
Philemon brassi,Meliphagidae,Passeriformes,85.7,9875.49,-2.99,2
Philemon buceroides,Meliphagidae,Passeriformes,108.64,1092195.2,-8.32,1
Philemon citreogularis,Meliphagidae,Passeriformes,60.56,3161053.22,-23.52,2
Philemon cockerelli,Meliphagidae,Passeriformes,154.14,35335.21,-5.48,1
Philemon corniculatus,Meliphagidae,Passeriformes,100.71,1758116.37,-27.22,1
Philemon diemenensis,Meliphagidae,Passeriformes,65.9,17820.1,-21.32,1
Philemon eichhorni,Meliphagidae,Passeriformes,101.03,1714.74,-4.09,1
Philemon fuscicapillus,Meliphagidae,Passeriformes,85.7,2284.07,2.32,1
Philemon inornatus,Meliphagidae,Passeriformes,85.7,28799.07,-9.26,1
Philemon kisserensis,Meliphagidae,Passeriformes,62.8,534.06,-8.16,1
Philemon meyeri,Meliphagidae,Passeriformes,52,466260.95,-5.35,1
Philemon moluccensis,Meliphagidae,Passeriformes,85.7,8456.57,-3.42,1
Philemon plumigenis,Meliphagidae,Passeriformes,85.7,4533.41,-7.1,1
Philemon subcorniculatus,Meliphagidae,Passeriformes,194,17074.17,-3.2,1
Phylidonyris niger,Meliphagidae,Passeriformes,18.2,1047225.93,-28.98,2
Phylidonyris novaehollandiae,Meliphagidae,Passeriformes,20.21,851798.64,-34.87,2
Phylidonyris pyrrhopterus,Meliphagidae,Passeriformes,16.3,357930.02,-37.11,1
Plectorhyncha lanceolata,Meliphagidae,Passeriformes,40.56,2020455.09,-28.84,1
Prosthemadera novaeseelandiae,Meliphagidae,Passeriformes,105.83,125476.53,-39.14,1
Ptiloprora erythropleura,Meliphagidae,Passeriformes,21.12,60498.52,-3.63,1
Ptiloprora guisei,Meliphagidae,Passeriformes,25.82,61859.61,-6.62,1
Ptiloprora mayri,Meliphagidae,Passeriformes,30.45,1102.69,-2.62,1
Ptiloprora meekiana,Meliphagidae,Passeriformes,18.5,139400.21,-5.53,1
Ptiloprora perstriata,Meliphagidae,Passeriformes,26.6,102361.91,-4.85,1
Ptiloprora plumbea,Meliphagidae,Passeriformes,14.1,136682.14,-5.44,1
Ptilotula flavescens,Meliphagidae,Passeriformes,12.44,1038738.89,-16.8,1
Ptilotula fusca,Meliphagidae,Passeriformes,17.68,949120.71,-30.3,1
Ptilotula keartlandi,Meliphagidae,Passeriformes,15.24,2753396.76,-22.18,1
Ptilotula ornata,Meliphagidae,Passeriformes,17.63,1105315.89,-32.9,1
Ptilotula penicillata,Meliphagidae,Passeriformes,19.36,4922061.09,-26.17,1
Ptilotula plumula,Meliphagidae,Passeriformes,16.5,5368167.7,-24.85,1
Purnella albifrons,Meliphagidae,Passeriformes,17.4,792198.36,-30.62,1
Pycnopygius cinereus,Meliphagidae,Passeriformes,44.83,106235.8,-5.63,1
Pycnopygius ixoides,Meliphagidae,Passeriformes,27.58,459537.02,-4.88,1
Pycnopygius stictocephalus,Meliphagidae,Passeriformes,38.5,629677.66,-5.36,1
Ramsayornis fasciatus,Meliphagidae,Passeriformes,12.74,931104.02,-16.03,1
Ramsayornis modestus,Meliphagidae,Passeriformes,12.1,290171.25,-12.43,1
Stomiopera flava,Meliphagidae,Passeriformes,21.4,415063.54,-17.25,1
Stomiopera unicolor,Meliphagidae,Passeriformes,30.7,1189196.61,-16.31,1
Stresemannia bougainvillei,Meliphagidae,Passeriformes,24.7,2008.77,-6.06,1
Sugomel nigrum,Meliphagidae,Passeriformes,9.9,5440427.41,-26.21,3
Timeliopsis fulvigula,Meliphagidae,Passeriformes,18.3,137140.89,-5.25,1
Timeliopsis griseigula,Meliphagidae,Passeriformes,32,170363.66,-3.8,1
Trichodere cockerelli,Meliphagidae,Passeriformes,14.65,62694.1,-13.8,1
Vosea whitemanensis,Meliphagidae,Passeriformes,48,3172.99,-5.49,2
Xanthotis flaviventer,Meliphagidae,Passeriformes,39.96,759089.47,-5.86,1
Xanthotis macleayanus,Meliphagidae,Passeriformes,31,27328.2,-17.18,1
Xanthotis polygrammus,Meliphagidae,Passeriformes,20.02,420905.85,-5.12,1
Menura alberti,Menuridae,Passeriformes,928,25535.74,-28.62,1
Menura novaehollandiae,Menuridae,Passeriformes,972.62,324756.71,-32.65,1
Allenia fusca,Mimidae,Passeriformes,67.07,5297.69,15.24,1
Cinclocerthia gutturalis,Mimidae,Passeriformes,69.2,1756.73,14.38,1
Cinclocerthia ruficauda,Mimidae,Passeriformes,54.98,3295.06,15.45,1
Dumetella carolinensis,Mimidae,Passeriformes,35.3,6824562.12,42.61,3
Margarops fuscatus,Mimidae,Passeriformes,98.43,20593.03,18.7,1
Melanoptila glabrirostris,Mimidae,Passeriformes,35.4,178149.45,19.19,1
Melanotis caerulescens,Mimidae,Passeriformes,61.57,577099.95,20.9,1
Melanotis hypoleucus,Mimidae,Passeriformes,68,98583.12,15.12,1
Mimus dorsalis,Mimidae,Passeriformes,58.7,173822.65,-20.39,1
Mimus gilvus,Mimidae,Passeriformes,51.99,2161965.65,5.98,1
Mimus graysoni,Mimidae,Passeriformes,65.51,15.19,18.78,1
Mimus gundlachii,Mimidae,Passeriformes,66.8,15471.5,23.87,1
Mimus longicaudatus,Mimidae,Passeriformes,66.6,181590.29,-8.11,1
Mimus macdonaldi,Mimidae,Passeriformes,70.22,66.53,-1.38,1
Mimus melanotis,Mimidae,Passeriformes,50.53,550.22,-0.83,1
Mimus parvulus,Mimidae,Passeriformes,53.64,6967.11,-0.5,1
Mimus patagonicus,Mimidae,Passeriformes,57.8,1400520.82,-39.92,2
Mimus polyglottos,Mimidae,Passeriformes,48.5,10145517.51,37.86,3
Mimus saturninus,Mimidae,Passeriformes,63.7,7198431.03,-20.24,2
Mimus thenca,Mimidae,Passeriformes,65.99,229319.44,-35.65,2
Mimus trifasciatus,Mimidae,Passeriformes,62.68,0.88,-1.31,1
Mimus triurus,Mimidae,Passeriformes,47.2,3284288.52,-27.44,2
Oreoscoptes montanus,Mimidae,Passeriformes,44.2,1992131.03,42.73,3
Ramphocinclus brachyurus,Mimidae,Passeriformes,50,24.32,14.52,1
Toxostoma bendirei,Mimidae,Passeriformes,62.19,822797.04,33.97,1
Toxostoma cinereum,Mimidae,Passeriformes,58.95,99643.4,26.95,1
Toxostoma crissale,Mimidae,Passeriformes,62.7,1010689.86,29.73,1
Toxostoma curvirostre,Mimidae,Passeriformes,80.54,2044910.56,27.84,1
Toxostoma guttatum,Mimidae,Passeriformes,52.8,24.89,20.48,1
Toxostoma lecontei,Mimidae,Passeriformes,61.9,251262.3,33.95,2
Toxostoma longirostre,Mimidae,Passeriformes,67.6,300961.71,25.82,1
Toxostoma ocellatum,Mimidae,Passeriformes,84.29,88725.79,18.92,1
Toxostoma redivivum,Mimidae,Passeriformes,84.4,167320.21,36.46,1
Toxostoma rufum,Mimidae,Passeriformes,68.8,5678627.88,41.75,2
Lamprospiza melanoleuca,Mitrospingidae,Passeriformes,34,3392867.33,-4.86,1
Mitrospingus cassinii,Mitrospingidae,Passeriformes,40.4,167653.28,5.56,1
Mitrospingus oleagineus,Mitrospingidae,Passeriformes,41.3,38825.74,5.33,1
Orthogonys chloricterus,Mitrospingidae,Passeriformes,39,121968.52,-23.52,1
Arcanator orostruthus,Modulatricidae,Passeriformes,32.7,6391.44,-9.81,1
Kakamega poliothorax,Modulatricidae,Passeriformes,36.4,140625.85,1.41,1
Modulatrix stictigula,Modulatricidae,Passeriformes,30.5,70768.87,-7.61,1
Mohoua albicilla,Mohouidae,Passeriformes,17.63,36004.25,-39.09,1
Mohoua novaeseelandiae,Mohouidae,Passeriformes,12.14,76987.83,-43.68,1
Mohoua ochrocephala,Mohouidae,Passeriformes,27.69,16919.77,-45.19,1
Arses insularis,Monarchidae,Passeriformes,19.3,171996,-3.76,1
Arses kaupi,Monarchidae,Passeriformes,13.5,27770.73,-17.72,1
Arses lorealis,Monarchidae,Passeriformes,13.7,44726.89,-12.58,1
Arses telescopthalmus,Monarchidae,Passeriformes,15.26,399368.94,-6.7,1
Carterornis castus,Monarchidae,Passeriformes,14,3794.53,-7.62,1
Carterornis chrysomela,Monarchidae,Passeriformes,15.6,651592.49,-5.26,1
Carterornis leucotis,Monarchidae,Passeriformes,11.4,312561.63,-22.03,1
Carterornis pileatus,Monarchidae,Passeriformes,14,20864.03,0.03,1
Chasiempis ibidis,Monarchidae,Passeriformes,13.1,235.03,21.49,1
Chasiempis sandwichensis,Monarchidae,Passeriformes,13.69,5857.42,19.59,1
Chasiempis sclateri,Monarchidae,Passeriformes,12.9,416.45,22.1,1
Clytorhynchus hamlini,Monarchidae,Passeriformes,34.6,672.67,-11.68,1
Clytorhynchus nigrogularis,Monarchidae,Passeriformes,55.72,16947.76,-17.44,1
Clytorhynchus pachycephaloides,Monarchidae,Passeriformes,26.3,27352.86,-19.25,1
Clytorhynchus sanctaecrucis,Monarchidae,Passeriformes,55.72,501.67,-10.76,1
Clytorhynchus vitiensis,Monarchidae,Passeriformes,29.2,18613.59,-17.42,1
Grallina bruijnii,Monarchidae,Passeriformes,38.4,259817.04,-5.27,2
Grallina cyanoleuca,Monarchidae,Passeriformes,82.57,6745925.59,-25.59,1
Hypothymis azurea,Monarchidae,Passeriformes,11.1,7041185.04,16.05,1
Hypothymis coelestis,Monarchidae,Passeriformes,13.6,167204.65,12.02,1
Hypothymis helenae,Monarchidae,Passeriformes,9.9,123419.68,13.55,1
Hypothymis puella,Monarchidae,Passeriformes,11.1,186767.47,-2.16,1
Mayrornis lessoni,Monarchidae,Passeriformes,11.2,17898.21,-17.45,1
Mayrornis schistaceus,Monarchidae,Passeriformes,11.2,179.32,-11.66,1
Mayrornis versicolor,Monarchidae,Passeriformes,29,16.45,-19.17,1
Metabolus godeffroyi,Monarchidae,Passeriformes,16.4,97.97,9.54,1
Metabolus rugensis,Monarchidae,Passeriformes,23.58,83.99,7.37,1
Metabolus takatsukasae,Monarchidae,Passeriformes,16.4,106.58,15.02,1
Monarcha castaneiventris,Monarchidae,Passeriformes,27.31,27842.78,-7.78,1
Monarcha cinerascens,Monarchidae,Passeriformes,29.6,148476.26,-3.25,1
Monarcha frater,Monarchidae,Passeriformes,22,226581.08,-5.5,2
Monarcha megarhynchus,Monarchidae,Passeriformes,27.31,3338.51,-10.55,1
Monarcha melanopsis,Monarchidae,Passeriformes,22.7,448965.64,-28.07,3
Monarcha richardsii,Monarchidae,Passeriformes,27.3,5099.33,-8.23,1
Monarcha ugiensis,Monarchidae,Passeriformes,27.31,58.16,-10.47,1
Myiagra albiventris,Monarchidae,Passeriformes,12.3,2877.26,-13.74,1
Myiagra alecto,Monarchidae,Passeriformes,23.58,1376502.43,-12.02,1
Myiagra atra,Monarchidae,Passeriformes,12.3,2530.74,-0.94,1
Myiagra azureocapilla,Monarchidae,Passeriformes,12.9,441.36,-16.85,1
Myiagra caledonica,Monarchidae,Passeriformes,10.8,31488.18,-19.15,1
Myiagra castaneigularis,Monarchidae,Passeriformes,12.9,15298.07,-17.44,1
Myiagra cervinicauda,Monarchidae,Passeriformes,11.5,3331.87,-10.55,1
Myiagra cervinicolor,Monarchidae,Passeriformes,20.2,109.47,-2.95,1
Myiagra cyanoleuca,Monarchidae,Passeriformes,17.5,1086652.75,-29.81,3
Myiagra eichhorni,Monarchidae,Passeriformes,20.2,42275.48,-5.13,1
Myiagra erythrops,Monarchidae,Passeriformes,12.1,456.72,7.45,1
Myiagra ferrocyanea,Monarchidae,Passeriformes,12.8,32643.7,-7.83,1
Myiagra galeata,Monarchidae,Passeriformes,11,44624.81,-1.37,1
Myiagra hebetior,Monarchidae,Passeriformes,20.2,342.84,-1.43,1
Myiagra inquieta,Monarchidae,Passeriformes,20.9,1602441.95,-31.83,2
Myiagra nana,Monarchidae,Passeriformes,13.5,1125140.54,-16.21,2
Myiagra oceanica,Monarchidae,Passeriformes,12.1,105.86,7.26,1
Myiagra pluto,Monarchidae,Passeriformes,12.1,361.44,6.87,1
Myiagra rubecula,Monarchidae,Passeriformes,12.05,2268381.7,-22.39,1
Myiagra ruficollis,Monarchidae,Passeriformes,10.1,580888.4,-12.32,1
Myiagra vanikorensis,Monarchidae,Passeriformes,12.3,18452.69,-17.4,1
Neolalage banksiana,Monarchidae,Passeriformes,16.79,9879.99,-15.81,1
Pomarea dimidiata,Monarchidae,Passeriformes,23,31.46,-20.07,1
Pomarea iphis,Monarchidae,Passeriformes,23.9,81.42,-8.91,1
Pomarea mendozae,Monarchidae,Passeriformes,29.6,13.3,-9.99,1
Pomarea mira,Monarchidae,Passeriformes,29.6,NA,NA,1
Pomarea nigra,Monarchidae,Passeriformes,25.4,27.52,-17.67,1
Pomarea whitneyi,Monarchidae,Passeriformes,42.5,4.03,-10.5,1
Symposiachrus ateralbus,Monarchidae,Passeriformes,21.7,112.06,-2.96,1
Symposiachrus axillaris,Monarchidae,Passeriformes,15.6,118942.75,-5.91,1
Symposiachrus barbatus,Monarchidae,Passeriformes,21,21960.62,-7.49,1
Symposiachrus boanensis,Monarchidae,Passeriformes,17.5,13.87,-3,1
Symposiachrus brehmii,Monarchidae,Passeriformes,41,2524.27,-0.94,1
Symposiachrus browni,Monarchidae,Passeriformes,16.4,4635.15,-8.26,1
Symposiachrus everetti,Monarchidae,Passeriformes,16.4,170.57,-7.09,1
Symposiachrus guttula,Monarchidae,Passeriformes,16.4,657660.08,-5.35,1
Symposiachrus infelix,Monarchidae,Passeriformes,16.4,2025.05,-2.1,1
Symposiachrus julianae,Monarchidae,Passeriformes,16.4,143.74,-1.2,1
Symposiachrus leucurus,Monarchidae,Passeriformes,16.4,1111.79,-5.66,1
Symposiachrus loricatus,Monarchidae,Passeriformes,27.3,7963.84,-3.42,1
Symposiachrus malaitae,Monarchidae,Passeriformes,21,4330.72,-9,1
Symposiachrus manadensis,Monarchidae,Passeriformes,22.5,445281.04,-4.84,1
Symposiachrus menckei,Monarchidae,Passeriformes,16.4,239.41,-1.42,1
Symposiachrus mundus,Monarchidae,Passeriformes,27.3,4617.6,-7.64,1
Symposiachrus rubiensis,Monarchidae,Passeriformes,27.3,243646.73,-5.19,1
Symposiachrus sacerdotum,Monarchidae,Passeriformes,37,696.22,-8.65,1
Symposiachrus trivirgatus,Monarchidae,Passeriformes,12.7,545399.69,-18.17,1
Symposiachrus verticalis,Monarchidae,Passeriformes,21.7,42001.39,-5.14,1
Symposiachrus vidua,Monarchidae,Passeriformes,17.09,3376.33,-10.55,1
Terpsiphone affinis,Monarchidae,Passeriformes,19.23,3589589.39,12.37,2
Terpsiphone atrocaudata,Monarchidae,Passeriformes,18.7,390211.35,34.57,3
Terpsiphone atrochalybeia,Monarchidae,Passeriformes,12.2,858.51,0.24,1
Terpsiphone batesi,Monarchidae,Passeriformes,15.4,2301604.71,-0.99,1
Terpsiphone bedfordi,Monarchidae,Passeriformes,15.43,42552.86,0.22,1
Terpsiphone bourbonnensis,Monarchidae,Passeriformes,10.79,3297.84,-20.94,1
Terpsiphone cinnamomea,Monarchidae,Passeriformes,20.4,109426.27,8.11,1
Terpsiphone corvina,Monarchidae,Passeriformes,18,15.5,-4.29,1
Terpsiphone cyanescens,Monarchidae,Passeriformes,24.64,8149.54,9.94,1
Terpsiphone floris,Monarchidae,Passeriformes,19.23,44831.28,-8.86,2
Terpsiphone incei,Monarchidae,Passeriformes,19.23,4046737.55,33.61,2
Terpsiphone mutata,Monarchidae,Passeriformes,13.19,592893.86,-19.36,1
Terpsiphone paradisi,Monarchidae,Passeriformes,19.23,3076941.41,26.34,2
Terpsiphone rufiventer,Monarchidae,Passeriformes,15.1,4275150.97,0.86,1
Terpsiphone rufocinerea,Monarchidae,Passeriformes,15.4,444393.52,-2.65,1
Terpsiphone unirufa,Monarchidae,Passeriformes,20.4,144281.29,14.68,1
Terpsiphone viridis,Monarchidae,Passeriformes,13.23,14483913.96,-2.08,1
Trochocercus bivittatus,Monarchidae,Passeriformes,10.2,1221756.89,-12.64,1
Trochocercus cyanomelas,Monarchidae,Passeriformes,10.2,179874.79,-27.71,1
Trochocercus nitens,Monarchidae,Passeriformes,11.8,3680877.59,0.96,1
Amaurocichla bocagii,Motacillidae,Passeriformes,7,340.89,0.21,1
Anthus antarcticus,Motacillidae,Passeriformes,36.1,608.33,-54.37,1
Anthus berthelotii,Motacillidae,Passeriformes,15.86,8283.44,28.79,1
Anthus bogotensis,Motacillidae,Passeriformes,25.1,336033.74,-8.21,1
Anthus brachyurus,Motacillidae,Passeriformes,15.3,1510202.74,-8.68,1
Anthus caffer,Motacillidae,Passeriformes,16.8,777646.72,-18.02,1
Anthus campestris,Motacillidae,Passeriformes,23,11176674.59,45.89,3
Anthus cervinus,Motacillidae,Passeriformes,20.9,3787889.02,68.1,3
Anthus chacoensis,Motacillidae,Passeriformes,12.6,621127.8,-31.64,1
Anthus cinnamomeus,Motacillidae,Passeriformes,32.17,9825233.85,-10.11,3
Anthus correndera,Motacillidae,Passeriformes,20.9,3686700.66,-34.9,1
Anthus crenatus,Motacillidae,Passeriformes,30.7,343685.27,-30.3,1
Anthus furcatus,Motacillidae,Passeriformes,20.06,1987553.38,-31.04,1
Anthus godlewskii,Motacillidae,Passeriformes,25.34,2405877.03,48.72,3
Anthus gustavi,Motacillidae,Passeriformes,19.8,4257344.47,65.91,3
Anthus gutturalis,Motacillidae,Passeriformes,36.3,34559.91,-5.14,1
Anthus hellmayri,Motacillidae,Passeriformes,18.61,1204389.51,-30.82,1
Anthus hodgsoni,Motacillidae,Passeriformes,21.3,14109130.12,51.36,3
Anthus hoeschi,Motacillidae,Passeriformes,27,31304.48,-29.75,3
Anthus leucophrys,Motacillidae,Passeriformes,24.98,8950742.46,-2.03,1
Anthus lineiventris,Motacillidae,Passeriformes,35,1635119.6,-16.48,1
Anthus lutescens,Motacillidae,Passeriformes,12.6,7241509.05,-17.14,2
Anthus melindae,Motacillidae,Passeriformes,22.5,108383.57,0.91,1
Anthus nattereri,Motacillidae,Passeriformes,19.5,181070.54,-25.7,1
Anthus nilghiriensis,Motacillidae,Passeriformes,31,11553.33,10.5,1
Anthus novaeseelandiae,Motacillidae,Passeriformes,24.07,6479742.4,-27.09,1
Anthus nyassae,Motacillidae,Passeriformes,24.3,3381657.04,-12.05,1
Anthus pallidiventris,Motacillidae,Passeriformes,31,942199.86,-2.53,1
Anthus peruvianus,Motacillidae,Passeriformes,12.6,88105.86,-12.53,2
Anthus petrosus,Motacillidae,Passeriformes,22.4,292817.47,61.1,2
Anthus pratensis,Motacillidae,Passeriformes,18.4,6733599.47,59.47,2
Anthus richardi,Motacillidae,Passeriformes,32.17,13319039.29,48.01,3
Anthus roseatus,Motacillidae,Passeriformes,20.61,4930715.09,33.88,1
Anthus rubescens,Motacillidae,Passeriformes,20.68,12413847.38,61.56,3
Anthus rufulus,Motacillidae,Passeriformes,20.44,7678484.07,18.8,1
Anthus similis,Motacillidae,Passeriformes,25.3,7503578.58,3.08,1
Anthus sokokensis,Motacillidae,Passeriformes,15,2265.15,-4.74,1
Anthus spinoletta,Motacillidae,Passeriformes,23.9,3806294.97,45.38,3
Anthus spragueii,Motacillidae,Passeriformes,25.5,1036783.61,50.4,3
Anthus sylvanus,Motacillidae,Passeriformes,31,465229.13,27.03,1
Anthus trivialis,Motacillidae,Passeriformes,23.33,15353264.33,56.07,3
Anthus vaalensis,Motacillidae,Passeriformes,27,4452532.2,-19.11,1
Dendronanthus indicus,Motacillidae,Passeriformes,16.4,3836185.44,36.72,3
Hemimacronyx chloris,Motacillidae,Passeriformes,25.1,82125.98,-28.43,1
Macronyx ameliae,Motacillidae,Passeriformes,33.48,1902624.72,-12.64,1
Macronyx aurantiigula,Motacillidae,Passeriformes,39.4,375644.56,-1.79,1
Macronyx capensis,Motacillidae,Passeriformes,50.04,815796.1,-27.78,1
Macronyx croceus,Motacillidae,Passeriformes,47.1,6192075.07,2.3,1
Macronyx flavicollis,Motacillidae,Passeriformes,45.08,404989.73,8.92,1
Macronyx fuelleborni,Motacillidae,Passeriformes,55.18,2079510.44,-11.52,1
Macronyx grimwoodi,Motacillidae,Passeriformes,45.08,671345.15,-10.59,1
Macronyx sharpei,Motacillidae,Passeriformes,29.9,1870.77,-0.58,1
Madanga ruficollis,Motacillidae,Passeriformes,15,1363.4,-3.33,1
Motacilla aguimp,Motacillidae,Passeriformes,27,11321309.29,-4.59,1
Motacilla alba,Motacillidae,Passeriformes,23.93,39488711.64,52.86,3
Motacilla capensis,Motacillidae,Passeriformes,20.8,3891210.17,-20.62,2
Motacilla cinerea,Motacillidae,Passeriformes,17.15,19613139.17,52.19,2
Motacilla citreola,Motacillidae,Passeriformes,19.11,16401945.75,52.43,3
Motacilla clara,Motacillidae,Passeriformes,17.9,3122291.69,-6.04,1
Motacilla flava,Motacillidae,Passeriformes,17.68,19198163.05,53.37,3
Motacilla flaviventris,Motacillidae,Passeriformes,22.5,591120.51,-19.38,1
Motacilla grandis,Motacillidae,Passeriformes,30.16,413664.86,37.55,1
Motacilla maderaspatensis,Motacillidae,Passeriformes,30.5,2810164.27,22.38,1
Motacilla samveasnae,Motacillidae,Passeriformes,22.7,37892.03,13.82,1
Motacilla tschutschensis,Motacillidae,Passeriformes,18.5,9215280.51,58.5,3
Tmetothylacus tenellus,Motacillidae,Passeriformes,20.1,1285795.15,1.42,1
Agricola infuscatus,Muscicapidae,Passeriformes,32.4,1446786.72,-25.18,1
Agricola pallidus,Muscicapidae,Passeriformes,23.6,9110671.42,-4.16,1
Alethe castanea,Muscicapidae,Passeriformes,31.54,3011976.63,0.12,1
Alethe diademata,Muscicapidae,Passeriformes,31.54,448296.69,7.1,1
Anthipes monileger,Muscicapidae,Passeriformes,11,941257.11,21.81,1
Anthipes solitaris,Muscicapidae,Passeriformes,13.1,157229.38,6.24,1
Brachypteryx cruralis,Muscicapidae,Passeriformes,17.68,1685703.23,24.18,1
Brachypteryx erythrogyna,Muscicapidae,Passeriformes,17.68,197516.32,2.28,1
Brachypteryx floris,Muscicapidae,Passeriformes,17.68,11907.84,-8.63,1
Brachypteryx goodfellowi,Muscicapidae,Passeriformes,17.68,35903.29,23.75,1
Brachypteryx hyperythra,Muscicapidae,Passeriformes,15.8,41728.24,26.49,2
Brachypteryx leucophris,Muscicapidae,Passeriformes,15.8,2289506.95,21.78,2
Brachypteryx montana,Muscicapidae,Passeriformes,17.68,103057.9,-7.44,1
Brachypteryx poliogyna,Muscicapidae,Passeriformes,17.68,154506.69,14.29,1
Brachypteryx saturata,Muscicapidae,Passeriformes,17.68,229284.04,0.17,1
Brachypteryx sinensis,Muscicapidae,Passeriformes,17.68,1568877.35,27.97,1
Bradornis boehmi,Muscicapidae,Passeriformes,19.3,863704.75,-12.25,1
Bradornis comitatus,Muscicapidae,Passeriformes,14.1,3634771.07,1.24,1
Bradornis fuliginosus,Muscicapidae,Passeriformes,17.7,3058321.55,-1.07,1
Bradornis mariquensis,Muscicapidae,Passeriformes,25.18,1651176.93,-22.04,1
Bradornis microrhynchus,Muscicapidae,Passeriformes,19.48,2477905.95,2.87,1
Bradornis ussheri,Muscicapidae,Passeriformes,17.84,473137.79,7.02,1
Calliope calliope,Muscicapidae,Passeriformes,18.5,10841460.62,57.27,3
Calliope obscura,Muscicapidae,Passeriformes,19.6,67106.71,33.49,2
Calliope pectardens,Muscicapidae,Passeriformes,14.5,814933.45,32.13,3
Calliope pectoralis,Muscicapidae,Passeriformes,23.27,2514975.4,34.82,2
Calliope tschebaiewi,Muscicapidae,Passeriformes,23.27,1312698.81,32.75,2
Campicoloides bifasciatus,Muscicapidae,Passeriformes,35,244640.94,-28.43,1
Cercotrichas galactotes,Muscicapidae,Passeriformes,20.3,9230677.97,28.41,3
Cercotrichas hartlaubi,Muscicapidae,Passeriformes,19.2,612316.42,1.79,1
Cercotrichas leucophrys,Muscicapidae,Passeriformes,16.49,8126492.58,-8.49,1
Cercotrichas paena,Muscicapidae,Passeriformes,19.7,1909273.6,-22.43,1
Cercotrichas podobe,Muscicapidae,Passeriformes,23.91,3790267.02,15.7,1
Chamaetylas choloensis,Muscicapidae,Passeriformes,41.3,4661.03,-15.48,1
Chamaetylas fuelleborni,Muscicapidae,Passeriformes,52,189262.11,-9.38,1
Chamaetylas poliocephala,Muscicapidae,Passeriformes,32.37,1599692.41,2.78,1
Chamaetylas poliophrys,Muscicapidae,Passeriformes,35.2,76094.57,-2.09,1
Cichladusa arquata,Muscicapidae,Passeriformes,34.2,2314814.62,-11.38,1
Cichladusa guttata,Muscicapidae,Passeriformes,23.11,1373382.96,1.56,1
Cichladusa ruficauda,Muscicapidae,Passeriformes,28.53,699193.3,-7.94,1
Cinclidium frontale,Muscicapidae,Passeriformes,25.4,219607.05,22.24,2
Copsychus albospecularis,Muscicapidae,Passeriformes,22.74,239689.82,-19.43,1
Copsychus mindanensis,Muscicapidae,Passeriformes,32.9,275178.45,11.83,1
Copsychus pica,Muscicapidae,Passeriformes,22.74,351230.76,-19.35,1
Copsychus saularis,Muscicapidae,Passeriformes,36,9009660.2,19.34,1
Copsychus sechellarum,Muscicapidae,Passeriformes,70.74,5.13,-4.23,1
Cossypha albicapillus,Muscicapidae,Passeriformes,58.5,1269495.3,10.07,1
Cossypha cyanocampter,Muscicapidae,Passeriformes,26.7,1817635.07,3.99,1
Cossypha dichroa,Muscicapidae,Passeriformes,45.81,253533.92,-29.05,1
Cossypha heinrichi,Muscicapidae,Passeriformes,60.33,6203.48,-4.39,1
Cossypha heuglini,Muscicapidae,Passeriformes,34.8,6366999.37,-8.37,1
Cossypha natalensis,Muscicapidae,Passeriformes,34.1,3643626.52,-9.36,1
Cossypha niveicapilla,Muscicapidae,Passeriformes,36.7,5176063.97,7.66,1
Cossypha semirufa,Muscicapidae,Passeriformes,27.3,865714.31,7.26,1
Cossyphicula roberti,Muscicapidae,Passeriformes,34,100769,0.88,1
Cyanecula svecica,Muscicapidae,Passeriformes,17.23,19896158.85,58.14,3
Cyanoptila cumatilis,Muscicapidae,Passeriformes,22.5,362758.58,35.02,3
Cyanoptila cyanomelana,Muscicapidae,Passeriformes,22.5,1562470.91,42.15,3
Cyornis banyumas,Muscicapidae,Passeriformes,14.5,1769236.14,18.14,1
Cyornis brunneatus,Muscicapidae,Passeriformes,18.1,595328.22,26.7,3
Cyornis caerulatus,Muscicapidae,Passeriformes,17.8,963047.21,0.21,1
Cyornis camarinensis,Muscicapidae,Passeriformes,19.62,9248.34,13.6,1
Cyornis colonus,Muscicapidae,Passeriformes,23.14,13551.2,-1.58,1
Cyornis concretus,Muscicapidae,Passeriformes,24.5,866448.98,11.13,2
Cyornis djampeanus,Muscicapidae,Passeriformes,18.3,271.89,-7.17,1
Cyornis glaucicomans,Muscicapidae,Passeriformes,14.2,725614.98,28.78,1
Cyornis hainanus,Muscicapidae,Passeriformes,14.4,1595419.54,18.37,2
Cyornis herioti,Muscicapidae,Passeriformes,19.62,57832.7,16.44,1
Cyornis hoevelli,Muscicapidae,Passeriformes,20.5,17280.87,-2.3,1
Cyornis hyacinthinus,Muscicapidae,Passeriformes,25.8,32681.54,-9.19,1
Cyornis lemprieri,Muscicapidae,Passeriformes,21.5,10987.03,9.86,1
Cyornis magnirostris,Muscicapidae,Passeriformes,14.5,113575.17,27.64,1
Cyornis nicobaricus,Muscicapidae,Passeriformes,18.1,1094.16,7.07,3
Cyornis olivaceus,Muscicapidae,Passeriformes,15.7,595916.66,-0.8,1
Cyornis omissus,Muscicapidae,Passeriformes,18,162644.61,-2.04,1
Cyornis oscillans,Muscicapidae,Passeriformes,23.93,13365.86,-8.63,1
Cyornis pallidipes,Muscicapidae,Passeriformes,19,52751.57,13.32,1
Cyornis poliogenys,Muscicapidae,Passeriformes,16.21,483417.77,24.84,1
Cyornis rubeculoides,Muscicapidae,Passeriformes,14.2,768197.18,23.56,1
Cyornis ruckii,Muscicapidae,Passeriformes,20.5,5572.81,4.06,NA
Cyornis ruficauda,Muscicapidae,Passeriformes,17.3,81701.8,8.24,1
Cyornis rufigastra,Muscicapidae,Passeriformes,18.3,429957.49,2.85,1
Cyornis sanfordi,Muscicapidae,Passeriformes,20.5,2049.13,0.68,1
Cyornis stresemanni,Muscicapidae,Passeriformes,23.93,3270.52,-9.79,1
Cyornis sumatrensis,Muscicapidae,Passeriformes,16.21,1034785.6,14.47,1
Cyornis superbus,Muscicapidae,Passeriformes,18,686177.62,0.96,1
Cyornis tickelliae,Muscicapidae,Passeriformes,16.21,1159313.02,20.32,1
Cyornis turcosus,Muscicapidae,Passeriformes,16.21,836932.58,0.98,1
Cyornis umbratilis,Muscicapidae,Passeriformes,18.2,1143162.84,0.75,1
Cyornis unicolor,Muscicapidae,Passeriformes,21,2073999.9,16.34,1
Dessonornis anomalus,Muscicapidae,Passeriformes,24.5,8084.35,-15.31,1
Dessonornis archeri,Muscicapidae,Passeriformes,22.8,60103.14,-2.32,1
Dessonornis caffer,Muscicapidae,Passeriformes,28.5,1628062.49,-21.08,1
Dessonornis humeralis,Muscicapidae,Passeriformes,22.8,644971.31,-23.15,1
Dessonornis macclounii,Muscicapidae,Passeriformes,24.5,106253.94,-8.66,1
Dessonornis mbuluensis,Muscicapidae,Passeriformes,24.5,5320.51,-4.04,1
Emarginata schlegelii,Muscicapidae,Passeriformes,23.3,1144740.06,-26.81,1
Emarginata sinuata,Muscicapidae,Passeriformes,18.1,793361.3,-29.89,1
Emarginata tractrac,Muscicapidae,Passeriformes,20.8,1018879.12,-25.89,1
Enicurus immaculatus,Muscicapidae,Passeriformes,25.5,921267.82,23.98,2
Enicurus leschenaulti,Muscicapidae,Passeriformes,33.8,6166589.04,19.16,1
Enicurus maculatus,Muscicapidae,Passeriformes,40.39,1640498.35,25.59,1
Enicurus ruficapillus,Muscicapidae,Passeriformes,28.23,1105095.6,1.16,1
Enicurus schistaceus,Muscicapidae,Passeriformes,31,2441930.12,23.27,1
Enicurus scouleri,Muscicapidae,Passeriformes,17.8,3341040.76,28.71,1
Enicurus velatus,Muscicapidae,Passeriformes,33,103361.85,-0.94,1
Erithacus rubecula,Muscicapidae,Passeriformes,17.7,10001378.73,53.82,3
Eumyias additus,Muscicapidae,Passeriformes,22.49,4091.97,-3.44,1
Eumyias albicaudatus,Muscicapidae,Passeriformes,16.4,32809.71,11.46,1
Eumyias indigo,Muscicapidae,Passeriformes,23.14,51109.22,-7.48,1
Eumyias panayensis,Muscicapidae,Passeriformes,20,173823.51,3.9,1
Eumyias ruficrissa,Muscicapidae,Passeriformes,23.14,218383,1.29,1
Eumyias sordidus,Muscicapidae,Passeriformes,25.14,5844.08,6.97,1
Eumyias thalassinus,Muscicapidae,Passeriformes,18.1,4490414.63,17.79,1
Ficedula albicilla,Muscicapidae,Passeriformes,10.8,10678211.07,59.73,3
Ficedula albicollis,Muscicapidae,Passeriformes,12.69,2473537.35,50.03,3
Ficedula basilanica,Muscicapidae,Passeriformes,13.54,116046.89,8.33,1
Ficedula bonthaina,Muscicapidae,Passeriformes,12.06,819.18,-5.26,1
Ficedula buruensis,Muscicapidae,Passeriformes,14.5,26661.65,-3.32,1
Ficedula crypta,Muscicapidae,Passeriformes,11.5,20661.05,7.58,1
Ficedula disposita,Muscicapidae,Passeriformes,12.06,12034.25,15.59,1
Ficedula dumetoria,Muscicapidae,Passeriformes,9.4,377877.31,1.73,1
Ficedula elisae,Muscicapidae,Passeriformes,13.1,271834.93,39.35,3
Ficedula erithacus,Muscicapidae,Passeriformes,10,1573474.27,29.11,1
Ficedula harterti,Muscicapidae,Passeriformes,12.06,10702.41,-9.76,1
Ficedula henrici,Muscicapidae,Passeriformes,14.5,196.38,-7.14,1
Ficedula hodgsoni,Muscicapidae,Passeriformes,10,821471.25,16.54,1
Ficedula hyperythra,Muscicapidae,Passeriformes,8.2,2484967.86,18.22,1
Ficedula hypoleuca,Muscicapidae,Passeriformes,13.79,7339714.14,57.07,3
Ficedula luzoniensis,Muscicapidae,Passeriformes,8.2,88047,12.16,1
Ficedula mugimaki,Muscicapidae,Passeriformes,11.7,5734054.5,52,3
Ficedula narcissina,Muscicapidae,Passeriformes,13.1,544878.05,40.79,3
Ficedula nigrorufa,Muscicapidae,Passeriformes,9.36,21353.52,10.87,1
Ficedula owstoni,Muscicapidae,Passeriformes,13.1,3775.15,27.58,3
Ficedula parva,Muscicapidae,Passeriformes,10.8,6006654.02,54,3
Ficedula platenae,Muscicapidae,Passeriformes,12.06,11490.79,9.73,1
Ficedula riedeli,Muscicapidae,Passeriformes,9.4,761.62,-7.58,1
Ficedula ruficauda,Muscicapidae,Passeriformes,13.3,522545.61,34.64,3
Ficedula rufigula,Muscicapidae,Passeriformes,11.6,114166.09,-1.74,1
Ficedula sapphira,Muscicapidae,Passeriformes,7.8,1401814.75,26.1,3
Ficedula semitorquata,Muscicapidae,Passeriformes,14.4,613104.55,40.42,3
Ficedula strophiata,Muscicapidae,Passeriformes,12.84,1910324.82,27.77,1
Ficedula subrubra,Muscicapidae,Passeriformes,10.4,8323.65,33.6,3
Ficedula superciliaris,Muscicapidae,Passeriformes,8,1086206.8,29.59,2
Ficedula timorensis,Muscicapidae,Passeriformes,12.06,5830.43,-9.16,1
Ficedula tricolor,Muscicapidae,Passeriformes,8.26,1598670.74,27.55,1
Ficedula westermanni,Muscicapidae,Passeriformes,7.8,3265491.04,13.42,1
Ficedula zanthopygia,Muscicapidae,Passeriformes,12.11,2688431.56,44.34,3
Fraseria caerulescens,Muscicapidae,Passeriformes,17.6,7513617.5,-8.77,1
Fraseria cinerascens,Muscicapidae,Passeriformes,23.1,3468124.59,2.44,1
Fraseria griseigularis,Muscicapidae,Passeriformes,12.6,2481287.77,0.16,1
Fraseria lendu,Muscicapidae,Passeriformes,17.68,37404.93,-1.44,1
Fraseria ocreata,Muscicapidae,Passeriformes,35.5,3285812.96,0.42,1
Fraseria olivascens,Muscicapidae,Passeriformes,15.41,1272600.1,1.6,1
Fraseria plumbea,Muscicapidae,Passeriformes,12.8,7861104,-2.49,1
Fraseria tessmanni,Muscicapidae,Passeriformes,17.7,202676.5,4.02,1
Heinrichia calligyna,Muscicapidae,Passeriformes,26.8,12550.68,-2.24,1
Heinrichia simplex,Muscicapidae,Passeriformes,26.8,769.21,0.83,1
Heteroxenicus stellatus,Muscicapidae,Passeriformes,23,237692.15,27.81,2
Hodgsonius phaenicuroides,Muscicapidae,Passeriformes,21.1,1490026.61,31.13,2
Humblotia flavirostris,Muscicapidae,Passeriformes,15.9,197.41,-11.75,1
Irania gutturalis,Muscicapidae,Passeriformes,21.6,1374813.39,37.18,3
Kittacincla albiventris,Muscicapidae,Passeriformes,29.23,5202.95,12.3,1
Kittacincla cebuensis,Muscicapidae,Passeriformes,28.5,4442.73,10.31,1
Kittacincla luzoniensis,Muscicapidae,Passeriformes,24,76143.18,15.8,1
Kittacincla malabarica,Muscicapidae,Passeriformes,29.23,4340999.43,13.24,1
Kittacincla nigra,Muscicapidae,Passeriformes,28.5,13692.99,9.97,1
Kittacincla superciliaris,Muscicapidae,Passeriformes,24,24642.14,10.86,1
Larvivora akahige,Muscicapidae,Passeriformes,17,215537.36,40.11,1
Larvivora brunnea,Muscicapidae,Passeriformes,17.5,1131432.3,30.68,3
Larvivora cyane,Muscicapidae,Passeriformes,14.8,6965582.78,53.95,3
Larvivora komadori,Muscicapidae,Passeriformes,23.9,2194.46,29.19,1
Larvivora namiyei,Muscicapidae,Passeriformes,23.9,1284.04,26.49,1
Larvivora ruficeps,Muscicapidae,Passeriformes,18,46541.6,33.71,3
Larvivora sibilans,Muscicapidae,Passeriformes,16.7,5504516.21,56.88,3
Larvivora tanensis,Muscicapidae,Passeriformes,17,301.84,34.04,1
Luscinia luscinia,Muscicapidae,Passeriformes,23.8,6890175.16,55.79,3
Luscinia megarhynchos,Muscicapidae,Passeriformes,19.6,6778462.19,43,3
Melaenornis annamarulae,Muscicapidae,Passeriformes,39.9,132494.24,6.65,1
Melaenornis ardesiacus,Muscicapidae,Passeriformes,29,60515.81,-2.37,1
Melaenornis brunneus,Muscicapidae,Passeriformes,26.84,68829.73,-12.3,1
Melaenornis chocolatinus,Muscicapidae,Passeriformes,23.4,202824.29,9.42,1
Melaenornis edolioides,Muscicapidae,Passeriformes,30.7,3825770.16,8.39,1
Melaenornis fischeri,Muscicapidae,Passeriformes,23.4,655062.95,-3.21,1
Melaenornis herero,Muscicapidae,Passeriformes,27.2,174435.57,-20.2,1
Melaenornis pammelaina,Muscicapidae,Passeriformes,30.2,4080335.72,-14.26,1
Melaenornis semipartitus,Muscicapidae,Passeriformes,22.5,662620.71,5.51,1
Melaenornis silens,Muscicapidae,Passeriformes,25.7,982178.67,-28.41,1
Monticola angolensis,Muscicapidae,Passeriformes,44.4,2218343.4,-12.18,1
Monticola brevipes,Muscicapidae,Passeriformes,33,1043690.36,-24.47,1
Monticola cinclorhyncha,Muscicapidae,Passeriformes,36,406005.35,32.37,3
Monticola erythronotus,Muscicapidae,Passeriformes,28.3,377.22,-12.57,1
Monticola explorator,Muscicapidae,Passeriformes,44.43,368644.24,-30.05,1
Monticola gularis,Muscicapidae,Passeriformes,34.6,2211022.26,48.22,3
Monticola imerina,Muscicapidae,Passeriformes,28.3,18846.5,-24.19,1
Monticola rufiventris,Muscicapidae,Passeriformes,53.2,2361111.08,27.68,1
Monticola rufocinereus,Muscicapidae,Passeriformes,24,583391.08,8.8,1
Monticola rupestris,Muscicapidae,Passeriformes,61.39,557569.05,-29.14,1
Monticola saxatilis,Muscicapidae,Passeriformes,50.3,8709224.99,42.87,3
Monticola semirufus,Muscicapidae,Passeriformes,46.7,386134.07,9.33,1
Monticola sharpei,Muscicapidae,Passeriformes,24.8,242865.01,-19.25,1
Monticola solitarius,Muscicapidae,Passeriformes,53.65,9788977.12,33.99,2
Muscicapa adusta,Muscicapidae,Passeriformes,10.4,2389660.85,-10.16,1
Muscicapa aquatica,Muscicapidae,Passeriformes,11.5,1932273.67,7.05,1
Muscicapa cassini,Muscicapidae,Passeriformes,17.3,3716280.13,-0.71,1
Muscicapa dauurica,Muscicapidae,Passeriformes,9.8,6794474.03,48.12,3
Muscicapa epulata,Muscicapidae,Passeriformes,9.6,903510.24,3.73,1
Muscicapa ferruginea,Muscicapidae,Passeriformes,12,1500474.1,28.15,1
Muscicapa gambagae,Muscicapidae,Passeriformes,13,668892.01,9.5,1
Muscicapa griseisticta,Muscicapidae,Passeriformes,15.9,1482748.62,50.15,3
Muscicapa muttui,Muscicapidae,Passeriformes,12,1144475.6,24.79,3
Muscicapa randi,Muscicapidae,Passeriformes,20.12,105159.84,15.95,2
Muscicapa segregata,Muscicapidae,Passeriformes,9.8,10704.53,-9.76,1
Muscicapa sethsmithi,Muscicapidae,Passeriformes,9.1,1271455.18,0.91,1
Muscicapa sibirica,Muscicapidae,Passeriformes,13.2,8436138.82,48.35,3
Muscicapa striata,Muscicapidae,Passeriformes,15.9,16752202.89,50.39,3
Myiomela cambodiana,Muscicapidae,Passeriformes,26.83,28812.32,11.72,1
Myiomela diana,Muscicapidae,Passeriformes,26.2,91597.85,0.16,1
Myiomela leucura,Muscicapidae,Passeriformes,26.83,2713438.9,24.37,1
Myophonus blighi,Muscicapidae,Passeriformes,66.6,3066.03,6.97,1
Myophonus borneensis,Muscicapidae,Passeriformes,89.65,113340.65,2.67,1
Myophonus caeruleus,Muscicapidae,Passeriformes,157.98,6946443.79,26.68,1
Myophonus castaneus,Muscicapidae,Passeriformes,89.65,93269.9,0.46,1
Myophonus glaucinus,Muscicapidae,Passeriformes,89.65,24651.37,-7.46,1
Myophonus horsfieldii,Muscicapidae,Passeriformes,117,412482.19,19.16,1
Myophonus insularis,Muscicapidae,Passeriformes,117,22221.54,23.94,1
Myophonus melanurus,Muscicapidae,Passeriformes,66.56,66916.96,0.97,1
Myophonus robinsoni,Muscicapidae,Passeriformes,99.2,4373.93,4.08,1
Myrmecocichla aethiops,Muscicapidae,Passeriformes,56.56,2152635.81,13.27,1
Myrmecocichla arnotti,Muscicapidae,Passeriformes,39.6,3102387,-13.39,1
Myrmecocichla formicivora,Muscicapidae,Passeriformes,41.6,2080546.73,-25.75,1
Myrmecocichla melaena,Muscicapidae,Passeriformes,33.1,203238.03,10.61,1
Myrmecocichla monticola,Muscicapidae,Passeriformes,33.1,1391804.19,-26.77,1
Myrmecocichla nigra,Muscicapidae,Passeriformes,40.3,3505287.84,-5.55,1
Myrmecocichla tholloni,Muscicapidae,Passeriformes,41.6,251755.8,-7.82,1
Niltava davidi,Muscicapidae,Passeriformes,24.2,1703826.82,26.16,3
Niltava grandis,Muscicapidae,Passeriformes,30.3,1616357.6,18.6,1
Niltava macgrigoriae,Muscicapidae,Passeriformes,11.95,1593881.01,23.07,2
Niltava oatesi,Muscicapidae,Passeriformes,33,759028.78,27.52,3
Niltava sumatrana,Muscicapidae,Passeriformes,20.5,42459.47,1.29,1
Niltava sundara,Muscicapidae,Passeriformes,21.1,2499713.22,27.58,3
Niltava vivida,Muscicapidae,Passeriformes,33,15979.78,23.77,3
Oenanthe albifrons,Muscicapidae,Passeriformes,20.6,3294680.42,9.08,2
Oenanthe albonigra,Muscicapidae,Passeriformes,25.2,1325675.77,30.15,2
Oenanthe bottae,Muscicapidae,Passeriformes,19.9,116654.28,16.7,2
Oenanthe chrysopygia,Muscicapidae,Passeriformes,22.7,669540.34,35.27,3
Oenanthe cypriaca,Muscicapidae,Passeriformes,16.61,9272.53,35.05,3
Oenanthe deserti,Muscicapidae,Passeriformes,19.84,7736786.49,38.87,2
Oenanthe dubia,Muscicapidae,Passeriformes,19.4,65375.12,9.89,3
Oenanthe familiaris,Muscicapidae,Passeriformes,19.45,7293437.67,-10.67,1
Oenanthe finschii,Muscicapidae,Passeriformes,27.38,1767328.83,38.38,3
Oenanthe frenata,Muscicapidae,Passeriformes,19.9,290897.52,9.43,2
Oenanthe fusca,Muscicapidae,Passeriformes,12.7,1062229.72,25.88,1
Oenanthe heuglinii,Muscicapidae,Passeriformes,19.9,4731515.76,11.49,2
Oenanthe hispanica,Muscicapidae,Passeriformes,15.04,3529344.19,37.85,3
Oenanthe isabellina,Muscicapidae,Passeriformes,29.4,11710698.47,42.82,3
Oenanthe leucopyga,Muscicapidae,Passeriformes,27.9,5398249.87,24.91,1
Oenanthe leucura,Muscicapidae,Passeriformes,41,1288299.84,33.97,2
Oenanthe lugens,Muscicapidae,Passeriformes,22.44,2312897.13,25.7,1
Oenanthe melanura,Muscicapidae,Passeriformes,15.2,2174337.34,19.31,1
Oenanthe moesta,Muscicapidae,Passeriformes,30.2,923235.91,32.15,1
Oenanthe monacha,Muscicapidae,Passeriformes,21.55,938292.16,28.57,1
Oenanthe oenanthe,Muscicapidae,Passeriformes,25.39,29248291.46,56.46,3
Oenanthe phillipsi,Muscicapidae,Passeriformes,19.6,557674.64,8.22,1
Oenanthe picata,Muscicapidae,Passeriformes,21.59,1146604.04,34.32,3
Oenanthe pileata,Muscicapidae,Passeriformes,26.8,5997462.33,-16.52,2
Oenanthe pleschanka,Muscicapidae,Passeriformes,19.36,8846595.23,45.08,3
Oenanthe scotocerca,Muscicapidae,Passeriformes,16,554755.07,9.25,1
Oenanthe seebohmi,Muscicapidae,Passeriformes,25.39,83921.52,33.06,3
Oenanthe xanthoprymna,Muscicapidae,Passeriformes,22.7,102691.11,37.19,3
Oreocossypha isabellae,Muscicapidae,Passeriformes,24,51494.15,6.12,1
Phoenicurus alaschanicus,Muscicapidae,Passeriformes,16.75,682662.11,37.13,3
Phoenicurus auroreus,Muscicapidae,Passeriformes,16.2,4822744.76,45.76,3
Phoenicurus bicolor,Muscicapidae,Passeriformes,23,29094.74,16.97,1
Phoenicurus coeruleocephala,Muscicapidae,Passeriformes,14.9,733085.94,39.41,2
Phoenicurus erythrogastrus,Muscicapidae,Passeriformes,24.54,3629707.32,42.79,2
Phoenicurus erythronotus,Muscicapidae,Passeriformes,18.5,1780954.68,47.45,3
Phoenicurus frontalis,Muscicapidae,Passeriformes,15.77,2351061.38,32.07,2
Phoenicurus fuliginosus,Muscicapidae,Passeriformes,20.33,5100213.95,30.39,1
Phoenicurus hodgsoni,Muscicapidae,Passeriformes,17,1423199.97,31.71,3
Phoenicurus leucocephalus,Muscicapidae,Passeriformes,30.04,4081167.55,31.86,1
Phoenicurus moussieri,Muscicapidae,Passeriformes,14.9,1093554.13,33.21,1
Phoenicurus ochruros,Muscicapidae,Passeriformes,16.5,13764225.49,42.46,2
Phoenicurus phoenicurus,Muscicapidae,Passeriformes,14.59,14485113.51,53.91,3
Phoenicurus schisticeps,Muscicapidae,Passeriformes,18.1,754510.63,31.33,2
Pinarochroa sordida,Muscicapidae,Passeriformes,21,188372.16,7.26,1
Pinarornis plumosus,Muscicapidae,Passeriformes,65.8,213455.19,-17.54,1
Pogonocichla stellata,Muscicapidae,Passeriformes,18.6,1560903.36,-12.69,1
Saxicola caprata,Muscicapidae,Passeriformes,15.2,9769943,24.89,3
Saxicola dacotiae,Muscicapidae,Passeriformes,12.2,1260.31,28.4,1
Saxicola ferreus,Muscicapidae,Passeriformes,14.7,3385788.78,27.41,1
Saxicola gutturalis,Muscicapidae,Passeriformes,15.27,30091.32,-9.32,1
Saxicola insignis,Muscicapidae,Passeriformes,15.27,229113.44,47.75,3
Saxicola jerdoni,Muscicapidae,Passeriformes,15.27,392190.42,24.02,1
Saxicola leucurus,Muscicapidae,Passeriformes,14.1,803653.83,24.72,1
Saxicola macrorhynchus,Muscicapidae,Passeriformes,15.27,90095.29,26.9,2
Saxicola rubetra,Muscicapidae,Passeriformes,16.6,10238944.41,55.53,3
Saxicola tectes,Muscicapidae,Passeriformes,12.64,2541.14,-21.12,1
Saxicola torquatus,Muscicapidae,Passeriformes,14.09,32655980.34,42.7,2
Saxicoloides fulicatus,Muscicapidae,Passeriformes,16.6,3270463.13,22.66,1
Sheppardia aequatorialis,Muscicapidae,Passeriformes,16.8,137290.29,-0.69,1
Sheppardia aurantiithorax,Muscicapidae,Passeriformes,18.4,552.41,-6.81,1
Sheppardia bocagei,Muscicapidae,Passeriformes,18.3,589392.08,-11.43,1
Sheppardia cyornithopsis,Muscicapidae,Passeriformes,18.36,1075584.27,2.35,1
Sheppardia gabela,Muscicapidae,Passeriformes,11,958.02,-11.13,1
Sheppardia gunningi,Muscicapidae,Passeriformes,17.33,58081.47,-9.72,1
Sheppardia lowei,Muscicapidae,Passeriformes,18.4,6701.62,-8.52,1
Sheppardia montana,Muscicapidae,Passeriformes,21.8,929.87,-4.7,1
Sheppardia poensis,Muscicapidae,Passeriformes,18.3,117734.46,2.07,1
Sheppardia polioptera,Muscicapidae,Passeriformes,18.71,644019.5,1.93,1
Sheppardia sharpei,Muscicapidae,Passeriformes,14.7,92949.69,-8.13,1
Sholicola albiventris,Muscicapidae,Passeriformes,38.46,1353.1,9.86,1
Sholicola major,Muscicapidae,Passeriformes,38.46,1160.85,11.87,1
Stiphrornis erythrothorax,Muscicapidae,Passeriformes,15.6,797767.7,5.79,1
Stiphrornis pyrrholaemus,Muscicapidae,Passeriformes,15.6,97383.54,-2.33,1
Stiphrornis xanthogaster,Muscicapidae,Passeriformes,15.6,1407884.15,0.74,1
Swynnertonia swynnertoni,Muscicapidae,Passeriformes,16.04,7065.43,-11.39,1
Tarsiger chrysaeus,Muscicapidae,Passeriformes,13.8,794239.03,28.06,2
Tarsiger cyanurus,Muscicapidae,Passeriformes,13.43,11663371.34,57.25,3
Tarsiger hyperythrus,Muscicapidae,Passeriformes,12,222171.39,27.97,2
Tarsiger indicus,Muscicapidae,Passeriformes,14.6,533602.16,27.96,1
Tarsiger johnstoniae,Muscicapidae,Passeriformes,10.49,23533.29,23.71,1
Tarsiger rufilatus,Muscicapidae,Passeriformes,12.8,1580126.41,31.11,3
Thamnolaea cinnamomeiventris,Muscicapidae,Passeriformes,39.8,2978092.64,-5.63,1
Trichixos pyrropygus,Muscicapidae,Passeriformes,40.9,1050012.65,0.86,1
Tychaedon barbata,Muscicapidae,Passeriformes,25.6,1773141.4,-11.79,1
Tychaedon coryphoeus,Muscicapidae,Passeriformes,20.4,875738.69,-29.37,1
Tychaedon leucosticta,Muscicapidae,Passeriformes,25.42,888229.9,2.36,1
Tychaedon quadrivirgata,Muscicapidae,Passeriformes,26.1,1616296.2,-15.43,1
Tychaedon signata,Muscicapidae,Passeriformes,38.2,167351,-27.7,1
Vauriella albigularis,Muscicapidae,Passeriformes,35.66,23404.43,10.58,1
Vauriella goodfellowi,Muscicapidae,Passeriformes,31.7,7732.35,7.38,1
Vauriella gularis,Muscicapidae,Passeriformes,25.1,31180.06,2.97,1
Vauriella insignis,Muscicapidae,Passeriformes,28.7,9756.91,16.94,1
Xenocopsychus ansorgei,Muscicapidae,Passeriformes,35.07,40187.62,-12.74,1
Aethopyga bella,Nectariniidae,Passeriformes,4,273279.54,11.89,1
Aethopyga boltoni,Nectariniidae,Passeriformes,7.09,7469.32,7.32,1
Aethopyga christinae,Nectariniidae,Passeriformes,5.2,33798.32,19.2,1
Aethopyga duyvenbodei,Nectariniidae,Passeriformes,6.03,556.53,3.56,1
Aethopyga eximia,Nectariniidae,Passeriformes,5.2,6820.94,-7.43,1
Aethopyga flagrans,Nectariniidae,Passeriformes,6.7,103535.95,15.95,1
Aethopyga gouldiae,Nectariniidae,Passeriformes,5,3562401.81,26.41,2
Aethopyga guimarasensis,Nectariniidae,Passeriformes,6.7,24940.16,10.58,1
Aethopyga ignicauda,Nectariniidae,Passeriformes,8.2,586253.74,27.26,1
Aethopyga latouchii,Nectariniidae,Passeriformes,5.2,1722122.42,25.46,1
Aethopyga linaraborae,Nectariniidae,Passeriformes,7.2,2030.38,7.39,1
Aethopyga magnifica,Nectariniidae,Passeriformes,9.3,30862.98,10.7,1
Aethopyga mystacalis,Nectariniidae,Passeriformes,6,125331.13,-7.3,1
Aethopyga nipalensis,Nectariniidae,Passeriformes,6.9,1011015.38,24.13,1
Aethopyga primigenia,Nectariniidae,Passeriformes,7,12041,7.52,1
Aethopyga pulcherrima,Nectariniidae,Passeriformes,6.2,210928.17,11.83,1
Aethopyga saturata,Nectariniidae,Passeriformes,5.3,1679748.82,21.04,1
Aethopyga shelleyi,Nectariniidae,Passeriformes,4,13152.41,9.93,1
Aethopyga siparaja,Nectariniidae,Passeriformes,6.7,4911554.19,14.37,1
Aethopyga temminckii,Nectariniidae,Passeriformes,6,593269.15,2.2,1
Aethopyga vigorsii,Nectariniidae,Passeriformes,6.7,177886.52,17.37,1
Anabathmis hartlaubii,Nectariniidae,Passeriformes,10.5,146.65,1.62,1
Anabathmis newtonii,Nectariniidae,Passeriformes,6.5,858.51,0.24,1
Anabathmis reichenbachii,Nectariniidae,Passeriformes,11.4,2222320.41,-0.61,1
Anthobaphes violacea,Nectariniidae,Passeriformes,9.38,91921.14,-33.49,1
Anthreptes anchietae,Nectariniidae,Passeriformes,8,465325.07,-11.38,1
Anthreptes aurantius,Nectariniidae,Passeriformes,12.5,1740388.21,0.6,1
Anthreptes gabonicus,Nectariniidae,Passeriformes,10.6,1342362.4,5.64,1
Anthreptes griseigularis,Nectariniidae,Passeriformes,15,98230.27,12.9,1
Anthreptes longuemarei,Nectariniidae,Passeriformes,11.44,5262392.93,-2.31,1
Anthreptes malacensis,Nectariniidae,Passeriformes,11.33,2166604.35,3.2,1
Anthreptes neglectus,Nectariniidae,Passeriformes,11.83,250651.55,-7.54,1
Anthreptes orientalis,Nectariniidae,Passeriformes,10.3,1935952.46,2.38,1
Anthreptes rectirostris,Nectariniidae,Passeriformes,10.57,448143.89,6.8,1
Anthreptes reichenowi,Nectariniidae,Passeriformes,7.32,438283.12,-19.08,1
Anthreptes rhodolaemus,Nectariniidae,Passeriformes,13.1,434795.42,3.47,1
Anthreptes rubritorques,Nectariniidae,Passeriformes,10.7,7092.32,-6.21,1
Anthreptes seimundi,Nectariniidae,Passeriformes,6.58,2083351.49,1.56,1
Anthreptes simplex,Nectariniidae,Passeriformes,8.93,1062052.92,1.43,1
Anthreptes tephrolaemus,Nectariniidae,Passeriformes,10.57,2477311.5,0.4,1
Arachnothera affinis,Nectariniidae,Passeriformes,26.4,349980.16,-0.9,1
Arachnothera chrysogenys,Nectariniidae,Passeriformes,23.2,1237350.36,0.58,1
Arachnothera clarae,Nectariniidae,Passeriformes,30.1,183271.36,11.05,1
Arachnothera crassirostris,Nectariniidae,Passeriformes,16,899703.48,1.52,1
Arachnothera dilutior,Nectariniidae,Passeriformes,11.2,12143.54,9.71,1
Arachnothera flammifera,Nectariniidae,Passeriformes,11.8,120745.55,8.39,1
Arachnothera flavigaster,Nectariniidae,Passeriformes,38.4,1166970.15,0.97,1
Arachnothera juliae,Nectariniidae,Passeriformes,30.1,29522.53,3.71,1
Arachnothera longirostra,Nectariniidae,Passeriformes,12.46,3514761.53,11.25,1
Arachnothera magna,Nectariniidae,Passeriformes,30.7,1984624.62,21.12,1
Arachnothera modesta,Nectariniidae,Passeriformes,26.4,1146535.8,1,1
Arachnothera robusta,Nectariniidae,Passeriformes,29.3,630859.75,0.97,1
Chalcomitra adelberti,Nectariniidae,Passeriformes,9.8,915043.57,7.1,1
Chalcomitra amethystina,Nectariniidae,Passeriformes,13.66,3590561.92,-13.93,2
Chalcomitra balfouri,Nectariniidae,Passeriformes,10.95,3622.4,12.51,1
Chalcomitra fuliginosa,Nectariniidae,Passeriformes,11.9,263939.43,-1.56,1
Chalcomitra hunteri,Nectariniidae,Passeriformes,11.8,1422643.43,3.92,1
Chalcomitra rubescens,Nectariniidae,Passeriformes,10.3,2910535.16,-2,1
Chalcomitra senegalensis,Nectariniidae,Passeriformes,12.24,9424883.18,-3.8,2
Chalcoparia singalensis,Nectariniidae,Passeriformes,8.2,2829894.28,10.61,1
Cinnyris afer,Nectariniidae,Passeriformes,11.1,365697.14,-29.41,1
Cinnyris asiaticus,Nectariniidae,Passeriformes,8.1,5816862.3,22.15,1
Cinnyris batesi,Nectariniidae,Passeriformes,6.3,854825.13,1.64,1
Cinnyris bifasciatus,Nectariniidae,Passeriformes,7.18,1925702.6,-12.39,1
Cinnyris bouvieri,Nectariniidae,Passeriformes,8.7,360313.74,1.28,1
Cinnyris buettikoferi,Nectariniidae,Passeriformes,9,10702.41,-9.76,1
Cinnyris chalcomelas,Nectariniidae,Passeriformes,8.2,63807.07,0.11,1
Cinnyris chalybeus,Nectariniidae,Passeriformes,7.73,496199.25,-30.95,1
Cinnyris chloropygius,Nectariniidae,Passeriformes,6.2,4297123.95,1.28,2
Cinnyris coccinigastrus,Nectariniidae,Passeriformes,14.3,1723775.75,7.01,1
Cinnyris comorensis,Nectariniidae,Passeriformes,7.77,357.55,-12.21,1
Cinnyris congensis,Nectariniidae,Passeriformes,17.3,130504.85,0.95,1
Cinnyris coquerellii,Nectariniidae,Passeriformes,7.93,370.97,-12.82,1
Cinnyris cupreus,Nectariniidae,Passeriformes,8.9,7848077.34,-0.53,1
Cinnyris dussumieri,Nectariniidae,Passeriformes,10.8,244.59,-4.56,1
Cinnyris erythrocercus,Nectariniidae,Passeriformes,8.79,438707.33,0.65,1
Cinnyris fuelleborni,Nectariniidae,Passeriformes,8.19,244106.5,-11.26,1
Cinnyris fuscus,Nectariniidae,Passeriformes,7.83,1120628.47,-26.33,1
Cinnyris gertrudis,Nectariniidae,Passeriformes,9.48,711956.82,-11.75,1
Cinnyris habessinicus,Nectariniidae,Passeriformes,9.5,1107754.72,8.82,1
Cinnyris hellmayri,Nectariniidae,Passeriformes,9.5,496062.53,17.25,1
Cinnyris humbloti,Nectariniidae,Passeriformes,6.4,1240.87,-11.77,1
Cinnyris idenburgi,Nectariniidae,Passeriformes,8.99,139090.1,-3.99,1
Cinnyris johannae,Nectariniidae,Passeriformes,13.03,1631281.91,1.52,1
Cinnyris jugularis,Nectariniidae,Passeriformes,8.99,5063701.81,7.4,1
Cinnyris lotenius,Nectariniidae,Passeriformes,8.77,292016.32,12.6,1
Cinnyris loveridgei,Nectariniidae,Passeriformes,9.76,259.47,-7.06,1
Cinnyris ludovicensis,Nectariniidae,Passeriformes,8.67,85632.04,-12.19,1
Cinnyris manoensis,Nectariniidae,Passeriformes,9.48,454948.66,-17.2,1
Cinnyris mariquensis,Nectariniidae,Passeriformes,11.47,2606050.21,-15.86,1
Cinnyris mediocris,Nectariniidae,Passeriformes,8.19,195956.74,-0.38,1
Cinnyris melanogastrus,Nectariniidae,Passeriformes,7.03,223148.81,-4.09,1
Cinnyris minullus,Nectariniidae,Passeriformes,5.7,1198202.19,1.87,1
Cinnyris moebii,Nectariniidae,Passeriformes,14.57,1031.48,-11.66,1
Cinnyris moreaui,Nectariniidae,Passeriformes,8.24,29656.26,-7,1
Cinnyris nectarinioides,Nectariniidae,Passeriformes,4.8,496613.1,0.79,1
Cinnyris neergaardi,Nectariniidae,Passeriformes,6.14,138996.95,-23.73,1
Cinnyris notatus,Nectariniidae,Passeriformes,14.57,590045.88,-19.38,1
Cinnyris osea,Nectariniidae,Passeriformes,7.18,568902.39,17.12,1
Cinnyris oustaleti,Nectariniidae,Passeriformes,8.1,219261.25,-11.45,1
Cinnyris pembae,Nectariniidae,Passeriformes,8.2,970.42,-5.17,1
Cinnyris prigoginei,Nectariniidae,Passeriformes,11.1,1046.69,-7.55,1
Cinnyris pulchellus,Nectariniidae,Passeriformes,7.03,5431378.76,11.8,1
Cinnyris regius,Nectariniidae,Passeriformes,6.58,76601.79,-2.14,1
Cinnyris reichenowi,Nectariniidae,Passeriformes,6.8,243088.55,2.71,1
Cinnyris rockefelleri,Nectariniidae,Passeriformes,5.3,7907.78,-2.93,1
Cinnyris rufipennis,Nectariniidae,Passeriformes,8.79,4406.47,-8.04,1
Cinnyris shelleyi,Nectariniidae,Passeriformes,8.98,416193.99,-13.26,1
Cinnyris solaris,Nectariniidae,Passeriformes,9,66937.6,-8.88,1
Cinnyris sovimanga,Nectariniidae,Passeriformes,7.24,591013.44,-19.38,1
Cinnyris stuhlmanni,Nectariniidae,Passeriformes,8.8,12102.1,-2.24,1
Cinnyris superbus,Nectariniidae,Passeriformes,16.8,2854180.16,-0.98,1
Cinnyris talatala,Nectariniidae,Passeriformes,8.09,2820942.59,-18.57,1
Cinnyris tsavoensis,Nectariniidae,Passeriformes,6.8,114686.09,-2.11,1
Cinnyris ursulae,Nectariniidae,Passeriformes,6.5,27769.05,5.49,1
Cinnyris usambaricus,Nectariniidae,Passeriformes,8.19,27747.51,-3.93,1
Cinnyris venustus,Nectariniidae,Passeriformes,6.56,5595541.69,-1.21,1
Cinnyris voeltzkowi,Nectariniidae,Passeriformes,14.57,213.59,-12.32,1
Cyanomitra alinae,Nectariniidae,Passeriformes,12.56,114321.46,-2.14,1
Cyanomitra bannermani,Nectariniidae,Passeriformes,14,454416.96,-10.13,1
Cyanomitra cyanolaema,Nectariniidae,Passeriformes,16.8,3142385.64,-0.81,1
Cyanomitra olivacea,Nectariniidae,Passeriformes,9.65,5394958.82,-3.22,1
Cyanomitra oritis,Nectariniidae,Passeriformes,11.17,65561.74,6.15,1
Cyanomitra verreauxii,Nectariniidae,Passeriformes,11.5,155165.64,-19.36,2
Cyanomitra verticalis,Nectariniidae,Passeriformes,14.43,5373209.67,1.66,1
Deleornis axillaris,Nectariniidae,Passeriformes,11.31,1451989.39,-0.6,1
Deleornis fraseri,Nectariniidae,Passeriformes,11.31,1859228.62,2.9,1
Drepanorhynchus reichenowi,Nectariniidae,Passeriformes,14.66,217754.73,-0.69,2
Dreptes thomensis,Nectariniidae,Passeriformes,26.2,333.92,0.22,1
Hedydipna collaris,Nectariniidae,Passeriformes,6.98,9197435.7,-4.74,1
Hedydipna metallica,Nectariniidae,Passeriformes,7.2,1209467.95,15.8,1
Hedydipna pallidigaster,Nectariniidae,Passeriformes,6.8,864.21,-6.39,1
Hedydipna platura,Nectariniidae,Passeriformes,6.7,4094486.35,12.14,1
Kurochkinegramma hypogrammica,Nectariniidae,Passeriformes,11.42,2037212.16,7.01,1
Leptocoma aspasia,Nectariniidae,Passeriformes,8,916101.7,-4.7,1
Leptocoma brasiliana,Nectariniidae,Passeriformes,6.4,1620103.52,8.34,1
Leptocoma calcostetha,Nectariniidae,Passeriformes,8.3,568344.61,-0.12,1
Leptocoma juliae,Nectariniidae,Passeriformes,6.4,60589.84,7.25,1
Leptocoma minima,Nectariniidae,Passeriformes,4.89,57005.42,13.1,1
Leptocoma sperata,Nectariniidae,Passeriformes,6.4,229948.47,12.92,1
Leptocoma zeylonica,Nectariniidae,Passeriformes,8.77,1817376.93,18.57,1
Nectarinia bocagii,Nectariniidae,Passeriformes,14.8,114260.42,-11.14,1
Nectarinia famosa,Nectariniidae,Passeriformes,14.36,1109036.73,-19.4,1
Nectarinia johnstoni,Nectariniidae,Passeriformes,15.16,21310.45,-3.02,1
Nectarinia kilimensis,Nectariniidae,Passeriformes,15.66,511131.66,-4.7,1
Nectarinia purpureiventris,Nectariniidae,Passeriformes,11.5,70154.05,-2.19,1
Nectarinia tacazze,Nectariniidae,Passeriformes,14.87,285225.05,7.7,1
Daphoenositta chrysoptera,Neosittidae,Passeriformes,11.7,4739552.35,-26.34,1
Daphoenositta miranda,Neosittidae,Passeriformes,16.77,39938.14,-5.36,1
Daphoenositta papuensis,Neosittidae,Passeriformes,11.7,155981,-5.21,1
Nesospingus speculiferus,Nesospingidae,Passeriformes,35.2,8774.42,18.23,1
Nicator chloris,Nicatoridae,Passeriformes,46.1,3969589.79,0.97,1
Nicator gularis,Nicatoridae,Passeriformes,45.58,940421.62,-15.33,1
Nicator vireo,Nicatoridae,Passeriformes,23.6,1466486.16,-1.02,1
Notiomystis cincta,Notiomystidae,Passeriformes,93.37,100.83,-39.19,1
Aleadryas rufinucha,Oreoicidae,Passeriformes,40.5,150684.68,-5.12,1
Oreoica gutturalis,Oreoicidae,Passeriformes,62.8,4957954.29,-27,1
Ornorectes cristatus,Oreoicidae,Passeriformes,79,152938.38,-3.98,1
Oriolus albiloris,Oriolidae,Passeriformes,38.6,22182.67,16.79,1
Oriolus auratus,Oriolidae,Passeriformes,66.2,4622656.44,-4.7,1
Oriolus bouroensis,Oriolidae,Passeriformes,109,4674.49,-3.44,1
Oriolus brachyrynchus,Oriolidae,Passeriformes,49.02,2640549.2,2.3,1
Oriolus chinensis,Oriolidae,Passeriformes,82.6,5911861.17,28.53,2
Oriolus chlorocephalus,Oriolidae,Passeriformes,49,61138.59,-7.9,2
Oriolus consanguineus,Oriolidae,Passeriformes,64,287984.38,1.8,1
Oriolus crassirostris,Oriolidae,Passeriformes,50,481.69,0.22,1
Oriolus cruentus,Oriolidae,Passeriformes,64,25422.28,-7.35,1
Oriolus decipiens,Oriolidae,Passeriformes,109,2788.76,-7.55,1
Oriolus finschi,Oriolidae,Passeriformes,95.2,2785.65,-7.8,1
Oriolus flavocinctus,Oriolidae,Passeriformes,109,535100.57,-14.45,1
Oriolus forsteni,Oriolidae,Passeriformes,109,15001.23,-3.21,1
Oriolus hosii,Oriolidae,Passeriformes,64,20423.78,3.44,1
Oriolus isabellae,Oriolidae,Passeriformes,46.1,1081.94,17.5,1
Oriolus kundoo,Oriolidae,Passeriformes,65.6,2500730.74,32.5,3
Oriolus larvatus,Oriolidae,Passeriformes,66.1,6081428.22,-11.02,1
Oriolus melanotis,Oriolidae,Passeriformes,95.2,30023.17,-9.32,1
Oriolus mellianus,Oriolidae,Passeriformes,93,27518.44,26.07,3
Oriolus monacha,Oriolidae,Passeriformes,68.5,337144.38,9.6,1
Oriolus nigripennis,Oriolidae,Passeriformes,56.7,2050735.04,2.64,1
Oriolus oriolus,Oriolidae,Passeriformes,79,11164384.03,50.16,3
Oriolus percivali,Oriolidae,Passeriformes,61,164128.38,-1,1
Oriolus phaeochromus,Oriolidae,Passeriformes,109,18108.91,0.87,2
Oriolus sagittatus,Oriolidae,Passeriformes,95.2,3411405.87,-24.55,2
Oriolus steerii,Oriolidae,Passeriformes,46.5,140076.59,8.64,1
Oriolus szalayi,Oriolidae,Passeriformes,95.2,680368.63,-5.31,1
Oriolus tenuirostris,Oriolidae,Passeriformes,81.38,862811.5,21.47,1
Oriolus traillii,Oriolidae,Passeriformes,73.66,1953091.34,22.35,1
Oriolus xanthonotus,Oriolidae,Passeriformes,45,1161887.17,0.94,1
Oriolus xanthornus,Oriolidae,Passeriformes,56.3,4313543.23,20.27,1
Pitohui cerviniventris,Oriolidae,Passeriformes,72,3913.3,-0.31,1
Pitohui dichrous,Oriolidae,Passeriformes,92.9,224365.73,-5.13,1
Pitohui kirhocephalus,Oriolidae,Passeriformes,72,243662.14,-3.46,1
Pitohui uropygialis,Oriolidae,Passeriformes,72,239874.6,-5.63,1
Sphecotheres hypoleucus,Oriolidae,Passeriformes,77.5,2638.29,-7.78,1
Sphecotheres vieilloti,Oriolidae,Passeriformes,121.5,993924.12,-21.26,1
Sphecotheres viridis,Oriolidae,Passeriformes,121.04,30023.14,-9.32,1
Orthonyx novaeguineae,Orthonychidae,Passeriformes,58.06,65388.82,-4.73,1
Orthonyx spaldingii,Orthonychidae,Passeriformes,149.91,23436.79,-17.67,1
Orthonyx temminckii,Orthonychidae,Passeriformes,58.06,166548.28,-30.13,1
Colluricincla boweri,Pachycephalidae,Passeriformes,43.8,30983.14,-17.33,1
Colluricincla harmonica,Pachycephalidae,Passeriformes,65.8,6919512.58,-25.55,1
Colluricincla megarhyncha,Pachycephalidae,Passeriformes,32.34,1204726.42,-10.03,1
Colluricincla tenebrosa,Pachycephalidae,Passeriformes,46,40629.61,-4.23,1
Colluricincla woodwardi,Pachycephalidae,Passeriformes,54.5,549567.85,-16.13,1
Coracornis raveni,Pachycephalidae,Passeriformes,36,11498.5,-2.07,1
Coracornis sanghirensis,Pachycephalidae,Passeriformes,32.34,5.29,3.51,1
Melanorectes nigrescens,Pachycephalidae,Passeriformes,76.9,131590.72,-5.24,1
Pachycephala albiventris,Pachycephalidae,Passeriformes,21.1,104394.32,15.73,1
Pachycephala arctitorquis,Pachycephalidae,Passeriformes,22.4,5480.79,-7.67,2
Pachycephala aurea,Pachycephalidae,Passeriformes,23.8,56491.92,-5.49,1
Pachycephala caledonica,Pachycephalidae,Passeriformes,22.67,16533.26,-21.34,1
Pachycephala cinerea,Pachycephalidae,Passeriformes,21,1077022.85,3.54,1
Pachycephala feminina,Pachycephalidae,Passeriformes,30.36,675.55,-11.65,2
Pachycephala flavifrons,Pachycephalidae,Passeriformes,41.45,2877.15,-13.74,1
Pachycephala fulvotincta,Pachycephalidae,Passeriformes,30.36,77916.92,-8.58,2
Pachycephala griseiceps,Pachycephalidae,Passeriformes,21.8,753374.45,-6,1
Pachycephala griseonota,Pachycephalidae,Passeriformes,22.38,43720.57,-1.42,2
Pachycephala homeyeri,Pachycephalidae,Passeriformes,25.82,125156.59,8.35,1
Pachycephala hyperythra,Pachycephalidae,Passeriformes,27.7,103362.37,-4.07,1
Pachycephala hypoxantha,Pachycephalidae,Passeriformes,22.3,84264.52,2.3,1
Pachycephala implicata,Pachycephalidae,Passeriformes,34.47,260.24,-9.7,1
Pachycephala inornata,Pachycephalidae,Passeriformes,30.8,1593660.36,-31.99,1
Pachycephala jacquinoti,Pachycephalidae,Passeriformes,36,140.16,-18.65,1
Pachycephala lanioides,Pachycephalidae,Passeriformes,38.69,255698.63,-16.61,1
Pachycephala leucogastra,Pachycephalidae,Passeriformes,18.5,3984.2,-5.09,1
Pachycephala lorentzi,Pachycephalidae,Passeriformes,19.4,47469.46,-4.15,1
Pachycephala melanura,Pachycephalidae,Passeriformes,23.8,524241.76,-16.28,1
Pachycephala mentalis,Pachycephalidae,Passeriformes,30.36,24456.99,0.65,2
Pachycephala meyeri,Pachycephalidae,Passeriformes,19,8657.87,-1.06,1
Pachycephala modesta,Pachycephalidae,Passeriformes,18.3,68146.9,-6.51,1
Pachycephala monacha,Pachycephalidae,Passeriformes,26,33190.9,-6.24,1
Pachycephala nudigula,Pachycephalidae,Passeriformes,34.5,20084.05,-8.64,1
Pachycephala olivacea,Pachycephalidae,Passeriformes,41.2,298358.81,-37.51,1
Pachycephala orioloides,Pachycephalidae,Passeriformes,42.7,36507.21,-8.1,2
Pachycephala orpheus,Pachycephalidae,Passeriformes,15.5,21909.22,-8.9,1
Pachycephala par,Pachycephalidae,Passeriformes,30.36,631.73,-8.02,2
Pachycephala pectoralis,Pachycephalidae,Passeriformes,30.36,1963546.27,-30.7,2
Pachycephala phaionota,Pachycephalidae,Passeriformes,24.8,9616.8,-1.21,1
Pachycephala philippinensis,Pachycephalidae,Passeriformes,22.3,193262.3,11.46,1
Pachycephala richardsi,Pachycephalidae,Passeriformes,34.47,591.04,-5.96,1
Pachycephala rufiventris,Pachycephalidae,Passeriformes,22.48,7227395.75,-25.44,1
Pachycephala rufogularis,Pachycephalidae,Passeriformes,36.6,102346.36,-34.55,1
Pachycephala schlegelii,Pachycephalidae,Passeriformes,22.7,132622.24,-5.35,1
Pachycephala simplex,Pachycephalidae,Passeriformes,17.4,93200.99,-12.58,1
Pachycephala soror,Pachycephalidae,Passeriformes,24.8,221930.33,-5.4,1
Pachycephala sulfuriventer,Pachycephalidae,Passeriformes,21.4,49473.03,-1.72,1
Pachycephala tenebrosa,Pachycephalidae,Passeriformes,46,456.67,7.45,1
Pachycephala teysmanni,Pachycephalidae,Passeriformes,30.36,657.75,-6.1,2
Pachycephala vitiensis,Pachycephalidae,Passeriformes,30.36,18250.99,-17.46,2
Pseudorectes ferrugineus,Pachycephalidae,Passeriformes,93.91,614817.29,-5.32,1
Pseudorectes incertus,Pachycephalidae,Passeriformes,75,606.03,-5.33,1
Panurus biarmicus,Panuridae,Passeriformes,13.82,11689099.28,44.98,2
Astrapia mayeri,Paradisaeidae,Passeriformes,139.29,7451.13,-5.67,1
Astrapia nigra,Paradisaeidae,Passeriformes,190,3721.2,-1.13,1
Astrapia rothschildi,Paradisaeidae,Passeriformes,181.41,6673.3,-6.13,1
Astrapia splendidissima,Paradisaeidae,Passeriformes,131.33,42648.98,-4.16,1
Astrapia stephaniae,Paradisaeidae,Passeriformes,141.77,55589.82,-7.1,1
Cicinnurus magnificus,Paradisaeidae,Passeriformes,89.8,116997.4,-5.25,1
Cicinnurus regius,Paradisaeidae,Passeriformes,51.63,479513.91,-4.61,1
Cicinnurus respublica,Paradisaeidae,Passeriformes,58.44,3966.99,-0.31,1
Drepanornis albertisi,Paradisaeidae,Passeriformes,110,23525.74,-6.87,1
Drepanornis bruijnii,Paradisaeidae,Passeriformes,153.31,38122.93,-2.7,1
Epimachus fastosus,Paradisaeidae,Passeriformes,232.87,80656.88,-4.79,1
Epimachus meyeri,Paradisaeidae,Passeriformes,220.48,135052.62,-5.39,1
Lophorina feminina,Paradisaeidae,Passeriformes,76.66,NA,NA,1
Lophorina intercedens,Paradisaeidae,Passeriformes,158,104258.24,-7.95,1
Lophorina magnifica,Paradisaeidae,Passeriformes,149.88,495422.81,-4.79,1
Lophorina minor,Paradisaeidae,Passeriformes,76.66,NA,NA,1
Lophorina paradisea,Paradisaeidae,Passeriformes,119.49,128251.12,-28.52,1
Lophorina superba,Paradisaeidae,Passeriformes,76.66,160974.68,-5.32,1
Lophorina victoriae,Paradisaeidae,Passeriformes,95.02,31555.33,-17.51,1
Lycocorax obiensis,Paradisaeidae,Passeriformes,283.91,2711.49,-1.54,1
Lycocorax pyrrhopterus,Paradisaeidae,Passeriformes,283.91,22792.49,0.87,1
Manucodia ater,Paradisaeidae,Passeriformes,228.01,136828.14,-6.32,1
Manucodia chalybatus,Paradisaeidae,Passeriformes,215.88,81016.84,-6.92,1
Manucodia comrii,Paradisaeidae,Passeriformes,432.74,3220.81,-9.51,1
Manucodia jobiensis,Paradisaeidae,Passeriformes,202.58,22487.64,-4.16,1
Paradigalla brevicauda,Paradisaeidae,Passeriformes,167.92,91714.96,-4.82,2
Paradigalla carunculata,Paradisaeidae,Passeriformes,170,3319.37,-1.22,2
Paradisaea apoda,Paradisaeidae,Passeriformes,172,99261.9,-6.12,1
Paradisaea decora,Paradisaeidae,Passeriformes,237,834.46,-9.68,1
Paradisaea guilielmi,Paradisaeidae,Passeriformes,256,10730.8,-6.1,1
Paradisaea minor,Paradisaeidae,Passeriformes,207.93,273509.57,-3.08,1
Paradisaea raggiana,Paradisaeidae,Passeriformes,212.59,200424.71,-7.7,1
Paradisaea rubra,Paradisaeidae,Passeriformes,178.2,3877.44,-0.31,1
Paradisornis rudolphi,Paradisaeidae,Passeriformes,164.09,21767.84,-6.25,1
Parotia berlepschi,Paradisaeidae,Passeriformes,163.16,779.37,-2.55,1
Parotia carolae,Paradisaeidae,Passeriformes,163.16,23107.83,-5.26,1
Parotia lawesii,Paradisaeidae,Passeriformes,161.4,96297.67,-6.65,1
Parotia sefilata,Paradisaeidae,Passeriformes,181.72,7209.38,-1.1,1
Parotia wahnesi,Paradisaeidae,Passeriformes,158,4260.37,-6.08,1
Phonygammus keraudrenii,Paradisaeidae,Passeriformes,154.66,767082.8,-5.72,1
Pteridophora alberti,Paradisaeidae,Passeriformes,81.84,109282.79,-4.9,2
Seleucidis melanoleucus,Paradisaeidae,Passeriformes,174.43,331768.34,-4.65,1
Semioptera wallacii,Paradisaeidae,Passeriformes,148.34,13322.44,0.65,1
Oreocharis arfaki,Paramythiidae,Passeriformes,19.7,62340.26,-4.76,1
Paramythia montium,Paramythiidae,Passeriformes,41.79,43513.48,-6.3,1
Paramythia olivacea,Paramythiidae,Passeriformes,41.79,16250.61,-4.11,1
Pardalotus punctatus,Pardalotidae,Passeriformes,8.7,2170812.26,-31.72,1
Pardalotus quadragintus,Pardalotidae,Passeriformes,10.7,473.96,-42.62,1
Pardalotus rubricatus,Pardalotidae,Passeriformes,10.9,5191015.83,-22.94,1
Pardalotus striatus,Pardalotidae,Passeriformes,11.44,3215729.85,-27.44,1
Baeolophus atricristatus,Paridae,Passeriformes,17.5,741786.53,28.82,1
Baeolophus bicolor,Paridae,Passeriformes,21.6,2969712.5,36.97,1
Baeolophus inornatus,Paridae,Passeriformes,15.87,178257.64,36.05,1
Baeolophus ridgwayi,Paridae,Passeriformes,15.86,1056208.76,37.9,1
Baeolophus wollweberi,Paridae,Passeriformes,10.4,532101.62,24.87,1
Cephalopyrus flammiceps,Paridae,Passeriformes,7,273151.17,30.12,2
Cyanistes caeruleus,Paridae,Passeriformes,11.1,8753389.8,50.72,1
Cyanistes cyanus,Paridae,Passeriformes,14.62,8153289.29,51.43,2
Cyanistes teneriffae,Paridae,Passeriformes,10,624090.33,33.89,1
Lophophanes cristatus,Paridae,Passeriformes,11.04,5918314.94,54.5,1
Lophophanes dichrous,Paridae,Passeriformes,13.8,968325.05,30.34,1
Machlolophus holsti,Paridae,Passeriformes,16.69,12987.01,23.79,1
Machlolophus nuchalis,Paridae,Passeriformes,13.8,71657.03,24.04,1
Machlolophus spilonotus,Paridae,Passeriformes,18.8,1250920.25,23.59,1
Machlolophus xanthogenys,Paridae,Passeriformes,14.76,1118561.25,22.07,2
Melaniparus afer,Paridae,Passeriformes,20.2,427814.63,-31.46,1
Melaniparus albiventris,Paridae,Passeriformes,21.2,322293.63,-2.05,1
Melaniparus carpi,Paridae,Passeriformes,18.6,305301.81,-19.32,1
Melaniparus cinerascens,Paridae,Passeriformes,20,1795200.59,-23.37,1
Melaniparus fasciiventer,Paridae,Passeriformes,15.2,38778.02,-2.29,1
Melaniparus fringillinus,Paridae,Passeriformes,13.82,390583.14,-4.13,1
Melaniparus funereus,Paridae,Passeriformes,25.37,2252792.06,0.56,1
Melaniparus griseiventris,Paridae,Passeriformes,15.5,1535847.66,-12.61,1
Melaniparus guineensis,Paridae,Passeriformes,16.1,4677095.83,8.61,1
Melaniparus leucomelas,Paridae,Passeriformes,16.1,2587731.88,-7.53,1
Melaniparus leuconotus,Paridae,Passeriformes,16.7,357687.8,9.69,1
Melaniparus niger,Paridae,Passeriformes,21.5,2180649.32,-19.89,1
Melaniparus pallidiventris,Paridae,Passeriformes,18.2,1126936.4,-11.24,1
Melaniparus rufiventris,Paridae,Passeriformes,18.2,2428644.32,-12.21,1
Melaniparus thruppi,Paridae,Passeriformes,12,869174.26,2.51,1
Melanochlora sultanea,Paridae,Passeriformes,37.6,1656290.7,19.6,1
Pardaliparus amabilis,Paridae,Passeriformes,12.68,14312.45,9.97,1
Pardaliparus elegans,Paridae,Passeriformes,12.83,272069.25,11.86,1
Pardaliparus venustulus,Paridae,Passeriformes,10.6,1615993.56,31.64,1
Parus major,Paridae,Passeriformes,16.25,32577984.28,44.04,1
Parus monticolus,Paridae,Passeriformes,13.95,1684621.77,29.19,1
Periparus ater,Paridae,Passeriformes,9.2,18987457.58,52.81,1
Periparus rubidiventris,Paridae,Passeriformes,11.83,949945.6,31.96,1
Periparus rufonuchalis,Paridae,Passeriformes,12.64,530583.68,35.71,1
Poecile atricapillus,Paridae,Passeriformes,10.8,9078514.18,50.08,1
Poecile carolinensis,Paridae,Passeriformes,9.99,2312694.52,34.9,1
Poecile cinctus,Paridae,Passeriformes,11.4,10800997.61,63.34,1
Poecile davidi,Paridae,Passeriformes,10.3,56804.66,32.22,1
Poecile gambeli,Paridae,Passeriformes,11.19,2711124.48,44.25,1
Poecile hudsonicus,Paridae,Passeriformes,9.8,7102487.58,57.46,1
Poecile hypermelaenus,Paridae,Passeriformes,11.14,645608.88,29.64,1
Poecile hyrcanus,Paridae,Passeriformes,15.8,77470.18,36.93,1
Poecile lugubris,Paridae,Passeriformes,15.8,1281185.72,39.55,1
Poecile montanus,Paridae,Passeriformes,11.1,21263364.59,56.04,1
Poecile palustris,Paridae,Passeriformes,11.14,9072135.09,49.29,1
Poecile rufescens,Paridae,Passeriformes,9.39,958071.95,49.83,1
Poecile sclateri,Paridae,Passeriformes,10.09,201847.75,23.86,1
Poecile superciliosus,Paridae,Passeriformes,10.7,546757.41,34.67,1
Poecile weigoldicus,Paridae,Passeriformes,11.1,961512.9,31.76,1
Pseudopodoces humilis,Paridae,Passeriformes,45.4,2316477.82,33.64,2
Sittiparus castaneoventris,Paridae,Passeriformes,17,35903.37,23.75,1
Sittiparus olivaceus,Paridae,Passeriformes,17,279.45,24.33,1
Sittiparus owstoni,Paridae,Passeriformes,17,150.87,33.59,1
Sittiparus semilarvatus,Paridae,Passeriformes,18,55106.29,11.96,1
Sittiparus varius,Paridae,Passeriformes,17,692847.17,38.47,1
Sylviparus modestus,Paridae,Passeriformes,7.14,837783.04,26.71,1
Basileuterus auricapilla,Parulidae,Passeriformes,10.5,7586929.67,-16.67,1
Basileuterus belli,Parulidae,Passeriformes,10.7,334156.38,18.67,1
Basileuterus cabanisi,Parulidae,Passeriformes,10.5,275290.15,7.14,1
Basileuterus culicivorus,Parulidae,Passeriformes,10.5,522685.98,17.29,1
Basileuterus griseiceps,Parulidae,Passeriformes,13.04,902.98,10.11,1
Basileuterus hypoleucus,Parulidae,Passeriformes,11.4,1487777.7,-17.75,1
Basileuterus ignotus,Parulidae,Passeriformes,10.89,180.74,8.06,1
Basileuterus lachrymosus,Parulidae,Passeriformes,25.6,340350.72,19.67,1
Basileuterus melanogenys,Parulidae,Passeriformes,11.8,4831.72,9.34,1
Basileuterus rufifrons,Parulidae,Passeriformes,10.4,967644.87,17.84,1
Basileuterus trifasciatus,Parulidae,Passeriformes,9.7,29296.98,-5.07,1
Basileuterus tristriatus,Parulidae,Passeriformes,12.03,475236.65,-2.6,1
Cardellina canadensis,Parulidae,Passeriformes,10.04,2768373.43,49.78,3
Cardellina pusilla,Parulidae,Passeriformes,6.96,7961357.24,56.95,3
Cardellina rubra,Parulidae,Passeriformes,8.1,232459.31,20.13,1
Cardellina rubrifrons,Parulidae,Passeriformes,8.1,393367,29.63,3
Cardellina versicolor,Parulidae,Passeriformes,10,17025.11,15.42,1
Catharopeza bishopi,Parulidae,Passeriformes,15.1,83.11,13.29,1
Geothlypis aequinoctialis,Parulidae,Passeriformes,13.1,7376725.6,-15.68,1
Geothlypis auricularis,Parulidae,Passeriformes,13.8,196093.06,-5.87,1
Geothlypis bairdi,Parulidae,Passeriformes,17.2,97624.79,12.71,1
Geothlypis beldingi,Parulidae,Passeriformes,15.7,3820.02,25.73,1
Geothlypis chiriquensis,Parulidae,Passeriformes,13.8,1382.25,8.8,1
Geothlypis flavovelata,Parulidae,Passeriformes,10.9,51944.85,22.35,1
Geothlypis formosa,Parulidae,Passeriformes,14,1970256.38,36.24,3
Geothlypis nelsoni,Parulidae,Passeriformes,11,117193.33,20.43,1
Geothlypis philadelphia,Parulidae,Passeriformes,11.74,2709565.27,49.89,3
Geothlypis poliocephala,Parulidae,Passeriformes,14.6,859573.04,16.68,1
Geothlypis rostrata,Parulidae,Passeriformes,16.1,8764.16,25.07,1
Geothlypis semiflava,Parulidae,Passeriformes,17.2,115622.87,1.26,1
Geothlypis speciosa,Parulidae,Passeriformes,10.8,496.24,19.84,1
Geothlypis tolmiei,Parulidae,Passeriformes,10.4,2622229.48,47.17,3
Geothlypis trichas,Parulidae,Passeriformes,9.54,12826786.25,44.7,3
Helmitheros vermivorum,Parulidae,Passeriformes,14.16,1754178.4,36.37,3
Leiothlypis celata,Parulidae,Passeriformes,9.19,7482895.14,54.4,3
Leiothlypis crissalis,Parulidae,Passeriformes,9.3,99945.67,25.86,3
Leiothlypis luciae,Parulidae,Passeriformes,6.6,391345.28,33.64,3
Leiothlypis peregrina,Parulidae,Passeriformes,8.9,4777801.14,54.36,3
Leiothlypis ruficapilla,Parulidae,Passeriformes,8.09,2772463.48,47.87,3
Leiothlypis virginiae,Parulidae,Passeriformes,8.2,281000.1,38.31,3
Leucopeza semperi,Parulidae,Passeriformes,19.75,0.98,13.92,1
Limnothlypis swainsonii,Parulidae,Passeriformes,18.9,1142671.96,33.39,3
Mniotilta varia,Parulidae,Passeriformes,10.9,5385503.08,48.07,3
Myioborus albifacies,Parulidae,Passeriformes,15,17030.05,5.53,1
Myioborus albifrons,Parulidae,Passeriformes,11.3,17311.95,8.69,1
Myioborus brunniceps,Parulidae,Passeriformes,9.2,112336.71,-23.69,1
Myioborus cardonai,Parulidae,Passeriformes,10.92,233.35,5.79,1
Myioborus castaneocapilla,Parulidae,Passeriformes,10.92,95602.51,4.27,1
Myioborus chrysops,Parulidae,Passeriformes,11.7,51520.78,4.45,1
Myioborus flavivertex,Parulidae,Passeriformes,15,5278,10.76,1
Myioborus melanocephalus,Parulidae,Passeriformes,11.3,185791.05,-8.67,1
Myioborus miniatus,Parulidae,Passeriformes,9,1254327.4,9.54,1
Myioborus ornatus,Parulidae,Passeriformes,11.7,39629.13,5.73,1
Myioborus pariae,Parulidae,Passeriformes,10.92,302.76,10.68,1
Myioborus pictus,Parulidae,Passeriformes,9.79,1124631.5,25.48,1
Myioborus torquatus,Parulidae,Passeriformes,10.5,5261.72,9.41,1
Myiothlypis basilica,Parulidae,Passeriformes,16.2,691.06,10.84,1
Myiothlypis bivittata,Parulidae,Passeriformes,14.6,116028.34,-17.01,1
Myiothlypis chlorophrys,Parulidae,Passeriformes,16.2,24162.63,1.76,1
Myiothlypis chrysogaster,Parulidae,Passeriformes,11.2,42961.21,-11.98,1
Myiothlypis cinereicollis,Parulidae,Passeriformes,17.2,36284.92,7.38,1
Myiothlypis conspicillata,Parulidae,Passeriformes,13.7,2716.57,10.83,1
Myiothlypis coronata,Parulidae,Passeriformes,16.3,417599.18,-3.64,1
Myiothlypis euophrys,Parulidae,Passeriformes,12.92,52344.37,-15.65,1
Myiothlypis flaveola,Parulidae,Passeriformes,13.19,4100375.8,-13.08,1
Myiothlypis fraseri,Parulidae,Passeriformes,11.6,60912.85,-2.4,1
Myiothlypis fulvicauda,Parulidae,Passeriformes,14.9,2473113.96,-3.5,1
Myiothlypis leucoblephara,Parulidae,Passeriformes,15.1,1572872.23,-27.16,1
Myiothlypis leucophrys,Parulidae,Passeriformes,18.1,808600.06,-17.37,1
Myiothlypis luteoviridis,Parulidae,Passeriformes,12.92,124562.37,3.13,1
Myiothlypis mesoleuca,Parulidae,Passeriformes,13.5,3147247.82,-2.01,1
Myiothlypis nigrocristata,Parulidae,Passeriformes,13.64,193235.07,1.02,1
Myiothlypis rivularis,Parulidae,Passeriformes,13.5,845622.98,-22.23,1
Myiothlypis roraimae,Parulidae,Passeriformes,14.6,104720.8,4.97,1
Myiothlypis signata,Parulidae,Passeriformes,11.3,162524.35,-16.71,1
Myiothlypis striaticeps,Parulidae,Passeriformes,12.92,64915.03,-10.66,1
Oporornis agilis,Parulidae,Passeriformes,13.3,1182795.25,50.88,3
Oreothlypis gutturalis,Parulidae,Passeriformes,9.5,3913.07,9.5,1
Oreothlypis superciliosa,Parulidae,Passeriformes,9,402973.46,19.95,1
Parkesia motacilla,Parulidae,Passeriformes,19.9,2411690.61,37.78,3
Parkesia noveboracensis,Parulidae,Passeriformes,16.3,7602956.73,55.55,3
Protonotaria citrea,Parulidae,Passeriformes,14.3,2173071.74,36.53,3
Seiurus aurocapilla,Parulidae,Passeriformes,18.8,5222797.22,47.01,3
Setophaga adelaidae,Parulidae,Passeriformes,6.94,8923.08,18.23,1
Setophaga americana,Parulidae,Passeriformes,7.84,3355702.9,39.96,3
Setophaga angelae,Parulidae,Passeriformes,7.7,135.32,18.21,1
Setophaga auduboni,Parulidae,Passeriformes,11.94,3237248.7,45.14,3
Setophaga caerulescens,Parulidae,Passeriformes,10.14,1168234.94,44.91,3
Setophaga castanea,Parulidae,Passeriformes,11.8,2650066.12,52.51,3
Setophaga cerulea,Parulidae,Passeriformes,9.04,1849163.51,40.57,3
Setophaga chrysoparia,Parulidae,Passeriformes,9.9,39798.62,30.74,3
Setophaga citrina,Parulidae,Passeriformes,10.54,2007300.04,36.02,3
Setophaga coronata,Parulidae,Passeriformes,11.94,7207362.84,56.68,3
Setophaga delicata,Parulidae,Passeriformes,7.4,617.37,13.89,1
Setophaga discolor,Parulidae,Passeriformes,7.64,1565603.51,35.89,3
Setophaga dominica,Parulidae,Passeriformes,9.69,1925341.63,35.34,3
Setophaga flavescens,Parulidae,Passeriformes,9,2587.72,26.5,3
Setophaga fusca,Parulidae,Passeriformes,9.74,2026720.02,47.11,3
Setophaga graciae,Parulidae,Passeriformes,8.1,1123569.57,29.07,2
Setophaga graysoni,Parulidae,Passeriformes,6.82,166.59,18.77,1
Setophaga kirtlandii,Parulidae,Passeriformes,13.94,37706.54,45.37,3
Setophaga magnolia,Parulidae,Passeriformes,8.14,3661483.1,52.19,3
Setophaga nigrescens,Parulidae,Passeriformes,8.7,1793686,40.07,3
Setophaga occidentalis,Parulidae,Passeriformes,10.4,338854.99,42.1,3
Setophaga palmarum,Parulidae,Passeriformes,10.3,3394685.27,53.46,3
Setophaga pensylvanica,Parulidae,Passeriformes,9.29,2422614.2,47.41,3
Setophaga petechia,Parulidae,Passeriformes,10.22,15552185.22,50.59,3
Setophaga pharetra,Parulidae,Passeriformes,9.9,11021.79,18.16,1
Setophaga pinus,Parulidae,Passeriformes,11.79,2073441.98,38.54,3
Setophaga pitiayumi,Parulidae,Passeriformes,6.82,8364955.27,-12.53,1
Setophaga pityophila,Parulidae,Passeriformes,8,7445.49,23.21,1
Setophaga plumbea,Parulidae,Passeriformes,10.1,2397.36,15.95,1
Setophaga ruticilla,Parulidae,Passeriformes,8.24,6675504.95,47.72,3
Setophaga striata,Parulidae,Passeriformes,11.84,6353206.91,58.99,3
Setophaga subita,Parulidae,Passeriformes,7.6,153.93,17.63,1
Setophaga tigrina,Parulidae,Passeriformes,10.04,2530023.76,53.12,3
Setophaga townsendi,Parulidae,Passeriformes,8.84,1406060.25,55.15,3
Setophaga virens,Parulidae,Passeriformes,8.69,3340613.66,49.03,3
Setophaga vitellina,Parulidae,Passeriformes,6.7,279.5,19.4,1
Vermivora bachmanii,Parulidae,Passeriformes,8.6,NA,NA,3
Vermivora chrysoptera,Parulidae,Passeriformes,8.74,946202.7,43.32,3
Vermivora cyanoptera,Parulidae,Passeriformes,8.9,1491745.35,39.65,3
Aimophila notosticta,Passerellidae,Passeriformes,27.1,29968.21,17.14,1
Aimophila rufescens,Passerellidae,Passeriformes,34.3,616683.25,19.84,1
Aimophila ruficeps,Passerellidae,Passeriformes,18.69,1184786.97,29.22,1
Ammodramus aurifrons,Passerellidae,Passeriformes,17.8,3867543.93,-3.98,1
Ammodramus humeralis,Passerellidae,Passeriformes,15.99,9115374.38,-16.41,1
Ammodramus savannarum,Passerellidae,Passeriformes,17.61,5240933.14,40.3,2
Ammospiza caudacuta,Passerellidae,Passeriformes,19.19,69526.84,39.39,3
Ammospiza leconteii,Passerellidae,Passeriformes,13,2867567.84,53.02,3
Ammospiza maritima,Passerellidae,Passeriformes,22.16,184267.84,33.22,2
Ammospiza nelsoni,Passerellidae,Passeriformes,15.11,2592907.6,48.45,3
Amphispiza bilineata,Passerellidae,Passeriformes,13.5,2450691.64,32.43,2
Amphispiza quinquestriata,Passerellidae,Passeriformes,19.53,151617.22,27.48,1
Arremon abeillei,Passerellidae,Passeriformes,25.9,52316.77,-3.81,1
Arremon assimilis,Passerellidae,Passeriformes,39,302819.73,-2.27,1
Arremon atricapillus,Passerellidae,Passeriformes,44.6,73192.46,5.58,1
Arremon aurantiirostris,Passerellidae,Passeriformes,34.5,693974.17,6.04,1
Arremon axillaris,Passerellidae,Passeriformes,24.8,148610.34,5.9,1
Arremon basilicus,Passerellidae,Passeriformes,41.96,8179.69,10.73,1
Arremon brunneinucha,Passerellidae,Passeriformes,43.97,618730.16,4.92,1
Arremon castaneiceps,Passerellidae,Passeriformes,36.9,122751.42,-5.27,1
Arremon costaricensis,Passerellidae,Passeriformes,41.96,3723.31,9.19,1
Arremon crassirostris,Passerellidae,Passeriformes,38.71,9497.11,9.36,1
Arremon dorbignii,Passerellidae,Passeriformes,26.13,209515.47,-21.39,1
Arremon flavirostris,Passerellidae,Passeriformes,26.13,1940265.88,-20.23,1
Arremon franciscanus,Passerellidae,Passeriformes,24.9,53090.52,-14.91,1
Arremon nigriceps,Passerellidae,Passeriformes,25.9,8706.35,-5.69,1
Arremon perijanus,Passerellidae,Passeriformes,41.96,6850.9,10.39,1
Arremon phaeopleurus,Passerellidae,Passeriformes,41.96,10309.92,10.24,1
Arremon phygas,Passerellidae,Passeriformes,41.96,8219.16,10.02,1
Arremon schlegeli,Passerellidae,Passeriformes,27.7,187790.91,10.07,1
Arremon semitorquatus,Passerellidae,Passeriformes,25,215137.21,-22.7,1
Arremon taciturnus,Passerellidae,Passeriformes,24.8,6755484.62,-6.08,1
Arremon torquatus,Passerellidae,Passeriformes,41.96,113027.41,-18.68,1
Arremon virenticeps,Passerellidae,Passeriformes,41,79786.33,21.03,1
Arremonops chloronotus,Passerellidae,Passeriformes,27.4,234300.88,17.68,1
Arremonops conirostris,Passerellidae,Passeriformes,35.89,1132799.46,7.33,1
Arremonops rufivirgatus,Passerellidae,Passeriformes,22.43,553968.49,21.6,1
Arremonops tocuyensis,Passerellidae,Passeriformes,29.36,72802.63,10.98,1
Artemisiospiza belli,Passerellidae,Passeriformes,16.99,171955.76,34.02,3
Artemisiospiza nevadensis,Passerellidae,Passeriformes,18.5,917710.58,40.4,3
Atlapetes albiceps,Passerellidae,Passeriformes,37,26300.95,-5.18,1
Atlapetes albinucha,Passerellidae,Passeriformes,33.84,275050.2,11.21,1
Atlapetes albofrenatus,Passerellidae,Passeriformes,30,31052.55,6.2,1
Atlapetes blancae,Passerellidae,Passeriformes,28.04,230.26,6.4,1
Atlapetes canigenis,Passerellidae,Passeriformes,26.6,35227.79,-12.62,1
Atlapetes citrinellus,Passerellidae,Passeriformes,28,13460.09,-25.89,1
Atlapetes crassus,Passerellidae,Passeriformes,36.5,32396.67,1.47,1
Atlapetes flaviceps,Passerellidae,Passeriformes,33.66,20479.76,4.19,1
Atlapetes forbesi,Passerellidae,Passeriformes,32.17,18195.92,-13.71,1
Atlapetes fulviceps,Passerellidae,Passeriformes,28.2,77616.92,-20.53,1
Atlapetes fuscoolivaceus,Passerellidae,Passeriformes,32.5,4432.51,1.99,1
Atlapetes latinuchus,Passerellidae,Passeriformes,23.56,185718.08,-2.11,1
Atlapetes leucopis,Passerellidae,Passeriformes,43,12200.3,-0.47,1
Atlapetes leucopterus,Passerellidae,Passeriformes,20.8,65183.83,-3.69,2
Atlapetes melanocephalus,Passerellidae,Passeriformes,25,4032.81,10.79,1
Atlapetes melanolaemus,Passerellidae,Passeriformes,28.9,61848.9,-14.85,1
Atlapetes melanopsis,Passerellidae,Passeriformes,29.6,3079.58,-12.28,1
Atlapetes meridae,Passerellidae,Passeriformes,30,10443.37,8.44,1
Atlapetes nationi,Passerellidae,Passeriformes,41.6,33065.05,-14.04,1
Atlapetes nigrifrons,Passerellidae,Passeriformes,23.56,5280.29,10.2,1
Atlapetes pallidiceps,Passerellidae,Passeriformes,27.5,0.98,-3.22,1
Atlapetes pallidinucha,Passerellidae,Passeriformes,34.56,97974.81,3.27,1
Atlapetes paynteri,Passerellidae,Passeriformes,24.9,5190.68,-5.06,2
Atlapetes personatus,Passerellidae,Passeriformes,32.68,99663.07,5.09,1
Atlapetes pileatus,Passerellidae,Passeriformes,24,348950.66,21.09,1
Atlapetes rufigenis,Passerellidae,Passeriformes,32.17,21321.71,-8.94,1
Atlapetes rufinucha,Passerellidae,Passeriformes,21.54,39008.5,-16.57,1
Atlapetes schistaceus,Passerellidae,Passeriformes,28.04,143739.86,5.05,1
Atlapetes seebohmi,Passerellidae,Passeriformes,29.5,47364.95,-6.51,1
Atlapetes semirufus,Passerellidae,Passeriformes,30.7,67791.56,8.87,1
Atlapetes taczanowskii,Passerellidae,Passeriformes,28.04,17155.56,-10.64,1
Atlapetes terborghi,Passerellidae,Passeriformes,27.8,4903.08,-12.8,1
Atlapetes tricolor,Passerellidae,Passeriformes,36.5,42442.45,-10.81,1
Calamospiza melanocorys,Passerellidae,Passeriformes,37.6,1660961.79,43.6,3
Chlorospingus canigularis,Passerellidae,Passeriformes,18,165238.27,-1.81,1
Chlorospingus flavigularis,Passerellidae,Passeriformes,25.6,200407.23,-4.38,1
Chlorospingus flavopectus,Passerellidae,Passeriformes,19.98,587009.94,1.43,1
Chlorospingus hypophaeus,Passerellidae,Passeriformes,25.6,2591.74,8.8,1
Chlorospingus inornatus,Passerellidae,Passeriformes,28,1510.6,7.75,1
Chlorospingus parvirostris,Passerellidae,Passeriformes,24,134279.08,-6.27,1
Chlorospingus pileatus,Passerellidae,Passeriformes,21,3941.01,9.46,1
Chlorospingus semifuscus,Passerellidae,Passeriformes,19,26164.42,2.27,1
Chlorospingus tacarcunae,Passerellidae,Passeriformes,18.9,1499.1,8.82,1
Chondestes grammacus,Passerellidae,Passeriformes,29,5604939.24,38.78,2
Junco bairdi,Passerellidae,Passeriformes,20.4,4798.83,23.5,2
Junco hyemalis,Passerellidae,Passeriformes,19.5,10167654.77,53.3,3
Junco insularis,Passerellidae,Passeriformes,21.95,42.42,29.15,1
Junco phaeonotus,Passerellidae,Passeriformes,20.4,532188.09,22.89,2
Junco vulcani,Passerellidae,Passeriformes,28,1035.18,9.53,1
Melospiza georgiana,Passerellidae,Passeriformes,16.1,6032762.64,51.29,3
Melospiza lincolnii,Passerellidae,Passeriformes,16.6,7567216.93,54.29,3
Melospiza melodia,Passerellidae,Passeriformes,21.91,10313728.38,47.88,2
Melozone aberti,Passerellidae,Passeriformes,45.93,170236.93,33.84,1
Melozone albicollis,Passerellidae,Passeriformes,46.4,64681.63,17.15,1
Melozone biarcuata,Passerellidae,Passeriformes,30.6,85901.92,15.06,1
Melozone cabanisi,Passerellidae,Passeriformes,28,3056.53,9.97,1
Melozone crissalis,Passerellidae,Passeriformes,52.83,333326.69,34.4,1
Melozone fusca,Passerellidae,Passeriformes,44.4,1684944.38,28.78,1
Melozone kieneri,Passerellidae,Passeriformes,38.7,330219.5,20.14,1
Melozone leucotis,Passerellidae,Passeriformes,39.9,11301.54,12.87,1
Melozone occipitalis,Passerellidae,Passeriformes,39.9,26548.72,14.74,1
Oreothraupis arremonops,Passerellidae,Passeriformes,48,13265.09,3.04,1
Oriturus superciliosus,Passerellidae,Passeriformes,41.4,295047.68,22.91,1
Passerculus bairdii,Passerellidae,Passeriformes,18.05,830096.01,48.99,3
Passerculus guttatus,Passerellidae,Passeriformes,19.97,204754.03,31.71,3
Passerculus henslowii,Passerellidae,Passeriformes,12.8,1306487.74,40.85,2
Passerculus rostratus,Passerellidae,Passeriformes,19.97,83853.01,29.06,3
Passerculus sanctorum,Passerellidae,Passeriformes,19.97,7.67,28.31,3
Passerculus sandwichensis,Passerellidae,Passeriformes,19.97,13598359.75,54.37,3
Passerella arborea,Passerellidae,Passeriformes,17.83,4982333.58,61.74,3
Passerella iliaca,Passerellidae,Passeriformes,33.25,5235159.1,60.38,3
Passerella megarhyncha,Passerellidae,Passeriformes,33.25,259829.82,39.42,3
Passerella schistacea,Passerellidae,Passeriformes,33.25,1216404.07,45.6,3
Passerella unalaschcensis,Passerellidae,Passeriformes,33.25,732123,57.07,3
Peucaea aestivalis,Passerellidae,Passeriformes,19.56,761850.7,32.57,2
Peucaea botterii,Passerellidae,Passeriformes,19.9,998316.54,21.95,2
Peucaea carpalis,Passerellidae,Passeriformes,15.3,175983.96,29.14,1
Peucaea cassinii,Passerellidae,Passeriformes,18.9,2032508.77,31.99,2
Peucaea humeralis,Passerellidae,Passeriformes,23.9,83912.61,18.44,1
Peucaea mystacalis,Passerellidae,Passeriformes,22.2,52598.3,17.44,1
Peucaea ruficauda,Passerellidae,Passeriformes,28.2,263649.93,17.28,1
Peucaea sumichrasti,Passerellidae,Passeriformes,29.43,6391.77,16.39,1
Pezopetes capitalis,Passerellidae,Passeriformes,55.8,3401.86,9.46,1
Pipilo chlorurus,Passerellidae,Passeriformes,29.4,1737517.52,39.82,3
Pipilo erythrophthalmus,Passerellidae,Passeriformes,40.03,3162018.06,39.13,2
Pipilo maculatus,Passerellidae,Passeriformes,39.28,3630810.42,41.83,2
Pipilo ocai,Passerellidae,Passeriformes,60.95,114057.78,18.83,2
Pipilo socorroensis,Passerellidae,Passeriformes,39.28,136,18.79,2
Pooecetes gramineus,Passerellidae,Passeriformes,25.68,6371227.47,46,3
Pselliophorus luteoviridis,Passerellidae,Passeriformes,30,1368.85,8.6,1
Pselliophorus tibialis,Passerellidae,Passeriformes,30,6558.82,9.59,1
Rhynchospiza stolzmanni,Passerellidae,Passeriformes,25.57,48995.91,-5.35,1
Rhynchospiza strigiceps,Passerellidae,Passeriformes,22.2,664284.53,-26.87,1
Spizella atrogularis,Passerellidae,Passeriformes,11.3,805016.36,29.15,2
Spizella breweri,Passerellidae,Passeriformes,10.9,3238311.53,45.74,3
Spizella pallida,Passerellidae,Passeriformes,11.2,3219955.48,51.68,3
Spizella passerina,Passerellidae,Passeriformes,12.2,13081064.54,47.04,3
Spizella pusilla,Passerellidae,Passeriformes,12.5,3997616.97,39.43,2
Spizella wortheni,Passerellidae,Passeriformes,12.38,3398.48,24.64,1
Torreornis inexpectata,Passerellidae,Passeriformes,25.5,4568.06,22.24,1
Xenospiza baileyi,Passerellidae,Passeriformes,17.4,70.08,21.59,1
Zonotrichia albicollis,Passerellidae,Passeriformes,24.4,5662700.85,53.74,3
Zonotrichia atricapilla,Passerellidae,Passeriformes,31.99,1675616.7,62.03,3
Zonotrichia capensis,Passerellidae,Passeriformes,20.31,12703362.39,-19.35,1
Zonotrichia leucophrys,Passerellidae,Passeriformes,28,7364178.61,58.71,3
Zonotrichia querula,Passerellidae,Passeriformes,35.5,1699160.3,64.61,3
Carpospiza brachydactyla,Passeridae,Passeriformes,22.3,1571341.29,32.97,3
Gymnoris dentata,Passeridae,Passeriformes,18.4,4184728.08,11.24,1
Gymnoris pyrgita,Passeridae,Passeriformes,24.1,1608726.47,6.34,1
Gymnoris superciliaris,Passeridae,Passeriformes,24,3946522.23,-15.57,1
Gymnoris xanthocollis,Passeridae,Passeriformes,18.1,4502531.2,24.89,1
Hypocryptadius cinnamomeus,Passeridae,Passeriformes,30,6672.79,7.6,1
Montifringilla adamsi,Passeridae,Passeriformes,31.3,980500.67,32.2,2
Montifringilla henrici,Passeridae,Passeriformes,40,272977.21,32.73,2
Montifringilla nivalis,Passeridae,Passeriformes,36.9,4071489.06,39.48,2
Onychostruthus taczanowskii,Passeridae,Passeriformes,32.5,1477066.84,33.09,2
Passer ammodendri,Passeridae,Passeriformes,28.94,1302317.47,41.3,1
Passer castanopterus,Passeridae,Passeriformes,18,712666.84,7.12,1
Passer cinnamomeus,Passeridae,Passeriformes,18.46,4611660.97,30.87,1
Passer cordofanicus,Passeridae,Passeriformes,21.95,143588,13.04,1
Passer diffusus,Passeridae,Passeriformes,24.2,3365122.44,-21.72,1
Passer domesticus,Passeridae,Passeriformes,26.51,34407867.59,46.32,1
Passer eminibey,Passeridae,Passeriformes,13.4,549271.11,1.36,1
Passer euchlorus,Passeridae,Passeriformes,14,163824.35,15.96,1
Passer flaveolus,Passeridae,Passeriformes,19.4,1319875.05,15.49,1
Passer gongonensis,Passeridae,Passeriformes,39.9,1125295.41,1.86,1
Passer griseus,Passeridae,Passeriformes,27.82,10513534.53,6.43,1
Passer hemileucus,Passeridae,Passeriformes,30.16,131.54,12.2,1
Passer hispaniolensis,Passeridae,Passeriformes,24.2,4197257.38,38.13,1
Passer iagoensis,Passeridae,Passeriformes,31.5,3585.23,16.07,1
Passer insularis,Passeridae,Passeriformes,27.3,3671.44,12.5,1
Passer italiae,Passeridae,Passeriformes,28.3,312371.57,42.97,1
Passer luteus,Passeridae,Passeriformes,11.2,2874074.9,15.47,1
Passer melanurus,Passeridae,Passeriformes,29.5,1765360.17,-27.28,1
Passer moabiticus,Passeridae,Passeriformes,16.46,187596.66,32.4,1
Passer montanus,Passeridae,Passeriformes,21.39,39069801.39,46.61,1
Passer motitensis,Passeridae,Passeriformes,30.16,1648538.38,-22.75,1
Passer pyrrhonotus,Passeridae,Passeriformes,21.95,524876.72,28.54,1
Passer rufocinctus,Passeridae,Passeriformes,27.8,90120.46,-0.95,1
Passer shelleyi,Passeridae,Passeriformes,21.95,201266.84,4.86,1
Passer simplex,Passeridae,Passeriformes,19.5,660184.35,23.93,1
Passer suahelicus,Passeridae,Passeriformes,25,282661.66,-3.81,1
Passer swainsonii,Passeridae,Passeriformes,31.6,752104.1,9.31,1
Passer zarudnyi,Passeridae,Passeriformes,19.5,186401.05,40.12,1
Petronia petronia,Passeridae,Passeriformes,30.2,7800913.29,42.34,1
Pyrgilauda blanfordi,Passeridae,Passeriformes,23.7,125113.77,29.07,2
Pyrgilauda davidiana,Passeridae,Passeriformes,21.2,2260394.82,45.73,2
Pyrgilauda ruficollis,Passeridae,Passeriformes,22.8,1758725.41,32.89,2
Pyrgilauda theresae,Passeridae,Passeriformes,24.3,128053.78,34.32,2
Gampsorhynchus rufulus,Pellorneidae,Passeriformes,37,453698.09,24.71,1
Gampsorhynchus torquatus,Pellorneidae,Passeriformes,37,476245.25,18.49,1
Graminicola bengalensis,Pellorneidae,Passeriformes,14.64,174532.67,26.16,1
Graminicola striatus,Pellorneidae,Passeriformes,14.64,58291.53,26.46,1
Illadopsis albipectus,Pellorneidae,Passeriformes,30.6,1215586.75,-0.24,1
Illadopsis cleaveri,Pellorneidae,Passeriformes,30.8,977280.76,3.23,1
Illadopsis distans,Pellorneidae,Passeriformes,22.2,92423.58,-6.76,1
Illadopsis fulvescens,Pellorneidae,Passeriformes,27.9,2855381.87,0.99,1
Illadopsis puveli,Pellorneidae,Passeriformes,48.4,631343.92,6.91,1
Illadopsis pyrrhoptera,Pellorneidae,Passeriformes,24.8,145566.3,-1.8,1
Illadopsis rufescens,Pellorneidae,Passeriformes,37,264186.88,6.69,1
Illadopsis rufipennis,Pellorneidae,Passeriformes,22.2,2029123.6,2.27,1
Illadopsis turdina,Pellorneidae,Passeriformes,65.8,231174.57,-4.44,1
Kenopia striata,Pellorneidae,Passeriformes,19.9,114569.69,2.57,1
Laticilla burnesii,Pellorneidae,Passeriformes,19,332103.29,29.78,1
Laticilla cinerascens,Pellorneidae,Passeriformes,19,86566.25,26.55,1
Leonardina woodi,Pellorneidae,Passeriformes,21,30087.22,7.47,1
Malacocincla abbotti,Pellorneidae,Passeriformes,26.8,2072332.43,6.81,1
Malacocincla perspicillata,Pellorneidae,Passeriformes,25.5,0.97,-2.7,1
Malacocincla sepiaria,Pellorneidae,Passeriformes,25.5,969773.94,0.22,1
Malacopteron affine,Pellorneidae,Passeriformes,17.08,387896.02,1.08,1
Malacopteron albogulare,Pellorneidae,Passeriformes,16.5,597337.38,-0.13,1
Malacopteron cinereum,Pellorneidae,Passeriformes,18.1,1526343.71,4.95,1
Malacopteron magnirostre,Pellorneidae,Passeriformes,19.34,1312918,1.08,1
Malacopteron magnum,Pellorneidae,Passeriformes,27.2,666939.16,0.65,1
Malacopteron palawanense,Pellorneidae,Passeriformes,32.11,3507.14,8.97,1
Napothera epilepidota,Pellorneidae,Passeriformes,16,1772374.97,15,1
Pellorneum albiventre,Pellorneidae,Passeriformes,21.5,461554.39,22.24,1
Pellorneum capistratum,Pellorneidae,Passeriformes,25.1,121654.55,-7.31,1
Pellorneum fuscocapillus,Pellorneidae,Passeriformes,30,53280.69,7.34,1
Pellorneum nigrocapitatum,Pellorneidae,Passeriformes,25.1,1300782.06,1.15,1
Pellorneum palustre,Pellorneidae,Passeriformes,21.5,62696.43,26.45,1
Pellorneum ruficeps,Pellorneidae,Passeriformes,26,2044549.11,18.55,1
Ptilocichla falcata,Pellorneidae,Passeriformes,39.5,2965.72,9.55,1
Ptilocichla leucogrammica,Pellorneidae,Passeriformes,39.5,604986.63,0.56,1
Ptilocichla mindanensis,Pellorneidae,Passeriformes,29.2,52312.87,8.35,1
Rimator albostriatus,Pellorneidae,Passeriformes,19.44,34692.88,0.3,1
Rimator danjoui,Pellorneidae,Passeriformes,35.5,121958.86,17.62,1
Rimator malacoptilus,Pellorneidae,Passeriformes,19.44,191024.27,26.96,1
Rimator naungmungensis,Pellorneidae,Passeriformes,35.5,4321.04,27.55,1
Rimator pasquieri,Pellorneidae,Passeriformes,19.44,1832.37,22.35,1
Schoeniparus brunneus,Pellorneidae,Passeriformes,17.43,1327800.29,27.08,1
Schoeniparus castaneceps,Pellorneidae,Passeriformes,12.5,1180063.3,21.58,1
Schoeniparus cinereus,Pellorneidae,Passeriformes,11,208968.53,26.31,1
Schoeniparus dubius,Pellorneidae,Passeriformes,18,1489085.65,25.32,1
Schoeniparus klossi,Pellorneidae,Passeriformes,12.5,9423.4,12.16,1
Schoeniparus rufogularis,Pellorneidae,Passeriformes,13.16,444866.63,20.07,1
Schoeniparus variegaticeps,Pellorneidae,Passeriformes,13.16,15472.48,27,1
Trichastoma bicolor,Pellorneidae,Passeriformes,27.2,785296.58,1.4,1
Trichastoma buettikoferi,Pellorneidae,Passeriformes,17.1,377490.65,-0.29,1
Trichastoma celebense,Pellorneidae,Passeriformes,23.6,179475.52,-2.17,1
Trichastoma cinereiceps,Pellorneidae,Passeriformes,23.92,12143.56,9.71,1
Trichastoma malaccense,Pellorneidae,Passeriformes,21.4,1073369.64,1.08,1
Trichastoma pyrrogenys,Pellorneidae,Passeriformes,23.16,193222.64,1.19,1
Trichastoma rostratum,Pellorneidae,Passeriformes,21,789435.46,1.32,1
Trichastoma tickelli,Pellorneidae,Passeriformes,17.1,851979.33,19.75,1
Turdinus atrigularis,Pellorneidae,Passeriformes,66.3,77387.71,4.01,1
Turdinus brevicaudatus,Pellorneidae,Passeriformes,19.5,1190917.89,19.67,1
Turdinus calcicola,Pellorneidae,Passeriformes,27,6189.39,14.38,1
Turdinus crassus,Pellorneidae,Passeriformes,26.8,34993.36,3.46,1
Turdinus crispifrons,Pellorneidae,Passeriformes,27,234696.62,18.55,1
Turdinus macrodactylus,Pellorneidae,Passeriformes,48.7,129852.78,3.91,1
Turdinus marmoratus,Pellorneidae,Passeriformes,41,87991.72,1.83,1
Turdinus rufipectus,Pellorneidae,Passeriformes,37,73599.83,0.64,1
Amalocichla incerta,Petroicidae,Passeriformes,32.7,161107.33,-5.16,1
Amalocichla sclateriana,Petroicidae,Passeriformes,54.7,15280.99,-4.78,1
Cryptomicroeca flaviventris,Petroicidae,Passeriformes,13,16068.84,-21.34,1
Devioeca papuana,Petroicidae,Passeriformes,14.4,142595.35,-5.02,1
Drymodes beccarii,Petroicidae,Passeriformes,45.9,418704.09,-5.73,1
Drymodes brunneopygia,Petroicidae,Passeriformes,32.95,916861.69,-32.61,1
Drymodes superciliaris,Petroicidae,Passeriformes,45.9,12382.11,-12.4,1
Eopsaltria australis,Petroicidae,Passeriformes,20.15,1174338.84,-29.94,1
Eopsaltria griseogularis,Petroicidae,Passeriformes,19.38,587762.32,-31.74,1
Eugerygone rubra,Petroicidae,Passeriformes,8.4,122286.48,-5.22,1
Gennaeodryas placens,Petroicidae,Passeriformes,25.45,18802.3,-5.36,1
Heteromyias albispecularis,Petroicidae,Passeriformes,36.3,12665.39,-1.36,1
Heteromyias armiti,Petroicidae,Passeriformes,36.3,111333.96,-5.38,1
Heteromyias cinereifrons,Petroicidae,Passeriformes,36.3,28149.33,-17.68,1
Kempiella flavovirescens,Petroicidae,Passeriformes,15,669110.72,-5.35,1
Kempiella griseoceps,Petroicidae,Passeriformes,10.6,184726.52,-6.44,1
Melanodryas cucullata,Petroicidae,Passeriformes,21.1,6352636.74,-26.18,1
Melanodryas vittata,Petroicidae,Passeriformes,26.6,68050.36,-41.94,1
Microeca fascinans,Petroicidae,Passeriformes,14.47,5302401.74,-26.27,3
Microeca flavigaster,Petroicidae,Passeriformes,12.1,1175473.95,-9.84,1
Microeca hemixantha,Petroicidae,Passeriformes,13.65,2954.97,-7.54,1
Microeca tormenti,Petroicidae,Passeriformes,12.1,79407.66,-16.22,1
Monachella coultasi,Petroicidae,Passeriformes,24.5,11676.8,-5.37,1
Monachella muelleriana,Petroicidae,Passeriformes,24.5,405960.84,-4.96,1
Pachycephalopsis hattamensis,Petroicidae,Passeriformes,34.6,54021.73,-3.25,1
Pachycephalopsis poliosoma,Petroicidae,Passeriformes,37.97,184655.43,-5.6,1
Peneoenanthe pulverulenta,Petroicidae,Passeriformes,19.19,435422.99,-12.29,2
Peneothello bimaculata,Petroicidae,Passeriformes,23.77,51621.47,-4.86,1
Peneothello cryptoleuca,Petroicidae,Passeriformes,18.9,45602.01,-3.76,1
Peneothello cyanus,Petroicidae,Passeriformes,24.98,167864.7,-5.33,1
Peneothello sigillata,Petroicidae,Passeriformes,22.8,77436.99,-5.4,1
Petroica archboldi,Petroicidae,Passeriformes,12.22,2698.63,-4.17,1
Petroica australis,Petroicidae,Passeriformes,31.33,43012.79,-43.08,2
Petroica bivittata,Petroicidae,Passeriformes,9,16203.38,-5.08,1
Petroica boodang,Petroicidae,Passeriformes,12.5,616459.04,-35.04,1
Petroica dannefaerdi,Petroicidae,Passeriformes,11.79,2.58,-48.01,1
Petroica goodenovii,Petroicidae,Passeriformes,8.9,6551523.57,-26.88,1
Petroica longipes,Petroicidae,Passeriformes,31.33,37371.1,-38.68,2
Petroica macrocephala,Petroicidae,Passeriformes,11.79,203486.28,-41.87,1
Petroica multicolor,Petroicidae,Passeriformes,11.36,37.92,-29.03,1
Petroica phoenicea,Petroicidae,Passeriformes,13,218089.7,-37.96,3
Petroica pusilla,Petroicidae,Passeriformes,11.36,49789.55,-13.47,1
Petroica rodinogaster,Petroicidae,Passeriformes,10.24,103769.56,-40.58,2
Petroica rosea,Petroicidae,Passeriformes,8.2,139967.55,-36.83,3
Petroica traversi,Petroicidae,Passeriformes,23.5,3.9,-44.31,2
Plesiodryas albonotata,Petroicidae,Passeriformes,38.6,117306.59,-5.2,1
Poecilodryas brachyura,Petroicidae,Passeriformes,25.1,113208.31,-2.19,1
Poecilodryas cerviniventris,Petroicidae,Passeriformes,19.8,450121.79,-15.84,1
Poecilodryas hypoleuca,Petroicidae,Passeriformes,18,419659.38,-4.64,1
Poecilodryas superciliosa,Petroicidae,Passeriformes,19.8,238285.19,-16.07,1
Quoyornis georgianus,Petroicidae,Passeriformes,19.07,45266.45,-33.51,1
Tregellasia capito,Petroicidae,Passeriformes,13.9,155466.5,-25.76,1
Tregellasia leucops,Petroicidae,Passeriformes,15.57,201214.41,-5.44,1
Peucedramus taeniatus,Peucedramidae,Passeriformes,11,692877.18,23.77,2
Microligea palustris,Phaenicophilidae,Passeriformes,13.2,30480.02,18.75,2
Phaenicophilus palmarum,Phaenicophilidae,Passeriformes,30.5,66937.13,18.97,1
Phaenicophilus poliocephalus,Phaenicophilidae,Passeriformes,31,9268.82,18.4,1
Xenoligea montana,Phaenicophilidae,Passeriformes,12.5,6517.46,18.78,1
Neodrepanis coruscans,Philepittidae,Passeriformes,6.5,55129.61,-17.53,1
Neodrepanis hypoxantha,Philepittidae,Passeriformes,7.1,13059.51,-17.36,1
Philepitta castanea,Philepittidae,Passeriformes,35.4,46337.01,-17.76,1
Philepitta schlegeli,Philepittidae,Passeriformes,27.9,75629.58,-16.68,1
Phylloscopus affinis,Phylloscopidae,Passeriformes,6.96,1835154.15,31.36,3
Phylloscopus amoenus,Phylloscopidae,Passeriformes,10.53,37.6,-7.96,1
Phylloscopus armandii,Phylloscopidae,Passeriformes,9.4,2684989.68,35.32,1
Phylloscopus bonelli,Phylloscopidae,Passeriformes,8.69,1297862.66,42.2,3
Phylloscopus borealis,Phylloscopidae,Passeriformes,10.89,13315320.46,61.57,3
Phylloscopus borealoides,Phylloscopidae,Passeriformes,9.8,344620.15,41.75,3
Phylloscopus budongoensis,Phylloscopidae,Passeriformes,8.2,176695.47,0.77,1
Phylloscopus burkii,Phylloscopidae,Passeriformes,7.3,271138.68,28.62,3
Phylloscopus calciatilis,Phylloscopidae,Passeriformes,6,213128.69,20.51,1
Phylloscopus canariensis,Phylloscopidae,Passeriformes,7.3,4943.1,28.19,1
Phylloscopus cantator,Phylloscopidae,Passeriformes,6,519456.43,24.53,1
Phylloscopus castaniceps,Phylloscopidae,Passeriformes,5.3,2881104.86,23.28,2
Phylloscopus cebuensis,Phylloscopidae,Passeriformes,9,121172.88,15.13,1
Phylloscopus chloronotus,Phylloscopidae,Passeriformes,4.9,128236.98,30.43,3
Phylloscopus claudiae,Phylloscopidae,Passeriformes,7.63,1152693.73,34.5,2
Phylloscopus collybita,Phylloscopidae,Passeriformes,8.3,7564956.38,53.49,3
Phylloscopus coronatus,Phylloscopidae,Passeriformes,10.1,2148136.05,44.03,3
Phylloscopus emeiensis,Phylloscopidae,Passeriformes,10.53,21846.58,29.34,2
Phylloscopus emilsalimi,Phylloscopidae,Passeriformes,10,NA,NA,1
Phylloscopus examinandus,Phylloscopidae,Passeriformes,10.89,564921.58,56.69,3
Phylloscopus forresti,Phylloscopidae,Passeriformes,5.4,697649.37,30.94,2
Phylloscopus fuligiventer,Phylloscopidae,Passeriformes,8.83,1038891.84,30.74,2
Phylloscopus fuscatus,Phylloscopidae,Passeriformes,8.74,11609109.62,52.86,3
Phylloscopus goodsoni,Phylloscopidae,Passeriformes,7.63,928043.69,26.69,3
Phylloscopus grammiceps,Phylloscopidae,Passeriformes,5,17394.87,-7.41,1
Phylloscopus griseolus,Phylloscopidae,Passeriformes,7.6,4312876.09,40.94,3
Phylloscopus hainanus,Phylloscopidae,Passeriformes,9.45,13199.58,18.86,1
Phylloscopus herberti,Phylloscopidae,Passeriformes,8.9,50664.2,5.87,1
Phylloscopus humei,Phylloscopidae,Passeriformes,6,3694487.56,40.75,3
Phylloscopus ibericus,Phylloscopidae,Passeriformes,8.3,280602.15,40.01,3
Phylloscopus ijimae,Phylloscopidae,Passeriformes,8.7,347.89,33.68,1
Phylloscopus inornatus,Phylloscopidae,Passeriformes,6.59,10713136.25,59.91,3
Phylloscopus intensior,Phylloscopidae,Passeriformes,6.4,840915.26,20.64,2
Phylloscopus intermedius,Phylloscopidae,Passeriformes,6.92,446873.33,26.29,2
Phylloscopus kansuensis,Phylloscopidae,Passeriformes,6.62,157431.45,36.08,1
Phylloscopus laetus,Phylloscopidae,Passeriformes,9.54,81632.11,-2.16,1
Phylloscopus laurae,Phylloscopidae,Passeriformes,8.5,364414.58,-10.74,1
Phylloscopus maculipennis,Phylloscopidae,Passeriformes,5.1,972285.74,25.44,1
Phylloscopus maforensis,Phylloscopidae,Passeriformes,10.8,338.2,-1.03,1
Phylloscopus magnirostris,Phylloscopidae,Passeriformes,11.6,627409.71,31.01,3
Phylloscopus misoriensis,Phylloscopidae,Passeriformes,10.8,2526.42,-0.94,1
Phylloscopus montis,Phylloscopidae,Passeriformes,6.4,369636.97,1.31,1
Phylloscopus neglectus,Phylloscopidae,Passeriformes,5.3,809025.01,33.68,3
Phylloscopus nitidus,Phylloscopidae,Passeriformes,7.8,468375.06,39.47,3
Phylloscopus occipitalis,Phylloscopidae,Passeriformes,9,270137.8,35.4,3
Phylloscopus ogilviegranti,Phylloscopidae,Passeriformes,6.4,887609.37,24.41,2
Phylloscopus olivaceus,Phylloscopidae,Passeriformes,9.69,133609.09,8.51,1
Phylloscopus omeiensis,Phylloscopidae,Passeriformes,7.3,235578.65,30.99,3
Phylloscopus orientalis,Phylloscopidae,Passeriformes,8.5,323586.25,40.6,3
Phylloscopus plumbeitarsus,Phylloscopidae,Passeriformes,8.6,4717612.5,51.61,3
Phylloscopus poliocephalus,Phylloscopidae,Passeriformes,10.8,474523.86,-4.9,1
Phylloscopus poliogenys,Phylloscopidae,Passeriformes,6.3,1049263.64,22.59,2
Phylloscopus presbytes,Phylloscopidae,Passeriformes,9.45,34990.03,-9.15,1
Phylloscopus proregulus,Phylloscopidae,Passeriformes,6,5259814.86,53.21,3
Phylloscopus pulcher,Phylloscopidae,Passeriformes,6.8,1028240.36,29,1
Phylloscopus reguloides,Phylloscopidae,Passeriformes,7.63,1405045.54,24.78,3
Phylloscopus ricketti,Phylloscopidae,Passeriformes,6.3,1630574.81,28.79,1
Phylloscopus rotiensis,Phylloscopidae,Passeriformes,9.45,1259.33,-10.72,1
Phylloscopus ruficapilla,Phylloscopidae,Passeriformes,7.7,423407.96,-21.82,1
Phylloscopus sarasinorum,Phylloscopidae,Passeriformes,10,69176.02,-1.83,1
Phylloscopus schwarzi,Phylloscopidae,Passeriformes,11.4,2917225.84,51.58,3
Phylloscopus sibilatrix,Phylloscopidae,Passeriformes,9.2,6359810.96,54.15,3
Phylloscopus sindianus,Phylloscopidae,Passeriformes,7.51,848350,38.4,3
Phylloscopus soror,Phylloscopidae,Passeriformes,7.3,443899.08,30.49,3
Phylloscopus suaramerdu,Phylloscopidae,Passeriformes,8.5,NA,NA,NA
Phylloscopus subaffinis,Phylloscopidae,Passeriformes,6.2,2492313.66,30.17,1
Phylloscopus subviridis,Phylloscopidae,Passeriformes,5.47,106723.57,33.9,1
Phylloscopus sumatrensis,Phylloscopidae,Passeriformes,5,22976.6,1.69,1
Phylloscopus tenellipes,Phylloscopidae,Passeriformes,11.8,1086226.67,46.04,3
Phylloscopus tephrocephalus,Phylloscopidae,Passeriformes,7.3,744061.62,28.71,2
Phylloscopus tristis,Phylloscopidae,Passeriformes,8.3,9331338.36,61.64,3
Phylloscopus trivirgatus,Phylloscopidae,Passeriformes,9,539476.75,2.53,1
Phylloscopus trochiloides,Phylloscopidae,Passeriformes,8.05,8430367.15,50.47,3
Phylloscopus trochilus,Phylloscopidae,Passeriformes,8.7,15839222.41,60.53,3
Phylloscopus tytleri,Phylloscopidae,Passeriformes,7.2,213284.08,34.53,3
Phylloscopus umbrovirens,Phylloscopidae,Passeriformes,8.6,611974.74,6.66,1
Phylloscopus valentini,Phylloscopidae,Passeriformes,7.3,386353.34,30.45,3
Phylloscopus whistleri,Phylloscopidae,Passeriformes,7.3,543406.62,28.39,2
Phylloscopus xanthodryas,Phylloscopidae,Passeriformes,10.89,286897.73,35.95,3
Phylloscopus xanthoschistos,Phylloscopidae,Passeriformes,6.94,269573.71,28.64,2
Phylloscopus yunnanensis,Phylloscopidae,Passeriformes,6,338812.66,36.33,2
Picathartes gymnocephalus,Picathartidae,Passeriformes,196,388878.28,6.81,1
Picathartes oreas,Picathartidae,Passeriformes,220,381172.35,1.7,1
Antilophia bokermanni,Pipridae,Passeriformes,19.8,24.23,-7.35,1
Antilophia galeata,Pipridae,Passeriformes,21.48,1960407.09,-16.49,1
Ceratopipra chloromeros,Pipridae,Passeriformes,16.5,472743.22,-11.54,1
Ceratopipra cornuta,Pipridae,Passeriformes,25.3,345161.44,4.97,1
Ceratopipra erythrocephala,Pipridae,Passeriformes,13.43,3456038.86,2.01,1
Ceratopipra mentalis,Pipridae,Passeriformes,15,558740.47,12.96,1
Ceratopipra rubrocapilla,Pipridae,Passeriformes,12,3391760.24,-7.87,1
Chiroxiphia boliviana,Pipridae,Passeriformes,17.13,78997.54,-15.93,1
Chiroxiphia caudata,Pipridae,Passeriformes,25.6,1459549.86,-23.46,1
Chiroxiphia lanceolata,Pipridae,Passeriformes,18.5,420162.32,9.43,1
Chiroxiphia linearis,Pipridae,Passeriformes,17.44,101728.76,13.02,1
Chiroxiphia pareola,Pipridae,Passeriformes,16.84,5040298.89,-4.86,1
Chloropipo flavicapilla,Pipridae,Passeriformes,17.8,32718.71,2.7,1
Chloropipo unicolor,Pipridae,Passeriformes,15.5,57212.37,-7.41,1
Corapipo gutturalis,Pipridae,Passeriformes,8.2,1107394.3,2.81,1
Corapipo leucorrhoa,Pipridae,Passeriformes,11.65,267106.87,9.6,1
Cryptopipo holochlora,Pipridae,Passeriformes,14.9,336141.32,-5.58,1
Cryptopipo litae,Pipridae,Passeriformes,14.9,146563.46,3.82,1
Heterocercus aurantiivertex,Pipridae,Passeriformes,21.49,233954.07,-3.14,1
Heterocercus flavivertex,Pipridae,Passeriformes,21.3,827963.87,1.33,1
Heterocercus linteatus,Pipridae,Passeriformes,21.2,2146985.54,-8.09,1
Ilicura militaris,Pipridae,Passeriformes,12.7,840759.23,-21.4,1
Lepidothrix coeruleocapilla,Pipridae,Passeriformes,9.66,140252.42,-11.51,1
Lepidothrix coronata,Pipridae,Passeriformes,8.34,3221211.22,-3.54,1
Lepidothrix iris,Pipridae,Passeriformes,8,487329.79,-5.6,1
Lepidothrix isidorei,Pipridae,Passeriformes,7.8,87651.58,-3.88,1
Lepidothrix nattereri,Pipridae,Passeriformes,8.39,865198.46,-9.67,1
Lepidothrix serena,Pipridae,Passeriformes,11.4,583711.44,1.27,1
Lepidothrix suavissima,Pipridae,Passeriformes,8.5,310206.62,4.95,1
Lepidothrix vilasboasi,Pipridae,Passeriformes,8.39,78956.99,-6.81,1
Machaeropterus deliciosus,Pipridae,Passeriformes,12.7,40123.57,1.7,1
Machaeropterus eckelberryi,Pipridae,Passeriformes,9.34,23495.63,-6.94,1
Machaeropterus pyrocephalus,Pipridae,Passeriformes,9.49,2227740.97,-9.94,1
Machaeropterus regulus,Pipridae,Passeriformes,9.34,125343.35,-18.02,1
Machaeropterus striolatus,Pipridae,Passeriformes,9.34,2059505.29,-0.55,1
Manacus aurantiacus,Pipridae,Passeriformes,15.5,29625.42,8.34,1
Manacus candei,Pipridae,Passeriformes,19.82,283521.13,15.48,1
Manacus manacus,Pipridae,Passeriformes,16.7,7524946.19,-4.94,1
Manacus vitellinus,Pipridae,Passeriformes,18.16,118914.75,7.23,1
Masius chrysopterus,Pipridae,Passeriformes,11.52,176828.86,1.38,1
Neopelma aurifrons,Pipridae,Passeriformes,14,5071.66,-16.48,1
Neopelma chrysocephalum,Pipridae,Passeriformes,15.5,704022.97,3.12,1
Neopelma chrysolophum,Pipridae,Passeriformes,14.2,159645.19,-22.44,1
Neopelma pallescens,Pipridae,Passeriformes,18.2,2439572.76,-12.73,1
Neopelma sulphureiventer,Pipridae,Passeriformes,15.7,1158804.6,-11.06,1
Pipra aureola,Pipridae,Passeriformes,16.14,671432.52,1.45,1
Pipra fasciicauda,Pipridae,Passeriformes,15.9,4779358.8,-13.45,1
Pipra filicauda,Pipridae,Passeriformes,15.4,2614150.07,-0.65,1
Pseudopipra pipra,Pipridae,Passeriformes,11.11,4953783.66,-1.7,1
Tyranneutes stolzmanni,Pipridae,Passeriformes,7.2,5293137.56,-5.13,1
Tyranneutes virescens,Pipridae,Passeriformes,7.18,1189030.52,2.25,1
Xenopipo atronitens,Pipridae,Passeriformes,15.54,1985208.12,-1.26,1
Xenopipo uniformis,Pipridae,Passeriformes,17.86,70300.47,5.28,1
Erythropitta arquata,Pittidae,Passeriformes,54,214049.06,2.74,1
Erythropitta caeruleitorques,Pittidae,Passeriformes,72.39,557.19,3.56,1
Erythropitta celebensis,Pittidae,Passeriformes,72.39,174966.32,-2.09,1
Erythropitta dohertyi,Pittidae,Passeriformes,72.4,5433.95,-1.72,1
Erythropitta erythrogaster,Pittidae,Passeriformes,72.39,289376.94,11.75,1
Erythropitta gazellae,Pittidae,Passeriformes,72.39,36390.92,-5.48,1
Erythropitta granatina,Pittidae,Passeriformes,61.5,852985.14,0.34,1
Erythropitta inspeculata,Pittidae,Passeriformes,72.39,842.42,4.28,1
Erythropitta kochi,Pittidae,Passeriformes,116,35561.86,16.5,1
Erythropitta macklotii,Pittidae,Passeriformes,72.39,693006.61,-5.46,1
Erythropitta meeki,Pittidae,Passeriformes,72.39,295.33,-11.36,1
Erythropitta novaehibernicae,Pittidae,Passeriformes,72.39,8473.66,-3.6,1
Erythropitta palliceps,Pittidae,Passeriformes,72.39,193.59,2.59,1
Erythropitta rubrinucha,Pittidae,Passeriformes,72.39,27245.65,-3.29,1
Erythropitta rufiventris,Pittidae,Passeriformes,72.39,25089.6,0.62,1
Erythropitta splendida,Pittidae,Passeriformes,72.39,285.07,-2.81,1
Erythropitta ussheri,Pittidae,Passeriformes,55.34,41122.35,5.54,1
Erythropitta venusta,Pittidae,Passeriformes,61.5,71169.15,0.88,1
Hydrornis baudii,Pittidae,Passeriformes,66,604986.6,0.56,1
Hydrornis caeruleus,Pittidae,Passeriformes,202,357016.42,4.58,1
Hydrornis cyaneus,Pittidae,Passeriformes,108.99,1019585.76,19.95,1
Hydrornis elliotii,Pittidae,Passeriformes,91,605196.04,16.39,1
Hydrornis guajanus,Pittidae,Passeriformes,81.5,129669.16,-7.35,1
Hydrornis gurneyi,Pittidae,Passeriformes,60.5,944.06,11.42,1
Hydrornis irena,Pittidae,Passeriformes,81.5,576808.74,1.29,1
Hydrornis nipalensis,Pittidae,Passeriformes,124,668283.53,23.87,1
Hydrornis oatesi,Pittidae,Passeriformes,120,547817.02,18.85,1
Hydrornis phayrei,Pittidae,Passeriformes,100,927700.65,17.86,1
Hydrornis schneideri,Pittidae,Passeriformes,109,65839.87,1.09,1
Hydrornis schwaneri,Pittidae,Passeriformes,81.5,732631.65,0.86,1
Hydrornis soror,Pittidae,Passeriformes,114,579014.96,18.44,1
Pitta anerythra,Pittidae,Passeriformes,85.99,13115.9,-6.74,2
Pitta angolensis,Pittidae,Passeriformes,62.74,1147347.7,-7.43,2
Pitta brachyura,Pittidae,Passeriformes,55.5,1116429.6,24.25,3
Pitta elegans,Pittidae,Passeriformes,56.6,79857.52,-8.94,1
Pitta iris,Pittidae,Passeriformes,62.19,258796.97,-14.05,1
Pitta maxima,Pittidae,Passeriformes,190,23409.65,0.43,1
Pitta megarhyncha,Pittidae,Passeriformes,106,56592.06,6.76,1
Pitta moluccensis,Pittidae,Passeriformes,76,937561.38,15.55,3
Pitta morotaiensis,Pittidae,Passeriformes,190,2284.05,2.32,1
Pitta novaeguineae,Pittidae,Passeriformes,64.5,684567.7,-5.34,3
Pitta nympha,Pittidae,Passeriformes,88.28,1165759.28,27.62,3
Pitta reichenowi,Pittidae,Passeriformes,62.7,585863.97,0.78,1
Pitta rosenbergii,Pittidae,Passeriformes,64.5,2526.49,-0.94,3
Pitta sordida,Pittidae,Passeriformes,64.5,2977202.55,11.98,3
Pitta steerii,Pittidae,Passeriformes,94.8,117483.71,8.38,1
Pitta superba,Pittidae,Passeriformes,115,1830.09,-2.09,1
Pitta versicolor,Pittidae,Passeriformes,88.94,452194.1,-24.01,1
Pityriasis gymnocephala,Pityriasidae,Passeriformes,128.53,737437.83,0.85,1
Platylophus galericulatus,Platylophidae,Passeriformes,77.89,1559387.65,0.54,1
Batis capensis,Platysteiridae,Passeriformes,11.74,417033.5,-28.4,1
Batis crypta,Platysteiridae,Passeriformes,12.2,41463.59,-9.17,1
Batis dimorpha,Platysteiridae,Passeriformes,11.74,73468.38,-14.58,1
Batis diops,Platysteiridae,Passeriformes,12.7,68443.81,-2.21,1
Batis erlangeri,Platysteiridae,Passeriformes,12.5,4364965.84,4.46,1
Batis fratrum,Platysteiridae,Passeriformes,11.94,296075.25,-21.12,1
Batis ituriensis,Platysteiridae,Passeriformes,10.66,267495.16,1.5,1
Batis margaritae,Platysteiridae,Passeriformes,11.7,103855.36,-12.55,1
Batis minima,Platysteiridae,Passeriformes,10,138511.08,1.93,1
Batis minor,Platysteiridae,Passeriformes,12.5,280465.17,-3.63,1
Batis minulla,Platysteiridae,Passeriformes,9.9,474658.69,-4.71,1
Batis mixta,Platysteiridae,Passeriformes,12.2,57484.87,-4.76,1
Batis molitor,Platysteiridae,Passeriformes,11.64,5233583.28,-13,1
Batis occulta,Platysteiridae,Passeriformes,9,514242.92,3.93,1
Batis orientalis,Platysteiridae,Passeriformes,11.1,2679950.48,10.29,1
Batis perkeo,Platysteiridae,Passeriformes,6.94,949410.69,2.6,1
Batis poensis,Platysteiridae,Passeriformes,9.6,1554.43,3.49,1
Batis pririt,Platysteiridae,Passeriformes,9.34,1547981.31,-24.92,1
Batis reichenowi,Platysteiridae,Passeriformes,12.2,11119.93,-10.11,1
Batis senegalensis,Platysteiridae,Passeriformes,9.64,3034470.61,11.71,1
Batis soror,Platysteiridae,Passeriformes,9.5,863131.73,-13.9,1
Dyaphorophyia ansorgei,Platysteiridae,Passeriformes,11.4,968471.44,-0.03,1
Dyaphorophyia blissetti,Platysteiridae,Passeriformes,11,473029.12,6.76,1
Dyaphorophyia castanea,Platysteiridae,Passeriformes,14.09,3596708.42,-1.17,1
Dyaphorophyia chalybea,Platysteiridae,Passeriformes,11,574191.3,2.89,1
Dyaphorophyia concreta,Platysteiridae,Passeriformes,11.4,175431.5,6.5,1
Dyaphorophyia hormophora,Platysteiridae,Passeriformes,14.09,503966.69,6.88,1
Dyaphorophyia jamesoni,Platysteiridae,Passeriformes,11,559075.89,1.21,1
Dyaphorophyia tonsa,Platysteiridae,Passeriformes,11.5,1168679.83,0.96,1
Lanioturdus torquatus,Platysteiridae,Passeriformes,29,342747.58,-18.16,1
Platysteira albifrons,Platysteiridae,Passeriformes,12.2,146651.07,-9.76,1
Platysteira cyanea,Platysteiridae,Passeriformes,14.6,5598291.68,4.64,1
Platysteira laticincta,Platysteiridae,Passeriformes,13.7,1858.59,6.06,1
Platysteira peltata,Platysteiridae,Passeriformes,13.7,3620454.8,-10.31,1
Amblyospiza albifrons,Ploceidae,Passeriformes,41.59,3499946.84,-6.58,1
Anaplectes jubaensis,Ploceidae,Passeriformes,22.57,30639.88,0.39,1
Anaplectes leuconotos,Ploceidae,Passeriformes,22.57,3233435.3,3.98,1
Anaplectes rubriceps,Ploceidae,Passeriformes,22.57,3258277.53,-16.15,1
Brachycope anomala,Ploceidae,Passeriformes,25.3,252363.81,0.91,1
Bubalornis albirostris,Ploceidae,Passeriformes,61.9,2320967.62,12.3,1
Bubalornis niger,Ploceidae,Passeriformes,76.18,2708371.23,-6.23,1
Dinemellia dinemelli,Ploceidae,Passeriformes,63.89,2361338.48,3.6,1
Euplectes afer,Ploceidae,Passeriformes,14.29,3098334.42,-3.94,1
Euplectes albonotatus,Ploceidae,Passeriformes,21.05,2575220.96,-13.58,1
Euplectes ardens,Ploceidae,Passeriformes,19.02,3182674.54,-10.9,1
Euplectes aureus,Ploceidae,Passeriformes,25,43348.26,-10.82,1
Euplectes axillaris,Ploceidae,Passeriformes,25.12,2371547.67,-7.73,1
Euplectes capensis,Ploceidae,Passeriformes,30.51,2639722.61,-11.72,1
Euplectes diadematus,Ploceidae,Passeriformes,13.9,224374.38,0.54,1
Euplectes franciscanus,Ploceidae,Passeriformes,16,3246050.92,10.54,1
Euplectes gierowii,Ploceidae,Passeriformes,28.27,246606.93,1.76,1
Euplectes hartlaubi,Ploceidae,Passeriformes,35.5,741261.11,-8.91,1
Euplectes hordeaceus,Ploceidae,Passeriformes,19.37,5103979.03,0.85,1
Euplectes jacksoni,Ploceidae,Passeriformes,37.03,107944.78,-0.81,1
Euplectes laticauda,Ploceidae,Passeriformes,19.02,745345.55,7.97,1
Euplectes macroura,Ploceidae,Passeriformes,21.66,3993290.03,1.02,1
Euplectes nigroventris,Ploceidae,Passeriformes,12.5,170115.24,-6.74,1
Euplectes orix,Ploceidae,Passeriformes,22.97,2968587.01,-20.26,1
Euplectes progne,Ploceidae,Passeriformes,35.1,697864.82,-24.06,1
Euplectes psammacromius,Ploceidae,Passeriformes,35.5,34873.18,-9.17,1
Foudia aldabrana,Ploceidae,Passeriformes,24.51,159.45,-9.4,1
Foudia consobrina,Ploceidae,Passeriformes,24.51,1031.45,-11.66,1
Foudia eminentissima,Ploceidae,Passeriformes,24.51,1026.05,-12.47,1
Foudia flavicans,Ploceidae,Passeriformes,15.34,4.84,-19.7,1
Foudia madagascariensis,Ploceidae,Passeriformes,16.59,590835.82,-19.39,1
Foudia omissa,Ploceidae,Passeriformes,18.9,127433.64,-18.77,1
Foudia rubra,Ploceidae,Passeriformes,17.7,11.86,-20.42,1
Foudia sechellarum,Ploceidae,Passeriformes,17.1,3.64,-4.41,1
Histurgops ruficauda,Ploceidae,Passeriformes,69,98235.59,-3.2,1
Malimbus ballmanni,Ploceidae,Passeriformes,63,29246.74,6.47,1
Malimbus cassini,Ploceidae,Passeriformes,35,940615.56,1.07,1
Malimbus coronatus,Ploceidae,Passeriformes,32,395465.27,1.19,1
Malimbus erythrogaster,Ploceidae,Passeriformes,45,1446184.32,0.91,1
Malimbus ibadanensis,Ploceidae,Passeriformes,38.78,1659.29,7.32,1
Malimbus malimbicus,Ploceidae,Passeriformes,36.1,2471944.17,1.87,1
Malimbus nitens,Ploceidae,Passeriformes,37.83,2636859.51,2.32,1
Malimbus racheliae,Ploceidae,Passeriformes,26,209703.78,1.95,1
Malimbus rubricollis,Ploceidae,Passeriformes,42.2,2607128.64,1.19,1
Malimbus scutatus,Ploceidae,Passeriformes,30,857359.49,6.7,1
Philetairus socius,Ploceidae,Passeriformes,27.4,658355.72,-25.42,1
Plocepasser donaldsoni,Ploceidae,Passeriformes,39.9,190025.35,2.38,1
Plocepasser mahali,Ploceidae,Passeriformes,41.47,3098861.26,-16.39,1
Plocepasser rufoscapulatus,Ploceidae,Passeriformes,44.6,403630.33,-12.69,1
Plocepasser superciliosus,Ploceidae,Passeriformes,37.1,2062715.25,9.83,1
Ploceus albinucha,Ploceidae,Passeriformes,27.2,745212.44,3.29,1
Ploceus alienus,Ploceidae,Passeriformes,22.2,61881.53,-1.93,1
Ploceus angolensis,Ploceidae,Passeriformes,26.64,260942.79,-12.66,1
Ploceus aurantius,Ploceidae,Passeriformes,23,441030.16,1.93,1
Ploceus aureonucha,Ploceidae,Passeriformes,26.64,16614.79,1.06,1
Ploceus badius,Ploceidae,Passeriformes,22,365559.99,9.85,1
Ploceus baglafecht,Ploceidae,Passeriformes,31.6,1651063.49,4.63,1
Ploceus bannermani,Ploceidae,Passeriformes,30.8,10857.67,6.28,1
Ploceus batesi,Ploceidae,Passeriformes,26.64,53494.78,3.02,1
Ploceus benghalensis,Ploceidae,Passeriformes,19.8,1001878.12,26,1
Ploceus bertrandi,Ploceidae,Passeriformes,39.03,185221,-11.01,1
Ploceus bicolor,Ploceidae,Passeriformes,34.54,1377098.31,-9.82,1
Ploceus bojeri,Ploceidae,Passeriformes,22.41,223498.08,0.77,1
Ploceus brachypterus,Ploceidae,Passeriformes,27.1,1738516.15,8.75,1
Ploceus burnieri,Ploceidae,Passeriformes,18.03,1464.96,-8.46,1
Ploceus capensis,Ploceidae,Passeriformes,43.99,666169.71,-29.75,1
Ploceus castaneiceps,Ploceidae,Passeriformes,18.5,45796.6,-3.56,1
Ploceus castaneofuscus,Ploceidae,Passeriformes,34.26,507690.27,7.34,1
Ploceus castanops,Ploceidae,Passeriformes,21.4,193380.61,0,1
Ploceus cucullatus,Ploceidae,Passeriformes,36.08,13674390.28,-1.19,1
Ploceus dichrocephalus,Ploceidae,Passeriformes,18.5,118062.52,3.77,1
Ploceus dorsomaculatus,Ploceidae,Passeriformes,26.64,334876.31,1.64,1
Ploceus flavipes,Ploceidae,Passeriformes,46.31,18694.16,1.09,1
Ploceus galbula,Ploceidae,Passeriformes,21.72,941282.4,12.97,1
Ploceus golandi,Ploceidae,Passeriformes,23.52,706.65,-3.19,1
Ploceus grandis,Ploceidae,Passeriformes,63.48,858.51,0.24,1
Ploceus heuglini,Ploceidae,Passeriformes,22.8,2515613.14,9.36,1
Ploceus hypoxanthus,Ploceidae,Passeriformes,18.6,861169.04,12.11,1
Ploceus insignis,Ploceidae,Passeriformes,27.5,247177.26,0,1
Ploceus intermedius,Ploceidae,Passeriformes,20.58,3811744.92,-10.78,1
Ploceus jacksoni,Ploceidae,Passeriformes,23.39,524545.64,-1.61,1
Ploceus katangae,Ploceidae,Passeriformes,18.5,45581.18,-10.36,1
Ploceus luteolus,Ploceidae,Passeriformes,15.1,3085847.32,10.16,1
Ploceus manyar,Ploceidae,Passeriformes,17.4,3752924.49,21.08,1
Ploceus megarhynchus,Ploceidae,Passeriformes,34.31,67070.41,27.69,1
Ploceus melanocephalus,Ploceidae,Passeriformes,23.02,1181602.18,6.14,1
Ploceus melanogaster,Ploceidae,Passeriformes,22.4,221733.17,0.02,1
Ploceus nelicourvi,Ploceidae,Passeriformes,23.8,139470.31,-18.29,1
Ploceus nicolli,Ploceidae,Passeriformes,29.83,7825.98,-6.92,1
Ploceus nigerrimus,Ploceidae,Passeriformes,34.26,1816787.86,0.17,1
Ploceus nigricollis,Ploceidae,Passeriformes,27.1,2474612.53,-0.31,1
Ploceus nigrimentus,Ploceidae,Passeriformes,26.64,84397.42,-6.18,1
Ploceus ocularis,Ploceidae,Passeriformes,25.2,2998767.22,-11.32,1
Ploceus olivaceiceps,Ploceidae,Passeriformes,20.79,233911.57,-13.08,1
Ploceus pelzelni,Ploceidae,Passeriformes,12.65,559286.21,-0.75,1
Ploceus philippinus,Ploceidae,Passeriformes,28.2,6341236.33,19.05,1
Ploceus preussi,Ploceidae,Passeriformes,31.6,596680.15,2.79,1
Ploceus princeps,Ploceidae,Passeriformes,31.2,146.65,1.62,1
Ploceus reichardi,Ploceidae,Passeriformes,26.64,34740.2,-7.47,1
Ploceus rubiginosus,Ploceidae,Passeriformes,29.99,1228691.95,-5.51,1
Ploceus ruweti,Ploceidae,Passeriformes,17,5190.02,-9.52,1
Ploceus sakalava,Ploceidae,Passeriformes,23.8,268618.92,-19.48,1
Ploceus sanctithomae,Ploceidae,Passeriformes,22,858.51,0.24,1
Ploceus spekei,Ploceidae,Passeriformes,35.06,369189,3.65,1
Ploceus spekeoides,Ploceidae,Passeriformes,26.64,12674.62,1.71,1
Ploceus subaureus,Ploceidae,Passeriformes,30.39,493658.92,-11.32,1
Ploceus subpersonatus,Ploceidae,Passeriformes,22.5,22554.32,-2.15,1
Ploceus superciliosus,Ploceidae,Passeriformes,21.4,1002709.09,3.06,1
Ploceus taeniopterus,Ploceidae,Passeriformes,17.56,187720.65,9.49,1
Ploceus temporalis,Ploceidae,Passeriformes,35.8,77920.1,-11.51,1
Ploceus tricolor,Ploceidae,Passeriformes,36.8,1061576.05,2.93,1
Ploceus upembae,Ploceidae,Passeriformes,18.5,10991.59,-8.49,1
Ploceus velatus,Ploceidae,Passeriformes,30.94,3538602.7,-23.17,1
Ploceus vitellinus,Ploceidae,Passeriformes,20,4213194.47,8.66,1
Ploceus weynsi,Ploceidae,Passeriformes,29.04,56949.54,-0.12,2
Ploceus xanthops,Ploceidae,Passeriformes,40.64,2485649.7,-13.11,1
Ploceus xanthopterus,Ploceidae,Passeriformes,21.95,299643.55,-17.48,1
Pseudonigrita arnaudi,Ploceidae,Passeriformes,20,462385.54,-1.13,1
Pseudonigrita cabanisi,Ploceidae,Passeriformes,20.58,266415.08,2.11,1
Quelea cardinalis,Ploceidae,Passeriformes,12.69,671909.82,-1.84,2
Quelea erythrops,Ploceidae,Passeriformes,19.32,2572021.83,0.95,2
Quelea quelea,Ploceidae,Passeriformes,18.59,10621873.64,-6.37,2
Sporopipes frontalis,Ploceidae,Passeriformes,17.3,3005541.44,10.96,1
Sporopipes squamifrons,Ploceidae,Passeriformes,12.3,1945507.16,-23.18,1
Pnoepyga albiventer,Pnoepygidae,Passeriformes,20.9,588072.59,27.93,1
Pnoepyga formosana,Pnoepygidae,Passeriformes,20.9,17049.31,23.71,1
Pnoepyga immaculata,Pnoepygidae,Passeriformes,20.5,59458.23,29.17,1
Pnoepyga pusilla,Pnoepygidae,Passeriformes,12,3686790.81,24.91,1
Microbates cinereiventris,Polioptilidae,Passeriformes,11.9,551552.19,-0.5,1
Microbates collaris,Polioptilidae,Passeriformes,10.2,2367560.87,0.24,1
Polioptila albiloris,Polioptilidae,Passeriformes,6.26,221828.65,16.01,1
Polioptila caerulea,Polioptilidae,Passeriformes,5.8,6582606.18,33.81,3
Polioptila californica,Polioptilidae,Passeriformes,5.82,135910.75,28.3,1
Polioptila dumicola,Polioptilidae,Passeriformes,7,4483982.87,-21,1
Polioptila guianensis,Polioptilidae,Passeriformes,5.96,3402937.83,-3.88,1
Polioptila lactea,Polioptilidae,Passeriformes,6.5,441184.79,-25.76,1
Polioptila lembeyei,Polioptilidae,Passeriformes,5,13553.51,21.06,1
Polioptila maior,Polioptilidae,Passeriformes,6.4,52434.11,-6.87,1
Polioptila melanura,Polioptilidae,Passeriformes,5.2,1143933.05,28.97,1
Polioptila nigriceps,Polioptilidae,Passeriformes,5.6,222914.09,26.74,1
Polioptila plumbea,Polioptilidae,Passeriformes,6.4,7562341.5,-1.37,1
Polioptila schistaceigula,Polioptilidae,Passeriformes,6,144511.46,5.19,1
Ramphocaenus melanurus,Polioptilidae,Passeriformes,9.7,9179813.29,-2.65,1
Garritornis isidorei,Pomatostomidae,Passeriformes,70,561083.93,-5.28,1
Pomatostomus halli,Pomatostomidae,Passeriformes,41.8,487442.04,-26.18,1
Pomatostomus ruficeps,Pomatostomidae,Passeriformes,57.8,1074854.31,-30.72,2
Pomatostomus superciliosus,Pomatostomidae,Passeriformes,41.53,4621673.34,-28.83,1
Pomatostomus temporalis,Pomatostomidae,Passeriformes,74.99,3774038.59,-22.2,1
Promerops cafer,Promeropidae,Passeriformes,34.74,114533.35,-33.39,2
Promerops gurneyi,Promeropidae,Passeriformes,34.91,103702.82,-27.01,2
Prunella atrogularis,Prunellidae,Passeriformes,18.5,950766.74,51.31,3
Prunella collaris,Prunellidae,Passeriformes,38.61,10326440.53,43.61,2
Prunella fulvescens,Prunellidae,Passeriformes,18.9,3210424.28,41.02,2
Prunella himalayana,Prunellidae,Passeriformes,25.7,1586851.28,45.73,2
Prunella immaculata,Prunellidae,Passeriformes,20.7,692958.64,31.36,2
Prunella koslowi,Prunellidae,Passeriformes,17.5,721915.95,45.46,2
Prunella modularis,Prunellidae,Passeriformes,20.24,6779516.3,56.25,1
Prunella montanella,Prunellidae,Passeriformes,17,6373551.3,62.42,3
Prunella ocularis,Prunellidae,Passeriformes,22.5,412826.4,35.52,2
Prunella rubeculoides,Prunellidae,Passeriformes,23.91,1417873.85,32.64,2
Prunella rubida,Prunellidae,Passeriformes,16.7,316162.6,40.72,2
Prunella strophiata,Prunellidae,Passeriformes,18.08,1390796.43,32.01,2
Androphobus viridis,Psophodidae,Passeriformes,30.5,53415.99,-4.41,1
Psophodes cristatus,Psophodidae,Passeriformes,40.71,990722.54,-29.37,1
Psophodes nigrogularis,Psophodidae,Passeriformes,44.52,70357.84,-34.34,1
Psophodes occidentalis,Psophodidae,Passeriformes,39.64,2326926.65,-24.85,1
Psophodes olivaceus,Psophodidae,Passeriformes,62.36,428340.7,-30.87,1
Phainopepla nitens,Ptiliogonatidae,Passeriformes,22.1,1250356.67,29.77,1
Phainoptila melanoxantha,Ptiliogonatidae,Passeriformes,56,6565.63,9.3,1
Ptiliogonys caudatus,Ptiliogonatidae,Passeriformes,36.19,9544.17,9.52,1
Ptiliogonys cinereus,Ptiliogonatidae,Passeriformes,33.6,524061.64,20.78,1
Ailuroedus buccoides,Ptilonorhynchidae,Passeriformes,138,374654.83,-4.56,1
Ailuroedus crassirostris,Ptilonorhynchidae,Passeriformes,205.32,208835.98,-29.32,1
Ailuroedus melanotis,Ptilonorhynchidae,Passeriformes,176.89,167335.29,-9.15,1
Amblyornis flavifrons,Ptilonorhynchidae,Passeriformes,120,978.26,-2.57,1
Amblyornis inornata,Ptilonorhynchidae,Passeriformes,124,16136.48,-1.44,1
Amblyornis macgregoriae,Ptilonorhynchidae,Passeriformes,117.47,139562.12,-5.4,1
Amblyornis subalaris,Ptilonorhynchidae,Passeriformes,108.88,18481.04,-9.15,1
Archboldia papuensis,Ptilonorhynchidae,Passeriformes,177.6,64609.51,-4.71,2
Chlamydera cerviniventris,Ptilonorhynchidae,Passeriformes,156.4,152782.31,-7.39,1
Chlamydera guttata,Ptilonorhynchidae,Passeriformes,135.98,1491137.42,-24.96,1
Chlamydera lauterbachi,Ptilonorhynchidae,Passeriformes,123.2,124403.09,-4.62,1
Chlamydera maculata,Ptilonorhynchidae,Passeriformes,139.99,1784471.92,-25.86,1
Chlamydera nuchalis,Ptilonorhynchidae,Passeriformes,200.43,1285385.85,-16.58,1
Prionodura newtoniana,Ptilonorhynchidae,Passeriformes,78.3,4955.93,-17.44,1
Ptilonorhynchus violaceus,Ptilonorhynchidae,Passeriformes,218.91,523221.88,-30.82,1
Scenopoeetes dentirostris,Ptilonorhynchidae,Passeriformes,163.4,4997.73,-17.57,1
Sericulus ardens,Ptilonorhynchidae,Passeriformes,130,176632.5,-6.65,1
Sericulus aureus,Ptilonorhynchidae,Passeriformes,172,35679.74,-2.83,1
Sericulus bakeri,Ptilonorhynchidae,Passeriformes,176.46,564.15,-4.8,1
Sericulus chrysocephalus,Ptilonorhynchidae,Passeriformes,99.49,89618.77,-28.49,1
Acritillas indica,Pycnonotidae,Passeriformes,30.6,219041.39,11.48,1
Alcurus striatus,Pycnonotidae,Passeriformes,51.96,1082921.86,23.15,1
Alophoixus bres,Pycnonotidae,Passeriformes,35.31,87148.92,-7.48,1
Alophoixus flaveolus,Pycnonotidae,Passeriformes,48.3,559779.47,23.07,1
Alophoixus frater,Pycnonotidae,Passeriformes,44.8,13628.82,9.99,1
Alophoixus griseiceps,Pycnonotidae,Passeriformes,46,13451.14,18,1
Alophoixus ochraceus,Pycnonotidae,Passeriformes,41.45,407080.06,7.21,1
Alophoixus pallidus,Pycnonotidae,Passeriformes,46,1388165.23,19.86,1
Alophoixus phaeocephalus,Pycnonotidae,Passeriformes,32,1368840.15,0.86,1
Alophoixus ruficrissus,Pycnonotidae,Passeriformes,41.45,257937.19,1.92,1
Alophoixus tephrogenys,Pycnonotidae,Passeriformes,35.31,874154.43,1.26,1
Andropadus importunus,Pycnonotidae,Passeriformes,27.4,1338546.67,-17.63,1
Arizelocichla chlorigula,Pycnonotidae,Passeriformes,34.5,50903.09,-8,1
Arizelocichla fusciceps,Pycnonotidae,Passeriformes,34.5,25373.28,-10.61,1
Arizelocichla masukuensis,Pycnonotidae,Passeriformes,26.8,163721.68,-3.96,1
Arizelocichla milanjensis,Pycnonotidae,Passeriformes,37.38,42374.09,-18.94,1
Arizelocichla montana,Pycnonotidae,Passeriformes,32.6,61327.27,6.22,1
Arizelocichla neumanni,Pycnonotidae,Passeriformes,34.5,3869.44,-7.12,1
Arizelocichla nigriceps,Pycnonotidae,Passeriformes,34.5,248447.89,-1.48,1
Arizelocichla striifacies,Pycnonotidae,Passeriformes,37.38,192555.01,-9.36,1
Arizelocichla tephrolaema,Pycnonotidae,Passeriformes,38.3,59489.94,5.92,1
Atimastillas flavicollis,Pycnonotidae,Passeriformes,48.72,1683203.48,9.56,1
Atimastillas flavigula,Pycnonotidae,Passeriformes,48.72,4518854.65,-3.31,1
Baeopogon clamans,Pycnonotidae,Passeriformes,45.8,850000.36,1.03,1
Baeopogon indicator,Pycnonotidae,Passeriformes,45.8,4280773.28,-0.02,1
Bleda canicapillus,Pycnonotidae,Passeriformes,41.3,1094053.69,7.87,1
Bleda eximius,Pycnonotidae,Passeriformes,35.7,339296.54,6.51,1
Bleda notatus,Pycnonotidae,Passeriformes,35.7,674577.61,1.4,1
Bleda syndactylus,Pycnonotidae,Passeriformes,46.14,3527560.89,-0.32,1
Bleda ugandae,Pycnonotidae,Passeriformes,35.7,1530530.64,0.27,1
Brachypodius atriceps,Pycnonotidae,Passeriformes,25.5,2968877.33,10.81,1
Brachypodius fuscoflavescens,Pycnonotidae,Passeriformes,25.5,3196.27,12.26,1
Brachypodius priocephalus,Pycnonotidae,Passeriformes,25.5,99388.86,12.87,1
Calyptocichla serinus,Pycnonotidae,Passeriformes,38.73,1315030.41,2.67,1
Chlorocichla falkensteini,Pycnonotidae,Passeriformes,31.7,978923.36,-1.88,1
Chlorocichla flaviventris,Pycnonotidae,Passeriformes,39.36,3986239.89,-13.84,1
Chlorocichla laetissima,Pycnonotidae,Passeriformes,50.2,137013.1,-0.69,1
Chlorocichla prigoginei,Pycnonotidae,Passeriformes,45.26,868.59,0.24,1
Chlorocichla simplex,Pycnonotidae,Passeriformes,46.43,4003835.48,1.72,1
Criniger barbatus,Pycnonotidae,Passeriformes,42.56,646336.43,6.73,1
Criniger calurus,Pycnonotidae,Passeriformes,37.72,3299941.84,0.66,1
Criniger chloronotus,Pycnonotidae,Passeriformes,45,1204957.83,1.06,1
Criniger ndussumensis,Pycnonotidae,Passeriformes,23,1455617.86,1.12,1
Criniger olivaceus,Pycnonotidae,Passeriformes,28.1,239103.58,6.3,1
Euptilotus eutilotus,Pycnonotidae,Passeriformes,35.3,821688.28,1.44,1
Eurillas ansorgei,Pycnonotidae,Passeriformes,18.7,1858480.06,1.38,1
Eurillas curvirostris,Pycnonotidae,Passeriformes,24.9,3502649.29,0.93,1
Eurillas gracilis,Pycnonotidae,Passeriformes,21.63,3552112.86,0.65,1
Eurillas latirostris,Pycnonotidae,Passeriformes,26.2,3682285.72,1.34,1
Eurillas virens,Pycnonotidae,Passeriformes,26.56,5766996.33,-0.74,1
Hemixos castanonotus,Pycnonotidae,Passeriformes,35.3,979934.26,24.22,2
Hemixos cinereus,Pycnonotidae,Passeriformes,32.5,213432.43,2.74,2
Hemixos connectens,Pycnonotidae,Passeriformes,32.5,197300.12,2.14,2
Hemixos flavala,Pycnonotidae,Passeriformes,32.5,1098549.78,22.42,2
Hemixos leucogrammicus,Pycnonotidae,Passeriformes,33.46,63047.14,1,1
Hypsipetes affinis,Pycnonotidae,Passeriformes,40.5,18011.55,-3.22,1
Hypsipetes amaurotis,Pycnonotidae,Passeriformes,70.89,482417.45,37.68,2
Hypsipetes aureus,Pycnonotidae,Passeriformes,40.5,754.8,-0.37,1
Hypsipetes borbonicus,Pycnonotidae,Passeriformes,55.3,2541.14,-21.12,1
Hypsipetes catarmanensis,Pycnonotidae,Passeriformes,58.3,252.94,9.17,1
Hypsipetes chloris,Pycnonotidae,Passeriformes,40.5,22982.25,0.85,1
Hypsipetes crassirostris,Pycnonotidae,Passeriformes,79.5,244.59,-4.56,1
Hypsipetes everetti,Pycnonotidae,Passeriformes,58.3,82727.31,9,1
Hypsipetes ganeesa,Pycnonotidae,Passeriformes,51.8,238034.77,12.27,3
Hypsipetes harterti,Pycnonotidae,Passeriformes,40.5,2349.38,-1.38,1
Hypsipetes haynaldi,Pycnonotidae,Passeriformes,58.3,1595.33,5.57,1
Hypsipetes leucocephalus,Pycnonotidae,Passeriformes,51.8,4614841.53,25.06,3
Hypsipetes longirostris,Pycnonotidae,Passeriformes,40.5,4637.55,-1.88,1
Hypsipetes lucasi,Pycnonotidae,Passeriformes,40.5,2537.03,-1.57,1
Hypsipetes madagascariensis,Pycnonotidae,Passeriformes,45.99,591386.99,-19.36,1
Hypsipetes moheliensis,Pycnonotidae,Passeriformes,59.44,213.58,-12.32,2
Hypsipetes mysticalis,Pycnonotidae,Passeriformes,40.5,8321.06,-3.42,1
Hypsipetes olivaceus,Pycnonotidae,Passeriformes,74.99,129.38,-20.4,1
Hypsipetes parvirostris,Pycnonotidae,Passeriformes,59.44,1031.45,-11.66,2
Hypsipetes philippinus,Pycnonotidae,Passeriformes,38.6,232032.85,11.74,1
Hypsipetes platenae,Pycnonotidae,Passeriformes,40.5,5.63,3.51,1
Hypsipetes rufigularis,Pycnonotidae,Passeriformes,58.7,21991.1,7.83,1
Hypsipetes siquijorensis,Pycnonotidae,Passeriformes,38.6,5018.51,10.35,1
Hypsipetes thompsoni,Pycnonotidae,Passeriformes,41.8,186717.31,20.09,3
Iole charlottae,Pycnonotidae,Passeriformes,24,1131173.67,1.15,1
Iole finschii,Pycnonotidae,Passeriformes,24.2,779808.76,0.81,1
Iole palawanensis,Pycnonotidae,Passeriformes,26.8,11492.84,9.73,1
Iole propinqua,Pycnonotidae,Passeriformes,25.9,1237485.99,17.87,1
Iole viridescens,Pycnonotidae,Passeriformes,25.9,293077.58,20.46,1
Ixidia cyaniventris,Pycnonotidae,Passeriformes,22,926808.78,1.51,1
Ixidia erythropthalmos,Pycnonotidae,Passeriformes,19.2,1241474.05,1.11,1
Ixidia squamata,Pycnonotidae,Passeriformes,22,296711.64,1.25,1
Ixonotus guttatus,Pycnonotidae,Passeriformes,35.2,2790568.64,0.85,1
Ixos malaccensis,Pycnonotidae,Passeriformes,37.3,976235.84,1.45,1
Ixos mcclellandii,Pycnonotidae,Passeriformes,32.5,2391920.69,24.56,1
Ixos nicobariensis,Pycnonotidae,Passeriformes,36,462.76,8.09,1
Ixos sumatranus,Pycnonotidae,Passeriformes,32.5,63181.63,0.97,1
Ixos virescens,Pycnonotidae,Passeriformes,32.5,14530.69,-7.36,1
Microtarsus melanoleucos,Pycnonotidae,Passeriformes,31,1181602.12,0.82,1
Neolestes torquatus,Pycnonotidae,Passeriformes,22.48,813954.89,-7.62,1
Nok hualon,Pycnonotidae,Passeriformes,37,25219.24,18.25,1
Phyllastrephus albigula,Pycnonotidae,Passeriformes,14.31,6795.8,-5.4,1
Phyllastrephus albigularis,Pycnonotidae,Passeriformes,24.54,2136746.72,2.34,1
Phyllastrephus baumanni,Pycnonotidae,Passeriformes,27.46,446395.6,7.63,1
Phyllastrephus cabanisi,Pycnonotidae,Passeriformes,34.4,1995009.62,-7.85,1
Phyllastrephus cerviniventris,Pycnonotidae,Passeriformes,27,1170058.23,-11.21,1
Phyllastrephus debilis,Pycnonotidae,Passeriformes,14.31,199654.82,-11.26,1
Phyllastrephus fischeri,Pycnonotidae,Passeriformes,27.01,270855.04,-7.69,1
Phyllastrephus flavostriatus,Pycnonotidae,Passeriformes,28.3,444379.94,-11.59,1
Phyllastrephus fulviventris,Pycnonotidae,Passeriformes,33.31,152087.25,-10.78,1
Phyllastrephus hypochloris,Pycnonotidae,Passeriformes,23.13,134659.57,1.21,1
Phyllastrephus icterinus,Pycnonotidae,Passeriformes,18.9,2473054.92,1.22,1
Phyllastrephus lorenzi,Pycnonotidae,Passeriformes,19,39316.14,0.14,1
Phyllastrephus poensis,Pycnonotidae,Passeriformes,28.9,44370.69,6.02,1
Phyllastrephus poliocephalus,Pycnonotidae,Passeriformes,53,31377.95,5.67,1
Phyllastrephus strepitans,Pycnonotidae,Passeriformes,27.1,1347241.75,2.43,1
Phyllastrephus terrestris,Pycnonotidae,Passeriformes,31.08,2434586.59,-17.27,1
Phyllastrephus viridiceps,Pycnonotidae,Passeriformes,24.54,14323.61,-9.51,1
Phyllastrephus xavieri,Pycnonotidae,Passeriformes,22.64,968575.23,1.06,1
Poliolophus urostictus,Pycnonotidae,Passeriformes,24.8,207679.01,11.64,1
Pycnonotus aurigaster,Pycnonotidae,Passeriformes,44.33,2959739.34,19.97,1
Pycnonotus barbatus,Pycnonotidae,Passeriformes,32.1,19572184.19,2.82,1
Pycnonotus bimaculatus,Pycnonotidae,Passeriformes,30,72909.27,-2.57,1
Pycnonotus blanfordi,Pycnonotidae,Passeriformes,33.4,1240819.12,15.52,1
Pycnonotus brunneus,Pycnonotidae,Passeriformes,28.8,1138188.08,1.02,1
Pycnonotus cafer,Pycnonotidae,Passeriformes,42.85,4173278.58,23.09,1
Pycnonotus capensis,Pycnonotidae,Passeriformes,38.6,151666.39,-32.65,1
Pycnonotus cinereifrons,Pycnonotidae,Passeriformes,36.7,13216.58,9.94,1
Pycnonotus davisoni,Pycnonotidae,Passeriformes,26.3,105356.95,18.05,1
Pycnonotus finlaysoni,Pycnonotidae,Passeriformes,26.3,1253924.24,15.52,1
Pycnonotus flavescens,Pycnonotidae,Passeriformes,28.9,917016.17,20.79,1
Pycnonotus goiavier,Pycnonotidae,Passeriformes,27.8,2111233.61,3.53,1
Pycnonotus jocosus,Pycnonotidae,Passeriformes,29.47,5185044.87,20.23,1
Pycnonotus leucogenys,Pycnonotidae,Passeriformes,35.94,378023.58,30.38,2
Pycnonotus leucops,Pycnonotidae,Passeriformes,28.9,54653.41,2.92,1
Pycnonotus leucotis,Pycnonotidae,Passeriformes,27.12,2206861.39,28.39,2
Pycnonotus luteolus,Pycnonotidae,Passeriformes,34.7,1386882.2,17.13,1
Pycnonotus nieuwenhuisii,Pycnonotidae,Passeriformes,25.5,56602.6,3.33,2
Pycnonotus nigricans,Pycnonotidae,Passeriformes,30.8,2129772.01,-23.83,1
Pycnonotus penicillatus,Pycnonotidae,Passeriformes,36.5,3926.19,6.98,1
Pycnonotus plumosus,Pycnonotidae,Passeriformes,34.85,1506344.75,0.58,1
Pycnonotus pseudosimplex,Pycnonotidae,Passeriformes,25.1,80675.6,3.06,1
Pycnonotus simplex,Pycnonotidae,Passeriformes,25.1,1340820.45,0.49,1
Pycnonotus sinensis,Pycnonotidae,Passeriformes,34.2,3154277.75,30.71,3
Pycnonotus snouckaerti,Pycnonotidae,Passeriformes,30,22979.74,4.22,1
Pycnonotus taivanus,Pycnonotidae,Passeriformes,26.11,7274.28,23.06,1
Pycnonotus tympanistrigus,Pycnonotidae,Passeriformes,33.46,97157.16,0.68,1
Pycnonotus xantholaemus,Pycnonotidae,Passeriformes,28.1,346866.77,13.53,1
Pycnonotus xanthopygos,Pycnonotidae,Passeriformes,37.64,1313216.5,23.04,1
Pycnonotus xanthorrhous,Pycnonotidae,Passeriformes,26.9,1741022.34,27.08,1
Pycnonotus zeylanicus,Pycnonotidae,Passeriformes,86.25,656927.06,2.15,1
Pyrrhurus scandens,Pycnonotidae,Passeriformes,43.82,3269576.15,3.97,1
Rubigula dispar,Pycnonotidae,Passeriformes,29.3,446506.23,-1.68,1
Rubigula flaviventris,Pycnonotidae,Passeriformes,29.3,2187721.2,19.96,1
Rubigula gularis,Pycnonotidae,Passeriformes,29.3,82001.29,12.26,1
Rubigula melanictera,Pycnonotidae,Passeriformes,29.3,62208.81,7.59,1
Rubigula montis,Pycnonotidae,Passeriformes,29.3,228290.83,2.34,1
Setornis criniger,Pycnonotidae,Passeriformes,29.5,775317.21,0.3,1
Spizixos canifrons,Pycnonotidae,Passeriformes,44,1162572.35,23.9,1
Spizixos semitorques,Pycnonotidae,Passeriformes,39,2328094.86,28.41,1
Stelgidillas gracilirostris,Pycnonotidae,Passeriformes,31.24,3807444.87,0.49,1
Thescelocichla leucopleura,Pycnonotidae,Passeriformes,62.1,3240183.59,1.53,1
Tricholestes criniger,Pycnonotidae,Passeriformes,17.1,1220380.84,0.92,1
Regulus calendula,Regulidae,Passeriformes,6.19,9263294.84,53.97,3
Regulus goodfellowi,Regulidae,Passeriformes,4.1,22144.91,23.79,2
Regulus ignicapilla,Regulidae,Passeriformes,5.6,2693877.52,46.92,3
Regulus madeirensis,Regulidae,Passeriformes,5.6,753.1,32.74,1
Regulus regulus,Regulidae,Passeriformes,5.54,13206760.36,51.77,3
Regulus satrapa,Regulidae,Passeriformes,6.19,6348089.15,49.81,3
Anthoscopus caroli,Remizidae,Passeriformes,6.9,4646761.76,-11.97,1
Anthoscopus flavifrons,Remizidae,Passeriformes,8,1195620.86,1.81,1
Anthoscopus minutus,Remizidae,Passeriformes,6.6,1707193.51,-25.5,1
Anthoscopus musculus,Remizidae,Passeriformes,5.2,1141427.54,4.22,1
Anthoscopus parvulus,Remizidae,Passeriformes,5.8,1993198.49,10.48,1
Anthoscopus punctifrons,Remizidae,Passeriformes,7,2414155.96,14.22,1
Anthoscopus sylviella,Remizidae,Passeriformes,6.9,183180.16,-2.27,1
Auriparus flaviceps,Remizidae,Passeriformes,6.8,1879707.38,28.91,1
Remiz consobrinus,Remizidae,Passeriformes,9.1,1388083.99,46.67,3
Remiz coronatus,Remizidae,Passeriformes,6.9,2685732.89,46.84,3
Remiz pendulinus,Remizidae,Passeriformes,9.3,5985828.65,49.83,3
Rhagologus leucostigma,Rhagologidae,Passeriformes,26.8,150755.69,-5.04,1
Acropternis orthonyx,Rhinocryptidae,Passeriformes,89.86,112912,1.6,1
Eleoscytalopus indigoticus,Rhinocryptidae,Passeriformes,16.15,454702.62,-22.81,1
Eleoscytalopus psychopompus,Rhinocryptidae,Passeriformes,17.8,5194.76,-14.13,1
Eugralla paradoxa,Rhinocryptidae,Passeriformes,44,124178,-40.01,1
Liosceles thoracicus,Rhinocryptidae,Passeriformes,40.47,2273901.19,-6.23,1
Merulaxis ater,Rhinocryptidae,Passeriformes,35.03,163731.48,-21.4,1
Merulaxis stresemanni,Rhinocryptidae,Passeriformes,35,21.75,-15.79,1
Myornis senilis,Rhinocryptidae,Passeriformes,21.2,118973.23,0.25,1
Psilorhamphus guttatus,Rhinocryptidae,Passeriformes,11.3,410870.11,-24.3,1
Pteroptochos castaneus,Rhinocryptidae,Passeriformes,160.58,53074.04,-36.38,1
Pteroptochos megapodius,Rhinocryptidae,Passeriformes,114,111842.63,-32.73,1
Pteroptochos tarnii,Rhinocryptidae,Passeriformes,147,275064.61,-44.19,1
Rhinocrypta lanceolata,Rhinocryptidae,Passeriformes,61.9,1006274.62,-30.74,1
Scelorchilus albicollis,Rhinocryptidae,Passeriformes,47.28,104257.55,-29.33,1
Scelorchilus rubecula,Rhinocryptidae,Passeriformes,56.69,271566.99,-41.93,1
Scytalopus acutirostris,Rhinocryptidae,Passeriformes,18.06,32716.85,-9.26,1
Scytalopus affinis,Rhinocryptidae,Passeriformes,13.12,15372.72,-7.77,1
Scytalopus altirostris,Rhinocryptidae,Passeriformes,19.5,33237.51,-9.34,1
Scytalopus alvarezlopezi,Rhinocryptidae,Passeriformes,24.7,12146.63,5.1,1
Scytalopus argentifrons,Rhinocryptidae,Passeriformes,17,15549.46,9.37,1
Scytalopus atratus,Rhinocryptidae,Passeriformes,25.74,187476.08,0.13,1
Scytalopus bolivianus,Rhinocryptidae,Passeriformes,20.8,64274.24,-15.52,1
Scytalopus canus,Rhinocryptidae,Passeriformes,18.16,939.82,6.79,1
Scytalopus caracae,Rhinocryptidae,Passeriformes,24,5235.88,10.33,1
Scytalopus chocoensis,Rhinocryptidae,Passeriformes,19.97,25911.28,3.25,1
Scytalopus diamantinensis,Rhinocryptidae,Passeriformes,16.4,21167.42,-12.66,1
Scytalopus femoralis,Rhinocryptidae,Passeriformes,23.2,83386.49,-8.36,1
Scytalopus frankeae,Rhinocryptidae,Passeriformes,17.2,NA,NA,1
Scytalopus fuscus,Rhinocryptidae,Passeriformes,13.7,115796.67,-33.28,1
Scytalopus gettyae,Rhinocryptidae,Passeriformes,20.35,127.48,-11.54,1
Scytalopus gonzagai,Rhinocryptidae,Passeriformes,13,4360.15,-14.72,1
Scytalopus griseicollis,Rhinocryptidae,Passeriformes,18.05,23912.05,5.65,1
Scytalopus iraiensis,Rhinocryptidae,Passeriformes,12.4,5149.75,-27.53,1
Scytalopus krabbei,Rhinocryptidae,Passeriformes,17.5,NA,NA,1
Scytalopus latebricola,Rhinocryptidae,Passeriformes,18.1,10255.87,10.77,1
Scytalopus latrans,Rhinocryptidae,Passeriformes,17.62,216427.84,1.87,1
Scytalopus macropus,Rhinocryptidae,Passeriformes,37.09,40202.47,-8.67,1
Scytalopus magellanicus,Rhinocryptidae,Passeriformes,13.67,454183.19,-44.82,1
Scytalopus meridanus,Rhinocryptidae,Passeriformes,20,20695.73,8.71,1
Scytalopus micropterus,Rhinocryptidae,Passeriformes,29.7,45400.68,0.12,1
Scytalopus novacapitalis,Rhinocryptidae,Passeriformes,18.9,118540.07,-17.8,1
Scytalopus opacus,Rhinocryptidae,Passeriformes,16.2,71883.56,-0.4,1
Scytalopus pachecoi,Rhinocryptidae,Passeriformes,15,46604.22,-28.47,1
Scytalopus panamensis,Rhinocryptidae,Passeriformes,23,233.7,8.11,1
Scytalopus parkeri,Rhinocryptidae,Passeriformes,21.26,4245.47,-3.68,1
Scytalopus parvirostris,Rhinocryptidae,Passeriformes,17.75,117281.58,-12.53,1
Scytalopus perijanus,Rhinocryptidae,Passeriformes,18.5,1087.36,10.34,1
Scytalopus petrophilus,Rhinocryptidae,Passeriformes,13.5,46263.72,-21.39,1
Scytalopus robbinsi,Rhinocryptidae,Passeriformes,19.34,1135.63,-3.01,1
Scytalopus rodriguezi,Rhinocryptidae,Passeriformes,21.6,1915.5,2.08,1
Scytalopus sanctaemartae,Rhinocryptidae,Passeriformes,23.2,4525.06,10.86,1
Scytalopus schulenbergi,Rhinocryptidae,Passeriformes,16.1,38231.31,-14.93,1
Scytalopus simonsi,Rhinocryptidae,Passeriformes,16.62,29912.19,-15.15,1
Scytalopus speluncae,Rhinocryptidae,Passeriformes,13,249767.52,-25.5,1
Scytalopus spillmanni,Rhinocryptidae,Passeriformes,23.54,85564.21,2.4,1
Scytalopus stilesi,Rhinocryptidae,Passeriformes,22.1,8830.73,6.07,1
Scytalopus superciliaris,Rhinocryptidae,Passeriformes,17.8,53108.46,-26.09,1
Scytalopus unicolor,Rhinocryptidae,Passeriformes,17.62,4947.67,-7.35,1
Scytalopus urubambae,Rhinocryptidae,Passeriformes,13,2500.77,-13.2,1
Scytalopus vicinior,Rhinocryptidae,Passeriformes,23.04,16812.48,2.12,1
Scytalopus whitneyi,Rhinocryptidae,Passeriformes,15,NA,NA,1
Scytalopus zimmeri,Rhinocryptidae,Passeriformes,15.9,53350.14,-21.89,1
Teledromas fuscus,Rhinocryptidae,Passeriformes,37.9,521735.99,-34.24,1
Rhipidura albicollis,Rhipiduridae,Passeriformes,12.9,4165283.42,20.09,1
Rhipidura albiscapa,Rhipiduridae,Passeriformes,8.6,1303298.07,-32.52,1
Rhipidura albiventris,Rhipiduridae,Passeriformes,13.2,28516.59,10.79,1
Rhipidura albogularis,Rhipiduridae,Passeriformes,12.9,1422881.29,19.21,1
Rhipidura albolimbata,Rhipiduridae,Passeriformes,10.9,148493.84,-5.26,1
Rhipidura assimilis,Rhipiduridae,Passeriformes,12,1320.02,-5.6,1
Rhipidura atra,Rhipiduridae,Passeriformes,12.2,179053.16,-5.25,1
Rhipidura aureola,Rhipiduridae,Passeriformes,11.2,4306980.92,21.46,1
Rhipidura bouruensis,Rhipiduridae,Passeriformes,12,7509.46,-3.41,1
Rhipidura brachyrhyncha,Rhipiduridae,Passeriformes,10.1,131180.68,-5.28,1
Rhipidura cinerea,Rhipiduridae,Passeriformes,12,18371.93,-3.23,1
Rhipidura cockerelli,Rhipiduridae,Passeriformes,17.5,27207.09,-7.65,1
Rhipidura coultasi,Rhipiduridae,Passeriformes,17.5,4369.01,-9,1
Rhipidura cyaniceps,Rhipiduridae,Passeriformes,13.6,83397.44,15.77,1
Rhipidura dahli,Rhipiduridae,Passeriformes,9.9,12455.26,-5.12,1
Rhipidura dedemi,Rhipiduridae,Passeriformes,10.95,3183.3,-3.15,1
Rhipidura diluta,Rhipiduridae,Passeriformes,14.97,30545.41,-8.6,1
Rhipidura drownei,Rhipiduridae,Passeriformes,11.11,1905.47,-6.06,1
Rhipidura dryas,Rhipiduridae,Passeriformes,9.2,390802.69,-13.15,1
Rhipidura euryura,Rhipiduridae,Passeriformes,15,8512.96,-7.42,1
Rhipidura fuliginosa,Rhipiduridae,Passeriformes,7.53,267492.07,-41.79,1
Rhipidura fuscorufa,Rhipiduridae,Passeriformes,14.97,4783.92,-7.62,1
Rhipidura habibiei,Rhipiduridae,Passeriformes,10,NA,NA,NA
Rhipidura hoedti,Rhipiduridae,Passeriformes,12,1092.57,-7.9,1
Rhipidura hyperythra,Rhipiduridae,Passeriformes,11.2,465792.13,-5.2,1
Rhipidura isura,Rhipiduridae,Passeriformes,12,1663464.29,-10.48,1
Rhipidura javanica,Rhipiduridae,Passeriformes,12.5,1594085.24,4.3,1
Rhipidura kordensis,Rhipiduridae,Passeriformes,12,2592.79,-0.94,1
Rhipidura kubaryi,Rhipiduridae,Passeriformes,14.97,351.18,6.88,1
Rhipidura layardi,Rhipiduridae,Passeriformes,12.9,15924.29,-17.42,1
Rhipidura lepida,Rhipiduridae,Passeriformes,15,442.78,7.46,1
Rhipidura leucophrys,Rhipiduridae,Passeriformes,27.44,8395527.09,-23.26,1
Rhipidura leucothorax,Rhipiduridae,Passeriformes,17.6,565343.93,-4.98,1
Rhipidura maculipectus,Rhipiduridae,Passeriformes,18,137530.75,-5.38,1
Rhipidura malaitae,Rhipiduridae,Passeriformes,12,20.39,-9.17,1
Rhipidura matthiae,Rhipiduridae,Passeriformes,14.97,355.49,-1.44,1
Rhipidura melanolaema,Rhipiduridae,Passeriformes,10.08,257.25,-11.54,1
Rhipidura nebulosa,Rhipiduridae,Passeriformes,5.8,1955.36,-13.79,1
Rhipidura nigritorquis,Rhipiduridae,Passeriformes,17,239336.7,11.74,1
Rhipidura nigrocinnamomea,Rhipiduridae,Passeriformes,13,9000.73,7.53,1
Rhipidura obiensis,Rhipiduridae,Passeriformes,12,2708.43,-1.54,1
Rhipidura ocularis,Rhipiduridae,Passeriformes,11.11,968.19,-9.72,1
Rhipidura opistherythra,Rhipiduridae,Passeriformes,14.97,3122.04,-7.52,1
Rhipidura perlata,Rhipiduridae,Passeriformes,13.4,1287003.58,0.74,1
Rhipidura personata,Rhipiduridae,Passeriformes,35.74,462.6,-19.03,1
Rhipidura phasiana,Rhipiduridae,Passeriformes,6.9,319575.43,-15.95,1
Rhipidura phoenicura,Rhipiduridae,Passeriformes,14.97,8270.5,-7.43,1
Rhipidura rennelliana,Rhipiduridae,Passeriformes,14.5,675.46,-11.65,1
Rhipidura rufidorsa,Rhipiduridae,Passeriformes,9.8,489139.15,-5.11,1
Rhipidura rufifrons,Rhipiduridae,Passeriformes,10.08,843136.87,-26.84,1
Rhipidura rufilateralis,Rhipiduridae,Passeriformes,12.9,425.03,-16.85,1
Rhipidura rufiventris,Rhipiduridae,Passeriformes,12,31219.37,-9.12,1
Rhipidura samarensis,Rhipiduridae,Passeriformes,13.1,23338.34,11.27,1
Rhipidura sauli,Rhipiduridae,Passeriformes,13.6,677.81,12.41,1
Rhipidura semirubra,Rhipiduridae,Passeriformes,8,127.14,-2.26,1
Rhipidura spilodera,Rhipiduridae,Passeriformes,12.9,9510.79,-15.81,1
Rhipidura superciliaris,Rhipiduridae,Passeriformes,13.1,92445.85,7.65,1
Rhipidura superflua,Rhipiduridae,Passeriformes,14.97,2601.62,-3.41,1
Rhipidura tenebrosa,Rhipiduridae,Passeriformes,17.33,3338.04,-10.55,1
Rhipidura tenkatei,Rhipiduridae,Passeriformes,12,1277.38,-10.73,1
Rhipidura teysmanni,Rhipiduridae,Passeriformes,10.7,66641.37,-1.65,1
Rhipidura threnothorax,Rhipiduridae,Passeriformes,17.6,594363.37,-5.08,1
Rhipidura verreauxi,Rhipiduridae,Passeriformes,12.9,17920.06,-21.32,1
Rhodinocichla rosea,Rhodinocichlidae,Passeriformes,48,163331.81,13.47,1
Sapayoa aenigma,Sapayoidae,Passeriformes,20.8,103347.58,5.58,1
Abroscopus albogularis,Scotocercidae,Passeriformes,4.84,1704650.6,24.78,1
Abroscopus schisticeps,Scotocercidae,Passeriformes,4.7,909217.05,26.7,1
Abroscopus superciliaris,Scotocercidae,Passeriformes,6.48,2493437.47,9.89,1
Cettia brunnifrons,Scotocercidae,Passeriformes,7.34,1343501.57,29.04,2
Cettia castaneocoronata,Scotocercidae,Passeriformes,8.94,1980546.83,25.85,1
Cettia cetti,Scotocercidae,Passeriformes,13.22,5290133.33,41.65,1
Cettia major,Scotocercidae,Passeriformes,9.7,1701566.02,29.9,1
Erythrocercus holochlorus,Scotocercidae,Passeriformes,6,185127.39,-3.09,1
Erythrocercus livingstonei,Scotocercidae,Passeriformes,5.9,1133267.59,-15.49,1
Erythrocercus mccallii,Scotocercidae,Passeriformes,7.2,2166425.08,2.61,1
Hemitesia neumanni,Scotocercidae,Passeriformes,14.2,37085.54,-2.3,1
Hemitesia pallidipes,Scotocercidae,Passeriformes,10,1159426.52,23.81,1
Horornis acanthizoides,Scotocercidae,Passeriformes,5.32,311800.42,30.19,2
Horornis annae,Scotocercidae,Passeriformes,18.47,442.79,7.46,1
Horornis brunnescens,Scotocercidae,Passeriformes,5.32,215910.72,28.62,2
Horornis canturians,Scotocercidae,Passeriformes,22.3,1372661.27,35.99,2
Horornis carolinae,Scotocercidae,Passeriformes,17.1,3225.7,-7.59,1
Horornis diphone,Scotocercidae,Passeriformes,13.31,415764.25,38.12,1
Horornis flavolivaceus,Scotocercidae,Passeriformes,8,1655773.77,24.39,2
Horornis fortipes,Scotocercidae,Passeriformes,9.59,2424335.04,27.9,2
Horornis haddeni,Scotocercidae,Passeriformes,24.8,549.11,-5.95,1
Horornis parens,Scotocercidae,Passeriformes,14,202.26,-10.64,1
Horornis ruficapilla,Scotocercidae,Passeriformes,12.7,16891.29,-17.44,1
Horornis seebohmi,Scotocercidae,Passeriformes,12.2,14356.22,16.93,1
Hylia prasina,Scotocercidae,Passeriformes,13.06,4144582.44,1.83,1
Pholidornis rushiae,Scotocercidae,Passeriformes,6,3139298.25,1.34,1
Phyllergates cucullatus,Scotocercidae,Passeriformes,5.9,1523003.19,17.48,1
Phyllergates heterolaemus,Scotocercidae,Passeriformes,8.3,7657.18,7.74,1
Scotocerca inquieta,Scotocercidae,Passeriformes,8.2,4724610.24,32.4,1
Tesia cyaniventer,Scotocercidae,Passeriformes,9.7,2098380.83,23.81,1
Tesia everetti,Scotocercidae,Passeriformes,6.29,29083.3,-8.61,1
Tesia olivea,Scotocercidae,Passeriformes,7,1755868.45,25.16,1
Tesia superciliaris,Scotocercidae,Passeriformes,7,5892.17,-7.14,1
Tickellia hodgsoni,Scotocercidae,Passeriformes,4.5,616057.05,25.2,2
Urosphena squameiceps,Scotocercidae,Passeriformes,9.3,1055595.39,41.78,3
Urosphena subulata,Scotocercidae,Passeriformes,10.3,35526.19,-9.1,1
Urosphena whiteheadi,Scotocercidae,Passeriformes,9,131729.06,2.36,1
Salpornis salvadori,Sittidae,Passeriformes,14.8,2540622.03,-1.93,1
Salpornis spilonota,Sittidae,Passeriformes,14.8,952342.71,23.49,1
Sitta arctica,Sittidae,Passeriformes,21.2,2687701.01,64.29,1
Sitta azurea,Sittidae,Passeriformes,16.27,361034.34,-2.19,1
Sitta canadensis,Sittidae,Passeriformes,9.8,7299100.07,49.37,3
Sitta carolinensis,Sittidae,Passeriformes,21,8811748.35,43.04,1
Sitta cashmirensis,Sittidae,Passeriformes,19,140130.44,33.63,1
Sitta castanea,Sittidae,Passeriformes,19.62,1252045.84,23.62,1
Sitta cinnamoventris,Sittidae,Passeriformes,19.62,792362.64,24.96,1
Sitta europaea,Sittidae,Passeriformes,20.37,21575986.15,52.64,1
Sitta formosa,Sittidae,Passeriformes,21,381262.14,24.44,1
Sitta frontalis,Sittidae,Passeriformes,16.5,5214819.55,14.99,1
Sitta himalayensis,Sittidae,Passeriformes,14.28,413170.09,27.45,1
Sitta insularis,Sittidae,Passeriformes,10.2,83.64,26.62,1
Sitta krueperi,Sittidae,Passeriformes,12.4,282938.85,39.63,1
Sitta ledanti,Sittidae,Passeriformes,17.2,246.6,36.6,1
Sitta leucopsis,Sittidae,Passeriformes,14.77,258577.79,33.49,1
Sitta magna,Sittidae,Passeriformes,41.13,431190.85,23.46,1
Sitta nagaensis,Sittidae,Passeriformes,14.7,1053108.56,25.52,1
Sitta neglecta,Sittidae,Passeriformes,19.62,558586.52,19.42,1
Sitta neumayer,Sittidae,Passeriformes,26.5,1244088.59,38.6,1
Sitta oenochlamys,Sittidae,Passeriformes,16.4,249953.71,11.84,1
Sitta przewalskii,Sittidae,Passeriformes,14.77,459527.42,33.77,1
Sitta pusilla,Sittidae,Passeriformes,10.2,891316.4,32.71,1
Sitta pygmaea,Sittidae,Passeriformes,10.6,1953869.52,37.62,1
Sitta solangiae,Sittidae,Passeriformes,14.96,24723.1,15.87,1
Sitta tephronota,Sittidae,Passeriformes,35.2,2326077.82,35.77,1
Sitta victoriae,Sittidae,Passeriformes,14.3,358.24,21.3,1
Sitta villosa,Sittidae,Passeriformes,9.38,1815019.4,38.94,1
Sitta whiteheadi,Sittidae,Passeriformes,11.8,2318.9,42.2,1
Sitta yunnanensis,Sittidae,Passeriformes,9.87,204754.16,26.57,1
Tichodroma muraria,Sittidae,Passeriformes,17.6,5602345.09,37.22,2
Spindalis dominicensis,Spindalidae,Passeriformes,29.4,74799.65,18.91,1
Spindalis nigricephala,Spindalidae,Passeriformes,45.05,11021.79,18.16,1
Spindalis portoricensis,Spindalidae,Passeriformes,32.12,8774.42,18.23,1
Spindalis zena,Spindalidae,Passeriformes,25.36,126553.5,21.93,1
Chelidorhynx hypoxanthus,Stenostiridae,Passeriformes,6,1699511.06,25.38,1
Culicicapa ceylonensis,Stenostiridae,Passeriformes,7.7,4653880.02,17.21,1
Culicicapa helianthea,Stenostiridae,Passeriformes,8.4,376783.24,7.23,1
Elminia albicauda,Stenostiridae,Passeriformes,8.33,1971246.25,-10.04,1
Elminia albiventris,Stenostiridae,Passeriformes,8.9,224843.85,1.25,1
Elminia albonotata,Stenostiridae,Passeriformes,9.2,905274.18,-9.34,1
Elminia longicauda,Stenostiridae,Passeriformes,9.9,3910894.16,3.54,1
Elminia nigromitrata,Stenostiridae,Passeriformes,9.03,2433804.71,2.16,1
Stenostira scita,Stenostiridae,Passeriformes,5.9,271748.33,-32.06,1
Acridotheres albocinctus,Sturnidae,Passeriformes,98.9,328212.57,23.37,1
Acridotheres burmannicus,Sturnidae,Passeriformes,89,327472.26,20.71,2
Acridotheres cinereus,Sturnidae,Passeriformes,98.9,20065.88,-4.68,2
Acridotheres cristatellus,Sturnidae,Passeriformes,116.31,3073262.93,26.65,2
Acridotheres fuscus,Sturnidae,Passeriformes,82.8,2411128.95,21.75,2
Acridotheres ginginianus,Sturnidae,Passeriformes,72,1641344.88,25.86,2
Acridotheres grandis,Sturnidae,Passeriformes,98.91,1707140.6,17.79,1
Acridotheres javanicus,Sturnidae,Passeriformes,93.5,130826.23,-7.35,1
Acridotheres leucocephalus,Sturnidae,Passeriformes,89,475333.89,13.09,2
Acridotheres melanopterus,Sturnidae,Passeriformes,89,38.7,-6.11,1
Acridotheres tertius,Sturnidae,Passeriformes,89,134.74,-8.16,2
Acridotheres tricolor,Sturnidae,Passeriformes,89,641.98,-8.41,2
Acridotheres tristis,Sturnidae,Passeriformes,116.43,8561587.67,27.06,2
Agropsar philippensis,Sturnidae,Passeriformes,28.8,204502.7,40.4,3
Agropsar sturninus,Sturnidae,Passeriformes,49.4,3280985,44.55,3
Ampeliceps coronatus,Sturnidae,Passeriformes,87.87,1377766.1,17.53,1
Aplonis atrifusca,Sturnidae,Passeriformes,146,3082.77,-13.77,1
Aplonis brunneicapillus,Sturnidae,Passeriformes,66.65,15797.46,-7.45,1
Aplonis cantoroides,Sturnidae,Passeriformes,55.73,822753.89,-5.43,1
Aplonis cinerascens,Sturnidae,Passeriformes,82.9,31.14,-21.23,1
Aplonis circumscripta,Sturnidae,Passeriformes,56.49,NA,NA,1
Aplonis crassa,Sturnidae,Passeriformes,59,3445.48,-7.56,1
Aplonis dichroa,Sturnidae,Passeriformes,84,3331.94,-10.55,1
Aplonis feadensis,Sturnidae,Passeriformes,72,96.84,-2.73,1
Aplonis grandis,Sturnidae,Passeriformes,134,31140.45,-7.77,1
Aplonis insularis,Sturnidae,Passeriformes,69.88,539.04,-11.66,1
Aplonis magna,Sturnidae,Passeriformes,190,2863.25,-0.95,1
Aplonis metallica,Sturnidae,Passeriformes,56.49,767162.17,-7.13,1
Aplonis minor,Sturnidae,Passeriformes,42,325906.87,-6.06,1
Aplonis mysolensis,Sturnidae,Passeriformes,62,64402.76,-1.43,1
Aplonis mystacea,Sturnidae,Passeriformes,68.66,82843.51,-5.85,1
Aplonis opaca,Sturnidae,Passeriformes,83.4,2018.98,10.24,1
Aplonis panayensis,Sturnidae,Passeriformes,56.2,2145170.85,3.77,1
Aplonis pelzelni,Sturnidae,Passeriformes,47,61.49,6.88,1
Aplonis santovestris,Sturnidae,Passeriformes,68.66,59.6,-15.25,1
Aplonis striata,Sturnidae,Passeriformes,54.2,17941.66,-21.32,1
Aplonis tabuensis,Sturnidae,Passeriformes,62.5,23355.95,-16.8,1
Aplonis zelandica,Sturnidae,Passeriformes,68.66,9060.43,-15.24,1
Basilornis celebensis,Sturnidae,Passeriformes,126,168289.41,-2.15,1
Basilornis corythaix,Sturnidae,Passeriformes,126,15461.94,-3.21,1
Basilornis galeatus,Sturnidae,Passeriformes,126,7248.97,-1.71,1
Cinnyricinclus leucogaster,Sturnidae,Passeriformes,44,10024187.06,-1.58,3
Creatophora cinerea,Sturnidae,Passeriformes,73.03,5407365.7,-13.61,2
Enodes erythrophris,Sturnidae,Passeriformes,130,77247.82,-1.67,1
Goodfellowia miranda,Sturnidae,Passeriformes,110,1528.36,7.93,1
Gracula indica,Sturnidae,Passeriformes,192,141169.49,10.79,1
Gracula ptilogenys,Sturnidae,Passeriformes,192,16125.33,6.93,1
Gracula religiosa,Sturnidae,Passeriformes,192,3864550.11,12.45,1
Gracula robusta,Sturnidae,Passeriformes,192,4416.06,1.14,1
Gracula venerata,Sturnidae,Passeriformes,192,48666.49,-8.83,1
Gracupica contra,Sturnidae,Passeriformes,83.99,3334094.62,22.47,1
Gracupica jalla,Sturnidae,Passeriformes,83.99,1381.65,-8.05,1
Gracupica nigricollis,Sturnidae,Passeriformes,156.92,2862924.75,20.71,1
Grafisia torquata,Sturnidae,Passeriformes,64,172318.21,6.22,1
Hartlaubius auratus,Sturnidae,Passeriformes,40.5,409517.94,-18.49,1
Hylopsar cupreocauda,Sturnidae,Passeriformes,58.01,345124.17,6.57,1
Hylopsar purpureiceps,Sturnidae,Passeriformes,62.84,1844762.06,0.72,1
Lamprotornis acuticaudus,Sturnidae,Passeriformes,67.6,1542032.33,-12.88,1
Lamprotornis albicapillus,Sturnidae,Passeriformes,76.75,792878.49,7.14,1
Lamprotornis australis,Sturnidae,Passeriformes,101.05,1557885.95,-21.19,1
Lamprotornis benguelensis,Sturnidae,Passeriformes,64.19,25360.26,-14.63,1
Lamprotornis bicolor,Sturnidae,Passeriformes,104,787929.61,-30.19,1
Lamprotornis caudatus,Sturnidae,Passeriformes,121,2770669.04,12.09,1
Lamprotornis chalcurus,Sturnidae,Passeriformes,63,2454558.78,8.95,1
Lamprotornis chalybaeus,Sturnidae,Passeriformes,86.17,7830690.15,-0.24,1
Lamprotornis chloropterus,Sturnidae,Passeriformes,73.1,5690333.67,4.29,1
Lamprotornis fischeri,Sturnidae,Passeriformes,51,642683.49,0.54,1
Lamprotornis hildebrandti,Sturnidae,Passeriformes,55.89,413819.2,-2.63,1
Lamprotornis iris,Sturnidae,Passeriformes,69,148739.05,8.41,1
Lamprotornis mevesii,Sturnidae,Passeriformes,64.19,639807.37,-18.58,1
Lamprotornis nitens,Sturnidae,Passeriformes,85.59,3006322.47,-22.69,1
Lamprotornis ornatus,Sturnidae,Passeriformes,130,146.65,1.62,1
Lamprotornis pulcher,Sturnidae,Passeriformes,67.29,3948428.54,14.68,1
Lamprotornis purpureus,Sturnidae,Passeriformes,112.87,3464722.79,9.72,2
Lamprotornis purpuroptera,Sturnidae,Passeriformes,77.41,1362512.11,5.26,1
Lamprotornis regius,Sturnidae,Passeriformes,53.83,1243437.56,3.65,1
Lamprotornis shelleyi,Sturnidae,Passeriformes,45,657853.65,7.11,3
Lamprotornis splendidus,Sturnidae,Passeriformes,123.09,3906065.58,-0.21,2
Lamprotornis superbus,Sturnidae,Passeriformes,64.9,2087560.01,3.31,1
Lamprotornis unicolor,Sturnidae,Passeriformes,60.24,309310.94,-5.8,1
Lamprotornis violacior,Sturnidae,Passeriformes,64.19,127572.51,-16.53,1
Leucopsar rothschildi,Sturnidae,Passeriformes,91.3,37.61,-8.12,1
Mino anais,Sturnidae,Passeriformes,152,373078.68,-4.33,1
Mino dumontii,Sturnidae,Passeriformes,217,640179.95,-5.35,1
Mino kreffti,Sturnidae,Passeriformes,217,60831.97,-6.12,1
Neocichla gutturalis,Sturnidae,Passeriformes,66.7,292415.08,-9.52,2
Notopholia corusca,Sturnidae,Passeriformes,56.07,495997.97,-15.54,2
Onychognathus albirostris,Sturnidae,Passeriformes,137.29,162747,11.9,1
Onychognathus blythii,Sturnidae,Passeriformes,100,282533.08,11.56,1
Onychognathus frater,Sturnidae,Passeriformes,100,3622.4,12.51,1
Onychognathus fulgidus,Sturnidae,Passeriformes,109.03,2367641.44,1.24,2
Onychognathus morio,Sturnidae,Passeriformes,132.9,3660528.38,-12.51,1
Onychognathus nabouroup,Sturnidae,Passeriformes,102.43,984106.61,-26.6,1
Onychognathus neumanni,Sturnidae,Passeriformes,39.8,467656.08,10.85,1
Onychognathus salvadorii,Sturnidae,Passeriformes,160,646688.67,5.22,1
Onychognathus tenuirostris,Sturnidae,Passeriformes,118,405677.73,5.36,1
Onychognathus tristramii,Sturnidae,Passeriformes,122.73,564513.21,20.09,1
Onychognathus walleri,Sturnidae,Passeriformes,93,308237.32,-1.12,1
Pastor roseus,Sturnidae,Passeriformes,72.97,5911355.59,44.27,3
Pholia sharpii,Sturnidae,Passeriformes,41,195406.84,0.33,2
Poeoptera femoralis,Sturnidae,Passeriformes,41,5033.2,-1.41,2
Poeoptera kenricki,Sturnidae,Passeriformes,46.37,203009.08,-5.62,1
Poeoptera lugubris,Sturnidae,Passeriformes,38.79,611884.69,1.77,1
Poeoptera stuhlmanni,Sturnidae,Passeriformes,39.3,175255.7,-0.12,1
Rhabdornis grandis,Sturnidae,Passeriformes,45.5,12859.33,16.93,1
Rhabdornis inornatus,Sturnidae,Passeriformes,39.1,114902.72,8.35,1
Rhabdornis mystacalis,Sturnidae,Passeriformes,25.6,247778.1,11.88,1
Rhabdornis rabori,Sturnidae,Passeriformes,39.1,24269.39,10.58,1
Sarcops calvus,Sturnidae,Passeriformes,142,253849.18,11.82,1
Saroglossa spilopterus,Sturnidae,Passeriformes,47.5,119537.73,29.81,3
Scissirostrum dubium,Sturnidae,Passeriformes,50,141970.52,-2.05,2
Speculipastor bicolor,Sturnidae,Passeriformes,64.16,1084773.96,4.68,1
Spodiopsar cineraceus,Sturnidae,Passeriformes,83,5348180.01,44.55,1
Spodiopsar sericeus,Sturnidae,Passeriformes,65,1660503.05,27.11,2
Streptocitta albertinae,Sturnidae,Passeriformes,248,2737.24,-1.82,1
Streptocitta albicollis,Sturnidae,Passeriformes,248,55724.43,-4.09,1
Streptocitta torquata,Sturnidae,Passeriformes,248,70872.6,-0.18,1
Sturnia erythropygia,Sturnidae,Passeriformes,39.6,5485.94,12.1,1
Sturnia malabarica,Sturnidae,Passeriformes,39.6,3374078.72,21.65,2
Sturnia pagodarum,Sturnidae,Passeriformes,48.9,3407257.97,23.8,1
Sturnia sinensis,Sturnidae,Passeriformes,61,741191.43,24.77,3
Sturnornis albofrontatus,Sturnidae,Passeriformes,39.6,9929.88,6.96,1
Sturnus unicolor,Sturnidae,Passeriformes,83.66,826392.84,38.59,1
Sturnus vulgaris,Sturnidae,Passeriformes,77.14,17082191.68,50.32,2
Chamaea fasciata,Sylviidae,Passeriformes,14.73,246063.25,37.92,1
Chleuasicus atrosuperciliaris,Sylviidae,Passeriformes,16.8,204421.85,24.66,1
Cholornis paradoxus,Sylviidae,Passeriformes,35,137179.65,32.32,1
Cholornis unicolor,Sylviidae,Passeriformes,34,150398.92,28.03,1
Chrysomma altirostre,Sylviidae,Passeriformes,20,47346.58,26.06,1
Chrysomma sinense,Sylviidae,Passeriformes,17.16,4332183.62,22.44,1
Conostoma aemodium,Sylviidae,Passeriformes,83.99,747028.87,29.78,1
Fulvetta cinereiceps,Sylviidae,Passeriformes,10,974328.46,31.03,1
Fulvetta danisi,Sylviidae,Passeriformes,11,26593.1,17.86,1
Fulvetta formosana,Sylviidae,Passeriformes,10,8592.64,23.77,1
Fulvetta ludlowi,Sylviidae,Passeriformes,10.5,33199.73,28.44,2
Fulvetta manipurensis,Sylviidae,Passeriformes,10,239413.65,25.42,1
Fulvetta ruficapilla,Sylviidae,Passeriformes,9,552478.8,30.16,1
Fulvetta striaticollis,Sylviidae,Passeriformes,13.16,427621.63,31.8,1
Fulvetta vinipectus,Sylviidae,Passeriformes,11.95,559498.48,28.79,1
Lioparus chrysotis,Sylviidae,Passeriformes,5.5,1322119.82,27.96,1
Moupinia poecilotis,Sylviidae,Passeriformes,18.71,261236.65,30.64,1
Myzornis pyrrhoura,Sylviidae,Passeriformes,11.9,99938.48,27.42,1
Neosuthora davidiana,Sylviidae,Passeriformes,8.5,172440.84,21.9,1
Paradoxornis flavirostris,Sylviidae,Passeriformes,26,36993.82,26.67,1
Paradoxornis guttaticollis,Sylviidae,Passeriformes,26,1409894.64,24.84,2
Paradoxornis heudei,Sylviidae,Passeriformes,32,452378.34,45.02,2
Parophasma galinieri,Sylviidae,Passeriformes,21.5,78935.61,8.81,1
Psittiparus bakeri,Sylviidae,Passeriformes,32,288108.31,23.53,1
Psittiparus gularis,Sylviidae,Passeriformes,29,1985394.87,25.15,1
Psittiparus margaritae,Sylviidae,Passeriformes,29,6360.27,12.02,1
Psittiparus ruficeps,Sylviidae,Passeriformes,32,71788.74,27.69,1
Rhopophilus albosuperciliaris,Sylviidae,Passeriformes,18.03,423339.56,40,1
Rhopophilus pekinensis,Sylviidae,Passeriformes,18.03,1353087.16,37.03,1
Sinosuthora alphonsiana,Sylviidae,Passeriformes,10.5,185799.16,26.42,1
Sinosuthora brunnea,Sylviidae,Passeriformes,9.25,125196.45,25.21,1
Sinosuthora conspicillata,Sylviidae,Passeriformes,8.5,276903.92,33.7,1
Sinosuthora przewalskii,Sylviidae,Passeriformes,8.5,32728.45,33.68,1
Sinosuthora ricketti,Sylviidae,Passeriformes,9.25,98059.89,28,1
Sinosuthora webbiana,Sylviidae,Passeriformes,10.9,4347110.32,33.65,1
Sinosuthora zappeyi,Sylviidae,Passeriformes,9.5,41291.23,27.85,1
Suthora fulvifrons,Sylviidae,Passeriformes,6.4,287751.92,28.81,1
Suthora nipalensis,Sylviidae,Passeriformes,5.47,410838.23,24.98,1
Suthora verreauxi,Sylviidae,Passeriformes,6,430054.14,25.94,1
Sylvia abyssinica,Sylviidae,Passeriformes,18.8,387143.47,-0.78,1
Sylvia atricapilla,Sylviidae,Passeriformes,16.7,8628077.66,51.6,3
Sylvia atriceps,Sylviidae,Passeriformes,18.8,111757.32,-0.19,1
Sylvia balearica,Sylviidae,Passeriformes,9.8,4300.52,39.51,1
Sylvia boehmi,Sylviidae,Passeriformes,14,757783.64,0.19,1
Sylvia borin,Sylviidae,Passeriformes,18.2,9648408.47,54.65,3
Sylvia buryi,Sylviidae,Passeriformes,22,62421.27,16.77,1
Sylvia cantillans,Sylviidae,Passeriformes,9.6,1448615.93,38.35,3
Sylvia communis,Sylviidae,Passeriformes,15.1,14124012.64,50.84,3
Sylvia conspicillata,Sylviidae,Passeriformes,9,1315716.19,35.25,3
Sylvia crassirostris,Sylviidae,Passeriformes,23,2006028.95,37.47,3
Sylvia curruca,Sylviidae,Passeriformes,11.44,21087199.91,51.94,3
Sylvia deserti,Sylviidae,Passeriformes,8.7,2032681.64,28.51,1
Sylvia deserticola,Sylviidae,Passeriformes,8.58,297087.16,33.31,1
Sylvia dohrni,Sylviidae,Passeriformes,19.33,150.94,1.62,1
Sylvia hortensis,Sylviidae,Passeriformes,21.9,1039800.12,37.79,3
Sylvia layardi,Sylviidae,Passeriformes,14.3,780211.28,-29.32,1
Sylvia leucomelaena,Sylviidae,Passeriformes,13.9,547018.24,17,1
Sylvia lugens,Sylviidae,Passeriformes,14.9,401532.97,3.82,1
Sylvia melanocephala,Sylviidae,Passeriformes,11.7,1781820.85,37.82,2
Sylvia melanothorax,Sylviidae,Passeriformes,11.4,7952.61,35.04,3
Sylvia mystacea,Sylviidae,Passeriformes,9.9,1359316.78,39.84,3
Sylvia nana,Sylviidae,Passeriformes,8.7,4323839.88,42.26,1
Sylvia nigricapillus,Sylviidae,Passeriformes,29.64,170916.76,-29.46,2
Sylvia nisoria,Sylviidae,Passeriformes,22.5,10133103.58,50.08,3
Sylvia ruppeli,Sylviidae,Passeriformes,12.84,238081.29,37.7,3
Sylvia sarda,Sylviidae,Passeriformes,9.8,33262.12,40.66,1
Sylvia subalpina,Sylviidae,Passeriformes,9.6,84258.76,42.49,3
Sylvia subcoerulea,Sylviidae,Passeriformes,14.6,2960791.88,-23.9,1
Sylvia undata,Sylviidae,Passeriformes,10.8,826720.86,40.86,1
Teretistris fernandinae,Teretistridae,Passeriformes,9.9,25700.55,22.44,1
Teretistris fornsi,Teretistridae,Passeriformes,9.7,38336.73,21.14,1
Akletos goeldii,Thamnophilidae,Passeriformes,42,342175.6,-10.57,1
Akletos melanoceps,Thamnophilidae,Passeriformes,38.5,1321301.01,-3.48,1
Ammonastes pelzelni,Thamnophilidae,Passeriformes,17.73,58892.64,1.22,1
Ampelornis griseiceps,Thamnophilidae,Passeriformes,15,17850.65,-4.63,1
Aprositornis disjuncta,Thamnophilidae,Passeriformes,15,42618.45,2.25,1
Batara cinerea,Thamnophilidae,Passeriformes,131,600001.37,-25.61,1
Biatas nigropectus,Thamnophilidae,Passeriformes,25.5,23893.22,-24.14,1
Cercomacra brasiliana,Thamnophilidae,Passeriformes,12,129178.51,-18.5,1
Cercomacra carbonaria,Thamnophilidae,Passeriformes,14.5,17194.19,1.59,1
Cercomacra cinerascens,Thamnophilidae,Passeriformes,14.3,6701397,-4.06,1
Cercomacra ferdinandi,Thamnophilidae,Passeriformes,15,31828.1,-9.87,1
Cercomacra manu,Thamnophilidae,Passeriformes,18.08,484743.72,-10.08,1
Cercomacra melanaria,Thamnophilidae,Passeriformes,19,442324.16,-16.87,1
Cercomacra nigricans,Thamnophilidae,Passeriformes,16.56,546994.42,6.86,1
Cercomacroides fuscicauda,Thamnophilidae,Passeriformes,16.5,1072999.68,-8.58,1
Cercomacroides laeta,Thamnophilidae,Passeriformes,15.96,393677.48,-1.51,1
Cercomacroides nigrescens,Thamnophilidae,Passeriformes,16.5,2801934.84,-7.61,1
Cercomacroides parkeri,Thamnophilidae,Passeriformes,17.2,60670.31,5.42,1
Cercomacroides serva,Thamnophilidae,Passeriformes,17,1344617.26,-6.76,1
Cercomacroides tyrannina,Thamnophilidae,Passeriformes,16.3,3170819.2,4.18,1
Clytoctantes alixii,Thamnophilidae,Passeriformes,32.5,1716.45,7.28,1
Clytoctantes atrogularis,Thamnophilidae,Passeriformes,31,35946.66,-8.59,1
Cymbilaimus lineatus,Thamnophilidae,Passeriformes,35.8,6643566.16,-3.45,1
Cymbilaimus sanctaemariae,Thamnophilidae,Passeriformes,28.7,494689.32,-10.6,1
Dichrozona cincta,Thamnophilidae,Passeriformes,16,3112856.94,-5.3,1
Drymophila caudata,Thamnophilidae,Passeriformes,11.9,18604.27,4.56,1
Drymophila devillei,Thamnophilidae,Passeriformes,10.2,2101473.55,-9.34,1
Drymophila ferruginea,Thamnophilidae,Passeriformes,10.6,506171.48,-21.15,1
Drymophila genei,Thamnophilidae,Passeriformes,11.4,24959.28,-21.59,1
Drymophila hellmayri,Thamnophilidae,Passeriformes,11.9,3040.78,10.94,1
Drymophila klagesi,Thamnophilidae,Passeriformes,11.9,58183.48,9.48,1
Drymophila malura,Thamnophilidae,Passeriformes,13,769759.91,-25.09,1
Drymophila ochropyga,Thamnophilidae,Passeriformes,10.5,359922.99,-21.9,1
Drymophila rubricollis,Thamnophilidae,Passeriformes,10,329402.94,-24.97,1
Drymophila squamata,Thamnophilidae,Passeriformes,10.8,340038.68,-19.36,1
Drymophila striaticeps,Thamnophilidae,Passeriformes,12.2,193411.84,-4.21,1
Dysithamnus leucostictus,Thamnophilidae,Passeriformes,20.2,52236.9,1.84,1
Dysithamnus mentalis,Thamnophilidae,Passeriformes,14.87,4153057.29,-11.55,1
Dysithamnus occidentalis,Thamnophilidae,Passeriformes,26.4,16007.91,1.46,1
Dysithamnus plumbeus,Thamnophilidae,Passeriformes,20.5,42463.62,-17.27,1
Dysithamnus puncticeps,Thamnophilidae,Passeriformes,14.9,127823.89,4.96,1
Dysithamnus stictothorax,Thamnophilidae,Passeriformes,15.5,415220.51,-22.36,1
Dysithamnus striaticeps,Thamnophilidae,Passeriformes,12,88175.27,12.92,1
Dysithamnus xanthopterus,Thamnophilidae,Passeriformes,16,44440.17,-23.81,1
Epinecrophylla amazonica,Thamnophilidae,Passeriformes,8.7,784494.52,-7.26,1
Epinecrophylla erythrura,Thamnophilidae,Passeriformes,11.4,1668234.16,-3.92,1
Epinecrophylla fulviventris,Thamnophilidae,Passeriformes,10.4,281139.81,7.84,1
Epinecrophylla gutturalis,Thamnophilidae,Passeriformes,9.2,1094090.89,1.99,1
Epinecrophylla haematonota,Thamnophilidae,Passeriformes,8.7,2201917.23,-1.75,1
Epinecrophylla hoffmannsi,Thamnophilidae,Passeriformes,9.4,1285141.42,-7.57,1
Epinecrophylla leucophthalma,Thamnophilidae,Passeriformes,9.4,2106545.33,-7.97,1
Epinecrophylla ornata,Thamnophilidae,Passeriformes,9.4,779701.15,-8.94,1
Epinecrophylla spodionota,Thamnophilidae,Passeriformes,10.7,124365.62,-6.48,1
Euchrepomis callinota,Thamnophilidae,Passeriformes,7,227242.25,-1.98,1
Euchrepomis humeralis,Thamnophilidae,Passeriformes,7.3,1272005.55,-7.42,1
Euchrepomis sharpei,Thamnophilidae,Passeriformes,7.48,24281.18,-14.8,1
Euchrepomis spodioptila,Thamnophilidae,Passeriformes,6.5,2155598.92,1.95,1
Formicivora acutirostris,Thamnophilidae,Passeriformes,10,880.77,-26.2,1
Formicivora erythronotos,Thamnophilidae,Passeriformes,10.3,131.33,-23.07,1
Formicivora grantsaui,Thamnophilidae,Passeriformes,10,3516.85,-12.77,1
Formicivora grisea,Thamnophilidae,Passeriformes,10.36,5032873.87,-6.26,1
Formicivora iheringi,Thamnophilidae,Passeriformes,8.2,20887.06,-14.86,1
Formicivora intermedia,Thamnophilidae,Passeriformes,9.8,779878.05,8.52,1
Formicivora melanogaster,Thamnophilidae,Passeriformes,10.5,2649645.38,-13.96,1
Formicivora paludicola,Thamnophilidae,Passeriformes,9.3,487.85,-23.48,1
Formicivora rufa,Thamnophilidae,Passeriformes,10.8,4090899.87,-14.82,1
Formicivora serrana,Thamnophilidae,Passeriformes,11.4,209781.99,-19.75,1
Frederickena unduliger,Thamnophilidae,Passeriformes,83,1735694.57,-5.05,1
Frederickena viridis,Thamnophilidae,Passeriformes,76,1266903.39,2.8,1
Gymnocichla nudiceps,Thamnophilidae,Passeriformes,30.5,355899.13,10.03,1
Gymnopithys bicolor,Thamnophilidae,Passeriformes,31.1,367237.83,8.17,1
Gymnopithys leucaspis,Thamnophilidae,Passeriformes,27.2,1029456.75,-2.03,1
Gymnopithys rufigula,Thamnophilidae,Passeriformes,29.1,1727736.89,2.53,1
Hafferia fortis,Thamnophilidae,Passeriformes,45.94,1945728.92,-5.19,1
Hafferia immaculata,Thamnophilidae,Passeriformes,47.1,103061.8,7.24,1
Hafferia zeledoni,Thamnophilidae,Passeriformes,47.1,163041.74,3.48,1
Herpsilochmus atricapillus,Thamnophilidae,Passeriformes,9.85,3731834,-14.94,1
Herpsilochmus axillaris,Thamnophilidae,Passeriformes,11.4,109343.39,-5.94,1
Herpsilochmus dorsimaculatus,Thamnophilidae,Passeriformes,9.9,907516.41,1.88,1
Herpsilochmus dugandi,Thamnophilidae,Passeriformes,10.3,230307.08,-1.95,1
Herpsilochmus gentryi,Thamnophilidae,Passeriformes,10.6,9533.66,-3.7,1
Herpsilochmus longirostris,Thamnophilidae,Passeriformes,12.8,1991289.01,-16.09,1
Herpsilochmus motacilloides,Thamnophilidae,Passeriformes,12.5,74742.79,-11.6,1
Herpsilochmus parkeri,Thamnophilidae,Passeriformes,11.5,15.06,-6.03,1
Herpsilochmus pectoralis,Thamnophilidae,Passeriformes,11.1,222276.46,-8.92,1
Herpsilochmus pileatus,Thamnophilidae,Passeriformes,8.9,1545.44,-15.12,1
Herpsilochmus praedictus,Thamnophilidae,Passeriformes,11.2,270584.03,-6.26,1
Herpsilochmus roraimae,Thamnophilidae,Passeriformes,11.5,283885.89,4.55,1
Herpsilochmus rufimarginatus,Thamnophilidae,Passeriformes,10.58,680842.37,-23.71,1
Herpsilochmus scapularis,Thamnophilidae,Passeriformes,10.58,2832018.86,-6.53,1
Herpsilochmus sellowi,Thamnophilidae,Passeriformes,7.5,995787.86,-9.45,1
Herpsilochmus stictocephalus,Thamnophilidae,Passeriformes,8.8,527219.13,4.21,1
Herpsilochmus sticturus,Thamnophilidae,Passeriformes,9.5,558905.86,4.55,1
Herpsilochmus stotzi,Thamnophilidae,Passeriformes,10.8,85370.42,-7.44,1
Hylophylax naevioides,Thamnophilidae,Passeriformes,17.8,372510.89,7.85,1
Hylophylax naevius,Thamnophilidae,Passeriformes,14.2,5848723.89,-3.52,1
Hylophylax punctulatus,Thamnophilidae,Passeriformes,12.4,3128205.43,-4.64,1
Hypocnemis cantator,Thamnophilidae,Passeriformes,12.29,968489.41,2.31,1
Hypocnemis flavescens,Thamnophilidae,Passeriformes,12.29,506050.4,2.72,1
Hypocnemis hypoxantha,Thamnophilidae,Passeriformes,11.53,1409240.17,-3.14,1
Hypocnemis ochrogyna,Thamnophilidae,Passeriformes,12.29,456296.85,-12.6,1
Hypocnemis peruviana,Thamnophilidae,Passeriformes,12.29,1886860.41,-5.82,1
Hypocnemis rondoni,Thamnophilidae,Passeriformes,12.5,95654.42,-7.64,1
Hypocnemis striata,Thamnophilidae,Passeriformes,12.29,1133963.09,-6.33,1
Hypocnemis subflava,Thamnophilidae,Passeriformes,12.29,362426.01,-13.08,1
Hypocnemoides maculicauda,Thamnophilidae,Passeriformes,11.8,3324431.81,-9.31,1
Hypocnemoides melanopogon,Thamnophilidae,Passeriformes,14.1,3494411.77,0.59,1
Hypoedaleus guttatus,Thamnophilidae,Passeriformes,38.8,829945.45,-22.7,1
Isleria guttata,Thamnophilidae,Passeriformes,11,1694815.8,2.41,1
Isleria hauxwelli,Thamnophilidae,Passeriformes,10.7,4248364.67,-6.55,1
Mackenziaena leachii,Thamnophilidae,Passeriformes,70.2,828525.05,-25.57,1
Mackenziaena severa,Thamnophilidae,Passeriformes,51.8,955402.98,-23.07,1
Megastictus margaritatus,Thamnophilidae,Passeriformes,20.2,1933727.21,-3.45,1
Microrhopias quixensis,Thamnophilidae,Passeriformes,7.9,4104536.42,-3.56,1
Myrmeciza longipes,Thamnophilidae,Passeriformes,27.9,1110901.77,6.41,1
Myrmelastes brunneiceps,Thamnophilidae,Passeriformes,25.69,54557.95,-12.78,1
Myrmelastes caurensis,Thamnophilidae,Passeriformes,39.4,240244,4.82,1
Myrmelastes humaythae,Thamnophilidae,Passeriformes,25.69,370620.41,-5.67,1
Myrmelastes hyperythrus,Thamnophilidae,Passeriformes,41,1642348.58,-7.11,1
Myrmelastes leucostigma,Thamnophilidae,Passeriformes,25.69,2969595.64,-0.89,1
Myrmelastes rufifacies,Thamnophilidae,Passeriformes,25.69,473471.48,-5.4,1
Myrmelastes saturatus,Thamnophilidae,Passeriformes,25.69,47946.34,5.42,1
Myrmelastes schistaceus,Thamnophilidae,Passeriformes,23.8,526174.02,-4.72,1
Myrmoborus leucophrys,Thamnophilidae,Passeriformes,21.5,5113605.96,-3.46,1
Myrmoborus lophotes,Thamnophilidae,Passeriformes,28,202927.68,-11.18,1
Myrmoborus lugubris,Thamnophilidae,Passeriformes,21.44,290798.01,-3,1
Myrmoborus melanurus,Thamnophilidae,Passeriformes,18.1,32518.28,-4.75,1
Myrmoborus myotherinus,Thamnophilidae,Passeriformes,18.8,4778353.33,-6.18,1
Myrmochanes hemileucus,Thamnophilidae,Passeriformes,12.48,261134.97,-5.53,1
Myrmoderus eowilsoni,Thamnophilidae,Passeriformes,26.1,23748.94,-8.1,1
Myrmoderus ferrugineus,Thamnophilidae,Passeriformes,26.1,1290324.22,0.07,1
Myrmoderus loricatus,Thamnophilidae,Passeriformes,15.5,177950.43,-18.67,1
Myrmoderus ruficauda,Thamnophilidae,Passeriformes,26,499.32,-16.77,1
Myrmoderus squamosus,Thamnophilidae,Passeriformes,18.5,241730.2,-25.18,1
Myrmophylax atrothorax,Thamnophilidae,Passeriformes,16.1,6800794.01,-4.69,1
Myrmorchilus strigilatus,Thamnophilidae,Passeriformes,23,1728828.97,-15.55,1
Myrmornis stictoptera,Thamnophilidae,Passeriformes,46.7,115825.71,8.2,1
Myrmornis torquata,Thamnophilidae,Passeriformes,46.7,2996202.86,-0.9,1
Myrmotherula ambigua,Thamnophilidae,Passeriformes,6.7,257668.14,0.74,1
Myrmotherula assimilis,Thamnophilidae,Passeriformes,9.3,412230.35,-5.2,1
Myrmotherula axillaris,Thamnophilidae,Passeriformes,8.09,7734412.17,-3.47,1
Myrmotherula behni,Thamnophilidae,Passeriformes,8,139424.09,4.23,1
Myrmotherula brachyura,Thamnophilidae,Passeriformes,6.4,6190843.58,-3.79,1
Myrmotherula cherriei,Thamnophilidae,Passeriformes,8.2,676511.23,2.61,1
Myrmotherula grisea,Thamnophilidae,Passeriformes,8.4,67024.25,-15.48,1
Myrmotherula ignota,Thamnophilidae,Passeriformes,7.1,1558811.94,-1.56,1
Myrmotherula iheringi,Thamnophilidae,Passeriformes,8,1149280.58,-7.6,1
Myrmotherula klagesi,Thamnophilidae,Passeriformes,7.8,56287.31,-2.19,1
Myrmotherula longicauda,Thamnophilidae,Passeriformes,8.3,153775.14,-8.69,1
Myrmotherula longipennis,Thamnophilidae,Passeriformes,9.4,5117183.47,-2.48,1
Myrmotherula luctuosa,Thamnophilidae,Passeriformes,8.5,247649.4,-17.39,1
Myrmotherula menetriesii,Thamnophilidae,Passeriformes,8.6,6331647.42,-3.5,1
Myrmotherula minor,Thamnophilidae,Passeriformes,6.4,4980.73,-22.98,1
Myrmotherula multostriata,Thamnophilidae,Passeriformes,8,4644153.98,-6.12,1
Myrmotherula pacifica,Thamnophilidae,Passeriformes,10.1,236644.01,5.75,1
Myrmotherula schisticolor,Thamnophilidae,Passeriformes,9.6,534175.27,4.8,1
Myrmotherula sclateri,Thamnophilidae,Passeriformes,8.4,2651999.98,-7.99,1
Myrmotherula snowi,Thamnophilidae,Passeriformes,9.59,197.95,-9.2,1
Myrmotherula sunensis,Thamnophilidae,Passeriformes,9.4,178742.4,-2.11,1
Myrmotherula surinamensis,Thamnophilidae,Passeriformes,8.3,1277565.14,3.75,1
Myrmotherula unicolor,Thamnophilidae,Passeriformes,11.5,69111.62,-25.56,1
Myrmotherula urosticta,Thamnophilidae,Passeriformes,8.4,3033.06,-17.55,1
Neoctantes niger,Thamnophilidae,Passeriformes,32,1350489.13,-3.45,1
Oneillornis lunulatus,Thamnophilidae,Passeriformes,23.91,297195.91,-3.93,1
Oneillornis salvini,Thamnophilidae,Passeriformes,25.9,1355133.04,-8.03,1
Percnostola arenarum,Thamnophilidae,Passeriformes,23,8817.12,-4.16,1
Percnostola rufifrons,Thamnophilidae,Passeriformes,23.89,1139425.12,1.45,1
Phaenostictus mcleannani,Thamnophilidae,Passeriformes,51.1,254363.89,9.04,1
Phlegopsis borbae,Thamnophilidae,Passeriformes,50,234463.48,-5.55,1
Phlegopsis erythroptera,Thamnophilidae,Passeriformes,54.58,2093169.39,-3.71,2
Phlegopsis nigromaculata,Thamnophilidae,Passeriformes,45.24,3887704.81,-6.92,2
Pithys albifrons,Thamnophilidae,Passeriformes,19.47,3102848.35,0.63,1
Pithys castaneus,Thamnophilidae,Passeriformes,29.8,215.51,-4.65,1
Poliocrania exsul,Thamnophilidae,Passeriformes,26.5,160398.77,11.2,1
Poliocrania maculifer,Thamnophilidae,Passeriformes,26.5,196850.61,4.88,1
Pygiptila stellaris,Thamnophilidae,Passeriformes,24.1,4691696.06,-3.77,1
Pyriglena atra,Thamnophilidae,Passeriformes,32,4969.97,-12.11,1
Pyriglena leuconota,Thamnophilidae,Passeriformes,32.3,1982603.49,-9.69,1
Pyriglena leucoptera,Thamnophilidae,Passeriformes,28.8,1228571.5,-22.45,1
Rhegmatorhina berlepschi,Thamnophilidae,Passeriformes,31.3,68143.22,-3.46,1
Rhegmatorhina cristata,Thamnophilidae,Passeriformes,31.2,267428.7,-0.61,1
Rhegmatorhina gymnops,Thamnophilidae,Passeriformes,28.46,157613.65,-5.23,1
Rhegmatorhina hoffmannsi,Thamnophilidae,Passeriformes,31.4,646225.64,-9.68,1
Rhegmatorhina melanosticta,Thamnophilidae,Passeriformes,30.99,1909667.49,-6.36,1
Rhopias gularis,Thamnophilidae,Passeriformes,11.3,500928.79,-23.53,1
Rhopornis ardesiacus,Thamnophilidae,Passeriformes,26.3,2437.29,-13.79,1
Sakesphorus canadensis,Thamnophilidae,Passeriformes,24.4,1626726.49,4.58,1
Sakesphorus cristatus,Thamnophilidae,Passeriformes,17.7,1141026.65,-10.41,1
Sakesphorus luctuosus,Thamnophilidae,Passeriformes,31.4,1618420.86,-6.34,1
Sakesphorus pulchellus,Thamnophilidae,Passeriformes,24.4,267640.98,9.34,1
Sciaphylax castanea,Thamnophilidae,Passeriformes,16,211133.72,-2.64,1
Sciaphylax hemimelaena,Thamnophilidae,Passeriformes,16,2503854.83,-9.28,1
Sclateria naevia,Thamnophilidae,Passeriformes,24.6,5202849.77,-2.47,1
Sipia berlepschi,Thamnophilidae,Passeriformes,25.6,55751.32,3.42,1
Sipia laemosticta,Thamnophilidae,Passeriformes,25,36688.84,8.91,1
Sipia nigricauda,Thamnophilidae,Passeriformes,24,64675.02,1.72,1
Sipia palliata,Thamnophilidae,Passeriformes,25,88370.3,7.47,1
Taraba major,Thamnophilidae,Passeriformes,59.2,12899627.84,-7.52,1
Terenura maculata,Thamnophilidae,Passeriformes,6.5,783959.13,-22.45,1
Terenura sicki,Thamnophilidae,Passeriformes,6.4,132.4,-9.03,1
Thamnistes aequatorialis,Thamnophilidae,Passeriformes,20.7,208220.52,-8.77,1
Thamnistes anabatinus,Thamnophilidae,Passeriformes,20.7,398111.82,11.52,1
Thamnomanes ardesiacus,Thamnophilidae,Passeriformes,17.7,3380827.14,-0.27,1
Thamnomanes caesius,Thamnophilidae,Passeriformes,15.7,6049355.84,-3.85,1
Thamnomanes saturninus,Thamnophilidae,Passeriformes,20.4,1364638.56,-7.1,1
Thamnomanes schistogynus,Thamnophilidae,Passeriformes,17.2,1226196.42,-8.96,1
Thamnophilus aethiops,Thamnophilidae,Passeriformes,25.7,4946417.18,-5.65,1
Thamnophilus amazonicus,Thamnophilidae,Passeriformes,18.68,6192801.73,-4.65,1
Thamnophilus ambiguus,Thamnophilidae,Passeriformes,23.4,209875.65,-19.23,1
Thamnophilus aroyae,Thamnophilidae,Passeriformes,19.97,62450.08,-15.55,1
Thamnophilus atrinucha,Thamnophilidae,Passeriformes,23.6,583507.07,8.29,1
Thamnophilus bernardi,Thamnophilidae,Passeriformes,34.4,102383.98,-4.64,1
Thamnophilus bridgesi,Thamnophilidae,Passeriformes,27,28247.58,8.72,1
Thamnophilus caerulescens,Thamnophilidae,Passeriformes,21.1,3969673.89,-22.55,1
Thamnophilus cryptoleucus,Thamnophilidae,Passeriformes,27.5,203477.44,-4.09,1
Thamnophilus divisorius,Thamnophilidae,Passeriformes,22.2,938.37,-7.21,1
Thamnophilus doliatus,Thamnophilidae,Passeriformes,27.03,10725968.4,-6.53,1
Thamnophilus insignis,Thamnophilidae,Passeriformes,24.86,143229.4,4.41,1
Thamnophilus melanonotus,Thamnophilidae,Passeriformes,25.5,113947.78,10.53,1
Thamnophilus melanothorax,Thamnophilidae,Passeriformes,31.8,301847.86,3.17,1
Thamnophilus multistriatus,Thamnophilidae,Passeriformes,27.5,121617.79,4.8,1
Thamnophilus murinus,Thamnophilidae,Passeriformes,19.3,4198741.88,-1.88,1
Thamnophilus nigriceps,Thamnophilidae,Passeriformes,22.9,210463.8,7.94,1
Thamnophilus nigrocinereus,Thamnophilidae,Passeriformes,30,1467713.7,0.21,1
Thamnophilus palliatus,Thamnophilidae,Passeriformes,27,2542297.14,-10.67,1
Thamnophilus pelzelni,Thamnophilidae,Passeriformes,20.9,2622762.3,-12.85,1
Thamnophilus praecox,Thamnophilidae,Passeriformes,29.5,7704.87,-0.55,1
Thamnophilus punctatus,Thamnophilidae,Passeriformes,19.4,1569761.66,3.14,1
Thamnophilus ruficapillus,Thamnophilidae,Passeriformes,20.4,1391729.07,-26.77,1
Thamnophilus schistaceus,Thamnophilidae,Passeriformes,20.3,3991785.91,-7.41,1
Thamnophilus shumbae,Thamnophilidae,Passeriformes,34.4,3025.99,-5.76,1
Thamnophilus stictocephalus,Thamnophilidae,Passeriformes,21.5,1068500.36,-7.75,1
Thamnophilus sticturus,Thamnophilidae,Passeriformes,18.2,424021.1,-17.39,1
Thamnophilus subfasciatus,Thamnophilidae,Passeriformes,20.4,112302.48,-12.97,1
Thamnophilus tenuepunctatus,Thamnophilidae,Passeriformes,23.3,106396.97,-1.74,1
Thamnophilus torquatus,Thamnophilidae,Passeriformes,21.1,3732484.23,-13.89,1
Thamnophilus unicolor,Thamnophilidae,Passeriformes,24.2,168168.06,-0.65,1
Thamnophilus zarumae,Thamnophilidae,Passeriformes,22.8,27875.19,-4.6,1
Willisornis nigrigula,Thamnophilidae,Passeriformes,18.4,591854.73,-6.17,1
Willisornis poecilinotus,Thamnophilidae,Passeriformes,18.4,5210711.18,-3.62,1
Willisornis vidua,Thamnophilidae,Passeriformes,18.4,641027.04,-4.68,1
Xenornis setifrons,Thamnophilidae,Passeriformes,24.6,5983.1,8.8,1
Acanthidops bairdi,Thraupidae,Passeriformes,16,4743.28,9.56,2
Anisognathus flavinucha,Thraupidae,Passeriformes,44.5,43034.78,-16.59,1
Anisognathus igniventris,Thraupidae,Passeriformes,34,96719.41,-14.31,1
Anisognathus lacrymosus,Thraupidae,Passeriformes,31,173969.02,-0.02,1
Anisognathus lunulatus,Thraupidae,Passeriformes,34,181453.31,-2.03,1
Anisognathus melanogenys,Thraupidae,Passeriformes,41,7906.89,10.79,1
Anisognathus notabilis,Thraupidae,Passeriformes,57.3,18610.62,2.27,1
Anisognathus somptuosus,Thraupidae,Passeriformes,44.5,319648.43,-1.73,1
Asemospiza fuliginosa,Thraupidae,Passeriformes,13.3,951776.68,-15.69,2
Asemospiza obscura,Thraupidae,Passeriformes,11.2,1000344.6,-6.35,2
Bangsia arcaei,Thraupidae,Passeriformes,37.2,9434.5,9.39,1
Bangsia aureocincta,Thraupidae,Passeriformes,41.7,1199.64,5.68,1
Bangsia edwardsi,Thraupidae,Passeriformes,37,19030.86,1.71,1
Bangsia flavovirens,Thraupidae,Passeriformes,25,735.84,1.54,1
Bangsia melanochlamys,Thraupidae,Passeriformes,37.16,3988.85,5.98,1
Bangsia rothschildi,Thraupidae,Passeriformes,48.5,20015.6,3.13,1
Buthraupis montana,Thraupidae,Passeriformes,87.08,299466.64,-3.03,1
Calochaetes coccineus,Thraupidae,Passeriformes,46.4,99150.86,-6.86,1
Castanozoster thoracicus,Thraupidae,Passeriformes,11.9,77555.65,-24.62,1
Catamblyrhynchus diadema,Thraupidae,Passeriformes,14.13,358573.96,-4.38,1
Catamenia analis,Thraupidae,Passeriformes,12,1027720.64,-21.57,1
Catamenia homochroa,Thraupidae,Passeriformes,12.2,283918.4,-3.32,1
Catamenia inornata,Thraupidae,Passeriformes,13.4,801552,-15.76,1
Certhidea fusca,Thraupidae,Passeriformes,8,1039.43,-0.69,1
Certhidea olivacea,Thraupidae,Passeriformes,9.5,6997.83,-0.53,1
Charitospiza eucosma,Thraupidae,Passeriformes,10.5,2869464.19,-13.44,2
Chionodacryon speculiferum,Thraupidae,Passeriformes,36.8,208467.49,-14.14,1
Chlorochrysa calliparaea,Thraupidae,Passeriformes,17,147445.41,-4.68,1
Chlorochrysa fulgentissima,Thraupidae,Passeriformes,17,64318.03,-14.32,1
Chlorochrysa nitidissima,Thraupidae,Passeriformes,18.6,16794.51,5.04,1
Chlorochrysa phoenicotis,Thraupidae,Passeriformes,21.8,33619.56,2.37,1
Chlorophanes spiza,Thraupidae,Passeriformes,19,7921066.07,-3.78,1
Chlorornis riefferii,Thraupidae,Passeriformes,53,307394.78,-4.43,1
Chrysocorypha delatrii,Thraupidae,Passeriformes,18,196748.24,7.16,1
Chrysothlypis chrysomelas,Thraupidae,Passeriformes,13,15703.46,9.09,1
Chrysothlypis salmoni,Thraupidae,Passeriformes,12.5,75321.25,4.53,1
Cissopis leverianus,Thraupidae,Passeriformes,76,5410821.02,-9.52,1
Cnemathraupis aureodorsalis,Thraupidae,Passeriformes,85,2445.85,-8.62,1
Cnemathraupis eximia,Thraupidae,Passeriformes,62.7,60098.85,0.56,1
Cnemoscopus chrysogaster,Thraupidae,Passeriformes,18,49450.71,-9.26,1
Cnemoscopus rubrirostris,Thraupidae,Passeriformes,18,61667.01,2.37,1
Coereba flaveola,Thraupidae,Passeriformes,10.01,10806908.19,-6.67,1
Compsothraupis loricata,Thraupidae,Passeriformes,72.49,1679211.05,-11.1,1
Conirostrum albifrons,Thraupidae,Passeriformes,14.9,298087.62,-3.69,1
Conirostrum bicolor,Thraupidae,Passeriformes,10.5,566641.85,-0.53,1
Conirostrum binghami,Thraupidae,Passeriformes,25,231814.26,-12.61,1
Conirostrum cinereum,Thraupidae,Passeriformes,8.8,447206.69,-12.24,1
Conirostrum ferrugineiventre,Thraupidae,Passeriformes,11.5,147474.33,-13.72,1
Conirostrum fraseri,Thraupidae,Passeriformes,8.8,45177.63,-1.07,1
Conirostrum leucogenys,Thraupidae,Passeriformes,7,271279.35,8.81,1
Conirostrum margaritae,Thraupidae,Passeriformes,9.7,77630.04,-3.75,2
Conirostrum rufum,Thraupidae,Passeriformes,11,39407.06,6.41,1
Conirostrum sitticolor,Thraupidae,Passeriformes,11.9,300002.23,-3.57,1
Conirostrum speciosum,Thraupidae,Passeriformes,8.8,7564709.17,-12.28,1
Conirostrum tamarugense,Thraupidae,Passeriformes,10.5,16571.91,-21.35,2
Conothraupis mesoleuca,Thraupidae,Passeriformes,15.3,33828.76,-13.59,1
Conothraupis speculigera,Thraupidae,Passeriformes,25,47761.62,-5.52,3
Corydospiza alaudina,Thraupidae,Passeriformes,23.93,687385.35,-21.18,1
Corydospiza carbonaria,Thraupidae,Passeriformes,17.9,499186.66,-37.97,2
Coryphaspiza melanotis,Thraupidae,Passeriformes,15.7,2184668.56,-18.86,1
Coryphospingus cucullatus,Thraupidae,Passeriformes,14.28,4048063.88,-22.49,1
Coryphospingus pileatus,Thraupidae,Passeriformes,15.3,2758347.74,-9.17,1
Creurgops dentatus,Thraupidae,Passeriformes,19,109941.34,-14.55,1
Creurgops verticalis,Thraupidae,Passeriformes,24,97022.08,-3.4,1
Cyanerpes caeruleus,Thraupidae,Passeriformes,12,6673757.38,-2.76,1
Cyanerpes cyaneus,Thraupidae,Passeriformes,14,8340306.15,-2.58,1
Cyanerpes lucidus,Thraupidae,Passeriformes,11.4,234923.27,12.7,1
Cyanerpes nitidus,Thraupidae,Passeriformes,9,2672995.37,-2.64,1
Cyanicterus cyanicterus,Thraupidae,Passeriformes,34,422685.67,3.72,1
Cypsnagra hirundinacea,Thraupidae,Passeriformes,31.4,3217340.78,-13.94,1
Dacnis albiventris,Thraupidae,Passeriformes,11.2,1044010.16,-1.14,1
Dacnis berlepschi,Thraupidae,Passeriformes,12.75,11710.39,0.47,1
Dacnis cayana,Thraupidae,Passeriformes,13,12058770.43,-7.09,1
Dacnis egregia,Thraupidae,Passeriformes,11,144056.71,2.72,1
Dacnis flaviventer,Thraupidae,Passeriformes,13,4118837.4,-5.57,1
Dacnis hartlaubi,Thraupidae,Passeriformes,11,14736.21,5.02,1
Dacnis lineata,Thraupidae,Passeriformes,11,6051189.29,-3.93,1
Dacnis nigripes,Thraupidae,Passeriformes,14,27779.66,-24.04,1
Dacnis venusta,Thraupidae,Passeriformes,16.1,203133.56,6.33,1
Dacnis viguieri,Thraupidae,Passeriformes,13,15481.17,7.73,1
Diglossa albilatera,Thraupidae,Passeriformes,9.84,254619.68,1.6,1
Diglossa baritula,Thraupidae,Passeriformes,9.2,236547.57,17.19,2
Diglossa brunneiventris,Thraupidae,Passeriformes,12,317862.93,-12.01,1
Diglossa caerulescens,Thraupidae,Passeriformes,14.44,280727.03,-3.44,1
Diglossa carbonaria,Thraupidae,Passeriformes,11,70106.56,-17.48,1
Diglossa cyanea,Thraupidae,Passeriformes,17.04,392147.64,-2.98,1
Diglossa duidae,Thraupidae,Passeriformes,14.83,107045.15,3.25,1
Diglossa glauca,Thraupidae,Passeriformes,12,114824.31,-8.91,1
Diglossa gloriosa,Thraupidae,Passeriformes,11,11423.97,8.79,1
Diglossa gloriosissima,Thraupidae,Passeriformes,14,1245.03,5.22,1
Diglossa humeralis,Thraupidae,Passeriformes,13.14,155425.66,1.94,1
Diglossa indigotica,Thraupidae,Passeriformes,13.7,19981.41,3.69,1
Diglossa lafresnayii,Thraupidae,Passeriformes,16,109695.82,1.9,1
Diglossa major,Thraupidae,Passeriformes,22.2,33712.96,5.25,1
Diglossa mystacalis,Thraupidae,Passeriformes,16.2,121320.58,-12.43,1
Diglossa plumbea,Thraupidae,Passeriformes,10,8930.97,9.32,1
Diglossa sittoides,Thraupidae,Passeriformes,9,593695.05,-7.65,1
Diglossa venezuelensis,Thraupidae,Passeriformes,12.55,795.99,10.11,1
Diuca diuca,Thraupidae,Passeriformes,36.8,1792263.45,-39.3,1
Donacospiza albifrons,Thraupidae,Passeriformes,16.5,1671293.5,-28.61,2
Dubusia carrikeri,Thraupidae,Passeriformes,37,4322.62,10.8,1
Dubusia castaneoventris,Thraupidae,Passeriformes,28,131249.53,-13.16,1
Dubusia stictocephala,Thraupidae,Passeriformes,37,80262.79,-10.17,1
Dubusia taeniata,Thraupidae,Passeriformes,37,212512.38,2.71,1
Emberizoides duidae,Thraupidae,Passeriformes,27.55,137.14,3.3,1
Emberizoides herbicola,Thraupidae,Passeriformes,27.55,5561384.25,-14.41,1
Emberizoides ypiranganus,Thraupidae,Passeriformes,20.1,649452.65,-28.22,1
Embernagra longicauda,Thraupidae,Passeriformes,42.2,86158.64,-16.49,1
Embernagra platensis,Thraupidae,Passeriformes,45.5,2735501.78,-29.39,1
Ephippiospingus dorsalis,Thraupidae,Passeriformes,38.07,187023.92,-23.05,1
Ephippiospingus erythronotus,Thraupidae,Passeriformes,20.69,138756.51,-18.72,1
Eucometis penicillata,Thraupidae,Passeriformes,27,5712449.56,-5.93,1
Euneornis campestris,Thraupidae,Passeriformes,16,11021.79,18.16,1
Geospiza acutirostris,Thraupidae,Passeriformes,12.3,15.38,0.33,1
Geospiza conirostris,Thraupidae,Passeriformes,27.6,64.11,-1.38,1
Geospiza difficilis,Thraupidae,Passeriformes,12.3,1286.54,-0.29,1
Geospiza fortis,Thraupidae,Passeriformes,24,7699.87,-0.55,1
Geospiza fuliginosa,Thraupidae,Passeriformes,14.5,8302.07,-0.55,1
Geospiza heliobates,Thraupidae,Passeriformes,18,12.04,-0.23,1
Geospiza magnirostris,Thraupidae,Passeriformes,34.5,7419.78,-0.49,1
Geospiza pallida,Thraupidae,Passeriformes,23.1,6852.84,-0.57,1
Geospiza parvula,Thraupidae,Passeriformes,13.2,7505.39,-0.57,1
Geospiza pauper,Thraupidae,Passeriformes,16,23.08,-1.3,1
Geospiza propinqua,Thraupidae,Passeriformes,27.6,15.38,0.33,1
Geospiza psittacula,Thraupidae,Passeriformes,18.7,7083.33,-0.53,1
Geospiza scandens,Thraupidae,Passeriformes,22.7,7103.03,-0.56,1
Geospiza septentrionalis,Thraupidae,Passeriformes,12.3,2.42,1.39,1
Geospizopsis plebejus,Thraupidae,Passeriformes,14.68,950611.7,-17.94,1
Geospizopsis unicolor,Thraupidae,Passeriformes,21.9,1358301.99,-23.87,1
Gubernatrix cristata,Thraupidae,Passeriformes,47.6,765363.1,-33.42,1
Haplospiza unicolor,Thraupidae,Passeriformes,15.28,977656.66,-24.5,2
Hemithraupis flavicollis,Thraupidae,Passeriformes,12.8,5620134.11,-4.43,1
Hemithraupis guira,Thraupidae,Passeriformes,12,9380161.99,-8.87,1
Hemithraupis ruficapilla,Thraupidae,Passeriformes,11,648694.04,-20.74,1
Heterospingus rubrifrons,Thraupidae,Passeriformes,38,22680.84,9.12,1
Heterospingus xanthopygius,Thraupidae,Passeriformes,38.8,153049.12,4.56,1
Idiopsar brachyurus,Thraupidae,Passeriformes,43,76433.7,-19.12,1
Incaspiza laeta,Thraupidae,Passeriformes,22,28938.71,-8.02,1
Incaspiza ortizi,Thraupidae,Passeriformes,32.43,1442.73,-6.7,1
Incaspiza personata,Thraupidae,Passeriformes,33.2,88039.25,-9.62,1
Incaspiza pulchra,Thraupidae,Passeriformes,27.6,21927.77,-10.65,1
Incaspiza watkinsi,Thraupidae,Passeriformes,20.4,2121.95,-5.57,1
Iridophanes pulcherrimus,Thraupidae,Passeriformes,15.3,115363.41,-6.65,1
Iridosornis analis,Thraupidae,Passeriformes,26,97006.4,-7.42,1
Iridosornis jelskii,Thraupidae,Passeriformes,20,98574.56,-12.64,1
Iridosornis porphyrocephalus,Thraupidae,Passeriformes,21.7,21849.59,4.61,1
Iridosornis reinhardti,Thraupidae,Passeriformes,24,73883.21,-9.5,1
Iridosornis rufivertex,Thraupidae,Passeriformes,23,82384.67,1.36,1
Islerothraupis cristata,Thraupidae,Passeriformes,18.8,6338485.76,-4.74,1
Islerothraupis luctuosa,Thraupidae,Passeriformes,13,7144190.04,-4.22,1
Islerothraupis rufiventer,Thraupidae,Passeriformes,19,737324.12,-8.11,1
Kleinothraupis atropileus,Thraupidae,Passeriformes,22,129533.74,2.24,1
Kleinothraupis auricularis,Thraupidae,Passeriformes,22,61932.6,-9.72,1
Kleinothraupis calophrys,Thraupidae,Passeriformes,19.33,23103.82,-15.98,1
Kleinothraupis parodii,Thraupidae,Passeriformes,21.8,28661.28,-12.73,1
Kleinothraupis reyi,Thraupidae,Passeriformes,19,13673.25,8.82,1
Lanio aurantius,Thraupidae,Passeriformes,35,248230.79,17.3,1
Lanio fulvus,Thraupidae,Passeriformes,24,2285784.15,0.82,1
Lanio leucothorax,Thraupidae,Passeriformes,40,92146.61,12.54,1
Lanio versicolor,Thraupidae,Passeriformes,17,2830210.84,-7.92,1
Lophospingus griseocristatus,Thraupidae,Passeriformes,17.9,84852.79,-19.35,1
Lophospingus pusillus,Thraupidae,Passeriformes,14.44,559474.54,-24.79,1
Loxigilla barbadensis,Thraupidae,Passeriformes,16.63,439.53,13.17,1
Loxigilla noctis,Thraupidae,Passeriformes,16.63,6167.16,15.49,1
Loxipasser anoxanthus,Thraupidae,Passeriformes,11.4,11021.79,18.16,1
Maschalethraupis surinama,Thraupidae,Passeriformes,19,4737118.2,-1.37,1
Melanodera melanodera,Thraupidae,Passeriformes,28.7,145980.07,-50.12,2
Melanodera xanthogramma,Thraupidae,Passeriformes,35.07,353522.86,-46.9,2
Melanospiza bicolor,Thraupidae,Passeriformes,9.8,269426.8,14.11,1
Melanospiza richardsoni,Thraupidae,Passeriformes,20.9,293.36,13.91,1
Microspingus alticola,Thraupidae,Passeriformes,24,9865.32,-9.22,1
Microspingus cabanisi,Thraupidae,Passeriformes,19.2,776294.69,-29.25,1
Microspingus cinereus,Thraupidae,Passeriformes,11.6,1131015.56,-16.49,1
Microspingus erythrophrys,Thraupidae,Passeriformes,14.1,80138.7,-22.77,1
Microspingus lateralis,Thraupidae,Passeriformes,19.2,57423.08,-21.79,1
Microspingus melanoleucus,Thraupidae,Passeriformes,13.1,1482632.76,-25.61,1
Microspingus pectoralis,Thraupidae,Passeriformes,11,834204.16,-34.13,2
Microspingus torquatus,Thraupidae,Passeriformes,11,121446.36,-17.75,2
Microspingus trifasciatus,Thraupidae,Passeriformes,14,82213.81,-13.74,1
Nemosia pileata,Thraupidae,Passeriformes,16,8991826.24,-9.69,1
Nemosia rourei,Thraupidae,Passeriformes,22,52.79,-20.38,1
Neothraupis fasciata,Thraupidae,Passeriformes,26.8,2242410.57,-16.02,1
Nephelornis oneilli,Thraupidae,Passeriformes,16.14,17432.09,-9.33,1
Nesospiza acunhae,Thraupidae,Passeriformes,28.54,16.43,-37.3,1
Nesospiza questi,Thraupidae,Passeriformes,28.54,2.47,-37.42,1
Nesospiza wilkinsi,Thraupidae,Passeriformes,43.23,2.47,-37.42,1
Orchesticus abeillei,Thraupidae,Passeriformes,31.5,163525.7,-22.91,1
Parkerthraustes humeralis,Thraupidae,Passeriformes,37,1929725.38,-7.97,1
Paroaria baeri,Thraupidae,Passeriformes,25.8,107338.32,-12.64,1
Paroaria capitata,Thraupidae,Passeriformes,22.3,1522354.91,-25.77,1
Paroaria coronata,Thraupidae,Passeriformes,37.79,2390719.02,-27.86,1
Paroaria dominicana,Thraupidae,Passeriformes,33.2,1212763.44,-9.17,1
Paroaria gularis,Thraupidae,Passeriformes,23.6,4448336.3,-5.7,1
Paroaria nigrogenis,Thraupidae,Passeriformes,21.5,460114.03,7.62,1
Phonipara canora,Thraupidae,Passeriformes,8.1,92789.6,21.46,1
Phrygilus atriceps,Thraupidae,Passeriformes,24.3,526947.2,-21.12,1
Phrygilus gayi,Thraupidae,Passeriformes,25.59,845438.93,-40.29,1
Phrygilus patagonicus,Thraupidae,Passeriformes,22.6,537213.7,-46,1
Phrygilus punensis,Thraupidae,Passeriformes,37.2,309713.42,-12.54,1
Piezorina cinerea,Thraupidae,Passeriformes,32.16,41880.07,-5.88,1
Pinaroloxias inornata,Thraupidae,Passeriformes,13.1,24.76,5.53,1
Pipraeidea bonariensis,Thraupidae,Passeriformes,36,2302256.41,-30.93,2
Pipraeidea darwinii,Thraupidae,Passeriformes,36,449527.24,-12.08,2
Pipraeidea melanonota,Thraupidae,Passeriformes,21,2111740.74,-17.92,2
Platyspiza crassirostris,Thraupidae,Passeriformes,35.5,7065.08,-0.53,1
Poospiza baeri,Thraupidae,Passeriformes,32.5,11570.87,-26.33,1
Poospiza boliviana,Thraupidae,Passeriformes,28.62,65161.27,-19,1
Poospiza garleppi,Thraupidae,Passeriformes,32.5,2895.12,-17.57,1
Poospiza goeringi,Thraupidae,Passeriformes,17.06,1741.62,8.24,1
Poospiza hispaniolensis,Thraupidae,Passeriformes,16.5,115454.54,-7.79,1
Poospiza nigrorufa,Thraupidae,Passeriformes,17.4,884030.7,-30.75,1
Poospiza ornata,Thraupidae,Passeriformes,11.8,465745.8,-33.94,2
Poospiza rubecula,Thraupidae,Passeriformes,24.4,17643.08,-9.78,1
Poospiza rufosuperciliaris,Thraupidae,Passeriformes,29,6681.55,-8.23,1
Poospiza whitii,Thraupidae,Passeriformes,17,294938.89,-27.26,1
Poospizopsis caesar,Thraupidae,Passeriformes,51.19,32343.46,-13.49,1
Poospizopsis hypocondria,Thraupidae,Passeriformes,21.2,286396.55,-24.3,1
Porphyrospiza caerulescens,Thraupidae,Passeriformes,13,1671290.25,-13.95,1
Pseudosaltator rufiventris,Thraupidae,Passeriformes,74.2,25381.79,-18.95,1
Pseudospingus verticalis,Thraupidae,Passeriformes,14,67457.7,2.04,1
Pseudospingus xanthophthalmus,Thraupidae,Passeriformes,12,92237.27,-10.35,1
Pyrrhulagra nigra,Thraupidae,Passeriformes,14.88,109693.02,21.62,1
Pyrrhulagra portoricensis,Thraupidae,Passeriformes,32.04,8774.42,18.23,1
Pyrrhulagra taylori,Thraupidae,Passeriformes,14.88,202.69,19.32,1
Pyrrhulagra violacea,Thraupidae,Passeriformes,22.17,97899.28,19.47,1
Ramphocelus bresilius,Thraupidae,Passeriformes,32.9,377620.27,-17.58,1
Ramphocelus carbo,Thraupidae,Passeriformes,25.92,10498944.34,-6.98,1
Ramphocelus costaricensis,Thraupidae,Passeriformes,32,17833.56,8.93,1
Ramphocelus dimidiatus,Thraupidae,Passeriformes,28,475288.52,7.54,1
Ramphocelus flammigerus,Thraupidae,Passeriformes,33,31694.68,4.84,1
Ramphocelus icteronotus,Thraupidae,Passeriformes,33,245249.94,4.56,1
Ramphocelus melanogaster,Thraupidae,Passeriformes,25,76666.78,-8.37,1
Ramphocelus nigrogularis,Thraupidae,Passeriformes,31,2107052.18,-5.66,1
Ramphocelus passerinii,Thraupidae,Passeriformes,32,209547.58,14.63,1
Ramphocelus sanguinolentus,Thraupidae,Passeriformes,41,277681.38,14.98,1
Rhodospingus cruentus,Thraupidae,Passeriformes,11.6,95985.12,-2.66,1
Rhopospina fruticeti,Thraupidae,Passeriformes,38.8,2085092.66,-32.94,2
Rowettia goughensis,Thraupidae,Passeriformes,53,64.14,-40.31,1
Saltator albicollis,Thraupidae,Passeriformes,41.33,3992.01,15.27,1
Saltator atriceps,Thraupidae,Passeriformes,83.79,710792.9,16.44,1
Saltator atricollis,Thraupidae,Passeriformes,53.8,3347116.2,-14.44,1
Saltator atripennis,Thraupidae,Passeriformes,55,110254.94,2.94,1
Saltator aurantiirostris,Thraupidae,Passeriformes,41.89,2474154.66,-27.35,1
Saltator cinctus,Thraupidae,Passeriformes,48.6,72561.96,-4.43,2
Saltator coerulescens,Thraupidae,Passeriformes,54.9,8191352.17,-12.12,1
Saltator fuliginosus,Thraupidae,Passeriformes,44,811739.38,-23.21,1
Saltator grandis,Thraupidae,Passeriformes,54.9,742798.72,16.27,1
Saltator grossus,Thraupidae,Passeriformes,44.2,6243128.13,-2.61,1
Saltator maxillosus,Thraupidae,Passeriformes,50.8,436886.3,-26.11,1
Saltator maximus,Thraupidae,Passeriformes,47.62,9544602.66,-3.81,1
Saltator multicolor,Thraupidae,Passeriformes,22.2,1113148.29,-26.19,1
Saltator nigriceps,Thraupidae,Passeriformes,71,26525.42,-5.25,1
Saltator olivascens,Thraupidae,Passeriformes,54.9,1600911.63,6.46,1
Saltator orenocensis,Thraupidae,Passeriformes,33.7,410839.04,8.86,1
Saltator similis,Thraupidae,Passeriformes,43.3,3782501.25,-20.65,1
Saltator striatipectus,Thraupidae,Passeriformes,39,889950.27,4.47,1
Schistochlamys melanopis,Thraupidae,Passeriformes,33,6472149.56,-7.33,2
Schistochlamys ruficapillus,Thraupidae,Passeriformes,31.2,2412337.05,-14.68,1
Sericossypha albocristata,Thraupidae,Passeriformes,114,103262.33,-2,1
Sicalis auriventris,Thraupidae,Passeriformes,55,135742.05,-30.18,1
Sicalis citrina,Thraupidae,Passeriformes,11.6,1533817.56,-12.34,2
Sicalis columbiana,Thraupidae,Passeriformes,13.4,1844478.68,-5.92,1
Sicalis flaveola,Thraupidae,Passeriformes,16.89,8090601.18,-17.3,1
Sicalis lebruni,Thraupidae,Passeriformes,25.3,418583.42,-45.95,1
Sicalis lutea,Thraupidae,Passeriformes,16.3,333221.13,-18.67,1
Sicalis luteocephala,Thraupidae,Passeriformes,16.25,79079.45,-19.41,1
Sicalis luteola,Thraupidae,Passeriformes,15.9,2746259.59,-23.92,2
Sicalis mendozae,Thraupidae,Passeriformes,18.1,185797.7,-31.2,1
Sicalis olivascens,Thraupidae,Passeriformes,21.8,769970.91,-20.1,1
Sicalis raimondii,Thraupidae,Passeriformes,15.8,67931.75,-12.58,1
Sicalis taczanowskii,Thraupidae,Passeriformes,7.99,41438.32,-5.48,1
Sicalis uropigyalis,Thraupidae,Passeriformes,22.5,705565.48,-18.2,1
Sphenopsis frontalis,Thraupidae,Passeriformes,17,200867.55,-0.96,1
Sphenopsis melanotis,Thraupidae,Passeriformes,16,183679.4,-6.41,1
Sphenopsis ochracea,Thraupidae,Passeriformes,16,1281.56,-0.35,1
Sphenopsis piurae,Thraupidae,Passeriformes,16,12282.96,-5.92,1
Spodiornis rusticus,Thraupidae,Passeriformes,15.6,480755.35,3.09,2
Sporathraupis cyanocephala,Thraupidae,Passeriformes,36,429823.39,-2.38,1
Sporophila albogularis,Thraupidae,Passeriformes,9.7,910904.26,-8.67,1
Sporophila americana,Thraupidae,Passeriformes,12,1491401.16,-2.28,1
Sporophila angolensis,Thraupidae,Passeriformes,13,11882418.15,-8.2,1
Sporophila ardesiaca,Thraupidae,Passeriformes,10.9,638468.12,-19.02,1
Sporophila atrirostris,Thraupidae,Passeriformes,26,201164.72,-5.78,1
Sporophila beltoni,Thraupidae,Passeriformes,12,49878.33,-26.8,2
Sporophila bouvreuil,Thraupidae,Passeriformes,8.6,3349344.11,-13.11,1
Sporophila bouvronides,Thraupidae,Passeriformes,9.1,638461.9,7.77,3
Sporophila caerulescens,Thraupidae,Passeriformes,9.73,5016967.18,-24.9,2
Sporophila castaneiventris,Thraupidae,Passeriformes,7.8,3489887.6,-3.77,1
Sporophila cinnamomea,Thraupidae,Passeriformes,8.9,327947.87,-30.75,3
Sporophila collaris,Thraupidae,Passeriformes,13.49,3264556.93,-22.25,2
Sporophila corvina,Thraupidae,Passeriformes,10.62,242707.87,14.75,2
Sporophila crassirostris,Thraupidae,Passeriformes,20.9,2533030.55,2.29,2
Sporophila falcirostris,Thraupidae,Passeriformes,13.5,172403.15,-21.35,2
Sporophila fringilloides,Thraupidae,Passeriformes,12.69,330728.09,1.17,1
Sporophila frontalis,Thraupidae,Passeriformes,19.3,186188.74,-21.74,2
Sporophila funerea,Thraupidae,Passeriformes,13,730927.96,10.12,2
Sporophila hypochroma,Thraupidae,Passeriformes,9.7,200480.73,-28.65,2
Sporophila hypoxantha,Thraupidae,Passeriformes,10.5,1849719.45,-24.04,2
Sporophila iberaensis,Thraupidae,Passeriformes,8.5,2770.59,-28.13,1
Sporophila intermedia,Thraupidae,Passeriformes,12.1,1371520.28,6.99,1
Sporophila leucoptera,Thraupidae,Passeriformes,15.5,3778100.99,-16.13,1
Sporophila lineola,Thraupidae,Passeriformes,9.8,2753229.63,-16.63,3
Sporophila luctuosa,Thraupidae,Passeriformes,12.5,524736.69,-4.82,2
Sporophila maximiliani,Thraupidae,Passeriformes,24.6,105712.43,-0.35,2
Sporophila melanogaster,Thraupidae,Passeriformes,9.3,17770.37,-28.6,3
Sporophila minuta,Thraupidae,Passeriformes,7.8,2243040.21,5.68,1
Sporophila morelleti,Thraupidae,Passeriformes,8.7,854796.84,17.2,1
Sporophila murallae,Thraupidae,Passeriformes,10.77,973993.27,-2.94,2
Sporophila nigricollis,Thraupidae,Passeriformes,9.6,7194514.7,-6.92,1
Sporophila nigrorufa,Thraupidae,Passeriformes,10.77,116784.46,-16.87,2
Sporophila nuttingi,Thraupidae,Passeriformes,24,52780.9,11.86,2
Sporophila ophthalmica,Thraupidae,Passeriformes,10.62,239119.96,4.14,2
Sporophila palustris,Thraupidae,Passeriformes,8.21,86584.99,-31.17,3
Sporophila peruviana,Thraupidae,Passeriformes,12.6,102408.25,-5.75,1
Sporophila pileata,Thraupidae,Passeriformes,8.6,1453377.95,-23.25,1
Sporophila plumbea,Thraupidae,Passeriformes,9.7,4740053.97,-12.06,2
Sporophila ruficollis,Thraupidae,Passeriformes,8.6,1241868.6,-26.76,2
Sporophila schistacea,Thraupidae,Passeriformes,12.7,1554851.82,-3.25,2
Sporophila simplex,Thraupidae,Passeriformes,28,95371.9,-7.41,1
Sporophila telasco,Thraupidae,Passeriformes,9.6,240640.68,-6.33,1
Sporophila torqueola,Thraupidae,Passeriformes,8.7,346708.52,19.65,1
Stephanophorus diadematus,Thraupidae,Passeriformes,35.4,1088996.67,-28.63,2
Tachyphonus coronatus,Thraupidae,Passeriformes,29.3,1492450.62,-22.76,2
Tachyphonus phoenicius,Thraupidae,Passeriformes,21,2229357.68,-3.2,1
Tachyphonus rufus,Thraupidae,Passeriformes,34.4,5942265.97,-9.22,1
Tangara abbas,Thraupidae,Passeriformes,45,658845.8,17.05,1
Tangara argentea,Thraupidae,Passeriformes,21.53,93683.16,9.61,1
Tangara argyrofenges,Thraupidae,Passeriformes,19,52084.23,-11.38,1
Tangara arthus,Thraupidae,Passeriformes,22,38919.72,9.68,1
Tangara atrocoerulea,Thraupidae,Passeriformes,18,100291.42,-13.86,1
Tangara aurulenta,Thraupidae,Passeriformes,22,378423.75,-3.07,1
Tangara brasiliensis,Thraupidae,Passeriformes,20.5,146051.89,-18.64,1
Tangara cabanisi,Thraupidae,Passeriformes,20.02,4511.64,15.12,1
Tangara callophrys,Thraupidae,Passeriformes,22.9,1481423.44,-5.65,1
Tangara cayana,Thraupidae,Passeriformes,18,1467704.42,5.11,1
Tangara chilensis,Thraupidae,Passeriformes,19.77,4594777.46,-4.2,1
Tangara chrysotis,Thraupidae,Passeriformes,24,99793.39,-8.43,1
Tangara cucullata,Thraupidae,Passeriformes,27.9,318.73,12.11,1
Tangara cyanicollis,Thraupidae,Passeriformes,17,1248379.88,-7.99,1
Tangara cyanocephala,Thraupidae,Passeriformes,18,444844.92,-23.71,1
Tangara cyanomelas,Thraupidae,Passeriformes,21,212091.26,-16.23,1
Tangara cyanoptera,Thraupidae,Passeriformes,43.3,224069.57,-23.32,1
Tangara cyanotis,Thraupidae,Passeriformes,15,88910.48,-8.66,1
Tangara cyanoventris,Thraupidae,Passeriformes,16.5,475625.93,-19.31,1
Tangara desmaresti,Thraupidae,Passeriformes,20.4,260465.02,-22.76,1
Tangara dowii,Thraupidae,Passeriformes,15,12083.47,9.5,1
Tangara episcopus,Thraupidae,Passeriformes,35,7925679.12,-0.06,1
Tangara fastuosa,Thraupidae,Passeriformes,25.5,15681.33,-8.71,1
Tangara flava,Thraupidae,Passeriformes,18,4245514.35,-13.88,1
Tangara florida,Thraupidae,Passeriformes,19.3,37066.94,5.66,1
Tangara fucosa,Thraupidae,Passeriformes,21,3038.36,7.8,1
Tangara fulvicervix,Thraupidae,Passeriformes,19,115015.9,-11.67,1
Tangara glaucocolpa,Thraupidae,Passeriformes,31.6,236044.28,9.86,1
Tangara guttata,Thraupidae,Passeriformes,18.4,376030.94,5.65,1
Tangara gyrola,Thraupidae,Passeriformes,21,4181131.62,-2.77,1
Tangara heinei,Thraupidae,Passeriformes,20.2,133743.4,5.65,1
Tangara icterocephala,Thraupidae,Passeriformes,22,75164,5.48,1
Tangara inornata,Thraupidae,Passeriformes,18,180601.4,7.4,1
Tangara johannae,Thraupidae,Passeriformes,20.02,69226.47,3.83,1
Tangara labradorides,Thraupidae,Passeriformes,15,104444.95,3.28,1
Tangara larvata,Thraupidae,Passeriformes,20,480330.12,11.1,1
Tangara lavinia,Thraupidae,Passeriformes,24,135531.53,8.11,1
Tangara lunigera,Thraupidae,Passeriformes,28,28802.3,2.82,1
Tangara mexicana,Thraupidae,Passeriformes,20.5,7040026.36,-4.67,1
Tangara meyerdeschauenseei,Thraupidae,Passeriformes,26,11014.63,-14.52,1
Tangara nigrocincta,Thraupidae,Passeriformes,17,3416902.14,-5.17,1
Tangara nigroviridis,Thraupidae,Passeriformes,17,348796.62,-3.51,1
Tangara ornata,Thraupidae,Passeriformes,33,392822.74,-20.42,1
Tangara palmarum,Thraupidae,Passeriformes,39,12189499.37,-6.86,1
Tangara palmeri,Thraupidae,Passeriformes,32.3,44181.15,3.68,1
Tangara parzudakii,Thraupidae,Passeriformes,28,196526.95,-3.06,1
Tangara peruviana,Thraupidae,Passeriformes,22.2,56462.68,-26.53,2
Tangara phillipsi,Thraupidae,Passeriformes,19.9,3651.09,-10.4,1
Tangara preciosa,Thraupidae,Passeriformes,22.8,1104627.47,-28.49,2
Tangara punctata,Thraupidae,Passeriformes,15,2558212.03,-0.4,1
Tangara ruficervix,Thraupidae,Passeriformes,19,134578.1,1.95,1
Tangara rufigenis,Thraupidae,Passeriformes,16.5,6837.3,10.31,1
Tangara rufigula,Thraupidae,Passeriformes,19.1,23087.11,3.44,1
Tangara sayaca,Thraupidae,Passeriformes,32.49,6566312.61,-18.66,1
Tangara schrankii,Thraupidae,Passeriformes,19,2751315.13,-5.17,1
Tangara seledon,Thraupidae,Passeriformes,18.7,672563.84,-23.64,1
Tangara varia,Thraupidae,Passeriformes,10,1477680.37,-1.44,1
Tangara vassorii,Thraupidae,Passeriformes,18,206740.24,0.9,1
Tangara velia,Thraupidae,Passeriformes,21,4923995.7,-2.83,1
Tangara versicolor,Thraupidae,Passeriformes,27.9,350.21,13.25,1
Tangara viridicollis,Thraupidae,Passeriformes,21,102254.13,-8.21,1
Tangara vitriolina,Thraupidae,Passeriformes,23,123913.11,4.43,1
Tangara whitelyi,Thraupidae,Passeriformes,21.53,195145.64,4.71,1
Tangara xanthocephala,Thraupidae,Passeriformes,19,356998.99,-4.13,1
Tangara xanthogastra,Thraupidae,Passeriformes,15,2799036.32,-3.41,1
Tephrophilus wetmorei,Thraupidae,Passeriformes,62.5,12901.21,0.23,1
Tersina viridis,Thraupidae,Passeriformes,29,8757523.61,-9.83,1
Thlypopsis fulviceps,Thraupidae,Passeriformes,12,40001.47,9.19,1
Thlypopsis inornata,Thraupidae,Passeriformes,15,20048.29,-6.03,1
Thlypopsis ornata,Thraupidae,Passeriformes,12,181105.81,-6.48,1
Thlypopsis pectoralis,Thraupidae,Passeriformes,15,12520.92,-10.4,1
Thlypopsis pyrrhocoma,Thraupidae,Passeriformes,15.6,611568.56,-25.88,2
Thlypopsis ruficeps,Thraupidae,Passeriformes,11,213849.23,-18.06,2
Thlypopsis sordida,Thraupidae,Passeriformes,17,6836052.49,-13.06,1
Thlypopsis superciliaris,Thraupidae,Passeriformes,14,271703.99,-3.53,1
Tiaris olivaceus,Thraupidae,Passeriformes,8.5,966505.17,15.14,2
Trichothraupis melanops,Thraupidae,Passeriformes,22.58,2473090.35,-20.59,1
Urothraupis stolzmanni,Thraupidae,Passeriformes,23.1,36296.61,1.13,1
Volatinia jacarina,Thraupidae,Passeriformes,9.94,15248241.41,-7.41,1
Wetmorethraupis sterrhopteron,Thraupidae,Passeriformes,50.2,4143.75,-4.99,1
Xenodacnis parina,Thraupidae,Passeriformes,11.5,55452.64,-13.27,1
Xenodacnis petersi,Thraupidae,Passeriformes,11.5,20881.62,-8.71,1
Xenospingus concolor,Thraupidae,Passeriformes,21,30006.26,-16.62,2
Cyanoderma bicolor,Timaliidae,Passeriformes,12.6,707385.61,0.93,1
Cyanoderma chrysaeum,Timaliidae,Passeriformes,9,1020720.19,21.39,1
Cyanoderma erythropterum,Timaliidae,Passeriformes,12.6,593405.28,1.19,1
Cyanoderma melanothorax,Timaliidae,Passeriformes,15.96,62512.29,-7.27,1
Cyanoderma pyrrhops,Timaliidae,Passeriformes,9.59,173970.87,29.66,1
Cyanoderma ruficeps,Timaliidae,Passeriformes,10.3,2205807,27.11,1
Cyanoderma rufifrons,Timaliidae,Passeriformes,10.6,2386114.61,14.14,1
Dumetia hyperythra,Timaliidae,Passeriformes,12.9,2111330.27,19.9,1
Erythrogenys erythrocnemis,Timaliidae,Passeriformes,58.15,25723.2,23.8,1
Erythrogenys erythrogenys,Timaliidae,Passeriformes,54.9,400892.95,28.08,1
Erythrogenys gravivox,Timaliidae,Passeriformes,58.15,2011353.97,29.76,1
Erythrogenys hypoleucos,Timaliidae,Passeriformes,75.6,788871.4,19.03,1
Erythrogenys mcclellandi,Timaliidae,Passeriformes,58.15,285028.19,25.16,1
Erythrogenys swinhoei,Timaliidae,Passeriformes,58.15,747490.28,26.93,1
Macronus ptilosus,Timaliidae,Passeriformes,18,444346.1,0.79,1
Macronus striaticeps,Timaliidae,Passeriformes,16.5,109828,8.34,1
Mixornis bornensis,Timaliidae,Passeriformes,11.83,714008.81,0.44,1
Mixornis flavicollis,Timaliidae,Passeriformes,20,62071.47,-7.29,1
Mixornis gularis,Timaliidae,Passeriformes,11.83,3009284.29,17.47,1
Mixornis kelleyi,Timaliidae,Passeriformes,20,191767.4,15.58,1
Mixornis prillwitzi,Timaliidae,Passeriformes,20,430.54,-6.91,1
Pomatorhinus ferruginosus,Timaliidae,Passeriformes,40,130932.12,27.87,1
Pomatorhinus horsfieldii,Timaliidae,Passeriformes,43,1024241.88,18.77,1
Pomatorhinus melanurus,Timaliidae,Passeriformes,43,60438.97,7.48,1
Pomatorhinus montanus,Timaliidae,Passeriformes,28.63,1078578.59,0.66,1
Pomatorhinus musicus,Timaliidae,Passeriformes,31.61,33085.2,23.76,1
Pomatorhinus ochraceiceps,Timaliidae,Passeriformes,34,662845.4,22.02,1
Pomatorhinus phayrei,Timaliidae,Passeriformes,40,612989.05,21.12,1
Pomatorhinus ruficollis,Timaliidae,Passeriformes,31.61,2706746.89,26.98,1
Pomatorhinus schisticeps,Timaliidae,Passeriformes,43,1222844.41,20.81,1
Pomatorhinus superciliaris,Timaliidae,Passeriformes,28,664803.5,24.98,1
Rhopocichla atriceps,Timaliidae,Passeriformes,16.3,229794.31,12.74,1
Spelaeornis badeigularis,Timaliidae,Passeriformes,6,1098.49,28.16,1
Spelaeornis caudatus,Timaliidae,Passeriformes,11,56850.87,27.6,1
Spelaeornis chocolatinus,Timaliidae,Passeriformes,11.83,11101.97,26.32,1
Spelaeornis kinneari,Timaliidae,Passeriformes,11.83,1588.73,22.11,1
Spelaeornis longicaudatus,Timaliidae,Passeriformes,12,6234.12,25.49,1
Spelaeornis oatesi,Timaliidae,Passeriformes,11.83,29691.64,22.68,1
Spelaeornis reptatus,Timaliidae,Passeriformes,11.83,129370.69,24.72,1
Spelaeornis troglodytoides,Timaliidae,Passeriformes,7,498405.28,28.68,1
Stachyris grammiceps,Timaliidae,Passeriformes,13,28092.1,-7.2,1
Stachyris herberti,Timaliidae,Passeriformes,29,21761.3,17.32,1
Stachyris humei,Timaliidae,Passeriformes,34.1,92705.58,27.84,1
Stachyris leucotis,Timaliidae,Passeriformes,23.7,247763.47,3.78,1
Stachyris maculata,Timaliidae,Passeriformes,29.2,586781.16,0.65,1
Stachyris nigriceps,Timaliidae,Passeriformes,15.8,1916677.61,17.51,1
Stachyris nigricollis,Timaliidae,Passeriformes,26.2,170687.25,2.95,1
Stachyris nonggangensis,Timaliidae,Passeriformes,29,1097.47,22.42,1
Stachyris oglei,Timaliidae,Passeriformes,33,16469.54,27.47,1
Stachyris poliocephala,Timaliidae,Passeriformes,23.32,715193.38,1.89,1
Stachyris roberti,Timaliidae,Passeriformes,34.1,173463.75,25.07,1
Stachyris strialata,Timaliidae,Passeriformes,28,593976.72,16.8,1
Stachyris thoracica,Timaliidae,Passeriformes,12,63832.94,-7.32,1
Timalia pileata,Timaliidae,Passeriformes,16,2665313.17,20.23,1
Iodopleura fusca,Tityridae,Passeriformes,15.3,444576.7,4.62,1
Iodopleura isabellae,Tityridae,Passeriformes,20,4495732.17,-4.75,1
Iodopleura pipra,Tityridae,Passeriformes,10.03,130157.72,-22.35,1
Laniisoma buckleyi,Tityridae,Passeriformes,47.1,35911.33,-6.44,1
Laniisoma elegans,Tityridae,Passeriformes,47.4,172527.96,-22.35,1
Laniocera hypopyrra,Tityridae,Passeriformes,51,6630155.4,-3.66,1
Laniocera rufescens,Tityridae,Passeriformes,48.1,394176.44,10.82,1
Myiobius atricaudus,Tityridae,Passeriformes,10,4897288.43,-6.64,1
Myiobius barbatus,Tityridae,Passeriformes,11,6231670.56,-4.01,1
Myiobius sulphureipygius,Tityridae,Passeriformes,11.64,640104.92,12.24,1
Myiobius villosus,Tityridae,Passeriformes,14.1,270819.42,-5.01,1
Onychorhynchus coronatus,Tityridae,Passeriformes,14,5973721.86,-3.27,2
Onychorhynchus mexicanus,Tityridae,Passeriformes,19,888001,13.17,1
Onychorhynchus occidentalis,Tityridae,Passeriformes,14.8,7472.25,-2.32,1
Onychorhynchus swainsoni,Tityridae,Passeriformes,17,38092.82,-24.16,1
Oxyruncus cristatus,Tityridae,Passeriformes,42,1872045.95,-10.17,1
Pachyramphus aglaiae,Tityridae,Passeriformes,29.69,1314371.45,19.64,2
Pachyramphus albogriseus,Tityridae,Passeriformes,17.3,341646.91,-0.74,1
Pachyramphus castaneus,Tityridae,Passeriformes,19.5,5788367.53,-10.55,1
Pachyramphus cinnamomeus,Tityridae,Passeriformes,20.3,701563.57,9.82,1
Pachyramphus griseigularis,Tityridae,Passeriformes,21,138932.52,0.51,2
Pachyramphus homochrous,Tityridae,Passeriformes,37.3,370203.78,5.68,2
Pachyramphus major,Tityridae,Passeriformes,24.8,378437.82,17.75,3
Pachyramphus marginatus,Tityridae,Passeriformes,18.4,6344951.42,-4.48,1
Pachyramphus minor,Tityridae,Passeriformes,36.6,6895984.62,-4.7,2
Pachyramphus niger,Tityridae,Passeriformes,40.2,11021.79,18.16,2
Pachyramphus polychopterus,Tityridae,Passeriformes,20.8,13935213.9,-9.65,1
Pachyramphus rufus,Tityridae,Passeriformes,18.8,3994359.03,0.03,1
Pachyramphus spodiurus,Tityridae,Passeriformes,18.2,40652.05,-1.94,1
Pachyramphus surinamus,Tityridae,Passeriformes,19.71,707437.36,0.73,2
Pachyramphus uropygialis,Tityridae,Passeriformes,24.8,177187.59,22.52,3
Pachyramphus validus,Tityridae,Passeriformes,43,6063334.02,-15.66,3
Pachyramphus versicolor,Tityridae,Passeriformes,15.5,302157.64,-1.66,1
Pachyramphus viridis,Tityridae,Passeriformes,21,4959688.09,-18.23,2
Pachyramphus xanthogenys,Tityridae,Passeriformes,21,63012.14,-7.95,2
Schiffornis aenea,Tityridae,Passeriformes,31.7,42028.79,-2.72,1
Schiffornis major,Tityridae,Passeriformes,31,3141459.06,-4.75,1
Schiffornis olivacea,Tityridae,Passeriformes,29.5,1382689.39,2.56,1
Schiffornis stenorhyncha,Tityridae,Passeriformes,31.7,453853.48,8.28,1
Schiffornis turdina,Tityridae,Passeriformes,31.7,5587673.67,-6.49,1
Schiffornis veraepacis,Tityridae,Passeriformes,31.1,549040.11,12.56,1
Schiffornis virescens,Tityridae,Passeriformes,25.6,1662556.58,-22.19,1
Terenotriccus erythrurus,Tityridae,Passeriformes,7.4,7494686.86,-2.98,1
Tityra braziliensis,Tityridae,Passeriformes,68.1,6787548.39,-13.87,1
Tityra cayana,Tityridae,Passeriformes,68.1,5115788.26,-0.59,1
Tityra inquisitor,Tityridae,Passeriformes,43.1,11190798.84,-7.47,1
Tityra leucura,Tityridae,Passeriformes,43.1,15404.69,-8.92,1
Tityra semifasciata,Tityridae,Passeriformes,79.3,6821138.58,-4.18,1
Xenopsaris albinucha,Tityridae,Passeriformes,10,4453736.32,-15.73,2
Campylorhynchus albobrunneus,Troglodytidae,Passeriformes,32.9,96308.3,6.14,1
Campylorhynchus brunneicapillus,Troglodytidae,Passeriformes,38.9,1847263.76,29.03,1
Campylorhynchus capistratus,Troglodytidae,Passeriformes,31,213545.98,13.76,1
Campylorhynchus chiapensis,Troglodytidae,Passeriformes,50.9,6221.46,15.34,1
Campylorhynchus fasciatus,Troglodytidae,Passeriformes,30,121819.89,-4.88,1
Campylorhynchus griseus,Troglodytidae,Passeriformes,42.4,982980.09,7.65,1
Campylorhynchus gularis,Troglodytidae,Passeriformes,30.1,243629.76,22.2,1
Campylorhynchus humilis,Troglodytidae,Passeriformes,31,89224.07,17.62,1
Campylorhynchus jocosus,Troglodytidae,Passeriformes,27.6,89805.27,17.67,1
Campylorhynchus megalopterus,Troglodytidae,Passeriformes,33.1,80148.81,19.1,1
Campylorhynchus nuchalis,Troglodytidae,Passeriformes,23.2,506629.36,8.72,1
Campylorhynchus rufinucha,Troglodytidae,Passeriformes,31,6118.55,19.06,1
Campylorhynchus turdinus,Troglodytidae,Passeriformes,32.6,4503316.81,-9.95,1
Campylorhynchus yucatanicus,Troglodytidae,Passeriformes,35.5,9706.72,21.22,1
Campylorhynchus zonatus,Troglodytidae,Passeriformes,34.6,552668.86,13.05,1
Cantorchilus griseus,Troglodytidae,Passeriformes,19.11,90775.33,-6.54,1
Cantorchilus guarayanus,Troglodytidae,Passeriformes,13.5,696010.23,-15.79,1
Cantorchilus leucopogon,Troglodytidae,Passeriformes,19.11,140102.27,4.89,1
Cantorchilus leucotis,Troglodytidae,Passeriformes,19.44,8709608.57,-4.75,1
Cantorchilus longirostris,Troglodytidae,Passeriformes,21.3,1511309.58,-12.68,1
Cantorchilus modestus,Troglodytidae,Passeriformes,17.57,263277.44,13.33,1
Cantorchilus nigricapillus,Troglodytidae,Passeriformes,23.9,300564.01,6.28,1
Cantorchilus semibadius,Troglodytidae,Passeriformes,17,12871.6,8.85,1
Cantorchilus superciliaris,Troglodytidae,Passeriformes,22.8,96843.25,-4.28,1
Cantorchilus thoracicus,Troglodytidae,Passeriformes,17.6,90302.61,12.23,1
Cantorchilus zeledoni,Troglodytidae,Passeriformes,23.5,29950.37,11.29,1
Catherpes mexicanus,Troglodytidae,Passeriformes,11.97,4298192.46,35.18,1
Cinnycerthia fulva,Troglodytidae,Passeriformes,16.5,108129.23,-14.41,1
Cinnycerthia olivascens,Troglodytidae,Passeriformes,24.4,95207.43,1.79,1
Cinnycerthia peruana,Troglodytidae,Passeriformes,19.46,75819.14,-9.16,1
Cinnycerthia unirufa,Troglodytidae,Passeriformes,29.4,153814.03,2.41,1
Cistothorus apolinari,Troglodytidae,Passeriformes,17.7,2671.88,4.09,1
Cistothorus meridae,Troglodytidae,Passeriformes,9.72,4041.71,8.67,1
Cistothorus palustris,Troglodytidae,Passeriformes,10.8,4855077.99,44.47,2
Cistothorus platensis,Troglodytidae,Passeriformes,9.04,4772915.83,-28.36,2
Cistothorus stellaris,Troglodytidae,Passeriformes,9.04,1872123,45.92,2
Cyphorhinus arada,Troglodytidae,Passeriformes,20.9,4458849.32,-3.48,1
Cyphorhinus dichrous,Troglodytidae,Passeriformes,31.28,81885.49,-0.52,1
Cyphorhinus phaeocephalus,Troglodytidae,Passeriformes,24.6,318922.64,6.82,1
Cyphorhinus thoracicus,Troglodytidae,Passeriformes,31.28,58720.02,-12.23,1
Ferminia cerverai,Troglodytidae,Passeriformes,26,2102.53,22.39,1
Henicorhina anachoreta,Troglodytidae,Passeriformes,16.19,4428.6,10.82,1
Henicorhina leucophrys,Troglodytidae,Passeriformes,16.19,722586.81,4.49,1
Henicorhina leucoptera,Troglodytidae,Passeriformes,13.62,4675.92,-4.92,1
Henicorhina leucosticta,Troglodytidae,Passeriformes,14.18,2745877.94,4.2,1
Henicorhina negreti,Troglodytidae,Passeriformes,15.9,1922.5,4.89,1
Hylorchilus navai,Troglodytidae,Passeriformes,29.3,2657.54,17.21,1
Hylorchilus sumichrasti,Troglodytidae,Passeriformes,28.4,6551.84,18.11,1
Microcerculus bambla,Troglodytidae,Passeriformes,19.1,1714246.73,1.55,1
Microcerculus marginatus,Troglodytidae,Passeriformes,18.22,4781168.47,-5.05,1
Microcerculus philomela,Troglodytidae,Passeriformes,17.78,177561,14.46,1
Microcerculus ustulatus,Troglodytidae,Passeriformes,21,265691.92,4.19,1
Odontorchilus branickii,Troglodytidae,Passeriformes,9.6,155452.65,-6.3,1
Odontorchilus cinereus,Troglodytidae,Passeriformes,11,1047805.04,-9.29,1
Pheugopedius atrogularis,Troglodytidae,Passeriformes,24.18,34566.04,11.08,1
Pheugopedius columbianus,Troglodytidae,Passeriformes,20,13414.51,5.17,1
Pheugopedius coraya,Troglodytidae,Passeriformes,17.2,3811040.46,-0.61,1
Pheugopedius eisenmanni,Troglodytidae,Passeriformes,23.1,17967.71,-12.85,1
Pheugopedius euophrys,Troglodytidae,Passeriformes,30.26,50266.61,-1.58,1
Pheugopedius fasciatoventris,Troglodytidae,Passeriformes,24,262861.22,7.58,1
Pheugopedius felix,Troglodytidae,Passeriformes,12.75,296408.83,21.62,1
Pheugopedius genibarbis,Troglodytidae,Passeriformes,19.2,6326924.93,-9.71,1
Pheugopedius maculipectus,Troglodytidae,Passeriformes,15,604088.84,17.72,1
Pheugopedius mystacalis,Troglodytidae,Passeriformes,29,271375.88,4.39,1
Pheugopedius paucimaculatus,Troglodytidae,Passeriformes,20,47931.28,-2.55,1
Pheugopedius rutilus,Troglodytidae,Passeriformes,16.5,206155.13,8.6,1
Pheugopedius schulenbergi,Troglodytidae,Passeriformes,30.26,76534.21,-9.21,1
Pheugopedius sclateri,Troglodytidae,Passeriformes,20,15611.59,-5.56,1
Pheugopedius spadix,Troglodytidae,Passeriformes,19.11,51078.73,5.68,1
Salpinctes obsoletus,Troglodytidae,Passeriformes,16.37,5424173.4,37.18,1
Thryomanes bewickii,Troglodytidae,Passeriformes,9.9,3360146.45,33.54,2
Thryophilus nicefori,Troglodytidae,Passeriformes,24.87,4873.35,6.42,1
Thryophilus pleurostictus,Troglodytidae,Passeriformes,17.7,185486.45,15.2,1
Thryophilus rufalbus,Troglodytidae,Passeriformes,24.87,821636.36,8.75,1
Thryophilus sernai,Troglodytidae,Passeriformes,24.87,3232.31,6.29,1
Thryophilus sinaloa,Troglodytidae,Passeriformes,15.1,304927.47,22.4,1
Thryorchilus browni,Troglodytidae,Passeriformes,14,1492.43,9.4,1
Thryothorus albinucha,Troglodytidae,Passeriformes,18.96,177699.67,19.06,1
Thryothorus ludovicianus,Troglodytidae,Passeriformes,18.96,3040027.22,35.21,1
Troglodytes aedon,Troglodytidae,Passeriformes,10.85,25653883.47,4.96,1
Troglodytes beani,Troglodytidae,Passeriformes,10.85,488.33,20.44,1
Troglodytes cobbi,Troglodytidae,Passeriformes,19.1,283.46,-51.94,1
Troglodytes hiemalis,Troglodytidae,Passeriformes,8.9,3348061.18,49.93,3
Troglodytes monticola,Troglodytidae,Passeriformes,9,1330.6,10.83,1
Troglodytes ochraceus,Troglodytidae,Passeriformes,9.4,17334.67,9.3,1
Troglodytes pacificus,Troglodytidae,Passeriformes,9.4,1829701.25,51.83,3
Troglodytes rufociliatus,Troglodytidae,Passeriformes,10,135313.92,15,1
Troglodytes rufulus,Troglodytidae,Passeriformes,16.08,67695.09,5.01,1
Troglodytes sissonii,Troglodytidae,Passeriformes,7.8,135.11,18.77,1
Troglodytes solstitialis,Troglodytidae,Passeriformes,11.4,553583.66,-5.62,1
Troglodytes tanneri,Troglodytidae,Passeriformes,12,32.72,18.37,1
Troglodytes troglodytes,Troglodytidae,Passeriformes,9.74,15761767.29,46.78,3
Uropsila leucogastra,Troglodytidae,Passeriformes,9.03,409367.84,19.13,1
Cataponera turdoides,Turdidae,Passeriformes,89.65,23212.79,-2.25,1
Catharus aurantiirostris,Turdidae,Passeriformes,29.8,674006.88,17.31,1
Catharus bicknelli,Turdidae,Passeriformes,27.79,38746.86,47.45,3
Catharus dryas,Turdidae,Passeriformes,37.7,88086.16,15.31,1
Catharus frantzii,Turdidae,Passeriformes,28.9,282213.59,16.64,1
Catharus fuscater,Turdidae,Passeriformes,33.7,313318.36,-4.03,1
Catharus fuscescens,Turdidae,Passeriformes,31.9,3681872.46,47.14,3
Catharus gracilirostris,Turdidae,Passeriformes,21,3827.25,9.4,1
Catharus guttatus,Turdidae,Passeriformes,30.1,8383811.92,51.07,3
Catharus maculatus,Turdidae,Passeriformes,37.7,378158.34,-7.74,1
Catharus mexicanus,Turdidae,Passeriformes,33,143279.41,16.5,1
Catharus minimus,Turdidae,Passeriformes,31.58,5090368.26,62.09,3
Catharus occidentalis,Turdidae,Passeriformes,26.2,417881.84,22.31,1
Catharus swainsoni,Turdidae,Passeriformes,30.3,7074506.89,55.01,3
Catharus ustulatus,Turdidae,Passeriformes,30.3,489246.29,49.34,3
Chlamydochaera jefferyi,Turdidae,Passeriformes,65.1,63345.31,2.46,1
Cichlopsis chubbi,Turdidae,Passeriformes,53.77,13559.03,1.42,1
Cichlopsis gularis,Turdidae,Passeriformes,53.77,98522.65,5.42,1
Cichlopsis leucogenys,Turdidae,Passeriformes,53.77,102344.99,-17.88,1
Cichlopsis peruviana,Turdidae,Passeriformes,53.77,3449.92,-9.92,1
Cochoa azurea,Turdidae,Passeriformes,111.5,8485.37,-7.06,1
Cochoa beccarii,Turdidae,Passeriformes,111.5,64349.3,1.03,1
Cochoa purpurea,Turdidae,Passeriformes,103,623216.09,24.16,1
Cochoa viridis,Turdidae,Passeriformes,120,1337235.03,20.3,1
Entomodestes coracinus,Turdidae,Passeriformes,56,21017.95,1.98,1
Entomodestes leucotis,Turdidae,Passeriformes,61.7,206932.1,-12.37,1
Geokichla camaronensis,Turdidae,Passeriformes,44,164369.2,2.17,1
Geokichla cinerea,Turdidae,Passeriformes,63,114921.74,15.69,3
Geokichla citrina,Turdidae,Passeriformes,53.3,3199105.31,21.21,3
Geokichla crossleyi,Turdidae,Passeriformes,72,79399.47,3.88,3
Geokichla dohertyi,Turdidae,Passeriformes,56.3,14083.94,-8.88,1
Geokichla dumasi,Turdidae,Passeriformes,49.49,8554.35,-3.42,2
Geokichla erythronota,Turdidae,Passeriformes,56.32,157827.32,-2.2,2
Geokichla gurneyi,Turdidae,Passeriformes,57.85,421268.02,-14.57,2
Geokichla guttata,Turdidae,Passeriformes,57.5,43468.22,-17.19,2
Geokichla interpres,Turdidae,Passeriformes,81.91,674548.8,-0.47,1
Geokichla joiceyi,Turdidae,Passeriformes,49.49,18691.52,-3.23,2
Geokichla leucolaema,Turdidae,Passeriformes,49.5,400.05,-5.4,2
Geokichla mendeni,Turdidae,Passeriformes,56.32,7801.76,-1.71,1
Geokichla oberlaenderi,Turdidae,Passeriformes,43.4,52465.93,0.89,1
Geokichla peronii,Turdidae,Passeriformes,49.5,32498.43,-9.16,1
Geokichla piaggiae,Turdidae,Passeriformes,51.1,328100.35,1.88,1
Geokichla princei,Turdidae,Passeriformes,65.4,453479.33,5.09,1
Geokichla schistacea,Turdidae,Passeriformes,49.5,3508.65,-7.55,1
Geokichla sibirica,Turdidae,Passeriformes,75.5,7499143.62,58.04,3
Geokichla spiloptera,Turdidae,Passeriformes,70,11408.73,7.04,1
Geokichla wardii,Turdidae,Passeriformes,58.6,96522.48,29.14,3
Geomalia heinrichi,Turdidae,Passeriformes,73.21,8733.46,-2.29,1
Grandala coelicolor,Turdidae,Passeriformes,45.6,1609871.91,31.87,2
Hylocichla mustelina,Turdidae,Passeriformes,50.09,3494414.7,40.05,3
Ixoreus naevius,Turdidae,Passeriformes,77.5,3316865.29,59.59,3
Myadestes coloratus,Turdidae,Passeriformes,28.85,1786.57,8.24,1
Myadestes elisabeth,Turdidae,Passeriformes,30,8505.1,21.2,1
Myadestes genibarbis,Turdidae,Passeriformes,29.2,88012.58,18.68,1
Myadestes lanaiensis,Turdidae,Passeriformes,50,NA,NA,1
Myadestes melanops,Turdidae,Passeriformes,32.1,31920.03,9.34,1
Myadestes obscurus,Turdidae,Passeriformes,50.44,2577.89,19.58,1
Myadestes occidentalis,Turdidae,Passeriformes,36.4,528718.34,20.55,2
Myadestes palmeri,Turdidae,Passeriformes,39.6,32.06,22.1,1
Myadestes ralloides,Turdidae,Passeriformes,29.1,457703.18,-3.19,2
Myadestes townsendi,Turdidae,Passeriformes,33.2,3710015.72,49.88,2
Myadestes unicolor,Turdidae,Passeriformes,37.9,184166.54,15.94,2
Neocossyphus poensis,Turdidae,Passeriformes,51.78,2510054.88,0.89,1
Neocossyphus rufus,Turdidae,Passeriformes,65.9,1123680.47,-0.03,2
Otocichla mupinensis,Turdidae,Passeriformes,62.54,1082838.83,31.34,1
Psophocichla litsitsirupa,Turdidae,Passeriformes,74,3146030.54,-16.88,1
Psophocichla simensis,Turdidae,Passeriformes,74,288991.27,9.2,1
Ridgwayia pinicola,Turdidae,Passeriformes,88,335794.57,22.24,1
Sialia currucoides,Turdidae,Passeriformes,29.6,4376669.8,49.97,3
Sialia mexicana,Turdidae,Passeriformes,26.44,1779665.7,36.28,2
Sialia sialis,Turdidae,Passeriformes,27.5,5460000,38.51,2
Stizorhina finschi,Turdidae,Passeriformes,36.99,397355.96,6.43,1
Stizorhina fraseri,Turdidae,Passeriformes,35.7,3553586.08,-1.61,1
Turdus abyssinicus,Turdidae,Passeriformes,67.29,985397.28,3.63,1
Turdus albicollis,Turdidae,Passeriformes,54,8533196.81,-7.67,1
Turdus albocinctus,Turdidae,Passeriformes,99.4,375417.67,28.91,2
Turdus amaurochalinus,Turdidae,Passeriformes,57.9,3768538.37,-25.16,3
Turdus anthracinus,Turdidae,Passeriformes,93.29,968776.32,-29.8,1
Turdus ardosiaceus,Turdidae,Passeriformes,75.3,84628.81,18.81,1
Turdus arthuri,Turdidae,Passeriformes,63.78,653696.29,2.14,1
Turdus assimilis,Turdidae,Passeriformes,70.2,548279.87,17.54,1
Turdus atrogularis,Turdidae,Passeriformes,106,4253588.68,58.58,3
Turdus aurantius,Turdidae,Passeriformes,81.9,11021.79,18.16,2
Turdus bewsheri,Turdidae,Passeriformes,63.3,1671.23,-11.89,1
Turdus boulboul,Turdidae,Passeriformes,97.1,895101.39,24.7,2
Turdus cardis,Turdidae,Passeriformes,58.9,700863.37,34.4,3
Turdus celaenops,Turdidae,Passeriformes,84.5,785.32,31.23,1
Turdus chiguanco,Turdidae,Passeriformes,93.29,478403.61,-13.56,1
Turdus chrysolaus,Turdidae,Passeriformes,65.4,317940.09,42.71,3
Turdus confinis,Turdidae,Passeriformes,78.5,2021.91,23.45,3
Turdus debilis,Turdidae,Passeriformes,63.78,1768547.56,-6.65,1
Turdus dissimilis,Turdidae,Passeriformes,74.99,752193.68,23.83,1
Turdus eremita,Turdidae,Passeriformes,90.99,123.54,-37.14,1
Turdus eunomus,Turdidae,Passeriformes,73.18,4386800.98,65.31,3
Turdus falcklandii,Turdidae,Passeriformes,93.89,987518.62,-43.48,2
Turdus feae,Turdidae,Passeriformes,71,188621.54,38.78,3
Turdus flavipes,Turdidae,Passeriformes,65.14,940921.44,-13.08,1
Turdus fulviventris,Turdidae,Passeriformes,70,71579.24,2.85,1
Turdus fumigatus,Turdidae,Passeriformes,75.7,4070825.39,-3.14,1
Turdus fuscater,Turdidae,Passeriformes,143,411278.64,-3.16,1
Turdus grayi,Turdidae,Passeriformes,79.5,1125160.83,15.7,1
Turdus haplochrous,Turdidae,Passeriformes,83.99,191947.3,-15.23,NA
Turdus hauxwelli,Turdidae,Passeriformes,69,3257190.89,-7.74,1
Turdus helleri,Turdidae,Passeriformes,68.68,154.35,-3.37,1
Turdus hortulorum,Turdidae,Passeriformes,66.7,1755458.64,50.79,3
Turdus ignobilis,Turdidae,Passeriformes,63.78,272969.91,5.77,1
Turdus iliacus,Turdidae,Passeriformes,61.2,11966382.53,61.67,3
Turdus infuscatus,Turdidae,Passeriformes,72.4,198275.61,16.41,1
Turdus jamaicensis,Turdidae,Passeriformes,59.1,11021.79,18.16,1
Turdus kessleri,Turdidae,Passeriformes,76.26,1057615.83,33.75,3
Turdus lawrencii,Turdidae,Passeriformes,72.59,3085560.28,-5.36,1
Turdus leucomelas,Turdidae,Passeriformes,69.1,7690463.38,-9.57,1
Turdus leucops,Turdidae,Passeriformes,62.4,490113.81,-1.3,1
Turdus lherminieri,Turdidae,Passeriformes,105,1326.01,15.48,1
Turdus libonyana,Turdidae,Passeriformes,60.6,4390032.16,-15.11,1
Turdus ludoviciae,Turdidae,Passeriformes,62,12100.21,10.29,1
Turdus maculirostris,Turdidae,Passeriformes,69.6,88017.54,-1.23,1
Turdus mandarinus,Turdidae,Passeriformes,102.73,2503000.65,28.89,1
Turdus maranonicus,Turdidae,Passeriformes,70,39621.9,-6.55,1
Turdus maximus,Turdidae,Passeriformes,89.5,458460.14,30.58,1
Turdus menachensis,Turdidae,Passeriformes,75.41,66735.6,17.48,1
Turdus merula,Turdidae,Passeriformes,102.73,10572243.36,49.18,1
Turdus migratorius,Turdidae,Passeriformes,78.5,16455945.96,50.87,3
Turdus naumanni,Turdidae,Passeriformes,73.18,2025726.75,58.7,3
Turdus nigrescens,Turdidae,Passeriformes,96,2072.87,9.46,1
Turdus nigriceps,Turdidae,Passeriformes,52.7,329668.24,-21.09,2
Turdus niveiceps,Turdidae,Passeriformes,61.61,13332.68,23.75,1
Turdus nudigenis,Turdidae,Passeriformes,63.89,1554169.64,4.79,1
Turdus obscurus,Turdidae,Passeriformes,62.6,4589668.1,58.62,3
Turdus obsoletus,Turdidae,Passeriformes,74.8,166820.11,5.29,1
Turdus olivaceofuscus,Turdidae,Passeriformes,86.99,856.75,0.24,1
Turdus olivaceus,Turdidae,Passeriformes,67.29,399268.73,-29.39,1
Turdus olivater,Turdidae,Passeriformes,86.63,227974.73,6.26,1
Turdus pallidus,Turdidae,Passeriformes,72.1,1057257.09,44.96,3
Turdus pelios,Turdidae,Passeriformes,65.4,8376209.44,4.1,1
Turdus philomelos,Turdidae,Passeriformes,67.74,13727296.63,55.86,3
Turdus pilaris,Turdidae,Passeriformes,106,15234795.02,58.85,3
Turdus plebejus,Turdidae,Passeriformes,86.33,160186.83,14.18,1
Turdus plumbeus,Turdidae,Passeriformes,75.3,7073.93,25.32,1
Turdus poliocephalus,Turdidae,Passeriformes,61.61,246956.25,-2.99,1
Turdus reevei,Turdidae,Passeriformes,61,77222.87,-2.94,1
Turdus roehli,Turdidae,Passeriformes,67.29,1676.74,-4.6,1
Turdus rubripes,Turdidae,Passeriformes,75.3,109734.68,21.62,1
Turdus rubrocanus,Turdidae,Passeriformes,92.2,1300643.93,31.88,1
Turdus ruficollis,Turdidae,Passeriformes,80.55,1734602.08,51.16,3
Turdus rufitorques,Turdidae,Passeriformes,72,76537.37,15.3,1
Turdus rufiventris,Turdidae,Passeriformes,69.44,5028683.78,-19.83,2
Turdus rufopalliatus,Turdidae,Passeriformes,75.02,478243.9,20.23,1
Turdus sanchezorum,Turdidae,Passeriformes,68,334383.35,-5.27,1
Turdus serranus,Turdidae,Passeriformes,84.9,408915.41,-4.64,1
Turdus simillimus,Turdidae,Passeriformes,102.73,454150.62,17.99,1
Turdus smithi,Turdidae,Passeriformes,77.8,745397.37,-29.1,1
Turdus subalaris,Turdidae,Passeriformes,49.5,535375.56,-27.03,2
Turdus swalesi,Turdidae,Passeriformes,74.99,4266.1,18.78,1
Turdus tephronotus,Turdidae,Passeriformes,49.4,998012.21,0.26,1
Turdus torquatus,Turdidae,Passeriformes,109,1567292.49,52.28,3
Turdus unicolor,Turdidae,Passeriformes,64.19,227865.96,31.78,1
Turdus viscivorus,Turdidae,Passeriformes,117.37,13574080.75,51.99,1
Turdus xanthorhynchus,Turdidae,Passeriformes,82.5,46.96,1.57,1
Zoothera andromedae,Turdidae,Passeriformes,90.5,132967.79,0.42,1
Zoothera atrigena,Turdidae,Passeriformes,65.3,2647.66,-6.08,2
Zoothera aurea,Turdidae,Passeriformes,134.13,7500552.07,52.79,3
Zoothera dauma,Turdidae,Passeriformes,134.13,2046341.73,25.36,3
Zoothera dixoni,Turdidae,Passeriformes,90,975205.34,27.47,1
Zoothera everetti,Turdidae,Passeriformes,81.91,3523.43,5,1
Zoothera griseiceps,Turdidae,Passeriformes,98.19,64430.1,30.2,1
Zoothera heinei,Turdidae,Passeriformes,82.8,469278.97,-18.6,1
Zoothera lunulata,Turdidae,Passeriformes,130,578456.61,-34.12,1
Zoothera machiki,Turdidae,Passeriformes,81.91,3241.38,-7.54,1
Zoothera major,Turdidae,Passeriformes,172,723.01,28.31,3
Zoothera margaretae,Turdidae,Passeriformes,65.26,965.95,-10.64,2
Zoothera marginata,Turdidae,Passeriformes,81,939864.56,21.61,2
Zoothera mollissima,Turdidae,Passeriformes,98.19,358711.11,29.59,1
Zoothera monticola,Turdidae,Passeriformes,126,323451.38,26.9,1
Zoothera salimalii,Turdidae,Passeriformes,98.19,57810.3,27.74,1
Zoothera talaseae,Turdidae,Passeriformes,65.3,2628,-5.8,2
Zoothera turipavae,Turdidae,Passeriformes,65.26,96.46,-9.71,1
Agriornis albicauda,Tyrannidae,Passeriformes,53,579914.07,-15.22,1
Agriornis lividus,Tyrannidae,Passeriformes,99.1,592911.81,-43.55,1
Agriornis micropterus,Tyrannidae,Passeriformes,67.79,1049872.73,-33.46,2
Agriornis montanus,Tyrannidae,Passeriformes,63.3,2168659.57,-30.52,1
Agriornis murinus,Tyrannidae,Passeriformes,29.9,653171.66,-39,3
Alectrurus risora,Tyrannidae,Passeriformes,21,98768.33,-26.39,3
Alectrurus tricolor,Tyrannidae,Passeriformes,16,1047721.78,-19.09,2
Anairetes alpinus,Tyrannidae,Passeriformes,9,11772.35,-10.7,1
Anairetes fernandezianus,Tyrannidae,Passeriformes,6.85,93.26,-33.63,1
Anairetes flavirostris,Tyrannidae,Passeriformes,6,1523046.25,-28.25,2
Anairetes nigrocristatus,Tyrannidae,Passeriformes,9.2,48678.07,-7.72,1
Anairetes parulus,Tyrannidae,Passeriformes,6.2,2638454.78,-35.59,1
Anairetes reguloides,Tyrannidae,Passeriformes,5.9,103712.53,-13.71,1
Aphanotriccus audax,Tyrannidae,Passeriformes,11.22,183769.68,8.48,1
Aphanotriccus capitalis,Tyrannidae,Passeriformes,11.8,8010.01,10.5,1
Arundinicola leucocephala,Tyrannidae,Passeriformes,13.8,9087776.96,-8.67,1
Atalotriccus pilaris,Tyrannidae,Passeriformes,6.8,813969.64,7.68,1
Attila bolivianus,Tyrannidae,Passeriformes,39.5,2790241.24,-8.82,1
Attila cinnamomeus,Tyrannidae,Passeriformes,38.8,5275009.27,-2.18,1
Attila citriniventris,Tyrannidae,Passeriformes,33.7,1546685.5,-2.46,1
Attila phoenicurus,Tyrannidae,Passeriformes,32.3,551774.09,-25.99,3
Attila rufus,Tyrannidae,Passeriformes,42.6,342429.82,-21.55,1
Attila spadiceus,Tyrannidae,Passeriformes,39.1,8099963.72,-1.44,1
Attila torridus,Tyrannidae,Passeriformes,46,5579.78,-1.67,1
Calyptura cristata,Tyrannidae,Passeriformes,7.8,3.12,-22.48,NA
Camptostoma imberbe,Tyrannidae,Passeriformes,7.4,1448668.84,20.03,3
Camptostoma obsoletum,Tyrannidae,Passeriformes,8.1,14428561.74,-9.88,1
Capsiempis flaveola,Tyrannidae,Passeriformes,7.7,5724076.64,-5.98,1
Casiornis fuscus,Tyrannidae,Passeriformes,19.5,2107102.83,-7.54,1
Casiornis rufus,Tyrannidae,Passeriformes,24.8,2802796.56,-19.76,3
Cnemarchus erythropygius,Tyrannidae,Passeriformes,41,178441.62,-8.84,1
Cnemotriccus fuscatus,Tyrannidae,Passeriformes,13.6,12243851.43,-8.42,2
Cnipodectes subbrunneus,Tyrannidae,Passeriformes,23.2,1950473.59,-3.33,1
Cnipodectes superrufus,Tyrannidae,Passeriformes,32.3,245084.22,-10.69,1
Colonia colonus,Tyrannidae,Passeriformes,18.3,6767109.68,-11.66,1
Colorhamphus parvirostris,Tyrannidae,Passeriformes,10.6,389583.69,-46.82,3
Conopias albovittatus,Tyrannidae,Passeriformes,24.4,198320.46,8.41,1
Conopias cinchoneti,Tyrannidae,Passeriformes,25,171399.95,-3.38,1
Conopias parvus,Tyrannidae,Passeriformes,21,3906792.83,-1.4,1
Conopias trivirgatus,Tyrannidae,Passeriformes,21,2019072.42,-14.66,1
Contopus albogularis,Tyrannidae,Passeriformes,9.6,114553.48,3.36,2
Contopus bogotensis,Tyrannidae,Passeriformes,11.6,1610570.93,9.71,2
Contopus caribaeus,Tyrannidae,Passeriformes,10.5,119645.89,21.88,1
Contopus cinereus,Tyrannidae,Passeriformes,11.6,3837797.83,-17.15,2
Contopus cooperi,Tyrannidae,Passeriformes,32.1,9652028.65,51.88,3
Contopus fumigatus,Tyrannidae,Passeriformes,19.9,1021094.08,-3.57,1
Contopus hispaniolensis,Tyrannidae,Passeriformes,11.7,74799.65,18.91,1
Contopus latirostris,Tyrannidae,Passeriformes,11.2,12727.56,17.31,1
Contopus lugubris,Tyrannidae,Passeriformes,21.5,8200.09,9.51,1
Contopus nigrescens,Tyrannidae,Passeriformes,9.5,254170.68,-5.02,1
Contopus ochraceus,Tyrannidae,Passeriformes,23,3144.58,9.4,1
Contopus pallidus,Tyrannidae,Passeriformes,9.3,11021.79,18.16,1
Contopus pertinax,Tyrannidae,Passeriformes,27.2,855800.29,22.94,1
Contopus punensis,Tyrannidae,Passeriformes,12.3,197413.6,-6.31,1
Contopus sordidulus,Tyrannidae,Passeriformes,13.1,6939803.44,45.91,3
Contopus virens,Tyrannidae,Passeriformes,13.9,4080253.15,40.17,3
Corythopis delalandi,Tyrannidae,Passeriformes,15,2526735.17,-19.35,1
Corythopis torquatus,Tyrannidae,Passeriformes,14.3,6636740.57,-3.71,1
Culicivora caudacuta,Tyrannidae,Passeriformes,6.1,2101399.61,-19.44,2
Deltarhynchus flammulatus,Tyrannidae,Passeriformes,17.2,66087.53,19.57,1
Elaenia albiceps,Tyrannidae,Passeriformes,15.5,2239367.68,-30.68,2
Elaenia brachyptera,Tyrannidae,Passeriformes,15.4,38914.19,-0.85,2
Elaenia cherriei,Tyrannidae,Passeriformes,14.4,14237.72,18.73,1
Elaenia chiriquensis,Tyrannidae,Passeriformes,15.4,7208019.86,-6.64,2
Elaenia cristata,Tyrannidae,Passeriformes,18.2,5128248.1,-5.98,1
Elaenia dayi,Tyrannidae,Passeriformes,34.5,26627.09,4.97,1
Elaenia fallax,Tyrannidae,Passeriformes,14.4,6030.05,18.16,1
Elaenia flavogaster,Tyrannidae,Passeriformes,24.8,10327940.88,-6.86,1
Elaenia frantzii,Tyrannidae,Passeriformes,19.6,259467.27,8.08,1
Elaenia gigas,Tyrannidae,Passeriformes,31,474517.61,-7.42,2
Elaenia martinica,Tyrannidae,Passeriformes,20.79,26788.39,17.8,1
Elaenia mesoleuca,Tyrannidae,Passeriformes,17.6,2216525.02,-22.62,2
Elaenia obscura,Tyrannidae,Passeriformes,23.9,326587.09,-12.36,1
Elaenia olivina,Tyrannidae,Passeriformes,17.8,182631.95,4.73,3
Elaenia pallatangae,Tyrannidae,Passeriformes,17.8,281873.78,-6.6,3
Elaenia parvirostris,Tyrannidae,Passeriformes,13.8,2741717.39,-27.33,3
Elaenia pelzelni,Tyrannidae,Passeriformes,27.3,311569.85,-4.52,1
Elaenia ridleyana,Tyrannidae,Passeriformes,33,20.13,-3.86,1
Elaenia ruficeps,Tyrannidae,Passeriformes,18.74,709154.38,3.63,1
Elaenia sordida,Tyrannidae,Passeriformes,23.9,2034941.24,-22.24,1
Elaenia spectabilis,Tyrannidae,Passeriformes,27.3,2884786.09,-18.57,3
Elaenia strepera,Tyrannidae,Passeriformes,19.3,231149.28,-23.09,3
Empidonax affinis,Tyrannidae,Passeriformes,11.3,480233.44,21.37,1
Empidonax albigularis,Tyrannidae,Passeriformes,9.58,419254.18,20.15,1
Empidonax alnorum,Tyrannidae,Passeriformes,12.7,7110677.02,54.6,3
Empidonax atriceps,Tyrannidae,Passeriformes,9,3661.22,9.47,1
Empidonax difficilis,Tyrannidae,Passeriformes,10.7,864986.35,49.1,3
Empidonax flavescens,Tyrannidae,Passeriformes,12.5,165287.12,14.5,1
Empidonax flaviventris,Tyrannidae,Passeriformes,11.8,5332665.34,52.96,3
Empidonax fulvifrons,Tyrannidae,Passeriformes,7.9,511230.44,22.27,1
Empidonax hammondii,Tyrannidae,Passeriformes,10.44,2762701.72,51.42,3
Empidonax minimus,Tyrannidae,Passeriformes,10,5753545.24,51.73,3
Empidonax oberholseri,Tyrannidae,Passeriformes,10.4,2680790.46,44.18,3
Empidonax occidentalis,Tyrannidae,Passeriformes,11.6,2350983.86,38.02,3
Empidonax traillii,Tyrannidae,Passeriformes,13.39,7301691.61,42.25,3
Empidonax virescens,Tyrannidae,Passeriformes,12.6,3006134.68,36.73,3
Empidonax wrightii,Tyrannidae,Passeriformes,12.3,1149378.23,39.58,3
Empidonomus varius,Tyrannidae,Passeriformes,27.1,10542042.68,-12.08,3
Euscarthmus fulviceps,Tyrannidae,Passeriformes,6.8,205622.03,-5.49,1
Euscarthmus meloryphus,Tyrannidae,Passeriformes,6.8,6211591.05,-15.93,1
Euscarthmus rufomarginatus,Tyrannidae,Passeriformes,6,2447901.78,-15.76,1
Fluvicola albiventer,Tyrannidae,Passeriformes,11.6,5618018.64,-14.38,2
Fluvicola nengeta,Tyrannidae,Passeriformes,21,3642098.17,-14.57,2
Fluvicola pica,Tyrannidae,Passeriformes,12.3,1658423.81,6.48,2
Griseotyrannus aurantioatrocristatus,Tyrannidae,Passeriformes,33,5421068.39,-20.27,3
Gubernetes yetapa,Tyrannidae,Passeriformes,68.4,2082131.95,-19.85,2
Guyramemua affinis,Tyrannidae,Passeriformes,22.8,1627452.53,-14.86,1
Hemitriccus cinnamomeipectus,Tyrannidae,Passeriformes,7.5,6101.28,-5.35,1
Hemitriccus cohnhafti,Tyrannidae,Passeriformes,9,9833.48,-10.65,1
Hemitriccus diops,Tyrannidae,Passeriformes,10,737548.44,-22.46,1
Hemitriccus flammulatus,Tyrannidae,Passeriformes,10,806774.08,-12.6,1
Hemitriccus furcatus,Tyrannidae,Passeriformes,9.4,7556.76,-21.77,1
Hemitriccus granadensis,Tyrannidae,Passeriformes,7.9,276758.68,0.48,1
Hemitriccus griseipectus,Tyrannidae,Passeriformes,9,2659877.65,-8.03,1
Hemitriccus inornatus,Tyrannidae,Passeriformes,8.32,34481.44,-0.4,1
Hemitriccus iohannis,Tyrannidae,Passeriformes,10,1134921.91,-7.88,1
Hemitriccus josephinae,Tyrannidae,Passeriformes,10.8,666063.43,1.9,1
Hemitriccus kaempferi,Tyrannidae,Passeriformes,8.5,7847.61,-26.55,1
Hemitriccus margaritaceiventer,Tyrannidae,Passeriformes,8.4,5809388.94,-14.9,1
Hemitriccus minimus,Tyrannidae,Passeriformes,7,2469713.05,-7.98,1
Hemitriccus minor,Tyrannidae,Passeriformes,7.4,2416974.33,-7.4,1
Hemitriccus mirandae,Tyrannidae,Passeriformes,10,71439.38,-5.9,1
Hemitriccus nidipendulus,Tyrannidae,Passeriformes,7.5,542148.01,-19.76,1
Hemitriccus obsoletus,Tyrannidae,Passeriformes,11.6,262970.93,-26.68,1
Hemitriccus orbitatus,Tyrannidae,Passeriformes,9.7,663643.42,-22.37,1
Hemitriccus rufigularis,Tyrannidae,Passeriformes,9.4,91223.23,-11.43,1
Hemitriccus spodiops,Tyrannidae,Passeriformes,7.19,67550.21,-15.75,1
Hemitriccus striaticollis,Tyrannidae,Passeriformes,8.6,4016133.45,-10.41,1
Hemitriccus zosterops,Tyrannidae,Passeriformes,8.72,2154385.69,-0.46,1
Hirundinea bellicosa,Tyrannidae,Passeriformes,30.6,5977818.1,-17.26,2
Hirundinea ferruginea,Tyrannidae,Passeriformes,30.6,916120.42,1.42,2
Hymenops perspicillatus,Tyrannidae,Passeriformes,22.9,2683008.9,-34.57,3
Inezia caudata,Tyrannidae,Passeriformes,7.5,597282.08,8.35,1
Inezia inornata,Tyrannidae,Passeriformes,12,1166513.79,-18.5,3
Inezia subflava,Tyrannidae,Passeriformes,8.4,972309.3,-2.88,1
Inezia tenuirostris,Tyrannidae,Passeriformes,5,59966.6,11.14,1
Knipolegus aterrimus,Tyrannidae,Passeriformes,20.2,1403283.08,-32.56,2
Knipolegus cabanisi,Tyrannidae,Passeriformes,17.8,99718.39,-19.55,1
Knipolegus cyanirostris,Tyrannidae,Passeriformes,15.4,1578990.48,-25.82,2
Knipolegus franciscanus,Tyrannidae,Passeriformes,20.5,88032.64,-14.6,1
Knipolegus heterogyna,Tyrannidae,Passeriformes,20.2,21828.46,-7.72,2
Knipolegus hudsoni,Tyrannidae,Passeriformes,13.8,558563.59,-36.38,3
Knipolegus lophotes,Tyrannidae,Passeriformes,31.8,1319771.82,-21.21,1
Knipolegus nigerrimus,Tyrannidae,Passeriformes,20.3,789107.65,-18.13,2
Knipolegus orenocensis,Tyrannidae,Passeriformes,19,255299.56,-3.63,1
Knipolegus poecilocercus,Tyrannidae,Passeriformes,14.3,1167038.38,0.67,1
Knipolegus poecilurus,Tyrannidae,Passeriformes,14.6,524563.47,-1.11,1
Knipolegus sclateri,Tyrannidae,Passeriformes,19,272574.12,-3.5,1
Knipolegus signatus,Tyrannidae,Passeriformes,17.8,32221.11,-7.58,1
Knipolegus striaticeps,Tyrannidae,Passeriformes,11,946873.17,-23.86,1
Lathrotriccus euleri,Tyrannidae,Passeriformes,11.33,10271696.23,-12.65,2
Lathrotriccus griseipectus,Tyrannidae,Passeriformes,11,13751.82,-3.86,2
Legatus leucophaius,Tyrannidae,Passeriformes,22.2,11371457.31,-6.02,1
Leptopogon albidiventer,Tyrannidae,Passeriformes,11.7,141296.31,-14.88,1
Leptopogon amaurocephalus,Tyrannidae,Passeriformes,11.7,8060136.76,-10.23,1
Leptopogon rufipectus,Tyrannidae,Passeriformes,13.4,100544.65,4.33,1
Leptopogon superciliaris,Tyrannidae,Passeriformes,11.7,474222.71,1.36,1
Leptopogon taczanowskii,Tyrannidae,Passeriformes,11.5,86306.02,-9.98,1
Lessonia oreas,Tyrannidae,Passeriformes,13.8,831919.21,-20.09,2
Lessonia rufa,Tyrannidae,Passeriformes,13.4,1305752.32,-43.94,3
Lophotriccus eulophotes,Tyrannidae,Passeriformes,6,328683.83,-9.61,1
Lophotriccus galeatus,Tyrannidae,Passeriformes,6.6,2884993.06,0.99,1
Lophotriccus pileatus,Tyrannidae,Passeriformes,7.47,475468.12,-1.34,1
Lophotriccus vitiosus,Tyrannidae,Passeriformes,6.7,2198953.7,-1.5,1
Machetornis rixosa,Tyrannidae,Passeriformes,29.6,6805756.6,-16.02,1
Mecocerculus calopterus,Tyrannidae,Passeriformes,7,58759.68,-4.87,1
Mecocerculus hellmayri,Tyrannidae,Passeriformes,8,69941.23,-18.92,1
Mecocerculus leucophrys,Tyrannidae,Passeriformes,10.98,885630.6,-5.8,1
Mecocerculus minor,Tyrannidae,Passeriformes,11,62120.59,-3.2,1
Mecocerculus poecilocercus,Tyrannidae,Passeriformes,7.7,177426.02,-3.05,1
Mecocerculus stictopterus,Tyrannidae,Passeriformes,9.4,265969.64,-4.64,1
Megarynchus pitangua,Tyrannidae,Passeriformes,69.91,13243099.5,-6.11,1
Mionectes galbinus,Tyrannidae,Passeriformes,15.31,705078.62,-0.15,1
Mionectes macconnelli,Tyrannidae,Passeriformes,13.5,2588557.72,-2.53,1
Mionectes oleagineus,Tyrannidae,Passeriformes,11.17,8947569.12,-2.23,1
Mionectes olivaceus,Tyrannidae,Passeriformes,15.31,39754.75,9.39,1
Mionectes roraimae,Tyrannidae,Passeriformes,13.5,332258.78,4.74,1
Mionectes rufiventris,Tyrannidae,Passeriformes,13.3,1057487.4,-24,1
Mionectes striaticollis,Tyrannidae,Passeriformes,15,318010.85,-6.36,1
Mitrephanes olivaceus,Tyrannidae,Passeriformes,10,91009.82,-11,1
Mitrephanes phaeocercus,Tyrannidae,Passeriformes,8.59,599510.84,18.48,1
Muscigralla brevicauda,Tyrannidae,Passeriformes,12.6,166922.92,-9.2,1
Muscipipra vetula,Tyrannidae,Passeriformes,27,828420,-25.14,2
Muscisaxicola albifrons,Tyrannidae,Passeriformes,34,285962.86,-14.84,2
Muscisaxicola albilora,Tyrannidae,Passeriformes,22.6,358526.85,-37.79,3
Muscisaxicola alpinus,Tyrannidae,Passeriformes,26.1,42973.19,1.17,2
Muscisaxicola capistratus,Tyrannidae,Passeriformes,26.6,268373.35,-49.4,3
Muscisaxicola cinereus,Tyrannidae,Passeriformes,18.59,649847.82,-24.18,2
Muscisaxicola flavinucha,Tyrannidae,Passeriformes,36.23,762777.01,-35.87,2
Muscisaxicola fluviatilis,Tyrannidae,Passeriformes,14.7,1234514.01,-10.71,1
Muscisaxicola frontalis,Tyrannidae,Passeriformes,28.87,223028.47,-33.21,3
Muscisaxicola griseus,Tyrannidae,Passeriformes,20.16,313132.73,-13.42,2
Muscisaxicola juninensis,Tyrannidae,Passeriformes,22.2,514054.92,-18.12,2
Muscisaxicola maclovianus,Tyrannidae,Passeriformes,23.79,488724.37,-47.22,3
Muscisaxicola maculirostris,Tyrannidae,Passeriformes,14.2,1996565.98,-28.79,1
Muscisaxicola occipitalis,Tyrannidae,Passeriformes,20,319804.47,-13.8,2
Muscisaxicola rufivertex,Tyrannidae,Passeriformes,20,696474.96,-23.99,2
Myiarchus antillarum,Tyrannidae,Passeriformes,23.4,9177.01,18.23,1
Myiarchus apicalis,Tyrannidae,Passeriformes,29.2,41557.9,4.1,1
Myiarchus barbirostris,Tyrannidae,Passeriformes,13.4,11021.79,18.16,1
Myiarchus cephalotes,Tyrannidae,Passeriformes,26.25,292641.44,-3.67,1
Myiarchus cinerascens,Tyrannidae,Passeriformes,28.2,3499111.39,34.01,3
Myiarchus crinitus,Tyrannidae,Passeriformes,32.1,5137539.15,40.77,3
Myiarchus ferox,Tyrannidae,Passeriformes,27.5,11854121.16,-8.38,1
Myiarchus magnirostris,Tyrannidae,Passeriformes,14.7,7776.32,-0.56,1
Myiarchus nugator,Tyrannidae,Passeriformes,37,774.93,12.7,1
Myiarchus nuttingi,Tyrannidae,Passeriformes,23,634487.92,19.81,2
Myiarchus oberi,Tyrannidae,Passeriformes,34.71,4421.69,15.48,1
Myiarchus panamensis,Tyrannidae,Passeriformes,31.7,370862.95,8.02,1
Myiarchus phaeocephalus,Tyrannidae,Passeriformes,26.3,99662.27,-3.33,1
Myiarchus sagrae,Tyrannidae,Passeriformes,19.28,122416.83,21.9,1
Myiarchus semirufus,Tyrannidae,Passeriformes,22.5,3794.35,-5.55,1
Myiarchus stolidus,Tyrannidae,Passeriformes,20.8,86228.49,18.81,1
Myiarchus swainsoni,Tyrannidae,Passeriformes,25.1,11083742.29,-14.04,3
Myiarchus tuberculifer,Tyrannidae,Passeriformes,17.7,10588401.3,-0.3,1
Myiarchus tyrannulus,Tyrannidae,Passeriformes,35.45,10591424.15,-6.54,2
Myiarchus validus,Tyrannidae,Passeriformes,40.6,11021.79,18.16,1
Myiarchus venezuelensis,Tyrannidae,Passeriformes,29.8,234706.4,9.76,1
Myiarchus yucatanensis,Tyrannidae,Passeriformes,19.6,165390.72,19.29,1
Myiodynastes bairdii,Tyrannidae,Passeriformes,45,96352.03,-4.65,1
Myiodynastes chrysocephalus,Tyrannidae,Passeriformes,38.3,176225.83,-12.5,1
Myiodynastes hemichrysus,Tyrannidae,Passeriformes,43.4,319266.74,4.32,1
Myiodynastes luteiventris,Tyrannidae,Passeriformes,46.9,1255922.08,19.83,3
Myiodynastes maculatus,Tyrannidae,Passeriformes,43.2,4626474.72,3.7,3
Myiodynastes solitarius,Tyrannidae,Passeriformes,43.2,9445526.77,-16.24,3
Myiopagis caniceps,Tyrannidae,Passeriformes,10.5,2653719.82,-17.61,1
Myiopagis cinerea,Tyrannidae,Passeriformes,10.5,5925986.81,-5.43,1
Myiopagis cotta,Tyrannidae,Passeriformes,11.6,11021.79,18.16,1
Myiopagis flavivertex,Tyrannidae,Passeriformes,11.84,1303223.78,0.76,1
Myiopagis gaimardii,Tyrannidae,Passeriformes,12.02,8673168.36,-4.62,1
Myiopagis olallai,Tyrannidae,Passeriformes,12.1,17655.7,-3.02,1
Myiopagis parambae,Tyrannidae,Passeriformes,10.5,117638.73,3.82,1
Myiopagis subplacens,Tyrannidae,Passeriformes,15.86,109447.79,-3.39,1
Myiopagis viridicata,Tyrannidae,Passeriformes,11.51,7389845.28,-6.66,3
Myiophobus crypterythrus,Tyrannidae,Passeriformes,9.9,152893.81,-3.27,3
Myiophobus cryptoxanthus,Tyrannidae,Passeriformes,9.8,70456.92,-3.99,2
Myiophobus fasciatus,Tyrannidae,Passeriformes,9.9,10017556.29,-14.72,3
Myiophobus flavicans,Tyrannidae,Passeriformes,12.7,272300.04,0.42,1
Myiophobus inornatus,Tyrannidae,Passeriformes,11.2,63282.28,-14.78,1
Myiophobus phoenicomitra,Tyrannidae,Passeriformes,11,45578.52,-0.42,1
Myiophobus roraimae,Tyrannidae,Passeriformes,13.62,247059.83,4.58,1
Myiophobus rufescens,Tyrannidae,Passeriformes,9.9,121408.17,-12.74,3
Myiornis albiventris,Tyrannidae,Passeriformes,5.47,153561.37,-13.25,1
Myiornis atricapillus,Tyrannidae,Passeriformes,5.7,184278.95,6.2,1
Myiornis auricularis,Tyrannidae,Passeriformes,5.3,1267042.85,-23.42,1
Myiornis ecaudatus,Tyrannidae,Passeriformes,5.25,6431271.74,-4.28,1
Myiotheretes fumigatus,Tyrannidae,Passeriformes,33.4,214456.43,0.34,1
Myiotheretes fuscorufus,Tyrannidae,Passeriformes,31.7,109817.51,-13.87,1
Myiotheretes pernix,Tyrannidae,Passeriformes,33,546.69,10.93,1
Myiotheretes striaticollis,Tyrannidae,Passeriformes,61.2,632466.9,-9.89,1
Myiotriccus ornatus,Tyrannidae,Passeriformes,9.9,149294.03,3.85,1
Myiotriccus phoenicurus,Tyrannidae,Passeriformes,9.9,95005.67,-6.56,1
Myiozetetes cayanensis,Tyrannidae,Passeriformes,25.9,7536061.77,-4.9,1
Myiozetetes granadensis,Tyrannidae,Passeriformes,29.3,3322072.64,-3.2,1
Myiozetetes luteiventris,Tyrannidae,Passeriformes,19,3959233.08,-3.95,1
Myiozetetes similis,Tyrannidae,Passeriformes,28,10242322.01,-4.5,2
Neopipo cinnamomea,Tyrannidae,Passeriformes,7.7,3575202.38,-3.59,1
Neoxolmis rufiventris,Tyrannidae,Passeriformes,77,322175.73,-48.48,3
Nephelomyias lintoni,Tyrannidae,Passeriformes,9.8,11695.68,-3.67,1
Nephelomyias ochraceiventris,Tyrannidae,Passeriformes,10.47,92901.37,-11.75,1
Nephelomyias pulcher,Tyrannidae,Passeriformes,9.5,92358.67,0.5,1
Nesotriccus ridgwayi,Tyrannidae,Passeriformes,11,24.76,5.53,1
Ochthoeca cinnamomeiventris,Tyrannidae,Passeriformes,12,174511.37,3.14,1
Ochthoeca fumicolor,Tyrannidae,Passeriformes,16.6,246238.91,-3.7,1
Ochthoeca leucophrys,Tyrannidae,Passeriformes,13.1,781892.76,-18.63,1
Ochthoeca nigrita,Tyrannidae,Passeriformes,10.9,8206.93,8.64,1
Ochthoeca oenanthoides,Tyrannidae,Passeriformes,17.7,624271.79,-17.79,1
Ochthoeca piurae,Tyrannidae,Passeriformes,8.9,20071.86,-7.81,1
Ochthoeca rufipectoralis,Tyrannidae,Passeriformes,9.98,333647.74,-4.98,1
Ochthoeca salvini,Tyrannidae,Passeriformes,12.2,30244.16,-5.89,1
Ochthoeca superciliosa,Tyrannidae,Passeriformes,16.6,11789.55,8.86,1
Ochthoeca thoracica,Tyrannidae,Passeriformes,10.8,124837.51,-12.78,1
Ochthornis littoralis,Tyrannidae,Passeriformes,13.4,4562555.95,-3.78,1
Oncostoma cinereigulare,Tyrannidae,Passeriformes,6.4,588153.9,15.85,1
Oncostoma olivaceum,Tyrannidae,Passeriformes,6.6,226322.4,8.38,1
Ornithion brunneicapillus,Tyrannidae,Passeriformes,7.1,282994.63,6.5,1
Ornithion inerme,Tyrannidae,Passeriformes,7,6701180.64,-4.29,1
Ornithion semiflavum,Tyrannidae,Passeriformes,6.6,257158.92,15.51,1
Phaeomyias murina,Tyrannidae,Passeriformes,10,10817801.09,-8,1
Phaeomyias tumbezana,Tyrannidae,Passeriformes,11.5,123816.24,-5.04,1
Phelpsia inornata,Tyrannidae,Passeriformes,29.4,278027.72,8.23,1
Philohydor lictor,Tyrannidae,Passeriformes,25.5,9185994.71,-4.68,1
Phyllomyias burmeisteri,Tyrannidae,Passeriformes,11.1,971005.03,-23.46,1
Phyllomyias cinereiceps,Tyrannidae,Passeriformes,9.5,144525.03,-3.2,1
Phyllomyias fasciatus,Tyrannidae,Passeriformes,10.3,3909215.38,-15.56,1
Phyllomyias griseiceps,Tyrannidae,Passeriformes,7.2,707633.09,3.46,1
Phyllomyias griseocapilla,Tyrannidae,Passeriformes,8,190093.2,-22.35,1
Phyllomyias nigrocapillus,Tyrannidae,Passeriformes,9.5,254835.7,-0.49,1
Phyllomyias plumbeiceps,Tyrannidae,Passeriformes,10.3,71922.73,-4.69,1
Phyllomyias reiseri,Tyrannidae,Passeriformes,7.48,650161.75,-16.02,1
Phyllomyias sclateri,Tyrannidae,Passeriformes,9.2,87000.01,-19.44,1
Phyllomyias urichi,Tyrannidae,Passeriformes,9.12,1078.78,10.13,1
Phyllomyias uropygialis,Tyrannidae,Passeriformes,8.99,232128.96,-8.98,1
Phyllomyias virescens,Tyrannidae,Passeriformes,8.2,1029199.71,-24.92,1
Phyllomyias weedeni,Tyrannidae,Passeriformes,8.5,14034.04,-14.62,1
Phyllomyias zeledoni,Tyrannidae,Passeriformes,10.3,92249.44,0.94,1
Phylloscartes beckeri,Tyrannidae,Passeriformes,8.7,2304.78,-13.43,1
Phylloscartes ceciliae,Tyrannidae,Passeriformes,7.6,18944.19,-8.3,1
Phylloscartes difficilis,Tyrannidae,Passeriformes,6.9,153868.01,-24.98,1
Phylloscartes flaviventris,Tyrannidae,Passeriformes,8,5225.56,10.33,1
Phylloscartes flavovirens,Tyrannidae,Passeriformes,8.8,17272.59,8.63,1
Phylloscartes gualaquizae,Tyrannidae,Passeriformes,8,24658.75,-1.66,1
Phylloscartes kronei,Tyrannidae,Passeriformes,8.3,5479.39,-26.29,1
Phylloscartes nigrifrons,Tyrannidae,Passeriformes,9.1,172912.88,5.06,1
Phylloscartes oustaleti,Tyrannidae,Passeriformes,10,74884.82,-22.55,1
Phylloscartes parkeri,Tyrannidae,Passeriformes,8.1,94589,-12.49,1
Phylloscartes paulista,Tyrannidae,Passeriformes,7.48,473320.65,-24,1
Phylloscartes roquettei,Tyrannidae,Passeriformes,6,238046.62,-16.48,1
Phylloscartes superciliaris,Tyrannidae,Passeriformes,7.71,21396.15,7.47,1
Phylloscartes sylviolus,Tyrannidae,Passeriformes,8,434888.86,-24.22,1
Phylloscartes ventralis,Tyrannidae,Passeriformes,8.3,1586787.28,-25.13,1
Phylloscartes virescens,Tyrannidae,Passeriformes,8.5,798656.8,1.51,1
Piprites chloris,Tyrannidae,Passeriformes,16,7073219.6,-4.83,1
Piprites griseiceps,Tyrannidae,Passeriformes,16,119822.91,13.47,1
Piprites pileata,Tyrannidae,Passeriformes,15,45097.1,-25.79,1
Pitangus sulphuratus,Tyrannidae,Passeriformes,62.85,16133982.75,-9.51,1
Platyrinchus albogularis,Tyrannidae,Passeriformes,9.7,702126.07,-0.42,1
Platyrinchus cancrominus,Tyrannidae,Passeriformes,9.2,443828.03,16.08,1
Platyrinchus coronatus,Tyrannidae,Passeriformes,9.14,5183010.82,-2.58,1
Platyrinchus flavigularis,Tyrannidae,Passeriformes,10,114162.95,-3.97,1
Platyrinchus leucoryphus,Tyrannidae,Passeriformes,16,425471.32,-24.28,1
Platyrinchus mystaceus,Tyrannidae,Passeriformes,9.7,5068143.97,-13.01,1
Platyrinchus platyrhynchos,Tyrannidae,Passeriformes,12,5529652.29,-3.28,1
Platyrinchus saturatus,Tyrannidae,Passeriformes,10.7,3011725.4,-0.71,1
Poecilotriccus albifacies,Tyrannidae,Passeriformes,8,4050.69,-12.63,1
Poecilotriccus calopterus,Tyrannidae,Passeriformes,7.53,208588.83,-1.64,1
Poecilotriccus capitalis,Tyrannidae,Passeriformes,8,525289.17,-4.08,1
Poecilotriccus fumifrons,Tyrannidae,Passeriformes,6.6,2055264.88,-4.06,1
Poecilotriccus latirostris,Tyrannidae,Passeriformes,8.1,4661103.33,-10.26,1
Poecilotriccus luluae,Tyrannidae,Passeriformes,7.3,361.84,-5.73,1
Poecilotriccus plumbeiceps,Tyrannidae,Passeriformes,5.7,1475066.74,-23.42,1
Poecilotriccus pulchellus,Tyrannidae,Passeriformes,8,6877.8,-12.95,1
Poecilotriccus ruficeps,Tyrannidae,Passeriformes,8.81,129577.78,2.68,1
Poecilotriccus russatus,Tyrannidae,Passeriformes,8,28836.77,5.19,1
Poecilotriccus senex,Tyrannidae,Passeriformes,6.6,7349.28,-6.12,1
Poecilotriccus sylvia,Tyrannidae,Passeriformes,7.1,1909899.71,6.32,1
Pogonotriccus chapmani,Tyrannidae,Passeriformes,8.01,175661.16,5.07,1
Pogonotriccus eximius,Tyrannidae,Passeriformes,7.5,1008457.47,-23.23,1
Pogonotriccus lanyoni,Tyrannidae,Passeriformes,8,1563.29,6.1,1
Pogonotriccus ophthalmicus,Tyrannidae,Passeriformes,9.2,179706.35,-4.05,1
Pogonotriccus orbitalis,Tyrannidae,Passeriformes,7.08,121722.45,-10.25,1
Pogonotriccus poecilotis,Tyrannidae,Passeriformes,8,213006.74,-1.44,1
Pogonotriccus venezuelanus,Tyrannidae,Passeriformes,9,10622.12,10.24,1
Polioxolmis rufipennis,Tyrannidae,Passeriformes,34.5,402534.91,-14.86,1
Polystictus pectoralis,Tyrannidae,Passeriformes,6.2,3620193.03,-21.45,2
Polystictus superciliaris,Tyrannidae,Passeriformes,6,313983.58,-18.2,1
Pseudelaenia leucospodia,Tyrannidae,Passeriformes,11.9,51916.21,-5.5,1
Pseudocolopteryx acutipennis,Tyrannidae,Passeriformes,6.9,506201.86,-19.03,3
Pseudocolopteryx citreola,Tyrannidae,Passeriformes,7.5,384102.57,-35.47,2
Pseudocolopteryx dinelliana,Tyrannidae,Passeriformes,7.5,181082.86,-30.02,2
Pseudocolopteryx flaviventris,Tyrannidae,Passeriformes,7.5,1065968.93,-33.18,2
Pseudocolopteryx sclateri,Tyrannidae,Passeriformes,8,816154.8,-25.56,2
Pseudotriccus pelzelni,Tyrannidae,Passeriformes,10.9,148376.2,-1.48,1
Pseudotriccus ruficeps,Tyrannidae,Passeriformes,11.3,194101.79,-6.31,1
Pseudotriccus simplex,Tyrannidae,Passeriformes,9.5,68986.06,-15.28,1
Pyrocephalus nanus,Tyrannidae,Passeriformes,14.4,7545.2,-0.52,3
Pyrocephalus rubinus,Tyrannidae,Passeriformes,14.4,8461953.41,-0.22,3
Pyrrhomyias cinnamomeus,Tyrannidae,Passeriformes,9.9,539963.44,-5.78,1
Ramphotrigon fuscicauda,Tyrannidae,Passeriformes,18.6,472095.3,-10.36,1
Ramphotrigon megacephalum,Tyrannidae,Passeriformes,14.2,2269306.34,-9.22,1
Ramphotrigon ruficauda,Tyrannidae,Passeriformes,18.4,6736020.91,-4.1,1
Rhynchocyclus aequinoctialis,Tyrannidae,Passeriformes,21.3,2856427.7,-4.31,1
Rhynchocyclus brevirostris,Tyrannidae,Passeriformes,24.3,579326.26,15.56,1
Rhynchocyclus fulvipectus,Tyrannidae,Passeriformes,23.1,196891.42,-8.54,1
Rhynchocyclus olivaceus,Tyrannidae,Passeriformes,21.3,2806251.13,-1.62,1
Rhynchocyclus pacificus,Tyrannidae,Passeriformes,24.95,105882.4,3.38,1
Rhytipterna holerythra,Tyrannidae,Passeriformes,36.8,469909.57,10.92,1
Rhytipterna immunda,Tyrannidae,Passeriformes,27.4,1435282.35,-6.62,1
Rhytipterna simplex,Tyrannidae,Passeriformes,31.8,7376423.26,-4.6,1
Satrapa icterophrys,Tyrannidae,Passeriformes,21.5,6572157.33,-19.03,3
Sayornis nigricans,Tyrannidae,Passeriformes,18.63,2967593.66,17.12,1
Sayornis phoebe,Tyrannidae,Passeriformes,19.7,6246276.45,47.3,3
Sayornis saya,Tyrannidae,Passeriformes,20.9,7204273.9,51.2,3
Serpophaga cinerea,Tyrannidae,Passeriformes,8.3,537348.41,-2.75,1
Serpophaga griseicapilla,Tyrannidae,Passeriformes,6.6,490223.64,-31.78,3
Serpophaga hypoleuca,Tyrannidae,Passeriformes,6.07,557853.94,-3.42,1
Serpophaga nigricans,Tyrannidae,Passeriformes,8.5,3661570.49,-27.22,2
Serpophaga subcristata,Tyrannidae,Passeriformes,6.6,5706628.03,-24.58,3
Silvicultrix diadema,Tyrannidae,Passeriformes,11.5,130712.81,4.09,1
Silvicultrix frontalis,Tyrannidae,Passeriformes,9.99,229755.72,-5.94,1
Silvicultrix jelskii,Tyrannidae,Passeriformes,11.6,73769.99,-7.51,1
Silvicultrix pulchella,Tyrannidae,Passeriformes,12,116794.53,-12.95,1
Sirystes albocinereus,Tyrannidae,Passeriformes,38,1894993.29,-7.14,1
Sirystes albogriseus,Tyrannidae,Passeriformes,34,174213.1,4.78,1
Sirystes sibilator,Tyrannidae,Passeriformes,32.3,4179503.46,-14.02,1
Sirystes subcanescens,Tyrannidae,Passeriformes,34,752029.9,1.52,1
Stigmatura bahiae,Tyrannidae,Passeriformes,9.77,572187.66,-9.58,1
Stigmatura budytoides,Tyrannidae,Passeriformes,11.08,1866889.93,-24.94,1
Stigmatura napensis,Tyrannidae,Passeriformes,9.77,322846.59,-3.87,1
Sublegatus arenarum,Tyrannidae,Passeriformes,12.3,940862.17,8.12,1
Sublegatus modestus,Tyrannidae,Passeriformes,14,5706526.11,-19.64,3
Sublegatus obscurior,Tyrannidae,Passeriformes,16,5373017.82,-1.82,2
Suiriri suiriri,Tyrannidae,Passeriformes,14.53,6139582.17,-19.48,1
Tachuris rubrigastra,Tyrannidae,Passeriformes,7.8,2272551.5,-34.27,1
Taeniotriccus andrei,Tyrannidae,Passeriformes,9.5,857576.24,-0.15,1
Todirostrum chrysocrotaphum,Tyrannidae,Passeriformes,7,4205502.11,-6.23,1
Todirostrum cinereum,Tyrannidae,Passeriformes,6.29,8243668.88,-5.99,1
Todirostrum maculatum,Tyrannidae,Passeriformes,7.3,4363496.68,-3.25,1
Todirostrum nigriceps,Tyrannidae,Passeriformes,6.5,401251.44,7.02,1
Todirostrum pictum,Tyrannidae,Passeriformes,6.8,1704255.68,2.56,1
Todirostrum poliocephalum,Tyrannidae,Passeriformes,5.6,465051.92,-21.27,1
Todirostrum viridanum,Tyrannidae,Passeriformes,6.5,24015.08,11.09,1
Tolmomyias assimilis,Tyrannidae,Passeriformes,17,5871080.89,-3.44,1
Tolmomyias flaviventris,Tyrannidae,Passeriformes,12.2,6722663.2,-3.7,1
Tolmomyias flavotectus,Tyrannidae,Passeriformes,14.9,212437.98,5.96,1
Tolmomyias poliocephalus,Tyrannidae,Passeriformes,10.8,6112774.74,-3.35,1
Tolmomyias sulphurescens,Tyrannidae,Passeriformes,14.3,12413249.74,-6.44,1
Tolmomyias traylori,Tyrannidae,Passeriformes,11.5,270037.12,-3.28,1
Tolmomyias viridiceps,Tyrannidae,Passeriformes,11.3,2251079.38,-6.38,1
Tyrannopsis sulphurea,Tyrannidae,Passeriformes,53.6,6496396.06,-2.97,1
Tyrannulus elatus,Tyrannidae,Passeriformes,7,6406376.29,-1.95,1
Tyrannus albogularis,Tyrannidae,Passeriformes,37.1,4233971.75,-9.74,3
Tyrannus caudifasciatus,Tyrannidae,Passeriformes,42.36,211062.13,20.47,1
Tyrannus couchii,Tyrannidae,Passeriformes,39,551401.87,21.89,1
Tyrannus crassirostris,Tyrannidae,Passeriformes,55.89,505171.68,22.95,1
Tyrannus cubensis,Tyrannidae,Passeriformes,93.6,3190.29,20.79,1
Tyrannus dominicensis,Tyrannidae,Passeriformes,46.5,575526.35,17.44,2
Tyrannus forficatus,Tyrannidae,Passeriformes,39.3,1445850.08,33.46,3
Tyrannus melancholicus,Tyrannidae,Passeriformes,37.4,16505803.88,-8.87,1
Tyrannus niveigularis,Tyrannidae,Passeriformes,34.4,88235.75,-3.89,2
Tyrannus savana,Tyrannidae,Passeriformes,31.9,8167916.45,-16.29,3
Tyrannus tyrannus,Tyrannidae,Passeriformes,39.85,9124093.16,45.77,3
Tyrannus verticalis,Tyrannidae,Passeriformes,39.6,5067458.79,40.94,3
Tyrannus vociferans,Tyrannidae,Passeriformes,45.6,1436515.31,28.68,3
Uromyias agilis,Tyrannidae,Passeriformes,10.1,53360.05,0.64,1
Uromyias agraphia,Tyrannidae,Passeriformes,9.9,76899.65,-9.88,1
Xenotriccus callizonus,Tyrannidae,Passeriformes,11.2,22237.89,16.58,1
Xenotriccus mexicanus,Tyrannidae,Passeriformes,13.8,112766.33,17.58,1
Xolmis cinereus,Tyrannidae,Passeriformes,57.1,6894893.41,-17.16,2
Xolmis coronatus,Tyrannidae,Passeriformes,46.8,761874.7,-35.57,3
Xolmis dominicanus,Tyrannidae,Passeriformes,42.8,236129.08,-30.01,1
Xolmis irupero,Tyrannidae,Passeriformes,28.7,3570599.32,-24.73,2
Xolmis pyrope,Tyrannidae,Passeriformes,35.3,642448.41,-44.95,2
Xolmis rubetra,Tyrannidae,Passeriformes,36.3,685076.84,-39.83,2
Xolmis salinarum,Tyrannidae,Passeriformes,25.1,24940.02,-29.54,1
Xolmis velatus,Tyrannidae,Passeriformes,28.7,3619472.89,-14.02,2
Zimmerius acer,Tyrannidae,Passeriformes,7.13,2616255.56,-1.83,1
Zimmerius albigularis,Tyrannidae,Passeriformes,10.4,72300.96,-0.27,1
Zimmerius bolivianus,Tyrannidae,Passeriformes,11,111971.31,-14.72,1
Zimmerius chicomendesi,Tyrannidae,Passeriformes,5.5,19869.14,-8.24,1
Zimmerius chrysops,Tyrannidae,Passeriformes,10.4,387308.82,2.97,1
Zimmerius cinereicapilla,Tyrannidae,Passeriformes,11.8,75707.76,-9.51,1
Zimmerius gracilipes,Tyrannidae,Passeriformes,7.13,3855220.6,-4.86,1
Zimmerius improbus,Tyrannidae,Passeriformes,10.9,24090.83,9.22,1
Zimmerius parvus,Tyrannidae,Passeriformes,9.7,223549.9,11.18,1
Zimmerius petersi,Tyrannidae,Passeriformes,10.9,11637.2,10.12,1
Zimmerius vilissimus,Tyrannidae,Passeriformes,9.7,71349.79,15.5,1
Zimmerius villarejoi,Tyrannidae,Passeriformes,6.1,8523.6,-5.82,1
Zimmerius viridiflavus,Tyrannidae,Passeriformes,9.6,89059.91,-7.82,1
Urocynchramus pylzowi,Urocynchramidae,Passeriformes,28.62,627499.68,33.82,1
Artamella viridis,Vangidae,Passeriformes,48.8,415338.92,-19.57,1
Bias musicus,Vangidae,Passeriformes,21.9,3741138.35,-2.51,2
Calicalicus madagascariensis,Vangidae,Passeriformes,16.39,341449.07,-18.07,1
Calicalicus rufocarpalis,Vangidae,Passeriformes,16.8,13210.57,-24.22,1
Cyanolanius comorensis,Vangidae,Passeriformes,22.3,807.41,-11.91,1
Cyanolanius madagascarinus,Vangidae,Passeriformes,22.3,445373.26,-19.09,1
Euryceros prevostii,Vangidae,Passeriformes,96.93,16245.72,-16.07,1
Falculea palliata,Vangidae,Passeriformes,111,301726.39,-19.63,1
Hemipus hirundinaceus,Vangidae,Passeriformes,10.2,1391676.2,0.5,1
Hemipus picatus,Vangidae,Passeriformes,8.98,4959601.62,16.08,1
Hypositta corallirostris,Vangidae,Passeriformes,14.1,159578.63,-18.39,1
Leptopterus chabert,Vangidae,Passeriformes,19.6,577947.6,-19.39,1
Megabyas flammulatus,Vangidae,Passeriformes,27.96,4083781.25,0.79,1
Mystacornis crossleyi,Vangidae,Passeriformes,24.5,159923.75,-18.74,1
Newtonia amphichroa,Vangidae,Passeriformes,12.3,241558.19,-18.83,1
Newtonia archboldi,Vangidae,Passeriformes,7.8,77835.21,-23.65,1
Newtonia brunneicauda,Vangidae,Passeriformes,10.1,550725.41,-19.47,1
Newtonia fanovanae,Vangidae,Passeriformes,12.7,84117.11,-19.2,1
Oriolia bernieri,Vangidae,Passeriformes,52,18135.88,-15.86,1
Philentoma pyrhoptera,Vangidae,Passeriformes,16.9,1224085.41,1.01,1
Philentoma velata,Vangidae,Passeriformes,26.1,1151168.58,1.05,1
Prionops alberti,Vangidae,Passeriformes,61.3,33733.37,-2.31,1
Prionops caniceps,Vangidae,Passeriformes,48.18,892308.99,6.94,1
Prionops gabela,Vangidae,Passeriformes,50.1,4620.24,-10.6,1
Prionops plumatus,Vangidae,Passeriformes,33.78,10670489.61,-1.65,1
Prionops poliolophus,Vangidae,Passeriformes,49,52607.72,-1.8,1
Prionops retzii,Vangidae,Passeriformes,50.11,4451615.16,-13.99,1
Prionops rufiventris,Vangidae,Passeriformes,50,1903359.86,0.23,1
Prionops scopifrons,Vangidae,Passeriformes,29.4,795156.97,-12.3,1
Pseudobias wardi,Vangidae,Passeriformes,12.7,172356.28,-19.06,1
Schetba rufa,Vangidae,Passeriformes,37.3,408087.53,-18.46,1
Tephrodornis affinis,Vangidae,Passeriformes,20.2,66197.67,7.62,1
Tephrodornis pondicerianus,Vangidae,Passeriformes,20.2,4411317.05,22.04,1
Tephrodornis sylvicola,Vangidae,Passeriformes,37.8,128127.36,13.21,1
Tephrodornis virgatus,Vangidae,Passeriformes,37.8,4664545.5,14.42,1
Tylas eduardi,Vangidae,Passeriformes,46.8,231862.91,-18.97,1
Vanga curvirostris,Vangidae,Passeriformes,64.17,499102.36,-19.42,1
Xenopirostris damii,Vangidae,Passeriformes,59.5,6067.22,-15.83,1
Xenopirostris polleni,Vangidae,Passeriformes,61.5,61347.27,-19.94,1
Xenopirostris xenopirostris,Vangidae,Passeriformes,59.5,40589.83,-24.12,1
Anomalospiza imberbis,Viduidae,Passeriformes,20.53,1822866.7,-10.4,2
Vidua camerunensis,Viduidae,Passeriformes,12.09,614412.82,6.12,1
Vidua chalybeata,Viduidae,Passeriformes,12.5,6962831.57,1.29,1
Vidua codringtoni,Viduidae,Passeriformes,12.8,219030.79,-15.67,1
Vidua fischeri,Viduidae,Passeriformes,12.21,1423681.72,3.44,1
Vidua funerea,Viduidae,Passeriformes,14.33,1390191.12,-16.85,1
Vidua hypocherina,Viduidae,Passeriformes,11.9,782303.11,1,1
Vidua interjecta,Viduidae,Passeriformes,20.6,1775828.32,8.72,1
Vidua larvaticola,Viduidae,Passeriformes,13.1,572282.44,8.68,1
Vidua macroura,Viduidae,Passeriformes,15.74,13164158.38,-3.03,1
Vidua maryae,Viduidae,Passeriformes,12.8,12038.87,9.7,1
Vidua nigeriae,Viduidae,Passeriformes,12.04,73783.08,9.94,1
Vidua obtusa,Viduidae,Passeriformes,20.69,3242417.31,-11.07,1
Vidua orientalis,Viduidae,Passeriformes,18.46,2652424.77,12.44,1
Vidua paradisaea,Viduidae,Passeriformes,20.35,4674400.64,-11.07,1
Vidua purpurascens,Viduidae,Passeriformes,13.09,995520.21,-17.48,1
Vidua raricola,Viduidae,Passeriformes,11.94,236927.7,7.3,1
Vidua regia,Viduidae,Passeriformes,14.38,1955547.72,-21.5,1
Vidua togoensis,Viduidae,Passeriformes,15.63,418624.53,8.73,1
Vidua wilsoni,Viduidae,Passeriformes,13.08,2114085.3,8.02,1
Cyclarhis gujanensis,Vireonidae,Passeriformes,28.8,13485715.12,-10.18,1
Cyclarhis nigrirostris,Vireonidae,Passeriformes,31.9,83596.16,3.86,1
Erpornis zantholeuca,Vireonidae,Passeriformes,11.8,3629429.65,17.04,1
Hylophilus amaurocephalus,Vireonidae,Passeriformes,11.7,1515487.23,-14.58,1
Hylophilus brunneiceps,Vireonidae,Passeriformes,9.9,528917.17,1.89,1
Hylophilus flavipes,Vireonidae,Passeriformes,11.66,798172.55,8.18,1
Hylophilus griseiventris,Vireonidae,Passeriformes,13.8,3187589.82,-2.72,1
Hylophilus insularis,Vireonidae,Passeriformes,11.66,296.85,11.24,1
Hylophilus olivaceus,Vireonidae,Passeriformes,12,86246,-5.87,1
Hylophilus pectoralis,Vireonidae,Passeriformes,11.6,3214859.36,-9.78,1
Hylophilus poicilotis,Vireonidae,Passeriformes,10.4,673378.96,-25.2,1
Hylophilus semicinereus,Vireonidae,Passeriformes,13,3561762.58,-4.11,1
Hylophilus thoracicus,Vireonidae,Passeriformes,13.8,141073.99,-19.99,1
Hylophilus viridiflavus,Vireonidae,Passeriformes,11.66,39554.29,8.44,1
Pachysylvia aurantiifrons,Vireonidae,Passeriformes,9.5,611619.82,9.08,1
Pachysylvia decurtata,Vireonidae,Passeriformes,8.49,856443.06,12.53,1
Pachysylvia hypochrysea,Vireonidae,Passeriformes,12.2,356386.02,20.42,1
Pachysylvia hypoxantha,Vireonidae,Passeriformes,17,3940574.21,-5.8,1
Pachysylvia muscicapina,Vireonidae,Passeriformes,11.7,2386727.39,-2.1,1
Pachysylvia semibrunnea,Vireonidae,Passeriformes,11.4,42187.56,5.06,1
Pteruthius aenobarbus,Vireonidae,Passeriformes,11.8,996369.26,19.96,1
Pteruthius aeralatus,Vireonidae,Passeriformes,38.2,3398935.32,22.37,1
Pteruthius flaviscapis,Vireonidae,Passeriformes,38.67,63531.49,-7.42,1
Pteruthius melanotis,Vireonidae,Passeriformes,13.3,841041.72,23.62,1
Pteruthius rufiventer,Vireonidae,Passeriformes,43,251147.36,26.59,1
Pteruthius xanthochlorus,Vireonidae,Passeriformes,14.3,786930.44,29.11,1
Tunchiornis luteifrons,Vireonidae,Passeriformes,11.6,1257699.57,1.82,1
Tunchiornis ochraceiceps,Vireonidae,Passeriformes,11.6,4780072.08,-2.13,1
Vireo altiloquus,Vireonidae,Passeriformes,18.97,243716.04,20.76,1
Vireo atricapilla,Vireonidae,Passeriformes,8.99,315128.21,29.22,3
Vireo bairdi,Vireonidae,Passeriformes,12,488.33,20.44,1
Vireo bellii,Vireonidae,Passeriformes,8.5,2636566.53,34.81,3
Vireo brevipennis,Vireonidae,Passeriformes,11.8,162984.26,18.21,1
Vireo caribaeus,Vireonidae,Passeriformes,9.3,16.9,12.53,1
Vireo carmioli,Vireonidae,Passeriformes,13.1,4187.03,9.47,1
Vireo cassinii,Vireonidae,Passeriformes,14.7,923209.39,45.02,3
Vireo chivi,Vireonidae,Passeriformes,16.06,14238457,-10.27,3
Vireo crassirostris,Vireonidae,Passeriformes,13.01,14348.95,24.02,1
Vireo flavifrons,Vireonidae,Passeriformes,18,3167329.54,38.91,3
Vireo flavoviridis,Vireonidae,Passeriformes,17.59,1006388.21,17.89,3
Vireo gilvus,Vireonidae,Passeriformes,12.67,9680437.56,45.21,3
Vireo gracilirostris,Vireonidae,Passeriformes,16.5,20.19,-3.86,1
Vireo griseus,Vireonidae,Passeriformes,11.4,3034548.86,34.73,3
Vireo gundlachii,Vireonidae,Passeriformes,12.9,109844.77,21.62,1
Vireo huttoni,Vireonidae,Passeriformes,11.3,1214843.43,30.65,1
Vireo latimeri,Vireonidae,Passeriformes,12,6995.48,18.22,1
Vireo leucophrys,Vireonidae,Passeriformes,12.3,592873.42,2.06,1
Vireo magister,Vireonidae,Passeriformes,15.4,8592.85,19.32,1
Vireo masteri,Vireonidae,Passeriformes,11.2,3161.83,3.17,1
Vireo modestus,Vireonidae,Passeriformes,9.6,11021.79,18.16,1
Vireo nanus,Vireonidae,Passeriformes,10.5,13196.28,19.09,1
Vireo nelsoni,Vireonidae,Passeriformes,9.4,190119.25,18.56,1
Vireo olivaceus,Vireonidae,Passeriformes,16.06,8742854.76,45.77,3
Vireo osburni,Vireonidae,Passeriformes,19.9,11021.79,18.16,1
Vireo pallens,Vireonidae,Passeriformes,11,264054.35,18.8,3
Vireo philadelphicus,Vireonidae,Passeriformes,11.5,2750346.28,51.96,3
Vireo plumbeus,Vireonidae,Passeriformes,16.4,1311596.67,34.06,3
Vireo sclateri,Vireonidae,Passeriformes,11.2,292061.96,4.71,1
Vireo solitarius,Vireonidae,Passeriformes,15.3,3329804.9,51.05,3
Vireo vicinior,Vireonidae,Passeriformes,12.8,483115.53,35.29,3
Vireolanius eximius,Vireonidae,Passeriformes,24,192116.73,8.67,1
Vireolanius leucotis,Vireonidae,Passeriformes,26,4216599.52,-3.59,1
Vireolanius melitophrys,Vireonidae,Passeriformes,34.7,170969.25,18.16,1
Vireolanius mikettae,Vireonidae,Passeriformes,26,100025.89,2.17,1
Vireolanius pulchellus,Vireonidae,Passeriformes,24,372658.61,14.9,1
Zeledonia coronata,Zeledoniidae,Passeriformes,21,5169.99,9.38,1
Apalopteron familiare,Zosteropidae,Passeriformes,15,23.9,26.65,1
Cleptornis marchei,Zosteropidae,Passeriformes,20.2,134.47,15.17,1
Dasycrotapha plateni,Zosteropidae,Passeriformes,8.7,49089.24,7.67,1
Dasycrotapha pygmaea,Zosteropidae,Passeriformes,8.7,6497.24,11.42,1
Dasycrotapha speciosa,Zosteropidae,Passeriformes,16.43,23404.43,10.58,1
Heleia crassirostris,Zosteropidae,Passeriformes,19,28274.74,-8.62,1
Heleia dohertyi,Zosteropidae,Passeriformes,20,27662.65,-8.62,1
Heleia goodfellowi,Zosteropidae,Passeriformes,20,3458.6,7.66,1
Heleia javanica,Zosteropidae,Passeriformes,20,13262.34,-7.46,1
Heleia muelleri,Zosteropidae,Passeriformes,16.7,26735.01,-9.24,1
Heleia pinaiae,Zosteropidae,Passeriformes,27.38,497.76,-3.15,1
Heleia squamiceps,Zosteropidae,Passeriformes,14.5,27806.24,-1.87,1
Heleia squamifrons,Zosteropidae,Passeriformes,6.9,81974.59,2.35,1
Heleia superciliaris,Zosteropidae,Passeriformes,20,2051.7,-8.58,1
Heleia wallacei,Zosteropidae,Passeriformes,11,37730.84,-8.87,1
Megazosterops palauensis,Zosteropidae,Passeriformes,31,413.29,7.47,1
Rukia longirostra,Zosteropidae,Passeriformes,17.9,351.15,6.88,1
Rukia ruki,Zosteropidae,Passeriformes,21,34.17,7.35,1
Sterrhoptilus capitalis,Zosteropidae,Passeriformes,14.9,37149.26,7.64,1
Sterrhoptilus dennistouni,Zosteropidae,Passeriformes,15.7,15801.31,17.21,1
Sterrhoptilus nigrocapitatus,Zosteropidae,Passeriformes,14.1,30644.43,12.45,1
Tephrozosterops stalkeri,Zosteropidae,Passeriformes,17.74,3179,-3.13,1
Yuhina bakeri,Zosteropidae,Passeriformes,17.14,200853.53,26.71,1
Yuhina brunneiceps,Zosteropidae,Passeriformes,12.49,13673.61,23.79,1
Yuhina castaniceps,Zosteropidae,Passeriformes,11.8,495231.6,23.33,1
Yuhina diademata,Zosteropidae,Passeriformes,22,1124238.68,28.43,1
Yuhina everetti,Zosteropidae,Passeriformes,12.1,183515.14,1.68,1
Yuhina flavicollis,Zosteropidae,Passeriformes,16.91,622981.09,25.82,1
Yuhina gularis,Zosteropidae,Passeriformes,20.78,515717.01,26.77,1
Yuhina humilis,Zosteropidae,Passeriformes,14.04,57796.56,19.81,1
Yuhina nigrimenta,Zosteropidae,Passeriformes,9.5,2065413.29,26.12,1
Yuhina occipitalis,Zosteropidae,Passeriformes,13,355046.54,26.6,1
Yuhina torqueola,Zosteropidae,Passeriformes,11.8,2186606.38,25.6,1
Zosterops abyssinicus,Zosteropidae,Passeriformes,9.43,665331.72,12.09,1
Zosterops albogularis,Zosteropidae,Passeriformes,30,5.3,-29.01,1
Zosterops anomalus,Zosteropidae,Passeriformes,12,31315.06,-4.15,1
Zosterops atricapilla,Zosteropidae,Passeriformes,9.2,116342.05,1.58,1
Zosterops atriceps,Zosteropidae,Passeriformes,12,23298.99,0.71,1
Zosterops atrifrons,Zosteropidae,Passeriformes,10,51931.65,-0.02,1
Zosterops auriventer,Zosteropidae,Passeriformes,8.6,705487.62,2.68,1
Zosterops borbonicus,Zosteropidae,Passeriformes,8.2,2541.14,-21.12,1
Zosterops brunneus,Zosteropidae,Passeriformes,16.1,63.22,3.58,1
Zosterops buruensis,Zosteropidae,Passeriformes,11.95,8245.73,-3.42,1
Zosterops ceylonensis,Zosteropidae,Passeriformes,12.6,8009.59,6.79,1
Zosterops chloris,Zosteropidae,Passeriformes,11.5,93819.65,-5.44,1
Zosterops chloronothos,Zosteropidae,Passeriformes,8.1,61.77,-20.44,1
Zosterops chrysolaemus,Zosteropidae,Passeriformes,11.1,143898.68,-5.89,1
Zosterops cinereus,Zosteropidae,Passeriformes,11.2,102.52,5.31,1
Zosterops citrinella,Zosteropidae,Passeriformes,11.5,70904.8,-8.93,1
Zosterops consobrinorum,Zosteropidae,Passeriformes,10.1,39992.82,-3.7,1
Zosterops conspicillatus,Zosteropidae,Passeriformes,7.9,241.05,15.1,1
Zosterops crookshanki,Zosteropidae,Passeriformes,11.2,2035.46,-9.47,1
Zosterops emiliae,Zosteropidae,Passeriformes,13.9,206417.3,2.08,1
Zosterops erythropleurus,Zosteropidae,Passeriformes,11,1154584.31,46.62,3
Zosterops eurycricotus,Zosteropidae,Passeriformes,11,13813.44,-3.4,1
Zosterops everetti,Zosteropidae,Passeriformes,10,122580.16,8.65,1
Zosterops explorator,Zosteropidae,Passeriformes,10.5,16653.45,-17.45,1
Zosterops feae,Zosteropidae,Passeriformes,11.4,398.94,0.22,1
Zosterops ficedulinus,Zosteropidae,Passeriformes,9.4,40.89,1.58,1
Zosterops finschii,Zosteropidae,Passeriformes,10.57,445.06,7.46,1
Zosterops flavifrons,Zosteropidae,Passeriformes,10.7,12171.1,-16.21,1
Zosterops flavilateralis,Zosteropidae,Passeriformes,9.43,434447.77,0.79,1
Zosterops flavus,Zosteropidae,Passeriformes,7,17721.85,-2.26,1
Zosterops fuscicapilla,Zosteropidae,Passeriformes,11.2,102101.02,-4.15,1
Zosterops gibbsi,Zosteropidae,Passeriformes,14.9,201.76,-11.66,1
Zosterops grayi,Zosteropidae,Passeriformes,16,556.55,-5.58,1
Zosterops griseotinctus,Zosteropidae,Passeriformes,14,1046.45,-8.44,1
Zosterops griseovirescens,Zosteropidae,Passeriformes,11,14.7,-1.43,1
Zosterops hamlini,Zosteropidae,Passeriformes,17.19,1209.92,-6.03,1
Zosterops hypolais,Zosteropidae,Passeriformes,10.57,97.97,9.54,1
Zosterops hypoxanthus,Zosteropidae,Passeriformes,12.5,10062.12,-4.25,1
Zosterops inornatus,Zosteropidae,Passeriformes,22.9,1159.54,-20.94,1
Zosterops japonicus,Zosteropidae,Passeriformes,11.29,605081.06,28.08,1
Zosterops kaffensis,Zosteropidae,Passeriformes,11,59782.35,7.89,1
Zosterops kikuyuensis,Zosteropidae,Passeriformes,11,24195.41,-0.37,1
Zosterops kirki,Zosteropidae,Passeriformes,8.87,1031.48,-11.66,1
Zosterops kuehni,Zosteropidae,Passeriformes,12,794.7,-3.65,1
Zosterops kulalensis,Zosteropidae,Passeriformes,11,1014.49,2.76,1
Zosterops kulambangrae,Zosteropidae,Passeriformes,10.57,4231.86,-8.32,1
Zosterops lacertosus,Zosteropidae,Passeriformes,28,537.14,-10.76,1
Zosterops lateralis,Zosteropidae,Passeriformes,12.68,2701109.16,-31.53,1
Zosterops leucophaeus,Zosteropidae,Passeriformes,14.8,146.64,1.62,1
Zosterops lugubris,Zosteropidae,Passeriformes,14.8,858.53,0.24,1
Zosterops luteirostris,Zosteropidae,Passeriformes,10.57,35.16,-8.07,1
Zosterops luteus,Zosteropidae,Passeriformes,9.7,672778.06,-16.68,1
Zosterops maderaspatanus,Zosteropidae,Passeriformes,8.87,591994.01,-19.37,1
Zosterops mauritianus,Zosteropidae,Passeriformes,8.2,1877.21,-20.29,1
Zosterops mayottensis,Zosteropidae,Passeriformes,9.9,362.32,-12.82,1
Zosterops mbuluensis,Zosteropidae,Passeriformes,11,12808.6,-3.38,1
Zosterops meeki,Zosteropidae,Passeriformes,9,813.98,-11.51,1
Zosterops melanocephalus,Zosteropidae,Passeriformes,10.9,148.5,4.21,1
Zosterops melanurus,Zosteropidae,Passeriformes,8.6,132378.12,-7.34,1
Zosterops metcalfii,Zosteropidae,Passeriformes,14,16906,-6.83,1
Zosterops meyeni,Zosteropidae,Passeriformes,10,105626.26,15.68,1
Zosterops minor,Zosteropidae,Passeriformes,11.1,82133.23,-3.84,1
Zosterops minutus,Zosteropidae,Passeriformes,8.3,1159.54,-20.94,1
Zosterops modestus,Zosteropidae,Passeriformes,12.8,8.91,-4.58,1
Zosterops mouroniensis,Zosteropidae,Passeriformes,9.9,71.7,-11.75,1
Zosterops murphyi,Zosteropidae,Passeriformes,10.57,111.58,-7.96,1
Zosterops mysorensis,Zosteropidae,Passeriformes,15,2311.92,-0.92,1
Zosterops natalis,Zosteropidae,Passeriformes,9.97,137.18,-10.49,1
Zosterops nehrkorni,Zosteropidae,Passeriformes,10,15.25,3.51,1
Zosterops nigrorum,Zosteropidae,Passeriformes,7.3,141165.47,14.78,1
Zosterops novaeguineae,Zosteropidae,Passeriformes,12.5,103133.53,-7.24,1
Zosterops oleagineus,Zosteropidae,Passeriformes,10.57,97.97,9.54,1
Zosterops olivaceus,Zosteropidae,Passeriformes,9.13,2541.14,-21.12,1
Zosterops pallidus,Zosteropidae,Passeriformes,11.1,420000.76,-27.16,1
Zosterops palpebrosus,Zosteropidae,Passeriformes,8.6,6382482.99,22.22,1
Zosterops poliogastrus,Zosteropidae,Passeriformes,11,324865.26,9.44,1
Zosterops ponapensis,Zosteropidae,Passeriformes,11.2,342.88,6.88,1
Zosterops rendovae,Zosteropidae,Passeriformes,17.19,3011.81,-9.92,1
Zosterops rennellianus,Zosteropidae,Passeriformes,14.5,669.69,-11.68,1
Zosterops rotensis,Zosteropidae,Passeriformes,10,8.18,14.14,1
Zosterops samoensis,Zosteropidae,Passeriformes,10.6,521.64,-13.61,1
Zosterops sanctaecrucis,Zosteropidae,Passeriformes,14,501.65,-10.76,1
Zosterops saypani,Zosteropidae,Passeriformes,7.9,241.05,15.1,1
Zosterops semperi,Zosteropidae,Passeriformes,10.6,847.82,7.21,1
Zosterops senegalensis,Zosteropidae,Passeriformes,10.9,8737492.27,-1.09,1
Zosterops silvanus,Zosteropidae,Passeriformes,11,1532.04,-3.49,1
Zosterops simplex,Zosteropidae,Passeriformes,11.29,3806871.23,23.38,1
Zosterops somadikartai,Zosteropidae,Passeriformes,10,353.14,-0.44,1
Zosterops splendidus,Zosteropidae,Passeriformes,10.57,145.07,-8.06,1
Zosterops stalkeri,Zosteropidae,Passeriformes,10,11743.25,-3.2,1
Zosterops stresemanni,Zosteropidae,Passeriformes,22,4360.57,-9,1
Zosterops superciliosus,Zosteropidae,Passeriformes,29.8,675.48,-11.65,1
Zosterops tenuirostris,Zosteropidae,Passeriformes,17.2,7.72,-29.02,1
Zosterops uropygialis,Zosteropidae,Passeriformes,14,420.76,-5.78,1
Zosterops vaughani,Zosteropidae,Passeriformes,10.9,970.42,-5.17,1
Zosterops vellalavella,Zosteropidae,Passeriformes,10.6,673.74,-7.74,1
Zosterops virens,Zosteropidae,Passeriformes,11.1,977323.04,-28.89,1
Zosterops winifredae,Zosteropidae,Passeriformes,11,5758.15,-4.66,1
Zosterops xanthochroa,Zosteropidae,Passeriformes,10.3,17202.11,-21.35,1
Zosterornis hypogrammicus,Zosteropidae,Passeriformes,21.6,256.97,9.08,1
Zosterornis latistriatus,Zosteropidae,Passeriformes,29.5,285.09,11.21,1
Zosterornis nigrorum,Zosteropidae,Passeriformes,21.6,468.62,9.52,1
Zosterornis striatus,Zosteropidae,Passeriformes,13.9,20400.67,16.15,1
Zosterornis whiteheadi,Zosteropidae,Passeriformes,21.88,32110.97,16.6,1
Agamia agami,Ardeidae,Pelecaniformes,566.99,7840247.37,-2.98,1
Ardea alba,Ardeidae,Pelecaniformes,871.33,74898555.49,10.02,2
Ardea brachyrhyncha,Ardeidae,Pelecaniformes,458.83,13389300.95,-4.06,2
Ardea cinerea,Ardeidae,Pelecaniformes,1443,46421646.29,27.14,1
Ardea cocoi,Ardeidae,Pelecaniformes,1752.44,14742289.16,-12.35,1
Ardea goliath,Ardeidae,Pelecaniformes,4468,17833051.09,0.66,1
Ardea herodias,Ardeidae,Pelecaniformes,2523.41,12219055.66,44.07,2
Ardea humbloti,Ardeidae,Pelecaniformes,1060,61195.29,-18.2,1
Ardea insignis,Ardeidae,Pelecaniformes,2024,62911.44,27.28,1
Ardea intermedia,Ardeidae,Pelecaniformes,458.83,5469087.01,21.5,2
Ardea melanocephala,Ardeidae,Pelecaniformes,1060,19067243.58,-2.31,1
Ardea occidentalis,Ardeidae,Pelecaniformes,2523.41,NA,NA,2
Ardea pacifica,Ardeidae,Pelecaniformes,881,6791074.14,-25.2,2
Ardea plumifera,Ardeidae,Pelecaniformes,458.83,5263522.29,-20.92,2
Ardea purpurea,Ardeidae,Pelecaniformes,1064.48,34922824.77,14.68,3
Ardea sumatrana,Ardeidae,Pelecaniformes,2024,1764501.96,-3.55,1
Ardeola bacchus,Ardeidae,Pelecaniformes,304.89,5458763.13,33.13,2
Ardeola grayii,Ardeidae,Pelecaniformes,253,3285673.01,23.21,2
Ardeola idae,Ardeidae,Pelecaniformes,253,551800.88,-19.02,1
Ardeola ralloides,Ardeidae,Pelecaniformes,287,20358790,0.92,3
Ardeola rufiventris,Ardeidae,Pelecaniformes,201.5,5546086.48,-11.89,1
Ardeola speciosa,Ardeidae,Pelecaniformes,253,610725.9,-0.16,2
Botaurus lentiginosus,Ardeidae,Pelecaniformes,706,8778053.14,48.37,3
Botaurus pinnatus,Ardeidae,Pelecaniformes,812.16,2262647.75,-14.08,2
Botaurus poiciloptilus,Ardeidae,Pelecaniformes,1083.69,1425382.93,-34.28,2
Botaurus stellaris,Ardeidae,Pelecaniformes,1319.45,18110303.08,50.39,2
Bubulcus ibis,Ardeidae,Pelecaniformes,365.95,62451101.72,5.1,2
Butorides striata,Ardeidae,Pelecaniformes,201.5,53556698.29,7.56,1
Calherodius leuconotus,Ardeidae,Pelecaniformes,480.25,7860889.3,-2.09,2
Cochlearius cochlearius,Ardeidae,Pelecaniformes,643.21,11698377.4,-4.95,1
Egretta ardesiaca,Ardeidae,Pelecaniformes,324,8505004.79,-6.39,1
Egretta caerulea,Ardeidae,Pelecaniformes,338.61,5634382.17,6.61,1
Egretta eulophotes,Ardeidae,Pelecaniformes,461.83,114002.97,39.31,3
Egretta garzetta,Ardeidae,Pelecaniformes,312,34141787.35,5.46,2
Egretta gularis,Ardeidae,Pelecaniformes,312,2265036.6,4.08,2
Egretta novaehollandiae,Ardeidae,Pelecaniformes,558.64,2680426.22,-29.89,1
Egretta picata,Ardeidae,Pelecaniformes,259,133125.33,-13.71,1
Egretta rufescens,Ardeidae,Pelecaniformes,614,349145.57,23.35,1
Egretta sacra,Ardeidae,Pelecaniformes,502,4099474.31,-3.63,2
Egretta thula,Ardeidae,Pelecaniformes,371,19270773.23,3.56,2
Egretta tricolor,Ardeidae,Pelecaniformes,372.3,1369046.69,18.58,2
Egretta vinaceigula,Ardeidae,Pelecaniformes,288,110075.11,-18.85,2
Gorsachius goisagi,Ardeidae,Pelecaniformes,527,157988.97,34.33,3
Gorsachius melanolophus,Ardeidae,Pelecaniformes,412.34,1242970.05,16.76,2
Ixobrychus cinnamomeus,Ardeidae,Pelecaniformes,126.49,7931366.43,19.79,1
Ixobrychus dubius,Ardeidae,Pelecaniformes,83.9,1685096.62,-31.21,3
Ixobrychus eurhythmus,Ardeidae,Pelecaniformes,139,4733640.24,41.99,3
Ixobrychus exilis,Ardeidae,Pelecaniformes,86.29,6223094.32,21.34,2
Ixobrychus flavicollis,Ardeidae,Pelecaniformes,321,6677261.29,10.74,1
Ixobrychus involucris,Ardeidae,Pelecaniformes,80.1,2399740.23,-24.33,3
Ixobrychus minutus,Ardeidae,Pelecaniformes,99.49,27683039.02,22.56,3
Ixobrychus sinensis,Ardeidae,Pelecaniformes,94.29,8593201.95,23.86,3
Ixobrychus sturmii,Ardeidae,Pelecaniformes,140,12872490.53,-2.48,1
Nyctanassa violacea,Ardeidae,Pelecaniformes,681.67,4196603.05,20.21,2
Nycticorax caledonicus,Ardeidae,Pelecaniformes,856,7725707.62,-20.37,2
Nycticorax nycticorax,Ardeidae,Pelecaniformes,810,50345275.03,11.6,3
Oroanassa magnifica,Ardeidae,Pelecaniformes,480.3,1647055.73,26.84,1
Pilherodius pileatus,Ardeidae,Pelecaniformes,568.59,10271266.32,-6.53,1
Syrigma sibilatrix,Ardeidae,Pelecaniformes,463,4235220.19,-21.02,2
Tigriornis leucolopha,Ardeidae,Pelecaniformes,846,3869151.96,1.4,1
Tigrisoma fasciatum,Ardeidae,Pelecaniformes,850,1533469.08,-13.34,1
Tigrisoma lineatum,Ardeidae,Pelecaniformes,812.99,13239678.28,-9.3,1
Tigrisoma mexicanum,Ardeidae,Pelecaniformes,1154.38,928353.01,17.32,1
Zebrilus undulatus,Ardeidae,Pelecaniformes,123,5812182.01,-3.16,1
Zonerodius heliosylus,Ardeidae,Pelecaniformes,802,654108.95,-5.46,1
Balaeniceps rex,Balaenicipitidae,Pelecaniformes,5941.01,1281979.14,-0.96,1
Pelecanus conspicillatus,Pelecanidae,Pelecaniformes,5505,5368503.51,-25.72,1
Pelecanus crispus,Pelecanidae,Pelecaniformes,9512.09,3326029.46,49,2
Pelecanus erythrorhynchos,Pelecanidae,Pelecaniformes,5608.48,1206894.35,49.58,2
Pelecanus occidentalis,Pelecanidae,Pelecaniformes,3427.84,1823742.36,17.7,1
Pelecanus onocrotalus,Pelecanidae,Pelecaniformes,9322.31,810182.64,27.38,2
Pelecanus philippensis,Pelecanidae,Pelecaniformes,5010.98,1380714.42,18.03,1
Pelecanus rufescens,Pelecanidae,Pelecaniformes,5419.63,14141336.63,0.35,1
Pelecanus thagus,Pelecanidae,Pelecaniformes,3427.84,367189.12,-18.43,1
Scopus umbretta,Scopidae,Pelecaniformes,472,19881333.45,-2.88,2
Bostrychia bocagei,Threskiornithidae,Pelecaniformes,866,220.87,0.18,1
Bostrychia carunculata,Threskiornithidae,Pelecaniformes,1500,539792.68,9.46,1
Bostrychia hagedash,Threskiornithidae,Pelecaniformes,1238,16241597.55,-1.06,1
Bostrychia olivacea,Threskiornithidae,Pelecaniformes,866,802325.59,1.55,1
Bostrychia rara,Threskiornithidae,Pelecaniformes,866,2806304.39,-0.81,1
Cercibis oxycerca,Threskiornithidae,Pelecaniformes,1819,395881.11,6.45,2
Eudocimus albus,Threskiornithidae,Pelecaniformes,889.66,1204506.08,17.95,2
Eudocimus ruber,Threskiornithidae,Pelecaniformes,660.08,816290.78,2.95,2
Geronticus calvus,Threskiornithidae,Pelecaniformes,1202,206914.23,-27.69,3
Geronticus eremita,Threskiornithidae,Pelecaniformes,1202,644.23,30.99,3
Lophotibis cristata,Threskiornithidae,Pelecaniformes,583,535452.8,-19.49,1
Mesembrinibis cayennensis,Threskiornithidae,Pelecaniformes,756,10576805.93,-7.9,1
Nipponia nippon,Threskiornithidae,Pelecaniformes,1900,1119.51,33.28,1
Phimosus infuscatus,Threskiornithidae,Pelecaniformes,559,6585514.18,-16.48,2
Platalea ajaja,Threskiornithidae,Pelecaniformes,1490,7917712.48,-13.91,2
Platalea alba,Threskiornithidae,Pelecaniformes,1521,14157612.5,-3.31,2
Platalea flavipes,Threskiornithidae,Pelecaniformes,1741.26,1812783.46,-31.74,2
Platalea leucorodia,Threskiornithidae,Pelecaniformes,1868,6276598.58,41.35,2
Platalea minor,Threskiornithidae,Pelecaniformes,1228,15430.12,38.7,2
Platalea regia,Threskiornithidae,Pelecaniformes,1723.49,5888747.88,-24.28,2
Plegadis chihi,Threskiornithidae,Pelecaniformes,616.89,5296229.51,-8.5,2
Plegadis falcinellus,Threskiornithidae,Pelecaniformes,626.61,23712479.58,-2.86,2
Plegadis ridgwayi,Threskiornithidae,Pelecaniformes,579.41,495452.93,-16.49,2
Pseudibis davisoni,Threskiornithidae,Pelecaniformes,1588,48226.23,6.75,1
Pseudibis papillosa,Threskiornithidae,Pelecaniformes,823,1181694.91,20.7,1
Thaumatibis gigantea,Threskiornithidae,Pelecaniformes,3515,50313.06,13.71,1
Theristicus branickii,Threskiornithidae,Pelecaniformes,1492,305055,-14.49,2
Theristicus caerulescens,Threskiornithidae,Pelecaniformes,1500,1749653.63,-25.46,1
Theristicus caudatus,Threskiornithidae,Pelecaniformes,1726,5146136.12,-14.89,2
Theristicus melanopis,Threskiornithidae,Pelecaniformes,1250,1331819.08,-42.4,2
Threskiornis aethiopicus,Threskiornithidae,Pelecaniformes,1493.18,17650108.45,-2.23,1
Threskiornis bernieri,Threskiornithidae,Pelecaniformes,1493.18,28069.48,-17.59,1
Threskiornis melanocephalus,Threskiornithidae,Pelecaniformes,1303,1234030.67,24.71,1
Threskiornis moluccus,Threskiornithidae,Pelecaniformes,1794.89,563710.25,-30.14,1
Threskiornis spinicollis,Threskiornithidae,Pelecaniformes,1346.72,6390192.38,-25.22,1
Phaethon aethereus,Phaethontidae,Phaethontiformes,749.99,24455.23,14.4,3
Phaethon lepturus,Phaethontidae,Phaethontiformes,328.04,88168.39,-9,3
Phaethon rubricauda,Phaethontidae,Phaethontiformes,671.87,187720.42,-19.44,3
Phoeniconaias minor,Phoenicopteridae,Phoenicopteriformes,1500,248234.51,-5.2,1
Phoenicoparrus andinus,Phoenicopteridae,Phoenicopteriformes,4900,190012.59,-20.59,1
Phoenicoparrus jamesi,Phoenicopteridae,Phoenicopteriformes,2000,273389.16,-21.19,1
Phoenicopterus chilensis,Phoenicopteridae,Phoenicopteriformes,2277,3269778.02,-33.05,1
Phoenicopterus roseus,Phoenicopteridae,Phoenicopteriformes,3031.59,5093092.47,-8.68,2
Phoenicopterus ruber,Phoenicopteridae,Phoenicopteriformes,3031.59,241334.34,18.3,1
Bucco capensis,Bucconidae,Piciformes,54,5454915.04,-2.43,1
Chelidoptera tenebrosa,Bucconidae,Piciformes,35.9,8690116.86,-4.75,1
Cyphos macrodactylus,Bucconidae,Piciformes,25,3329953.34,-3.34,1
Hapaloptila castanea,Bucconidae,Piciformes,80.6,31778.47,-2.66,1
Hypnelus bicinctus,Bucconidae,Piciformes,49.8,575194.13,7.85,1
Hypnelus ruficollis,Bucconidae,Piciformes,49.8,239856.99,9.2,1
Malacoptila fulvogularis,Bucconidae,Piciformes,57.4,120052.81,-10.14,1
Malacoptila fusca,Bucconidae,Piciformes,45.4,1912315.4,-0.06,1
Malacoptila minor,Bucconidae,Piciformes,44.1,126917.03,-4.26,1
Malacoptila mystacalis,Bucconidae,Piciformes,49,94080.96,6.72,1
Malacoptila panamensis,Bucconidae,Piciformes,42.6,516560.6,9.44,1
Malacoptila rufa,Bucconidae,Piciformes,47.52,2602548.7,-7.16,1
Malacoptila semicincta,Bucconidae,Piciformes,44,649678.52,-8.91,1
Malacoptila striata,Bucconidae,Piciformes,44.1,728993.44,-21.24,1
Micromonacha lanceolata,Bucconidae,Piciformes,19.8,1651230.16,-4.8,1
Monasa atra,Bucconidae,Piciformes,90.4,1731260.77,2.8,1
Monasa flavirostris,Bucconidae,Piciformes,62.8,785439.52,-5.71,1
Monasa morphoeus,Bucconidae,Piciformes,87.9,5210334.01,-5.83,1
Monasa nigrifrons,Bucconidae,Piciformes,80.7,7021917.73,-8.95,1
Nonnula amaurocephala,Bucconidae,Piciformes,15.49,25182.48,-2.73,1
Nonnula brunnea,Bucconidae,Piciformes,25,251222.79,-2.1,1
Nonnula frontalis,Bucconidae,Piciformes,15.7,174551.74,8.55,1
Nonnula rubecula,Bucconidae,Piciformes,18.4,5438725.75,-7.86,1
Nonnula ruficapilla,Bucconidae,Piciformes,22,2844029.84,-8.56,1
Nonnula sclateri,Bucconidae,Piciformes,15.96,642854.12,-8.14,1
Notharchus hyperrhynchus,Bucconidae,Piciformes,95.89,5241316.91,-2.76,1
Notharchus macrorhynchos,Bucconidae,Piciformes,95.89,871879.2,2.86,1
Notharchus ordii,Bucconidae,Piciformes,52.8,524007.29,-3.08,1
Notharchus pectoralis,Bucconidae,Piciformes,69.1,197997.21,6.62,1
Notharchus subtectus,Bucconidae,Piciformes,26.8,269655.76,7.11,1
Notharchus swainsoni,Bucconidae,Piciformes,73.8,927376.95,-22.37,1
Notharchus tectus,Bucconidae,Piciformes,26.8,5067701.36,-2.93,1
Nystactes noanamae,Bucconidae,Piciformes,35.5,29342.47,5.99,1
Nystactes tamatia,Bucconidae,Piciformes,35.5,4349445.92,-2.58,1
Nystalus chacuru,Bucconidae,Piciformes,52.3,4329404.4,-16.2,1
Nystalus maculatus,Bucconidae,Piciformes,42,3643937.66,-15.83,1
Nystalus radiatus,Bucconidae,Piciformes,61,236336.29,5.08,1
Nystalus striolatus,Bucconidae,Piciformes,47,2922975.08,-9.44,1
Capito auratus,Capitonidae,Piciformes,57.37,3118574.61,-3.43,1
Capito aurovirens,Capitonidae,Piciformes,56.2,1228941.99,-2.81,1
Capito brunneipectus,Capitonidae,Piciformes,57.9,105842.34,-3.89,1
Capito dayi,Capitonidae,Piciformes,67.19,1182972.78,-9.6,1
Capito fitzpatricki,Capitonidae,Piciformes,69.49,500.27,-10.56,1
Capito hypoleucus,Capitonidae,Piciformes,70.9,3663.83,5.82,1
Capito maculicoronatus,Capitonidae,Piciformes,52.8,133684.28,7.15,1
Capito niger,Capitonidae,Piciformes,57.37,1107267.21,2.17,1
Capito quinticolor,Capitonidae,Piciformes,60.03,40534.07,3.16,1
Capito squamatus,Capitonidae,Piciformes,59.26,63414.19,-0.2,1
Capito wallacei,Capitonidae,Piciformes,69.49,185.53,-6.94,1
Eubucco aurantiicollis,Capitonidae,Piciformes,33.9,1494765.07,-8.23,1
Eubucco bourcierii,Capitonidae,Piciformes,37,234502.7,3.22,1
Eubucco glaucogularis,Capitonidae,Piciformes,32.8,29075.74,-11.32,1
Eubucco richardsoni,Capitonidae,Piciformes,33.9,636638.07,-0.65,1
Eubucco steerii,Capitonidae,Piciformes,32.8,61721.66,-6.8,1
Eubucco tucinkae,Capitonidae,Piciformes,41.7,177646.68,-11.37,1
Eubucco versicolor,Capitonidae,Piciformes,32.8,125625.22,-14.53,1
Brachygalba albogularis,Galbulidae,Piciformes,17.43,660078.82,-8.45,1
Brachygalba goeringi,Galbulidae,Piciformes,17,133840.27,8.75,1
Brachygalba lugubris,Galbulidae,Piciformes,15.9,4798770.73,-5.11,1
Brachygalba salmoni,Galbulidae,Piciformes,17.2,50824.86,8.2,1
Galbalcyrhynchus leucotis,Galbulidae,Piciformes,46.9,479718.92,-2.27,1
Galbalcyrhynchus purusianus,Galbulidae,Piciformes,50,821108.37,-8.86,1
Galbula albirostris,Galbulidae,Piciformes,22.1,1881365.04,1.54,1
Galbula chalcocephala,Galbulidae,Piciformes,22.1,1154814.81,-1.64,1
Galbula chalcothorax,Galbulidae,Piciformes,23.91,816560.67,-4.63,1
Galbula cyanescens,Galbulidae,Piciformes,25.3,1188886.92,-8.03,1
Galbula cyanicollis,Galbulidae,Piciformes,23.23,2705041.54,-6.69,1
Galbula dea,Galbulidae,Piciformes,27.4,5923896.48,-3.81,1
Galbula galbula,Galbulidae,Piciformes,23,1927640.44,2.45,1
Galbula leucogastra,Galbulidae,Piciformes,15.9,2991415.41,-4.12,1
Galbula pastazae,Galbulidae,Piciformes,31.8,21286.74,-1.71,1
Galbula ruficauda,Galbulidae,Piciformes,26.5,7606947.12,-8.28,1
Galbula tombacea,Galbulidae,Piciformes,23.18,969424.78,-1.41,1
Jacamaralcyon tridactyla,Galbulidae,Piciformes,18.3,389660.14,-21.86,1
Jacamerops aureus,Galbulidae,Piciformes,62.9,5748994.39,-2.34,1
Indicator archipelagicus,Indicatoridae,Piciformes,32.4,1098002.15,1.12,1
Indicator exilis,Indicatoridae,Piciformes,17.92,4132641.71,1.24,1
Indicator indicator,Indicatoridae,Piciformes,50.4,11206655.87,-3.53,1
Indicator maculatus,Indicatoridae,Piciformes,46.8,4072953.89,4.06,1
Indicator meliphilus,Indicatoridae,Piciformes,14.04,1489690.4,-10.78,1
Indicator minor,Indicatoridae,Piciformes,28.2,13121952.74,-3.05,1
Indicator pumilio,Indicatoridae,Piciformes,13.12,55590.95,-2.13,1
Indicator variegatus,Indicatoridae,Piciformes,48.76,3473509.99,-10.55,1
Indicator willcocksi,Indicatoridae,Piciformes,15.4,3271299.81,3.54,1
Indicator xanthonotus,Indicatoridae,Piciformes,30.38,97279.81,28.36,1
Melichneutes robustus,Indicatoridae,Piciformes,54.2,2772579.96,0.4,2
Melignomon eisentrauti,Indicatoridae,Piciformes,24.2,75034.97,6.5,1
Melignomon zenkeri,Indicatoridae,Piciformes,23.6,1324791.27,2.21,1
Prodotiscus insignis,Indicatoridae,Piciformes,10.4,2908784.71,1.89,1
Prodotiscus regulus,Indicatoridae,Piciformes,14.1,3186750.81,-13.47,1
Prodotiscus zambesiae,Indicatoridae,Piciformes,10.2,3997564.3,-11.65,1
Buccanodon dowsetti,Lybiidae,Piciformes,37.1,NA,NA,1
Buccanodon duchaillui,Lybiidae,Piciformes,41.8,3427229.94,1.17,1
Cryptolybia olivacea,Lybiidae,Piciformes,49.4,155265.95,-11.02,1
Gymnobucco bonapartei,Lybiidae,Piciformes,62.95,1792433.71,-0.3,2
Gymnobucco calvus,Lybiidae,Piciformes,54.51,1685321.51,3.39,2
Gymnobucco cinereiceps,Lybiidae,Piciformes,62.95,1446939.8,-0.67,2
Gymnobucco peli,Lybiidae,Piciformes,52.04,1350939.25,2.85,2
Gymnobucco sladeni,Lybiidae,Piciformes,45,1357987.41,-0.38,2
Gymnobucco vernayi,Lybiidae,Piciformes,54.51,37145.23,-12.47,2
Lybius chaplini,Lybiidae,Piciformes,69.49,76477.21,-15.53,1
Lybius guifsobalito,Lybiidae,Piciformes,42.2,1310708.12,7.76,1
Lybius leucocephalus,Lybiidae,Piciformes,62.79,1924719.61,5.27,1
Lybius leucogaster,Lybiidae,Piciformes,62.79,36921.03,-14.04,1
Lybius rubrifacies,Lybiidae,Piciformes,60.05,82626.47,-1.72,1
Lybius senex,Lybiidae,Piciformes,62.79,84838.44,-0.88,1
Lybius torquatus,Lybiidae,Piciformes,51.7,4663900.43,-14.67,1
Lybius undatus,Lybiidae,Piciformes,38.5,580218.29,9.28,1
Lybius vieilloti,Lybiidae,Piciformes,36,6618281.31,11.16,1
Pogoniulus atroflavus,Lybiidae,Piciformes,18.19,3229525.42,1.43,1
Pogoniulus bilineatus,Lybiidae,Piciformes,13.1,7153853.6,-2.51,1
Pogoniulus chrysoconus,Lybiidae,Piciformes,10.8,10202745.34,-0.05,1
Pogoniulus coryphaea,Lybiidae,Piciformes,10.7,307301.79,-3.03,1
Pogoniulus leucomystax,Lybiidae,Piciformes,11.8,552561.75,-4.88,1
Pogoniulus makawai,Lybiidae,Piciformes,13.1,4084.19,-12.83,1
Pogoniulus pusillus,Lybiidae,Piciformes,9.6,2446279.62,-0.28,1
Pogoniulus scolopaceus,Lybiidae,Piciformes,14.07,3952077.92,0.78,1
Pogoniulus simplex,Lybiidae,Piciformes,8.8,516296.28,-11.01,1
Pogoniulus subsulphureus,Lybiidae,Piciformes,10.5,3512045.74,1.28,1
Pogonornis bidentatus,Lybiidae,Piciformes,79.34,2585581.98,4.02,1
Pogonornis dubius,Lybiidae,Piciformes,90.99,2333237.28,10.6,1
Pogonornis macclounii,Lybiidae,Piciformes,46.7,1659098.93,-9.5,1
Pogonornis melanopterus,Lybiidae,Piciformes,52.4,809569.53,-10.36,1
Pogonornis minor,Lybiidae,Piciformes,46.7,750053.05,-6.62,1
Pogonornis rolleti,Lybiidae,Piciformes,100.39,1106455.94,9.4,1
Stactolaema anchietae,Lybiidae,Piciformes,47.3,1482309.28,-10.69,1
Stactolaema leucogrammica,Lybiidae,Piciformes,54.9,70144.3,-8.27,1
Stactolaema leucotis,Lybiidae,Piciformes,54.9,862758.91,-17.23,1
Stactolaema whytii,Lybiidae,Piciformes,55.6,456236.86,-12.05,1
Trachylaemus goffinii,Lybiidae,Piciformes,76.1,454445.83,6.79,1
Trachylaemus purpuratus,Lybiidae,Piciformes,76.1,3484026.33,-0.1,1
Trachylaemus togoensis,Lybiidae,Piciformes,76.1,254611.57,8.23,1
Trachyphonus darnaudii,Lybiidae,Piciformes,35.75,1278810.54,2.53,1
Trachyphonus emini,Lybiidae,Piciformes,35.75,212695,-6.22,1
Trachyphonus erythrocephalus,Lybiidae,Piciformes,63.5,1574108.27,2.68,1
Trachyphonus margaritatus,Lybiidae,Piciformes,64,2214289.93,14.52,1
Trachyphonus usambiro,Lybiidae,Piciformes,35.75,165690.61,-2.7,1
Trachyphonus vaillantii,Lybiidae,Piciformes,69.4,3120428.04,-14.51,1
Tricholaema diademata,Lybiidae,Piciformes,30.6,578757.82,-0.35,1
Tricholaema frontata,Lybiidae,Piciformes,26.83,1375938.26,-12.52,1
Tricholaema hirsuta,Lybiidae,Piciformes,55.2,3734843.08,0.96,1
Tricholaema lacrymosa,Lybiidae,Piciformes,22.9,1269448.61,-2.69,1
Tricholaema leucomelas,Lybiidae,Piciformes,32.2,3123368.53,-24.17,1
Tricholaema melanocephala,Lybiidae,Piciformes,20.45,1969018.58,4.09,1
Caloramphus fuliginosus,Megalaimidae,Piciformes,42.6,729941.66,0.89,1
Caloramphus hayii,Megalaimidae,Piciformes,42.6,282000.37,2.91,1
Psilopogon annamensis,Megalaimidae,Piciformes,87.69,238876.05,16.68,1
Psilopogon armillaris,Megalaimidae,Piciformes,69.35,25965.22,-7.46,1
Psilopogon asiaticus,Megalaimidae,Piciformes,90.5,1991863.6,23.6,1
Psilopogon auricularis,Megalaimidae,Piciformes,63.5,42835.17,14.09,1
Psilopogon australis,Megalaimidae,Piciformes,33.3,78190.52,-7.52,1
Psilopogon chersonesus,Megalaimidae,Piciformes,90.5,846.97,8.62,1
Psilopogon chrysopogon,Megalaimidae,Piciformes,151,924419.88,1.68,1
Psilopogon corvinus,Megalaimidae,Piciformes,130,6748.31,-7.06,1
Psilopogon cyanotis,Megalaimidae,Piciformes,33.3,1491530.46,18.97,1
Psilopogon duvaucelii,Megalaimidae,Piciformes,33.3,1126705.95,1.08,1
Psilopogon eximius,Megalaimidae,Piciformes,33.3,150608.92,2.48,1
Psilopogon faber,Megalaimidae,Piciformes,87.69,54689.52,24.06,1
Psilopogon faiostrictus,Megalaimidae,Piciformes,92.95,709761.14,16.24,1
Psilopogon flavifrons,Megalaimidae,Piciformes,58.5,25071.76,6.87,1
Psilopogon franklinii,Megalaimidae,Piciformes,63.5,747848.45,22.88,1
Psilopogon haemacephalus,Megalaimidae,Piciformes,44.49,5975609.97,17.86,1
Psilopogon henricii,Megalaimidae,Piciformes,74.1,715928.64,0.66,1
Psilopogon incognitus,Megalaimidae,Piciformes,92.95,709194.71,16.79,1
Psilopogon javensis,Megalaimidae,Piciformes,115,75358.71,-7.4,1
Psilopogon lagrandieri,Megalaimidae,Piciformes,92.95,353200.77,15.66,1
Psilopogon lineatus,Megalaimidae,Piciformes,148.96,1966842.26,18.46,1
Psilopogon malabaricus,Megalaimidae,Piciformes,37.6,102689.89,11.94,1
Psilopogon monticola,Megalaimidae,Piciformes,93.36,53959.57,2.91,1
Psilopogon mystacophanos,Megalaimidae,Piciformes,77.4,1239604.69,1.44,1
Psilopogon nuchalis,Megalaimidae,Piciformes,87.69,19750.22,23.76,1
Psilopogon oorti,Megalaimidae,Piciformes,87.69,78643.1,1.23,1
Psilopogon pulcherrimus,Megalaimidae,Piciformes,65.4,5208.54,4.04,1
Psilopogon pyrolophus,Megalaimidae,Piciformes,129,474947.38,0.7,1
Psilopogon rafflesii,Megalaimidae,Piciformes,118,691184.19,0.91,1
Psilopogon rubricapillus,Megalaimidae,Piciformes,37.6,58622.85,7.46,1
Psilopogon virens,Megalaimidae,Piciformes,202,3256344.79,24.49,1
Psilopogon viridis,Megalaimidae,Piciformes,80.5,263685.81,13.34,1
Psilopogon zeylanicus,Megalaimidae,Piciformes,119,2194453.73,20.76,1
Blythipicus pyrrhotis,Picidae,Piciformes,132,1622803.09,23.45,1
Blythipicus rubiginosus,Picidae,Piciformes,81.91,1344203.74,1.13,1
Campephilus gayaquilensis,Picidae,Piciformes,241.22,125111.24,-1.82,1
Campephilus guatemalensis,Picidae,Piciformes,242,888852.35,17.23,1
Campephilus haematogaster,Picidae,Piciformes,237,305393.43,-6.22,1
Campephilus imperialis,Picidae,Piciformes,700,NA,NA,1
Campephilus leucopogon,Picidae,Piciformes,249,1077553.56,-24.23,1
Campephilus magellanicus,Picidae,Piciformes,324,395600.76,-46.48,1
Campephilus melanoleucos,Picidae,Piciformes,256,11099024.68,-5.87,1
Campephilus pollens,Picidae,Piciformes,187.9,195689.25,-0.02,1
Campephilus principalis,Picidae,Piciformes,516,NA,NA,1
Campephilus robustus,Picidae,Piciformes,200,1885815.7,-21.36,1
Campephilus rubricollis,Picidae,Piciformes,210.71,6911322.08,-4.6,1
Campephilus splendens,Picidae,Piciformes,237,182745.81,4.45,1
Campethera abingoni,Picidae,Piciformes,67.52,6437199.24,-14.35,1
Campethera bennettii,Picidae,Piciformes,70.1,4469921.88,-16.55,1
Campethera cailliautii,Picidae,Piciformes,41.1,3823971.24,-7.64,1
Campethera caroli,Picidae,Piciformes,44.15,3849726.47,-0.61,1
Campethera maculosa,Picidae,Piciformes,54,4611843.27,0.57,1
Campethera mombassica,Picidae,Piciformes,59.58,57677.63,-2.88,1
Campethera nivosa,Picidae,Piciformes,37.8,3825842.41,0.45,1
Campethera notata,Picidae,Piciformes,62,95428.78,-33.18,1
Campethera nubica,Picidae,Piciformes,59.7,3241336.04,6.05,1
Campethera punctuligera,Picidae,Piciformes,71.79,4070381.33,9.45,1
Campethera scriptoricauda,Picidae,Piciformes,59.7,751693.68,-12.16,1
Campethera taeniolaema,Picidae,Piciformes,50.5,283260.68,-0.44,1
Campethera tullbergi,Picidae,Piciformes,50.5,62707.5,5.72,1
Celeus castaneus,Picidae,Piciformes,85.59,396905.38,16.46,1
Celeus elegans,Picidae,Piciformes,134.97,6510380.16,-3.65,1
Celeus flavescens,Picidae,Piciformes,139,2619318.97,-18.15,1
Celeus flavus,Picidae,Piciformes,147.33,6163251.01,-5.36,1
Celeus galeatus,Picidae,Piciformes,124,183768.38,-25.32,1
Celeus loricatus,Picidae,Piciformes,76.6,297945.59,6.51,1
Celeus lugubris,Picidae,Piciformes,137,841523.9,-18.66,1
Celeus obrieni,Picidae,Piciformes,114,805871.75,-10.68,1
Celeus occidentalis,Picidae,Piciformes,134,5400919.84,-5.92,1
Celeus ochraceus,Picidae,Piciformes,139,1498746.05,-8.73,1
Celeus spectabilis,Picidae,Piciformes,114,528390.73,-8.87,1
Celeus tinnunculus,Picidae,Piciformes,134,120305.45,-16.26,1
Celeus torquatus,Picidae,Piciformes,134,1895802.55,-0.33,1
Celeus undatus,Picidae,Piciformes,64.5,5521579.18,-2.9,1
Chrysocolaptes erythrocephalus,Picidae,Piciformes,142,13484.95,9.94,1
Chrysocolaptes festivus,Picidae,Piciformes,213,1703319.4,19.25,1
Chrysocolaptes guttacristatus,Picidae,Piciformes,166,2525074.86,17.65,1
Chrysocolaptes haematribon,Picidae,Piciformes,130,108269.02,15.89,1
Chrysocolaptes lucidus,Picidae,Piciformes,142,119803.15,8.38,1
Chrysocolaptes stricklandi,Picidae,Piciformes,138,66112.16,7.62,1
Chrysocolaptes strictus,Picidae,Piciformes,142,19219.13,-8.15,1
Chrysocolaptes validus,Picidae,Piciformes,149,1291734.8,0.62,1
Chrysocolaptes xanthocephalus,Picidae,Piciformes,142,28507.61,10.79,1
Chrysophlegma flavinucha,Picidae,Piciformes,176.83,2932266.06,19.8,1
Chrysophlegma humii,Picidae,Piciformes,99.73,981198.78,1.63,1
Chrysophlegma mentale,Picidae,Piciformes,99.73,40422.48,-7.53,1
Chrysophlegma miniaceum,Picidae,Piciformes,97.29,1291605.29,1.34,1
Colaptes aeruginosus,Picidae,Piciformes,55.79,127571.69,22.44,1
Colaptes atriceps,Picidae,Piciformes,102,101217.84,-14.99,1
Colaptes atricollis,Picidae,Piciformes,76.1,200854,-11.33,1
Colaptes auratus,Picidae,Piciformes,131.46,10804791.76,50.48,2
Colaptes auricularis,Picidae,Piciformes,65.4,203098.62,22.15,1
Colaptes cafer,Picidae,Piciformes,131.46,6674670.23,48.09,2
Colaptes campestris,Picidae,Piciformes,158,4575239.79,-15.48,1
Colaptes campestroides,Picidae,Piciformes,158,1400337.32,-30.94,1
Colaptes chrysoides,Picidae,Piciformes,111,377623.21,30.62,1
Colaptes cinereicapillus,Picidae,Piciformes,174,104646.31,-8.01,1
Colaptes fernandinae,Picidae,Piciformes,135,7341.16,21.95,1
Colaptes melanochloros,Picidae,Piciformes,127.27,4723714.99,-17.32,1
Colaptes melanolaimus,Picidae,Piciformes,127.27,2313795.37,-29.61,1
Colaptes mexicanoides,Picidae,Piciformes,131.46,181900,15,2
Colaptes pitius,Picidae,Piciformes,159,428459.35,-41.29,1
Colaptes punctigula,Picidae,Piciformes,61.96,3394047.54,-2.06,1
Colaptes rivolii,Picidae,Piciformes,102,463744.41,-0.01,1
Colaptes rubiginosus,Picidae,Piciformes,55.79,2243128.49,4.1,1
Colaptes rupicola,Picidae,Piciformes,174,785415.83,-17.51,1
Dendrocopos analis,Picidae,Piciformes,44.93,1113565.36,12.33,1
Dendrocopos assimilis,Picidae,Piciformes,51.84,604188.64,28.5,1
Dendrocopos atratus,Picidae,Piciformes,46.73,309610.66,20.89,1
Dendrocopos darjellensis,Picidae,Piciformes,70.66,301933.91,26.9,1
Dendrocopos himalayensis,Picidae,Piciformes,67.74,115066.11,32.32,1
Dendrocopos hyperythrus,Picidae,Piciformes,46.49,1618772.91,30.24,1
Dendrocopos leucopterus,Picidae,Piciformes,67,2454403.28,42.52,1
Dendrocopos leucotos,Picidae,Piciformes,116.8,11181511.25,52.06,1
Dendrocopos macei,Picidae,Piciformes,44.93,904703.87,25.03,1
Dendrocopos major,Picidae,Piciformes,74.94,24413724.29,51.97,1
Dendrocopos noguchii,Picidae,Piciformes,200,585.25,26.68,1
Dendrocopos owstoni,Picidae,Piciformes,116.8,707.92,28.31,1
Dendrocopos syriacus,Picidae,Piciformes,76.7,2931365.51,43.01,1
Dendropicos abyssinicus,Picidae,Piciformes,24.45,360073.27,9.49,1
Dendropicos dorae,Picidae,Piciformes,19.49,129511.08,20.33,1
Dendropicos elachus,Picidae,Piciformes,18.4,1588913.65,14.92,1
Dendropicos elliotii,Picidae,Piciformes,37.2,755495.27,-2,1
Dendropicos fuscescens,Picidae,Piciformes,26,12708768.94,-7.51,1
Dendropicos gabonensis,Picidae,Piciformes,25.92,1688352.48,-0.07,1
Dendropicos goertae,Picidae,Piciformes,44.48,7460292.4,10.15,1
Dendropicos griseocephalus,Picidae,Piciformes,40.89,2206119.9,-14.36,1
Dendropicos johnstoni,Picidae,Piciformes,37.2,103271.34,6.06,1
Dendropicos lugubris,Picidae,Piciformes,25.9,661441.27,7.22,1
Dendropicos namaquus,Picidae,Piciformes,81.54,7980417.7,-9.31,1
Dendropicos obsoletus,Picidae,Piciformes,21.4,5967593.22,9.5,1
Dendropicos poecilolaemus,Picidae,Piciformes,28.1,723686.32,4.01,1
Dendropicos pyrrhogaster,Picidae,Piciformes,68.5,799110.98,7,1
Dendropicos spodocephalus,Picidae,Piciformes,47.28,595112.59,4.9,1
Dendropicos stierlingi,Picidae,Piciformes,28,211385.21,-13.37,1
Dendropicos xantholophus,Picidae,Piciformes,81.54,2751221.14,-0.21,1
Dinopium benghalense,Picidae,Piciformes,100,3000600.76,23.12,1
Dinopium everetti,Picidae,Piciformes,93.8,13144.63,9.93,1
Dinopium javanense,Picidae,Piciformes,72.76,2707154.04,9.28,1
Dinopium psarodes,Picidae,Piciformes,97,37262.28,7,1
Dinopium rafflesii,Picidae,Piciformes,102,1030245.34,1.37,1
Dinopium shorii,Picidae,Piciformes,101,382744.4,22.84,1
Dryobates cathpharius,Picidae,Piciformes,30.74,125806.92,27,1
Dryobates minor,Picidae,Piciformes,19.8,18548908.46,54.79,1
Dryobates nuttallii,Picidae,Piciformes,37.39,183833.95,37.3,1
Dryobates pernyii,Picidae,Piciformes,30.74,461222.21,25.51,1
Dryobates pubescens,Picidae,Piciformes,25.55,12800223.82,48.23,1
Dryobates scalaris,Picidae,Piciformes,31.59,2902465.04,27.02,1
Dryocopus hodgei,Picidae,Piciformes,156,5706.32,12.29,1
Dryocopus javensis,Picidae,Piciformes,271.4,2693444.77,10.17,1
Dryocopus martius,Picidae,Piciformes,321,19634445.89,56.28,1
Gecinulus grantia,Picidae,Piciformes,76.02,750304.84,20.54,1
Gecinulus viridis,Picidae,Piciformes,69.2,187614.02,15.09,1
Geocolaptes olivaceus,Picidae,Piciformes,120,773995.64,-30.03,1
Hemicircus canente,Picidae,Piciformes,43.01,665192.85,16.49,1
Hemicircus concretus,Picidae,Piciformes,29.39,102171.06,-7.18,1
Hemicircus sordidus,Picidae,Piciformes,29.39,1246690.98,0.99,1
Hylatomus fuscipennis,Picidae,Piciformes,183.19,102169.59,-2.05,1
Hylatomus lineatus,Picidae,Piciformes,183.19,13770543.52,-5.73,1
Hylatomus pileatus,Picidae,Piciformes,286.59,5925872.32,45.18,1
Hylatomus schulzii,Picidae,Piciformes,200,585880.91,-25.54,1
Jynx ruficollis,Picidae,Piciformes,46.4,1609043.05,-8.46,1
Jynx torquilla,Picidae,Piciformes,34.96,17649135.86,53.28,3
Leiopicus auriceps,Picidae,Piciformes,39.92,79474.36,29.88,1
Leiopicus mahrattensis,Picidae,Piciformes,34.3,2815279.67,22.56,1
Leiopicus medius,Picidae,Piciformes,59,3966649.98,47.76,1
Leuconotopicus albolarvatus,Picidae,Piciformes,61.07,499656.93,42.45,1
Leuconotopicus arizonae,Picidae,Piciformes,40.87,330142.61,25.59,1
Leuconotopicus borealis,Picidae,Piciformes,47.99,603894.41,32.35,1
Leuconotopicus fumigatus,Picidae,Piciformes,36.2,1109542.22,7.22,1
Leuconotopicus stricklandi,Picidae,Piciformes,40.87,18699.26,19.23,1
Leuconotopicus villosus,Picidae,Piciformes,62.65,13332874.44,47.81,1
Meiglyptes grammithorax,Picidae,Piciformes,31.7,1392331.69,1.38,1
Meiglyptes jugularis,Picidae,Piciformes,53.38,580432.68,16.53,1
Meiglyptes tristis,Picidae,Piciformes,31.7,50016.69,-6.84,1
Meiglyptes tukki,Picidae,Piciformes,53.1,772219.58,1.2,1
Melanerpes aurifrons,Picidae,Piciformes,80.77,1414625.35,22.96,1
Melanerpes cactorum,Picidae,Piciformes,34.94,942033.85,-25.83,1
Melanerpes candidus,Picidae,Piciformes,108,5535970.53,-18.87,1
Melanerpes carolinus,Picidae,Piciformes,69.5,3074161.82,36.96,1
Melanerpes chrysauchen,Picidae,Piciformes,52.48,15256.01,8.9,1
Melanerpes chrysogenys,Picidae,Piciformes,67.72,161373.56,19.45,1
Melanerpes cruentatus,Picidae,Piciformes,58.1,7237147.71,-4.36,1
Melanerpes erythrocephalus,Picidae,Piciformes,71.6,5461683.2,40.26,1
Melanerpes flavifrons,Picidae,Piciformes,57.78,1557771.44,-22.06,1
Melanerpes formicivorus,Picidae,Piciformes,79.62,1502706.45,25.79,1
Melanerpes herminieri,Picidae,Piciformes,100,1468.62,16.23,1
Melanerpes hoffmannii,Picidae,Piciformes,72.16,51111.87,11.56,1
Melanerpes hypopolius,Picidae,Piciformes,52.4,81784.17,17.53,1
Melanerpes lewis,Picidae,Piciformes,105.76,2075995.24,42.79,3
Melanerpes portoricensis,Picidae,Piciformes,59.86,8923.08,18.23,1
Melanerpes pucherani,Picidae,Piciformes,62.4,486437.57,10.74,1
Melanerpes pulcher,Picidae,Piciformes,52.48,48456.57,7.03,1
Melanerpes pygmaeus,Picidae,Piciformes,38.81,126112.5,19.77,1
Melanerpes radiolatus,Picidae,Piciformes,108,11021.79,18.16,1
Melanerpes rubricapillus,Picidae,Piciformes,52.33,877834.62,8.48,1
Melanerpes striatus,Picidae,Piciformes,73.4,74161.47,18.91,1
Melanerpes superciliaris,Picidae,Piciformes,77.31,114069.09,21.74,1
Melanerpes uropygialis,Picidae,Piciformes,64.66,567324.49,28.96,1
Micropternus brachyurus,Picidae,Piciformes,85.94,6131273.93,17.03,1
Mulleripicus fuliginosus,Picidae,Piciformes,172,107250.58,8.3,1
Mulleripicus fulvus,Picidae,Piciformes,312.25,103818.08,-1.76,1
Mulleripicus funebris,Picidae,Piciformes,164,102097.41,15.94,1
Mulleripicus pulverulentus,Picidae,Piciformes,450.19,2509970.1,12.72,1
Nesoctites micromegas,Picidae,Piciformes,32.19,74799.65,18.91,1
Picoides arcticus,Picidae,Piciformes,69.24,6771211.08,54.52,1
Picoides canicapillus,Picidae,Piciformes,25.76,8010257.64,27.99,1
Picoides funebris,Picidae,Piciformes,65.49,524719.56,32.55,1
Picoides kizuki,Picidae,Piciformes,19.19,1603020.85,42.98,1
Picoides maculatus,Picidae,Piciformes,24.5,267253.51,11.86,1
Picoides moluccensis,Picidae,Piciformes,16.15,742649.6,-0.27,1
Picoides nanus,Picidae,Piciformes,16.15,2390435.35,20.85,1
Picoides ramsayi,Picidae,Piciformes,24.5,1757.48,5.57,1
Picoides temminckii,Picidae,Piciformes,66.72,173473.64,-2.08,1
Picoides tridactylus,Picidae,Piciformes,65.49,23486930.71,57.66,1
Piculus aurulentus,Picidae,Piciformes,74.99,748842.17,-25.73,1
Piculus callopterus,Picidae,Piciformes,51,5548.22,8.86,1
Piculus chrysochloros,Picidae,Piciformes,88,8623251.86,-6.6,1
Piculus flavigula,Picidae,Piciformes,55,6464140.53,-4.78,1
Piculus leucolaemus,Picidae,Piciformes,69,885342.24,-8.95,1
Piculus litae,Picidae,Piciformes,69,106716.1,4.67,1
Piculus simplex,Picidae,Piciformes,55,92589.28,12.77,1
Picumnus albosquamatus,Picidae,Piciformes,11.9,2007279.99,-16.97,1
Picumnus aurifrons,Picidae,Piciformes,8.94,2989266.49,-8.53,1
Picumnus castelnau,Picidae,Piciformes,11.4,57699.82,-5.98,1
Picumnus cinnamomeus,Picidae,Piciformes,11.32,130928.2,9.95,1
Picumnus cirratus,Picidae,Piciformes,10.2,2348460.61,-20.58,1
Picumnus dorbignyanus,Picidae,Piciformes,9.6,100469.48,-16.28,1
Picumnus exilis,Picidae,Piciformes,9.3,1241697.36,1.98,1
Picumnus fulvescens,Picidae,Piciformes,11.32,119592.59,-7.97,1
Picumnus fuscus,Picidae,Piciformes,11.32,11590.99,-13.02,1
Picumnus granadensis,Picidae,Piciformes,12.2,27384.64,3.76,1
Picumnus innominatus,Picidae,Piciformes,10.2,4531626.73,24.24,1
Picumnus lafresnayi,Picidae,Piciformes,9.48,779374.9,-2.79,1
Picumnus limae,Picidae,Piciformes,11.32,41862.99,-4.2,1
Picumnus minutissimus,Picidae,Piciformes,13.29,36687.97,5.4,1
Picumnus nebulosus,Picidae,Piciformes,11.6,517928.06,-28.87,1
Picumnus nigropunctatus,Picidae,Piciformes,11.32,24797.17,9.3,1
Picumnus olivaceus,Picidae,Piciformes,10.6,493974.89,7.53,1
Picumnus pumilus,Picidae,Piciformes,9.48,210423.83,1.25,1
Picumnus pygmaeus,Picidae,Piciformes,11,837474.17,-8.96,1
Picumnus rufiventris,Picidae,Piciformes,21,1172719.04,-7.97,1
Picumnus sclateri,Picidae,Piciformes,11.02,44945.62,-3.25,1
Picumnus spilogaster,Picidae,Piciformes,13.2,182978.53,5.28,1
Picumnus squamulatus,Picidae,Piciformes,10.2,437386.97,7.57,1
Picumnus steindachneri,Picidae,Piciformes,9.9,7117.94,-6.1,1
Picumnus subtilis,Picidae,Piciformes,10.4,39544.26,-12.55,1
Picumnus temminckii,Picidae,Piciformes,11.5,514581.53,-26.31,1
Picumnus varzeae,Picidae,Piciformes,11.5,189643.39,-2.4,1
Picus awokera,Picidae,Piciformes,143,281098.75,35.92,1
Picus canus,Picidae,Piciformes,137,11476968.7,51.73,1
Picus chlorolophus,Picidae,Piciformes,65.41,3444974.54,19.23,1
Picus dedemi,Picidae,Piciformes,137,125356.03,0.34,1
Picus erythropygius,Picidae,Piciformes,116.18,465293.36,15.56,1
Picus guerini,Picidae,Piciformes,137,6162750.3,26.47,1
Picus puniceus,Picidae,Piciformes,79.1,1380604.21,0.99,1
Picus rabieri,Picidae,Piciformes,111.4,247192.29,18.35,1
Picus sharpei,Picidae,Piciformes,176,563992.07,40.39,1
Picus squamatus,Picidae,Piciformes,170,703208.8,32.58,1
Picus vaillantii,Picidae,Piciformes,176,343668.61,34.55,1
Picus viridanus,Picidae,Piciformes,111.39,390821.75,15.73,1
Picus viridis,Picidae,Piciformes,176,5981746.04,50.06,1
Picus vittatus,Picidae,Piciformes,108.07,1352503,12.05,1
Picus xanthopygaeus,Picidae,Piciformes,99.69,2078020.45,20.92,1
Sasia abnormis,Picidae,Piciformes,9.2,1159649.15,1.66,1
Sasia ochracea,Picidae,Piciformes,9.7,1515543.88,20.83,1
Sphyrapicus nuchalis,Picidae,Piciformes,48.49,2075623.96,43.04,3
Sphyrapicus ruber,Picidae,Piciformes,54.79,1000123.48,50.74,2
Sphyrapicus thyroideus,Picidae,Piciformes,47.6,649120.18,40.44,2
Sphyrapicus varius,Picidae,Piciformes,50.3,4472315.75,52.85,3
Veniliornis affinis,Picidae,Piciformes,34.83,5386514.86,-6.46,1
Veniliornis callonotus,Picidae,Piciformes,26.47,136187.78,-3.22,1
Veniliornis cassini,Picidae,Piciformes,34.6,1226065,3.27,1
Veniliornis chocoensis,Picidae,Piciformes,30,79496.04,3.82,1
Veniliornis dignus,Picidae,Piciformes,37.6,95384.15,0.65,1
Veniliornis frontalis,Picidae,Piciformes,36.7,102721.22,-21.33,1
Veniliornis kirkii,Picidae,Piciformes,28.8,705329.29,7.14,1
Veniliornis lignarius,Picidae,Piciformes,34,597481.81,-36.83,1
Veniliornis maculifrons,Picidae,Piciformes,38.69,253876.59,-19.53,1
Veniliornis mixtus,Picidae,Piciformes,28.74,3645052.22,-24.45,1
Veniliornis nigriceps,Picidae,Piciformes,43.96,181315.52,-6.98,1
Veniliornis passerinus,Picidae,Piciformes,32.1,11102862.12,-7.81,1
Veniliornis sanguineus,Picidae,Piciformes,26.5,36223.6,5.93,1
Veniliornis spilogaster,Picidae,Piciformes,40.3,1540012.26,-25.59,1
Verreauxia africana,Picidae,Piciformes,9.4,2527784.99,-0.85,1
Xiphidiopicus percussus,Picidae,Piciformes,60.86,110277.34,21.62,1
Andigena cucullata,Ramphastidae,Piciformes,311.76,48713.29,-15.8,1
Andigena hypoglauca,Ramphastidae,Piciformes,312.83,122389.53,-4.97,1
Andigena laminirostris,Ramphastidae,Piciformes,311,14349.38,0.05,1
Andigena nigrirostris,Ramphastidae,Piciformes,350,110031.99,3.99,1
Aulacorhynchus albivitta,Ramphastidae,Piciformes,195,259877.16,5.25,1
Aulacorhynchus atrogularis,Ramphastidae,Piciformes,163,437561.22,-11.33,1
Aulacorhynchus caeruleogularis,Ramphastidae,Piciformes,145,32691.97,9.15,1
Aulacorhynchus calorhynchus,Ramphastidae,Piciformes,170.56,27000.43,9.67,1
Aulacorhynchus coeruleicinctis,Ramphastidae,Piciformes,208,103161.86,-14.75,1
Aulacorhynchus cyanolaemus,Ramphastidae,Piciformes,170.56,41682.62,-5.23,1
Aulacorhynchus derbianus,Ramphastidae,Piciformes,209.71,302414.84,-10.23,1
Aulacorhynchus haematopygus,Ramphastidae,Piciformes,194.39,179236.71,3.35,1
Aulacorhynchus huallagae,Ramphastidae,Piciformes,268.84,2703.98,-7.49,1
Aulacorhynchus prasinus,Ramphastidae,Piciformes,170.56,420156.22,16.5,1
Aulacorhynchus sulcatus,Ramphastidae,Piciformes,167,30220.86,10.25,1
Aulacorhynchus wagleri,Ramphastidae,Piciformes,183,48599.87,16.88,1
Aulacorhynchus whitelianus,Ramphastidae,Piciformes,133,167279.36,4.55,1
Pteroglossus aracari,Ramphastidae,Piciformes,250.16,3319977.82,-5.54,1
Pteroglossus azara,Ramphastidae,Piciformes,144.45,3118316.1,-3.14,1
Pteroglossus bailloni,Ramphastidae,Piciformes,146,657171.58,-23.23,1
Pteroglossus beauharnaisii,Ramphastidae,Piciformes,215.91,1824148.67,-8.66,1
Pteroglossus bitorquatus,Ramphastidae,Piciformes,142,831687.24,-4.56,1
Pteroglossus castanotis,Ramphastidae,Piciformes,258.09,5071451.43,-10.99,1
Pteroglossus erythropygius,Ramphastidae,Piciformes,219.07,61680.05,-1.23,1
Pteroglossus frantzii,Ramphastidae,Piciformes,253,19662.61,8.97,1
Pteroglossus humboldti,Ramphastidae,Piciformes,125.82,1961660.05,-6.03,1
Pteroglossus inscriptus,Ramphastidae,Piciformes,125.82,2978379.81,-8.64,1
Pteroglossus pluricinctus,Ramphastidae,Piciformes,261.69,1636986.61,0.36,1
Pteroglossus sanguineus,Ramphastidae,Piciformes,219.07,116382.76,4.75,1
Pteroglossus sturmii,Ramphastidae,Piciformes,142,1348097.53,-9.29,1
Pteroglossus torquatus,Ramphastidae,Piciformes,219.07,1002342.51,13.37,1
Pteroglossus viridis,Ramphastidae,Piciformes,135,1558794.85,2.8,1
Ramphastos ambiguus,Ramphastidae,Piciformes,651.68,597500.16,4.56,1
Ramphastos ariel,Ramphastidae,Piciformes,360.36,2535048.56,-8.77,1
Ramphastos brevis,Ramphastidae,Piciformes,412,105684.5,2.89,1
Ramphastos citreolaemus,Ramphastidae,Piciformes,360.36,107596.27,7.94,1
Ramphastos culminatus,Ramphastidae,Piciformes,360.36,5502652.61,-7.09,1
Ramphastos cuvieri,Ramphastidae,Piciformes,659.58,5001340.98,-6.79,1
Ramphastos dicolorus,Ramphastidae,Piciformes,331,1394133.06,-23.65,1
Ramphastos sulfuratus,Ramphastidae,Piciformes,409.69,679911.57,14.77,1
Ramphastos toco,Ramphastidae,Piciformes,617.99,4573489.81,-17.49,1
Ramphastos tucanus,Ramphastidae,Piciformes,659.58,2365965.2,0.46,1
Ramphastos vitellinus,Ramphastidae,Piciformes,360.36,1748066.75,2.77,1
Selenidera gouldii,Ramphastidae,Piciformes,180.9,1919767.74,-7.91,1
Selenidera langsdorffii,Ramphastidae,Piciformes,161.77,1395428.84,-7.66,1
Selenidera maculirostris,Ramphastidae,Piciformes,164,930797.49,-22.72,1
Selenidera nattereri,Ramphastidae,Piciformes,158.4,879238.3,1.17,1
Selenidera piperivora,Ramphastidae,Piciformes,147,1090580.68,2.35,1
Selenidera reinwardtii,Ramphastidae,Piciformes,161.77,512669.41,-1.8,1
Selenidera spectabilis,Ramphastidae,Piciformes,219,153224.72,10.44,1
Semnornis frantzii,Semnornithidae,Piciformes,57.3,15874.29,9.52,1
Semnornis ramphastinus,Semnornithidae,Piciformes,97.7,44636.56,2.34,1
Aechmophorus clarkii,Podicipedidae,Podicipediformes,1090.93,3589069.35,41.16,3
Aechmophorus occidentalis,Podicipedidae,Podicipediformes,1136.95,4866227.6,44.29,3
Podiceps auritus,Podicipedidae,Podicipediformes,453,16211072.27,57.33,3
Podiceps cristatus,Podicipedidae,Podicipediformes,730.96,19812770.45,44.79,1
Podiceps gallardoi,Podicipedidae,Podicipediformes,575,45696.35,-48.99,1
Podiceps grisegena,Podicipedidae,Podicipediformes,1023,17383433.44,57.11,3
Podiceps juninensis,Podicipedidae,Podicipediformes,320.69,871982.44,-18.35,1
Podiceps major,Podicipedidae,Podicipediformes,1646,2909991.5,-36.95,3
Podiceps nigricollis,Podicipedidae,Podicipediformes,412.44,16435591.3,41.93,3
Podiceps occipitalis,Podicipedidae,Podicipediformes,320.69,1750479.93,-42,1
Podiceps taczanowskii,Podicipedidae,Podicipediformes,390.23,130.74,-11.02,1
Podilymbus podiceps,Podicipedidae,Podicipediformes,411.93,21361785.48,21.61,2
Poliocephalus poliocephalus,Podicipedidae,Podicipediformes,239.86,1194543.64,-33.68,1
Poliocephalus rufopectus,Podicipedidae,Podicipediformes,249,87513.16,-38.61,1
Rollandia microptera,Podicipedidae,Podicipediformes,706,48882.25,-17.08,1
Rollandia rolland,Podicipedidae,Podicipediformes,324.27,4837890.42,-32.15,2
Tachybaptus dominicus,Podicipedidae,Podicipediformes,132.59,9159026.84,-7.63,1
Tachybaptus novaehollandiae,Podicipedidae,Podicipediformes,219,3147780.83,-24.57,1
Tachybaptus pelzelnii,Podicipedidae,Podicipediformes,184,590930.76,-19.38,1
Tachybaptus ruficollis,Podicipedidae,Podicipediformes,169.43,36639881.74,16.91,1
Diomedea amsterdamensis,Diomedeidae,Procellariiformes,6270,11232098.42,-36.17,3
Diomedea antipodensis,Diomedeidae,Procellariiformes,6961.29,41292113.51,-47.72,3
Diomedea dabbenena,Diomedeidae,Procellariiformes,6961.29,38674167.21,-38.41,3
Diomedea epomophora,Diomedeidae,Procellariiformes,8905.61,56488370.78,-48.55,2
Diomedea exulans,Diomedeidae,Procellariiformes,6961.29,97771387.54,-46.83,2
Diomedea sanfordi,Diomedeidae,Procellariiformes,8905.61,65315175.79,-47.6,3
Phoebastria albatrus,Diomedeidae,Procellariiformes,4411,48012515.04,34.87,2
Phoebastria immutabilis,Diomedeidae,Procellariiformes,3145.93,45350856.11,35.54,2
Phoebastria irrorata,Diomedeidae,Procellariiformes,3376.38,1736846.61,-7.51,2
Phoebastria nigripes,Diomedeidae,Procellariiformes,3188.41,84626560.97,14.59,2
Phoebetria fusca,Diomedeidae,Procellariiformes,2553.66,61330907.01,-45.67,2
Phoebetria palpebrata,Diomedeidae,Procellariiformes,3150,74642407.91,-56.4,2
Thalassarche bulleri,Diomedeidae,Procellariiformes,2781.51,29134435.63,-44.22,2
Thalassarche carteri,Diomedeidae,Procellariiformes,2128.84,35282964.89,-38.51,3
Thalassarche cauta,Diomedeidae,Procellariiformes,3897.7,23868551.63,-36.56,2
Thalassarche chlororhynchos,Diomedeidae,Procellariiformes,2128.84,21606227.43,-34.74,2
Thalassarche chrysostoma,Diomedeidae,Procellariiformes,3499.03,83986959.45,-50.96,2
Thalassarche eremita,Diomedeidae,Procellariiformes,3897.7,51416850.23,-32.77,3
Thalassarche impavida,Diomedeidae,Procellariiformes,3202.94,32047303.68,-46.31,3
Thalassarche melanophris,Diomedeidae,Procellariiformes,3202.94,109981594.81,-46.46,2
Thalassarche salvini,Diomedeidae,Procellariiformes,3897.7,66986729.14,-43.18,3
Thalassarche steadi,Diomedeidae,Procellariiformes,3897.7,54804690.58,-43.75,3
Hydrobates castro,Hydrobatidae,Procellariiformes,46.14,86645652.29,13.43,3
Hydrobates cheimomnestes,Hydrobatidae,Procellariiformes,36.71,6006364.4,9.4,3
Hydrobates furcatus,Hydrobatidae,Procellariiformes,59.73,19594359.95,45.32,3
Hydrobates homochroa,Hydrobatidae,Procellariiformes,36.9,347898.56,33.4,3
Hydrobates hornbyi,Hydrobatidae,Procellariiformes,40.6,1484280.66,-16.44,3
Hydrobates jabejabe,Hydrobatidae,Procellariiformes,46.14,39186045.96,16.03,3
Hydrobates leucorhous,Hydrobatidae,Procellariiformes,36.71,110025337.7,24.34,3
Hydrobates macrodactylus,Hydrobatidae,Procellariiformes,36.71,NA,NA,3
Hydrobates markhami,Hydrobatidae,Procellariiformes,53.1,12040992.53,-7.28,3
Hydrobates matsudairae,Hydrobatidae,Procellariiformes,62,8.12,24.99,3
Hydrobates melania,Hydrobatidae,Procellariiformes,61.5,38.23,27.58,3
Hydrobates microsoma,Hydrobatidae,Procellariiformes,20.5,2556397.26,14.67,2
Hydrobates monorhis,Hydrobatidae,Procellariiformes,39.8,19566410.48,13.58,3
Hydrobates monteiroi,Hydrobatidae,Procellariiformes,46.14,736937.18,39.27,3
Hydrobates pelagicus,Hydrobatidae,Procellariiformes,25.2,50310627.51,12.19,3
Hydrobates socorroensis,Hydrobatidae,Procellariiformes,36.71,4224560.11,14.74,3
Hydrobates tethys,Hydrobatidae,Procellariiformes,22.6,11745531.83,-1.79,3
Hydrobates tristrami,Hydrobatidae,Procellariiformes,89.05,13675265.59,31.32,3
Fregetta grallaria,Oceanitidae,Procellariiformes,50.58,75851931.13,-26.74,3
Fregetta maoriana,Oceanitidae,Procellariiformes,34.5,1598996.36,-33.17,2
Fregetta tropica,Oceanitidae,Procellariiformes,52,29279.55,-53.2,3
Garrodia nereis,Oceanitidae,Procellariiformes,38.2,28460926.48,-48.05,2
Nesofregetta fuliginosa,Oceanitidae,Procellariiformes,70,29441980.12,-13.01,3
Oceanites gracilis,Oceanitidae,Procellariiformes,16.7,1761960.92,-10.43,2
Oceanites oceanicus,Oceanitidae,Procellariiformes,30.41,28528.95,-54.16,3
Oceanites pincoyae,Oceanitidae,Procellariiformes,26,3134.52,-41.78,2
Pelagodroma marina,Oceanitidae,Procellariiformes,47.2,104837176.2,-15.19,3
Aphrodroma brevirostris,Procellariidae,Procellariiformes,357,60101971.46,-51.31,2
Ardenna bulleri,Procellariidae,Procellariiformes,406.99,109799820.9,3.5,3
Ardenna carneipes,Procellariidae,Procellariiformes,609,117469913.7,2.84,3
Ardenna creatopus,Procellariidae,Procellariiformes,743.99,14595563.55,10.35,3
Ardenna gravis,Procellariidae,Procellariiformes,848.99,63607065.14,-5.92,3
Ardenna grisea,Procellariidae,Procellariiformes,787,21320331.91,-53.33,3
Ardenna pacifica,Procellariidae,Procellariiformes,388,119963361.1,-0.72,3
Ardenna tenuirostris,Procellariidae,Procellariiformes,559,112949641.5,0.74,3
Bulweria bulwerii,Procellariidae,Procellariiformes,98.99,117388743.9,7.36,2
Bulweria fallax,Procellariidae,Procellariiformes,173,8090659.18,6.58,2
Calonectris borealis,Procellariidae,Procellariiformes,534.99,58806206.19,-0.32,3
Calonectris diomedea,Procellariidae,Procellariiformes,534.99,46036415.89,6.57,3
Calonectris edwardsii,Procellariidae,Procellariiformes,534.99,14809214.03,-8.1,3
Calonectris leucomelas,Procellariidae,Procellariiformes,579.99,32884751.33,6.96,3
Daption capense,Procellariidae,Procellariiformes,429.62,136304432.2,-48.84,2
Fulmarus glacialis,Procellariidae,Procellariiformes,611.94,29451058.1,64.81,3
Fulmarus glacialoides,Procellariidae,Procellariiformes,793.42,97370037.04,-52.75,3
Halobaena caerulea,Procellariidae,Procellariiformes,202,75697728.93,-51.02,2
Macronectes giganteus,Procellariidae,Procellariiformes,3591.69,100191503.8,-52.2,2
Macronectes halli,Procellariidae,Procellariiformes,4206.3,91967384.38,-48.41,2
Pachyptila belcheri,Procellariidae,Procellariiformes,145,56286348.41,-45.16,1
Pachyptila crassirostris,Procellariidae,Procellariiformes,138.33,6979667.17,-48.05,2
Pachyptila desolata,Procellariidae,Procellariiformes,147,84155481.3,-49.02,2
Pachyptila macgillivrayi,Procellariidae,Procellariiformes,159,3955546.04,-38.56,2
Pachyptila salvini,Procellariidae,Procellariiformes,159,29593329.82,-45.52,2
Pachyptila turtur,Procellariidae,Procellariiformes,137,21293225.72,-43.56,2
Pachyptila vittata,Procellariidae,Procellariiformes,196,50803001.59,-39.38,2
Pagodroma nivea,Procellariidae,Procellariiformes,268,35992533.98,-62.26,2
Pelecanoides garnotii,Procellariidae,Procellariiformes,219.72,469385.96,-21.87,2
Pelecanoides georgicus,Procellariidae,Procellariiformes,121,8731179.28,-52.95,2
Pelecanoides magellani,Procellariidae,Procellariiformes,134,1187555.99,-51.13,2
Pelecanoides urinatrix,Procellariidae,Procellariiformes,152.06,21746036.6,-46.17,2
Pelecanoides whenuahouensis,Procellariidae,Procellariiformes,121,1127021.26,-52.5,2
Procellaria aequinoctialis,Procellariidae,Procellariiformes,1213,107346807.9,-45.51,3
Procellaria cinerea,Procellariidae,Procellariiformes,1131,83049745.46,-48.4,2
Procellaria conspicillata,Procellariidae,Procellariiformes,1213,12020747.42,-33.44,3
Procellaria parkinsoni,Procellariidae,Procellariiformes,702.2,39453265.54,-13.43,3
Procellaria westlandica,Procellariidae,Procellariiformes,1199,18867090.65,-45.48,3
Pseudobulweria aterrima,Procellariidae,Procellariiformes,232,74510.86,-21.3,2
Pseudobulweria becki,Procellariidae,Procellariiformes,409,120483.98,-4.81,2
Pseudobulweria macgillivrayi,Procellariidae,Procellariiformes,143,146910.59,-17.81,2
Pseudobulweria rostrata,Procellariidae,Procellariiformes,409,49574430.81,-8.04,2
Pterodroma alba,Procellariidae,Procellariiformes,259,22290948.3,-11.3,2
Pterodroma arminjoniana,Procellariidae,Procellariiformes,394,47409362.68,-9.2,2
Pterodroma atrata,Procellariidae,Procellariiformes,394,9327817.45,-20.56,2
Pterodroma axillaris,Procellariidae,Procellariiformes,165,30397124.07,-38.2,2
Pterodroma baraui,Procellariidae,Procellariiformes,400,26305029.88,-23.62,2
Pterodroma brevipes,Procellariidae,Procellariiformes,147.05,34420908.06,-9.68,2
Pterodroma cahow,Procellariidae,Procellariiformes,246,15874369.54,39.01,2
Pterodroma caribbaea,Procellariidae,Procellariiformes,278,NA,NA,2
Pterodroma cervicalis,Procellariidae,Procellariiformes,444.99,67284625.41,7.94,2
Pterodroma cookii,Procellariidae,Procellariiformes,177.91,120250835.9,-11.01,2
Pterodroma defilippiana,Procellariidae,Procellariiformes,169,1766659.35,-25.48,2
Pterodroma deserta,Procellariidae,Procellariiformes,311,43967640.59,11.95,2
Pterodroma externa,Procellariidae,Procellariiformes,428,44060886.11,-2.61,2
Pterodroma feae,Procellariidae,Procellariiformes,311,12674661.91,27.66,2
Pterodroma gouldi,Procellariidae,Procellariiformes,531.78,16400601.1,-42.68,2
Pterodroma hasitata,Procellariidae,Procellariiformes,278,7451677.2,21.1,2
Pterodroma heraldica,Procellariidae,Procellariiformes,394,50656688.94,-12.02,2
Pterodroma hypoleuca,Procellariidae,Procellariiformes,176,18787814.69,26.91,2
Pterodroma incerta,Procellariidae,Procellariiformes,520,19854359.46,-40.38,2
Pterodroma inexpectata,Procellariidae,Procellariiformes,316,119601845,-18.74,2
Pterodroma lessonii,Procellariidae,Procellariiformes,698,74962981.51,-51.39,2
Pterodroma leucoptera,Procellariidae,Procellariiformes,147.05,122022870.1,-22.4,2
Pterodroma longirostris,Procellariidae,Procellariiformes,143,47471621.1,10.33,2
Pterodroma macroptera,Procellariidae,Procellariiformes,531.78,47147490.29,-44.68,2
Pterodroma madeira,Procellariidae,Procellariiformes,201.05,31437943.45,17,2
Pterodroma magentae,Procellariidae,Procellariiformes,465,1846626.61,-48.85,2
Pterodroma mollis,Procellariidae,Procellariiformes,312,52198187.39,-43.32,2
Pterodroma neglecta,Procellariidae,Procellariiformes,501,87299047.74,-3.37,2
Pterodroma nigripennis,Procellariidae,Procellariiformes,173.65,118358777.2,-5.73,2
Pterodroma phaeopygia,Procellariidae,Procellariiformes,400.82,15494657.47,-2.08,2
Pterodroma pycrofti,Procellariidae,Procellariiformes,159,75938832.03,-2.99,2
Pterodroma sandwichensis,Procellariidae,Procellariiformes,400.82,19212039.47,26.94,2
Pterodroma solandri,Procellariidae,Procellariiformes,468.64,59746330.79,13.28,2
Pterodroma ultima,Procellariidae,Procellariiformes,360,66311108.88,-2.48,2
Puffinus assimilis,Procellariidae,Procellariiformes,226,21735982.04,-38.07,2
Puffinus auricularis,Procellariidae,Procellariiformes,350.8,2806331.8,16.11,2
Puffinus bailloni,Procellariidae,Procellariiformes,214,45969798.08,-1.79,2
Puffinus bannermani,Procellariidae,Procellariiformes,192.76,1382461.89,28.2,2
Puffinus bryani,Procellariidae,Procellariiformes,147,3114525.56,27.87,2
Puffinus elegans,Procellariidae,Procellariiformes,226,13897070.58,-41.42,2
Puffinus gavia,Procellariidae,Procellariiformes,228.86,10247533.21,-40.18,2
Puffinus heinrothi,Procellariidae,Procellariiformes,192.76,422924.81,-5.2,2
Puffinus huttoni,Procellariidae,Procellariiformes,364,3868377.86,-33.18,2
Puffinus lherminieri,Procellariidae,Procellariiformes,192.76,24669619.84,24.96,2
Puffinus mauretanicus,Procellariidae,Procellariiformes,497,3816160.57,47.1,2
Puffinus myrtae,Procellariidae,Procellariiformes,350.8,125602.73,-27.61,2
Puffinus nativitatis,Procellariidae,Procellariiformes,356,50917573.17,2.39,2
Puffinus newelli,Procellariidae,Procellariiformes,350.8,12465671.94,12.3,2
Puffinus opisthomelas,Procellariidae,Procellariiformes,408,1884049.53,25.57,2
Puffinus persicus,Procellariidae,Procellariiformes,192.76,3326036.99,9.43,2
Puffinus puffinus,Procellariidae,Procellariiformes,453.26,69101740.74,3.05,3
Puffinus subalaris,Procellariidae,Procellariiformes,168,5679160.77,4.63,2
Puffinus yelkouan,Procellariidae,Procellariiformes,497,2989515.98,38.15,2
Thalassoica antarctica,Procellariidae,Procellariiformes,708.43,58576534.09,-59.21,2
Cacatua alba,Cacatuidae,Psittaciformes,570,20920.49,0.69,1
Cacatua ducorpsii,Cacatuidae,Psittaciformes,394,32952.62,-7.84,1
Cacatua galerita,Cacatuidae,Psittaciformes,720.43,3905044.34,-21,1
Cacatua goffiniana,Cacatuidae,Psittaciformes,275,4111.87,-7.61,1
Cacatua haematuropygia,Cacatuidae,Psittaciformes,288,22755.84,10.02,1
Cacatua leadbeateri,Cacatuidae,Psittaciformes,396.83,2876175.43,-27.45,1
Cacatua moluccensis,Cacatuidae,Psittaciformes,834.99,18195.28,-3.22,1
Cacatua ophthalmica,Cacatuidae,Psittaciformes,492,32330.97,-5.47,1
Cacatua pastinator,Cacatuidae,Psittaciformes,631.7,115082.72,-30.34,1
Cacatua sanguinea,Cacatuidae,Psittaciformes,523.69,5297412.63,-25.44,1
Cacatua sulphurea,Cacatuidae,Psittaciformes,303.34,258063.14,-4.29,1
Cacatua tenuirostris,Cacatuidae,Psittaciformes,566.61,381524.01,-35.63,1
Callocephalon fimbriatum,Cacatuidae,Psittaciformes,256,333455.71,-35.75,2
Calyptorhynchus banksii,Cacatuidae,Psittaciformes,721.9,2798975.2,-22.18,1
Calyptorhynchus lathami,Cacatuidae,Psittaciformes,437,769482.67,-29.86,1
Eolophus roseicapilla,Cacatuidae,Psittaciformes,328,7009675.94,-25.5,1
Nymphicus hollandicus,Cacatuidae,Psittaciformes,94.61,6462401.72,-25.22,2
Probosciger aterrimus,Cacatuidae,Psittaciformes,841,716105.09,-5.71,1
Zanda baudinii,Cacatuidae,Psittaciformes,620,5966.31,-34.17,1
Zanda funerea,Cacatuidae,Psittaciformes,674.72,1045925.98,-31.7,1
Zanda latirostris,Cacatuidae,Psittaciformes,612,41321,-32.28,1
Agapornis canus,Psittacidae,Psittaciformes,30,412852.04,-19.56,1
Agapornis fischeri,Psittacidae,Psittaciformes,48.3,133888.77,-3.02,1
Agapornis lilianae,Psittacidae,Psittaciformes,37.3,211312.18,-11.77,1
Agapornis nigrigenis,Psittacidae,Psittaciformes,40.5,14343.6,-16.86,1
Agapornis personatus,Psittacidae,Psittaciformes,52.38,203564,-5.94,1
Agapornis pullarius,Psittacidae,Psittaciformes,39.3,2650780.74,4.59,1
Agapornis roseicollis,Psittacidae,Psittaciformes,53.83,455619.05,-20.62,1
Agapornis swindernianus,Psittacidae,Psittaciformes,39.98,1494870.12,1.27,1
Agapornis taranta,Psittacidae,Psittaciformes,57.48,407732.6,9.91,1
Alexandrinus eques,Psittacidae,Psittaciformes,163,68.35253733921321,-20.4144738700066,1
Alexandrinus krameri,Psittacidae,Psittaciformes,116.11,7699517.77956872,17.1876379643611,1
Alipiopsitta xanthops,Psittacidae,Psittaciformes,159,1892815.21,-14.14,1
Alisterus amboinensis,Psittacidae,Psittaciformes,153,148979.73,-1.9,1
Alisterus chloropterus,Psittacidae,Psittaciformes,156,323894.91,-5.43,1
Alisterus scapularis,Psittacidae,Psittaciformes,232.26,811455.94,-29.51,1
Amazona aestiva,Psittacidae,Psittaciformes,451,5857429.4,-17.01,1
Amazona agilis,Psittacidae,Psittaciformes,213,2594.35,18.24,1
Amazona albifrons,Psittacidae,Psittaciformes,206,544425.16,17.92,1
Amazona amazonica,Psittacidae,Psittaciformes,370,7377327.39,-5.01,1
Amazona arausiaca,Psittacidae,Psittaciformes,500,73.86,15.46,1
Amazona auropalliata,Psittacidae,Psittaciformes,476.94,128946.92,13.61,1
Amazona autumnalis,Psittacidae,Psittaciformes,416,902004.22,12.93,1
Amazona barbadensis,Psittacidae,Psittaciformes,270,4372.04,11.17,1
Amazona bodini,Psittacidae,Psittaciformes,430,125286.04,7.62,1
Amazona brasiliensis,Psittacidae,Psittaciformes,430,4747.02,-25.12,1
Amazona collaria,Psittacidae,Psittaciformes,187,5429.01,18.18,1
Amazona diadema,Psittacidae,Psittaciformes,416,63424.63,-2.84,1
Amazona dufresniana,Psittacidae,Psittaciformes,623,369976.5,4.82,1
Amazona farinosa,Psittacidae,Psittaciformes,625.99,6793599.57,-3.6,1
Amazona festiva,Psittacidae,Psittaciformes,430,689102.96,-2.62,1
Amazona finschi,Psittacidae,Psittaciformes,302,111128.49,22.34,1
Amazona guatemalae,Psittacidae,Psittaciformes,625.99,366008.65,15.79,1
Amazona guildingii,Psittacidae,Psittaciformes,646,43.1,13.25,1
Amazona imperialis,Psittacidae,Psittaciformes,529.5,61.28,15.47,1
Amazona kawalli,Psittacidae,Psittaciformes,626,812429.39,-6.04,1
Amazona leucocephala,Psittacidae,Psittaciformes,235.34,31233.13,21.67,1
Amazona lilacina,Psittacidae,Psittaciformes,416,36785.56,-1.91,1
Amazona mercenarius,Psittacidae,Psittaciformes,340,432626.42,-3.41,1
Amazona ochrocephala,Psittacidae,Psittaciformes,476.94,6626117.83,-1.78,1
Amazona oratrix,Psittacidae,Psittaciformes,476.94,48119.81,18.34,1
Amazona pretrei,Psittacidae,Psittaciformes,272.76,10426.1,-28.85,1
Amazona rhodocorytha,Psittacidae,Psittaciformes,474.34,2672.56,-20.95,1
Amazona tucumana,Psittacidae,Psittaciformes,260,69208.16,-23,1
Amazona ventralis,Psittacidae,Psittaciformes,214,7113.45,18.66,1
Amazona versicolor,Psittacidae,Psittaciformes,676,142.22,13.88,1
Amazona vinacea,Psittacidae,Psittaciformes,254,105992.85,-24.88,1
Amazona viridigenalis,Psittacidae,Psittaciformes,316,7846.5,22.34,1
Amazona vittata,Psittacidae,Psittaciformes,279.28,177.43,18.29,1
Amazona xantholora,Psittacidae,Psittaciformes,217,131400.34,19.72,1
Anodorhynchus glaucus,Psittacidae,Psittaciformes,940,NA,NA,1
Anodorhynchus hyacinthinus,Psittacidae,Psittaciformes,1331,536784.2,-12.28,1
Anodorhynchus leari,Psittacidae,Psittaciformes,939.99,7546.2,-10.08,1
Aprosmictus erythropterus,Psittacidae,Psittaciformes,136,2743055.21,-21.4,1
Aprosmictus jonquillaceus,Psittacidae,Psittaciformes,119,28185.23,-9.16,1
Ara ambiguus,Psittacidae,Psittaciformes,1300,108291.56,8.44,1
Ara ararauna,Psittacidae,Psittaciformes,1125,7780066.73,-6.59,1
Ara chloropterus,Psittacidae,Psittaciformes,1214,8101232.43,-5.12,1
Ara glaucogularis,Psittacidae,Psittaciformes,783.99,27792.35,-14.28,1
Ara macao,Psittacidae,Psittaciformes,1015,6755480.57,-2.86,1
Ara militaris,Psittacidae,Psittaciformes,1134,281783.13,-3.31,1
Ara rubrogenys,Psittacidae,Psittaciformes,468,7426.04,-18.35,1
Ara severus,Psittacidae,Psittaciformes,343,5824492.61,-4.21,1
Aratinga auricapillus,Psittacidae,Psittaciformes,130,65241.77,-17.83,1
Aratinga jandaya,Psittacidae,Psittaciformes,89.4,1514385.78,-6.83,1
Aratinga maculata,Psittacidae,Psittaciformes,119.62,19964.79,-1.5,1
Aratinga nenday,Psittacidae,Psittaciformes,128,259554.61,-22.37,1
Aratinga solstitialis,Psittacidae,Psittaciformes,119.62,96377.72,3.12,1
Aratinga weddellii,Psittacidae,Psittaciformes,108,2260164.39,-8.1,1
Barnardius zonarius,Psittacidae,Psittaciformes,133,5305452.04,-27.28,1
Belocercus longicaudus,Psittacidae,Psittaciformes,107,877581.6,0.86,1
Bolbopsittacus lunulatus,Psittacidae,Psittaciformes,67.6,210517.7,12.06,1
Bolborhynchus ferrugineifrons,Psittacidae,Psittaciformes,64,3143.4,3.06,1
Bolborhynchus lineola,Psittacidae,Psittaciformes,56.2,279157.1,5.54,2
Bolborhynchus orbygnesius,Psittacidae,Psittaciformes,43.1,191118.76,-13.53,2
Brotogeris chiriri,Psittacidae,Psittaciformes,61.6,3803604.48,-15.83,1
Brotogeris chrysoptera,Psittacidae,Psittaciformes,54.5,3112139.06,-1.77,1
Brotogeris cyanoptera,Psittacidae,Psittaciformes,56,2567592.63,-4.7,1
Brotogeris jugularis,Psittacidae,Psittaciformes,63.2,781311.17,9.32,1
Brotogeris pyrrhoptera,Psittacidae,Psittaciformes,63.87,12451.45,-3.2,1
Brotogeris sanctithomae,Psittacidae,Psittaciformes,59,1707072.32,-6.51,1
Brotogeris tirica,Psittacidae,Psittaciformes,63,288572.86,-20.68,1
Brotogeris versicolurus,Psittacidae,Psittaciformes,71.53,635609.93,-2.43,1
Chalcopsitta atra,Psittacidae,Psittaciformes,195,77414.23,-1.83,1
Chalcopsitta cardinalis,Psittacidae,Psittaciformes,183,35346.62,-7.95,1
Chalcopsitta duivenbodei,Psittacidae,Psittaciformes,218,63546.37,-3.81,1
Chalcopsitta scintillata,Psittacidae,Psittaciformes,190,311563.34,-6.86,1
Charmosyna amabilis,Psittacidae,Psittaciformes,8.54,16517.67,-17.4,1
Charmosyna diadema,Psittacidae,Psittaciformes,36.98,NA,NA,NA
Charmosyna josefinae,Psittacidae,Psittaciformes,74,159632.98,-3.93,1
Charmosyna margarethae,Psittacidae,Psittaciformes,49.39,27078,-8.16,1
Charmosyna meeki,Psittacidae,Psittaciformes,23.8,6507.88,-7.33,1
Charmosyna multistriata,Psittacidae,Psittaciformes,36.98,82448.18,-5.76,1
Charmosyna palmarum,Psittacidae,Psittaciformes,36.98,11109.69,-15.49,1
Charmosyna papou,Psittacidae,Psittaciformes,82.89,9550.65,-1.01,1
Charmosyna placentis,Psittacidae,Psittaciformes,33.6,821124.43,-5.14,1
Charmosyna pulchella,Psittacidae,Psittaciformes,34.1,381133.7,-5.03,1
Charmosyna rubrigularis,Psittacidae,Psittaciformes,37,14811.55,-5.09,1
Charmosyna rubronotata,Psittacidae,Psittaciformes,32.5,241413.47,-2.9,1
Charmosyna stellae,Psittacidae,Psittaciformes,82.89,132232.96,-5.5,1
Charmosyna toxopei,Psittacidae,Psittaciformes,36.98,8554.36,-3.42,1
Charmosyna wilhelminae,Psittacidae,Psittaciformes,18,289944.54,-5.78,1
Coracopsis barklyi,Psittacidae,Psittaciformes,186.24,47.41,-4.32,1
Coracopsis nigra,Psittacidae,Psittaciformes,186.24,591110.01,-19.38,1
Coracopsis sibilans,Psittacidae,Psittaciformes,186.24,490.61,-11.87,1
Coracopsis vasa,Psittacidae,Psittaciformes,525,413210.96,-19.53,1
Cyanoliseus patagonus,Psittacidae,Psittaciformes,277.88,899053.38,-36.96,2
Cyanopsitta spixii,Psittacidae,Psittaciformes,200,NA,NA,1
Cyanoramphus auriceps,Psittacidae,Psittaciformes,45.64,65410.62,-43.04,1
Cyanoramphus forbesi,Psittacidae,Psittaciformes,88.5,2.11,-44.27,1
Cyanoramphus malherbi,Psittacidae,Psittaciformes,46.7,306.82,-42.76,1
Cyanoramphus novaezelandiae,Psittacidae,Psittaciformes,90.22,19902.45,-26.76,1
Cyanoramphus unicolor,Psittacidae,Psittaciformes,149.03,22.67,-49.69,1
Cyclopsitta amabilis,Psittacidae,Psittaciformes,31,76825.91,-6.68,1
Cyclopsitta coxeni,Psittacidae,Psittaciformes,41.84,93581.83,-26.37,1
Cyclopsitta diophthalma,Psittacidae,Psittaciformes,41.84,448013.86,-5.43,1
Cyclopsitta gulielmitertii,Psittacidae,Psittaciformes,31,30177.42,-1.4,1
Cyclopsitta melanogenia,Psittacidae,Psittaciformes,31,333891.01,-6.99,1
Cyclopsitta nigrifrons,Psittacidae,Psittaciformes,31,102210.98,-3.55,1
Deroptyus accipitrinus,Psittacidae,Psittaciformes,246,4158548.58,-2.14,1
Diopsittaca cumanensis,Psittacidae,Psittaciformes,150.91,4793894.84,-12.83,1
Diopsittaca nobilis,Psittacidae,Psittaciformes,150.91,495203.46,5.89,1
Eclectus cornelia,Psittacidae,Psittaciformes,480.76,10922.9,-9.76,1
Eclectus polychloros,Psittacidae,Psittaciformes,480.76,877611.45,-5.51,1
Eclectus riedeli,Psittacidae,Psittaciformes,480.76,3487.58,-7.56,1
Eclectus roratus,Psittacidae,Psittaciformes,480.76,51683.78,-1.39,1
Enicognathus ferrugineus,Psittacidae,Psittaciformes,160,572089.61,-44.04,1
Enicognathus leptorhynchus,Psittacidae,Psittaciformes,193,127008.85,-38.92,2
Eos bornea,Psittacidae,Psittaciformes,156,28750.89,-3.4,1
Eos cyanogenia,Psittacidae,Psittaciformes,167,2947.6,-0.97,1
Eos histrio,Psittacidae,Psittaciformes,204,1018.35,4.21,1
Eos reticulata,Psittacidae,Psittaciformes,153,3616.55,-7.57,1
Eos semilarvata,Psittacidae,Psittaciformes,94.47,410.06,-3.14,1
Eos squamata,Psittacidae,Psittaciformes,91,32014.97,0.33,1
Eunymphicus cornutus,Psittacidae,Psittaciformes,130,826.21,-21.43,1
Eunymphicus uvaeensis,Psittacidae,Psittaciformes,130,153.08,-20.57,1
Eupsittula astec,Psittacidae,Psittaciformes,76.9,528088.91,17.62,1
Eupsittula aurea,Psittacidae,Psittaciformes,84.62,5764751.61,-12.63,1
Eupsittula cactorum,Psittacidae,Psittaciformes,82.5,1195222.88,-9.81,1
Eupsittula canicularis,Psittacidae,Psittaciformes,85,269642.12,17.22,1
Eupsittula nana,Psittacidae,Psittaciformes,76.9,11021.79,18.16,1
Eupsittula pertinax,Psittacidae,Psittaciformes,83.99,1467382.65,6.29,1
Forpus coelestis,Psittacidae,Psittaciformes,26.14,147204.19,-3.77,1
Forpus conspicillatus,Psittacidae,Psittaciformes,26.4,321378.79,6.3,1
Forpus cyanopygius,Psittacidae,Psittaciformes,33.5,115539.41,23.65,1
Forpus modestus,Psittacidae,Psittaciformes,27.2,2850135.48,-5.05,1
Forpus passerinus,Psittacidae,Psittaciformes,23,1060411.64,5.77,1
Forpus spengeli,Psittacidae,Psittaciformes,31,25871.73,10.59,1
Forpus xanthops,Psittacidae,Psittaciformes,35,2369.79,-7.37,1
Forpus xanthopterygius,Psittacidae,Psittaciformes,31,5781313.45,-13.5,1
Geoffroyus geoffroyi,Psittacidae,Psittaciformes,164,793407.63,-5.48,1
Geoffroyus heteroclitus,Psittacidae,Psittaciformes,170,78773.93,-6.46,1
Geoffroyus hyacinthinus,Psittacidae,Psittaciformes,170,675.51,-11.65,1
Geoffroyus simplex,Psittacidae,Psittaciformes,161,251222.71,-5.54,1
Glossopsitta concinna,Psittacidae,Psittaciformes,70.54,663167.13,-34.83,1
Glossopsitta porphyrocephala,Psittacidae,Psittaciformes,44.7,937738.55,-33.42,1
Glossopsitta pusilla,Psittacidae,Psittaciformes,39.4,776503.49,-31.2,1
Graydidascalus brachyurus,Psittacidae,Psittaciformes,159,658158.94,-3.18,1
Guaruba guarouba,Psittacidae,Psittaciformes,194,261029.65,-4.09,1
Hapalopsittaca amazonina,Psittacidae,Psittaciformes,106,26455.08,4.83,1
Hapalopsittaca fuertesi,Psittacidae,Psittaciformes,124,1413.29,4.48,1
Hapalopsittaca melanotis,Psittacidae,Psittaciformes,158,38602.75,-14.59,1
Hapalopsittaca pyrrhops,Psittacidae,Psittaciformes,103,9936.59,-3.17,1
Himalayapsitta cyanocephala,Psittacidae,Psittaciformes,65.99,2783564.24,21.73,1
Himalayapsitta finschii,Psittacidae,Psittaciformes,89.59,1639893,20.39,1
Himalayapsitta himalayana,Psittacidae,Psittaciformes,108.5,149148.55,30.15,1
Himalayapsitta roseata,Psittacidae,Psittaciformes,66,1695557.84,18.45,1
Lathamus discolor,Psittacidae,Psittaciformes,64.7,12318.07,-42.48,3
Leptosittaca branickii,Psittacidae,Psittaciformes,155.7,44189.56,-4.59,1
Loriculus amabilis,Psittacidae,Psittaciformes,15.5,22755.09,0.87,1
Loriculus aurantiifrons,Psittacidae,Psittaciformes,15.5,573982.76,-4.99,1
Loriculus beryllinus,Psittacidae,Psittaciformes,30,16049.97,6.83,1
Loriculus catamene,Psittacidae,Psittaciformes,33.98,556.53,3.56,1
Loriculus exilis,Psittacidae,Psittaciformes,33.98,103461.58,-1.63,1
Loriculus flosculus,Psittacidae,Psittaciformes,33.98,1417.69,-8.62,1
Loriculus galgulus,Psittacidae,Psittaciformes,28,1413389.85,1.04,1
Loriculus philippensis,Psittacidae,Psittaciformes,34.9,276863,11.83,1
Loriculus pusillus,Psittacidae,Psittaciformes,15.5,62429.77,-7.44,1
Loriculus sclateri,Psittacidae,Psittaciformes,33.98,7519.86,-1.71,1
Loriculus stigmatus,Psittacidae,Psittaciformes,28,177593.14,-2.13,1
Loriculus tener,Psittacidae,Psittaciformes,12,30581.57,-5.16,1
Loriculus vernalis,Psittacidae,Psittaciformes,35.7,2278295.57,18.78,1
Lorius albidinucha,Psittacidae,Psittaciformes,132,2255.83,-4.11,1
Lorius chlorocercus,Psittacidae,Psittaciformes,173.51,14033.51,-9.75,1
Lorius domicella,Psittacidae,Psittaciformes,182,6298.74,-3.18,1
Lorius garrulus,Psittacidae,Psittaciformes,143,25448.01,0.62,1
Lorius hypoinochrous,Psittacidae,Psittaciformes,187,61928.79,-6.31,1
Lorius lory,Psittacidae,Psittaciformes,176.89,663810.01,-5.26,1
Melopsittacus undulatus,Psittacidae,Psittaciformes,28.99,5879807.51,-25.84,2
Micropsitta bruijnii,Psittacidae,Psittaciformes,13.43,221432.6,-5.53,1
Micropsitta finschii,Psittacidae,Psittaciformes,14.95,42665.37,-7.2,1
Micropsitta geelvinkiana,Psittacidae,Psittaciformes,12.2,2459.09,-0.93,1
Micropsitta keiensis,Psittacidae,Psittaciformes,12.1,181899.43,-6.06,1
Micropsitta meeki,Psittacidae,Psittaciformes,13.8,2353.01,-2,1
Micropsitta pusio,Psittacidae,Psittaciformes,14,290278.95,-4.98,1
Myiopsitta luchsi,Psittacidae,Psittaciformes,120,132186.86,-17.51,1
Myiopsitta monachus,Psittacidae,Psittaciformes,120,2722615.89,-29.98,1
Nannopsittaca dachilleae,Psittacidae,Psittaciformes,41.5,133890.4,-12.34,1
Nannopsittaca panychlora,Psittacidae,Psittaciformes,44.1,49125.11,5,1
Neophema chrysogaster,Psittacidae,Psittaciformes,45.9,3129.58,-42.81,1
Neophema chrysostoma,Psittacidae,Psittaciformes,46.1,171443.53,-39.43,1
Neophema elegans,Psittacidae,Psittaciformes,43.4,865735.95,-31.99,1
Neophema petrophila,Psittacidae,Psittaciformes,53.2,142134.67,-33.43,1
Neophema pulchella,Psittacidae,Psittaciformes,41.37,492396.14,-32.38,1
Neophema splendida,Psittacidae,Psittaciformes,38.6,262252.22,-30.2,1
Neopsephotus bourkii,Psittacidae,Psittaciformes,44.4,1717936.07,-26.91,1
Neopsittacus musschenbroekii,Psittacidae,Psittaciformes,50.9,229336.72,-5.39,1
Neopsittacus pullicauda,Psittacidae,Psittaciformes,33.2,114873.52,-5.02,1
Nicopsitta calthrapae,Psittacidae,Psittaciformes,116.1,18931.97,6.94,1
Nicopsitta columboides,Psittacidae,Psittaciformes,86.99,121366.21,13.16,1
Northiella haematogaster,Psittacidae,Psittaciformes,85.92,1732521.3,-30.59,2
Ognorhynchus icterotis,Psittacidae,Psittaciformes,285,513.55,5.24,1
Oreopsittacus arfaki,Psittacidae,Psittaciformes,20.2,108008.26,-4.85,1
Orthopsittaca manilatus,Psittacidae,Psittaciformes,372,7148717.74,-6.22,2
Palaeornis eupatria,Psittacidae,Psittaciformes,214,3223422.66,21.89,1
Pezoporus occidentalis,Psittacidae,Psittaciformes,130,66684.53,-22.51,1
Pezoporus wallicus,Psittacidae,Psittaciformes,71.21,195370.72,-36.15,1
Phigys solitarius,Psittacidae,Psittaciformes,83.26,18131.8,-17.45,1
Pionites leucogaster,Psittacidae,Psittaciformes,155,1982282.57,-7.59,1
Pionites melanocephalus,Psittacidae,Psittaciformes,148.78,2920163.54,1.31,1
Pionites xanthomerius,Psittacidae,Psittaciformes,155,1132978.4,-10.19,1
Pionites xanthurus,Psittacidae,Psittaciformes,155,394593.52,-6.17,1
Pionopsitta pileata,Psittacidae,Psittaciformes,119,728878.23,-25.86,1
Pionus chalcopterus,Psittacidae,Psittaciformes,210,158502.65,2.12,1
Pionus fuscus,Psittacidae,Psittaciformes,206,1865113.69,1.03,1
Pionus maximiliani,Psittacidae,Psittaciformes,293,4524942.98,-17.7,1
Pionus menstruus,Psittacidae,Psittaciformes,251,8375262.88,-4.26,1
Pionus reichenowi,Psittacidae,Psittaciformes,251,133893.03,-14.48,1
Pionus senilis,Psittacidae,Psittaciformes,212,458536.21,16.36,1
Pionus seniloides,Psittacidae,Psittaciformes,239,224044.52,1.42,1
Pionus sordidus,Psittacidae,Psittaciformes,266,167594.89,-0.52,1
Pionus tumultuosus,Psittacidae,Psittaciformes,239,150467.55,-14.24,1
Platycercus adscitus,Psittacidae,Psittaciformes,111,1465853.97,-23.8,1
Platycercus caledonicus,Psittacidae,Psittaciformes,132.59,68050.36,-41.94,1
Platycercus elegans,Psittacidae,Psittaciformes,123.86,743635.36,-32.73,1
Platycercus eximius,Psittacidae,Psittaciformes,104,1075798.21,-33.61,1
Platycercus icterotis,Psittacidae,Psittaciformes,63.26,214002.52,-32.8,1
Platycercus venustus,Psittacidae,Psittaciformes,89.44,785415.83,-15.86,1
Poicephalus crassus,Psittacidae,Psittaciformes,140,343246.59,5.94,1
Poicephalus cryptoxanthus,Psittacidae,Psittaciformes,140,1182606.67,-15.7,1
Poicephalus flavifrons,Psittacidae,Psittaciformes,174,205738.93,9,1
Poicephalus fuscicollis,Psittacidae,Psittaciformes,324,3503776.69,-9.56,1
Poicephalus gulielmi,Psittacidae,Psittaciformes,274.59,1483974.66,0.83,1
Poicephalus meyeri,Psittacidae,Psittaciformes,117.47,5835819.27,-5.66,1
Poicephalus robustus,Psittacidae,Psittaciformes,343.01,95197.08,-30.97,1
Poicephalus rueppellii,Psittacidae,Psittaciformes,116,597941.08,-18.72,1
Poicephalus rufiventris,Psittacidae,Psittaciformes,120,1544074.33,3.99,1
Poicephalus senegalus,Psittacidae,Psittaciformes,147,2713959.34,11.06,1
Polytelis alexandrae,Psittacidae,Psittaciformes,103.69,1234652.55,-24.39,2
Polytelis anthopeplus,Psittacidae,Psittaciformes,170,387356.37,-32.6,2
Polytelis swainsonii,Psittacidae,Psittaciformes,153,81178.47,-34.97,2
Primolius auricollis,Psittacidae,Psittaciformes,245,838451.74,-16.31,1
Primolius couloni,Psittacidae,Psittaciformes,250,649262.51,-10.73,1
Primolius maracana,Psittacidae,Psittaciformes,256,3458797.75,-15.24,1
Prioniturus discurus,Psittacidae,Psittaciformes,148.05,171737.97,9.37,1
Prioniturus flavicans,Psittacidae,Psittaciformes,116.8,19945.56,0.78,1
Prioniturus luconensis,Psittacidae,Psittaciformes,108,93519.26,16.24,1
Prioniturus mada,Psittacidae,Psittaciformes,116.8,6285.54,-3.44,1
Prioniturus mindorensis,Psittacidae,Psittaciformes,148.05,9853.02,12.96,1
Prioniturus montanus,Psittacidae,Psittaciformes,118.26,10411.71,17.26,1
Prioniturus platenae,Psittacidae,Psittaciformes,112,13583.92,9.95,1
Prioniturus platurus,Psittacidae,Psittaciformes,66.29,184161.11,-2.08,1
Prioniturus verticalis,Psittacidae,Psittaciformes,45.04,621.55,5.2,1
Prioniturus waterstradti,Psittacidae,Psittaciformes,119,11282.82,7.34,1
Prosopeia personata,Psittacidae,Psittaciformes,40.3,10448.85,-17.83,1
Prosopeia splendens,Psittacidae,Psittaciformes,232,458.32,-19.03,1
Prosopeia tabuensis,Psittacidae,Psittaciformes,232,6279.19,-16.66,1
Psephotellus chrysopterygius,Psittacidae,Psittaciformes,46.8,2870.38,-15.62,1
Psephotellus dissimilis,Psittacidae,Psittaciformes,45.8,110733.69,-14.54,1
Psephotellus varius,Psittacidae,Psittaciformes,61.5,3329382.06,-28.79,1
Psephotus haematonotus,Psittacidae,Psittaciformes,61.39,1548738.74,-31.71,1
Pseudeos fuscata,Psittacidae,Psittaciformes,149,766350.36,-5.35,1
Psilopsiagon aurifrons,Psittacidae,Psittaciformes,33.6,947209.8,-20.19,1
Psilopsiagon aymara,Psittacidae,Psittaciformes,30,382901.13,-24.98,1
Psittacara acuticaudatus,Psittacidae,Psittaciformes,171,3345328.67,-17.6,1
Psittacara chloropterus,Psittacidae,Psittaciformes,146,13483.57,18.6,1
Psittacara erythrogenys,Psittacidae,Psittaciformes,151,106452.34,-2.95,1
Psittacara euops,Psittacidae,Psittaciformes,87,18723.73,21.49,1
Psittacara finschi,Psittacidae,Psittaciformes,150,92560.88,10.97,1
Psittacara frontatus,Psittacidae,Psittaciformes,194,126828.14,-10.49,1
Psittacara holochlorus,Psittacidae,Psittaciformes,138,299273.47,21.32,1
Psittacara leucophthalmus,Psittacidae,Psittaciformes,158,8731069.11,-12.19,1
Psittacara mitratus,Psittacidae,Psittaciformes,249,251116.9,-18.28,1
Psittacara rubritorquis,Psittacidae,Psittaciformes,212,108828.41,14.3,1
Psittacara wagleri,Psittacidae,Psittaciformes,194,202635.32,5.47,1
Psittacella brehmii,Psittacidae,Psittaciformes,107,123546.51,-5.35,1
Psittacella lorentzi,Psittacidae,Psittaciformes,62.9,24197.3,-4.16,1
Psittacella madaraszi,Psittacidae,Psittaciformes,38.81,193283.6,-5.73,1
Psittacella modesta,Psittacidae,Psittaciformes,44.7,65123.27,-4.5,1
Psittacella picta,Psittacidae,Psittaciformes,62.9,56415.7,-6.28,1
Psittacula alexandri,Psittacidae,Psittaciformes,147,2572495.73,19.3,1
Psittacula caniceps,Psittacidae,Psittaciformes,224,1111.02,7.06,1
Psittacula derbiana,Psittacidae,Psittaciformes,251,332466.75,28.04,1
Psittaculirostris cervicalis,Psittacidae,Psittaciformes,117,191021.58,-7.59,1
Psittaculirostris desmarestii,Psittacidae,Psittaciformes,117,82418.22,-1.91,1
Psittaculirostris edwardsii,Psittacidae,Psittaciformes,118,99151.91,-4.72,1
Psittaculirostris godmani,Psittacidae,Psittaciformes,117,162593.89,-6.96,1
Psittaculirostris salvadorii,Psittacidae,Psittaciformes,118,50674.66,-2.61,1
Psittacus erithacus,Psittacidae,Psittaciformes,333,2732037.72,0.03,1
Psittacus timneh,Psittacidae,Psittaciformes,333,256969.54,6.74,1
Psitteuteles goldiei,Psittacidae,Psittaciformes,58.7,307384.24,-5.95,1
Psitteuteles versicolor,Psittacidae,Psittaciformes,53.5,1214241.53,-16.98,1
Psittinus abbotti,Psittacidae,Psittaciformes,75,1775.31,2.63,1
Psittinus cyanurus,Psittacidae,Psittaciformes,60.5,1398599.34,1.09,1
Psittrichas fulgidus,Psittacidae,Psittaciformes,864.99,275735.64,-5.58,1
Purpureicephalus spurius,Psittacidae,Psittaciformes,116,126268.75,-33.56,1
Pyrilia aurantiocephala,Psittacidae,Psittaciformes,151.5,351727.85,-6.51,1
Pyrilia barrabandi,Psittacidae,Psittaciformes,140,3467636.9,-4.55,1
Pyrilia caica,Psittacidae,Psittaciformes,132,1290463.27,2.63,1
Pyrilia haematotis,Psittacidae,Psittaciformes,149,430103.87,14.68,1
Pyrilia pulchra,Psittacidae,Psittaciformes,150,92646.19,2.28,1
Pyrilia pyrilia,Psittacidae,Psittaciformes,149,152700.71,7.59,1
Pyrilia vulturina,Psittacidae,Psittaciformes,151.5,886478.71,-4.9,1
Pyrrhura albipectus,Psittacidae,Psittaciformes,103.82,7882.39,-3.98,1
Pyrrhura amazonum,Psittacidae,Psittaciformes,58.9,354187.36,-5.02,1
Pyrrhura caeruleiceps,Psittacidae,Psittaciformes,62.1,21647.5,9.51,1
Pyrrhura calliptera,Psittacidae,Psittaciformes,75,1022.08,4.69,1
Pyrrhura chapmani,Psittacidae,Psittaciformes,70.54,14776.84,2.34,1
Pyrrhura cruentata,Psittacidae,Psittaciformes,75.9,10274.69,-18.24,1
Pyrrhura devillei,Psittacidae,Psittaciformes,72,143503.09,-20.57,1
Pyrrhura egregia,Psittacidae,Psittaciformes,66.29,51342.2,5.54,1
Pyrrhura eisenmanni,Psittacidae,Psittaciformes,62.1,1542.38,7.35,1
Pyrrhura emma,Psittacidae,Psittaciformes,75.9,33363.76,10.33,1
Pyrrhura frontalis,Psittacidae,Psittaciformes,72,1704534.47,-22.57,1
Pyrrhura griseipectus,Psittacidae,Psittaciformes,75.9,686.2,-4.28,1
Pyrrhura hoematotis,Psittacidae,Psittaciformes,68.7,6303.91,10.26,1
Pyrrhura hoffmanni,Psittacidae,Psittaciformes,82.2,8001.11,9.24,1
Pyrrhura lepida,Psittacidae,Psittaciformes,75,548390.11,-3.9,1
Pyrrhura leucotis,Psittacidae,Psittaciformes,75.9,273322.17,-19.05,1
Pyrrhura lucianii,Psittacidae,Psittaciformes,67.7,47174.08,-3.67,1
Pyrrhura melanura,Psittacidae,Psittaciformes,70.54,1490802.93,-1.04,1
Pyrrhura molinae,Psittacidae,Psittaciformes,77.09,675243.93,-17.59,1
Pyrrhura orcesi,Psittacidae,Psittaciformes,70.79,744.67,-3.26,1
Pyrrhura pacifica,Psittacidae,Psittaciformes,70.54,30514.63,0.99,1
Pyrrhura parvifrons,Psittacidae,Psittaciformes,62.1,49587.4,-5.94,1
Pyrrhura perlata,Psittacidae,Psittaciformes,74.99,1128815.89,-9.85,1
Pyrrhura peruviana,Psittacidae,Psittaciformes,62.1,39672.92,-5.72,1
Pyrrhura pfrimeri,Psittacidae,Psittaciformes,75.9,7185.79,-13.49,1
Pyrrhura picta,Psittacidae,Psittaciformes,62.1,1473164.35,3.06,1
Pyrrhura rhodocephala,Psittacidae,Psittaciformes,68.7,11585.27,8.7,1
Pyrrhura roseifrons,Psittacidae,Psittaciformes,70.6,639450.39,-9.39,1
Pyrrhura rupicola,Psittacidae,Psittaciformes,74.99,545590.25,-11.14,1
Pyrrhura snethlageae,Psittacidae,Psittaciformes,62.1,331833.82,-9.68,1
Pyrrhura subandina,Psittacidae,Psittaciformes,62.1,NA,NA,1
Pyrrhura viridicata,Psittacidae,Psittaciformes,87.5,459.42,11.01,1
Rhynchopsitta pachyrhyncha,Psittacidae,Psittaciformes,324.77,596.01,26.45,1
Rhynchopsitta terrisi,Psittacidae,Psittaciformes,441.99,1276.56,25.37,1
Tanygnathus everetti,Psittacidae,Psittaciformes,269.56,NA,NA,1
Tanygnathus gramineus,Psittacidae,Psittaciformes,237.3,1363.4,-3.33,1
Tanygnathus lucionensis,Psittacidae,Psittaciformes,215,290862.98,11.72,1
Tanygnathus megalorynchos,Psittacidae,Psittaciformes,325,96725.71,-4.07,1
Tanygnathus sumatranus,Psittacidae,Psittaciformes,269.56,387284.95,5.59,1
Touit batavicus,Psittacidae,Psittaciformes,55,333487.33,5.65,2
Touit costaricensis,Psittacidae,Psittaciformes,80,9984.12,9.55,1
Touit dilectissimus,Psittacidae,Psittaciformes,65,132570.47,3.24,1
Touit huetii,Psittacidae,Psittaciformes,60,3167705.16,-4.77,1
Touit melanonotus,Psittacidae,Psittaciformes,66.51,14296.54,-22.92,2
Touit purpuratus,Psittacidae,Psittaciformes,59.7,3821297.27,-0.92,2
Touit stictopterus,Psittacidae,Psittaciformes,78.8,32941.14,-3.34,2
Touit surdus,Psittacidae,Psittaciformes,51,98992.48,-16.07,2
Trichoglossus capistratus,Psittacidae,Psittaciformes,113.25,43318.99,-9.32,1
Trichoglossus chlorolepidotus,Psittacidae,Psittaciformes,87.1,1066541.06,-24.16,1
Trichoglossus euteles,Psittacidae,Psittaciformes,73.7,37893.11,-8.98,1
Trichoglossus flavoviridis,Psittacidae,Psittaciformes,90.5,4102.71,-1.83,1
Trichoglossus forsteni,Psittacidae,Psittaciformes,113.25,24604.96,-8.55,1
Trichoglossus haematodus,Psittacidae,Psittaciformes,113.25,875500.13,-5.75,1
Trichoglossus iris,Psittacidae,Psittaciformes,55.2,31218.7,-9.13,1
Trichoglossus johnstoniae,Psittacidae,Psittaciformes,55.2,8694.55,7.32,1
Trichoglossus meyeri,Psittacidae,Psittaciformes,90.5,73777.06,-1.75,1
Trichoglossus moluccanus,Psittacidae,Psittaciformes,113.25,1524656.11,-26.88,1
Trichoglossus ornatus,Psittacidae,Psittaciformes,120,172993.28,-2.13,1
Trichoglossus rosenbergii,Psittacidae,Psittaciformes,113.25,2524.16,-0.94,1
Trichoglossus rubiginosus,Psittacidae,Psittaciformes,77.5,355.65,6.88,1
Trichoglossus rubritorquis,Psittacidae,Psittaciformes,113.25,860530.55,-15.96,1
Trichoglossus weberi,Psittacidae,Psittaciformes,113.25,13936.58,-8.61,1
Triclaria malachitacea,Psittacidae,Psittaciformes,90,30242.84,-27.08,1
Vini australis,Psittacidae,Psittaciformes,49.5,3674.17,-14.66,1
Vini kuhlii,Psittacidae,Psittaciformes,40,37.9,-20.59,1
Vini peruviana,Psittacidae,Psittaciformes,29,58.62,-15.3,1
Vini stepheni,Psittacidae,Psittaciformes,55,41.11,-24.36,1
Vini ultramarina,Psittacidae,Psittaciformes,49.5,81.42,-8.91,1
Nestor meridionalis,Strigopidae,Psittaciformes,428.01,71120.91,-41.88,1
Nestor notabilis,Strigopidae,Psittaciformes,862.97,63273.75,-43.37,1
Strigops habroptila,Strigopidae,Psittaciformes,1732.05,57.25,-41.55,1
Pterocles alchata,Pteroclidae,Pterocliformes,275.79,3142814.68,37.64,2
Pterocles bicinctus,Pteroclidae,Pterocliformes,237,1654904.57,-20.46,1
Pterocles burchelli,Pteroclidae,Pterocliformes,180.67,1218509.01,-22.19,1
Pterocles coronatus,Pteroclidae,Pterocliformes,300,4815595.16,25.77,2
Pterocles decoratus,Pteroclidae,Pterocliformes,181.34,1363573.06,0.28,2
Pterocles exustus,Pteroclidae,Pterocliformes,202.81,9267366.88,16.11,2
Pterocles gutturalis,Pteroclidae,Pterocliformes,338,810480.4,-10.12,2
Pterocles indicus,Pteroclidae,Pterocliformes,178.21,1916026.14,22.01,1
Pterocles lichtensteinii,Pteroclidae,Pterocliformes,209.1,3826174.11,18.14,1
Pterocles namaqua,Pteroclidae,Pterocliformes,177,2037622.26,-24.52,2
Pterocles orientalis,Pteroclidae,Pterocliformes,404.87,5783511.92,39.56,2
Pterocles personatus,Pteroclidae,Pterocliformes,181.3,263503.92,-20.06,1
Pterocles quadricinctus,Pteroclidae,Pterocliformes,178.88,3917295.51,11.49,1
Pterocles senegallus,Pteroclidae,Pterocliformes,263.36,9258740.38,23.93,2
Syrrhaptes paradoxus,Pteroclidae,Pterocliformes,256.43,7445557.07,46.83,2
Syrrhaptes tibetanus,Pteroclidae,Pterocliformes,343.66,1238571.56,33.28,2
Aptenodytes forsteri,Spheniscidae,Sphenisciformes,33569.33,83236.83,-71.04,2
Aptenodytes patagonicus,Spheniscidae,Sphenisciformes,11731.07,24905.39,-51.39,2
Eudyptes chrysocome,Spheniscidae,Sphenisciformes,2327.85,35718.74,-52.52,2
Eudyptes chrysolophus,Spheniscidae,Sphenisciformes,4485.08,48864.72,-54.32,2
Eudyptes moseleyi,Spheniscidae,Sphenisciformes,2327.85,248.71,-38.2,2
Eudyptes pachyrhynchus,Spheniscidae,Sphenisciformes,3904.88,26.15,-45.62,2
Eudyptes robustus,Spheniscidae,Sphenisciformes,3038.02,2.9,-48.01,2
Eudyptes schlegeli,Spheniscidae,Sphenisciformes,4242.64,127.71,-54.63,2
Eudyptes sclateri,Spheniscidae,Sphenisciformes,5888.95,23.43,-49.61,2
Eudyptula minor,Spheniscidae,Sphenisciformes,1107.82,365250.03,-40.8,2
Megadyptes antipodes,Spheniscidae,Sphenisciformes,5326.24,80802.25,-45.92,1
Pygoscelis adeliae,Spheniscidae,Sphenisciformes,4847.67,148210.8,-70.24,2
Pygoscelis antarcticus,Spheniscidae,Sphenisciformes,4146.08,12591.58,-61.33,2
Pygoscelis papua,Spheniscidae,Sphenisciformes,5932.95,31443.71,-54.31,2
Spheniscus demersus,Spheniscidae,Sphenisciformes,3130.11,330067.23,-31.44,2
Spheniscus humboldti,Spheniscidae,Sphenisciformes,4366.39,73314.02,-23.48,2
Spheniscus magellanicus,Spheniscidae,Sphenisciformes,4105.1,940638.86,-49.07,2
Spheniscus mendiculus,Spheniscidae,Sphenisciformes,1921.86,1040.81,-0.48,2
Aegolius acadicus,Strigidae,Strigiformes,100.69,5712891.95,46.64,3
Aegolius funereus,Strigidae,Strigiformes,137.18,23596074.83,57.12,2
Aegolius harrisii,Strigidae,Strigiformes,120,1098550.77,-22.44,1
Aegolius ridgwayi,Strigidae,Strigiformes,80,43992.75,15.28,2
Asio abyssinicus,Strigidae,Strigiformes,322.5,153995.93,4.65,1
Asio capensis,Strigidae,Strigiformes,334,7302556.68,-10.23,1
Asio clamator,Strigidae,Strigiformes,443.28,7163922.1,-14.33,1
Asio flammeus,Strigidae,Strigiformes,322.61,39874062.36,49.62,3
Asio madagascariensis,Strigidae,Strigiformes,322.5,579908.5,-19.33,1
Asio otus,Strigidae,Strigiformes,296.57,27618929.92,50.73,2
Asio stygius,Strigidae,Strigiformes,565,5017278.49,-14.23,1
Athene blewitti,Strigidae,Strigiformes,241,5435.61,21.48,1
Athene brama,Strigidae,Strigiformes,112,5213398.06,21.94,1
Athene cunicularia,Strigidae,Strigiformes,150.61,14303129.42,3.15,1
Athene noctua,Strigidae,Strigiformes,168.92,26742298.73,40.42,1
Athene superciliaris,Strigidae,Strigiformes,231,415419.42,-19.41,1
Bubo africanus,Strigidae,Strigiformes,645,9185929.09,-13.17,1
Bubo ascalaphus,Strigidae,Strigiformes,2100,3200038.62,27.62,1
Bubo bengalensis,Strigidae,Strigiformes,1100,3283460.59,23.34,1
Bubo blakistoni,Strigidae,Strigiformes,3850,2289996.15,51.14,1
Bubo bubo,Strigidae,Strigiformes,2668.51,31974373.19,49.31,1
Bubo capensis,Strigidae,Strigiformes,1118.64,1905194.15,-23.74,1
Bubo cinerascens,Strigidae,Strigiformes,499.99,9679896.35,10.5,1
Bubo coromandus,Strigidae,Strigiformes,1392.15,1428965.17,25.01,1
Bubo lacteus,Strigidae,Strigiformes,2114.94,11298632.02,-4.94,1
Bubo leucostictus,Strigidae,Strigiformes,532.54,2567896.43,1.1,1
Bubo magellanicus,Strigidae,Strigiformes,1166.38,2370543.59,-36.06,1
Bubo nipalensis,Strigidae,Strigiformes,1396.42,2384160.56,22.43,1
Bubo philippensis,Strigidae,Strigiformes,532.5,224009.38,12.02,1
Bubo poensis,Strigidae,Strigiformes,654.94,3809271.04,1.99,1
Bubo scandiacus,Strigidae,Strigiformes,2028.76,5773405.49,71.95,3
Bubo shelleyi,Strigidae,Strigiformes,1257,1316503.9,2.66,1
Bubo sumatranus,Strigidae,Strigiformes,1525,1415096.11,0.29,1
Bubo virginianus,Strigidae,Strigiformes,1354.5,24426738.59,34.04,1
Ciccaba albitarsis,Strigidae,Strigiformes,307.5,325371.54,-3.71,1
Ciccaba huhula,Strigidae,Strigiformes,370,7366712.07,-6.08,1
Ciccaba nigrolineata,Strigidae,Strigiformes,457.89,991396.19,11.59,1
Ciccaba virgata,Strigidae,Strigiformes,283.97,10135669.69,-2.47,1
Glaucidium albertinum,Strigidae,Strigiformes,73,32391.82,-2.23,1
Glaucidium bolivianum,Strigidae,Strigiformes,62.95,121188.27,-15.46,1
Glaucidium brasilianum,Strigidae,Strigiformes,63.3,14375175.98,-6.96,1
Glaucidium brodiei,Strigidae,Strigiformes,59.39,2470997.29,23.41,1
Glaucidium californicum,Strigidae,Strigiformes,70.5,1898663.75,45.06,2
Glaucidium capense,Strigidae,Strigiformes,122,4071921.71,-13.88,1
Glaucidium castaneum,Strigidae,Strigiformes,100,91747.23,-0.99,1
Glaucidium castanopterum,Strigidae,Strigiformes,198.2,50170.82,-7.85,1
Glaucidium castanotum,Strigidae,Strigiformes,100,46677.71,7.62,1
Glaucidium cobanense,Strigidae,Strigiformes,61.25,68465.71,14.99,1
Glaucidium costaricanum,Strigidae,Strigiformes,65.99,10616.37,9.59,1
Glaucidium cuculoides,Strigidae,Strigiformes,198.16,4612393.64,23.89,1
Glaucidium gnoma,Strigidae,Strigiformes,61.25,585868.15,23.69,1
Glaucidium griseiceps,Strigidae,Strigiformes,50.58,270382.47,14.43,1
Glaucidium hardyi,Strigidae,Strigiformes,58.3,4691899.43,-6.14,1
Glaucidium hoskinsii,Strigidae,Strigiformes,61.25,44146.11,25.35,1
Glaucidium jardinii,Strigidae,Strigiformes,66.9,205500.74,0.57,1
Glaucidium minutissimum,Strigidae,Strigiformes,50,1209018.27,-20.7,1
Glaucidium mooreorum,Strigidae,Strigiformes,51,NA,NA,1
Glaucidium nana,Strigidae,Strigiformes,73.7,656548.54,-45.06,2
Glaucidium nubicola,Strigidae,Strigiformes,77.53,6915.65,2.4,1
Glaucidium palmarum,Strigidae,Strigiformes,45.7,226441.5,21.57,1
Glaucidium parkeri,Strigidae,Strigiformes,61.39,29014.24,-7.11,1
Glaucidium passerinum,Strigidae,Strigiformes,57.87,11366077.56,56.73,2
Glaucidium perlatum,Strigidae,Strigiformes,79.24,11923401.87,-2.11,1
Glaucidium peruanum,Strigidae,Strigiformes,62.41,334618.81,-9.64,1
Glaucidium radiatum,Strigidae,Strigiformes,101,2186922.27,20.48,1
Glaucidium sanchezi,Strigidae,Strigiformes,55,27181.76,22.87,1
Glaucidium siju,Strigidae,Strigiformes,69.47,109364.76,21.61,1
Glaucidium sjostedti,Strigidae,Strigiformes,139,1369630.82,0.61,1
Glaucidium tephronotum,Strigidae,Strigiformes,87.39,2054685.26,2.15,1
Glaucidium tucumanum,Strigidae,Strigiformes,57.5,448119.82,-27.2,1
Jubula lettii,Strigidae,Strigiformes,183,2256025.42,0.77,1
Ketupa flavipes,Strigidae,Strigiformes,2315,2648554.3,26.34,1
Ketupa ketupu,Strigidae,Strigiformes,1293,2556769.49,7.38,1
Ketupa zeylonensis,Strigidae,Strigiformes,1105,5475867.52,20.71,1
Lophostrix cristata,Strigidae,Strigiformes,538.66,5025098.51,-3.43,1
Margarobyas lawrencii,Strigidae,Strigiformes,95.2,109791.53,21.62,1
Megascops albogularis,Strigidae,Strigiformes,159,244881.91,-3,1
Megascops asio,Strigidae,Strigiformes,179.99,4938942.17,38.29,1
Megascops atricapilla,Strigidae,Strigiformes,118.89,990012.51,-22.72,1
Megascops barbarus,Strigidae,Strigiformes,69,18360.29,16.01,1
Megascops choliba,Strigidae,Strigiformes,132,13065137.78,-9.8,1
Megascops clarkii,Strigidae,Strigiformes,158.46,9927.9,9.37,1
Megascops colombianus,Strigidae,Strigiformes,153,13694.16,2.41,1
Megascops cooperi,Strigidae,Strigiformes,149.94,78738.89,13.29,1
Megascops gilesi,Strigidae,Strigiformes,132,4488.8,10.95,1
Megascops guatemalae,Strigidae,Strigiformes,118,660793.49,19.37,1
Megascops hoyi,Strigidae,Strigiformes,110,54416.26,-22.39,1
Megascops ingens,Strigidae,Strigiformes,165.32,171538.44,-8.25,1
Megascops kennicottii,Strigidae,Strigiformes,141.82,3582764.44,38.73,1
Megascops koepckeae,Strigidae,Strigiformes,116.93,160334.46,-10.92,1
Megascops marshalli,Strigidae,Strigiformes,110,24727.09,-13.46,1
Megascops nudipes,Strigidae,Strigiformes,137.34,9247.43,18.22,1
Megascops petersoni,Strigidae,Strigiformes,97.5,18835.64,-1.76,1
Megascops roboratus,Strigidae,Strigiformes,126.7,79303.5,-4.55,1
Megascops sanctaecatarinae,Strigidae,Strigiformes,179.72,418281.17,-28.67,1
Megascops seductus,Strigidae,Strigiformes,160,90735.21,18.62,1
Megascops trichopsis,Strigidae,Strigiformes,88.26,660977.77,22.14,1
Megascops vermiculatus,Strigidae,Strigiformes,118,429930.99,0.8,1
Megascops watsonii,Strigidae,Strigiformes,129,6312593.48,-4.61,1
Micrathene whitneyi,Strigidae,Strigiformes,41,643111.79,30.03,3
Nesasio solomonensis,Strigidae,Strigiformes,1155,13115.12,-6.74,1
Ninox affinis,Strigidae,Strigiformes,146,5655.23,12.28,1
Ninox boobook,Strigidae,Strigiformes,282.19,7695657.77,-25.4,2
Ninox burhani,Strigidae,Strigiformes,99,435.6,-0.43,1
Ninox connivens,Strigidae,Strigiformes,577.99,2759461.25,-24.32,1
Ninox forbesi,Strigidae,Strigiformes,210,4268.15,-7.6,1
Ninox granti,Strigidae,Strigiformes,200.81,5477.09,-9.62,1
Ninox hantu,Strigidae,Strigiformes,210,8411.24,-3.42,1
Ninox hypogramma,Strigidae,Strigiformes,210,20104.79,0.73,1
Ninox ios,Strigidae,Strigiformes,86,3684.39,-0.66,1
Ninox jacquinoti,Strigidae,Strigiformes,200.81,17230.73,-6.85,1
Ninox japonica,Strigidae,Strigiformes,225,4144348.68,39.35,3
Ninox leucopsis,Strigidae,Strigiformes,190,68056.97,-41.94,2
Ninox leventisi,Strigidae,Strigiformes,127.89,252.94,9.17,1
Ninox malaitae,Strigidae,Strigiformes,200.81,4355.47,-9,1
Ninox meeki,Strigidae,Strigiformes,265,1830.14,-2.09,1
Ninox mindorensis,Strigidae,Strigiformes,113,9854.29,12.96,1
Ninox natalis,Strigidae,Strigiformes,184,137.18,-10.49,1
Ninox novaeseelandiae,Strigidae,Strigiformes,183.37,269367.33,-41.78,2
Ninox obscura,Strigidae,Strigiformes,191,5202.99,12.3,3
Ninox ochracea,Strigidae,Strigiformes,99,94118.1,-1.67,1
Ninox odiosa,Strigidae,Strigiformes,209,33162.44,-5.47,2
Ninox philippensis,Strigidae,Strigiformes,127.89,160922.43,14.32,1
Ninox punctulata,Strigidae,Strigiformes,151,152203.91,-2.14,1
Ninox randi,Strigidae,Strigiformes,202,226955.05,12.02,3
Ninox reyi,Strigidae,Strigiformes,127.89,1788.15,5.56,1
Ninox roseoaxillaris,Strigidae,Strigiformes,200.81,3331.79,-10.53,1
Ninox rudolfi,Strigidae,Strigiformes,222,10704.53,-9.76,1
Ninox rufa,Strigidae,Strigiformes,931.67,824417.84,-6.71,2
Ninox rumseyi,Strigidae,Strigiformes,127.89,4442.79,10.31,1
Ninox scutulata,Strigidae,Strigiformes,191,5210706.2,15.27,3
Ninox spilocephala,Strigidae,Strigiformes,137,96776.28,7.68,1
Ninox spilonotus,Strigidae,Strigiformes,178,1145.01,12.41,1
Ninox squamipila,Strigidae,Strigiformes,210,18242.6,-3.22,1
Ninox strenua,Strigidae,Strigiformes,1345.97,573814.15,-32.33,2
Ninox sumbaensis,Strigidae,Strigiformes,90,2933.17,-9.8,1
Ninox theomacha,Strigidae,Strigiformes,125,596413.95,-4.88,1
Ninox variegata,Strigidae,Strigiformes,179,7756.1,-3.65,1
Otus alfredi,Strigidae,Strigiformes,67.5,498.38,-8.68,1
Otus alius,Strigidae,Strigiformes,95,998.3,7.07,1
Otus angelinae,Strigidae,Strigiformes,82.2,16745.86,-7.41,1
Otus bakkamoena,Strigidae,Strigiformes,138.5,2947848.96,22.7,1
Otus balli,Strigidae,Strigiformes,67.5,5825.33,12.28,1
Otus beccarii,Strigidae,Strigiformes,114,2524.27,-0.94,1
Otus brookii,Strigidae,Strigiformes,139,38843.48,2.04,1
Otus brucei,Strigidae,Strigiformes,84.35,1459194.93,36.55,2
Otus capnodes,Strigidae,Strigiformes,119,271.7,-12.23,1
Otus collari,Strigidae,Strigiformes,81.91,556.53,3.56,1
Otus cyprius,Strigidae,Strigiformes,92,9272.41,35.05,3
Otus elegans,Strigidae,Strigiformes,124,4014.39,25.84,1
Otus enganensis,Strigidae,Strigiformes,104.88,400.8,-5.4,1
Otus everetti,Strigidae,Strigiformes,125,119572.02,8.39,1
Otus feae,Strigidae,Strigiformes,67,14.7,-1.43,1
Otus fuliginosus,Strigidae,Strigiformes,92,8606.99,9.86,1
Otus gurneyi,Strigidae,Strigiformes,370,108097.9,8.19,1
Otus hartlaubi,Strigidae,Strigiformes,79,388.97,0.21,1
Otus icterorhynchus,Strigidae,Strigiformes,73.29,670799.02,1.68,1
Otus insularis,Strigidae,Strigiformes,144,38.38,-4.66,1
Otus ireneae,Strigidae,Strigiformes,50.3,634.79,-4.27,1
Otus jolandae,Strigidae,Strigiformes,165,2121.08,-8.41,1
Otus lempiji,Strigidae,Strigiformes,115,1486775.34,0.38,1
Otus lettia,Strigidae,Strigiformes,139,4204562.9,23.07,1
Otus longicornis,Strigidae,Strigiformes,82.87,19826.2,16.6,1
Otus magicus,Strigidae,Strigiformes,165,84167.62,-4.08,1
Otus manadensis,Strigidae,Strigiformes,88,178034.37,-2.18,1
Otus mantananensis,Strigidae,Strigiformes,106,1849.02,11.69,1
Otus mayottensis,Strigidae,Strigiformes,101,370.97,-12.82,1
Otus megalotis,Strigidae,Strigiformes,178.4,106380.23,15.88,1
Otus mendeni,Strigidae,Strigiformes,88,2349.32,-1.38,1
Otus mentawi,Strigidae,Strigiformes,104.9,6119.87,-1.86,1
Otus mindorensis,Strigidae,Strigiformes,106,959.24,13.11,1
Otus mirus,Strigidae,Strigiformes,61.32,1658.12,8.09,1
Otus moheliensis,Strigidae,Strigiformes,104.97,207.24,-12.32,1
Otus nigrorum,Strigidae,Strigiformes,99,24351.81,10.58,1
Otus pamelae,Strigidae,Strigiformes,66.5,203556.86,15.86,1
Otus pauliani,Strigidae,Strigiformes,69.49,174.34,-11.75,1
Otus pembaensis,Strigidae,Strigiformes,67,970.44,-5.17,1
Otus rufescens,Strigidae,Strigiformes,76.54,887256.44,0.58,1
Otus rutilus,Strigidae,Strigiformes,101,590836.08,-19.39,1
Otus sagittatus,Strigidae,Strigiformes,122.64,148393.3,9.39,1
Otus scops,Strigidae,Strigiformes,92,8778464.51,46.4,3
Otus semitorques,Strigidae,Strigiformes,121.53,1982105.07,41.38,2
Otus senegalensis,Strigidae,Strigiformes,67,13485667.89,-1.16,1
Otus siaoensis,Strigidae,Strigiformes,165,115.19,2.74,1
Otus silvicola,Strigidae,Strigiformes,212,28274.7,-8.62,1
Otus socotranus,Strigidae,Strigiformes,67,3622.4,12.51,1
Otus spilocephalus,Strigidae,Strigiformes,67.5,3350281.15,20.4,1
Otus sulaensis,Strigidae,Strigiformes,88,4678.07,-1.88,1
Otus sunia,Strigidae,Strigiformes,78.09,7325311.2,31.47,1
Otus tempestatis,Strigidae,Strigiformes,165,2638.17,-7.78,1
Otus thilohoffmanni,Strigidae,Strigiformes,76.5,237.13,6.48,1
Otus umbra,Strigidae,Strigiformes,95,1552.39,2.63,1
Pseudoscops grammicus,Strigidae,Strigiformes,335,11021.79,18.16,1
Psiloscops flammeolus,Strigidae,Strigiformes,59.9,1041707.57,34.83,3
Ptilopsis granti,Strigidae,Strigiformes,214.42,7822704.31,-14.57,1
Ptilopsis leucotis,Strigidae,Strigiformes,204,8309644.17,10.37,1
Pulsatrix koeniswaldiana,Strigidae,Strigiformes,481,651781.62,-23.61,1
Pulsatrix melanota,Strigidae,Strigiformes,82,156909.18,-8.92,1
Pulsatrix perspicillata,Strigidae,Strigiformes,983.55,12679502.98,-6.68,1
Pyrroglaux podargina,Strigidae,Strigiformes,178.4,437.19,7.45,1
Scotopelia bouvieri,Strigidae,Strigiformes,636.99,3343964.51,1.65,1
Scotopelia peli,Strigidae,Strigiformes,1942.75,4649310.2,-2.9,1
Scotopelia ussheri,Strigidae,Strigiformes,787.18,358371,6.54,1
Strix aluco,Strigidae,Strigiformes,472.46,9594068.11,49.39,1
Strix butleri,Strigidae,Strigiformes,219,3653.25,26.29,1
Strix chacoensis,Strigidae,Strigiformes,330,766166.49,-26.95,1
Strix fulvescens,Strigidae,Strigiformes,711.5,116030.37,15.12,1
Strix hadorami,Strigidae,Strigiformes,219,196474.04,21.71,1
Strix hylophila,Strigidae,Strigiformes,345.38,711556.62,-25.78,1
Strix leptogrammica,Strigidae,Strigiformes,970,5428569.66,17.85,1
Strix nebulosa,Strigidae,Strigiformes,1061.89,19847527.93,58.78,1
Strix nivicolum,Strigidae,Strigiformes,472.46,4870063.2,30.99,1
Strix occidentalis,Strigidae,Strigiformes,586.37,1207066.6,35.47,1
Strix ocellata,Strigidae,Strigiformes,1011,2253179.97,20.98,1
Strix rufipes,Strigidae,Strigiformes,380,639116.13,-44.09,1
Strix seloputo,Strigidae,Strigiformes,1011,610935.05,7.98,1
Strix uralensis,Strigidae,Strigiformes,780.56,12224942.84,57.06,1
Strix varia,Strigidae,Strigiformes,711.49,6628563.52,43.93,1
Strix woodfordii,Strigidae,Strigiformes,350,9861983.74,-4.86,1
Surnia ulula,Strigidae,Strigiformes,319.9,21131927.34,59.62,2
Uroglaux dimorpha,Strigidae,Strigiformes,220,181237.67,-3.92,1
Xenoglaux loweryi,Strigidae,Strigiformes,48,1624.29,-5.75,1
Phodilus assimilis,Tytonidae,Strigiformes,280.24,75195.76,9.95,1
Phodilus badius,Tytonidae,Strigiformes,280.24,3479052.56,10.95,1
Phodilus prigoginei,Tytonidae,Strigiformes,195,4661.83,-3.39,1
Tyto alba,Tytonidae,Strigiformes,403.32,63140525.19,3.24,1
Tyto almae,Tytonidae,Strigiformes,540,1302.34,-3.14,1
Tyto aurantia,Tytonidae,Strigiformes,540,35138.49,-5.47,1
Tyto capensis,Tytonidae,Strigiformes,364.74,2692718.84,-11.97,2
Tyto glaucops,Tytonidae,Strigiformes,397.5,75807.64,18.82,2
Tyto inexspectata,Tytonidae,Strigiformes,540,47061.5,0.4,1
Tyto longimembris,Tytonidae,Strigiformes,423.5,4271719.31,13.43,1
Tyto multipunctata,Tytonidae,Strigiformes,660.6,55267.62,-16.39,1
Tyto nigrobrunnea,Tytonidae,Strigiformes,631.9,2875.25,-1.81,1
Tyto novaehollandiae,Tytonidae,Strigiformes,631.85,3177413.8,-25.69,1
Tyto rosenbergii,Tytonidae,Strigiformes,364.7,154411.79,-2.06,1
Tyto soumagnei,Tytonidae,Strigiformes,284,60630.31,-17.42,1
Tyto tenebricosa,Tytonidae,Strigiformes,660.6,1125489.71,-13.91,1
Apteryx australis,Apterygidae,Struthioniformes,2320.51,11012.06,-45.55,1
Apteryx haastii,Apterygidae,Struthioniformes,2022.68,8561.32,-41.52,1
Apteryx mantelli,Apterygidae,Struthioniformes,2320.51,37689.64,-37.84,1
Apteryx owenii,Apterygidae,Struthioniformes,1238.29,35.17,-39.53,1
Apteryx rowi,Apterygidae,Struthioniformes,1924,239.4,-43.25,1
Casuarius bennetti,Casuariidae,Struthioniformes,34999.99,396486.38,-5.06,1
Casuarius casuarius,Casuariidae,Struthioniformes,44000,379633.34,-6.85,1
Casuarius unappendiculatus,Casuariidae,Struthioniformes,46073.85,185350.58,-3.26,1
Dromaius novaehollandiae,Casuariidae,Struthioniformes,34093.25,4231350.45,-28.09,1
Rhea americana,Rheidae,Struthioniformes,23000,6537549.66,-21.37,1
Rhea pennata,Rheidae,Struthioniformes,23900,660510.26,-44.99,1
Rhea tarapacensis,Rheidae,Struthioniformes,23900,424810.53,-22.22,1
Struthio camelus,Struthionidae,Struthioniformes,111000,8595319.06,2.55,1
Struthio molybdophanes,Struthionidae,Struthioniformes,111000,1079016.7,5.53,1
Crypturellus atrocapillus,Tinamidae,Struthioniformes,453,120601.77,-14.81,1
Crypturellus bartletti,Tinamidae,Struthioniformes,241,1611496.6,-7.6,1
Crypturellus berlepschi,Tinamidae,Struthioniformes,516.83,59534.34,3.4,1
Crypturellus boucardi,Tinamidae,Struthioniformes,435.62,334426.96,15.51,1
Crypturellus brevirostris,Tinamidae,Struthioniformes,221,833118.74,-2.04,1
Crypturellus casiquiare,Tinamidae,Struthioniformes,250,86537.96,1.4,1
Crypturellus cinereus,Tinamidae,Struthioniformes,506.63,5924779.18,-3.75,1
Crypturellus cinnamomeus,Tinamidae,Struthioniformes,422,661411.76,18.39,1
Crypturellus duidae,Tinamidae,Struthioniformes,426,131826.56,1.17,1
Crypturellus erythropus,Tinamidae,Struthioniformes,485,1242529.51,5.09,1
Crypturellus kerriae,Tinamidae,Struthioniformes,443.4,6147.23,7.18,1
Crypturellus noctivagus,Tinamidae,Struthioniformes,561.99,1469564.58,-16.47,1
Crypturellus obsoletus,Tinamidae,Struthioniformes,443.4,1841826.27,-18.17,1
Crypturellus occidentalis,Tinamidae,Struthioniformes,422,49818.85,20.85,1
Crypturellus parvirostris,Tinamidae,Struthioniformes,198.99,6659535.62,-13.2,1
Crypturellus ptaritepui,Tinamidae,Struthioniformes,443.4,403.76,5.84,1
Crypturellus soui,Tinamidae,Struthioniformes,216.16,11151222.76,-4.47,1
Crypturellus strigulosus,Tinamidae,Struthioniformes,430.58,2589981.45,-8.79,1
Crypturellus tataupa,Tinamidae,Struthioniformes,218.8,4855861.2,-18.31,1
Crypturellus transfasciatus,Tinamidae,Struthioniformes,283,41881.22,-3,1
Crypturellus undulatus,Tinamidae,Struthioniformes,564.42,8533511.59,-8.43,1
Crypturellus variegatus,Tinamidae,Struthioniformes,378,5436849.92,-3.02,1
Eudromia elegans,Tinamidae,Struthioniformes,702.9,1493624.4,-37.3,1
Eudromia formosa,Tinamidae,Struthioniformes,772.93,285672.47,-24.65,1
Nothocercus bonapartei,Tinamidae,Struthioniformes,763,137927.21,5.34,1
Nothocercus julius,Tinamidae,Struthioniformes,693,139147.96,-0.3,1
Nothocercus nigrocapillus,Tinamidae,Struthioniformes,540,206296.78,-12.3,1
Nothoprocta cinerascens,Tinamidae,Struthioniformes,523.89,1208917.27,-29.32,1
Nothoprocta curvirostris,Tinamidae,Struthioniformes,376,52527.78,-4.47,1
Nothoprocta ornata,Tinamidae,Struthioniformes,619.27,765344.43,-18.41,1
Nothoprocta pentlandii,Tinamidae,Struthioniformes,300.73,612683.69,-22,1
Nothoprocta perdicaria,Tinamidae,Struthioniformes,458,118590.62,-35.43,1
Nothoprocta taczanowskii,Tinamidae,Struthioniformes,619.3,17724.05,-13.82,1
Nothura boraquira,Tinamidae,Struthioniformes,283,1348296.47,-12.5,1
Nothura darwinii,Tinamidae,Struthioniformes,244.58,1098896.66,-31.14,1
Nothura maculosa,Tinamidae,Struthioniformes,257.48,5645223.73,-23.64,1
Nothura minor,Tinamidae,Struthioniformes,165.8,480730.25,-18.92,1
Rhynchotus maculicollis,Tinamidae,Struthioniformes,843.47,113175.08,-20.3,1
Rhynchotus rufescens,Tinamidae,Struthioniformes,843.47,5674200.18,-20.65,1
Taoniscus nanus,Tinamidae,Struthioniformes,43,860857.56,-16,1
Tinamotis ingoufi,Tinamidae,Struthioniformes,950,403733.45,-47.06,1
Tinamotis pentlandii,Tinamidae,Struthioniformes,650,632710.16,-18.63,1
Tinamus guttatus,Tinamidae,Struthioniformes,686.18,3971186.8,-5.63,1
Tinamus major,Tinamidae,Struthioniformes,1026.21,7672718.39,-1.53,1
Tinamus osgoodi,Tinamidae,Struthioniformes,1285,28701.74,-11.05,1
Tinamus solitarius,Tinamidae,Struthioniformes,1386.41,1069608.94,-22.1,1
Tinamus tao,Tinamidae,Struthioniformes,1600.1,3810389.02,-9.07,1
Anhinga anhinga,Anhingidae,Suliformes,1235,14921101.49,-5.08,1
Anhinga melanogaster,Anhingidae,Suliformes,1480.06,6866922.36,15.9,2
Anhinga novaehollandiae,Anhingidae,Suliformes,1480.06,6824500.2,-23.04,1
Anhinga rufa,Anhingidae,Suliformes,1480.06,17976599.63,-2.89,1
Fregata andrewsi,Fregatidae,Suliformes,1473.09,1.89,-10.43,3
Fregata aquila,Fregatidae,Suliformes,1620,2548973.33,-8.34,3
Fregata ariel,Fregatidae,Suliformes,804.32,94658392.52,-2.33,3
Fregata magnificens,Fregatidae,Suliformes,1490.52,191468.89,-14.03,3
Fregata minor,Fregatidae,Suliformes,1274.67,24816.16,-1.46,3
Gulosus aristotelis,Phalacrocoracidae,Suliformes,1764.34,230027.34,53.36,1
Leucocarbo atriceps,Phalacrocoracidae,Suliformes,2000,351758.17,-52.86,2
Leucocarbo bougainvilliorum,Phalacrocoracidae,Suliformes,2485,465608.86,-21.54,1
Leucocarbo campbelli,Phalacrocoracidae,Suliformes,1897.36,884.1,-52.54,2
Leucocarbo carunculatus,Phalacrocoracidae,Suliformes,2576.33,NA,NA,2
Leucocarbo chalconotus,Phalacrocoracidae,Suliformes,2220.05,13812.17,-46.42,2
Leucocarbo colensoi,Phalacrocoracidae,Suliformes,2000,5303.43,-50.71,2
Leucocarbo magellanicus,Phalacrocoracidae,Suliformes,1483.44,467962.27,-52.17,1
Leucocarbo onslowi,Phalacrocoracidae,Suliformes,2072.67,7234.21,-44,2
Leucocarbo ranfurlyi,Phalacrocoracidae,Suliformes,2500,2064.16,-47.71,2
Leucocarbo verrucosus,Phalacrocoracidae,Suliformes,2000,10948.17,-49.28,2
Microcarbo africanus,Phalacrocoracidae,Suliformes,545,17477574.05,-3.68,1
Microcarbo coronatus,Phalacrocoracidae,Suliformes,762.19,20849.72,-28.09,2
Microcarbo melanoleucos,Phalacrocoracidae,Suliformes,727.36,3114425.13,-23.55,1
Microcarbo niger,Phalacrocoracidae,Suliformes,427,3849008.88,20.26,2
Microcarbo pygmaeus,Phalacrocoracidae,Suliformes,675.97,617480.54,42.14,2
Nannopterum auritus,Phalacrocoracidae,Suliformes,1806.49,4311610.21,46.01,2
Nannopterum brasilianus,Phalacrocoracidae,Suliformes,1239.29,18288655.94,-11.18,1
Nannopterum harrisi,Phalacrocoracidae,Suliformes,3016.62,91.21,-0.38,1
Phalacrocorax capensis,Phalacrocoracidae,Suliformes,1211.74,236166.74,-30,1
Phalacrocorax capillatus,Phalacrocoracidae,Suliformes,2801.78,71833.77,39.35,1
Phalacrocorax carbo,Phalacrocoracidae,Suliformes,2528.97,24540701.98,11.89,2
Phalacrocorax featherstoni,Phalacrocoracidae,Suliformes,1041.85,11945.38,-43.97,2
Phalacrocorax fuscescens,Phalacrocoracidae,Suliformes,1515,203014.55,-37.4,1
Phalacrocorax fuscicollis,Phalacrocoracidae,Suliformes,706,1187570.01,19.8,1
Phalacrocorax neglectus,Phalacrocoracidae,Suliformes,1944.21,89535.8,-30.12,1
Phalacrocorax nigrogularis,Phalacrocoracidae,Suliformes,1560,172069.23,20.52,1
Phalacrocorax punctatus,Phalacrocoracidae,Suliformes,1184.73,85166.45,-42.7,1
Phalacrocorax sulcirostris,Phalacrocoracidae,Suliformes,994.98,2431360.5,-20.07,1
Phalacrocorax varius,Phalacrocoracidae,Suliformes,1940.65,4379236.12,-26.35,1
Poikilocarbo gaimardi,Phalacrocoracidae,Suliformes,1358.34,529277.9,-31.79,1
Urile pelagicus,Phalacrocoracidae,Suliformes,1843.95,1686730.59,56.1,1
Urile penicillatus,Phalacrocoracidae,Suliformes,2224.24,326313.7,41.19,2
Urile urile,Phalacrocoracidae,Suliformes,2117.66,1348091.15,52.54,1
Morus bassanus,Sulidae,Suliformes,2998.74,18270100.05,49.75,2
Morus capensis,Sulidae,Suliformes,2643.37,2.93,-28.73,2
Morus serrator,Sulidae,Suliformes,2350,10238.62,-39.73,2
Papasula abbotti,Sulidae,Suliformes,1550.74,677593.38,-10.73,2
Sula dactylatra,Sulidae,Suliformes,1732.08,130196617.9,-1.77,2
Sula granti,Sulidae,Suliformes,1732.08,1390871.94,7.26,2
Sula leucogaster,Sulidae,Suliformes,1288.82,26818777.48,-0.85,2
Sula nebouxii,Sulidae,Suliformes,1520.09,4287194.46,8.32,2
Sula sula,Sulidae,Suliformes,1031.1,122459893.2,-1.92,2
Sula variegata,Sulidae,Suliformes,1432.48,229733.56,-19.82,2
Apalharpactes mackloti,Trogonidae,Trogoniformes,118,95751.56,0.68,1
Apalharpactes reinwardtii,Trogonidae,Trogoniformes,118,1059.9,-6.75,1
Apaloderma aequatoriale,Trogonidae,Trogoniformes,67.7,636348.09,1.21,1
Apaloderma narina,Trogonidae,Trogoniformes,67.69,10932030.89,-4.6,1
Apaloderma vittatum,Trogonidae,Trogoniformes,55,485903.03,-3.27,1
Euptilotis neoxenus,Trogonidae,Trogoniformes,122.32,338167.42,25.03,1
Harpactes ardens,Trogonidae,Trogoniformes,96.29,211441.24,11.6,1
Harpactes diardii,Trogonidae,Trogoniformes,98.3,1108720.01,1.25,1
Harpactes duvaucelii,Trogonidae,Trogoniformes,38.85,1253065.68,1.31,1
Harpactes erythrocephalus,Trogonidae,Trogoniformes,80.29,2590116.66,22.29,1
Harpactes fasciatus,Trogonidae,Trogoniformes,62,406882.69,15.66,1
Harpactes kasumba,Trogonidae,Trogoniformes,96.89,989216.33,1.06,1
Harpactes oreskios,Trogonidae,Trogoniformes,57.3,1639985.91,14.68,1
Harpactes orrhophaeus,Trogonidae,Trogoniformes,52.8,470107.45,2.19,1
Harpactes wardi,Trogonidae,Trogoniformes,119,135655.75,27.7,1
Harpactes whiteheadi,Trogonidae,Trogoniformes,73,18608.27,3.96,1
Pharomachrus antisianus,Trogonidae,Trogoniformes,152.05,427100,-5.51,1
Pharomachrus auriceps,Trogonidae,Trogoniformes,180,494429.38,-3.4,1
Pharomachrus fulgidus,Trogonidae,Trogoniformes,160,21862.68,10.5,1
Pharomachrus mocinno,Trogonidae,Trogoniformes,202.46,149097.4,14.75,1
Pharomachrus pavoninus,Trogonidae,Trogoniformes,163,3760744.35,-4.12,1
Priotelus temnurus,Trogonidae,Trogoniformes,53.4,108974.52,21.61,1
Temnotrogon roseigaster,Trogonidae,Trogoniformes,74.19,15254.53,18.8,1
Trogon ambiguus,Trogonidae,Trogoniformes,70.89,865544.91,24.05,1
Trogon aurantius,Trogonidae,Trogoniformes,73.29,342820.62,-19.74,1
Trogon bairdii,Trogonidae,Trogoniformes,94.4,12518.07,8.98,1
Trogon chionurus,Trogonidae,Trogoniformes,89.69,242213.58,5.44,1
Trogon citreolus,Trogonidae,Trogoniformes,79,124015.58,19.1,1
Trogon clathratus,Trogonidae,Trogoniformes,130,16280.05,9.48,1
Trogon collaris,Trogonidae,Trogoniformes,65.43,6799060.77,-2,1
Trogon comptus,Trogonidae,Trogoniformes,114,79435.54,3.56,1
Trogon curucui,Trogonidae,Trogoniformes,54,7396318.69,-10.13,1
Trogon elegans,Trogonidae,Trogoniformes,70.89,137077.84,13.74,1
Trogon massena,Trogonidae,Trogoniformes,141,493358.7,13.38,1
Trogon melanocephalus,Trogonidae,Trogoniformes,85.1,443923.31,16.77,1
Trogon melanurus,Trogonidae,Trogoniformes,114,6755571.08,-3.11,1
Trogon mesurus,Trogonidae,Trogoniformes,114,56906.51,-1.53,1
Trogon mexicanus,Trogonidae,Trogoniformes,71,375078.57,20.03,1
Trogon personatus,Trogonidae,Trogoniformes,63.39,745904.62,-2.92,1
Trogon rufus,Trogonidae,Trogoniformes,53.8,6666233.02,-5.73,1
Trogon surrucura,Trogonidae,Trogoniformes,73.29,1366931,-23.08,1
Trogon violaceus,Trogonidae,Trogoniformes,46.5,7284998.29,-0.57,1
Trogon viridis,Trogonidae,Trogoniformes,89.69,7907953.76,-4.75,1
