species,family,order,mass_g,range_km2,year,attractiveness,article,views_mean_monthly,works_2015_2024
Abeillia abeillei,Trochilidae,Caprimulgiformes,2.7,144610.4,1839,6.6579,Emerald-chinned hummingbird,111.45,65
Abroscopus albogularis,Scotocercidae,Passeriformes,4.84,1704650.6,1854,6.6335,Rufous-faced warbler,73.99,41
Abroscopus schisticeps,Scotocercidae,Passeriformes,4.7,909217.05,1847,7.0201,Black-faced warbler,69.08,39
Abroscopus superciliaris,Scotocercidae,Passeriformes,6.48,2493437.47,1859,6.0374,Yellow-bellied warbler,165.32,40
Aburria aburri,Cracidae,Galliformes,1405.08,139314.36,1828,5.5705,Wattled guan,108.58,62
Acanthagenys rufogularis,Meliphagidae,Passeriformes,47.8,5976565.2,1838,5.334,Spiny-cheeked honeyeater,169.31,42
Acanthidops bairdi,Thraupidae,Passeriformes,16.0,4743.28,1882,5.4055,Peg-billed finch,41.09,51
Acanthisitta chloris,Acanthisittidae,Passeriformes,6.91,152503.84,1787,6.9331,Rifleman (bird),915.93,62
Acanthiza apicalis,Acanthizidae,Passeriformes,7.62,4124270.8,1847,5.2592,Inland thornbill,96.83,30
Acanthiza chrysorrhoa,Acanthizidae,Passeriformes,9.29,4590956.34,1830,5.3852,Yellow-rumped thornbill,207.23,34
Acanthiza cinerea,Acanthizidae,Passeriformes,7.6,124509.89,1876,4.3673,Grey thornbill,25.9,26
Acanthiza ewingii,Acanthizidae,Passeriformes,6.9,68050.51,1844,5.6632,Tasmanian thornbill,83.45,28
Acanthiza inornata,Acanthizidae,Passeriformes,7.0,137406.16,1841,5.4047,Western thornbill,48.3,23
Acanthiza iredalei,Acanthizidae,Passeriformes,6.04,987131.55,1911,5.1384,Slender-billed thornbill,41.87,25
Acanthiza katherina,Acanthizidae,Passeriformes,7.2,58196.09,1905,4.7683,Mountain thornbill,52.53,28
Acanthiza lineata,Acanthizidae,Passeriformes,6.85,1043817.35,1838,5.769,Striated thornbill,108.42,27
Acanthiza murina,Acanthizidae,Passeriformes,8.4,83142.29,1897,4.7966,New Guinea thornbill,26.94,26
Acanthiza nana,Acanthizidae,Passeriformes,6.19,2021416.13,1827,6.098,Yellow thornbill,96.38,28
Acanthiza pusilla,Acanthizidae,Passeriformes,7.62,1131818.69,1790,5.7709,Brown thornbill,367.07,34
Acanthiza reguloides,Acanthizidae,Passeriformes,7.7,1843422.3,1827,5.729,Buff-rumped thornbill,63.72,27
Acanthiza robustirostris,Acanthizidae,Passeriformes,6.1,2061848.42,1903,5.9287,Slaty-backed thornbill,30.06,30
Acanthiza uropygialis,Acanthizidae,Passeriformes,6.4,4788831.67,1838,5.237,Chestnut-rumped thornbill,63.82,28
Acanthoptila nipalensis,Leiotrichidae,Passeriformes,61.0,28765.27,1836,5.2489,Spiny babbler,457.93,17
Acanthorhynchus superciliosus,Meliphagidae,Passeriformes,9.72,182218.54,1837,5.4197,Western spinebill,139.32,28
Acanthorhynchus tenuirostris,Meliphagidae,Passeriformes,10.44,763502.74,1801,6.3654,Eastern spinebill,854.76,40
Acanthornis magna,Acanthizidae,Passeriformes,10.18,45032.53,1855,5.2658,,,39
Accipiter albogularis,Accipitridae,Accipitriformes,248.75,37461.21,1870,5.8906,Pied goshawk,134.88,26
Accipiter badius,Accipitridae,Accipitriformes,131.15,22374973.0,1788,6.448,,,95
Accipiter bicolor,Accipitridae,Accipitriformes,287.54,14309701.27,1817,6.0897,Bicolored hawk,299.43,83
Accipiter brevipes,Accipitridae,Accipitriformes,186.48,2936751.8,1850,6.365,Levant sparrowhawk,645.38,104
Accipiter butleri,Accipitridae,Accipitriformes,122.0,327.84,1898,5.9905,Nicobar sparrowhawk,164.03,28
Accipiter castanilius,Accipitridae,Accipitriformes,157.51,2096401.63,1853,6.67,Chestnut-flanked sparrowhawk,290.35,28
Accipiter cirrocephalus,Accipitridae,Accipitriformes,165.73,5488639.45,1817,6.0276,Collared sparrowhawk,501.65,45
Accipiter collaris,Accipitridae,Accipitriformes,97.8,253265.36,1860,6.512,Semicollared hawk,110.43,44
Accipiter cooperii,Accipitridae,Accipitriformes,429.67,8393137.06,1828,6.3893,Cooper's hawk,15556.62,224
Accipiter erythrauchen,Accipitridae,Accipitriformes,156.0,48150.32,1861,5.9076,Rufous-necked sparrowhawk,91.9,20
Accipiter erythropus,Accipitridae,Accipitriformes,111.2,3904812.09,1855,5.0801,Red-thighed sparrowhawk,168.23,31
Accipiter fasciatus,Accipitridae,Accipitriformes,358.66,8180196.71,1827,6.5181,Brown goshawk,852.12,58
Accipiter francesiae,Accipitridae,Accipitriformes,136.82,519468.81,1834,6.687,Frances's sparrowhawk,179.21,26
Accipiter gentilis,Accipitridae,Accipitriformes,866.04,31775270.74,1758,6.8421,Eurasian goshawk,11763.93,587
Accipiter griseiceps,Accipitridae,Accipitriformes,251.76,140604.94,1848,6.3779,Sulawesi goshawk,169.38,24
Accipiter gundlachi,Accipitridae,Accipitriformes,675.0,33511.43,1860,5.6531,Gundlach's hawk,164.06,28
Accipiter haplochrous,Accipitridae,Accipitriformes,198.41,16389.59,1859,6.7938,White-bellied goshawk,145.32,24
Accipiter henicogrammus,Accipitridae,Accipitriformes,358.7,22781.85,1861,5.987,Moluccan goshawk,99.46,20
Accipiter henstii,Accipitridae,Accipitriformes,1050.0,434639.7,1873,5.9715,Henst's goshawk,195.03,29
Accipiter imitator,Accipitridae,Accipitriformes,222.49,10050.21,1926,6.0464,Imitator goshawk,114.58,29
Accipiter madagascariensis,Accipitridae,Accipitriformes,180.41,476517.51,1833,6.3089,Madagascar sparrowhawk,93.44,21
Accipiter melanochlamys,Accipitridae,Accipitriformes,265.0,115449.94,1876,5.5549,Black-mantled goshawk,117.24,30
Accipiter melanoleucus,Accipitridae,Accipitriformes,698.99,9067092.6,1830,6.597,Black sparrowhawk,606.67,67
Accipiter meyerianus,Accipitridae,Accipitriformes,763.54,269144.41,1878,5.478,Meyer's goshawk,146.17,19
Accipiter minullus,Accipitridae,Accipitriformes,87.43,6794381.58,1800,6.8779,Little sparrowhawk,456.0,26
Accipiter nanus,Accipitridae,Accipitriformes,117.0,110477.0,1897,5.9807,Dwarf sparrowhawk,122.12,38
Accipiter nisus,Accipitridae,Accipitriformes,220.79,23601609.31,1758,6.4788,Eurasian sparrowhawk,11282.38,497
Accipiter novaehollandiae,Accipitridae,Accipitriformes,326.06,1807067.3,1788,5.9071,Grey goshawk,846.09,48
Accipiter ovampensis,Accipitridae,Accipitriformes,195.0,7295779.86,1875,6.1312,Ovambo sparrowhawk,148.97,25
Accipiter poliocephalus,Accipitridae,Accipitriformes,214.76,671500.51,1858,6.3388,Grey-headed goshawk,109.36,24
Accipiter poliogaster,Accipitridae,Accipitriformes,315.0,7203530.62,1824,5.9415,Grey-bellied hawk,136.01,58
Accipiter rhodogaster,Accipitridae,Accipitriformes,172.71,146036.85,1862,5.7937,Vinous-breasted sparrowhawk,103.92,23
Accipiter rufitorques,Accipitridae,Accipitriformes,209.0,17581.12,1848,6.89,Fiji goshawk,221.32,28
Accipiter rufiventris,Accipitridae,Accipitriformes,198.0,756057.21,1830,6.0094,Rufous-breasted sparrowhawk,149.79,39
Accipiter soloensis,Accipitridae,Accipitriformes,164.77,2375886.74,1821,6.3715,Chinese sparrowhawk,498.93,71
Accipiter striatus,Accipitridae,Accipitriformes,130.59,16375303.87,1808,6.5904,Sharp-shinned hawk,7755.25,197
Accipiter superciliosus,Accipitridae,Accipitriformes,96.38,8560355.56,1766,6.6835,Tiny hawk,488.75,58
Accipiter trinotatus,Accipitridae,Accipitriformes,146.0,120238.86,1850,6.7346,Spot-tailed sparrowhawk,144.19,24
Accipiter trivirgatus,Accipitridae,Accipitriformes,265.04,3366430.69,1824,6.1247,Crested goshawk,963.32,69
Aceros nipalensis,Bucerotidae,Bucerotiformes,2385.0,284350.69,1829,6.5152,Rufous-necked hornbill,533.08,79
Achaetops pycnopygius,Macrosphenidae,Passeriformes,28.3,423641.18,1853,5.4618,,,24
Acridotheres albocinctus,Sturnidae,Passeriformes,98.9,328212.57,1875,5.5608,Collared myna,131.78,45
Acridotheres cinereus,Sturnidae,Passeriformes,98.9,20065.88,1850,5.2616,Pale-bellied myna,140.2,59
Acridotheres cristatellus,Sturnidae,Passeriformes,116.31,3073262.93,1758,5.8264,Crested myna,1152.63,151
Acridotheres fuscus,Sturnidae,Passeriformes,82.8,2411128.95,1827,5.1548,Jungle myna,819.38,84
Acridotheres ginginianus,Sturnidae,Passeriformes,72.0,1641344.88,1790,6.0886,Bank myna,591.73,61
Acridotheres grandis,Sturnidae,Passeriformes,98.91,1707140.6,1858,5.8911,Great myna,406.37,46
Acridotheres javanicus,Sturnidae,Passeriformes,93.5,130826.23,1851,6.0293,Javan myna,1134.74,88
Acridotheres tristis,Sturnidae,Passeriformes,116.43,8561587.67,1766,5.9384,Common myna,15149.46,697
Acritillas indica,Pycnonotidae,Passeriformes,30.6,219041.39,1839,5.7818,Yellow-browed bulbul,285.46,15
Acrobatornis fonsecai,Furnariidae,Passeriformes,13.7,3689.54,1996,4.9775,Pink-legged graveteiro,31.43,42
Acrocephalus aequinoctialis,Acrocephalidae,Passeriformes,25.0,229.11,1790,5.2714,,,21
Acrocephalus agricola,Acrocephalidae,Passeriformes,9.6,6560153.7,1845,5.2607,Paddyfield warbler,253.23,60
Acrocephalus arundinaceus,Acrocephalidae,Passeriformes,30.0,9336953.31,1758,4.6271,Great reed warbler,1079.31,286
Acrocephalus atyphus,Acrocephalidae,Passeriformes,30.0,611.16,1919,4.4973,Tuamotu reed warbler,40.73,24
Acrocephalus bistrigiceps,Acrocephalidae,Passeriformes,8.67,4170337.09,1860,5.3671,Black-browed reed warbler,128.82,41
Acrocephalus brevipennis,Acrocephalidae,Passeriformes,16.0,1324.46,1866,5.3278,Cape Verde warbler,102.86,29
Acrocephalus caffer,Acrocephalidae,Passeriformes,43.8,266.98,1786,4.8487,Tahiti reed warbler,57.97,56
Acrocephalus concinens,Acrocephalidae,Passeriformes,8.3,2146677.25,1870,4.7847,Blunt-winged warbler,55.32,31
Acrocephalus dumetorum,Acrocephalidae,Passeriformes,11.2,5747941.28,1849,5.6367,Blyth's reed warbler,623.17,102
Acrocephalus familiaris,Acrocephalidae,Passeriformes,18.3,1.55,1892,4.8649,,,41
Acrocephalus gracilirostris,Acrocephalidae,Passeriformes,14.4,4809980.0,1864,5.1025,Lesser swamp warbler,72.59,27
Acrocephalus griseldis,Acrocephalidae,Passeriformes,16.7,105982.42,1891,5.1287,Basra reed warbler,138.31,54
Acrocephalus hiwae,Acrocephalidae,Passeriformes,35.6,134.91,1942,4.3363,Saipan reed warbler,67.28,61
Acrocephalus melanopogon,Acrocephalidae,Passeriformes,10.9,2304218.81,1823,6.0251,Moustached warbler,298.27,96
Acrocephalus mendanae,Acrocephalidae,Passeriformes,36.3,593.47,1883,4.9209,Southern Marquesan reed warbler,41.33,27
Acrocephalus newtoni,Acrocephalidae,Passeriformes,17.0,591120.51,1863,4.8536,Madagascar swamp warbler,21.88,26
Acrocephalus orientalis,Acrocephalidae,Passeriformes,23.5,5305557.13,1847,4.8364,Oriental reed warbler,203.17,81
Acrocephalus orinus,Acrocephalidae,Passeriformes,24.2,15471.91,1905,4.3413,Large-billed reed warbler,133.76,32
Acrocephalus paludicola,Acrocephalidae,Passeriformes,11.6,182586.45,1817,5.143,Aquatic warbler,351.84,110
Acrocephalus palustris,Acrocephalidae,Passeriformes,11.5,5996672.74,1798,4.8942,Marsh warbler,697.92,130
Acrocephalus percernis,Acrocephalidae,Passeriformes,31.2,478.41,1919,5.0274,Northern Marquesan reed warbler,39.06,19
Acrocephalus rimitarae,Acrocephalidae,Passeriformes,26.5,6.84,1929,4.9199,Rimatara reed warbler,36.55,55
Acrocephalus rodericanus,Acrocephalidae,Passeriformes,11.8,2.73,1865,5.2444,Rodrigues warbler,101.57,20
Acrocephalus rufescens,Acrocephalidae,Passeriformes,22.72,1400095.07,1877,4.9504,Greater swamp warbler,45.62,27
Acrocephalus schoenobaenus,Acrocephalidae,Passeriformes,11.83,11967937.01,1758,5.1266,Sedge warbler,1545.11,155
Acrocephalus sechellensis,Acrocephalidae,Passeriformes,15.87,1.59,1877,5.4191,Seychelles warbler,184.84,122
Acrocephalus syrinx,Acrocephalidae,Passeriformes,34.0,562.18,1833,4.6965,Caroline reed warbler,30.84,21
Acrocephalus taiti,Acrocephalidae,Passeriformes,24.25,44.55,1913,5.0742,Henderson reed warbler,105.17,29
Acrocephalus tangorum,Acrocephalidae,Passeriformes,8.0,753054.77,1912,5.2169,Manchurian reed warbler,60.77,39
Acrocephalus vaughani,Acrocephalidae,Passeriformes,24.37,4.8,1900,4.9286,Pitcairn reed warbler,170.38,33
Acropternis orthonyx,Rhinocryptidae,Passeriformes,89.86,112912.0,1843,6.12,Ocellated tapaculo,71.53,33
Acryllium vulturinum,Numididae,Galliformes,1330.0,1226666.24,1834,6.6958,Vulturine guinea fowl,1441.62,70
Actenoides concretus,Alcedinidae,Coraciiformes,73.47,1024430.32,1825,7.3666,Rufous-collared kingfisher,155.98,29
Actenoides hombroni,Alcedinidae,Coraciiformes,117.0,24714.25,1850,6.842,Blue-capped kingfisher,68.54,36
Actenoides lindsayi,Alcedinidae,Coraciiformes,92.84,106620.85,1831,7.2308,Spotted wood kingfisher,190.32,37
Actinodura egertoni,Leiotrichidae,Passeriformes,36.0,262348.96,1836,6.0896,Rusty-fronted barwing,65.62,30
Actinodura sodangorum,Leiotrichidae,Passeriformes,38.4,10456.81,1998,5.6636,Black-crowned barwing,59.33,26
Actitis hypoleucos,Scolopacidae,Charadriiformes,48.0,25847437.41,1758,6.029,Common sandpiper,2034.39,250
Actitis macularius,Scolopacidae,Charadriiformes,40.4,13627000.39,1766,5.6705,Spotted sandpiper,1117.75,146
Actophilornis africanus,Jacanidae,Charadriiformes,189.09,16988448.66,1789,5.9193,African jacana,1490.33,55
Actophilornis albinucha,Jacanidae,Charadriiformes,239.0,113054.99,1832,6.0438,Madagascar jacana,75.48,23
Adelomyia melanogenys,Trochilidae,Caprimulgiformes,4.93,620219.31,1840,7.1152,Speckled hummingbird,105.22,58
Aechmophorus clarkii,Podicipedidae,Podicipediformes,1090.93,3589069.35,1858,5.4629,Clark's grebe,675.33,97
Aechmophorus occidentalis,Podicipedidae,Podicipediformes,1136.95,4866227.6,1858,6.183,Western grebe,1387.16,145
Aegithalos caudatus,Aegithalidae,Passeriformes,8.6,18247301.19,1758,7.3038,Long-tailed tit,6900.19,204
Aegithalos fuliginosus,Aegithalidae,Passeriformes,5.65,216742.87,1869,6.7914,Sooty bushtit,55.11,39
Aegithalos glaucogularis,Aegithalidae,Passeriformes,8.6,1794376.61,1855,7.0922,Silver-throated bushtit,140.0,44
Aegithalos leucogenys,Aegithalidae,Passeriformes,6.7,171568.74,1854,6.2935,White-cheeked bushtit,74.05,32
Aegithalos niveogularis,Aegithalidae,Passeriformes,7.8,180594.85,1855,6.1885,White-throated bushtit,64.46,32
Aegithina lafresnayei,Aegithinidae,Passeriformes,11.96,1675913.71,1844,6.2744,Great iora,58.71,22
Aegithina nigrolutea,Aegithinidae,Passeriformes,11.83,714297.74,1876,5.8736,Marshall's iora,116.19,20
Aegithina tiphia,Aegithinidae,Passeriformes,12.0,6356008.52,1758,6.3782,Common iora,863.71,46
Aegithina viridissima,Aegithinidae,Passeriformes,13.4,1109607.12,1850,6.0161,Green iora,109.05,26
Aegolius acadicus,Strigidae,Strigiformes,100.69,5712891.95,1788,7.8192,Northern saw-whet owl,4815.0,202
Aegolius funereus,Strigidae,Strigiformes,137.18,23596074.83,1758,7.0469,Boreal owl,2811.59,304
Aegolius harrisii,Strigidae,Strigiformes,120.0,1098550.77,1849,7.3259,Buff-fronted owl,180.47,80
Aegolius ridgwayi,Strigidae,Strigiformes,80.0,43992.75,1905,7.1265,Unspotted saw-whet owl,178.79,56
Aegotheles albertisi,Aegothelidae,Caprimulgiformes,35.2,95188.1,1874,6.1622,Mountain owlet-nightjar,47.85,25
Aegotheles crinifrons,Aegothelidae,Caprimulgiformes,136.0,20463.32,1850,5.7452,Moluccan owlet-nightjar,35.4,21
Aegotheles cristatus,Aegothelidae,Caprimulgiformes,42.78,7702773.06,1790,5.8403,Australian owlet-nightjar,470.84,37
Aegotheles insignis,Aegothelidae,Caprimulgiformes,78.5,168011.22,1876,5.9928,Feline owlet-nightjar,70.14,22
Aegotheles tatei,Aegothelidae,Caprimulgiformes,52.0,3664.11,1941,5.9353,Starry owlet-nightjar,49.39,26
Aegotheles wallacii,Aegothelidae,Caprimulgiformes,50.73,40086.3,1859,5.4547,Wallace's owlet-nightjar,44.33,24
Aegypius monachus,Accipitridae,Accipitriformes,9320.55,7718571.19,1766,6.2966,Cinereous vulture,5512.49,400
Aepypodius arfakianus,Megapodiidae,Galliformes,1463.8,193721.04,1877,4.9266,Wattled brushturkey,302.57,31
Aepypodius bruijnii,Megapodiidae,Galliformes,192.0,839.38,1880,4.1902,Waigeo brushturkey,270.16,24
Aerodramus bartschi,Apodidae,Caprimulgiformes,7.4,692.22,1909,4.7727,Mariana swiftlet,215.79,41
Aerodramus brevirostris,Apodidae,Caprimulgiformes,13.42,2186701.77,1840,5.0503,Himalayan swiftlet,162.82,36
Aerodramus elaphrus,Apodidae,Caprimulgiformes,10.7,205.22,1906,4.5814,Seychelles swiftlet,77.51,26
Aerodramus francicus,Apodidae,Caprimulgiformes,8.9,4418.34,1789,4.8236,Mascarene swiftlet,88.51,30
Aerodramus hirundinaceus,Apodidae,Caprimulgiformes,10.1,583622.07,1914,5.7588,Mountain swiftlet,38.54,17
Aerodramus inquietus,Apodidae,Caprimulgiformes,11.0,543.53,1858,4.7728,Caroline swiftlet,15.16,19
Aerodramus maximus,Apodidae,Caprimulgiformes,17.0,1057235.0,1878,5.0711,Black-nest swiftlet,264.59,38
Aerodramus mearnsi,Apodidae,Caprimulgiformes,11.3,254011.61,1912,5.1054,Philippine swiftlet,86.28,22
Aerodramus pelewensis,Apodidae,Caprimulgiformes,13.35,454.45,1935,4.3583,Palau swiftlet,38.12,16
Aerodramus salangana,Apodidae,Caprimulgiformes,11.3,483061.54,1848,4.7782,Mossy-nest swiftlet,61.4,20
Aerodramus sawtelli,Apodidae,Caprimulgiformes,8.6,26.52,1974,4.5474,Atiu swiftlet,87.72,23
Aerodramus spodiopygius,Apodidae,Caprimulgiformes,8.03,136466.16,1849,5.5341,White-rumped swiftlet,93.89,36
Aerodramus terraereginae,Apodidae,Caprimulgiformes,12.0,85667.06,1875,5.4019,Australian swiftlet,137.28,23
Aerodramus unicolor,Apodidae,Caprimulgiformes,11.0,248834.49,1840,5.2841,Indian swiftlet,570.52,27
Aerodramus vulcanorum,Apodidae,Caprimulgiformes,13.42,7990.54,1926,4.2657,Volcano swiftlet,77.84,23
Aeronautes andecolus,Apodidae,Caprimulgiformes,17.6,891310.57,1837,6.1639,Andean swift,60.72,23
Aeronautes montivagus,Apodidae,Caprimulgiformes,20.14,842701.64,1837,5.5117,White-tipped swift,46.8,25
Aeronautes saxatalis,Apodidae,Caprimulgiformes,32.1,4096268.29,1853,5.5512,White-throated swift,803.19,98
Aethia cristatella,Alcidae,Charadriiformes,259.36,479141.29,1769,5.785,Crested auklet,843.85,93
Aethia psittacula,Alcidae,Charadriiformes,269.98,400570.42,1769,5.4758,Parakeet auklet,430.37,44
Aethia pusilla,Alcidae,Charadriiformes,83.99,65157.07,1811,5.401,Least auklet,389.37,34
Aethia pygmaea,Alcidae,Charadriiformes,112.0,128454.73,1789,6.1309,Whiskered auklet,245.09,26
Aethopyga bella,Nectariniidae,Passeriformes,4.0,273279.54,1877,6.3965,Handsome sunbird,67.84,14
Aethopyga duyvenbodei,Nectariniidae,Passeriformes,6.03,556.53,1871,6.2377,Elegant sunbird,64.95,24
Aethopyga eximia,Nectariniidae,Passeriformes,5.2,6820.94,1821,6.2726,White-flanked sunbird,39.26,19
Aethopyga flagrans,Nectariniidae,Passeriformes,6.7,103535.95,1876,6.4784,Flaming sunbird,61.09,19
Aethopyga gouldiae,Nectariniidae,Passeriformes,5.0,3562401.81,1831,6.9253,Mrs. Gould's sunbird,264.53,33
Aethopyga guimarasensis,Nectariniidae,Passeriformes,6.7,24940.16,1890,6.3059,Maroon-naped sunbird,40.5,14
Aethopyga ignicauda,Nectariniidae,Passeriformes,8.2,586253.74,1836,7.2016,Fire-tailed sunbird,211.35,25
Aethopyga linaraborae,Nectariniidae,Passeriformes,7.2,2030.38,1997,6.7696,Lina's sunbird,56.62,18
Aethopyga magnifica,Nectariniidae,Passeriformes,9.3,30862.98,1876,5.9177,Magnificent sunbird,87.63,14
Aethopyga mystacalis,Nectariniidae,Passeriformes,6.0,125331.13,1822,6.2879,Javan sunbird,68.92,14
Aethopyga nipalensis,Nectariniidae,Passeriformes,6.9,1011015.38,1836,6.6115,Green-tailed sunbird,162.23,23
Aethopyga primigenia,Nectariniidae,Passeriformes,7.0,12041.0,1941,5.6537,Grey-hooded sunbird,40.41,21
Aethopyga saturata,Nectariniidae,Passeriformes,5.3,1679748.82,1836,6.5534,Black-throated sunbird,113.51,26
Aethopyga shelleyi,Nectariniidae,Passeriformes,4.0,13152.41,1876,6.6419,Lovely sunbird,59.87,12
Aethopyga siparaja,Nectariniidae,Passeriformes,6.7,4911554.19,1822,6.1496,Crimson sunbird,901.7,36
Aethopyga temminckii,Nectariniidae,Passeriformes,6.0,593269.15,1843,7.3925,Temminck's sunbird,71.67,16
Aethopyga vigorsii,Nectariniidae,Passeriformes,6.7,177886.52,1832,6.1316,Vigors's sunbird,199.06,15
Afropavo congensis,Phasianidae,Galliformes,1273.65,697505.34,1936,6.5637,Congo peafowl,4400.77,32
Afrotis afra,Otididae,Otidiformes,689.99,173167.3,1758,5.8104,Southern black korhaan,207.85,18
Afrotis afraoides,Otididae,Otidiformes,745.0,1934353.37,1831,5.0193,Northern black korhaan,288.72,15
Agamia agami,Ardeidae,Pelecaniformes,566.99,7840247.37,1789,6.6795,Agami heron,556.61,88
Agapornis canus,Psittacidae,Psittaciformes,30.0,412852.04,1788,6.5047,Grey-headed lovebird,597.89,54
Agapornis fischeri,Psittacidae,Psittaciformes,48.3,133888.77,1887,7.2844,Fischer's lovebird,3485.03,130
Agapornis lilianae,Psittacidae,Psittaciformes,37.3,211312.18,1894,7.6717,Lilian's lovebird,744.22,62
Agapornis nigrigenis,Psittacidae,Psittaciformes,40.5,14343.6,1906,7.0441,Black-cheeked lovebird,616.25,53
Agapornis personatus,Psittacidae,Psittaciformes,52.38,203564.0,1887,7.6105,Yellow-collared lovebird,1589.98,106
Agapornis pullarius,Psittacidae,Psittaciformes,39.3,2650780.74,1758,7.6092,Red-headed lovebird,525.43,34
Agapornis roseicollis,Psittacidae,Psittaciformes,53.83,455619.05,1818,7.0079,Rosy-faced lovebird,4439.53,200
Agapornis swindernianus,Psittacidae,Psittaciformes,39.98,1494870.12,1820,6.2237,Black-collared lovebird,634.47,17
Agapornis taranta,Psittacidae,Psittaciformes,57.48,407732.6,1814,6.3645,Black-winged lovebird,709.94,41
Agelaioides badius,Icteridae,Passeriformes,45.25,3734880.19,1819,5.5831,Grayish baywing,91.02,78
Agelaioides fringillarius,Icteridae,Passeriformes,45.25,1017510.61,1824,4.7448,Pale baywing,32.12,19
Agelaius assimilis,Icteridae,Passeriformes,47.68,4077.17,1850,6.33,Red-shouldered blackbird,202.05,16
Agelaius humeralis,Icteridae,Passeriformes,36.29,110595.49,1827,5.623,Tawny-shouldered blackbird,137.88,20
Agelaius phoeniceus,Icteridae,Passeriformes,50.78,13703226.95,1766,6.0636,Red-winged blackbird,17944.55,409
Agelaius tricolor,Icteridae,Passeriformes,57.92,113509.64,1837,5.2442,Tricolored blackbird,690.07,122
Agelaius xanthomus,Icteridae,Passeriformes,38.4,261.5,1862,6.5246,Yellow-shouldered blackbird,567.79,37
Agelastes niger,Numididae,Galliformes,699.99,764292.38,1857,4.5242,Black guinea fowl,288.75,19
Agelasticus cyanopus,Icteridae,Passeriformes,37.21,2871356.08,1819,5.5118,Unicolored blackbird,96.32,41
Agelasticus thilius,Icteridae,Passeriformes,31.5,2226093.79,1782,6.1237,Yellow-winged blackbird,731.12,42
Agelasticus xanthophthalmus,Icteridae,Passeriformes,45.1,9690.53,1969,5.5619,Pale-eyed blackbird,118.12,32
Aglaeactis aliciae,Trochilidae,Caprimulgiformes,7.0,182.72,1896,5.3208,Purple-backed sunbeam,64.2,26
Aglaeactis castelnaudii,Trochilidae,Caprimulgiformes,6.7,23294.94,1848,6.764,White-tufted sunbeam,55.09,29
Aglaeactis cupripennis,Trochilidae,Caprimulgiformes,7.6,224852.99,1843,7.1072,Shining sunbeam,118.12,52
Aglaeactis pamela,Trochilidae,Caprimulgiformes,5.5,16558.41,1838,6.8986,Black-hooded sunbeam,63.02,22
Aglaiocercus berlepschi,Trochilidae,Caprimulgiformes,4.97,4153.76,1898,6.9263,Venezuelan sylph,69.26,18
Aglaiocercus coelestis,Trochilidae,Caprimulgiformes,5.61,28060.09,1861,6.9761,Violet-tailed sylph,226.43,27
Aglaiocercus kingii,Trochilidae,Caprimulgiformes,4.84,267748.93,1832,7.4466,Long-tailed sylph,299.27,35
Agraphospiza rubescens,Fringillidae,Passeriformes,19.0,982321.05,1872,5.2632,Blanford's rosefinch,113.84,15
Agricola infuscatus,Muscicapidae,Passeriformes,32.4,1446786.72,1839,5.3338,Chat flycatcher,58.54,6
Agricola pallidus,Muscicapidae,Passeriformes,23.6,9110671.42,1851,5.1712,Pale flycatcher,73.28,7
Agriornis albicauda,Tyrannidae,Passeriformes,53.0,579914.07,1863,4.9177,White-tailed shrike-tyrant,28.12,36
Agriornis lividus,Tyrannidae,Passeriformes,99.1,592911.81,1835,5.5232,Great shrike-tyrant,73.81,17
Agriornis micropterus,Tyrannidae,Passeriformes,67.79,1049872.73,1839,5.0199,Grey-bellied shrike-tyrant,23.0,26
Agriornis montanus,Tyrannidae,Passeriformes,63.3,2168659.57,1837,4.6684,Black-billed shrike-tyrant,47.49,21
Agriornis murinus,Tyrannidae,Passeriformes,29.9,653171.66,1837,4.9695,Lesser shrike-tyrant,25.65,19
Agropsar philippensis,Sturnidae,Passeriformes,28.8,204502.7,1781,6.0595,Chestnut-cheeked starling,136.27,26
Agropsar sturninus,Sturnidae,Passeriformes,49.4,3280985.0,1776,5.9105,Daurian starling,208.51,26
Ailuroedus crassirostris,Ptilonorhynchidae,Passeriformes,205.32,208835.98,1815,6.1974,Green catbird,706.94,16
Aimophila notosticta,Passerellidae,Passeriformes,27.1,29968.21,1868,5.2135,Oaxaca sparrow,42.93,38
Aimophila rufescens,Passerellidae,Passeriformes,34.3,616683.25,1827,5.8385,Rusty sparrow,55.2,21
Aimophila ruficeps,Passerellidae,Passeriformes,18.69,1184786.97,1852,5.836,Rufous-crowned sparrow,571.81,97
Aix galericulata,Anatidae,Anseriformes,567.04,1904941.91,1758,6.5613,Mandarin duck,15506.96,240
Aix sponsa,Anatidae,Anseriformes,657.59,6191757.66,1758,6.7736,Wood duck,10622.02,297
Akletos goeldii,Thamnophilidae,Passeriformes,42.0,342175.6,1908,5.4582,Goeldi's antbird,27.2,14
Akletos melanoceps,Thamnophilidae,Passeriformes,38.5,1321301.01,1858,6.3121,White-shouldered antbird,24.5,10
Alaemon alaudipes,Alaudidae,Passeriformes,43.72,10471834.07,1789,4.5785,Greater hoopoe-lark,327.19,27
Alaemon hamertoni,Alaudidae,Passeriformes,43.7,160427.89,1905,4.6403,Lesser hoopoe-lark,42.24,12
Alauda arvensis,Alaudidae,Passeriformes,37.31,26018285.25,1758,5.1405,Eurasian skylark,5811.02,338
Alauda gulgula,Alaudidae,Passeriformes,26.3,11895680.09,1831,5.1024,Oriental skylark,336.39,40
Alauda leucoptera,Alaudidae,Passeriformes,45.3,2978169.83,1811,4.7483,White-winged lark,122.57,17
Alauda razae,Alaudidae,Passeriformes,21.9,1.92,1898,4.1981,Raso lark,188.7,26
Alaudala raytal,Alaudidae,Passeriformes,18.49,1260034.4,1845,5.3491,Sand lark,102.0,9
Alaudala somalica,Alaudidae,Passeriformes,24.1,203115.48,1895,4.6981,Somali short-toed lark,29.87,7
Alca torda,Alcidae,Charadriiformes,725.99,1228730.51,1758,6.5791,,,221
Alcedo atthis,Alcedinidae,Coraciiformes,31.09,24992154.31,1758,7.315,Common kingfisher,11458.61,315
Alcedo coerulescens,Alcedinidae,Coraciiformes,34.9,218566.25,1818,7.783,Cerulean kingfisher,374.72,18
Alcedo hercules,Alcedinidae,Coraciiformes,62.5,698178.98,1917,7.6465,Blyth's kingfisher,329.02,32
Alcedo meninting,Alcedinidae,Coraciiformes,20.42,3655192.84,1821,7.3936,Blue-eared kingfisher,632.79,23
Alcedo quadribrachys,Alcedinidae,Coraciiformes,34.9,4674328.28,1850,7.6369,Shining-blue kingfisher,161.94,22
Alcedo semitorquata,Alcedinidae,Coraciiformes,47.32,3463736.2,1823,7.7034,Half-collared kingfisher,206.24,27
Alcippe brunneicauda,Leiotrichidae,Passeriformes,14.3,764716.7,1879,4.774,Brown fulvetta,46.34,28
Alcippe grotei,Leiotrichidae,Passeriformes,14.3,231045.61,1936,5.1072,Black-browed fulvetta,30.91,11
Alcippe nipalensis,Leiotrichidae,Passeriformes,15.8,350859.19,1837,5.8879,Nepal fulvetta,45.08,17
Alcippe peracensis,Leiotrichidae,Passeriformes,14.3,148125.11,1887,6.1226,Mountain fulvetta,35.85,14
Alcippe poioicephala,Leiotrichidae,Passeriformes,20.7,2023970.47,1844,4.8067,Brown-cheeked fulvetta,168.7,21
Alcippe pyrrhoptera,Leiotrichidae,Passeriformes,16.3,24849.19,1850,5.0398,Javan fulvetta,31.12,10
Alcurus striatus,Pycnonotidae,Passeriformes,51.96,1082921.86,1842,6.3745,Striated bulbul,84.92,5
Aleadryas rufinucha,Oreoicidae,Passeriformes,40.5,150684.68,1874,5.4735,Rufous-naped bellbird,43.38,14
Alectoris barbara,Phasianidae,Galliformes,416.33,1360209.0,1790,5.5927,Barbary partridge,600.38,119
Alectoris chukar,Phasianidae,Galliformes,502.1,10343343.08,1830,5.8038,Chukar partridge,10212.09,416
Alectoris graeca,Phasianidae,Galliformes,594.11,538497.96,1804,5.8173,Rock partridge,989.95,152
Alectoris magna,Phasianidae,Galliformes,541.35,624646.35,1876,6.0044,Przevalski's partridge,182.74,27
Alectoris melanocephala,Phasianidae,Galliformes,614.75,351773.76,1835,5.3642,Arabian partridge,229.19,53
Alectoris philbyi,Phasianidae,Galliformes,441.0,80634.58,1934,5.266,Philby's partridge,211.77,40
Alectoris rufa,Phasianidae,Galliformes,527.86,953692.19,1758,5.5444,Red-legged partridge,2376.66,327
Alectroenas madagascariensis,Columbidae,Columbiformes,173.0,311714.72,1766,5.8566,Madagascar blue pigeon,77.97,12
Alectroenas pulcherrimus,Columbidae,Columbiformes,165.0,243.54,1786,5.3833,Seychelles blue pigeon,229.63,4
Alectroenas sganzini,Columbidae,Columbiformes,158.0,2217.0,1854,5.6321,Comoro blue pigeon,32.88,9
Alectrurus risora,Tyrannidae,Passeriformes,21.0,98768.33,1824,5.6776,Strange-tailed tyrant,134.72,29
Alectrurus tricolor,Tyrannidae,Passeriformes,16.0,1047721.78,1816,6.5432,Cock-tailed tyrant,50.67,50
Alectura lathami,Megapodiidae,Galliformes,2333.06,642830.5,1831,4.9873,Australian brushturkey,5585.98,58
Alethe castanea,Muscicapidae,Passeriformes,31.54,3011976.63,1856,4.911,Fire-crested alethe,48.33,13
Alethe diademata,Muscicapidae,Passeriformes,31.54,448296.69,1850,5.8632,White-tailed alethe,41.53,24
Alexandrinus eques,Psittacidae,Psittaciformes,163.0,68.35253733921321,1876,6.5077,Echo parakeet,1379.12,6
Alexandrinus krameri,Psittacidae,Psittaciformes,116.11,7699517.77956872,1769,6.953,Rose-ringed parakeet,18075.13,7
Alipiopsitta xanthops,Psittacidae,Psittaciformes,159.0,1892815.21,1824,6.041,Yellow-faced parrot,320.03,38
Alisterus amboinensis,Psittacidae,Psittaciformes,153.0,148979.73,1766,6.7587,Moluccan king parrot,370.29,17
Alisterus chloropterus,Psittacidae,Psittaciformes,156.0,323894.91,1879,6.6946,Papuan king parrot,188.41,18
Alisterus scapularis,Psittacidae,Psittaciformes,232.26,811455.94,1816,6.819,Australian king parrot,3216.38,40
Alle alle,Alcidae,Charadriiformes,180.73,375517.37,1758,6.1939,Little auk,3271.8,302
Allenia fusca,Mimidae,Passeriformes,67.07,5297.69,1776,4.7603,Scaly-breasted thrasher,97.38,18
Alophoixus bres,Pycnonotidae,Passeriformes,35.31,87148.92,1831,5.2736,Brown-cheeked bulbul,33.36,39
Alophoixus flaveolus,Pycnonotidae,Passeriformes,48.3,559779.47,1836,5.5748,White-throated bulbul,92.7,24
Alophoixus frater,Pycnonotidae,Passeriformes,44.8,13628.82,1877,5.1075,Palawan bulbul,40.81,6
Alophoixus ochraceus,Pycnonotidae,Passeriformes,41.45,407080.06,1854,5.7105,Ochraceous bulbul,77.97,26
Alophoixus phaeocephalus,Pycnonotidae,Passeriformes,32.0,1368840.15,1844,5.9367,Yellow-bellied bulbul,90.46,20
Alopochelidon fucata,Hirundinidae,Passeriformes,13.96,4295655.0,1822,6.201,Tawny-headed swallow,67.97,25
Alopochen aegyptiaca,Anatidae,Anseriformes,1873.0,17452607.3,1766,6.3231,Egyptian goose,8303.01,482
Amadina erythrocephala,Estrildidae,Passeriformes,22.5,1628356.19,1758,5.8733,Red-headed finch,792.59,14
Amadina fasciata,Estrildidae,Passeriformes,18.0,3347451.84,1789,5.7257,Cut-throat finch,399.06,30
Amalocichla incerta,Petroicidae,Passeriformes,32.7,161107.33,1876,5.1475,Lesser ground robin,24.02,18
Amalocichla sclateriana,Petroicidae,Passeriformes,54.7,15280.99,1892,4.8565,Greater ground robin,32.24,18
Amandava amandava,Estrildidae,Passeriformes,8.97,3578715.84,1758,7.2448,Red avadavat,2169.82,89
Amandava formosa,Estrildidae,Passeriformes,9.0,686385.24,1790,6.4048,Green avadavat,260.24,33
Amandava subflava,Estrildidae,Passeriformes,7.44,3352898.94,1819,6.3966,Orange-breasted waxbill,223.0,25
Amaurocichla bocagii,Motacillidae,Passeriformes,7.0,340.89,1892,4.7637,São Tomé shorttail,72.78,14
Amaurolimnas concolor,Rallidae,Gruiformes,133.0,1702915.03,1847,4.7951,Uniform crake,94.62,29
Amaurornis cinerea,Rallidae,Gruiformes,52.1,3636005.21,1819,4.8114,White-browed crake,191.57,7
Amaurornis isabellina,Rallidae,Gruiformes,180.0,55595.11,1865,5.2369,Isabelline bush-hen,58.52,12
Amaurornis marginalis,Rallidae,Gruiformes,51.2,3857317.95,1857,4.392,Striped crake,101.64,6
Amaurornis moluccana,Rallidae,Gruiformes,186.78,1266108.02,1865,5.3352,Pale-vented bush-hen,122.68,5
Amaurornis olivacea,Rallidae,Gruiformes,292.0,271176.41,1834,5.1627,Plain bush-hen,119.11,4
Amaurornis phoenicurus,Rallidae,Gruiformes,180.0,9839893.66,1769,6.0165,White-breasted waterhen,2560.11,79
Amazilia boucardi,Trochilidae,Caprimulgiformes,4.5,1301.76,1877,7.3242,Mangrove hummingbird,154.48,73
Amazilia cyanifrons,Trochilidae,Caprimulgiformes,5.0,54825.57,1843,7.4839,Indigo-capped hummingbird,103.96,23
Amazilia franciae,Trochilidae,Caprimulgiformes,5.0,247257.85,1846,7.4505,Andean emerald,121.06,16
Amazilia luciae,Trochilidae,Caprimulgiformes,4.5,399.27,1868,6.2456,Honduran emerald,214.26,60
Amazilia rutila,Trochilidae,Caprimulgiformes,5.24,397592.64,1843,6.3958,Cinnamon hummingbird,223.88,60
Amazilia tzacatl,Trochilidae,Caprimulgiformes,4.79,1019992.01,1833,7.1295,Rufous-tailed hummingbird,374.5,81
Amazilia yucatanensis,Trochilidae,Caprimulgiformes,3.89,395059.16,1845,7.2208,Buff-bellied hummingbird,347.18,71
Amazona aestiva,Psittacidae,Psittaciformes,451.0,5857429.4,1758,6.9988,Blue-fronted amazon,802.34,403
Amazona agilis,Psittacidae,Psittaciformes,213.0,2594.35,1758,6.5738,Black-billed amazon,351.17,26
Amazona albifrons,Psittacidae,Psittaciformes,206.0,544425.16,1788,6.867,White-fronted amazon,669.02,101
Amazona amazonica,Psittacidae,Psittaciformes,370.0,7377327.39,1766,6.5665,Orange-winged amazon,1000.6,156
Amazona arausiaca,Psittacidae,Psittaciformes,500.0,73.86,1776,6.2495,Red-necked amazon,280.32,28
Amazona auropalliata,Psittacidae,Psittaciformes,476.94,128946.92,1842,7.0018,Yellow-naped amazon,1507.89,130
Amazona barbadensis,Psittacidae,Psittaciformes,270.0,4372.04,1788,6.6376,Yellow-shouldered amazon,391.4,56
Amazona brasiliensis,Psittacidae,Psittaciformes,430.0,4747.02,1758,6.4006,Red-tailed amazon,236.8,61
Amazona collaria,Psittacidae,Psittaciformes,187.0,5429.01,1758,6.8116,Yellow-billed amazon,343.89,21
Amazona dufresniana,Psittacidae,Psittaciformes,623.0,369976.5,1812,5.8594,Blue-cheeked amazon,199.15,34
Amazona finschi,Psittacidae,Psittaciformes,302.0,111128.49,1864,6.2855,Lilac-crowned amazon,513.72,145
Amazona guildingii,Psittacidae,Psittaciformes,646.0,43.1,1837,6.4934,Saint Vincent amazon,454.47,33
Amazona imperialis,Psittacidae,Psittaciformes,529.5,61.28,1899,5.5652,Imperial amazon,1412.42,34
Amazona kawalli,Psittacidae,Psittaciformes,626.0,812429.39,1989,7.0743,Kawall's amazon,121.88,32
Amazona leucocephala,Psittacidae,Psittaciformes,235.34,31233.13,1758,6.22,Cuban amazon,878.67,58
Amazona mercenarius,Psittacidae,Psittaciformes,340.0,432626.42,1844,6.4573,Scaly-naped amazon,112.29,4
Amazona ochrocephala,Psittacidae,Psittaciformes,476.94,6626117.83,1788,7.1286,Yellow-crowned amazon,1213.47,139
Amazona oratrix,Psittacidae,Psittaciformes,476.94,48119.81,1887,6.6274,Yellow-headed amazon,2401.5,160
Amazona pretrei,Psittacidae,Psittaciformes,272.76,10426.1,1830,6.6489,Red-spectacled amazon,226.58,74
Amazona rhodocorytha,Psittacidae,Psittaciformes,474.34,2672.56,1890,6.9499,Red-browed amazon,196.99,66
Amazona tucumana,Psittacidae,Psittaciformes,260.0,69208.16,1885,6.5437,Tucumán amazon,163.15,56
Amazona ventralis,Psittacidae,Psittaciformes,214.0,7113.45,1776,7.0516,Hispaniolan amazon,473.13,97
Amazona versicolor,Psittacidae,Psittaciformes,676.0,142.22,1776,6.7309,Saint Lucia amazon,388.84,33
Amazona vinacea,Psittacidae,Psittaciformes,254.0,105992.85,1820,6.7486,Vinaceous-breasted amazon,226.49,110
Amazona viridigenalis,Psittacidae,Psittaciformes,316.0,7846.5,1853,6.6883,Red-crowned amazon,2051.73,119
Amazona vittata,Psittacidae,Psittaciformes,279.28,177.43,1783,6.3394,Puerto Rican amazon,1858.11,45
Amazona xantholora,Psittacidae,Psittaciformes,217.0,131400.34,1859,6.4212,Yucatan amazon,186.67,72
Amazonetta brasiliensis,Anatidae,Anseriformes,499.99,8747518.75,1789,5.4758,Brazilian teal,398.72,60
Amblycercus holosericeus,Icteridae,Passeriformes,70.42,1152587.02,1830,5.3855,Yellow-billed cacique,78.94,29
Amblyornis inornata,Ptilonorhynchidae,Passeriformes,124.0,16136.48,1871,5.5738,Vogelkop bowerbird,461.72,15
Amblyornis macgregoriae,Ptilonorhynchidae,Passeriformes,117.47,139562.12,1890,5.0217,MacGregor's bowerbird,437.37,20
Amblyospiza albifrons,Ploceidae,Passeriformes,41.59,3499946.84,1831,6.0747,Thick-billed weaver,214.01,16
Amblyramphus holosericeus,Icteridae,Passeriformes,56.76,1580707.22,1786,7.1079,Scarlet-headed blackbird,328.67,33
Ammodramus aurifrons,Passerellidae,Passeriformes,17.8,3867543.93,1825,5.3854,Yellow-browed sparrow,140.47,26
Ammodramus humeralis,Passerellidae,Passeriformes,15.99,9115374.38,1792,5.2054,Grassland sparrow,106.12,38
Ammodramus savannarum,Passerellidae,Passeriformes,17.61,5240933.14,1789,4.9624,Grasshopper sparrow,989.38,257
Ammomanes cinctura,Alaudidae,Passeriformes,18.13,7019361.88,1839,4.7738,Bar-tailed lark,144.07,28
Ammomanes deserti,Alaudidae,Passeriformes,23.8,11432995.72,1823,4.4371,Desert lark,297.86,34
Ammomanes phoenicura,Alaudidae,Passeriformes,25.6,1826048.11,1831,5.503,Rufous-tailed lark,127.88,19
Ammomanopsis grayi,Alaudidae,Passeriformes,21.41,184607.34,1855,4.8961,Gray's lark,57.62,12
Ammonastes pelzelni,Thamnophilidae,Passeriformes,17.73,58892.64,1890,5.1224,Grey-bellied antbird,16.69,10
Ammoperdix griseogularis,Phasianidae,Galliformes,201.86,2996830.79,1843,5.8601,See-see partridge,344.61,59
Ammoperdix heyi,Phasianidae,Galliformes,189.73,1664830.95,1825,5.3121,Sand partridge,323.02,49
Ammospiza caudacuta,Passerellidae,Passeriformes,19.19,69526.84,1788,5.7751,Saltmarsh sparrow,339.88,40
Ammospiza leconteii,Passerellidae,Passeriformes,13.0,2867567.84,1844,6.4484,LeConte's sparrow,383.54,44
Ammospiza maritima,Passerellidae,Passeriformes,22.16,184267.84,1811,5.9935,Seaside sparrow,422.17,82
Ammospiza nelsoni,Passerellidae,Passeriformes,15.11,2592907.6,1875,5.5452,Nelson's sparrow,503.51,29
Ampeliceps coronatus,Sturnidae,Passeriformes,87.87,1377766.1,1842,5.6631,Golden-crested myna,193.47,17
Ampelioides tschudii,Cotingidae,Passeriformes,78.4,201035.43,1846,6.7028,Scaled fruiteater,44.07,21
Ampelion rubrocristatus,Cotingidae,Passeriformes,66.29,413439.19,1837,6.6143,Red-crested cotinga,44.25,34
Ampelion rufaxilla,Cotingidae,Passeriformes,73.9,79754.2,1844,6.0841,Chestnut-crested cotinga,32.68,28
Ampelornis griseiceps,Thamnophilidae,Passeriformes,15.0,17850.65,1923,5.0979,Grey-headed antbird,20.31,20
Amphispiza bilineata,Passerellidae,Passeriformes,13.5,2450691.64,1850,5.872,Black-throated sparrow,585.26,93
Amphispiza quinquestriata,Passerellidae,Passeriformes,19.53,151617.22,1868,5.1518,Five-striped sparrow,79.03,25
Amytornis ballarae,Maluridae,Passeriformes,20.97,58307.82,1969,6.4568,Kalkadoon grasswren,58.02,21
Amytornis barbatus,Maluridae,Passeriformes,18.39,55946.51,1968,5.647,Grey grasswren,83.0,21
Amytornis dorotheae,Maluridae,Passeriformes,23.22,74551.91,1914,6.1325,Carpentarian grasswren,50.63,22
Amytornis goyderi,Maluridae,Passeriformes,16.69,227659.69,1875,6.6625,Eyrean grasswren,72.58,20
Amytornis housei,Maluridae,Passeriformes,28.92,32941.64,1902,5.9939,Black grasswren,107.2,14
Amytornis merrotsyi,Maluridae,Passeriformes,19.64,43125.44,1913,6.3205,Short-tailed grasswren,49.67,18
Amytornis modestus,Maluridae,Passeriformes,23.03,305838.53,1902,5.447,Thick-billed grasswren,71.42,18
Amytornis purnelli,Maluridae,Passeriformes,20.97,653027.47,1914,6.454,Dusky grasswren,100.84,18
Amytornis textilis,Maluridae,Passeriformes,23.03,108583.74,1824,5.1163,Western grasswren,67.86,28
Amytornis woodwardi,Maluridae,Passeriformes,35.05,5520.04,1905,6.8952,White-throated grasswren,51.01,20
Anabacerthia amaurotis,Furnariidae,Passeriformes,19.2,499233.47,1823,4.9727,White-browed foliage-gleaner,22.8,24
Anabacerthia lichtensteini,Furnariidae,Passeriformes,21.0,1589284.85,1860,5.7475,Ochre-breasted foliage-gleaner,31.26,16
Anabacerthia ruficaudata,Furnariidae,Passeriformes,30.1,4312236.42,1838,5.5393,Rufous-tailed foliage-gleaner,24.66,12
Anabacerthia striaticollis,Furnariidae,Passeriformes,24.8,335322.02,1841,5.4136,Montane foliage-gleaner,35.82,25
Anabacerthia variegaticeps,Furnariidae,Passeriformes,27.8,215334.52,1857,5.5316,Scaly-throated foliage-gleaner,44.63,19
Anabathmis hartlaubii,Nectariniidae,Passeriformes,10.5,146.65,1857,5.9603,Príncipe sunbird,38.89,8
Anabathmis newtonii,Nectariniidae,Passeriformes,6.5,858.51,1887,6.4418,Newton's sunbird,44.49,10
Anabathmis reichenbachii,Nectariniidae,Passeriformes,11.4,2222320.41,1857,6.034,Reichenbach's sunbird,39.8,8
Anabazenops dorsalis,Furnariidae,Passeriformes,35.4,480171.5,1880,5.3511,Bamboo foliage-gleaner,23.77,16
Anabazenops fuscus,Furnariidae,Passeriformes,38.5,372722.52,1816,5.4035,White-collared foliage-gleaner,27.59,30
Anairetes alpinus,Tyrannidae,Passeriformes,9.0,11772.35,1933,4.9394,Ash-breasted tit-tyrant,164.22,60
Anairetes fernandezianus,Tyrannidae,Passeriformes,6.85,93.26,1857,5.9402,Juan Fernandez tit-tyrant,37.61,24
Anairetes flavirostris,Tyrannidae,Passeriformes,6.0,1523046.25,1876,5.7913,Yellow-billed tit-tyrant,30.23,26
Anairetes nigrocristatus,Tyrannidae,Passeriformes,9.2,48678.07,1884,6.794,Black-crested tit-tyrant,32.79,25
Anairetes parulus,Tyrannidae,Passeriformes,6.2,2638454.78,1830,6.2849,Tufted tit-tyrant,151.43,51
Anairetes reguloides,Tyrannidae,Passeriformes,5.9,103712.53,1837,6.1181,Pied-crested tit-tyrant,30.66,30
Anarhynchus frontalis,Charadriidae,Charadriiformes,57.64,9523.06,1832,5.6687,,,25
Anas acuta,Anatidae,Anseriformes,944.62,28403500.77,1758,5.735,Northern pintail,4516.88,467
Anas albogularis,Anatidae,Anseriformes,488.11,4843.64,1873,6.1933,Andaman teal,271.99,12
Anas andium,Anatidae,Anseriformes,434.0,410562.88,1873,5.4524,Andean teal,143.03,29
Anas aucklandica,Anatidae,Anseriformes,499.09,42.5,1844,5.3934,Auckland teal,318.84,25
Anas bahamensis,Anatidae,Anseriformes,489.97,2991584.7,1758,6.0559,White-cheeked pintail,643.72,93
Anas bernieri,Anatidae,Anseriformes,378.48,53434.31,1860,5.6614,Bernier's teal,216.43,23
Anas capensis,Anatidae,Anseriformes,402.0,4317287.05,1789,5.2971,Cape teal,312.43,37
Anas castanea,Anatidae,Anseriformes,624.01,3131751.24,1838,6.1896,Chestnut teal,363.29,33
Anas chlorotis,Anatidae,Anseriformes,499.09,936.42,1845,5.7821,Brown teal,342.73,31
Anas eatoni,Anatidae,Anseriformes,944.62,7506.03,1875,4.9951,Eaton's pintail,290.26,23
Anas erythrorhyncha,Anatidae,Anseriformes,558.82,10763443.79,1789,5.8317,Red-billed teal,275.98,54
Anas flavirostris,Anatidae,Anseriformes,434.0,3942276.35,1816,5.383,Yellow-billed teal,264.47,88
Anas georgica,Anatidae,Anseriformes,623.82,4166039.59,1789,5.1789,Yellow-billed pintail,324.67,85
Anas gibberifrons,Anatidae,Anseriformes,488.11,787609.11,1842,4.8288,Sunda teal,165.11,18
Anas gracilis,Anatidae,Anseriformes,488.11,8457229.37,1869,5.485,Grey teal,419.45,53
Anas laysanensis,Anatidae,Anseriformes,843.42,1.52,1892,5.3403,Laysan duck,1274.37,40
Anas luzonica,Anatidae,Anseriformes,832.04,279937.11,1839,5.4115,Philippine duck,786.4,65
Anas melleri,Anatidae,Anseriformes,959.22,210448.78,1865,5.8143,Meller's duck,234.93,42
Anas nesiotis,Anatidae,Anseriformes,499.09,112.17,1935,4.893,Campbell teal,504.81,15
Anas platyrhynchos,Anatidae,Anseriformes,843.42,39707247.47,1758,5.7034,,,2144
Anas poecilorhyncha,Anatidae,Anseriformes,999.96,5228716.82,1781,5.7637,Indian spot-billed duck,1020.25,94
Anas rubripes,Anatidae,Anseriformes,1240.96,4118764.61,1902,5.0393,American black duck,3873.88,149
Anas sparsa,Anatidae,Anseriformes,981.49,9213622.59,1838,5.5659,African black duck,517.84,24
Anas superciliosa,Anatidae,Anseriformes,882.76,8845309.64,1789,6.1373,Pacific black duck,1642.43,78
Anas undulata,Anatidae,Anseriformes,1008.0,8476793.26,1838,5.7748,Yellow-billed duck,508.22,44
Anas wyvilliana,Anatidae,Anseriformes,843.42,4181.09,1878,5.7196,Hawaiian duck,1307.95,37
Anas zonorhyncha,Anatidae,Anseriformes,1156.0,8223090.75,1866,5.68,Eastern spot-billed duck,450.05,83
Anastomus lamelligerus,Ciconiidae,Ciconiiformes,1081.0,13409712.69,1823,5.6364,African openbill,660.25,37
Anastomus oscitans,Ciconiidae,Ciconiiformes,1590.0,2119789.43,1783,5.7324,Asian openbill,1593.42,110
Ancistrops strigilatus,Furnariidae,Passeriformes,35.9,2508167.13,1825,5.2111,Chestnut-winged hookbill,26.8,19
Andigena cucullata,Ramphastidae,Piciformes,311.76,48713.29,1846,6.8653,Hooded mountain toucan,112.16,18
Andigena hypoglauca,Ramphastidae,Piciformes,312.83,122389.53,1833,6.9316,Grey-breasted mountain toucan,212.45,51
Andigena laminirostris,Ramphastidae,Piciformes,311.0,14349.38,1851,7.233,Plate-billed mountain toucan,443.71,84
Andigena nigrirostris,Ramphastidae,Piciformes,350.0,110031.99,1839,7.0668,Black-billed mountain toucan,248.98,46
Androdon aequatorialis,Trochilidae,Caprimulgiformes,7.3,113195.04,1863,6.1704,Tooth-billed hummingbird,160.72,22
Andropadus importunus,Pycnonotidae,Passeriformes,27.4,1338546.67,1818,5.2908,Sombre greenbul,238.43,18
Androphobus viridis,Psophodidae,Passeriformes,30.5,53415.99,1911,4.5901,Papuan whipbird,40.93,14
Anhima cornuta,Anhimidae,Anseriformes,3150.0,10980198.81,1766,5.3103,Horned screamer,1486.21,46
Anhinga anhinga,Anhingidae,Suliformes,1235.0,14921101.49,1766,6.7177,,,83
Anhinga melanogaster,Anhingidae,Suliformes,1480.06,6866922.36,1769,5.7803,Oriental darter,1102.41,85
Anhinga novaehollandiae,Anhingidae,Suliformes,1480.06,6824500.2,1847,5.9754,Australasian darter,687.62,20
Anhinga rufa,Anhingidae,Suliformes,1480.06,17976599.63,1802,5.5845,African darter,716.78,43
Anisognathus lacrymosus,Thraupidae,Passeriformes,31.0,173969.02,1846,6.8065,Lacrimose mountain tanager,52.23,35
Anisognathus melanogenys,Thraupidae,Passeriformes,41.0,7906.89,1880,6.5117,Santa Marta mountain tanager,25.01,31
Anisognathus notabilis,Thraupidae,Passeriformes,57.3,18610.62,1855,7.0766,Black-chinned mountain tanager,36.87,33
Anodorhynchus hyacinthinus,Psittacidae,Psittaciformes,1331.0,536784.2,1790,7.7429,Hyacinth macaw,16662.52,187
Anodorhynchus leari,Psittacidae,Psittaciformes,939.99,7546.2,1856,6.6782,Lear's macaw,2477.76,106
Anomalospiza imberbis,Viduidae,Passeriformes,20.53,1822866.7,1868,6.3257,,,30
Anopetia gounellei,Trochilidae,Caprimulgiformes,3.2,534925.91,1891,6.4801,Broad-tipped hermit,67.71,27
Anorrhinus austeni,Bucerotidae,Bucerotiformes,933.0,774356.6,1872,5.7379,Austen's brown hornbill,189.93,28
Anorrhinus galeritus,Bucerotidae,Bucerotiformes,1172.0,1381919.99,1831,5.4835,Bushy-crested hornbill,145.1,36
Anorrhinus tickelli,Bucerotidae,Bucerotiformes,792.64,160242.6,1855,5.6802,Tickell's brown hornbill,100.09,22
Anous albivittus,Laridae,Charadriiformes,72.2,14237945.1,1856,5.8514,,,1
Anous ceruleus,Laridae,Charadriiformes,53.0,33816689.35,1840,5.6684,Blue noddy,161.69,6
Anous minutus,Laridae,Charadriiformes,112.44,6602963.98,1844,5.5432,Black noddy,915.66,68
Anous stolidus,Laridae,Charadriiformes,177.77,10192935.47,1758,6.0573,Brown noddy,1252.62,124
Anous tenuirostris,Laridae,Charadriiformes,112.0,177139.92,1823,5.9342,Lesser noddy,248.78,39
Anser albifrons,Anatidae,Anseriformes,2506.39,5891602.97,1769,5.1784,Greater white-fronted goose,2934.68,483
Anser anser,Anatidae,Anseriformes,3302.41,13285537.12,1758,5.1104,Greylag goose,7079.08,771
Anser brachyrhynchus,Anatidae,Anseriformes,2642.04,190949.74,1834,4.6383,Pink-footed goose,1611.92,194
Anser caerulescens,Anatidae,Anseriformes,2636.15,582038.07,1758,6.2732,Snow goose,8583.78,171
Anser canagicus,Anatidae,Anseriformes,2136.49,186745.48,1802,6.015,Emperor goose,1059.29,44
Anser cygnoid,Anatidae,Anseriformes,3511.94,2166055.01,1758,5.4659,Swan goose,2890.33,47
Anser erythropus,Anatidae,Anseriformes,1755.5,2594919.27,1758,5.8905,Lesser white-fronted goose,982.38,251
Anser indicus,Anatidae,Anseriformes,2212.55,2371478.0,1790,6.6979,Bar-headed goose,4600.27,236
Anser rossii,Anatidae,Anseriformes,1635.99,216140.46,1861,5.8756,Ross's goose,1663.1,59
Anseranas semipalmata,Anseranatidae,Anseriformes,2393.4,223353.42,1798,5.0425,Magpie goose,2721.35,53
Anthipes monileger,Muscicapidae,Passeriformes,11.0,941257.11,1845,5.8164,White-gorgeted flycatcher,54.98,20
Anthipes solitaris,Muscicapidae,Passeriformes,13.1,157229.38,1836,6.1254,Rufous-browed flycatcher,49.45,11
Anthobaphes violacea,Nectariniidae,Passeriformes,9.38,91921.14,1766,7.3694,Orange-breasted sunbird,586.09,23
Anthocephala berlepschi,Trochilidae,Caprimulgiformes,3.9,8294.48,1893,6.8369,Tolima blossomcrown,33.99,23
Anthocephala floriceps,Trochilidae,Caprimulgiformes,3.9,3065.92,1853,5.9999,Santa Marta blossomcrown,56.83,49
Anthochaera carunculata,Meliphagidae,Passeriformes,106.07,2173024.9,1790,5.0671,Red wattlebird,2160.97,32
Anthochaera chrysoptera,Meliphagidae,Passeriformes,67.8,671226.2,1801,4.9124,Little wattlebird,658.85,19
Anthochaera lunulata,Meliphagidae,Passeriformes,61.8,237097.58,1838,4.9322,Western wattlebird,139.19,17
Anthochaera paradoxa,Meliphagidae,Passeriformes,143.74,46805.04,1800,5.427,Yellow wattlebird,725.47,17
Anthochaera phrygia,Meliphagidae,Passeriformes,39.99,8643.74,1794,6.0231,Regent honeyeater,791.47,50
Anthornis melanura,Meliphagidae,Passeriformes,26.91,212871.76,1786,5.554,New Zealand bellbird,1179.81,49
Anthoscopus flavifrons,Remizidae,Passeriformes,8.0,1195620.86,1855,4.4284,Forest penduline tit,28.81,8
Anthoscopus minutus,Remizidae,Passeriformes,6.6,1707193.51,1812,5.3502,Cape penduline tit,196.82,16
Anthoscopus musculus,Remizidae,Passeriformes,5.2,1141427.54,1882,4.9882,Mouse-coloured penduline tit,26.88,12
Anthoscopus parvulus,Remizidae,Passeriformes,5.8,1993198.49,1864,6.2538,Yellow penduline tit,36.11,14
Anthoscopus punctifrons,Remizidae,Passeriformes,7.0,2414155.96,1850,5.8885,Sennar penduline tit,25.1,11
Anthracoceros albirostris,Bucerotidae,Bucerotiformes,892.89,4467706.59,1808,6.7202,Oriental pied hornbill,1696.61,98
Anthracoceros coronatus,Bucerotidae,Bucerotiformes,806.72,701610.86,1783,6.6304,Malabar pied hornbill,1009.09,47
Anthracoceros malayanus,Bucerotidae,Bucerotiformes,1050.0,798560.44,1822,6.1403,Black hornbill,368.91,51
Anthracoceros marchei,Bucerotidae,Bucerotiformes,750.0,13374.99,1885,6.0293,Palawan hornbill,477.38,23
Anthracoceros montani,Bucerotidae,Bucerotiformes,741.0,585.5,1880,5.8122,Sulu hornbill,414.89,22
Anthracothorax mango,Trochilidae,Caprimulgiformes,8.3,11021.79,1758,6.8798,Jamaican mango,193.2,14
Anthracothorax veraguensis,Trochilidae,Caprimulgiformes,7.0,30443.51,1855,6.3562,Veraguan mango,73.66,31
Anthracothorax viridigula,Trochilidae,Caprimulgiformes,7.5,591465.01,1783,7.1218,Green-throated mango,105.89,20
Anthracothorax viridis,Trochilidae,Caprimulgiformes,6.6,8774.42,1801,7.2302,Green mango,476.47,12
Anthreptes anchietae,Nectariniidae,Passeriformes,8.0,465325.07,1878,6.486,Anchieta's sunbird,56.1,12
Anthreptes aurantius,Nectariniidae,Passeriformes,12.5,1740388.21,1851,6.9928,Violet-tailed sunbird,38.7,10
Anthreptes gabonicus,Nectariniidae,Passeriformes,10.6,1342362.4,1861,5.669,Mangrove sunbird,41.17,9
Anthreptes griseigularis,Nectariniidae,Passeriformes,15.0,98230.27,1878,5.539,Grey-throated sunbird,40.44,11
Anthreptes longuemarei,Nectariniidae,Passeriformes,11.44,5262392.93,1831,6.8243,Western violet-backed sunbird,75.39,13
Anthreptes malacensis,Nectariniidae,Passeriformes,11.33,2166604.35,1786,6.7844,Brown-throated sunbird,280.61,28
Anthreptes neglectus,Nectariniidae,Passeriformes,11.83,250651.55,1922,5.0426,Uluguru violet-backed sunbird,40.44,12
Anthreptes orientalis,Nectariniidae,Passeriformes,10.3,1935952.46,1880,5.8551,Eastern violet-backed sunbird,54.59,15
Anthreptes reichenowi,Nectariniidae,Passeriformes,7.32,438283.12,1909,5.639,Plain-backed sunbird,70.98,10
Anthreptes rhodolaemus,Nectariniidae,Passeriformes,13.1,434795.42,1878,6.4068,Red-throated sunbird,67.03,13
Anthreptes rubritorques,Nectariniidae,Passeriformes,10.7,7092.32,1905,5.6022,Banded green sunbird,41.84,16
Anthreptes seimundi,Nectariniidae,Passeriformes,6.58,2083351.49,1908,6.7712,Little green sunbird,71.06,11
Anthreptes simplex,Nectariniidae,Passeriformes,8.93,1062052.92,1843,5.8068,Plain sunbird,70.83,17
Anthropoides paradiseus,Gruidae,Gruiformes,4540.62,616090.89,1793,7.1096,Blue crane,2543.86,66
Anthropoides virgo,Gruidae,Gruiformes,2417.0,8896222.51,1758,6.6926,Demoiselle crane,3474.68,132
Anthus antarcticus,Motacillidae,Passeriformes,36.1,608.33,1884,4.9199,South Georgia pipit,472.68,13
Anthus berthelotii,Motacillidae,Passeriformes,15.86,8283.44,1862,5.4137,Berthelot's pipit,203.97,46
Anthus bogotensis,Motacillidae,Passeriformes,25.1,336033.74,1855,5.2598,Paramo pipit,32.11,19
Anthus brachyurus,Motacillidae,Passeriformes,15.3,1510202.74,1850,4.4137,Short-tailed pipit,35.95,13
Anthus caffer,Motacillidae,Passeriformes,16.8,777646.72,1850,5.159,Bushveld pipit,37.73,11
Anthus campestris,Motacillidae,Passeriformes,23.0,11176674.59,1758,4.7152,Tawny pipit,432.89,121
Anthus cervinus,Motacillidae,Passeriformes,20.9,3787889.02,1811,5.5149,Red-throated pipit,427.48,77
Anthus chacoensis,Motacillidae,Passeriformes,12.6,621127.8,1952,4.288,Pampas pipit,27.77,8
Anthus cinnamomeus,Motacillidae,Passeriformes,32.17,9825233.85,1840,4.9227,African pipit,169.82,16
Anthus correndera,Motacillidae,Passeriformes,20.9,3686700.66,1818,4.7186,Correndera pipit,63.64,35
Anthus crenatus,Motacillidae,Passeriformes,30.7,343685.27,1870,4.2418,African rock pipit,57.03,12
Anthus furcatus,Motacillidae,Passeriformes,20.06,1987553.38,1837,5.0357,Short-billed pipit,34.1,19
Anthus godlewskii,Motacillidae,Passeriformes,25.34,2405877.03,1876,5.3008,Blyth's pipit,163.75,26
Anthus gustavi,Motacillidae,Passeriformes,19.8,4257344.47,1863,4.991,Pechora pipit,139.22,31
Anthus gutturalis,Motacillidae,Passeriformes,36.3,34559.91,1894,5.0032,Alpine pipit,43.34,11
Anthus hellmayri,Motacillidae,Passeriformes,18.61,1204389.51,1909,4.5124,Hellmayr's pipit,36.63,41
Anthus hodgsoni,Motacillidae,Passeriformes,21.3,14109130.12,1907,5.284,Olive-backed pipit,390.62,68
Anthus hoeschi,Motacillidae,Passeriformes,27.0,31304.48,1938,4.5828,Mountain pipit,70.59,8
Anthus leucophrys,Motacillidae,Passeriformes,24.98,8950742.46,1818,4.7884,Plain-backed pipit,76.67,7
Anthus lineiventris,Motacillidae,Passeriformes,35.0,1635119.6,1850,5.0754,Striped pipit,51.74,9
Anthus melindae,Motacillidae,Passeriformes,22.5,108383.57,1900,4.9676,Malindi pipit,28.02,6
Anthus nattereri,Motacillidae,Passeriformes,19.5,181070.54,1878,4.8456,Ochre-breasted pipit,32.86,64
Anthus nilghiriensis,Motacillidae,Passeriformes,31.0,11553.33,1885,5.219,Nilgiri pipit,242.69,37
Anthus novaeseelandiae,Motacillidae,Passeriformes,24.07,6479742.4,1789,5.1175,New Zealand pipit,104.43,50
Anthus nyassae,Motacillidae,Passeriformes,24.3,3381657.04,1906,4.9908,Wood pipit,42.95,7
Anthus pallidiventris,Motacillidae,Passeriformes,31.0,942199.86,1885,5.2068,Long-legged pipit,27.79,7
Anthus peruvianus,Motacillidae,Passeriformes,12.6,88105.86,1878,4.4363,Peruvian pipit,25.78,14
Anthus petrosus,Motacillidae,Passeriformes,22.4,292817.47,1798,5.2232,European rock pipit,1139.68,45
Anthus pratensis,Motacillidae,Passeriformes,18.4,6733599.47,1758,4.5989,Meadow pipit,1826.28,137
Anthus richardi,Motacillidae,Passeriformes,32.17,13319039.29,1818,4.8238,Richard's pipit,446.16,49
Anthus roseatus,Motacillidae,Passeriformes,20.61,4930715.09,1847,5.1599,Rosy pipit,92.47,10
Anthus rubescens,Motacillidae,Passeriformes,20.68,12413847.38,1771,4.8843,American pipit,412.67,80
Anthus rufulus,Motacillidae,Passeriformes,20.44,7678484.07,1818,4.7157,Paddyfield pipit,480.03,13
Anthus sokokensis,Motacillidae,Passeriformes,15.0,2265.15,1921,5.4171,Sokoke pipit,41.98,12
Anthus spinoletta,Motacillidae,Passeriformes,23.9,3806294.97,1758,5.2417,Water pipit,1028.82,84
Anthus spragueii,Motacillidae,Passeriformes,25.5,1036783.61,1844,5.2863,Sprague's pipit,434.49,107
Anthus sylvanus,Motacillidae,Passeriformes,31.0,465229.13,1845,4.5136,Upland pipit,54.08,10
Anthus trivialis,Motacillidae,Passeriformes,23.33,15353264.33,1758,5.1265,Tree pipit,1257.59,138
Anthus vaalensis,Motacillidae,Passeriformes,27.0,4452532.2,1900,4.4317,Buffy pipit,70.26,8
Antilophia bokermanni,Pipridae,Passeriformes,19.8,24.23,1998,7.1648,Araripe manakin,408.3,55
Antilophia galeata,Pipridae,Passeriformes,21.48,1960407.09,1823,7.277,Helmeted manakin,105.82,73
Antrostomus arizonae,Caprimulgidae,Caprimulgiformes,53.3,1013761.04,1881,5.3734,Mexican whip-poor-will,508.12,23
Antrostomus badius,Caprimulgidae,Caprimulgiformes,59.8,110731.66,1908,5.356,Yucatan nightjar,58.7,11
Antrostomus carolinensis,Caprimulgidae,Caprimulgiformes,109.0,1808676.44,1789,5.3477,,,42
Antrostomus noctitherus,Caprimulgidae,Caprimulgiformes,36.1,291.94,1919,5.739,Puerto Rican nightjar,240.19,13
Antrostomus ridgwayi,Caprimulgidae,Caprimulgiformes,48.0,631238.26,1897,5.1124,Buff-collared nightjar,199.61,17
Antrostomus rufus,Caprimulgidae,Caprimulgiformes,94.2,5391690.94,1783,5.8214,Rufous nightjar,126.64,26
Antrostomus salvini,Caprimulgidae,Caprimulgiformes,56.0,115696.33,1892,5.3605,Tawny-collared nightjar,49.88,18
Antrostomus saturatus,Caprimulgidae,Caprimulgiformes,52.0,5381.48,1870,5.7842,Dusky nightjar,85.7,20
Antrostomus sericocaudatus,Caprimulgidae,Caprimulgiformes,83.0,1167113.56,1849,5.5177,Silky-tailed nightjar,47.23,20
Antrostomus vociferus,Caprimulgidae,Caprimulgiformes,53.3,3403564.97,1812,5.5735,Eastern whip-poor-will,11632.48,101
Anumara forbesi,Icteridae,Passeriformes,65.9,112.34,1886,5.7354,Forbes's blackbird,71.46,24
Anumbius annumbi,Furnariidae,Passeriformes,41.5,2928674.73,1817,5.0545,,,22
Anurophasis monorthonyx,Phasianidae,Galliformes,401.0,9979.97,1910,5.9703,Snow Mountain quail,187.69,13
Apalharpactes mackloti,Trogonidae,Trogoniformes,118.0,95751.56,1836,7.5006,Sumatran trogon,93.2,8
Apalharpactes reinwardtii,Trogonidae,Trogoniformes,118.0,1059.9,1822,7.34,Javan trogon,119.2,16
Apalis alticola,Cisticolidae,Passeriformes,12.1,618220.78,1899,5.0903,Brown-headed apalis,24.11,12
Apalis argentea,Cisticolidae,Passeriformes,9.3,41176.66,1941,5.6977,Kungwe apalis,19.39,8
Apalis bamendae,Cisticolidae,Passeriformes,9.16,6480.95,1922,5.1753,Bamenda apalis,33.48,10
Apalis binotata,Cisticolidae,Passeriformes,8.2,144782.97,1895,5.909,Lowland masked apalis,16.86,13
Apalis chapini,Cisticolidae,Passeriformes,8.8,57820.78,1928,5.6284,Chapin's apalis,22.12,10
Apalis chariessa,Cisticolidae,Passeriformes,9.16,19597.73,1879,5.8565,White-winged apalis,54.59,11
Apalis chirindensis,Cisticolidae,Passeriformes,8.6,61830.35,1906,4.6815,Chirinda apalis,28.27,17
Apalis cinerea,Cisticolidae,Passeriformes,9.88,435159.52,1891,5.4695,Grey apalis,23.18,14
Apalis flavigularis,Cisticolidae,Passeriformes,11.08,513.16,1893,5.581,Yellow-throated apalis,27.82,14
Apalis fuscigularis,Cisticolidae,Passeriformes,11.0,6.53,1938,4.9275,Taita apalis,44.31,44
Apalis goslingi,Cisticolidae,Passeriformes,8.2,777124.23,1908,4.8482,Gosling's apalis,24.48,7
Apalis jacksoni,Cisticolidae,Passeriformes,8.7,541008.1,1891,6.2512,Black-throated apalis,27.92,10
Apalis karamojae,Cisticolidae,Passeriformes,9.2,23145.5,1921,5.2755,Karamoja apalis,40.56,22
Apalis lynesi,Cisticolidae,Passeriformes,11.4,1334.93,1933,5.5153,Namuli apalis,53.25,14
Apalis melanocephala,Cisticolidae,Passeriformes,8.8,375838.95,1884,5.326,Black-headed apalis,30.36,11
Apalis nigriceps,Cisticolidae,Passeriformes,8.4,835771.19,1873,5.9159,Black-capped apalis,23.25,8
Apalis personata,Cisticolidae,Passeriformes,11.0,105591.89,1902,5.5901,Mountain masked apalis,36.33,16
Apalis porphyrolaema,Cisticolidae,Passeriformes,8.39,147536.87,1895,5.7928,Chestnut-throated apalis,27.63,15
Apalis ruddi,Cisticolidae,Passeriformes,9.69,167381.68,1908,6.1287,Rudd's apalis,36.17,9
Apalis rufogularis,Cisticolidae,Passeriformes,8.34,2747284.94,1843,4.9279,Buff-throated apalis,26.19,15
Apalis sharpii,Cisticolidae,Passeriformes,8.69,386331.11,1884,5.6982,Sharpe's apalis,19.64,12
Apalis thoracica,Cisticolidae,Passeriformes,11.08,1229497.4,1811,5.3174,Bar-throated apalis,104.05,27
Apaloderma aequatoriale,Trogonidae,Trogoniformes,67.7,636348.09,1901,6.8107,Bare-cheeked trogon,78.29,7
Apaloderma narina,Trogonidae,Trogoniformes,67.69,10932030.89,1815,7.3973,Narina trogon,513.76,17
Apaloderma vittatum,Trogonidae,Trogoniformes,55.0,485903.03,1882,7.3938,Bar-tailed trogon,165.02,34
Apalopteron familiare,Zosteropidae,Passeriformes,15.0,23.9,1830,6.8828,Bonin white-eye,241.94,14
Aphanotriccus audax,Tyrannidae,Passeriformes,11.22,183769.68,1912,5.5515,Black-billed flycatcher,18.91,14
Aphanotriccus capitalis,Tyrannidae,Passeriformes,11.8,8010.01,1865,6.2734,Tawny-chested flycatcher,26.57,24
Aphelocephala leucopsis,Acanthizidae,Passeriformes,12.31,3741148.76,1841,4.9427,Southern whiteface,72.66,15
Aphelocephala nigricincta,Acanthizidae,Passeriformes,10.4,1619312.31,1895,5.5756,Banded whiteface,41.34,14
Aphelocephala pectoralis,Acanthizidae,Passeriformes,9.0,231089.7,1871,5.4026,Chestnut-breasted whiteface,55.13,12
Aphelocoma coerulescens,Corvidae,Passeriformes,77.12,6933.22,1795,6.8628,Florida scrub jay,1888.96,123
Aphelocoma ultramarina,Corvidae,Passeriformes,113.33,87898.14,1825,6.2834,Transvolcanic jay,214.98,69
Aphelocoma unicolor,Corvidae,Passeriformes,124.0,149103.75,1847,7.4322,Unicolored jay,208.76,34
Aphelocoma wollweberi,Corvidae,Passeriformes,113.33,484129.24,1855,6.0481,Mexican jay,684.67,28
Aphrastura spinicauda,Furnariidae,Passeriformes,11.5,491332.8,1789,6.686,Thorn-tailed rayadito,114.29,89
Aphrodroma brevirostris,Procellariidae,Procellariiformes,357.0,60101971.46,1831,5.3454,Kerguelen petrel,152.52,13
Aplonis atrifusca,Sturnidae,Passeriformes,146.0,3082.77,1848,4.7574,Samoan starling,91.23,8
Aplonis brunneicapillus,Sturnidae,Passeriformes,66.65,15797.46,1938,4.8982,White-eyed starling,32.8,11
Aplonis cantoroides,Sturnidae,Passeriformes,55.73,822753.89,1862,5.5384,Singing starling,82.58,9
Aplonis cinerascens,Sturnidae,Passeriformes,82.9,31.14,1871,4.8816,Rarotonga starling,55.38,13
Aplonis crassa,Sturnidae,Passeriformes,59.0,3445.48,1883,4.6912,Tanimbar starling,39.84,6
Aplonis dichroa,Sturnidae,Passeriformes,84.0,3331.94,1895,5.089,Makira starling,25.09,6
Aplonis feadensis,Sturnidae,Passeriformes,72.0,96.84,1882,6.0384,Atoll starling,36.98,5
Aplonis grandis,Sturnidae,Passeriformes,134.0,31140.45,1881,5.5693,Brown-winged starling,30.64,12
Aplonis insularis,Sturnidae,Passeriformes,69.88,539.04,1931,5.2897,Rennell starling,34.53,8
Aplonis magna,Sturnidae,Passeriformes,190.0,2863.25,1871,5.7994,Long-tailed starling,65.17,5
Aplonis minor,Sturnidae,Passeriformes,42.0,325906.87,1850,5.3752,Short-tailed starling,49.93,12
Aplonis mysolensis,Sturnidae,Passeriformes,62.0,64402.76,1862,5.4233,Moluccan starling,41.99,6
Aplonis mystacea,Sturnidae,Passeriformes,68.66,82843.51,1911,4.8474,Yellow-eyed starling,40.82,7
Aplonis opaca,Sturnidae,Passeriformes,83.4,2018.98,1833,5.629,Micronesian starling,157.1,21
Aplonis panayensis,Sturnidae,Passeriformes,56.2,2145170.85,1786,5.3856,Asian glossy starling,854.68,47
Aplonis striata,Sturnidae,Passeriformes,54.2,17941.66,1788,5.1531,Striated starling,44.89,6
Aplonis tabuensis,Sturnidae,Passeriformes,62.5,23355.95,1788,5.0101,Polynesian starling,115.13,13
Aplonis zelandica,Sturnidae,Passeriformes,68.66,9060.43,1830,4.8131,Rusty-winged starling,35.09,6
Aplopelia larvata,Columbidae,Columbiformes,155.0,2621498.99,1809,5.5907,Lemon dove,361.92,11
Aprositornis disjuncta,Thamnophilidae,Passeriformes,15.0,42618.45,1945,5.6577,Yapacana antbird,29.29,10
Aprosmictus erythropterus,Psittacidae,Psittaciformes,136.0,2743055.21,1788,7.0475,Red-winged parrot,698.52,33
Aprosmictus jonquillaceus,Psittacidae,Psittaciformes,119.0,28185.23,1818,6.4247,Jonquil parrot,94.18,20
Aptenodytes forsteri,Spheniscidae,Sphenisciformes,33569.33,83236.83,1844,7.4236,Emperor penguin,34352.26,241
Aptenodytes patagonicus,Spheniscidae,Sphenisciformes,11731.07,24905.39,1778,7.7114,King penguin,11544.95,211
Apteryx australis,Apterygidae,Struthioniformes,2320.51,11012.06,1813,5.8536,Southern brown kiwi,1198.96,64
Apteryx haastii,Apterygidae,Struthioniformes,2022.68,8561.32,1872,5.5136,Great spotted kiwi,1551.36,46
Apteryx mantelli,Apterygidae,Struthioniformes,2320.51,37689.64,1852,6.0339,North Island brown kiwi,2051.62,99
Apteryx owenii,Apterygidae,Struthioniformes,1238.29,35.17,1847,6.7414,Little spotted kiwi,1459.15,166
Apteryx rowi,Apterygidae,Struthioniformes,1924.0,239.4,2003,5.6572,Okarito kiwi,1066.92,19
Apus acuticauda,Apodidae,Caprimulgiformes,39.4,15660.49,1864,5.0361,Dark-rumped swift,95.17,23
Apus affinis,Apodidae,Caprimulgiformes,22.57,22143832.39,1830,5.8252,Little swift,653.23,81
Apus alexandri,Apodidae,Caprimulgiformes,39.4,2642.82,1901,5.4836,Cape Verde swift,75.51,8
Apus apus,Apodidae,Caprimulgiformes,37.6,24779919.71,1758,5.4896,Common swift,8559.36,368
Apus balstoni,Apodidae,Caprimulgiformes,42.8,592893.19,1880,5.5656,Malagasy black swift,35.93,13
Apus batesi,Apodidae,Caprimulgiformes,22.1,299260.21,1904,5.1126,Bates's swift,40.79,13
Apus berliozi,Apodidae,Caprimulgiformes,38.2,204574.56,1966,5.2167,Forbes-Watson's swift,50.62,20
Apus bradfieldi,Apodidae,Caprimulgiformes,42.4,882341.76,1926,5.3992,Bradfield's swift,49.52,16
Apus caffer,Apodidae,Caprimulgiformes,22.1,12490681.95,1823,5.8464,White-rumped swift,286.15,50
Apus horus,Apodidae,Caprimulgiformes,27.45,2043600.71,1869,5.5343,Horus swift,116.63,20
Apus niansae,Apodidae,Caprimulgiformes,32.5,381006.41,1887,4.8104,Nyanza swift,55.73,18
Apus nipalensis,Apodidae,Caprimulgiformes,29.82,5768014.18,1837,5.4625,House swift,394.79,49
Apus pallidus,Apodidae,Caprimulgiformes,41.9,1720365.16,1870,5.7831,Pallid swift,597.11,90
Apus unicolor,Apodidae,Caprimulgiformes,22.5,8283.55,1830,6.0099,Plain swift,214.49,26
Aquila adalberti,Accipitridae,Accipitriformes,2958.03,131221.76,1861,6.8914,Spanish imperial eagle,2017.3,163
Aquila africana,Accipitridae,Accipitriformes,1047.0,1918245.9,1865,6.3765,Cassin's hawk-eagle,351.62,18
Aquila audax,Accipitridae,Accipitriformes,3449.86,7679648.03,1802,6.7744,Wedge-tailed eagle,12879.02,75
Aquila chrysaetos,Accipitridae,Accipitriformes,4247.97,39450257.98,1758,6.9706,Golden eagle,53740.89,1190
Aquila fasciata,Accipitridae,Accipitriformes,1936.49,5630034.84,1822,5.7315,Bonelli's eagle,3031.5,227
Aquila gurneyi,Accipitridae,Accipitriformes,3059.99,601810.35,1861,6.8478,Gurney's eagle,334.74,13
Aquila heliaca,Accipitridae,Accipitriformes,3125.21,9556213.62,1809,7.2801,Eastern imperial eagle,4677.57,325
Aquila nipalensis,Accipitridae,Accipitriformes,2714.33,6933240.92,1833,7.0003,Steppe eagle,3816.13,285
Aquila rapax,Accipitridae,Accipitriformes,2236.06,17572054.36,1828,6.803,Tawny eagle,2389.37,71
Aquila spilogaster,Accipitridae,Accipitriformes,1466.17,12423292.01,1850,6.4003,African hawk-eagle,1174.29,25
Aquila verreauxii,Accipitridae,Accipitriformes,4195.0,4020161.71,1831,6.8446,Verreaux's eagle,2290.91,37
Ara ambiguus,Psittacidae,Psittaciformes,1300.0,108291.56,1811,6.9081,Great green macaw,2192.2,138
Ara ararauna,Psittacidae,Psittaciformes,1125.0,7780066.73,1758,7.3087,Blue-and-yellow macaw,10150.31,357
Ara chloropterus,Psittacidae,Psittaciformes,1214.0,8101232.43,1859,6.8967,Red-and-green macaw,2884.65,186
Ara glaucogularis,Psittacidae,Psittaciformes,783.99,27792.35,1921,7.0409,Blue-throated macaw,2542.78,72
Ara macao,Psittacidae,Psittaciformes,1015.0,6755480.57,1758,7.2228,Scarlet macaw,15502.12,427
Ara militaris,Psittacidae,Psittaciformes,1134.0,281783.13,1766,7.2219,Military macaw,2752.3,278
Ara rubrogenys,Psittacidae,Psittaciformes,468.0,7426.04,1847,7.2074,Red-fronted macaw,953.78,75
Ara severus,Psittacidae,Psittaciformes,343.0,5824492.61,1758,6.4222,Chestnut-fronted macaw,1398.4,97
Arachnothera chrysogenys,Nectariniidae,Passeriformes,23.2,1237350.36,1826,6.6776,Yellow-eared spiderhunter,62.98,13
Arachnothera clarae,Nectariniidae,Passeriformes,30.1,183271.36,1890,5.9983,Naked-faced spiderhunter,51.14,6
Arachnothera crassirostris,Nectariniidae,Passeriformes,16.0,899703.48,1853,6.1427,Thick-billed spiderhunter,48.68,9
Arachnothera dilutior,Nectariniidae,Passeriformes,11.2,12143.54,1876,5.6554,Pale spiderhunter,45.12,7
Arachnothera flammifera,Nectariniidae,Passeriformes,11.8,120745.55,1878,5.447,Orange-tufted spiderhunter,53.46,6
Arachnothera flavigaster,Nectariniidae,Passeriformes,38.4,1166970.15,1839,5.9187,Spectacled spiderhunter,90.16,6
Arachnothera juliae,Nectariniidae,Passeriformes,30.1,29522.53,1887,6.3718,Whitehead's spiderhunter,64.07,11
Arachnothera longirostra,Nectariniidae,Passeriformes,12.46,3514761.53,1790,6.5285,Little spiderhunter,437.73,48
Arachnothera magna,Nectariniidae,Passeriformes,30.7,1984624.62,1836,6.4601,Streaked spiderhunter,223.93,27
Arachnothera robusta,Nectariniidae,Passeriformes,29.3,630859.75,1845,6.2459,Long-billed spiderhunter,66.62,13
Aramides albiventris,Rallidae,Gruiformes,514.0,535083.31,1868,5.7391,Russet-naped wood rail,66.39,21
Aramides axillaris,Rallidae,Gruiformes,292.0,393931.62,1863,5.6065,Rufous-necked wood rail,87.56,27
Aramides cajaneus,Rallidae,Gruiformes,397.0,13038120.14,1776,5.6591,Grey-cowled wood rail,238.83,22
Aramides calopterus,Rallidae,Gruiformes,320.5,627494.85,1878,5.0644,Red-winged wood rail,32.0,13
Aramides mangle,Rallidae,Gruiformes,183.0,774415.01,1825,5.4262,Little wood rail,40.08,11
Aramides saracura,Rallidae,Gruiformes,540.0,928675.91,1825,5.7875,Slaty-breasted wood rail,99.73,45
Aramides wolfi,Rallidae,Gruiformes,454.0,119660.54,1884,4.9711,Brown wood rail,38.04,20
Aramides ypecaha,Rallidae,Gruiformes,700.07,3652694.26,1819,5.3225,Giant wood rail,126.72,20
Aramidopsis plateni,Rallidae,Gruiformes,116.0,83126.44,1886,4.802,Snoring rail,706.71,13
Aramus guarauna,Aramidae,Gruiformes,1080.0,12182050.36,1766,5.6089,,,126
Aratinga auricapillus,Psittacidae,Psittaciformes,130.0,65241.77,1820,6.1721,Golden-capped parakeet,322.11,50
Aratinga jandaya,Psittacidae,Psittaciformes,89.4,1514385.78,1788,6.5481,Jandaya parakeet,1222.83,61
Aratinga maculata,Psittacidae,Psittaciformes,119.62,19964.79,1776,6.7846,Sulphur-breasted parakeet,198.4,16
Aratinga nenday,Psittacidae,Psittaciformes,128.0,259554.61,1823,7.3241,Nanday parakeet,1601.36,36
Aratinga solstitialis,Psittacidae,Psittaciformes,119.62,96377.72,1758,7.2452,Sun conure,2689.22,91
Aratinga weddellii,Psittacidae,Psittaciformes,108.0,2260164.39,1851,6.3299,Dusky-headed parakeet,386.88,62
Arborophila ardens,Phasianidae,Galliformes,266.64,13199.58,1892,6.2623,Hainan partridge,175.25,37
Arborophila atrogularis,Phasianidae,Galliformes,237.31,300915.55,1849,6.1188,White-cheeked partridge,120.03,22
Arborophila brunneopectus,Phasianidae,Galliformes,291.47,486283.06,1855,5.6713,Bar-backed partridge,119.74,17
Arborophila cambodiana,Phasianidae,Galliformes,285.87,17928.22,1928,5.6974,Chestnut-headed partridge,87.5,9
Arborophila campbelli,Phasianidae,Galliformes,336.0,17082.49,1904,5.5056,Malayan partridge,95.3,13
Arborophila crudigularis,Phasianidae,Galliformes,256.77,22768.9,1864,5.729,Taiwan partridge,191.18,26
Arborophila davidi,Phasianidae,Galliformes,241.0,4465.39,1927,5.3896,Orange-necked partridge,153.1,9
Arborophila gingica,Phasianidae,Galliformes,253.0,396418.35,1789,6.2397,White-necklaced partridge,150.05,36
Arborophila hyperythra,Phasianidae,Galliformes,270.0,161020.22,1879,5.9253,Red-breasted partridge,119.57,9
Arborophila javanica,Phasianidae,Galliformes,272.0,36961.99,1789,6.0015,Chestnut-bellied partridge,120.42,17
Arborophila mandellii,Phasianidae,Galliformes,268.0,66965.36,1874,5.8759,Chestnut-breasted partridge,184.93,35
Arborophila orientalis,Phasianidae,Galliformes,336.0,10707.85,1821,5.6386,Grey-breasted partridge,117.75,12
Arborophila rolli,Phasianidae,Galliformes,336.0,39752.59,1909,4.2805,Roll's partridge,54.52,8
Arborophila rubrirostris,Phasianidae,Galliformes,225.35,69473.4,1879,5.7327,Red-billed partridge,122.92,12
Arborophila rufipectus,Phasianidae,Galliformes,400.11,7707.36,1932,5.4384,Sichuan partridge,111.42,58
Arborophila rufogularis,Phasianidae,Galliformes,344.46,1245539.71,1849,6.3717,Rufous-throated partridge,216.93,22
Arborophila torqueola,Phasianidae,Galliformes,344.46,721402.09,1825,5.6613,Hill partridge,282.58,26
Arcanator orostruthus,Modulatricidae,Passeriformes,32.7,6391.44,1933,4.4215,,,17
Archboldia papuensis,Ptilonorhynchidae,Passeriformes,177.6,64609.51,1940,4.9731,Archbold's bowerbird,100.54,15
Archilochus alexandri,Trochilidae,Caprimulgiformes,3.39,2369566.67,1846,7.0639,Black-chinned hummingbird,2708.59,117
Archilochus colubris,Trochilidae,Caprimulgiformes,3.09,4936988.47,1758,6.7097,Ruby-throated hummingbird,7334.91,245
Ardea alba,Ardeidae,Pelecaniformes,871.33,74898555.49,1758,6.1376,Great egret,14097.89,486
Ardea cinerea,Ardeidae,Pelecaniformes,1443.0,46421646.29,1758,5.9712,Grey heron,12553.38,571
Ardea cocoi,Ardeidae,Pelecaniformes,1752.44,14742289.16,1766,5.9331,Cocoi heron,519.29,64
Ardea goliath,Ardeidae,Pelecaniformes,4468.0,17833051.09,1829,5.9512,Goliath heron,3545.3,42
Ardea humbloti,Ardeidae,Pelecaniformes,1060.0,61195.29,1885,6.2804,Humblot's heron,187.82,13
Ardea insignis,Ardeidae,Pelecaniformes,2024.0,62911.44,1878,5.1469,White-bellied heron,1375.38,75
Ardea melanocephala,Ardeidae,Pelecaniformes,1060.0,19067243.58,1826,5.9439,Black-headed heron,612.3,21
Ardea pacifica,Ardeidae,Pelecaniformes,881.0,6791074.14,1802,6.0606,White-necked heron,301.39,21
Ardea purpurea,Ardeidae,Pelecaniformes,1064.48,34922824.77,1766,6.2924,Purple heron,2365.83,216
Ardea sumatrana,Ardeidae,Pelecaniformes,2024.0,1764501.96,1822,5.3772,Great-billed heron,319.48,16
Ardenna bulleri,Procellariidae,Procellariiformes,406.99,109799820.9,1888,4.9858,Buller's shearwater,180.73,12
Ardenna carneipes,Procellariidae,Procellariiformes,609.0,117469913.7,1844,5.452,Flesh-footed shearwater,326.29,52
Ardenna creatopus,Procellariidae,Procellariiformes,743.99,14595563.55,1864,5.4588,Pink-footed shearwater,158.53,35
Ardenna gravis,Procellariidae,Procellariiformes,848.99,63607065.14,1818,5.4417,Great shearwater,894.74,57
Ardenna grisea,Procellariidae,Procellariiformes,787.0,21320331.91,1789,5.0384,Sooty shearwater,1819.94,57
Ardenna pacifica,Procellariidae,Procellariiformes,388.0,119963361.1,1789,5.3229,Wedge-tailed shearwater,889.98,65
Ardenna tenuirostris,Procellariidae,Procellariiformes,559.0,112949641.5,1836,5.0628,Short-tailed shearwater,1521.6,56
Ardeola bacchus,Ardeidae,Pelecaniformes,304.89,5458763.13,1855,5.7604,Chinese pond heron,468.85,72
Ardeola grayii,Ardeidae,Pelecaniformes,253.0,3285673.01,1832,5.0461,Indian pond heron,1503.06,40
Ardeola idae,Ardeidae,Pelecaniformes,253.0,551800.88,1860,5.9004,Malagasy pond heron,195.73,21
Ardeola ralloides,Ardeidae,Pelecaniformes,287.0,20358790.0,1769,5.992,Squacco heron,984.79,135
Ardeola rufiventris,Ardeidae,Pelecaniformes,201.5,5546086.48,1850,5.3137,Rufous-bellied heron,143.03,12
Ardeola speciosa,Ardeidae,Pelecaniformes,253.0,610725.9,1821,6.3836,Javan pond heron,284.33,35
Ardeotis arabs,Otididae,Otidiformes,5943.48,2950367.62,1758,5.5731,Arabian bustard,428.13,28
Ardeotis australis,Otididae,Otidiformes,4182.35,6717248.95,1829,4.7817,Australian bustard,2094.87,33
Ardeotis kori,Otididae,Otidiformes,7994.16,3565934.25,1822,4.7566,Kori bustard,5589.45,42
Ardeotis nigriceps,Otididae,Otidiformes,7235.31,451108.33,1831,5.1486,Great Indian bustard,11395.99,69
Arenaria interpres,Scolopacidae,Charadriiformes,135.98,2619753.6,1758,5.8491,Ruddy turnstone,1954.06,249
Arenaria melanocephala,Scolopacidae,Charadriiformes,126.21,83412.69,1829,4.7352,Black turnstone,276.23,65
Argusianus argus,Phasianidae,Galliformes,1959.93,1354529.31,1766,5.4289,Great argus,1584.69,61
Argya altirostris,Leiotrichidae,Passeriformes,33.0,149200.16,1909,5.9123,Iraq babbler,85.71,12
Argya aylmeri,Leiotrichidae,Passeriformes,35.3,1055408.06,1885,5.1732,Scaly chatterer,34.32,7
Argya earlei,Leiotrichidae,Passeriformes,47.0,1024770.23,1844,4.8344,Striated babbler,62.01,6
Argya fulva,Leiotrichidae,Passeriformes,61.39,3666952.83,1789,4.9003,Fulvous babbler,60.36,7
Argya malcolmi,Leiotrichidae,Passeriformes,75.7,1922153.02,1832,5.0469,Large grey babbler,274.78,7
Argya rubiginosa,Leiotrichidae,Passeriformes,40.6,1410146.95,1845,5.2621,Rufous chatterer,41.3,4
Argya squamiceps,Leiotrichidae,Passeriformes,72.88,1273158.32,1827,5.0081,Arabian babbler,343.79,19
Argya subrufa,Leiotrichidae,Passeriformes,66.67,178058.68,1839,5.6362,Rufous babbler,266.69,6
Arizelocichla chlorigula,Pycnonotidae,Passeriformes,34.5,50903.09,1899,4.2116,Yellow-throated mountain greenbul,5.81,8
Arizelocichla fusciceps,Pycnonotidae,Passeriformes,34.5,25373.28,1893,4.5987,Black-browed mountain greenbul,5.49,6
Arizelocichla masukuensis,Pycnonotidae,Passeriformes,26.8,163721.68,1897,4.9128,Shelley's greenbul,36.42,16
Arizelocichla montana,Pycnonotidae,Passeriformes,32.6,61327.27,1892,5.4549,Cameroon mountain greenbul,5.31,15
Arizelocichla neumanni,Pycnonotidae,Passeriformes,34.5,3869.44,1922,5.1857,Uluguru mountain greenbul,5.03,9
Arizelocichla nigriceps,Pycnonotidae,Passeriformes,34.5,248447.89,1889,5.5282,Black-headed mountain greenbul,33.5,17
Arizelocichla tephrolaema,Pycnonotidae,Passeriformes,38.3,59489.94,1862,5.5147,Western greenbul,33.05,16
Arremon assimilis,Passerellidae,Passeriformes,39.0,302819.73,1840,6.0118,Grey-browed brushfinch,49.2,20
Arremon atricapillus,Passerellidae,Passeriformes,44.6,73192.46,1874,5.3002,Black-headed brushfinch,20.82,10
Arremon aurantiirostris,Passerellidae,Passeriformes,34.5,693974.17,1847,6.2328,Orange-billed sparrow,90.83,50
Arremon basilicus,Passerellidae,Passeriformes,41.96,8179.69,1898,5.3526,Sierra Nevada brushfinch,24.08,19
Arremon brunneinucha,Passerellidae,Passeriformes,43.97,618730.16,1839,5.856,Chestnut-capped brushfinch,66.88,38
Arremon castaneiceps,Passerellidae,Passeriformes,36.9,122751.42,1860,5.3981,Olive finch,37.05,18
Arremon costaricensis,Passerellidae,Passeriformes,41.96,3723.31,1907,5.7515,Costa Rican brushfinch,21.93,16
Arremon crassirostris,Passerellidae,Passeriformes,38.71,9497.11,1865,6.1633,Sooty-faced finch,32.14,36
Arremon flavirostris,Passerellidae,Passeriformes,26.13,1940265.88,1838,5.7738,Saffron-billed sparrow,47.86,36
Arremon franciscanus,Passerellidae,Passeriformes,24.9,53090.52,1997,5.4748,São Francisco sparrow,19.12,19
Arremon perijanus,Passerellidae,Passeriformes,41.96,6850.9,1940,5.0089,Perijá brushfinch,9.37,18
Arremon phaeopleurus,Passerellidae,Passeriformes,41.96,10309.92,1856,4.5024,Caracas brushfinch,15.83,11
Arremon phygas,Passerellidae,Passeriformes,41.96,8219.16,1912,5.4786,Paria brushfinch,13.12,12
Arremon schlegeli,Passerellidae,Passeriformes,27.7,187790.91,1850,5.8136,Golden-winged sparrow,31.6,18
Arremon semitorquatus,Passerellidae,Passeriformes,25.0,215137.21,1838,5.5098,Half-collared sparrow,25.86,18
Arremon torquatus,Passerellidae,Passeriformes,41.96,113027.41,1837,5.1902,White-browed brushfinch,23.72,24
Arremon virenticeps,Passerellidae,Passeriformes,41.0,79786.33,1855,5.8873,Green-striped brushfinch,25.66,54
Arremonops chloronotus,Passerellidae,Passeriformes,27.4,234300.88,1861,5.7335,Green-backed sparrow,77.03,24
Arremonops conirostris,Passerellidae,Passeriformes,35.89,1132799.46,1850,5.6617,Black-striped sparrow,121.21,34
Arremonops rufivirgatus,Passerellidae,Passeriformes,22.43,553968.49,1851,5.4168,Olive sparrow,202.79,61
Arremonops tocuyensis,Passerellidae,Passeriformes,29.36,72802.63,1912,5.5325,Tocuyo sparrow,39.06,13
Arses insularis,Monarchidae,Passeriformes,19.3,171996.0,1874,6.836,Ochre-collared monarch,32.43,3
Arses kaupi,Monarchidae,Passeriformes,13.5,27770.73,1851,6.3225,Pied monarch,86.7,8
Arses lorealis,Monarchidae,Passeriformes,13.7,44726.89,1895,6.5606,Frill-necked monarch,72.76,11
Arses telescopthalmus,Monarchidae,Passeriformes,15.26,399368.94,1827,6.777,Frilled monarch,59.45,11
Artamella viridis,Vangidae,Passeriformes,48.8,415338.92,1776,6.4706,White-headed vanga,55.23,12
Artamus cinereus,Artamidae,Passeriformes,35.6,7423572.8,1817,6.1072,Black-faced woodswallow,174.95,19
Artamus cyanopterus,Artamidae,Passeriformes,34.6,3897118.38,1802,6.7125,Dusky woodswallow,190.81,21
Artamus fuscus,Artamidae,Passeriformes,39.8,4701116.55,1817,5.686,Ashy woodswallow,343.4,13
Artamus insignis,Artamidae,Passeriformes,51.3,37843.11,1877,5.1793,White-backed woodswallow,29.12,5
Artamus leucoryn,Artamidae,Passeriformes,41.69,7650935.5,1771,5.8704,White-breasted woodswallow,408.93,16
Artamus maximus,Artamidae,Passeriformes,58.2,248677.85,1874,6.0894,Great woodswallow,56.94,8
Artamus mentalis,Artamidae,Passeriformes,41.9,17260.34,1845,5.8135,Fiji woodswallow,71.08,6
Artamus minor,Artamidae,Passeriformes,16.0,6485166.89,1817,5.8399,Little woodswallow,66.55,16
Artamus monachus,Artamidae,Passeriformes,51.3,182431.07,1850,5.5962,Ivory-backed woodswallow,40.27,8
Artamus personatus,Artamidae,Passeriformes,34.6,7500863.72,1841,6.0488,Masked woodswallow,120.94,17
Artamus superciliosus,Artamidae,Passeriformes,35.5,7162672.29,1837,5.9928,White-browed woodswallow,113.48,15
Artemisiospiza belli,Passerellidae,Passeriformes,16.99,171955.76,1850,6.201,Bell's sparrow,221.59,68
Artemisiospiza nevadensis,Passerellidae,Passeriformes,18.5,917710.58,1874,5.9595,Sagebrush sparrow,255.57,52
Artisornis metopias,Cisticolidae,Passeriformes,8.4,68472.65,1907,4.8526,Red-capped forest warbler,32.31,13
Arundinax aedon,Acrocephalidae,Passeriformes,22.4,6900163.32,1776,5.4021,Thick-billed warbler,141.63,16
Arundinicola leucocephala,Tyrannidae,Passeriformes,13.8,9087776.96,1764,6.4063,White-headed marsh tyrant,100.24,35
Asarcornis scutulata,Anatidae,Anseriformes,2937.39,999723.98,1842,4.55,White-winged duck,1207.19,42
Asemospiza fuliginosa,Thraupidae,Passeriformes,13.3,951776.68,1830,5.2387,Sooty grassquit,57.19,19
Asemospiza obscura,Thraupidae,Passeriformes,11.2,1000344.6,1837,5.721,Dull-coloured grassquit,120.25,8
Ashbyia lovensis,Meliphagidae,Passeriformes,17.5,103581.31,1911,6.2148,,,20
Asio abyssinicus,Strigidae,Strigiformes,322.5,153995.93,1843,7.0417,Abyssinian owl,218.16,7
Asio capensis,Strigidae,Strigiformes,334.0,7302556.68,1834,6.9226,Marsh owl,482.44,19
Asio clamator,Strigidae,Strigiformes,443.28,7163922.1,1808,7.0135,Striped owl,514.42,60
Asio flammeus,Strigidae,Strigiformes,322.61,39874062.36,1763,7.4766,Short-eared owl,4743.31,379
Asio madagascariensis,Strigidae,Strigiformes,322.5,579908.5,1834,7.2027,Madagascar owl,192.31,6
Asio otus,Strigidae,Strigiformes,296.57,27618929.92,1758,7.0391,Long-eared owl,5622.82,371
Asio stygius,Strigidae,Strigiformes,565.0,5017278.49,1832,6.998,Stygian owl,1173.87,88
Aspatha gularis,Momotidae,Coraciiformes,62.7,99079.03,1840,7.1945,Blue-throated motmot,87.25,22
Asthenes anthoides,Furnariidae,Passeriformes,22.3,192482.47,1831,5.5288,Austral canastero,36.72,14
Asthenes baeri,Furnariidae,Passeriformes,17.8,1726715.05,1906,5.8325,Short-billed canastero,22.45,20
Asthenes berlepschi,Furnariidae,Passeriformes,67.0,2103.93,1917,5.5789,Berlepsch's canastero,22.46,11
Asthenes coryi,Furnariidae,Passeriformes,16.8,9010.23,1888,5.3614,Ochre-browed thistletail,16.87,6
Asthenes flammulata,Furnariidae,Passeriformes,22.5,122945.37,1850,5.729,Many-striped canastero,30.05,24
Asthenes fuliginosa,Furnariidae,Passeriformes,18.3,96182.51,1843,5.8688,White-chinned thistletail,34.29,10
Asthenes griseomurina,Furnariidae,Passeriformes,17.6,18912.9,1882,5.2688,Mouse-colored thistletail,17.86,7
Asthenes harterti,Furnariidae,Passeriformes,12.94,23849.1,1901,5.7575,Black-throated thistletail,18.18,11
Asthenes helleri,Furnariidae,Passeriformes,15.3,43369.93,1923,4.9657,Puna thistletail,19.84,14
Asthenes heterura,Furnariidae,Passeriformes,13.49,40109.56,1901,5.1886,Maquis canastero,21.68,11
Asthenes hudsoni,Furnariidae,Passeriformes,19.0,803230.15,1874,4.9066,Hudson's canastero,30.68,18
Asthenes humilis,Furnariidae,Passeriformes,21.0,146012.52,1873,5.0557,Streak-throated canastero,15.07,13
Asthenes luizae,Furnariidae,Passeriformes,28.0,14884.37,1990,5.2219,Cipo canastero,20.95,20
Asthenes maculicauda,Furnariidae,Passeriformes,19.0,48997.23,1901,5.1113,Scribble-tailed canastero,17.56,14
Asthenes modesta,Furnariidae,Passeriformes,16.8,2015310.78,1851,4.8475,Cordilleran canastero,30.77,24
Asthenes moreirae,Furnariidae,Passeriformes,10.48,39562.85,1905,5.5261,Itatiaia spinetail,24.3,9
Asthenes ottonis,Furnariidae,Passeriformes,13.0,48172.58,1901,5.6981,Rusty-fronted canastero,21.04,28
Asthenes palpebralis,Furnariidae,Passeriformes,16.97,11496.43,1873,5.3216,Eye-ringed thistletail,20.34,8
Asthenes perijana,Furnariidae,Passeriformes,18.33,111.26,1977,5.092,Perijá thistletail,20.67,18
Asthenes pudibunda,Furnariidae,Passeriformes,14.86,89205.07,1874,5.0617,Canyon canastero,22.41,23
Asthenes pyrrholeuca,Furnariidae,Passeriformes,13.2,1342673.81,1817,5.2994,Sharp-billed canastero,27.79,22
Asthenes urubambensis,Furnariidae,Passeriformes,16.0,63371.51,1919,5.4861,Line-fronted canastero,17.23,22
Asthenes virgata,Furnariidae,Passeriformes,22.0,46703.35,1874,5.8096,Junín canastero,15.57,14
Astrapia mayeri,Paradisaeidae,Passeriformes,139.29,7451.13,1939,5.7748,Ribbon-tailed astrapia,646.18,20
Astrapia nigra,Paradisaeidae,Passeriformes,190.0,3721.2,1788,5.9035,Arfak astrapia,275.14,13
Astrapia rothschildi,Paradisaeidae,Passeriformes,181.41,6673.3,1906,6.4956,Huon astrapia,192.74,17
Astrapia splendidissima,Paradisaeidae,Passeriformes,131.33,42648.98,1895,6.4349,Splendid astrapia,237.05,14
Astrapia stephaniae,Paradisaeidae,Passeriformes,141.77,55589.82,1885,7.5614,Stephanie's astrapia,153.52,17
Atalotriccus pilaris,Tyrannidae,Passeriformes,6.8,813969.64,1847,5.2726,Pale-eyed pygmy tyrant,22.55,22
Atelornis crossleyi,Brachypteraciidae,Coraciiformes,79.0,22418.55,1875,6.7812,Rufous-headed ground roller,63.96,13
Atelornis pittoides,Brachypteraciidae,Coraciiformes,91.5,45907.82,1834,7.0804,Pitta-like ground roller,73.27,15
Athene blewitti,Strigidae,Strigiformes,241.0,5435.61,1873,7.5517,Forest owlet,2132.97,35
Athene brama,Strigidae,Strigiformes,112.0,5213398.06,1821,7.1979,Spotted owlet,1364.58,57
Athene cunicularia,Strigidae,Strigiformes,150.61,14303129.42,1782,7.0632,Burrowing owl,12371.14,568
Athene noctua,Strigidae,Strigiformes,168.92,26742298.73,1769,7.3872,Little owl,7594.85,337
Athene superciliaris,Strigidae,Strigiformes,231.0,415419.42,1817,7.3857,White-browed owl,95.82,3
Atlapetes albiceps,Passerellidae,Passeriformes,37.0,26300.95,1884,5.3718,White-headed brushfinch,16.82,10
Atlapetes albinucha,Passerellidae,Passeriformes,33.84,275050.2,1838,5.9933,White-naped brushfinch,39.8,39
Atlapetes blancae,Passerellidae,Passeriformes,28.04,230.26,2007,5.3172,Antioquia brushfinch,100.18,49
Atlapetes canigenis,Passerellidae,Passeriformes,26.6,35227.79,1919,5.7753,Cuzco brushfinch,21.11,14
Atlapetes citrinellus,Passerellidae,Passeriformes,28.0,13460.09,1883,5.4787,Yellow-striped brushfinch,23.12,21
Atlapetes flaviceps,Passerellidae,Passeriformes,33.66,20479.76,1912,5.9038,Yellow-headed brushfinch,44.7,32
Atlapetes forbesi,Passerellidae,Passeriformes,32.17,18195.92,1947,5.7834,Apurímac brushfinch,22.07,13
Atlapetes fulviceps,Passerellidae,Passeriformes,28.2,77616.92,1837,6.6868,Fulvous-headed brushfinch,17.23,27
Atlapetes fuscoolivaceus,Passerellidae,Passeriformes,32.5,4432.51,1914,5.3112,Dusky-headed brushfinch,16.49,28
Atlapetes leucopis,Passerellidae,Passeriformes,43.0,12200.3,1878,6.2713,White-rimmed brushfinch,13.04,11
Atlapetes melanocephalus,Passerellidae,Passeriformes,25.0,4032.81,1880,6.4075,Santa Marta brushfinch,17.49,22
Atlapetes melanolaemus,Passerellidae,Passeriformes,28.9,61848.9,1879,6.5811,Grey-eared brushfinch,21.54,13
Atlapetes melanopsis,Passerellidae,Passeriformes,29.6,3079.58,2002,6.1925,Black-spectacled brushfinch,17.17,26
Atlapetes nationi,Passerellidae,Passeriformes,41.6,33065.05,1881,5.3069,Rusty-bellied brushfinch,15.14,21
Atlapetes pallidiceps,Passerellidae,Passeriformes,27.5,0.98,1900,5.2334,Pale-headed brushfinch,27.08,66
Atlapetes pallidinucha,Passerellidae,Passeriformes,34.56,97974.81,1840,6.1741,Pale-naped brushfinch,22.91,22
Atlapetes personatus,Passerellidae,Passeriformes,32.68,99663.07,1849,6.1846,Tepui brushfinch,15.68,16
Atlapetes pileatus,Passerellidae,Passeriformes,24.0,348950.66,1831,6.0941,Rufous-capped brushfinch,25.69,51
Atlapetes rufigenis,Passerellidae,Passeriformes,32.17,21321.71,1895,5.743,Rufous-eared brushfinch,12.09,25
Atlapetes rufinucha,Passerellidae,Passeriformes,21.54,39008.5,1837,6.7569,Bolivian brushfinch,18.29,28
Atlapetes seebohmi,Passerellidae,Passeriformes,29.5,47364.95,1883,5.5913,Bay-crowned brushfinch,16.89,12
Atlapetes semirufus,Passerellidae,Passeriformes,30.7,67791.56,1840,6.25,Ochre-breasted brushfinch,16.18,16
Atrichornis clamosus,Atrichornithidae,Passeriformes,42.15,163.91,1844,5.9636,Noisy scrubbird,168.11,45
Atrichornis rufescens,Atrichornithidae,Passeriformes,24.0,17310.26,1867,5.4082,Rufous scrubbird,114.18,24
Atronanus fuliginosus,Hirundinidae,Passeriformes,9.8,306900.32,1925,5.5433,Forest swallow,68.95,4
Attagis gayi,Thinocoridae,Charadriiformes,311.0,1031574.14,1831,5.5646,Rufous-bellied seedsnipe,97.7,36
Attagis malouinus,Thinocoridae,Charadriiformes,340.0,209498.7,1783,5.4274,White-bellied seedsnipe,67.47,20
Atticora fasciata,Hirundinidae,Passeriformes,13.0,6512985.46,1789,5.8,White-banded swallow,89.83,18
Atticora pileata,Hirundinidae,Passeriformes,12.2,75275.04,1858,5.8826,Black-capped swallow,70.47,9
Atticora tibialis,Hirundinidae,Passeriformes,10.6,4182240.09,1853,5.0439,White-thighed swallow,50.53,11
Attila bolivianus,Tyrannidae,Passeriformes,39.5,2790241.24,1848,5.1368,White-eyed attila,21.83,18
Attila cinnamomeus,Tyrannidae,Passeriformes,38.8,5275009.27,1789,6.6395,Cinnamon attila,45.61,21
Attila citriniventris,Tyrannidae,Passeriformes,33.7,1546685.5,1859,5.7674,Citron-bellied attila,21.27,16
Attila phoenicurus,Tyrannidae,Passeriformes,32.3,551774.09,1868,5.6909,Rufous-tailed attila,31.11,37
Attila rufus,Tyrannidae,Passeriformes,42.6,342429.82,1819,6.2253,Grey-hooded attila,32.23,37
Attila spadiceus,Tyrannidae,Passeriformes,39.1,8099963.72,1789,5.353,Bright-rumped attila,108.44,68
Attila torridus,Tyrannidae,Passeriformes,46.0,5579.78,1860,6.3464,Ochraceous attila,26.3,33
Augastes lumachella,Trochilidae,Caprimulgiformes,4.0,20933.87,1839,6.7113,Hooded visorbearer,165.89,38
Augastes scutatus,Trochilidae,Caprimulgiformes,3.0,28653.28,1824,7.1795,Hyacinth visorbearer,73.5,27
Aulacorhynchus coeruleicinctis,Ramphastidae,Piciformes,208.0,103161.86,1840,6.5005,Blue-banded toucanet,106.33,20
Aulacorhynchus derbianus,Ramphastidae,Piciformes,209.71,302414.84,1835,6.8119,Chestnut-tipped toucanet,102.53,23
Aulacorhynchus haematopygus,Ramphastidae,Piciformes,194.39,179236.71,1835,7.4742,Crimson-rumped toucanet,221.3,29
Aulacorhynchus huallagae,Ramphastidae,Piciformes,268.84,2703.98,1933,5.5175,Yellow-browed toucanet,107.16,34
Aulacorhynchus whitelianus,Ramphastidae,Piciformes,133.0,167279.36,1882,6.6984,Tepui toucanet,57.2,16
Auriparus flaviceps,Remizidae,Passeriformes,6.8,1879707.38,1850,6.0263,,,82
Automolus infuscatus,Furnariidae,Passeriformes,32.9,4323531.2,1856,5.3992,Olive-backed foliage-gleaner,21.27,24
Automolus lammi,Furnariidae,Passeriformes,34.5,63962.64,1947,4.6487,Pernambuco foliage-gleaner,26.82,27
Automolus leucophthalmus,Furnariidae,Passeriformes,34.5,1800565.07,1821,6.3526,White-eyed foliage-gleaner,31.68,39
Automolus melanopezus,Furnariidae,Passeriformes,31.4,670422.08,1858,4.9802,Brown-rumped foliage-gleaner,19.85,20
Automolus paraensis,Furnariidae,Passeriformes,36.0,1664456.09,1902,5.0518,Para foliage-gleaner,19.11,9
Automolus rufipileatus,Furnariidae,Passeriformes,34.8,4360535.3,1859,5.0486,Chestnut-crowned foliage-gleaner,24.68,21
Aviceda cuculoides,Accipitridae,Accipitriformes,277.0,10593852.38,1837,6.1703,African cuckoo-hawk,297.25,15
Aviceda jerdoni,Accipitridae,Accipitriformes,363.0,1592906.95,1842,6.2733,Jerdon's baza,402.16,18
Aviceda leuphotes,Accipitridae,Accipitriformes,193.98,3528791.57,1820,6.5562,Black baza,618.88,38
Aviceda madagascariensis,Accipitridae,Accipitriformes,277.0,340717.9,1834,6.3134,Madagascar cuckoo-hawk,102.11,7
Aviceda subcristata,Accipitridae,Accipitriformes,322.65,1718124.83,1838,6.6965,Pacific baza,599.37,30
Avocettula recurvirostris,Trochilidae,Caprimulgiformes,4.2,2531616.04,1822,6.6508,Fiery-tailed awlbill,95.05,14
Aythya affinis,Anatidae,Anseriformes,819.45,5052907.86,1838,5.7033,Lesser scaup,2169.41,197
Aythya americana,Anatidae,Anseriformes,1075.69,5111761.27,1838,5.7772,Redhead (bird),2366.12,187
Aythya australis,Anatidae,Anseriformes,869.41,6825013.89,1838,5.2361,,,38
Aythya baeri,Anatidae,Anseriformes,681.23,2258041.25,1863,5.3225,Baer's pochard,835.84,132
Aythya collaris,Anatidae,Anseriformes,704.55,4899833.68,1809,5.8244,Ring-necked duck,1882.72,147
Aythya ferina,Anatidae,Anseriformes,822.99,16611109.18,1758,5.6437,Common pochard,2091.25,393
Aythya fuligula,Anatidae,Anseriformes,701.17,20377977.97,1758,5.9962,Tufted duck,3050.12,272
Aythya innotata,Anatidae,Anseriformes,685.0,597.73,1894,5.5427,Madagascar pochard,404.39,20
Aythya marila,Anatidae,Anseriformes,1005.37,11929401.28,1761,5.1173,Greater scaup,2632.81,249
Aythya novaeseelandiae,Anatidae,Anseriformes,681.98,162640.63,1789,5.695,New Zealand scaup,415.57,35
Aythya nyroca,Anatidae,Anseriformes,574.0,6827514.86,1770,5.612,Ferruginous duck,1113.94,255
Aythya valisineria,Anatidae,Anseriformes,1202.0,3654390.23,1814,5.1399,,,114
Baeolophus atricristatus,Paridae,Passeriformes,17.5,741786.53,1850,7.4236,Black-crested titmouse,873.35,61
Baeolophus bicolor,Paridae,Passeriformes,21.6,2969712.5,1766,7.0781,Tufted titmouse,11912.29,119
Baeolophus inornatus,Paridae,Passeriformes,15.87,178257.64,1845,5.4322,Oak titmouse,1040.4,82
Baeolophus ridgwayi,Paridae,Passeriformes,15.86,1056208.76,1902,6.4814,Juniper titmouse,690.95,68
Baeolophus wollweberi,Paridae,Passeriformes,10.4,532101.62,1850,7.5934,Bridled titmouse,438.57,28
Baeopogon clamans,Pycnonotidae,Passeriformes,45.8,850000.36,1893,4.1754,Sjöstedt's greenbul,20.84,13
Baeopogon indicator,Pycnonotidae,Passeriformes,45.8,4280773.28,1855,4.9152,Honeyguide greenbul,38.06,21
Balaeniceps rex,Balaenicipitidae,Pelecaniformes,5941.01,1281979.14,1850,5.8188,,,43
Balearica pavonina,Gruidae,Gruiformes,3590.0,2976931.85,1758,6.7564,Black crowned crane,1663.77,71
Balearica regulorum,Gruidae,Gruiformes,3771.99,3528882.19,1834,7.0339,Grey crowned crane,5775.68,143
Bambusicola fytchii,Phasianidae,Galliformes,313.65,550319.01,1871,5.6264,Mountain bamboo partridge,215.73,21
Bambusicola sonorivox,Phasianidae,Galliformes,264.79,31326.04,1863,5.8444,Taiwan bamboo partridge,109.06,16
Bambusicola thoracicus,Phasianidae,Galliformes,264.79,1284965.77,1815,6.041,Chinese bamboo partridge,322.21,52
Bangsia arcaei,Thraupidae,Passeriformes,37.2,9434.5,1869,6.8832,Blue-and-gold tanager,49.19,27
Bangsia aureocincta,Thraupidae,Passeriformes,41.7,1199.64,1910,6.6738,Gold-ringed tanager,55.98,45
Bangsia edwardsi,Thraupidae,Passeriformes,37.0,19030.86,1865,6.3687,Moss-backed tanager,40.82,26
Bangsia flavovirens,Thraupidae,Passeriformes,25.0,735.84,1867,5.2421,Yellow-green tanager,30.91,14
Bangsia melanochlamys,Thraupidae,Passeriformes,37.16,3988.85,1910,6.7294,Black-and-gold tanager,40.42,35
Bangsia rothschildi,Thraupidae,Passeriformes,48.5,20015.6,1897,6.715,Golden-chested tanager,27.39,19
Barnardius zonarius,Psittacidae,Psittaciformes,133.0,5305452.04,1805,7.2627,Australian ringneck,2828.05,42
Bartramia longicauda,Scolopacidae,Charadriiformes,158.92,3282893.45,1812,5.7511,Upland sandpiper,1126.97,154
Baryphthengus martii,Momotidae,Coraciiformes,165.02,3234290.46,1824,7.6009,Rufous motmot,235.04,28
Baryphthengus ruficapillus,Momotidae,Coraciiformes,141.65,1565635.85,1818,6.5743,Rufous-capped motmot,76.47,39
Basileuterus belli,Parulidae,Passeriformes,10.7,334156.38,1841,7.0459,Golden-browed warbler,31.86,33
Basileuterus griseiceps,Parulidae,Passeriformes,13.04,902.98,1868,5.9541,Grey-headed warbler,22.31,12
Basileuterus ignotus,Parulidae,Passeriformes,10.89,180.74,1912,5.3815,Pirre warbler,30.94,12
Basileuterus lachrymosus,Parulidae,Passeriformes,25.6,340350.72,1850,6.3756,Fan-tailed warbler,83.09,26
Basileuterus melanogenys,Parulidae,Passeriformes,11.8,4831.72,1865,6.4729,Black-cheeked warbler,35.2,30
Basileuterus trifasciatus,Parulidae,Passeriformes,9.7,29296.98,1880,6.2248,Three-banded warbler,26.71,22
Basilinna leucotis,Trochilidae,Caprimulgiformes,3.39,556989.38,1818,6.7725,White-eared hummingbird,197.03,33
Basilinna xantusii,Trochilidae,Caprimulgiformes,3.4,41923.51,1861,7.3109,Xantus's hummingbird,434.47,52
Basilornis celebensis,Sturnidae,Passeriformes,126.0,168289.41,1861,5.5316,Sulawesi myna,192.71,15
Basilornis corythaix,Sturnidae,Passeriformes,126.0,15461.94,1827,5.6617,Long-crested myna,133.02,6
Basilornis galeatus,Sturnidae,Passeriformes,126.0,7248.97,1894,5.2025,Helmeted myna,144.44,6
Batara cinerea,Thamnophilidae,Passeriformes,131.0,600001.37,1819,6.2558,Giant antshrike,70.04,34
Bathmocercus rufus,Cisticolidae,Passeriformes,15.4,638060.54,1895,6.282,Black-faced rufous warbler,42.55,20
Batis crypta,Platysteiridae,Passeriformes,12.2,41463.59,2006,7.186,Dark batis,30.04,14
Batis diops,Platysteiridae,Passeriformes,12.7,68443.81,1905,6.2592,Rwenzori batis,38.8,20
Batis erlangeri,Platysteiridae,Passeriformes,12.5,4364965.84,1907,6.4203,Western black-headed batis,27.23,8
Batis fratrum,Platysteiridae,Passeriformes,11.94,296075.25,1900,6.3832,Woodwards' batis,8.46,8
Batis ituriensis,Platysteiridae,Passeriformes,10.66,267495.16,1921,5.8188,Ituri batis,28.41,7
Batis margaritae,Platysteiridae,Passeriformes,11.7,103855.36,1934,6.2089,Margaret's batis,37.72,9
Batis minima,Platysteiridae,Passeriformes,10.0,138511.08,1855,5.5564,Gabon batis,23.82,8
Batis minor,Platysteiridae,Passeriformes,12.5,280465.17,1901,5.9056,Eastern black-headed batis,21.88,13
Batis minulla,Platysteiridae,Passeriformes,9.9,474658.69,1874,6.123,Angola batis,15.98,8
Batis molitor,Platysteiridae,Passeriformes,11.64,5233583.28,1836,6.1564,Chinspot batis,168.55,17
Batis occulta,Platysteiridae,Passeriformes,9.0,514242.92,1984,5.7941,West African batis,27.82,6
Batis orientalis,Platysteiridae,Passeriformes,11.1,2679950.48,1870,6.1727,Grey-headed batis,33.15,9
Batis perkeo,Platysteiridae,Passeriformes,6.94,949410.69,1907,6.1415,Pygmy batis,32.49,7
Batis poensis,Platysteiridae,Passeriformes,9.6,1554.43,1903,5.6576,Fernando Po batis,41.24,14
Batis pririt,Platysteiridae,Passeriformes,9.34,1547981.31,1818,7.1044,Pririt batis,60.36,31
Batis senegalensis,Platysteiridae,Passeriformes,9.64,3034470.61,1766,6.9485,Senegal batis,50.92,9
Batis soror,Platysteiridae,Passeriformes,9.5,863131.73,1903,5.7553,Pale batis,40.36,14
Batrachostomus auritus,Podargidae,Caprimulgiformes,206.0,565685.32,1829,6.2654,Large frogmouth,369.88,13
Batrachostomus cornutus,Podargidae,Caprimulgiformes,46.3,860066.39,1822,6.0766,Sunda frogmouth,109.38,9
Batrachostomus harterti,Podargidae,Caprimulgiformes,206.0,27500.68,1892,6.4999,Dulit frogmouth,185.09,9
Batrachostomus hodgsoni,Podargidae,Caprimulgiformes,51.0,119417.56,1859,6.2036,Hodgson's frogmouth,205.45,14
Batrachostomus mixtus,Podargidae,Caprimulgiformes,46.3,86540.35,1892,5.2442,Bornean frogmouth,51.94,11
Batrachostomus moniliger,Podargidae,Caprimulgiformes,52.37,109433.83,1849,5.9661,Sri Lanka frogmouth,799.35,23
Batrachostomus poliolophus,Podargidae,Caprimulgiformes,46.3,93412.75,1892,6.6177,Sumatran frogmouth,66.94,11
Batrachostomus septimus,Podargidae,Caprimulgiformes,86.75,251854.35,1877,5.6452,Philippine frogmouth,261.85,15
Batrachostomus stellatus,Podargidae,Caprimulgiformes,51.34,738170.25,1837,5.5861,Gould's frogmouth,121.94,9
Belocercus longicaudus,Psittacidae,Psittaciformes,107.0,877581.6,1783,6.7572,,,5
Berenicornis comatus,Bucerotidae,Bucerotiformes,1470.0,1179089.52,1822,5.6884,White-crowned hornbill,321.04,29
Berlepschia rikeri,Furnariidae,Passeriformes,37.0,5179268.8,1887,5.8604,Point-tailed palmcreeper,29.49,15
Bernieria madagascariensis,Bernieridae,Passeriformes,25.33,445930.23,1789,5.0273,Long-billed bernieria,40.88,14
Bias musicus,Vangidae,Passeriformes,21.9,3741138.35,1818,6.0984,Black-and-white shrike-flycatcher,93.76,15
Biatas nigropectus,Thamnophilidae,Passeriformes,25.5,23893.22,1850,5.7807,White-bearded antshrike,32.54,28
Biziura lobata,Anatidae,Anseriformes,1928.54,1207634.45,1796,4.9636,Musk duck,808.9,34
Bleda canicapillus,Pycnonotidae,Passeriformes,41.3,1094053.69,1854,5.3033,Grey-headed bristlebill,29.27,13
Bleda eximius,Pycnonotidae,Passeriformes,35.7,339296.54,1855,5.1645,Green-tailed bristlebill,33.53,15
Bleda syndactylus,Pycnonotidae,Passeriformes,46.14,3527560.89,1837,5.4593,Red-tailed bristlebill,33.93,14
Blythipicus pyrrhotis,Picidae,Piciformes,132.0,1622803.09,1837,6.5057,Bay woodpecker,95.81,29
Blythipicus rubiginosus,Picidae,Piciformes,81.91,1344203.74,1837,6.6837,Maroon woodpecker,57.51,20
Bocagia minuta,Malaconotidae,Passeriformes,34.4,3369836.92,1858,5.8983,Marsh tchagra,58.2,7
Boissonneaua flavescens,Trochilidae,Caprimulgiformes,8.2,128710.18,1832,7.1766,Buff-tailed coronet,182.38,32
Boissonneaua jardini,Trochilidae,Caprimulgiformes,9.1,30988.1,1851,7.798,Velvet-purple coronet,162.52,17
Boissonneaua matthewsii,Trochilidae,Caprimulgiformes,7.7,127445.48,1847,7.7336,Chestnut-breasted coronet,93.09,28
Bolbopsittacus lunulatus,Psittacidae,Psittaciformes,67.6,210517.7,1786,6.907,,,17
Bolborhynchus ferrugineifrons,Psittacidae,Psittaciformes,64.0,3143.4,1880,6.8649,Rufous-fronted parakeet,81.53,36
Bolborhynchus lineola,Psittacidae,Psittaciformes,56.2,279157.1,1853,7.2619,Barred parakeet,1357.6,39
Bolborhynchus orbygnesius,Psittacidae,Psittaciformes,43.1,191118.76,1856,6.4666,Andean parakeet,116.14,16
Bolemoreus frenatus,Meliphagidae,Passeriformes,34.11,58164.64,1874,5.268,Bridled honeyeater,63.22,7
Bolemoreus hindwoodi,Meliphagidae,Passeriformes,22.89,933.44,1983,5.5513,Eungella honeyeater,59.85,9
Bombycilla cedrorum,Bombycillidae,Passeriformes,31.58,7437954.14,1808,7.24,Cedar waxwing,10920.33,185
Bombycilla garrulus,Bombycillidae,Passeriformes,54.41,12792145.0,1758,7.3329,Bohemian waxwing,4249.2,111
Bombycilla japonica,Bombycillidae,Passeriformes,42.3,869392.31,1824,7.8339,Japanese waxwing,580.0,25
Bonasa umbellus,Phasianidae,Galliformes,530.91,8071254.33,1766,6.0183,Ruffed grouse,6932.75,197
Bostrychia bocagei,Threskiornithidae,Pelecaniformes,866.0,220.87,1923,5.4729,São Tomé ibis,263.93,16
Bostrychia carunculata,Threskiornithidae,Pelecaniformes,1500.0,539792.68,1837,4.8546,Wattled ibis,190.16,16
Bostrychia hagedash,Threskiornithidae,Pelecaniformes,1238.0,16241597.55,1790,5.0834,Hadada ibis,3732.97,43
Bostrychia olivacea,Threskiornithidae,Pelecaniformes,866.0,802325.59,1838,4.6203,Olive ibis,246.18,8
Bostrychia rara,Threskiornithidae,Pelecaniformes,866.0,2806304.39,1897,5.1754,Spot-breasted ibis,158.41,9
Botaurus lentiginosus,Ardeidae,Pelecaniformes,706.0,8778053.14,1813,5.6641,American bittern,3182.96,137
Botaurus pinnatus,Ardeidae,Pelecaniformes,812.16,2262647.75,1829,5.8632,Pinnated bittern,215.56,40
Botaurus poiciloptilus,Ardeidae,Pelecaniformes,1083.69,1425382.93,1827,5.0028,Australasian bittern,523.98,44
Botaurus stellaris,Ardeidae,Pelecaniformes,1319.45,18110303.08,1758,5.3566,Eurasian bittern,2236.39,176
Brachycope anomala,Ploceidae,Passeriformes,25.3,252363.81,1887,5.4389,Bob-tailed weaver,46.23,7
Brachygalba albogularis,Galbulidae,Piciformes,17.43,660078.82,1824,6.5709,White-throated jacamar,38.93,8
Brachygalba goeringi,Galbulidae,Piciformes,17.0,133840.27,1869,6.617,Pale-headed jacamar,33.92,6
Brachygalba lugubris,Galbulidae,Piciformes,15.9,4798770.73,1838,6.3242,Brown jacamar,51.87,17
Brachygalba salmoni,Galbulidae,Piciformes,17.2,50824.86,1879,6.2895,Dusky-backed jacamar,35.53,8
Brachypodius atriceps,Pycnonotidae,Passeriformes,25.5,2968877.33,1822,5.8316,Black-headed bulbul,210.57,9
Brachypodius fuscoflavescens,Pycnonotidae,Passeriformes,25.5,3196.27,1873,5.8214,Andaman bulbul,94.32,10
Brachypodius priocephalus,Pycnonotidae,Passeriformes,25.5,99388.86,1839,5.4208,Grey-headed bulbul,174.75,8
Brachypteracias leptosomus,Brachypteraciidae,Coraciiformes,185.0,39070.42,1833,6.6339,Short-legged ground roller,89.17,19
Brachypteryx cruralis,Muscicapidae,Passeriformes,17.68,1685703.23,1843,7.2279,Himalayan shortwing,42.64,10
Brachypteryx goodfellowi,Muscicapidae,Passeriformes,17.68,35903.29,1912,5.7329,Taiwan shortwing,29.93,11
Brachypteryx hyperythra,Muscicapidae,Passeriformes,15.8,41728.24,1861,5.9652,Rusty-bellied shortwing,52.69,18
Brachypteryx leucophris,Muscicapidae,Passeriformes,15.8,2289506.95,1828,5.0242,Lesser shortwing,113.17,23
Brachyramphus brevirostris,Alcidae,Charadriiformes,234.0,709072.99,1829,5.5562,Kittlitz's murrelet,192.09,45
Brachyramphus marmoratus,Alcidae,Charadriiformes,220.0,1672345.18,1789,5.6991,Marbled murrelet,1378.76,153
Brachyramphus perdix,Alcidae,Charadriiformes,220.0,1124351.71,1811,4.8678,Long-billed murrelet,357.23,23
Bradornis comitatus,Muscicapidae,Passeriformes,14.1,3634771.07,1857,5.6411,Dusky-blue flycatcher,37.4,6
Bradornis mariquensis,Muscicapidae,Passeriformes,25.18,1651176.93,1847,5.0917,Marico flycatcher,52.99,13
Bradornis microrhynchus,Muscicapidae,Passeriformes,19.48,2477905.95,1887,5.3432,African grey flycatcher,73.17,13
Bradypterus bangwaensis,Locustellidae,Passeriformes,21.0,6930.35,1943,5.5815,Bangwa forest warbler,31.07,15
Bradypterus barratti,Locustellidae,Passeriformes,18.8,227225.24,1876,4.6931,Barratt's warbler,43.23,15
Bradypterus brunneus,Locustellidae,Passeriformes,14.2,52379.86,1877,4.9778,Brown emutail,32.32,13
Bradypterus carpalis,Locustellidae,Passeriformes,22.37,116124.15,1916,4.9593,White-winged swamp warbler,22.43,12
Bradypterus cinnamomeus,Locustellidae,Passeriformes,17.39,513979.16,1840,5.6409,Cinnamon bracken warbler,32.24,14
Bradypterus grandis,Locustellidae,Passeriformes,18.5,12448.47,1917,4.7701,Dja River scrub warbler,19.39,9
Bradypterus graueri,Locustellidae,Passeriformes,16.99,15367.1,1908,4.4566,Grauer's swamp warbler,36.78,16
Bradypterus lopezi,Locustellidae,Passeriformes,19.15,424179.16,1903,5.1338,Evergreen forest warbler,35.76,17
Bradypterus sylvaticus,Locustellidae,Passeriformes,21.0,8825.28,1860,4.4902,Knysna warbler,51.92,21
Branta bernicla,Anatidae,Anseriformes,1277.91,3125724.3,1758,5.899,Brant (goose),3299.33,322
Branta canadensis,Anatidae,Anseriformes,2811.68,12236810.45,1758,6.1209,Canada goose,38346.68,624
Branta hutchinsii,Anatidae,Anseriformes,2811.68,1274687.67,1832,5.458,Cackling goose,2700.43,113
Branta leucopsis,Anatidae,Anseriformes,1683.97,178673.97,1803,5.5723,Barnacle goose,6118.34,333
Branta ruficollis,Anatidae,Anseriformes,1226.47,754114.0,1769,6.196,Red-breasted goose,1253.93,150
Branta sandvicensis,Anatidae,Anseriformes,2044.12,1904.15,1834,6.1106,Nene (bird),8253.48,76
Brotogeris chiriri,Psittacidae,Psittaciformes,61.6,3803604.48,1818,6.6565,Yellow-chevroned parakeet,335.02,97
Brotogeris chrysoptera,Psittacidae,Psittaciformes,54.5,3112139.06,1766,6.5839,Golden-winged parakeet,135.67,25
Brotogeris cyanoptera,Psittacidae,Psittaciformes,56.0,2567592.63,1870,6.4364,Cobalt-winged parakeet,131.67,36
Brotogeris jugularis,Psittacidae,Psittaciformes,63.2,781311.17,1776,6.6122,Orange-chinned parakeet,329.78,64
Brotogeris pyrrhoptera,Psittacidae,Psittaciformes,63.87,12451.45,1802,6.4437,Grey-cheeked parakeet,177.33,68
Brotogeris sanctithomae,Psittacidae,Psittaciformes,59.0,1707072.32,1776,6.6757,Tui parakeet,135.86,26
Brotogeris tirica,Psittacidae,Psittaciformes,63.0,288572.86,1788,6.825,Plain parakeet,330.06,57
Brotogeris versicolurus,Psittacidae,Psittaciformes,71.53,635609.93,1776,6.0775,White-winged parakeet,424.32,79
Bubalornis albirostris,Ploceidae,Passeriformes,61.9,2320967.62,1817,5.9,White-billed buffalo weaver,86.67,20
Bubalornis niger,Ploceidae,Passeriformes,76.18,2708371.23,1836,5.4746,Red-billed buffalo weaver,516.65,22
Bubo ascalaphus,Strigidae,Strigiformes,2100.0,3200038.62,1809,6.9027,Pharaoh eagle-owl,996.6,32
Bubo bengalensis,Strigidae,Strigiformes,1100.0,3283460.59,1831,7.2484,Indian eagle-owl,1944.28,32
Bubo blakistoni,Strigidae,Strigiformes,3850.0,2289996.15,1884,6.8176,Blakiston's fish owl,5150.85,29
Bubo bubo,Strigidae,Strigiformes,2668.51,31974373.19,1758,7.2021,Eurasian eagle-owl,19171.03,472
Bubo capensis,Strigidae,Strigiformes,1118.64,1905194.15,1834,7.0198,Cape eagle-owl,605.63,20
Bubo cinerascens,Strigidae,Strigiformes,499.99,9679896.35,1843,7.2997,Greyish eagle-owl,287.23,6
Bubo coromandus,Strigidae,Strigiformes,1392.15,1428965.17,1790,6.6848,Dusky eagle-owl,458.31,13
Bubo lacteus,Strigidae,Strigiformes,2114.94,11298632.02,1820,6.4839,Verreaux's eagle-owl,1978.04,24
Bubo leucostictus,Strigidae,Strigiformes,532.54,2567896.43,1855,6.4226,Akun eagle-owl,198.44,8
Bubo nipalensis,Strigidae,Strigiformes,1396.42,2384160.56,1836,7.4259,Spot-bellied eagle-owl,1119.28,27
Bubo philippensis,Strigidae,Strigiformes,532.5,224009.38,1851,6.6214,Philippine eagle-owl,1139.24,13
Bubo scandiacus,Strigidae,Strigiformes,2028.76,5773405.49,1758,7.4544,Snowy owl,22640.33,264
Bubo sumatranus,Strigidae,Strigiformes,1525.0,1415096.11,1822,7.0247,Barred eagle-owl,731.13,10
Bubulcus ibis,Ardeidae,Pelecaniformes,365.95,62451101.72,1758,6.4047,Western cattle egret,1183.97,781
Bucanetes githagineus,Fringillidae,Passeriformes,19.6,7096376.81,1823,5.9653,Trumpeter finch,372.44,73
Bucanetes mongolicus,Fringillidae,Passeriformes,21.5,4276225.48,1870,5.0813,Mongolian finch,154.03,38
Bucco capensis,Bucconidae,Piciformes,54.0,5454915.04,1766,6.9049,Collared puffbird,88.73,17
Bucephala albeola,Anatidae,Anseriformes,397.46,4859143.91,1758,5.7579,,,119
Bucephala clangula,Anatidae,Anseriformes,918.56,22082935.41,1758,5.8798,Common goldeneye,3366.47,325
Bucephala islandica,Anatidae,Anseriformes,921.21,2257979.96,1789,6.2109,Barrow's goldeneye,1245.26,111
Buceros bicornis,Bucerotidae,Bucerotiformes,2790.79,2951578.25,1758,6.443,Great hornbill,9924.32,154
Buceros rhinoceros,Bucerotidae,Bucerotiformes,2371.58,1455791.75,1758,6.5159,Rhinoceros hornbill,3130.84,105
Bucorvus abyssinicus,Bucerotidae,Bucerotiformes,4000.0,4482170.58,1783,5.4629,Abyssinian ground hornbill,944.94,51
Bucorvus leadbeateri,Bucerotidae,Bucerotiformes,3743.62,4867849.88,1825,5.1478,Southern ground hornbill,2589.23,91
Bugeranus carunculatus,Gruidae,Gruiformes,8158.99,2289042.19,1789,6.2008,Wattled crane,830.41,53
Bulweria bulwerii,Procellariidae,Procellariiformes,98.99,117388743.9,1828,5.3906,Bulwer's petrel,314.87,112
Bulweria fallax,Procellariidae,Procellariiformes,173.0,8090659.18,1955,4.7779,Jouanin's petrel,126.25,21
Buphagus africanus,Buphagidae,Passeriformes,58.5,3672712.87,1766,6.0885,Yellow-billed oxpecker,767.33,41
Buphagus erythrorynchus,Buphagidae,Passeriformes,50.74,2881050.23,1814,5.846,Red-billed oxpecker,1684.61,4
Burhinus bistriatus,Burhinidae,Charadriiformes,787.0,787421.54,1829,5.2884,Double-striped thick-knee,338.07,41
Burhinus capensis,Burhinidae,Charadriiformes,422.99,12421028.77,1823,5.1794,Spotted thick-knee,1340.02,26
Burhinus grallarius,Burhinidae,Charadriiformes,648.07,2586160.81,1801,4.9578,Bush stone-curlew,3381.62,28
Burhinus indicus,Burhinidae,Charadriiformes,307.0,3912246.9,1866,5.157,Indian stone-curlew,318.55,12
Burhinus oedicnemus,Burhinidae,Charadriiformes,459.0,9168330.74,1758,4.8761,Eurasian stone-curlew,841.51,199
Burhinus senegalensis,Burhinidae,Charadriiformes,326.0,7037522.76,1837,5.2404,Senegal thick-knee,172.72,17
Burhinus superciliaris,Burhinidae,Charadriiformes,480.0,79703.93,1843,5.4267,Peruvian thick-knee,251.86,38
Burhinus vermiculatus,Burhinidae,Charadriiformes,320.0,5802844.89,1868,4.6641,Water thick-knee,356.98,22
Busarellus nigricollis,Accipitridae,Accipitriformes,766.14,12825637.87,1790,6.7299,Black-collared hawk,304.93,50
Butastur indicus,Accipitridae,Accipitriformes,414.6,1828306.34,1788,6.1963,Grey-faced buzzard,361.14,66
Butastur liventer,Accipitridae,Accipitriformes,337.99,1357262.8,1827,5.7613,Rufous-winged buzzard,164.78,14
Butastur rufipennis,Accipitridae,Accipitriformes,334.87,3625177.22,1850,6.3635,Grasshopper buzzard,210.72,20
Butastur teesa,Accipitridae,Accipitriformes,325.0,3969936.2,1831,5.8494,White-eyed buzzard,432.43,23
Buteo albigula,Accipitridae,Accipitriformes,524.99,1021826.91,1899,6.241,White-throated hawk,201.22,62
Buteo albonotatus,Accipitridae,Accipitriformes,745.92,7192504.19,1847,6.6577,Zone-tailed hawk,1282.23,84
Buteo auguralis,Accipitridae,Accipitriformes,663.92,7045229.26,1865,6.3242,Red-necked buzzard,280.32,13
Buteo brachypterus,Accipitridae,Accipitriformes,511.0,591120.44,1860,5.6142,Madagascar buzzard,254.81,10
Buteo brachyurus,Accipitridae,Accipitriformes,496.01,14372802.04,1816,6.3965,Short-tailed hawk,809.81,68
Buteo galapagoensis,Accipitridae,Accipitriformes,1137.44,5639.54,1837,6.7218,Galapagos hawk,781.21,26
Buteo hemilasius,Accipitridae,Accipitriformes,1358.89,5366251.83,1844,6.4296,Upland buzzard,547.08,74
Buteo jamaicensis,Accipitridae,Accipitriformes,1101.16,15462822.34,1788,6.9102,Red-tailed hawk,29888.08,388
Buteo japonicus,Accipitridae,Accipitriformes,759.1,4465171.4,1844,6.6929,Eastern buzzard,568.7,62
Buteo lagopus,Accipitridae,Accipitriformes,949.76,9709846.76,1763,6.138,Rough-legged buzzard,2320.1,182
Buteo lineatus,Accipitridae,Accipitriformes,603.72,3542030.5,1788,6.5245,Red-shouldered hawk,9963.81,184
Buteo nitidus,Accipitridae,Accipitriformes,519.04,10412658.23,1790,6.8018,Gray-lined hawk,198.8,54
Buteo oreophilus,Accipitridae,Accipitriformes,699.99,674707.01,1914,5.4161,Mountain buzzard,298.64,24
Buteo plagiatus,Accipitridae,Accipitriformes,519.04,1432406.12,1862,6.8727,Gray hawk,1384.0,45
Buteo platypterus,Accipitridae,Accipitriformes,453.65,4864047.78,1823,6.74,Broad-winged hawk,5615.12,203
Buteo refectus,Accipitridae,Accipitriformes,759.1,411852.38,1935,6.3965,Himalayan buzzard,187.32,23
Buteo regalis,Accipitridae,Accipitriformes,1437.18,2780053.23,1844,6.3558,Ferruginous hawk,4737.59,196
Buteo ridgwayi,Accipitridae,Accipitriformes,315.0,210.23,1883,6.066,Ridgway's hawk,375.01,42
Buteo rufinus,Accipitridae,Accipitriformes,1166.18,8574436.83,1829,6.4284,Long-legged buzzard,1367.36,226
Buteo rufofuscus,Accipitridae,Accipitriformes,1530.0,1533534.66,1798,6.2854,Jackal buzzard,689.08,26
Buteo socotraensis,Accipitridae,Accipitriformes,759.1,3622.4,2010,4.9521,Socotra buzzard,124.29,10
Buteo solitarius,Accipitridae,Accipitriformes,500.88,6957.48,1848,5.8075,Hawaiian hawk,1524.97,32
Buteo swainsoni,Accipitridae,Accipitriformes,946.61,4303055.16,1838,6.2563,Swainson's hawk,4075.29,164
Buteo trizonatus,Accipitridae,Accipitriformes,568.0,101450.72,1957,5.9551,Forest buzzard,248.76,11
Buteo ventralis,Accipitridae,Accipitriformes,1190.52,536992.07,1837,6.9988,Rufous-tailed hawk,236.58,38
Buteogallus aequinoctialis,Accipitridae,Accipitriformes,657.63,132570.12,1788,6.0826,Rufous crab hawk,140.95,28
Buteogallus anthracinus,Accipitridae,Accipitriformes,975.09,1898078.97,1830,6.2778,Common black hawk,2137.88,86
Buteogallus coronatus,Accipitridae,Accipitriformes,2950.0,4233989.28,1817,6.1785,Chaco eagle,539.82,73
Buteogallus gundlachii,Accipitridae,Accipitriformes,975.09,14641.79,1855,5.5806,Cuban black hawk,194.68,11
Buteogallus lacernulatus,Accipitridae,Accipitriformes,312.0,139998.95,1827,7.0767,White-necked hawk,162.0,23
Buteogallus meridionalis,Accipitridae,Accipitriformes,807.99,10432463.33,1790,6.5791,Savanna hawk,373.79,32
Buteogallus schistaceus,Accipitridae,Accipitriformes,999.99,3642728.14,1850,5.8508,Slate-colored hawk,116.2,12
Buteogallus solitarius,Accipitridae,Accipitriformes,3000.0,998204.29,1844,6.2361,Solitary eagle,723.73,44
Buteogallus urubitinga,Accipitridae,Accipitriformes,1152.87,13126253.65,1788,5.9193,Great black hawk,865.12,68
Buthraupis montana,Thraupidae,Passeriformes,87.08,299466.64,1837,6.6715,Hooded mountain tanager,80.87,37
Bycanistes albotibialis,Bucerotidae,Bucerotiformes,921.0,2097476.87,1877,6.4378,White-thighed hornbill,127.51,10
Bycanistes brevis,Bucerotidae,Bucerotiformes,1232.84,834397.49,1929,6.0018,Silvery-cheeked hornbill,426.23,30
Bycanistes bucinator,Bucerotidae,Bucerotiformes,639.38,4073212.84,1824,6.3498,Trumpeter hornbill,559.42,34
Bycanistes cylindricus,Bucerotidae,Bucerotiformes,921.0,477009.11,1831,6.6224,Brown-cheeked hornbill,119.99,19
Bycanistes subcylindricus,Bucerotidae,Bucerotiformes,1195.4,1147243.51,1871,6.3065,Black-and-white-casqued hornbill,362.43,17
Cacatua alba,Cacatuidae,Psittaciformes,570.0,20920.49,1776,6.8142,White cockatoo,5518.12,87
Cacatua ducorpsii,Cacatuidae,Psittaciformes,394.0,32952.62,1853,6.3364,Solomons corella,296.12,18
Cacatua galerita,Cacatuidae,Psittaciformes,720.43,3905044.34,1790,6.5214,Sulphur-crested cockatoo,8479.71,135
Cacatua goffiniana,Cacatuidae,Psittaciformes,275.0,4111.87,2004,6.4128,Tanimbar corella,1454.36,119
Cacatua haematuropygia,Cacatuidae,Psittaciformes,288.0,22755.84,1776,6.4152,Red-vented cockatoo,1434.76,35
Cacatua leadbeateri,Cacatuidae,Psittaciformes,396.83,2876175.43,1831,7.1285,Pink cockatoo,1019.71,43
Cacatua moluccensis,Cacatuidae,Psittaciformes,834.99,18195.28,1788,6.2213,Salmon-crested cockatoo,2380.51,66
Cacatua ophthalmica,Cacatuidae,Psittaciformes,492.0,32330.97,1864,6.6445,Blue-eyed cockatoo,1023.11,32
Cacatua pastinator,Cacatuidae,Psittaciformes,631.7,115082.72,1841,6.2692,Western corella,717.05,11
Cacatua sanguinea,Cacatuidae,Psittaciformes,523.69,5297412.63,1843,6.7514,Little corella,1729.47,49
Cacatua sulphurea,Cacatuidae,Psittaciformes,303.34,258063.14,1788,6.9738,Yellow-crested cockatoo,3049.43,130
Cacatua tenuirostris,Cacatuidae,Psittaciformes,566.61,381524.01,1820,6.1447,Long-billed corella,1330.62,29
Cacicus chrysopterus,Icteridae,Passeriformes,36.16,1634780.2,1825,6.4527,Golden-winged cacique,59.17,26
Cacicus haemorrhous,Icteridae,Passeriformes,83.71,8042084.84,1766,5.4453,Red-rumped cacique,112.12,42
Cacicus koepckeae,Icteridae,Passeriformes,48.0,45403.99,1965,5.1837,Selva cacique,54.52,18
Cacicus latirostris,Icteridae,Passeriformes,96.09,418793.31,1838,5.0299,Band-tailed cacique,11.78,11
Cacicus oseryi,Icteridae,Passeriformes,137.7,630368.42,1849,5.8589,Casqued cacique,12.15,16
Cacicus sclateri,Icteridae,Passeriformes,49.0,293827.2,1887,5.2097,Ecuadorian cacique,63.47,16
Cacicus solitarius,Icteridae,Passeriformes,79.76,8791817.69,1816,5.6173,Solitary cacique,67.35,22
Cacomantis aeruginosus,Cuculidae,Cuculiformes,35.8,49279.18,1878,5.5853,Moluccan brush cuckoo,30.56,5
Cacomantis castaneiventris,Cuculidae,Cuculiformes,33.2,790922.13,1867,6.473,Chestnut-breasted cuckoo,65.42,10
Cacomantis flabelliformis,Cuculidae,Cuculiformes,49.8,2434269.44,1802,6.022,Fan-tailed cuckoo,420.63,28
Cacomantis merulinus,Cuculidae,Cuculiformes,25.3,5031778.72,1786,5.6673,Plaintive cuckoo,382.12,42
Cacomantis passerinus,Cuculidae,Cuculiformes,25.3,2080488.85,1797,4.7868,Grey-bellied cuckoo,224.23,8
Cacomantis sonneratii,Cuculidae,Cuculiformes,33.8,4946192.25,1790,5.1767,Banded bay cuckoo,218.64,17
Cacomantis variolosus,Cuculidae,Cuculiformes,35.75,3706197.51,1827,5.5094,Sahul brush cuckoo,187.25,20
Cairina moschata,Anatidae,Anseriformes,2415.78,14188216.55,1758,4.697,Muscovy duck,24077.88,561
Calamanthus campestris,Acanthizidae,Passeriformes,13.91,1452514.49,1841,5.4899,Rufous fieldwren,37.3,18
Calamanthus fuliginosus,Acanthizidae,Passeriformes,20.81,197682.93,1827,5.3744,Striated fieldwren,64.46,18
Calamanthus montanellus,Acanthizidae,Passeriformes,14.0,420704.39,1903,5.1259,Western fieldwren,25.58,5
Calamonastes fasciolatus,Cisticolidae,Passeriformes,13.1,1422725.53,1847,4.7659,Barred wren-warbler,39.26,7
Calamonastes simplex,Cisticolidae,Passeriformes,12.0,1535343.54,1878,5.4676,Grey wren-warbler,38.93,13
Calamonastes stierlingi,Cisticolidae,Passeriformes,13.0,1622532.5,1901,5.2091,Stierling's wren-warbler,35.23,7
Calamonastes undosus,Cisticolidae,Passeriformes,13.0,1613961.16,1882,5.0144,Miombo wren-warbler,30.91,7
Calamospiza melanocorys,Passerellidae,Passeriformes,37.6,1660961.79,1885,4.9693,Lark bunting,1782.64,118
Calandrella acutirostris,Alaudidae,Passeriformes,20.16,4184614.09,1873,4.487,Hume's short-toed lark,68.22,16
Calandrella blanfordi,Alaudidae,Passeriformes,23.7,241455.99,1902,5.2016,Blanford's lark,40.39,10
Calandrella brachydactyla,Alaudidae,Passeriformes,21.06,9578341.98,1814,5.1846,Greater short-toed lark,381.52,72
Calandrella cinerea,Alaudidae,Passeriformes,23.7,5733287.57,1789,4.89,Red-capped lark,99.88,32
Calandrella dukhunensis,Alaudidae,Passeriformes,21.06,3964724.62,1832,4.8538,Mongolian short-toed lark,71.93,10
Calandrella eremica,Alaudidae,Passeriformes,23.7,149763.86,1932,4.4884,Rufous-capped lark,28.64,7
Calcarius lapponicus,Calcariidae,Passeriformes,27.84,8536158.76,1758,5.9169,Lapland longspur,1043.45,130
Calcarius ornatus,Calcariidae,Passeriformes,20.3,799140.65,1837,6.712,Chestnut-collared longspur,405.98,109
Calcarius pictus,Calcariidae,Passeriformes,26.66,711278.18,1832,6.0784,Smith's longspur,389.22,31
Calendulauda africanoides,Alaudidae,Passeriformes,23.4,2078613.46,1836,5.0796,Fawn-coloured lark,60.52,10
Calendulauda albescens,Alaudidae,Passeriformes,30.4,283792.89,1839,5.2937,Karoo lark,54.5,11
Calendulauda burra,Alaudidae,Passeriformes,37.37,72170.13,1930,5.0957,Red lark,62.04,16
Calendulauda poecilosterna,Alaudidae,Passeriformes,24.7,703693.95,1879,4.9745,Pink-breasted lark,47.78,5
Calendulauda sabota,Alaudidae,Passeriformes,24.7,2588939.44,1836,4.7497,Sabota lark,92.79,15
Calherodius leuconotus,Ardeidae,Pelecaniformes,480.25,7860889.3,1827,5.2829,White-backed night heron,202.89,4
Calicalicus madagascariensis,Vangidae,Passeriformes,16.39,341449.07,1766,5.8998,Red-tailed vanga,55.4,9
Calicalicus rufocarpalis,Vangidae,Passeriformes,16.8,13210.57,1997,5.4322,Red-shouldered vanga,525.02,9
Calidris acuminata,Scolopacidae,Charadriiformes,66.08,348177.87,1821,5.8768,Sharp-tailed sandpiper,543.46,77
Calidris alba,Scolopacidae,Charadriiformes,51.71,1344741.13,1764,6.1489,,,252
Calidris alpina,Scolopacidae,Charadriiformes,51.89,4754236.34,1758,5.6997,,,332
Calidris bairdii,Scolopacidae,Charadriiformes,40.97,2767245.54,1861,5.9078,Baird's sandpiper,520.02,94
Calidris canutus,Scolopacidae,Charadriiformes,141.87,1604194.57,1758,5.0737,Red knot,2833.0,422
Calidris falcinellus,Scolopacidae,Charadriiformes,37.1,1005823.74,1763,5.5879,Broad-billed sandpiper,370.58,56
Calidris ferruginea,Scolopacidae,Charadriiformes,58.08,1198699.06,1763,6.0942,Curlew sandpiper,1047.78,140
Calidris fuscicollis,Scolopacidae,Charadriiformes,43.01,1363375.36,1819,5.5,White-rumped sandpiper,541.67,107
Calidris himantopus,Scolopacidae,Charadriiformes,57.24,399381.42,1826,5.5326,Stilt sandpiper,549.95,101
Calidris maritima,Scolopacidae,Charadriiformes,65.1,2008818.99,1764,5.863,Purple sandpiper,908.39,83
Calidris mauri,Scolopacidae,Charadriiformes,27.82,310485.3,1857,6.0727,Western sandpiper,652.93,194
Calidris melanotos,Scolopacidae,Charadriiformes,79.73,2362488.1,1819,5.3954,Pectoral sandpiper,693.88,129
Calidris minuta,Scolopacidae,Charadriiformes,21.1,1734619.92,1812,5.5104,Little stint,932.54,103
Calidris minutilla,Scolopacidae,Charadriiformes,22.88,4973788.94,1819,5.3712,Least sandpiper,792.78,115
Calidris ptilocnemis,Scolopacidae,Charadriiformes,81.32,320856.4,1873,5.5596,Rock sandpiper,155.71,46
Calidris pugnax,Scolopacidae,Charadriiformes,131.68,8562266.88,1758,6.2218,Ruff (bird),1927.83,115
Calidris pusilla,Scolopacidae,Charadriiformes,27.5,2634809.84,1766,5.829,Semipalmated sandpiper,785.96,237
Calidris pygmaea,Scolopacidae,Charadriiformes,31.67,54414.21,1758,6.0942,Spoon-billed sandpiper,1444.72,67
Calidris ruficollis,Scolopacidae,Charadriiformes,26.79,971179.99,1776,5.4845,Red-necked stint,497.82,106
Calidris subminuta,Scolopacidae,Charadriiformes,30.2,316107.68,1853,4.9001,Long-toed stint,272.64,46
Calidris subruficollis,Scolopacidae,Charadriiformes,62.1,642423.52,1819,6.4024,Buff-breasted sandpiper,557.93,70
Calidris temminckii,Scolopacidae,Charadriiformes,23.0,3436316.19,1812,5.7012,Temminck's stint,461.91,86
Calidris tenuirostris,Scolopacidae,Charadriiformes,192.0,1486107.22,1821,5.754,Great knot,554.59,152
Calidris virgata,Scolopacidae,Charadriiformes,200.97,662683.31,1789,5.176,,,28
Caliechthrus leucolophus,Cuculidae,Cuculiformes,107.16,498715.91,1840,4.3649,White-crowned cuckoo,51.38,9
Caligavis chrysops,Meliphagidae,Passeriformes,17.3,1457474.72,1801,5.6326,Yellow-faced honeyeater,819.86,8
Caligavis obscura,Meliphagidae,Passeriformes,26.4,173670.69,1897,5.2453,Obscure honeyeater,21.99,6
Caligavis subfrenata,Meliphagidae,Passeriformes,29.66,132670.15,1876,5.6216,Black-throated honeyeater,25.99,6
Callacanthis burtoni,Fringillidae,Passeriformes,38.14,220959.72,1838,5.9906,Spectacled finch,82.18,12
Callaeas wilsoni,Callaeidae,Passeriformes,225.37,4406.46,1850,5.8241,North Island kōkako,392.34,18
Calliope calliope,Muscicapidae,Passeriformes,18.5,10841460.62,1776,6.5129,Siberian rubythroat,500.79,42
Calliope obscura,Muscicapidae,Passeriformes,19.6,67106.71,1891,6.1219,,,16
Calliope pectardens,Muscicapidae,Passeriformes,14.5,814933.45,1877,6.658,,,15
Calliope pectoralis,Muscicapidae,Passeriformes,23.27,2514975.4,1837,5.7731,Himalayan rubythroat,134.62,9
Calliope tschebaiewi,Muscicapidae,Passeriformes,23.27,1312698.81,1876,6.4458,Chinese rubythroat,77.08,9
Callipepla californica,Odontophoridae,Galliformes,165.7,1087257.04,1798,6.4331,California quail,6666.12,182
Callipepla douglasii,Odontophoridae,Galliformes,177.08,118889.46,1829,6.2886,Elegant quail,504.76,40
Callipepla gambelii,Odontophoridae,Galliformes,165.95,542153.29,1843,6.0997,Gambel's quail,3133.57,108
Callipepla squamata,Odontophoridae,Galliformes,183.86,1414278.24,1830,6.075,Scaled quail,1206.92,209
Calliphlox amethystina,Trochilidae,Caprimulgiformes,2.8,7988128.33,1783,7.3278,Amethyst woodstar,184.75,26
Callocephalon fimbriatum,Cacatuidae,Psittaciformes,256.0,333455.71,1803,6.2443,Gang-gang cockatoo,3238.15,38
Callonetta leucophrys,Anatidae,Anseriformes,362.78,1310348.0,1816,6.5875,Ringed teal,544.07,64
Calochaetes coccineus,Thraupidae,Passeriformes,46.4,99150.86,1858,6.4286,Vermilion tanager,61.21,23
Caloenas nicobarica,Columbidae,Columbiformes,537.86,475640.94,1758,6.7522,Nicobar pigeon,9755.81,53
Calonectris edwardsii,Procellariidae,Procellariiformes,534.99,14809214.03,1883,4.72,Cape Verde shearwater,175.96,38
Calonectris leucomelas,Procellariidae,Procellariiformes,579.99,32884751.33,1836,5.2636,Streaked shearwater,333.06,87
Caloperdix oculeus,Phasianidae,Galliformes,209.04,534135.67,1815,6.4724,Ferruginous partridge,183.38,8
Caloramphus fuliginosus,Megalaimidae,Piciformes,42.6,729941.66,1830,5.2764,Brown barbet,67.8,8
Caloramphus hayii,Megalaimidae,Piciformes,42.6,282000.37,1831,5.8198,Sooty barbet,56.5,5
Calothorax lucifer,Trochilidae,Caprimulgiformes,3.3,338277.72,1827,7.0785,Lucifer sheartail,229.08,50
Calothorax pulcher,Trochilidae,Caprimulgiformes,2.7,52857.18,1859,6.748,Beautiful sheartail,68.38,41
Calypte anna,Trochilidae,Caprimulgiformes,4.24,493015.73,1829,7.0883,Anna's hummingbird,8076.58,209
Calypte costae,Trochilidae,Caprimulgiformes,3.09,563636.0,1839,8.0887,Costa's hummingbird,1187.72,95
Calyptocichla serinus,Pycnonotidae,Passeriformes,38.73,1315030.41,1855,5.4411,Golden greenbul,47.09,7
Calyptomena hosii,Calyptomenidae,Passeriformes,92.0,185043.18,1892,6.9564,Hose's broadbill,103.63,5
Calyptomena viridis,Calyptomenidae,Passeriformes,58.5,1457426.48,1822,7.176,Green broadbill,382.97,16
Calyptomena whiteheadi,Calyptomenidae,Passeriformes,156.09,95505.36,1887,7.3873,Whitehead's broadbill,163.93,13
Calyptophilus frugivorus,Calyptophilidae,Passeriformes,32.1,7294.34,1883,5.3271,Eastern chat-tanager,77.97,15
Calyptophilus tertius,Calyptophilidae,Passeriformes,49.2,6314.23,1929,5.5068,Western chat-tanager,74.92,17
Calyptorhynchus banksii,Cacatuidae,Psittaciformes,721.9,2798975.2,1790,6.275,Red-tailed black cockatoo,4862.13,47
Calyptorhynchus lathami,Cacatuidae,Psittaciformes,437.0,769482.67,1807,5.96,Glossy black cockatoo,1154.33,33
Camaroptera brachyura,Cisticolidae,Passeriformes,9.74,15929835.83,1821,5.3844,Green-backed camaroptera,191.59,21
Camaroptera harterti,Cisticolidae,Passeriformes,9.74,155382.91,1911,5.5329,Hartert's camaroptera,18.52,7
Camaroptera superciliaris,Cisticolidae,Passeriformes,9.7,3154212.79,1843,6.1006,Yellow-browed camaroptera,24.4,8
Campephaga flava,Campephagidae,Passeriformes,32.3,5014249.34,1817,5.5582,Black cuckooshrike,99.43,11
Campephaga petiti,Campephagidae,Passeriformes,31.34,508880.65,1884,5.6275,Petit's cuckooshrike,30.59,6
Campephaga phoenicea,Campephagidae,Passeriformes,27.1,4733993.8,1790,5.7726,Red-shouldered cuckooshrike,51.8,7
Campephaga quiscalina,Campephagidae,Passeriformes,34.5,1373914.13,1869,5.5262,Purple-throated cuckooshrike,43.71,7
Campephilus gayaquilensis,Picidae,Piciformes,241.22,125111.24,1845,6.5553,Guayaquil woodpecker,90.6,35
Campephilus guatemalensis,Picidae,Piciformes,242.0,888852.35,1844,6.6606,Pale-billed woodpecker,352.33,28
Campephilus leucopogon,Picidae,Piciformes,249.0,1077553.56,1826,6.9806,Cream-backed woodpecker,108.52,21
Campephilus magellanicus,Picidae,Piciformes,324.0,395600.76,1827,6.246,Magellanic woodpecker,600.5,89
Campephilus melanoleucos,Picidae,Piciformes,256.0,11099024.68,1788,6.2138,Crimson-crested woodpecker,264.94,23
Campephilus pollens,Picidae,Piciformes,187.9,195689.25,1845,6.5592,Powerful woodpecker,157.2,21
Campephilus robustus,Picidae,Piciformes,200.0,1885815.7,1818,6.1589,Robust woodpecker,104.7,31
Campephilus rubricollis,Picidae,Piciformes,210.71,6911322.08,1783,6.7557,Red-necked woodpecker,131.85,15
Campethera abingoni,Picidae,Piciformes,67.52,6437199.24,1836,6.012,Golden-tailed woodpecker,160.12,13
Campethera bennettii,Picidae,Piciformes,70.1,4469921.88,1836,6.0413,Bennett's woodpecker,108.26,8
Campethera mombassica,Picidae,Piciformes,59.58,57677.63,1884,5.6303,Mombasa woodpecker,46.12,6
Campethera notata,Picidae,Piciformes,62.0,95428.78,1823,6.1415,Knysna woodpecker,79.47,12
Campethera nubica,Picidae,Piciformes,59.7,3241336.04,1783,6.1965,Nubian woodpecker,103.97,12
Campethera punctuligera,Picidae,Piciformes,71.79,4070381.33,1827,6.4253,Fine-spotted woodpecker,57.12,8
Campethera scriptoricauda,Picidae,Piciformes,59.7,751693.68,1896,7.6784,Speckle-throated woodpecker,32.62,8
Campicoloides bifasciatus,Muscicapidae,Passeriformes,35.0,244640.94,1829,5.9501,Buff-streaked chat,56.41,7
Campochaera sloetii,Campephagidae,Passeriformes,41.0,229861.84,1866,6.7146,Golden cuckooshrike,22.48,8
Camptostoma imberbe,Tyrannidae,Passeriformes,7.4,1448668.84,1857,5.1649,Northern beardless tyrannulet,103.72,30
Camptostoma obsoletum,Tyrannidae,Passeriformes,8.1,14428561.74,1824,5.2657,Southern beardless tyrannulet,64.48,49
Campylopterus duidae,Trochilidae,Caprimulgiformes,6.05,102776.86,1929,7.0483,Buff-breasted sabrewing,40.63,10
Campylopterus ensipennis,Trochilidae,Caprimulgiformes,9.6,2404.28,1822,7.6901,White-tailed sabrewing,121.37,7
Campylopterus falcatus,Trochilidae,Caprimulgiformes,7.2,88173.02,1821,6.9601,Lazuline sabrewing,62.71,14
Campylopterus hemileucurus,Trochilidae,Caprimulgiformes,9.72,314208.02,1830,7.9988,Violet sabrewing,435.02,35
Campylopterus hyperythrus,Trochilidae,Caprimulgiformes,6.4,40875.45,1849,6.9375,Rufous-breasted sabrewing,42.84,12
Campylopterus phainopeplus,Trochilidae,Caprimulgiformes,7.65,1550.98,1879,6.6714,Santa Marta sabrewing,113.72,28
Campylopterus villaviscensio,Trochilidae,Caprimulgiformes,7.38,36504.59,1851,7.6144,Napo sabrewing,49.76,20
Campylorhamphus falcularius,Furnariidae,Passeriformes,42.6,876884.84,1822,5.547,Black-billed scythebill,41.65,26
Campylorhamphus pusillus,Furnariidae,Passeriformes,40.5,177568.93,1860,5.4836,Brown-billed scythebill,36.88,13
Campylorhamphus trochilirostris,Furnariidae,Passeriformes,40.8,7392722.43,1820,5.7823,Red-billed scythebill,71.11,39
Campylorhynchus albobrunneus,Troglodytidae,Passeriformes,32.9,96308.3,1862,5.7676,White-headed wren,45.92,13
Campylorhynchus brunneicapillus,Troglodytidae,Passeriformes,38.9,1847263.76,1835,5.4353,Cactus wren,3110.21,103
Campylorhynchus chiapensis,Troglodytidae,Passeriformes,50.9,6221.46,1891,6.2901,Giant wren,127.14,48
Campylorhynchus fasciatus,Troglodytidae,Passeriformes,30.0,121819.89,1838,5.1866,Fasciated wren,50.09,18
Campylorhynchus griseus,Troglodytidae,Passeriformes,42.4,982980.09,1838,5.4516,Bicolored wren,80.14,32
Campylorhynchus gularis,Troglodytidae,Passeriformes,30.1,243629.76,1861,5.3141,Spotted wren,52.3,33
Campylorhynchus jocosus,Troglodytidae,Passeriformes,27.6,89805.27,1860,5.5844,Boucard's wren,46.85,22
Campylorhynchus megalopterus,Troglodytidae,Passeriformes,33.1,80148.81,1845,5.7698,Gray-barred wren,23.38,33
Campylorhynchus nuchalis,Troglodytidae,Passeriformes,23.2,506629.36,1847,5.4542,Stripe-backed wren,38.27,13
Campylorhynchus turdinus,Troglodytidae,Passeriformes,32.6,4503316.81,1821,5.4781,Thrush-like wren,76.08,28
Campylorhynchus yucatanicus,Troglodytidae,Passeriformes,35.5,9706.72,1934,5.4137,Yucatan wren,71.02,42
Campylorhynchus zonatus,Troglodytidae,Passeriformes,34.6,552668.86,1832,5.5518,Band-backed wren,92.14,24
Canirallus oculeus,Rallidae,Gruiformes,277.0,1616653.93,1855,4.297,Grey-throated rail,62.83,11
Cantorchilus griseus,Troglodytidae,Passeriformes,19.11,90775.33,1925,5.235,Grey wren,44.62,12
Cantorchilus guarayanus,Troglodytidae,Passeriformes,13.5,696010.23,1837,5.4418,Fawn-breasted wren,41.74,17
Cantorchilus leucopogon,Troglodytidae,Passeriformes,19.11,140102.27,1899,5.5303,Stripe-throated wren,25.5,13
Cantorchilus leucotis,Troglodytidae,Passeriformes,19.44,8709608.57,1845,5.4417,Buff-breasted wren,52.05,23
Cantorchilus longirostris,Troglodytidae,Passeriformes,21.3,1511309.58,1819,5.3079,Long-billed wren,89.82,23
Cantorchilus nigricapillus,Troglodytidae,Passeriformes,23.9,300564.01,1860,6.0726,Bay wren,85.09,17
Cantorchilus semibadius,Troglodytidae,Passeriformes,17.0,12871.6,1870,5.7696,Riverside wren,38.72,19
Cantorchilus superciliaris,Troglodytidae,Passeriformes,22.8,96843.25,1869,5.2548,Superciliated wren,26.18,13
Cantorchilus thoracicus,Troglodytidae,Passeriformes,17.6,90302.61,1865,5.396,Stripe-breasted wren,36.56,16
Cantorchilus zeledoni,Troglodytidae,Passeriformes,23.5,29950.37,1878,5.6606,Canebrake wren,47.45,27
Capito auratus,Capitonidae,Piciformes,57.37,3118574.61,1805,6.5983,Gilded barbet,70.44,20
Capito aurovirens,Capitonidae,Piciformes,56.2,1228941.99,1829,6.5606,Scarlet-crowned barbet,61.46,16
Capito brunneipectus,Capitonidae,Piciformes,57.9,105842.34,1921,6.4631,Brown-chested barbet,35.01,8
Capito dayi,Capitonidae,Piciformes,67.19,1182972.78,1916,6.3773,Black-girdled barbet,43.28,19
Capito hypoleucus,Capitonidae,Piciformes,70.9,3663.83,1897,6.8513,White-mantled barbet,58.71,39
Capito maculicoronatus,Capitonidae,Piciformes,52.8,133684.28,1861,6.7572,Spot-crowned barbet,49.14,10
Capito niger,Capitonidae,Piciformes,57.37,1107267.21,1776,6.682,Black-spotted barbet,76.42,20
Capito quinticolor,Capitonidae,Piciformes,60.03,40534.07,1865,5.8728,Five-colored barbet,34.12,16
Capito squamatus,Capitonidae,Piciformes,59.26,63414.19,1876,6.456,Orange-fronted barbet,40.6,16
Caprimulgus aegyptius,Caprimulgidae,Caprimulgiformes,77.3,2808450.27,1823,5.9499,Egyptian nightjar,441.28,18
Caprimulgus affinis,Caprimulgidae,Caprimulgiformes,58.7,4956065.32,1821,5.716,Savanna nightjar,364.86,18
Caprimulgus andamanicus,Caprimulgidae,Caprimulgiformes,66.2,6735.83,1873,5.8434,Andaman nightjar,68.89,7
Caprimulgus asiaticus,Caprimulgidae,Caprimulgiformes,42.0,4043903.95,1790,5.5598,Indian nightjar,592.91,7
Caprimulgus atripennis,Caprimulgidae,Caprimulgiformes,61.0,487705.09,1845,5.8667,Jerdon's nightjar,171.98,6
Caprimulgus celebensis,Caprimulgidae,Caprimulgiformes,57.51,26078.5,1894,5.632,Sulawesi nightjar,38.41,5
Caprimulgus clarus,Caprimulgidae,Caprimulgiformes,42.5,1225629.63,1892,5.9115,Slender-tailed nightjar,48.34,12
Caprimulgus climacurus,Caprimulgidae,Caprimulgiformes,45.8,7239636.45,1824,5.6627,Long-tailed nightjar,138.68,12
Caprimulgus concretus,Caprimulgidae,Caprimulgiformes,57.51,976183.03,1850,4.4415,Bonaparte's nightjar,50.33,12
Caprimulgus donaldsoni,Caprimulgidae,Caprimulgiformes,29.0,751577.81,1895,5.738,Donaldson Smith's nightjar,32.86,10
Caprimulgus eximius,Caprimulgidae,Caprimulgiformes,66.29,1981466.64,1826,5.4614,Golden nightjar,75.26,9
Caprimulgus fossii,Caprimulgidae,Caprimulgiformes,58.29,5155775.73,1857,5.4177,Square-tailed nightjar,98.66,13
Caprimulgus fraenatus,Caprimulgidae,Caprimulgiformes,59.73,543293.67,1884,5.5321,Sombre nightjar,52.07,8
Caprimulgus indicus,Caprimulgidae,Caprimulgiformes,91.59,1651666.55,1790,5.7918,Jungle nightjar,239.01,22
Caprimulgus inornatus,Caprimulgidae,Caprimulgiformes,50.26,3310936.5,1869,5.8344,Plain nightjar,63.33,13
Caprimulgus jotaka,Caprimulgidae,Caprimulgiformes,91.59,7938346.12,1845,5.9363,Grey nightjar,255.03,12
Caprimulgus longipennis,Caprimulgidae,Caprimulgiformes,48.0,3883244.3,1796,5.7478,Standard-winged nightjar,1358.67,13
Caprimulgus macrurus,Caprimulgidae,Caprimulgiformes,66.2,5755294.28,1821,5.7716,Large-tailed nightjar,380.61,19
Caprimulgus madagascariensis,Caprimulgidae,Caprimulgiformes,41.1,591293.27,1840,5.9748,Madagascar nightjar,51.54,10
Caprimulgus mahrattensis,Caprimulgidae,Caprimulgiformes,57.0,1082828.68,1832,5.4417,Sykes's nightjar,101.23,7
Caprimulgus manillensis,Caprimulgidae,Caprimulgiformes,70.3,269038.47,1875,5.7618,Philippine nightjar,198.33,11
Caprimulgus meesi,Caprimulgidae,Caprimulgiformes,66.2,29495.98,2004,5.0103,Mees's nightjar,44.08,8
Caprimulgus natalensis,Caprimulgidae,Caprimulgiformes,77.7,2207800.39,1845,6.1858,Swamp nightjar,120.85,11
Caprimulgus nubicus,Caprimulgidae,Caprimulgiformes,49.3,654647.83,1823,5.7223,Nubian nightjar,97.87,12
Caprimulgus phalaena,Caprimulgidae,Caprimulgiformes,91.59,374.96,1872,5.1207,Palau nightjar,43.12,6
Caprimulgus pulchellus,Caprimulgidae,Caprimulgiformes,57.51,28657.44,1879,5.2226,Salvadori's nightjar,40.56,6
Caprimulgus ruficollis,Caprimulgidae,Caprimulgiformes,68.5,791038.8,1820,6.1449,Red-necked nightjar,318.11,82
Caprimulgus rufigena,Caprimulgidae,Caprimulgiformes,51.96,3068121.47,1845,5.1253,Rufous-cheeked nightjar,88.8,15
Caprimulgus stellatus,Caprimulgidae,Caprimulgiformes,58.2,123669.26,1899,5.7694,Star-spotted nightjar,44.33,10
Caprimulgus tristigma,Caprimulgidae,Caprimulgiformes,79.0,4557630.15,1840,5.5143,Freckled nightjar,114.6,13
Caprimulgus vexillarius,Caprimulgidae,Caprimulgiformes,72.24,3406683.13,1838,5.8572,Pennant-winged nightjar,689.23,14
Capsiempis flaveola,Tyrannidae,Passeriformes,7.7,5724076.64,1823,5.7468,Yellow tyrannulet,46.08,38
Cardellina canadensis,Parulidae,Passeriformes,10.04,2768373.43,1766,7.1661,Canada warbler,650.39,195
Cardellina pusilla,Parulidae,Passeriformes,6.96,7961357.24,1811,7.2249,Wilson's warbler,907.87,191
Cardellina rubra,Parulidae,Passeriformes,8.1,232459.31,1827,7.3718,Red warbler,732.17,52
Cardellina rubrifrons,Parulidae,Passeriformes,8.1,393367.0,1841,6.7735,Red-faced warbler,173.27,77
Cardellina versicolor,Parulidae,Passeriformes,10.0,17025.11,1863,7.0317,Pink-headed warbler,193.77,33
Cardinalis cardinalis,Cardinalidae,Passeriformes,42.64,5834572.06,1758,7.0457,Northern cardinal,27467.65,337
Cardinalis phoeniceus,Cardinalidae,Passeriformes,35.0,69681.59,1838,7.0251,Vermilion cardinal,796.85,37
Cardinalis sinuatus,Cardinalidae,Passeriformes,35.19,1519386.56,1838,6.9138,,,68
Carduelis citrinella,Fringillidae,Passeriformes,12.0,193259.64,1764,5.7529,Citril finch,346.48,56
Carduelis corsicana,Fringillidae,Passeriformes,12.0,20435.36,1899,5.2877,Corsican finch,137.18,22
Cariama cristata,Cariamidae,Cariamiformes,1400.0,5932013.38,1766,5.1508,Red-legged seriema,1665.05,98
Caridonax fulgidus,Alcedinidae,Coraciiformes,171.81,33455.22,1857,6.8011,White-rumped kingfisher,16.04,8
Carpococcyx radiceus,Cuculidae,Cuculiformes,495.68,466895.64,1832,5.5793,Bornean ground cuckoo,96.11,9
Carpococcyx renauldi,Cuculidae,Cuculiformes,400.0,457300.49,1896,5.8918,Coral-billed ground cuckoo,83.86,17
Carpococcyx viridis,Cuculidae,Cuculiformes,495.7,25182.19,1879,4.96,Sumatran ground cuckoo,444.07,11
Carpodacus dubius,Fringillidae,Passeriformes,30.99,887176.05,1876,6.2734,Chinese white-browed rosefinch,70.56,13
Carpodacus edwardsii,Fringillidae,Passeriformes,26.5,553558.68,1871,5.7199,Dark-rumped rosefinch,53.0,11
Carpodacus erythrinus,Fringillidae,Passeriformes,23.97,23264611.24,1770,6.3243,Common rosefinch,1519.51,106
Carpodacus formosanus,Fringillidae,Passeriformes,22.08,7543.21,1911,5.8859,Taiwan rosefinch,68.66,8
Carpodacus puniceus,Fringillidae,Passeriformes,46.58,3485769.61,1845,5.6859,Red-fronted rosefinch,70.58,15
Carpodacus roborowskii,Fringillidae,Passeriformes,33.4,194280.63,1887,6.385,Tibetan rosefinch,55.62,13
Carpodacus rodochroa,Fringillidae,Passeriformes,17.81,251585.02,1831,6.2758,Pink-browed rosefinch,153.1,10
Carpodacus rodopeplus,Fringillidae,Passeriformes,23.0,72468.84,1831,5.8661,Spot-winged rosefinch,41.42,13
Carpodacus roseus,Fringillidae,Passeriformes,28.6,5619010.01,1776,6.8803,Pallas's rosefinch,224.35,45
Carpodacus rubicilla,Fringillidae,Passeriformes,43.2,3210935.5,1775,6.0489,Great rosefinch,136.28,31
Carpodacus rubicilloides,Fringillidae,Passeriformes,42.01,1697733.83,1876,6.0572,Streaked rosefinch,65.55,29
Carpodacus sibiricus,Fringillidae,Passeriformes,17.43,6041699.66,1773,6.3336,Siberian long-tailed rosefinch,116.25,30
Carpodacus sipahi,Fringillidae,Passeriformes,39.5,471042.21,1836,6.395,Scarlet finch,263.29,12
Carpodacus stoliczkae,Fringillidae,Passeriformes,20.8,1486506.18,1874,5.774,Pale rosefinch,50.36,8
Carpodacus subhimachalus,Fringillidae,Passeriformes,46.07,789977.1,1836,6.4023,Crimson-browed finch,93.23,10
Carpodacus synoicus,Fringillidae,Passeriformes,20.8,172774.39,1825,6.4484,Sinai rosefinch,224.57,15
Carpodacus thura,Fringillidae,Passeriformes,30.99,296994.0,1850,6.3549,Himalayan white-browed rosefinch,78.95,19
Carpodacus trifasciatus,Fringillidae,Passeriformes,30.99,289595.65,1871,5.7297,Three-banded rosefinch,47.66,17
Carpodacus verreauxii,Fringillidae,Passeriformes,23.0,276469.69,1877,5.1054,Sharpe's rosefinch,31.76,12
Carpodacus vinaceus,Fringillidae,Passeriformes,22.08,1212304.24,1871,5.9579,Vinaceous rosefinch,67.59,17
Carpodacus waltoni,Fringillidae,Passeriformes,27.02,864471.13,1905,6.6391,Pink-rumped rosefinch,46.64,9
Carpodectes antoniae,Cotingidae,Passeriformes,98.0,2191.64,1884,6.4409,Yellow-billed cotinga,64.2,29
Carpodectes hopkei,Cotingidae,Passeriformes,102.0,96274.78,1897,6.2468,Black-tipped cotinga,69.55,17
Carpodectes nitidus,Cotingidae,Passeriformes,101.6,103015.66,1865,6.4205,Snowy cotinga,65.76,20
Carpornis cucullata,Cotingidae,Passeriformes,74.19,251722.97,1821,6.4125,Hooded berryeater,41.79,31
Carpornis melanocephala,Cotingidae,Passeriformes,64.19,67888.43,1820,5.6171,Black-headed berryeater,39.18,39
Carpospiza brachydactyla,Passeridae,Passeriformes,22.3,1571341.29,1850,4.9875,Pale rockfinch,203.43,16
Carterornis castus,Monarchidae,Passeriformes,14.0,3794.53,1883,5.6427,Tanimbar monarch,11.5,5
Carterornis chrysomela,Monarchidae,Passeriformes,15.6,651592.49,1827,6.6579,Golden monarch,68.08,11
Carterornis leucotis,Monarchidae,Passeriformes,11.4,312561.63,1851,6.3023,White-eared monarch,44.62,13
Carterornis pileatus,Monarchidae,Passeriformes,14.0,20864.03,1878,6.1605,White-naped monarch,28.82,5
Caryothraustes canadensis,Cardinalidae,Passeriformes,34.5,2650244.99,1766,6.3958,Yellow-green grosbeak,192.65,41
Caryothraustes celaeno,Cardinalidae,Passeriformes,60.0,127727.17,1830,6.2752,Crimson-collared grosbeak,231.24,2
Caryothraustes erythromelas,Cardinalidae,Passeriformes,48.0,890214.54,1789,6.3024,Red-and-black grosbeak,301.68,5
Caryothraustes poliogaster,Cardinalidae,Passeriformes,41.8,317013.58,1847,6.2606,Black-faced grosbeak,187.87,23
Casiornis fuscus,Tyrannidae,Passeriformes,19.5,2107102.83,1873,5.6201,Ash-throated casiornis,22.42,25
Casiornis rufus,Tyrannidae,Passeriformes,24.8,2802796.56,1816,6.3947,Rufous casiornis,26.31,32
Cassiculus melanicterus,Icteridae,Passeriformes,81.34,231633.39,1825,6.9943,Mexican cacique,94.48,17
Castanozoster thoracicus,Thraupidae,Passeriformes,11.9,77555.65,1835,6.3699,Bay-chested warbling finch,26.38,12
Casuarius bennetti,Casuariidae,Struthioniformes,34999.99,396486.38,1857,5.2618,Dwarf cassowary,2640.63,32
Casuarius casuarius,Casuariidae,Struthioniformes,44000.0,379633.34,1758,5.574,Southern cassowary,12133.25,97
Casuarius unappendiculatus,Casuariidae,Struthioniformes,46073.85,185350.58,1860,5.6034,Northern cassowary,3101.96,14
Catamblyrhynchus diadema,Thraupidae,Passeriformes,14.13,358573.96,1842,6.2472,,,13
Catamenia analis,Thraupidae,Passeriformes,12.0,1027720.64,1837,5.8615,Band-tailed seedeater,37.7,35
Catamenia homochroa,Thraupidae,Passeriformes,12.2,283918.4,1859,5.7918,Paramo seedeater,31.18,21
Catamenia inornata,Thraupidae,Passeriformes,13.4,801552.0,1847,5.7149,Plain-colored seedeater,25.32,37
Cataponera turdoides,Turdidae,Passeriformes,89.65,23212.79,1896,5.2869,Sulawesi thrush,54.33,16
Catharacta antarctica,Stercorariidae,Charadriiformes,1650.0,87990607.82,1831,5.4116,Brown skua,831.98,34
Catharacta chilensis,Stercorariidae,Charadriiformes,1367.77,274591.67,1857,4.8571,Chilean skua,170.8,6
Catharacta maccormicki,Stercorariidae,Charadriiformes,1347.07,109012.82,1893,4.9706,South polar skua,2462.68,60
Catharacta skua,Stercorariidae,Charadriiformes,1338.22,16138.54,1764,5.2335,Great skua,3185.5,19
Catharopeza bishopi,Parulidae,Passeriformes,15.1,83.11,1878,5.4328,Whistling warbler,69.92,22
Cathartes aura,Cathartidae,Cathartiformes,1518.24,28126442.74,1758,4.914,Turkey vulture,27825.36,398
Cathartes burrovianus,Cathartidae,Cathartiformes,935.0,7839868.54,1845,5.4766,Lesser yellow-headed vulture,1092.02,46
Cathartes melambrotus,Cathartidae,Cathartiformes,1373.0,6652618.68,1964,5.5553,Greater yellow-headed vulture,1009.13,40
Catharus aurantiirostris,Turdidae,Passeriformes,29.8,674006.88,1850,5.8637,Orange-billed nightingale-thrush,158.39,34
Catharus bicknelli,Turdidae,Passeriformes,27.79,38746.86,1882,4.969,Bicknell's thrush,644.75,92
Catharus frantzii,Turdidae,Passeriformes,28.9,282213.59,1861,5.7318,Ruddy-capped nightingale-thrush,77.02,30
Catharus fuscater,Turdidae,Passeriformes,33.7,313318.36,1845,5.5285,Slaty-backed nightingale-thrush,60.77,32
Catharus fuscescens,Turdidae,Passeriformes,31.9,3681872.46,1817,5.3266,,,136
Catharus gracilirostris,Turdidae,Passeriformes,21.0,3827.25,1865,6.0137,Black-billed nightingale-thrush,78.7,20
Catharus guttatus,Turdidae,Passeriformes,30.1,8383811.92,1811,5.2423,Hermit thrush,3075.79,129
Catharus mexicanus,Turdidae,Passeriformes,33.0,143279.41,1856,6.0728,Black-headed nightingale-thrush,258.9,27
Catharus minimus,Turdidae,Passeriformes,31.58,5090368.26,1848,5.0383,Gray-cheeked thrush,407.07,83
Catharus occidentalis,Turdidae,Passeriformes,26.2,417881.84,1859,4.9237,Russet nightingale-thrush,67.62,48
Catherpes mexicanus,Troglodytidae,Passeriformes,11.97,4298192.46,1829,6.2,Canyon wren,579.66,68
Catreus wallichii,Phasianidae,Galliformes,1436.88,148666.55,1827,5.8371,Cheer pheasant,833.29,68
Ceblepyris caesius,Campephagidae,Passeriformes,47.29,905645.62,1823,5.9725,Grey cuckooshrike,100.47,5
Ceblepyris cinereus,Campephagidae,Passeriformes,47.2,415959.23,1776,5.6371,Madagascar cuckooshrike,22.45,2
Ceblepyris cucullatus,Campephagidae,Passeriformes,47.2,1245.0,1885,5.3488,Comoro cuckooshrike,19.73,5
Ceblepyris pectoralis,Campephagidae,Passeriformes,54.4,6110219.71,1828,5.3776,White-breasted cuckooshrike,87.75,6
Cecropis abyssinica,Hirundinidae,Passeriformes,13.46,13676430.32,1843,5.6615,Lesser striped swallow,319.07,18
Cecropis cucullata,Hirundinidae,Passeriformes,27.1,1981804.12,1783,6.3013,Greater striped swallow,240.26,13
Cecropis hyperythra,Hirundinidae,Passeriformes,22.2,65837.4,1849,6.1528,Sri Lanka swallow,97.52,8
Cecropis semirufa,Hirundinidae,Passeriformes,30.1,8911972.36,1850,6.1274,Red-breasted swallow,220.39,12
Cecropis senegalensis,Hirundinidae,Passeriformes,45.35,12912848.81,1766,6.5719,Mosque swallow,147.2,7
Celebesica abbotti,Campephagidae,Passeriformes,67.96,28181.39,1918,5.921,Pygmy cuckooshrike,28.57,3
Celeus castaneus,Picidae,Piciformes,85.59,396905.38,1829,6.1033,Chestnut-colored woodpecker,102.88,16
Celeus elegans,Picidae,Piciformes,134.97,6510380.16,1776,6.5333,Chestnut woodpecker,73.38,22
Celeus flavescens,Picidae,Piciformes,139.0,2619318.97,1788,6.8837,Blond-crested woodpecker,127.26,29
Celeus flavus,Picidae,Piciformes,147.33,6163251.01,1776,6.9508,Cream-colored woodpecker,187.0,33
Celeus galeatus,Picidae,Piciformes,124.0,183768.38,1822,6.713,Helmeted woodpecker,115.51,31
Celeus loricatus,Picidae,Piciformes,76.6,297945.59,1854,6.0283,Cinnamon woodpecker,64.9,13
Celeus lugubris,Picidae,Piciformes,137.0,841523.9,1851,6.3135,Pale-crested woodpecker,48.64,20
Celeus obrieni,Picidae,Piciformes,114.0,805871.75,1973,7.0394,Kaempfer's woodpecker,118.13,65
Celeus ochraceus,Picidae,Piciformes,139.0,1498746.05,1824,6.5899,Ochre-backed woodpecker,41.43,16
Celeus spectabilis,Picidae,Piciformes,114.0,528390.73,1880,6.5476,Rufous-headed woodpecker,55.58,16
Centrocercus minimus,Phasianidae,Galliformes,1902.46,9683.32,2000,4.6542,Gunnison sage-grouse,288.6,50
Centrocercus urophasianus,Phasianidae,Galliformes,1902.46,1315889.14,1827,5.7697,Greater sage-grouse,4464.05,563
Centropus andamanensis,Cuculidae,Cuculiformes,164.0,6771.83,1867,5.2307,Andaman coucal,117.1,8
Centropus anselli,Cuculidae,Cuculiformes,210.0,1058987.75,1874,5.8931,Gabon coucal,76.0,12
Centropus ateralbus,Cuculidae,Cuculiformes,339.0,40984.98,1826,5.4048,White-necked coucal,54.66,11
Centropus bengalensis,Cuculidae,Cuculiformes,148.91,6030216.39,1788,6.0246,Lesser coucal,527.62,43
Centropus bernsteini,Cuculidae,Cuculiformes,162.11,516862.9,1866,5.408,Black-billed coucal,43.51,11
Centropus celebensis,Cuculidae,Cuculiformes,244.36,134955.48,1830,4.9555,Bay coucal,54.75,13
Centropus chalybeus,Cuculidae,Cuculiformes,244.36,2526.51,1876,5.3676,Biak coucal,53.11,13
Centropus chlororhynchos,Cuculidae,Cuculiformes,244.36,12120.28,1849,5.2609,Green-billed coucal,236.4,15
Centropus cupreicaudus,Cuculidae,Cuculiformes,285.18,1750330.64,1896,5.8809,Coppery-tailed coucal,120.28,13
Centropus goliath,Cuculidae,Cuculiformes,499.42,25406.99,1850,5.4266,Goliath coucal,79.88,13
Centropus grillii,Cuculidae,Cuculiformes,122.88,8530549.35,1861,5.6696,Black coucal,187.09,24
Centropus leucogaster,Cuculidae,Cuculiformes,307.81,1335483.71,1814,5.3332,Black-throated coucal,76.37,11
Centropus melanops,Cuculidae,Cuculiformes,221.2,106106.0,1830,5.8433,Black-faced coucal,69.6,12
Centropus menbeki,Cuculidae,Cuculiformes,519.0,645860.01,1828,5.0766,Ivory-billed coucal,55.88,11
Centropus milo,Cuculidae,Cuculiformes,769.0,11026.51,1856,5.6666,Buff-headed coucal,71.0,10
Centropus monachus,Cuculidae,Cuculiformes,201.31,2920157.62,1837,6.1285,Blue-headed coucal,111.12,18
Centropus nigrorufus,Cuculidae,Cuculiformes,244.36,28067.43,1816,5.2012,Sunda coucal,83.72,17
Centropus rectunguis,Cuculidae,Cuculiformes,238.0,1104920.96,1847,5.7511,Short-toed coucal,63.78,22
Centropus senegalensis,Cuculidae,Cuculiformes,169.0,9875812.37,1766,5.9194,Senegal coucal,277.32,26
Centropus sinensis,Cuculidae,Cuculiformes,280.7,7931391.58,1815,5.8578,Greater coucal,6570.79,73
Centropus steerii,Cuculidae,Cuculiformes,198.43,699.12,1894,4.8957,Black-hooded coucal,122.3,16
Centropus superciliosus,Cuculidae,Cuculiformes,148.45,7292900.16,1829,6.3511,White-browed coucal,356.89,29
Centropus toulou,Cuculidae,Cuculiformes,166.35,590995.81,1776,5.4574,Malagasy coucal,185.84,16
Centropus unirufus,Cuculidae,Cuculiformes,183.76,80442.96,1863,5.2403,Rufous coucal,73.74,10
Centropus violaceus,Cuculidae,Cuculiformes,499.99,38717.48,1830,5.3575,Violaceous coucal,48.55,12
Centropus viridis,Cuculidae,Cuculiformes,142.0,273885.38,1786,5.4822,Philippine coucal,216.47,11
Cephalopterus glabricollis,Cotingidae,Passeriformes,379.47,14362.87,1851,6.7046,Bare-necked umbrellabird,333.02,36
Cephalopterus ornatus,Cotingidae,Passeriformes,380.0,5506150.67,1809,5.9597,Amazonian umbrellabird,325.68,22
Cephalopterus penduliger,Cotingidae,Passeriformes,338.0,69374.2,1859,6.2483,Long-wattled umbrellabird,1258.72,42
Cephalopyrus flammiceps,Paridae,Passeriformes,7.0,273151.17,1836,6.254,Fire-capped tit,211.94,13
Cepphus carbo,Alcidae,Charadriiformes,490.0,1737267.71,1811,6.7075,Spectacled guillemot,205.38,15
Cepphus columba,Alcidae,Charadriiformes,530.0,1700815.29,1811,5.9852,Pigeon guillemot,1273.91,72
Cepphus grylle,Alcidae,Charadriiformes,378.0,2115522.94,1758,5.9893,Black guillemot,1697.38,141
Ceratogymna atrata,Bucerotidae,Bucerotiformes,1194.79,2282542.36,1835,5.9684,Black-casqued hornbill,288.53,25
Ceratogymna elata,Bucerotidae,Bucerotiformes,1917.02,495247.1,1831,5.8521,Yellow-casqued hornbill,140.83,21
Ceratopipra chloromeros,Pipridae,Passeriformes,16.5,472743.22,1844,6.6724,Round-tailed manakin,39.9,15
Ceratopipra cornuta,Pipridae,Passeriformes,25.3,345161.44,1825,6.7083,Scarlet-horned manakin,43.94,9
Ceratopipra erythrocephala,Pipridae,Passeriformes,13.43,3456038.86,1758,7.2003,Golden-headed manakin,154.32,19
Ceratopipra mentalis,Pipridae,Passeriformes,15.0,558740.47,1857,6.7435,Red-capped manakin,511.2,19
Ceratopipra rubrocapilla,Pipridae,Passeriformes,12.0,3391760.24,1821,6.5407,Red-headed manakin,64.48,26
Cercibis oxycerca,Threskiornithidae,Pelecaniformes,1819.0,395881.11,1825,5.0957,Sharp-tailed ibis,144.19,14
Cercococcyx montanus,Cuculidae,Cuculiformes,58.2,733955.71,1928,5.2078,Barred long-tailed cuckoo,64.5,15
Cercococcyx olivinus,Cuculidae,Cuculiformes,65.9,1841106.0,1912,5.4888,Olive long-tailed cuckoo,62.6,9
Cercomacra brasiliana,Thamnophilidae,Passeriformes,12.0,129178.51,1905,5.9303,Rio de Janeiro antbird,22.79,19
Cercomacra carbonaria,Thamnophilidae,Passeriformes,14.5,17194.19,1873,5.7678,Rio Branco antbird,44.1,23
Cercomacra cinerascens,Thamnophilidae,Passeriformes,14.3,6701397.0,1857,5.2092,Grey antbird,21.83,21
Cercomacra ferdinandi,Thamnophilidae,Passeriformes,15.0,31828.1,1928,5.6669,Bananal antbird,35.74,44
Cercomacra manu,Thamnophilidae,Passeriformes,18.08,484743.72,1990,5.107,Manu antbird,25.44,15
Cercomacra melanaria,Thamnophilidae,Passeriformes,19.0,442324.16,1835,5.7956,Mato Grosso antbird,23.49,17
Cercomacra nigricans,Thamnophilidae,Passeriformes,16.56,546994.42,1858,5.5171,Jet antbird,35.13,16
Cercomacroides fuscicauda,Thamnophilidae,Passeriformes,16.5,1072999.68,1931,5.392,Riparian antbird,28.09,9
Cercomacroides laeta,Thamnophilidae,Passeriformes,15.96,393677.48,1920,5.8029,Willis's antbird,23.03,16
Cercomacroides nigrescens,Thamnophilidae,Passeriformes,16.5,2801934.84,1860,5.4269,Blackish antbird,27.93,18
Cercomacroides parkeri,Thamnophilidae,Passeriformes,17.2,60670.31,1997,5.4755,Parker's antbird,35.66,14
Cercomacroides serva,Thamnophilidae,Passeriformes,17.0,1344617.26,1858,4.8707,Black antbird,28.41,8
Cercomacroides tyrannina,Thamnophilidae,Passeriformes,16.3,3170819.2,1855,5.5159,Dusky antbird,51.58,15
Cercotrichas galactotes,Muscicapidae,Passeriformes,20.3,9230677.97,1820,5.7847,Rufous-tailed scrub robin,342.51,42
Cercotrichas hartlaubi,Muscicapidae,Passeriformes,19.2,612316.42,1891,5.613,Brown-backed scrub robin,29.21,7
Cercotrichas leucophrys,Muscicapidae,Passeriformes,16.49,8126492.58,1817,5.8844,White-browed scrub robin,170.18,12
Cercotrichas paena,Muscicapidae,Passeriformes,19.7,1909273.6,1836,6.0299,Kalahari scrub robin,62.52,7
Cercotrichas podobe,Muscicapidae,Passeriformes,23.91,3790267.02,1776,6.324,Black scrub robin,79.48,18
Cereopsis novaehollandiae,Anatidae,Anseriformes,3559.99,557996.61,1801,5.5537,Cape Barren goose,1990.87,42
Cerorhinca monocerata,Alcidae,Charadriiformes,482.24,316387.33,1811,4.7001,Rhinoceros auklet,1127.85,126
Certhia americana,Certhiidae,Passeriformes,8.1,6543644.5,1838,5.5767,Brown creeper,2498.77,103
Certhia brachydactyla,Certhiidae,Passeriformes,8.2,3199552.33,1820,6.3091,Short-toed treecreeper,1066.65,108
Certhia discolor,Certhiidae,Passeriformes,10.4,112131.14,1845,5.5811,Sikkim treecreeper,76.65,16
Certhia familiaris,Certhiidae,Passeriformes,9.0,15914424.48,1758,5.8252,Eurasian treecreeper,2224.48,119
Certhia himalayana,Certhiidae,Passeriformes,8.8,690802.93,1832,5.6139,Bar-tailed treecreeper,97.19,20
Certhia hodgsoni,Certhiidae,Passeriformes,9.0,539884.48,1871,5.992,Hodgson's treecreeper,86.01,15
Certhia manipurensis,Certhiidae,Passeriformes,10.4,121319.92,1881,5.1316,Hume's treecreeper,66.38,11
Certhia nipalensis,Certhiidae,Passeriformes,11.1,88988.34,1845,6.0722,Rusty-flanked treecreeper,61.51,13
Certhia tianquanensis,Certhiidae,Passeriformes,9.0,38536.44,1995,5.6508,Sichuan treecreeper,54.52,26
Certhiasomus stictolaemus,Furnariidae,Passeriformes,18.5,3212301.46,1868,5.1525,Spot-throated woodcreeper,27.52,13
Certhiaxis cinnamomeus,Furnariidae,Passeriformes,15.2,8364757.31,1788,5.2742,Yellow-chinned spinetail,44.34,35
Certhiaxis mustelinus,Furnariidae,Passeriformes,14.96,693874.13,1874,6.5055,Red-and-white spinetail,22.41,11
Certhidea fusca,Thraupidae,Passeriformes,8.0,1039.43,1870,5.8341,Grey warbler-finch,184.49,14
Certhidea olivacea,Thraupidae,Passeriformes,9.5,6997.83,1837,5.2289,Green warbler-finch,410.99,31
Certhilauda chuana,Alaudidae,Passeriformes,44.1,127491.6,1836,5.1431,Short-clawed lark,42.62,16
Certhilauda semitorquata,Alaudidae,Passeriformes,40.41,468995.29,1836,4.927,Eastern long-billed lark,37.48,10
Certhionyx variegatus,Meliphagidae,Passeriformes,26.27,5122091.98,1830,5.4762,Pied honeyeater,85.85,16
Ceryle rudis,Alcedinidae,Coraciiformes,84.37,23875911.23,1758,6.929,Pied kingfisher,1872.97,75
Cettia brunnifrons,Scotocercidae,Passeriformes,7.34,1343501.57,1845,5.8379,Grey-sided bush warbler,44.16,14
Cettia castaneocoronata,Scotocercidae,Passeriformes,8.94,1980546.83,1836,6.8779,Chestnut-headed tesia,90.46,11
Cettia cetti,Scotocercidae,Passeriformes,13.22,5290133.33,1820,5.4893,Cetti's warbler,1079.47,113
Cettia major,Scotocercidae,Passeriformes,9.7,1701566.02,1854,5.8133,Chestnut-crowned bush warbler,44.52,10
Ceuthmochares aereus,Cuculidae,Cuculiformes,65.8,4005421.1,1817,5.9162,Blue malkoha,93.19,14
Ceuthmochares australis,Cuculidae,Cuculiformes,65.8,1160496.4,1873,5.8908,Green malkoha,90.51,12
Ceyx argentatus,Alcedinidae,Coraciiformes,17.84,96693.82,1877,6.6323,Southern silvery kingfisher,123.71,15
Ceyx azureus,Alcedinidae,Coraciiformes,34.9,3398489.47,1801,7.7918,Azure kingfisher,816.57,7
Ceyx cajeli,Alcedinidae,Coraciiformes,21.32,8554.31,1863,7.0001,Buru dwarf kingfisher,44.98,7
Ceyx collectoris,Alcedinidae,Coraciiformes,21.32,4988.07,1901,7.26,New Georgia dwarf kingfisher,37.5,4
Ceyx flumenicola,Alcedinidae,Coraciiformes,17.84,23319.06,1890,7.097,Northern silvery kingfisher,78.66,6
Ceyx gentianus,Alcedinidae,Coraciiformes,21.32,3331.79,1879,7.2058,Makira dwarf kingfisher,45.58,6
Ceyx margarethae,Alcedinidae,Coraciiformes,21.32,116128.28,1890,7.5225,Dimorphic dwarf kingfisher,69.58,12
Ceyx pusillus,Alcedinidae,Coraciiformes,13.3,910124.54,1836,7.6993,Little kingfisher,210.62,4
Ceyx sacerdotis,Alcedinidae,Coraciiformes,21.32,36285.3,1882,6.6546,New Britain dwarf kingfisher,36.69,6
Ceyx solitarius,Alcedinidae,Coraciiformes,21.32,687104.79,1836,7.7076,Papuan dwarf kingfisher,52.82,7
Ceyx wallacii,Alcedinidae,Coraciiformes,21.32,4678.51,1868,7.5322,Sula dwarf kingfisher,48.39,7
Ceyx websteri,Alcedinidae,Coraciiformes,60.97,13725.07,1898,6.0333,Bismarck kingfisher,75.03,12
Chaetocercus astreans,Trochilidae,Caprimulgiformes,2.0,6505.06,1899,6.885,Santa Marta woodstar,45.78,17
Chaetocercus berlepschi,Trochilidae,Caprimulgiformes,2.0,4383.38,1889,6.9287,Esmeraldas woodstar,89.77,69
Chaetocercus bombus,Trochilidae,Caprimulgiformes,6.5,174135.57,1871,7.1633,Little woodstar,95.56,38
Chaetocercus heliodor,Trochilidae,Caprimulgiformes,2.0,113213.81,1840,7.5657,Gorgeted woodstar,69.08,12
Chaetocercus jourdanii,Trochilidae,Caprimulgiformes,3.26,46450.27,1839,6.9149,Rufous-shafted woodstar,57.19,18
Chaetocercus mulsant,Trochilidae,Caprimulgiformes,3.9,263636.46,1843,6.7744,White-bellied woodstar,75.7,23
Chaetops aurantius,Chaetopidae,Passeriformes,54.1,103523.76,1867,6.4856,Drakensberg rockjumper,95.58,9
Chaetops frenatus,Chaetopidae,Passeriformes,54.99,66553.02,1826,6.0021,Cape rockjumper,129.97,35
Chaetorhynchus papuensis,Lamproliidae,Passeriformes,37.22,305618.38,1874,6.32,Drongo fantail,60.07,10
Chaetura brachyura,Apodidae,Caprimulgiformes,18.3,7468188.25,1846,5.0305,Short-tailed swift,109.33,16
Chaetura chapmani,Apodidae,Caprimulgiformes,23.83,4701276.36,1907,4.5525,Chapman's swift,104.37,17
Chaetura cinereiventris,Apodidae,Caprimulgiformes,13.9,6102705.51,1862,5.093,Grey-rumped swift,43.38,27
Chaetura egregia,Apodidae,Caprimulgiformes,23.4,1756675.46,1916,5.0831,Pale-rumped swift,32.44,16
Chaetura fumosa,Apodidae,Caprimulgiformes,15.69,13071.58,1870,4.9762,Costa Rican swift,46.91,9
Chaetura martinica,Apodidae,Caprimulgiformes,12.5,4342.26,1783,4.9282,Lesser Antillean swift,47.58,7
Chaetura meridionalis,Apodidae,Caprimulgiformes,22.2,4926891.32,1907,5.3908,Sick's swift,70.2,31
Chaetura pelagica,Apodidae,Caprimulgiformes,23.6,5841319.17,1758,5.7089,Chimney swift,5384.47,134
Chaetura spinicaudus,Apodidae,Caprimulgiformes,15.69,3138608.09,1839,5.4714,Band-rumped swift,54.61,17
Chaetura vauxi,Apodidae,Caprimulgiformes,17.1,2280008.55,1839,5.4544,Vaux's swift,904.11,57
Chalcites basalis,Cuculidae,Cuculiformes,23.12,7686831.12,1821,4.9974,Horsfield's bronze cuckoo,309.61,15
Chalcites lucidus,Cuculidae,Cuculiformes,24.44,2736789.25,1788,5.4824,Shining bronze cuckoo,443.92,20
Chalcites megarhynchus,Cuculidae,Cuculiformes,31.5,152360.64,1858,5.0089,Long-billed cuckoo,46.48,5
Chalcites meyerii,Cuculidae,Cuculiformes,19.42,513273.66,1874,5.7711,White-eared bronze cuckoo,29.86,6
Chalcites osculans,Cuculidae,Cuculiformes,30.9,7041722.87,1847,5.2399,Black-eared cuckoo,94.99,7
Chalcites ruficollis,Cuculidae,Cuculiformes,21.0,156338.37,1875,6.5283,Rufous-throated bronze cuckoo,28.11,6
Chalcomitra adelberti,Nectariniidae,Passeriformes,9.8,915043.57,1834,5.0548,Buff-throated sunbird,46.62,11
Chalcomitra amethystina,Nectariniidae,Passeriformes,13.66,3590561.92,1812,5.7861,Amethyst sunbird,259.08,13
Chalcomitra balfouri,Nectariniidae,Passeriformes,10.95,3622.4,1881,5.351,Socotra sunbird,247.68,11
Chalcomitra fuliginosa,Nectariniidae,Passeriformes,11.9,263939.43,1811,5.7471,Carmelite sunbird,40.91,9
Chalcomitra hunteri,Nectariniidae,Passeriformes,11.8,1422643.43,1889,5.6939,Hunter's sunbird,52.98,10
Chalcomitra rubescens,Nectariniidae,Passeriformes,10.3,2910535.16,1819,6.1443,Green-throated sunbird,48.39,6
Chalcomitra senegalensis,Nectariniidae,Passeriformes,12.24,9424883.18,1766,6.202,Scarlet-chested sunbird,329.8,24
Chalcoparia singalensis,Nectariniidae,Passeriformes,8.2,2829894.28,1789,6.291,Ruby-cheeked sunbird,164.32,13
Chalcophaps indica,Columbidae,Columbiformes,136.54,4704607.55,1758,6.2217,Common emerald dove,2101.24,59
Chalcophaps longirostris,Columbidae,Columbiformes,136.54,639179.72,1848,5.8618,Pacific emerald dove,320.07,8
Chalcophaps stephani,Columbidae,Columbiformes,128.98,866814.34,1851,5.5787,Stephan's emerald dove,83.5,10
Chalcopsitta atra,Psittacidae,Psittaciformes,195.0,77414.23,1786,5.725,Black lory,485.22,25
Chalcopsitta cardinalis,Psittacidae,Psittaciformes,183.0,35346.62,1849,6.9814,Cardinal lory,182.85,19
Chalcopsitta duivenbodei,Psittacidae,Psittaciformes,218.0,63546.37,1884,5.3761,Brown lory,180.54,15
Chalcopsitta scintillata,Psittacidae,Psittaciformes,190.0,311563.34,1835,6.0708,Yellow-streaked lory,73.25,8
Chalcostigma herrani,Trochilidae,Caprimulgiformes,5.8,75956.84,1846,6.7181,Rainbow-bearded thornbill,96.74,22
Chalcostigma heteropogon,Trochilidae,Caprimulgiformes,6.1,29042.28,1840,6.8025,Bronze-tailed thornbill,46.45,22
Chalcostigma olivaceum,Trochilidae,Caprimulgiformes,8.2,65218.73,1864,5.6607,Olivaceous thornbill,40.38,9
Chalcostigma ruficeps,Trochilidae,Caprimulgiformes,3.4,123503.39,1846,6.5986,Rufous-capped thornbill,47.77,8
Chalcostigma stanleyi,Trochilidae,Caprimulgiformes,5.8,120440.27,1851,6.2268,Blue-mantled thornbill,59.81,23
Chamaea fasciata,Sylviidae,Passeriformes,14.73,246063.25,1845,5.7734,,,70
Chamaepetes goudotii,Cracidae,Galliformes,727.67,316282.38,1828,5.7821,Sickle-winged guan,116.43,31
Chamaepetes unicolor,Cracidae,Galliformes,1135.0,15572.6,1867,5.759,Black guan,238.12,30
Chamaetylas choloensis,Muscicapidae,Passeriformes,41.3,4661.03,1927,5.9121,Thyolo alethe,64.37,19
Chamaetylas fuelleborni,Muscicapidae,Passeriformes,52.0,189262.11,1900,5.965,White-chested alethe,32.14,9
Chamaetylas poliocephala,Muscicapidae,Passeriformes,32.37,1599692.41,1850,5.4386,Brown-chested alethe,40.75,11
Chamaetylas poliophrys,Muscicapidae,Passeriformes,35.2,76094.57,1902,5.4613,Red-throated alethe,34.6,8
Chamaeza campanisona,Formicariidae,Passeriformes,90.58,1801868.24,1823,5.6402,Short-tailed antthrush,39.33,37
Chamaeza meruloides,Formicariidae,Passeriformes,69.0,103365.42,1825,5.3367,Cryptic antthrush,29.27,22
Chamaeza mollissima,Formicariidae,Passeriformes,72.0,103368.73,1855,4.8592,Barred antthrush,25.42,14
Chamaeza nobilis,Formicariidae,Passeriformes,123.0,2594439.36,1855,5.0707,Striated antthrush,34.32,20
Chamaeza ruficauda,Formicariidae,Passeriformes,71.2,371454.37,1859,5.1193,Rufous-tailed antthrush,40.82,22
Chamaeza turdina,Formicariidae,Passeriformes,68.3,14682.69,1859,5.2262,Schwartz's antthrush,23.68,11
Charadrius alexandrinus,Charadriidae,Charadriiformes,42.3,13539453.43,1758,6.0638,Kentish plover,1115.32,304
Charadrius alticola,Charadriidae,Charadriiformes,44.9,605273.3,1902,5.5312,Puna plover,72.36,18
Charadrius asiaticus,Charadriidae,Charadriiformes,77.09,2844122.74,1773,5.8613,Caspian plover,285.07,37
Charadrius bicinctus,Charadriidae,Charadriiformes,59.4,270351.2,1827,5.2546,Double-banded plover,275.54,23
Charadrius collaris,Charadriidae,Charadriiformes,28.3,15045745.17,1818,6.6832,Collared plover,178.66,52
Charadrius dubius,Charadriidae,Charadriiformes,38.7,33641119.87,1786,6.267,Little ringed plover,1211.92,164
Charadrius falklandicus,Charadriidae,Charadriiformes,65.0,802047.01,1790,6.0285,Two-banded plover,93.22,38
Charadrius forbesi,Charadriidae,Charadriiformes,31.2,6268147.12,1883,5.8493,Forbes's plover,82.92,5
Charadrius hiaticula,Charadriidae,Charadriiformes,64.04,4520829.19,1758,5.462,Common ringed plover,1368.28,141
Charadrius javanicus,Charadriidae,Charadriiformes,42.3,109967.51,1938,5.9302,Javan plover,88.72,18
Charadrius leschenaultii,Charadriidae,Charadriiformes,74.8,5473335.58,1826,6.247,Greater sand plover,437.33,84
Charadrius marginatus,Charadriidae,Charadriiformes,48.3,4442943.8,1818,5.407,White-fronted plover,214.44,20
Charadrius melodus,Charadriidae,Charadriiformes,54.39,501145.23,1824,6.6023,Piping plover,5001.64,319
Charadrius modestus,Charadriidae,Charadriiformes,78.0,256974.73,1823,6.834,Rufous-chested dotterel,37.33,26
Charadrius mongolus,Charadriidae,Charadriiformes,64.0,4714238.7,1776,5.7746,Siberian sand plover,476.43,83
Charadrius montanus,Charadriidae,Charadriiformes,95.74,759250.62,1837,5.7244,Mountain plover,660.62,106
Charadrius nivosus,Charadriidae,Charadriiformes,42.3,1602228.88,1858,6.7942,Snowy plover,2031.91,178
Charadrius pallidus,Charadriidae,Charadriiformes,34.8,480800.22,1853,6.1793,Chestnut-banded plover,113.72,29
Charadrius pecuarius,Charadriidae,Charadriiformes,34.0,16351827.57,1823,5.5902,Kittlitz's plover,255.59,22
Charadrius peronii,Charadriidae,Charadriiformes,42.0,1266391.62,1865,5.8641,Malaysian plover,154.81,23
Charadrius placidus,Charadriidae,Charadriiformes,62.7,2370427.23,1863,5.6044,Long-billed plover,173.82,34
Charadrius ruficapillus,Charadriidae,Charadriiformes,37.4,4811331.66,1821,6.2786,Red-capped plover,229.32,36
Charadrius sanctaehelenae,Charadriidae,Charadriiformes,48.7,43.62,1873,5.8394,Saint Helena plover,438.51,14
Charadrius semipalmatus,Charadriidae,Charadriiformes,46.74,4938225.48,1825,6.0771,Semipalmated plover,961.46,129
Charadrius thoracicus,Charadriidae,Charadriiformes,11.5,14469.49,1896,6.0674,Madagascar plover,54.74,13
Charadrius veredus,Charadriidae,Charadriiformes,95.0,1531695.94,1848,6.2383,Oriental plover,194.57,44
Charadrius vociferus,Charadriidae,Charadriiformes,96.44,14759088.1,1758,5.9791,,,169
Charadrius wilsonia,Charadriidae,Charadriiformes,55.1,867940.44,1814,5.8403,Wilson's plover,654.83,107
Charitospiza eucosma,Thraupidae,Passeriformes,10.5,2869464.19,1905,6.2735,Coal-crested finch,53.67,17
Charmosyna josefinae,Psittacidae,Psittaciformes,74.0,159632.98,1873,6.4551,Josephine's lorikeet,90.85,4
Charmosyna margarethae,Psittacidae,Psittaciformes,49.39,27078.0,1879,6.8131,Duchess lorikeet,101.97,13
Charmosyna meeki,Psittacidae,Psittaciformes,23.8,6507.88,1901,6.8226,Meek's lorikeet,87.71,13
Charmosyna palmarum,Psittacidae,Psittaciformes,36.98,11109.69,1788,5.84,Palm lorikeet,104.22,12
Charmosyna placentis,Psittacidae,Psittaciformes,33.6,821124.43,1835,6.8723,Red-flanked lorikeet,122.46,24
Charmosyna pulchella,Psittacidae,Psittaciformes,34.1,381133.7,1859,6.5694,Fairy lorikeet,145.67,19
Charmosyna rubrigularis,Psittacidae,Psittaciformes,37.0,14811.55,1881,6.6297,Red-chinned lorikeet,77.72,5
Charmosyna rubronotata,Psittacidae,Psittaciformes,32.5,241413.47,1862,6.2614,Red-fronted lorikeet,83.06,11
Charmosyna wilhelminae,Psittacidae,Psittaciformes,18.0,289944.54,1874,5.4444,Pygmy lorikeet,84.57,7
Chasiempis ibidis,Monarchidae,Passeriformes,13.1,235.03,1887,5.8265,Oʻahu ʻelepaio,50.24,16
Chasiempis sandwichensis,Monarchidae,Passeriformes,13.69,5857.42,1789,6.0639,Hawaiʻi ʻelepaio,112.09,32
Chasiempis sclateri,Monarchidae,Passeriformes,12.9,416.45,1882,6.5058,Kauaʻi ʻelepaio,129.18,19
Chauna chavaria,Anhimidae,Anseriformes,2557.64,91345.79,1766,5.2364,Northern screamer,340.3,43
Chauna torquata,Anhimidae,Anseriformes,4400.0,3828524.39,1816,5.1172,Southern screamer,957.61,39
Chelictinia riocourii,Accipitridae,Accipitriformes,110.0,5425285.72,1822,6.6687,Scissor-tailed kite,542.15,15
Chelidoptera tenebrosa,Bucconidae,Piciformes,35.9,8690116.86,1782,5.7802,Swallow-winged puffbird,66.73,18
Chelidorhynx hypoxanthus,Stenostiridae,Passeriformes,6.0,1699511.06,1843,6.7606,Yellow-bellied fantail,118.11,4
Chenonetta jubata,Anatidae,Anseriformes,807.46,5996685.1,1801,5.6219,Australian wood duck,1657.7,42
Cheramoeca leucosterna,Hirundinidae,Passeriformes,14.1,5215727.85,1841,5.9377,White-backed swallow,120.04,11
Chersophilus duponti,Alaudidae,Passeriformes,39.4,288089.02,1824,4.9241,Dupont's lark,121.26,128
Chionis albus,Chionidae,Charadriiformes,675.69,30472.35,1789,5.4673,Snowy sheathbill,676.91,31
Chionis minor,Chionidae,Charadriiformes,493.96,8219.09,1841,5.612,Black-faced sheathbill,205.19,14
Chionodacryon speculiferum,Thraupidae,Passeriformes,36.8,208467.49,1837,5.7478,Glacier finch,138.22,6
Chiroxiphia boliviana,Pipridae,Passeriformes,17.13,78997.54,1889,6.1021,Yungas manakin,39.12,25
Chiroxiphia caudata,Pipridae,Passeriformes,25.6,1459549.86,1793,6.7918,Blue manakin,383.63,72
Chiroxiphia lanceolata,Pipridae,Passeriformes,18.5,420162.32,1830,7.1449,Lance-tailed manakin,196.05,40
Chiroxiphia linearis,Pipridae,Passeriformes,17.44,101728.76,1838,7.1432,Long-tailed manakin,307.81,39
Chiroxiphia pareola,Pipridae,Passeriformes,16.84,5040298.89,1766,7.1109,Blue-backed manakin,150.1,44
Chlamydera cerviniventris,Ptilonorhynchidae,Passeriformes,156.4,152782.31,1850,5.5551,Fawn-breasted bowerbird,137.76,13
Chlamydera guttata,Ptilonorhynchidae,Passeriformes,135.98,1491137.42,1862,6.094,Western bowerbird,175.34,13
Chlamydera lauterbachi,Ptilonorhynchidae,Passeriformes,123.2,124403.09,1897,5.2473,Yellow-breasted bowerbird,71.3,9
Chlamydera maculata,Ptilonorhynchidae,Passeriformes,139.99,1784471.92,1837,5.2067,Spotted bowerbird,313.37,13
Chlamydera nuchalis,Ptilonorhynchidae,Passeriformes,200.43,1285385.85,1830,5.5563,Great bowerbird,453.91,22
Chlamydochaera jefferyi,Turdidae,Passeriformes,65.1,63345.31,1887,5.4604,,,14
Chlamydotis macqueenii,Otididae,Otidiformes,1501.33,4341405.59,1832,5.0973,Asian houbara,576.44,113
Chlamydotis undulata,Otididae,Otidiformes,1501.33,3413138.33,1784,5.7212,African houbara,227.03,137
Chlidonias albostriatus,Laridae,Charadriiformes,94.69,93279.7,1845,5.8684,Black-fronted tern,168.3,23
Chlidonias hybrida,Laridae,Charadriiformes,83.67,10089513.85,1811,5.9922,Whiskered tern,715.58,135
Chlidonias leucopterus,Laridae,Charadriiformes,54.2,10229425.04,1815,5.826,White-winged tern,575.58,102
Chlidonias niger,Laridae,Charadriiformes,65.3,12943719.56,1758,5.579,Black tern,967.11,217
Chloebia gouldiae,Estrildidae,Passeriformes,13.8,101027.63,1844,6.7935,Gouldian finch,6527.49,23
Chloephaga hybrida,Anatidae,Anseriformes,2281.8,155646.24,1782,6.2016,Kelp goose,239.78,25
Chloephaga melanoptera,Anatidae,Anseriformes,2037.0,1159462.3,1838,5.6995,Andean goose,372.85,47
Chloephaga picta,Anatidae,Anseriformes,2880.37,749760.19,1789,5.3963,Upland goose,489.87,75
Chloephaga poliocephala,Anatidae,Anseriformes,2007.14,389825.64,1857,5.6207,Ashy-headed goose,192.18,40
Chloephaga rubidiceps,Anatidae,Anseriformes,2086.0,52907.93,1861,5.4547,Ruddy-headed goose,251.04,53
Chloris ambigua,Fringillidae,Passeriformes,15.5,858336.72,1896,5.3785,Black-headed greenfinch,109.93,16
Chloris chloris,Fringillidae,Passeriformes,26.0,10220595.83,1758,5.5715,European greenfinch,5019.53,183
Chloris monguilloti,Fringillidae,Passeriformes,15.5,7399.29,1926,6.3381,Vietnamese greenfinch,83.53,11
Chloris sinica,Fringillidae,Passeriformes,18.59,6303643.12,1766,5.6808,Oriental greenfinch,91.83,49
Chloris spinoides,Fringillidae,Passeriformes,18.6,491504.66,1831,6.6159,Yellow-breasted greenfinch,173.57,16
Chloroceryle aenea,Alcedinidae,Coraciiformes,13.75,9332280.13,1764,7.3277,American pygmy kingfisher,283.8,43
Chloroceryle amazona,Alcedinidae,Coraciiformes,126.38,14157184.63,1790,6.703,Amazon kingfisher,520.27,46
Chloroceryle americana,Alcedinidae,Coraciiformes,33.73,16946715.06,1788,7.468,Green kingfisher,562.35,61
Chloroceryle inda,Alcedinidae,Coraciiformes,52.1,8573926.25,1766,7.0432,Green-and-rufous kingfisher,195.01,39
Chlorochrysa nitidissima,Thraupidae,Passeriformes,18.6,16794.51,1874,7.052,Multicoloured tanager,168.04,70
Chlorochrysa phoenicotis,Thraupidae,Passeriformes,21.8,33619.56,1851,6.8448,Glistening-green tanager,85.82,17
Chlorocichla falkensteini,Pycnonotidae,Passeriformes,31.7,978923.36,1874,5.4534,Falkenstein's greenbul,23.82,6
Chlorocichla flaviventris,Pycnonotidae,Passeriformes,39.36,3986239.89,1834,5.6009,Yellow-bellied greenbul,99.58,15
Chlorocichla laetissima,Pycnonotidae,Passeriformes,50.2,137013.1,1899,5.1204,Joyful greenbul,44.27,7
Chlorocichla simplex,Pycnonotidae,Passeriformes,46.43,4003835.48,1855,5.0075,Simple greenbul,32.5,9
Chlorodrepanis flava,Fringillidae,Passeriformes,12.64,381.76,1827,6.043,Oʻahu ʻamakihi,179.42,23
Chlorodrepanis stejnegeri,Fringillidae,Passeriformes,16.64,234.83,1890,6.0344,Kauaʻi ʻamakihi,170.37,19
Chlorodrepanis virens,Fringillidae,Passeriformes,13.69,6246.28,1788,6.2491,Hawaiʻi ʻamakihi,375.55,49
Chlorophanes spiza,Thraupidae,Passeriformes,19.0,7921066.07,1758,6.6369,Green honeycreeper,403.7,42
Chlorophoneus bocagei,Malaconotidae,Passeriformes,27.0,785394.39,1894,6.1852,Bocage's bushshrike,26.05,7
Chlorophoneus kupeensis,Malaconotidae,Passeriformes,34.8,586.4,1951,5.3209,Mount Kupe bushshrike,35.08,9
Chlorophoneus multicolor,Malaconotidae,Passeriformes,50.9,1682374.81,1845,6.3145,Many-colored bushshrike,33.85,7
Chlorophoneus nigrifrons,Malaconotidae,Passeriformes,34.8,540075.23,1896,6.2732,Black-fronted bushshrike,54.9,7
Chlorophoneus olivaceus,Malaconotidae,Passeriformes,33.58,332431.69,1809,6.1244,Olive bushshrike,74.3,3
Chlorophoneus sulfureopectus,Malaconotidae,Passeriformes,27.1,8777553.1,1831,6.4439,Orange-breasted bushshrike,140.98,9
Chlorophonia callophrys,Fringillidae,Passeriformes,25.8,17430.09,1861,6.7601,Golden-browed chlorophonia,131.31,19
Chlorophonia cyanea,Fringillidae,Passeriformes,14.0,2010700.01,1822,7.6276,Blue-naped chlorophonia,155.48,31
Chlorophonia flavirostris,Fringillidae,Passeriformes,11.0,21348.22,1861,6.3721,Yellow-collared chlorophonia,43.57,15
Chlorophonia occipitalis,Fringillidae,Passeriformes,25.8,160768.75,1847,7.0223,Blue-crowned chlorophonia,59.89,25
Chlorophonia pyrrhophrys,Fringillidae,Passeriformes,17.0,124114.79,1851,6.5174,Chestnut-breasted chlorophonia,45.67,12
Chloropipo flavicapilla,Pipridae,Passeriformes,17.8,32718.71,1852,7.0134,Yellow-headed manakin,34.33,24
Chloropipo unicolor,Pipridae,Passeriformes,15.5,57212.37,1884,4.955,Jet manakin,35.23,7
Chloropsis aurifrons,Chloropseidae,Passeriformes,32.31,3471632.85,1829,6.8407,Golden-fronted leafbird,329.14,31
Chloropsis cyanopogon,Chloropseidae,Passeriformes,22.0,1210976.46,1830,6.7995,Lesser green leafbird,92.18,11
Chloropsis flavipennis,Chloropseidae,Passeriformes,35.4,113738.4,1878,5.633,Philippine leafbird,113.83,9
Chloropsis jerdoni,Chloropseidae,Passeriformes,24.5,1884898.81,1844,6.7155,Jerdon's leafbird,216.16,10
Chloropsis kinabaluensis,Chloropseidae,Passeriformes,24.5,57155.93,1887,6.8826,Bornean leafbird,53.73,6
Chloropsis media,Chloropseidae,Passeriformes,32.31,53744.78,1850,7.0017,Sumatran leafbird,42.71,9
Chloropsis palawanensis,Chloropseidae,Passeriformes,30.31,13485.04,1877,6.2665,Yellow-throated leafbird,66.37,8
Chloropsis sonnerati,Chloropseidae,Passeriformes,45.8,1386747.46,1827,6.7339,Greater green leafbird,201.36,32
Chloropsis venusta,Chloropseidae,Passeriformes,22.0,120012.67,1850,6.7449,Blue-masked leafbird,52.25,8
Chlorornis riefferii,Thraupidae,Passeriformes,53.0,307394.78,1840,6.6965,Grass-green tanager,44.12,22
Chlorospingus canigularis,Passerellidae,Passeriformes,18.0,165238.27,1848,5.7817,Ashy-throated chlorospingus,18.37,25
Chlorospingus flavopectus,Passerellidae,Passeriformes,19.98,587009.94,1840,5.9974,Common chlorospingus,50.71,53
Chlorospingus inornatus,Passerellidae,Passeriformes,28.0,1510.6,1912,5.9931,Pirre chlorospingus,10.63,51
Chlorospingus parvirostris,Passerellidae,Passeriformes,24.0,134279.08,1901,5.5567,Yellow-whiskered chlorospingus,22.57,21
Chlorospingus pileatus,Passerellidae,Passeriformes,21.0,3941.01,1865,5.9759,Sooty-capped chlorospingus,20.88,25
Chlorospingus semifuscus,Passerellidae,Passeriformes,19.0,26164.42,1873,5.7611,Dusky chlorospingus,14.28,24
Chlorospingus tacarcunae,Passerellidae,Passeriformes,18.9,1499.1,1924,5.3277,Tacarcuna chlorospingus,10.92,16
Chlorostilbon assimilis,Trochilidae,Caprimulgiformes,2.61,49348.26,1861,7.0453,Garden emerald,86.24,13
Chlorostilbon gibsoni,Trochilidae,Caprimulgiformes,2.61,309533.13,1840,7.1065,Red-billed emerald,43.79,12
Chlorostilbon lucidus,Trochilidae,Caprimulgiformes,3.5,5788276.16,1812,7.2186,Glittering-bellied emerald,139.74,57
Chlorostilbon russatus,Trochilidae,Caprimulgiformes,3.4,27765.98,1881,6.3285,Coppery emerald,52.62,10
Chlorostilbon stenurus,Trochilidae,Caprimulgiformes,3.4,81621.81,1860,7.2832,Narrow-tailed emerald,35.27,6
Chondestes grammacus,Passerellidae,Passeriformes,29.0,5604939.24,1822,5.9953,Lark sparrow,847.52,112
Chordeiles acutipennis,Caprimulgidae,Caprimulgiformes,48.42,10568175.91,1783,5.6283,Lesser nighthawk,919.11,68
Chordeiles gundlachii,Caprimulgidae,Caprimulgiformes,50.0,223517.09,1857,5.8632,Antillean nighthawk,380.01,18
Chordeiles minor,Caprimulgidae,Caprimulgiformes,79.3,13037233.58,1771,6.6452,Common nighthawk,4926.69,187
Chordeiles nacunda,Caprimulgidae,Caprimulgiformes,159.0,12270759.1,1817,6.2158,Nacunda nighthawk,373.57,26
Chordeiles pusillus,Caprimulgidae,Caprimulgiformes,30.6,3938258.52,1861,5.6187,Least nighthawk,130.62,22
Chordeiles rupestris,Caprimulgidae,Caprimulgiformes,52.3,1639560.09,1825,5.0722,Sand-coloured nighthawk,48.73,19
Chrysococcyx caprius,Cuculidae,Cuculiformes,32.79,17768023.87,1783,6.1021,Diederik cuckoo,496.65,28
Chrysococcyx cupreus,Cuculidae,Cuculiformes,37.7,11402508.04,1792,6.8253,African emerald cuckoo,350.41,12
Chrysococcyx flavigularis,Cuculidae,Cuculiformes,29.19,2131118.51,1880,6.2171,Yellow-throated cuckoo,51.52,9
Chrysococcyx klaas,Cuculidae,Cuculiformes,27.37,14138608.99,1815,5.9056,Klaas's cuckoo,240.74,17
Chrysococcyx maculatus,Cuculidae,Cuculiformes,27.38,1869561.64,1788,6.1109,Asian emerald cuckoo,265.82,25
Chrysococcyx xanthorhynchus,Cuculidae,Cuculiformes,22.37,2956376.12,1821,5.9449,Violet cuckoo,196.07,11
Chrysocolaptes erythrocephalus,Picidae,Piciformes,142.0,13484.95,1877,6.0445,Red-headed flameback,63.42,9
Chrysocolaptes festivus,Picidae,Piciformes,213.0,1703319.4,1783,6.1051,White-naped woodpecker,220.68,10
Chrysocolaptes guttacristatus,Picidae,Piciformes,166.0,2525074.86,1833,6.1823,Greater flameback,463.57,11
Chrysocolaptes haematribon,Picidae,Piciformes,130.0,108269.02,1827,5.4289,Luzon flameback,65.05,12
Chrysocolaptes lucidus,Picidae,Piciformes,142.0,119803.15,1786,5.9826,Buff-spotted flameback,68.8,11
Chrysocolaptes stricklandi,Picidae,Piciformes,138.0,66112.16,1854,5.8704,Crimson-backed flameback,106.16,7
Chrysocolaptes strictus,Picidae,Piciformes,142.0,19219.13,1821,5.2198,Javan flameback,44.57,9
Chrysocolaptes validus,Picidae,Piciformes,149.0,1291734.8,1825,5.8188,Orange-backed woodpecker,105.81,5
Chrysocolaptes xanthocephalus,Picidae,Piciformes,142.0,28507.61,1872,6.3725,Yellow-faced flameback,86.19,6
Chrysocorypha delatrii,Thraupidae,Passeriformes,18.0,196748.24,1847,6.5173,,,7
Chrysoena luteovirens,Columbidae,Columbiformes,46.64,9129.14,1841,6.4086,Golden dove,54.47,2
Chrysoena victor,Columbidae,Columbiformes,46.64,6108.65,1872,6.1974,Orange dove,60.86,5
Chrysoena viridis,Columbidae,Columbiformes,46.64,464.94,1875,6.6409,Whistling dove,42.38,4
Chrysolampis mosquitus,Trochilidae,Caprimulgiformes,3.9,7397775.67,1758,7.6816,Ruby-topaz hummingbird,454.96,34
Chrysolophus amherstiae,Phasianidae,Galliformes,732.47,384241.58,1829,6.6437,Lady Amherst's pheasant,2327.74,87
Chrysolophus pictus,Phasianidae,Galliformes,555.2,969402.26,1758,6.6643,Golden pheasant,8211.7,161
Chrysominla strigula,Leiotrichidae,Passeriformes,19.2,814874.37,1837,6.6416,Bar-throated minla,883.21,3
Chrysomma altirostre,Sylviidae,Passeriformes,20.0,47346.58,1862,5.6029,Jerdon's babbler,183.43,20
Chrysomma sinense,Sylviidae,Passeriformes,17.16,4332183.62,1789,6.1568,Yellow-eyed babbler,210.68,23
Chrysomus icterocephalus,Icteridae,Passeriformes,30.68,1581439.98,1766,6.6606,Yellow-hooded blackbird,165.34,55
Chrysomus ruficapillus,Icteridae,Passeriformes,32.0,5791576.38,1819,5.6817,Chestnut-capped blackbird,89.66,48
Chrysophlegma flavinucha,Picidae,Piciformes,176.83,2932266.06,1834,6.657,Greater yellownape,163.12,16
Chrysophlegma miniaceum,Picidae,Piciformes,97.29,1291605.29,1769,5.9345,Banded woodpecker,147.83,8
Chrysothlypis chrysomelas,Thraupidae,Passeriformes,13.0,15703.46,1869,6.9908,Black-and-yellow tanager,122.1,16
Chrysothlypis salmoni,Thraupidae,Passeriformes,12.5,75321.25,1886,6.2486,Scarlet-and-white tanager,78.52,12
Chunga burmeisteri,Cariamidae,Cariamiformes,1298.0,736438.81,1860,5.4642,Black-legged seriema,424.83,20
Ciccaba albitarsis,Strigidae,Strigiformes,307.5,325371.54,1850,6.7546,Rufous-banded owl,145.27,14
Ciccaba huhula,Strigidae,Strigiformes,370.0,7366712.07,1800,7.463,Black-banded owl,518.32,19
Ciccaba nigrolineata,Strigidae,Strigiformes,457.89,991396.19,1859,7.003,Black-and-white owl,372.62,29
Ciccaba virgata,Strigidae,Strigiformes,283.97,10135669.69,1849,6.6759,Mottled owl,371.28,51
Cichladusa arquata,Muscicapidae,Passeriformes,34.2,2314814.62,1863,5.5902,Collared palm thrush,53.63,17
Cichladusa guttata,Muscicapidae,Passeriformes,23.11,1373382.96,1862,5.788,Spotted palm thrush,60.27,9
Cichladusa ruficauda,Muscicapidae,Passeriformes,28.53,699193.3,1857,6.383,Rufous-tailed palm thrush,34.77,6
Cicinnurus magnificus,Paradisaeidae,Passeriformes,89.8,116997.4,1781,6.4741,Magnificent bird-of-paradise,577.87,12
Cicinnurus regius,Paradisaeidae,Passeriformes,51.63,479513.91,1758,6.8175,King bird-of-paradise,892.46,20
Cicinnurus respublica,Paradisaeidae,Passeriformes,58.44,3966.99,1850,6.6641,Wilson's bird-of-paradise,1493.8,9
Ciconia abdimii,Ciconiidae,Ciconiiformes,1398.0,6486422.91,1823,5.1328,Abdim's stork,739.92,45
Ciconia boyciana,Ciconiidae,Ciconiiformes,4847.74,475164.45,1873,5.469,Oriental stork,944.18,255
Ciconia ciconia,Ciconiidae,Ciconiiformes,3445.8,5196114.0,1758,6.5641,White stork,12095.11,682
Ciconia maguari,Ciconiidae,Ciconiiformes,3994.99,5041992.63,1789,6.1399,Maguari stork,561.76,25
Ciconia nigra,Ciconiidae,Ciconiiformes,2926.0,18362407.3,1758,6.3442,Black stork,3494.62,359
Ciconia stormi,Ciconiidae,Ciconiiformes,2061.0,1013300.06,1896,5.641,Storm's stork,426.77,34
Cinclidium frontale,Muscicapidae,Passeriformes,25.4,219607.05,1842,6.4456,Blue-fronted robin,92.52,10
Cinclocerthia gutturalis,Mimidae,Passeriformes,69.2,1756.73,1843,5.1362,Grey trembler,79.88,15
Cinclocerthia ruficauda,Mimidae,Passeriformes,54.98,3295.06,1836,5.1468,Brown trembler,102.24,25
Cinclodes albidiventris,Furnariidae,Passeriformes,30.0,100409.39,1860,4.894,Chestnut-winged cinclodes,40.85,15
Cinclodes albiventris,Furnariidae,Passeriformes,30.0,859854.64,1861,5.626,Cream-winged cinclodes,41.15,13
Cinclodes aricomae,Furnariidae,Passeriformes,50.0,5542.67,1932,5.0245,Royal cinclodes,71.17,32
Cinclodes atacamensis,Furnariidae,Passeriformes,53.0,870994.25,1857,4.8631,White-winged cinclodes,29.61,18
Cinclodes comechingonus,Furnariidae,Passeriformes,28.28,20501.31,1944,4.8706,Córdoba cinclodes,17.28,10
Cinclodes excelsior,Furnariidae,Passeriformes,63.96,37973.19,1860,5.2328,Stout-billed cinclodes,37.42,17
Cinclodes fuscus,Furnariidae,Passeriformes,30.0,1142837.42,1818,5.2284,Buff-winged cinclodes,60.02,34
Cinclodes nigrofumosus,Furnariidae,Passeriformes,64.96,74685.21,1838,5.1903,Chilean seaside cinclodes,58.92,15
Cinclodes olrogi,Furnariidae,Passeriformes,28.0,14761.86,1979,5.4753,Olrog's cinclodes,23.4,9
Cinclodes oustaleti,Furnariidae,Passeriformes,30.5,734371.46,1900,5.0012,Grey-flanked cinclodes,31.18,20
Cinclodes pabsti,Furnariidae,Passeriformes,53.0,21292.38,1969,5.3624,Long-tailed cinclodes,32.02,23
Cinclodes palliatus,Furnariidae,Passeriformes,103.87,3149.32,1844,5.3743,White-bellied cinclodes,95.22,35
Cinclodes patagonicus,Furnariidae,Passeriformes,30.7,661640.55,1789,5.3925,Dark-bellied cinclodes,47.42,18
Cinclodes taczanowskii,Furnariidae,Passeriformes,64.5,24111.68,1892,5.1588,Peruvian seaside cinclodes,28.77,12
Cincloramphus cruralis,Locustellidae,Passeriformes,49.22,5817166.56,1827,5.1242,Brown songlark,83.5,8
Cincloramphus macrurus,Locustellidae,Passeriformes,21.55,738647.28,1876,5.4518,Papuan grassbird,18.02,5
Cincloramphus mathewsi,Locustellidae,Passeriformes,29.34,2030401.43,1911,5.8168,Rufous songlark,85.92,5
Cincloramphus timoriensis,Locustellidae,Passeriformes,21.55,2127266.89,1864,5.4024,Tawny grassbird,87.62,6
Cinclosoma ajax,Cinclosomatidae,Passeriformes,65.27,78596.6,1836,4.4747,Painted quail-thrush,39.48,13
Cinclosoma alisteri,Cinclosomatidae,Passeriformes,54.9,65802.53,1910,5.2384,Nullarbor quail-thrush,34.35,6
Cinclosoma castaneothorax,Cinclosomatidae,Passeriformes,62.42,488478.66,1849,5.0297,Chestnut-breasted quail-thrush,49.01,11
Cinclosoma cinnamomeum,Cinclosomatidae,Passeriformes,56.14,764829.56,1846,5.3056,Cinnamon quail-thrush,89.6,14
Cinclosoma marginatum,Cinclosomatidae,Passeriformes,60.8,1461523.74,1883,5.6347,Western quail-thrush,33.93,6
Cinclosoma punctatum,Cinclosomatidae,Passeriformes,113.31,564852.46,1795,6.0515,Spotted quail-thrush,113.19,14
Cinclus cinclus,Cinclidae,Passeriformes,61.47,8499590.13,1758,6.4293,White-throated dipper,1858.38,204
Cinclus leucocephalus,Cinclidae,Passeriformes,44.0,619987.76,1844,6.4417,White-capped dipper,132.33,18
Cinclus mexicanus,Cinclidae,Passeriformes,56.68,4910744.04,1827,6.0095,American dipper,1575.45,78
Cinclus pallasii,Cinclidae,Passeriformes,76.0,9425465.17,1820,5.7217,Brown dipper,342.6,34
Cinclus schulzii,Cinclidae,Passeriformes,37.6,113020.82,1882,6.0239,Rufous-throated dipper,112.33,24
Cinnycerthia fulva,Troglodytidae,Passeriformes,16.5,108129.23,1874,5.8739,Fulvous wren,39.75,6
Cinnycerthia olivascens,Troglodytidae,Passeriformes,24.4,95207.43,1882,5.4821,Sepia-brown wren,46.75,13
Cinnycerthia peruana,Troglodytidae,Passeriformes,19.46,75819.14,1873,5.6687,Peruvian wren,31.02,10
Cinnycerthia unirufa,Troglodytidae,Passeriformes,29.4,153814.03,1840,5.727,Rufous wren,46.34,9
Cinnyricinclus leucogaster,Sturnidae,Passeriformes,44.0,10024187.06,1783,6.0101,Violet-backed starling,1568.45,29
Cinnyris afer,Nectariniidae,Passeriformes,11.1,365697.14,1766,6.8131,Greater double-collared sunbird,164.91,12
Cinnyris asiaticus,Nectariniidae,Passeriformes,8.1,5816862.3,1790,6.5456,Purple sunbird,2102.32,36
Cinnyris batesi,Nectariniidae,Passeriformes,6.3,854825.13,1908,4.356,Bates's sunbird,31.6,7
Cinnyris bifasciatus,Nectariniidae,Passeriformes,7.18,1925702.6,1812,6.3981,Purple-banded sunbird,80.74,6
Cinnyris bouvieri,Nectariniidae,Passeriformes,8.7,360313.74,1877,6.4657,Orange-tufted sunbird,66.31,10
Cinnyris buettikoferi,Nectariniidae,Passeriformes,9.0,10702.41,1896,5.9664,Apricot-breasted sunbird,65.58,8
Cinnyris chalcomelas,Nectariniidae,Passeriformes,8.2,63807.07,1905,6.4931,Violet-breasted sunbird,28.09,7
Cinnyris chalybeus,Nectariniidae,Passeriformes,7.73,496199.25,1766,6.5751,Southern double-collared sunbird,396.92,23
Cinnyris chloropygius,Nectariniidae,Passeriformes,6.2,4297123.95,1842,7.4827,Olive-bellied sunbird,94.32,10
Cinnyris coccinigastrus,Nectariniidae,Passeriformes,14.3,1723775.75,1802,6.6363,Splendid sunbird,124.52,5
Cinnyris comorensis,Nectariniidae,Passeriformes,7.77,357.55,1864,5.6179,Anjouan sunbird,39.24,5
Cinnyris congensis,Nectariniidae,Passeriformes,17.3,130504.85,1910,6.2086,Congo sunbird,41.52,5
Cinnyris coquerellii,Nectariniidae,Passeriformes,7.93,370.97,1860,6.8057,Mayotte sunbird,33.86,10
Cinnyris cupreus,Nectariniidae,Passeriformes,8.9,7848077.34,1812,6.6542,Copper sunbird,120.37,7
Cinnyris dussumieri,Nectariniidae,Passeriformes,10.8,244.59,1861,5.4727,Seychelles sunbird,111.02,10
Cinnyris erythrocercus,Nectariniidae,Passeriformes,8.79,438707.33,1857,6.962,Red-chested sunbird,67.26,11
Cinnyris fuelleborni,Nectariniidae,Passeriformes,8.19,244106.5,1899,7.3118,Forest double-collared sunbird,23.57,7
Cinnyris fuscus,Nectariniidae,Passeriformes,7.83,1120628.47,1819,5.8637,Dusky sunbird,68.25,8
Cinnyris gertrudis,Nectariniidae,Passeriformes,9.48,711956.82,1926,5.9653,Western miombo sunbird,10.09,7
Cinnyris humbloti,Nectariniidae,Passeriformes,6.4,1240.87,1885,6.2052,Humblot's sunbird,39.28,8
Cinnyris johannae,Nectariniidae,Passeriformes,13.03,1631281.91,1851,6.319,Johanna's sunbird,34.12,7
Cinnyris lotenius,Nectariniidae,Passeriformes,8.77,292016.32,1766,6.6917,Loten's sunbird,499.17,12
Cinnyris loveridgei,Nectariniidae,Passeriformes,9.76,259.47,1922,7.2523,Loveridge's sunbird,33.36,13
Cinnyris ludovicensis,Nectariniidae,Passeriformes,8.67,85632.04,1868,7.1933,Ludwig's double-collared sunbird,43.06,5
Cinnyris manoensis,Nectariniidae,Passeriformes,9.48,454948.66,1907,6.5698,Eastern miombo sunbird,19.91,8
Cinnyris mariquensis,Nectariniidae,Passeriformes,11.47,2606050.21,1836,6.7266,Marico sunbird,107.43,13
Cinnyris mediocris,Nectariniidae,Passeriformes,8.19,195956.74,1885,7.4712,Eastern double-collared sunbird,51.68,11
Cinnyris minullus,Nectariniidae,Passeriformes,5.7,1198202.19,1899,7.1256,Tiny sunbird,57.75,8
Cinnyris moreaui,Nectariniidae,Passeriformes,8.24,29656.26,1933,6.6219,Moreau's sunbird,32.77,9
Cinnyris nectarinioides,Nectariniidae,Passeriformes,4.8,496613.1,1897,7.2637,Black-bellied sunbird,67.95,9
Cinnyris neergaardi,Nectariniidae,Passeriformes,6.14,138996.95,1908,6.9134,Neergaard's sunbird,51.17,8
Cinnyris osea,Nectariniidae,Passeriformes,7.18,568902.39,1856,6.2198,Palestine sunbird,1617.73,18
Cinnyris oustaleti,Nectariniidae,Passeriformes,8.1,219261.25,1878,7.16,Oustalet's sunbird,28.07,8
Cinnyris pembae,Nectariniidae,Passeriformes,8.2,970.42,1905,6.8449,Pemba sunbird,46.08,7
Cinnyris regius,Nectariniidae,Passeriformes,6.58,76601.79,1893,7.7037,Regal sunbird,93.9,14
Cinnyris reichenowi,Nectariniidae,Passeriformes,6.8,243088.55,1891,7.1443,Northern double-collared sunbird,76.88,22
Cinnyris rufipennis,Nectariniidae,Passeriformes,8.79,4406.47,1983,6.002,Rufous-winged sunbird,29.98,12
Cinnyris shelleyi,Nectariniidae,Passeriformes,8.98,416193.99,1899,6.144,Shelley's sunbird,39.88,9
Cinnyris solaris,Nectariniidae,Passeriformes,9.0,66937.6,1825,6.5466,Flame-breasted sunbird,56.31,7
Cinnyris sovimanga,Nectariniidae,Passeriformes,7.24,591013.44,1788,6.4443,Souimanga sunbird,165.03,8
Cinnyris stuhlmanni,Nectariniidae,Passeriformes,8.8,12102.1,1893,6.8208,Rwenzori double-collared sunbird,43.37,8
Cinnyris superbus,Nectariniidae,Passeriformes,16.8,2854180.16,1812,6.639,Superb sunbird,62.72,7
Cinnyris talatala,Nectariniidae,Passeriformes,8.09,2820942.59,1836,7.0724,White-bellied sunbird,123.2,24
Cinnyris tsavoensis,Nectariniidae,Passeriformes,6.8,114686.09,1922,5.6621,Tsavo sunbird,36.87,9
Cinnyris ursulae,Nectariniidae,Passeriformes,6.5,27769.05,1903,6.1517,Ursula's sunbird,27.48,6
Cinnyris usambaricus,Nectariniidae,Passeriformes,8.19,27747.51,1922,6.4911,Usambara double-collared sunbird,22.59,9
Cinnyris venustus,Nectariniidae,Passeriformes,6.56,5595541.69,1799,6.637,Variable sunbird,278.9,20
Circaetus beaudouini,Accipitridae,Accipitriformes,1500.0,3453409.14,1862,6.1736,Beaudouin's snake eagle,214.8,29
Circaetus cinerascens,Accipitridae,Accipitriformes,1126.0,5762003.0,1851,6.462,Western banded snake eagle,203.57,19
Circaetus cinereus,Accipitridae,Accipitriformes,2048.0,11541044.04,1818,6.1575,Brown snake eagle,1390.55,12
Circaetus fasciolatus,Accipitridae,Accipitriformes,1013.6,734455.97,1847,6.4257,Southern banded snake eagle,144.62,15
Circaetus gallicus,Accipitridae,Accipitriformes,1699.12,12695589.93,1788,6.6179,Short-toed snake eagle,1693.75,198
Circaetus pectoralis,Accipitridae,Accipitriformes,1500.0,9328714.6,1829,5.8698,Black-chested snake eagle,652.17,11
Circus aeruginosus,Accipitridae,Accipitriformes,704.07,13390803.81,1758,6.0259,Western marsh harrier,2111.45,341
Circus approximans,Accipitridae,Accipitriformes,746.19,2033024.84,1848,6.3866,Swamp harrier,1639.07,57
Circus assimilis,Accipitridae,Accipitriformes,558.58,7817547.59,1828,6.1105,Spotted harrier,260.18,20
Circus buffoni,Accipitridae,Accipitriformes,507.4,4327364.53,1788,6.9809,Long-winged harrier,225.49,32
Circus cinereus,Accipitridae,Accipitriformes,399.67,2424495.35,1816,6.3762,Cinereous harrier,249.81,45
Circus cyaneus,Accipitridae,Accipitriformes,392.98,17331412.86,1766,6.0835,Hen harrier,4031.52,314
Circus hudsonius,Accipitridae,Accipitriformes,392.98,12347245.55,1766,6.2373,Northern harrier,5421.27,94
Circus macrosceles,Accipitridae,Accipitriformes,663.6,412352.02,1863,6.4316,Malagasy harrier,110.12,12
Circus macrourus,Accipitridae,Accipitriformes,384.36,6168290.72,1770,6.223,Pallid harrier,1193.45,176
Circus maillardi,Accipitridae,Accipitriformes,663.6,1488.84,1862,6.0728,Réunion harrier,193.93,17
Circus maurus,Accipitridae,Accipitriformes,508.99,597211.38,1828,6.6128,Black harrier,270.07,31
Circus melanoleucos,Accipitridae,Accipitriformes,336.3,1811211.65,1769,6.4987,Pied harrier,371.86,31
Circus pygargus,Accipitridae,Accipitriformes,310.75,6837154.32,1758,6.8688,Montagu's harrier,1637.65,260
Circus ranivorus,Accipitridae,Accipitriformes,507.0,4426338.22,1800,5.8021,African marsh harrier,272.59,17
Circus spilonotus,Accipitridae,Accipitriformes,558.78,5723030.46,1847,6.3191,Eastern marsh harrier,419.57,34
Circus spilothorax,Accipitridae,Accipitriformes,558.78,76450.96,1875,5.6127,Papuan harrier,105.13,5
Cissa chinensis,Corvidae,Passeriformes,126.64,2108736.38,1783,6.551,Common green magpie,770.2,30
Cissa hypoleuca,Corvidae,Passeriformes,125.0,890296.66,1885,6.7997,Indochinese green magpie,443.42,8
Cissa jefferyi,Corvidae,Passeriformes,125.0,78459.36,1888,6.5489,Bornean green magpie,302.22,6
Cissomela pectoralis,Meliphagidae,Passeriformes,10.1,1086177.68,1841,6.28,Banded honeyeater,65.81,8
Cissopis leverianus,Thraupidae,Passeriformes,76.0,5410821.02,1788,6.197,Magpie tanager,103.64,29
Cisticola aberdare,Cisticolidae,Passeriformes,24.0,1272.48,1930,5.3172,Aberdare cisticola,84.07,36
Cisticola angusticauda,Cisticolidae,Passeriformes,8.2,923133.83,1891,5.7297,Long-tailed cisticola,17.74,6
Cisticola anonymus,Cisticolidae,Passeriformes,13.91,2357531.94,1855,4.7616,Chattering cisticola,25.3,10
Cisticola aridulus,Cisticolidae,Passeriformes,9.2,4468382.38,1900,5.9291,Desert cisticola,43.33,8
Cisticola ayresii,Cisticolidae,Passeriformes,7.0,1258911.91,1863,4.7872,Wing-snapping cisticola,40.59,8
Cisticola bodessa,Cisticolidae,Passeriformes,17.14,437584.83,1913,4.7913,Boran cisticola,23.87,6
Cisticola brachypterus,Cisticolidae,Passeriformes,7.81,7674053.24,1870,5.2533,Short-winged cisticola,29.27,12
Cisticola brunnescens,Cisticolidae,Passeriformes,8.0,465384.19,1862,5.2463,Pectoral-patch cisticola,28.2,7
Cisticola bulliens,Cisticolidae,Passeriformes,15.81,308376.91,1930,4.7809,Bubbling cisticola,24.59,7
Cisticola cantans,Cisticolidae,Passeriformes,11.7,5670957.17,1869,5.3593,Singing cisticola,66.33,19
Cisticola carruthersi,Cisticolidae,Passeriformes,11.24,174334.6,1909,5.5491,Carruthers's cisticola,22.84,8
Cisticola cherina,Cisticolidae,Passeriformes,10.0,591128.96,1843,5.1745,Madagascar cisticola,21.22,18
Cisticola chiniana,Cisticolidae,Passeriformes,16.14,6716168.11,1843,4.7988,Rattling cisticola,119.81,9
Cisticola chubbi,Cisticolidae,Passeriformes,16.03,322235.69,1892,5.2338,Chubb's cisticola,42.33,13
Cisticola cinereolus,Cisticolidae,Passeriformes,16.99,614939.78,1888,4.625,Ashy cisticola,25.68,9
Cisticola cinnamomeus,Cisticolidae,Passeriformes,8.0,1130458.7,1904,5.5544,Pale-crowned cisticola,28.68,12
Cisticola dambo,Cisticolidae,Passeriformes,8.99,472758.5,1931,4.6741,Dambo cisticola,23.29,8
Cisticola erythrops,Cisticolidae,Passeriformes,14.77,6407914.95,1857,5.2851,Red-faced cisticola,80.33,12
Cisticola exilis,Cisticolidae,Passeriformes,7.04,7165244.71,1827,5.901,Golden-headed cisticola,405.35,24
Cisticola eximius,Cisticolidae,Passeriformes,11.95,652428.41,1869,4.97,Black-backed cisticola,32.13,10
Cisticola fulvicapilla,Cisticolidae,Passeriformes,8.24,4604333.83,1817,5.2382,,,15
Cisticola galactotes,Cisticolidae,Passeriformes,13.07,287146.87,1821,5.0782,Rufous-winged cisticola,34.35,11
Cisticola guinea,Cisticolidae,Passeriformes,9.3,646786.75,1930,5.0731,Dorst's cisticola,25.3,7
Cisticola haematocephalus,Cisticolidae,Passeriformes,13.07,211038.11,1868,5.3623,Coastal cisticola,20.37,9
Cisticola hunteri,Cisticolidae,Passeriformes,15.48,133032.12,1889,5.6393,Hunter's cisticola,35.72,7
Cisticola juncidis,Cisticolidae,Passeriformes,6.81,18929166.75,1810,5.4693,Zitting cisticola,980.37,80
Cisticola lais,Cisticolidae,Passeriformes,14.78,881974.02,1870,5.3656,Wailing cisticola,39.88,13
Cisticola lateralis,Cisticolidae,Passeriformes,16.78,3066342.45,1843,4.5814,Whistling cisticola,39.23,6
Cisticola luapula,Cisticolidae,Passeriformes,13.07,525236.72,1933,4.918,Luapula cisticola,24.95,8
Cisticola lugubris,Cisticolidae,Passeriformes,13.07,432715.59,1840,5.5302,Ethiopian cisticola,22.0,7
Cisticola marginatus,Cisticolidae,Passeriformes,13.07,5523521.66,1869,5.1722,Winding cisticola,56.59,7
Cisticola nana,Cisticolidae,Passeriformes,5.0,685105.62,1884,5.7587,Tiny cisticola,22.67,8
Cisticola natalensis,Cisticolidae,Passeriformes,16.44,7970636.77,1843,4.5563,Croaking cisticola,50.91,14
Cisticola nigriloris,Cisticolidae,Passeriformes,19.64,71914.39,1897,4.7866,Black-lored cisticola,26.27,7
Cisticola njombe,Cisticolidae,Passeriformes,10.87,33269.22,1933,5.3728,Churring cisticola,24.33,8
Cisticola pipiens,Cisticolidae,Passeriformes,13.48,1127080.04,1930,5.2424,Chirping cisticola,28.84,10
Cisticola robustus,Cisticolidae,Passeriformes,18.47,1229121.48,1845,5.3665,Stout cisticola,29.72,10
Cisticola ruficeps,Cisticolidae,Passeriformes,9.7,1253642.08,1830,4.9467,Red-pate cisticola,28.34,6
Cisticola rufilatus,Cisticolidae,Passeriformes,11.3,2748861.04,1870,5.1978,Tinkling cisticola,38.25,10
Cisticola rufus,Cisticolidae,Passeriformes,7.3,876800.15,1843,5.2019,Rufous cisticola,22.86,10
Cisticola subruficapilla,Cisticolidae,Passeriformes,9.92,910756.54,1843,5.0407,Grey-backed cisticola,38.91,8
Cisticola textrix,Cisticolidae,Passeriformes,10.34,702791.56,1817,5.5766,Cloud cisticola,38.38,8
Cisticola tinniens,Cisticolidae,Passeriformes,11.4,1754614.86,1842,5.3459,Levaillant's cisticola,63.38,9
Cisticola troglodytes,Cisticolidae,Passeriformes,8.2,1158307.92,1864,5.2787,Foxy cisticola,28.43,7
Cisticola woosnami,Cisticolidae,Passeriformes,13.5,1290884.31,1908,5.5585,Trilling cisticola,30.99,8
Cistothorus apolinari,Troglodytidae,Passeriformes,17.7,2671.88,1914,5.1588,Apolinar's wren,60.7,55
Cistothorus meridae,Troglodytidae,Passeriformes,9.72,4041.71,1907,5.3408,Mérida wren,31.54,12
Cistothorus palustris,Troglodytidae,Passeriformes,10.8,4855077.99,1810,5.8537,Marsh wren,1476.78,116
Cistothorus platensis,Troglodytidae,Passeriformes,9.04,4772915.83,1790,5.379,Grass wren,161.48,97
Cladorhynchus leucocephalus,Recurvirostridae,Charadriiformes,216.0,96302.92,1816,6.867,Banded stilt,643.41,25
Clamator coromandus,Cuculidae,Cuculiformes,74.59,5851485.76,1766,6.9109,Chestnut-winged cuckoo,408.18,14
Clamator glandarius,Cuculidae,Cuculiformes,143.0,13672737.21,1758,5.8475,Great spotted cuckoo,1094.64,91
Clamator jacobinus,Cuculidae,Cuculiformes,79.37,16118043.62,1783,5.7628,Jacobin cuckoo,2539.78,31
Clamator levaillantii,Cuculidae,Cuculiformes,122.0,9843346.04,1829,6.2516,Levaillant's cuckoo,148.72,15
Clanga clanga,Accipitridae,Accipitriformes,2154.29,8980278.98,1811,6.956,Greater spotted eagle,2254.91,123
Clanga hastata,Accipitridae,Accipitriformes,1359.41,2409106.07,1831,6.4136,Indian spotted eagle,1651.53,19
Clanga pomarina,Accipitridae,Accipitriformes,1359.41,2013351.79,1831,6.1735,Lesser spotted eagle,1418.85,84
Clangula hyemalis,Anatidae,Anseriformes,871.0,9492361.68,1758,5.5038,Long-tailed duck,2595.38,406
Claravis pretiosa,Columbidae,Columbiformes,68.2,12977823.95,1886,5.3261,Blue ground dove,306.36,36
Cleptornis marchei,Zosteropidae,Passeriformes,20.2,134.47,1889,6.4072,Golden white-eye,272.85,22
Clibanornis dendrocolaptoides,Furnariidae,Passeriformes,48.2,452976.71,1859,5.3905,Canebrake groundcreeper,26.16,15
Clibanornis erythrocephalus,Furnariidae,Passeriformes,46.46,18640.0,1919,5.6522,Henna-hooded foliage-gleaner,21.85,11
Clibanornis rectirostris,Furnariidae,Passeriformes,48.0,1421864.09,1831,5.3697,Henna-capped foliage-gleaner,23.96,15
Clibanornis rubiginosus,Furnariidae,Passeriformes,39.8,2137031.2,1857,5.4734,Ruddy foliage-gleaner,41.33,8
Clibanornis rufipectus,Furnariidae,Passeriformes,39.8,2307.45,1898,5.2246,Santa Marta foliage-gleaner,27.31,17
Climacteris affinis,Climacteridae,Passeriformes,21.7,2630036.35,1864,5.3316,White-browed treecreeper,62.46,13
Climacteris erythrops,Climacteridae,Passeriformes,23.3,317210.54,1841,5.6167,Red-browed treecreeper,58.49,13
Climacteris melanurus,Climacteridae,Passeriformes,31.85,1122025.4,1843,5.183,Black-tailed treecreeper,51.02,15
Climacteris picumnus,Climacteridae,Passeriformes,28.94,2269397.31,1824,5.0155,Brown treecreeper,211.11,24
Climacteris rufus,Climacteridae,Passeriformes,32.64,452307.17,1841,5.4443,Rufous treecreeper,63.69,15
Clytoctantes alixii,Thamnophilidae,Passeriformes,32.5,1716.45,1870,5.8556,Recurve-billed bushbird,51.71,29
Clytoctantes atrogularis,Thamnophilidae,Passeriformes,31.0,35946.66,1991,5.6419,Rondônia bushbird,28.14,15
Clytolaema rubricauda,Trochilidae,Caprimulgiformes,7.9,352748.43,1783,7.5378,Brazilian ruby,121.49,27
Clytomyias insignis,Maluridae,Passeriformes,12.4,139418.96,1879,6.5475,Orange-crowned fairywren,80.53,6
Clytorhynchus hamlini,Monarchidae,Passeriformes,34.6,672.67,1931,5.3478,Rennell shrikebill,29.12,9
Clytorhynchus nigrogularis,Monarchidae,Passeriformes,55.72,16947.76,1875,6.1742,Black-throated shrikebill,35.3,10
Clytorhynchus pachycephaloides,Monarchidae,Passeriformes,26.3,27352.86,1870,5.6724,Southern shrikebill,37.84,9
Clytorhynchus vitiensis,Monarchidae,Passeriformes,29.2,18613.59,1866,5.3188,Fiji shrikebill,64.41,9
Clytospiza monteiri,Estrildidae,Passeriformes,14.9,1193530.92,1860,5.5289,Brown twinspot,41.06,9
Cnemarchus erythropygius,Tyrannidae,Passeriformes,41.0,178441.62,1853,5.7577,Red-rumped bush tyrant,67.55,15
Cnemathraupis aureodorsalis,Thraupidae,Passeriformes,85.0,2445.85,1974,6.4987,Golden-backed mountain tanager,36.34,10
Cnemathraupis eximia,Thraupidae,Passeriformes,62.7,60098.85,1840,6.4515,Black-chested mountain tanager,31.32,10
Cnemophilus loriae,Cnemophilidae,Passeriformes,83.97,138396.01,1895,5.75,Loria's satinbird,46.76,10
Cnemotriccus fuscatus,Tyrannidae,Passeriformes,13.6,12243851.43,1831,4.9521,Fuscous flycatcher,54.42,37
Cnipodectes subbrunneus,Tyrannidae,Passeriformes,23.2,1950473.59,1860,5.3186,Brownish twistwing,31.6,24
Cnipodectes superrufus,Tyrannidae,Passeriformes,32.3,245084.22,2007,5.7938,Rufous twistwing,26.18,18
Coccopygia bocagei,Estrildidae,Passeriformes,6.51,95404.95,1903,5.6871,Angola waxbill,23.9,4
Coccopygia melanotis,Estrildidae,Passeriformes,6.51,285539.1,1823,6.9646,Swee waxbill,153.92,15
Coccopygia quartinia,Estrildidae,Passeriformes,6.7,676732.96,1850,6.5809,Yellow-bellied waxbill,70.17,12
Coccothraustes coccothraustes,Fringillidae,Passeriformes,56.63,12197802.66,1758,6.1223,,,149
Coccycua cinerea,Cuculidae,Cuculiformes,41.04,2258759.94,1817,5.4228,Ash-colored cuckoo,59.16,21
Coccycua minuta,Cuculidae,Cuculiformes,39.3,8754206.58,1817,6.0041,Little cuckoo,99.28,16
Coccycua pumila,Cuculidae,Cuculiformes,37.1,647667.46,1852,5.7057,Dwarf cuckoo,54.53,16
Coccyzus americanus,Cuculidae,Cuculiformes,64.0,5270361.03,1758,5.9402,Yellow-billed cuckoo,3500.62,235
Coccyzus erythropthalmus,Cuculidae,Cuculiformes,50.9,4944717.14,1811,5.5525,Black-billed cuckoo,1706.47,59
Coccyzus euleri,Cuculidae,Cuculiformes,52.3,9036508.43,1873,5.6381,Pearly-breasted cuckoo,56.96,25
Coccyzus ferrugineus,Cuculidae,Cuculiformes,70.0,24.76,1843,5.79,Cocos cuckoo,93.65,15
Coccyzus lansbergi,Cuculidae,Cuculiformes,50.3,326111.2,1850,6.3088,Grey-capped cuckoo,35.92,12
Coccyzus longirostris,Cuculidae,Cuculiformes,100.0,75087.7,1783,6.2084,Hispaniolan lizard cuckoo,94.94,6
Coccyzus melacoryphus,Cuculidae,Cuculiformes,49.71,14444342.03,1817,5.6801,Dark-billed cuckoo,149.75,46
Coccyzus minor,Cuculidae,Cuculiformes,63.89,1105292.18,1788,6.2926,Mangrove cuckoo,450.36,50
Coccyzus pluvialis,Cuculidae,Cuculiformes,163.0,11021.79,1788,7.042,Chestnut-bellied cuckoo,59.48,4
Coccyzus rufigularis,Cuculidae,Cuculiformes,128.0,1132.73,1852,5.9139,Bay-breasted cuckoo,101.99,15
Coccyzus vetula,Cuculidae,Cuculiformes,96.0,11021.79,1758,6.2463,Jamaican lizard cuckoo,74.97,4
Coccyzus vieilloti,Cuculidae,Cuculiformes,81.9,8774.42,1850,5.7502,Puerto Rican lizard cuckoo,124.92,9
Cochlearius cochlearius,Ardeidae,Pelecaniformes,643.21,11698377.4,1766,6.3167,Boat-billed heron,940.33,59
Cochoa azurea,Turdidae,Passeriformes,111.5,8485.37,1824,5.8688,Javan cochoa,52.48,11
Cochoa beccarii,Turdidae,Passeriformes,111.5,64349.3,1879,5.7755,Sumatran cochoa,42.69,6
Cochoa purpurea,Turdidae,Passeriformes,103.0,623216.09,1836,5.2031,Purple cochoa,91.44,15
Cochoa viridis,Turdidae,Passeriformes,120.0,1337235.03,1836,6.196,Green cochoa,109.34,21
Coeligena coeligena,Trochilidae,Caprimulgiformes,6.8,384714.87,1833,6.6353,Bronzy inca,61.8,29
Coeligena helianthea,Trochilidae,Caprimulgiformes,6.64,42112.58,1839,7.245,Blue-throated starfrontlet,58.2,21
Coeligena iris,Trochilidae,Caprimulgiformes,6.9,80713.59,1853,7.1145,Rainbow starfrontlet,114.09,19
Coeligena lutetiae,Trochilidae,Caprimulgiformes,7.29,63339.37,1846,7.5308,Buff-winged starfrontlet,56.25,22
Coeligena orina,Trochilidae,Caprimulgiformes,6.49,1794.64,1953,7.6411,Dusky starfrontlet,97.51,44
Coeligena phalerata,Trochilidae,Caprimulgiformes,6.1,4729.41,1898,7.8248,White-tailed starfrontlet,53.7,19
Coeligena prunellei,Trochilidae,Caprimulgiformes,6.98,6382.86,1843,6.7116,Black inca,89.62,54
Coeligena wilsoni,Trochilidae,Caprimulgiformes,6.7,34158.96,1846,6.6049,Brown inca,60.31,18
Coenocorypha aucklandica,Scolopacidae,Charadriiformes,108.24,684.19,1845,4.9238,Subantarctic snipe,133.24,9
Coenocorypha huegeli,Scolopacidae,Charadriiformes,104.0,2.59,1893,5.2759,Snares snipe,104.28,4
Coenocorypha pusilla,Scolopacidae,Charadriiformes,80.5,4.67,1869,4.7574,Chatham Islands snipe,7.65,10
Coereba flaveola,Thraupidae,Passeriformes,10.01,10806908.19,1758,6.0335,,,136
Colaptes atricollis,Picidae,Piciformes,76.1,200854.0,1850,6.3635,Black-necked woodpecker,50.46,20
Colaptes auricularis,Picidae,Piciformes,65.4,203098.62,1889,6.2152,Grey-crowned woodpecker,47.99,13
Colaptes chrysoides,Picidae,Piciformes,111.0,377623.21,1852,6.3962,Gilded flicker,678.79,33
Colaptes fernandinae,Picidae,Piciformes,135.0,7341.16,1827,6.2024,Fernandina's flicker,121.27,13
Colaptes pitius,Picidae,Piciformes,159.0,428459.35,1782,5.5872,Chilean flicker,91.09,20
Colaptes punctigula,Picidae,Piciformes,61.96,3394047.54,1783,6.718,Spot-breasted woodpecker,93.54,16
Colibri coruscans,Trochilidae,Caprimulgiformes,6.7,920400.1,1846,7.6793,Sparkling violetear,365.41,121
Colibri delphinae,Trochilidae,Caprimulgiformes,6.4,1200069.73,1839,6.4205,Brown violetear,237.8,47
Colibri serrirostris,Trochilidae,Caprimulgiformes,6.7,2370635.54,1816,7.5991,White-vented violetear,107.62,45
Colinus nigrogularis,Odontophoridae,Galliformes,129.81,108756.64,1843,5.5528,Yucatan bobwhite,78.25,21
Colinus virginianus,Odontophoridae,Galliformes,171.89,4364464.18,1758,6.061,Northern bobwhite,6018.2,932
Colius castanotus,Coliidae,Coliiformes,56.55,289063.97,1855,5.831,Red-backed mousebird,51.92,7
Colius colius,Coliidae,Coliiformes,41.4,1611547.39,1766,6.6672,White-backed mousebird,176.91,13
Colius leucocephalus,Coliidae,Coliiformes,35.84,533022.16,1879,6.2798,White-headed mousebird,74.37,9
Colius striatus,Coliidae,Coliiformes,51.1,8057145.03,1789,6.0766,Speckled mousebird,728.82,47
Collocalia troglodytes,Apodidae,Caprimulgiformes,5.4,283053.11,1845,4.9785,Pygmy swiftlet,85.73,4
Colluricincla boweri,Pachycephalidae,Passeriformes,43.8,30983.14,1885,5.0849,Bower's shrikethrush,47.23,10
Colluricincla harmonica,Pachycephalidae,Passeriformes,65.8,6919512.58,1802,5.0653,Grey shrikethrush,570.42,17
Colluricincla woodwardi,Pachycephalidae,Passeriformes,54.5,549567.85,1905,5.0425,Sandstone shrikethrush,46.75,10
Colonia colonus,Tyrannidae,Passeriformes,18.3,6767109.68,1818,6.2425,Long-tailed tyrant,61.99,35
Colorhamphus parvirostris,Tyrannidae,Passeriformes,10.6,389583.69,1839,5.6089,Patagonian tyrant,36.07,16
Columba albinucha,Columbidae,Columbiformes,325.0,79766.0,1911,4.5769,White-naped pigeon,102.58,12
Columba albitorques,Columbidae,Columbiformes,277.0,137598.58,1837,5.7869,White-collared pigeon,263.53,8
Columba argentina,Columbidae,Columbiformes,330.0,5897.6,1855,5.098,Silvery pigeon,263.4,11
Columba arquatrix,Columbidae,Columbiformes,400.0,1486805.14,1808,5.4714,African olive pigeon,506.71,21
Columba bollii,Columbidae,Columbiformes,308.46,2531.08,1872,4.9982,Bolle's pigeon,322.99,26
Columba delegorguei,Columbidae,Columbiformes,133.0,232244.08,1847,5.0232,Eastern bronze-naped pigeon,106.42,13
Columba elphinstonii,Columbidae,Columbiformes,379.0,116434.82,1832,6.2981,Nilgiri wood pigeon,430.28,24
Columba eversmanni,Columbidae,Columbiformes,202.0,2911677.23,1856,5.0317,Yellow-eyed pigeon,317.35,18
Columba guinea,Columbidae,Columbiformes,352.0,10557795.16,1758,5.4596,Speckled pigeon,1025.01,57
Columba hodgsonii,Columbidae,Columbiformes,308.46,2007983.93,1832,4.714,Speckled wood pigeon,161.44,14
Columba iriditorques,Columbidae,Columbiformes,125.93,2757795.12,1856,5.1846,Western bronze-naped pigeon,130.31,8
Columba janthina,Columbidae,Columbiformes,397.0,6158.61,1830,5.6594,Black wood pigeon,109.52,34
Columba junoniae,Columbidae,Columbiformes,440.0,1210.6,1916,5.0432,Laurel pigeon,377.95,33
Columba leucomela,Columbidae,Columbiformes,420.0,275007.14,1821,5.2437,White-headed pigeon,541.9,16
Columba leuconota,Columbidae,Columbiformes,284.0,2656832.05,1831,5.3728,Snow pigeon,472.93,15
Columba livia,Columbidae,Columbiformes,354.2,17464191.46,1789,4.5617,Rock dove,20437.52,2456
Columba malherbii,Columbidae,Columbiformes,308.46,1017.05,1851,4.9814,Island bronze-naped pigeon,128.66,8
Columba oenas,Columbidae,Columbiformes,290.79,9272521.23,1758,6.098,Stock dove,2272.64,130
Columba oliviae,Columbidae,Columbiformes,308.46,24568.32,1918,4.6193,Somali pigeon,284.09,58
Columba pallidiceps,Columbidae,Columbiformes,459.0,51261.27,1878,5.1035,Yellow-legged pigeon,95.52,14
Columba palumboides,Columbidae,Columbiformes,520.0,7618.24,1873,5.2575,Andaman wood pigeon,420.57,12
Columba palumbus,Columbidae,Columbiformes,490.0,11947217.36,1758,5.2235,Common wood pigeon,10098.89,294
Columba pollenii,Columbidae,Columbiformes,308.46,2057.52,1865,4.9571,Comoro olive pigeon,35.59,10
Columba pulchricollis,Columbidae,Columbiformes,330.0,565151.19,1846,5.3186,Ashy wood pigeon,159.82,13
Columba punicea,Columbidae,Columbiformes,434.39,190345.98,1842,5.3545,Pale-capped pigeon,236.8,21
Columba rupestris,Columbidae,Columbiformes,245.41,11847809.42,1811,4.5953,Hill pigeon,486.58,36
Columba sjostedti,Columbidae,Columbiformes,308.46,44188.92,1901,4.5231,Cameroon olive pigeon,87.58,8
Columba thomensis,Columbidae,Columbiformes,428.66,322.72,1888,5.5972,São Tomé olive pigeon,87.29,11
Columba torringtoniae,Columbidae,Columbiformes,308.46,5001.87,1853,5.0076,Sri Lanka wood pigeon,288.59,11
Columba trocaz,Columbidae,Columbiformes,439.98,549.16,1829,5.019,Trocaz pigeon,573.42,25
Columba unicincta,Columbidae,Columbiformes,389.14,2699737.73,1860,4.4236,Afep pigeon,179.76,8
Columba vitiensis,Columbidae,Columbiformes,353.0,1128735.55,1832,5.7211,Metallic pigeon,302.52,19
Columbina buckleyi,Columbidae,Columbiformes,57.5,82687.64,1877,5.148,Ecuadorian ground dove,74.42,19
Columbina cruziana,Columbidae,Columbiformes,50.1,334307.94,1842,5.5759,Croaking ground dove,119.11,33
Columbina cyanopis,Columbidae,Columbiformes,45.63,552.52,1870,6.2733,Blue-eyed ground dove,274.27,22
Columbina inca,Columbidae,Columbiformes,47.5,2760667.85,1847,5.5035,Inca dove,1216.53,106
Columbina minuta,Columbidae,Columbiformes,32.59,7050160.84,1766,4.8583,Plain-breasted ground dove,172.71,45
Columbina passerina,Columbidae,Columbiformes,35.36,7241733.36,1758,5.5614,Common ground dove,2029.78,117
Columbina picui,Columbidae,Columbiformes,47.0,5736046.33,1813,5.5445,Picui ground dove,153.67,51
Columbina squammata,Columbidae,Columbiformes,52.9,4814670.86,1831,5.5377,Scaled dove,159.38,46
Columbina talpacoti,Columbidae,Columbiformes,46.04,14617238.71,1810,5.1929,Ruddy ground dove,574.32,113
Compsothraupis loricata,Thraupidae,Passeriformes,72.49,1679211.05,1819,5.7782,Scarlet-throated tanager,33.95,13
Conioptilon mcilhennyi,Cotingidae,Passeriformes,90.0,146164.97,1966,5.1651,Black-faced cotinga,29.45,22
Conirostrum albifrons,Thraupidae,Passeriformes,14.9,298087.62,1842,5.6664,Capped conebill,31.32,18
Conirostrum bicolor,Thraupidae,Passeriformes,10.5,566641.85,1809,5.8099,Bicolored conebill,56.55,29
Conirostrum binghami,Thraupidae,Passeriformes,25.0,231814.26,1919,5.6893,Giant conebill,56.37,33
Conirostrum ferrugineiventre,Thraupidae,Passeriformes,11.5,147474.33,1855,6.3876,White-browed conebill,19.52,10
Conirostrum leucogenys,Thraupidae,Passeriformes,7.0,271279.35,1852,5.2774,White-eared conebill,41.77,8
Conirostrum margaritae,Thraupidae,Passeriformes,9.7,77630.04,1931,5.3921,Pearly-breasted conebill,30.12,23
Conirostrum rufum,Thraupidae,Passeriformes,11.0,39407.06,1843,5.8409,Rufous-browed conebill,23.48,17
Conirostrum sitticolor,Thraupidae,Passeriformes,11.9,300002.23,1840,6.9704,Blue-backed conebill,34.98,17
Conirostrum speciosum,Thraupidae,Passeriformes,8.8,7564709.17,1824,5.7572,Chestnut-vented conebill,35.38,38
Conirostrum tamarugense,Thraupidae,Passeriformes,10.5,16571.91,1972,5.9277,Tamarugo conebill,27.77,29
Conopias albovittatus,Tyrannidae,Passeriformes,24.4,198320.46,1862,6.1041,White-ringed flycatcher,35.62,11
Conopias cinchoneti,Tyrannidae,Passeriformes,25.0,171399.95,1844,6.3115,Lemon-browed flycatcher,20.23,12
Conopias parvus,Tyrannidae,Passeriformes,21.0,3906792.83,1868,6.164,Yellow-throated flycatcher,29.08,6
Conopias trivirgatus,Tyrannidae,Passeriformes,21.0,2019072.42,1831,5.6149,Three-striped flycatcher,24.98,19
Conopophaga ardesiaca,Conopophagidae,Passeriformes,26.3,100334.39,1837,5.8692,Slaty gnateater,23.87,13
Conopophaga castaneiceps,Conopophagidae,Passeriformes,27.0,160640.32,1857,5.321,Chestnut-crowned gnateater,45.57,21
Conopophaga cearae,Conopophagidae,Passeriformes,22.0,58582.69,1916,6.3002,Ceará gnateater,34.67,43
Conopophaga lineata,Conopophagidae,Passeriformes,25.21,1896972.3,1831,4.8518,Rufous gnateater,53.14,54
Conopophaga melanogaster,Conopophagidae,Passeriformes,42.5,911253.95,1835,6.0524,Black-bellied gnateater,29.69,9
Conopophaga melanops,Conopophagidae,Passeriformes,20.1,242500.41,1818,5.9912,Black-cheeked gnateater,43.94,40
Conopophaga peruviana,Conopophagidae,Passeriformes,23.0,1098743.55,1856,5.2905,Ash-throated gnateater,31.62,17
Conopophaga roberti,Conopophagidae,Passeriformes,20.8,686966.07,1905,5.8845,Hooded gnateater,23.27,14
Conopophila albogularis,Meliphagidae,Passeriformes,11.8,496534.41,1843,5.3884,Rufous-banded honeyeater,46.87,11
Conopophila rufogularis,Meliphagidae,Passeriformes,10.8,1954135.97,1843,5.3725,Rufous-throated honeyeater,46.28,17
Conopophila whitei,Meliphagidae,Passeriformes,9.8,1437139.32,1910,4.4171,Grey honeyeater,49.11,11
Conothraupis mesoleuca,Thraupidae,Passeriformes,15.3,33828.76,1939,6.0469,Cone-billed tanager,75.13,21
Conothraupis speculigera,Thraupidae,Passeriformes,25.0,47761.62,1855,5.2503,Black-and-white tanager,37.93,22
Contopus albogularis,Tyrannidae,Passeriformes,9.6,114553.48,1962,5.1591,White-throated pewee,22.11,9
Contopus caribaeus,Tyrannidae,Passeriformes,10.5,119645.89,1839,5.4956,Cuban pewee,78.75,11
Contopus cooperi,Tyrannidae,Passeriformes,32.1,9652028.65,1831,5.7829,Olive-sided flycatcher,842.98,149
Contopus fumigatus,Tyrannidae,Passeriformes,19.9,1021094.08,1837,5.6828,Smoke-colored pewee,67.31,13
Contopus hispaniolensis,Tyrannidae,Passeriformes,11.7,74799.65,1867,5.4631,Hispaniolan pewee,50.77,10
Contopus latirostris,Tyrannidae,Passeriformes,11.2,12727.56,1866,5.8394,Lesser Antillean pewee,59.13,14
Contopus lugubris,Tyrannidae,Passeriformes,21.5,8200.09,1865,5.1416,Dark pewee,33.13,10
Contopus nigrescens,Tyrannidae,Passeriformes,9.5,254170.68,1880,5.1274,Blackish pewee,23.89,12
Contopus ochraceus,Tyrannidae,Passeriformes,23.0,3144.58,1869,5.144,Ochraceous pewee,22.68,23
Contopus pallidus,Tyrannidae,Passeriformes,9.3,11021.79,1847,5.9329,Jamaican pewee,38.95,7
Contopus pertinax,Tyrannidae,Passeriformes,27.2,855800.29,1859,5.6167,Greater pewee,147.29,36
Contopus sordidulus,Tyrannidae,Passeriformes,13.1,6939803.44,1859,5.4429,Western wood pewee,535.52,84
Contopus virens,Tyrannidae,Passeriformes,13.9,4080253.15,1766,5.1549,Eastern wood pewee,1933.95,125
Copsychus mindanensis,Muscicapidae,Passeriformes,32.9,275178.45,1783,5.7502,Philippine magpie-robin,133.92,7
Copsychus saularis,Muscicapidae,Passeriformes,36.0,9009660.2,1758,6.3078,Oriental magpie-robin,4311.57,131
Copsychus sechellarum,Muscicapidae,Passeriformes,70.74,5.13,1865,5.9842,Seychelles magpie-robin,182.91,31
Coracias abyssinicus,Coraciidae,Coraciiformes,102.0,7043827.44,1783,7.6169,Abyssinian roller,365.23,22
Coracias affinis,Coraciidae,Coraciiformes,157.46,2434075.19,1840,7.1895,Indochinese roller,316.62,8
Coracias benghalensis,Coraciidae,Coraciiformes,157.46,3925127.24,1758,7.6593,Indian roller,7177.16,30
Coracias caudatus,Coraciidae,Coraciiformes,110.0,8821260.61,1766,7.4058,Lilac-breasted roller,3700.61,32
Coracias cyanogaster,Coraciidae,Coraciiformes,142.0,2031616.71,1816,6.7574,Blue-bellied roller,448.24,17
Coracias garrulus,Coraciidae,Coraciiformes,146.0,9539437.58,1758,7.2122,European roller,2336.56,213
Coracias naevius,Coraciidae,Coraciiformes,168.0,9355490.24,1800,6.1618,Purple roller,266.88,9
Coracias spatulatus,Coraciidae,Coraciiformes,90.36,2917947.7,1880,6.5987,Racket-tailed roller,334.66,10
Coracias temminckii,Coraciidae,Coraciiformes,153.67,146790.51,1819,7.1515,Purple-winged roller,155.94,9
Coracina atriceps,Campephagidae,Passeriformes,139.0,39084.46,1843,5.0504,Moluccan cuckooshrike,20.99,6
Coracina bicolor,Campephagidae,Passeriformes,101.0,142589.21,1824,4.8266,Pied cuckooshrike,35.11,12
Coracina boyeri,Campephagidae,Passeriformes,66.4,604477.42,1846,5.5666,Boyer's cuckooshrike,29.78,9
Coracina caeruleogrisea,Campephagidae,Passeriformes,138.17,404850.4,1858,5.2803,Stout-billed cuckooshrike,27.58,10
Coracina caledonica,Campephagidae,Passeriformes,140.0,25323.8,1788,5.9321,South Melanesian cuckooshrike,39.16,11
Coracina dobsoni,Campephagidae,Passeriformes,111.0,5202.93,1872,5.2445,Andaman cuckooshrike,63.23,10
Coracina fortis,Campephagidae,Passeriformes,138.2,8554.33,1878,4.9004,Buru cuckooshrike,26.26,5
Coracina larvata,Campephagidae,Passeriformes,94.5,524076.97,1843,5.6,Sunda cuckooshrike,28.02,10
Coracina leucopygia,Campephagidae,Passeriformes,94.5,154181.01,1850,5.0893,White-rumped cuckooshrike,21.68,10
Coracina lineata,Campephagidae,Passeriformes,76.01,643371.3,1825,5.6629,Barred cuckooshrike,56.58,14
Coracina longicauda,Campephagidae,Passeriformes,101.0,135269.83,1890,5.3981,Hooded cuckooshrike,22.96,8
Coracina maxima,Campephagidae,Passeriformes,127.0,6390802.08,1839,5.5587,Ground cuckooshrike,83.67,15
Coracina novaehollandiae,Campephagidae,Passeriformes,118.0,7703886.1,1789,5.7595,Black-faced cuckooshrike,856.02,17
Coracina personata,Campephagidae,Passeriformes,94.5,84599.53,1843,5.3233,Wallacean cuckooshrike,23.43,7
Coracina schistacea,Campephagidae,Passeriformes,94.5,7293.2,1878,4.6717,Slaty cuckooshrike,27.77,9
Coracina temminckii,Campephagidae,Passeriformes,101.0,145760.19,1843,5.6814,Cerulean cuckooshrike,167.17,12
Coracina welchmani,Campephagidae,Passeriformes,135.0,23552.63,1892,5.3306,North Melanesian cuckooshrike,22.3,5
Coracopsis barklyi,Psittacidae,Psittaciformes,186.24,47.41,1867,5.6366,Seychelles black parrot,752.09,7
Coracopsis vasa,Psittacidae,Psittaciformes,525.0,413210.96,1812,5.9049,Greater vasa parrot,360.33,33
Coracornis raveni,Pachycephalidae,Passeriformes,36.0,11498.5,1918,4.7771,Maroon-backed whistler,30.85,10
Coracornis sanghirensis,Pachycephalidae,Passeriformes,32.34,5.29,1881,4.6952,Sangihe whistler,25.14,16
Coragyps atratus,Cathartidae,Cathartiformes,1881.69,21173636.93,1793,4.6305,Black vulture,11083.02,395
Corapipo gutturalis,Pipridae,Passeriformes,8.2,1107394.3,1766,6.2765,White-throated manakin,42.07,22
Corcorax melanorhamphos,Corcoracidae,Passeriformes,364.0,1979313.45,1817,5.3137,White-winged chough,1369.2,12
Cormobates leucophaea,Climacteridae,Passeriformes,22.0,969111.73,1802,4.7295,White-throated treecreeper,203.65,21
Cormobates placens,Climacteridae,Passeriformes,15.8,131752.2,1874,4.8749,Papuan treecreeper,41.89,11
Corvus albicollis,Corvidae,Passeriformes,893.99,1615598.28,1790,5.982,White-necked raven,2005.89,30
Corvus albus,Corvidae,Passeriformes,524.0,19544750.22,1776,6.043,Pied crow,5138.28,117
Corvus bennetti,Corvidae,Passeriformes,389.0,5681813.47,1901,5.6096,Little crow (bird),1432.16,17
Corvus capensis,Corvidae,Passeriformes,553.0,4036026.48,1823,5.2585,Cape crow,937.75,12
Corvus corax,Corvidae,Passeriformes,927.97,52288449.5,1758,6.2411,Common raven,43250.87,588
Corvus coronoides,Corvidae,Passeriformes,644.3,4803477.78,1827,6.0491,Australian raven,5698.1,43
Corvus crassirostris,Corvidae,Passeriformes,1135.0,759238.98,1836,5.7129,Thick-billed raven,3277.28,14
Corvus cryptoleucus,Corvidae,Passeriformes,533.54,1195845.67,1854,5.8206,Chihuahuan raven,1903.94,62
Corvus dauuricus,Corvidae,Passeriformes,208.0,6025004.51,1776,6.0775,Daurian jackdaw,913.07,17
Corvus edithae,Corvidae,Passeriformes,524.0,1179817.28,1895,5.9343,Somali crow,713.17,7
Corvus enca,Corvidae,Passeriformes,251.0,1629657.05,1821,5.9884,Sunda crow,117.44,22
Corvus florensis,Corvidae,Passeriformes,175.0,9095.62,1894,5.1765,Flores crow,410.85,12
Corvus frugilegus,Corvidae,Passeriformes,452.1,19019081.22,1758,5.1572,Rook (bird),16834.24,307
Corvus fuscicapillus,Corvidae,Passeriformes,635.0,18445.52,1859,5.1901,Brown-headed crow,446.31,6
Corvus imparatus,Corvidae,Passeriformes,221.0,99924.43,1929,5.4489,Tamaulipas crow,510.68,17
Corvus insularis,Corvidae,Passeriformes,507.96,44924.58,1903,5.1988,Bismarck crow,386.67,6
Corvus jamaicensis,Corvidae,Passeriformes,338.0,11021.79,1788,5.5776,Jamaican crow,489.32,10
Corvus kubaryi,Corvidae,Passeriformes,249.92,92.35,1885,4.8961,Mariana crow,587.54,33
Corvus leucognaphalus,Corvidae,Passeriformes,401.0,8280.85,1800,5.2266,White-necked crow,792.19,15
Corvus macrorhynchos,Corvidae,Passeriformes,513.14,13313192.58,1827,5.9487,Large-billed crow,2404.59,159
Corvus meeki,Corvidae,Passeriformes,467.0,9689.88,1904,4.6622,Bougainville crow,262.62,3
Corvus mellori,Corvidae,Passeriformes,540.37,1353458.96,1912,6.4295,Little raven,1041.64,29
Corvus monedula,Corvidae,Passeriformes,246.0,13975046.48,1758,5.2302,Western jackdaw,12099.78,241
Corvus moneduloides,Corvidae,Passeriformes,277.38,16389.59,1831,5.0992,New Caledonian crow,2678.82,58
Corvus nasicus,Corvidae,Passeriformes,401.0,28429.7,1826,5.8503,Cuban crow,402.73,9
Corvus orru,Corvidae,Passeriformes,507.96,5394057.72,1850,5.9683,Torresian crow,1797.92,26
Corvus ossifragus,Corvidae,Passeriformes,284.6,970986.53,1812,5.8832,Fish crow,2990.28,64
Corvus palmarum,Corvidae,Passeriformes,289.0,32245.36,1835,5.7994,Hispaniolan palm crow,50.06,12
Corvus pectoralis,Corvidae,Passeriformes,470.53,2074732.63,1836,5.941,Collared crow,505.17,19
Corvus rhipidurus,Corvidae,Passeriformes,611.0,2756382.95,1918,6.611,Fan-tailed raven,765.83,19
Corvus ruficollis,Corvidae,Passeriformes,573.5,12915376.88,1831,5.1759,Brown-necked raven,961.77,41
Corvus sinaloae,Corvidae,Passeriformes,244.0,95101.34,1958,5.5294,Sinaloa crow,288.53,18
Corvus splendens,Corvidae,Passeriformes,292.55,4469957.42,1817,5.0426,House crow,5266.39,646
Corvus tasmanicus,Corvidae,Passeriformes,676.34,374479.03,1912,6.4185,Forest raven,1593.54,15
Corvus tristis,Corvidae,Passeriformes,635.0,693202.25,1827,5.5268,Grey crow,643.29,4
Corvus typicus,Corvidae,Passeriformes,175.0,104370.92,1853,5.1562,Piping crow,295.55,5
Corvus unicolor,Corvidae,Passeriformes,175.0,137.99,1900,5.4191,Banggai crow,400.23,8
Corvus validus,Corvidae,Passeriformes,300.0,24724.98,1850,5.8139,Long-billed crow,336.36,8
Corvus violaceus,Corvidae,Passeriformes,251.0,27245.48,1850,5.1345,Violet crow,460.03,6
Corvus woodfordi,Corvidae,Passeriformes,467.0,13034.76,1887,5.4536,White-billed crow,510.74,4
Corydon sumatranus,Eurylaimidae,Passeriformes,140.0,2209826.9,1822,6.694,Dusky broadbill,97.98,13
Corydospiza alaudina,Thraupidae,Passeriformes,23.93,687385.35,1833,5.3406,Band-tailed sierra finch,38.76,6
Corydospiza carbonaria,Thraupidae,Passeriformes,17.9,499186.66,1837,5.534,,,3
Coryphaspiza melanotis,Thraupidae,Passeriformes,15.7,2184668.56,1822,5.8841,Black-masked finch,44.89,29
Coryphistera alaudina,Furnariidae,Passeriformes,30.0,1447474.66,1860,5.537,Lark-like brushrunner,28.42,19
Coryphospingus cucullatus,Thraupidae,Passeriformes,14.28,4048063.88,1776,6.6089,Red pileated finch,159.68,34
Coryphospingus pileatus,Thraupidae,Passeriformes,15.3,2758347.74,1821,5.9823,Grey pileated finch,76.64,30
Corythaeola cristata,Musophagidae,Musophagiformes,964.99,3896093.97,1816,7.1536,Great blue turaco,1045.11,34
Corythaixoides concolor,Musophagidae,Musophagiformes,258.0,3808237.76,1833,6.3658,Grey go-away-bird,2061.87,18
Corythopis delalandi,Tyrannidae,Passeriformes,15.0,2526735.17,1831,5.1512,Southern antpipit,28.95,37
Corythopis torquatus,Tyrannidae,Passeriformes,14.3,6636740.57,1844,5.2854,Ringed antpipit,32.03,20
Corythornis leucogaster,Alcedinidae,Coraciiformes,14.5,2739779.01,1843,7.4107,White-bellied kingfisher,104.04,13
Corythornis madagascariensis,Alcedinidae,Coraciiformes,17.7,158670.3,1766,7.3281,Madagascar pygmy kingfisher,80.95,11
Corythornis vintsioides,Alcedinidae,Coraciiformes,17.9,572332.97,1836,8.0527,Malagasy kingfisher,127.67,12
Coscoroba coscoroba,Anatidae,Anseriformes,4294.78,1907875.57,1782,5.9317,Coscoroba swan,1427.59,74
Cossypha albicapillus,Muscicapidae,Passeriformes,58.5,1269495.3,1818,6.2895,White-crowned robin-chat,101.75,10
Cossypha cyanocampter,Muscicapidae,Passeriformes,26.7,1817635.07,1850,6.0438,Blue-shouldered robin-chat,38.82,10
Cossypha dichroa,Muscicapidae,Passeriformes,45.81,253533.92,1789,6.778,Chorister robin-chat,81.42,37
Cossypha heinrichi,Muscicapidae,Passeriformes,60.33,6203.48,1955,6.1384,White-headed robin-chat,98.63,8
Cossypha heuglini,Muscicapidae,Passeriformes,34.8,6366999.37,1866,6.4921,White-browed robin-chat,391.06,36
Cossypha natalensis,Muscicapidae,Passeriformes,34.1,3643626.52,1840,6.6829,Red-capped robin-chat,174.14,15
Cossypha niveicapilla,Muscicapidae,Passeriformes,36.7,5176063.97,1838,6.7843,Snowy-crowned robin-chat,142.92,20
Cossypha semirufa,Muscicapidae,Passeriformes,27.3,865714.31,1837,6.6645,Rüppell's robin-chat,64.72,14
Cossyphicula roberti,Muscicapidae,Passeriformes,34.0,100769.0,1903,5.6842,White-bellied robin-chat,30.41,11
Cotinga amabilis,Cotingidae,Passeriformes,71.49,297726.28,1857,6.3447,Lovely cotinga,184.21,50
Cotinga cayana,Cotingidae,Passeriformes,61.8,6353282.74,1766,6.5329,Spangled cotinga,310.12,25
Cotinga cotinga,Cotingidae,Passeriformes,54.0,1911359.27,1766,6.2025,Purple-breasted cotinga,77.8,22
Cotinga maculata,Cotingidae,Passeriformes,65.0,30327.88,1776,7.2106,Banded cotinga,118.85,36
Cotinga maynana,Cotingidae,Passeriformes,69.0,2547258.17,1766,5.3339,Plum-throated cotinga,116.61,19
Cotinga nattererii,Cotingidae,Passeriformes,57.2,176421.95,1840,7.1827,Blue cotinga,88.58,16
Cotinga ridgwayi,Cotingidae,Passeriformes,57.18,8354.02,1887,5.9918,Turquoise cotinga,77.04,38
Coturnicops exquisitus,Rallidae,Gruiformes,60.9,152804.92,1873,5.065,Swinhoe's rail,87.87,31
Coturnicops notatus,Rallidae,Gruiformes,30.0,1592673.32,1841,5.2146,Speckled rail,42.98,22
Coturnicops noveboracensis,Rallidae,Gruiformes,60.9,3674188.27,1789,5.0317,Yellow rail,745.3,94
Coturnix coromandelica,Phasianidae,Galliformes,73.75,2899254.36,1789,6.1136,Rain quail,608.31,21
Coturnix coturnix,Phasianidae,Galliformes,96.28,21283218.76,1758,5.9974,Common quail,12072.97,2344
Coturnix delegorguei,Phasianidae,Galliformes,76.0,9153237.05,1847,6.362,Harlequin quail,557.8,18
Coturnix japonica,Phasianidae,Galliformes,94.78,3249717.59,1848,5.2482,Japanese quail,4428.32,2723
Coturnix pectoralis,Phasianidae,Galliformes,101.86,6303864.46,1837,5.5048,Stubble quail,730.33,38
Coua caerulea,Cuculidae,Cuculiformes,244.0,333697.61,1766,6.8338,Blue coua,276.77,15
Coua coquereli,Cuculidae,Cuculiformes,160.0,140358.93,1867,6.5211,Coquerel's coua,115.36,12
Coua cursor,Cuculidae,Cuculiformes,110.0,51235.25,1867,6.6302,Running coua,62.82,9
Coua gigas,Cuculidae,Cuculiformes,424.0,149356.19,1783,6.2426,Giant coua,258.48,10
Coua reynaudii,Cuculidae,Cuculiformes,153.0,320733.34,1845,6.2653,Red-fronted coua,45.83,10
Coua serriana,Cuculidae,Cuculiformes,293.0,62730.5,1845,6.2143,Red-breasted coua,49.42,13
Coua verreauxi,Cuculidae,Cuculiformes,99.0,20300.52,1867,6.3898,Verreaux's coua,72.99,11
Cracticus argenteus,Artamidae,Passeriformes,88.8,370561.32,1841,5.4384,Silver-backed butcherbird,190.28,6
Cracticus cassicus,Artamidae,Passeriformes,142.0,554775.59,1783,5.6347,Hooded butcherbird,209.92,8
Cracticus mentalis,Artamidae,Passeriformes,77.0,218872.78,1875,5.6227,Black-backed butcherbird,227.06,13
Cracticus nigrogularis,Artamidae,Passeriformes,128.0,6347951.06,1837,5.8275,Pied butcherbird,1907.25,19
Cracticus torquatus,Artamidae,Passeriformes,82.88,6032491.25,1802,6.33,Grey butcherbird,1354.48,20
Cranioleuca albicapilla,Furnariidae,Passeriformes,21.29,18638.25,1873,6.6217,Creamy-crested spinetail,19.32,20
Cranioleuca albiceps,Furnariidae,Passeriformes,17.55,42265.84,1837,5.6521,Light-crowned spinetail,19.1,14
Cranioleuca berlepschi,Furnariidae,Passeriformes,25.2,2584.21,1905,6.3223,Russet-mantled softtail,24.77,11
Cranioleuca curtata,Furnariidae,Passeriformes,17.5,173903.21,1870,6.6762,Ash-browed spinetail,23.36,21
Cranioleuca demissa,Furnariidae,Passeriformes,15.2,77222.43,1884,5.2925,Tepui spinetail,18.82,18
Cranioleuca dissita,Furnariidae,Passeriformes,15.7,500.49,1957,4.9746,Coiba spinetail,41.39,38
Cranioleuca erythrops,Furnariidae,Passeriformes,16.9,76469.87,1860,5.7063,Red-faced spinetail,48.12,13
Cranioleuca hellmayri,Furnariidae,Passeriformes,14.96,6775.39,1907,5.4873,Streak-capped spinetail,20.27,11
Cranioleuca henricae,Furnariidae,Passeriformes,14.9,1384.33,1997,6.2225,Bolivian spinetail,24.17,19
Cranioleuca muelleri,Furnariidae,Passeriformes,14.49,73902.84,1911,4.923,Scaled spinetail,17.4,20
Cranioleuca obsoleta,Furnariidae,Passeriformes,13.4,653975.04,1853,5.7015,Olive spinetail,18.17,24
Cranioleuca pallida,Furnariidae,Passeriformes,11.5,694100.17,1831,5.8711,Pallid spinetail,19.36,21
Cranioleuca pyrrhophia,Furnariidae,Passeriformes,14.9,2026269.35,1818,5.8558,Stripe-crowned spinetail,25.32,21
Cranioleuca semicinerea,Furnariidae,Passeriformes,15.0,987554.48,1853,5.5352,Grey-headed spinetail,16.85,23
Cranioleuca subcristata,Furnariidae,Passeriformes,14.7,182930.19,1874,5.6407,Crested spinetail,22.49,17
Cranioleuca vulpecula,Furnariidae,Passeriformes,18.89,340457.78,1866,5.1901,Parker's spinetail,28.18,10
Cranioleuca vulpina,Furnariidae,Passeriformes,15.7,5731362.69,1856,5.982,Rusty-backed spinetail,24.57,24
Crax alberti,Cracidae,Galliformes,2499.9,4775.15,1852,5.674,Blue-billed curassow,320.2,109
Crax alector,Cracidae,Galliformes,2872.0,2099461.66,1766,5.4459,Black curassow,260.13,40
Crax blumenbachii,Cracidae,Galliformes,3500.0,1149.72,1825,5.806,Red-billed curassow,149.62,68
Crax daubentoni,Cracidae,Galliformes,2499.91,403077.45,1867,6.1247,Yellow-knobbed curassow,201.43,20
Crax globulosa,Cracidae,Galliformes,2500.0,27067.59,1825,4.9749,Wattled curassow,237.58,51
Crax rubra,Cracidae,Galliformes,4133.0,662063.72,1758,6.0452,Great curassow,1331.46,127
Creagrus furcatus,Laridae,Charadriiformes,686.99,87375.37,1842,5.3408,Swallow-tailed gull,673.91,33
Creatophora cinerea,Sturnidae,Passeriformes,73.03,5407365.7,1787,5.9564,Wattled starling,274.32,26
Creurgops dentatus,Thraupidae,Passeriformes,19.0,109941.34,1876,5.7783,Slaty tanager,22.57,16
Creurgops verticalis,Thraupidae,Passeriformes,24.0,97022.08,1858,5.7634,Rufous-crested tanager,22.92,25
Crex crex,Rallidae,Gruiformes,154.91,12516028.75,1758,5.2762,Corn crake,3897.62,216
Crex egregia,Rallidae,Gruiformes,119.0,11681471.46,1854,5.2137,African crake,555.8,6
Crinifer piscator,Musophagidae,Musophagiformes,370.0,3640485.51,1783,6.3966,Western plantain-eater,324.18,23
Crinifer zonurus,Musophagidae,Musophagiformes,527.0,1014236.61,1835,6.4556,Eastern plantain-eater,178.22,18
Criniferoides leucogaster,Musophagidae,Musophagiformes,216.16,2293621.91,1842,6.5969,White-bellied go-away-bird,2699.54,4
Criniger barbatus,Pycnonotidae,Passeriformes,42.56,646336.43,1821,5.2446,Western bearded greenbul,23.62,11
Criniger calurus,Pycnonotidae,Passeriformes,37.72,3299941.84,1856,4.8782,Red-tailed greenbul,32.99,11
Criniger chloronotus,Pycnonotidae,Passeriformes,45.0,1204957.83,1859,5.5801,Eastern bearded greenbul,25.99,13
Criniger ndussumensis,Pycnonotidae,Passeriformes,23.0,1455617.86,1904,4.5611,White-bearded greenbul,23.91,12
Criniger olivaceus,Pycnonotidae,Passeriformes,28.1,239103.58,1837,6.0506,Yellow-bearded greenbul,30.77,17
Crithagra albogularis,Fringillidae,Passeriformes,27.1,916328.36,1833,5.972,White-throated canary,62.96,11
Crithagra ankoberensis,Fringillidae,Passeriformes,14.9,16356.71,1979,5.4254,Ankober serin,76.71,11
Crithagra atrogularis,Fringillidae,Passeriformes,11.4,3009542.68,1836,5.1778,Black-throated canary,151.82,15
Crithagra buchanani,Fringillidae,Passeriformes,24.0,128078.23,1919,5.5883,Southern grosbeak-canary,39.42,5
Crithagra burtoni,Fringillidae,Passeriformes,30.5,400739.28,1862,4.6382,Thick-billed seedeater,42.81,8
Crithagra canicapilla,Fringillidae,Passeriformes,16.0,1497392.7,1855,4.7859,West African seedeater,39.49,6
Crithagra capistrata,Fringillidae,Passeriformes,13.6,657049.02,1870,6.272,Black-faced canary,43.22,9
Crithagra citrinelloides,Fringillidae,Passeriformes,12.99,555034.99,1840,5.5015,African citril,108.31,11
Crithagra citrinipectus,Fringillidae,Passeriformes,11.2,48205.89,1960,5.9221,Lemon-breasted canary,90.88,10
Crithagra concolor,Fringillidae,Passeriformes,50.0,204.88,1888,4.6723,São Tomé grosbeak,130.43,11
Crithagra donaldsoni,Fringillidae,Passeriformes,24.0,604511.84,1895,5.3416,Northern grosbeak-canary,49.56,6
Crithagra dorsostriata,Fringillidae,Passeriformes,15.13,861574.54,1887,6.1473,White-bellied canary,58.2,16
Crithagra flavigula,Fringillidae,Passeriformes,11.8,4609.37,1888,5.6492,Yellow-throated seedeater,44.78,5
Crithagra flaviventris,Fringillidae,Passeriformes,16.2,1693757.78,1789,6.5985,Yellow canary,2100.47,19
Crithagra frontalis,Fringillidae,Passeriformes,12.3,238675.25,1904,5.8293,Western citril,44.58,10
Crithagra gularis,Fringillidae,Passeriformes,16.0,1507366.09,1836,5.1123,Streaky-headed seedeater,102.37,14
Crithagra hyposticta,Fringillidae,Passeriformes,13.0,160632.88,1904,5.6051,Southern citril,45.59,12
Crithagra koliensis,Fringillidae,Passeriformes,13.6,54614.04,1952,5.4078,Papyrus canary,45.85,5
Crithagra leucoptera,Fringillidae,Passeriformes,22.1,84829.62,1871,5.0788,Protea canary,93.88,8
Crithagra leucopygia,Fringillidae,Passeriformes,10.8,3039637.6,1850,4.9743,White-rumped seedeater,149.43,18
Crithagra melanochroa,Fringillidae,Passeriformes,30.5,41355.36,1900,4.5798,Kipengere seedeater,32.22,4
Crithagra menachensis,Fringillidae,Passeriformes,22.4,43763.91,1913,5.0121,Yemen serin,46.43,9
Crithagra mennelli,Fringillidae,Passeriformes,15.39,1495142.19,1908,5.5142,Black-eared seedeater,56.02,5
Crithagra mozambica,Fringillidae,Passeriformes,11.87,9532014.48,1776,6.0946,Yellow-fronted canary,607.12,33
Crithagra reichenowi,Fringillidae,Passeriformes,15.4,853459.07,1888,4.7275,Reichenow's seedeater,48.21,5
Crithagra rothschildi,Fringillidae,Passeriformes,14.0,129560.58,1902,4.7622,Arabian serin,60.32,9
Crithagra rufobrunnea,Fringillidae,Passeriformes,25.9,928.93,1862,4.989,Príncipe seedeater,27.97,10
Crithagra scotops,Fringillidae,Passeriformes,14.2,184665.55,1850,5.734,Forest canary,84.58,11
Crithagra sulphurata,Fringillidae,Passeriformes,27.9,1869165.54,1766,6.3044,Brimstone canary,191.95,15
Crithagra symonsi,Fringillidae,Passeriformes,15.8,36985.63,1916,5.3013,Drakensberg siskin,82.74,8
Crithagra totta,Fringillidae,Passeriformes,13.4,85526.4,1786,5.3318,Cape siskin,100.59,9
Crithagra tristriata,Fringillidae,Passeriformes,15.5,299348.44,1840,4.9979,Brown-rumped seedeater,44.52,7
Crithagra xantholaema,Fringillidae,Passeriformes,11.8,54048.09,1896,5.6936,Salvadori's seedeater,32.88,7
Crithagra xanthopygia,Fringillidae,Passeriformes,15.4,103232.06,1840,4.8558,Yellow-rumped seedeater,47.62,5
Crossleyia xanthophrys,Bernieridae,Passeriformes,19.9,22717.1,1875,5.2826,Madagascar yellowbrow,26.67,15
Crossoptilon auritum,Phasianidae,Galliformes,1768.33,512906.05,1811,5.7647,Blue eared pheasant,324.09,46
Crossoptilon crossoptilon,Phasianidae,Galliformes,2075.25,171921.78,1838,5.5989,White eared pheasant,385.47,47
Crossoptilon harmani,Phasianidae,Galliformes,2075.25,62605.18,1881,5.8276,Tibetan eared pheasant,228.43,24
Crossoptilon mantchuricum,Phasianidae,Galliformes,1860.85,146706.15,1863,6.1991,Brown eared pheasant,270.41,109
Crotophaga ani,Cuculidae,Cuculiformes,110.09,14110810.9,1758,5.7484,Smooth-billed ani,1057.7,123
Crotophaga major,Cuculidae,Cuculiformes,148.25,12117795.17,1788,5.5256,Greater ani,326.43,67
Crotophaga sulcirostris,Cuculidae,Cuculiformes,82.04,2696933.46,1827,5.9315,Groove-billed ani,1225.01,77
Crypsirina cucullata,Corvidae,Passeriformes,132.5,112222.33,1862,5.8131,Hooded treepie,176.03,8
Crypsirina temia,Corvidae,Passeriformes,129.5,1282466.77,1800,7.0087,Racket-tailed treepie,244.56,11
Cryptillas victorini,Macrosphenidae,Passeriformes,10.0,78210.99,1860,4.564,Victorin's warbler,60.91,16
Cryptoleucopteryx plumbea,Accipitridae,Accipitriformes,482.0,162116.76,1872,5.1868,Plumbeous hawk,101.13,25
Cryptolybia olivacea,Lybiidae,Piciformes,49.4,155265.95,1880,5.0536,Green barbet,122.02,2
Cryptomicroeca flaviventris,Petroicidae,Passeriformes,13.0,16068.84,1903,6.3125,Yellow-bellied flyrobin,54.1,4
Cryptophaps poecilorrhoa,Columbidae,Columbiformes,467.0,97468.24,1876,5.2735,Sombre pigeon,56.25,6
Cryptospiza jacksoni,Estrildidae,Passeriformes,13.0,75938.17,1902,6.0725,Dusky crimsonwing,42.71,9
Cryptospiza reichenovii,Estrildidae,Passeriformes,12.4,435889.11,1874,5.9788,Red-faced crimsonwing,57.07,21
Cryptospiza salvadorii,Estrildidae,Passeriformes,12.2,258138.36,1892,5.5085,Abyssinian crimsonwing,82.19,14
Cryptosylvicola randrianasoloi,Bernieridae,Passeriformes,8.6,115073.28,1996,4.8282,Cryptic warbler,33.64,13
Crypturellus atrocapillus,Tinamidae,Struthioniformes,453.0,120601.77,1844,4.4309,Black-capped tinamou,74.9,21
Crypturellus bartletti,Tinamidae,Struthioniformes,241.0,1611496.6,1873,4.748,Bartlett's tinamou,73.58,23
Crypturellus berlepschi,Tinamidae,Struthioniformes,516.83,59534.34,1897,4.7289,Berlepsch's tinamou,78.88,10
Crypturellus boucardi,Tinamidae,Struthioniformes,435.62,334426.96,1860,4.7969,Slaty-breasted tinamou,118.33,25
Crypturellus brevirostris,Tinamidae,Struthioniformes,221.0,833118.74,1863,5.6411,Rusty tinamou,70.25,12
Crypturellus cinereus,Tinamidae,Struthioniformes,506.63,5924779.18,1789,5.0742,Cinereous tinamou,176.88,22
Crypturellus duidae,Tinamidae,Struthioniformes,426.0,131826.56,1938,4.2833,Grey-legged tinamou,83.81,17
Crypturellus erythropus,Tinamidae,Struthioniformes,485.0,1242529.51,1863,4.4495,Red-legged tinamou,115.35,20
Crypturellus kerriae,Tinamidae,Struthioniformes,443.4,6147.23,1915,4.2544,Choco tinamou,90.03,21
Crypturellus noctivagus,Tinamidae,Struthioniformes,561.99,1469564.58,1820,5.3371,Yellow-legged tinamou,80.76,47
Crypturellus obsoletus,Tinamidae,Struthioniformes,443.4,1841826.27,1815,5.1254,Brown tinamou,126.05,45
Crypturellus parvirostris,Tinamidae,Struthioniformes,198.99,6659535.62,1827,5.2463,Small-billed tinamou,129.61,39
Crypturellus ptaritepui,Tinamidae,Struthioniformes,443.4,403.76,1945,5.2244,Tepui tinamou,67.63,11
Crypturellus soui,Tinamidae,Struthioniformes,216.16,11151222.76,1783,5.2108,Little tinamou,266.23,49
Crypturellus strigulosus,Tinamidae,Struthioniformes,430.58,2589981.45,1815,4.891,Brazilian tinamou,84.33,22
Crypturellus tataupa,Tinamidae,Struthioniformes,218.8,4855861.2,1815,4.7738,Tataupa tinamou,120.88,38
Crypturellus transfasciatus,Tinamidae,Struthioniformes,283.0,41881.22,1878,5.0489,Pale-browed tinamou,65.82,11
Crypturellus undulatus,Tinamidae,Struthioniformes,564.42,8533511.59,1815,4.7891,Undulated tinamou,133.88,32
Crypturellus variegatus,Tinamidae,Struthioniformes,378.0,5436849.92,1789,5.1764,Variegated tinamou,89.43,25
Cuculus canorus,Cuculidae,Cuculiformes,111.36,37338142.79,1758,5.4156,Common cuckoo,12916.49,446
Cuculus clamosus,Cuculidae,Cuculiformes,78.8,11853670.65,1802,4.9005,Black cuckoo,474.42,15
Cuculus crassirostris,Cuculidae,Cuculiformes,88.75,84201.42,1872,5.282,Sulawesi cuckoo,47.52,9
Cuculus gularis,Cuculidae,Cuculiformes,103.0,12409053.89,1815,5.9534,African cuckoo,330.47,21
Cuculus lepidus,Cuculidae,Cuculiformes,87.0,793282.86,1845,5.1388,Sunda cuckoo,72.16,4
Cuculus micropterus,Cuculidae,Cuculiformes,88.75,10050685.23,1838,4.9065,Indian cuckoo,1356.82,30
Cuculus poliocephalus,Cuculidae,Cuculiformes,46.56,5291320.75,1790,5.0847,Lesser cuckoo,613.02,45
Cuculus rochii,Cuculidae,Cuculiformes,62.7,575938.39,1863,5.5648,Madagascar cuckoo,68.86,15
Cuculus solitarius,Cuculidae,Cuculiformes,76.73,12082464.27,1815,5.7572,Red-chested cuckoo,944.51,22
Culicicapa ceylonensis,Stenostiridae,Passeriformes,7.7,4653880.02,1820,6.9944,Grey-headed canary-flycatcher,321.56,27
Culicicapa helianthea,Stenostiridae,Passeriformes,8.4,376783.24,1865,6.0236,Citrine canary-flycatcher,58.08,8
Culicivora caudacuta,Tyrannidae,Passeriformes,6.1,2101399.61,1818,5.9063,Sharp-tailed grass tyrant,18.15,43
Curaeus curaeus,Icteridae,Passeriformes,83.7,620973.23,1782,5.4091,Austral blackbird,135.14,29
Cursorius coromandelicus,Glareolidae,Charadriiformes,138.0,2383016.48,1789,6.3937,Indian courser,255.07,9
Cursorius cursor,Glareolidae,Charadriiformes,138.0,3131259.74,1787,6.6852,Cream-coloured courser,114.7,51
Cursorius rufus,Glareolidae,Charadriiformes,74.99,1392070.57,1837,5.5541,Burchell's courser,99.71,5
Cursorius somalensis,Glareolidae,Charadriiformes,138.0,1128378.41,1885,6.0841,Somali courser,55.74,7
Cursorius temminckii,Glareolidae,Charadriiformes,69.2,10871643.44,1822,5.6139,Temminck's courser,129.33,15
Cutia legalleni,Leiotrichidae,Passeriformes,47.15,28408.48,1919,5.554,Vietnamese cutia,45.3,9
Cutia nipalensis,Leiotrichidae,Passeriformes,47.15,848554.47,1837,5.6538,Himalayan cutia,109.35,12
Cyanerpes caeruleus,Thraupidae,Passeriformes,12.0,6673757.38,1758,6.3422,Purple honeycreeper,280.3,40
Cyanerpes cyaneus,Thraupidae,Passeriformes,14.0,8340306.15,1766,7.0397,Red-legged honeycreeper,611.49,65
Cyanerpes lucidus,Thraupidae,Passeriformes,11.4,234923.27,1859,6.0741,Shining honeycreeper,127.89,20
Cyanerpes nitidus,Thraupidae,Passeriformes,9.0,2672995.37,1847,6.2238,Short-billed honeycreeper,70.95,19
Cyanicterus cyanicterus,Thraupidae,Passeriformes,34.0,422685.67,1819,6.7773,Blue-backed tanager,57.82,8
Cyanistes caeruleus,Paridae,Passeriformes,11.1,8753389.8,1758,6.9952,Eurasian blue tit,11700.83,779
Cyanistes cyanus,Paridae,Passeriformes,14.62,8153289.29,1770,7.222,Azure tit,700.92,23
Cyanistes teneriffae,Paridae,Passeriformes,10.0,624090.33,1831,6.8153,African blue tit,516.44,28
Cyanochen cyanoptera,Anatidae,Anseriformes,1520.0,361268.41,1845,5.296,Blue-winged goose,342.79,27
Cyanocitta cristata,Corvidae,Passeriformes,88.0,6665383.16,1758,7.2288,Blue jay,38649.97,383
Cyanocitta stelleri,Corvidae,Passeriformes,128.0,3560822.24,1788,7.4201,Steller's jay,10276.23,157
Cyanocompsa parellina,Cardinalidae,Passeriformes,15.64,577372.06,1850,7.116,Blue bunting,585.3,35
Cyanocorax affinis,Corvidae,Passeriformes,212.0,473163.74,1856,6.3176,Black-chested jay,222.47,19
Cyanocorax beecheii,Corvidae,Passeriformes,193.0,86050.25,1829,6.8675,Purplish-backed jay,239.31,33
Cyanocorax cayanus,Corvidae,Passeriformes,175.0,1160987.21,1766,6.5854,Cayenne jay,161.37,13
Cyanocorax chrysops,Corvidae,Passeriformes,166.0,2883955.96,1818,6.3492,Plush-crested jay,397.43,43
Cyanocorax coeruleus,Corvidae,Passeriformes,272.0,521253.94,1818,6.716,Azure jay,502.61,8
Cyanocorax colliei,Corvidae,Passeriformes,234.0,158921.03,1829,6.8454,Black-throated magpie-jay,1969.84,8
Cyanocorax cristatellus,Corvidae,Passeriformes,178.0,3037012.19,1823,6.325,Curl-crested jay,170.07,41
Cyanocorax cyanomelas,Corvidae,Passeriformes,207.0,1680479.72,1818,5.2651,Purplish jay,210.27,30
Cyanocorax cyanopogon,Corvidae,Passeriformes,146.0,3068149.17,1821,5.9219,White-naped jay,133.09,33
Cyanocorax dickeyi,Corvidae,Passeriformes,181.0,13431.36,1935,6.5725,Tufted jay,586.67,58
Cyanocorax formosus,Corvidae,Passeriformes,210.0,293348.65,1827,7.2029,White-throated magpie-jay,1202.33,6
Cyanocorax melanocyaneus,Corvidae,Passeriformes,101.0,123771.88,1844,6.6193,Bushy-crested jay,174.93,28
Cyanocorax morio,Corvidae,Passeriformes,204.0,670090.88,1829,5.6423,Brown jay,419.01,14
Cyanocorax mystacalis,Corvidae,Passeriformes,154.4,81043.68,1835,5.9385,White-tailed jay,196.75,18
Cyanocorax sanblasianus,Corvidae,Passeriformes,109.0,67589.94,1842,7.2032,San Blas jay,174.87,30
Cyanocorax violaceus,Corvidae,Passeriformes,262.0,3381230.34,1847,6.1235,Violaceous jay,198.25,16
Cyanocorax yncas,Corvidae,Passeriformes,78.5,1092392.74,1783,7.0688,Inca jay,368.99,55
Cyanocorax yucatanicus,Corvidae,Passeriformes,118.0,187835.71,1875,7.0819,Yucatan jay,482.41,31
Cyanoderma chrysaeum,Timaliidae,Passeriformes,9.0,1020720.19,1844,6.1463,Golden babbler,73.04,6
Cyanoderma melanothorax,Timaliidae,Passeriformes,15.96,62512.29,1823,5.9128,Crescent-chested babbler,45.21,4
Cyanoderma pyrrhops,Timaliidae,Passeriformes,9.59,173970.87,1844,5.1118,Black-chinned babbler,53.57,3
Cyanoderma ruficeps,Timaliidae,Passeriformes,10.3,2205807.0,1847,6.2462,Rufous-capped babbler,96.62,19
Cyanograucalus azureus,Campephagidae,Passeriformes,46.1,1644557.76,1852,5.2557,Blue cuckooshrike,47.81,4
Cyanoliseus patagonus,Psittacidae,Psittaciformes,277.88,899053.38,1818,6.6728,Burrowing parrot,849.86,98
Cyanoloxia brissonii,Cardinalidae,Passeriformes,27.5,5851913.65,1823,6.211,Ultramarine grosbeak,202.78,35
Cyanoloxia cyanoides,Cardinalidae,Passeriformes,32.5,877385.2,1847,6.231,Blue-black grosbeak,179.02,15
Cyanoloxia glaucocaerulea,Cardinalidae,Passeriformes,18.2,683511.99,1837,7.161,Glaucous-blue grosbeak,80.4,22
Cyanoloxia rothschildii,Cardinalidae,Passeriformes,32.5,6599899.33,1890,6.2715,Amazonian grosbeak,58.01,6
Cyanolyca argentigula,Corvidae,Passeriformes,200.0,3924.6,1875,6.9397,Silvery-throated jay,140.29,39
Cyanolyca cucullata,Corvidae,Passeriformes,101.33,105285.43,1885,6.6981,Azure-hooded jay,207.36,31
Cyanolyca mirabilis,Corvidae,Passeriformes,52.4,3738.6,1903,6.2728,White-throated jay,115.37,39
Cyanolyca nanus,Corvidae,Passeriformes,41.0,4670.68,1847,6.0388,Dwarf jay,241.83,37
Cyanolyca pulchra,Corvidae,Passeriformes,101.33,19718.93,1876,6.8532,Beautiful jay,227.83,20
Cyanolyca pumilo,Corvidae,Passeriformes,47.0,103163.24,1849,6.5221,Black-throated jay,114.66,47
Cyanolyca turcosa,Corvidae,Passeriformes,97.5,62126.94,1853,6.8902,Turquoise jay,212.26,18
Cyanolyca viridicyanus,Corvidae,Passeriformes,119.79,197888.28,1838,6.7213,White-collared jay,116.92,19
Cyanomitra alinae,Nectariniidae,Passeriformes,12.56,114321.46,1904,5.8484,Blue-headed sunbird,56.67,12
Cyanomitra bannermani,Nectariniidae,Passeriformes,14.0,454416.96,1943,6.4307,Bannerman's sunbird,29.52,7
Cyanomitra cyanolaema,Nectariniidae,Passeriformes,16.8,3142385.64,1852,5.8889,Blue-throated brown sunbird,50.16,7
Cyanomitra olivacea,Nectariniidae,Passeriformes,9.65,5394958.82,1840,5.6279,Olive sunbird,165.19,16
Cyanomitra oritis,Nectariniidae,Passeriformes,11.17,65561.74,1892,6.9736,Cameroon sunbird,36.37,20
Cyanomitra verreauxii,Nectariniidae,Passeriformes,11.5,155165.64,1831,6.0752,Grey sunbird,50.27,6
Cyanomitra verticalis,Nectariniidae,Passeriformes,14.43,5373209.67,1790,6.802,Green-headed sunbird,77.16,13
Cyanopica cooki,Corvidae,Passeriformes,70.4,179269.64,1850,6.8607,Iberian magpie,1499.86,38
Cyanopica cyanus,Corvidae,Passeriformes,95.91,4748269.37,1776,6.7193,Azure-winged magpie,1622.72,108
Cyanoptila cumatilis,Muscicapidae,Passeriformes,22.5,362758.58,1909,6.243,Zappey's flycatcher,79.08,9
Cyanoptila cyanomelana,Muscicapidae,Passeriformes,22.5,1562470.91,1829,6.8578,Blue-and-white flycatcher,387.0,35
Cyanoramphus auriceps,Psittacidae,Psittaciformes,45.64,65410.62,1820,6.7294,Yellow-crowned parakeet,444.96,37
Cyanoramphus forbesi,Psittacidae,Psittaciformes,88.5,2.11,1893,6.718,Chatham Islands parakeet,29.17,14
Cyanoramphus malherbi,Psittacidae,Psittaciformes,46.7,306.82,1857,7.0982,Cyanoramphus malherbi,198.2,39
Cyanoramphus unicolor,Psittacidae,Psittaciformes,149.03,22.67,1831,6.4993,Antipodes parakeet,414.52,22
Cyclarhis gujanensis,Vireonidae,Passeriformes,28.8,13485715.12,1789,6.0182,Rufous-browed peppershrike,158.79,60
Cyclarhis nigrirostris,Vireonidae,Passeriformes,31.9,83596.16,1842,5.0793,Black-billed peppershrike,35.35,8
Cygnus atratus,Anatidae,Anseriformes,5623.16,6663270.06,1790,6.2153,Black swan,13863.62,176
Cygnus buccinator,Anatidae,Anseriformes,11071.13,1375549.41,1831,6.1869,Trumpeter swan,9041.24,113
Cygnus columbianus,Anatidae,Anseriformes,6377.96,5272186.12,1815,6.558,Tundra swan,4233.8,250
Cygnus cygnus,Anatidae,Anseriformes,9349.99,17099815.6,1758,6.7457,Whooper swan,5443.35,322
Cygnus melancoryphus,Anatidae,Anseriformes,4711.68,1143135.35,1782,5.2456,Black-necked swan,1424.38,77
Cygnus olor,Anatidae,Anseriformes,10682.04,4915289.2,1789,6.3264,Mute swan,14692.41,511
Cymbilaimus lineatus,Thamnophilidae,Passeriformes,35.8,6643566.16,1814,5.6951,Fasciated antshrike,66.17,23
Cymbilaimus sanctaemariae,Thamnophilidae,Passeriformes,28.7,494689.32,1941,5.4854,Bamboo antshrike,35.6,18
Cyornis brunneatus,Muscicapidae,Passeriformes,18.1,595328.22,1897,5.8702,Brown-chested jungle flycatcher,67.23,13
Cyornis caerulatus,Muscicapidae,Passeriformes,17.8,963047.21,1857,5.8266,Sunda blue flycatcher,27.32,14
Cyornis concretus,Muscicapidae,Passeriformes,24.5,866448.98,1836,6.6227,White-tailed flycatcher,42.64,15
Cyornis glaucicomans,Muscicapidae,Passeriformes,14.2,725614.98,1909,6.1966,Chinese blue flycatcher,66.08,7
Cyornis hainanus,Muscicapidae,Passeriformes,14.4,1595419.54,1900,6.9997,Hainan blue flycatcher,89.83,14
Cyornis lemprieri,Muscicapidae,Passeriformes,21.5,10987.03,1884,7.1206,Palawan blue flycatcher,39.22,5
Cyornis magnirostris,Muscicapidae,Passeriformes,14.5,113575.17,1849,7.0939,Large blue flycatcher,46.82,6
Cyornis nicobaricus,Muscicapidae,Passeriformes,18.1,1094.16,1902,5.6476,Nicobar jungle flycatcher,46.71,10
Cyornis olivaceus,Muscicapidae,Passeriformes,15.7,595916.66,1877,5.6072,Fulvous-chested jungle flycatcher,44.58,2
Cyornis pallidipes,Muscicapidae,Passeriformes,19.0,52751.57,1840,6.2085,White-bellied blue flycatcher,171.29,9
Cyornis poliogenys,Muscicapidae,Passeriformes,16.21,483417.77,1880,5.7046,Pale-chinned flycatcher,26.67,11
Cyornis rubeculoides,Muscicapidae,Passeriformes,14.2,768197.18,1831,6.3815,Blue-throated blue flycatcher,195.47,18
Cyornis ruficauda,Muscicapidae,Passeriformes,17.3,81701.8,1877,5.5174,Philippine jungle flycatcher,30.89,4
Cyornis rufigastra,Muscicapidae,Passeriformes,18.3,429957.49,1822,5.996,Mangrove blue flycatcher,94.62,9
Cyornis sumatrensis,Muscicapidae,Passeriformes,16.21,1034785.6,1879,6.038,Indochinese blue flycatcher,76.76,4
Cyornis superbus,Muscicapidae,Passeriformes,18.0,686177.62,1925,6.812,Bornean blue flycatcher,37.73,12
Cyornis tickelliae,Muscicapidae,Passeriformes,16.21,1159313.02,1843,6.2933,Tickell's blue flycatcher,592.63,16
Cyornis turcosus,Muscicapidae,Passeriformes,16.21,836932.58,1877,6.8953,Malaysian blue flycatcher,56.96,7
Cyornis umbratilis,Muscicapidae,Passeriformes,18.2,1143162.84,1849,5.4195,Grey-chested jungle flycatcher,37.21,7
Cyornis unicolor,Muscicapidae,Passeriformes,21.0,2073999.9,1843,6.191,Pale blue flycatcher,104.83,12
Cyphorhinus arada,Troglodytidae,Passeriformes,20.9,4458849.32,1783,6.1383,Musician wren,270.62,20
Cyphorhinus phaeocephalus,Troglodytidae,Passeriformes,24.6,318922.64,1860,5.1824,Song wren,114.47,9
Cyphos macrodactylus,Bucconidae,Piciformes,25.0,3329953.34,1824,5.9472,Chestnut-capped puffbird,47.49,5
Cypseloides cherriei,Apodidae,Caprimulgiformes,22.1,111074.69,1893,5.1952,Spot-fronted swift,75.23,9
Cypseloides cryptus,Apodidae,Caprimulgiformes,34.54,413124.0,1945,4.9291,White-chinned swift,82.36,17
Cypseloides fumigatus,Apodidae,Caprimulgiformes,41.95,2325060.02,1848,5.2951,Sooty swift,61.59,22
Cypseloides lemosi,Apodidae,Caprimulgiformes,28.1,3577.91,1962,5.4445,White-chested swift,54.74,12
Cypseloides niger,Apodidae,Caprimulgiformes,39.67,1303249.37,1789,5.3322,American black swift,787.17,98
Cypseloides rothschildi,Apodidae,Caprimulgiformes,41.95,166600.94,1945,5.0499,Rothschild's swift,53.48,8
Cypseloides senex,Apodidae,Caprimulgiformes,82.25,2015575.96,1826,5.0068,Great dusky swift,171.25,15
Cypsiurus balasiensis,Apodidae,Caprimulgiformes,9.11,6838834.25,1829,5.2772,Asian palm swift,256.39,13
Cypsiurus parvus,Apodidae,Caprimulgiformes,13.6,15963964.24,1823,5.762,African palm swift,180.01,27
Cypsnagra hirundinacea,Thraupidae,Passeriformes,31.4,3217340.78,1831,5.8778,White-rumped tanager,32.82,23
Cyrtonyx ocellatus,Odontophoridae,Galliformes,199.18,130826.39,1837,5.86,Ocellated quail,233.11,37
Dacelo gaudichaud,Alcedinidae,Coraciiformes,143.0,671238.41,1823,7.0939,Rufous-bellied kookaburra,574.92,10
Dacelo leachii,Alcedinidae,Coraciiformes,307.98,2183194.4,1827,6.9948,Blue-winged kookaburra,1558.14,16
Dacelo novaeguineae,Alcedinidae,Coraciiformes,333.8,2413843.09,1783,6.6467,Laughing kookaburra,8048.98,62
Dacelo tyro,Alcedinidae,Coraciiformes,145.9,36878.49,1858,6.9196,Spangled kookaburra,560.98,6
Dacnis albiventris,Thraupidae,Passeriformes,11.2,1044010.16,1852,6.1358,White-bellied dacnis,32.56,11
Dacnis berlepschi,Thraupidae,Passeriformes,12.75,11710.39,1900,7.0898,Scarlet-breasted dacnis,31.45,14
Dacnis cayana,Thraupidae,Passeriformes,13.0,12058770.43,1766,6.6355,Blue dacnis,284.05,57
Dacnis flaviventer,Thraupidae,Passeriformes,13.0,4118837.4,1837,5.8757,Yellow-bellied dacnis,37.12,9
Dacnis hartlaubi,Thraupidae,Passeriformes,11.0,14736.21,1855,6.4445,Turquoise dacnis,45.11,30
Dacnis nigripes,Thraupidae,Passeriformes,14.0,27779.66,1856,7.0224,Black-legged dacnis,31.23,21
Dacnis venusta,Thraupidae,Passeriformes,16.1,203133.56,1862,7.0491,Scarlet-thighed dacnis,52.82,20
Dacnis viguieri,Thraupidae,Passeriformes,13.0,15481.17,1883,5.6081,Viridian dacnis,33.27,9
Dactylortyx thoracicus,Odontophoridae,Galliformes,201.75,492692.14,1848,5.7141,Singing quail,238.74,31
Daphoenositta chrysoptera,Neosittidae,Passeriformes,11.7,4739552.35,1802,5.664,Varied sittella,145.72,14
Daphoenositta miranda,Neosittidae,Passeriformes,16.77,39938.14,1897,5.5909,Black sittella,39.82,8
Daphoenositta papuensis,Neosittidae,Passeriformes,11.7,155981.0,1871,4.9736,Papuan sittella,36.04,7
Daption capense,Procellariidae,Procellariiformes,429.62,136304432.2,1758,5.4793,Pintado petrel,40.08,79
Daptrius ater,Falconidae,Falconiformes,351.75,6702133.37,1816,5.8556,Black caracara,234.17,27
Dasycrotapha plateni,Zosteropidae,Passeriformes,8.7,49089.24,1890,5.4086,Mindanao pygmy babbler,30.33,12
Dasycrotapha pygmaea,Zosteropidae,Passeriformes,8.7,6497.24,1896,4.9325,Visayan pygmy babbler,25.93,7
Dasycrotapha speciosa,Zosteropidae,Passeriformes,16.43,23404.43,1878,5.9893,Flame-templed babbler,91.37,11
Dasylophus superciliosus,Cuculidae,Cuculiformes,123.0,16303.41,1823,5.4814,Rough-crested malkoha,89.88,11
Dasyornis brachypterus,Dasyornithidae,Passeriformes,41.8,2110.13,1802,4.7905,Eastern bristlebird,177.0,25
Dasyornis broadbenti,Dasyornithidae,Passeriformes,67.9,26759.89,1867,5.0565,Rufous bristlebird,131.53,13
Dasyornis longirostris,Dasyornithidae,Passeriformes,32.7,543.25,1841,5.4782,Western bristlebird,64.08,14
Deleornis axillaris,Nectariniidae,Passeriformes,11.31,1451989.39,1893,5.9767,Grey-headed sunbird,43.5,4
Deleornis fraseri,Nectariniidae,Passeriformes,11.31,1859228.62,1843,5.314,Fraser's sunbird,59.9,12
Delichon dasypus,Hirundinidae,Passeriformes,18.0,3760523.9,1850,5.631,Asian house martin,263.15,23
Delichon nipalense,Hirundinidae,Passeriformes,14.96,543149.36,1854,6.1989,Nepal house martin,140.4,15
Deltarhynchus flammulatus,Tyrannidae,Passeriformes,17.2,66087.53,1875,5.2155,Flammulated flycatcher,56.18,40
Dendragapus fuliginosus,Phasianidae,Galliformes,1047.31,577232.09,1873,5.6747,Sooty grouse,914.86,41
Dendragapus obscurus,Phasianidae,Galliformes,1047.31,1526017.86,1822,5.5358,Dusky grouse,1333.65,52
Dendrexetastes rufigula,Furnariidae,Passeriformes,69.6,3670234.0,1844,5.1985,Cinnamon-throated woodcreeper,28.23,31
Dendrocincla anabatina,Furnariidae,Passeriformes,34.21,378885.0,1859,4.9407,Tawny-winged woodcreeper,38.43,31
Dendrocincla homochroa,Furnariidae,Passeriformes,39.43,492694.51,1860,4.9977,Ruddy woodcreeper,51.98,21
Dendrocincla merula,Furnariidae,Passeriformes,49.99,5359264.18,1820,5.0486,White-chinned woodcreeper,24.27,29
Dendrocincla tyrannina,Furnariidae,Passeriformes,54.9,307936.87,1851,5.1593,Tyrannine woodcreeper,26.02,20
Dendrocitta bayleii,Corvidae,Passeriformes,101.96,5706.32,1863,5.6295,Andaman treepie,170.98,13
Dendrocitta cinerascens,Corvidae,Passeriformes,125.0,168404.1,1879,5.7117,Bornean treepie,132.88,7
Dendrocitta formosae,Corvidae,Passeriformes,102.74,3328585.52,1863,6.1596,Grey treepie,435.26,24
Dendrocitta frontalis,Corvidae,Passeriformes,100.0,200384.69,1840,6.8571,Collared treepie,128.62,5
Dendrocitta leucogastra,Corvidae,Passeriformes,99.2,107997.21,1833,6.3446,White-bellied treepie,301.1,12
Dendrocitta occipitalis,Corvidae,Passeriformes,95.3,165533.34,1836,5.2231,Sumatran treepie,112.95,4
Dendrocitta vagabunda,Corvidae,Passeriformes,100.0,4361512.68,1790,6.8675,Rufous treepie,2339.38,38
Dendrocolaptes certhia,Furnariidae,Passeriformes,68.7,6659679.41,1783,5.6084,Amazonian barred woodcreeper,49.83,39
Dendrocolaptes hoffmannsi,Furnariidae,Passeriformes,83.0,862883.58,1909,4.5106,Hoffmanns's woodcreeper,23.16,17
Dendrocolaptes picumnus,Furnariidae,Passeriformes,76.6,5749616.39,1820,5.3869,Black-banded woodcreeper,46.21,52
Dendrocolaptes platyrostris,Furnariidae,Passeriformes,61.7,3885238.34,1824,5.5405,Planalto woodcreeper,28.55,32
Dendrocopos analis,Picidae,Piciformes,44.93,1113565.36,1850,6.2092,Freckle-breasted woodpecker,81.81,5
Dendrocopos assimilis,Picidae,Piciformes,51.84,604188.64,1849,6.5657,Sind woodpecker,73.2,6
Dendrocopos atratus,Picidae,Piciformes,46.73,309610.66,1849,6.6697,Stripe-breasted woodpecker,93.87,7
Dendrocopos darjellensis,Picidae,Piciformes,70.66,301933.91,1845,6.1357,Darjeeling woodpecker,101.88,17
Dendrocopos himalayensis,Picidae,Piciformes,67.74,115066.11,1831,5.9317,Himalayan woodpecker,154.86,14
Dendrocopos hyperythrus,Picidae,Piciformes,46.49,1618772.91,1831,6.5365,Rufous-bellied woodpecker,156.27,22
Dendrocopos leucopterus,Picidae,Piciformes,67.0,2454403.28,1871,6.0896,White-winged woodpecker,77.97,10
Dendrocopos macei,Picidae,Piciformes,44.93,904703.87,1818,6.735,Fulvous-breasted woodpecker,184.17,14
Dendrocopos major,Picidae,Piciformes,74.94,24413724.29,1758,6.7135,Great spotted woodpecker,8224.31,265
Dendrocopos noguchii,Picidae,Piciformes,200.0,585.25,1887,6.2341,Okinawa woodpecker,550.98,15
Dendrocopos syriacus,Picidae,Piciformes,76.7,2931365.51,1833,5.959,Syrian woodpecker,446.28,91
Dendrocygna arborea,Anatidae,Anseriformes,1150.0,101817.5,1758,5.7977,West Indian whistling duck,354.45,34
Dendrocygna arcuata,Anatidae,Anseriformes,796.18,4892125.09,1824,5.5983,Wandering whistling duck,372.8,38
Dendrocygna autumnalis,Anatidae,Anseriformes,755.3,9443719.89,1758,6.0181,Black-bellied whistling duck,4113.56,184
Dendrocygna bicolor,Anatidae,Anseriformes,756.37,18668766.17,1816,5.8483,Fulvous whistling duck,2092.73,116
Dendrocygna eytoni,Anatidae,Anseriformes,789.99,4778055.17,1838,5.4891,Plumed whistling duck,490.13,25
Dendrocygna guttata,Anatidae,Anseriformes,800.0,925989.76,1866,5.1958,Spotted whistling duck,265.48,21
Dendrocygna javanica,Anatidae,Anseriformes,519.61,7094720.18,1821,5.2177,Lesser whistling duck,1302.03,110
Dendrocygna viduata,Anatidae,Anseriformes,689.99,27415311.66,1766,5.6419,White-faced whistling duck,1026.5,147
Dendronanthus indicus,Motacillidae,Passeriformes,16.4,3836185.44,1789,6.1166,Forest wagtail,309.37,17
Dendropicos abyssinicus,Picidae,Piciformes,24.45,360073.27,1814,6.5126,Abyssinian woodpecker,76.46,6
Dendropicos dorae,Picidae,Piciformes,19.49,129511.08,1935,4.8632,Arabian woodpecker,107.17,5
Dendropicos elachus,Picidae,Piciformes,18.4,1588913.65,1919,6.1037,Little grey woodpecker,52.29,10
Dendropicos fuscescens,Picidae,Piciformes,26.0,12708768.94,1818,6.5842,Cardinal woodpecker,339.47,10
Dendropicos gabonensis,Picidae,Piciformes,25.92,1688352.48,1851,5.7309,Gabon woodpecker,39.17,7
Dendropicos goertae,Picidae,Piciformes,44.48,7460292.4,1776,6.2721,African grey woodpecker,138.95,8
Dendropicos griseocephalus,Picidae,Piciformes,40.89,2206119.9,1783,6.2138,Olive woodpecker,112.03,8
Dendropicos lugubris,Picidae,Piciformes,25.9,661441.27,1857,5.2138,Melancholy woodpecker,49.51,4
Dendropicos namaquus,Picidae,Piciformes,81.54,7980417.7,1793,6.3131,Bearded woodpecker,199.43,5
Dendropicos obsoletus,Picidae,Piciformes,21.4,5967593.22,1829,6.0604,Brown-backed woodpecker,88.45,9
Dendropicos poecilolaemus,Picidae,Piciformes,28.1,723686.32,1893,5.7857,Speckle-breasted woodpecker,43.41,8
Dendropicos pyrrhogaster,Picidae,Piciformes,68.5,799110.98,1845,5.9698,Fire-bellied woodpecker,87.96,3
Dendropicos spodocephalus,Picidae,Piciformes,47.28,595112.59,1850,7.1715,Eastern grey woodpecker,100.62,9
Dendropicos stierlingi,Picidae,Piciformes,28.0,211385.21,1901,5.5692,Stierling's woodpecker,64.6,7
Dendropicos xantholophus,Picidae,Piciformes,81.54,2751221.14,1883,5.4929,Yellow-crested woodpecker,113.67,4
Dendroplex kienerii,Furnariidae,Passeriformes,45.0,237821.16,1934,5.3927,Zimmer's woodcreeper,26.66,14
Dendroplex picus,Furnariidae,Passeriformes,41.34,9856567.73,1788,5.5212,Straight-billed woodcreeper,50.1,24
Dendrortyx barbatus,Odontophoridae,Galliformes,432.0,6883.51,1846,5.4917,Bearded wood partridge,108.57,61
Dendrortyx leucophrys,Odontophoridae,Galliformes,367.39,117127.03,1844,5.1336,Buffy-crowned wood partridge,105.38,36
Dendrortyx macroura,Odontophoridae,Galliformes,430.99,123071.93,1828,5.4343,Long-tailed wood partridge,102.32,61
Deroptyus accipitrinus,Psittacidae,Psittaciformes,246.0,4158548.58,1758,6.7061,Red-fan parrot,998.63,31
Dessonornis archeri,Muscicapidae,Passeriformes,22.8,60103.14,1902,6.5131,Archer's ground robin,42.7,5
Dessonornis caffer,Muscicapidae,Passeriformes,28.5,1628062.49,1771,6.3868,Cape robin-chat,868.04,9
Dessonornis humeralis,Muscicapidae,Passeriformes,22.8,644971.31,1836,5.9617,White-throated robin-chat,79.13,6
Devioeca papuana,Petroicidae,Passeriformes,14.4,142595.35,1875,5.9388,Canary flyrobin,35.0,5
Dicaeum aeneum,Dicaeidae,Passeriformes,9.24,27383.58,1853,4.9934,Midget flowerpecker,48.93,10
Dicaeum agile,Dicaeidae,Passeriformes,9.0,4429303.46,1833,5.8723,Thick-billed flowerpecker,162.25,24
Dicaeum annae,Dicaeidae,Passeriformes,10.0,28449.46,1894,4.7385,Golden-rumped flowerpecker,28.53,6
Dicaeum aureolimbatum,Dicaeidae,Passeriformes,8.1,175271.93,1865,6.3125,Yellow-sided flowerpecker,27.54,11
Dicaeum australe,Dicaeidae,Passeriformes,8.7,237198.68,1783,5.6102,Red-keeled flowerpecker,105.42,12
Dicaeum bicolor,Dicaeidae,Passeriformes,9.1,259805.98,1894,5.6505,Bicolored flowerpecker,31.62,9
Dicaeum celebicum,Dicaeidae,Passeriformes,6.5,184624.47,1843,6.5071,Grey-sided flowerpecker,50.17,12
Dicaeum chrysorrheum,Dicaeidae,Passeriformes,9.0,3155552.17,1829,6.3771,Yellow-vented flowerpecker,80.75,17
Dicaeum concolor,Dicaeidae,Passeriformes,6.2,221339.98,1840,4.9445,Nilgiri flowerpecker,108.33,23
Dicaeum cruentatum,Dicaeidae,Passeriformes,5.6,4479690.76,1758,6.6319,Scarlet-backed flowerpecker,272.27,24
Dicaeum erythrorhynchos,Dicaeidae,Passeriformes,6.3,2149808.71,1790,5.3625,Pale-billed flowerpecker,423.42,10
Dicaeum erythrothorax,Dicaeidae,Passeriformes,8.94,8554.41,1828,6.7152,Buru flowerpecker,15.88,5
Dicaeum everetti,Dicaeidae,Passeriformes,8.46,152435.17,1877,4.764,Brown-backed flowerpecker,27.93,8
Dicaeum eximium,Dicaeidae,Passeriformes,7.9,42347.94,1877,5.6913,Red-banded flowerpecker,20.16,10
Dicaeum geelvinkianum,Dicaeidae,Passeriformes,6.8,535023.83,1874,5.8916,Red-capped flowerpecker,47.37,9
Dicaeum haematostictum,Dicaeidae,Passeriformes,8.8,24034.35,1876,5.556,Black-belted flowerpecker,55.35,8
Dicaeum hypoleucum,Dicaeidae,Passeriformes,8.0,229004.92,1876,5.5262,Buzzing flowerpecker,37.79,10
Dicaeum igniferum,Dicaeidae,Passeriformes,8.46,29611.18,1864,6.2987,Black-fronted flowerpecker,24.72,8
Dicaeum maugei,Dicaeidae,Passeriformes,8.46,36904.29,1830,5.8558,Red-chested flowerpecker,11.22,6
Dicaeum melanozanthum,Dicaeidae,Passeriformes,8.46,1275828.24,1843,5.6277,Yellow-bellied flowerpecker,54.81,10
Dicaeum monticolum,Dicaeidae,Passeriformes,8.46,62934.25,1887,6.277,Black-sided flowerpecker,78.63,8
Dicaeum nehrkorni,Dicaeidae,Passeriformes,8.46,88003.64,1886,6.2033,Crimson-crowned flowerpecker,25.45,7
Dicaeum nigrilore,Dicaeidae,Passeriformes,11.0,13373.78,1904,5.5137,Olive-capped flowerpecker,29.82,8
Dicaeum pectorale,Dicaeidae,Passeriformes,7.6,97817.39,1843,6.2381,Olive-crowned flowerpecker,27.98,8
Dicaeum proprium,Dicaeidae,Passeriformes,10.2,13567.45,1966,5.1642,Whiskered flowerpecker,32.26,3
Dicaeum pygmaeum,Dicaeidae,Passeriformes,5.0,269443.51,1833,5.352,Pygmy flowerpecker,48.73,7
Dicaeum retrocinctum,Dicaeidae,Passeriformes,6.5,9862.36,1872,5.0981,Scarlet-collared flowerpecker,53.17,4
Dicaeum schistaceiceps,Dicaeidae,Passeriformes,8.94,25466.5,1861,6.1528,Halmahera flowerpecker,24.24,5
Dicaeum trigonostigma,Dicaeidae,Passeriformes,7.1,2286467.14,1786,6.8253,Orange-bellied flowerpecker,180.51,20
Dicaeum tristrami,Dicaeidae,Passeriformes,11.7,3331.87,1884,5.261,Mottled flowerpecker,25.08,7
Dicaeum trochileum,Dicaeidae,Passeriformes,8.46,322091.43,1789,5.7564,Scarlet-headed flowerpecker,67.43,19
Dicaeum vincens,Dicaeidae,Passeriformes,8.46,12166.57,1872,6.4097,Legge's flowerpecker,59.83,6
Dicaeum vulneratum,Dicaeidae,Passeriformes,8.94,17812.67,1863,6.2001,Ashy flowerpecker,28.12,4
Dichrozona cincta,Thamnophilidae,Passeriformes,16.0,3112856.94,1868,5.3571,Banded antbird,33.91,13
Dicrurus aeneus,Dicruridae,Passeriformes,26.0,4639369.76,1817,6.832,Bronzed drongo,277.57,13
Dicrurus aldabranus,Dicruridae,Passeriformes,48.43,159.48,1893,4.9408,Aldabra drongo,109.54,11
Dicrurus andamanensis,Dicruridae,Passeriformes,50.48,5726.81,1867,5.953,Andaman drongo,102.58,9
Dicrurus annectens,Dicruridae,Passeriformes,44.0,1267321.06,1836,6.1115,Crow-billed drongo,149.35,10
Dicrurus atripennis,Dicruridae,Passeriformes,38.9,1831426.11,1837,5.6355,Shining drongo,54.19,10
Dicrurus balicassius,Dicruridae,Passeriformes,72.29,151573.53,1766,5.6775,,,9
Dicrurus bracteatus,Dicruridae,Passeriformes,85.53,1975520.32,1843,6.4803,Spangled drongo,991.31,21
Dicrurus caerulescens,Dicruridae,Passeriformes,40.0,2231941.71,1758,5.5961,White-bellied drongo,234.9,10
Dicrurus densus,Dicruridae,Passeriformes,85.5,84940.27,1850,5.8007,Wallacean drongo,41.41,11
Dicrurus forficatus,Dicruridae,Passeriformes,47.1,591728.75,1766,5.8626,Crested drongo,162.38,14
Dicrurus fuscipennis,Dicruridae,Passeriformes,50.48,239.71,1887,5.6263,Grand Comore drongo,22.13,11
Dicrurus leucophaeus,Dicruridae,Passeriformes,37.6,6692531.66,1817,5.6416,Ashy drongo,491.39,23
Dicrurus lophorinus,Dicruridae,Passeriformes,70.0,21917.61,1817,5.8595,Sri Lanka drongo,105.45,9
Dicrurus macrocercus,Dicruridae,Passeriformes,48.3,9351037.98,1817,5.8645,Black drongo,3282.24,72
Dicrurus megarhynchus,Dicruridae,Passeriformes,130.0,7019.61,1830,5.839,Paradise drongo,61.27,11
Dicrurus menagei,Dicruridae,Passeriformes,79.19,677.88,1894,5.8633,Tablas drongo,49.33,7
Dicrurus montanus,Dicruridae,Passeriformes,61.0,52683.33,1919,5.397,Sulawesi drongo,37.1,5
Dicrurus paradiseus,Dicruridae,Passeriformes,85.82,5998619.7,1766,6.0564,Greater racket-tailed drongo,1665.97,38
Dicrurus remifer,Dicruridae,Passeriformes,43.1,2417911.23,1823,5.885,Lesser racket-tailed drongo,208.87,15
Dicrurus sumatranus,Dicruridae,Passeriformes,50.48,388829.77,1880,5.7752,Sumatran drongo,42.65,8
Dicrurus waldenii,Dicruridae,Passeriformes,50.48,316.35,1865,5.5043,Mayotte drongo,46.37,15
Diglossa albilatera,Thraupidae,Passeriformes,9.84,254619.68,1843,5.546,White-sided flowerpiercer,40.73,26
Diglossa baritula,Thraupidae,Passeriformes,9.2,236547.57,1832,6.0828,Cinnamon-bellied flowerpiercer,46.27,32
Diglossa brunneiventris,Thraupidae,Passeriformes,12.0,317862.93,1846,6.0561,Black-throated flowerpiercer,34.54,33
Diglossa caerulescens,Thraupidae,Passeriformes,14.44,280727.03,1856,6.6275,Bluish flowerpiercer,30.96,20
Diglossa carbonaria,Thraupidae,Passeriformes,11.0,70106.56,1838,5.4919,Grey-bellied flowerpiercer,27.6,24
Diglossa cyanea,Thraupidae,Passeriformes,17.04,392147.64,1840,6.631,Masked flowerpiercer,112.89,40
Diglossa duidae,Thraupidae,Passeriformes,14.83,107045.15,1929,5.0848,Scaled flowerpiercer,23.12,22
Diglossa glauca,Thraupidae,Passeriformes,12.0,114824.31,1876,6.2897,Golden-eyed flowerpiercer,20.07,24
Diglossa gloriosa,Thraupidae,Passeriformes,11.0,11423.97,1871,5.96,Mérida flowerpiercer,19.32,19
Diglossa gloriosissima,Thraupidae,Passeriformes,14.0,1245.03,1912,6.7795,Chestnut-bellied flowerpiercer,36.58,27
Diglossa humeralis,Thraupidae,Passeriformes,13.14,155425.66,1840,5.5184,Black flowerpiercer,50.42,34
Diglossa indigotica,Thraupidae,Passeriformes,13.7,19981.41,1856,7.2346,Indigo flowerpiercer,36.27,18
Diglossa lafresnayii,Thraupidae,Passeriformes,16.0,109695.82,1840,5.8013,Glossy flowerpiercer,37.21,26
Diglossa major,Thraupidae,Passeriformes,22.2,33712.96,1849,5.8025,Greater flowerpiercer,70.25,19
Diglossa mystacalis,Thraupidae,Passeriformes,16.2,121320.58,1846,6.183,Moustached flowerpiercer,33.21,20
Diglossa plumbea,Thraupidae,Passeriformes,10.0,8930.97,1861,5.834,Slaty flowerpiercer,55.18,31
Diglossa sittoides,Thraupidae,Passeriformes,9.0,593695.05,1838,6.3322,Rusty flowerpiercer,39.42,26
Diglossa venezuelensis,Thraupidae,Passeriformes,12.55,795.99,1925,5.5929,Venezuelan flowerpiercer,30.26,21
Dinemellia dinemelli,Ploceidae,Passeriformes,63.89,2361338.48,1845,6.6336,White-headed buffalo weaver,375.17,18
Dinopium benghalense,Picidae,Piciformes,100.0,3000600.76,1758,6.3874,Black-rumped flameback,1173.12,13
Dinopium everetti,Picidae,Piciformes,93.8,13144.63,1878,6.1988,Spot-throated flameback,50.55,6
Dinopium javanense,Picidae,Piciformes,72.76,2707154.04,1797,6.158,Common flameback,344.29,18
Dinopium psarodes,Picidae,Piciformes,97.0,37262.28,1793,7.1542,Red-backed flameback,155.83,6
Dinopium shorii,Picidae,Piciformes,101.0,382744.4,1831,6.6473,Himalayan flameback,94.1,15
Discosura conversii,Trochilidae,Caprimulgiformes,3.0,132865.47,1846,7.5121,Green thorntail,114.6,16
Discosura langsdorffi,Trochilidae,Caprimulgiformes,2.8,1980012.6,1821,6.8134,Black-bellied thorntail,67.38,29
Discosura longicaudus,Trochilidae,Caprimulgiformes,3.4,2150114.71,1788,7.5607,Racket-tipped thorntail,41.65,13
Discosura popelairii,Trochilidae,Caprimulgiformes,2.5,164969.5,1846,7.4194,Wire-crested thorntail,132.48,16
Diuca diuca,Thraupidae,Passeriformes,36.8,1792263.45,1782,5.7358,Diuca finch,126.54,48
Dives dives,Icteridae,Passeriformes,91.32,592160.8,1830,5.5063,Melodious blackbird,276.07,101
Dives warczewiczi,Icteridae,Passeriformes,73.29,238870.26,1861,5.7052,Scrub blackbird,105.92,16
Dolichonyx oryzivorus,Icteridae,Passeriformes,31.46,3883605.76,1758,6.4977,,,161
Doliornis remseni,Cotingidae,Passeriformes,63.1,10870.35,1994,5.4559,Chestnut-bellied cotinga,32.07,24
Doliornis sclateri,Cotingidae,Passeriformes,60.2,13019.5,1874,5.767,Bay-vented cotinga,35.69,25
Donacobius atricapilla,Donacobiidae,Passeriformes,36.8,8620634.56,1766,6.1729,Black-capped donacobius,170.54,18
Donacospiza albifrons,Thraupidae,Passeriformes,16.5,1671293.5,1817,5.7687,Long-tailed reed finch,27.81,24
Doricha eliza,Trochilidae,Caprimulgiformes,2.5,2908.29,1839,7.0691,Mexican sheartail,73.3,77
Doricha enicura,Trochilidae,Caprimulgiformes,2.4,78586.85,1818,7.3268,Slender sheartail,54.94,22
Doryfera johannae,Trochilidae,Caprimulgiformes,4.81,459646.35,1847,6.8925,Blue-fronted lancebill,79.37,26
Doryfera ludovicae,Trochilidae,Caprimulgiformes,6.0,387149.16,1847,6.9442,Green-fronted lancebill,102.38,21
Drepanis coccinea,Fringillidae,Passeriformes,18.22,3813.22,1780,6.44,,,61
Drepanoptila holosericea,Columbidae,Columbiformes,215.0,16533.09,1809,6.183,Cloven-feathered dove,124.53,9
Drepanorhynchus reichenowi,Nectariniidae,Passeriformes,14.66,217754.73,1884,6.8277,Golden-winged sunbird,88.31,7
Drepanornis albertisi,Paradisaeidae,Passeriformes,110.0,23525.74,1873,5.241,Black-billed sicklebill,190.13,10
Drepanornis bruijnii,Paradisaeidae,Passeriformes,153.31,38122.93,1879,5.4979,Pale-billed sicklebill,145.67,13
Dreptes thomensis,Nectariniidae,Passeriformes,26.2,333.92,1889,5.5927,Giant sunbird,211.34,11
Dromas ardeola,Dromadidae,Charadriiformes,325.0,318985.68,1805,6.4552,,,42
Dromococcyx pavoninus,Cuculidae,Cuculiformes,46.4,3100662.23,1870,6.0855,Pavonine cuckoo,124.45,27
Dromococcyx phasianellus,Cuculidae,Cuculiformes,84.5,9600099.1,1824,4.9453,Pheasant cuckoo,274.73,30
Drymocichla incana,Cisticolidae,Passeriformes,10.0,1110783.23,1881,5.5432,Red-winged grey warbler,23.7,6
Drymodes beccarii,Petroicidae,Passeriformes,45.9,418704.09,1876,5.1187,Papuan scrub robin,25.66,5
Drymodes brunneopygia,Petroicidae,Passeriformes,32.95,916861.69,1841,5.5191,Southern scrub robin,75.19,16
Drymodes superciliaris,Petroicidae,Passeriformes,45.9,12382.11,1850,6.0332,Northern scrub robin,42.19,10
Drymophila caudata,Thamnophilidae,Passeriformes,11.9,18604.27,1855,5.3048,East Andean antbird,27.86,22
Drymophila devillei,Thamnophilidae,Passeriformes,10.2,2101473.55,1906,4.9116,Striated antbird,22.54,19
Drymophila ferruginea,Thamnophilidae,Passeriformes,10.6,506171.48,1822,6.1293,Ferruginous antbird,30.28,23
Drymophila genei,Thamnophilidae,Passeriformes,11.4,24959.28,1847,5.632,Rufous-tailed antbird,21.36,25
Drymophila hellmayri,Thamnophilidae,Passeriformes,11.9,3040.78,1915,5.6833,Santa Marta antbird,25.23,12
Drymophila klagesi,Thamnophilidae,Passeriformes,11.9,58183.48,1912,5.1319,Klages's antbird,21.04,9
Drymophila malura,Thamnophilidae,Passeriformes,13.0,769759.91,1825,5.2391,Dusky-tailed antbird,25.53,18
Drymophila ochropyga,Thamnophilidae,Passeriformes,10.5,359922.99,1906,5.9248,Ochre-rumped antbird,26.24,29
Drymophila rubricollis,Thamnophilidae,Passeriformes,10.0,329402.94,1901,6.2137,Bertoni's antbird,29.88,24
Drymophila squamata,Thamnophilidae,Passeriformes,10.8,340038.68,1823,6.2908,Scaled antbird,25.31,21
Drymophila striaticeps,Thamnophilidae,Passeriformes,12.2,193411.84,1912,7.1113,Streak-headed antbird,28.27,9
Drymornis bridgesii,Furnariidae,Passeriformes,92.62,1433240.56,1850,6.0272,Scimitar-billed woodcreeper,38.52,24
Drymotoxeres pucheranii,Furnariidae,Passeriformes,70.5,141869.45,1849,5.1797,Greater scythebill,26.15,18
Dryobates minor,Picidae,Piciformes,19.8,18548908.46,1758,6.4175,Lesser spotted woodpecker,1795.06,70
Dryobates nuttallii,Picidae,Piciformes,37.39,183833.95,1843,6.5012,Nuttall's woodpecker,699.73,58
Dryobates pubescens,Picidae,Piciformes,25.55,12800223.82,1766,6.0694,Downy woodpecker,8465.72,84
Dryobates scalaris,Picidae,Piciformes,31.59,2902465.04,1829,5.848,Ladder-backed woodpecker,823.92,56
Dryocopus hodgei,Picidae,Piciformes,156.0,5706.32,1860,6.0213,Andaman woodpecker,151.77,12
Dryocopus javensis,Picidae,Piciformes,271.4,2693444.77,1821,6.1372,White-bellied woodpecker,463.18,25
Dryocopus martius,Picidae,Piciformes,321.0,19634445.89,1758,6.2099,Black woodpecker,2673.93,175
Dryolimnas cuvieri,Rallidae,Gruiformes,182.38,590995.52,1845,5.6314,White-throated rail,1424.88,8
Dryoscopus angolensis,Malaconotidae,Passeriformes,36.0,372335.76,1860,5.6949,Pink-footed puffback,33.4,5
Dryoscopus cubla,Malaconotidae,Passeriformes,26.23,5720470.9,1802,5.9974,Black-backed puffback,221.82,17
Dryoscopus gambensis,Malaconotidae,Passeriformes,31.9,5608614.97,1823,5.8935,Northern puffback,54.3,13
Dryoscopus pringlii,Malaconotidae,Passeriformes,19.7,448813.35,1893,5.8759,Pringle's puffback,34.17,6
Dryoscopus sabini,Malaconotidae,Passeriformes,37.12,1205106.96,1831,6.2662,Sabine's puffback,42.87,6
Dryoscopus senegalensis,Malaconotidae,Passeriformes,29.3,1221533.76,1857,5.6499,Red-eyed puffback,29.94,8
Dryotriorchis spectabilis,Accipitridae,Accipitriformes,697.0,2884763.0,1863,6.1599,Congo serpent eagle,249.57,13
Dubusia castaneoventris,Thraupidae,Passeriformes,28.0,131249.53,1851,6.5986,Chestnut-bellied mountain tanager,25.27,8
Ducula aurorae,Columbidae,Columbiformes,507.19,25.1,1849,5.6371,Polynesian imperial pigeon,99.3,7
Ducula bakeri,Columbidae,Columbiformes,394.0,4126.49,1928,5.3073,Vanuatu imperial pigeon,56.98,6
Ducula bicolor,Columbidae,Columbiformes,440.01,626352.2,1786,5.6685,Pied imperial pigeon,561.21,31
Ducula brenchleyi,Columbidae,Columbiformes,380.0,10822.88,1870,5.5449,Chestnut-bellied imperial pigeon,53.08,10
Ducula carola,Columbidae,Columbiformes,289.0,222701.31,1854,4.8345,Spotted imperial pigeon,140.57,10
Ducula chalconota,Columbidae,Columbiformes,501.99,165349.32,1874,5.5968,Rufescent imperial pigeon,36.73,5
Ducula cineracea,Columbidae,Columbiformes,507.19,3484.29,1835,5.0333,Timor imperial pigeon,59.25,7
Ducula concinna,Columbidae,Columbiformes,804.67,10909.95,1865,5.2555,Elegant imperial pigeon,79.8,10
Ducula finschii,Columbidae,Columbiformes,343.9,38730.12,1882,5.7788,Finsch's imperial pigeon,34.92,6
Ducula forsteni,Columbidae,Columbiformes,509.99,145694.29,1854,6.0844,White-bellied imperial pigeon,68.75,6
Ducula galeata,Columbidae,Columbiformes,605.0,32.52,1855,5.2475,Nuku Hiva imperial pigeon,98.88,8
Ducula goliath,Columbidae,Columbiformes,600.0,16547.11,1859,5.5595,Goliath imperial pigeon,240.22,9
Ducula lacernulata,Columbidae,Columbiformes,150.0,68766.83,1822,5.2615,Dark-backed imperial pigeon,40.9,6
Ducula latrans,Columbidae,Columbiformes,365.11,18045.38,1849,5.1262,Barking imperial pigeon,86.22,8
Ducula luctuosa,Columbidae,Columbiformes,410.0,145005.34,1824,5.4929,Silver-tipped imperial pigeon,66.03,6
Ducula melanochroa,Columbidae,Columbiformes,665.0,36132.41,1878,4.9375,Black imperial pigeon,465.56,13
Ducula mullerii,Columbidae,Columbiformes,574.87,281060.32,1835,5.3621,Collared imperial pigeon,76.21,9
Ducula neglecta,Columbidae,Columbiformes,667.0,18494.39,1866,5.2743,Seram imperial pigeon,20.37,7
Ducula oceanica,Columbidae,Columbiformes,371.53,1327.13,1826,4.6942,Micronesian imperial pigeon,103.26,12
Ducula pacifica,Columbidae,Columbiformes,394.2,29576.66,1789,6.1346,Pacific imperial pigeon,175.12,18
Ducula perspicillata,Columbidae,Columbiformes,667.0,34605.55,1824,5.7149,Spectacled imperial pigeon,46.89,8
Ducula pickeringii,Columbidae,Columbiformes,377.0,3060.9,1855,5.3686,Grey imperial pigeon,94.72,11
Ducula pistrinaria,Columbidae,Columbiformes,515.0,85422.33,1855,5.6622,Island imperial pigeon,56.88,14
Ducula poliocephala,Columbidae,Columbiformes,555.0,266333.85,1844,5.2477,Pink-bellied imperial pigeon,109.84,7
Ducula radiata,Columbidae,Columbiformes,295.0,154747.93,1832,5.5868,Grey-headed imperial pigeon,70.73,8
Ducula rosacea,Columbidae,Columbiformes,385.59,61035.43,1836,4.8634,Pink-headed imperial pigeon,63.71,13
Ducula rubricera,Columbidae,Columbiformes,652.0,72417.84,1854,6.0864,Red-knobbed imperial pigeon,53.35,16
Ducula rufigaster,Columbidae,Columbiformes,436.0,670937.24,1832,5.6657,Purple-tailed imperial pigeon,91.75,15
Ducula spilorrhoa,Columbidae,Columbiformes,464.0,518577.49,1858,5.7282,Torresian imperial pigeon,425.18,13
Ducula subflavescens,Columbidae,Columbiformes,440.01,47143.93,1886,5.2063,Yellowish imperial pigeon,41.2,5
Ducula whartoni,Columbidae,Columbiformes,571.18,137.18,1887,5.1776,Christmas imperial pigeon,151.06,18
Ducula zoeae,Columbidae,Columbiformes,568.0,706706.05,1826,5.9657,Zoe's imperial pigeon,61.69,19
Dulus dominicus,Dulidae,Passeriformes,48.4,74909.06,1766,4.8514,,,28
Dumetella carolinensis,Mimidae,Passeriformes,35.3,6824562.12,1766,5.8584,Gray catbird,8213.87,170
Dumetia hyperythra,Timaliidae,Passeriformes,12.9,2111330.27,1831,5.332,Tawny-bellied babbler,136.35,18
Dyaphorophyia blissetti,Platysteiridae,Passeriformes,11.0,473029.12,1872,6.5401,Red-cheeked wattle-eye,27.48,6
Dyaphorophyia castanea,Platysteiridae,Passeriformes,14.09,3596708.42,1843,6.6489,Chestnut wattle-eye,39.36,8
Dyaphorophyia chalybea,Platysteiridae,Passeriformes,11.0,574191.3,1897,6.901,Black-necked wattle-eye,31.88,5
Dyaphorophyia hormophora,Platysteiridae,Passeriformes,14.09,503966.69,1901,6.5939,West African wattle-eye,27.04,5
Dyaphorophyia jamesoni,Platysteiridae,Passeriformes,11.0,559075.89,1890,6.8163,Jameson's wattle-eye,68.04,3
Dyaphorophyia tonsa,Platysteiridae,Passeriformes,11.5,1168679.83,1911,5.9379,White-spotted wattle-eye,25.57,7
Dysithamnus leucostictus,Thamnophilidae,Passeriformes,20.2,52236.9,1858,5.4451,White-streaked antvireo,21.86,16
Dysithamnus mentalis,Thamnophilidae,Passeriformes,14.87,4153057.29,1823,5.3273,Plain antvireo,61.51,48
Dysithamnus occidentalis,Thamnophilidae,Passeriformes,26.4,16007.91,1923,5.2473,Bicolored antvireo,24.18,19
Dysithamnus plumbeus,Thamnophilidae,Passeriformes,20.5,42463.62,1831,5.4948,Plumbeous antvireo,20.59,23
Dysithamnus puncticeps,Thamnophilidae,Passeriformes,14.9,127823.89,1866,5.2583,Spot-crowned antvireo,23.53,12
Dysithamnus stictothorax,Thamnophilidae,Passeriformes,15.5,415220.51,1823,5.291,Spot-breasted antvireo,21.25,21
Dysithamnus striaticeps,Thamnophilidae,Passeriformes,12.0,88175.27,1865,5.7648,Streak-crowned antvireo,22.73,18
Dysithamnus xanthopterus,Thamnophilidae,Passeriformes,16.0,44440.17,1856,5.7852,Rufous-backed antvireo,21.7,20
Edolisoma anale,Campephagidae,Passeriformes,82.4,5155.81,1860,5.0365,New Caledonian cuckooshrike,42.71,5
Edolisoma ceramense,Campephagidae,Passeriformes,47.9,28618.49,1850,5.2107,Pale cicadabird,22.78,9
Edolisoma coerulescens,Campephagidae,Passeriformes,62.84,84363.69,1842,4.6445,Blackish cuckooshrike,57.54,6
Edolisoma dispar,Campephagidae,Passeriformes,67.96,4846.92,1878,4.6205,Kai cicadabird,21.26,5
Edolisoma dohertyi,Campephagidae,Passeriformes,67.96,39073.16,1896,5.1845,Pale-shouldered cicadabird,29.58,4
Edolisoma incertum,Campephagidae,Passeriformes,58.89,348235.08,1874,5.1327,Black-shouldered cicadabird,18.28,7
Edolisoma melas,Campephagidae,Passeriformes,59.39,592908.62,1828,5.3063,Black cicadabird,24.88,6
Edolisoma mindanense,Campephagidae,Passeriformes,58.7,234173.68,1879,5.0773,Black-bibbed cicadabird,49.94,10
Edolisoma montanum,Campephagidae,Passeriformes,79.22,289775.96,1874,5.3969,Black-bellied cuckooshrike,21.61,8
Edolisoma morio,Campephagidae,Passeriformes,58.5,172301.98,1843,5.6326,Sulawesi cicadabird,26.2,6
Edolisoma ostentum,Campephagidae,Passeriformes,67.96,23404.52,1952,5.2,White-winged cuckooshrike,71.26,5
Edolisoma salomonis,Campephagidae,Passeriformes,60.92,3338.61,1879,4.7711,Makira cicadabird,19.03,4
Edolisoma schisticeps,Campephagidae,Passeriformes,52.8,166507.11,1846,6.0107,Grey-headed cuckooshrike,23.06,7
Edolisoma sula,Campephagidae,Passeriformes,67.96,4678.13,1918,5.0529,Sula cicadabird,21.67,6
Egretta ardesiaca,Ardeidae,Pelecaniformes,324.0,8505004.79,1827,6.3532,Black heron,2585.49,14
Egretta caerulea,Ardeidae,Pelecaniformes,338.61,5634382.17,1758,5.996,Little blue heron,3125.78,129
Egretta eulophotes,Ardeidae,Pelecaniformes,461.83,114002.97,1860,6.1705,Chinese egret,672.94,94
Egretta novaehollandiae,Ardeidae,Pelecaniformes,558.64,2680426.22,1790,5.6619,White-faced heron,1134.83,23
Egretta picata,Ardeidae,Pelecaniformes,259.0,133125.33,1845,5.9422,Pied heron,228.84,13
Egretta rufescens,Ardeidae,Pelecaniformes,614.0,349145.57,1789,5.8411,Reddish egret,1671.27,105
Egretta sacra,Ardeidae,Pelecaniformes,502.0,4099474.31,1789,5.96,Pacific reef heron,765.6,41
Egretta thula,Ardeidae,Pelecaniformes,371.0,19270773.23,1782,6.4641,Snowy egret,4689.09,205
Egretta tricolor,Ardeidae,Pelecaniformes,372.3,1369046.69,1776,5.8948,Tricolored heron,1822.22,71
Egretta vinaceigula,Ardeidae,Pelecaniformes,288.0,110075.11,1895,5.8335,Slaty egret,353.0,15
Elachura formosa,Elachuridae,Passeriformes,5.0,663267.73,1874,5.5649,Spotted elachura,100.12,6
Elaenia albiceps,Tyrannidae,Passeriformes,15.5,2239367.68,1837,5.7284,White-crested elaenia,158.83,93
Elaenia brachyptera,Tyrannidae,Passeriformes,15.4,38914.19,1907,5.3317,Coopmans's elaenia,19.49,8
Elaenia chiriquensis,Tyrannidae,Passeriformes,15.4,7208019.86,1865,5.7319,Lesser elaenia,49.52,38
Elaenia cristata,Tyrannidae,Passeriformes,18.2,5128248.1,1868,5.532,Plain-crested elaenia,24.06,30
Elaenia dayi,Tyrannidae,Passeriformes,34.5,26627.09,1929,4.5492,Great elaenia,23.24,15
Elaenia flavogaster,Tyrannidae,Passeriformes,24.8,10327940.88,1822,5.4045,Yellow-bellied elaenia,201.25,58
Elaenia frantzii,Tyrannidae,Passeriformes,19.6,259467.27,1865,5.4612,Mountain elaenia,48.01,28
Elaenia gigas,Tyrannidae,Passeriformes,31.0,474517.61,1871,5.4424,Mottle-backed elaenia,20.92,15
Elaenia martinica,Tyrannidae,Passeriformes,20.79,26788.39,1766,4.7235,Caribbean elaenia,164.47,25
Elaenia mesoleuca,Tyrannidae,Passeriformes,17.6,2216525.02,1830,5.2483,Olivaceous elaenia,23.45,31
Elaenia obscura,Tyrannidae,Passeriformes,23.9,326587.09,1837,5.8128,Highland elaenia,31.12,27
Elaenia olivina,Tyrannidae,Passeriformes,17.8,182631.95,1884,4.6432,Tepui elaenia,14.1,8
Elaenia pallatangae,Tyrannidae,Passeriformes,17.8,281873.78,1862,5.2265,Sierran elaenia,30.5,21
Elaenia parvirostris,Tyrannidae,Passeriformes,13.8,2741717.39,1868,5.6096,Small-billed elaenia,65.2,41
Elaenia pelzelni,Tyrannidae,Passeriformes,27.3,311569.85,1907,5.2307,Brownish elaenia,25.83,14
Elaenia ridleyana,Tyrannidae,Passeriformes,33.0,20.13,1888,4.7878,Noronha elaenia,70.91,18
Elaenia ruficeps,Tyrannidae,Passeriformes,18.74,709154.38,1868,5.5646,Rufous-crowned elaenia,19.0,26
Elaenia sordida,Tyrannidae,Passeriformes,23.9,2034941.24,1941,5.3659,Small-headed elaenia,25.59,8
Elaenia spectabilis,Tyrannidae,Passeriformes,27.3,2884786.09,1868,5.3361,Large elaenia,34.83,28
Elaenia strepera,Tyrannidae,Passeriformes,19.3,231149.28,1883,5.0428,Slaty elaenia,26.42,19
Elanoides forficatus,Accipitridae,Accipitriformes,416.24,13295665.49,1758,6.8828,Swallow-tailed kite,5304.45,103
Elanus axillaris,Accipitridae,Accipitriformes,270.1,7649038.18,1802,6.5355,Black-shouldered kite,2096.57,25
Elanus caeruleus,Accipitridae,Accipitriformes,259.76,26685941.8,1789,6.9616,Black-winged kite,3007.19,175
Elanus leucurus,Accipitridae,Accipitriformes,346.0,12522294.39,1818,7.3706,White-tailed kite,2951.17,118
Elanus scriptus,Accipitridae,Accipitriformes,316.0,727463.72,1842,6.7734,Letter-winged kite,1024.58,25
Elaphrornis palliseri,Locustellidae,Passeriformes,9.0,3806.14,1851,5.2332,Sri Lanka bush warbler,60.98,10
Electron carinatum,Momotidae,Coraciiformes,64.9,36090.54,1847,6.8891,Keel-billed motmot,146.01,33
Electron platyrhynchum,Momotidae,Coraciiformes,73.0,2864115.61,1829,7.5745,Broad-billed motmot,200.73,20
Eleoscytalopus indigoticus,Rhinocryptidae,Passeriformes,16.15,454702.62,1831,5.3186,White-breasted tapaculo,37.68,28
Eleoscytalopus psychopompus,Rhinocryptidae,Passeriformes,17.8,5194.76,1989,5.3164,Bahia tapaculo,64.3,25
Eleothreptus anomalus,Caprimulgidae,Caprimulgiformes,43.7,2166801.06,1838,5.3824,Sickle-winged nightjar,58.37,20
Eleothreptus candicans,Caprimulgidae,Caprimulgiformes,49.3,6633.39,1867,5.6991,White-winged nightjar,60.72,19
Elminia albicauda,Stenostiridae,Passeriformes,8.33,1971246.25,1877,7.07,White-tailed blue flycatcher,48.59,11
Elminia albiventris,Stenostiridae,Passeriformes,8.9,224843.85,1893,6.3249,White-bellied crested flycatcher,27.08,11
Elminia albonotata,Stenostiridae,Passeriformes,9.2,905274.18,1891,5.647,White-tailed crested flycatcher,48.99,10
Elminia longicauda,Stenostiridae,Passeriformes,9.9,3910894.16,1838,6.8843,African blue flycatcher,151.72,10
Elminia nigromitrata,Stenostiridae,Passeriformes,9.03,2433804.71,1874,6.0668,Dusky crested flycatcher,37.0,8
Elseyornis melanops,Charadriidae,Charadriiformes,33.0,7354478.04,1818,6.6355,Black-fronted dotterel,216.81,12
Emarginata schlegelii,Muscicapidae,Passeriformes,23.3,1144740.06,1855,5.6362,Karoo chat,53.74,11
Emarginata sinuata,Muscicapidae,Passeriformes,18.1,793361.3,1858,5.0998,Sickle-winged chat,45.8,8
Emarginata tractrac,Muscicapidae,Passeriformes,20.8,1018879.12,1817,5.9435,Tractrac chat,64.37,11
Emberiza affinis,Emberizidae,Passeriformes,15.4,1397601.22,1867,5.3837,Brown-rumped bunting,54.67,6
Emberiza aureola,Emberizidae,Passeriformes,19.6,14850268.01,1773,5.8209,Yellow-breasted bunting,644.08,132
Emberiza bruniceps,Emberizidae,Passeriformes,24.8,4074558.12,1841,5.6475,Red-headed bunting,278.22,69
Emberiza buchanani,Emberizidae,Passeriformes,21.2,2911334.78,1845,5.7944,Grey-necked bunting,143.64,23
Emberiza cabanisi,Emberizidae,Passeriformes,24.9,2851364.02,1875,5.9379,Cabanis's bunting,68.72,11
Emberiza caesia,Emberizidae,Passeriformes,19.9,344081.04,1827,6.2823,Cretzschmar's bunting,187.82,42
Emberiza calandra,Emberizidae,Passeriformes,48.5,7483952.2,1758,5.3738,Corn bunting,977.44,94
Emberiza chrysophrys,Emberizidae,Passeriformes,17.97,2478480.52,1776,5.9052,Yellow-browed bunting,164.81,14
Emberiza cia,Emberizidae,Passeriformes,23.43,4412208.21,1767,5.369,Rock bunting,432.45,70
Emberiza cineracea,Emberizidae,Passeriformes,24.3,105439.34,1855,5.4666,Cinereous bunting,130.81,29
Emberiza cioides,Emberizidae,Passeriformes,21.02,10532097.13,1843,5.871,Meadow bunting,287.86,32
Emberiza cirlus,Emberizidae,Passeriformes,25.6,2173407.94,1767,5.7606,Cirl bunting,874.4,73
Emberiza citrinella,Emberizidae,Passeriformes,29.7,12899942.03,1758,6.1198,,,167
Emberiza elegans,Emberizidae,Passeriformes,16.84,3012325.14,1836,6.5433,Yellow-throated bunting,133.11,43
Emberiza flaviventris,Emberizidae,Passeriformes,18.24,6969113.54,1815,6.491,Golden-breasted bunting,182.07,12
Emberiza fucata,Emberizidae,Passeriformes,19.8,3876445.61,1776,6.4768,Chestnut-eared bunting,146.0,24
Emberiza godlewskii,Emberizidae,Passeriformes,19.0,5814242.22,1874,6.4341,Godlewski's bunting,84.4,23
Emberiza hortulana,Emberizidae,Passeriformes,19.9,9881195.68,1758,5.7204,Ortolan bunting,27571.16,132
Emberiza impetuani,Emberizidae,Passeriformes,15.1,1657377.13,1836,5.4097,Lark-like bunting,88.24,13
Emberiza jankowskii,Emberizidae,Passeriformes,22.5,13036.49,1888,5.3976,Jankowski's bunting,66.72,43
Emberiza koslowi,Emberizidae,Passeriformes,25.0,132468.27,1904,5.7627,Tibetan bunting,60.08,20
Emberiza lathami,Emberizidae,Passeriformes,21.9,3758698.27,1831,5.6992,Crested bunting,225.5,15
Emberiza leucocephalos,Emberizidae,Passeriformes,28.5,9867084.71,1771,5.2722,Pine bunting,388.9,42
Emberiza melanocephala,Emberizidae,Passeriformes,28.31,2122285.8,1769,5.991,Black-headed bunting,505.87,85
Emberiza poliopleura,Emberizidae,Passeriformes,15.8,1250196.23,1888,6.1779,Somali bunting,56.12,7
Emberiza pusilla,Emberizidae,Passeriformes,14.57,10268381.21,1776,6.233,Little bunting,376.73,63
Emberiza rustica,Emberizidae,Passeriformes,20.54,11090010.05,1776,5.5163,Rustic bunting,368.52,75
Emberiza rutila,Emberizidae,Passeriformes,17.5,4625666.61,1776,5.0467,Chestnut bunting,114.67,45
Emberiza sahari,Emberizidae,Passeriformes,14.8,1383094.97,1850,4.9694,House bunting,320.28,13
Emberiza siemsseni,Emberizidae,Passeriformes,20.0,111563.22,1906,5.5822,Slaty bunting,72.81,16
Emberiza socotrana,Emberizidae,Passeriformes,14.42,630.83,1899,5.699,Socotra bunting,179.05,7
Emberiza stewarti,Emberizidae,Passeriformes,15.96,679158.0,1854,5.7026,White-capped bunting,84.48,10
Emberiza striolata,Emberizidae,Passeriformes,14.8,2669183.7,1823,5.2263,Striolated bunting,149.95,13
Emberiza sulphurata,Emberizidae,Passeriformes,14.89,111789.59,1848,5.4837,Yellow bunting,224.32,29
Emberiza tristrami,Emberizidae,Passeriformes,18.0,423016.56,1870,5.4962,Tristram's bunting,75.43,23
Emberiza variabilis,Emberizidae,Passeriformes,23.8,222168.05,1836,5.614,Grey bunting,86.13,13
Emberiza yessoensis,Emberizidae,Passeriformes,13.49,52341.69,1874,6.1058,Ochre-rumped bunting,33.75,19
Emberizoides herbicola,Thraupidae,Passeriformes,27.55,5561384.25,1817,5.3296,Wedge-tailed grass finch,44.38,23
Emberizoides ypiranganus,Thraupidae,Passeriformes,20.1,649452.65,1907,5.6796,Lesser grass finch,25.99,10
Embernagra longicauda,Thraupidae,Passeriformes,42.2,86158.64,1844,5.6359,Serra finch,25.91,13
Embernagra platensis,Thraupidae,Passeriformes,45.5,2735501.78,1789,5.3209,Pampa finch,43.18,22
Emblema pictum,Estrildidae,Passeriformes,10.4,1295960.94,1842,5.9384,Painted finch,206.93,18
Eminia lepida,Cisticolidae,Passeriformes,20.2,631640.65,1881,5.3844,Grey-capped warbler,51.01,12
Empidonax affinis,Tyrannidae,Passeriformes,11.3,480233.44,1827,4.845,Pine flycatcher,52.74,25
Empidonax albigularis,Tyrannidae,Passeriformes,9.58,419254.18,1859,5.2195,White-throated flycatcher,34.54,20
Empidonax alnorum,Tyrannidae,Passeriformes,12.7,7110677.02,1895,5.2166,Alder flycatcher,650.17,106
Empidonax atriceps,Tyrannidae,Passeriformes,9.0,3661.22,1870,5.7229,Black-capped flycatcher,46.97,28
Empidonax difficilis,Tyrannidae,Passeriformes,10.7,864986.35,1858,6.0033,Western flycatcher,168.28,88
Empidonax flavescens,Tyrannidae,Passeriformes,12.5,165287.12,1865,6.3023,Yellowish flycatcher,105.83,29
Empidonax flaviventris,Tyrannidae,Passeriformes,11.8,5332665.34,1843,5.8762,Yellow-bellied flycatcher,841.45,76
Empidonax fulvifrons,Tyrannidae,Passeriformes,7.9,511230.44,1841,5.663,Buff-breasted flycatcher,82.67,29
Empidonax hammondii,Tyrannidae,Passeriformes,10.44,2762701.72,1858,5.6569,Hammond's flycatcher,466.11,72
Empidonax minimus,Tyrannidae,Passeriformes,10.0,5753545.24,1843,5.6981,Least flycatcher,759.86,87
Empidonax oberholseri,Tyrannidae,Passeriformes,10.4,2680790.46,1939,5.1797,American dusky flycatcher,316.92,74
Empidonax occidentalis,Tyrannidae,Passeriformes,11.6,2350983.86,1897,5.6081,Western flycatcher,168.28,74
Empidonax traillii,Tyrannidae,Passeriformes,13.39,7301691.61,1828,5.8781,Willow flycatcher,944.73,184
Empidonax virescens,Tyrannidae,Passeriformes,12.6,3006134.68,1818,5.5304,Acadian flycatcher,781.37,133
Empidonax wrightii,Tyrannidae,Passeriformes,12.3,1149378.23,1858,5.5856,American gray flycatcher,182.43,75
Empidonomus varius,Tyrannidae,Passeriformes,27.1,10542042.68,1818,5.432,Variegated flycatcher,98.03,53
Enicognathus ferrugineus,Psittacidae,Psittaciformes,160.0,572089.61,1776,6.9343,Austral parakeet,515.03,24
Enicognathus leptorhynchus,Psittacidae,Psittaciformes,193.0,127008.85,1831,6.6237,Slender-billed parakeet,204.75,41
Enicurus immaculatus,Muscicapidae,Passeriformes,25.5,921267.82,1836,6.0975,Black-backed forktail,104.38,11
Enicurus leschenaulti,Muscicapidae,Passeriformes,33.8,6166589.04,1818,6.5037,White-crowned forktail,112.94,36
Enicurus maculatus,Muscicapidae,Passeriformes,40.39,1640498.35,1831,6.7626,Spotted forktail,105.89,15
Enicurus ruficapillus,Muscicapidae,Passeriformes,28.23,1105095.6,1832,6.9766,Chestnut-naped forktail,57.03,16
Enicurus schistaceus,Muscicapidae,Passeriformes,31.0,2441930.12,1836,6.1955,Slaty-backed forktail,90.13,21
Enicurus scouleri,Muscicapidae,Passeriformes,17.8,3341040.76,1832,6.1546,Little forktail,103.33,16
Enicurus velatus,Muscicapidae,Passeriformes,33.0,103361.85,1822,6.0517,Sunda forktail,42.17,6
Enodes erythrophris,Sturnidae,Passeriformes,130.0,77247.82,1824,6.6227,Fiery-browed starling,124.77,9
Ensifera ensifera,Trochilidae,Caprimulgiformes,11.2,398282.99,1840,6.5246,Sword-billed hummingbird,1946.02,72
Entomodestes coracinus,Turdidae,Passeriformes,56.0,21017.95,1897,5.2814,Black solitaire,41.11,9
Entomodestes leucotis,Turdidae,Passeriformes,61.7,206932.1,1844,5.7825,White-eared solitaire,28.12,11
Eolophus roseicapilla,Cacatuidae,Psittaciformes,328.0,7009675.94,1817,6.8621,,,48
Eophona migratoria,Fringillidae,Passeriformes,46.88,3312437.98,1903,5.7741,Chinese grosbeak,149.03,33
Eophona personata,Fringillidae,Passeriformes,80.0,1516318.98,1848,6.4421,Japanese grosbeak,449.59,37
Eopsaltria australis,Petroicidae,Passeriformes,20.15,1174338.84,1790,6.5214,Eastern yellow robin,713.52,35
Eopsaltria griseogularis,Petroicidae,Passeriformes,19.38,587762.32,1838,6.516,Western yellow robin,516.77,18
Eos bornea,Psittacidae,Psittaciformes,156.0,28750.89,1758,7.0285,Red lory,1118.42,46
Eos cyanogenia,Psittacidae,Psittaciformes,167.0,2947.6,1850,6.9299,Black-winged lory,175.35,18
Eos histrio,Psittacidae,Psittaciformes,204.0,1018.35,1776,6.6581,Red-and-blue lory,273.88,30
Eos reticulata,Psittacidae,Psittaciformes,153.0,3616.55,1841,6.5509,Blue-streaked lory,398.07,35
Eos semilarvata,Psittacidae,Psittaciformes,94.47,410.06,1850,5.6448,Blue-eared lory,124.72,19
Eos squamata,Psittacidae,Psittaciformes,91.0,32014.97,1783,6.589,Violet-necked lory,311.79,27
Ephippiorhynchus asiaticus,Ciconiidae,Ciconiiformes,4100.0,5462619.41,1790,5.9893,Black-necked stork,1830.51,44
Ephippiorhynchus senegalensis,Ciconiidae,Ciconiiformes,6158.73,11071552.53,1800,6.104,Saddle-billed stork,1622.04,41
Ephippiospingus dorsalis,Thraupidae,Passeriformes,38.07,187023.92,1883,5.3513,,,5
Ephippiospingus erythronotus,Thraupidae,Passeriformes,20.69,138756.51,1861,5.918,,,7
Epimachus fastosus,Paradisaeidae,Passeriformes,232.87,80656.88,1783,6.01,Black sicklebill,681.84,13
Epimachus meyeri,Paradisaeidae,Passeriformes,220.48,135052.62,1885,6.6855,Brown sicklebill,228.8,13
Epinecrophylla amazonica,Thamnophilidae,Passeriformes,8.7,784494.52,1905,5.2733,Rio Madeira stipplethroat,17.32,10
Epinecrophylla erythrura,Thamnophilidae,Passeriformes,11.4,1668234.16,1890,4.847,Rufous-tailed stipplethroat,16.29,17
Epinecrophylla fulviventris,Thamnophilidae,Passeriformes,10.4,281139.81,1862,5.2761,Checker-throated stipplethroat,35.94,20
Epinecrophylla gutturalis,Thamnophilidae,Passeriformes,9.2,1094090.89,1881,5.3657,Brown-bellied stipplethroat,17.61,18
Epinecrophylla haematonota,Thamnophilidae,Passeriformes,8.7,2201917.23,1857,5.605,Rufous-backed stipplethroat,21.26,18
Epinecrophylla leucophthalma,Thamnophilidae,Passeriformes,9.4,2106545.33,1868,5.411,White-eyed stipplethroat,16.52,18
Epinecrophylla spodionota,Thamnophilidae,Passeriformes,10.7,124365.62,1880,5.1753,Foothill stipplethroat,15.0,16
Epthianura albifrons,Meliphagidae,Passeriformes,13.3,2667021.56,1828,6.0168,White-fronted chat,117.65,14
Epthianura aurifrons,Meliphagidae,Passeriformes,10.5,5609912.51,1838,5.5785,Orange chat,131.71,14
Epthianura crocea,Meliphagidae,Passeriformes,9.3,2179684.97,1877,6.7432,Yellow chat,129.79,23
Epthianura tricolor,Meliphagidae,Passeriformes,10.7,1741451.32,1841,6.715,Crimson chat,157.21,20
Eremalauda dunni,Alaudidae,Passeriformes,20.5,1825439.35,1904,4.7731,Dunn's lark,79.74,27
Eremomela atricollis,Cisticolidae,Passeriformes,10.2,1063082.23,1894,6.1921,Black-necked eremomela,25.34,8
Eremomela badiceps,Cisticolidae,Passeriformes,10.59,3290010.91,1843,6.046,Rufous-crowned eremomela,25.77,8
Eremomela canescens,Cisticolidae,Passeriformes,6.92,2254734.87,1864,5.5569,Green-backed eremomela,27.58,9
Eremomela flavicrissalis,Cisticolidae,Passeriformes,4.5,893727.78,1895,5.0124,Yellow-vented eremomela,23.62,10
Eremomela gregalis,Cisticolidae,Passeriformes,6.8,271515.78,1829,4.9538,Karoo eremomela,27.49,15
Eremomela pusilla,Cisticolidae,Passeriformes,6.2,2960274.14,1857,5.7907,Senegal eremomela,33.07,11
Eremomela scotops,Cisticolidae,Passeriformes,8.99,4568185.56,1850,6.0103,Green-capped eremomela,33.02,9
Eremomela turneri,Cisticolidae,Passeriformes,7.34,980.79,1920,4.9045,Turner's eremomela,50.71,12
Eremomela usticollis,Cisticolidae,Passeriformes,8.39,1430953.15,1850,5.4427,Burnt-necked eremomela,29.03,9
Eremophila alpestris,Alaudidae,Passeriformes,33.33,35118904.89,1758,5.609,Horned lark,2617.19,267
Eremophila bilopha,Alaudidae,Passeriformes,38.5,1422315.02,1823,5.9816,Temminck's lark,129.15,15
Eremopterix australis,Alaudidae,Passeriformes,14.2,642788.97,1836,4.9674,Black-eared sparrow-lark,51.19,11
Eremopterix griseus,Alaudidae,Passeriformes,16.0,2966642.7,1786,5.4196,Ashy-crowned sparrow-lark,217.72,11
Eremopterix hova,Alaudidae,Passeriformes,18.9,591120.51,1860,4.6659,Madagascar lark,19.25,8
Eremopterix leucopareia,Alaudidae,Passeriformes,14.5,859362.7,1884,5.0449,Fischer's sparrow-lark,52.33,5
Eremopterix leucotis,Alaudidae,Passeriformes,16.4,7621320.47,1814,4.6234,Chestnut-backed sparrow-lark,96.95,14
Eremopterix nigriceps,Alaudidae,Passeriformes,13.85,7838188.48,1839,5.0525,Black-crowned sparrow-lark,148.21,14
Eremopterix signatus,Alaudidae,Passeriformes,15.7,970819.66,1886,5.1789,Chestnut-headed sparrow-lark,38.76,7
Eremopterix verticalis,Alaudidae,Passeriformes,17.0,3048289.88,1836,5.2072,Grey-backed sparrow-lark,52.2,14
Eriocnemis aline,Trochilidae,Caprimulgiformes,4.24,68344.27,1843,6.9023,Emerald-bellied puffleg,57.67,18
Eriocnemis cupreoventris,Trochilidae,Caprimulgiformes,5.3,49722.37,1840,7.253,Coppery-bellied puffleg,49.98,25
Eriocnemis derbyi,Trochilidae,Caprimulgiformes,5.5,24535.26,1846,7.2435,Black-thighed puffleg,55.73,32
Eriocnemis glaucopoides,Trochilidae,Caprimulgiformes,3.7,57142.21,1838,7.1873,Blue-capped puffleg,54.33,13
Eriocnemis isabellae,Trochilidae,Caprimulgiformes,4.5,44.21,2007,6.7218,Gorgeted puffleg,97.86,14
Eriocnemis mirabilis,Trochilidae,Caprimulgiformes,5.06,33.95,1967,7.1719,Colorful puffleg,89.33,24
Eriocnemis mosquera,Trochilidae,Caprimulgiformes,5.3,34835.78,1846,7.4931,Golden-breasted puffleg,53.08,15
Eriocnemis nigrivestis,Trochilidae,Caprimulgiformes,8.5,77.93,1852,6.6953,Black-breasted puffleg,112.21,63
Eriocnemis vestita,Trochilidae,Caprimulgiformes,4.54,97851.28,1839,7.0506,Glowing puffleg,78.14,22
Erithacus rubecula,Muscicapidae,Passeriformes,17.7,10001378.73,1758,6.5103,European robin,25628.14,351
Erpornis zantholeuca,Vireonidae,Passeriformes,11.8,3629429.65,1844,5.6742,White-bellied erpornis,146.23,14
Erythrocercus holochlorus,Scotocercidae,Passeriformes,6.0,185127.39,1901,6.2036,Little yellow flycatcher,32.66,6
Erythrocercus livingstonei,Scotocercidae,Passeriformes,5.9,1133267.59,1870,6.1836,Livingstone's flycatcher,43.02,7
Erythrocercus mccallii,Scotocercidae,Passeriformes,7.2,2166425.08,1855,5.7067,Chestnut-capped flycatcher,37.51,14
Erythrogenys erythrocnemis,Timaliidae,Passeriformes,58.15,25723.2,1863,5.2844,Black-necklaced scimitar babbler,37.27,5
Erythrogenys erythrogenys,Timaliidae,Passeriformes,54.9,400892.95,1831,5.131,Rusty-cheeked scimitar babbler,118.58,14
Erythrogenys gravivox,Timaliidae,Passeriformes,58.15,2011353.97,1873,6.0239,Black-streaked scimitar babbler,28.52,7
Erythrogenys hypoleucos,Timaliidae,Passeriformes,75.6,788871.4,1844,5.0137,Large scimitar babbler,61.18,4
Erythrogenys mcclellandi,Timaliidae,Passeriformes,58.15,285028.19,1870,5.3647,Spot-breasted scimitar babbler,37.06,4
Erythrogenys swinhoei,Timaliidae,Passeriformes,58.15,747490.28,1874,6.0792,Grey-sided scimitar babbler,22.31,4
Erythrogonys cinctus,Charadriidae,Charadriiformes,51.4,5111119.63,1838,6.222,Red-kneed dotterel,191.74,12
Erythropitta arquata,Pittidae,Passeriformes,54.0,214049.06,1871,7.1007,Blue-banded pitta,91.55,4
Erythropitta celebensis,Pittidae,Passeriformes,72.39,174966.32,1845,6.8963,Sulawesi pitta,60.9,9
Erythropitta dohertyi,Pittidae,Passeriformes,72.4,5433.95,1898,6.7188,Sula pitta,49.35,5
Erythropitta granatina,Pittidae,Passeriformes,61.5,852985.14,1830,7.8951,Garnet pitta,108.75,7
Erythropitta kochi,Pittidae,Passeriformes,116.0,35561.86,1876,6.745,Whiskered pitta,117.42,6
Erythropitta macklotii,Pittidae,Passeriformes,72.39,693006.61,1834,6.405,Papuan pitta,273.53,7
Erythropitta rubrinucha,Pittidae,Passeriformes,72.39,27245.65,1862,7.3403,South Moluccan pitta,37.0,6
Erythropitta rufiventris,Pittidae,Passeriformes,72.39,25089.6,1860,7.2913,North Moluccan pitta,40.03,6
Erythropitta ussheri,Pittidae,Passeriformes,55.34,41122.35,1877,7.1568,Black-crowned pitta,103.13,7
Erythropitta venusta,Pittidae,Passeriformes,61.5,71169.15,1836,7.0509,Graceful pitta,130.35,9
Erythrotriorchis buergersi,Accipitridae,Accipitriformes,575.0,152406.32,1914,6.1994,Chestnut-shouldered goshawk,107.9,7
Erythrotriorchis radiatus,Accipitridae,Accipitriformes,887.35,1074830.71,1802,6.305,Red goshawk,420.07,23
Erythrura coloria,Estrildidae,Passeriformes,11.3,11757.65,1961,7.1229,Red-eared parrotfinch,73.35,4
Erythrura hyperythra,Estrildidae,Passeriformes,11.0,294579.35,1862,6.7274,Tawny-breasted parrotfinch,80.89,5
Erythrura kleinschmidti,Estrildidae,Passeriformes,21.0,4811.61,1878,5.333,Pink-billed parrotfinch,101.66,8
Erythrura papuana,Estrildidae,Passeriformes,19.4,180233.84,1900,6.4195,Papuan parrotfinch,45.45,5
Erythrura pealii,Estrildidae,Passeriformes,12.0,17012.69,1852,7.3001,Fiji parrotfinch,327.37,6
Erythrura prasina,Estrildidae,Passeriformes,14.7,1585424.03,1788,6.4734,Pin-tailed parrotfinch,145.04,18
Erythrura psittacea,Estrildidae,Passeriformes,11.5,16520.55,1789,6.9427,Red-throated parrotfinch,136.84,15
Erythrura trichroa,Estrildidae,Passeriformes,14.39,858792.1,1833,6.9532,Blue-faced parrotfinch,210.15,26
Erythrura tricolor,Estrildidae,Passeriformes,11.0,36517.84,1817,6.1612,Tricolored parrotfinch,141.43,9
Erythrura viridifacies,Estrildidae,Passeriformes,12.6,106324.25,1937,6.6063,Green-faced parrotfinch,116.13,6
Esacus magnirostris,Burhinidae,Charadriiformes,1015.87,2207239.52,1818,5.6521,Beach stone-curlew,280.26,19
Esacus recurvirostris,Burhinidae,Charadriiformes,790.0,2969603.17,1829,5.3558,Great stone-curlew,243.4,36
Estrilda astrild,Estrildidae,Passeriformes,8.29,5902588.4,1758,6.8431,Common waxbill,1056.83,211
Estrilda atricapilla,Estrildidae,Passeriformes,7.8,665104.34,1851,6.7247,Black-headed waxbill,44.44,9
Estrilda kandti,Estrildidae,Passeriformes,8.0,113134.74,1902,6.4875,Kandt's waxbill,31.96,4
Estrilda melpoda,Estrildidae,Passeriformes,7.6,3732328.98,1817,6.4329,Orange-cheeked waxbill,288.84,62
Estrilda nonnula,Estrildidae,Passeriformes,7.7,1215103.1,1883,7.2618,Black-crowned waxbill,57.67,13
Estrilda paludicola,Estrildidae,Passeriformes,7.6,1983230.35,1863,6.4694,Fawn-breasted waxbill,62.54,14
Estrilda rhodopyga,Estrildidae,Passeriformes,7.7,1232056.42,1850,6.6072,Crimson-rumped waxbill,68.18,18
Estrilda rufibarba,Estrildidae,Passeriformes,8.5,86115.99,1851,5.9408,Arabian waxbill,54.94,12
Estrilda troglodytes,Estrildidae,Passeriformes,7.6,1962649.25,1823,6.5835,Black-rumped waxbill,177.39,42
Eubucco bourcierii,Capitonidae,Piciformes,37.0,234502.7,1845,6.9251,Red-headed barbet,219.78,15
Eubucco tucinkae,Capitonidae,Piciformes,41.7,177646.68,1913,6.7857,Scarlet-hooded barbet,40.53,10
Euchrepomis callinota,Thamnophilidae,Passeriformes,7.0,227242.25,1855,5.0305,Rufous-rumped antwren,42.87,6
Euchrepomis humeralis,Thamnophilidae,Passeriformes,7.3,1272005.55,1880,4.8028,Chestnut-shouldered antwren,31.05,9
Euchrepomis sharpei,Thamnophilidae,Passeriformes,7.48,24281.18,1901,5.7993,Yellow-rumped antwren,24.38,12
Euchrepomis spodioptila,Thamnophilidae,Passeriformes,6.5,2155598.92,1881,5.3264,Ash-winged antwren,37.7,11
Eucometis penicillata,Thraupidae,Passeriformes,27.0,5712449.56,1825,6.4532,Grey-headed tanager,56.06,31
Eudocimus albus,Threskiornithidae,Pelecaniformes,889.66,1204506.08,1758,4.6493,American white ibis,6796.06,130
Eudocimus ruber,Threskiornithidae,Pelecaniformes,660.08,816290.78,1758,5.752,Scarlet ibis,5642.88,81
Eudromia elegans,Tinamidae,Struthioniformes,702.9,1493624.4,1832,5.6319,Elegant crested tinamou,416.14,53
Eudromia formosa,Tinamidae,Struthioniformes,772.93,285672.47,1905,4.9343,Quebracho crested tinamou,77.63,19
Eudromias morinellus,Charadriidae,Charadriiformes,108.16,3830439.01,1758,6.3883,Eurasian dotterel,795.51,22
Eudyptes chrysocome,Spheniscidae,Sphenisciformes,2327.85,35718.74,1781,6.702,Western rockhopper penguin,285.79,129
Eudyptes chrysolophus,Spheniscidae,Sphenisciformes,4485.08,48864.72,1837,6.8892,Macaroni penguin,7747.32,125
Eudyptes moseleyi,Spheniscidae,Sphenisciformes,2327.85,248.71,1921,6.7264,Northern rockhopper penguin,2386.57,49
Eudyptes pachyrhynchus,Spheniscidae,Sphenisciformes,3904.88,26.15,1845,6.4191,Fiordland penguin,1787.25,61
Eudyptes robustus,Spheniscidae,Sphenisciformes,3038.02,2.9,1953,6.8836,Snares penguin,1639.77,44
Eudyptes schlegeli,Spheniscidae,Sphenisciformes,4242.64,127.71,1876,6.4825,Royal penguin,2332.06,53
Eudyptes sclateri,Spheniscidae,Sphenisciformes,5888.95,23.43,1888,6.628,Erect-crested penguin,1096.59,40
Eudyptula minor,Spheniscidae,Sphenisciformes,1107.82,365250.03,1781,6.6995,Little penguin,14430.48,272
Eugerygone rubra,Petroicidae,Passeriformes,8.4,122286.48,1879,5.7613,Garnet robin,33.65,10
Eugralla paradoxa,Rhinocryptidae,Passeriformes,44.0,124178.0,1830,5.6646,Ochre-flanked tapaculo,43.8,18
Eulabeornis castaneoventris,Rallidae,Gruiformes,684.46,69431.58,1844,5.5595,Chestnut rail,82.27,7
Eulacestoma nigropectus,Eulacestomidae,Passeriformes,20.0,88726.7,1894,5.9308,Wattled ploughbill,58.49,10
Eulampis holosericeus,Trochilidae,Caprimulgiformes,5.7,8331.82,1758,6.9007,Green-throated carib,385.19,11
Eulampis jugularis,Trochilidae,Caprimulgiformes,8.85,5225.96,1766,7.4536,Purple-throated carib,445.23,23
Eulidia yarrellii,Trochilidae,Caprimulgiformes,2.5,2154.61,1847,7.2097,Chilean woodstar,185.25,51
Eulipoa wallacei,Megapodiidae,Galliformes,504.97,49330.86,1861,5.5204,Moluccan megapode,102.45,42
Eumomota superciliosa,Momotidae,Coraciiformes,62.5,242415.12,1837,7.8791,Turquoise-browed motmot,1769.57,33
Eumyias additus,Muscicapidae,Passeriformes,22.49,4091.97,1900,5.1569,Buru jungle flycatcher,25.19,6
Eumyias albicaudatus,Muscicapidae,Passeriformes,16.4,32809.71,1840,6.8763,Nilgiri flycatcher,314.27,16
Eumyias panayensis,Muscicapidae,Passeriformes,20.0,173823.51,1877,6.5487,Turquoise flycatcher,39.17,7
Eumyias sordidus,Muscicapidae,Passeriformes,25.14,5844.08,1870,6.673,Dull-blue flycatcher,109.81,12
Eumyias thalassinus,Muscicapidae,Passeriformes,18.1,4490414.63,1838,6.1312,Verditer flycatcher,483.77,23
Euneornis campestris,Thraupidae,Passeriformes,16.0,11021.79,1758,6.7525,,,11
Eunymphicus cornutus,Psittacidae,Psittaciformes,130.0,826.21,1788,7.3564,Horned parakeet,233.68,21
Eunymphicus uvaeensis,Psittacidae,Psittaciformes,130.0,153.08,1882,7.1168,Ouvea parakeet,121.28,7
Euodice cantans,Estrildidae,Passeriformes,12.0,3802160.03,1789,5.5559,African silverbill,370.27,27
Euodice malabarica,Estrildidae,Passeriformes,12.0,3311814.33,1758,5.6465,Indian silverbill,884.66,37
Eupetes macrocerus,Eupetidae,Passeriformes,69.0,1103229.89,1831,6.8911,,,7
Eupetomena macroura,Trochilidae,Caprimulgiformes,9.0,4594117.6,1788,7.4299,Swallow-tailed hummingbird,285.89,50
Euphagus carolinus,Icteridae,Passeriformes,59.57,7275943.03,1776,5.5626,Rusty blackbird,1083.78,121
Euphagus cyanocephalus,Icteridae,Passeriformes,62.48,5280448.27,1829,6.234,Brewer's blackbird,2016.18,89
Eupherusa cyanophrys,Trochilidae,Caprimulgiformes,4.8,4063.86,1964,7.639,Oaxaca hummingbird,73.93,57
Eupherusa eximia,Trochilidae,Caprimulgiformes,4.3,174512.43,1843,7.4035,Stripe-tailed hummingbird,107.48,26
Eupherusa nigriventris,Trochilidae,Caprimulgiformes,3.5,14338.29,1868,7.0711,Black-bellied hummingbird,134.64,32
Eupherusa poliocerca,Trochilidae,Caprimulgiformes,4.8,3963.35,1871,7.0887,White-tailed hummingbird,63.78,37
Euphonia anneae,Fringillidae,Passeriformes,14.9,20146.51,1865,6.0488,Tawny-capped euphonia,47.03,10
Euphonia cayennensis,Fringillidae,Passeriformes,14.3,1272525.45,1789,6.2411,Golden-sided euphonia,33.91,8
Euphonia chalybea,Fringillidae,Passeriformes,19.0,745412.86,1825,6.4482,Green-chinned euphonia,31.49,19
Euphonia chlorotica,Fringillidae,Passeriformes,11.0,9620331.07,1766,6.1321,Purple-throated euphonia,106.39,32
Euphonia chrysopasta,Fringillidae,Passeriformes,14.0,5478664.3,1869,5.8782,White-lored euphonia,36.83,10
Euphonia concinna,Fringillidae,Passeriformes,10.3,26361.57,1855,6.0257,Velvet-fronted euphonia,34.77,17
Euphonia cyanocephala,Fringillidae,Passeriformes,14.0,2711347.81,1819,6.1366,Golden-rumped euphonia,70.95,14
Euphonia elegantissima,Fringillidae,Passeriformes,15.0,473565.77,1838,6.1157,Elegant euphonia,111.51,25
Euphonia finschi,Fringillidae,Passeriformes,10.48,327330.53,1877,6.4902,Finsch's euphonia,35.08,16
Euphonia fulvicrissa,Fringillidae,Passeriformes,11.0,198414.88,1857,6.3632,Fulvous-vented euphonia,34.05,15
Euphonia gouldi,Fringillidae,Passeriformes,14.0,326598.75,1857,6.471,Olive-backed euphonia,72.92,16
Euphonia hirundinacea,Fringillidae,Passeriformes,14.0,637226.31,1838,6.3049,Yellow-throated euphonia,154.03,29
Euphonia imitans,Fringillidae,Passeriformes,14.0,14869.65,1936,6.657,Spot-crowned euphonia,43.32,11
Euphonia jamaica,Fringillidae,Passeriformes,16.6,11021.79,1766,6.0857,Jamaican euphonia,57.62,9
Euphonia laniirostris,Fringillidae,Passeriformes,15.0,4464958.75,1837,6.6348,Thick-billed euphonia,147.44,32
Euphonia luteicapilla,Fringillidae,Passeriformes,13.0,111584.47,1861,7.2262,Yellow-crowned euphonia,80.95,17
Euphonia mesochrysa,Fringillidae,Passeriformes,13.0,193537.98,1873,6.7014,Bronze-green euphonia,34.19,8
Euphonia minuta,Fringillidae,Passeriformes,10.0,5149944.3,1849,6.7034,White-vented euphonia,54.52,17
Euphonia pectoralis,Fringillidae,Passeriformes,14.4,1361244.46,1801,6.0861,Chestnut-bellied euphonia,52.87,29
Euphonia plumbea,Fringillidae,Passeriformes,8.9,913453.9,1855,5.358,Plumbeous euphonia,38.58,9
Euphonia rufiventris,Fringillidae,Passeriformes,14.0,4409554.14,1819,6.4701,Rufous-bellied euphonia,41.46,10
Euphonia saturata,Fringillidae,Passeriformes,13.26,95078.53,1861,6.2498,Orange-crowned euphonia,37.16,6
Euphonia trinitatis,Fringillidae,Passeriformes,11.0,610172.65,1851,6.3685,Trinidad euphonia,78.84,17
Euphonia violacea,Fringillidae,Passeriformes,15.0,4921834.31,1758,6.6632,Violaceous euphonia,218.12,32
Euphonia xanthogaster,Fringillidae,Passeriformes,13.0,3715684.5,1834,6.4022,Orange-bellied euphonia,91.93,31
Euplectes afer,Ploceidae,Passeriformes,14.29,3098334.42,1789,5.5255,Yellow-crowned bishop,315.9,58
Euplectes albonotatus,Ploceidae,Passeriformes,21.05,2575220.96,1848,6.279,White-winged widowbird,103.58,23
Euplectes aureus,Ploceidae,Passeriformes,25.0,43348.26,1789,5.7319,Golden-backed bishop,40.94,22
Euplectes axillaris,Ploceidae,Passeriformes,25.12,2371547.67,1838,5.3086,Fan-tailed widowbird,103.27,22
Euplectes capensis,Ploceidae,Passeriformes,30.51,2639722.61,1766,7.029,Yellow bishop,177.12,15
Euplectes diadematus,Ploceidae,Passeriformes,13.9,224374.38,1878,6.0696,Fire-fronted bishop,43.88,14
Euplectes franciscanus,Ploceidae,Passeriformes,16.0,3246050.92,1789,5.9072,Northern red bishop,527.81,40
Euplectes gierowii,Ploceidae,Passeriformes,28.27,246606.93,1880,6.3923,Black bishop,108.29,14
Euplectes hartlaubi,Ploceidae,Passeriformes,35.5,741261.11,1878,5.7597,Marsh widowbird,45.8,15
Euplectes hordeaceus,Ploceidae,Passeriformes,19.37,5103979.03,1758,5.6177,Black-winged red bishop,125.44,20
Euplectes jacksoni,Ploceidae,Passeriformes,37.03,107944.78,1891,6.3999,Jackson's widowbird,189.07,14
Euplectes macroura,Ploceidae,Passeriformes,21.66,3993290.03,1789,5.3797,Yellow-mantled widowbird,97.38,17
Euplectes nigroventris,Ploceidae,Passeriformes,12.5,170115.24,1848,6.6682,Zanzibar red bishop,69.78,15
Euplectes orix,Ploceidae,Passeriformes,22.97,2968587.01,1758,5.8509,Southern red bishop,684.87,45
Euplectes progne,Ploceidae,Passeriformes,35.1,697864.82,1783,6.7252,Long-tailed widowbird,1604.13,20
Euplectes psammacromius,Ploceidae,Passeriformes,35.5,34873.18,1900,6.076,Montane widowbird,47.22,6
Eupodotis caerulescens,Otididae,Otidiformes,1366.0,264843.99,1820,5.5398,Blue korhaan,146.9,13
Eupodotis senegalensis,Otididae,Otidiformes,585.0,4886826.68,1820,5.349,White-bellied bustard,242.23,21
Eupsittula aurea,Psittacidae,Psittaciformes,84.62,5764751.61,1788,6.408,Peach-fronted parakeet,244.67,45
Eupsittula cactorum,Psittacidae,Psittaciformes,82.5,1195222.88,1820,6.6868,Caatinga parakeet,120.32,37
Eupsittula canicularis,Psittacidae,Psittaciformes,85.0,269642.12,1758,6.8522,Eupsittula canicularis,240.93,67
Eupsittula pertinax,Psittacidae,Psittaciformes,83.99,1467382.65,1758,6.6309,Brown-throated parakeet,431.1,41
Euptilotis neoxenus,Trogonidae,Trogoniformes,122.32,338167.42,1838,7.3197,Eared quetzal,723.9,58
Euptilotus eutilotus,Pycnonotidae,Passeriformes,35.3,821688.28,1837,5.2174,Puff-backed bulbul,50.45,2
Eurillas ansorgei,Pycnonotidae,Passeriformes,18.7,1858480.06,1907,5.5294,Ansorge's greenbul,33.52,11
Eurillas curvirostris,Pycnonotidae,Passeriformes,24.9,3502649.29,1859,5.1503,Plain greenbul,30.86,8
Eurillas gracilis,Pycnonotidae,Passeriformes,21.63,3552112.86,1880,5.1055,Little grey greenbul,31.45,8
Eurillas latirostris,Pycnonotidae,Passeriformes,26.2,3682285.72,1844,4.9147,Yellow-whiskered greenbul,61.8,19
Eurillas virens,Pycnonotidae,Passeriformes,26.56,5766996.33,1857,5.0459,Little greenbul,72.39,12
Eurocephalus anguitimens,Laniidae,Passeriformes,69.04,1521047.71,1836,6.1619,Southern white-crowned shrike,155.32,8
Eurocephalus ruppelli,Laniidae,Passeriformes,50.6,1835004.73,1853,6.6336,Northern white-crowned shrike,160.81,3
Eurostopodus archboldi,Caprimulgidae,Caprimulgiformes,77.0,74591.66,1935,4.7752,Archbold's nightjar,49.62,7
Eurostopodus argus,Caprimulgidae,Caprimulgiformes,93.39,7005397.64,1892,5.4701,Spotted nightjar,206.16,12
Eurostopodus diabolicus,Caprimulgidae,Caprimulgiformes,104.38,2929.59,1931,6.2627,Satanic nightjar,873.37,8
Eurostopodus mystacalis,Caprimulgidae,Caprimulgiformes,134.52,989476.88,1826,4.6352,White-throated nightjar,173.26,19
Eurostopodus nigripennis,Caprimulgidae,Caprimulgiformes,134.52,24043.14,1882,5.1205,Solomons nightjar,50.35,11
Eurostopodus papuensis,Caprimulgidae,Caprimulgiformes,80.49,502860.66,1866,5.5103,Papuan nightjar,41.6,10
Euryceros prevostii,Vangidae,Passeriformes,96.93,16245.72,1831,6.8621,Helmet vanga,208.15,10
Eurylaimus ochromalus,Eurylaimidae,Passeriformes,33.3,1128803.82,1822,7.3226,Black-and-yellow broadbill,599.32,22
Euryptila subcinnamomea,Cisticolidae,Passeriformes,11.5,274057.07,1847,5.0699,Cinnamon-breasted warbler,26.74,14
Eurypyga helias,Eurypygidae,Eurypygiformes,210.0,8423208.45,1781,6.8973,,,38
Eurystomus azureus,Coraciidae,Coraciiformes,122.76,20693.58,1861,6.7064,Azure dollarbird,112.85,6
Eurystomus glaucurus,Coraciidae,Coraciiformes,110.0,13880859.89,1776,6.5318,Broad-billed roller,290.69,12
Eurystomus gularis,Coraciidae,Coraciiformes,96.29,2827968.86,1819,6.6049,Blue-throated roller,102.42,9
Eurystomus orientalis,Coraciidae,Coraciiformes,143.02,12922409.59,1766,6.5208,Oriental dollarbird,707.7,35
Euscarthmus meloryphus,Tyrannidae,Passeriformes,6.8,6211591.05,1831,5.8882,Fulvous-crowned scrub tyrant,29.29,23
Euscarthmus rufomarginatus,Tyrannidae,Passeriformes,6.0,2447901.78,1868,6.0647,Rufous-sided scrub tyrant,24.69,23
Euschistospiza cinereovinacea,Estrildidae,Passeriformes,12.0,143514.59,1889,6.5453,Dusky twinspot,33.88,8
Euschistospiza dybowskii,Estrildidae,Passeriformes,13.4,776837.64,1892,5.8041,Dybowski's twinspot,67.54,9
Eutoxeres aquila,Trochilidae,Caprimulgiformes,10.6,306610.24,1847,6.6262,White-tipped sicklebill,211.47,26
Eutoxeres condamini,Trochilidae,Caprimulgiformes,10.79,368098.4,1851,5.9777,Buff-tailed sicklebill,128.56,18
Eutrichomyias rowleyi,Lamproliidae,Passeriformes,19.0,14.9,1878,5.3705,Cerulean flycatcher,104.6,14
Eutriorchis astur,Accipitridae,Accipitriformes,700.0,34460.57,1875,5.4294,Madagascar serpent eagle,266.8,18
Falcipennis falcipennis,Phasianidae,Galliformes,685.61,692147.35,1855,6.3237,Siberian grouse,361.63,27
Falco alopex,Falconidae,Falconiformes,273.86,5286034.09,1861,6.4049,Fox kestrel,380.96,9
Falco amurensis,Falconidae,Falconiformes,141.87,2793291.94,1863,6.5138,Amur falcon,2878.77,92
Falco araeus,Falconidae,Falconiformes,79.77,222.23,1917,7.2133,Seychelles kestrel,397.01,16
Falco ardosiaceus,Falconidae,Falconiformes,234.16,7345675.56,1823,6.5788,Grey kestrel,313.54,16
Falco berigora,Falconidae,Falconiformes,587.01,8273511.57,1827,6.064,Brown falcon,1189.05,35
Falco biarmicus,Falconidae,Falconiformes,606.09,17892923.9,1825,6.7178,Lanner falcon,2827.46,163
Falco cenchroides,Falconidae,Falconiformes,170.47,7685043.14,1827,6.5621,Nankeen kestrel,1024.12,60
Falco cherrug,Falconidae,Falconiformes,961.21,11514254.26,1834,6.611,Saker falcon,4383.82,344
Falco columbarius,Falconidae,Falconiformes,188.5,26326086.22,1758,7.1746,Merlin (bird),10694.13,291
Falco concolor,Falconidae,Falconiformes,250.0,374520.47,1825,6.414,Sooty falcon,582.93,40
Falco cuvierii,Falconidae,Falconiformes,182.2,7436820.01,1830,6.2655,African hobby,344.52,12
Falco deiroleucus,Falconidae,Falconiformes,459.56,3323144.47,1825,7.0561,Orange-breasted falcon,459.75,68
Falco dickinsoni,Falconidae,Falconiformes,209.0,3765759.75,1864,6.4623,Dickinson's kestrel,215.8,11
Falco eleonorae,Falconidae,Falconiformes,390.0,121952.48,1839,6.4731,Eleonora's falcon,1590.62,112
Falco fasciinucha,Falconidae,Falconiformes,254.69,501059.82,1895,6.2691,Taita falcon,369.66,31
Falco femoralis,Falconidae,Falconiformes,335.76,12113135.74,1822,6.4561,Aplomado falcon,1333.51,97
Falco hypoleucos,Falconidae,Falconiformes,457.2,5366724.85,1841,6.1098,Grey falcon,527.07,40
Falco jugger,Falconidae,Falconiformes,755.0,2552980.42,1834,6.4744,Laggar falcon,868.15,31
Falco longipennis,Falconidae,Falconiformes,249.81,7754528.46,1838,6.9415,Australian hobby,585.43,28
Falco mexicanus,Falconidae,Falconiformes,713.07,3975634.14,1850,6.3398,Prairie falcon,2693.66,132
Falco moluccensis,Falconidae,Falconiformes,162.0,466435.96,1850,6.0198,Spotted kestrel,281.3,12
Falco naumanni,Falconidae,Falconiformes,152.06,9560575.62,1818,6.4098,Lesser kestrel,1819.1,301
Falco newtoni,Falconidae,Falconiformes,123.38,590995.81,1863,6.4602,Malagasy kestrel,334.6,13
Falco novaeseelandiae,Falconidae,Falconiformes,418.6,148523.7,1788,6.5249,New Zealand falcon,1557.88,43
Falco peregrinus,Falconidae,Falconiformes,759.95,38088662.45,1771,7.372,Peregrine falcon,69463.88,954
Falco punctatus,Falconidae,Falconiformes,167.41,157.55,1821,6.1729,Mauritius kestrel,1262.81,28
Falco rufigularis,Falconidae,Falconiformes,163.64,13377698.05,1800,6.9427,Bat falcon,877.59,51
Falco rupicoloides,Falconidae,Falconiformes,261.0,3191508.18,1829,6.4721,Greater kestrel,386.55,17
Falco rusticolus,Falconidae,Falconiformes,1431.72,8809463.94,1758,6.593,,,263
Falco severus,Falconidae,Falconiformes,200.64,3641161.59,1821,5.9396,Oriental hobby,270.61,18
Falco sparverius,Falconidae,Falconiformes,114.61,26638648.91,1758,6.5237,American kestrel,11475.6,459
Falco subbuteo,Falconidae,Falconiformes,208.17,28255832.68,1758,7.0869,Eurasian hobby,3584.39,164
Falco subniger,Falconidae,Falconiformes,776.04,5910471.62,1843,6.4387,Black falcon,730.23,52
Falco vespertinus,Falconidae,Falconiformes,151.49,9360235.41,1766,6.751,Red-footed falcon,1244.82,181
Falco zoniventris,Falconidae,Falconiformes,174.0,411893.8,1854,6.6051,Banded kestrel,202.93,9
Falculea palliata,Vangidae,Passeriformes,111.0,301726.39,1836,6.4624,Sickle-billed vanga,138.12,6
Ferminia cerverai,Troglodytidae,Passeriformes,26.0,2102.53,1926,5.4445,Zapata wren,161.68,14
Ficedula albicilla,Muscicapidae,Passeriformes,10.8,10678211.07,1811,6.1359,Taiga flycatcher,418.82,34
Ficedula albicollis,Muscicapidae,Passeriformes,12.69,2473537.35,1815,6.2038,Collared flycatcher,551.12,274
Ficedula basilanica,Muscicapidae,Passeriformes,13.54,116046.89,1877,5.2308,Little slaty flycatcher,44.12,12
Ficedula bonthaina,Muscicapidae,Passeriformes,12.06,819.18,1896,5.5019,Lompobattang flycatcher,26.67,9
Ficedula buruensis,Muscicapidae,Passeriformes,14.5,26661.65,1899,5.9355,Cinnamon-chested flycatcher,23.69,9
Ficedula crypta,Muscicapidae,Passeriformes,11.5,20661.05,1951,5.6653,Cryptic flycatcher,29.73,9
Ficedula dumetoria,Muscicapidae,Passeriformes,9.4,377877.31,1864,6.1407,Rufous-chested flycatcher,40.64,10
Ficedula elisae,Muscicapidae,Passeriformes,13.1,271834.93,1922,5.9188,Green-backed flycatcher,66.65,14
Ficedula erithacus,Muscicapidae,Passeriformes,10.0,1573474.27,1861,5.8671,Slaty-backed flycatcher,64.66,11
Ficedula harterti,Muscicapidae,Passeriformes,12.06,10702.41,1928,5.3331,Sumba flycatcher,32.07,8
Ficedula henrici,Muscicapidae,Passeriformes,14.5,196.38,1899,5.7946,Damar flycatcher,31.49,6
Ficedula hodgsoni,Muscicapidae,Passeriformes,10.0,821471.25,1854,6.2992,Pygmy flycatcher,44.62,8
Ficedula hyperythra,Muscicapidae,Passeriformes,8.2,2484967.86,1843,6.364,Snowy-browed flycatcher,108.68,15
Ficedula luzoniensis,Muscicapidae,Passeriformes,8.2,88047.0,1894,6.4168,Bundok flycatcher,33.0,4
Ficedula mugimaki,Muscicapidae,Passeriformes,11.7,5734054.5,1836,6.4797,Mugimaki flycatcher,163.55,25
Ficedula narcissina,Muscicapidae,Passeriformes,13.1,544878.05,1836,6.6082,Narcissus flycatcher,401.18,38
Ficedula nigrorufa,Muscicapidae,Passeriformes,9.36,21353.52,1839,7.0013,Black-and-orange flycatcher,283.66,23
Ficedula parva,Muscicapidae,Passeriformes,10.8,6006654.02,1792,6.0993,Red-breasted flycatcher,893.12,105
Ficedula platenae,Muscicapidae,Passeriformes,12.06,11490.79,1888,6.5767,Palawan flycatcher,68.46,10
Ficedula riedeli,Muscicapidae,Passeriformes,9.4,761.62,1886,6.0961,Tanimbar flycatcher,21.41,6
Ficedula ruficauda,Muscicapidae,Passeriformes,13.3,522545.61,1838,5.6618,Rusty-tailed flycatcher,91.65,8
Ficedula rufigula,Muscicapidae,Passeriformes,11.6,114166.09,1865,5.829,Rufous-throated flycatcher,24.67,8
Ficedula sapphira,Muscicapidae,Passeriformes,7.8,1401814.75,1843,6.277,Sapphire flycatcher,62.92,10
Ficedula semitorquata,Muscicapidae,Passeriformes,14.4,613104.55,1885,6.0191,Semicollared flycatcher,137.87,45
Ficedula strophiata,Muscicapidae,Passeriformes,12.84,1910324.82,1837,6.0462,Rufous-gorgeted flycatcher,80.28,18
Ficedula subrubra,Muscicapidae,Passeriformes,10.4,8323.65,1934,6.385,Kashmir flycatcher,245.78,19
Ficedula superciliaris,Muscicapidae,Passeriformes,8.0,1086206.8,1840,7.3903,Ultramarine flycatcher,403.93,14
Ficedula timorensis,Muscicapidae,Passeriformes,12.06,5830.43,1919,5.945,Black-banded flycatcher,28.85,8
Ficedula tricolor,Muscicapidae,Passeriformes,8.26,1598670.74,1845,5.8207,Slaty-blue flycatcher,82.13,13
Ficedula westermanni,Muscicapidae,Passeriformes,7.8,3265491.04,1888,6.2395,Little pied flycatcher,111.03,10
Ficedula zanthopygia,Muscicapidae,Passeriformes,12.11,2688431.56,1845,6.4769,Yellow-rumped flycatcher,164.58,34
Florisuga fusca,Trochilidae,Caprimulgiformes,8.0,669732.96,1817,6.4081,Black jacobin,284.72,53
Florisuga mellivora,Trochilidae,Caprimulgiformes,7.4,8105538.69,1758,7.1382,White-necked jacobin,545.92,56
Fluvicola albiventer,Tyrannidae,Passeriformes,11.6,5618018.64,1825,6.2025,Black-backed water tyrant,43.79,16
Fluvicola nengeta,Tyrannidae,Passeriformes,21.0,3642098.17,1766,5.999,Masked water tyrant,272.85,52
Fluvicola pica,Tyrannidae,Passeriformes,12.3,1658423.81,1783,6.5262,Pied water tyrant,65.49,19
Formicarius analis,Formicariidae,Passeriformes,62.19,5715479.2,1837,6.0272,Black-faced antthrush,111.84,35
Formicarius colma,Formicariidae,Passeriformes,47.0,6982041.19,1783,5.7006,Rufous-capped antthrush,57.44,39
Formicarius nigricapillus,Formicariidae,Passeriformes,56.2,108463.37,1893,5.7467,Black-headed antthrush,40.92,13
Formicarius rufifrons,Formicariidae,Passeriformes,55.5,11729.69,1957,5.1158,Rufous-fronted antthrush,25.37,10
Formicarius rufipectus,Formicariidae,Passeriformes,74.4,206331.95,1866,6.4397,Rufous-breasted antthrush,46.51,9
Formicivora erythronotos,Thamnophilidae,Passeriformes,10.3,131.33,1852,6.0855,Black-hooded antwren,30.55,17
Formicivora grantsaui,Thamnophilidae,Passeriformes,10.0,3516.85,2007,6.177,Sincorá antwren,28.04,23
Formicivora iheringi,Thamnophilidae,Passeriformes,8.2,20887.06,1909,5.0914,Narrow-billed antwren,32.11,20
Formicivora melanogaster,Thamnophilidae,Passeriformes,10.5,2649645.38,1868,5.9297,Black-bellied antwren,23.94,13
Formicivora rufa,Thamnophilidae,Passeriformes,10.8,4090899.87,1831,6.003,Rusty-backed antwren,22.82,15
Forpus coelestis,Psittacidae,Psittaciformes,26.14,147204.19,1847,7.1954,Pacific parrotlet,1527.03,44
Forpus conspicillatus,Psittacidae,Psittaciformes,26.4,321378.79,1848,6.9084,Spectacled parrotlet,293.29,20
Forpus cyanopygius,Psittacidae,Psittaciformes,33.5,115539.41,1856,6.688,Mexican parrotlet,319.08,38
Forpus modestus,Psittacidae,Psittaciformes,27.2,2850135.48,1848,6.1663,Dusky-billed parrotlet,179.13,8
Forpus passerinus,Psittacidae,Psittaciformes,23.0,1060411.64,1758,6.5557,Green-rumped parrotlet,1042.99,43
Forpus xanthops,Psittacidae,Psittaciformes,35.0,2369.79,1895,7.0537,Yellow-faced parrotlet,216.33,28
Foudia aldabrana,Ploceidae,Passeriformes,24.51,159.45,1893,6.8327,Aldabra fody,70.05,10
Foudia flavicans,Ploceidae,Passeriformes,15.34,4.84,1865,6.7688,Rodrigues fody,137.94,11
Foudia madagascariensis,Ploceidae,Passeriformes,16.59,590835.82,1766,6.6307,Red fody,616.46,44
Foudia omissa,Ploceidae,Passeriformes,18.9,127433.64,1912,7.6917,Forest fody,54.41,10
Foudia rubra,Ploceidae,Passeriformes,17.7,11.86,1789,6.7306,Mauritius fody,312.48,20
Foudia sechellarum,Ploceidae,Passeriformes,17.1,3.64,1867,5.6978,Seychelles fody,136.1,23
Foulehaio carunculatus,Meliphagidae,Passeriformes,37.0,4217.23,1788,5.3631,Polynesian wattled honeyeater,58.69,12
Foulehaio procerior,Meliphagidae,Passeriformes,37.0,11243.36,1867,5.6899,,,5
Foulehaio taviunensis,Meliphagidae,Passeriformes,37.0,6176.31,1891,5.5138,Fiji wattled honeyeater,38.58,3
Francolinus francolinus,Phasianidae,Galliformes,452.07,2982416.91,1766,6.2054,Black francolin,2337.23,129
Francolinus pictus,Phasianidae,Galliformes,286.84,1554139.43,1828,6.2553,Painted francolin,375.3,10
Francolinus pintadeanus,Phasianidae,Galliformes,310.0,2072227.73,1786,5.8655,Chinese francolin,301.93,33
Fraseria caerulescens,Muscicapidae,Passeriformes,17.6,7513617.5,1865,5.729,Ashy flycatcher,107.18,5
Fraseria cinerascens,Muscicapidae,Passeriformes,23.1,3468124.59,1857,5.6881,White-browed forest flycatcher,24.56,12
Fraseria griseigularis,Muscicapidae,Passeriformes,12.6,2481287.77,1906,4.6188,Grey-throated tit-flycatcher,29.62,5
Fraseria lendu,Muscicapidae,Passeriformes,17.68,37404.93,1932,5.2631,Chapin's flycatcher,37.81,9
Fraseria ocreata,Muscicapidae,Passeriformes,35.5,3285812.96,1844,5.5452,Fraser's forest flycatcher,27.88,7
Fraseria olivascens,Muscicapidae,Passeriformes,15.41,1272600.1,1859,4.3336,Olivaceous flycatcher,22.12,5
Fraseria plumbea,Muscicapidae,Passeriformes,12.8,7861104.0,1858,5.447,Grey tit-flycatcher,67.55,4
Fraseria tessmanni,Muscicapidae,Passeriformes,17.7,202676.5,1907,5.2368,Tessmann's flycatcher,20.55,5
Fratercula arctica,Alcidae,Charadriiformes,593.01,1955692.47,1758,7.2142,Atlantic puffin,15861.17,334
Fratercula cirrhata,Alcidae,Charadriiformes,774.37,1056388.21,1769,6.5965,Tufted puffin,3696.84,73
Fratercula corniculata,Alcidae,Charadriiformes,536.14,1467964.71,1821,7.3158,Horned puffin,2405.83,35
Frederickena viridis,Thamnophilidae,Passeriformes,76.0,1266903.39,1816,6.2952,Black-throated antshrike,24.02,10
Fregata andrewsi,Fregatidae,Suliformes,1473.09,1.89,1914,5.2125,Christmas frigatebird,473.46,49
Fregata aquila,Fregatidae,Suliformes,1620.0,2548973.33,1758,5.9918,Ascension frigatebird,369.09,31
Fregata ariel,Fregatidae,Suliformes,804.32,94658392.52,1845,5.2327,Lesser frigatebird,842.42,58
Fregata magnificens,Fregatidae,Suliformes,1490.52,191468.89,1914,6.1116,Magnificent frigatebird,4510.93,207
Fregata minor,Fregatidae,Suliformes,1274.67,24816.16,1789,5.8183,Great frigatebird,2400.85,95
Fregetta grallaria,Oceanitidae,Procellariiformes,50.58,75851931.13,1818,4.9847,White-bellied storm petrel,156.03,50
Fregetta maoriana,Oceanitidae,Procellariiformes,34.5,1598996.36,1932,5.1366,New Zealand storm petrel,236.39,14
Fregetta tropica,Oceanitidae,Procellariiformes,52.0,29279.55,1844,5.005,Black-bellied storm petrel,175.61,43
Fringilla coelebs,Fringillidae,Passeriformes,23.81,13931193.45,1758,5.6498,Eurasian chaffinch,6839.0,379
Fringilla montifringilla,Fringillidae,Passeriformes,23.19,13666715.85,1758,5.6871,,,116
Fringilla polatzeki,Fringillidae,Passeriformes,30.3,33.67,1905,5.9332,Gran Canaria blue chaffinch,319.05,31
Fringilla teydea,Fringillidae,Passeriformes,30.3,349.94,1836,6.7384,Tenerife blue chaffinch,379.29,44
Fulica alai,Rallidae,Gruiformes,459.0,1148.4,1848,4.8957,Hawaiian coot,860.83,25
Fulica americana,Rallidae,Gruiformes,636.74,10934633.24,1789,5.1932,American coot,6827.01,166
Fulica ardesiaca,Rallidae,Gruiformes,987.99,594594.35,1843,5.1035,Andean coot,220.57,41
Fulica armillata,Rallidae,Gruiformes,1040.0,2733323.64,1817,5.3917,Red-gartered coot,171.22,28
Fulica atra,Rallidae,Gruiformes,717.12,33490842.86,1758,5.5217,Eurasian coot,5179.69,401
Fulica cornuta,Rallidae,Gruiformes,2110.36,223464.94,1853,4.9125,Horned coot,211.59,17
Fulica cristata,Rallidae,Gruiformes,826.0,5291448.7,1789,5.8729,Red-knobbed coot,511.77,73
Fulica gigantea,Rallidae,Gruiformes,2442.74,534521.72,1841,5.6763,Giant coot,362.21,23
Fulica leucoptera,Rallidae,Gruiformes,656.0,3041454.41,1817,5.1743,White-winged coot,149.28,18
Fulica rufifrons,Rallidae,Gruiformes,644.0,1255982.21,1861,5.126,Red-fronted coot,171.88,22
Fulmarus glacialis,Procellariidae,Procellariiformes,611.94,29451058.1,1761,5.2757,Northern fulmar,2119.33,269
Fulmarus glacialoides,Procellariidae,Procellariiformes,793.42,97370037.04,1840,5.415,Southern fulmar,349.03,46
Fulvetta cinereiceps,Sylviidae,Passeriformes,10.0,974328.46,1870,5.8952,Grey-hooded fulvetta,36.32,12
Fulvetta danisi,Sylviidae,Passeriformes,11.0,26593.1,1941,5.2909,Indochinese fulvetta,27.97,6
Fulvetta formosana,Sylviidae,Passeriformes,10.0,8592.64,1906,5.6478,Taiwan fulvetta,41.48,12
Fulvetta ludlowi,Sylviidae,Passeriformes,10.5,33199.73,1935,6.1633,Brown-throated fulvetta,45.44,7
Fulvetta manipurensis,Sylviidae,Passeriformes,10.0,239413.65,1906,6.1164,Manipur fulvetta,47.12,14
Fulvetta ruficapilla,Sylviidae,Passeriformes,9.0,552478.8,1870,5.6846,Spectacled fulvetta,34.54,13
Fulvetta striaticollis,Sylviidae,Passeriformes,13.16,427621.63,1870,5.4459,Chinese fulvetta,46.12,14
Fulvetta vinipectus,Sylviidae,Passeriformes,11.95,559498.48,1837,6.3508,White-browed fulvetta,66.44,11
Furnarius cristatus,Furnariidae,Passeriformes,25.5,679538.36,1888,5.8067,Crested hornero,49.18,13
Furnarius figulus,Furnariidae,Passeriformes,28.0,1971356.28,1823,5.5479,Band-tailed hornero,43.77,11
Furnarius minor,Furnariidae,Passeriformes,25.82,319149.09,1858,5.6406,Lesser hornero,32.02,9
Furnarius rufus,Furnariidae,Passeriformes,46.42,6181562.76,1788,5.7855,Rufous hornero,1893.08,108
Furnarius torridus,Furnariidae,Passeriformes,52.3,87570.32,1866,4.8725,Bay hornero,38.12,8
Gactornis enarratus,Caprimulgidae,Caprimulgiformes,52.8,226375.93,1871,6.0266,Collared nightjar,68.17,8
Galbalcyrhynchus leucotis,Galbulidae,Piciformes,46.9,479718.92,1845,6.9852,White-eared jacamar,60.48,12
Galbalcyrhynchus purusianus,Galbulidae,Piciformes,50.0,821108.37,1904,6.1118,Purus jacamar,43.09,7
Galbula chalcothorax,Galbulidae,Piciformes,23.91,816560.67,1855,6.0987,Purplish jacamar,38.23,6
Galbula cyanescens,Galbulidae,Piciformes,25.3,1188886.92,1849,6.7104,Bluish-fronted jacamar,48.61,11
Galbula cyanicollis,Galbulidae,Piciformes,23.23,2705041.54,1851,6.9501,Blue-necked jacamar,36.24,11
Galbula dea,Galbulidae,Piciformes,27.4,5923896.48,1758,7.5098,Paradise jacamar,66.28,12
Galbula galbula,Galbulidae,Piciformes,23.0,1927640.44,1766,7.6928,Green-tailed jacamar,63.76,9
Galbula leucogastra,Galbulidae,Piciformes,15.9,2991415.41,1817,6.8716,Bronzy jacamar,43.8,9
Galbula pastazae,Galbulidae,Piciformes,31.8,21286.74,1885,7.155,Coppery-chested jacamar,44.45,18
Galbula ruficauda,Galbulidae,Piciformes,26.5,7606947.12,1816,7.176,Rufous-tailed jacamar,281.93,34
Galbula tombacea,Galbulidae,Piciformes,23.18,969424.78,1824,7.2017,White-chinned jacamar,40.58,9
Galerida deva,Alaudidae,Passeriformes,19.89,832847.98,1832,5.7995,Sykes's lark,96.76,9
Galerida magnirostris,Alaudidae,Passeriformes,41.6,692806.52,1826,4.7283,Large-billed lark,51.92,12
Galerida malabarica,Alaudidae,Passeriformes,38.17,213051.54,1786,5.3099,Malabar lark,113.79,16
Galerida modesta,Alaudidae,Passeriformes,20.2,3249298.44,1864,4.7183,Sun lark,48.32,8
Galerida theklae,Alaudidae,Passeriformes,38.17,2270448.11,1857,5.4547,Thekla's lark,177.01,40
Gallicolumba crinigera,Columbidae,Columbiformes,192.15,94066.4,1851,4.9399,Mindanao bleeding-heart,502.86,11
Gallicolumba keayi,Columbidae,Columbiformes,190.5,24352.06,1900,6.1403,Negros bleeding-heart pigeon,424.96,21
Gallicolumba luzonica,Columbidae,Columbiformes,196.0,107374.52,1786,6.2518,Luzon bleeding-heart,2140.1,18
Gallicolumba platenae,Columbidae,Columbiformes,196.0,475.23,1893,5.8471,Mindoro bleeding-heart,421.98,12
Gallicolumba rufigula,Columbidae,Columbiformes,130.0,731477.39,1853,6.0122,Cinnamon ground dove,149.79,8
Gallicolumba tristigmata,Columbidae,Columbiformes,275.0,171123.3,1855,5.3524,Sulawesi ground dove,150.17,12
Gallicrex cinerea,Rallidae,Gruiformes,390.39,10850084.73,1789,5.8087,,,43
Gallinago andina,Scolopacidae,Charadriiformes,109.44,777835.47,1875,5.7341,Puna snipe,52.33,16
Gallinago delicata,Scolopacidae,Charadriiformes,112.94,11985774.53,1825,5.4924,Wilson's snipe,1477.92,75
Gallinago gallinago,Scolopacidae,Charadriiformes,112.94,20105909.91,1758,5.7639,Common snipe,3167.03,230
Gallinago hardwickii,Scolopacidae,Charadriiformes,151.31,251911.82,1831,5.792,Latham's snipe,247.59,24
Gallinago imperialis,Scolopacidae,Charadriiformes,252.0,77754.43,1869,5.4827,Imperial snipe,68.52,11
Gallinago jamesoni,Scolopacidae,Charadriiformes,166.0,261600.58,1855,5.4083,Jameson's snipe,74.78,16
Gallinago macrodactyla,Scolopacidae,Charadriiformes,216.0,220000.71,1839,4.9477,Madagascar snipe,43.78,13
Gallinago media,Scolopacidae,Charadriiformes,169.96,7813688.34,1787,5.5654,Great snipe,637.51,111
Gallinago megala,Scolopacidae,Charadriiformes,121.0,3448607.9,1861,5.687,Swinhoe's snipe,155.03,43
Gallinago nemoricola,Scolopacidae,Charadriiformes,167.67,468114.51,1836,5.1617,Wood snipe,161.1,33
Gallinago nigripennis,Scolopacidae,Charadriiformes,112.0,5609482.86,1839,6.2454,African snipe,161.94,23
Gallinago nobilis,Scolopacidae,Charadriiformes,192.44,259666.16,1856,5.9683,Noble snipe,56.84,14
Gallinago solitaria,Scolopacidae,Charadriiformes,140.11,4202662.65,1831,5.7461,Solitary snipe,141.42,33
Gallinago stenura,Scolopacidae,Charadriiformes,113.0,8781511.92,1831,5.6196,Pin-tailed snipe,338.7,65
Gallinago stricklandii,Scolopacidae,Charadriiformes,252.0,330467.4,1845,5.4142,Fuegian snipe,71.5,21
Gallinago undulata,Scolopacidae,Charadriiformes,312.42,2585357.36,1783,5.9078,Giant snipe,113.75,23
Gallinula chloropus,Rallidae,Gruiformes,339.63,38515141.7,1758,5.2236,Common moorhen,4762.12,315
Gallinula comeri,Rallidae,Gruiformes,512.99,64.14,1892,5.3388,Gough moorhen,364.54,15
Gallinula galeata,Rallidae,Gruiformes,339.63,13770097.15,1818,6.0429,Common gallinule,2368.17,80
Gallinula tenebrosa,Rallidae,Gruiformes,530.1,3787334.48,1846,5.8354,Dusky moorhen,793.84,17
Gallirallus australis,Rallidae,Gruiformes,875.72,41536.8,1786,4.8737,,,74
Gallirex johnstoni,Musophagidae,Musophagiformes,240.0,16706.27,1901,7.3337,Rwenzori turaco,202.62,5
Gallirex porphyreolophus,Musophagidae,Musophagiformes,259.0,2166499.58,1831,7.5261,Purple-crested turaco,585.65,14
Galloperdix bicalcarata,Phasianidae,Galliformes,290.93,37679.97,1781,5.4166,Sri Lanka spurfowl,241.9,8
Galloperdix lunulata,Phasianidae,Galliformes,254.39,1390384.27,1825,5.6034,Painted spurfowl,246.08,6
Galloperdix spadicea,Phasianidae,Galliformes,359.07,1175974.86,1789,5.3675,Red spurfowl,405.74,8
Gallus gallus,Phasianidae,Galliformes,751.72,5096258.34,1758,6.6138,Red junglefowl,20449.72,4543
Gallus lafayettii,Phasianidae,Galliformes,825.0,55601.24,1831,5.6737,Sri Lankan junglefowl,4105.77,13
Gallus sonneratii,Phasianidae,Galliformes,840.82,1030202.68,1813,5.7691,Grey junglefowl,4370.58,27
Gallus varius,Phasianidae,Galliformes,839.29,187699.86,1798,6.5587,Green junglefowl,2336.2,63
Gampsonyx swainsonii,Accipitridae,Accipitriformes,92.9,10266134.72,1825,6.032,Pearl kite,459.25,32
Gampsorhynchus rufulus,Pellorneidae,Passeriformes,37.0,453698.09,1844,6.1379,White-hooded babbler,42.62,9
Gampsorhynchus torquatus,Pellorneidae,Passeriformes,37.0,476245.25,1874,5.751,Collared babbler,32.44,8
Garritornis isidorei,Pomatostomidae,Passeriformes,70.0,561083.93,1827,4.6682,Papuan babbler,27.89,6
Garrodia nereis,Oceanitidae,Procellariiformes,38.2,28460926.48,1841,5.4144,Grey-backed storm petrel,129.33,20
Garrulax annamensis,Leiotrichidae,Passeriformes,78.8,8040.52,1919,5.8874,Orange-breasted laughingthrush,45.45,7
Garrulax bicolor,Leiotrichidae,Passeriformes,123.44,67096.21,1844,4.2953,Sumatran laughingthrush,128.72,16
Garrulax canorus,Leiotrichidae,Passeriformes,62.78,1868020.76,1758,6.1562,Chinese hwamei,952.57,79
Garrulax castanotis,Leiotrichidae,Passeriformes,97.5,113031.18,1899,5.0965,Rufous-cheeked laughingthrush,41.43,6
Garrulax ferrarius,Leiotrichidae,Passeriformes,131.5,1251.47,1930,5.1937,Cambodian laughingthrush,36.95,7
Garrulax leucolophus,Leiotrichidae,Passeriformes,123.44,1715209.64,1816,6.5266,White-crested laughingthrush,680.25,28
Garrulax maesi,Leiotrichidae,Passeriformes,112.5,725718.27,1890,4.6538,Grey laughingthrush,31.78,16
Garrulax merulinus,Leiotrichidae,Passeriformes,78.8,498651.88,1851,5.5837,Spot-breasted laughingthrush,46.22,5
Garrulax milleti,Leiotrichidae,Passeriformes,112.5,24188.02,1919,6.1156,Black-hooded laughingthrush,40.45,14
Garrulax monileger,Leiotrichidae,Passeriformes,83.7,2496742.03,1836,5.7775,Lesser necklaced laughingthrush,83.44,15
Garrulax palliatus,Leiotrichidae,Passeriformes,70.0,129082.81,1850,6.0136,Sunda laughingthrush,50.05,7
Garrulax rufifrons,Leiotrichidae,Passeriformes,101.5,4771.68,1831,4.7324,Rufous-fronted laughingthrush,322.43,10
Garrulax strepitans,Leiotrichidae,Passeriformes,131.5,247234.99,1855,5.7569,White-necked laughingthrush,67.24,7
Garrulax taewanus,Leiotrichidae,Passeriformes,62.78,23890.52,1859,5.132,Taiwan hwamei,96.52,17
Garrulus lanceolatus,Corvidae,Passeriformes,97.7,322480.19,1831,6.2187,Black-headed jay,298.32,9
Garrulus lidthi,Corvidae,Passeriformes,125.0,815.32,1850,6.408,Lidth's jay,481.2,16
Gavia adamsii,Gaviidae,Gaviiformes,4944.34,4030133.52,1859,5.9521,Yellow-billed loon,1185.17,87
Gavia arctica,Gaviidae,Gaviiformes,2251.1,18911193.89,1758,6.2505,Black-throated loon,2061.5,126
Gavia immer,Gaviidae,Gaviiformes,4956.81,9453280.12,1764,6.8395,Common loon,10759.17,236
Gavia pacifica,Gaviidae,Gaviiformes,2251.1,5397186.87,1858,6.6915,Pacific loon,1281.2,91
Gavia stellata,Gaviidae,Gaviiformes,1486.0,16657775.71,1763,5.9577,Red-throated loon,2748.23,201
Gavicalis fasciogularis,Meliphagidae,Passeriformes,26.79,43256.67,1854,5.4386,Mangrove honeyeater,62.42,7
Gavicalis versicolor,Meliphagidae,Passeriformes,36.65,161900.97,1843,5.7606,Varied honeyeater,50.03,7
Gavicalis virescens,Meliphagidae,Passeriformes,23.33,7306702.44,1817,5.8487,Singing honeyeater,243.28,6
Gecinulus grantia,Picidae,Piciformes,76.02,750304.84,1840,6.065,Pale-headed woodpecker,61.44,11
Gecinulus viridis,Picidae,Piciformes,69.2,187614.02,1862,6.38,Bamboo woodpecker,63.96,5
Gennaeodryas placens,Petroicidae,Passeriformes,25.45,18802.3,1879,5.1779,Banded yellow robin,34.62,7
Geobiastes squamiger,Brachypteraciidae,Coraciiformes,155.0,21195.48,1838,6.5795,Scaly ground roller,90.13,14
Geocerthia serrana,Furnariidae,Passeriformes,48.7,92999.64,1875,5.195,Striated earthcreeper,16.46,12
Geococcyx californianus,Cuculidae,Cuculiformes,376.0,3008009.53,1829,6.44,Greater roadrunner,9877.46,103
Geococcyx velox,Cuculidae,Cuculiformes,179.89,517104.33,1836,5.5899,Lesser roadrunner,1392.81,32
Geocolaptes olivaceus,Picidae,Piciformes,120.0,773995.64,1788,5.3313,Ground woodpecker,189.03,15
Geoffroyus geoffroyi,Psittacidae,Psittaciformes,164.0,793407.63,1811,6.6844,Red-cheeked parrot,218.42,17
Geoffroyus simplex,Psittacidae,Psittaciformes,161.0,251222.71,1874,5.716,Blue-collared parrot,168.2,8
Geokichla camaronensis,Turdidae,Passeriformes,44.0,164369.2,1905,5.2109,Black-eared ground thrush,37.58,10
Geokichla cinerea,Turdidae,Passeriformes,63.0,114921.74,1894,5.7841,Ashy thrush,71.89,17
Geokichla citrina,Turdidae,Passeriformes,53.3,3199105.31,1790,6.1124,Orange-headed thrush,987.51,30
Geokichla crossleyi,Turdidae,Passeriformes,72.0,79399.47,1871,5.5052,Crossley's ground thrush,26.44,9
Geokichla dohertyi,Turdidae,Passeriformes,56.3,14083.94,1896,6.2314,Chestnut-backed thrush,129.63,21
Geokichla dumasi,Turdidae,Passeriformes,49.49,8554.35,1899,4.7922,Buru thrush,28.59,5
Geokichla erythronota,Turdidae,Passeriformes,56.32,157827.32,1859,5.6333,Red-backed thrush,46.24,27
Geokichla gurneyi,Turdidae,Passeriformes,57.85,421268.02,1864,6.1449,Orange ground thrush,140.19,9
Geokichla guttata,Turdidae,Passeriformes,57.5,43468.22,1831,5.2449,Spotted ground thrush,93.57,18
Geokichla interpres,Turdidae,Passeriformes,81.91,674548.8,1828,6.0125,Chestnut-capped thrush,65.63,20
Geokichla joiceyi,Turdidae,Passeriformes,49.49,18691.52,1921,5.8992,Seram thrush,29.2,9
Geokichla leucolaema,Turdidae,Passeriformes,49.5,400.05,1892,3.7117,Enggano thrush,36.42,7
Geokichla mendeni,Turdidae,Passeriformes,56.32,7801.76,1939,5.6882,Red-and-black thrush,38.28,11
Geokichla oberlaenderi,Turdidae,Passeriformes,43.4,52465.93,1914,4.6536,Oberländer's ground thrush,78.51,7
Geokichla peronii,Turdidae,Passeriformes,49.5,32498.43,1818,6.2765,Orange-sided thrush,43.78,8
Geokichla piaggiae,Turdidae,Passeriformes,51.1,328100.35,1877,5.928,Abyssinian ground thrush,76.87,13
Geokichla princei,Turdidae,Passeriformes,65.4,453479.33,1874,5.0042,Grey ground thrush,32.67,16
Geokichla schistacea,Turdidae,Passeriformes,49.5,3508.65,1884,5.4714,Slaty-backed thrush,29.78,22
Geokichla sibirica,Turdidae,Passeriformes,75.5,7499143.62,1776,5.9295,Siberian thrush,249.68,23
Geokichla spiloptera,Turdidae,Passeriformes,70.0,11408.73,1847,5.2499,Spot-winged thrush,78.13,9
Geokichla wardii,Turdidae,Passeriformes,58.6,96522.48,1843,5.7531,Pied thrush,110.47,14
Geopelia cuneata,Columbidae,Columbiformes,31.6,5703540.33,1801,6.0393,Diamond dove,1570.17,59
Geopelia humeralis,Columbidae,Columbiformes,128.42,2758465.78,1821,5.7776,Bar-shouldered dove,324.5,22
Geopelia maugeus,Columbidae,Columbiformes,56.6,85270.16,1809,5.6865,Barred dove,135.95,6
Geopelia placida,Columbidae,Columbiformes,47.8,5572643.25,1844,5.4746,Peaceful dove,701.43,18
Geopelia striata,Columbidae,Columbiformes,56.6,1047872.82,1766,5.2063,Zebra dove,2677.71,86
Geophaps plumifera,Columbidae,Columbiformes,94.33,1860384.76,1842,6.6143,Spinifex pigeon,729.72,28
Geophaps scripta,Columbidae,Columbiformes,221.4,953627.9,1821,5.3012,Squatter pigeon,180.72,13
Geophaps smithii,Columbidae,Columbiformes,194.0,47102.86,1830,5.4059,Partridge pigeon,158.55,26
Geositta antarctica,Furnariidae,Passeriformes,36.87,107683.56,1880,4.9014,Short-billed miner,28.71,14
Geositta crassirostris,Furnariidae,Passeriformes,55.8,51583.5,1866,5.141,Thick-billed miner,25.36,16
Geositta cunicularia,Furnariidae,Passeriformes,28.5,2912290.54,1816,4.8089,Common miner,140.17,34
Geositta isabellina,Furnariidae,Passeriformes,42.7,63743.16,1864,5.0402,Creamy-rumped miner,24.93,19
Geositta maritima,Furnariidae,Passeriformes,16.49,158400.3,1837,4.6086,Greyish miner,18.96,14
Geositta peruviana,Furnariidae,Passeriformes,20.8,54662.98,1847,4.8403,Coastal miner,30.97,38
Geositta poeciloptera,Furnariidae,Passeriformes,17.97,1456963.68,1830,5.759,Campo miner,27.83,41
Geositta punensis,Furnariidae,Passeriformes,25.8,382860.93,1917,5.4796,Puna miner,27.02,23
Geositta rufipennis,Furnariidae,Passeriformes,32.37,757788.0,1860,5.3789,Rufous-banded miner,29.24,22
Geositta saxicolina,Furnariidae,Passeriformes,32.93,44751.85,1875,5.0304,Dark-winged miner,24.36,17
Geositta tenuirostris,Furnariidae,Passeriformes,32.2,622360.29,1836,5.5236,Slender-billed miner,26.22,17
Geospiza acutirostris,Thraupidae,Passeriformes,12.3,15.38,1894,5.9677,Genovesa ground finch,89.43,9
Geospiza conirostris,Thraupidae,Passeriformes,27.6,64.11,1890,5.5852,Española cactus finch,263.05,19
Geospiza difficilis,Thraupidae,Passeriformes,12.3,1286.54,1888,4.736,Sharp-beaked ground finch,386.38,17
Geospiza fortis,Thraupidae,Passeriformes,24.0,7699.87,1837,6.1841,Medium ground finch,784.66,66
Geospiza fuliginosa,Thraupidae,Passeriformes,14.5,8302.07,1837,5.2542,Small ground finch,309.94,46
Geospiza heliobates,Thraupidae,Passeriformes,18.0,12.04,1901,5.681,Mangrove finch,248.37,9
Geospiza pallida,Thraupidae,Passeriformes,23.1,6852.84,1870,5.5823,Woodpecker finch,540.24,10
Geospiza parvula,Thraupidae,Passeriformes,13.2,7505.39,1837,5.57,Small tree finch,332.92,7
Geospiza pauper,Thraupidae,Passeriformes,16.0,23.08,1890,5.4328,Medium tree finch,205.89,8
Geospiza psittacula,Thraupidae,Passeriformes,18.7,7083.33,1837,5.6085,Large tree finch,162.62,8
Geospiza scandens,Thraupidae,Passeriformes,22.7,7103.03,1837,5.2025,Common cactus finch,335.31,24
Geospizopsis plebejus,Thraupidae,Passeriformes,14.68,950611.7,1844,5.207,Ash-breasted sierra finch,36.82,16
Geospizopsis unicolor,Thraupidae,Passeriformes,21.9,1358301.99,1837,6.0707,Plumbeous sierra finch,49.55,17
Geothlypis beldingi,Parulidae,Passeriformes,15.7,3820.02,1882,5.7778,Belding's yellowthroat,63.31,46
Geothlypis flavovelata,Parulidae,Passeriformes,10.9,51944.85,1896,6.2513,Altamira yellowthroat,62.65,21
Geothlypis formosa,Parulidae,Passeriformes,14.0,1970256.38,1811,6.56,Kentucky warbler,855.25,76
Geothlypis nelsoni,Parulidae,Passeriformes,11.0,117193.33,1900,6.6695,Hooded yellowthroat,36.91,25
Geothlypis philadelphia,Parulidae,Passeriformes,11.74,2709565.27,1810,6.5617,Mourning warbler,474.67,70
Geothlypis poliocephala,Parulidae,Passeriformes,14.6,859573.04,1865,6.836,Grey-crowned yellowthroat,38.04,17
Geothlypis rostrata,Parulidae,Passeriformes,16.1,8764.16,1867,6.0376,Bahama yellowthroat,85.69,10
Geothlypis speciosa,Parulidae,Passeriformes,10.8,496.24,1859,6.526,Black-polled yellowthroat,53.05,35
Geothlypis tolmiei,Parulidae,Passeriformes,10.4,2622229.48,1839,6.144,MacGillivray's warbler,400.4,88
Geothlypis trichas,Parulidae,Passeriformes,9.54,12826786.25,1766,6.1425,Common yellowthroat,2008.11,175
Geotrygon caniceps,Columbidae,Columbiformes,192.0,23265.89,1852,5.7043,Grey-fronted quail-dove,86.3,13
Geotrygon chrysia,Columbidae,Columbiformes,169.0,207769.78,1855,5.9434,Key West quail-dove,211.06,8
Geotrygon leucometopia,Columbidae,Columbiformes,192.0,4828.19,1917,5.2746,White-fronted quail-dove,90.05,11
Geotrygon montana,Columbidae,Columbiformes,133.86,13251114.74,1758,5.2793,Ruddy quail-dove,328.81,66
Geotrygon mystacea,Columbidae,Columbiformes,211.0,13979.55,1811,5.7646,Bridled quail-dove,153.32,14
Geotrygon purpurata,Columbidae,Columbiformes,129.0,57184.69,1878,6.3179,Purple quail-dove,74.46,26
Geotrygon saphirina,Columbidae,Columbiformes,203.0,569182.48,1855,6.2,Sapphire quail-dove,80.58,14
Geotrygon versicolor,Columbidae,Columbiformes,225.0,11021.79,1846,6.3125,Crested quail-dove,134.77,9
Geotrygon violacea,Columbidae,Columbiformes,95.2,1490404.57,1809,5.5536,Violaceous quail-dove,95.32,20
Geranoaetus albicaudatus,Accipitridae,Accipitriformes,885.0,9466789.11,1816,6.619,White-tailed hawk,1178.43,38
Geranoaetus melanoleucus,Accipitridae,Accipitriformes,2378.62,6807951.84,1819,6.794,Black-chested buzzard-eagle,1265.78,92
Geranoaetus polyosoma,Accipitridae,Accipitriformes,782.61,3165493.22,1824,6.084,Variable hawk,342.27,69
Geranospiza caerulescens,Accipitridae,Accipitriformes,302.5,14333669.12,1817,6.0984,Crane hawk,378.4,51
Geronticus calvus,Threskiornithidae,Pelecaniformes,1202.0,206914.23,1783,5.7141,Southern bald ibis,458.01,31
Geronticus eremita,Threskiornithidae,Pelecaniformes,1202.0,644.23,1758,5.1564,Northern bald ibis,2912.48,132
Gerygone albofrontata,Acanthizidae,Passeriformes,10.26,790.01,1845,5.6909,Chatham Islands gerygone,7.47,4
Gerygone chloronota,Acanthizidae,Passeriformes,6.6,1009439.84,1843,5.408,Green-backed gerygone,36.0,10
Gerygone chrysogaster,Acanthizidae,Passeriformes,8.0,557753.52,1858,4.9354,Yellow-bellied gerygone,33.67,9
Gerygone dorsalis,Acanthizidae,Passeriformes,7.2,7004.78,1883,5.2832,Rufous-sided gerygone,24.07,4
Gerygone fusca,Acanthizidae,Passeriformes,5.4,2747581.75,1838,4.9506,Western gerygone,76.41,11
Gerygone hypoxantha,Acanthizidae,Passeriformes,7.2,2524.27,1878,5.5032,Biak gerygone,26.48,8
Gerygone igata,Acanthizidae,Passeriformes,6.4,268886.76,1830,4.8731,Grey warbler,402.78,28
Gerygone inornata,Acanthizidae,Passeriformes,7.2,33197.31,1864,5.4285,Plain gerygone,41.02,6
Gerygone levigaster,Acanthizidae,Passeriformes,6.2,342256.68,1843,5.0188,Mangrove gerygone,58.38,5
Gerygone magnirostris,Acanthizidae,Passeriformes,6.8,1205051.15,1843,5.1661,Large-billed gerygone,49.82,19
Gerygone modesta,Acanthizidae,Passeriformes,7.5,37.88,1860,5.0001,Norfolk gerygone,69.42,10
Gerygone mouki,Acanthizidae,Passeriformes,5.2,387637.87,1912,5.4157,Brown gerygone,84.41,16
Gerygone olivacea,Acanthizidae,Passeriformes,6.72,2358084.06,1838,5.218,White-throated gerygone,84.03,9
Gerygone palpebrosa,Acanthizidae,Passeriformes,7.4,969224.38,1865,5.3211,Fairy gerygone,153.86,13
Gerygone ruficollis,Acanthizidae,Passeriformes,7.0,107780.49,1876,5.5906,Brown-breasted gerygone,21.66,5
Gerygone sulphurea,Acanthizidae,Passeriformes,5.6,1733224.34,1864,5.7951,Golden-bellied gerygone,172.19,14
Gerygone tenebrosa,Acanthizidae,Passeriformes,7.68,39187.75,1901,5.5166,Dusky gerygone,38.35,9
Glareola cinerea,Glareolidae,Charadriiformes,37.4,3439738.6,1843,6.408,Grey pratincole,54.98,6
Glareola lactea,Glareolidae,Charadriiformes,39.8,3735669.19,1820,6.8369,Small pratincole,256.82,37
Glareola maldivarum,Glareolidae,Charadriiformes,75.2,6014195.65,1795,5.9938,Oriental pratincole,415.17,50
Glareola nordmanni,Glareolidae,Charadriiformes,97.19,2251795.82,1842,5.2102,Black-winged pratincole,410.68,63
Glareola nuchalis,Glareolidae,Charadriiformes,62.7,6244433.49,1849,6.1205,Rock pratincole,100.6,13
Glareola ocularis,Glareolidae,Charadriiformes,91.9,545354.28,1833,6.2939,Madagascar pratincole,51.71,21
Glareola pratincola,Glareolidae,Charadriiformes,84.9,5351786.34,1766,6.2627,Collared pratincole,688.38,102
Glaucidium bolivianum,Strigidae,Strigiformes,62.95,121188.27,1991,6.6262,Yungas pygmy owl,75.55,15
Glaucidium castanopterum,Strigidae,Strigiformes,198.2,50170.82,1821,5.65,Javan owlet,143.93,9
Glaucidium castanotum,Strigidae,Strigiformes,100.0,46677.71,1850,7.2821,Chestnut-backed owlet,167.01,7
Glaucidium costaricanum,Strigidae,Strigiformes,65.99,10616.37,1937,6.171,Costa Rican pygmy owl,111.43,22
Glaucidium cuculoides,Strigidae,Strigiformes,198.16,4612393.64,1831,6.6365,Asian barred owlet,337.43,40
Glaucidium griseiceps,Strigidae,Strigiformes,50.58,270382.47,1875,7.1144,Central American pygmy owl,107.99,25
Glaucidium hardyi,Strigidae,Strigiformes,58.3,4691899.43,1989,6.8615,Amazonian pygmy owl,137.44,17
Glaucidium jardinii,Strigidae,Strigiformes,66.9,205500.74,1855,6.9708,Andean pygmy owl,98.37,15
Glaucidium minutissimum,Strigidae,Strigiformes,50.0,1209018.27,1830,7.1176,East Brazilian pygmy owl,111.33,27
Glaucidium nana,Strigidae,Strigiformes,73.7,656548.54,1827,7.4271,Austral pygmy owl,252.94,34
Glaucidium nubicola,Strigidae,Strigiformes,77.53,6915.65,1999,7.0113,Cloud-forest pygmy owl,137.47,21
Glaucidium palmarum,Strigidae,Strigiformes,45.7,226441.5,1901,7.4776,Colima pygmy owl,78.96,33
Glaucidium parkeri,Strigidae,Strigiformes,61.39,29014.24,1995,6.7384,Subtropical pygmy owl,57.9,21
Glaucidium passerinum,Strigidae,Strigiformes,57.87,11366077.56,1758,7.2008,Eurasian pygmy owl,919.51,154
Glaucidium perlatum,Strigidae,Strigiformes,79.24,11923401.87,1817,7.3972,Pearl-spotted owlet,407.83,21
Glaucidium peruanum,Strigidae,Strigiformes,62.41,334618.81,1991,7.0642,Pacific pygmy owl,111.73,31
Glaucidium radiatum,Strigidae,Strigiformes,101.0,2186922.27,1833,6.9508,Jungle owlet,471.6,15
Glaucidium sanchezi,Strigidae,Strigiformes,55.0,27181.76,1949,6.5951,Tamaulipas pygmy owl,328.42,53
Glaucidium siju,Strigidae,Strigiformes,69.47,109364.76,1839,7.2126,Cuban pygmy owl,124.33,9
Glaucidium sjostedti,Strigidae,Strigiformes,139.0,1369630.82,1893,6.8723,Sjöstedt's barred owlet,78.4,9
Glaucidium tephronotum,Strigidae,Strigiformes,87.39,2054685.26,1875,7.1327,Red-chested owlet,111.32,11
Glaucis aeneus,Trochilidae,Caprimulgiformes,4.8,170965.0,1868,6.5849,Bronzy hermit,124.06,13
Glaucis dohrnii,Trochilidae,Caprimulgiformes,5.8,978.16,1852,6.6767,Hook-billed hermit,93.48,34
Glaucis hirsutus,Trochilidae,Caprimulgiformes,6.76,7820159.95,1788,7.0498,Rufous-breasted hermit,217.13,36
Gliciphila melanops,Meliphagidae,Passeriformes,18.21,1135955.29,1801,5.5173,Tawny-crowned honeyeater,98.58,12
Gliciphila notabilis,Meliphagidae,Passeriformes,27.13,8862.87,1899,4.9431,White-bellied honeyeater,31.2,5
Gliciphila undulata,Meliphagidae,Passeriformes,16.0,16533.98,1787,5.0037,Barred honeyeater,40.9,5
Glossopsitta concinna,Psittacidae,Psittaciformes,70.54,663167.13,1791,6.9304,Musk lorikeet,700.54,34
Glossopsitta porphyrocephala,Psittacidae,Psittaciformes,44.7,937738.55,1837,6.3998,Purple-crowned lorikeet,429.3,19
Glossopsitta pusilla,Psittacidae,Psittaciformes,39.4,776503.49,1790,6.7946,Little lorikeet,324.94,14
Glycichaera fallax,Meliphagidae,Passeriformes,11.2,604148.57,1878,5.3265,Green-backed honeyeater,42.9,7
Glyphorynchus spirurus,Furnariidae,Passeriformes,14.6,7368285.07,1819,5.5778,Wedge-billed woodcreeper,60.8,58
Gnorimopsar chopi,Icteridae,Passeriformes,65.9,5930564.57,1819,5.57,Chopi blackbird,158.59,50
Goldmania violiceps,Trochilidae,Caprimulgiformes,4.1,2852.72,1911,6.7903,Violet-capped hummingbird,52.68,14
Goodfellowia miranda,Sturnidae,Passeriformes,110.0,1528.36,1903,5.8619,Apo myna,190.02,4
Gorsachius goisagi,Ardeidae,Pelecaniformes,527.0,157988.97,1836,5.1294,Japanese night heron,403.12,39
Gorsachius melanolophus,Ardeidae,Pelecaniformes,412.34,1242970.05,1822,5.4653,Malayan night heron,592.42,45
Goura cristata,Columbidae,Columbiformes,2000.0,80538.98,1764,7.1857,Western crowned pigeon,824.47,31
Goura sclaterii,Columbidae,Columbiformes,2235.0,192114.76,1876,6.5374,Sclater's crowned pigeon,288.21,7
Goura victoria,Columbidae,Columbiformes,2384.0,116530.35,1844,6.5363,Victoria crowned pigeon,2928.02,27
Gracula indica,Sturnidae,Passeriformes,192.0,141169.49,1829,6.4465,Southern hill myna,298.43,9
Gracula ptilogenys,Sturnidae,Passeriformes,192.0,16125.33,1846,5.2241,Sri Lanka hill myna,327.02,8
Gracula robusta,Sturnidae,Passeriformes,192.0,4416.06,1887,5.8608,Common hill myna,4842.8,15
Gracupica nigricollis,Sturnidae,Passeriformes,156.92,2862924.75,1807,5.597,Black-collared starling,465.98,21
Grafisia torquata,Sturnidae,Passeriformes,64.0,172318.21,1909,5.6683,White-collared starling,31.12,8
Grallaria albigula,Grallariidae,Passeriformes,95.0,45655.48,1923,5.0573,White-throated antpitta,25.17,8
Grallaria alleni,Grallariidae,Passeriformes,70.5,8886.61,1912,5.7545,Moustached antpitta,38.71,19
Grallaria andicolus,Grallariidae,Passeriformes,56.28,41026.37,1873,5.7589,Stripe-headed antpitta,19.73,9
Grallaria bangsi,Grallariidae,Passeriformes,62.0,5052.52,1900,5.3105,Santa Marta antpitta,31.25,20
Grallaria blakei,Grallariidae,Passeriformes,42.26,17886.62,1987,6.2305,Chestnut antpitta,26.37,13
Grallaria capitalis,Grallariidae,Passeriformes,73.7,12133.27,1926,5.3331,Bay antpitta,24.07,7
Grallaria carrikeri,Grallariidae,Passeriformes,109.1,29971.08,1982,6.0998,Pale-billed antpitta,24.13,6
Grallaria dignissima,Grallariidae,Passeriformes,110.0,386285.83,1880,4.5746,Ochre-striped antpitta,25.07,9
Grallaria erythroleuca,Grallariidae,Passeriformes,80.0,32694.03,1874,5.3251,Red-and-white antpitta,21.87,6
Grallaria erythrotis,Grallariidae,Passeriformes,57.0,39088.66,1876,5.751,Rufous-faced antpitta,19.98,4
Grallaria excelsa,Grallariidae,Passeriformes,240.8,8417.28,1893,4.5152,Great antpitta,29.05,11
Grallaria fenwickorum,Grallariidae,Passeriformes,55.8,760.06,2010,4.8484,Urrao antpitta,56.89,18
Grallaria flavotincta,Grallariidae,Passeriformes,63.0,22776.33,1877,5.9315,Yellow-breasted antpitta,34.58,8
Grallaria gigantea,Grallariidae,Passeriformes,236.0,13446.51,1866,6.0977,Giant antpitta,422.04,20
Grallaria guatimalensis,Grallariidae,Passeriformes,94.2,1176165.53,1842,5.874,Scaled antpitta,71.62,30
Grallaria haplonota,Grallariidae,Passeriformes,85.0,87992.13,1877,6.2344,Plain-backed antpitta,27.21,11
Grallaria hypoleuca,Grallariidae,Passeriformes,73.7,62353.38,1855,6.1696,White-bellied antpitta,26.39,14
Grallaria kaestneri,Grallariidae,Passeriformes,47.5,444.3,1992,5.1566,Cundinamarca antpitta,59.07,22
Grallaria milleri,Grallariidae,Passeriformes,52.5,12355.13,1912,5.6936,Brown-banded antpitta,41.02,22
Grallaria nuchalis,Grallariidae,Passeriformes,117.0,63486.16,1860,6.81,Chestnut-naped antpitta,124.73,14
Grallaria przewalskii,Grallariidae,Passeriformes,65.2,26356.12,1882,5.5267,Rusty-tinged antpitta,28.15,9
Grallaria ridgelyi,Grallariidae,Passeriformes,179.5,120.44,1999,6.0493,Jocotoco antpitta,113.26,27
Grallaria ruficapilla,Grallariidae,Passeriformes,82.67,239637.78,1842,6.2159,Chestnut-crowned antpitta,90.29,17
Grallaria rufocinerea,Grallariidae,Passeriformes,44.8,9572.87,1879,6.2877,Bicolored antpitta,40.01,20
Grallaria squamigera,Grallariidae,Passeriformes,136.0,269461.89,1842,6.1878,Undulated antpitta,50.55,12
Grallaria varia,Grallariidae,Passeriformes,119.0,3247752.05,1783,5.6025,Variegated antpitta,56.31,36
Grallaria watkinsi,Grallariidae,Passeriformes,69.79,16613.44,1919,5.2655,Watkins's antpitta,23.22,19
Grallaricula cucullata,Grallariidae,Passeriformes,19.3,15456.86,1856,5.9846,Hooded antpitta,24.47,14
Grallaricula cumanensis,Grallariidae,Passeriformes,19.8,3476.12,1900,6.2183,Sucre antpitta,25.26,11
Grallaricula ferrugineipectus,Grallariidae,Passeriformes,17.2,70002.38,1857,6.2218,Rusty-breasted antpitta,24.89,8
Grallaricula flavirostris,Grallariidae,Passeriformes,17.7,208413.71,1858,6.0906,Ochre-breasted antpitta,42.86,19
Grallaricula leymebambae,Grallariidae,Passeriformes,17.2,70838.84,1933,6.0282,Rufous-breasted antpitta,34.48,9
Grallaricula lineifrons,Grallariidae,Passeriformes,21.1,14344.41,1924,6.7753,Crescent-faced antpitta,62.77,18
Grallaricula loricata,Grallariidae,Passeriformes,20.7,11269.04,1857,6.4596,Scallop-breasted antpitta,21.65,10
Grallaricula nana,Grallariidae,Passeriformes,19.8,267727.74,1842,5.9436,Slaty-crowned antpitta,51.9,20
Grallaricula ochraceifrons,Grallariidae,Passeriformes,23.14,1217.58,1983,5.9865,Ochre-fronted antpitta,28.33,15
Grallaricula peruviana,Grallariidae,Passeriformes,18.8,23119.76,1923,6.575,Peruvian antpitta,21.75,19
Grallina bruijnii,Monarchidae,Passeriformes,38.4,259817.04,1876,5.5735,,,4
Grallina cyanoleuca,Monarchidae,Passeriformes,82.57,6745925.59,1802,6.6966,,,48
Graminicola bengalensis,Pellorneidae,Passeriformes,14.64,174532.67,1863,5.586,Indian grassbird,59.47,15
Graminicola striatus,Pellorneidae,Passeriformes,14.64,58291.53,1892,5.617,Chinese grassbird,58.1,12
Grammatoptila striata,Leiotrichidae,Passeriformes,92.0,317905.88,1831,6.1457,Striated laughingthrush,90.53,6
Granatellus sallaei,Cardinalidae,Passeriformes,9.9,315515.73,1856,7.0098,Grey-throated chat,36.57,11
Granatina granatina,Estrildidae,Passeriformes,11.8,2368093.88,1766,6.7231,Violet-eared waxbill,158.99,6
Granatina ianthinogaster,Estrildidae,Passeriformes,14.1,1450518.63,1879,6.9736,Purple grenadier,188.05,4
Grandala coelicolor,Turdidae,Passeriformes,45.6,1609871.91,1843,6.5787,,,18
Grantiella picta,Meliphagidae,Passeriformes,21.5,374029.06,1838,5.7703,Painted honeyeater,115.85,18
Graueria vittata,Macrosphenidae,Passeriformes,15.54,44741.94,1908,4.4544,Grauer's warbler,40.7,7
Graydidascalus brachyurus,Psittacidae,Psittaciformes,159.0,658158.94,1820,6.2281,Short-tailed parrot,178.95,12
Griseotyrannus aurantioatrocristatus,Tyrannidae,Passeriformes,33.0,5421068.39,1837,5.209,Crowned slaty flycatcher,65.35,22
Grus americana,Gruidae,Gruiformes,5825.99,6122.49,1758,6.3894,Whooping crane,10945.48,261
Grus grus,Gruidae,Gruiformes,5499.99,15456101.32,1758,6.2002,Common crane,6706.89,460
Grus japonensis,Gruidae,Gruiformes,8785.99,738171.22,1776,6.5593,Red-crowned crane,8177.18,268
Grus monacha,Gruidae,Gruiformes,3729.9,1609599.6,1835,6.0606,Hooded crane,669.81,177
Grus nigricollis,Gruidae,Gruiformes,5999.99,822333.13,1876,6.6206,Black-necked crane,2392.72,259
Guadalcanaria inexpectata,Meliphagidae,Passeriformes,43.32,624.03,1929,4.5425,Guadalcanal honeyeater,36.56,8
Guaruba guarouba,Psittacidae,Psittaciformes,194.0,261029.65,1788,6.8041,Golden parakeet,1372.17,68
Gubernatrix cristata,Thraupidae,Passeriformes,47.6,765363.1,1817,6.7628,Yellow cardinal,1902.06,89
Gubernetes yetapa,Tyrannidae,Passeriformes,68.4,2082131.95,1818,5.6573,Streamer-tailed tyrant,50.65,26
Guira guira,Cuculidae,Cuculiformes,141.0,8027232.35,1788,6.0627,Guira cuckoo,601.41,82
Gulosus aristotelis,Phalacrocoracidae,Suliformes,1764.34,230027.34,1761,5.1007,European shag,2305.71,59
Guttera plumifera,Numididae,Galliformes,866.02,834485.49,1857,5.1136,Plumed guinea fowl,164.5,8
Guyramemua affinis,Tyrannidae,Passeriformes,22.8,1627452.53,1856,6.321,,,4
Gymnobucco peli,Lybiidae,Piciformes,52.04,1350939.25,1857,4.9153,Bristle-nosed barbet,34.89,5
Gymnobucco sladeni,Lybiidae,Piciformes,45.0,1357987.41,1907,4.5906,Sladen's barbet,25.08,8
Gymnocichla nudiceps,Thamnophilidae,Passeriformes,30.5,355899.13,1850,5.5735,Bare-crowned antbird,38.34,20
Gymnocrex plumbeiventris,Rallidae,Gruiformes,288.0,694042.4,1862,4.2589,Bare-eyed rail,39.23,6
Gymnocrex rosenbergii,Rallidae,Gruiformes,288.0,48705.95,1866,5.3772,Blue-faced rail,56.43,5
Gymnocrex talaudensis,Rallidae,Gruiformes,288.0,842.43,1998,5.7407,Talaud rail,43.38,3
Gymnoderus foetidus,Cotingidae,Passeriformes,275.49,5252269.51,1758,5.2421,Bare-necked fruitcrow,73.72,23
Gymnogyps californianus,Cathartidae,Cathartiformes,8442.74,101747.84,1797,4.1846,California condor,24682.53,233
Gymnomystax mexicanus,Icteridae,Passeriformes,98.0,1563861.27,1766,6.5393,Oriole blackbird,307.12,23
Gymnomyza aubryana,Meliphagidae,Passeriformes,195.09,1055.98,1860,5.0883,Crow honeyeater,76.09,14
Gymnomyza brunneirostris,Meliphagidae,Passeriformes,87.8,10448.85,1932,5.045,Duetting giant honeyeater,31.19,4
Gymnomyza samoensis,Meliphagidae,Passeriformes,99.0,1528.38,1841,5.3386,Mao (bird),173.59,17
Gymnomyza viridis,Meliphagidae,Passeriformes,87.8,5433.59,1875,5.29,Yellow-billed giant honeyeater,29.19,7
Gymnophaps albertisii,Columbidae,Columbiformes,259.0,535761.11,1874,5.6835,Papuan mountain pigeon,450.98,15
Gymnophaps mada,Columbidae,Columbiformes,334.0,6316.85,1899,5.7306,Buru mountain pigeon,73.3,5
Gymnophaps solomonensis,Columbidae,Columbiformes,335.0,6241.28,1931,5.2083,Pale mountain pigeon,85.62,6
Gymnophaps stalkeri,Columbidae,Columbiformes,334.0,17400.44,1911,5.2221,Seram mountain pigeon,60.27,5
Gymnopithys bicolor,Thamnophilidae,Passeriformes,31.1,367237.83,1863,6.2135,Bicolored antbird,73.38,21
Gymnopithys leucaspis,Thamnophilidae,Passeriformes,27.2,1029456.75,1855,6.0989,White-cheeked antbird,32.62,21
Gymnopithys rufigula,Thamnophilidae,Passeriformes,29.1,1727736.89,1783,5.9593,Rufous-throated antbird,67.96,20
Gymnorhina tibicen,Artamidae,Passeriformes,284.87,6726971.95,1802,6.0736,Australian magpie,16500.8,113
Gymnorhinus cyanocephalus,Corvidae,Passeriformes,104.82,1284048.89,1841,6.0439,Pinyon jay,1293.18,113
Gymnoris dentata,Passeridae,Passeriformes,18.4,4184728.08,1850,5.1664,Sahel bush sparrow,101.54,6
Gymnoris pyrgita,Passeridae,Passeriformes,24.1,1608726.47,1862,4.4361,Yellow-spotted bush sparrow,64.14,5
Gymnoris superciliaris,Passeridae,Passeriformes,24.0,3946522.23,1845,4.9331,Yellow-throated bush sparrow,93.33,10
Gymnoris xanthocollis,Passeridae,Passeriformes,18.1,4502531.2,1838,5.2922,Yellow-throated sparrow,421.26,17
Gypaetus barbatus,Accipitridae,Accipitriformes,5694.98,8369572.33,1758,6.1474,Bearded vulture,17809.56,399
Gypohierax angolensis,Accipitridae,Accipitriformes,1600.0,9715580.32,1788,5.335,Palm-nut vulture,1543.72,32
Gyps africanus,Accipitridae,Accipitriformes,5432.99,10465544.7,1865,5.8338,White-backed vulture,3057.34,148
Gyps bengalensis,Accipitridae,Accipitriformes,4385.0,3047965.15,1788,5.6148,White-rumped vulture,2770.04,165
Gyps coprotheres,Accipitridae,Accipitriformes,8176.99,671208.3,1798,5.5923,Cape vulture,1384.83,129
Gyps fulvus,Accipitridae,Accipitriformes,7435.99,3487541.03,1783,5.8907,Eurasian griffon vulture,1911.72,515
Gyps himalayensis,Accipitridae,Accipitriformes,9797.95,3859146.13,1869,5.8819,Himalayan vulture,3122.43,134
Gyps indicus,Accipitridae,Accipitriformes,5515.0,1117987.16,1786,5.3792,Indian vulture,5463.52,101
Gyps rueppelli,Accipitridae,Accipitriformes,7399.99,6445230.81,1852,6.4316,Rüppell's vulture,5786.03,28
Gyps tenuirostris,Accipitridae,Accipitriformes,5515.0,705181.48,1844,5.7197,Slender-billed vulture,1274.42,68
Habia atrimaxillaris,Cardinalidae,Passeriformes,48.9,1029.7,1924,5.9955,Black-cheeked ant tanager,69.52,53
Habia cristata,Cardinalidae,Passeriformes,46.5,54054.46,1875,6.7459,Crested ant tanager,48.12,18
Habia fuscicauda,Cardinalidae,Passeriformes,36.84,581686.92,1861,5.6937,Red-throated ant tanager,96.52,30
Habia gutturalis,Cardinalidae,Passeriformes,36.4,95132.69,1854,6.5716,Sooty ant tanager,39.07,38
Habia olivacea,Cardinalidae,Passeriformes,39.0,92811.92,1860,6.3685,Lemon-spectacled tanager,50.4,5
Habia rubica,Cardinalidae,Passeriformes,32.46,5706719.88,1817,6.4818,Red-crowned ant tanager,119.96,66
Habia stolzmanni,Cardinalidae,Passeriformes,38.8,50027.82,1883,5.1533,Ochre-breasted tanager,46.41,4
Habroptila wallacii,Rallidae,Gruiformes,1000.0,18107.41,1861,5.1716,Invisible rail,409.85,7
Haematoderus militaris,Cotingidae,Passeriformes,227.0,1043733.97,1792,6.3337,Crimson fruitcrow,91.47,16
Haematopus chathamensis,Haematopodidae,Charadriiformes,598.66,24.31,1927,6.1173,Chatham Islands oystercatcher,67.19,12
Haematopus finschi,Haematopodidae,Charadriiformes,526.0,46431.85,1897,6.4543,South Island oystercatcher,220.82,25
Haematopus fuliginosus,Haematopodidae,Charadriiformes,818.99,812087.46,1845,6.2921,Sooty oystercatcher,383.36,11
Haematopus leucopodus,Haematopodidae,Charadriiformes,617.99,389056.06,1826,6.3155,Magellanic oystercatcher,152.75,21
Haematopus longirostris,Haematopodidae,Charadriiformes,613.88,855198.88,1817,6.4033,Pied oystercatcher,518.3,27
Haematopus moquini,Haematopodidae,Charadriiformes,692.0,136999.78,1856,6.3512,African oystercatcher,378.75,32
Haematopus ostralegus,Haematopodidae,Charadriiformes,526.0,9505624.97,1758,6.1836,Eurasian oystercatcher,2823.41,323
Haematopus palliatus,Haematopodidae,Charadriiformes,601.45,1471742.97,1820,5.6895,American oystercatcher,1638.48,175
Haematopus unicolor,Haematopodidae,Charadriiformes,671.0,73499.48,1844,5.6417,Variable oystercatcher,408.27,17
Haematortyx sanguiniceps,Phasianidae,Galliformes,300.0,73122.11,1879,5.1933,Crimson-headed partridge,210.33,10
Haemorhous cassinii,Fringillidae,Passeriformes,26.5,1502229.58,1854,6.7712,Cassin's finch,1016.12,58
Haemorhous mexicanus,Fringillidae,Passeriformes,21.4,10299459.91,1776,6.3507,House finch,13385.17,294
Haemorhous purpureus,Fringillidae,Passeriformes,23.3,4534365.72,1789,6.6833,Purple finch,4458.18,94
Hafferia fortis,Thamnophilidae,Passeriformes,45.94,1945728.92,1868,5.5202,Sooty antbird,26.67,12
Hafferia immaculata,Thamnophilidae,Passeriformes,47.1,103061.8,1866,6.0089,Blue-lored antbird,37.8,11
Hafferia zeledoni,Thamnophilidae,Passeriformes,47.1,163041.74,1868,6.2141,Zeledon's antbird,53.81,10
Halcyon albiventris,Alcedinidae,Coraciiformes,65.1,3765344.98,1786,6.8499,Brown-hooded kingfisher,468.74,9
Halcyon badia,Alcedinidae,Coraciiformes,57.9,3197177.13,1851,6.8281,Chocolate-backed kingfisher,102.43,18
Halcyon chelicuti,Alcedinidae,Coraciiformes,43.24,13120453.97,1814,6.506,Striped kingfisher,251.67,16
Halcyon coromanda,Alcedinidae,Coraciiformes,77.5,2736822.53,1790,6.7437,Ruddy kingfisher,493.09,20
Halcyon cyanoventris,Alcedinidae,Coraciiformes,93.0,131597.72,1818,7.3356,Javan kingfisher,247.38,18
Halcyon gularis,Alcedinidae,Coraciiformes,91.4,278326.5,1820,7.6035,Brown-breasted kingfisher,66.07,6
Halcyon leucocephala,Alcedinidae,Coraciiformes,41.8,14797715.21,1776,7.7446,Grey-headed kingfisher,458.44,28
Halcyon malimbica,Alcedinidae,Coraciiformes,91.8,4774587.94,1812,7.383,Blue-breasted kingfisher,221.93,17
Halcyon pileata,Alcedinidae,Coraciiformes,83.99,3068117.98,1783,7.4444,Black-capped kingfisher,582.58,29
Halcyon senegalensis,Alcedinidae,Coraciiformes,73.44,14752529.26,1766,7.3801,Woodland kingfisher,714.98,15
Halcyon senegaloides,Alcedinidae,Coraciiformes,61.8,193724.21,1834,6.3293,Mangrove kingfisher,217.1,8
Halcyon smyrnensis,Alcedinidae,Coraciiformes,91.4,6823580.46,1758,7.5521,White-throated kingfisher,3346.43,91
Haliaeetus albicilla,Accipitridae,Accipitriformes,4729.27,17404346.92,1758,6.9872,White-tailed eagle,15007.36,546
Haliaeetus leucocephalus,Accipitridae,Accipitriformes,4700.58,9351853.96,1766,7.1801,Bald eagle,75304.02,522
Haliaeetus leucogaster,Accipitridae,Accipitriformes,2827.01,5127370.7,1788,6.5535,White-bellied sea eagle,5349.43,101
Haliaeetus leucoryphus,Accipitridae,Accipitriformes,2885.92,533825.64,1771,7.0607,Pallas's fish eagle,1104.47,84
Haliaeetus pelagicus,Accipitridae,Accipitriformes,7756.99,1293649.63,1811,6.9017,Steller's sea eagle,14483.88,74
Haliaeetus sanfordi,Accipitridae,Accipitriformes,1980.0,36124.13,1935,6.2301,Sanford's sea eagle,668.56,20
Haliaeetus vocifer,Accipitridae,Accipitriformes,3400.0,15637883.11,1800,7.2001,African fish eagle,5846.12,40
Haliaeetus vociferoides,Accipitridae,Accipitriformes,3000.0,52761.99,1845,6.3672,Madagascar fish eagle,354.02,20
Haliastur indus,Accipitridae,Accipitriformes,529.0,8840397.2,1783,6.6518,Brahminy kite,5807.91,122
Haliastur sphenurus,Accipitridae,Accipitriformes,752.99,5565646.93,1818,5.9098,Whistling kite,1181.76,48
Halobaena caerulea,Procellariidae,Procellariiformes,202.0,75697728.93,1789,5.6831,Blue petrel,251.05,72
Hamirostra melanosternon,Accipitridae,Accipitriformes,1196.0,5297941.74,1841,6.808,Black-breasted buzzard,777.06,29
Hapalopsittaca amazonina,Psittacidae,Psittaciformes,106.0,26455.08,1845,6.1733,Rusty-faced parrot,69.8,40
Hapalopsittaca fuertesi,Psittacidae,Psittaciformes,124.0,1413.29,1912,7.5623,Fuertes's parrot,113.22,38
Hapalopsittaca melanotis,Psittacidae,Psittaciformes,158.0,38602.75,1847,4.5148,Black-winged parrot,74.87,12
Hapalopsittaca pyrrhops,Psittacidae,Psittaciformes,103.0,9936.59,1876,6.5471,Red-faced parrot,87.78,25
Hapaloptila castanea,Bucconidae,Piciformes,80.6,31778.47,1866,5.8609,White-faced nunbird,41.08,7
Haplophaedia assimilis,Trochilidae,Caprimulgiformes,4.8,59077.29,1876,6.205,Buff-thighed puffleg,44.65,11
Haplophaedia aureliae,Trochilidae,Caprimulgiformes,5.2,77848.33,1846,7.376,Greenish puffleg,61.23,21
Haplophaedia lugens,Trochilidae,Caprimulgiformes,6.9,4915.22,1852,6.422,Hoary puffleg,81.75,24
Haplospiza unicolor,Thraupidae,Passeriformes,15.28,977656.66,1851,5.6249,Uniform finch,29.91,31
Harpactes ardens,Trogonidae,Trogoniformes,96.29,211441.24,1826,6.7565,Philippine trogon,295.33,13
Harpactes diardii,Trogonidae,Trogoniformes,98.3,1108720.01,1832,7.389,Diard's trogon,99.55,18
Harpactes duvaucelii,Trogonidae,Trogoniformes,38.85,1253065.68,1824,7.5563,Scarlet-rumped trogon,117.76,14
Harpactes erythrocephalus,Trogonidae,Trogoniformes,80.29,2590116.66,1834,7.3496,Red-headed trogon,344.18,17
Harpactes fasciatus,Trogonidae,Trogoniformes,62.0,406882.69,1769,7.4562,Malabar trogon,545.56,16
Harpactes kasumba,Trogonidae,Trogoniformes,96.89,989216.33,1822,7.408,Red-naped trogon,114.38,11
Harpactes oreskios,Trogonidae,Trogoniformes,57.3,1639985.91,1823,6.832,Orange-breasted trogon,146.16,17
Harpactes orrhophaeus,Trogonidae,Trogoniformes,52.8,470107.45,1863,6.9876,Cinnamon-rumped trogon,69.59,10
Harpactes wardi,Trogonidae,Trogoniformes,119.0,135655.75,1927,6.296,Ward's trogon,171.57,21
Harpactes whiteheadi,Trogonidae,Trogoniformes,73.0,18608.27,1888,7.3034,Whitehead's trogon,212.55,14
Harpagus bidentatus,Accipitridae,Accipitriformes,215.25,8976331.27,1790,6.2405,Double-toothed kite,282.96,35
Harpagus diodon,Accipitridae,Accipitriformes,200.0,2345332.63,1823,6.1929,Rufous-thighed kite,115.55,24
Harpia harpyja,Accipitridae,Accipitriformes,4800.0,11064295.35,1758,6.1082,Harpy eagle,43327.76,366
Harpyopsis novaeguineae,Accipitridae,Accipitriformes,1959.59,730591.98,1875,5.7503,Papuan eagle,2379.1,28
Hartertula flavoviridis,Bernieridae,Passeriformes,9.7,91538.64,1924,5.6201,Wedge-tailed jery,29.45,12
Hartlaubius auratus,Sturnidae,Passeriformes,40.5,409517.94,1776,5.1374,Madagascar starling,20.93,11
Hedydipna collaris,Nectariniidae,Passeriformes,6.98,9197435.7,1819,6.6862,Collared sunbird,226.54,20
Hedydipna metallica,Nectariniidae,Passeriformes,7.2,1209467.95,1823,6.8656,Nile Valley sunbird,116.03,8
Hedydipna pallidigaster,Nectariniidae,Passeriformes,6.8,864.21,1935,5.8976,Amani sunbird,69.74,12
Hedydipna platura,Nectariniidae,Passeriformes,6.7,4094486.35,1819,6.8556,Pygmy sunbird,69.36,7
Heleia crassirostris,Zosteropidae,Passeriformes,19.0,28274.74,1897,5.5903,Thick-billed heleia,30.82,11
Heleia dohertyi,Zosteropidae,Passeriformes,20.0,27662.65,1896,5.7326,Crested heleia,22.9,4
Heleia goodfellowi,Zosteropidae,Passeriformes,20.0,3458.6,1903,5.2891,Mindanao heleia,26.4,5
Heleia javanica,Zosteropidae,Passeriformes,20.0,13262.34,1821,6.001,Javan heleia,33.0,6
Heleia muelleri,Zosteropidae,Passeriformes,16.7,26735.01,1865,5.1403,Timor heleia,16.5,6
Heleia pinaiae,Zosteropidae,Passeriformes,27.38,497.76,1912,6.1131,Grey-hooded heleia,18.8,3
Heleia squamiceps,Zosteropidae,Passeriformes,14.5,27806.24,1896,5.8136,Sulawesi heleia,17.2,5
Heleia squamifrons,Zosteropidae,Passeriformes,6.9,81974.59,1892,5.3535,Pygmy heleia,28.8,4
Heleia superciliaris,Zosteropidae,Passeriformes,20.0,2051.7,1897,5.75,Eyebrowed heleia,23.7,5
Heleia wallacei,Zosteropidae,Passeriformes,11.0,37730.84,1901,6.4984,Yellow-spectacled heleia,29.0,6
Heliactin bilophus,Trochilidae,Caprimulgiformes,4.4,3879596.58,1820,7.2489,Horned sungem,531.73,24
Heliangelus exortis,Trochilidae,Caprimulgiformes,4.59,64064.87,1840,7.2609,Tourmaline sunangel,74.29,20
Heliangelus mavors,Trochilidae,Caprimulgiformes,4.2,38610.25,1848,6.739,Orange-throated sunangel,67.78,13
Heliangelus micraster,Trochilidae,Caprimulgiformes,3.9,17855.93,1872,7.0514,Flame-throated sunangel,53.42,14
Heliangelus regalis,Trochilidae,Caprimulgiformes,3.6,3514.44,1979,7.8686,Royal sunangel,95.92,27
Heliangelus strophianus,Trochilidae,Caprimulgiformes,5.5,9555.21,1846,7.5592,Gorgeted sunangel,61.24,16
Heliangelus viola,Trochilidae,Caprimulgiformes,5.4,35976.8,1853,7.3593,Purple-throated sunangel,62.03,17
Helicolestes hamatus,Accipitridae,Accipitriformes,425.46,2374863.31,1821,6.2928,Slender-billed kite,185.63,14
Heliobletus contaminatus,Furnariidae,Passeriformes,14.0,815159.11,1885,5.0094,Sharp-billed treehunter,19.18,30
Heliodoxa aurescens,Trochilidae,Caprimulgiformes,6.4,3600288.83,1846,7.2888,Gould's jewelfront,80.45,18
Heliodoxa gularis,Trochilidae,Caprimulgiformes,6.3,22626.05,1860,6.546,Pink-throated brilliant,55.83,29
Heliodoxa imperatrix,Trochilidae,Caprimulgiformes,8.8,22063.19,1856,7.3823,Empress brilliant,134.48,18
Heliodoxa jacula,Trochilidae,Caprimulgiformes,8.09,63656.63,1850,7.127,Green-crowned brilliant,269.09,18
Heliodoxa leadbeateri,Trochilidae,Caprimulgiformes,7.4,409940.21,1843,7.5485,Violet-fronted brilliant,64.71,25
Heliodoxa rubinoides,Trochilidae,Caprimulgiformes,7.79,203573.74,1846,6.7231,Fawn-breasted brilliant,93.63,17
Heliodoxa xanthogonys,Trochilidae,Caprimulgiformes,6.99,222443.1,1882,7.1111,Velvet-browed brilliant,44.16,17
Heliomaster constantii,Trochilidae,Caprimulgiformes,7.3,554868.14,1843,6.2275,Plain-capped starthroat,124.5,29
Heliomaster furcifer,Trochilidae,Caprimulgiformes,5.4,2967951.96,1812,7.2458,Blue-tufted starthroat,78.83,28
Heliomaster longirostris,Trochilidae,Caprimulgiformes,6.6,8290213.63,1801,6.7367,Long-billed starthroat,147.66,35
Heliomaster squamosus,Trochilidae,Caprimulgiformes,5.9,1519261.77,1823,7.3372,Stripe-breasted starthroat,61.14,25
Heliopais personatus,Heliornithidae,Gruiformes,510.0,272422.63,1849,5.6383,Masked finfoot,328.79,13
Heliornis fulica,Heliornithidae,Gruiformes,132.0,8812012.44,1783,6.097,,,29
Heliothryx auritus,Trochilidae,Caprimulgiformes,5.4,6893450.96,1788,7.0741,Black-eared fairy,109.69,24
Heliothryx barroti,Trochilidae,Caprimulgiformes,5.5,491040.04,1843,7.2916,Purple-crowned fairy,180.21,29
Hellmayrea gularis,Furnariidae,Passeriformes,12.4,170416.44,1843,5.0352,White-browed spinetail,17.36,17
Helmitheros vermivorum,Parulidae,Passeriformes,14.16,1754178.4,1789,6.7324,Worm-eating warbler,758.8,82
Hemicircus canente,Picidae,Piciformes,43.01,665192.85,1832,6.252,Heart-spotted woodpecker,211.29,13
Hemignathus wilsoni,Fringillidae,Passeriformes,27.98,151.37,1893,6.0448,,,22
Hemimacronyx chloris,Motacillidae,Passeriformes,25.1,82125.98,1842,5.0544,Yellow-breasted pipit,70.5,9
Hemiphaga chathamensis,Columbidae,Columbiformes,789.0,790.4,1891,5.6557,Chatham Islands pigeon,130.65,9
Hemiphaga novaeseelandiae,Columbidae,Columbiformes,653.0,207708.89,1789,5.6613,,,63
Hemiprocne comata,Hemiprocnidae,Caprimulgiformes,20.63,1482225.39,1824,7.1879,Whiskered treeswift,207.32,8
Hemiprocne coronata,Hemiprocnidae,Caprimulgiformes,29.0,3347103.26,1833,6.1475,Crested treeswift,393.0,11
Hemiprocne longipennis,Hemiprocnidae,Caprimulgiformes,42.8,1465704.57,1802,6.85,Grey-rumped treeswift,130.33,11
Hemiprocne mystacea,Hemiprocnidae,Caprimulgiformes,70.1,805813.24,1827,6.9604,Moustached treeswift,82.8,10
Hemipus hirundinaceus,Vangidae,Passeriformes,10.2,1391676.2,1822,5.2299,Black-winged flycatcher-shrike,87.69,14
Hemipus picatus,Vangidae,Passeriformes,8.98,4959601.62,1832,5.9468,Bar-winged flycatcher-shrike,161.5,19
Hemitesia neumanni,Scotocercidae,Passeriformes,14.2,37085.54,1908,5.2255,Neumann's warbler,36.88,5
Hemitesia pallidipes,Scotocercidae,Passeriformes,10.0,1159426.52,1872,5.5384,Pale-footed bush warbler,59.94,4
Hemithraupis flavicollis,Thraupidae,Passeriformes,12.8,5620134.11,1818,6.4827,Yellow-backed tanager,47.34,32
Hemithraupis guira,Thraupidae,Passeriformes,12.0,9380161.99,1766,6.6143,Guira tanager,54.27,28
Hemithraupis ruficapilla,Thraupidae,Passeriformes,11.0,648694.04,1818,6.3928,Rufous-headed tanager,35.41,23
Hemitriccus cinnamomeipectus,Tyrannidae,Passeriformes,7.5,6101.28,1979,5.8655,Cinnamon-breasted tody-tyrant,20.78,11
Hemitriccus cohnhafti,Tyrannidae,Passeriformes,9.0,9833.48,2013,5.096,Acre tody-tyrant,42.62,22
Hemitriccus diops,Tyrannidae,Passeriformes,10.0,737548.44,1822,5.892,Drab-breasted bamboo tyrant,48.23,37
Hemitriccus flammulatus,Tyrannidae,Passeriformes,10.0,806774.08,1901,5.3398,Flammulated bamboo tyrant,24.39,18
Hemitriccus furcatus,Tyrannidae,Passeriformes,9.4,7556.76,1846,5.5193,Fork-tailed tody-tyrant,28.55,25
Hemitriccus granadensis,Tyrannidae,Passeriformes,7.9,276758.68,1843,5.7552,Black-throated tody-tyrant,23.96,12
Hemitriccus griseipectus,Tyrannidae,Passeriformes,9.0,2659877.65,1907,5.2651,White-bellied tody-tyrant,21.16,33
Hemitriccus inornatus,Tyrannidae,Passeriformes,8.32,34481.44,1868,4.7333,Pelzeln's tody-tyrant,23.43,11
Hemitriccus iohannis,Tyrannidae,Passeriformes,10.0,1134921.91,1907,5.148,Johannes's tody-tyrant,22.63,14
Hemitriccus kaempferi,Tyrannidae,Passeriformes,8.5,7847.61,1953,5.5451,Kaempfer's tody-tyrant,35.92,22
Hemitriccus margaritaceiventer,Tyrannidae,Passeriformes,8.4,5809388.94,1837,5.2431,Pearly-vented tody-tyrant,30.9,26
Hemitriccus minimus,Tyrannidae,Passeriformes,7.0,2469713.05,1925,4.7607,Zimmer's tody-tyrant,23.93,18
Hemitriccus minor,Tyrannidae,Passeriformes,7.4,2416974.33,1907,5.1752,Snethlage's tody-tyrant,24.77,20
Hemitriccus mirandae,Tyrannidae,Passeriformes,10.0,71439.38,1925,5.7258,Buff-breasted tody-tyrant,24.04,29
Hemitriccus nidipendulus,Tyrannidae,Passeriformes,7.5,542148.01,1831,5.8172,Hangnest tody-tyrant,23.8,27
Hemitriccus obsoletus,Tyrannidae,Passeriformes,11.6,262970.93,1906,5.4683,Brown-breasted bamboo tyrant,22.48,25
Hemitriccus orbitatus,Tyrannidae,Passeriformes,9.7,663643.42,1831,5.2399,Eye-ringed tody-tyrant,24.08,29
Hemitriccus rufigularis,Tyrannidae,Passeriformes,9.4,91223.23,1873,4.9785,Buff-throated tody-tyrant,19.43,21
Hemitriccus spodiops,Tyrannidae,Passeriformes,7.19,67550.21,1901,4.9468,Yungas tody-tyrant,22.34,9
Hemitriccus striaticollis,Tyrannidae,Passeriformes,8.6,4016133.45,1853,6.2456,Stripe-necked tody-tyrant,22.67,22
Hemitriccus zosterops,Tyrannidae,Passeriformes,8.72,2154385.69,1868,5.3793,White-eyed tody-tyrant,24.93,23
Hemixos castanonotus,Pycnonotidae,Passeriformes,35.3,979934.26,1870,6.1437,Chestnut bulbul,79.06,29
Hemixos flavala,Pycnonotidae,Passeriformes,32.5,1098549.78,1845,6.3691,Ashy bulbul,107.92,18
Hemixos leucogrammicus,Pycnonotidae,Passeriformes,33.46,63047.14,1836,5.7235,Cream-striped bulbul,37.17,2
Henicopernis infuscatus,Accipitridae,Accipitriformes,571.2,33424.21,1882,5.9153,Black honey buzzard,167.72,11
Henicopernis longicauda,Accipitridae,Accipitriformes,571.23,750041.01,1828,5.9867,Long-tailed honey buzzard,133.23,17
Henicophaps albifrons,Columbidae,Columbiformes,247.0,768903.29,1862,6.0622,New Guinea bronzewing,62.73,9
Henicorhina anachoreta,Troglodytidae,Passeriformes,16.19,4428.6,1899,5.5184,Hermit wood wren,24.11,18
Henicorhina leucophrys,Troglodytidae,Passeriformes,16.19,722586.81,1844,5.7077,Grey-breasted wood wren,66.84,40
Henicorhina leucoptera,Troglodytidae,Passeriformes,13.62,4675.92,1977,6.0841,Bar-winged wood wren,30.37,21
Henicorhina leucosticta,Troglodytidae,Passeriformes,14.18,2745877.94,1847,5.2041,White-breasted wood wren,71.43,40
Henicorhina negreti,Troglodytidae,Passeriformes,15.9,1922.5,2003,6.0675,Munchique wood wren,39.65,30
Herpetotheres cachinnans,Falconidae,Falconiformes,623.58,13330796.59,1758,6.9819,Laughing falcon,638.45,53
Herpsilochmus atricapillus,Thamnophilidae,Passeriformes,9.85,3731834.0,1868,5.522,Black-capped antwren,26.5,13
Herpsilochmus axillaris,Thamnophilidae,Passeriformes,11.4,109343.39,1844,5.6923,Yellow-breasted antwren,21.13,18
Herpsilochmus dorsimaculatus,Thamnophilidae,Passeriformes,9.9,907516.41,1868,5.7864,Spot-backed antwren,18.28,12
Herpsilochmus dugandi,Thamnophilidae,Passeriformes,10.3,230307.08,1945,5.6237,Dugand's antwren,21.52,12
Herpsilochmus gentryi,Thamnophilidae,Passeriformes,10.6,9533.66,1998,4.0665,Ancient antwren,31.73,12
Herpsilochmus longirostris,Thamnophilidae,Passeriformes,12.8,1991289.01,1868,5.618,Large-billed antwren,26.55,21
Herpsilochmus motacilloides,Thamnophilidae,Passeriformes,12.5,74742.79,1874,5.2608,Creamy-bellied antwren,17.86,11
Herpsilochmus parkeri,Thamnophilidae,Passeriformes,11.5,15.06,1986,5.5453,Ash-throated antwren,31.82,22
Herpsilochmus pectoralis,Thamnophilidae,Passeriformes,11.1,222276.46,1857,5.3222,Pectoral antwren,25.73,26
Herpsilochmus pileatus,Thamnophilidae,Passeriformes,8.9,1545.44,1823,5.4522,Bahia antwren,22.76,19
Herpsilochmus praedictus,Thamnophilidae,Passeriformes,11.2,270584.03,2013,5.4338,Predicted antwren,34.06,11
Herpsilochmus roraimae,Thamnophilidae,Passeriformes,11.5,283885.89,1903,5.3563,Roraiman antwren,21.33,9
Herpsilochmus sellowi,Thamnophilidae,Passeriformes,7.5,995787.86,2000,5.5388,Caatinga antwren,47.28,22
Herpsilochmus stictocephalus,Thamnophilidae,Passeriformes,8.8,527219.13,1927,5.2982,Todd's antwren,18.43,12
Herpsilochmus sticturus,Thamnophilidae,Passeriformes,9.5,558905.86,1885,5.2405,Spot-tailed antwren,19.33,11
Herpsilochmus stotzi,Thamnophilidae,Passeriformes,10.8,85370.42,2013,4.32,Aripuana antwren,29.43,12
Hesperiphona abeillei,Fringillidae,Passeriformes,48.5,251295.19,1839,6.3083,Hooded grosbeak,181.53,15
Hesperiphona vespertina,Fringillidae,Passeriformes,57.3,3942604.88,1825,6.0559,Evening grosbeak,2337.39,65
Heterocercus aurantiivertex,Pipridae,Passeriformes,21.49,233954.07,1880,5.3992,Orange-crested manakin,27.96,23
Heterocercus flavivertex,Pipridae,Passeriformes,21.3,827963.87,1868,5.7972,Yellow-crested manakin,30.42,16
Heterocercus linteatus,Pipridae,Passeriformes,21.2,2146985.54,1850,6.4734,Flame-crested manakin,29.43,20
Heteromirafra archeri,Alaudidae,Passeriformes,30.0,121.01,1920,5.1687,Archer's lark,95.92,14
Heteromirafra ruddi,Alaudidae,Passeriformes,26.6,21832.33,1908,5.1497,Rudd's lark,54.27,18
Heteromunia pectoralis,Estrildidae,Passeriformes,15.18,1302318.41,1841,5.4604,Pictorella mannikin,68.22,15
Heteromyias cinereifrons,Petroicidae,Passeriformes,36.3,28149.33,1876,5.6212,Grey-headed robin,75.59,9
Heteronetta atricapilla,Anatidae,Anseriformes,538.37,1954559.19,1841,5.0165,Black-headed duck,458.12,36
Heterophasia auricularis,Leiotrichidae,Passeriformes,41.78,10366.18,1864,6.3227,White-eared sibia,100.57,11
Heterophasia capistrata,Leiotrichidae,Passeriformes,39.4,257460.17,1831,7.1075,Rufous sibia,190.62,18
Heterophasia desgodinsi,Leiotrichidae,Passeriformes,31.0,759032.04,1877,6.4248,Black-headed sibia,56.95,15
Heterophasia gracilis,Leiotrichidae,Passeriformes,37.78,166618.91,1840,5.3285,Grey sibia,62.35,10
Heterophasia melanoleuca,Leiotrichidae,Passeriformes,32.6,177773.39,1859,6.1295,Dark-backed sibia,44.83,14
Heterophasia picaoides,Leiotrichidae,Passeriformes,42.4,1517923.86,1839,5.451,Long-tailed sibia,71.92,11
Heterophasia pulchella,Leiotrichidae,Passeriformes,40.55,179332.12,1874,5.9041,Beautiful sibia,62.94,9
Heteroscenes pallidus,Cuculidae,Cuculiformes,87.69,7667931.16,1801,5.2274,Pallid cuckoo,345.94,7
Heterospingus rubrifrons,Thraupidae,Passeriformes,38.0,22680.84,1865,5.4007,Sulphur-rumped tanager,32.8,30
Heterospingus xanthopygius,Thraupidae,Passeriformes,38.8,153049.12,1855,6.3177,Scarlet-browed tanager,31.55,15
Heterotetrax humilis,Otididae,Otidiformes,698.0,447301.03,1855,5.2337,Little brown bustard,159.71,5
Heterotetrax rueppelii,Otididae,Otidiformes,1107.04,280978.34,1856,4.7584,Rüppell's korhaan,141.81,8
Heterotetrax vigorsii,Otididae,Otidiformes,1700.0,691336.88,1831,5.032,Karoo korhaan,139.14,3
Heteroxenicus stellatus,Muscicapidae,Passeriformes,23.0,237692.15,1868,6.5505,Gould's shortwing,76.42,7
Hieraaetus ayresii,Accipitridae,Accipitriformes,806.06,5863148.99,1862,6.4616,Ayres's hawk-eagle,348.44,21
Hieraaetus morphnoides,Accipitridae,Accipitriformes,775.05,7265023.22,1841,6.6226,Little eagle,1405.27,38
Hieraaetus pennatus,Accipitridae,Accipitriformes,823.75,6138248.03,1788,6.8223,Booted eagle,2803.0,172
Hieraaetus wahlbergi,Accipitridae,Accipitriformes,639.99,9578321.34,1850,6.8711,Wahlberg's eagle,582.98,23
Hieraaetus weiskei,Accipitridae,Accipitriformes,775.05,665554.04,1900,5.8637,Pygmy eagle,368.05,15
Hierococcyx bocki,Cuculidae,Cuculiformes,151.0,288312.16,1886,5.141,Dark hawk-cuckoo,51.06,7
Hierococcyx fugax,Cuculidae,Cuculiformes,79.7,1412734.29,1821,5.4737,Malaysian hawk-cuckoo,100.79,6
Hierococcyx hyperythrus,Cuculidae,Cuculiformes,79.7,2474869.28,1856,5.5538,Northern hawk-cuckoo,49.44,11
Hierococcyx nisicolor,Cuculidae,Cuculiformes,79.7,2388212.3,1843,5.9699,Hodgson's hawk-cuckoo,151.07,11
Hierococcyx pectoralis,Cuculidae,Cuculiformes,79.7,264669.16,1863,5.3475,Philippine hawk-cuckoo,72.42,5
Hierococcyx sparverioides,Cuculidae,Cuculiformes,151.0,4794625.55,1832,4.958,Large hawk-cuckoo,281.02,16
Hierococcyx vagans,Cuculidae,Cuculiformes,57.7,976640.03,1845,6.066,Moustached hawk-cuckoo,87.92,9
Hierococcyx varius,Cuculidae,Cuculiformes,103.0,3245384.68,1797,5.505,Common hawk-cuckoo,1605.8,11
Himalayapsitta cyanocephala,Psittacidae,Psittaciformes,65.99,2783564.24,1766,6.9047,,,4
Himalayapsitta finschii,Psittacidae,Psittaciformes,89.59,1639893.0,1874,7.3678,,,3
Himalayapsitta himalayana,Psittacidae,Psittaciformes,108.5,149148.55,1832,7.0294,,,3
Himalayapsitta roseata,Psittacidae,Psittaciformes,66.0,1695557.84,1951,6.8031,,,4
Himantopus novaezelandiae,Recurvirostridae,Charadriiformes,195.0,2833.21,1841,6.2911,Black stilt,493.54,40
Himantornis haematopus,Rallidae,Gruiformes,585.69,2352615.17,1855,4.6245,Nkulengu rail,77.31,12
Himatione sanguinea,Fringillidae,Passeriformes,15.17,16390.65,1788,6.7101,,,34
Hippolais icterina,Acrocephalidae,Passeriformes,13.2,6330920.54,1817,5.7843,Icterine warbler,964.27,68
Hippolais languida,Acrocephalidae,Passeriformes,12.0,3093496.38,1833,4.7135,Upcher's warbler,98.62,24
Hippolais olivetorum,Acrocephalidae,Passeriformes,17.5,285772.62,1837,4.9448,Olive-tree warbler,156.03,49
Hippolais polyglotta,Acrocephalidae,Passeriformes,11.0,1710837.05,1817,5.0094,Melodious warbler,314.18,69
Hirundapus caudacutus,Apodidae,Caprimulgiformes,95.5,6143488.25,1801,5.6048,White-throated needletail,3217.81,47
Hirundapus celebensis,Apodidae,Caprimulgiformes,180.0,285896.08,1866,4.5265,Purple needletail,118.49,6
Hirundapus cochinchinensis,Apodidae,Caprimulgiformes,83.79,236469.43,1878,4.8089,Silver-backed needletail,106.95,13
Hirundapus giganteus,Apodidae,Caprimulgiformes,127.0,2715789.43,1825,5.5369,Brown-backed needletail,128.67,5
Hirundo aethiopica,Hirundinidae,Passeriformes,13.3,4764528.41,1869,6.1339,Ethiopian swallow,102.94,14
Hirundo albigularis,Hirundinidae,Passeriformes,21.8,1644980.82,1849,6.4855,White-throated swallow,219.38,14
Hirundo angolensis,Hirundinidae,Passeriformes,17.8,1666808.13,1868,6.0548,Angola swallow,39.77,15
Hirundo atrocaerulea,Hirundinidae,Passeriformes,13.8,140763.6,1850,5.8862,Blue swallow,311.24,40
Hirundo dimidiata,Hirundinidae,Passeriformes,12.1,3681173.15,1850,6.1183,Pearl-breasted swallow,120.97,13
Hirundo leucosoma,Hirundinidae,Passeriformes,17.6,1390558.12,1837,5.2234,Pied-winged swallow,186.97,11
Hirundo lucida,Hirundinidae,Passeriformes,12.96,2258983.81,1858,5.9449,Red-chested swallow,130.09,12
Hirundo megaensis,Hirundinidae,Passeriformes,11.0,14837.09,1942,6.9748,White-tailed swallow,107.79,15
Hirundo neoxena,Hirundinidae,Passeriformes,14.7,4216129.0,1842,5.8959,Welcome swallow,1961.64,29
Hirundo nigrita,Hirundinidae,Passeriformes,18.3,4040980.58,1845,6.3885,White-bibbed swallow,56.56,12
Hirundo nigrorufa,Hirundinidae,Passeriformes,14.2,581101.75,1877,5.4509,Black-and-rufous swallow,75.03,11
Hirundo rustica,Hirundinidae,Passeriformes,17.91,51701054.06,1758,6.618,Barn swallow,16410.4,878
Hirundo smithii,Hirundinidae,Passeriformes,12.4,15137552.43,1818,5.847,Wire-tailed swallow,614.71,20
Histrionicus histrionicus,Anatidae,Anseriformes,561.57,7912681.94,1758,6.0335,Harlequin duck,2815.9,163
Histurgops ruficauda,Ploceidae,Passeriformes,69.0,98235.59,1887,5.4139,Rufous-tailed weaver,93.83,8
Hoploxypterus cayanus,Charadriidae,Charadriiformes,75.76,11467799.98,1790,7.0172,Pied plover,111.64,7
Horornis acanthizoides,Scotocercidae,Passeriformes,5.32,311800.42,1870,5.5251,Yellow-bellied bush warbler,53.58,9
Horornis annae,Scotocercidae,Passeriformes,18.47,442.79,1868,5.1547,Palau bush warbler,30.4,10
Horornis brunnescens,Scotocercidae,Passeriformes,5.32,215910.72,1872,5.5059,Hume's bush warbler,37.47,12
Horornis canturians,Scotocercidae,Passeriformes,22.3,1372661.27,1860,5.5548,Manchurian bush warbler,111.6,7
Horornis carolinae,Scotocercidae,Passeriformes,17.1,3225.7,1987,4.5658,Tanimbar bush warbler,21.54,7
Horornis diphone,Scotocercidae,Passeriformes,13.31,415764.25,1830,5.4615,Japanese bush warbler,1575.38,37
Horornis fortipes,Scotocercidae,Passeriformes,9.59,2424335.04,1845,5.3089,Brown-flanked bush warbler,80.63,28
Horornis haddeni,Scotocercidae,Passeriformes,24.8,549.11,2006,4.8476,Bougainville bush warbler,25.88,7
Horornis parens,Scotocercidae,Passeriformes,14.0,202.26,1935,4.5656,Shade bush warbler,21.27,9
Horornis ruficapilla,Scotocercidae,Passeriformes,12.7,16891.29,1875,5.5423,Fiji bush warbler,45.08,12
Horornis seebohmi,Scotocercidae,Passeriformes,12.2,14356.22,1894,5.1372,Philippine bush warbler,36.91,10
Houbaropsis bengalensis,Otididae,Otidiformes,2012.46,76553.14,1789,5.3509,Bengal florican,1967.08,54
Humblotia flavirostris,Muscicapidae,Passeriformes,15.9,197.41,1885,6.1217,Humblot's flycatcher,61.47,11
Hydrobates castro,Hydrobatidae,Procellariiformes,46.14,86645652.29,1851,5.6057,Band-rumped storm petrel,288.44,34
Hydrobates furcatus,Hydrobatidae,Procellariiformes,59.73,19594359.95,1789,5.2383,Fork-tailed storm petrel,186.41,10
Hydrobates homochroa,Hydrobatidae,Procellariiformes,36.9,347898.56,1864,5.11,Ashy storm petrel,191.37,11
Hydrobates hornbyi,Hydrobatidae,Procellariiformes,40.6,1484280.66,1854,5.4266,Ringed storm petrel,42.68,12
Hydrobates jabejabe,Hydrobatidae,Procellariiformes,46.14,39186045.96,1875,4.9669,Cape Verde storm petrel,61.98,11
Hydrobates leucorhous,Hydrobatidae,Procellariiformes,36.71,110025337.7,1818,4.7638,Leach's storm petrel,865.4,88
Hydrobates markhami,Hydrobatidae,Procellariiformes,53.1,12040992.53,1883,4.914,Markham's storm petrel,476.69,21
Hydrobates matsudairae,Hydrobatidae,Procellariiformes,62.0,8.12,1922,5.4898,Matsudaira's storm petrel,102.05,6
Hydrobates melania,Hydrobatidae,Procellariiformes,61.5,38.23,1854,5.322,Black storm petrel,130.38,13
Hydrobates microsoma,Hydrobatidae,Procellariiformes,20.5,2556397.26,1864,4.6588,Least storm petrel,106.06,10
Hydrobates monorhis,Hydrobatidae,Procellariiformes,39.8,19566410.48,1867,4.9142,Swinhoe's storm petrel,195.3,16
Hydrobates monteiroi,Hydrobatidae,Procellariiformes,46.14,736937.18,2008,5.5827,Monteiro's storm petrel,153.47,19
Hydrobates pelagicus,Hydrobatidae,Procellariiformes,25.2,50310627.51,1758,5.4247,European storm petrel,1537.62,154
Hydrobates socorroensis,Hydrobatidae,Procellariiformes,36.71,4224560.11,1890,4.8412,Townsend's storm petrel,98.82,10
Hydrobates tethys,Hydrobatidae,Procellariiformes,22.6,11745531.83,1852,5.1245,Wedge-rumped storm petrel,77.72,8
Hydrobates tristrami,Hydrobatidae,Procellariiformes,89.05,13675265.59,1896,5.197,Tristram's storm petrel,112.67,9
Hydrochous gigas,Apodidae,Caprimulgiformes,35.8,97277.3,1901,4.4166,Giant swiftlet,74.77,11
Hydrocoloeus minutus,Laridae,Charadriiformes,118.0,8322361.57,1776,5.7925,Little gull,941.9,77
Hydrophasianus chirurgus,Jacanidae,Charadriiformes,160.03,6414861.88,1786,6.0273,Pheasant-tailed jacana,1081.33,66
Hydroprogne caspia,Laridae,Charadriiformes,655.0,6293644.91,1770,5.7988,Caspian tern,1746.01,276
Hydropsalis cayennensis,Caprimulgidae,Caprimulgiformes,35.5,1530293.86,1789,6.2544,White-tailed nightjar,98.44,22
Hydropsalis climacocerca,Caprimulgidae,Caprimulgiformes,46.0,5856089.27,1844,6.0893,Ladder-tailed nightjar,58.38,15
Hydropsalis maculicaudus,Caprimulgidae,Caprimulgiformes,30.3,3375852.78,1862,5.481,Spot-tailed nightjar,56.4,17
Hydropsalis torquata,Caprimulgidae,Caprimulgiformes,58.5,7882112.57,1789,5.9638,Scissor-tailed nightjar,86.04,23
Hydrornis baudii,Pittidae,Passeriformes,66.0,604986.6,1839,6.7552,Blue-headed pitta,87.58,8
Hydrornis caeruleus,Pittidae,Passeriformes,202.0,357016.42,1822,6.3531,Giant pitta,97.17,6
Hydrornis cyaneus,Pittidae,Passeriformes,108.99,1019585.76,1843,6.682,Blue pitta,182.68,6
Hydrornis elliotii,Pittidae,Passeriformes,91.0,605196.04,1874,7.0225,Bar-bellied pitta,76.22,2
Hydrornis guajanus,Pittidae,Passeriformes,81.5,129669.16,1776,6.9893,Javan banded pitta,136.93,7
Hydrornis gurneyi,Pittidae,Passeriformes,60.5,944.06,1875,6.552,Gurney's pitta,233.53,10
Hydrornis irena,Pittidae,Passeriformes,81.5,576808.74,1836,7.109,Malayan banded pitta,166.46,5
Hydrornis nipalensis,Pittidae,Passeriformes,124.0,668283.53,1837,6.2114,Blue-naped pitta,102.53,5
Hydrornis oatesi,Pittidae,Passeriformes,120.0,547817.02,1873,6.1963,Rusty-naped pitta,104.66,4
Hydrornis phayrei,Pittidae,Passeriformes,100.0,927700.65,1862,6.2428,Eared pitta,91.69,4
Hydrornis schneideri,Pittidae,Passeriformes,109.0,65839.87,1909,6.6843,Schneider's pitta,58.51,9
Hydrornis schwaneri,Pittidae,Passeriformes,81.5,732631.65,1850,7.1821,Bornean banded pitta,74.66,5
Hydrornis soror,Pittidae,Passeriformes,114.0,579014.96,1881,6.7035,Blue-rumped pitta,74.16,3
Hylatomus pileatus,Picidae,Piciformes,286.59,5925872.32,1758,6.2716,Pileated woodpecker,24433.98,5
Hylatomus schulzii,Picidae,Piciformes,200.0,585880.91,1883,6.2933,Black-bodied woodpecker,96.83,5
Hylexetastes stresemanni,Furnariidae,Passeriformes,111.0,1449365.23,1925,5.2137,Bar-bellied woodcreeper,26.46,9
Hylia prasina,Scotocercidae,Passeriformes,13.06,4144582.44,1855,4.8323,Green hylia,86.08,18
Hyliota australis,Hyliotidae,Passeriformes,11.2,1342986.67,1882,5.6997,Southern hyliota,53.62,8
Hyliota flavigaster,Hyliotidae,Passeriformes,12.5,4822595.38,1837,5.0677,Yellow-bellied hyliota,64.54,16
Hyliota usambara,Hyliotidae,Passeriformes,11.2,412.8,1932,4.9358,Usambara hyliota,33.25,9
Hyliota violacea,Hyliotidae,Passeriformes,15.8,1001100.98,1851,5.7131,Violet-backed hyliota,35.12,8
Hylocichla mustelina,Turdidae,Passeriformes,50.09,3494414.7,1789,5.9373,Wood thrush,4113.31,202
Hylomanes momotula,Momotidae,Coraciiformes,29.3,343980.59,1839,7.0468,Tody motmot,189.01,16
Hylonympha macrocerca,Trochilidae,Caprimulgiformes,7.3,227.61,1873,6.6753,Scissor-tailed hummingbird,92.9,13
Hylopezus auricularis,Grallariidae,Passeriformes,40.42,185.14,1941,5.4463,Masked antpitta,23.76,17
Hylopezus ochroleucus,Grallariidae,Passeriformes,28.0,545906.82,1831,5.4323,White-browed antpitta,23.0,30
Hylopezus perspicillatus,Grallariidae,Passeriformes,43.0,279909.57,1861,6.0434,Streak-chested antpitta,52.48,14
Hylophilus amaurocephalus,Vireonidae,Passeriformes,11.7,1515487.23,1835,5.8783,Grey-eyed greenlet,27.34,11
Hylophilus brunneiceps,Vireonidae,Passeriformes,9.9,528917.17,1866,4.9596,Brown-headed greenlet,22.34,9
Hylophilus olivaceus,Vireonidae,Passeriformes,12.0,86246.0,1844,4.6561,Olivaceous greenlet,24.43,10
Hylophilus pectoralis,Vireonidae,Passeriformes,11.6,3214859.36,1866,5.7766,Ashy-headed greenlet,40.63,11
Hylophilus poicilotis,Vireonidae,Passeriformes,10.4,673378.96,1822,6.1189,Rufous-crowned greenlet,28.82,18
Hylophilus semicinereus,Vireonidae,Passeriformes,13.0,3561762.58,1867,5.3556,Grey-chested greenlet,26.38,12
Hylophylax naevioides,Thamnophilidae,Passeriformes,17.8,372510.89,1847,5.7493,Spotted antbird,65.65,25
Hylophylax naevius,Thamnophilidae,Passeriformes,14.2,5848723.89,1789,6.0362,Spot-backed antbird,25.85,25
Hylophylax punctulatus,Thamnophilidae,Passeriformes,12.4,3128205.43,1856,5.8773,Dot-backed antbird,25.73,17
Hylopsar cupreocauda,Sturnidae,Passeriformes,58.01,345124.17,1857,5.5123,Copper-tailed starling,42.58,14
Hylopsar purpureiceps,Sturnidae,Passeriformes,62.84,1844762.06,1851,6.5816,Purple-headed starling,58.02,11
Hylorchilus navai,Troglodytidae,Passeriformes,29.3,2657.54,1973,5.342,Nava's wren,38.99,45
Hylorchilus sumichrasti,Troglodytidae,Passeriformes,28.4,6551.84,1871,5.6085,Sumichrast's wren,43.35,26
Hymenolaimus malacorhynchos,Anatidae,Anseriformes,829.99,54832.86,1789,5.3574,Blue duck,1528.52,42
Hymenops perspicillatus,Tyrannidae,Passeriformes,22.9,2683008.9,1789,5.3252,Spectacled tyrant,90.28,27
Hypargos margaritatus,Estrildidae,Passeriformes,12.8,155741.3,1844,7.0775,Pink-throated twinspot,93.45,9
Hypargos niveoguttatus,Estrildidae,Passeriformes,14.6,1748989.03,1868,6.5644,Red-throated twinspot,98.68,14
Hypergerus atriceps,Cisticolidae,Passeriformes,29.8,2301821.94,1831,5.8386,Oriole warbler,82.05,15
Hypocnemis cantator,Thamnophilidae,Passeriformes,12.29,968489.41,1783,5.7956,Guianan warbling antbird,33.43,27
Hypocnemis flavescens,Thamnophilidae,Passeriformes,12.29,506050.4,1865,5.4617,Imeri warbling antbird,19.21,12
Hypocnemis hypoxantha,Thamnophilidae,Passeriformes,11.53,1409240.17,1869,5.7293,Yellow-browed antbird,24.16,25
Hypocnemis ochrogyna,Thamnophilidae,Passeriformes,12.29,456296.85,1932,6.1028,Rondonia warbling antbird,25.36,12
Hypocnemis peruviana,Thamnophilidae,Passeriformes,12.29,1886860.41,1884,5.8719,Peruvian warbling antbird,31.02,17
Hypocnemis rondoni,Thamnophilidae,Passeriformes,12.5,95654.42,2013,5.7312,Manicoré warbling antbird,19.88,10
Hypocnemis striata,Thamnophilidae,Passeriformes,12.29,1133963.09,1825,5.541,Spix's warbling antbird,19.95,12
Hypocnemis subflava,Thamnophilidae,Passeriformes,12.29,362426.01,1873,5.3712,Yellow-breasted warbling antbird,20.57,15
Hypocnemoides maculicauda,Thamnophilidae,Passeriformes,11.8,3324431.81,1868,5.6997,Band-tailed antbird,27.74,15
Hypocnemoides melanopogon,Thamnophilidae,Passeriformes,14.1,3494411.77,1857,5.6018,Black-chinned antbird,37.62,16
Hypocolius ampelinus,Hypocoliidae,Passeriformes,53.3,658469.06,1850,5.7319,Grey hypocolius,184.79,24
Hypocryptadius cinnamomeus,Passeridae,Passeriformes,30.0,6672.79,1903,4.2894,Cinnamon ibon,189.68,9
Hypoedaleus guttatus,Thamnophilidae,Passeriformes,38.8,829945.45,1816,5.6354,Spot-backed antshrike,29.55,26
Hypopyrrhus pyrohypogaster,Icteridae,Passeriformes,101.0,3871.8,1847,6.4756,Red-bellied grackle,184.86,72
Hypositta corallirostris,Vangidae,Passeriformes,14.1,159578.63,1863,5.8966,Nuthatch vanga,61.95,6
Hypotaenidia insignis,Rallidae,Gruiformes,353.07,33841.04,1880,4.1444,Pink-legged rail,89.71,4
Hypotaenidia okinawae,Rallidae,Gruiformes,433.0,594.31,1981,5.8185,Okinawa rail,783.55,13
Hypotaenidia philippensis,Rallidae,Gruiformes,205.92,2532556.07,1766,5.3736,Buff-banded rail,1266.55,6
Hypotaenidia rovianae,Rallidae,Gruiformes,353.07,3354.63,1991,5.1726,Roviana rail,95.76,3
Hypotaenidia sylvestris,Rallidae,Gruiformes,494.38,1.68,1870,4.8982,Lord Howe woodhen,461.31,8
Hypotaenidia torquata,Rallidae,Gruiformes,280.0,412241.22,1766,5.5704,Barred rail,169.59,5
Hypothymis azurea,Monarchidae,Passeriformes,11.1,7041185.04,1783,7.522,Black-naped monarch,1687.97,45
Hypothymis coelestis,Monarchidae,Passeriformes,13.6,167204.65,1877,6.4258,Celestial monarch,175.35,10
Hypothymis helenae,Monarchidae,Passeriformes,9.9,123419.68,1890,6.2721,Short-crested monarch,46.62,15
Hypothymis puella,Monarchidae,Passeriformes,11.1,186767.47,1863,6.5532,Pale-blue monarch,60.43,6
Hypsipetes affinis,Pycnonotidae,Passeriformes,40.5,18011.55,1841,5.2653,Seram golden bulbul,35.08,3
Hypsipetes amaurotis,Pycnonotidae,Passeriformes,70.89,482417.45,1830,5.063,Brown-eared bulbul,1127.22,48
Hypsipetes aureus,Pycnonotidae,Passeriformes,40.5,754.8,1872,5.5411,Togian golden bulbul,9.16,3
Hypsipetes borbonicus,Pycnonotidae,Passeriformes,55.3,2541.14,1781,5.1316,Réunion bulbul,52.27,22
Hypsipetes chloris,Pycnonotidae,Passeriformes,40.5,22982.25,1867,5.8518,Halmahera golden bulbul,10.86,4
Hypsipetes crassirostris,Pycnonotidae,Passeriformes,79.5,244.59,1867,5.7205,Seychelles bulbul,117.98,19
Hypsipetes ganeesa,Pycnonotidae,Passeriformes,51.8,238034.77,1832,5.9348,Square-tailed bulbul,100.83,10
Hypsipetes leucocephalus,Pycnonotidae,Passeriformes,51.8,4614841.53,1789,5.5938,Black bulbul,557.91,36
Hypsipetes lucasi,Pycnonotidae,Passeriformes,40.5,2537.03,1903,5.4479,Obi golden bulbul,9.58,3
Hypsipetes madagascariensis,Pycnonotidae,Passeriformes,45.99,591386.99,1776,4.7674,Malagasy bulbul,83.93,32
Hypsipetes moheliensis,Pycnonotidae,Passeriformes,59.44,213.58,1960,5.2918,Moheli bulbul,27.99,8
Hypsipetes mysticalis,Pycnonotidae,Passeriformes,40.5,8321.06,1863,5.3455,Buru golden bulbul,21.77,4
Hypsipetes olivaceus,Pycnonotidae,Passeriformes,74.99,129.38,1837,4.9685,Mauritius bulbul,155.94,17
Hypsipetes parvirostris,Pycnonotidae,Passeriformes,59.44,1031.45,1885,4.8668,Grande Comore bulbul,24.67,16
Hypsipetes platenae,Pycnonotidae,Passeriformes,40.5,5.63,1888,4.51,Sangihe golden bulbul,11.95,6
Hypsipetes rufigularis,Pycnonotidae,Passeriformes,58.7,21991.1,1877,4.9829,Zamboanga bulbul,56.96,10
Hypsipetes siquijorensis,Pycnonotidae,Passeriformes,38.6,5018.51,1890,4.7067,Streak-breasted bulbul,77.47,11
Hypsipetes thompsoni,Pycnonotidae,Passeriformes,41.8,186717.31,1900,6.6136,White-headed bulbul,59.29,3
Ibidorhyncha struthersii,Ibidorhynchidae,Charadriiformes,294.0,4986455.37,1832,6.1446,,,50
Ibycter americanus,Falconidae,Falconiformes,624.0,8087193.54,1783,6.0932,Red-throated caracara,533.82,25
Icteria virens,Icteridae,Passeriformes,24.89,6188045.96,1758,6.5533,Yellow-breasted chat,2778.35,133
Icterus abeillei,Icteridae,Passeriformes,33.0,337004.33,1839,5.7135,Black-backed oriole,173.98,50
Icterus auratus,Icteridae,Passeriformes,32.1,115652.93,1850,6.9617,Orange oriole,242.6,25
Icterus auricapillus,Icteridae,Passeriformes,32.2,405614.96,1848,6.3922,Orange-crowned oriole,60.94,17
Icterus bonana,Icteridae,Passeriformes,29.0,1126.59,1766,5.8102,Martinique oriole,72.58,22
Icterus bullockiorum,Icteridae,Passeriformes,37.9,3649427.51,1827,7.0197,Bullock's oriole,1974.15,5
Icterus chrysater,Icteridae,Passeriformes,53.4,777224.61,1844,6.6462,Yellow-backed oriole,283.14,45
Icterus croconotus,Icteridae,Passeriformes,44.5,3433213.88,1829,7.3923,Orange-backed troupial,223.71,21
Icterus cucullatus,Icteridae,Passeriformes,24.3,1181319.94,1827,6.1189,Hooded oriole,1664.51,93
Icterus dominicensis,Icteridae,Passeriformes,35.74,75136.96,1766,6.4085,Hispaniolan oriole,80.02,21
Icterus galbula,Icteridae,Passeriformes,32.83,4604558.64,1758,7.131,Baltimore oriole,10777.74,127
Icterus graceannae,Icteridae,Passeriformes,41.5,77582.36,1867,6.853,White-edged oriole,56.3,31
Icterus graduacauda,Icteridae,Passeriformes,42.2,347160.28,1839,6.4702,Audubon's oriole,300.21,41
Icterus gularis,Icteridae,Passeriformes,55.16,559678.92,1829,6.3712,Altamira oriole,381.07,49
Icterus icterus,Icteridae,Passeriformes,60.88,432348.96,1766,6.8529,Venezuelan troupial,1389.22,60
Icterus jamacaii,Icteridae,Passeriformes,62.9,2653360.73,1788,7.2507,Campo troupial,612.89,25
Icterus laudabilis,Icteridae,Passeriformes,36.9,617.37,1871,5.6898,Saint Lucia oriole,72.53,22
Icterus leucopteryx,Icteridae,Passeriformes,36.9,11049.76,1827,6.157,Jamaican oriole,175.72,14
Icterus maculialatus,Icteridae,Passeriformes,37.4,87262.55,1848,6.8541,Bar-winged oriole,55.21,32
Icterus melanopsis,Icteridae,Passeriformes,35.74,109692.98,1829,6.001,Cuban oriole,83.01,8
Icterus mesomelas,Icteridae,Passeriformes,39.9,995703.98,1829,6.5901,Yellow-tailed oriole,121.44,34
Icterus nigrogularis,Icteridae,Passeriformes,40.2,1368029.34,1819,6.7007,Yellow oriole,570.88,33
Icterus northropi,Icteridae,Passeriformes,40.0,5270.32,1890,6.0854,Bahama oriole,170.78,21
Icterus oberi,Icteridae,Passeriformes,35.78,13.19,1880,5.462,Montserrat oriole,241.93,25
Icterus parisorum,Icteridae,Passeriformes,36.48,1741688.63,1838,6.1941,Scott's oriole,501.38,47
Icterus pectoralis,Icteridae,Passeriformes,46.5,195480.27,1829,5.818,Spot-breasted oriole,227.17,47
Icterus portoricensis,Icteridae,Passeriformes,35.74,8774.41,1866,5.8672,Puerto Rican oriole,154.79,11
Icterus prosthemelas,Icteridae,Passeriformes,27.95,440232.43,1850,7.0155,Black-cowled oriole,161.18,25
Icterus pustulatus,Icteridae,Passeriformes,36.78,553521.84,1829,6.33,Streak-backed oriole,208.4,68
Icterus pyrrhopterus,Icteridae,Passeriformes,33.3,6583729.3,1819,5.3578,Variable oriole,114.33,17
Icterus wagleri,Icteridae,Passeriformes,41.8,690465.83,1857,6.7386,Black-vented oriole,117.88,43
Icthyophaga humilis,Accipitridae,Accipitriformes,782.0,2763882.32,1841,5.4889,Lesser fish eagle,512.37,18
Icthyophaga ichthyaetus,Accipitridae,Accipitriformes,1590.0,3707887.55,1821,5.9989,Grey-headed fish eagle,954.99,16
Ictinaetus malaiensis,Accipitridae,Accipitriformes,1028.0,3231811.39,1822,6.2221,Black eagle,4157.73,12
Ictinia mississippiensis,Accipitridae,Accipitriformes,276.03,824795.96,1811,6.161,Mississippi kite,4472.88,96
Ictinia plumbea,Accipitridae,Accipitriformes,249.9,12719722.18,1788,6.176,Plumbeous kite,261.05,45
Idiopsar brachyurus,Thraupidae,Passeriformes,43.0,76433.7,1867,5.2921,Boulder finch,26.32,18
Iduna caligata,Acrocephalidae,Passeriformes,8.9,5841802.63,1823,5.5408,Booted warbler,303.95,49
Iduna natalensis,Acrocephalidae,Passeriformes,11.7,3742433.69,1847,6.0723,African yellow warbler,103.86,10
Iduna opaca,Acrocephalidae,Passeriformes,9.0,515405.67,1850,4.9932,Western olivaceous warbler,153.41,33
Iduna pallida,Acrocephalidae,Passeriformes,9.0,4793435.1,1833,4.3777,Eastern olivaceous warbler,334.95,52
Iduna rama,Acrocephalidae,Passeriformes,9.3,3621478.6,1832,4.704,Sykes's warbler,215.83,20
Iduna similis,Acrocephalidae,Passeriformes,11.1,283650.62,1897,5.577,Mountain yellow warbler,40.06,14
Ifrita kowaldi,Ifritidae,Passeriformes,32.1,91932.48,1890,5.9515,Blue-capped ifrit,1173.38,16
Ilicura militaris,Pipridae,Passeriformes,12.7,840759.23,1809,6.5408,Pin-tailed manakin,80.22,26
Illadopsis albipectus,Pellorneidae,Passeriformes,30.6,1215586.75,1888,4.9061,Scaly-breasted illadopsis,25.5,14
Illadopsis cleaveri,Pellorneidae,Passeriformes,30.8,977280.76,1874,5.0658,Blackcap illadopsis,26.79,11
Illadopsis fulvescens,Pellorneidae,Passeriformes,27.9,2855381.87,1859,4.7475,Brown illadopsis,39.98,10
Illadopsis puveli,Pellorneidae,Passeriformes,48.4,631343.92,1901,4.6382,Puvel's illadopsis,28.77,10
Illadopsis pyrrhoptera,Pellorneidae,Passeriformes,24.8,145566.3,1895,4.5883,Mountain illadopsis,27.15,13
Illadopsis rufescens,Pellorneidae,Passeriformes,37.0,264186.88,1878,4.4418,Rufous-winged illadopsis,29.06,15
Illadopsis turdina,Pellorneidae,Passeriformes,65.8,231174.57,1883,5.5268,Spotted thrush-babbler,26.32,5
Incana incana,Cisticolidae,Passeriformes,10.39,3614.0,1881,4.3298,Socotra warbler,161.33,13
Incaspiza laeta,Thraupidae,Passeriformes,22.0,28938.71,1895,5.5773,Buff-bridled Inca finch,20.88,8
Incaspiza ortizi,Thraupidae,Passeriformes,32.43,1442.73,1952,6.0213,Grey-winged Inca finch,19.29,18
Incaspiza personata,Thraupidae,Passeriformes,33.2,88039.25,1895,5.3899,Rufous-backed Inca finch,20.16,7
Incaspiza pulchra,Thraupidae,Passeriformes,27.6,21927.77,1886,6.1714,Great Inca finch,26.21,13
Incaspiza watkinsi,Thraupidae,Passeriformes,20.4,2121.95,1925,5.6603,Little Inca finch,29.04,7
Indicator archipelagicus,Indicatoridae,Piciformes,32.4,1098002.15,1832,5.0076,Malaysian honeyguide,81.38,7
Indicator exilis,Indicatoridae,Piciformes,17.92,4132641.71,1856,4.2018,Least honeyguide,59.73,12
Indicator indicator,Indicatoridae,Piciformes,50.4,11206655.87,1777,5.0443,Greater honeyguide,1531.01,745
Indicator maculatus,Indicatoridae,Piciformes,46.8,4072953.89,1847,4.5215,Spotted honeyguide,64.48,13
Indicator meliphilus,Indicatoridae,Piciformes,14.04,1489690.4,1905,4.8276,Pallid honeyguide,47.28,7
Indicator pumilio,Indicatoridae,Piciformes,13.12,55590.95,1958,4.613,Dwarf honeyguide,39.36,8
Indicator variegatus,Indicatoridae,Piciformes,48.76,3473509.99,1830,4.6728,Scaly-throated honeyguide,136.12,7
Indicator willcocksi,Indicatoridae,Piciformes,15.4,3271299.81,1901,4.6243,Willcocks's honeyguide,40.44,8
Indicator xanthonotus,Indicatoridae,Piciformes,30.38,97279.81,1842,4.949,Yellow-rumped honeyguide,165.23,16
Inezia caudata,Tyrannidae,Passeriformes,7.5,597282.08,1897,5.4416,Pale-tipped inezia,21.07,19
Inezia inornata,Tyrannidae,Passeriformes,12.0,1166513.79,1897,5.0757,Plain inezia,22.32,25
Inezia subflava,Tyrannidae,Passeriformes,8.4,972309.3,1873,5.2421,Amazonian inezia,31.96,17
Inezia tenuirostris,Tyrannidae,Passeriformes,5.0,59966.6,1913,5.2872,Slender-billed inezia,21.62,14
Iodopleura fusca,Tityridae,Passeriformes,15.3,444576.7,1817,4.9926,Dusky purpletuft,26.48,16
Iodopleura isabellae,Tityridae,Passeriformes,20.0,4495732.17,1847,6.1066,White-browed purpletuft,49.49,17
Iodopleura pipra,Tityridae,Passeriformes,10.03,130157.72,1831,5.5349,Buff-throated purpletuft,43.15,48
Iole finschii,Pycnonotidae,Passeriformes,24.2,779808.76,1871,4.777,Finsch's bulbul,39.72,3
Iole palawanensis,Pycnonotidae,Passeriformes,26.8,11492.84,1878,4.7983,Sulphur-bellied bulbul,36.67,8
Irania gutturalis,Muscicapidae,Passeriformes,21.6,1374813.39,1843,5.8893,White-throated robin,224.68,36
Irediparra gallinacea,Jacanidae,Charadriiformes,98.8,2181164.52,1828,5.6385,Comb-crested jacana,456.99,17
Irena cyanogastra,Irenidae,Passeriformes,80.29,229101.27,1831,6.0046,Philippine fairy-bluebird,221.47,12
Iridophanes pulcherrimus,Thraupidae,Passeriformes,15.3,115363.41,1853,6.3084,Golden-collared honeycreeper,45.63,15
Iridosornis analis,Thraupidae,Passeriformes,26.0,97006.4,1844,6.7424,Yellow-throated tanager,23.62,22
Iridosornis jelskii,Thraupidae,Passeriformes,20.0,98574.56,1873,6.8664,Golden-collared tanager,27.93,16
Iridosornis porphyrocephalus,Thraupidae,Passeriformes,21.7,21849.59,1856,7.305,Purplish-mantled tanager,32.85,28
Iridosornis reinhardti,Thraupidae,Passeriformes,24.0,73883.21,1865,6.327,Yellow-scarfed tanager,29.42,17
Iridosornis rufivertex,Thraupidae,Passeriformes,23.0,82384.67,1842,7.0176,Golden-crowned tanager,37.97,24
Isleria guttata,Thamnophilidae,Passeriformes,11.0,1694815.8,1824,6.0535,Rufous-bellied antwren,23.74,7
Isleria hauxwelli,Thamnophilidae,Passeriformes,10.7,4248364.67,1857,5.2602,Plain-throated antwren,26.13,19
Islerothraupis cristata,Thraupidae,Passeriformes,18.8,6338485.76,1766,6.1319,,,6
Islerothraupis luctuosa,Thraupidae,Passeriformes,13.0,7144190.04,1837,6.2386,,,4
Islerothraupis rufiventer,Thraupidae,Passeriformes,19.0,737324.12,1825,5.4215,,,7
Ispidina lecontei,Alcedinidae,Coraciiformes,9.5,2195930.36,1856,7.093,African dwarf kingfisher,199.27,6
Ispidina picta,Alcedinidae,Coraciiformes,12.72,13894765.2,1783,7.0894,African pygmy kingfisher,470.69,19
Ithaginis cruentus,Phasianidae,Galliformes,530.67,657902.92,1821,6.8095,Blood pheasant,1864.0,59
Ixidia cyaniventris,Pycnonotidae,Passeriformes,22.0,926808.78,1842,5.4693,,,2
Ixidia erythropthalmos,Pycnonotidae,Passeriformes,19.2,1241474.05,1878,4.6475,,,2
Ixidia squamata,Pycnonotidae,Passeriformes,22.0,296711.64,1828,5.8882,,,4
Ixobrychus cinnamomeus,Ardeidae,Pelecaniformes,126.49,7931366.43,1789,6.1626,Cinnamon bittern,503.81,48
Ixobrychus dubius,Ardeidae,Pelecaniformes,83.9,1685096.62,1912,5.4598,Black-backed bittern,145.5,11
Ixobrychus eurhythmus,Ardeidae,Pelecaniformes,139.0,4733640.24,1873,5.4221,Von Schrenck's bittern,138.68,43
Ixobrychus exilis,Ardeidae,Pelecaniformes,86.29,6223094.32,1789,5.9928,Least bittern,1597.09,136
Ixobrychus flavicollis,Ardeidae,Pelecaniformes,321.0,6677261.29,1790,5.4966,Black bittern,545.3,39
Ixobrychus involucris,Ardeidae,Pelecaniformes,80.1,2399740.23,1823,5.7069,Stripe-backed bittern,157.7,24
Ixobrychus minutus,Ardeidae,Pelecaniformes,99.49,27683039.02,1766,5.9412,Little bittern,1177.33,166
Ixobrychus sinensis,Ardeidae,Pelecaniformes,94.29,8593201.95,1789,6.856,Yellow bittern,826.47,61
Ixobrychus sturmii,Ardeidae,Pelecaniformes,140.0,12872490.53,1827,6.013,Dwarf bittern,330.18,11
Ixonotus guttatus,Pycnonotidae,Passeriformes,35.2,2790568.64,1851,4.8791,Spotted greenbul,28.05,12
Ixoreus naevius,Turdidae,Passeriformes,77.5,3316865.29,1789,6.2108,Varied thrush,1853.33,83
Ixos malaccensis,Pycnonotidae,Passeriformes,37.3,976235.84,1845,5.0241,Streaked bulbul,50.88,11
Ixos mcclellandii,Pycnonotidae,Passeriformes,32.5,2391920.69,1840,5.788,Mountain bulbul,151.79,21
Ixos nicobariensis,Pycnonotidae,Passeriformes,36.0,462.76,1854,4.3851,Nicobar bulbul,66.6,14
Jabiru mycteria,Ciconiidae,Ciconiiformes,5996.29,9048327.31,1819,5.9206,,,73
Jacamaralcyon tridactyla,Galbulidae,Piciformes,18.3,389660.14,1817,6.0741,Three-toed jacamar,52.67,21
Jacamerops aureus,Galbulidae,Piciformes,62.9,5748994.39,1776,7.3848,Great jacamar,250.33,9
Jacana jacana,Jacanidae,Charadriiformes,106.24,13881637.25,1766,5.8997,Wattled jacana,690.95,71
Jacana spinosa,Jacanidae,Charadriiformes,94.0,1044408.35,1758,6.4862,Northern jacana,760.79,43
Junco bairdi,Passerellidae,Passeriformes,20.4,4798.83,1883,5.4096,Baird's junco,119.82,11
Junco hyemalis,Passerellidae,Passeriformes,19.5,10167654.77,1758,5.2621,Dark-eyed junco,7895.57,320
Junco insularis,Passerellidae,Passeriformes,21.95,42.42,1876,4.6124,Guadalupe junco,168.9,20
Junco phaeonotus,Passerellidae,Passeriformes,20.4,532188.09,1831,5.5142,Yellow-eyed junco,241.46,35
Junco vulcani,Passerellidae,Passeriformes,28.0,1035.18,1878,5.1882,Volcano junco,115.01,30
Jynx ruficollis,Picidae,Piciformes,46.4,1609043.05,1830,5.4715,Red-throated wryneck,438.68,10
Jynx torquilla,Picidae,Piciformes,34.96,17649135.86,1758,5.2286,Eurasian wryneck,1767.21,120
Kakamega poliothorax,Modulatricidae,Passeriformes,36.4,140625.85,1900,4.823,Grey-chested babbler,50.73,14
Kaupifalco monogrammicus,Accipitridae,Accipitriformes,278.94,13079368.52,1824,6.3986,Lizard buzzard,454.24,17
Kempiella flavovirescens,Petroicidae,Passeriformes,15.0,669110.72,1858,6.1799,Olive flyrobin,27.27,7
Kempiella griseoceps,Petroicidae,Passeriformes,10.6,184726.52,1894,5.6413,Yellow-legged flyrobin,33.28,7
Kenopia striata,Pellorneidae,Passeriformes,19.9,114569.69,1842,5.0514,Striped wren-babbler,33.06,15
Ketupa flavipes,Strigidae,Strigiformes,2315.0,2648554.3,1836,7.0699,Tawny fish owl,427.27,22
Ketupa ketupu,Strigidae,Strigiformes,1293.0,2556769.49,1821,6.9545,Buffy fish owl,749.71,20
Ketupa zeylonensis,Strigidae,Strigiformes,1105.0,5475867.52,1788,6.7175,Brown fish owl,1123.66,42
Klais guimeti,Trochilidae,Caprimulgiformes,2.6,471433.43,1843,6.9576,Violet-headed hummingbird,122.12,15
Kleinothraupis calophrys,Thraupidae,Passeriformes,19.33,23103.82,1876,6.3633,Orange-browed hemispingus,20.81,5
Kleinothraupis parodii,Thraupidae,Passeriformes,21.8,28661.28,1974,5.9975,Parodi's hemispingus,31.66,12
Kleinothraupis reyi,Thraupidae,Passeriformes,19.0,13673.25,1885,6.3704,Grey-capped hemispingus,23.01,7
Knipolegus cabanisi,Tyrannidae,Passeriformes,17.8,99718.39,1882,5.46,Plumbeous tyrant,24.02,11
Knipolegus cyanirostris,Tyrannidae,Passeriformes,15.4,1578990.48,1818,5.5605,Blue-billed black tyrant,29.68,29
Knipolegus franciscanus,Tyrannidae,Passeriformes,20.5,88032.64,1928,4.9645,São Francisco black tyrant,12.89,18
Knipolegus hudsoni,Tyrannidae,Passeriformes,13.8,558563.59,1872,5.4216,Hudson's black tyrant,23.37,18
Knipolegus lophotes,Tyrannidae,Passeriformes,31.8,1319771.82,1828,5.0125,Crested black tyrant,43.72,17
Knipolegus nigerrimus,Tyrannidae,Passeriformes,20.3,789107.65,1818,5.2962,Velvety black tyrant,25.15,30
Knipolegus poecilocercus,Tyrannidae,Passeriformes,14.3,1167038.38,1868,6.344,Amazonian black tyrant,31.88,12
Knipolegus poecilurus,Tyrannidae,Passeriformes,14.6,524563.47,1862,5.4266,Rufous-tailed tyrant,22.77,18
Knipolegus signatus,Tyrannidae,Passeriformes,17.8,32221.11,1875,4.8969,Jelski's black tyrant,20.4,12
Knipolegus striaticeps,Tyrannidae,Passeriformes,11.0,946873.17,1837,5.5108,Cinereous tyrant,22.21,16
Kupeornis gilberti,Leiotrichidae,Passeriformes,64.0,1661.42,1949,4.976,White-throated mountain babbler,25.55,7
Kupeornis rufocinctus,Leiotrichidae,Passeriformes,47.0,41401.32,1908,5.61,Red-collared babbler,29.51,5
Lafresnaya lafresnayi,Trochilidae,Caprimulgiformes,5.3,312941.28,1840,7.3368,Mountain velvetbreast,60.14,20
Lagonosticta nitidula,Estrildidae,Passeriformes,10.7,1509814.09,1886,6.886,Brown firefinch,55.43,10
Lagonosticta rara,Estrildidae,Passeriformes,10.4,2433099.84,1864,6.5982,Black-bellied firefinch,63.16,10
Lagonosticta rhodopareia,Estrildidae,Passeriformes,9.3,2706237.28,1868,6.5968,Jameson's firefinch,153.32,16
Lagonosticta rufopicta,Estrildidae,Passeriformes,9.3,3308898.34,1843,6.2893,Bar-breasted firefinch,67.19,13
Lagonosticta sanguinodorsalis,Estrildidae,Passeriformes,11.4,28120.62,1998,6.149,Rock firefinch,98.08,18
Lagonosticta senegala,Estrildidae,Passeriformes,9.21,10024696.13,1766,6.4507,Red-billed firefinch,409.53,39
Lagonosticta umbrinodorsalis,Estrildidae,Passeriformes,10.6,42139.72,1910,6.1599,Chad firefinch,44.56,9
Lagonosticta virata,Estrildidae,Passeriformes,9.29,110944.97,1932,5.372,Mali firefinch,47.79,10
Lagopus lagopus,Phasianidae,Galliformes,566.86,24300173.65,1758,5.4911,Willow ptarmigan,5404.23,317
Lagopus leucura,Phasianidae,Galliformes,354.97,1777806.95,1831,6.8064,White-tailed ptarmigan,1421.47,67
Lagopus muta,Phasianidae,Galliformes,535.3,14996056.99,1781,6.0385,Rock ptarmigan,9792.38,305
Lalage aurea,Campephagidae,Passeriformes,32.0,25487.73,1825,5.8118,Rufous-bellied triller,26.11,4
Lalage fimbriata,Campephagidae,Passeriformes,29.3,1316199.59,1824,5.1976,Lesser cuckooshrike,40.03,4
Lalage leucomela,Campephagidae,Passeriformes,29.25,1258230.14,1827,5.5526,Varied triller,80.72,12
Lalage leucopyga,Campephagidae,Passeriformes,24.3,34357.57,1838,5.741,Long-tailed triller,59.33,13
Lalage leucopygialis,Campephagidae,Passeriformes,24.3,142638.67,1872,5.1908,White-rumped triller,26.23,10
Lalage maculosa,Campephagidae,Passeriformes,30.3,30893.91,1848,5.5476,Polynesian triller,96.11,10
Lalage melanoptera,Campephagidae,Passeriformes,29.39,993885.08,1839,5.0977,Black-headed cuckooshrike,145.23,8
Lalage melaschistos,Campephagidae,Passeriformes,43.0,4751722.92,1836,5.8543,Black-winged cuckooshrike,152.62,10
Lalage moesta,Campephagidae,Passeriformes,29.52,4371.57,1883,5.2699,White-browed triller,19.08,5
Lalage newtoni,Campephagidae,Passeriformes,42.9,28.71,1866,5.9936,Réunion cuckooshrike,94.17,6
Lalage nigra,Campephagidae,Passeriformes,28.4,1519309.4,1781,5.1943,Pied triller,150.82,10
Lalage polioptera,Campephagidae,Passeriformes,35.8,932555.61,1878,5.5305,Indochinese cuckooshrike,38.25,4
Lalage sharpei,Campephagidae,Passeriformes,28.63,2877.15,1900,5.0337,Samoan triller,38.06,11
Lalage sueurii,Campephagidae,Passeriformes,26.0,259989.37,1818,4.8692,White-shouldered triller,41.85,14
Lalage tricolor,Campephagidae,Passeriformes,25.0,7633376.41,1825,5.4828,White-winged triller,94.58,13
Lalage typica,Campephagidae,Passeriformes,42.9,116.81,1865,5.1735,Mauritius cuckooshrike,89.8,6
Lampornis amethystinus,Trochilidae,Caprimulgiformes,5.2,194597.57,1827,7.157,Amethyst-throated mountaingem,80.25,49
Lampornis calolaemus,Trochilidae,Caprimulgiformes,5.08,10988.47,1865,7.2613,Purple-throated mountaingem,143.68,21
Lampornis clemenciae,Trochilidae,Caprimulgiformes,7.55,496876.69,1830,6.5734,Blue-throated mountaingem,237.2,62
Lampornis hemileucus,Trochilidae,Caprimulgiformes,5.5,9354.91,1865,6.49,White-bellied mountaingem,47.51,30
Lampornis sybillae,Trochilidae,Caprimulgiformes,6.3,45190.48,1892,6.5184,Green-breasted mountaingem,39.92,30
Lampornis viridipallens,Trochilidae,Caprimulgiformes,5.33,91755.51,1846,7.1949,Green-throated mountaingem,49.48,30
Lamprolaima rhami,Trochilidae,Caprimulgiformes,7.8,138239.01,1839,6.9956,Garnet-throated hummingbird,77.25,47
Lamprolia klinesmithi,Lamproliidae,Passeriformes,14.65,215.55,1876,5.9975,Natewa silktail,48.3,11
Lamprolia victoriae,Lamproliidae,Passeriformes,14.65,442.23,1874,5.7449,Taveuni silktail,73.61,19
Lampropsar tanagrinus,Icteridae,Passeriformes,57.3,2416259.17,1824,5.6184,Velvet-fronted grackle,142.89,21
Lamprospiza melanoleuca,Mitrospingidae,Passeriformes,34.0,3392867.33,1817,6.0845,Red-billed pied tanager,59.95,14
Lamprotornis acuticaudus,Sturnidae,Passeriformes,67.6,1542032.33,1869,6.1743,Sharp-tailed starling,57.93,12
Lamprotornis albicapillus,Sturnidae,Passeriformes,76.75,792878.49,1855,5.4948,White-crowned starling,54.03,11
Lamprotornis australis,Sturnidae,Passeriformes,101.05,1557885.95,1836,5.7373,Burchell's starling,145.75,17
Lamprotornis bicolor,Sturnidae,Passeriformes,104.0,787929.61,1789,5.7988,Pied starling,150.32,14
Lamprotornis caudatus,Sturnidae,Passeriformes,121.0,2770669.04,1776,6.1156,Long-tailed glossy starling,195.47,29
Lamprotornis chalcurus,Sturnidae,Passeriformes,63.0,2454558.78,1835,7.2671,Bronze-tailed starling,77.32,13
Lamprotornis chalybaeus,Sturnidae,Passeriformes,86.17,7830690.15,1828,6.8973,Greater blue-eared starling,616.28,38
Lamprotornis chloropterus,Sturnidae,Passeriformes,73.1,5690333.67,1838,7.1167,Lesser blue-eared starling,164.95,17
Lamprotornis fischeri,Sturnidae,Passeriformes,51.0,642683.49,1884,5.6809,Fischer's starling,68.59,11
Lamprotornis hildebrandti,Sturnidae,Passeriformes,55.89,413819.2,1878,6.6096,Hildebrandt's starling,601.23,12
Lamprotornis iris,Sturnidae,Passeriformes,69.0,148739.05,1879,7.1626,Emerald starling,250.52,24
Lamprotornis nitens,Sturnidae,Passeriformes,85.59,3006322.47,1766,6.5915,Cape starling,646.51,24
Lamprotornis ornatus,Sturnidae,Passeriformes,130.0,146.65,1800,5.6122,Principe starling,57.38,13
Lamprotornis pulcher,Sturnidae,Passeriformes,67.29,3948428.54,1776,5.8316,Chestnut-bellied starling,109.35,16
Lamprotornis purpureus,Sturnidae,Passeriformes,112.87,3464722.79,1776,6.9289,Purple starling,415.47,25
Lamprotornis purpuroptera,Sturnidae,Passeriformes,77.41,1362512.11,1845,6.7824,Rüppell's starling,146.3,20
Lamprotornis regius,Sturnidae,Passeriformes,53.83,1243437.56,1879,6.9383,Golden-breasted starling,321.57,23
Lamprotornis shelleyi,Sturnidae,Passeriformes,45.0,657853.65,1890,6.3799,Shelley's starling,96.67,13
Lamprotornis splendidus,Sturnidae,Passeriformes,123.09,3906065.58,1822,6.9132,Splendid starling,158.48,25
Lamprotornis superbus,Sturnidae,Passeriformes,64.9,2087560.01,1845,7.1401,Superb starling,1177.53,63
Lamprotornis unicolor,Sturnidae,Passeriformes,60.24,309310.94,1881,5.7992,Ashy starling,93.97,14
Laniarius amboimensis,Malaconotidae,Passeriformes,45.87,2924.07,1932,6.6498,Gabela bushshrike,31.12,12
Laniarius atrococcineus,Malaconotidae,Passeriformes,48.8,1962868.62,1822,6.929,Crimson-breasted shrike,296.14,11
Laniarius atroflavus,Malaconotidae,Passeriformes,43.0,54064.78,1887,5.9233,Yellow-breasted boubou,47.0,20
Laniarius barbarus,Malaconotidae,Passeriformes,47.1,2828290.55,1766,7.6384,Yellow-crowned gonolek,161.87,14
Laniarius bicolor,Malaconotidae,Passeriformes,54.26,459587.12,1857,6.0398,Swamp boubou,59.52,11
Laniarius brauni,Malaconotidae,Passeriformes,54.3,592.14,1939,6.7764,Braun's bushshrike,35.64,9
Laniarius erythrogaster,Malaconotidae,Passeriformes,48.8,1988843.91,1829,6.9402,Black-headed gonolek,111.08,16
Laniarius ferrugineus,Malaconotidae,Passeriformes,46.8,721209.79,1788,5.646,Southern boubou,446.4,15
Laniarius fuelleborni,Malaconotidae,Passeriformes,46.4,72493.56,1900,5.1983,Fülleborn's boubou,19.93,14
Laniarius funebris,Malaconotidae,Passeriformes,40.4,1152635.01,1863,5.3085,Slate-colored boubou,69.84,13
Laniarius holomelas,Malaconotidae,Passeriformes,44.9,103404.14,1906,5.2813,Albertine sooty boubou,37.25,6
Laniarius leucorhynchus,Malaconotidae,Passeriformes,50.14,2498729.01,1848,5.5583,Lowland sooty boubou,29.17,13
Laniarius luehderi,Malaconotidae,Passeriformes,42.9,1056381.53,1874,6.4505,Lühder's bushshrike,40.82,14
Laniarius mufumbiri,Malaconotidae,Passeriformes,41.5,98961.39,1911,6.6199,Papyrus gonolek,85.97,12
Laniarius nigerrimus,Malaconotidae,Passeriformes,49.44,130051.73,1879,5.3426,Black boubou,92.33,5
Laniarius ruficeps,Malaconotidae,Passeriformes,32.67,660049.39,1885,6.3395,Red-naped bushshrike,31.3,12
Laniarius sublacteus,Malaconotidae,Passeriformes,48.7,158149.39,1851,5.7887,East Coast boubou,25.92,10
Laniarius turatii,Malaconotidae,Passeriformes,45.87,134854.06,1858,5.2699,Turati's boubou,25.5,11
Laniellus albonotatus,Leiotrichidae,Passeriformes,45.0,2839.06,1831,5.4195,Spotted crocias,34.38,6
Laniellus langbianis,Leiotrichidae,Passeriformes,45.0,1727.56,1939,5.4495,Grey-crowned crocias,52.22,8
Lanio aurantius,Thraupidae,Passeriformes,35.0,248230.79,1846,5.573,Black-throated shrike-tanager,35.98,17
Lanio fulvus,Thraupidae,Passeriformes,24.0,2285784.15,1783,5.637,Fulvous shrike-tanager,50.09,24
Lanio leucothorax,Thraupidae,Passeriformes,40.0,92146.61,1865,6.04,White-throated shrike-tanager,29.6,24
Lanio versicolor,Thraupidae,Passeriformes,17.0,2830210.84,1837,5.852,White-winged shrike-tanager,31.41,17
Laniocera hypopyrra,Tityridae,Passeriformes,51.0,6630155.4,1817,5.0106,Cinereous mourner,180.26,22
Laniocera rufescens,Tityridae,Passeriformes,48.1,394176.44,1858,5.1157,Speckled mourner,73.67,18
Lanioturdus torquatus,Platysteiridae,Passeriformes,29.0,342747.58,1838,6.2875,White-tailed shrike,53.87,17
Lanius borealis,Laniidae,Passeriformes,63.41,11997297.51,1808,6.3223,Northern shrike,1547.69,28
Lanius bucephalus,Laniidae,Passeriformes,39.42,1714597.84,1845,5.8072,Bull-headed shrike,556.55,39
Lanius cabanisi,Laniidae,Passeriformes,73.84,548346.11,1906,5.9851,Long-tailed fiscal,147.28,13
Lanius collurio,Laniidae,Passeriformes,28.44,10799323.67,1758,6.3105,Red-backed shrike,1861.73,245
Lanius collurioides,Laniidae,Passeriformes,26.0,1600656.54,1831,6.5965,Burmese shrike,120.92,15
Lanius cristatus,Laniidae,Passeriformes,32.18,14145065.02,1758,5.9475,Brown shrike,1051.47,74
Lanius dorsalis,Laniidae,Passeriformes,49.9,1312304.95,1878,6.4128,Taita fiscal,89.17,12
Lanius excubitor,Laniidae,Passeriformes,63.41,23487697.84,1758,6.044,Great grey shrike,2763.69,123
Lanius excubitoroides,Laniidae,Passeriformes,53.72,2533065.5,1847,6.2411,Grey-backed fiscal,129.06,18
Lanius gubernator,Laniidae,Passeriformes,23.5,427904.64,1882,6.3518,Emin's shrike,83.17,8
Lanius isabellinus,Laniidae,Passeriformes,25.2,4814814.43,1833,6.0917,Isabelline shrike,437.55,44
Lanius ludovicianus,Laniidae,Passeriformes,51.59,8852504.29,1766,6.4538,Loggerhead shrike,4521.27,215
Lanius mackinnoni,Laniidae,Passeriformes,34.28,1193617.21,1891,6.6344,Mackinnon's shrike,78.57,12
Lanius meridionalis,Laniidae,Passeriformes,60.43,557659.42,1820,6.4526,Iberian grey shrike,301.67,80
Lanius minor,Laniidae,Passeriformes,46.49,8409985.28,1788,6.565,Lesser grey shrike,394.67,89
Lanius newtoni,Laniidae,Passeriformes,22.4,150.77,1891,6.3941,São Tomé fiscal,195.96,14
Lanius nubicus,Laniidae,Passeriformes,19.7,352571.91,1823,6.4184,Masked shrike,783.42,48
Lanius phoenicuroides,Laniidae,Passeriformes,28.0,3943033.57,1875,6.3776,Red-tailed shrike,313.46,13
Lanius schach,Laniidae,Passeriformes,51.51,11170512.1,1758,6.9238,Long-tailed shrike,1102.64,73
Lanius senator,Laniidae,Passeriformes,35.97,2577480.33,1758,5.8683,Woodchat shrike,627.37,96
Lanius somalicus,Laniidae,Passeriformes,45.3,858092.07,1859,6.6371,Somali fiscal,67.27,13
Lanius souzae,Laniidae,Passeriformes,26.3,1679903.36,1878,5.9405,Souza's shrike,107.58,7
Lanius sphenocercus,Laniidae,Passeriformes,92.1,1889472.71,1873,6.9381,Chinese grey shrike,144.89,16
Lanius tephronotus,Laniidae,Passeriformes,46.35,1356194.63,1831,5.9888,Grey-backed shrike,216.57,31
Lanius tigrinus,Laniidae,Passeriformes,30.14,2874862.37,1828,6.2757,Tiger shrike,497.31,21
Lanius validirostris,Laniidae,Passeriformes,37.5,18662.93,1894,6.241,Mountain shrike,102.97,7
Lanius vittatus,Laniidae,Passeriformes,20.8,4168923.16,1826,6.2656,Bay-backed shrike,280.51,12
Larosterna inca,Laridae,Charadriiformes,219.0,476735.99,1827,5.8664,Inca tern,1264.24,51
Larus armenicus,Laridae,Charadriiformes,866.99,92321.08,1934,5.3547,Armenian gull,410.79,47
Larus atlanticus,Laridae,Charadriiformes,842.37,50264.27,1958,5.0451,Olrog's gull,236.53,41
Larus atricilla,Laridae,Charadriiformes,307.41,1565115.04,1758,5.4662,Laughing gull,2138.17,32
Larus audouinii,Laridae,Charadriiformes,534.99,22485.41,1826,5.5396,Audouin's gull,583.47,53
Larus belcheri,Laridae,Charadriiformes,638.61,327397.09,1829,5.4373,Belcher's gull,320.36,33
Larus brunnicephalus,Laridae,Charadriiformes,569.29,661092.89,1840,5.7499,Brown-headed gull,576.11,26
Larus bulleri,Laridae,Charadriiformes,230.16,8688.09,1872,5.3864,Black-billed gull,466.12,18
Larus cachinnans,Laridae,Charadriiformes,1111.89,1659661.38,1811,5.4534,Caspian gull,941.16,101
Larus californicus,Laridae,Charadriiformes,683.39,1997786.84,1854,5.6925,California gull,1814.31,102
Larus cirrocephalus,Laridae,Charadriiformes,374.69,6411818.5,1818,5.5747,Grey-headed gull,238.61,15
Larus crassirostris,Laridae,Charadriiformes,561.0,187875.39,1818,4.8972,Black-tailed gull,908.85,141
Larus delawarensis,Laridae,Charadriiformes,516.31,5396423.36,1815,4.8441,Ring-billed gull,2287.09,217
Larus dominicanus,Laridae,Charadriiformes,952.43,3780207.34,1823,5.7005,Kelp gull,1457.34,245
Larus fuliginosus,Laridae,Charadriiformes,380.0,2591.47,1841,5.2347,Lava gull,490.02,13
Larus fuscus,Laridae,Charadriiformes,762.36,4200335.24,1758,4.8629,Lesser black-backed gull,1887.82,308
Larus genei,Laridae,Charadriiformes,281.0,1728211.09,1839,5.1581,Slender-billed gull,441.54,57
Larus glaucescens,Laridae,Charadriiformes,1056.54,899194.26,1840,4.5043,Glaucous-winged gull,695.52,124
Larus glaucoides,Laridae,Charadriiformes,693.31,1717217.56,1822,4.5213,Iceland gull,708.32,71
Larus hartlaubii,Laridae,Charadriiformes,292.0,69935.23,1855,5.3936,Hartlaub's gull,241.46,11
Larus heermanni,Laridae,Charadriiformes,499.99,842438.69,1852,5.0233,Heermann's gull,518.76,94
Larus hemprichii,Laridae,Charadriiformes,451.66,157820.35,1855,4.7289,Sooty gull,250.02,5
Larus hyperboreus,Laridae,Charadriiformes,1529.04,2430897.95,1767,4.7013,Glaucous gull,1209.66,140
Larus ichthyaetus,Laridae,Charadriiformes,1378.84,739530.35,1773,5.6636,Pallas's gull,504.59,46
Larus leucophthalmus,Laridae,Charadriiformes,328.89,1402.69,1825,4.9057,White-eyed gull,237.75,6
Larus livens,Laridae,Charadriiformes,1322.0,73971.57,1919,5.0705,Yellow-footed gull,269.51,20
Larus maculipennis,Laridae,Charadriiformes,339.0,2149631.88,1823,5.4898,Brown-hooded gull,192.63,5
Larus marinus,Laridae,Charadriiformes,1649.71,1075355.21,1758,5.2403,Great black-backed gull,4444.05,152
Larus melanocephalus,Laridae,Charadriiformes,256.0,250526.34,1820,5.3218,Mediterranean gull,694.62,48
Larus michahellis,Laridae,Charadriiformes,1111.89,858974.47,1840,4.8176,Yellow-legged gull,1615.08,388
Larus modestus,Laridae,Charadriiformes,344.0,83704.77,1843,5.8452,Grey gull,467.19,12
Larus novaehollandiae,Laridae,Charadriiformes,268.99,4107593.11,1826,5.0462,Silver gull,1573.34,26
Larus occidentalis,Laridae,Charadriiformes,922.78,91633.8,1839,4.9149,Western gull,1362.72,97
Larus pacificus,Laridae,Charadriiformes,1292.03,392125.03,1801,5.1262,Pacific gull,1273.97,20
Larus philadelphia,Laridae,Charadriiformes,210.71,4415568.74,1815,6.2443,Bonaparte's gull,1093.96,9
Larus pipixcan,Laridae,Charadriiformes,280.0,1433191.74,1831,4.6889,Franklin's gull,960.63,13
Larus relictus,Laridae,Charadriiformes,490.2,1411880.5,1931,5.7181,Relict gull,198.93,72
Larus ridibundus,Laridae,Charadriiformes,284.0,17767358.5,1766,5.5759,Black-headed gull,5640.28,145
Larus schistisagus,Laridae,Charadriiformes,1323.0,1114985.14,1884,4.6279,Slaty-backed gull,472.12,69
Larus scoresbii,Laridae,Charadriiformes,523.5,472286.97,1823,4.9072,Dolphin gull,266.27,4
Larus serranus,Laridae,Charadriiformes,478.0,984576.34,1844,5.6404,Andean gull,206.39,9
Larvivora brunnea,Muscicapidae,Passeriformes,17.5,1131432.3,1837,6.1141,Indian blue robin,569.53,15
Larvivora cyane,Muscicapidae,Passeriformes,14.8,6965582.78,1776,6.6438,Siberian blue robin,596.64,12
Larvivora ruficeps,Muscicapidae,Passeriformes,18.0,46541.6,1907,5.4134,Rufous-headed robin,62.88,11
Larvivora sibilans,Muscicapidae,Passeriformes,16.7,5504516.21,1863,5.9765,Rufous-tailed robin,194.45,13
Laterallus albigularis,Rallidae,Gruiformes,47.29,484181.36,1861,5.8412,White-throated crake,55.7,14
Laterallus exilis,Rallidae,Gruiformes,33.53,6585440.31,1831,5.3367,Grey-breasted crake,49.57,31
Laterallus flaviventer,Rallidae,Gruiformes,24.92,2593534.55,1783,6.2199,Yellow-breasted crake,133.47,5
Laterallus leucopyrrhus,Rallidae,Gruiformes,45.5,882070.87,1819,5.7824,Red-and-white crake,49.13,11
Laterallus levraudi,Rallidae,Gruiformes,43.51,37022.49,1869,5.6487,Rusty-flanked crake,37.12,12
Laterallus melanophaius,Rallidae,Gruiformes,52.1,10160298.32,1819,5.8856,Rufous-sided crake,57.04,22
Laterallus ruber,Rallidae,Gruiformes,44.4,557484.26,1860,5.649,Ruddy crake,72.92,17
Laterallus spilonota,Rallidae,Gruiformes,40.24,2021.77,1841,4.9193,Galapagos crake,154.07,11
Laterallus spilopterus,Rallidae,Gruiformes,52.1,133958.77,1877,4.9426,Dot-winged crake,194.97,3
Laterallus xenopterus,Rallidae,Gruiformes,56.9,46887.09,1934,5.748,Rufous-faced crake,37.01,14
Lathamus discolor,Psittacidae,Psittaciformes,64.7,12318.07,1790,7.3742,Swift parrot,1418.19,66
Lathrotriccus euleri,Tyrannidae,Passeriformes,11.33,10271696.23,1868,4.9555,Euler's flycatcher,86.4,33
Lathrotriccus griseipectus,Tyrannidae,Passeriformes,11.0,13751.82,1869,5.5344,Grey-breasted flycatcher,22.38,21
Laticilla burnesii,Pellorneidae,Passeriformes,19.0,332103.29,1844,5.15,Rufous-vented grass babbler,108.38,14
Laticilla cinerascens,Pellorneidae,Passeriformes,19.0,86566.25,1874,5.3057,Swamp grass babbler,59.65,16
Legatus leucophaius,Tyrannidae,Passeriformes,22.2,11371457.31,1818,5.1099,Piratic flycatcher,118.37,28
Leiopicus auriceps,Picidae,Piciformes,39.92,79474.36,1831,6.4869,Brown-fronted woodpecker,110.08,5
Leiopicus mahrattensis,Picidae,Piciformes,34.3,2815279.67,1801,6.0773,Yellow-crowned woodpecker,252.01,13
Leiopicus medius,Picidae,Piciformes,59.0,3966649.98,1758,6.4936,Middle spotted woodpecker,709.43,31
Leioptila annectens,Leiotrichidae,Passeriformes,24.5,693171.68,1847,5.9568,Rufous-backed sibia,45.24,5
Leiothlypis celata,Parulidae,Passeriformes,9.19,7482895.14,1822,6.1962,Orange-crowned warbler,848.37,77
Leiothlypis crissalis,Parulidae,Passeriformes,9.3,99945.67,1889,6.1489,Colima warbler,120.34,22
Leiothlypis luciae,Parulidae,Passeriformes,6.6,391345.28,1861,5.7736,Lucy's warbler,248.35,45
Leiothlypis peregrina,Parulidae,Passeriformes,8.9,4777801.14,1811,6.96,Tennessee warbler,698.62,66
Leiothlypis ruficapilla,Parulidae,Passeriformes,8.09,2772463.48,1811,6.4215,Nashville warbler,666.65,57
Leiothlypis virginiae,Parulidae,Passeriformes,8.2,281000.1,1860,5.7423,Virginia's warbler,245.68,46
Leiothrix lutea,Leiotrichidae,Passeriformes,21.39,2885282.76,1786,7.1406,Red-billed leiothrix,1106.72,145
Leipoa ocellata,Megapodiidae,Galliformes,1913.89,628981.06,1840,4.8278,,,71
Leistes bellicosus,Icteridae,Passeriformes,58.0,351063.41,1847,6.5062,Peruvian meadowlark,82.38,12
Leistes defilippii,Icteridae,Passeriformes,48.01,12021.74,1850,5.8831,Pampas meadowlark,136.59,11
Leistes loyca,Icteridae,Passeriformes,113.0,1439470.59,1782,6.2563,Long-tailed meadowlark,281.48,11
Leistes militaris,Icteridae,Passeriformes,48.01,3688152.76,1758,5.4576,Red-breasted meadowlark,978.94,14
Leistes superciliaris,Icteridae,Passeriformes,45.32,6509718.22,1850,5.8756,White-browed meadowlark,164.79,13
Leonardina woodi,Pellorneidae,Passeriformes,21.0,30087.22,1905,6.0152,Bagobo babbler,56.01,4
Lepidocolaptes albolineatus,Furnariidae,Passeriformes,20.3,1239516.13,1846,5.8036,Guianan woodcreeper,23.61,14
Lepidocolaptes angustirostris,Furnariidae,Passeriformes,29.59,6576318.88,1818,5.838,Narrow-billed woodcreeper,42.49,49
Lepidocolaptes duidae,Furnariidae,Passeriformes,20.3,1334211.33,1934,5.3059,Duida woodcreeper,26.46,11
Lepidocolaptes falcinellus,Furnariidae,Passeriformes,27.92,497665.62,1859,5.7212,Scalloped woodcreeper,24.6,16
Lepidocolaptes fatimalimae,Furnariidae,Passeriformes,20.3,1674375.34,2013,4.9902,Inambari woodcreeper,25.82,8
Lepidocolaptes fuscicapillus,Furnariidae,Passeriformes,20.3,2168538.72,1868,5.111,Dusky-capped woodcreeper,13.05,9
Lepidocolaptes lacrymiger,Furnariidae,Passeriformes,30.6,360596.48,1849,5.8322,Montane woodcreeper,29.21,19
Lepidocolaptes leucogaster,Furnariidae,Passeriformes,36.0,291440.84,1827,5.4075,White-striped woodcreeper,26.63,33
Lepidocolaptes souleyetii,Furnariidae,Passeriformes,25.7,1484080.31,1849,5.0942,Streak-headed woodcreeper,53.31,26
Lepidocolaptes squamatus,Furnariidae,Passeriformes,28.1,745438.76,1822,5.6757,Scaled woodcreeper,23.57,29
Lepidogrammus cumingi,Cuculidae,Cuculiformes,170.46,40477.51,1839,6.5055,Scale-feathered malkoha,118.38,8
Lepidopygia nana,Estrildidae,Passeriformes,8.2,590836.07,1845,5.6112,Madagascar mannikin,38.35,5
Lepidothrix coeruleocapilla,Pipridae,Passeriformes,9.66,140252.42,1844,6.7007,Cerulean-capped manakin,117.49,15
Lepidothrix coronata,Pipridae,Passeriformes,8.34,3221211.22,1825,6.3127,Blue-capped manakin,133.29,46
Lepidothrix iris,Pipridae,Passeriformes,8.0,487329.79,1851,6.7836,Opal-crowned manakin,57.88,28
Lepidothrix isidorei,Pipridae,Passeriformes,7.8,87651.58,1852,6.757,Blue-rumped manakin,43.73,12
Lepidothrix nattereri,Pipridae,Passeriformes,8.39,865198.46,1865,7.0473,Snow-capped manakin,57.04,19
Lepidothrix serena,Pipridae,Passeriformes,11.4,583711.44,1766,6.9235,White-fronted manakin,40.18,13
Lepidothrix suavissima,Pipridae,Passeriformes,8.5,310206.62,1882,5.6326,Orange-bellied manakin,37.22,12
Lepidothrix vilasboasi,Pipridae,Passeriformes,8.39,78956.99,1959,5.8939,Golden-crowned manakin,104.17,15
Leptasthenura andicola,Furnariidae,Passeriformes,15.49,256098.23,1870,5.3843,Andean tit-spinetail,31.47,15
Leptasthenura fuliginiceps,Furnariidae,Passeriformes,12.6,369467.91,1837,6.1187,Brown-capped tit-spinetail,19.01,14
Leptasthenura pileata,Furnariidae,Passeriformes,10.3,93356.54,1881,5.3906,Rusty-crowned tit-spinetail,17.03,18
Leptasthenura platensis,Furnariidae,Passeriformes,10.6,2007502.95,1853,6.1775,Tufted tit-spinetail,24.27,16
Leptasthenura setaria,Furnariidae,Passeriformes,11.0,394948.9,1824,5.5491,Araucaria tit-spinetail,27.57,22
Leptasthenura striata,Furnariidae,Passeriformes,8.94,188336.2,1863,4.5014,Streak-backed tit-spinetail,15.85,15
Leptasthenura striolata,Furnariidae,Passeriformes,10.5,208971.09,1856,5.1655,Striolated tit-spinetail,18.44,10
Leptasthenura xenothorax,Furnariidae,Passeriformes,10.5,2492.07,1921,5.3063,White-browed tit-spinetail,44.88,18
Leptocoma aspasia,Nectariniidae,Passeriformes,8.0,916101.7,1828,5.8709,Black sunbird,136.28,8
Leptocoma brasiliana,Nectariniidae,Passeriformes,6.4,1620103.52,1788,6.0959,Van Hasselt's sunbird,112.77,10
Leptocoma calcostetha,Nectariniidae,Passeriformes,8.3,568344.61,1843,7.3391,Copper-throated sunbird,109.47,5
Leptocoma minima,Nectariniidae,Passeriformes,4.89,57005.42,1832,6.9967,Crimson-backed sunbird,295.74,16
Leptocoma zeylonica,Nectariniidae,Passeriformes,8.77,1817376.93,1766,6.0025,Purple-rumped sunbird,1318.52,20
Leptodon cayanensis,Accipitridae,Accipitriformes,474.0,12071802.08,1790,6.3984,Gray-headed kite,191.5,45
Leptodon forbesi,Accipitridae,Accipitriformes,577.0,52831.24,1922,6.3369,White-collared kite,173.8,30
Leptopoecile elegans,Aegithalidae,Passeriformes,6.21,815155.61,1887,6.3611,Crested tit-warbler,85.78,11
Leptopoecile sophiae,Aegithalidae,Passeriformes,6.9,1295650.44,1873,7.4383,White-browed tit-warbler,1174.1,22
Leptopogon amaurocephalus,Tyrannidae,Passeriformes,11.7,8060136.76,1846,5.1271,Sepia-capped flycatcher,42.04,38
Leptopogon rufipectus,Tyrannidae,Passeriformes,13.4,100544.65,1846,5.2119,Rufous-breasted flycatcher,26.38,15
Leptopogon taczanowskii,Tyrannidae,Passeriformes,11.5,86306.02,1917,5.1743,Inca flycatcher,21.45,11
Leptopterus chabert,Vangidae,Passeriformes,19.6,577947.6,1776,6.3076,Chabert vanga,43.52,5
Leptoptilos crumenifer,Ciconiidae,Ciconiiformes,6067.87,12361408.84,1831,4.6258,Marabou stork,8096.81,27
Leptoptilos dubius,Ciconiidae,Ciconiiformes,9050.0,96821.9,1789,4.905,Greater adjutant,2614.42,37
Leptoptilos javanicus,Ciconiidae,Ciconiiformes,4650.99,1287176.59,1821,5.185,Lesser adjutant,1391.67,84
Leptosittaca branickii,Psittacidae,Psittaciformes,155.7,44189.56,1894,7.4289,Golden-plumed parakeet,269.32,33
Leptosomus discolor,Leptosomidae,Leptosomiformes,255.0,592877.2,1783,5.7492,,,14
Leptotila cassinii,Columbidae,Columbiformes,159.0,314249.82,1867,5.3857,Grey-chested dove,76.57,14
Leptotila conoveri,Columbidae,Columbiformes,153.5,2812.53,1943,5.2276,Tolima dove,72.38,17
Leptotila jamaicensis,Columbidae,Columbiformes,165.0,92155.91,1766,5.9822,Caribbean dove,196.26,25
Leptotila megalura,Columbidae,Columbiformes,218.0,147285.79,1879,5.273,Yungas dove,57.82,13
Leptotila ochraceiventris,Columbidae,Columbiformes,146.0,6446.42,1914,5.6699,Ochre-bellied dove,66.29,21
Leptotila pallida,Columbidae,Columbiformes,122.76,117295.45,1884,5.1901,Pallid dove,57.9,6
Leptotila rufaxilla,Columbidae,Columbiformes,157.0,11668214.68,1792,5.5207,Grey-fronted dove,135.09,36
Leptotila verreauxi,Columbidae,Columbiformes,146.88,15542979.81,1855,5.0148,White-tipped dove,456.35,113
Leptotila wellsi,Columbidae,Columbiformes,200.0,15.36,1884,5.3167,Grenada dove,729.73,20
Leptotrygon veraguensis,Columbidae,Columbiformes,155.0,127743.93,1866,5.1642,Olive-backed quail-dove,71.17,7
Lerwa lerwa,Phasianidae,Galliformes,567.34,831638.53,1833,5.7875,Snow partridge,513.13,33
Lesbia nuna,Trochilidae,Caprimulgiformes,3.7,251932.1,1832,7.3481,Green-tailed trainbearer,70.56,27
Lesbia victoriae,Trochilidae,Caprimulgiformes,5.0,197489.26,1846,6.7722,Black-tailed trainbearer,158.7,23
Lessonia oreas,Tyrannidae,Passeriformes,13.8,831919.21,1869,5.7597,Andean negrito,42.44,18
Lessonia rufa,Tyrannidae,Passeriformes,13.4,1305752.32,1789,5.3384,Austral negrito,65.82,23
Leucippus fallax,Trochilidae,Caprimulgiformes,6.0,93947.05,1843,6.4275,Buffy hummingbird,80.73,11
Leucocarbo bougainvilliorum,Phalacrocoracidae,Suliformes,2485.0,465608.86,1837,5.4154,Guanay cormorant,617.0,11
Leucocarbo campbelli,Phalacrocoracidae,Suliformes,1897.36,884.1,1878,5.7536,Campbell shag,91.18,7
Leucocarbo chalconotus,Phalacrocoracidae,Suliformes,2220.05,13812.17,1845,5.2388,Stewart Island shag,28.04,14
Leucocarbo colensoi,Phalacrocoracidae,Suliformes,2000.0,5303.43,1888,5.8249,Auckland shag,185.83,8
Leucocarbo magellanicus,Phalacrocoracidae,Suliformes,1483.44,467962.27,1789,5.9761,Rock shag,222.14,8
Leucocarbo onslowi,Phalacrocoracidae,Suliformes,2072.67,7234.21,1893,5.2068,Chatham Islands shag,11.88,11
Leucocarbo ranfurlyi,Phalacrocoracidae,Suliformes,2500.0,2064.16,1901,5.1716,Bounty shag,106.48,10
Leucocarbo verrucosus,Phalacrocoracidae,Suliformes,2000.0,10948.17,1875,5.38,Kerguelen shag,127.22,6
Leucochloris albicollis,Trochilidae,Caprimulgiformes,6.3,2176859.29,1818,7.3811,White-throated hummingbird,203.76,34
Leucogeranus leucogeranus,Gruidae,Gruiformes,5913.44,140691.61,1773,5.8854,Siberian crane,6378.02,61
Leuconotopicus albolarvatus,Picidae,Piciformes,61.07,499656.93,1850,6.2437,White-headed woodpecker,401.59,36
Leuconotopicus arizonae,Picidae,Piciformes,40.87,330142.61,1886,6.3166,Arizona woodpecker,285.59,12
Leuconotopicus borealis,Picidae,Piciformes,47.99,603894.41,1809,6.2184,Red-cockaded woodpecker,2270.64,62
Leuconotopicus fumigatus,Picidae,Piciformes,36.2,1109542.22,1840,6.1557,Smoky-brown woodpecker,157.63,13
Leuconotopicus stricklandi,Picidae,Piciformes,40.87,18699.26,1845,5.8151,Strickland's woodpecker,79.55,12
Leuconotopicus villosus,Picidae,Piciformes,62.65,13332874.44,1766,6.1782,Hairy woodpecker,4123.62,52
Leucopsar rothschildi,Sturnidae,Passeriformes,91.3,37.61,1912,7.0635,Bali myna,2222.52,91
Leucopternis kuhli,Accipitridae,Accipitriformes,352.09,2375316.62,1850,6.1151,White-browed hawk,92.37,14
Leucopternis melanops,Accipitridae,Accipitriformes,312.0,2570861.92,1790,6.1826,Black-faced hawk,169.36,29
Leucopternis semiplumbeus,Accipitridae,Accipitriformes,285.04,236308.06,1861,6.7894,Semiplumbeous hawk,116.86,14
Leucosarcia melanoleuca,Columbidae,Columbiformes,428.57,503204.11,1801,6.4235,Wonga pigeon,477.38,30
Leucosticte arctoa,Fringillidae,Passeriformes,30.69,2949415.16,1811,5.9237,Asian rosy finch,87.47,20
Leucosticte atrata,Fringillidae,Passeriformes,25.24,136791.41,1874,6.7589,Black rosy finch,250.26,38
Leucosticte australis,Fringillidae,Passeriformes,26.6,15523.5,1874,6.1677,Brown-capped rosy finch,168.29,37
Leucosticte brandti,Fringillidae,Passeriformes,30.4,3550336.59,1850,5.0048,Brandt's mountain finch,60.67,19
Leucosticte nemoricola,Fringillidae,Passeriformes,22.51,4065932.3,1836,5.2869,Plain mountain finch,81.67,15
Leucosticte tephrocotis,Fringillidae,Passeriformes,37.8,2279904.65,1832,5.888,Gray-crowned rosy finch,354.71,38
Lewinia pectoralis,Rallidae,Gruiformes,78.05,975421.42,1831,5.2496,Lewin's rail,181.48,13
Lewinia striata,Rallidae,Gruiformes,116.0,4835230.29,1766,5.5209,Slaty-breasted rail,244.41,5
Lichenostomus cratitius,Meliphagidae,Passeriformes,20.34,479802.48,1841,5.2739,Purple-gaped honeyeater,65.61,11
Lichenostomus melanops,Meliphagidae,Passeriformes,32.3,732848.75,1801,6.3872,Yellow-tufted honeyeater,164.76,16
Lichmera alboauricularis,Meliphagidae,Passeriformes,13.3,76151.28,1878,4.9584,Silver-eared honeyeater,23.41,12
Lichmera argentauris,Meliphagidae,Passeriformes,14.0,8366.81,1871,5.4399,Olive honeyeater,30.7,7
Lichmera deningeri,Meliphagidae,Passeriformes,16.63,8554.41,1912,6.1217,Buru honeyeater,25.67,7
Lichmera flavicans,Meliphagidae,Passeriformes,14.2,25012.06,1817,6.3344,Flame-eared honeyeater,29.27,5
Lichmera incana,Meliphagidae,Passeriformes,13.1,24110.3,1790,5.523,Grey-eared honeyeater,36.14,8
Lichmera lombokia,Meliphagidae,Passeriformes,15.3,8705.54,1926,5.7157,Scaly-crowned honeyeater,48.28,8
Lichmera monticola,Meliphagidae,Passeriformes,6.0,3713.67,1912,5.4298,Seram honeyeater,24.29,6
Lichmera notabilis,Meliphagidae,Passeriformes,11.5,2638.29,1898,5.0686,Black-necklaced honeyeater,21.32,8
Lichmera squamata,Meliphagidae,Passeriformes,14.5,9998.94,1878,5.1502,Scaly-breasted honeyeater,18.02,7
Limnoctites rectirostris,Furnariidae,Passeriformes,18.5,179597.01,1839,5.3221,Straight-billed reedhaunter,25.01,22
Limnodromus griseus,Scolopacidae,Charadriiformes,110.53,2380406.64,1789,5.4966,Short-billed dowitcher,545.3,132
Limnodromus scolopaceus,Scolopacidae,Charadriiformes,104.4,1045265.04,1822,5.3107,Long-billed dowitcher,782.88,147
Limnodromus semipalmatus,Scolopacidae,Charadriiformes,212.0,2745344.0,1848,5.6958,Asian dowitcher,190.53,56
Limnornis curvirostris,Furnariidae,Passeriformes,28.6,217435.32,1839,5.6982,Curve-billed reedhaunter,47.37,15
Limnothlypis swainsonii,Parulidae,Passeriformes,18.9,1142671.96,1834,5.4488,Swainson's warbler,420.91,56
Limosa fedoa,Scolopacidae,Charadriiformes,357.02,1140759.5,1758,5.5793,Marbled godwit,844.8,102
Limosa haemastica,Scolopacidae,Charadriiformes,253.29,432823.38,1758,5.5652,Hudsonian godwit,640.47,125
Limosa lapponica,Scolopacidae,Charadriiformes,291.65,1469087.3,1758,6.1775,Bar-tailed godwit,4047.55,201
Limosa limosa,Scolopacidae,Charadriiformes,288.37,10058061.19,1758,6.1009,Black-tailed godwit,2463.87,354
Linaria cannabina,Fringillidae,Passeriformes,19.53,10715477.38,1758,5.6384,Common linnet,4065.75,74
Linaria flavirostris,Fringillidae,Passeriformes,15.4,6668808.82,1758,5.7959,,,42
Linaria yemenensis,Fringillidae,Passeriformes,14.3,79054.22,1913,5.7597,Yemen linnet,67.89,8
Linurgus olivaceus,Fringillidae,Passeriformes,20.3,220044.21,1843,6.5539,Oriole finch,129.97,15
Liocichla bugunorum,Leiotrichidae,Passeriformes,40.0,2.75,2006,6.6949,Bugun liocichla,588.53,26
Liocichla omeiensis,Leiotrichidae,Passeriformes,40.4,8458.5,1926,5.9675,Emei Shan liocichla,80.31,35
Liocichla phoenicea,Leiotrichidae,Passeriformes,49.0,415025.55,1837,6.4818,Red-faced liocichla,120.53,23
Liocichla ripponi,Leiotrichidae,Passeriformes,49.0,385946.87,1900,6.5796,Scarlet-faced liocichla,76.54,7
Liocichla steerii,Leiotrichidae,Passeriformes,31.38,14429.69,1877,6.8321,Taiwan liocichla,43.44,14
Lioparus chrysotis,Sylviidae,Passeriformes,5.5,1322119.82,1845,6.6405,Golden-breasted fulvetta,74.73,19
Liosceles thoracicus,Rhinocryptidae,Passeriformes,40.47,2273901.19,1865,5.1634,Rusty-belted tapaculo,33.62,17
Lipaugus ater,Cotingidae,Passeriformes,80.0,12392.12,1829,5.8283,Black-and-gold cotinga,56.14,10
Lipaugus conditus,Cotingidae,Passeriformes,80.0,250.46,1980,5.6099,Grey-winged cotinga,34.57,10
Lipaugus fuscocinereus,Cotingidae,Passeriformes,138.0,42613.15,1843,5.4402,Dusky piha,36.58,16
Lipaugus lanioides,Cotingidae,Passeriformes,94.8,201153.3,1844,4.8744,Cinnamon-vented piha,33.12,23
Lipaugus streptophorus,Cotingidae,Passeriformes,57.2,47371.38,1884,5.7684,Rose-collared piha,44.48,17
Lipaugus unirufus,Cotingidae,Passeriformes,82.1,462431.54,1860,6.1607,Rufous piha,85.08,17
Lipaugus uropygialis,Cotingidae,Passeriformes,116.0,15254.67,1876,5.2466,Scimitar-winged piha,30.18,17
Lipaugus vociferans,Cotingidae,Passeriformes,75.42,7063057.92,1820,5.1142,Screaming piha,1080.17,37
Lipaugus weberi,Cotingidae,Passeriformes,72.1,41.87,2001,5.7264,Chestnut-capped piha,77.28,20
Lissotis hartlaubii,Otididae,Otidiformes,1190.0,606100.64,1863,6.0453,Hartlaub's bustard,128.18,12
Lissotis melanogaster,Otididae,Otidiformes,1151.52,10594022.75,1835,5.9597,Black-bellied bustard,301.45,12
Loboparadisea sericea,Cnemophilidae,Passeriformes,67.27,159123.19,1896,6.0919,Yellow-breasted satinbird,47.83,8
Lochmias nematura,Furnariidae,Passeriformes,22.0,2648897.91,1823,5.5776,Sharp-tailed streamcreeper,38.8,23
Locustella accentor,Locustellidae,Passeriformes,19.0,488.6,1888,4.9826,Friendly bush warbler,48.76,4
Locustella alishanensis,Locustellidae,Passeriformes,10.0,12632.48,2000,4.885,Taiwan bush warbler,75.62,4
Locustella caudata,Locustellidae,Passeriformes,22.9,24616.94,1895,4.3476,Long-tailed bush warbler,35.4,4
Locustella chengi,Locustellidae,Passeriformes,10.0,314467.34,2015,4.6075,Sichuan bush warbler,45.91,7
Locustella davidi,Locustellidae,Passeriformes,10.0,1190161.8,1923,5.1313,Baikal bush warbler,86.54,11
Locustella fluviatilis,Locustellidae,Passeriformes,16.1,5232960.16,1810,4.8284,River warbler,233.05,57
Locustella kashmirensis,Locustellidae,Passeriformes,10.8,27089.74,1925,6.3936,West Himalayan bush warbler,35.87,10
Locustella lanceolata,Locustellidae,Passeriformes,10.6,10065240.33,1840,4.6372,Lanceolated warbler,220.86,34
Locustella luscinioides,Locustellidae,Passeriformes,13.89,4698320.69,1824,4.532,Savi's warbler,394.51,91
Locustella luteoventris,Locustellidae,Passeriformes,13.2,1644977.71,1845,4.4643,Brown bush warbler,74.61,6
Locustella montis,Locustellidae,Passeriformes,14.0,8924.7,1896,4.951,Javan bush warbler,31.38,12
Locustella naevia,Locustellidae,Passeriformes,13.3,7984518.2,1783,5.3921,Common grasshopper warbler,556.58,69
Locustella seebohmi,Locustellidae,Passeriformes,11.3,7104.37,1895,4.2559,Benguet bush warbler,34.49,3
Locustella tacsanowskia,Locustellidae,Passeriformes,14.0,2385550.0,1871,4.8347,Chinese bush warbler,48.77,9
Locustella thoracica,Locustellidae,Passeriformes,10.8,1091322.31,1845,5.6059,Spotted bush warbler,49.75,8
Loddigesia mirabilis,Trochilidae,Caprimulgiformes,3.0,1772.9,1847,8.0252,Marvelous spatuletail,395.66,76
Lonchura atricapilla,Estrildidae,Passeriformes,12.4,4115354.57,1807,6.1509,Chestnut munia,1025.21,44
Lonchura caniceps,Estrildidae,Passeriformes,11.5,45326.56,1876,5.5957,Grey-headed mannikin,33.81,7
Lonchura castaneothorax,Estrildidae,Passeriformes,13.6,1850435.67,1837,6.9276,Chestnut-breasted mannikin,326.93,26
Lonchura ferruginosa,Estrildidae,Passeriformes,13.0,136361.23,1789,5.7154,White-capped munia,51.77,17
Lonchura flaviprymna,Estrildidae,Passeriformes,11.8,117098.74,1845,6.115,Yellow-rumped mannikin,61.63,5
Lonchura forbesi,Estrildidae,Passeriformes,13.27,6311.21,1879,5.6452,Forbes's mannikin,26.62,5
Lonchura fuscans,Estrildidae,Passeriformes,9.5,737265.04,1852,5.5306,Dusky munia,82.88,12
Lonchura grandis,Estrildidae,Passeriformes,14.3,256441.1,1882,6.1763,Great-billed mannikin,37.17,7
Lonchura kelaarti,Estrildidae,Passeriformes,14.1,139953.15,1863,5.5448,Black-throated munia,128.72,10
Lonchura leucogastra,Estrildidae,Passeriformes,11.4,1481477.6,1846,5.5591,White-bellied munia,90.17,8
Lonchura leucogastroides,Estrildidae,Passeriformes,11.7,198034.91,1858,6.1456,Javan munia,174.58,42
Lonchura maja,Estrildidae,Passeriformes,12.5,768204.3,1766,6.1472,White-headed munia,221.46,43
Lonchura malacca,Estrildidae,Passeriformes,12.6,573511.14,1766,6.4005,Tricoloured munia,349.96,104
Lonchura melaena,Estrildidae,Passeriformes,13.27,12280.03,1880,5.8958,Buff-bellied mannikin,30.76,5
Lonchura molucca,Estrildidae,Passeriformes,12.0,313163.12,1766,5.4774,Black-faced munia,81.06,8
Lonchura montana,Estrildidae,Passeriformes,15.5,23554.74,1939,6.2515,Western alpine mannikin,41.62,4
Lonchura monticola,Estrildidae,Passeriformes,13.27,5354.89,1897,5.7384,Eastern alpine mannikin,47.27,5
Lonchura nevermanni,Estrildidae,Passeriformes,10.98,74957.63,1934,5.9525,Grey-crowned mannikin,28.62,5
Lonchura pallida,Estrildidae,Passeriformes,12.0,226245.63,1864,6.7264,Pale-headed munia,59.77,10
Lonchura punctulata,Estrildidae,Passeriformes,13.6,7189322.58,1758,6.1154,Scaly-breasted munia,2827.43,127
Lonchura quinticolor,Estrildidae,Passeriformes,13.27,86198.6,1807,6.3955,Five-colored munia,44.46,8
Lonchura spectabilis,Estrildidae,Passeriformes,11.5,214041.33,1879,6.1903,Hooded mannikin,45.63,14
Lonchura striata,Estrildidae,Passeriformes,12.3,5429668.12,1766,5.9345,White-rumped munia,681.85,146
Lonchura stygia,Estrildidae,Passeriformes,11.2,18694.09,1934,6.6582,Black mannikin,44.05,7
Lonchura teerinki,Estrildidae,Passeriformes,13.27,16481.57,1940,5.3847,Black-breasted mannikin,33.56,4
Lonchura vana,Estrildidae,Passeriformes,13.27,29.06,1930,5.9199,Grey-banded mannikin,33.3,10
Lophaetus occipitalis,Accipitridae,Accipitriformes,1067.0,14031980.87,1800,7.17,Long-crested eagle,1049.33,25
Lophoceros alboterminatus,Bucerotidae,Bucerotiformes,223.65,3002290.12,1889,5.3481,Crowned hornbill,350.32,6
Lophoceros bradfieldi,Bucerotidae,Bucerotiformes,196.46,790509.69,1930,6.0373,Bradfield's hornbill,117.87,5
Lophoceros camurus,Bucerotidae,Bucerotiformes,103.76,1703130.6,1857,5.9448,Red-billed dwarf hornbill,113.1,4
Lophoceros hemprichii,Bucerotidae,Bucerotiformes,297.0,546665.06,1833,6.2564,Hemprich's hornbill,96.27,6
Lophoceros nasutus,Bucerotidae,Bucerotiformes,179.56,9830291.23,1766,5.6806,African grey hornbill,742.61,14
Lophoceros pallidirostris,Bucerotidae,Bucerotiformes,232.96,1957669.07,1870,4.5866,Pale-billed hornbill,84.48,7
Lophodytes cucullatus,Anatidae,Anseriformes,613.77,5510396.5,1758,6.08,Hooded merganser,4501.24,111
Lophoictinia isura,Accipitridae,Accipitriformes,579.37,1100971.0,1838,6.3807,Square-tailed kite,365.79,32
Lopholaimus antarcticus,Columbidae,Columbiformes,496.37,317014.63,1794,5.998,Topknot pigeon,472.06,18
Lophonetta specularioides,Anatidae,Anseriformes,1019.93,1859148.87,1828,5.4073,Crested duck,447.82,28
Lophophanes cristatus,Paridae,Passeriformes,11.04,5918314.94,1758,6.4975,Crested tit,701.44,94
Lophophanes dichrous,Paridae,Passeriformes,13.8,968325.05,1845,6.8751,Grey-crested tit,43.87,10
Lophophorus impejanus,Phasianidae,Galliformes,2066.51,480828.14,1790,6.8192,Himalayan monal,5503.2,78
Lophophorus lhuysii,Phasianidae,Galliformes,3008.0,175682.11,1866,5.9512,Chinese monal,255.37,56
Lophophorus sclateri,Phasianidae,Galliformes,2500.0,172831.15,1870,4.7499,Sclater's monal,278.36,49
Lophorina intercedens,Paradisaeidae,Passeriformes,158.0,104258.24,1882,5.592,Growling riflebird,216.39,6
Lophorina magnifica,Paradisaeidae,Passeriformes,149.88,495422.81,1819,6.2767,Magnificent riflebird,686.24,5
Lophorina paradisea,Paradisaeidae,Passeriformes,119.49,128251.12,1825,6.8013,Paradise riflebird,474.69,6
Lophorina victoriae,Paradisaeidae,Passeriformes,95.02,31555.33,1850,6.1805,Victoria's riflebird,753.33,4
Lophornis adorabilis,Trochilidae,Caprimulgiformes,2.7,16798.0,1870,6.9949,White-crested coquette,82.93,17
Lophornis brachylophus,Trochilidae,Caprimulgiformes,2.7,53.27,1949,6.6416,Short-crested coquette,95.45,50
Lophornis chalybeus,Trochilidae,Caprimulgiformes,3.0,182459.44,1821,6.642,Festive coquette,101.48,27
Lophornis delattrei,Trochilidae,Caprimulgiformes,2.8,223133.32,1839,6.9437,Rufous-crested coquette,198.78,23
Lophornis gouldii,Trochilidae,Caprimulgiformes,2.4,1191137.77,1832,6.4058,Dot-eared coquette,77.16,22
Lophornis helenae,Trochilidae,Caprimulgiformes,2.6,254041.65,1843,7.2099,Black-crested coquette,138.2,24
Lophornis magnificus,Trochilidae,Caprimulgiformes,2.7,2557177.01,1817,6.8424,Frilled coquette,126.24,17
Lophornis ornatus,Trochilidae,Caprimulgiformes,2.3,827835.42,1783,7.8109,Tufted coquette,388.51,11
Lophornis pavoninus,Trochilidae,Caprimulgiformes,3.0,205725.86,1882,6.4662,Peacock coquette,82.81,15
Lophornis stictolophus,Trochilidae,Caprimulgiformes,2.7,134544.0,1873,7.2787,Spangled coquette,92.47,19
Lophospingus griseocristatus,Thraupidae,Passeriformes,17.9,84852.79,1837,6.2013,Grey-crested finch,50.65,13
Lophospingus pusillus,Thraupidae,Passeriformes,14.44,559474.54,1860,6.3776,Black-crested finch,61.45,11
Lophostrix cristata,Strigidae,Strigiformes,538.66,5025098.51,1800,7.3091,Crested owl,369.12,29
Lophotibis cristata,Threskiornithidae,Pelecaniformes,583.0,535452.8,1783,5.5215,Madagascar ibis,180.6,11
Lophotis gindiana,Otididae,Otidiformes,782.3,1777669.92,1881,5.253,Buff-crested bustard,153.32,13
Lophotis ruficrista,Otididae,Otidiformes,712.1,2013859.39,1836,5.7296,Red-crested korhaan,275.4,10
Lophotis savilei,Otididae,Otidiformes,712.1,1057430.55,1920,5.908,Savile's bustard,80.25,14
Lophotriccus eulophotes,Tyrannidae,Passeriformes,6.0,328683.83,1925,5.2422,Long-crested pygmy tyrant,17.6,13
Lophotriccus galeatus,Tyrannidae,Passeriformes,6.6,2884993.06,1783,5.1132,Helmeted pygmy tyrant,40.43,18
Lophotriccus pileatus,Tyrannidae,Passeriformes,7.47,475468.12,1844,5.6535,Scale-crested pygmy tyrant,92.69,16
Lophotriccus vitiosus,Tyrannidae,Passeriformes,6.7,2198953.7,1921,5.3979,Double-banded pygmy tyrant,22.39,18
Lophotriorchis kienerii,Accipitridae,Accipitriformes,799.0,3758691.08,1835,6.6996,Rufous-bellied eagle,442.63,22
Lophura bulweri,Phasianidae,Galliformes,1245.15,274609.44,1874,5.0856,Bulwer's pheasant,361.49,14
Lophura diardi,Phasianidae,Galliformes,1088.89,510759.03,1856,5.4324,Siamese fireback,890.9,35
Lophura inornata,Phasianidae,Galliformes,685.0,71415.83,1879,5.4775,Salvadori's pheasant,292.32,13
Lophura leucomelanos,Phasianidae,Galliformes,867.98,1305465.96,1790,5.9664,Kalij pheasant,2078.82,61
Lophura nycthemera,Phasianidae,Galliformes,1230.0,1072525.93,1758,6.791,Silver pheasant,1717.66,120
Lophura swinhoii,Phasianidae,Galliformes,1100.0,15278.8,1863,5.9885,Swinhoe's pheasant,743.28,35
Loriculus amabilis,Psittacidae,Psittaciformes,15.5,22755.09,1862,7.1422,Moluccan hanging parrot,80.41,5
Loriculus aurantiifrons,Psittacidae,Psittaciformes,15.5,573982.76,1871,6.9052,Orange-fronted hanging parrot,72.72,12
Loriculus beryllinus,Psittacidae,Psittaciformes,30.0,16049.97,1781,7.0815,Sri Lanka hanging parrot,655.01,12
Loriculus catamene,Psittacidae,Psittaciformes,33.98,556.53,1871,6.8682,Sangihe hanging parrot,77.17,11
Loriculus exilis,Psittacidae,Psittaciformes,33.98,103461.58,1866,6.8314,Pygmy hanging parrot,79.91,11
Loriculus flosculus,Psittacidae,Psittaciformes,33.98,1417.69,1864,4.9667,Wallace's hanging parrot,71.32,10
Loriculus galgulus,Psittacidae,Psittaciformes,28.0,1413389.85,1758,7.0101,Blue-crowned hanging parrot,439.65,33
Loriculus pusillus,Psittacidae,Psittaciformes,15.5,62429.77,1859,7.0421,Yellow-throated hanging parrot,104.95,15
Loriculus sclateri,Psittacidae,Psittaciformes,33.98,7519.86,1863,7.0087,Sula hanging parrot,71.79,4
Loriculus stigmatus,Psittacidae,Psittaciformes,28.0,177593.14,1843,6.3336,Great hanging parrot,86.06,13
Loriculus tener,Psittacidae,Psittaciformes,12.0,30581.57,1877,5.7515,Bismarck hanging parrot,68.24,7
Loriculus vernalis,Psittacidae,Psittaciformes,35.7,2278295.57,1787,6.9262,Vernal hanging parrot,615.79,19
Lorius chlorocercus,Psittacidae,Psittaciformes,173.51,14033.51,1856,6.6137,Yellow-bibbed lory,236.82,18
Lorius domicella,Psittacidae,Psittaciformes,182.0,6298.74,1758,7.0999,Purple-naped lory,347.64,17
Lorius garrulus,Psittacidae,Psittaciformes,143.0,25448.01,1758,6.6038,Chattering lory,1113.18,43
Lorius hypoinochrous,Psittacidae,Psittaciformes,187.0,61928.79,1859,6.7817,Purple-bellied lory,134.58,5
Lorius lory,Psittacidae,Psittaciformes,176.89,663810.01,1758,7.671,Black-capped lory,610.86,25
Loxia leucoptera,Fringillidae,Passeriformes,28.69,16098090.24,1789,5.9707,Two-barred crossbill,513.86,51
Loxia megaplaga,Fringillidae,Passeriformes,28.69,3541.2,1916,5.3137,Hispaniolan crossbill,141.38,15
Loxia pytyopsittacus,Fringillidae,Passeriformes,53.0,3155285.39,1793,6.1851,Parrot crossbill,426.88,43
Loxia scotica,Fringillidae,Passeriformes,43.17,13734.01,1904,5.516,Scottish crossbill,659.29,34
Loxigilla barbadensis,Thraupidae,Passeriformes,16.63,439.53,1886,5.1368,Barbados bullfinch,211.41,13
Loxigilla noctis,Thraupidae,Passeriformes,16.63,6167.16,1766,6.5293,Lesser Antillean bullfinch,230.07,30
Loxioides bailleui,Fringillidae,Passeriformes,37.84,134.59,1877,6.1031,,,34
Loxipasser anoxanthus,Thraupidae,Passeriformes,11.4,11021.79,1847,5.348,Yellow-shouldered grassquit,39.17,11
Loxops caeruleirostris,Fringillidae,Passeriformes,10.8,5.22,1890,6.1118,,,31
Loxops coccineus,Fringillidae,Passeriformes,10.5,383.93,1789,6.6598,Hawaiʻi ʻākepa,164.8,29
Lullula arborea,Alaudidae,Passeriformes,26.9,7140559.13,1758,5.1781,,,129
Lurocalis rufiventris,Caprimulgidae,Caprimulgiformes,128.5,307432.65,1884,5.277,Rufous-bellied nighthawk,94.83,10
Lurocalis semitorquatus,Caprimulgidae,Caprimulgiformes,75.9,8957931.23,1789,5.5587,Short-tailed nighthawk,156.73,40
Luscinia luscinia,Muscicapidae,Passeriformes,23.8,6890175.16,1758,5.2166,Thrush nightingale,1951.2,102
Luscinia megarhynchos,Muscicapidae,Passeriformes,19.6,6778462.19,1831,5.3528,Common nightingale,21381.35,168
Lybius chaplini,Lybiidae,Piciformes,69.49,76477.21,1920,5.2223,Chaplin's barbet,108.97,9
Lybius guifsobalito,Lybiidae,Piciformes,42.2,1310708.12,1783,5.7979,Black-billed barbet,47.85,5
Lybius rubrifacies,Lybiidae,Piciformes,60.05,82626.47,1892,5.5666,Red-faced barbet,44.62,5
Lybius torquatus,Lybiidae,Piciformes,51.7,4663900.43,1805,6.3229,Black-collared barbet,422.18,24
Lybius undatus,Lybiidae,Piciformes,38.5,580218.29,1837,5.504,Banded barbet,49.65,9
Lybius vieilloti,Lybiidae,Piciformes,36.0,6618281.31,1815,5.7126,Vieillot's barbet,63.63,11
Lymnocryptes minimus,Scolopacidae,Charadriiformes,50.07,7671774.57,1764,5.642,Jack snipe,875.41,88
Lyncornis macrotis,Caprimulgidae,Caprimulgiformes,140.64,1646031.46,1831,6.1028,Great eared nightjar,5776.98,10
Lyncornis temminckii,Caprimulgidae,Caprimulgiformes,95.89,1296744.78,1838,5.1527,Malaysian eared nightjar,133.63,8
Lyrurus mlokosiewiczi,Phasianidae,Galliformes,813.99,104757.72,1875,5.763,Caucasian grouse,405.0,57
Lyrurus tetrix,Phasianidae,Galliformes,1068.66,14007422.54,1758,6.2643,Black grouse,4306.26,203
Macgregoria pulchra,Meliphagidae,Passeriformes,225.13,4664.33,1897,5.6378,MacGregor's honeyeater,139.19,14
Machaerirhynchus flaviventer,Machaerirhynchidae,Passeriformes,10.32,708932.93,1851,7.2336,Yellow-breasted boatbill,104.71,13
Machaerirhynchus nigripectus,Machaerirhynchidae,Passeriformes,12.0,223752.26,1871,7.132,Black-breasted boatbill,51.06,9
Machaeropterus deliciosus,Pipridae,Passeriformes,12.7,40123.57,1860,6.6232,Club-winged manakin,608.35,69
Machaeropterus eckelberryi,Pipridae,Passeriformes,9.34,23495.63,2017,5.626,Painted manakin,39.53,6
Machaeropterus pyrocephalus,Pipridae,Passeriformes,9.49,2227740.97,1852,6.482,Fiery-capped manakin,42.16,16
Machaeropterus regulus,Pipridae,Passeriformes,9.34,125343.35,1819,6.9296,Kinglet manakin,64.34,19
Machaeropterus striolatus,Pipridae,Passeriformes,9.34,2059505.29,1819,7.3544,Striolated manakin,72.86,14
Macheiramphus alcinus,Accipitridae,Accipitriformes,650.0,13573105.09,1850,6.3355,Bat hawk,921.24,28
Machetornis rixosa,Tyrannidae,Passeriformes,29.6,6805756.6,1819,5.3661,Cattle tyrant,647.89,30
Machlolophus holsti,Paridae,Passeriformes,16.69,12987.01,1894,6.74,Yellow tit,368.62,7
Machlolophus nuchalis,Paridae,Passeriformes,13.8,71657.03,1845,6.0457,White-naped tit,239.92,14
Machlolophus spilonotus,Paridae,Passeriformes,18.8,1250920.25,1850,6.8936,Yellow-cheeked tit,150.75,11
Mackenziaena leachii,Thamnophilidae,Passeriformes,70.2,828525.05,1825,6.1544,Large-tailed antshrike,31.64,24
Mackenziaena severa,Thamnophilidae,Passeriformes,51.8,955402.98,1823,5.8774,Tufted antshrike,31.83,22
Macroagelaius imthurni,Icteridae,Passeriformes,77.77,58909.68,1881,5.3547,Golden-tufted mountain grackle,38.48,21
Macroagelaius subalaris,Icteridae,Passeriformes,62.0,1271.1,1840,5.5365,Colombian mountain grackle,106.63,42
Macrocephalon maleo,Megapodiidae,Galliformes,1563.26,146297.35,1846,5.6912,,,108
Macronectes giganteus,Procellariidae,Procellariiformes,3591.69,100191503.8,1789,4.57,Southern giant petrel,1789.45,130
Macronectes halli,Procellariidae,Procellariiformes,4206.3,91967384.38,1912,5.2588,Northern giant petrel,512.67,59
Macronus ptilosus,Timaliidae,Passeriformes,18.0,444346.1,1835,6.4622,Fluffy-backed tit-babbler,413.15,18
Macronus striaticeps,Timaliidae,Passeriformes,16.5,109828.0,1877,5.2823,Brown tit-babbler,65.58,9
Macronyx ameliae,Motacillidae,Passeriformes,33.48,1902624.72,1845,5.8537,Rosy-throated longclaw,142.68,8
Macronyx aurantiigula,Motacillidae,Passeriformes,39.4,375644.56,1891,5.398,Pangani longclaw,53.17,7
Macronyx capensis,Motacillidae,Passeriformes,50.04,815796.1,1766,5.6776,Cape longclaw,118.0,12
Macronyx croceus,Motacillidae,Passeriformes,47.1,6192075.07,1816,6.1088,Yellow-throated longclaw,217.38,14
Macronyx flavicollis,Motacillidae,Passeriformes,45.08,404989.73,1840,5.7874,Abyssinian longclaw,100.28,9
Macronyx fuelleborni,Motacillidae,Passeriformes,55.18,2079510.44,1900,5.4734,Fülleborn's longclaw,41.23,6
Macronyx grimwoodi,Motacillidae,Passeriformes,45.08,671345.15,1955,5.5245,Grimwood's longclaw,38.62,7
Macronyx sharpei,Motacillidae,Passeriformes,29.9,1870.77,1904,4.8568,Sharpe's longclaw,92.53,14
Macropsalis forcipata,Caprimulgidae,Caprimulgiformes,139.0,517277.53,1840,6.0927,Long-trained nightjar,42.22,15
Macropygia macassariensis,Columbidae,Columbiformes,237.0,909.04,1865,5.1678,Flores Sea cuckoo-dove,50.93,4
Macropygia mackinlayi,Columbidae,Columbiformes,85.85,54491.47,1878,5.1593,Spot-breasted cuckoo-dove,7.82,8
Macropygia magna,Columbidae,Columbiformes,237.0,34319.88,1864,5.2492,Timor cuckoo-dove,58.58,6
Macropygia nigrirostris,Columbidae,Columbiformes,90.09,646983.57,1876,5.85,Bar-tailed cuckoo-dove,59.92,7
Macropygia phasianella,Columbidae,Columbiformes,237.0,582030.42,1821,5.503,Brown cuckoo-dove,601.66,12
Macropygia ruficeps,Columbidae,Columbiformes,81.9,1783125.51,1835,5.4065,Little cuckoo-dove,130.13,11
Macropygia rufipennis,Columbidae,Columbiformes,256.02,7597.74,1846,5.7386,Andaman cuckoo-dove,107.63,8
Macropygia timorlaoensis,Columbidae,Columbiformes,237.0,3794.37,1884,5.3897,Tanimbar cuckoo-dove,45.52,3
Macropygia unchall,Columbidae,Columbiformes,168.0,2550794.48,1827,5.3967,Barred cuckoo-dove,216.23,17
Macrosphenus concolor,Macrosphenidae,Passeriformes,13.9,3119489.65,1857,4.8701,Grey longbill,23.68,8
Macrosphenus flavicans,Macrosphenidae,Passeriformes,13.36,1810288.68,1859,5.2264,Yellow longbill,29.18,10
Macrosphenus kempi,Macrosphenidae,Passeriformes,12.62,456072.28,1905,4.8993,Kemp's longbill,24.99,5
Macrosphenus kretschmeri,Macrosphenidae,Passeriformes,20.0,120112.34,1895,4.2955,Kretschmer's longbill,23.88,10
Macrosphenus pulitzeri,Macrosphenidae,Passeriformes,11.68,5725.09,1931,5.6324,Pulitzer's longbill,26.87,12
Madanga ruficollis,Motacillidae,Passeriformes,15.0,1363.4,1923,5.6362,,,13
Magumma parva,Fringillidae,Passeriformes,9.3,318.21,1887,6.0344,,,16
Malacocincla abbotti,Pellorneidae,Passeriformes,26.8,2072332.43,1845,5.1963,Abbott's babbler,324.81,7
Malacocincla sepiaria,Pellorneidae,Passeriformes,25.5,969773.94,1821,4.8282,Horsfield's babbler,40.29,8
Malaconotus alius,Malaconotidae,Passeriformes,76.7,83.69,1927,4.9153,Uluguru bushshrike,57.49,11
Malaconotus blanchoti,Malaconotidae,Passeriformes,78.7,7329839.51,1826,6.3759,Grey-headed bushshrike,267.23,11
Malaconotus cruentus,Malaconotidae,Passeriformes,76.69,2250659.54,1831,6.4352,Fiery-breasted bushshrike,43.28,8
Malaconotus gladiator,Malaconotidae,Passeriformes,98.99,7161.52,1892,5.1759,Green-breasted bushshrike,32.97,9
Malaconotus lagdeni,Malaconotidae,Passeriformes,92.3,338592.2,1884,6.1938,Lagden's bushshrike,52.38,7
Malaconotus monteiri,Malaconotidae,Passeriformes,81.91,25347.84,1870,6.6706,Monteiro's bushshrike,28.75,7
Malacopteron affine,Pellorneidae,Passeriformes,17.08,387896.02,1842,5.3309,Sooty-capped babbler,38.48,16
Malacopteron albogulare,Pellorneidae,Passeriformes,16.5,597337.38,1844,5.3265,Grey-breasted babbler,26.74,6
Malacopteron cinereum,Pellorneidae,Passeriformes,18.1,1526343.71,1839,5.2555,Scaly-crowned babbler,37.87,17
Malacopteron magnirostre,Pellorneidae,Passeriformes,19.34,1312918.0,1854,4.6578,Moustached babbler,38.4,13
Malacopteron magnum,Pellorneidae,Passeriformes,27.2,666939.16,1839,5.1344,Rufous-crowned babbler,33.97,13
Malacopteron palawanense,Pellorneidae,Passeriformes,32.11,3507.14,1895,5.4719,Melodious babbler,34.44,7
Malacoptila fulvogularis,Bucconidae,Piciformes,57.4,120052.81,1854,5.2142,Black-streaked puffbird,29.26,5
Malacoptila fusca,Bucconidae,Piciformes,45.4,1912315.4,1788,6.7676,White-chested puffbird,34.97,16
Malacoptila mystacalis,Bucconidae,Piciformes,49.0,94080.96,1850,6.0791,Moustached puffbird,100.33,13
Malacoptila panamensis,Bucconidae,Piciformes,42.6,516560.6,1847,5.7491,White-whiskered puffbird,110.38,18
Malacoptila rufa,Bucconidae,Piciformes,47.52,2602548.7,1824,5.6295,Rufous-necked puffbird,28.57,7
Malacoptila semicincta,Bucconidae,Piciformes,44.0,649678.52,1925,6.4091,Semicollared puffbird,28.46,12
Malacorhynchus membranaceus,Anatidae,Anseriformes,372.79,1457174.78,1801,5.6047,Pink-eared duck,456.99,35
Malcorus pectoralis,Cisticolidae,Passeriformes,10.13,1273750.67,1829,5.5435,Rufous-eared warbler,44.06,12
Malia grata,Locustellidae,Passeriformes,94.46,43962.27,1880,5.0453,Malia grata,18.34,6
Malimbus ballmanni,Ploceidae,Passeriformes,63.0,29246.74,1974,5.3512,Gola malimbe,81.01,17
Malimbus cassini,Ploceidae,Passeriformes,35.0,940615.56,1859,6.7371,Cassin's malimbe,31.48,5
Malimbus coronatus,Ploceidae,Passeriformes,32.0,395465.27,1906,5.4827,Red-crowned malimbe,39.99,7
Malimbus erythrogaster,Ploceidae,Passeriformes,45.0,1446184.32,1893,5.3105,Red-bellied malimbe,31.03,7
Malimbus malimbicus,Ploceidae,Passeriformes,36.1,2471944.17,1802,5.6819,Crested malimbe,46.59,10
Malimbus nitens,Ploceidae,Passeriformes,37.83,2636859.51,1831,6.6677,Blue-billed malimbe,50.97,10
Malimbus racheliae,Ploceidae,Passeriformes,26.0,209703.78,1857,6.2763,Rachel's malimbe,39.09,7
Malimbus rubricollis,Ploceidae,Passeriformes,42.2,2607128.64,1838,5.603,Red-headed malimbe,64.0,5
Malimbus scutatus,Ploceidae,Passeriformes,30.0,857359.49,1849,5.553,Red-vented malimbe,37.81,7
Malindangia mcgregori,Campephagidae,Passeriformes,42.6,13707.89,1907,5.4992,McGregor's cuckooshrike,38.28,6
Malurus alboscapulatus,Maluridae,Passeriformes,9.33,778806.38,1874,6.4208,White-shouldered fairywren,79.87,25
Malurus amabilis,Maluridae,Passeriformes,8.63,126910.61,1852,7.6317,Lovely fairywren,197.72,23
Malurus assimilis,Maluridae,Passeriformes,8.04,6084253.88,1901,7.549,Purple-backed fairywren,185.81,5
Malurus coronatus,Maluridae,Passeriformes,11.09,363760.08,1858,7.5472,Purple-crowned fairywren,556.22,48
Malurus cyaneus,Maluridae,Passeriformes,10.33,1239779.31,1782,7.4295,Superb fairywren,4024.38,129
Malurus cyanocephalus,Maluridae,Passeriformes,12.42,491129.37,1830,6.5712,Emperor fairywren,101.47,9
Malurus elegans,Maluridae,Passeriformes,9.59,71313.86,1837,6.7705,Red-winged fairywren,348.56,23
Malurus lamberti,Maluridae,Passeriformes,8.04,212534.11,1827,6.9228,Variegated fairywren,446.41,25
Malurus leucopterus,Maluridae,Passeriformes,7.4,5612678.07,1824,7.3765,White-winged fairywren,749.0,25
Malurus melanocephalus,Maluridae,Passeriformes,7.9,2025747.65,1802,6.657,Red-backed fairywren,948.38,51
Malurus pulcherrimus,Maluridae,Passeriformes,9.19,379685.75,1844,7.1272,Blue-breasted fairywren,130.51,10
Malurus splendens,Maluridae,Passeriformes,9.39,2710216.86,1830,7.2807,Splendid fairywren,1987.33,23
Manacus aurantiacus,Pipridae,Passeriformes,15.5,29625.42,1870,6.6228,Orange-collared manakin,78.2,20
Manacus candei,Pipridae,Passeriformes,19.82,283521.13,1841,6.439,White-collared manakin,144.59,25
Manacus manacus,Pipridae,Passeriformes,16.7,7524946.19,1766,6.9883,White-bearded manakin,135.93,63
Manacus vitellinus,Pipridae,Passeriformes,18.16,118914.75,1843,6.7722,Golden-collared manakin,113.48,51
Mandingoa nitidula,Estrildidae,Passeriformes,9.6,1540214.12,1865,6.6724,Green-backed twinspot,129.12,11
Manorina flavigula,Meliphagidae,Passeriformes,55.9,6815495.21,1840,5.87,Yellow-throated miner,319.92,20
Manorina melanocephala,Meliphagidae,Passeriformes,60.22,2065246.62,1801,5.6171,Noisy miner,5102.39,119
Manorina melanophrys,Meliphagidae,Passeriformes,30.39,317354.76,1801,5.2253,Bell miner,831.15,40
Manorina melanotis,Meliphagidae,Passeriformes,54.0,1748.04,1911,5.8125,Black-eared miner,119.29,18
Manucerthia mana,Fringillidae,Passeriformes,14.6,697.48,1891,5.6581,Hawaiʻi creeper,205.8,6
Manucodia ater,Paradisaeidae,Passeriformes,228.01,136828.14,1830,5.589,Glossy-mantled manucode,285.89,17
Manucodia chalybatus,Paradisaeidae,Passeriformes,215.88,81016.84,1781,6.1639,Crinkle-collared manucode,199.95,14
Manucodia comrii,Paradisaeidae,Passeriformes,432.74,3220.81,1876,5.2474,Curl-crested manucode,254.88,10
Manucodia jobiensis,Paradisaeidae,Passeriformes,202.58,22487.64,1876,5.0562,Jobi manucode,196.61,11
Mareca americana,Anatidae,Anseriformes,754.61,8979266.49,1789,6.099,American wigeon,2373.15,68
Mareca falcata,Anatidae,Anseriformes,645.83,5490157.81,1775,5.9751,Falcated duck,832.29,52
Mareca penelope,Anatidae,Anseriformes,770.03,16342850.08,1758,5.4565,Eurasian wigeon,2868.89,125
Mareca sibilatrix,Anatidae,Anseriformes,923.16,2186262.24,1829,5.8823,Chiloé wigeon,306.27,19
Mareca strepera,Anatidae,Anseriformes,915.58,18552362.65,1758,6.0862,,,120
Margarobyas lawrencii,Strigidae,Strigiformes,95.2,109791.53,1868,6.7763,Bare-legged owl,148.88,9
Margaroperdix madagarensis,Phasianidae,Galliformes,245.0,543287.48,1786,5.566,Madagascar partridge,99.68,15
Margarops fuscatus,Mimidae,Passeriformes,98.43,20593.03,1808,4.6204,Pearly-eyed thrasher,361.36,25
Margarornis bellulus,Furnariidae,Passeriformes,18.5,194.36,1912,5.1798,Beautiful treerunner,30.33,56
Margarornis rubiginosus,Furnariidae,Passeriformes,17.8,5601.93,1865,5.833,Ruddy treerunner,35.31,20
Margarornis squamiger,Furnariidae,Passeriformes,17.3,469622.44,1838,6.4565,Pearled treerunner,41.03,20
Margarornis stellatus,Furnariidae,Passeriformes,21.49,21929.05,1873,5.3963,Star-chested treerunner,18.07,13
Marmaronetta angustirostris,Anatidae,Anseriformes,477.0,1461550.24,1832,5.4961,Marbled duck,589.33,138
Maschalethraupis surinama,Thraupidae,Passeriformes,19.0,4737118.2,1766,5.7972,,,5
Masius chrysopterus,Pipridae,Passeriformes,11.52,176828.86,1843,6.111,Golden-winged manakin,46.09,72
Mayrornis lessoni,Monarchidae,Passeriformes,11.2,17898.21,1846,5.5938,Slaty monarch,40.03,10
Mayrornis schistaceus,Monarchidae,Passeriformes,11.2,179.32,1933,4.3551,Vanikoro monarch,31.18,8
Mayrornis versicolor,Monarchidae,Passeriformes,29.0,16.45,1933,5.44,Ogea monarch,18.48,7
Mazaria propinqua,Furnariidae,Passeriformes,19.89,531677.41,1859,4.8728,White-bellied spinetail,20.71,13
Mearnsia novaeguineae,Apodidae,Caprimulgiformes,32.6,480409.55,1879,5.2008,Papuan spinetail,38.23,7
Mearnsia picina,Apodidae,Caprimulgiformes,42.5,112656.13,1879,5.0719,Philippine spinetail,66.44,8
Mecocerculus calopterus,Tyrannidae,Passeriformes,7.0,58759.68,1859,6.2024,Rufous-winged tyrannulet,16.37,11
Mecocerculus hellmayri,Tyrannidae,Passeriformes,8.0,69941.23,1907,5.2271,Buff-banded tyrannulet,17.39,8
Mecocerculus leucophrys,Tyrannidae,Passeriformes,10.98,885630.6,1837,6.5316,White-throated tyrannulet,29.71,26
Mecocerculus minor,Tyrannidae,Passeriformes,11.0,62120.59,1879,5.7095,Sulphur-bellied tyrannulet,18.18,13
Mecocerculus poecilocercus,Tyrannidae,Passeriformes,7.7,177426.02,1873,6.0044,White-tailed tyrannulet,23.79,15
Mecocerculus stictopterus,Tyrannidae,Passeriformes,9.4,265969.64,1859,5.5165,White-banded tyrannulet,22.62,19
Megabyas flammulatus,Vangidae,Passeriformes,27.96,4083781.25,1855,5.4388,African shrike-flycatcher,79.42,12
Megaceryle alcyon,Alcedinidae,Coraciiformes,148.0,13996585.38,1758,7.3254,Belted kingfisher,5922.93,101
Megaceryle lugubris,Alcedinidae,Coraciiformes,270.99,5024200.4,1834,7.327,Crested kingfisher,572.73,16
Megaceryle maxima,Alcedinidae,Coraciiformes,325.0,13133154.9,1769,6.942,Giant kingfisher,1072.78,19
Megaceryle torquata,Alcedinidae,Coraciiformes,317.0,16295521.19,1766,6.9826,Ringed kingfisher,755.87,86
Megacrex inepta,Rallidae,Gruiformes,1200.0,89575.46,1879,4.6667,New Guinea flightless rail,122.0,9
Megadyptes antipodes,Spheniscidae,Sphenisciformes,5326.24,80802.25,1841,6.9888,Yellow-eyed penguin,3130.06,110
Megalampitta gigantea,Melampittidae,Passeriformes,205.0,8372.65,1899,4.3747,Greater melampitta,54.03,10
Megaloprepia formosa,Columbidae,Columbiformes,118.52,21523.73,1860,5.8564,Scarlet-breasted fruit dove,100.29,5
Megaloprepia magnifica,Columbidae,Columbiformes,185.41,979740.41,1821,6.7977,Wompoo fruit dove,514.02,3
Megalurus palustris,Locustellidae,Passeriformes,44.1,2258407.86,1821,5.0434,Striated grassbird,149.88,17
Megapodius bernsteinii,Megapodiidae,Galliformes,768.57,4283.59,1866,4.7113,Sula megapode,98.56,11
Megapodius cumingii,Megapodiidae,Galliformes,1044.0,457462.43,1853,4.5147,Philippine megapode,260.12,13
Megapodius decollatus,Megapodiidae,Galliformes,666.34,239677.89,1878,4.4664,New Guinea scrubfowl,94.44,9
Megapodius eremita,Megapodiidae,Galliformes,676.67,84419.95,1868,4.3128,Melanesian megapode,114.66,13
Megapodius geelvinkianus,Megapodiidae,Galliformes,642.48,2947.6,1874,4.2637,Biak scrubfowl,85.77,8
Megapodius laperouse,Megapodiidae,Galliformes,308.0,838.35,1823,5.1921,Micronesian megapode,258.4,20
Megapodius layardi,Megapodiidae,Galliformes,768.57,6452.14,1879,4.3615,Vanuatu megapode,104.68,14
Megapodius nicobariensis,Megapodiidae,Galliformes,836.69,1578.46,1846,4.5896,Nicobar megapode,538.67,28
Megapodius reinwardt,Megapodiidae,Galliformes,875.81,795651.65,1823,5.2893,Orange-footed scrubfowl,732.37,39
Megapodius tenimberensis,Megapodiidae,Galliformes,875.81,3225.7,1883,4.4704,Tanimbar megapode,77.13,11
Megarynchus pitangua,Tyrannidae,Passeriformes,69.91,13243099.5,1766,5.7659,Boat-billed flycatcher,186.57,31
Megascops asio,Strigidae,Strigiformes,179.99,4938942.17,1758,7.1787,Eastern screech owl,5675.48,109
Megascops atricapilla,Strigidae,Strigiformes,118.89,990012.51,1822,6.6636,Black-capped screech owl,87.9,29
Megascops barbarus,Strigidae,Strigiformes,69.0,18360.29,1868,6.5116,Bearded screech owl,130.07,57
Megascops choliba,Strigidae,Strigiformes,132.0,13065137.78,1817,6.2292,Tropical screech owl,376.73,128
Megascops clarkii,Strigidae,Strigiformes,158.46,9927.9,1935,7.1597,Bare-shanked screech owl,121.19,14
Megascops cooperi,Strigidae,Strigiformes,149.94,78738.89,1878,6.9807,Pacific screech owl,155.46,26
Megascops gilesi,Strigidae,Strigiformes,132.0,4488.8,2017,6.664,Santa Marta screech owl,92.65,8
Megascops hoyi,Strigidae,Strigiformes,110.0,54416.26,1989,6.9047,Yungas screech owl,61.26,16
Megascops kennicottii,Strigidae,Strigiformes,141.82,3582764.44,1867,7.003,Western screech owl,1532.57,103
Megascops koepckeae,Strigidae,Strigiformes,116.93,160334.46,1982,6.6697,Koepcke's screech owl,85.4,22
Megascops marshalli,Strigidae,Strigiformes,110.0,24727.09,1981,6.9346,Cloud-forest screech owl,77.63,17
Megascops petersoni,Strigidae,Strigiformes,97.5,18835.64,1986,6.8444,Cinnamon screech owl,117.74,12
Megascops roboratus,Strigidae,Strigiformes,126.7,79303.5,1918,6.5188,West Peruvian screech owl,74.54,17
Megascops sanctaecatarinae,Strigidae,Strigiformes,179.72,418281.17,1897,6.8304,Long-tufted screech owl,123.04,21
Megascops seductus,Strigidae,Strigiformes,160.0,90735.21,1941,6.2931,Balsas screech owl,108.28,71
Megascops trichopsis,Strigidae,Strigiformes,88.26,660977.77,1832,6.5133,Whiskered screech owl,499.07,29
Megascops watsonii,Strigidae,Strigiformes,129.0,6312593.48,1849,6.7404,Tawny-bellied screech owl,93.64,17
Megastictus margaritatus,Thamnophilidae,Passeriformes,20.2,1933727.21,1855,4.6082,Pearly antshrike,22.81,10
Megatriorchis doriae,Accipitridae,Accipitriformes,999.99,599836.92,1875,5.4842,Doria's hawk,67.88,11
Megaxenops parnaguae,Furnariidae,Passeriformes,25.0,658330.63,1905,6.0673,Great xenops,39.91,24
Megazosterops palauensis,Zosteropidae,Passeriformes,31.0,413.29,1915,5.2994,Giant white-eye,33.2,10
Meiglyptes jugularis,Picidae,Piciformes,53.38,580432.68,1845,5.8927,Black-and-buff woodpecker,41.88,7
Meiglyptes tukki,Picidae,Piciformes,53.1,772219.58,1839,6.2153,Buff-necked woodpecker,54.21,13
Melaenornis annamarulae,Muscicapidae,Passeriformes,39.9,132494.24,1970,4.6224,Nimba flycatcher,26.93,13
Melaenornis ardesiacus,Muscicapidae,Passeriformes,29.0,60515.81,1936,5.4236,Yellow-eyed black flycatcher,23.4,8
Melaenornis brunneus,Muscicapidae,Passeriformes,26.84,68829.73,1886,5.7163,Angola slaty flycatcher,11.99,5
Melaenornis chocolatinus,Muscicapidae,Passeriformes,23.4,202824.29,1840,5.6668,Abyssinian slaty flycatcher,59.15,6
Melaenornis edolioides,Muscicapidae,Passeriformes,30.7,3825770.16,1837,5.8075,Northern black flycatcher,52.17,10
Melaenornis fischeri,Muscicapidae,Passeriformes,23.4,655062.95,1884,5.6593,White-eyed slaty flycatcher,109.14,7
Melaenornis pammelaina,Muscicapidae,Passeriformes,30.2,4080335.72,1814,5.7813,Southern black flycatcher,136.88,8
Melampitta lugubris,Melampittidae,Passeriformes,42.67,59306.62,1871,5.7898,Lesser melampitta,51.77,12
Melanerpes aurifrons,Picidae,Piciformes,80.77,1414625.35,1829,7.0,Golden-fronted woodpecker,519.76,96
Melanerpes cactorum,Picidae,Piciformes,34.94,942033.85,1840,6.2661,White-fronted woodpecker,77.84,28
Melanerpes candidus,Picidae,Piciformes,108.0,5535970.53,1796,6.8637,White woodpecker,209.27,28
Melanerpes carolinus,Picidae,Piciformes,69.5,3074161.82,1758,7.1918,Red-bellied woodpecker,8940.58,101
Melanerpes chrysauchen,Picidae,Piciformes,52.48,15256.01,1870,6.5672,Golden-naped woodpecker,99.28,18
Melanerpes chrysogenys,Picidae,Piciformes,67.72,161373.56,1839,6.3628,Golden-cheeked woodpecker,89.03,54
Melanerpes cruentatus,Picidae,Piciformes,58.1,7237147.71,1783,5.889,Yellow-tufted woodpecker,117.11,12
Melanerpes erythrocephalus,Picidae,Piciformes,71.6,5461683.2,1758,7.1709,Red-headed woodpecker,7587.48,135
Melanerpes flavifrons,Picidae,Piciformes,57.78,1557771.44,1818,6.4174,Yellow-fronted woodpecker,161.24,32
Melanerpes formicivorus,Picidae,Piciformes,79.62,1502706.45,1827,6.6843,Acorn woodpecker,3355.84,177
Melanerpes herminieri,Picidae,Piciformes,100.0,1468.62,1830,6.0705,Guadeloupe woodpecker,136.88,12
Melanerpes hoffmannii,Picidae,Piciformes,72.16,51111.87,1862,6.9391,Hoffmann's woodpecker,141.68,15
Melanerpes hypopolius,Picidae,Piciformes,52.4,81784.17,1829,5.6231,Grey-breasted woodpecker,69.09,39
Melanerpes lewis,Picidae,Piciformes,105.76,2075995.24,1849,6.1587,Lewis's woodpecker,1428.24,106
Melanerpes portoricensis,Picidae,Piciformes,59.86,8923.08,1803,6.3472,Puerto Rican woodpecker,186.62,10
Melanerpes pucherani,Picidae,Piciformes,62.4,486437.57,1849,6.4001,Black-cheeked woodpecker,139.93,16
Melanerpes pulcher,Picidae,Piciformes,52.48,48456.57,1870,6.2207,Beautiful woodpecker,105.8,11
Melanerpes pygmaeus,Picidae,Piciformes,38.81,126112.5,1885,6.083,Yucatan woodpecker,149.47,23
Melanerpes radiolatus,Picidae,Piciformes,108.0,11021.79,1827,6.7926,Jamaican woodpecker,103.72,8
Melanerpes rubricapillus,Picidae,Piciformes,52.33,877834.62,1862,6.1224,Red-crowned woodpecker,379.08,28
Melanerpes striatus,Picidae,Piciformes,73.4,74161.47,1776,6.4153,Hispaniolan woodpecker,262.56,17
Melanerpes superciliaris,Picidae,Piciformes,77.31,114069.09,1827,7.1181,West Indian woodpecker,213.67,11
Melanerpes uropygialis,Picidae,Piciformes,64.66,567324.49,1854,6.2435,Gila woodpecker,1493.29,68
Melaniparus afer,Paridae,Passeriformes,20.2,427814.63,1789,6.3664,Grey tit,375.33,8
Melaniparus albiventris,Paridae,Passeriformes,21.2,322293.63,1881,6.0538,White-bellied tit,66.7,5
Melaniparus carpi,Paridae,Passeriformes,18.6,305301.81,1957,5.8625,Carp's tit,65.87,6
Melaniparus cinerascens,Paridae,Passeriformes,20.0,1795200.59,1818,5.7969,Ashy tit,137.0,9
Melaniparus fasciiventer,Paridae,Passeriformes,15.2,38778.02,1893,5.8179,Stripe-breasted tit,57.98,5
Melaniparus fringillinus,Paridae,Passeriformes,13.82,390583.14,1884,5.474,Red-throated tit,88.04,5
Melaniparus funereus,Paridae,Passeriformes,25.37,2252792.06,1855,5.6273,Dusky tit,71.93,5
Melaniparus griseiventris,Paridae,Passeriformes,15.5,1535847.66,1882,4.9549,Miombo tit,57.62,6
Melaniparus guineensis,Paridae,Passeriformes,16.1,4677095.83,1900,5.6449,White-shouldered black tit,63.6,8
Melaniparus leucomelas,Paridae,Passeriformes,16.1,2587731.88,1840,6.1202,White-winged black tit,85.4,6
Melaniparus leuconotus,Paridae,Passeriformes,16.7,357687.8,1843,6.1534,White-backed black tit,53.44,9
Melaniparus niger,Paridae,Passeriformes,21.5,2180649.32,1818,5.9452,Southern black tit,234.59,11
Melaniparus thruppi,Paridae,Passeriformes,12.0,869174.26,1885,5.6556,Acacia tit,109.88,5
Melanitta americana,Anatidae,Anseriformes,1117.0,3674284.73,1832,5.7895,Black scoter,1134.92,57
Melanitta deglandi,Anatidae,Anseriformes,1800.17,4842634.82,1850,5.6477,White-winged scoter,982.82,85
Melanitta fusca,Anatidae,Anseriformes,1800.17,5118144.61,1758,4.5242,Velvet scoter,623.8,207
Melanitta nigra,Anatidae,Anseriformes,1049.98,4515415.5,1758,5.1075,Common scoter,756.62,157
Melanitta perspicillata,Anatidae,Anseriformes,1096.33,4808381.84,1758,5.3057,Surf scoter,1561.22,126
Melanitta stejnegeri,Anatidae,Anseriformes,1800.17,6485999.47,1887,6.4175,Stejneger's scoter,254.56,27
Melanocharis arfakiana,Melanocharitidae,Passeriformes,11.5,9004.63,1900,5.3847,Obscure berrypecker,35.02,7
Melanocharis longicauda,Melanocharitidae,Passeriformes,11.95,100278.19,1876,5.4106,Mid-mountain berrypecker,26.79,7
Melanocharis nigra,Melanocharitidae,Passeriformes,14.16,458523.98,1830,5.3239,Black berrypecker,30.46,10
Melanocharis striativentris,Melanocharitidae,Passeriformes,17.58,86837.53,1895,5.0103,Streaked berrypecker,26.66,9
Melanocharis versteri,Melanocharitidae,Passeriformes,14.67,148463.41,1876,6.2702,Fan-tailed berrypecker,31.27,13
Melanochlora sultanea,Paridae,Passeriformes,37.6,1656290.7,1837,7.2871,Sultan tit,353.64,15
Melanocorypha bimaculata,Alaudidae,Passeriformes,54.1,3368485.69,1832,4.8745,Bimaculated lark,232.82,49
Melanocorypha calandra,Alaudidae,Passeriformes,61.6,5323937.62,1766,5.554,Calandra lark,471.43,91
Melanocorypha maxima,Alaudidae,Passeriformes,74.99,1042885.9,1867,4.6096,Tibetan lark,59.41,17
Melanocorypha mongolica,Alaudidae,Passeriformes,53.94,3449137.1,1776,5.1009,Mongolian lark,87.07,37
Melanocorypha yeltoniensis,Alaudidae,Passeriformes,59.93,2093596.82,1768,4.7464,Black lark,158.79,24
Melanodera melanodera,Thraupidae,Passeriformes,28.7,145980.07,1824,6.1522,White-bridled finch,80.88,19
Melanodera xanthogramma,Thraupidae,Passeriformes,35.07,353522.86,1839,5.9742,Yellow-bridled finch,51.0,20
Melanodryas cucullata,Petroicidae,Passeriformes,21.1,6352636.74,1802,6.46,Hooded robin,174.22,17
Melanodryas vittata,Petroicidae,Passeriformes,26.6,68050.36,1830,5.5456,Dusky robin,115.14,12
Melanopareia elegans,Melanopareiidae,Passeriformes,16.0,81037.63,1844,6.6125,Elegant crescentchest,37.16,14
Melanopareia maranonica,Melanopareiidae,Passeriformes,23.0,10057.19,1924,6.8007,Marañón crescentchest,30.29,14
Melanopareia maximiliani,Melanopareiidae,Passeriformes,18.0,752374.15,1835,6.5803,Olive-crowned crescentchest,33.1,15
Melanopareia torquata,Melanopareiidae,Passeriformes,17.2,2770968.6,1831,6.506,Collared crescentchest,48.29,27
Melanoptila glabrirostris,Mimidae,Passeriformes,35.4,178149.45,1858,5.7038,Black catbird,525.84,32
Melanorectes nigrescens,Pachycephalidae,Passeriformes,76.9,131590.72,1871,4.6613,Black pitohui,87.04,13
Melanospiza bicolor,Thraupidae,Passeriformes,9.8,269426.8,1766,5.4869,Black-faced grassquit,312.82,12
Melanospiza richardsoni,Thraupidae,Passeriformes,20.9,293.36,1886,5.4538,Saint Lucia black finch,87.78,22
Melanotis caerulescens,Mimidae,Passeriformes,61.57,577099.95,1827,5.5802,Blue mockingbird,447.61,36
Melanotis hypoleucus,Mimidae,Passeriformes,68.0,98583.12,1852,5.4765,Blue-and-white mockingbird,206.18,27
Meleagris gallopavo,Phasianidae,Galliformes,5791.37,7259958.92,1758,4.1189,Wild turkey,23675.86,1023
Meleagris ocellata,Phasianidae,Galliformes,5525.0,141592.72,1820,4.9826,Ocellated turkey,5377.67,68
Meliarchus sclateri,Meliphagidae,Passeriformes,66.77,3338.04,1870,5.6321,Makira honeyeater,29.27,8
Melichneutes robustus,Indicatoridae,Piciformes,54.2,2772579.96,1909,4.4672,Lyre-tailed honeyguide,54.56,7
Melidectes belfordi,Meliphagidae,Passeriformes,73.14,124314.41,1890,5.282,Belford's melidectes,36.15,11
Melidectes leucostephes,Meliphagidae,Passeriformes,75.25,11363.02,1874,5.6207,Vogelkop melidectes,21.24,6
Melidectes ochromelas,Meliphagidae,Passeriformes,63.0,51249.23,1874,5.1251,Cinnamon-browed melidectes,23.76,11
Melidectes rufocrissalis,Meliphagidae,Passeriformes,71.6,64711.26,1915,5.6341,Yellow-browed melidectes,27.55,10
Melidectes torquatus,Meliphagidae,Passeriformes,44.93,95822.01,1874,5.8524,Ornate melidectes,26.67,9
Melidora macrorrhina,Alcedinidae,Coraciiformes,97.0,654694.19,1827,6.8692,Hook-billed kingfisher,102.53,10
Melierax canorus,Accipitridae,Accipitriformes,663.32,2246754.63,1799,6.1465,Pale chanting goshawk,440.23,25
Melierax metabates,Accipitridae,Accipitriformes,674.53,12484209.96,1861,6.9183,Dark chanting goshawk,354.78,22
Melierax poliopterus,Accipitridae,Accipitriformes,629.88,2071175.93,1868,6.7839,Eastern chanting goshawk,256.63,16
Melignomon eisentrauti,Indicatoridae,Piciformes,24.2,75034.97,1981,4.4854,Yellow-footed honeyguide,74.41,11
Melignomon zenkeri,Indicatoridae,Piciformes,23.6,1324791.27,1898,4.4193,Zenker's honeyguide,44.03,8
Melilestes megarhynchus,Meliphagidae,Passeriformes,43.76,565758.84,1858,5.2218,Long-billed honeyeater,30.11,14
Meliphacator provocator,Meliphagidae,Passeriformes,33.1,432.99,1875,5.5808,Kadavu honeyeater,43.48,6
Meliphaga aruensis,Meliphagidae,Passeriformes,26.2,665428.4,1884,5.1274,Puff-backed honeyeater,23.21,11
Meliphaga lewinii,Meliphagidae,Passeriformes,33.58,643140.81,1837,5.5996,Lewin's honeyeater,238.73,21
Meliphaga notata,Meliphagidae,Passeriformes,26.44,110238.59,1867,5.2406,Yellow-spotted honeyeater,101.16,12
Melipotes ater,Meliphagidae,Passeriformes,114.0,5540.01,1911,5.7974,Spangled honeyeater,27.02,5
Melipotes fumigatus,Meliphagidae,Passeriformes,58.6,146497.21,1886,5.8365,Common smoky honeyeater,44.52,11
Melipotes gymnops,Meliphagidae,Passeriformes,54.8,7348.93,1874,6.1033,Arfak honeyeater,32.19,7
Melithreptus affinis,Meliphagidae,Passeriformes,15.0,68030.0,1839,5.9798,Black-headed honeyeater,87.78,12
Melithreptus albogularis,Meliphagidae,Passeriformes,11.03,1473520.94,1848,6.1178,White-throated honeyeater,175.53,16
Melithreptus brevirostris,Meliphagidae,Passeriformes,12.6,2003053.24,1827,5.1192,Brown-headed honeyeater,101.12,17
Melithreptus chloropsis,Meliphagidae,Passeriformes,14.01,216940.62,1848,5.5087,Gilbert's honeyeater,74.72,8
Melithreptus lunatus,Meliphagidae,Passeriformes,14.01,1242453.6,1802,6.4235,White-naped honeyeater,161.88,15
Melithreptus validirostris,Meliphagidae,Passeriformes,24.8,60660.3,1837,5.8578,Strong-billed honeyeater,92.61,14
Melitograis gilolensis,Meliphagidae,Passeriformes,54.0,22755.07,1850,5.4226,White-streaked friarbird,37.64,7
Mellisuga helenae,Trochilidae,Caprimulgiformes,2.2,108875.85,1850,7.1219,Bee hummingbird,14066.54,15
Mellisuga minima,Trochilidae,Caprimulgiformes,2.4,86168.43,1758,6.5383,Vervain hummingbird,409.83,11
Melloria quoyi,Artamidae,Passeriformes,168.0,1145717.61,1827,5.6375,Black butcherbird,985.98,10
Melocichla mentalis,Macrosphenidae,Passeriformes,33.2,6248614.06,1843,4.7951,Moustached grass warbler,43.48,12
Melopsittacus undulatus,Psittacidae,Psittaciformes,28.99,5879807.51,1805,6.403,,,405
Melospiza georgiana,Passerellidae,Passeriformes,16.1,6032762.64,1790,5.6854,Swamp sparrow,817.18,116
Melospiza lincolnii,Passerellidae,Passeriformes,16.6,7567216.93,1834,5.6699,Lincoln's sparrow,731.2,117
Melospiza melodia,Passerellidae,Passeriformes,21.91,10313728.38,1810,5.6638,Song sparrow,5461.49,404
Melozone aberti,Passerellidae,Passeriformes,45.93,170236.93,1852,5.0614,Abert's towhee,617.81,55
Melozone albicollis,Passerellidae,Passeriformes,46.4,64681.63,1858,4.7894,White-throated towhee,119.08,33
Melozone biarcuata,Passerellidae,Passeriformes,30.6,85901.92,1842,5.8691,Prevost's ground sparrow,70.03,23
Melozone cabanisi,Passerellidae,Passeriformes,28.0,3056.53,1868,5.9022,Cabanis's ground sparrow,44.12,37
Melozone crissalis,Passerellidae,Passeriformes,52.83,333326.69,1839,4.9488,California towhee,1261.89,78
Melozone fusca,Passerellidae,Passeriformes,44.4,1684944.38,1827,5.2726,Canyon towhee,369.38,32
Melozone kieneri,Passerellidae,Passeriformes,38.7,330219.5,1850,5.8802,Rusty-crowned ground sparrow,53.2,35
Mentocrex beankaensis,Rallidae,Gruiformes,246.0,3754.59,2011,4.9456,Tsingy forest rail,44.1,8
Mentocrex kioloides,Rallidae,Gruiformes,246.0,39392.29,1845,5.3578,Madagascar forest rail,52.2,7
Menura alberti,Menuridae,Passeriformes,928.0,25535.74,1850,5.7909,Albert's lyrebird,589.55,15
Menura novaehollandiae,Menuridae,Passeriformes,972.62,324756.71,1802,6.6184,Superb lyrebird,2406.28,61
Merganetta armata,Anatidae,Anseriformes,398.82,1090659.13,1842,5.5035,Torrent duck,595.83,81
Mergellus albellus,Anatidae,Anseriformes,608.55,11990223.32,1758,5.7016,,,160
Mergus merganser,Anatidae,Anseriformes,1451.02,24915961.61,1758,5.9399,Common merganser,6582.13,298
Mergus octosetaceus,Anatidae,Anseriformes,983.0,51321.75,1817,5.1183,Brazilian merganser,461.18,64
Mergus serrator,Anatidae,Anseriformes,1015.17,23632905.44,1758,5.7438,Red-breasted merganser,2575.11,199
Mergus squamatus,Anatidae,Anseriformes,1234.0,302689.47,1864,6.1119,Scaly-sided merganser,517.51,136
Meropogon forsteni,Meropidae,Coraciiformes,55.0,135924.86,1850,7.4096,Purple-bearded bee-eater,142.96,10
Merops albicollis,Meropidae,Coraciiformes,25.9,1564871.29,1817,6.6533,White-throated bee-eater,297.41,14
Merops americanus,Meropidae,Coraciiformes,37.4,259375.1,1776,7.785,Rufous-crowned bee-eater,55.42,6
Merops apiaster,Meropidae,Coraciiformes,56.6,11028502.02,1758,7.467,European bee-eater,3451.01,212
Merops boehmi,Meropidae,Coraciiformes,16.6,700033.6,1882,7.6809,Böhm's bee-eater,111.38,10
Merops breweri,Meropidae,Coraciiformes,49.74,1625936.76,1859,6.8063,Black-headed bee-eater,80.38,9
Merops bullockoides,Meropidae,Coraciiformes,34.8,5313566.69,1834,7.2227,White-fronted bee-eater,507.88,60
Merops bulocki,Meropidae,Coraciiformes,23.1,2933973.62,1817,7.4419,Red-throated bee-eater,212.55,8
Merops gularis,Meropidae,Coraciiformes,27.3,3027624.96,1798,7.1591,Black bee-eater,142.1,10
Merops hirundineus,Meropidae,Coraciiformes,21.7,8552948.69,1793,7.3714,Swallow-tailed bee-eater,283.08,12
Merops leschenaulti,Meropidae,Coraciiformes,27.2,2822822.27,1817,6.7349,Chestnut-headed bee-eater,628.45,24
Merops malimbicus,Meropidae,Coraciiformes,50.37,1108392.87,1806,7.0716,Rosy bee-eater,187.36,12
Merops mentalis,Meropidae,Coraciiformes,22.5,322960.74,1889,7.6498,Blue-moustached bee-eater,78.22,6
Merops muelleri,Meropidae,Coraciiformes,22.5,1597560.38,1857,7.0248,Blue-headed bee-eater,118.04,9
Merops nubicoides,Meropidae,Coraciiformes,42.4,1104907.6,1846,7.6428,Southern carmine bee-eater,732.55,5
Merops nubicus,Meropidae,Coraciiformes,42.4,6717055.8,1788,7.7227,Northern carmine bee-eater,482.91,20
Merops oreobates,Meropidae,Coraciiformes,23.96,360934.32,1892,7.4302,Cinnamon-chested bee-eater,192.54,11
Merops ornatus,Meropidae,Coraciiformes,29.5,6451756.43,1801,7.5904,Rainbow bee-eater,1345.95,23
Merops persicus,Meropidae,Coraciiformes,49.3,3658429.52,1773,7.2468,Blue-cheeked bee-eater,895.24,44
Merops philippinus,Meropidae,Coraciiformes,34.0,4254463.63,1767,7.5222,Blue-tailed bee-eater,1051.93,41
Merops pusillus,Meropidae,Coraciiformes,15.1,14410773.71,1776,7.772,Little bee-eater,570.52,25
Merops revoilii,Meropidae,Coraciiformes,12.9,958341.75,1882,7.3012,Somali bee-eater,111.85,7
Merops superciliosus,Meropidae,Coraciiformes,38.5,4269964.77,1766,7.691,Olive bee-eater,158.33,16
Merops viridis,Meropidae,Coraciiformes,34.8,3204518.18,1758,7.3092,Blue-throated bee-eater,321.99,26
Merulaxis ater,Rhinocryptidae,Passeriformes,35.03,163731.48,1831,5.9617,Slaty bristlefront,53.75,19
Merulaxis stresemanni,Rhinocryptidae,Passeriformes,35.0,21.75,1960,5.3491,Stresemann's bristlefront,294.36,18
Mesembrinibis cayennensis,Threskiornithidae,Pelecaniformes,756.0,10576805.93,1789,5.7323,Green ibis,314.34,22
Mesitornis unicolor,Mesitornithidae,Mesitornithiformes,148.0,37168.05,1845,5.4191,Brown mesite,234.75,13
Mesitornis variegatus,Mesitornithidae,Mesitornithiformes,110.0,39538.16,1838,5.7365,White-breasted mesite,127.95,14
Metabolus godeffroyi,Monarchidae,Passeriformes,16.4,97.97,1868,5.8503,Yap monarch,51.52,5
Metabolus rugensis,Monarchidae,Passeriformes,23.58,83.99,1841,6.19,Chuuk monarch,50.33,14
Metabolus takatsukasae,Monarchidae,Passeriformes,16.4,106.58,1931,5.4061,Tinian monarch,114.38,4
Metallura aeneocauda,Trochilidae,Caprimulgiformes,5.2,49696.48,1846,6.3685,Scaled metaltail,37.75,15
Metallura baroni,Trochilidae,Caprimulgiformes,4.3,2725.47,1893,5.9659,Violet-throated metaltail,65.67,49
Metallura eupogon,Trochilidae,Caprimulgiformes,4.6,35465.53,1874,6.5812,Fiery-throated metaltail,37.49,16
Metallura iracunda,Trochilidae,Caprimulgiformes,3.9,1650.98,1946,7.1476,Perijá metaltail,23.21,16
Metallura odomae,Trochilidae,Caprimulgiformes,5.1,8418.36,1980,7.4042,Neblina metaltail,45.16,16
Metallura phoebe,Trochilidae,Caprimulgiformes,5.4,142044.52,1839,6.517,Black metaltail,77.63,32
Metallura theresiae,Trochilidae,Caprimulgiformes,4.9,34923.52,1902,7.144,Coppery metaltail,41.5,15
Metallura tyrianthina,Trochilidae,Caprimulgiformes,3.8,422575.2,1832,6.9252,Tyrian metaltail,77.47,50
Metallura williami,Trochilidae,Caprimulgiformes,4.5,51630.48,1846,6.9141,Viridian metaltail,50.42,29
Metopidius indicus,Jacanidae,Charadriiformes,155.0,2649332.71,1790,6.0806,Bronze-winged jacana,616.64,18
Metopothrix aurantiaca,Furnariidae,Passeriformes,11.2,1453065.41,1866,5.923,Orange-fronted plushcrown,21.64,16
Metriopelia aymara,Columbidae,Columbiformes,61.8,832237.5,1840,4.9451,Golden-spotted ground dove,59.06,22
Metriopelia ceciliae,Columbidae,Columbiformes,55.1,490195.48,1845,5.6136,Bare-faced ground dove,65.97,19
Metriopelia melanoptera,Columbidae,Columbiformes,100.0,1845275.52,1782,5.4885,Black-winged ground dove,83.88,23
Metriopelia morenoi,Columbidae,Columbiformes,28.6,106199.06,1902,5.5802,Moreno's ground dove,65.04,11
Micrastur buckleyi,Falconidae,Falconiformes,464.0,619557.03,1919,6.0596,Buckley's forest falcon,68.64,14
Micrastur gilvicollis,Falconidae,Falconiformes,209.0,4251681.56,1817,6.0479,Lined forest falcon,84.72,12
Micrastur mintoni,Falconidae,Falconiformes,209.5,1882575.73,2003,6.0725,Cryptic forest falcon,109.84,13
Micrastur mirandollei,Falconidae,Falconiformes,548.99,5269885.69,1862,6.0046,Slaty-backed forest falcon,86.2,16
Micrastur plumbeus,Falconidae,Falconiformes,185.41,61914.79,1918,5.7927,Plumbeous forest falcon,78.54,25
Micrastur ruficollis,Falconidae,Falconiformes,177.64,12486169.39,1817,6.4255,Barred forest falcon,185.84,35
Micrastur semitorquatus,Falconidae,Falconiformes,621.68,13182553.54,1817,6.6576,Collared forest falcon,241.63,43
Micrathene whitneyi,Strigidae,Strigiformes,41.0,643111.79,1861,6.5854,Elf owl,3798.54,41
Microbates cinereiventris,Polioptilidae,Passeriformes,11.9,551552.19,1855,5.9197,Tawny-faced gnatwren,36.4,17
Microbates collaris,Polioptilidae,Passeriformes,10.2,2367560.87,1868,5.2847,Collared gnatwren,55.41,11
Microcarbo africanus,Phalacrocoracidae,Suliformes,545.0,17477574.05,1789,4.4754,Reed cormorant,339.95,15
Microcarbo coronatus,Phalacrocoracidae,Suliformes,762.19,20849.72,1855,5.1253,Crowned cormorant,172.73,14
Microcarbo melanoleucos,Phalacrocoracidae,Suliformes,727.36,3114425.13,1817,5.7342,Little pied cormorant,719.72,20
Microcarbo niger,Phalacrocoracidae,Suliformes,427.0,3849008.88,1817,4.4968,Little cormorant,1021.83,30
Microcarbo pygmaeus,Phalacrocoracidae,Suliformes,675.97,617480.54,1773,4.9766,Pygmy cormorant,669.66,38
Microcerculus bambla,Troglodytidae,Passeriformes,19.1,1714246.73,1783,4.8521,Wing-banded wren,45.84,10
Microcerculus marginatus,Troglodytidae,Passeriformes,18.22,4781168.47,1855,5.3997,Southern nightingale-wren,83.45,25
Microcerculus philomela,Troglodytidae,Passeriformes,17.78,177561.0,1861,5.0507,Northern nightingale-wren,114.49,12
Microcerculus ustulatus,Troglodytidae,Passeriformes,21.0,265691.92,1883,5.12,Flutist wren,55.38,8
Microchera albocoronata,Trochilidae,Caprimulgiformes,2.7,76810.96,1855,7.7354,,,14
Microdynamis parva,Cuculidae,Cuculiformes,47.22,607992.83,1876,5.5339,Dwarf koel,66.92,7
Microeca fascinans,Petroicidae,Passeriformes,14.47,5302401.74,1802,6.2609,Jacky winter,202.88,16
Microeca hemixantha,Petroicidae,Passeriformes,13.65,2954.97,1883,5.8504,Golden-bellied flyrobin,25.04,5
Microhierax caerulescens,Falconidae,Falconiformes,38.72,1206450.7,1758,7.1633,Collared falconet,342.68,19
Microhierax erythrogenys,Falconidae,Falconiformes,49.96,253762.69,1831,6.5322,Philippine falconet,336.2,10
Microhierax fringillarius,Falconidae,Falconiformes,42.9,1402352.92,1824,6.8806,Black-thighed falconet,526.8,12
Microhierax latifrons,Falconidae,Falconiformes,41.2,60479.23,1879,6.5804,White-fronted falconet,242.69,9
Microhierax melanoleucos,Falconidae,Falconiformes,64.22,2360698.64,1843,6.3235,Pied falconet,248.1,16
Microligea palustris,Phaenicophilidae,Passeriformes,13.2,30480.02,1884,5.8252,Green-tailed warbler,61.51,10
Micromacronus leytensis,Cisticolidae,Passeriformes,5.5,20065.38,1962,4.6584,Visayan miniature babbler,33.28,8
Micromacronus sordidus,Cisticolidae,Passeriformes,5.5,26318.9,1968,5.465,Mindanao miniature babbler,19.83,5
Micromonacha lanceolata,Bucconidae,Piciformes,19.8,1651230.16,1849,6.1911,Lanceolated monklet,62.94,8
Micronisus gabar,Accipitridae,Accipitriformes,169.55,13910595.47,1800,6.5392,Gabar goshawk,431.19,18
Microparra capensis,Jacanidae,Charadriiformes,41.3,3244082.83,1839,5.9936,Lesser jacana,197.46,15
Micropsitta bruijnii,Psittacidae,Psittaciformes,13.43,221432.6,1875,7.0181,Red-breasted pygmy parrot,97.39,11
Micropsitta finschii,Psittacidae,Psittaciformes,14.95,42665.37,1881,7.0643,Finsch's pygmy parrot,85.62,13
Micropsitta geelvinkiana,Psittacidae,Psittaciformes,12.2,2459.09,1871,6.7951,Geelvink pygmy parrot,103.78,6
Micropsitta keiensis,Psittacidae,Psittaciformes,12.1,181899.43,1876,6.5837,Yellow-capped pygmy parrot,85.07,7
Micropsitta meeki,Psittacidae,Psittaciformes,13.8,2353.01,1914,5.4876,Meek's pygmy parrot,74.58,8
Micropsitta pusio,Psittacidae,Psittaciformes,14.0,290278.95,1866,6.7574,Buff-faced pygmy parrot,328.51,11
Micropternus brachyurus,Picidae,Piciformes,85.94,6131273.93,1818,6.3657,Rufous woodpecker,322.27,28
Microptilotis albilineatus,Meliphagidae,Passeriformes,23.69,53764.24,1917,4.8351,,,8
Microptilotis albonotatus,Meliphagidae,Passeriformes,22.4,320661.12,1876,5.1685,Scrub honeyeater,19.82,6
Microptilotis cinereifrons,Meliphagidae,Passeriformes,14.98,44367.45,1936,5.1668,Elegant honeyeater,20.22,5
Microptilotis flavirictus,Meliphagidae,Passeriformes,18.5,439941.46,1880,4.4754,Yellow-gaped honeyeater,20.57,6
Microptilotis fordianus,Meliphagidae,Passeriformes,23.69,43433.15,1989,5.2414,,,6
Microptilotis gracilis,Meliphagidae,Passeriformes,14.98,185643.55,1866,5.6109,Graceful honeyeater,50.79,5
Microptilotis montanus,Meliphagidae,Passeriformes,28.03,121416.33,1880,5.2735,Forest honeyeater,21.86,7
Microptilotis orientalis,Meliphagidae,Passeriformes,18.09,193375.68,1894,4.8421,Mountain honeyeater,18.3,6
Microptilotis reticulatus,Meliphagidae,Passeriformes,23.56,27533.73,1820,4.8233,,,8
Micropygia schomburgkii,Rallidae,Gruiformes,31.2,3010330.87,1848,6.3133,Ocellated crake,75.18,27
Microrhopias quixensis,Thamnophilidae,Passeriformes,7.9,4104536.42,1849,6.2865,Dot-winged antwren,56.28,17
Microspingus alticola,Thraupidae,Passeriformes,24.0,9865.32,1895,5.9069,Plain-tailed warbling finch,18.82,19
Microspingus cabanisi,Thraupidae,Passeriformes,19.2,776294.69,1850,6.0203,Gray-throated warbling finch,32.47,11
Microspingus cinereus,Thraupidae,Passeriformes,11.6,1131015.56,1850,4.9402,Cinereous warbling finch,24.41,9
Microspingus erythrophrys,Thraupidae,Passeriformes,14.1,80138.7,1881,6.7764,Rusty-browed warbling finch,22.83,8
Microspingus lateralis,Thraupidae,Passeriformes,19.2,57423.08,1835,6.6233,Buff-throated warbling finch,30.84,10
Microspingus melanoleucus,Thraupidae,Passeriformes,13.1,1482632.76,1837,6.1194,Black-capped warbling finch,33.34,10
Microspingus trifasciatus,Thraupidae,Passeriformes,14.0,82213.81,1874,6.4979,Three-striped hemispingus,19.69,7
Microstilbon burmeisteri,Trochilidae,Caprimulgiformes,2.5,109902.82,1888,6.9193,Slender-tailed woodstar,35.27,13
Microtarsus melanoleucos,Pycnonotidae,Passeriformes,31.0,1181602.12,1839,5.2079,Black-and-white bulbul,59.87,5
Microxenops milleri,Furnariidae,Passeriformes,12.2,3558978.04,1914,5.2673,Rufous-tailed xenops,23.16,8
Milvago chimachima,Falconidae,Falconiformes,315.21,13624390.7,1816,6.4087,Yellow-headed caracara,1078.4,77
Milvus milvus,Accipitridae,Accipitriformes,1071.77,1698401.57,1758,5.7418,Red kite,14448.13,455
Mimus dorsalis,Mimidae,Passeriformes,58.7,173822.65,1837,5.2887,Brown-backed mockingbird,344.47,12
Mimus gilvus,Mimidae,Passeriformes,51.99,2161965.65,1808,5.481,Tropical mockingbird,984.88,67
Mimus graysoni,Mimidae,Passeriformes,65.51,15.19,1871,4.519,Socorro mockingbird,443.96,17
Mimus gundlachii,Mimidae,Passeriformes,66.8,15471.5,1855,4.9662,Bahama mockingbird,338.35,8
Mimus longicaudatus,Mimidae,Passeriformes,66.6,181590.29,1844,5.1624,Long-tailed mockingbird,331.36,19
Mimus macdonaldi,Mimidae,Passeriformes,70.22,66.53,1890,5.579,Española mockingbird,31.98,13
Mimus melanotis,Mimidae,Passeriformes,50.53,550.22,1837,4.9432,San Cristóbal mockingbird,159.4,15
Mimus parvulus,Mimidae,Passeriformes,53.64,6967.11,1837,5.0246,Galápagos mockingbird,372.17,26
Mimus patagonicus,Mimidae,Passeriformes,57.8,1400520.82,1837,4.6833,Patagonian mockingbird,199.16,13
Mimus polyglottos,Mimidae,Passeriformes,48.5,10145517.51,1758,5.258,Northern mockingbird,15839.31,175
Mimus saturninus,Mimidae,Passeriformes,63.7,7198431.03,1823,5.2339,Chalk-browed mockingbird,382.4,56
Mimus thenca,Mimidae,Passeriformes,65.99,229319.44,1782,4.9467,Chilean mockingbird,213.91,26
Mimus trifasciatus,Mimidae,Passeriformes,62.68,0.88,1837,5.0786,Floreana mockingbird,485.51,17
Mimus triurus,Mimidae,Passeriformes,47.2,3284288.52,1818,5.1176,White-banded mockingbird,238.04,15
Minla ignotincta,Leiotrichidae,Passeriformes,14.3,1168696.97,1837,5.648,Red-tailed minla,95.88,32
Mino anais,Sturnidae,Passeriformes,152.0,373078.68,1839,6.2114,Golden myna,243.38,11
Mino dumontii,Sturnidae,Passeriformes,217.0,640179.95,1827,6.0981,Yellow-faced myna,387.08,13
Mino kreffti,Sturnidae,Passeriformes,217.0,60831.97,1869,6.2268,Long-tailed myna,191.25,5
Mionectes macconnelli,Tyrannidae,Passeriformes,13.5,2588557.72,1919,5.4527,McConnell's flycatcher,24.31,20
Mionectes oleagineus,Tyrannidae,Passeriformes,11.17,8947569.12,1823,5.1589,Ochre-bellied flycatcher,65.89,45
Mionectes rufiventris,Tyrannidae,Passeriformes,13.3,1057487.4,1846,6.089,Grey-hooded flycatcher,26.15,29
Mionectes striaticollis,Tyrannidae,Passeriformes,15.0,318010.85,1837,5.6224,Streak-necked flycatcher,23.9,25
Mirafra affinis,Alaudidae,Passeriformes,26.2,1030383.64,1845,5.2557,Jerdon's bush lark,105.69,8
Mirafra albicauda,Alaudidae,Passeriformes,22.2,516863.45,1891,4.7009,White-tailed lark,38.67,9
Mirafra angolensis,Alaudidae,Passeriformes,36.21,763784.63,1880,4.8351,Angola lark,14.2,5
Mirafra apiata,Alaudidae,Passeriformes,26.87,258562.29,1816,4.8285,Cape clapper lark,86.45,10
Mirafra assamica,Alaudidae,Passeriformes,26.2,808359.62,1840,4.9426,Bengal bush lark,105.57,9
Mirafra cheniana,Alaudidae,Passeriformes,29.15,258493.25,1843,5.2618,Melodious lark,49.89,11
Mirafra collaris,Alaudidae,Passeriformes,29.15,319160.76,1896,5.1368,Collared lark,32.77,8
Mirafra erythrocephala,Alaudidae,Passeriformes,26.2,927241.91,1885,4.8852,Indochinese bush lark,33.69,5
Mirafra erythroptera,Alaudidae,Passeriformes,21.3,2147813.66,1845,4.8979,Indian bush lark,172.62,8
Mirafra fasciolata,Alaudidae,Passeriformes,30.6,1765891.86,1850,4.4926,Eastern clapper lark,53.83,11
Mirafra hypermetra,Alaudidae,Passeriformes,61.39,451245.37,1879,4.8665,Red-winged lark,53.03,8
Mirafra microptera,Alaudidae,Passeriformes,26.2,91215.72,1873,4.6158,Burmese bush lark,39.33,10
Mirafra passerina,Alaudidae,Passeriformes,24.7,1870815.46,1926,4.492,Monotonous lark,75.13,8
Mirafra rufocinnamomea,Alaudidae,Passeriformes,26.29,9716191.66,1865,5.1161,Flappet lark,77.62,15
Mirafra somalica,Alaudidae,Passeriformes,46.6,124461.29,1903,4.9389,Somali lark,58.15,9
Mirafra williamsi,Alaudidae,Passeriformes,29.15,30949.62,1956,5.1974,Williams's lark,54.17,26
Mitrephanes olivaceus,Tyrannidae,Passeriformes,10.0,91009.82,1894,5.6022,Olive tufted flycatcher,17.77,13
Mitrephanes phaeocercus,Tyrannidae,Passeriformes,8.59,599510.84,1859,5.831,Northern tufted flycatcher,81.2,22
Mitrospingus cassinii,Mitrospingidae,Passeriformes,40.4,167653.28,1861,6.0678,Dusky-faced tanager,54.74,10
Mitrospingus oleagineus,Mitrospingidae,Passeriformes,41.3,38825.74,1886,5.1316,Olive-backed tanager,26.72,12
Mitu salvini,Cracidae,Galliformes,3100.0,490126.15,1879,5.0317,Salvin's curassow,105.53,24
Mitu tomentosum,Cracidae,Galliformes,2187.62,1247837.5,1825,5.5461,Crestless curassow,119.43,13
Mitu tuberosum,Cracidae,Galliformes,2769.46,3902756.34,1825,5.3311,Razor-billed curassow,217.91,24
Mixornis bornensis,Timaliidae,Passeriformes,11.83,714008.81,1850,5.2578,Bold-striped tit-babbler,56.0,7
Mixornis gularis,Timaliidae,Passeriformes,11.83,3009284.29,1822,5.5386,Pin-striped tit-babbler,253.46,12
Mixornis kelleyi,Timaliidae,Passeriformes,20.0,191767.4,1932,5.3416,Grey-faced tit-babbler,34.73,4
Mniotilta varia,Parulidae,Passeriformes,10.9,5385503.08,1766,6.6228,Black-and-white warbler,1719.28,124
Modulatrix stictigula,Modulatricidae,Passeriformes,30.5,70768.87,1906,4.7828,,,9
Mohoua albicilla,Mohouidae,Passeriformes,17.63,36004.25,1830,6.209,Whitehead (bird),370.57,26
Mohoua novaeseelandiae,Mohouidae,Passeriformes,12.14,76987.83,1789,5.6447,,,7
Mohoua ochrocephala,Mohouidae,Passeriformes,27.69,16919.77,1789,6.5121,Yellowhead (bird),557.6,30
Molothrus ater,Icteridae,Passeriformes,40.26,11727469.53,1783,5.4731,Brown-headed cowbird,9561.35,399
Molothrus bonariensis,Icteridae,Passeriformes,41.49,13210499.69,1789,5.842,Shiny cowbird,1317.26,173
Molothrus oryzivorus,Icteridae,Passeriformes,181.85,10872496.45,1788,6.2835,Giant cowbird,371.9,35
Molothrus rufoaxillaris,Icteridae,Passeriformes,47.5,4719929.58,1866,5.3544,Screaming cowbird,512.65,43
Momotus aequatorialis,Momotidae,Coraciiformes,158.0,97380.48,1858,7.0762,Andean motmot,216.16,28
Momotus bahamensis,Momotidae,Coraciiformes,111.0,5221.07,1838,7.4058,Trinidad motmot,170.76,6
Momotus coeruliceps,Momotidae,Coraciiformes,118.0,38339.33,1836,7.6535,Blue-capped motmot,274.58,19
Momotus lessonii,Momotidae,Coraciiformes,115.0,637042.27,1842,7.7589,Lesson's motmot,341.48,31
Momotus mexicanus,Momotidae,Coraciiformes,75.7,322967.33,1827,6.8952,Russet-crowned motmot,145.65,48
Momotus momota,Momotidae,Coraciiformes,114.96,8096018.25,1766,6.7951,Amazonian motmot,359.57,113
Momotus subrufescens,Momotidae,Coraciiformes,97.1,341747.75,1853,7.1369,Whooping motmot,129.4,21
Monarcha cinerascens,Monarchidae,Passeriformes,29.6,148476.26,1827,5.8525,Island monarch,78.96,14
Monarcha frater,Monarchidae,Passeriformes,22.0,226581.08,1874,6.4334,Black-winged monarch,41.09,13
Monarcha melanopsis,Monarchidae,Passeriformes,22.7,448965.64,1818,5.9549,Black-faced monarch,145.44,11
Monarcha richardsii,Monarchidae,Passeriformes,27.3,5099.33,1881,5.9081,White-capped monarch,25.73,9
Monasa atra,Bucconidae,Piciformes,90.4,1731260.77,1783,6.1079,Black nunbird,63.02,8
Monasa flavirostris,Bucconidae,Piciformes,62.8,785439.52,1850,5.3335,Yellow-billed nunbird,31.62,6
Monasa morphoeus,Bucconidae,Piciformes,87.9,5210334.01,1823,6.0169,White-fronted nunbird,81.31,23
Monasa nigrifrons,Bucconidae,Piciformes,80.7,7021917.73,1824,5.9691,Black-fronted nunbird,95.75,12
Monias benschi,Mesitornithidae,Mesitornithiformes,137.94,12321.8,1903,5.4218,Subdesert mesite,148.5,14
Montecincla cachinnans,Leiotrichidae,Passeriformes,40.3,879.17,1839,5.7659,Nilgiri laughingthrush,161.47,15
Montecincla fairbanki,Leiotrichidae,Passeriformes,45.5,989.68,1869,5.7634,Palani laughingthrush,132.86,11
Montecincla jerdoni,Leiotrichidae,Passeriformes,43.8,193.56,1851,4.9694,Banasura laughingthrush,93.33,14
Montecincla meridionalis,Leiotrichidae,Passeriformes,40.3,163.39,1880,4.9569,Ashambu laughingthrush,73.32,6
Monticola angolensis,Muscicapidae,Passeriformes,44.4,2218343.4,1888,5.1207,Miombo rock thrush,31.95,10
Monticola brevipes,Muscicapidae,Passeriformes,33.0,1043690.36,1838,6.6513,Short-toed rock thrush,47.45,12
Monticola explorator,Muscicapidae,Passeriformes,44.43,368644.24,1818,5.6703,Sentinel rock thrush,47.87,12
Monticola gularis,Muscicapidae,Passeriformes,34.6,2211022.26,1863,6.9877,White-throated rock thrush,99.89,14
Monticola rufiventris,Muscicapidae,Passeriformes,53.2,2361111.08,1833,6.5861,Chestnut-bellied rock thrush,107.22,15
Monticola rufocinereus,Muscicapidae,Passeriformes,24.0,583391.08,1837,6.3197,Little rock thrush,46.88,10
Monticola rupestris,Muscicapidae,Passeriformes,61.39,557569.05,1818,6.5754,Cape rock thrush,90.89,12
Monticola saxatilis,Muscicapidae,Passeriformes,50.3,8709224.99,1766,6.4698,Common rock thrush,365.03,81
Monticola semirufus,Muscicapidae,Passeriformes,46.7,386134.07,1837,5.8197,White-winged cliff chat,45.72,8
Monticola solitarius,Muscicapidae,Passeriformes,53.65,9788977.12,1758,5.508,Blue rock thrush,1589.56,70
Montifringilla adamsi,Passeridae,Passeriformes,31.3,980500.67,1859,5.3052,Black-winged snowfinch,111.05,18
Montifringilla henrici,Passeridae,Passeriformes,40.0,272977.21,1892,5.5452,Tibetan snowfinch,61.26,9
Montifringilla nivalis,Passeridae,Passeriformes,36.9,4071489.06,1766,5.6504,White-winged snowfinch,448.24,123
Morococcyx erythropygus,Cuculidae,Cuculiformes,64.53,358833.18,1842,6.1554,Lesser ground cuckoo,103.23,22
Morphnarchus princeps,Accipitridae,Accipitriformes,999.99,113390.9,1865,6.1211,Barred hawk,154.32,11
Morphnus guianensis,Accipitridae,Accipitriformes,1750.0,11702782.03,1800,5.6918,Crested eagle,1387.72,70
Morus bassanus,Sulidae,Suliformes,2998.74,18270100.05,1758,6.5614,Northern gannet,6120.61,297
Morus capensis,Sulidae,Suliformes,2643.37,2.93,1823,6.0428,Cape gannet,747.35,70
Morus serrator,Sulidae,Suliformes,2350.0,10238.62,1843,5.7664,Australasian gannet,1450.62,81
Motacilla aguimp,Motacillidae,Passeriformes,27.0,11321309.29,1820,5.6633,African pied wagtail,416.13,16
Motacilla alba,Motacillidae,Passeriformes,23.93,39488711.64,1758,5.8083,White wagtail,5781.38,218
Motacilla capensis,Motacillidae,Passeriformes,20.8,3891210.17,1766,5.0331,Cape wagtail,375.86,11
Motacilla cinerea,Motacillidae,Passeriformes,17.15,19613139.17,1771,4.9458,Grey wagtail,2573.36,140
Motacilla citreola,Motacillidae,Passeriformes,19.11,16401945.75,1776,5.7744,Citrine wagtail,612.75,91
Motacilla clara,Motacillidae,Passeriformes,17.9,3122291.69,1908,5.65,Mountain wagtail,126.88,22
Motacilla flava,Motacillidae,Passeriformes,17.68,19198163.05,1758,5.1573,Western yellow wagtail,2451.5,200
Motacilla flaviventris,Motacillidae,Passeriformes,22.5,591120.51,1860,6.0199,Madagascar wagtail,42.56,7
Motacilla grandis,Motacillidae,Passeriformes,30.16,413664.86,1885,5.739,Japanese wagtail,385.15,11
Motacilla maderaspatensis,Motacillidae,Passeriformes,30.5,2810164.27,1789,5.9995,White-browed wagtail,651.23,13
Motacilla samveasnae,Motacillidae,Passeriformes,22.7,37892.03,2001,5.9344,Mekong wagtail,100.6,8
Motacilla tschutschensis,Motacillidae,Passeriformes,18.5,9215280.51,1789,5.8079,Eastern yellow wagtail,530.53,42
Moupinia poecilotis,Sylviidae,Passeriformes,18.71,261236.65,1870,5.6835,Rufous-tailed babbler,30.98,14
Mulleripicus fuliginosus,Picidae,Piciformes,172.0,107250.58,1877,5.89,Southern sooty woodpecker,35.48,8
Mulleripicus fulvus,Picidae,Piciformes,312.25,103818.08,1832,5.7984,Ashy woodpecker,58.33,8
Mulleripicus funebris,Picidae,Piciformes,164.0,102097.41,1826,5.8412,Northern sooty woodpecker,40.42,13
Mulleripicus pulverulentus,Picidae,Piciformes,450.19,2509970.1,1826,6.0367,Great slaty woodpecker,735.29,37
Muscicapa adusta,Muscicapidae,Passeriformes,10.4,2389660.85,1828,6.2479,African dusky flycatcher,152.72,25
Muscicapa aquatica,Muscicapidae,Passeriformes,11.5,1932273.67,1864,5.2991,Swamp flycatcher,50.24,11
Muscicapa cassini,Muscicapidae,Passeriformes,17.3,3716280.13,1860,5.9208,Cassin's flycatcher,34.7,10
Muscicapa epulata,Muscicapidae,Passeriformes,9.6,903510.24,1855,5.7367,Little grey flycatcher,20.47,5
Muscicapa ferruginea,Muscicapidae,Passeriformes,12.0,1500474.1,1845,6.5267,Ferruginous flycatcher,82.73,17
Muscicapa gambagae,Muscicapidae,Passeriformes,13.0,668892.01,1901,5.0403,Gambaga flycatcher,44.85,12
Muscicapa griseisticta,Muscicapidae,Passeriformes,15.9,1482748.62,1861,5.5002,Grey-streaked flycatcher,128.28,25
Muscicapa muttui,Muscicapidae,Passeriformes,12.0,1144475.6,1854,5.4341,Brown-breasted flycatcher,157.17,18
Muscicapa randi,Muscicapidae,Passeriformes,20.12,105159.84,1970,4.1134,Ashy-breasted flycatcher,39.06,10
Muscicapa segregata,Muscicapidae,Passeriformes,9.8,10704.53,1928,5.4231,Sumba brown flycatcher,20.61,5
Muscicapa sethsmithi,Muscicapidae,Passeriformes,9.1,1271455.18,1922,5.7536,Yellow-footed flycatcher,20.66,9
Muscicapa sibirica,Muscicapidae,Passeriformes,13.2,8436138.82,1789,6.2108,Dark-sided flycatcher,191.9,23
Muscicapa striata,Muscicapidae,Passeriformes,15.9,16752202.89,1764,5.6926,Spotted flycatcher,2307.83,119
Muscigralla brevicauda,Tyrannidae,Passeriformes,12.6,166922.92,1837,4.8623,Short-tailed field tyrant,16.14,18
Muscipipra vetula,Tyrannidae,Passeriformes,27.0,828420.0,1823,5.2802,Shear-tailed grey tyrant,14.95,14
Muscisaxicola albifrons,Tyrannidae,Passeriformes,34.0,285962.86,1844,4.989,White-fronted ground tyrant,25.71,18
Muscisaxicola albilora,Tyrannidae,Passeriformes,22.6,358526.85,1855,5.2242,White-browed ground tyrant,21.24,15
Muscisaxicola alpinus,Tyrannidae,Passeriformes,26.1,42973.19,1849,4.9907,Paramo ground tyrant,23.17,18
Muscisaxicola capistratus,Tyrannidae,Passeriformes,26.6,268373.35,1860,5.6023,Cinnamon-bellied ground tyrant,28.52,21
Muscisaxicola cinereus,Tyrannidae,Passeriformes,18.59,649847.82,1864,5.5801,Cinereous ground tyrant,19.07,15
Muscisaxicola flavinucha,Tyrannidae,Passeriformes,36.23,762777.01,1855,5.0896,Ochre-naped ground tyrant,21.67,14
Muscisaxicola fluviatilis,Tyrannidae,Passeriformes,14.7,1234514.01,1866,4.684,Little ground tyrant,21.57,16
Muscisaxicola frontalis,Tyrannidae,Passeriformes,28.87,223028.47,1860,5.386,Black-fronted ground tyrant,18.57,15
Muscisaxicola griseus,Tyrannidae,Passeriformes,20.16,313132.73,1884,5.0114,Taczanowski's ground tyrant,18.01,7
Muscisaxicola juninensis,Tyrannidae,Passeriformes,22.2,514054.92,1884,5.5059,Puna ground tyrant,21.72,16
Muscisaxicola maclovianus,Tyrannidae,Passeriformes,23.79,488724.37,1826,5.6785,Dark-faced ground tyrant,55.16,19
Muscisaxicola maculirostris,Tyrannidae,Passeriformes,14.2,1996565.98,1837,5.1788,Spot-billed ground tyrant,20.09,28
Musophaga rossae,Musophagidae,Musophagiformes,361.42,3088906.06,1852,7.1038,Ross's turaco,429.63,18
Musophaga violacea,Musophagidae,Musophagiformes,360.0,2077717.14,1788,7.0236,Violet turaco,549.44,32
Myadestes coloratus,Turdidae,Passeriformes,28.85,1786.57,1912,5.8881,Varied solitaire,30.34,54
Myadestes elisabeth,Turdidae,Passeriformes,30.0,8505.1,1850,5.503,Cuban solitaire,72.12,10
Myadestes genibarbis,Turdidae,Passeriformes,29.2,88012.58,1838,5.9798,Rufous-throated solitaire,111.11,17
Myadestes melanops,Turdidae,Passeriformes,32.1,31920.03,1865,6.1074,Black-faced solitaire,94.28,31
Myadestes obscurus,Turdidae,Passeriformes,50.44,2577.89,1789,5.0047,,,26
Myadestes occidentalis,Turdidae,Passeriformes,36.4,528718.34,1882,5.6247,Brown-backed solitaire,131.82,39
Myadestes palmeri,Turdidae,Passeriformes,39.6,32.06,1893,5.1421,,,23
Myadestes ralloides,Turdidae,Passeriformes,29.1,457703.18,1840,5.3324,Andean solitaire,96.51,20
Myadestes townsendi,Turdidae,Passeriformes,33.2,3710015.72,1838,5.3663,Townsend's solitaire,1038.44,78
Myadestes unicolor,Turdidae,Passeriformes,37.9,184166.54,1857,5.351,Slate-colored solitaire,67.29,26
Mycerobas affinis,Fringillidae,Passeriformes,83.0,1011882.5,1855,6.3091,Collared grosbeak,137.12,19
Mycerobas carnipes,Fringillidae,Passeriformes,58.84,3247977.86,1836,6.0178,White-winged grosbeak,112.34,23
Mycerobas icterioides,Fringillidae,Passeriformes,67.0,406197.58,1830,5.6668,Black-and-yellow grosbeak,113.35,8
Mycerobas melanozanthos,Fringillidae,Passeriformes,62.0,1431214.95,1836,5.817,Spot-winged grosbeak,103.8,9
Mycteria americana,Ciconiidae,Ciconiiformes,2554.47,14553444.64,1758,5.1869,Wood stork,4743.65,155
Mycteria cinerea,Ciconiidae,Ciconiiformes,2393.0,87615.95,1822,5.6053,Milky stork,630.38,44
Mycteria ibis,Ciconiidae,Ciconiiformes,2155.55,15368408.04,1766,5.4104,Yellow-billed stork,1072.57,38
Mycteria leucocephala,Ciconiidae,Ciconiiformes,3180.0,1543399.32,1769,5.9772,Painted stork,2692.32,128
Myiagra albiventris,Monarchidae,Passeriformes,12.3,2877.26,1848,5.4524,Samoan flycatcher,42.42,7
Myiagra alecto,Monarchidae,Passeriformes,23.58,1376502.43,1827,6.4966,Shining flycatcher,89.31,12
Myiagra atra,Monarchidae,Passeriformes,12.3,2530.74,1874,6.16,Biak black flycatcher,21.68,6
Myiagra azureocapilla,Monarchidae,Passeriformes,12.9,441.36,1875,6.8818,Azure-crested flycatcher,57.53,8
Myiagra caledonica,Monarchidae,Passeriformes,10.8,31488.18,1857,6.5433,Melanesian flycatcher,43.43,11
Myiagra castaneigularis,Monarchidae,Passeriformes,12.9,15298.07,1876,6.3146,Chestnut-throated flycatcher,34.72,5
Myiagra cervinicauda,Monarchidae,Passeriformes,11.5,3331.87,1879,5.7472,Makira flycatcher,22.17,6
Myiagra cyanoleuca,Monarchidae,Passeriformes,17.5,1086652.75,1818,6.0271,Satin flycatcher,104.47,12
Myiagra erythrops,Monarchidae,Passeriformes,12.1,456.72,1868,6.5977,Palau flycatcher,41.49,5
Myiagra ferrocyanea,Monarchidae,Passeriformes,12.8,32643.7,1879,6.3414,Steel-blue flycatcher,35.35,14
Myiagra galeata,Monarchidae,Passeriformes,11.0,44624.81,1861,5.8936,Moluccan flycatcher,25.7,7
Myiagra inquieta,Monarchidae,Passeriformes,20.9,1602441.95,1802,6.1711,Restless flycatcher,267.8,12
Myiagra nana,Monarchidae,Passeriformes,13.5,1125140.54,1870,5.8124,Paperbark flycatcher,59.43,5
Myiagra oceanica,Monarchidae,Passeriformes,12.1,105.86,1853,5.7393,Chuuk flycatcher,7.13,9
Myiagra pluto,Monarchidae,Passeriformes,12.1,361.44,1876,6.3012,Pohnpei flycatcher,47.55,6
Myiagra rubecula,Monarchidae,Passeriformes,12.05,2268381.7,1802,6.0407,Leaden flycatcher,189.95,9
Myiagra ruficollis,Monarchidae,Passeriformes,10.1,580888.4,1818,6.7636,Broad-billed flycatcher,62.97,11
Myiagra vanikorensis,Monarchidae,Passeriformes,12.3,18452.69,1830,6.8058,Vanikoro flycatcher,52.28,8
Myiarchus antillarum,Tyrannidae,Passeriformes,23.4,9177.01,1866,4.8595,Puerto Rican flycatcher,94.12,16
Myiarchus apicalis,Tyrannidae,Passeriformes,29.2,41557.9,1881,5.7528,Apical flycatcher,37.85,22
Myiarchus barbirostris,Tyrannidae,Passeriformes,13.4,11021.79,1827,5.4918,Sad flycatcher,87.93,8
Myiarchus cephalotes,Tyrannidae,Passeriformes,26.25,292641.44,1880,6.2074,Pale-edged flycatcher,28.65,10
Myiarchus cinerascens,Tyrannidae,Passeriformes,28.2,3499111.39,1851,5.2738,Ash-throated flycatcher,692.98,97
Myiarchus crinitus,Tyrannidae,Passeriformes,32.1,5137539.15,1758,6.1722,Great crested flycatcher,3138.67,65
Myiarchus ferox,Tyrannidae,Passeriformes,27.5,11854121.16,1789,5.2018,Short-crested flycatcher,44.73,25
Myiarchus magnirostris,Tyrannidae,Passeriformes,14.7,7776.32,1839,5.9613,Galapagos flycatcher,105.97,14
Myiarchus nugator,Tyrannidae,Passeriformes,37.0,774.93,1904,5.848,Grenada flycatcher,41.36,10
Myiarchus nuttingi,Tyrannidae,Passeriformes,23.0,634487.92,1882,5.5051,Nutting's flycatcher,91.47,22
Myiarchus oberi,Tyrannidae,Passeriformes,34.71,4421.69,1877,5.3638,Lesser Antillean flycatcher,49.94,8
Myiarchus panamensis,Tyrannidae,Passeriformes,31.7,370862.95,1860,5.3998,Panama flycatcher,18.15,12
Myiarchus phaeocephalus,Tyrannidae,Passeriformes,26.3,99662.27,1860,5.6285,Sooty-crowned flycatcher,20.44,7
Myiarchus sagrae,Tyrannidae,Passeriformes,19.28,122416.83,1852,5.6011,La Sagra's flycatcher,103.12,16
Myiarchus semirufus,Tyrannidae,Passeriformes,22.5,3794.35,1878,5.6978,Rufous flycatcher,40.83,18
Myiarchus stolidus,Tyrannidae,Passeriformes,20.8,86228.49,1847,5.649,Stolid flycatcher,86.47,13
Myiarchus swainsoni,Tyrannidae,Passeriformes,25.1,11083742.29,1859,5.338,Swainson's flycatcher,46.05,43
Myiarchus tuberculifer,Tyrannidae,Passeriformes,17.7,10588401.3,1837,5.9148,Dusky-capped flycatcher,248.57,46
Myiarchus tyrannulus,Tyrannidae,Passeriformes,35.45,10591424.15,1776,5.7494,Brown-crested flycatcher,321.85,42
Myiarchus validus,Tyrannidae,Passeriformes,40.6,11021.79,1847,5.2805,Rufous-tailed flycatcher,57.1,7
Myiarchus venezuelensis,Tyrannidae,Passeriformes,29.8,234706.4,1865,5.0246,Venezuelan flycatcher,26.31,11
Myiarchus yucatanensis,Tyrannidae,Passeriformes,19.6,165390.72,1871,5.4069,Yucatan flycatcher,49.62,18
Myiobius atricaudus,Tityridae,Passeriformes,10.0,4897288.43,1863,6.1264,Black-tailed myiobius,45.32,25
Myiobius barbatus,Tityridae,Passeriformes,11.0,6231670.56,1789,5.3731,Whiskered myiobius,53.52,28
Myiobius sulphureipygius,Tityridae,Passeriformes,11.64,640104.92,1857,6.2013,Sulphur-rumped myiobius,36.88,13
Myiobius villosus,Tityridae,Passeriformes,14.1,270819.42,1860,5.68,Tawny-breasted myiobius,46.12,13
Myioborus albifrons,Parulidae,Passeriformes,11.3,17311.95,1871,6.1799,White-fronted whitestart,24.82,17
Myioborus brunniceps,Parulidae,Passeriformes,9.2,112336.71,1837,6.8349,Brown-capped whitestart,27.96,18
Myioborus castaneocapilla,Parulidae,Passeriformes,10.92,95602.51,1849,7.2221,Tepui whitestart,25.77,11
Myioborus flavivertex,Parulidae,Passeriformes,15.0,5278.0,1887,6.5407,Yellow-crowned whitestart,26.67,17
Myioborus melanocephalus,Parulidae,Passeriformes,11.3,185791.05,1844,6.8183,Spectacled whitestart,36.54,25
Myioborus miniatus,Parulidae,Passeriformes,9.0,1254327.4,1827,6.9078,Slate-throated whitestart,109.19,51
Myioborus pariae,Parulidae,Passeriformes,10.92,302.76,1949,5.8837,Paria whitestart,24.61,17
Myioborus pictus,Parulidae,Passeriformes,9.79,1124631.5,1829,6.6075,Painted redstart,202.9,34
Myioborus torquatus,Parulidae,Passeriformes,10.5,5261.72,1865,7.3249,Collared whitestart,141.55,19
Myiodynastes bairdii,Tyrannidae,Passeriformes,45.0,96352.03,1847,5.6143,Baird's flycatcher,28.27,11
Myiodynastes luteiventris,Tyrannidae,Passeriformes,46.9,1255922.08,1859,5.5152,Sulphur-bellied flycatcher,166.71,36
Myiomela diana,Muscicapidae,Passeriformes,26.2,91597.85,1831,6.4748,Javan blue robin,56.5,11
Myiopagis cotta,Tyrannidae,Passeriformes,11.6,11021.79,1849,5.1343,Jamaican elaenia,39.52,7
Myiopagis flavivertex,Tyrannidae,Passeriformes,11.84,1303223.78,1887,4.9267,Yellow-crowned elaenia,25.05,18
Myiopagis gaimardii,Tyrannidae,Passeriformes,12.02,8673168.36,1840,5.3529,Forest elaenia,38.25,15
Myiopagis olallai,Tyrannidae,Passeriformes,12.1,17655.7,2000,5.8188,Foothill elaenia,28.64,18
Myiopagis subplacens,Tyrannidae,Passeriformes,15.86,109447.79,1862,5.4038,Pacific elaenia,24.62,11
Myiopagis viridicata,Tyrannidae,Passeriformes,11.51,7389845.28,1817,5.8534,Greenish elaenia,64.41,41
Myiophobus cryptoxanthus,Tyrannidae,Passeriformes,9.8,70456.92,1861,5.6098,Olive-chested flycatcher,17.44,9
Myiophobus flavicans,Tyrannidae,Passeriformes,12.7,272300.04,1861,6.2993,Flavescent flycatcher,21.12,13
Myiophobus inornatus,Tyrannidae,Passeriformes,11.2,63282.28,1932,5.3225,Unadorned flycatcher,19.47,7
Myiophobus phoenicomitra,Tyrannidae,Passeriformes,11.0,45578.52,1885,5.7819,Orange-crested flycatcher,20.18,9
Myiophobus roraimae,Tyrannidae,Passeriformes,13.62,247059.83,1883,5.1164,Roraiman flycatcher,20.73,20
Myiornis albiventris,Tyrannidae,Passeriformes,5.47,153561.37,1894,5.8417,White-bellied pygmy tyrant,22.87,6
Myiornis atricapillus,Tyrannidae,Passeriformes,5.7,184278.95,1875,6.2551,Black-capped pygmy tyrant,68.48,9
Myiornis auricularis,Tyrannidae,Passeriformes,5.3,1267042.85,1818,6.4456,Eared pygmy tyrant,41.09,26
Myiornis ecaudatus,Tyrannidae,Passeriformes,5.25,6431271.74,1837,6.7562,Short-tailed pygmy tyrant,298.09,20
Myiotheretes fumigatus,Tyrannidae,Passeriformes,33.4,214456.43,1840,4.9034,Smoky bush tyrant,21.68,14
Myiotheretes fuscorufus,Tyrannidae,Passeriformes,31.7,109817.51,1876,5.5315,Rufous-bellied bush tyrant,15.39,6
Myiotheretes pernix,Tyrannidae,Passeriformes,33.0,546.69,1899,5.3134,Santa Marta bush tyrant,23.29,25
Myiotheretes striaticollis,Tyrannidae,Passeriformes,61.2,632466.9,1853,5.8193,Streak-throated bush tyrant,23.41,12
Myiothlypis basilica,Parulidae,Passeriformes,16.2,691.06,1913,6.5397,Santa Marta warbler,45.14,12
Myiothlypis cinereicollis,Parulidae,Passeriformes,17.2,36284.92,1864,5.4454,Grey-throated warbler,23.41,19
Myiothlypis conspicillata,Parulidae,Passeriformes,13.7,2716.57,1880,6.0132,White-lored warbler,26.62,17
Myiothlypis coronata,Parulidae,Passeriformes,16.3,417599.18,1844,6.3413,Russet-crowned warbler,53.25,22
Myiothlypis flaveola,Parulidae,Passeriformes,13.19,4100375.8,1865,6.5725,Flavescent warbler,44.52,26
Myiothlypis fraseri,Parulidae,Passeriformes,11.6,60912.85,1884,6.5238,Grey-and-gold warbler,35.31,11
Myiothlypis fulvicauda,Parulidae,Passeriformes,14.9,2473113.96,1825,5.6094,Buff-rumped warbler,59.82,14
Myiothlypis leucoblephara,Parulidae,Passeriformes,15.1,1572872.23,1817,6.0776,White-rimmed warbler,32.4,36
Myiothlypis leucophrys,Parulidae,Passeriformes,18.1,808600.06,1868,5.7856,White-striped warbler,28.27,15
Myiothlypis nigrocristata,Parulidae,Passeriformes,13.64,193235.07,1840,6.819,Black-crested warbler,41.86,22
Myiothlypis signata,Parulidae,Passeriformes,11.3,162524.35,1906,6.2329,Pale-legged warbler,30.07,12
Myiozetetes cayanensis,Tyrannidae,Passeriformes,25.9,7536061.77,1766,6.2786,Rusty-margined flycatcher,88.77,41
Myiozetetes granadensis,Tyrannidae,Passeriformes,29.3,3322072.64,1862,5.8754,Grey-capped flycatcher,56.91,17
Myiozetetes luteiventris,Tyrannidae,Passeriformes,19.0,3959233.08,1858,5.6691,Dusky-chested flycatcher,24.53,24
Myiozetetes similis,Tyrannidae,Passeriformes,28.0,10242322.01,1825,5.9187,Social flycatcher,396.13,73
Myophonus blighi,Muscicapidae,Passeriformes,66.6,3066.03,1872,5.3905,Sri Lanka whistling thrush,115.12,8
Myophonus borneensis,Muscicapidae,Passeriformes,89.65,113340.65,1885,6.3181,Bornean whistling thrush,41.42,6
Myophonus caeruleus,Muscicapidae,Passeriformes,157.98,6946443.79,1786,6.1495,Blue whistling thrush,625.23,34
Myophonus castaneus,Muscicapidae,Passeriformes,89.65,93269.9,1880,5.8902,Brown-winged whistling thrush,28.76,8
Myophonus glaucinus,Muscicapidae,Passeriformes,89.65,24651.37,1823,6.2945,Javan whistling thrush,64.97,8
Myophonus horsfieldii,Muscicapidae,Passeriformes,117.0,412482.19,1831,6.6327,Malabar whistling thrush,663.7,16
Myophonus insularis,Muscicapidae,Passeriformes,117.0,22221.54,1863,6.5553,Taiwan whistling thrush,173.78,7
Myophonus melanurus,Muscicapidae,Passeriformes,66.56,66916.96,1879,6.7171,Shiny whistling thrush,28.09,7
Myophonus robinsoni,Muscicapidae,Passeriformes,99.2,4373.93,1905,5.9223,Malayan whistling thrush,91.5,6
Myornis senilis,Rhinocryptidae,Passeriformes,21.2,118973.23,1840,5.3683,Ash-colored tapaculo,34.62,14
Myrmeciza longipes,Thamnophilidae,Passeriformes,27.9,1110901.77,1825,5.819,White-bellied antbird,52.54,20
Myrmecocichla aethiops,Muscicapidae,Passeriformes,56.56,2152635.81,1850,5.0445,Anteater chat,67.92,10
Myrmecocichla formicivora,Muscicapidae,Passeriformes,41.6,2080546.73,1817,5.6947,Ant-eating chat,183.98,7
Myrmecocichla melaena,Muscicapidae,Passeriformes,33.1,203238.03,1837,5.6493,Rüppell's black chat,51.57,8
Myrmecocichla monticola,Muscicapidae,Passeriformes,33.1,1391804.19,1818,6.0608,Mountain chat,17.93,5
Myrmecocichla nigra,Muscicapidae,Passeriformes,40.3,3505287.84,1818,6.4141,Sooty chat,55.08,15
Myrmecocichla tholloni,Muscicapidae,Passeriformes,41.6,251755.8,1886,5.4043,Congo moor chat,27.75,8
Myrmelastes brunneiceps,Thamnophilidae,Passeriformes,25.69,54557.95,1931,4.337,Brownish-headed antbird,22.12,6
Myrmelastes caurensis,Thamnophilidae,Passeriformes,39.4,240244.0,1906,5.7039,Caura antbird,17.33,6
Myrmelastes humaythae,Thamnophilidae,Passeriformes,25.69,370620.41,1907,5.3877,Humaita antbird,22.19,8
Myrmelastes hyperythrus,Thamnophilidae,Passeriformes,41.0,1642348.58,1855,5.6102,Plumbeous antbird,28.28,6
Myrmelastes leucostigma,Thamnophilidae,Passeriformes,25.69,2969595.64,1868,5.3984,Spot-winged antbird,31.63,9
Myrmelastes rufifacies,Thamnophilidae,Passeriformes,25.69,473471.48,1929,4.7585,Rufous-faced antbird,20.43,8
Myrmelastes saturatus,Thamnophilidae,Passeriformes,25.69,47946.34,1885,5.6972,Roraiman antbird,19.2,5
Myrmelastes schistaceus,Thamnophilidae,Passeriformes,23.8,526174.02,1858,4.9164,Slate-colored antbird,23.88,8
Myrmia micrura,Trochilidae,Caprimulgiformes,2.3,72174.99,1854,5.9614,Short-tailed woodstar,44.75,17
Myrmoborus leucophrys,Thamnophilidae,Passeriformes,21.5,5113605.96,1844,6.1604,White-browed antbird,24.32,17
Myrmoborus lophotes,Thamnophilidae,Passeriformes,28.0,202927.68,1914,6.1022,White-lined antbird,19.94,10
Myrmoborus lugubris,Thamnophilidae,Passeriformes,21.44,290798.01,1847,5.5912,Ash-breasted antbird,27.82,27
Myrmoborus melanurus,Thamnophilidae,Passeriformes,18.1,32518.28,1866,5.7183,Black-tailed antbird,20.13,16
Myrmoborus myotherinus,Thamnophilidae,Passeriformes,18.8,4778353.33,1825,5.866,Black-faced antbird,30.89,18
Myrmochanes hemileucus,Thamnophilidae,Passeriformes,12.48,261134.97,1866,6.0234,Black-and-white antbird,28.36,14
Myrmoderus eowilsoni,Thamnophilidae,Passeriformes,26.1,23748.94,2017,5.6194,Cordillera Azul antbird,42.94,8
Myrmoderus ferrugineus,Thamnophilidae,Passeriformes,26.1,1290324.22,1776,6.4775,Ferruginous-backed antbird,26.29,11
Myrmoderus loricatus,Thamnophilidae,Passeriformes,15.5,177950.43,1823,5.8661,White-bibbed antbird,26.76,12
Myrmoderus ruficauda,Thamnophilidae,Passeriformes,26.0,499.32,1831,5.4089,Scalloped antbird,21.9,22
Myrmoderus squamosus,Thamnophilidae,Passeriformes,18.5,241730.2,1868,5.8007,Squamate antbird,25.67,12
Myrmophylax atrothorax,Thamnophilidae,Passeriformes,16.1,6800794.01,1783,4.9381,Black-throated antbird,34.18,12
Myrmorchilus strigilatus,Thamnophilidae,Passeriformes,23.0,1728828.97,1831,5.6275,Stripe-backed antbird,31.89,26
Myrmothera simplex,Grallariidae,Passeriformes,52.4,113218.8,1884,5.5198,Tepui antpitta,26.24,21
Myrmotherula ambigua,Thamnophilidae,Passeriformes,6.7,257668.14,1932,4.764,Yellow-throated antwren,20.18,7
Myrmotherula assimilis,Thamnophilidae,Passeriformes,9.3,412230.35,1868,5.1022,Leaden antwren,19.37,14
Myrmotherula behni,Thamnophilidae,Passeriformes,8.0,139424.09,1890,5.1857,Plain-winged antwren,20.19,16
Myrmotherula brachyura,Thamnophilidae,Passeriformes,6.4,6190843.58,1783,5.9636,Pygmy antwren,35.59,13
Myrmotherula cherriei,Thamnophilidae,Passeriformes,8.2,676511.23,1902,5.4337,Cherrie's antwren,23.75,11
Myrmotherula grisea,Thamnophilidae,Passeriformes,8.4,67024.25,1935,4.7127,Yungas antwren,18.17,11
Myrmotherula ignota,Thamnophilidae,Passeriformes,7.1,1558811.94,1929,5.5609,Moustached antwren,29.77,10
Myrmotherula iheringi,Thamnophilidae,Passeriformes,8.0,1149280.58,1914,6.3728,Ihering's antwren,21.62,11
Myrmotherula klagesi,Thamnophilidae,Passeriformes,7.8,56287.31,1927,5.671,Klages's antwren,21.74,15
Myrmotherula longicauda,Thamnophilidae,Passeriformes,8.3,153775.14,1894,5.4857,Stripe-chested antwren,21.12,7
Myrmotherula longipennis,Thamnophilidae,Passeriformes,9.4,5117183.47,1868,5.531,Long-winged antwren,22.22,18
Myrmotherula menetriesii,Thamnophilidae,Passeriformes,8.6,6331647.42,1837,5.4228,Grey antwren,24.74,15
Myrmotherula minor,Thamnophilidae,Passeriformes,6.4,4980.73,1864,5.1032,Salvadori's antwren,22.71,19
Myrmotherula multostriata,Thamnophilidae,Passeriformes,8.0,4644153.98,1858,5.9104,Amazonian streaked antwren,41.79,16
Myrmotherula pacifica,Thamnophilidae,Passeriformes,10.1,236644.01,1911,5.8813,Pacific antwren,38.3,9
Myrmotherula schisticolor,Thamnophilidae,Passeriformes,9.6,534175.27,1865,5.0521,Slaty antwren,42.08,23
Myrmotherula sclateri,Thamnophilidae,Passeriformes,8.4,2651999.98,1912,6.1511,Sclater's antwren,27.88,8
Myrmotherula snowi,Thamnophilidae,Passeriformes,9.59,197.95,1985,5.1277,Alagoas antwren,54.85,30
Myrmotherula sunensis,Thamnophilidae,Passeriformes,9.4,178742.4,1925,4.486,Rio Suno antwren,21.93,9
Myrmotherula surinamensis,Thamnophilidae,Passeriformes,8.3,1277565.14,1788,5.8125,Guianan streaked antwren,28.79,13
Myrmotherula unicolor,Thamnophilidae,Passeriformes,11.5,69111.62,1835,5.2607,Unicolored antwren,25.81,23
Myrmotherula urosticta,Thamnophilidae,Passeriformes,8.4,3033.06,1857,5.1665,Band-tailed antwren,23.81,14
Myrtis fanny,Trochilidae,Caprimulgiformes,2.3,256471.5,1838,6.9816,Purple-collared woodstar,54.44,16
Mystacornis crossleyi,Vangidae,Passeriformes,24.5,159923.75,1870,5.9135,Crossley's vanga,28.17,10
Myza celebensis,Meliphagidae,Passeriformes,20.0,42076.19,1894,5.1497,Dark-eared myza,41.4,5
Myza sarasinorum,Meliphagidae,Passeriformes,22.5,9804.19,1895,5.4438,White-eared myza,39.16,5
Myzomela adolphinae,Meliphagidae,Passeriformes,7.4,80091.13,1876,6.1242,Mountain myzomela,25.56,6
Myzomela blasii,Meliphagidae,Passeriformes,14.9,11340.38,1882,4.826,Drab myzomela,28.74,6
Myzomela boiei,Meliphagidae,Passeriformes,10.84,5137.12,1843,6.2014,Banda myzomela,36.06,6
Myzomela caledonica,Meliphagidae,Passeriformes,6.95,16533.26,1879,5.362,New Caledonian myzomela,45.04,5
Myzomela cineracea,Meliphagidae,Passeriformes,13.79,32686.46,1879,5.0271,Ashy myzomela,25.48,9
Myzomela eichhorni,Meliphagidae,Passeriformes,10.84,5099.33,1901,5.4657,Crimson-rumped myzomela,22.4,5
Myzomela eques,Meliphagidae,Passeriformes,13.93,465709.31,1827,4.8378,Ruby-throated myzomela,32.43,9
Myzomela erythrocephala,Meliphagidae,Passeriformes,7.79,442219.32,1840,5.6358,Red-headed myzomela,651.3,9
Myzomela erythromelas,Meliphagidae,Passeriformes,8.0,31100.96,1881,4.7904,Black-bellied myzomela,25.75,4
Myzomela jugularis,Meliphagidae,Passeriformes,8.69,18250.78,1849,5.973,Sulphur-breasted myzomela,39.46,6
Myzomela kuehni,Meliphagidae,Passeriformes,10.84,4711.18,1903,5.2847,Wetar myzomela,28.46,10
Myzomela lafargei,Meliphagidae,Passeriformes,12.8,17304.73,1853,5.1196,Red-capped myzomela,22.38,12
Myzomela malaitae,Meliphagidae,Passeriformes,13.8,4343.26,1931,5.783,Red-vested myzomela,21.65,8
Myzomela melanocephala,Meliphagidae,Passeriformes,11.97,5908.77,1879,4.8747,Black-headed myzomela,23.33,5
Myzomela nigrita,Meliphagidae,Passeriformes,9.26,166127.84,1858,5.2756,Papuan black myzomela,25.13,7
Myzomela pammelaena,Meliphagidae,Passeriformes,15.75,1845.46,1877,5.2907,Bismarck black myzomela,32.19,6
Myzomela pulchella,Meliphagidae,Passeriformes,10.0,2425.63,1891,5.219,New Ireland myzomela,22.61,2
Myzomela rubratra,Meliphagidae,Passeriformes,14.0,1609.39,1827,6.1066,Micronesian myzomela,152.28,11
Myzomela sanguinolenta,Meliphagidae,Passeriformes,8.34,912973.16,1801,6.392,Scarlet myzomela,703.01,14
Myzomela sclateri,Meliphagidae,Passeriformes,10.5,1105.8,1879,5.3734,Sclater's myzomela,19.8,5
Myzomela tristrami,Meliphagidae,Passeriformes,13.3,3402.19,1881,5.4243,Sooty myzomela,23.74,9
Myzomela vulnerata,Meliphagidae,Passeriformes,6.9,23721.16,1843,5.3326,Black-breasted myzomela,31.81,4
Myzomela wakoloensis,Meliphagidae,Passeriformes,7.93,5355.33,1883,6.0565,Wakolo myzomela,26.93,4
Myzornis pyrrhoura,Sylviidae,Passeriformes,11.9,99938.48,1843,6.4345,Fire-tailed myzornis,176.52,18
Nannopsittaca dachilleae,Psittacidae,Psittaciformes,41.5,133890.4,1991,5.9233,Manu parrotlet,128.57,17
Nannopsittaca panychlora,Psittacidae,Psittaciformes,44.1,49125.11,1883,4.7083,Tepui parrotlet,117.42,17
Nannopterum harrisi,Phalacrocoracidae,Suliformes,3016.62,91.21,1898,5.099,Flightless cormorant,1912.69,4
Napothera epilepidota,Pellorneidae,Passeriformes,16.0,1772374.97,1828,5.0443,Eyebrowed wren-babbler,44.94,15
Nasica longirostris,Furnariidae,Passeriformes,92.0,5406855.93,1818,5.4004,Long-billed woodcreeper,56.0,14
Neafrapus boehmi,Apodidae,Caprimulgiformes,14.42,1674288.3,1882,5.334,Böhm's spinetail,51.61,10
Neafrapus cassini,Apodidae,Caprimulgiformes,39.97,2065483.42,1863,4.7736,Cassin's spinetail,38.92,11
Necrosyrtes monachus,Accipitridae,Accipitriformes,2043.0,10764077.19,1823,6.0614,Hooded vulture,1890.07,136
Nectarinia bocagii,Nectariniidae,Passeriformes,14.8,114260.42,1879,5.361,Bocage's sunbird,36.05,3
Nectarinia famosa,Nectariniidae,Passeriformes,14.36,1109036.73,1766,7.1517,Malachite sunbird,421.63,19
Nectarinia johnstoni,Nectariniidae,Passeriformes,15.16,21310.45,1885,7.0215,Scarlet-tufted sunbird,85.63,8
Nectarinia kilimensis,Nectariniidae,Passeriformes,15.66,511131.66,1885,6.6938,Bronze sunbird,32.99,16
Nectarinia purpureiventris,Nectariniidae,Passeriformes,11.5,70154.05,1893,6.3197,Purple-breasted sunbird,55.17,7
Nectarinia tacazze,Nectariniidae,Passeriformes,14.87,285225.05,1814,6.2304,Tacazze sunbird,80.53,13
Nemosia pileata,Thraupidae,Passeriformes,16.0,8991826.24,1783,5.5966,Hooded tanager,85.61,25
Nemosia rourei,Thraupidae,Passeriformes,22.0,52.79,1870,6.5142,Cherry-throated tanager,503.39,21
Neochen jubata,Anatidae,Anseriformes,1250.0,7934083.33,1825,5.3903,Orinoco goose,523.62,54
Neochmia modesta,Estrildidae,Passeriformes,12.74,1594602.22,1837,5.7092,Plum-headed finch,155.35,18
Neochmia ruficauda,Estrildidae,Passeriformes,11.13,1106611.4,1837,6.0147,Star finch,415.43,25
Neochmia temporalis,Estrildidae,Passeriformes,11.4,1074490.65,1802,7.0624,Red-browed finch,662.93,27
Neocichla gutturalis,Sturnidae,Passeriformes,66.7,292415.08,1871,4.837,Babbling starling,45.04,9
Neocossyphus poensis,Turdidae,Passeriformes,51.78,2510054.88,1844,5.1794,White-tailed ant thrush,43.28,16
Neocossyphus rufus,Turdidae,Passeriformes,65.9,1123680.47,1884,6.1999,Red-tailed ant thrush,40.92,15
Neocrex erythrops,Rallidae,Gruiformes,58.3,3059848.54,1867,6.0108,Paint-billed crake,126.22,28
Neoctantes niger,Thamnophilidae,Passeriformes,32.0,1350489.13,1859,5.452,Black bushbird,30.97,16
Neodrepanis coruscans,Philepittidae,Passeriformes,6.5,55129.61,1875,6.3412,Common sunbird-asity,83.83,13
Neodrepanis hypoxantha,Philepittidae,Passeriformes,7.1,13059.51,1933,6.5834,Yellow-bellied sunbird-asity,113.33,7
Neolalage banksiana,Monarchidae,Passeriformes,16.79,9879.99,1870,6.3639,Buff-bellied monarch,52.07,7
Neolestes torquatus,Pycnonotidae,Passeriformes,22.48,813954.89,1875,6.1631,Black-collared bulbul,43.69,9
Neomixis tenella,Cisticolidae,Passeriformes,6.88,586347.22,1866,5.9027,Common jery,56.62,11
Neomixis viridis,Cisticolidae,Passeriformes,7.0,173179.42,1883,4.9281,Green jery,29.05,9
Neomorphus pucheranii,Cuculidae,Cuculiformes,330.0,1098665.74,1851,4.452,Red-billed ground cuckoo,58.43,19
Neomorphus radiolosus,Cuculidae,Cuculiformes,399.0,18046.74,1878,5.5842,Banded ground cuckoo,75.6,30
Neomorphus rufipennis,Cuculidae,Cuculiformes,377.73,594191.15,1849,5.4513,Rufous-winged ground cuckoo,53.48,14
Neopelma aurifrons,Pipridae,Passeriformes,14.0,5071.66,1831,5.2077,Wied's tyrant-manakin,25.67,23
Neopelma chrysocephalum,Pipridae,Passeriformes,15.5,704022.97,1868,5.4666,Saffron-crested tyrant-manakin,43.81,17
Neopelma chrysolophum,Pipridae,Passeriformes,14.2,159645.19,1944,5.8858,Serra do Mar tyrant-manakin,27.43,17
Neopelma pallescens,Pipridae,Passeriformes,18.2,2439572.76,1853,5.0217,Pale-bellied tyrant-manakin,27.94,22
Neopelma sulphureiventer,Pipridae,Passeriformes,15.7,1158804.6,1903,5.2025,Sulphur-bellied tyrant-manakin,28.45,13
Neophedina cincta,Hirundinidae,Passeriformes,23.42,5525100.68,1783,5.9907,Banded martin,129.82,6
Neophema chrysogaster,Psittacidae,Psittaciformes,45.9,3129.58,1790,7.1907,Orange-bellied parrot,1540.78,58
Neophema chrysostoma,Psittacidae,Psittaciformes,46.1,171443.53,1820,6.8435,Blue-winged parrot,511.27,15
Neophema elegans,Psittacidae,Psittaciformes,43.4,865735.95,1837,7.4216,Elegant parrot,343.53,17
Neophema petrophila,Psittacidae,Psittaciformes,53.2,142134.67,1841,6.7439,Rock parrot,700.58,18
Neophema pulchella,Psittacidae,Psittaciformes,41.37,492396.14,1792,7.8142,Turquoise parrot,1351.84,31
Neophema splendida,Psittacidae,Psittaciformes,38.6,262252.22,1841,7.1159,Scarlet-chested parrot,671.33,28
Neophron percnopterus,Accipitridae,Accipitriformes,2082.0,14111672.38,1758,5.7484,Egyptian vulture,5913.54,452
Neopipo cinnamomea,Tyrannidae,Passeriformes,7.7,3575202.38,1869,5.6466,Cinnamon neopipo,20.42,17
Neopsephotus bourkii,Psittacidae,Psittaciformes,44.4,1717936.07,1841,6.3951,Bourke's parrot,1485.97,25
Neopsittacus musschenbroekii,Psittacidae,Psittaciformes,50.9,229336.72,1871,6.833,Yellow-billed lorikeet,82.41,10
Neopsittacus pullicauda,Psittacidae,Psittaciformes,33.2,114873.52,1896,7.1544,Orange-billed lorikeet,137.03,9
Neothraupis fasciata,Thraupidae,Passeriformes,26.8,2242410.57,1823,5.4123,Shrike-like tanager,27.59,26
Neotis denhami,Otididae,Otidiformes,3970.2,7660206.48,1826,6.338,Denham's bustard,272.48,22
Neotis heuglinii,Otididae,Otidiformes,4098.78,989206.1,1859,5.4501,Heuglin's bustard,92.64,13
Neotis ludwigii,Otididae,Otidiformes,3260.94,1006199.57,1837,5.3143,Ludwig's bustard,188.78,19
Neoxolmis rufiventris,Tyrannidae,Passeriformes,77.0,322175.73,1823,5.9249,Chocolate-vented tyrant,32.22,15
Nephelomyias lintoni,Tyrannidae,Passeriformes,9.8,11695.68,1951,6.1322,Orange-banded flycatcher,19.49,15
Nephelomyias ochraceiventris,Tyrannidae,Passeriformes,10.47,92901.37,1873,6.632,Ochraceous-breasted flycatcher,19.72,6
Nephelomyias pulcher,Tyrannidae,Passeriformes,9.5,92358.67,1861,5.6641,Handsome flycatcher,23.21,7
Nephelornis oneilli,Thraupidae,Passeriformes,16.14,17432.09,1976,5.7283,,,12
Nesasio solomonensis,Strigidae,Strigiformes,1155.0,13115.12,1901,6.5,Fearful owl,208.22,16
Nesillas brevicaudata,Acrocephalidae,Passeriformes,16.1,1031.43,1888,4.6586,Grande Comore brush warbler,29.53,7
Nesillas lantzii,Acrocephalidae,Passeriformes,19.68,69721.5,1867,5.0572,Subdesert brush warbler,23.01,5
Nesillas mariae,Acrocephalidae,Passeriformes,16.0,209.4,1960,4.7629,Moheli brush warbler,20.63,7
Nesocharis ansorgei,Estrildidae,Passeriformes,8.4,157481.36,1899,5.6946,White-collared oliveback,37.36,5
Nesocharis shelleyi,Estrildidae,Passeriformes,7.6,31246.1,1903,6.4479,Shelley's oliveback,62.83,6
Nesoctites micromegas,Picidae,Piciformes,32.19,74799.65,1866,5.1926,Antillean piculet,138.67,10
Nesoenas mayeri,Columbidae,Columbiformes,302.76,75.06,1843,5.4302,Pink pigeon,2222.77,37
Nesoenas picturatus,Columbidae,Columbiformes,176.79,593803.34,1813,5.4841,Malagasy turtle dove,231.72,17
Nesofregetta fuliginosa,Oceanitidae,Procellariiformes,70.0,29441980.12,1789,5.7053,Polynesian storm petrel,117.61,24
Nesophlox evelynae,Trochilidae,Caprimulgiformes,2.4,12175.66,1847,6.9603,Bahama woodstar,233.41,6
Nesophlox lyrura,Trochilidae,Caprimulgiformes,2.4,1679.19,1869,6.7248,Inagua woodstar,78.17,5
Nesopsar nigerrimus,Icteridae,Passeriformes,39.0,1727.91,1859,5.9699,Jamaican blackbird,186.81,23
Nesoptilotis flavicollis,Meliphagidae,Passeriformes,28.71,66098.27,1817,6.0413,Yellow-throated honeyeater,128.35,8
Nesoptilotis leucotis,Meliphagidae,Passeriformes,23.86,1974990.0,1801,6.0301,White-eared honeyeater,132.5,13
Nesospingus speculiferus,Nesospingidae,Passeriformes,35.2,8774.42,1875,5.2814,Puerto Rican tanager,124.17,12
Nesospiza acunhae,Thraupidae,Passeriformes,28.54,16.43,1873,5.4183,Inaccessible Island finch,92.43,12
Nesospiza questi,Thraupidae,Passeriformes,28.54,2.47,1923,5.3648,Nightingale Island finch,62.52,10
Nesospiza wilkinsi,Thraupidae,Passeriformes,43.23,2.47,1923,5.2324,Wilkins's finch,113.28,14
Nesotriccus ridgwayi,Tyrannidae,Passeriformes,11.0,24.76,1895,5.3777,Cocos tyrannulet,31.58,10
Nestor meridionalis,Strigopidae,Psittaciformes,428.01,71120.91,1788,6.6496,,,81
Nestor notabilis,Strigopidae,Psittaciformes,862.97,63273.75,1856,6.831,,,325
Netta erythrophthalma,Anatidae,Anseriformes,780.38,10612856.99,1833,4.9235,Southern pochard,261.84,33
Netta peposaca,Anatidae,Anseriformes,999.99,5216896.73,1816,5.7246,Rosy-billed pochard,304.27,47
Netta rufina,Anatidae,Anseriformes,1118.0,6127779.64,1773,5.9544,Red-crested pochard,1550.03,181
Nettapus auritus,Anatidae,Anseriformes,266.0,17754493.4,1783,5.9289,African pygmy goose,512.35,26
Nettapus coromandelianus,Anatidae,Anseriformes,391.33,9230293.27,1789,5.7371,Cotton pygmy goose,641.06,78
Nettapus pulchellus,Anatidae,Anseriformes,306.98,1681125.92,1842,6.0652,Green pygmy goose,244.08,16
Newtonia amphichroa,Vangidae,Passeriformes,12.3,241558.19,1891,5.1594,Dark newtonia,29.88,8
Newtonia archboldi,Vangidae,Passeriformes,7.8,77835.21,1931,5.2521,Archbold's newtonia,44.83,6
Newtonia brunneicauda,Vangidae,Passeriformes,10.1,550725.41,1863,5.0694,Common newtonia,45.99,8
Newtonia fanovanae,Vangidae,Passeriformes,12.7,84117.11,1933,5.5223,Red-tailed newtonia,39.54,9
Nicator chloris,Nicatoridae,Passeriformes,46.1,3969589.79,1826,5.4132,Western nicator,63.63,9
Nicator gularis,Nicatoridae,Passeriformes,45.58,940421.62,1870,5.7479,Eastern nicator,229.78,11
Nicator vireo,Nicatoridae,Passeriformes,23.6,1466486.16,1876,5.3004,Yellow-throated nicator,28.44,8
Nicopsitta calthrapae,Psittacidae,Psittaciformes,116.1,18931.97,1849,6.6599,,,6
Nicopsitta columboides,Psittacidae,Psittaciformes,86.99,121366.21,1830,7.095,,,4
Nigrita bicolor,Estrildidae,Passeriformes,10.5,3277545.3,1844,5.9545,Chestnut-breasted nigrita,45.29,8
Nigrita canicapillus,Estrildidae,Passeriformes,18.7,3831512.0,1841,6.1583,Grey-headed nigrita,43.6,9
Nigrita fusconotus,Estrildidae,Passeriformes,9.1,2969480.86,1843,6.2035,White-breasted nigrita,46.53,5
Nigrita luteifrons,Estrildidae,Passeriformes,13.2,2645400.35,1851,5.8819,Pale-fronted nigrita,33.22,7
Nilaus afer,Malaconotidae,Passeriformes,19.06,10555427.15,1802,6.979,,,15
Niltava davidi,Muscicapidae,Passeriformes,24.2,1703826.82,1907,6.8626,Fujian niltava,56.39,21
Niltava grandis,Muscicapidae,Passeriformes,30.3,1616357.6,1842,7.1156,Large niltava,120.47,16
Niltava macgrigoriae,Muscicapidae,Passeriformes,11.95,1593881.01,1836,7.6198,Small niltava,103.98,15
Niltava sumatrana,Muscicapidae,Passeriformes,20.5,42459.47,1879,6.1506,Rufous-vented niltava,34.41,5
Niltava sundara,Muscicapidae,Passeriformes,21.1,2499713.22,1837,6.667,Rufous-bellied niltava,192.32,22
Ninox affinis,Strigidae,Strigiformes,146.0,5655.23,1867,6.6506,Andaman boobook,54.59,8
Ninox burhani,Strigidae,Strigiformes,99.0,435.6,2004,6.3925,Togian boobook,55.03,7
Ninox connivens,Strigidae,Strigiformes,577.99,2759461.25,1801,6.447,Barking owl,1071.31,30
Ninox forbesi,Strigidae,Strigiformes,210.0,4268.15,1883,6.8283,Tanimbar boobook,38.67,5
Ninox hypogramma,Strigidae,Strigiformes,210.0,20104.79,1861,5.461,Halmahera boobook,45.22,5
Ninox ios,Strigidae,Strigiformes,86.0,3684.39,1999,6.2555,Cinnabar boobook,77.94,8
Ninox japonica,Strigidae,Strigiformes,225.0,4144348.68,1845,7.2487,Northern boobook,309.66,20
Ninox leventisi,Strigidae,Strigiformes,127.89,252.94,2012,6.4798,Camiguin boobook,42.24,9
Ninox meeki,Strigidae,Strigiformes,265.0,1830.14,1914,6.0842,Manus boobook,51.2,5
Ninox mindorensis,Strigidae,Strigiformes,113.0,9854.29,1896,6.0699,Mindoro boobook,34.24,6
Ninox natalis,Strigidae,Strigiformes,184.0,137.18,1889,7.0586,Christmas boobook,149.14,14
Ninox obscura,Strigidae,Strigiformes,191.0,5202.99,1872,6.567,Hume's boobook,53.02,12
Ninox ochracea,Strigidae,Strigiformes,99.0,94118.1,1866,6.5242,Ochre-bellied boobook,71.66,5
Ninox odiosa,Strigidae,Strigiformes,209.0,33162.44,1877,6.7696,New Britain boobook,68.0,9
Ninox philippensis,Strigidae,Strigiformes,127.89,160922.43,1855,6.5957,Luzon boobook,70.44,9
Ninox punctulata,Strigidae,Strigiformes,151.0,152203.91,1832,7.0588,Speckled boobook,73.62,5
Ninox randi,Strigidae,Strigiformes,202.0,226955.05,1951,5.4517,Chocolate boobook,101.74,9
Ninox rudolfi,Strigidae,Strigiformes,222.0,10704.53,1882,6.4534,Great Sumba boobook,,8
Ninox rufa,Strigidae,Strigiformes,931.67,824417.84,1846,6.7468,Rufous owl,415.25,15
Ninox rumseyi,Strigidae,Strigiformes,127.89,4442.79,2012,6.5587,Cebu boobook,65.87,9
Ninox scutulata,Strigidae,Strigiformes,191.0,5210706.2,1822,6.6909,Brown boobook,245.7,48
Ninox spilocephala,Strigidae,Strigiformes,137.0,96776.28,1879,5.9764,Mindanao boobook,36.11,6
Ninox spilonotus,Strigidae,Strigiformes,178.0,1145.01,1894,6.1039,Romblon boobook,36.51,6
Ninox squamipila,Strigidae,Strigiformes,210.0,18242.6,1850,6.491,Seram boobook,36.98,9
Ninox strenua,Strigidae,Strigiformes,1345.97,573814.15,1838,6.6994,Powerful owl,3317.71,75
Ninox sumbaensis,Strigidae,Strigiformes,90.0,2933.17,2002,6.5015,Least boobook,29.72,5
Ninox theomacha,Strigidae,Strigiformes,125.0,596413.95,1855,6.7583,Papuan boobook,61.23,4
Ninox variegata,Strigidae,Strigiformes,179.0,7756.1,1830,5.6829,New Ireland boobook,62.04,4
Nipponia nippon,Threskiornithidae,Pelecaniformes,1900.0,1119.51,1835,6.0703,Crested ibis,2348.45,211
Nisaetus alboniger,Accipitridae,Accipitriformes,829.99,800448.35,1845,6.7707,Blyth's hawk-eagle,258.55,10
Nisaetus bartelsi,Accipitridae,Accipitriformes,830.0,14421.49,1924,5.7845,Javan hawk-eagle,1517.93,82
Nisaetus cirrhatus,Accipitridae,Accipitriformes,1475.12,4408300.11,1788,6.2598,Changeable hawk-eagle,2229.57,59
Nisaetus floris,Accipitridae,Accipitriformes,1475.12,34986.16,1898,5.982,Flores hawk-eagle,298.23,22
Nisaetus lanceolatus,Accipitridae,Accipitriformes,1168.0,183391.82,1844,6.6727,Sulawesi hawk-eagle,196.72,10
Nisaetus nanus,Accipitridae,Accipitriformes,557.76,1094809.57,1868,6.3387,Wallace's hawk-eagle,239.16,16
Nisaetus philippensis,Accipitridae,Accipitriformes,1168.0,114925.31,1863,5.8772,Philippine hawk-eagle,682.35,16
Nisaetus pinskeri,Accipitridae,Accipitriformes,1168.0,132366.04,1998,5.77,Pinsker's hawk-eagle,264.62,9
Nok hualon,Pycnonotidae,Passeriformes,37.0,25219.24,2009,4.8065,Bare-faced bulbul,100.6,3
Nomonyx dominicus,Anatidae,Anseriformes,364.97,8398764.69,1766,5.7331,Masked duck,466.93,50
Nonnula amaurocephala,Bucconidae,Piciformes,15.49,25182.48,1921,6.2426,Chestnut-headed nunlet,25.07,5
Nonnula brunnea,Bucconidae,Piciformes,25.0,251222.79,1881,5.6577,Brown nunlet,33.01,9
Nonnula frontalis,Bucconidae,Piciformes,15.7,174551.74,1854,5.981,Grey-cheeked nunlet,29.48,8
Nonnula rubecula,Bucconidae,Piciformes,18.4,5438725.75,1824,5.3099,Rusty-breasted nunlet,45.78,17
Nonnula ruficapilla,Bucconidae,Piciformes,22.0,2844029.84,1844,6.3112,Rufous-capped nunlet,32.28,8
Nonnula sclateri,Bucconidae,Piciformes,15.96,642854.12,1907,5.4982,Fulvous-chinned nunlet,31.04,12
Notharchus hyperrhynchus,Bucconidae,Piciformes,95.89,5241316.91,1856,5.5881,White-necked puffbird,135.1,11
Notharchus macrorhynchos,Bucconidae,Piciformes,95.89,871879.2,1788,5.9263,Guianan puffbird,50.52,15
Notharchus ordii,Bucconidae,Piciformes,52.8,524007.29,1851,6.1067,Brown-banded puffbird,40.27,9
Notharchus pectoralis,Bucconidae,Piciformes,69.1,197997.21,1846,6.4426,Black-breasted puffbird,44.5,7
Notharchus swainsoni,Bucconidae,Piciformes,73.8,927376.95,1846,5.8365,Buff-bellied puffbird,34.19,20
Nothocercus bonapartei,Tinamidae,Struthioniformes,763.0,137927.21,1867,4.7721,Highland tinamou,170.22,19
Nothocercus julius,Tinamidae,Struthioniformes,693.0,139147.96,1854,5.1362,Tawny-breasted tinamou,125.44,17
Nothocercus nigrocapillus,Tinamidae,Struthioniformes,540.0,206296.78,1867,4.6419,Hooded tinamou,87.73,10
Nothocrax urumutum,Cracidae,Galliformes,1700.0,2023323.5,1825,5.4596,Nocturnal curassow,152.75,32
Nothoprocta cinerascens,Tinamidae,Struthioniformes,523.89,1208917.27,1860,5.3057,Brushland tinamou,78.55,12
Nothoprocta curvirostris,Tinamidae,Struthioniformes,376.0,52527.78,1873,4.8664,Curve-billed tinamou,62.06,9
Nothoprocta ornata,Tinamidae,Struthioniformes,619.27,765344.43,1867,4.4639,Ornate tinamou,101.78,15
Nothoprocta pentlandii,Tinamidae,Struthioniformes,300.73,612683.69,1867,4.8495,Andean tinamou,128.43,20
Nothoprocta perdicaria,Tinamidae,Struthioniformes,458.0,118590.62,1830,4.892,Chilean tinamou,208.85,33
Nothoprocta taczanowskii,Tinamidae,Struthioniformes,619.3,17724.05,1875,4.377,Taczanowski's tinamou,63.34,15
Nothura boraquira,Tinamidae,Struthioniformes,283.0,1348296.47,1825,5.4693,White-bellied nothura,67.96,13
Nothura darwinii,Tinamidae,Struthioniformes,244.58,1098896.66,1867,5.0767,Darwin's nothura,82.66,14
Nothura maculosa,Tinamidae,Struthioniformes,257.48,5645223.73,1815,4.7772,Spotted nothura,130.56,48
Nothura minor,Tinamidae,Struthioniformes,165.8,480730.25,1825,4.6182,Lesser nothura,76.41,24
Notiomystis cincta,Notiomystidae,Passeriformes,93.37,100.83,1839,5.8617,,,109
Notopholia corusca,Sturnidae,Passeriformes,56.07,495997.97,1835,5.9922,Black-bellied starling,89.8,3
Nucifraga columbiana,Corvidae,Passeriformes,129.81,2287629.4,1811,5.4531,Clark's nutcracker,2401.16,115
Nucifraga multipunctata,Corvidae,Passeriformes,191.0,300625.95,1849,5.5878,Kashmir nutcracker,105.65,9
Numenius americanus,Scolopacidae,Charadriiformes,583.86,2115891.97,1812,6.1669,Long-billed curlew,1527.15,137
Numenius arquata,Scolopacidae,Charadriiformes,802.99,12491410.25,1758,5.4912,Eurasian curlew,2214.33,328
Numenius madagascariensis,Scolopacidae,Charadriiformes,792.0,3087214.2,1766,5.4656,Far Eastern curlew,658.08,98
Numenius minutus,Scolopacidae,Charadriiformes,173.0,966958.06,1841,6.0012,Little curlew,338.36,57
Numenius phaeopus,Scolopacidae,Charadriiformes,364.57,4802995.65,1758,5.5425,Eurasian whimbrel,1272.52,292
Numenius tahitiensis,Scolopacidae,Charadriiformes,400.08,45601.61,1789,5.498,Bristle-thighed curlew,598.56,25
Numida meleagris,Numididae,Galliformes,1299.0,12744779.36,1758,5.2862,Helmeted guinea fowl,356.69,516
Nyctanassa violacea,Ardeidae,Pelecaniformes,681.67,4196603.05,1758,5.6249,Yellow-crowned night heron,3483.25,125
Nyctibius aethereus,Nyctibiidae,Caprimulgiformes,440.45,4975131.52,1820,5.3465,Long-tailed potoo,326.12,24
Nyctibius grandis,Nyctibiidae,Caprimulgiformes,547.0,8477906.13,1789,5.5858,Great potoo,5454.7,29
Nyctibius griseus,Nyctibiidae,Caprimulgiformes,172.04,13806169.86,1789,5.6424,Common potoo,2607.13,73
Nyctibius jamaicensis,Nyctibiidae,Caprimulgiformes,266.04,782201.43,1789,5.5929,Northern potoo,773.67,22
Nyctibius leucopterus,Nyctibiidae,Caprimulgiformes,86.4,2909112.33,1821,5.6551,White-winged potoo,229.9,22
Nyctibius maculosus,Nyctibiidae,Caprimulgiformes,170.29,117205.57,1912,5.8727,Andean potoo,256.12,16
Nycticorax caledonicus,Ardeidae,Pelecaniformes,856.0,7725707.62,1789,5.308,Nankeen night heron,1020.43,33
Nycticorax nycticorax,Ardeidae,Pelecaniformes,810.0,50345275.03,1758,5.8578,Black-crowned night heron,7156.64,427
Nycticryphes semicollaris,Rostratulidae,Charadriiformes,76.6,2533948.28,1816,6.3811,South American painted-snipe,61.14,26
Nyctidromus albicollis,Caprimulgidae,Caprimulgiformes,57.84,13748689.24,1789,5.669,,,53
Nyctidromus anthonyi,Caprimulgidae,Caprimulgiformes,35.89,57328.24,1923,5.4414,Anthony's nightjar,48.42,6
Nyctiphrynus mcleodii,Caprimulgidae,Caprimulgiformes,35.0,188114.4,1888,4.751,Eared poorwill,48.53,57
Nyctiphrynus ocellatus,Caprimulgidae,Caprimulgiformes,39.6,3398673.41,1844,5.3533,Ocellated poorwill,59.55,18
Nyctiphrynus rosenbergi,Caprimulgidae,Caprimulgiformes,52.0,57920.21,1895,5.6358,Chocó poorwill,26.67,12
Nyctiphrynus yucatanicus,Caprimulgidae,Caprimulgiformes,24.5,145737.26,1892,4.8696,Yucatan poorwill,56.68,13
Nyctipolus hirundinaceus,Caprimulgidae,Caprimulgiformes,32.0,677679.0,1825,6.0795,Pygmy nightjar,63.14,12
Nyctipolus nigrescens,Caprimulgidae,Caprimulgiformes,35.7,4123782.88,1849,5.841,Blackish nightjar,70.99,15
Nyctiprogne leucopyga,Caprimulgidae,Caprimulgiformes,27.3,5244008.15,1825,5.9453,Band-tailed nighthawk,140.58,11
Nyctiprogne vielliardi,Caprimulgidae,Caprimulgiformes,41.0,23178.01,1994,5.4468,Plain-tailed nighthawk,100.95,14
Nyctyornis amictus,Meropidae,Coraciiformes,71.89,1492016.66,1824,6.963,Red-bearded bee-eater,226.22,7
Nyctyornis athertoni,Meropidae,Coraciiformes,84.23,2622222.41,1828,7.369,Blue-bearded bee-eater,332.16,20
Nymphicus hollandicus,Cacatuidae,Psittaciformes,94.61,6462401.72,1792,6.4705,,,336
Nystactes noanamae,Bucconidae,Piciformes,35.5,29342.47,1909,5.9776,Sooty-capped puffbird,34.39,14
Nystactes tamatia,Bucconidae,Piciformes,35.5,4349445.92,1788,6.6796,Spotted puffbird,51.69,4
Nystalus chacuru,Bucconidae,Piciformes,52.3,4329404.4,1816,5.8379,White-eared puffbird,53.43,10
Nystalus maculatus,Bucconidae,Piciformes,42.0,3643937.66,1788,6.1097,Spot-backed puffbird,29.13,15
Nystalus radiatus,Bucconidae,Piciformes,61.0,236336.29,1854,5.4524,Barred puffbird,47.95,6
Oceanites oceanicus,Oceanitidae,Procellariiformes,30.41,28528.95,1820,5.3262,Wilson's storm petrel,957.9,107
Ochetorhynchus andaecola,Furnariidae,Passeriformes,30.85,398226.84,1838,5.13,Rock earthcreeper,28.38,10
Ochetorhynchus melanurus,Furnariidae,Passeriformes,40.0,39429.48,1846,5.9417,Crag chilia,40.48,14
Ochetorhynchus phoenicurus,Furnariidae,Passeriformes,30.16,525155.51,1839,5.2225,Band-tailed earthcreeper,29.05,8
Ochetorhynchus ruficaudus,Furnariidae,Passeriformes,36.3,1066359.63,1834,4.8384,Straight-billed earthcreeper,27.18,13
Ochthoeca leucophrys,Tyrannidae,Passeriformes,13.1,781892.76,1837,5.6805,White-browed chat-tyrant,21.38,13
Ochthoeca oenanthoides,Tyrannidae,Passeriformes,17.7,624271.79,1837,6.0794,D'Orbigny's chat-tyrant,28.18,14
Ochthoeca piurae,Tyrannidae,Passeriformes,8.9,20071.86,1924,5.6094,Piura chat-tyrant,17.56,10
Ochthoeca rufipectoralis,Tyrannidae,Passeriformes,9.98,333647.74,1837,6.0567,Rufous-breasted chat-tyrant,24.8,14
Ochthoeca salvini,Tyrannidae,Passeriformes,12.2,30244.16,1877,6.7486,Tumbes tyrant,17.04,7
Ochthornis littoralis,Tyrannidae,Passeriformes,13.4,4562555.95,1868,5.1636,Drab water tyrant,25.66,14
Ocreatus underwoodii,Trochilidae,Caprimulgiformes,3.0,385599.41,1832,7.426,White-booted racket-tail,269.44,29
Ocyceros birostris,Bucerotidae,Bucerotiformes,375.0,2062731.9,1786,6.1445,Indian grey hornbill,2443.97,27
Ocyceros gingalensis,Bucerotidae,Bucerotiformes,238.0,64916.29,1812,5.475,Sri Lanka grey hornbill,405.94,14
Ocyceros griseus,Bucerotidae,Bucerotiformes,292.0,230760.93,1790,5.4438,Malabar grey hornbill,1052.18,29
Ocyphaps lophotes,Columbidae,Columbiformes,204.0,7382616.53,1822,5.892,Crested pigeon,2739.68,51
Odontophorus atrifrons,Odontophoridae,Galliformes,304.0,2154.63,1900,5.6016,Black-fronted wood quail,102.5,18
Odontophorus balliviani,Odontophoridae,Galliformes,317.43,90660.55,1846,5.9082,Stripe-faced wood quail,89.12,7
Odontophorus capueira,Odontophoridae,Galliformes,425.4,1724256.7,1825,6.326,Spot-winged wood quail,176.59,43
Odontophorus columbianus,Odontophoridae,Galliformes,340.0,9353.75,1850,5.2051,Venezuelan wood quail,87.39,10
Odontophorus dialeucos,Odontophoridae,Galliformes,260.0,233.7,1963,4.5388,Tacarcuna wood quail,83.71,14
Odontophorus erythrops,Odontophoridae,Galliformes,335.0,164035.67,1859,6.2122,Rufous-fronted wood quail,99.08,8
Odontophorus gujanensis,Odontophoridae,Galliformes,314.06,7536115.55,1789,5.6362,Marbled wood quail,226.03,15
Odontophorus guttatus,Odontophoridae,Galliformes,303.83,339131.07,1838,5.6747,Spotted wood quail,143.15,17
Odontophorus hyperythrus,Odontophoridae,Galliformes,339.3,60489.28,1858,5.564,Chestnut wood quail,122.68,30
Odontophorus leucolaemus,Odontophoridae,Galliformes,295.0,9482.02,1867,4.6321,Black-breasted wood quail,114.25,21
Odontophorus melanonotus,Odontophoridae,Galliformes,322.0,5430.53,1861,5.2347,Dark-backed wood quail,108.67,27
Odontophorus melanotis,Odontophoridae,Galliformes,335.0,128032.3,1865,5.4863,Black-eared wood quail,120.19,11
Odontophorus speciosus,Odontophoridae,Galliformes,317.0,425862.66,1843,4.9922,Rufous-breasted wood quail,95.02,7
Odontophorus stellatus,Odontophoridae,Galliformes,335.81,1723957.59,1843,5.1507,Starred wood quail,130.62,10
Odontophorus strophium,Odontophoridae,Galliformes,302.0,3431.34,1844,5.235,Gorgeted wood quail,92.44,26
Odontorchilus branickii,Troglodytidae,Passeriformes,9.6,155452.65,1885,5.5603,Grey-mantled wren,45.18,12
Odontorchilus cinereus,Troglodytidae,Passeriformes,11.0,1047805.04,1868,4.9077,Tooth-billed wren,45.07,12
Oedistoma iliolophus,Melanocharitidae,Passeriformes,11.0,557431.76,1876,5.1867,Spectacled longbill,11.17,7
Oedistoma pygmaeum,Melanocharitidae,Passeriformes,5.8,595536.97,1876,5.4976,Pygmy longbill,26.27,9
Oena capensis,Columbidae,Columbiformes,40.6,9891692.7,1766,5.5816,Namaqua dove,716.79,52
Oenanthe albifrons,Muscicapidae,Passeriformes,20.6,3294680.42,1837,5.9747,White-fronted black chat,44.6,4
Oenanthe albonigra,Muscicapidae,Passeriformes,25.2,1325675.77,1872,5.2951,Hume's wheatear,69.85,15
Oenanthe chrysopygia,Muscicapidae,Passeriformes,22.7,669540.34,1863,5.624,Red-tailed wheatear,96.92,17
Oenanthe cypriaca,Muscicapidae,Passeriformes,16.61,9272.53,1884,5.524,Cyprus wheatear,150.97,27
Oenanthe deserti,Muscicapidae,Passeriformes,19.84,7736786.49,1825,6.6185,Desert wheatear,330.27,48
Oenanthe familiaris,Muscicapidae,Passeriformes,19.45,7293437.67,1817,5.7417,Familiar chat,211.59,8
Oenanthe finschii,Muscicapidae,Passeriformes,27.38,1767328.83,1869,5.8112,Finsch's wheatear,97.47,31
Oenanthe fusca,Muscicapidae,Passeriformes,12.7,1062229.72,1851,5.1935,Brown rock chat,420.58,9
Oenanthe isabellina,Muscicapidae,Passeriformes,29.4,11710698.47,1829,5.5874,Isabelline wheatear,365.38,64
Oenanthe leucopyga,Muscicapidae,Passeriformes,27.9,5398249.87,1855,6.3922,White-crowned wheatear,201.2,38
Oenanthe leucura,Muscicapidae,Passeriformes,41.0,1288299.84,1789,6.0663,Black wheatear,224.79,71
Oenanthe melanura,Muscicapidae,Passeriformes,15.2,2174337.34,1824,5.5194,,,9
Oenanthe moesta,Muscicapidae,Passeriformes,30.2,923235.91,1823,5.6224,Red-rumped wheatear,61.48,15
Oenanthe monacha,Muscicapidae,Passeriformes,21.55,938292.16,1825,5.9729,Hooded wheatear,100.68,14
Oenanthe phillipsi,Muscicapidae,Passeriformes,19.6,557674.64,1885,5.6921,Somali wheatear,28.5,10
Oenanthe picata,Muscicapidae,Passeriformes,21.59,1146604.04,1847,5.8667,Variable wheatear,104.78,20
Oenanthe pileata,Muscicapidae,Passeriformes,26.8,5997462.33,1789,6.6026,Capped wheatear,88.09,16
Oenanthe pleschanka,Muscicapidae,Passeriformes,19.36,8846595.23,1770,6.0397,Pied wheatear,308.72,61
Oenanthe scotocerca,Muscicapidae,Passeriformes,16.0,554755.07,1869,6.0014,Brown-tailed rock chat,33.39,7
Oenanthe xanthoprymna,Muscicapidae,Passeriformes,22.7,102691.11,1833,6.123,Kurdish wheatear,88.84,23
Ognorhynchus icterotis,Psittacidae,Psittaciformes,285.0,513.55,1854,6.8607,Yellow-eared parrot,423.32,99
Oncostoma cinereigulare,Tyrannidae,Passeriformes,6.4,588153.9,1857,5.3201,Northern bentbill,38.93,17
Oncostoma olivaceum,Tyrannidae,Passeriformes,6.6,226322.4,1862,5.4224,Southern bentbill,21.41,12
Oneillornis lunulatus,Thamnophilidae,Passeriformes,23.91,297195.91,1873,5.8166,Lunulated antbird,22.05,4
Oneillornis salvini,Thamnophilidae,Passeriformes,25.9,1355133.04,1901,5.341,White-throated antbird,27.25,9
Onychognathus albirostris,Sturnidae,Passeriformes,137.29,162747.0,1836,6.2564,White-billed starling,40.19,11
Onychognathus blythii,Sturnidae,Passeriformes,100.0,282533.08,1859,5.8036,Somali starling,61.04,11
Onychognathus frater,Sturnidae,Passeriformes,100.0,3622.4,1881,5.4011,Socotra starling,280.99,9
Onychognathus fulgidus,Sturnidae,Passeriformes,109.03,2367641.44,1849,6.0346,Chestnut-winged starling,54.38,11
Onychognathus morio,Sturnidae,Passeriformes,132.9,3660528.38,1766,5.9899,Red-winged starling,821.69,41
Onychognathus nabouroup,Sturnidae,Passeriformes,102.43,984106.61,1800,5.5256,Pale-winged starling,108.08,23
Onychognathus neumanni,Sturnidae,Passeriformes,39.8,467656.08,1908,4.9665,Neumann's starling,50.24,5
Onychognathus salvadorii,Sturnidae,Passeriformes,160.0,646688.67,1891,5.898,Bristle-crowned starling,45.56,8
Onychognathus tenuirostris,Sturnidae,Passeriformes,118.0,405677.73,1836,4.958,Slender-billed starling,63.72,10
Onychognathus tristramii,Sturnidae,Passeriformes,122.73,564513.21,1858,5.9325,Tristram's starling,445.87,15
Onychognathus walleri,Sturnidae,Passeriformes,93.0,308237.32,1880,5.0958,Waller's starling,52.58,16
Onychoprion aleuticus,Laridae,Charadriiformes,120.0,1225260.49,1869,5.9804,Aleutian tern,205.76,33
Onychoprion anaethetus,Laridae,Charadriiformes,119.42,5130540.82,1786,6.4207,Bridled tern,577.26,72
Onychoprion fuscatus,Laridae,Charadriiformes,185.72,180205.31,1766,5.9444,Sooty tern,2501.77,109
Onychoprion lunatus,Laridae,Charadriiformes,120.0,37443.38,1848,5.5896,Spectacled tern,144.92,10
Onychostruthus taczanowskii,Passeridae,Passeriformes,32.5,1477066.84,1876,5.0104,White-rumped snowfinch,97.79,21
Opisthocomus hoazin,Opisthocomidae,Opisthocomiformes,696.0,7559878.74,1776,6.4636,,,65
Opisthoprora euryptera,Trochilidae,Caprimulgiformes,6.2,26992.64,1832,7.4323,Mountain avocetbill,53.67,11
Oporornis agilis,Parulidae,Passeriformes,13.3,1182795.25,1812,6.3702,Connecticut warbler,359.12,68
Orchesticus abeillei,Thraupidae,Passeriformes,31.5,163525.7,1839,6.3424,Brown tanager,33.8,12
Oreocharis arfaki,Paramythiidae,Passeriformes,19.7,62340.26,1875,6.5892,Tit berrypecker,97.78,8
Oreoica gutturalis,Oreoicidae,Passeriformes,62.8,4957954.29,1827,5.7814,Crested bellbird,249.24,17
Oreolais pulcher,Cisticolidae,Passeriformes,8.37,100450.2,1891,6.0903,Black-collared apalis,32.43,9
Oreolais ruwenzorii,Cisticolidae,Passeriformes,9.9,69189.34,1904,5.8045,Rwenzori apalis,21.2,12
Oreomystis bairdi,Fringillidae,Passeriformes,14.24,85.6,1887,5.4986,,,28
Oreophasis derbianus,Cracidae,Galliformes,2071.54,7715.08,1844,5.4458,Horned guan,521.53,85
Oreophilais robertsi,Cisticolidae,Passeriformes,9.99,9712.82,1946,5.0629,Roberts's warbler,22.57,8
Oreopholus ruficollis,Charadriidae,Charadriiformes,131.0,1451500.49,1829,6.1907,Tawny-throated dotterel,94.67,24
Oreopsar bolivianus,Icteridae,Passeriformes,72.92,77402.17,1939,5.4885,Bolivian blackbird,49.17,12
Oreopsittacus arfaki,Psittacidae,Psittaciformes,20.2,108008.26,1874,6.8141,Plum-faced lorikeet,86.51,17
Oreornis chrysogenys,Meliphagidae,Passeriformes,69.5,22304.25,1910,5.9616,Orange-cheeked honeyeater,24.11,5
Oreortyx pictus,Odontophoridae,Galliformes,233.0,346065.66,1829,6.7527,Mountain quail,1318.19,72
Oreoscoptes montanus,Mimidae,Passeriformes,44.2,1992131.03,1837,5.0373,Sage thrasher,888.62,100
Oreoscopus gutturalis,Acanthizidae,Passeriformes,20.0,102359.75,1889,5.6531,,,14
Oreostruthus fuliginosus,Estrildidae,Passeriformes,18.3,51165.48,1897,7.064,Mountain firetail,53.5,6
Oreothlypis gutturalis,Parulidae,Passeriformes,9.5,3913.07,1861,6.9087,Flame-throated warbler,87.86,18
Oreothlypis superciliosa,Parulidae,Passeriformes,9.0,402973.46,1844,6.8087,Crescent-chested warbler,79.96,14
Oreothraupis arremonops,Passerellidae,Passeriformes,48.0,13265.09,1855,5.7468,Tanager finch,56.54,14
Oreotrochilus adela,Trochilidae,Caprimulgiformes,7.9,50647.41,1838,5.8536,Wedge-tailed hillstar,45.14,8
Oreotrochilus chimborazo,Trochilidae,Caprimulgiformes,8.2,36894.51,1846,6.5771,Ecuadorian hillstar,124.26,44
Oreotrochilus estella,Trochilidae,Caprimulgiformes,8.1,595797.12,1838,6.6612,Andean hillstar,150.34,19
Oreotrochilus leucopleurus,Trochilidae,Caprimulgiformes,8.2,404047.64,1847,6.466,White-sided hillstar,64.33,23
Oreotrochilus melanogaster,Trochilidae,Caprimulgiformes,9.1,55336.69,1847,6.7506,Black-breasted hillstar,61.76,13
Oreotrochilus stolzmanni,Trochilidae,Caprimulgiformes,8.7,61380.54,1895,6.1869,Green-headed hillstar,53.88,12
Origma solitaria,Acanthizidae,Passeriformes,14.34,56963.22,1808,5.104,,,9
Oriolia bernieri,Vangidae,Passeriformes,52.0,18135.88,1838,5.7254,Bernier's vanga,41.84,9
Oriolus albiloris,Oriolidae,Passeriformes,38.6,22182.67,1894,5.9328,White-lored oriole,49.71,9
Oriolus auratus,Oriolidae,Passeriformes,66.2,4622656.44,1817,6.8724,African golden oriole,187.51,12
Oriolus bouroensis,Oriolidae,Passeriformes,109.0,4674.49,1830,4.9959,Black-eared oriole,44.35,7
Oriolus brachyrynchus,Oriolidae,Passeriformes,49.02,2640549.2,1837,6.3339,Western oriole,114.09,8
Oriolus chinensis,Oriolidae,Passeriformes,82.6,5911861.17,1766,6.8839,Black-naped oriole,1875.33,63
Oriolus chlorocephalus,Oriolidae,Passeriformes,49.0,61138.59,1896,6.3094,Green-headed oriole,80.48,11
Oriolus crassirostris,Oriolidae,Passeriformes,50.0,481.69,1857,5.3513,São Tomé oriole,49.77,10
Oriolus decipiens,Oriolidae,Passeriformes,109.0,2788.76,1883,4.5896,Tanimbar oriole,34.56,6
Oriolus flavocinctus,Oriolidae,Passeriformes,109.0,535100.57,1826,5.7921,Green oriole,143.43,16
Oriolus forsteni,Oriolidae,Passeriformes,109.0,15001.23,1850,4.9918,Grey-collared oriole,39.33,8
Oriolus hosii,Oriolidae,Passeriformes,64.0,20423.78,1892,5.3734,Black oriole,138.35,7
Oriolus isabellae,Oriolidae,Passeriformes,46.1,1081.94,1894,5.6339,Isabela oriole,155.01,22
Oriolus kundoo,Oriolidae,Passeriformes,65.6,2500730.74,1832,5.702,Indian golden oriole,1819.45,10
Oriolus larvatus,Oriolidae,Passeriformes,66.1,6081428.22,1823,6.43,Black-headed oriole,776.34,19
Oriolus mellianus,Oriolidae,Passeriformes,93.0,27518.44,1922,4.937,Silver oriole,73.47,23
Oriolus monacha,Oriolidae,Passeriformes,68.5,337144.38,1789,6.66,Ethiopian oriole,57.61,11
Oriolus nigripennis,Oriolidae,Passeriformes,56.7,2050735.04,1855,6.2173,Black-winged oriole,48.3,7
Oriolus oriolus,Oriolidae,Passeriformes,79.0,11164384.03,1758,6.4186,Eurasian golden oriole,4119.25,95
Oriolus percivali,Oriolidae,Passeriformes,61.0,164128.38,1903,6.0272,Mountain oriole,43.33,16
Oriolus phaeochromus,Oriolidae,Passeriformes,109.0,18108.91,1861,5.1417,Dusky-brown oriole,40.07,6
Oriolus sagittatus,Oriolidae,Passeriformes,95.2,3411405.87,1802,6.385,Olive-backed oriole,295.9,12
Oriolus steerii,Oriolidae,Passeriformes,46.5,140076.59,1877,5.5458,Philippine oriole,167.05,6
Oriolus szalayi,Oriolidae,Passeriformes,95.2,680368.63,1900,4.8341,Brown oriole,56.25,7
Oriolus tenuirostris,Oriolidae,Passeriformes,81.38,862811.5,1846,6.6922,Slender-billed oriole,98.51,12
Oriolus traillii,Oriolidae,Passeriformes,73.66,1953091.34,1832,6.0073,Maroon oriole,265.13,13
Oriolus xanthonotus,Oriolidae,Passeriformes,45.0,1161887.17,1821,6.5616,Dark-throated oriole,114.83,27
Oriolus xanthornus,Oriolidae,Passeriformes,56.3,4313543.23,1758,6.6163,Black-hooded oriole,1495.62,31
Oriturus superciliosus,Passerellidae,Passeriformes,41.4,295047.68,1838,5.2402,Striped sparrow,51.64,36
Ornithion brunneicapillus,Tyrannidae,Passeriformes,7.1,282994.63,1862,5.1667,Brown-capped tyrannulet,37.86,12
Ornithion inerme,Tyrannidae,Passeriformes,7.0,6701180.64,1853,4.9906,White-lored tyrannulet,23.74,20
Ornithion semiflavum,Tyrannidae,Passeriformes,6.6,257158.92,1860,5.9497,Yellow-bellied tyrannulet,46.46,12
Ornorectes cristatus,Oreoicidae,Passeriformes,79.0,152938.38,1876,4.9404,Piping bellbird,46.33,7
Oroanassa magnifica,Ardeidae,Pelecaniformes,480.3,1647055.73,1899,5.4777,White-eared night heron,277.1,5
Orochelidon andecola,Hirundinidae,Passeriformes,17.0,506072.71,1837,5.7403,Andean swallow,59.59,7
Orochelidon flavipes,Hirundinidae,Passeriformes,9.8,127853.29,1922,5.0637,Pale-footed swallow,47.28,6
Orochelidon murina,Hirundinidae,Passeriformes,11.7,425662.43,1853,5.5427,Brown-bellied swallow,68.68,14
Ortalis araucuan,Cracidae,Galliformes,547.72,349725.59,1825,5.5516,East Brazilian chachalaca,73.35,16
Ortalis canicollis,Cracidae,Galliformes,539.0,1171806.84,1830,5.1538,Chaco chachalaca,204.1,35
Ortalis cinereiceps,Cracidae,Galliformes,493.0,236334.32,1867,4.5463,Grey-headed chachalaca,241.7,27
Ortalis columbiana,Cracidae,Galliformes,547.72,117133.45,1906,5.571,Colombian chachalaca,134.92,51
Ortalis erythroptera,Cracidae,Galliformes,632.0,74565.61,1870,5.491,Rufous-headed chachalaca,81.05,28
Ortalis garrula,Cracidae,Galliformes,532.0,109708.02,1805,4.955,Chestnut-winged chachalaca,83.22,39
Ortalis guttata,Cracidae,Galliformes,547.72,4434552.3,1825,5.7937,Speckled chachalaca,208.3,34
Ortalis leucogastra,Cracidae,Galliformes,495.82,57398.42,1843,4.9513,White-bellied chachalaca,126.9,21
Ortalis poliocephala,Cracidae,Galliformes,760.0,200072.2,1830,4.791,West Mexican chachalaca,257.7,45
Ortalis ruficauda,Cracidae,Galliformes,586.24,474068.72,1847,5.9707,Rufous-vented chachalaca,742.48,27
Ortalis squamata,Cracidae,Galliformes,547.72,290989.61,1829,5.6937,Scaled chachalaca,62.46,13
Ortalis superciliaris,Cracidae,Galliformes,520.0,386955.95,1867,4.3602,Buff-browed chachalaca,58.6,14
Ortalis vetula,Cracidae,Galliformes,562.6,603225.55,1830,4.7048,Plain chachalaca,890.57,56
Ortalis wagleri,Cracidae,Galliformes,833.99,114061.43,1867,4.9941,Rufous-bellied chachalaca,147.74,17
Orthogonys chloricterus,Mitrospingidae,Passeriformes,39.0,121968.52,1819,6.0652,Olive-green tanager,82.55,22
Orthonyx novaeguineae,Orthonychidae,Passeriformes,58.06,65388.82,1874,5.8418,Papuan logrunner,31.68,9
Orthonyx spaldingii,Orthonychidae,Passeriformes,149.91,23436.79,1868,5.5892,,,15
Orthonyx temminckii,Orthonychidae,Passeriformes,58.06,166548.28,1822,5.4435,Australian logrunner,148.49,13
Orthopsittaca manilatus,Psittacidae,Psittaciformes,372.0,7148717.74,1783,6.6126,Red-bellied macaw,1003.61,18
Orthorhyncus cristatus,Trochilidae,Caprimulgiformes,3.02,7736.3,1758,6.6985,Antillean crested hummingbird,463.08,21
Orthotomus atrogularis,Cisticolidae,Passeriformes,7.68,2752593.84,1836,5.6381,Dark-necked tailorbird,180.61,16
Orthotomus castaneiceps,Cisticolidae,Passeriformes,12.84,33106.02,1872,5.0329,Visayan tailorbird,9.81,6
Orthotomus chaktomuk,Cisticolidae,Passeriformes,7.1,4922.53,2013,5.9131,Cambodian tailorbird,98.95,12
Orthotomus chloronotus,Cisticolidae,Passeriformes,8.1,89568.36,1895,4.9267,Green-backed tailorbird,5.22,6
Orthotomus cinereiceps,Cisticolidae,Passeriformes,9.0,20650.36,1877,5.142,White-eared tailorbird,41.79,5
Orthotomus derbianus,Cisticolidae,Passeriformes,10.7,60394.18,1855,5.4101,Grey-backed tailorbird,82.72,6
Orthotomus frontalis,Cisticolidae,Passeriformes,7.98,120551.54,1877,5.4992,Rufous-fronted tailorbird,43.71,6
Orthotomus nigriceps,Cisticolidae,Passeriformes,9.8,24461.65,1878,4.8598,Black-headed tailorbird,88.31,6
Orthotomus ruficeps,Cisticolidae,Passeriformes,7.0,887360.64,1830,5.1794,Ashy tailorbird,163.63,16
Orthotomus samarensis,Cisticolidae,Passeriformes,8.93,18296.84,1890,5.7546,Yellow-breasted tailorbird,50.29,6
Orthotomus sepium,Cisticolidae,Passeriformes,8.4,140271.59,1821,5.2744,Olive-backed tailorbird,61.95,13
Orthotomus sericeus,Cisticolidae,Passeriformes,10.8,1068502.74,1836,6.4179,Rufous-tailed tailorbird,104.42,15
Orthotomus sutorius,Cisticolidae,Passeriformes,7.5,6849946.15,1769,5.1637,Common tailorbird,3782.01,40
Ortygospiza atricollis,Estrildidae,Passeriformes,10.6,3231575.56,1817,5.8712,Black-faced quailfinch,50.22,14
Ortyxelos meiffrenii,Turnicidae,Charadriiformes,17.6,2965419.34,1819,5.0558,,,10
Otis tarda,Otididae,Otidiformes,6759.92,4521984.02,1758,5.8687,Great bustard,6160.52,351
Otocichla mupinensis,Turdidae,Passeriformes,62.54,1082838.83,1920,4.9803,Chinese thrush,105.27,4
Otus alfredi,Strigidae,Strigiformes,67.5,498.38,1897,6.6874,Flores scops owl,131.42,12
Otus alius,Strigidae,Strigiformes,95.0,998.3,1998,6.1159,Nicobar scops owl,72.93,15
Otus angelinae,Strigidae,Strigiformes,82.2,16745.86,1912,6.7617,Javan scops owl,116.77,13
Otus bakkamoena,Strigidae,Strigiformes,138.5,2947848.96,1769,7.2928,Indian scops owl,618.14,25
Otus balli,Strigidae,Strigiformes,67.5,5825.33,1873,7.1574,Andaman scops owl,133.13,12
Otus beccarii,Strigidae,Strigiformes,114.0,2524.27,1876,6.4219,Biak scops owl,59.23,7
Otus brookii,Strigidae,Strigiformes,139.0,38843.48,1892,7.0154,Rajah scops owl,136.59,8
Otus brucei,Strigidae,Strigiformes,84.35,1459194.93,1872,7.1323,Pallid scops owl,209.73,32
Otus capnodes,Strigidae,Strigiformes,119.0,271.7,1889,5.6249,Anjouan scops owl,158.74,12
Otus collari,Strigidae,Strigiformes,81.91,556.53,1998,6.4707,Sangihe scops owl,55.24,6
Otus elegans,Strigidae,Strigiformes,124.0,4014.39,1852,6.5332,Ryūkyū scops owl,142.55,43
Otus enganensis,Strigidae,Strigiformes,104.88,400.8,1927,5.5372,Enggano scops owl,53.71,5
Otus everetti,Strigidae,Strigiformes,125.0,119572.02,1879,6.318,Everett's scops owl,88.86,7
Otus fuliginosus,Strigidae,Strigiformes,92.0,8606.99,1888,6.6039,Palawan scops owl,90.18,7
Otus gurneyi,Strigidae,Strigiformes,370.0,108097.9,1879,7.2022,Giant scops owl,262.88,9
Otus hartlaubi,Strigidae,Strigiformes,79.0,388.97,1872,6.5807,São Tomé scops owl,70.85,11
Otus insularis,Strigidae,Strigiformes,144.0,38.38,1880,6.1443,Seychelles scops owl,103.53,9
Otus ireneae,Strigidae,Strigiformes,50.3,634.79,1966,7.6141,Sokoke scops owl,143.34,12
Otus jolandae,Strigidae,Strigiformes,165.0,2121.08,2013,6.1415,Rinjani scops owl,141.41,12
Otus lempiji,Strigidae,Strigiformes,115.0,1486775.34,1821,7.0117,Sunda scops owl,245.03,23
Otus lettia,Strigidae,Strigiformes,139.0,4204562.9,1836,6.7084,Collared scops owl,440.97,45
Otus longicornis,Strigidae,Strigiformes,82.87,19826.2,1894,6.4695,Luzon scops owl,85.6,6
Otus mantananensis,Strigidae,Strigiformes,106.0,1849.02,1892,7.1375,Mantanani scops owl,90.37,9
Otus mayottensis,Strigidae,Strigiformes,101.0,370.97,1960,6.6958,Mayotte scops owl,59.73,8
Otus megalotis,Strigidae,Strigiformes,178.4,106380.23,1875,6.3887,Philippine scops owl,398.53,12
Otus mentawi,Strigidae,Strigiformes,104.9,6119.87,1926,5.4937,Mentawai scops owl,59.88,8
Otus mindorensis,Strigidae,Strigiformes,106.0,959.24,1899,7.059,Mindoro scops owl,58.26,6
Otus mirus,Strigidae,Strigiformes,61.32,1658.12,1968,6.1377,Mindanao scops owl,75.97,7
Otus moheliensis,Strigidae,Strigiformes,104.97,207.24,1998,6.6675,Moheli scops owl,71.1,13
Otus nigrorum,Strigidae,Strigiformes,99.0,24351.81,1950,6.7594,Negros scops owl,98.38,7
Otus pamelae,Strigidae,Strigiformes,66.5,203556.86,1937,6.8732,Arabian scops owl,87.22,8
Otus pauliani,Strigidae,Strigiformes,69.49,174.34,1960,6.0633,Karthala scops owl,96.74,15
Otus pembaensis,Strigidae,Strigiformes,67.0,970.44,1937,5.9733,Pemba scops owl,84.19,10
Otus rufescens,Strigidae,Strigiformes,76.54,887256.44,1821,6.1085,Reddish scops owl,101.56,7
Otus sagittatus,Strigidae,Strigiformes,122.64,148393.3,1849,6.7978,White-fronted scops owl,135.1,8
Otus scops,Strigidae,Strigiformes,92.0,8778464.51,1758,7.3161,Eurasian scops owl,2274.32,176
Otus semitorques,Strigidae,Strigiformes,121.53,1982105.07,1844,7.0397,Japanese scops owl,341.19,20
Otus silvicola,Strigidae,Strigiformes,212.0,28274.7,1864,5.9133,Wallace's scops owl,55.39,6
Otus socotranus,Strigidae,Strigiformes,67.0,3622.4,1899,6.8957,Socotra scops owl,71.47,7
Otus sulaensis,Strigidae,Strigiformes,88.0,4678.07,1898,6.2762,Sula scops owl,40.24,6
Otus sunia,Strigidae,Strigiformes,78.09,7325311.2,1836,7.4121,Oriental scops owl,397.78,46
Otus thilohoffmanni,Strigidae,Strigiformes,76.5,237.13,2004,6.8649,Serendib scops owl,240.68,8
Otus umbra,Strigidae,Strigiformes,95.0,1552.39,1903,6.8617,Simeulue scops owl,72.28,7
Oxylabes madagascariensis,Bernieridae,Passeriformes,23.3,172738.74,1789,5.9216,White-throated oxylabes,36.51,8
Oxypogon cyanolaemus,Trochilidae,Caprimulgiformes,4.8,2832.29,1880,5.9976,Blue-bearded helmetcrest,165.03,27
Oxypogon guerinii,Trochilidae,Caprimulgiformes,4.8,19693.68,1840,6.8721,Green-bearded helmetcrest,88.16,64
Oxypogon lindenii,Trochilidae,Caprimulgiformes,4.8,8642.51,1845,6.1275,White-bearded helmetcrest,52.15,9
Oxypogon stuebelii,Trochilidae,Caprimulgiformes,4.8,4079.67,1884,6.6143,Buffy helmetcrest,101.33,15
Oxyruncus cristatus,Tityridae,Passeriformes,42.0,1872045.95,1821,5.967,,,34
Oxyura australis,Anatidae,Anseriformes,798.0,544505.23,1837,5.5046,Blue-billed duck,825.69,34
Oxyura ferruginea,Anatidae,Anseriformes,608.15,2089906.35,1838,5.6188,Andean duck,134.81,24
Oxyura jamaicensis,Anatidae,Anseriformes,608.15,6731653.66,1789,5.6584,Ruddy duck,3137.93,408
Oxyura leucocephala,Anatidae,Anseriformes,661.09,4016410.78,1769,5.8157,White-headed duck,1131.54,210
Oxyura maccoa,Anatidae,Anseriformes,674.0,2242706.43,1838,5.4515,Maccoa duck,244.72,47
Oxyura vittata,Anatidae,Anseriformes,642.68,1986790.01,1860,5.6192,Lake duck,2415.06,41
Pachycare flavogriseum,Acanthizidae,Passeriformes,16.2,171110.44,1874,6.5544,,,11
Pachycephala albiventris,Pachycephalidae,Passeriformes,21.1,104394.32,1894,5.0117,Green-backed whistler,46.81,11
Pachycephala arctitorquis,Pachycephalidae,Passeriformes,22.4,5480.79,1883,5.8534,Wallacean whistler,22.48,9
Pachycephala caledonica,Pachycephalidae,Passeriformes,22.67,16533.26,1789,6.2016,New Caledonian whistler,40.39,10
Pachycephala cinerea,Pachycephalidae,Passeriformes,21.0,1077022.85,1847,5.2865,Mangrove whistler,121.15,10
Pachycephala feminina,Pachycephalidae,Passeriformes,30.36,675.55,1931,4.9394,Rennell whistler,20.21,7
Pachycephala flavifrons,Pachycephalidae,Passeriformes,41.45,2877.15,1848,5.8692,Samoan whistler,44.02,5
Pachycephala griseonota,Pachycephalidae,Passeriformes,22.38,43720.57,1862,5.8156,Drab whistler,28.7,12
Pachycephala homeyeri,Pachycephalidae,Passeriformes,25.82,125156.59,1890,4.445,White-vented whistler,32.43,7
Pachycephala hyperythra,Pachycephalidae,Passeriformes,27.7,103362.37,1876,5.3852,Rusty whistler,20.27,12
Pachycephala hypoxantha,Pachycephalidae,Passeriformes,22.3,84264.52,1887,5.9569,Bornean whistler,47.59,11
Pachycephala implicata,Pachycephalidae,Passeriformes,34.47,260.24,1929,5.1612,Hooded whistler,19.54,5
Pachycephala inornata,Pachycephalidae,Passeriformes,30.8,1593660.36,1841,5.2694,Gilbert's whistler,54.25,16
Pachycephala jacquinoti,Pachycephalidae,Passeriformes,36.0,140.16,1850,4.5519,Tongan whistler,75.42,7
Pachycephala lanioides,Pachycephalidae,Passeriformes,38.69,255698.63,1840,5.7177,White-breasted whistler,34.26,13
Pachycephala leucogastra,Pachycephalidae,Passeriformes,18.5,3984.2,1875,5.0662,White-bellied whistler,20.98,4
Pachycephala lorentzi,Pachycephalidae,Passeriformes,19.4,47469.46,1931,6.4014,Lorentz's whistler,17.23,11
Pachycephala melanura,Pachycephalidae,Passeriformes,23.8,524241.76,1843,6.8144,Mangrove golden whistler,43.38,15
Pachycephala mentalis,Pachycephalidae,Passeriformes,30.36,24456.99,1863,5.301,Black-chinned whistler,30.12,8
Pachycephala meyeri,Pachycephalidae,Passeriformes,19.0,8657.87,1890,5.0962,Vogelkop whistler,30.08,5
Pachycephala modesta,Pachycephalidae,Passeriformes,18.3,68146.9,1894,4.9886,Brown-backed whistler,20.06,11
Pachycephala monacha,Pachycephalidae,Passeriformes,26.0,33190.9,1858,4.8313,Black-headed whistler,19.55,6
Pachycephala nudigula,Pachycephalidae,Passeriformes,34.5,20084.05,1897,5.2854,Bare-throated whistler,43.14,14
Pachycephala olivacea,Pachycephalidae,Passeriformes,41.2,298358.81,1827,5.3555,Olive whistler,94.22,13
Pachycephala orpheus,Pachycephalidae,Passeriformes,15.5,21909.22,1849,4.4385,Fawn-breasted whistler,34.06,8
Pachycephala phaionota,Pachycephalidae,Passeriformes,24.8,9616.8,1850,5.175,Island whistler,26.38,11
Pachycephala philippinensis,Pachycephalidae,Passeriformes,22.3,193262.3,1872,5.6901,Yellow-bellied whistler,63.19,13
Pachycephala richardsi,Pachycephalidae,Passeriformes,34.47,591.04,1932,6.1755,Bougainville whistler,17.46,7
Pachycephala rufiventris,Pachycephalidae,Passeriformes,22.48,7227395.75,1802,5.8018,Rufous whistler,326.44,22
Pachycephala rufogularis,Pachycephalidae,Passeriformes,36.6,102346.36,1841,5.5164,Red-lored whistler,76.52,12
Pachycephala schlegelii,Pachycephalidae,Passeriformes,22.7,132622.24,1871,6.9422,Regent whistler,43.06,16
Pachycephala soror,Pachycephalidae,Passeriformes,24.8,221930.33,1874,5.9256,Sclater's whistler,17.87,14
Pachycephala sulfuriventer,Pachycephalidae,Passeriformes,21.4,49473.03,1872,6.4352,Sulphur-vented whistler,25.18,11
Pachycephala tenebrosa,Pachycephalidae,Passeriformes,46.0,456.67,1868,4.3724,,,5
Pachycephala vitiensis,Pachycephalidae,Passeriformes,30.36,18250.99,1860,6.2729,White-throated Fiji whistler,34.38,6
Pachycephalopsis hattamensis,Petroicidae,Passeriformes,34.6,54021.73,1874,6.3593,Green-backed robin,41.11,10
Pachycephalopsis poliosoma,Petroicidae,Passeriformes,37.97,184655.43,1882,3.3129,White-eyed robin,28.28,13
Pachycoccyx audeberti,Cuculidae,Cuculiformes,102.85,4407880.92,1879,5.0136,Thick-billed cuckoo,129.07,17
Pachyptila belcheri,Procellariidae,Procellariiformes,145.0,56286348.41,1912,5.6331,Slender-billed prion,157.22,32
Pachyptila crassirostris,Procellariidae,Procellariiformes,138.33,6979667.17,1912,5.4585,Fulmar prion,153.45,8
Pachyptila desolata,Procellariidae,Procellariiformes,147.0,84155481.3,1789,5.0447,Antarctic prion,312.9,46
Pachyptila turtur,Procellariidae,Procellariiformes,137.0,21293225.72,1820,5.4059,Fairy prion,337.44,43
Pachyptila vittata,Procellariidae,Procellariiformes,196.0,50803001.59,1777,5.018,Broad-billed prion,220.32,35
Pachyramphus aglaiae,Tityridae,Passeriformes,29.69,1314371.45,1839,6.1019,Rose-throated becard,149.68,54
Pachyramphus albogriseus,Tityridae,Passeriformes,17.3,341646.91,1857,5.8809,Black-and-white becard,35.64,20
Pachyramphus castaneus,Tityridae,Passeriformes,19.5,5788367.53,1827,5.9572,Chestnut-crowned becard,45.78,30
Pachyramphus cinnamomeus,Tityridae,Passeriformes,20.3,701563.57,1861,5.2542,Cinnamon becard,61.28,18
Pachyramphus homochrous,Tityridae,Passeriformes,37.3,370203.78,1859,5.607,One-colored becard,35.29,19
Pachyramphus marginatus,Tityridae,Passeriformes,18.4,6344951.42,1823,5.7943,Black-capped becard,26.02,25
Pachyramphus minor,Tityridae,Passeriformes,36.6,6895984.62,1831,5.411,Pink-throated becard,27.38,20
Pachyramphus niger,Tityridae,Passeriformes,40.2,11021.79,1788,5.4404,Jamaican becard,46.18,11
Pachyramphus polychopterus,Tityridae,Passeriformes,20.8,13935213.9,1818,5.547,White-winged becard,71.97,36
Pachyramphus rufus,Tityridae,Passeriformes,18.8,3994359.03,1783,5.7427,Cinereous becard,46.81,22
Pachyramphus spodiurus,Tityridae,Passeriformes,18.2,40652.05,1860,5.116,Slaty becard,24.27,26
Pachyramphus surinamus,Tityridae,Passeriformes,19.71,707437.36,1766,5.1257,Glossy-backed becard,24.98,12
Pachyramphus validus,Tityridae,Passeriformes,43.0,6063334.02,1823,5.6657,Crested becard,34.73,31
Pachyramphus versicolor,Tityridae,Passeriformes,15.5,302157.64,1843,6.5067,Barred becard,40.07,14
Pachysylvia aurantiifrons,Vireonidae,Passeriformes,9.5,611619.82,1861,5.6175,Golden-fronted greenlet,30.26,5
Pachysylvia decurtata,Vireonidae,Passeriformes,8.49,856443.06,1838,5.7646,Lesser greenlet,76.76,8
Pachysylvia hypochrysea,Vireonidae,Passeriformes,12.2,356386.02,1862,6.2329,Golden vireo,42.36,5
Pachysylvia hypoxantha,Vireonidae,Passeriformes,17.0,3940574.21,1868,5.5329,Dusky-capped greenlet,23.0,8
Pachysylvia muscicapina,Vireonidae,Passeriformes,11.7,2386727.39,1873,5.2135,Buff-cheeked greenlet,22.19,6
Pachysylvia semibrunnea,Vireonidae,Passeriformes,11.4,42187.56,1845,5.3595,Rufous-naped greenlet,21.88,9
Pagodroma nivea,Procellariidae,Procellariiformes,268.0,35992533.98,1777,6.2325,Snow petrel,1794.42,97
Pagophila eburnea,Laridae,Charadriiformes,549.99,17367390.8,1774,5.7916,Ivory gull,914.78,92
Palaeornis eupatria,Psittacidae,Psittaciformes,214.0,3223422.66,1766,6.3241,Alexandrine parakeet,7371.75,7
Palmeria dolei,Fringillidae,Passeriformes,26.07,57.85,1891,6.0093,,,25
Paludipasser locustella,Estrildidae,Passeriformes,10.6,731202.26,1909,5.2234,Locust finch,51.34,13
Pandion haliaetus,Pandionidae,Accipitriformes,1483.2,31298390.01,1758,6.6069,,,649
Panterpe insignis,Trochilidae,Caprimulgiformes,5.7,8271.57,1860,7.4672,Fiery-throated hummingbird,319.92,29
Panurus biarmicus,Panuridae,Passeriformes,13.82,11689099.28,1758,7.5043,Bearded reedling,2896.03,136
Panyptila cayennensis,Apodidae,Caprimulgiformes,21.1,8548025.44,1789,5.6261,Lesser swallow-tailed swift,82.86,12
Panyptila sanctihieronymi,Apodidae,Caprimulgiformes,48.1,366914.5,1863,5.4084,Great swallow-tailed swift,56.77,24
Papasula abbotti,Sulidae,Suliformes,1550.74,677593.38,1893,5.3455,Abbott's booby,664.7,22
Parabuteo leucorrhous,Accipitridae,Accipitriformes,290.0,1189248.2,1824,6.3543,White-rumped hawk,229.79,17
Parabuteo unicinctus,Accipitridae,Accipitriformes,850.28,9015595.35,1824,6.2838,Harris's hawk,7608.42,278
Paraclaravis mondetoura,Columbidae,Columbiformes,89.69,342167.22,1856,5.8855,Maroon-chested ground dove,85.36,10
Paradigalla brevicauda,Paradisaeidae,Passeriformes,167.92,91714.96,1911,5.5679,Short-tailed paradigalla,159.18,11
Paradigalla carunculata,Paradisaeidae,Passeriformes,170.0,3319.37,1835,6.6707,Long-tailed paradigalla,233.89,12
Paradisaea apoda,Paradisaeidae,Passeriformes,172.0,99261.9,1758,6.3919,Greater bird-of-paradise,1779.27,32
Paradisaea decora,Paradisaeidae,Passeriformes,237.0,834.46,1883,6.7404,Goldie's bird-of-paradise,382.32,16
Paradisaea guilielmi,Paradisaeidae,Passeriformes,256.0,10730.8,1888,7.4383,Emperor bird-of-paradise,405.77,10
Paradisaea minor,Paradisaeidae,Passeriformes,207.93,273509.57,1809,7.3509,Lesser bird-of-paradise,617.83,41
Paradisaea raggiana,Paradisaeidae,Passeriformes,212.59,200424.71,1873,6.9418,Raggiana bird-of-paradise,1956.19,36
Paradisaea rubra,Paradisaeidae,Passeriformes,178.2,3877.44,1800,7.497,Red bird-of-paradise,832.29,19
Paradisornis rudolphi,Paradisaeidae,Passeriformes,164.09,21767.84,1886,6.6148,Blue bird-of-paradise,779.97,6
Paradoxornis flavirostris,Sylviidae,Passeriformes,26.0,36993.82,1836,6.1489,Black-breasted parrotbill,187.06,20
Paradoxornis guttaticollis,Sylviidae,Passeriformes,26.0,1409894.64,1871,6.3351,Spot-breasted parrotbill,65.58,19
Paradoxornis heudei,Sylviidae,Passeriformes,32.0,452378.34,1872,6.4087,Reed parrotbill,79.91,33
Paragallinula angulata,Rallidae,Gruiformes,129.98,11737913.2,1850,5.3954,Lesser moorhen,222.2,9
Pardaliparus amabilis,Paridae,Passeriformes,12.68,14312.45,1877,6.7572,Palawan tit,91.05,2
Pardaliparus elegans,Paridae,Passeriformes,12.83,272069.25,1831,5.7346,Elegant tit,239.22,7
Pardaliparus venustulus,Paridae,Passeriformes,10.6,1615993.56,1870,5.9298,Yellow-bellied tit,179.3,10
Pardalotus punctatus,Pardalotidae,Passeriformes,8.7,2170812.26,1792,7.0821,Spotted pardalote,941.86,20
Pardalotus quadragintus,Pardalotidae,Passeriformes,10.7,473.96,1838,6.974,Forty-spotted pardalote,355.84,29
Pardalotus rubricatus,Pardalotidae,Passeriformes,10.9,5191015.83,1838,6.9172,Red-browed pardalote,118.1,15
Pardalotus striatus,Pardalotidae,Passeriformes,11.44,3215729.85,1789,6.7794,Striated pardalote,557.02,20
Pardirallus maculatus,Rallidae,Gruiformes,171.0,7546722.29,1783,5.4662,Spotted rail,171.85,37
Pardirallus nigricans,Rallidae,Gruiformes,217.0,3254810.22,1819,5.6604,Blackish rail,49.84,13
Pardirallus sanguinolentus,Rallidae,Gruiformes,232.0,4579906.01,1838,4.8288,Plumbeous rail,88.51,26
Parkerthraustes humeralis,Thraupidae,Passeriformes,37.0,1929725.38,1867,5.8638,Yellow-shouldered grosbeak,63.66,14
Parkesia motacilla,Parulidae,Passeriformes,19.9,2411690.61,1809,5.8959,Louisiana waterthrush,585.92,88
Parkesia noveboracensis,Parulidae,Passeriformes,16.3,7602956.73,1789,5.5762,Northern waterthrush,771.54,108
Parmoptila jamesoni,Estrildidae,Passeriformes,9.5,365703.46,1890,6.4022,Jameson's antpecker,82.5,8
Parmoptila rubrifrons,Estrildidae,Passeriformes,9.49,97502.69,1872,5.6939,Red-fronted antpecker,45.85,7
Parmoptila woodhousei,Estrildidae,Passeriformes,9.4,716141.13,1859,5.3335,Woodhouse's antpecker,40.86,6
Paroaria baeri,Thraupidae,Passeriformes,25.8,107338.32,1907,6.0788,Crimson-fronted cardinal,41.52,18
Paroaria capitata,Thraupidae,Passeriformes,22.3,1522354.91,1837,6.2265,Yellow-billed cardinal,564.15,36
Paroaria coronata,Thraupidae,Passeriformes,37.79,2390719.02,1776,7.0594,Red-crested cardinal,3679.7,86
Paroaria dominicana,Thraupidae,Passeriformes,33.2,1212763.44,1758,6.3981,Red-cowled cardinal,198.6,70
Paroaria gularis,Thraupidae,Passeriformes,23.6,4448336.3,1766,6.349,Red-capped cardinal,206.24,36
Paroaria nigrogenis,Thraupidae,Passeriformes,21.5,460114.03,1846,7.1044,Masked cardinal,92.49,13
Paroreomyza montana,Fringillidae,Passeriformes,13.12,255.12,1890,5.6562,Maui ʻalauahio,79.23,20
Parotia berlepschi,Paradisaeidae,Passeriformes,163.16,779.37,1897,6.4998,Bronze parotia,224.21,11
Parotia carolae,Paradisaeidae,Passeriformes,163.16,23107.83,1894,6.5157,Carola's parotia,276.34,15
Parotia lawesii,Paradisaeidae,Passeriformes,161.4,96297.67,1885,5.1597,Lawes's parotia,417.69,19
Parotia sefilata,Paradisaeidae,Passeriformes,181.72,7209.38,1781,6.3485,Western parotia,696.06,11
Parotia wahnesi,Paradisaeidae,Passeriformes,158.0,4260.37,1906,5.0938,Wahnes's parotia,210.84,14
Parus monticolus,Paridae,Passeriformes,13.95,1684621.77,1831,6.9096,Green-backed tit,325.42,48
Passer ammodendri,Passeridae,Passeriformes,28.94,1302317.47,1872,5.5012,Saxaul sparrow,355.59,23
Passer castanopterus,Passeridae,Passeriformes,18.0,712666.84,1855,5.2586,Somali sparrow,100.03,15
Passer cinnamomeus,Passeridae,Passeriformes,18.46,4611660.97,1836,5.446,Russet sparrow,970.9,22
Passer diffusus,Passeridae,Passeriformes,24.2,3365122.44,1836,4.8909,Southern grey-headed sparrow,185.12,11
Passer domesticus,Passeridae,Passeriformes,26.51,34407867.59,1758,6.4825,House sparrow,38785.47,1708
Passer eminibey,Passeridae,Passeriformes,13.4,549271.11,1880,5.9295,Chestnut sparrow,257.65,10
Passer euchlorus,Passeridae,Passeriformes,14.0,163824.35,1850,6.4062,Arabian golden sparrow,158.16,19
Passer flaveolus,Passeridae,Passeriformes,19.4,1319875.05,1845,5.8453,Plain-backed sparrow,128.95,11
Passer gongonensis,Passeridae,Passeriformes,39.9,1125295.41,1890,5.347,Parrot-billed sparrow,152.29,6
Passer griseus,Passeridae,Passeriformes,27.82,10513534.53,1817,4.9662,Northern grey-headed sparrow,244.71,28
Passer hispaniolensis,Passeridae,Passeriformes,24.2,4197257.38,1820,5.9102,Spanish sparrow,969.42,83
Passer iagoensis,Passeridae,Passeriformes,31.5,3585.23,1838,5.4325,Iago sparrow,265.75,13
Passer insularis,Passeridae,Passeriformes,27.3,3671.44,1881,4.8847,Socotra sparrow,197.43,6
Passer italiae,Passeridae,Passeriformes,28.3,312371.57,1817,5.6861,Italian sparrow,1055.05,60
Passer luteus,Passeridae,Passeriformes,11.2,2874074.9,1823,6.242,Sudan golden sparrow,339.83,23
Passer melanurus,Passeridae,Passeriformes,29.5,1765360.17,1776,6.1351,Cape sparrow,1167.47,22
Passer moabiticus,Passeridae,Passeriformes,16.46,187596.66,1864,5.2897,Dead Sea sparrow,395.44,30
Passer montanus,Passeridae,Passeriformes,21.39,39069801.39,1758,5.4137,Eurasian tree sparrow,7607.49,610
Passer motitensis,Passeridae,Passeriformes,30.16,1648538.38,1836,5.2811,Great sparrow,237.78,6
Passer pyrrhonotus,Passeridae,Passeriformes,21.95,524876.72,1845,5.0049,Sind sparrow,783.86,11
Passer rufocinctus,Passeridae,Passeriformes,27.8,90120.46,1884,5.3089,Kenya sparrow,100.42,6
Passer shelleyi,Passeridae,Passeriformes,21.95,201266.84,1891,5.5637,Shelley's sparrow,77.04,11
Passer simplex,Passeridae,Passeriformes,19.5,660184.35,1823,5.6157,Desert sparrow,258.65,9
Passer suahelicus,Passeridae,Passeriformes,25.0,282661.66,1904,4.9241,Swahili sparrow,90.56,5
Passer swainsonii,Passeridae,Passeriformes,31.6,752104.1,1840,5.44,Swainson's sparrow,85.47,6
Passer zarudnyi,Passeridae,Passeriformes,19.5,186401.05,1896,6.335,Zarudny's sparrow,76.43,6
Passerculus bairdii,Passerellidae,Passeriformes,18.05,830096.01,1844,5.1016,,,5
Passerculus henslowii,Passerellidae,Passeriformes,12.8,1306487.74,1829,5.5779,,,12
Passerella arborea,Passerellidae,Passeriformes,17.83,4982333.58,1810,6.2632,American tree sparrow,1551.8,6
Passerina amoena,Cardinalidae,Passeriformes,15.49,2824052.43,1822,6.8098,Lazuli bunting,1687.5,92
Passerina caerulea,Cardinalidae,Passeriformes,27.39,5300267.2,1758,7.1031,Blue grosbeak,2029.62,92
Passerina ciris,Cardinalidae,Passeriformes,15.54,1410893.89,1758,6.8303,Painted bunting,6873.37,171
Passerina cyanea,Cardinalidae,Passeriformes,14.69,5700834.65,1766,7.418,Indigo bunting,8145.55,146
Passerina leclancherii,Cardinalidae,Passeriformes,14.0,140628.19,1840,7.6876,Orange-breasted bunting,274.55,56
Passerina rositae,Cardinalidae,Passeriformes,20.0,6979.8,1874,7.6867,Rose-bellied bunting,141.49,40
Passerina versicolor,Cardinalidae,Passeriformes,12.89,1390079.55,1838,6.3402,Varied bunting,322.58,37
Pastor roseus,Sturnidae,Passeriformes,72.97,5911355.59,1758,6.1284,Rosy starling,1636.59,77
Patagioenas araucana,Columbidae,Columbiformes,270.0,289225.92,1827,4.7341,Chilean pigeon,174.3,17
Patagioenas caribaea,Columbidae,Columbiformes,250.0,7105.93,1784,4.4244,Ring-tailed pigeon,196.22,13
Patagioenas cayennensis,Columbidae,Columbiformes,229.0,13517479.29,1792,5.1912,Pale-vented pigeon,218.08,31
Patagioenas corensis,Columbidae,Columbiformes,272.29,129079.86,1784,5.7778,Bare-eyed pigeon,208.52,10
Patagioenas flavirostris,Columbidae,Columbiformes,270.81,917034.76,1831,5.4136,Red-billed pigeon,284.02,18
Patagioenas goodsoni,Columbidae,Columbiformes,176.0,87027.2,1902,4.8274,Dusky pigeon,90.28,5
Patagioenas inornata,Columbidae,Columbiformes,365.0,50937.43,1827,5.4289,Plain pigeon,343.02,11
Patagioenas leucocephala,Columbidae,Columbiformes,240.14,238971.29,1758,5.1906,White-crowned pigeon,774.38,31
Patagioenas nigrirostris,Columbidae,Columbiformes,176.0,352468.53,1860,5.267,Short-billed pigeon,121.58,9
Patagioenas oenops,Columbidae,Columbiformes,264.57,5928.3,1895,4.9802,Maranon pigeon,102.37,18
Patagioenas picazuro,Columbidae,Columbiformes,279.0,5829252.93,1813,5.3006,Picazuro pigeon,248.58,62
Patagioenas plumbea,Columbidae,Columbiformes,178.77,6564806.47,1818,4.8607,Plumbeous pigeon,129.93,30
Patagioenas speciosa,Columbidae,Columbiformes,258.47,7713359.51,1789,5.4209,Scaled pigeon,229.82,22
Patagioenas squamosa,Columbidae,Columbiformes,312.0,202802.2,1792,5.3694,Scaly-naped pigeon,427.68,22
Patagioenas subvinacea,Columbidae,Columbiformes,162.48,6899058.97,1868,5.5473,Ruddy pigeon,142.34,40
Patagona gigas,Trochilidae,Caprimulgiformes,20.2,1270749.2,1824,6.7284,Southern giant hummingbird,906.0,58
Pauxi pauxi,Cracidae,Galliformes,3117.69,40122.69,1766,3.5384,Helmeted curassow,350.58,36
Pauxi unicornis,Cracidae,Galliformes,3743.23,8476.12,1939,4.6896,Horned curassow,203.92,21
Pavo cristatus,Phasianidae,Galliformes,4154.81,2837970.09,1758,7.1777,Indian peafowl,26246.53,378
Pavo muticus,Phasianidae,Galliformes,2205.71,1114252.33,1766,6.7093,Green peafowl,5782.09,192
Pedionomus torquatus,Pedionomidae,Charadriiformes,62.52,32628.67,1840,4.7291,,,56
Pelagodroma marina,Oceanitidae,Procellariiformes,47.2,104837176.2,1790,5.6871,White-faced storm petrel,446.48,88
Pelargopsis amauroptera,Alcedinidae,Coraciiformes,162.0,126305.17,1841,7.3828,Brown-winged kingfisher,196.83,12
Pelargopsis capensis,Alcedinidae,Coraciiformes,178.68,5091973.15,1766,6.667,Stork-billed kingfisher,893.93,24
Pelargopsis melanorhyncha,Alcedinidae,Coraciiformes,193.26,168034.98,1826,6.5076,Great-billed kingfisher,68.89,5
Pelecanoides garnotii,Procellariidae,Procellariiformes,219.72,469385.96,1828,5.0218,Peruvian diving petrel,100.56,33
Pelecanoides magellani,Procellariidae,Procellariiformes,134.0,1187555.99,1912,4.9931,Magellanic diving petrel,54.66,13
Pelecanoides urinatrix,Procellariidae,Procellariiformes,152.06,21746036.6,1789,5.1865,Common diving petrel,173.53,56
Pelecanus conspicillatus,Pelecanidae,Pelecaniformes,5505.0,5368503.51,1824,5.4074,Australian pelican,2980.36,46
Pelecanus crispus,Pelecanidae,Pelecaniformes,9512.09,3326029.46,1832,5.4134,Dalmatian pelican,4479.93,219
Pelecanus erythrorhynchos,Pelecanidae,Pelecaniformes,5608.48,1206894.35,1789,5.8012,American white pelican,5873.85,157
Pelecanus occidentalis,Pelecanidae,Pelecaniformes,3427.84,1823742.36,1766,5.7519,Brown pelican,6933.67,233
Pelecanus onocrotalus,Pelecanidae,Pelecaniformes,9322.31,810182.64,1758,5.2607,Great white pelican,5592.07,180
Pelecanus philippensis,Pelecanidae,Pelecaniformes,5010.98,1380714.42,1789,5.8595,Spot-billed pelican,1748.82,116
Pelecanus rufescens,Pelecanidae,Pelecaniformes,5419.63,14141336.63,1789,5.3766,Pink-backed pelican,911.67,35
Pelecanus thagus,Pelecanidae,Pelecaniformes,3427.84,367189.12,1782,5.4597,Peruvian pelican,819.77,65
Peliperdix lathami,Phasianidae,Galliformes,269.0,2655327.38,1854,5.5755,Latham's francolin,96.02,6
Pellorneum albiventre,Pellorneidae,Passeriformes,21.5,461554.39,1877,5.7278,Spot-throated babbler,59.25,8
Pellorneum fuscocapillus,Pellorneidae,Passeriformes,30.0,53280.69,1849,5.2351,Brown-capped babbler,93.11,8
Pellorneum palustre,Pellorneidae,Passeriformes,21.5,62696.43,1872,4.9146,Marsh babbler,65.55,16
Pellorneum ruficeps,Pellorneidae,Passeriformes,26.0,2044549.11,1832,5.6283,Puff-throated babbler,224.85,17
Peltohyas australis,Charadriidae,Charadriiformes,83.5,651810.43,1841,6.081,Inland dotterel,155.84,13
Peltops blainvillii,Artamidae,Passeriformes,30.0,529218.0,1827,6.0163,Lowland peltops,57.28,11
Peltops montanus,Artamidae,Passeriformes,31.6,324099.4,1921,6.319,Mountain peltops,50.67,8
Penelope albipennis,Cracidae,Galliformes,1750.0,3108.85,1878,5.7024,White-winged guan,180.91,78
Penelope argyrotis,Cracidae,Galliformes,806.71,88746.24,1856,5.5759,Band-tailed guan,81.07,14
Penelope barbata,Cracidae,Galliformes,665.0,16461.26,1921,4.609,Bearded guan,81.42,17
Penelope dabbenei,Cracidae,Galliformes,1230.0,31904.43,1942,4.9798,Red-faced guan,74.92,19
Penelope jacquacu,Cracidae,Galliformes,1487.9,5007343.09,1825,5.6643,Spix's guan,185.18,39
Penelope jacucaca,Cracidae,Galliformes,1400.0,617593.52,1825,5.0823,White-browed guan,65.94,41
Penelope marail,Cracidae,Galliformes,879.67,1217966.93,1776,5.2802,Marail guan,91.43,10
Penelope montagnii,Cracidae,Galliformes,706.0,368616.68,1856,5.1397,Andean guan,149.64,29
Penelope ochrogaster,Cracidae,Galliformes,1249.8,30953.73,1870,4.9963,Chestnut-bellied guan,95.22,63
Penelope ortoni,Cracidae,Galliformes,872.0,77623.51,1874,5.3447,Baudo guan,81.3,30
Penelope perspicax,Cracidae,Galliformes,1197.0,107.66,1911,5.1485,Cauca guan,96.72,63
Penelope pileata,Cracidae,Galliformes,1249.79,1046616.16,1830,5.3789,White-crested guan,72.97,22
Penelope purpurascens,Cracidae,Galliformes,2060.0,1269425.48,1830,5.3746,Crested guan,450.7,73
Penelope superciliaris,Cracidae,Galliformes,894.99,5614395.75,1815,5.3379,Rusty-margined guan,141.17,67
Penelopides manillae,Bucerotidae,Bucerotiformes,460.86,104660.9,1783,6.5401,Luzon hornbill,225.22,19
Penelopides mindorensis,Bucerotidae,Bucerotiformes,462.0,1008.82,1890,6.0546,Mindoro hornbill,151.96,11
Penelopides panini,Bucerotidae,Bucerotiformes,470.54,26680.43,1783,6.6809,Visayan hornbill,432.98,29
Penelopina nigra,Cracidae,Galliformes,889.99,103251.96,1852,5.7362,Highland guan,136.51,39
Peneoenanthe pulverulenta,Petroicidae,Passeriformes,19.19,435422.99,1850,6.1347,Mangrove robin,71.19,9
Peneothello bimaculata,Petroicidae,Passeriformes,23.77,51621.47,1874,5.9263,White-rumped robin,27.76,8
Peneothello cryptoleuca,Petroicidae,Passeriformes,18.9,45602.01,1930,5.7289,Smoky robin,28.45,6
Peneothello cyanus,Petroicidae,Passeriformes,24.98,167864.7,1874,7.0529,Slaty robin,39.68,13
Peneothello sigillata,Petroicidae,Passeriformes,22.8,77436.99,1890,6.4338,White-winged robin,47.38,13
Percnostola arenarum,Thamnophilidae,Passeriformes,23.0,8817.12,2002,5.1556,Allpahuayo antbird,37.64,15
Percnostola rufifrons,Thamnophilidae,Passeriformes,23.89,1139425.12,1789,5.5943,Black-headed antbird,32.54,19
Perdicula argoondah,Phasianidae,Galliformes,60.48,1182863.73,1832,5.985,Rock bush quail,238.22,14
Perdicula asiatica,Phasianidae,Galliformes,68.36,2185368.61,1790,5.895,Jungle bush quail,444.0,35
Perdicula erythrorhyncha,Phasianidae,Galliformes,67.55,502809.33,1832,5.3623,Painted bush quail,225.31,10
Perdix dauurica,Phasianidae,Galliformes,263.41,7620113.07,1811,5.6053,Daurian partridge,273.29,45
Perdix hodgsoniae,Phasianidae,Galliformes,363.73,1000982.76,1856,5.5347,Tibetan partridge,184.18,31
Perdix perdix,Phasianidae,Galliformes,405.3,10032916.79,1758,6.2726,Grey partridge,4314.91,425
Pericrocotus albifrons,Campephagidae,Passeriformes,10.8,161614.31,1862,6.2529,Jerdon's minivet,25.01,7
Pericrocotus brevirostris,Campephagidae,Passeriformes,16.49,2416801.64,1831,5.6053,Short-billed minivet,81.33,14
Pericrocotus cantonensis,Campephagidae,Passeriformes,16.26,1995739.61,1861,5.8543,Swinhoe's minivet,56.95,16
Pericrocotus cinnamomeus,Campephagidae,Passeriformes,8.6,4793425.28,1766,6.3299,Small minivet,328.98,16
Pericrocotus divaricatus,Campephagidae,Passeriformes,24.6,947644.87,1822,5.474,Ashy minivet,240.04,18
Pericrocotus erythropygius,Campephagidae,Passeriformes,10.8,1571440.41,1840,6.0712,White-bellied minivet,95.98,11
Pericrocotus ethologus,Campephagidae,Passeriformes,18.97,3896355.72,1914,6.3111,Long-tailed minivet,142.47,14
Pericrocotus igneus,Campephagidae,Passeriformes,15.0,1266299.03,1846,6.9948,Fiery minivet,117.23,7
Pericrocotus lansbergei,Campephagidae,Passeriformes,16.26,30021.14,1886,7.3528,Little minivet,37.15,6
Pericrocotus miniatus,Campephagidae,Passeriformes,16.26,155206.18,1822,6.4168,Sunda minivet,48.88,7
Pericrocotus roseus,Campephagidae,Passeriformes,19.2,1556822.15,1818,6.4219,Rosy minivet,102.56,14
Pericrocotus tegimae,Campephagidae,Passeriformes,21.0,58093.74,1887,5.9135,Ryukyu minivet,93.96,14
Periparus ater,Paridae,Passeriformes,9.2,18987457.58,1758,7.2131,Coal tit,5885.43,151
Periparus rubidiventris,Paridae,Passeriformes,11.83,949945.6,1847,6.7242,Rufous-vented tit,144.48,14
Periparus rufonuchalis,Paridae,Passeriformes,12.64,530583.68,1849,5.1465,Rufous-naped tit,116.19,15
Perisoreus canadensis,Corvidae,Passeriformes,71.58,7301159.58,1766,6.126,Canada jay,4276.3,119
Perisoreus infaustus,Corvidae,Passeriformes,84.4,11840129.85,1758,6.12,Siberian jay,2264.5,69
Perisoreus internigrans,Corvidae,Passeriformes,102.0,143343.38,1912,5.8083,Sichuan jay,209.53,29
Perissocephalus tricolor,Cotingidae,Passeriformes,338.88,1655180.77,1776,6.0239,,,21
Pernis apivorus,Accipitridae,Accipitriformes,754.37,9317297.54,1758,6.2696,European honey buzzard,4922.74,236
Pernis celebensis,Accipitridae,Accipitriformes,721.99,155679.51,1868,5.9074,Barred honey buzzard,153.22,12
Pernis ptilorhynchus,Accipitridae,Accipitriformes,1141.13,11263289.52,1821,6.487,Crested honey buzzard,2158.52,86
Pernis steerei,Accipitridae,Accipitriformes,721.99,260315.9,1919,6.0914,Philippine honey buzzard,134.53,7
Petrochelidon ariel,Hirundinidae,Passeriformes,10.84,5369308.61,1842,5.6759,Fairy martin,300.88,10
Petrochelidon fluvicola,Hirundinidae,Passeriformes,9.7,2395920.38,1855,5.4771,Streak-throated swallow,192.82,13
Petrochelidon fulva,Hirundinidae,Passeriformes,18.95,988239.6,1808,6.1242,Cave swallow,722.83,46
Petrochelidon nigricans,Hirundinidae,Passeriformes,15.4,6475549.92,1817,5.6403,Tree martin,221.56,18
Petrochelidon preussi,Hirundinidae,Passeriformes,13.3,2226117.98,1898,6.4797,Preuss's cliff swallow,56.73,9
Petrochelidon pyrrhonota,Hirundinidae,Passeriformes,21.6,11994340.08,1817,6.8867,Cliff swallow,907.78,189
Petrochelidon rufigula,Hirundinidae,Passeriformes,15.9,1298041.09,1878,6.0568,Red-throated cliff swallow,67.17,10
Petrochelidon rufocollaris,Hirundinidae,Passeriformes,15.87,109832.36,1848,6.0586,Chestnut-collared swallow,50.42,13
Petrochelidon spilodera,Hirundinidae,Passeriformes,20.6,625273.57,1850,5.4952,South African cliff swallow,296.89,10
Petroica archboldi,Petroicidae,Passeriformes,12.22,2698.63,1940,6.058,Snow Mountains robin,57.43,6
Petroica australis,Petroicidae,Passeriformes,31.33,43012.79,1788,6.0762,South Island robin,456.18,45
Petroica bivittata,Petroicidae,Passeriformes,9.0,16203.38,1897,5.2764,Mountain robin,43.49,9
Petroica boodang,Petroicidae,Passeriformes,12.5,616459.04,1837,6.5405,Scarlet robin,735.52,13
Petroica goodenovii,Petroicidae,Passeriformes,8.9,6551523.57,1827,7.0356,Red-capped robin,556.4,22
Petroica longipes,Petroicidae,Passeriformes,31.33,37371.1,1827,6.3818,North Island robin,304.34,63
Petroica multicolor,Petroicidae,Passeriformes,11.36,37.92,1789,6.066,Norfolk robin,123.4,28
Petroica phoenicea,Petroicidae,Passeriformes,13.0,218089.7,1837,6.1868,Flame robin,951.39,18
Petroica pusilla,Petroicidae,Passeriformes,11.36,49789.55,1849,7.0657,Pacific robin,160.07,9
Petroica rodinogaster,Petroicidae,Passeriformes,10.24,103769.56,1819,6.2255,Pink robin,2098.03,12
Petroica rosea,Petroicidae,Passeriformes,8.2,139967.55,1840,7.143,Rose robin,366.91,15
Petroica traversi,Petroicidae,Passeriformes,23.5,3.9,1872,6.354,Black robin,5708.52,37
Petronia petronia,Passeridae,Passeriformes,30.2,7800913.29,1766,5.0964,Rock sparrow,556.71,58
Petrophassa albipennis,Columbidae,Columbiformes,124.27,235719.79,1841,4.6014,White-quilled rock pigeon,87.61,15
Petrophassa rufipennis,Columbidae,Columbiformes,159.0,55159.82,1898,5.3311,Chestnut-quilled rock pigeon,78.23,12
Peucaea aestivalis,Passerellidae,Passeriformes,19.56,761850.7,1823,5.5106,Bachman's sparrow,532.42,91
Peucaea botterii,Passerellidae,Passeriformes,19.9,998316.54,1858,5.124,Botteri's sparrow,100.08,32
Peucaea carpalis,Passerellidae,Passeriformes,15.3,175983.96,1873,5.4853,Rufous-winged sparrow,103.43,29
Peucaea cassinii,Passerellidae,Passeriformes,18.9,2032508.77,1852,4.9672,Cassin's sparrow,431.55,71
Peucaea humeralis,Passerellidae,Passeriformes,23.9,83912.61,1851,5.7733,Black-chested sparrow,52.11,25
Peucaea mystacalis,Passerellidae,Passeriformes,22.2,52598.3,1852,5.624,Bridled sparrow,53.23,14
Peucaea ruficauda,Passerellidae,Passeriformes,28.2,263649.93,1853,5.8778,Stripe-headed sparrow,124.47,25
Peucaea sumichrasti,Passerellidae,Passeriformes,29.43,6391.77,1871,5.1983,Cinnamon-tailed sparrow,46.77,25
Peucedramus taeniatus,Peucedramidae,Passeriformes,11.0,692877.18,1847,7.0251,Olive warbler,271.89,30
Pezopetes capitalis,Passerellidae,Passeriformes,55.8,3401.86,1861,5.6545,Large-footed finch,35.14,31
Pezoporus occidentalis,Psittacidae,Psittaciformes,130.0,66684.53,1861,5.5808,Night parrot,4065.38,64
Pezoporus wallicus,Psittacidae,Psittaciformes,71.21,195370.72,1792,6.6301,Ground parrot,179.98,28
Phacellodomus dorsalis,Furnariidae,Passeriformes,35.87,1824.8,1895,5.5044,Chestnut-backed thornbird,23.48,11
Phacellodomus erythrophthalmus,Furnariidae,Passeriformes,24.5,394570.11,1821,5.72,Orange-eyed thornbird,35.41,19
Phacellodomus ferrugineigula,Furnariidae,Passeriformes,24.5,586137.08,1858,5.9734,Orange-breasted thornbird,38.65,12
Phacellodomus maculipectus,Furnariidae,Passeriformes,21.9,119584.53,1883,5.2432,Spot-breasted thornbird,19.67,11
Phacellodomus ruber,Furnariidae,Passeriformes,41.0,2766219.77,1817,5.5754,Greater thornbird,361.49,18
Phacellodomus sibilatrix,Furnariidae,Passeriformes,15.5,1150059.83,1879,5.725,Little thornbird,47.86,10
Phacellodomus striaticeps,Furnariidae,Passeriformes,29.1,304772.68,1838,5.3236,Streak-fronted thornbird,21.16,14
Phacellodomus striaticollis,Furnariidae,Passeriformes,25.7,651178.34,1838,5.7377,Freckle-breasted thornbird,51.61,13
Phaenicophaeus diardi,Cuculidae,Cuculiformes,62.1,1255042.99,1830,6.0319,Black-bellied malkoha,92.34,11
Phaenicophaeus pyrrhocephalus,Cuculidae,Cuculiformes,91.9,36559.21,1769,6.316,Red-faced malkoha,281.13,13
Phaenicophaeus sumatranus,Cuculidae,Cuculiformes,91.94,1280940.39,1822,5.7983,Chestnut-bellied malkoha,96.59,10
Phaenicophaeus tristis,Cuculidae,Cuculiformes,117.0,4373319.66,1830,5.5889,Green-billed malkoha,285.19,19
Phaenicophaeus viridirostris,Cuculidae,Cuculiformes,67.0,785946.33,1840,6.2709,Blue-faced malkoha,307.86,9
Phaenicophilus palmarum,Phaenicophilidae,Passeriformes,30.5,66937.13,1766,6.3063,Black-crowned palm-tanager,26.68,14
Phaenicophilus poliocephalus,Phaenicophilidae,Passeriformes,31.0,9268.82,1851,5.416,Grey-crowned palm-tanager,14.38,12
Phaenostictus mcleannani,Thamnophilidae,Passeriformes,51.1,254363.89,1860,6.4881,Ocellated antbird,87.61,24
Phaethon aethereus,Phaethontidae,Phaethontiformes,749.99,24455.23,1758,7.3035,Red-billed tropicbird,2093.16,123
Phaethon lepturus,Phaethontidae,Phaethontiformes,328.04,88168.39,1802,7.2253,White-tailed tropicbird,3063.91,81
Phaethon rubricauda,Phaethontidae,Phaethontiformes,671.87,187720.42,1783,6.9113,Red-tailed tropicbird,1599.02,71
Phaethornis aethopygus,Trochilidae,Caprimulgiformes,3.0,177912.39,1950,6.2325,Tapajós hermit,39.39,23
Phaethornis anthophilus,Trochilidae,Caprimulgiformes,5.9,413680.8,1843,6.299,Pale-bellied hermit,55.48,22
Phaethornis atrimentalis,Trochilidae,Caprimulgiformes,2.6,829137.73,1858,6.7488,Black-throated hermit,70.17,13
Phaethornis augusti,Trochilidae,Caprimulgiformes,6.0,557848.62,1847,6.3749,Sooty-capped hermit,61.1,17
Phaethornis eurynome,Trochilidae,Caprimulgiformes,5.3,934246.25,1832,7.2416,Scale-throated hermit,62.68,40
Phaethornis guy,Trochilidae,Caprimulgiformes,6.3,555160.16,1833,7.1779,Green hermit,223.97,27
Phaethornis hispidus,Trochilidae,Caprimulgiformes,5.0,4008483.06,1846,5.8226,White-bearded hermit,60.17,21
Phaethornis idaliae,Trochilidae,Caprimulgiformes,2.6,154965.58,1856,6.4061,Minute hermit,62.14,24
Phaethornis koepckeae,Trochilidae,Caprimulgiformes,5.03,112547.48,1977,6.2591,Koepcke's hermit,79.28,16
Phaethornis longuemareus,Trochilidae,Caprimulgiformes,3.0,281728.0,1832,6.7497,Little hermit,108.29,15
Phaethornis malaris,Trochilidae,Caprimulgiformes,5.9,3790374.78,1835,6.6399,Great-billed hermit,77.31,25
Phaethornis mexicanus,Trochilidae,Caprimulgiformes,6.0,91126.79,1897,6.3033,Mexican hermit,78.84,45
Phaethornis nattereri,Trochilidae,Caprimulgiformes,3.1,788857.71,1887,5.7038,Cinnamon-throated hermit,69.42,23
Phaethornis philippii,Trochilidae,Caprimulgiformes,5.0,1596505.84,1847,6.6101,Needle-billed hermit,56.01,17
Phaethornis pretrei,Trochilidae,Caprimulgiformes,5.6,3736605.66,1839,6.7716,Planalto hermit,77.62,33
Phaethornis ruber,Trochilidae,Caprimulgiformes,2.4,9729125.66,1758,6.0051,Reddish hermit,96.47,33
Phaethornis rupurumii,Trochilidae,Caprimulgiformes,3.7,570013.04,1892,6.5697,Streak-throated hermit,60.38,14
Phaethornis squalidus,Trochilidae,Caprimulgiformes,3.4,272378.96,1822,6.7142,Dusky-throated hermit,61.65,28
Phaethornis striigularis,Trochilidae,Caprimulgiformes,3.0,764879.78,1854,6.5672,Stripe-throated hermit,126.74,30
Phaethornis stuarti,Trochilidae,Caprimulgiformes,2.9,147916.92,1897,6.1164,White-browed hermit,49.73,8
Phaethornis subochraceus,Trochilidae,Caprimulgiformes,3.8,338446.17,1915,6.3071,Buff-bellied hermit,51.74,20
Phaethornis superciliosus,Trochilidae,Caprimulgiformes,6.3,2562623.83,1766,6.5369,Long-tailed hermit,103.73,18
Phaethornis syrmatophorus,Trochilidae,Caprimulgiformes,5.8,159638.35,1852,6.9331,Tawny-bellied hermit,94.18,24
Phaethornis yaruqui,Trochilidae,Caprimulgiformes,5.4,119931.58,1851,7.1002,White-whiskered hermit,79.18,16
Phaetusa simplex,Laridae,Charadriiformes,235.0,13310337.49,1789,6.1452,Large-billed tern,196.1,29
Phainopepla nitens,Ptiliogonatidae,Passeriformes,22.1,1250356.67,1838,6.3532,,,85
Phainoptila melanoxantha,Ptiliogonatidae,Passeriformes,56.0,6565.63,1877,6.0123,Black-and-yellow phainoptila,81.75,22
Phalacrocorax capensis,Phalacrocoracidae,Suliformes,1211.74,236166.74,1788,5.6034,Cape cormorant,406.14,31
Phalacrocorax capillatus,Phalacrocoracidae,Suliformes,2801.78,71833.77,1849,5.5122,Japanese cormorant,554.12,31
Phalacrocorax carbo,Phalacrocoracidae,Suliformes,2528.97,24540701.98,1758,4.9845,Great cormorant,6991.14,672
Phalacrocorax featherstoni,Phalacrocoracidae,Suliformes,1041.85,11945.38,1873,5.3324,Pitt shag,146.58,10
Phalacrocorax fuscescens,Phalacrocoracidae,Suliformes,1515.0,203014.55,1817,5.554,Black-faced cormorant,292.68,17
Phalacrocorax fuscicollis,Phalacrocoracidae,Suliformes,706.0,1187570.01,1826,4.4704,Indian cormorant,859.23,16
Phalacrocorax neglectus,Phalacrocoracidae,Suliformes,1944.21,89535.8,1855,4.55,Bank cormorant,181.32,33
Phalacrocorax nigrogularis,Phalacrocoracidae,Suliformes,1560.0,172069.23,1899,4.8349,Socotra cormorant,593.44,34
Phalacrocorax punctatus,Phalacrocoracidae,Suliformes,1184.73,85166.45,1786,5.1321,Spotted shag,295.93,22
Phalacrocorax sulcirostris,Phalacrocoracidae,Suliformes,994.98,2431360.5,1837,4.2209,Little black cormorant,619.67,28
Phalacrocorax varius,Phalacrocoracidae,Suliformes,1940.65,4379236.12,1789,5.1912,Australian pied cormorant,717.54,19
Phalaenoptilus nuttallii,Caprimulgidae,Caprimulgiformes,48.33,4384334.96,1844,5.7428,Common poorwill,1683.29,72
Phalaropus fulicarius,Scolopacidae,Charadriiformes,55.59,3783736.3,1758,6.1942,Red phalarope,675.49,140
Phalaropus lobatus,Scolopacidae,Charadriiformes,36.68,9098836.74,1758,5.8823,Red-necked phalarope,1096.78,180
Phalcoboenus albogularis,Falconidae,Falconiformes,808.99,341178.69,1837,6.5623,White-throated caracara,170.38,15
Phalcoboenus australis,Falconidae,Falconiformes,1187.0,23812.36,1788,7.1969,Striated caracara,1088.53,44
Phalcoboenus carunculatus,Falconidae,Falconiformes,787.99,44955.98,1853,5.6817,Carunculated caracara,214.75,21
Phalcoboenus chimango,Falconidae,Falconiformes,296.0,3930614.85,1816,6.328,Chimango caracara,765.65,15
Phalcoboenus megalopterus,Falconidae,Falconiformes,787.99,1011292.22,1834,5.9108,Mountain caracara,392.88,28
Phapitreron brunneiceps,Columbidae,Columbiformes,146.0,95407.83,1894,5.5185,Mindanao brown dove,67.53,8
Phaps chalcoptera,Columbidae,Columbiformes,330.74,5889502.17,1790,5.6397,Common bronzewing,674.02,19
Phaps elegans,Columbidae,Columbiformes,211.36,694565.11,1809,5.6727,Brush bronzewing,271.04,15
Phaps histrionica,Columbidae,Columbiformes,288.97,3734100.7,1841,5.4425,Flock bronzewing,157.43,17
Pharomachrus antisianus,Trogonidae,Trogoniformes,152.05,427100.0,1837,7.2624,Crested quetzal,586.26,20
Pharomachrus fulgidus,Trogonidae,Trogoniformes,160.0,21862.68,1838,7.1654,White-tipped quetzal,420.07,20
Pharomachrus mocinno,Trogonidae,Trogoniformes,202.46,149097.4,1832,7.5358,Resplendent quetzal,7470.87,273
Phedina borbonica,Hirundinidae,Passeriformes,22.18,595253.95,1789,5.7048,Mascarene martin,243.71,19
Phedinopsis brazzae,Hirundinidae,Passeriformes,13.0,403109.29,1886,5.6101,Brazza's martin,471.94,6
Phegornis mitchellii,Charadriidae,Charadriiformes,35.5,761982.96,1845,5.9037,Diademed sandpiper-plover,148.22,31
Phelpsia inornata,Tyrannidae,Passeriformes,29.4,278027.72,1869,6.1793,White-bearded flycatcher,31.78,9
Pheucticus aureoventris,Cardinalidae,Passeriformes,49.0,810017.32,1837,6.7082,Black-backed grosbeak,123.68,33
Pheucticus chrysogaster,Cardinalidae,Passeriformes,55.8,537171.3,1832,6.7784,Golden grosbeak,87.36,19
Pheucticus chrysopeplus,Cardinalidae,Passeriformes,77.6,321297.58,1832,6.1766,Yellow grosbeak,278.67,33
Pheucticus ludovicianus,Cardinalidae,Passeriformes,42.0,3980871.24,1766,6.4684,Rose-breasted grosbeak,9121.94,92
Pheucticus melanocephalus,Cardinalidae,Passeriformes,47.13,4524419.42,1827,5.8707,Black-headed grosbeak,2278.59,105
Pheucticus tibialis,Cardinalidae,Passeriformes,62.3,19605.63,1867,6.7506,Black-thighed grosbeak,81.24,21
Pheugopedius atrogularis,Troglodytidae,Passeriformes,24.18,34566.04,1865,5.2018,Black-throated wren,47.37,10
Pheugopedius coraya,Troglodytidae,Passeriformes,17.2,3811040.46,1789,4.7118,Coraya wren,45.92,18
Pheugopedius eisenmanni,Troglodytidae,Passeriformes,23.1,17967.71,1985,6.0957,Inca wren,40.99,20
Pheugopedius fasciatoventris,Troglodytidae,Passeriformes,24.0,262861.22,1845,5.4742,Black-bellied wren,41.77,12
Pheugopedius felix,Troglodytidae,Passeriformes,12.75,296408.83,1860,5.6605,Happy wren,74.58,21
Pheugopedius genibarbis,Troglodytidae,Passeriformes,19.2,6326924.93,1838,5.9736,Moustached wren,32.81,28
Pheugopedius maculipectus,Troglodytidae,Passeriformes,15.0,604088.84,1845,5.1755,Spot-breasted wren,55.43,17
Pheugopedius mystacalis,Troglodytidae,Passeriformes,29.0,271375.88,1860,5.4957,Whiskered wren,37.02,17
Pheugopedius rutilus,Troglodytidae,Passeriformes,16.5,206155.13,1819,6.5257,Rufous-breasted wren,93.45,19
Pheugopedius spadix,Troglodytidae,Passeriformes,19.11,51078.73,1910,5.4578,Sooty-headed wren,27.32,16
Phigys solitarius,Psittacidae,Psittaciformes,83.26,18131.8,1800,7.1486,Collared lory,326.9,11
Philemon albitorques,Meliphagidae,Passeriformes,85.7,1887.91,1877,4.9905,Manus friarbird,63.57,9
Philemon argenticeps,Meliphagidae,Passeriformes,80.35,885758.87,1840,5.0378,Silver-crowned friarbird,72.38,16
Philemon buceroides,Meliphagidae,Passeriformes,108.64,1092195.2,1838,5.4469,Helmeted friarbird,214.87,28
Philemon citreogularis,Meliphagidae,Passeriformes,60.56,3161053.22,1837,4.9319,Little friarbird,182.49,15
Philemon cockerelli,Meliphagidae,Passeriformes,154.14,35335.21,1877,4.9625,New Britain friarbird,31.47,8
Philemon corniculatus,Meliphagidae,Passeriformes,100.71,1758116.37,1790,5.1921,Noisy friarbird,564.13,13
Philemon diemenensis,Meliphagidae,Passeriformes,65.9,17820.1,1831,5.5715,New Caledonian friarbird,45.21,10
Philemon fuscicapillus,Meliphagidae,Passeriformes,85.7,2284.07,1862,4.8926,Morotai friarbird,26.67,12
Philemon inornatus,Meliphagidae,Passeriformes,85.7,28799.07,1846,5.0571,Timor friarbird,36.18,10
Philemon kisserensis,Meliphagidae,Passeriformes,62.8,534.06,1884,4.524,Grey friarbird,28.52,7
Philemon meyeri,Meliphagidae,Passeriformes,52.0,466260.95,1878,4.3722,Meyer's friarbird,35.58,9
Philemon moluccensis,Meliphagidae,Passeriformes,85.7,8456.57,1788,4.9359,Buru friarbird,25.07,10
Philemon plumigenis,Meliphagidae,Passeriformes,85.7,4533.41,1858,4.6378,Tanimbar friarbird,26.66,8
Philemon subcorniculatus,Meliphagidae,Passeriformes,194.0,17074.17,1841,4.2242,Seram friarbird,30.95,12
Philentoma pyrhoptera,Vangidae,Passeriformes,16.9,1224085.41,1836,6.927,Rufous-winged philentoma,53.32,12
Philentoma velata,Vangidae,Passeriformes,26.1,1151168.58,1825,6.3831,Maroon-breasted philentoma,44.7,11
Philepitta castanea,Philepittidae,Passeriformes,35.4,46337.01,1776,6.8649,Velvet asity,104.77,12
Philepitta schlegeli,Philepittidae,Passeriformes,27.9,75629.58,1867,6.8145,Schlegel's asity,94.83,9
Philesturnus carunculatus,Callaeidae,Passeriformes,74.72,12.21,1789,5.9336,South Island saddleback,223.07,26
Philesturnus rufusater,Callaeidae,Passeriformes,74.72,87.11,1828,5.6144,North Island saddleback,320.98,25
Philetairus socius,Ploceidae,Passeriformes,27.4,658355.72,1790,5.6511,Sociable weaver,1734.66,72
Philohydor lictor,Tyrannidae,Passeriformes,25.5,9185994.71,1823,6.5629,Lesser kiskadee,143.43,12
Philortyx fasciatus,Odontophoridae,Galliformes,130.0,90841.05,1844,5.0879,Banded quail,271.02,34
Philydor atricapillus,Furnariidae,Passeriformes,22.2,1129776.92,1821,5.8522,Black-capped foliage-gleaner,37.43,29
Philydor erythrocercum,Furnariidae,Passeriformes,25.27,5418434.13,1859,5.0319,Rufous-rumped foliage-gleaner,23.92,13
Philydor fuscipenne,Furnariidae,Passeriformes,26.45,111453.84,1866,5.0731,Slaty-winged foliage-gleaner,22.23,13
Philydor pyrrhodes,Furnariidae,Passeriformes,30.5,5868049.15,1848,6.1642,Cinnamon-rumped foliage-gleaner,24.43,9
Phimosus infuscatus,Threskiornithidae,Pelecaniformes,559.0,6585514.18,1823,4.9392,Bare-faced ibis,269.11,60
Phlegopsis borbae,Thamnophilidae,Passeriformes,50.0,234463.48,1907,5.9012,Pale-faced bare-eye,25.48,11
Phlegopsis erythroptera,Thamnophilidae,Passeriformes,54.58,2093169.39,1855,6.1821,Reddish-winged bare-eye,27.52,14
Phlegopsis nigromaculata,Thamnophilidae,Passeriformes,45.24,3887704.81,1837,5.7501,Black-spotted bare-eye,45.42,30
Phleocryptes melanops,Furnariidae,Passeriformes,14.6,3522776.03,1817,5.7738,Wren-like rushbird,65.53,40
Phlogophilus harterti,Trochilidae,Caprimulgiformes,2.7,33304.03,1901,7.3585,Peruvian piedtail,44.74,18
Phlogophilus hemileucurus,Trochilidae,Caprimulgiformes,2.8,25433.94,1860,6.6047,Ecuadorian piedtail,52.56,28
Phodilus assimilis,Tytonidae,Strigiformes,280.24,75195.76,1877,6.7138,Sri Lanka bay owl,529.49,6
Phodilus badius,Tytonidae,Strigiformes,280.24,3479052.56,1821,6.4671,Oriental bay owl,613.1,18
Phoebastria albatrus,Diomedeidae,Procellariiformes,4411.0,48012515.04,1769,5.118,Short-tailed albatross,1531.84,84
Phoebastria immutabilis,Diomedeidae,Procellariiformes,3145.93,45350856.11,1893,6.265,Laysan albatross,3327.57,85
Phoebastria irrorata,Diomedeidae,Procellariiformes,3376.38,1736846.61,1883,5.681,Waved albatross,1127.17,83
Phoebastria nigripes,Diomedeidae,Procellariiformes,3188.41,84626560.97,1839,5.3551,Black-footed albatross,1356.78,69
Phoebetria fusca,Diomedeidae,Procellariiformes,2553.66,61330907.01,1822,6.0463,Sooty albatross,686.76,46
Phoebetria palpebrata,Diomedeidae,Procellariiformes,3150.0,74642407.91,1785,5.6062,Light-mantled albatross,437.42,51
Phoenicircus carnifex,Cotingidae,Passeriformes,82.87,1387247.24,1758,6.4385,Guianan red cotinga,61.24,13
Phoenicircus nigricollis,Cotingidae,Passeriformes,96.28,2636332.67,1832,6.9671,Black-necked red cotinga,80.88,16
Phoeniconaias minor,Phoenicopteridae,Phoenicopteriformes,1500.0,248234.51,1798,6.4261,Lesser flamingo,3389.2,115
Phoenicoparrus andinus,Phoenicopteridae,Phoenicopteriformes,4900.0,190012.59,1854,6.0815,Andean flamingo,2128.4,90
Phoenicoparrus jamesi,Phoenicopteridae,Phoenicopteriformes,2000.0,273389.16,1886,6.4708,James's flamingo,2040.18,50
Phoenicopterus chilensis,Phoenicopteridae,Phoenicopteriformes,2277.0,3269778.02,1782,6.5148,Chilean flamingo,2729.79,178
Phoenicopterus roseus,Phoenicopteridae,Phoenicopteriformes,3031.59,5093092.47,1811,6.2843,Greater flamingo,10447.52,296
Phoenicopterus ruber,Phoenicopteridae,Phoenicopteriformes,3031.59,241334.34,1758,6.288,American flamingo,7893.72,244
Phoeniculus bollei,Phoeniculidae,Bucerotiformes,54.6,1291286.11,1858,6.0238,White-headed wood hoopoe,83.88,8
Phoeniculus damarensis,Phoeniculidae,Bucerotiformes,81.8,823036.02,1901,5.866,Violet wood hoopoe,106.8,9
Phoeniculus purpureus,Phoeniculidae,Bucerotiformes,73.21,12280558.03,1784,6.4574,Green wood hoopoe,739.41,30
Phoeniculus somaliensis,Phoeniculidae,Bucerotiformes,26.5,1065209.4,1901,5.8896,Black-billed wood hoopoe,99.94,6
Phoenicurus alaschanicus,Muscicapidae,Passeriformes,16.75,682662.11,1876,5.7885,Przevalski's redstart,63.34,18
Phoenicurus auroreus,Muscicapidae,Passeriformes,16.2,4822744.76,1776,6.178,Daurian redstart,813.29,63
Phoenicurus bicolor,Muscicapidae,Passeriformes,23.0,29094.74,1894,5.8251,Luzon water redstart,65.21,7
Phoenicurus coeruleocephala,Muscicapidae,Passeriformes,14.9,733085.94,1831,5.7652,Blue-capped redstart,94.85,12
Phoenicurus erythrogastrus,Muscicapidae,Passeriformes,24.54,3629707.32,1775,6.9655,Güldenstädt's redstart,155.41,25
Phoenicurus erythronotus,Muscicapidae,Passeriformes,18.5,1780954.68,1841,5.5559,Eversmann's redstart,86.97,14
Phoenicurus frontalis,Muscicapidae,Passeriformes,15.77,2351061.38,1832,6.5919,Blue-fronted redstart,184.29,26
Phoenicurus fuliginosus,Muscicapidae,Passeriformes,20.33,5100213.95,1831,5.7292,Plumbeous water redstart,303.47,11
Phoenicurus hodgsoni,Muscicapidae,Passeriformes,17.0,1423199.97,1854,6.5018,Hodgson's redstart,118.92,15
Phoenicurus leucocephalus,Muscicapidae,Passeriformes,30.04,4081167.55,1831,7.1132,White-capped redstart,250.1,17
Phoenicurus moussieri,Muscicapidae,Passeriformes,14.9,1093554.13,1852,6.0048,Moussier's redstart,195.0,20
Phoenicurus ochruros,Muscicapidae,Passeriformes,16.5,13764225.49,1774,5.5327,Black redstart,3383.14,179
Phoenicurus phoenicurus,Muscicapidae,Passeriformes,14.59,14485113.51,1758,5.9594,Common redstart,4064.0,184
Phoenicurus schisticeps,Muscicapidae,Passeriformes,18.1,754510.63,1847,6.1256,White-throated redstart,108.11,14
Pholia sharpii,Sturnidae,Passeriformes,41.0,195406.84,1898,5.5431,Sharpe's starling,42.65,7
Pholidornis rushiae,Scotocercidae,Passeriformes,6.0,3139298.25,1855,5.0767,Tit hylia,64.58,10
Phonipara canora,Thraupidae,Passeriformes,8.1,92789.6,1789,5.8466,Cuban grassquit,177.86,7
Phonygammus keraudrenii,Paradisaeidae,Passeriformes,154.66,767082.8,1826,6.2936,Trumpet manucode,322.93,15
Phragmacia substriata,Cisticolidae,Passeriformes,10.62,466617.53,1842,5.1398,Namaqua warbler,28.43,7
Phrygilus atriceps,Thraupidae,Passeriformes,24.3,526947.2,1837,5.9445,Black-hooded sierra finch,44.64,31
Phrygilus gayi,Thraupidae,Passeriformes,25.59,845438.93,1834,6.0308,Grey-hooded sierra finch,89.14,23
Phrygilus patagonicus,Thraupidae,Passeriformes,22.6,537213.7,1923,6.4867,Patagonian sierra finch,88.3,31
Phrygilus punensis,Thraupidae,Passeriformes,37.2,309713.42,1887,6.2026,Peruvian sierra finch,36.88,12
Phylidonyris niger,Meliphagidae,Passeriformes,18.2,1047225.93,1811,5.8545,White-cheeked honeyeater,202.43,18
Phylidonyris novaehollandiae,Meliphagidae,Passeriformes,20.21,851798.64,1790,5.978,New Holland honeyeater,895.58,33
Phylidonyris pyrrhopterus,Meliphagidae,Passeriformes,16.3,357930.02,1801,6.2802,Crescent honeyeater,606.23,11
Phyllaemulor bracteatus,Nyctibiidae,Caprimulgiformes,51.65,4459531.71,1846,5.8708,Rufous potoo,458.93,11
Phyllastrephus albigula,Pycnonotidae,Passeriformes,14.31,6795.8,1919,4.6728,Montane tiny greenbul,23.69,8
Phyllastrephus baumanni,Pycnonotidae,Passeriformes,27.46,446395.6,1895,4.3401,Baumann's olive greenbul,21.02,9
Phyllastrephus cabanisi,Pycnonotidae,Passeriformes,34.4,1995009.62,1882,4.6804,Cabanis's greenbul,42.5,19
Phyllastrephus cerviniventris,Pycnonotidae,Passeriformes,27.0,1170058.23,1894,5.4261,Grey-olive greenbul,27.91,12
Phyllastrephus debilis,Pycnonotidae,Passeriformes,14.31,199654.82,1899,4.4387,Lowland tiny greenbul,33.42,14
Phyllastrephus fischeri,Pycnonotidae,Passeriformes,27.01,270855.04,1879,4.6671,Fischer's greenbul,24.54,10
Phyllastrephus flavostriatus,Pycnonotidae,Passeriformes,28.3,444379.94,1876,4.9534,Yellow-streaked greenbul,43.57,9
Phyllastrephus fulviventris,Pycnonotidae,Passeriformes,33.31,152087.25,1876,4.9413,Pale-olive greenbul,20.28,7
Phyllastrephus hypochloris,Pycnonotidae,Passeriformes,23.13,134659.57,1906,4.7395,Toro olive greenbul,23.02,10
Phyllastrephus icterinus,Pycnonotidae,Passeriformes,18.9,2473054.92,1850,5.271,Icterine greenbul,46.62,9
Phyllastrephus poensis,Pycnonotidae,Passeriformes,28.9,44370.69,1903,4.8838,Cameroon olive greenbul,20.64,9
Phyllastrephus poliocephalus,Pycnonotidae,Passeriformes,53.0,31377.95,1892,5.6147,Grey-headed greenbul,25.36,8
Phyllastrephus strepitans,Pycnonotidae,Passeriformes,27.1,1347241.75,1879,5.3326,Northern brownbul,37.38,9
Phyllastrephus terrestris,Pycnonotidae,Passeriformes,31.08,2434586.59,1837,5.1025,Terrestrial brownbul,68.98,9
Phyllastrephus xavieri,Pycnonotidae,Passeriformes,22.64,968575.23,1892,5.2144,Xavier's greenbul,54.48,7
Phyllergates cucullatus,Scotocercidae,Passeriformes,5.9,1523003.19,1836,6.9512,Mountain tailorbird,140.62,5
Phyllergates heterolaemus,Scotocercidae,Passeriformes,8.3,7657.18,1905,5.4011,Rufous-headed tailorbird,69.39,5
Phyllolais pulchella,Cisticolidae,Passeriformes,6.0,2078702.06,1830,5.173,Buff-bellied warbler,35.75,9
Phyllomyias cinereiceps,Tyrannidae,Passeriformes,9.5,144525.03,1860,5.806,Ashy-headed tyrannulet,26.16,12
Phyllomyias fasciatus,Tyrannidae,Passeriformes,10.3,3909215.38,1822,5.4381,Planalto tyrannulet,30.34,29
Phyllomyias griseiceps,Tyrannidae,Passeriformes,7.2,707633.09,1871,5.1363,Sooty-headed tyrannulet,30.42,14
Phyllomyias griseocapilla,Tyrannidae,Passeriformes,8.0,190093.2,1862,5.5671,Grey-capped tyrannulet,20.66,22
Phyllomyias nigrocapillus,Tyrannidae,Passeriformes,9.5,254835.7,1845,5.3223,Black-capped tyrannulet,25.98,13
Phyllomyias plumbeiceps,Tyrannidae,Passeriformes,10.3,71922.73,1869,6.0999,Plumbeous-crowned tyrannulet,23.88,13
Phyllomyias reiseri,Tyrannidae,Passeriformes,7.48,650161.75,1905,5.9629,Reiser's tyrannulet,17.93,19
Phyllomyias sclateri,Tyrannidae,Passeriformes,9.2,87000.01,1901,6.2841,Sclater's tyrannulet,18.14,10
Phyllomyias urichi,Tyrannidae,Passeriformes,9.12,1078.78,1899,4.7089,Urich's tyrannulet,26.01,8
Phyllomyias uropygialis,Tyrannidae,Passeriformes,8.99,232128.96,1869,5.7576,Tawny-rumped tyrannulet,21.24,15
Phyllomyias virescens,Tyrannidae,Passeriformes,8.2,1029199.71,1824,5.7725,Greenish tyrannulet,20.07,27
Phyllomyias weedeni,Tyrannidae,Passeriformes,8.5,14034.04,2008,5.7041,Yungas tyrannulet,23.23,13
Phylloscartes beckeri,Tyrannidae,Passeriformes,8.7,2304.78,1995,5.4274,Bahia tyrannulet,32.77,24
Phylloscartes ceciliae,Tyrannidae,Passeriformes,7.6,18944.19,1987,4.9762,Alagoas tyrannulet,33.78,29
Phylloscartes difficilis,Tyrannidae,Passeriformes,6.9,153868.01,1907,6.2583,Serra do Mar bristle tyrant,25.46,20
Phylloscartes flaviventris,Tyrannidae,Passeriformes,8.0,5225.56,1897,6.1826,Rufous-lored tyrannulet,21.66,11
Phylloscartes flavovirens,Tyrannidae,Passeriformes,8.8,17272.59,1862,6.1254,Panama tyrannulet,22.9,12
Phylloscartes gualaquizae,Tyrannidae,Passeriformes,8.0,24658.75,1887,5.3301,Ecuadorian tyrannulet,18.44,14
Phylloscartes kronei,Tyrannidae,Passeriformes,8.3,5479.39,1992,6.1033,Restinga tyrannulet,19.29,16
Phylloscartes nigrifrons,Tyrannidae,Passeriformes,9.1,172912.88,1884,4.9253,Black-fronted tyrannulet,21.17,14
Phylloscartes oustaleti,Tyrannidae,Passeriformes,10.0,74884.82,1887,5.8517,Oustalet's tyrannulet,18.57,25
Phylloscartes parkeri,Tyrannidae,Passeriformes,8.1,94589.0,1997,5.7627,Cinnamon-faced tyrannulet,20.62,7
Phylloscartes paulista,Tyrannidae,Passeriformes,7.48,473320.65,1907,5.4034,Sao Paulo bristle tyrant,51.4,18
Phylloscartes roquettei,Tyrannidae,Passeriformes,6.0,238046.62,1928,5.8187,Minas Gerais tyrannulet,29.62,26
Phylloscartes superciliaris,Tyrannidae,Passeriformes,7.71,21396.15,1868,5.5087,Rufous-browed tyrannulet,22.41,12
Phylloscartes sylviolus,Tyrannidae,Passeriformes,8.0,434888.86,1859,4.4451,Bay-ringed tyrannulet,19.7,20
Phylloscartes ventralis,Tyrannidae,Passeriformes,8.3,1586787.28,1824,5.8378,Mottle-cheeked tyrannulet,26.32,30
Phylloscartes virescens,Tyrannidae,Passeriformes,8.5,798656.8,1925,5.6718,Olive-green tyrannulet,22.4,10
Phylloscopus amoenus,Phylloscopidae,Passeriformes,10.53,37.6,1929,4.8251,Kolombangara leaf warbler,23.51,13
Phylloscopus armandii,Phylloscopidae,Passeriformes,9.4,2684989.68,1865,5.7767,Yellow-streaked warbler,40.41,14
Phylloscopus bonelli,Phylloscopidae,Passeriformes,8.69,1297862.66,1819,5.5947,Western Bonelli's warbler,330.18,74
Phylloscopus borealis,Phylloscopidae,Passeriformes,10.89,13315320.46,1858,6.489,Arctic warbler,531.74,64
Phylloscopus borealoides,Phylloscopidae,Passeriformes,9.8,344620.15,1950,5.7919,Sakhalin leaf warbler,147.78,15
Phylloscopus budongoensis,Phylloscopidae,Passeriformes,8.2,176695.47,1907,5.5093,Uganda woodland warbler,30.05,10
Phylloscopus burkii,Phylloscopidae,Passeriformes,7.3,271138.68,1836,5.8361,Green-crowned warbler,63.73,13
Phylloscopus calciatilis,Phylloscopidae,Passeriformes,6.0,213128.69,2009,6.1322,Limestone leaf warbler,48.66,10
Phylloscopus canariensis,Phylloscopidae,Passeriformes,7.3,4943.1,1886,5.6506,Canary Islands chiffchaff,256.55,24
Phylloscopus cantator,Phylloscopidae,Passeriformes,6.0,519456.43,1833,5.6222,Yellow-vented warbler,54.71,15
Phylloscopus castaniceps,Phylloscopidae,Passeriformes,5.3,2881104.86,1845,6.7289,Chestnut-crowned warbler,72.74,10
Phylloscopus cebuensis,Phylloscopidae,Passeriformes,9.0,121172.88,1900,5.3362,Lemon-throated leaf warbler,26.12,8
Phylloscopus chloronotus,Phylloscopidae,Passeriformes,4.9,128236.98,1847,5.8689,Lemon-rumped warbler,73.89,15
Phylloscopus claudiae,Phylloscopidae,Passeriformes,7.63,1152693.73,1922,5.1685,Claudia's leaf warbler,38.6,16
Phylloscopus coronatus,Phylloscopidae,Passeriformes,10.1,2148136.05,1847,5.8531,Eastern crowned warbler,161.91,26
Phylloscopus emeiensis,Phylloscopidae,Passeriformes,10.53,21846.58,1995,6.1526,Emei leaf warbler,30.62,17
Phylloscopus examinandus,Phylloscopidae,Passeriformes,10.89,564921.58,1913,5.0399,Kamchatka leaf warbler,132.43,14
Phylloscopus forresti,Phylloscopidae,Passeriformes,5.4,697649.37,1921,5.7515,Sichuan leaf warbler,30.29,18
Phylloscopus fuligiventer,Phylloscopidae,Passeriformes,8.83,1038891.84,1845,5.042,Smoky warbler,42.67,11
Phylloscopus fuscatus,Phylloscopidae,Passeriformes,8.74,11609109.62,1842,5.3614,Dusky warbler,352.93,47
Phylloscopus goodsoni,Phylloscopidae,Passeriformes,7.63,928043.69,1910,6.676,Hartert's leaf warbler,25.04,11
Phylloscopus griseolus,Phylloscopidae,Passeriformes,7.6,4312876.09,1847,5.3245,Sulphur-bellied warbler,136.71,15
Phylloscopus hainanus,Phylloscopidae,Passeriformes,9.45,13199.58,1993,6.6746,Hainan leaf warbler,34.63,24
Phylloscopus herberti,Phylloscopidae,Passeriformes,8.9,50664.2,1903,4.7766,Black-capped woodland warbler,32.99,5
Phylloscopus humei,Phylloscopidae,Passeriformes,6.0,3694487.56,1878,6.137,Hume's leaf warbler,255.78,33
Phylloscopus ibericus,Phylloscopidae,Passeriformes,8.3,280602.15,1937,5.187,Iberian chiffchaff,247.38,50
Phylloscopus ijimae,Phylloscopidae,Passeriformes,8.7,347.89,1892,5.8596,Ijima's leaf warbler,66.39,17
Phylloscopus inornatus,Phylloscopidae,Passeriformes,6.59,10713136.25,1842,5.5574,Yellow-browed warbler,609.31,96
Phylloscopus intensior,Phylloscopidae,Passeriformes,6.4,840915.26,1956,6.2673,Davison's leaf warbler,40.47,11
Phylloscopus intermedius,Phylloscopidae,Passeriformes,6.92,446873.33,1898,5.3045,White-spectacled warbler,56.15,8
Phylloscopus kansuensis,Phylloscopidae,Passeriformes,6.62,157431.45,1933,5.0983,Gansu leaf warbler,34.03,16
Phylloscopus laetus,Phylloscopidae,Passeriformes,9.54,81632.11,1902,6.0134,Red-faced woodland warbler,34.55,11
Phylloscopus laurae,Phylloscopidae,Passeriformes,8.5,364414.58,1931,5.6794,Laura's woodland warbler,23.25,6
Phylloscopus maculipennis,Phylloscopidae,Passeriformes,5.1,972285.74,1867,6.3011,Ashy-throated warbler,65.45,15
Phylloscopus maforensis,Phylloscopidae,Passeriformes,10.8,338.2,1874,6.1009,Numfor leaf warbler,19.18,16
Phylloscopus magnirostris,Phylloscopidae,Passeriformes,11.6,627409.71,1843,5.8086,Large-billed leaf warbler,87.17,22
Phylloscopus montis,Phylloscopidae,Passeriformes,6.4,369636.97,1887,6.2445,Yellow-breasted warbler,86.07,4
Phylloscopus neglectus,Phylloscopidae,Passeriformes,5.3,809025.01,1870,4.7478,Plain leaf warbler,66.39,9
Phylloscopus nitidus,Phylloscopidae,Passeriformes,7.8,468375.06,1843,5.595,Green warbler,261.28,24
Phylloscopus occipitalis,Phylloscopidae,Passeriformes,9.0,270137.8,1845,6.5899,Western crowned warbler,59.73,14
Phylloscopus ogilviegranti,Phylloscopidae,Passeriformes,6.4,887609.37,1922,5.9796,Kloss's leaf warbler,31.06,14
Phylloscopus olivaceus,Phylloscopidae,Passeriformes,9.69,133609.09,1891,5.0009,Philippine leaf warbler,36.73,9
Phylloscopus omeiensis,Phylloscopidae,Passeriformes,7.3,235578.65,1999,6.3007,Martens's warbler,31.79,11
Phylloscopus orientalis,Phylloscopidae,Passeriformes,8.5,323586.25,1855,5.4106,Eastern Bonelli's warbler,155.65,34
Phylloscopus plumbeitarsus,Phylloscopidae,Passeriformes,8.6,4717612.5,1861,5.4307,Two-barred warbler,114.83,16
Phylloscopus poliogenys,Phylloscopidae,Passeriformes,6.3,1049263.64,1847,6.2397,Grey-cheeked warbler,44.98,9
Phylloscopus presbytes,Phylloscopidae,Passeriformes,9.45,34990.03,1870,5.8351,Timor leaf warbler,23.9,9
Phylloscopus proregulus,Phylloscopidae,Passeriformes,6.0,5259814.86,1811,6.2686,Pallas's leaf warbler,681.43,31
Phylloscopus pulcher,Phylloscopidae,Passeriformes,6.8,1028240.36,1845,5.3232,Buff-barred warbler,61.36,18
Phylloscopus reguloides,Phylloscopidae,Passeriformes,7.63,1405045.54,1842,5.716,Blyth's leaf warbler,73.6,19
Phylloscopus ricketti,Phylloscopidae,Passeriformes,6.3,1630574.81,1897,5.9597,Sulphur-breasted warbler,41.24,14
Phylloscopus rotiensis,Phylloscopidae,Passeriformes,9.45,1259.33,2018,4.6584,Rote leaf warbler,36.61,3
Phylloscopus ruficapilla,Phylloscopidae,Passeriformes,7.7,423407.96,1850,5.8923,Yellow-throated woodland warbler,53.2,18
Phylloscopus sarasinorum,Phylloscopidae,Passeriformes,10.0,69176.02,1896,5.0764,Lompobattang leaf warbler,18.8,9
Phylloscopus schwarzi,Phylloscopidae,Passeriformes,11.4,2917225.84,1863,5.6195,Radde's warbler,165.78,32
Phylloscopus sibilatrix,Phylloscopidae,Passeriformes,9.2,6359810.96,1793,5.9585,Wood warbler,1512.0,144
Phylloscopus sindianus,Phylloscopidae,Passeriformes,7.51,848350.0,1880,5.8976,Mountain chiffchaff,122.35,26
Phylloscopus soror,Phylloscopidae,Passeriformes,7.3,443899.08,1999,5.3367,Alström's warbler,47.04,9
Phylloscopus subaffinis,Phylloscopidae,Passeriformes,6.2,2492313.66,1900,5.7815,Buff-throated warbler,36.18,12
Phylloscopus subviridis,Phylloscopidae,Passeriformes,5.47,106723.57,1872,5.4464,Brooks's leaf warbler,44.41,10
Phylloscopus tenellipes,Phylloscopidae,Passeriformes,11.8,1086226.67,1860,5.4241,Pale-legged leaf warbler,131.35,20
Phylloscopus tephrocephalus,Phylloscopidae,Passeriformes,7.3,744061.62,1871,6.2614,Grey-crowned warbler,57.21,10
Phylloscopus trivirgatus,Phylloscopidae,Passeriformes,9.0,539476.75,1849,5.8667,Mountain leaf warbler,46.62,9
Phylloscopus trochiloides,Phylloscopidae,Passeriformes,8.05,8430367.15,1837,5.7912,Greenish warbler,617.78,83
Phylloscopus trochilus,Phylloscopidae,Passeriformes,8.7,15839222.41,1758,5.5636,Willow warbler,3855.93,243
Phylloscopus tytleri,Phylloscopidae,Passeriformes,7.2,213284.08,1871,5.6325,Tytler's leaf warbler,78.47,23
Phylloscopus umbrovirens,Phylloscopidae,Passeriformes,8.6,611974.74,1840,6.1397,Brown woodland warbler,48.98,12
Phylloscopus valentini,Phylloscopidae,Passeriformes,7.3,386353.34,1907,6.0791,Bianchi's warbler,38.83,10
Phylloscopus whistleri,Phylloscopidae,Passeriformes,7.3,543406.62,1925,6.7009,Whistler's warbler,57.0,8
Phylloscopus xanthodryas,Phylloscopidae,Passeriformes,10.89,286897.73,1863,5.1913,Japanese leaf warbler,79.55,11
Phylloscopus xanthoschistos,Phylloscopidae,Passeriformes,6.94,269573.71,1847,6.3683,Grey-hooded warbler,104.0,17
Phylloscopus yunnanensis,Phylloscopidae,Passeriformes,6.0,338812.66,1922,5.8315,Chinese leaf warbler,68.22,15
Phytotoma raimondii,Cotingidae,Passeriformes,39.8,2921.02,1883,5.553,Peruvian plantcutter,46.41,57
Phytotoma rara,Cotingidae,Passeriformes,47.0,478077.69,1782,6.0236,Rufous-tailed plantcutter,79.08,27
Phytotoma rutila,Cotingidae,Passeriformes,40.5,1756370.23,1818,5.7689,White-tipped plantcutter,55.99,31
Piaya melanogaster,Cuculidae,Cuculiformes,102.82,4840731.88,1817,6.9429,Black-bellied cuckoo,58.32,14
Pica asirensis,Corvidae,Passeriformes,200.0,42656.37,1936,5.2015,Asir magpie,549.5,10
Pica hudsonia,Corvidae,Passeriformes,177.12,6726173.66,1823,6.7294,Black-billed magpie,8830.17,97
Pica mauritanica,Corvidae,Passeriformes,217.48,212471.64,1845,6.0693,Maghreb magpie,518.29,12
Pica nutalli,Corvidae,Passeriformes,158.29,95191.28,1837,6.4706,Yellow-billed magpie,1742.32,5
Picathartes gymnocephalus,Picathartidae,Passeriformes,196.0,388878.28,1825,6.7586,White-necked rockfowl,596.9,22
Picathartes oreas,Picathartidae,Passeriformes,220.0,381172.35,1899,6.0059,Grey-necked rockfowl,216.0,23
Picoides arcticus,Picidae,Piciformes,69.24,6771211.08,1832,6.2257,Black-backed woodpecker,1184.2,100
Picoides canicapillus,Picidae,Piciformes,25.76,8010257.64,1845,5.8006,Grey-capped pygmy woodpecker,149.23,5
Picoides kizuki,Picidae,Piciformes,19.19,1603020.85,1836,6.1937,Japanese pygmy woodpecker,287.12,3
Picoides maculatus,Picidae,Piciformes,24.5,267253.51,1786,5.5309,Philippine pygmy woodpecker,146.07,3
Picoides moluccensis,Picidae,Piciformes,16.15,742649.6,1788,6.164,Sunda pygmy woodpecker,117.24,3
Picoides nanus,Picidae,Piciformes,16.15,2390435.35,1832,6.4096,Brown-capped pygmy woodpecker,175.96,3
Picoides ramsayi,Picidae,Piciformes,24.5,1757.48,1881,5.1037,Sulu pygmy woodpecker,51.26,5
Picoides temminckii,Picidae,Piciformes,66.72,173473.64,1849,5.2802,Sulawesi pygmy woodpecker,45.83,4
Piculus aurulentus,Picidae,Piciformes,74.99,748842.17,1821,6.4024,Yellow-browed woodpecker,60.02,30
Piculus callopterus,Picidae,Piciformes,51.0,5548.22,1862,6.347,Stripe-cheeked woodpecker,34.64,28
Piculus chrysochloros,Picidae,Piciformes,88.0,8623251.86,1818,6.8313,Golden-green woodpecker,59.18,20
Piculus flavigula,Picidae,Piciformes,55.0,6464140.53,1783,6.6275,Yellow-throated woodpecker,65.1,21
Piculus leucolaemus,Picidae,Piciformes,69.0,885342.24,1845,6.0296,White-throated woodpecker,36.65,14
Piculus litae,Picidae,Piciformes,69.0,106716.1,1901,5.8013,Lita woodpecker,32.67,6
Piculus simplex,Picidae,Piciformes,55.0,92589.28,1870,5.7519,Rufous-winged woodpecker,49.42,12
Picumnus albosquamatus,Picidae,Piciformes,11.9,2007279.99,1840,6.341,White-wedged piculet,47.17,9
Picumnus aurifrons,Picidae,Piciformes,8.94,2989266.49,1870,5.2496,Bar-breasted piculet,92.33,14
Picumnus castelnau,Picidae,Piciformes,11.4,57699.82,1862,5.8952,Plain-breasted piculet,63.18,8
Picumnus cinnamomeus,Picidae,Piciformes,11.32,130928.2,1829,5.5681,Chestnut piculet,35.64,7
Picumnus cirratus,Picidae,Piciformes,10.2,2348460.61,1825,5.7413,White-barred piculet,87.2,28
Picumnus dorbignyanus,Picidae,Piciformes,9.6,100469.48,1845,6.3121,Ocellated piculet,53.27,4
Picumnus exilis,Picidae,Piciformes,9.3,1241697.36,1823,5.8134,Golden-spangled piculet,47.8,20
Picumnus fuscus,Picidae,Piciformes,11.32,11590.99,1870,5.3864,Rusty-necked piculet,41.37,9
Picumnus granadensis,Picidae,Piciformes,12.2,27384.64,1847,5.7496,Greyish piculet,33.32,26
Picumnus innominatus,Picidae,Piciformes,10.2,4531626.73,1836,6.1932,Speckled piculet,180.96,21
Picumnus lafresnayi,Picidae,Piciformes,9.48,779374.9,1862,5.8962,Lafresnaye's piculet,49.37,11
Picumnus minutissimus,Picidae,Piciformes,13.29,36687.97,1782,5.3764,Arrowhead piculet,48.12,15
Picumnus nebulosus,Picidae,Piciformes,11.6,517928.06,1866,5.4721,Mottled piculet,65.77,17
Picumnus olivaceus,Picidae,Piciformes,10.6,493974.89,1845,5.82,Olivaceous piculet,66.09,10
Picumnus pumilus,Picidae,Piciformes,9.48,210423.83,1863,5.4713,Orinoco piculet,44.46,12
Picumnus pygmaeus,Picidae,Piciformes,11.0,837474.17,1823,5.8478,Spotted piculet,34.91,22
Picumnus rufiventris,Picidae,Piciformes,21.0,1172719.04,1838,5.7459,Rufous-breasted piculet,32.01,20
Picumnus sclateri,Picidae,Piciformes,11.02,44945.62,1877,5.9026,Ecuadorian piculet,43.97,4
Picumnus spilogaster,Picidae,Piciformes,13.2,182978.53,1866,5.8257,White-bellied piculet,36.84,15
Picumnus steindachneri,Picidae,Piciformes,9.9,7117.94,1882,6.7286,Speckle-chested piculet,80.09,15
Picumnus subtilis,Picidae,Piciformes,10.4,39544.26,1968,5.6355,Fine-barred piculet,29.23,13
Picumnus temminckii,Picidae,Piciformes,11.5,514581.53,1845,5.873,Ochre-collared piculet,83.02,15
Picumnus varzeae,Picidae,Piciformes,11.5,189643.39,1912,5.8569,Varzea piculet,48.01,20
Picus awokera,Picidae,Piciformes,143.0,281098.75,1836,6.4951,Japanese green woodpecker,156.61,12
Picus chlorolophus,Picidae,Piciformes,65.41,3444974.54,1818,6.6413,Lesser yellownape,207.51,21
Picus erythropygius,Picidae,Piciformes,116.18,465293.36,1865,6.2821,Black-headed woodpecker,88.16,10
Picus puniceus,Picidae,Piciformes,79.1,1380604.21,1821,6.5901,Crimson-winged woodpecker,78.04,8
Picus rabieri,Picidae,Piciformes,111.4,247192.29,1898,5.9419,Red-collared woodpecker,61.01,11
Picus sharpei,Picidae,Piciformes,176.0,563992.07,1872,5.9389,Iberian green woodpecker,287.4,29
Picus squamatus,Picidae,Piciformes,170.0,703208.8,1831,6.67,Scaly-bellied woodpecker,100.47,8
Picus vaillantii,Picidae,Piciformes,176.0,343668.61,1847,6.3155,Levaillant's woodpecker,144.02,22
Picus viridanus,Picidae,Piciformes,111.39,390821.75,1843,6.3612,Streak-breasted woodpecker,55.9,8
Picus viridis,Picidae,Piciformes,176.0,5981746.04,1758,6.4013,European green woodpecker,4507.8,186
Picus vittatus,Picidae,Piciformes,108.07,1352503.0,1818,6.2653,Laced woodpecker,98.41,9
Picus xanthopygaeus,Picidae,Piciformes,99.69,2078020.45,1847,5.4814,Streak-throated woodpecker,168.07,18
Piezorina cinerea,Thraupidae,Passeriformes,32.16,41880.07,1843,5.7989,Cinereous finch,29.73,10
Pilherodius pileatus,Ardeidae,Pelecaniformes,568.59,10271266.32,1783,6.2533,Capped heron,211.49,18
Pinarochroa sordida,Muscicapidae,Passeriformes,21.0,188372.16,1837,5.1349,Moorland chat,59.86,13
Pinarocorys erythropygia,Alaudidae,Passeriformes,30.1,3415913.26,1852,4.7893,Rufous-rumped lark,38.56,6
Pinarocorys nigricans,Alaudidae,Passeriformes,38.11,1921432.84,1850,4.6671,Dusky lark,66.78,8
Pinaroloxias inornata,Thraupidae,Passeriformes,13.1,24.76,1843,6.0725,Cocos finch,252.43,26
Pinarornis plumosus,Muscicapidae,Passeriformes,65.8,213455.19,1876,5.1064,Boulder chat,52.48,9
Pinicola enucleator,Fringillidae,Passeriformes,56.4,18396768.3,1758,6.3135,Pine grosbeak,2453.45,71
Pionites melanocephalus,Psittacidae,Psittaciformes,148.78,2920163.54,1758,6.6747,Black-headed parrot,981.62,22
Pionopsitta pileata,Psittacidae,Psittaciformes,119.0,728878.23,1769,6.2151,Pileated parrot,156.93,28
Pionus chalcopterus,Psittacidae,Psittaciformes,210.0,158502.65,1841,6.2886,Bronze-winged parrot,356.07,21
Pionus fuscus,Psittacidae,Psittaciformes,206.0,1865113.69,1776,6.0435,Dusky parrot,208.34,14
Pionus maximiliani,Psittacidae,Psittaciformes,293.0,4524942.98,1820,6.2666,Scaly-headed parrot,288.9,59
Pionus senilis,Psittacidae,Psittaciformes,212.0,458536.21,1824,6.4977,White-crowned parrot,326.4,68
Pionus sordidus,Psittacidae,Psittaciformes,266.0,167594.89,1758,6.5526,Red-billed parrot,134.31,12
Pipile cujubi,Cracidae,Galliformes,1195.82,2677912.48,1858,6.0421,Red-throated piping guan,74.05,12
Pipile jacutinga,Cracidae,Galliformes,1240.96,169256.82,1825,5.3519,Black-fronted piping guan,195.3,22
Pipile pipile,Cracidae,Galliformes,1816.59,502.77,1784,5.2788,Trinidad piping guan,232.45,17
Pipilo chlorurus,Passerellidae,Passeriformes,29.4,1737517.52,1839,5.9477,Green-tailed towhee,638.01,86
Pipilo erythrophthalmus,Passerellidae,Passeriformes,40.03,3162018.06,1758,5.763,Eastern towhee,4708.23,107
Pipilo ocai,Passerellidae,Passeriformes,60.95,114057.78,1865,5.4348,Collared towhee,130.85,51
Pipra aureola,Pipridae,Passeriformes,16.14,671432.52,1758,7.1949,Crimson-hooded manakin,79.18,18
Pipra fasciicauda,Pipridae,Passeriformes,15.9,4779358.8,1906,7.3151,Band-tailed manakin,85.98,32
Pipra filicauda,Pipridae,Passeriformes,15.4,2614150.07,1825,7.3005,Wire-tailed manakin,147.01,28
Pipraeidea melanonota,Thraupidae,Passeriformes,21.0,2111740.74,1819,6.3667,Fawn-breasted tanager,55.27,40
Pipreola arcuata,Cotingidae,Passeriformes,118.0,259332.07,1843,6.1129,Barred fruiteater,64.52,17
Pipreola aureopectus,Cotingidae,Passeriformes,46.0,83804.89,1843,6.5248,Golden-breasted fruiteater,40.32,6
Pipreola chlorolepidota,Cotingidae,Passeriformes,29.5,88203.3,1838,5.8316,Fiery-throated fruiteater,66.71,14
Pipreola formosa,Cotingidae,Passeriformes,47.2,12048.9,1849,6.1361,Handsome fruiteater,74.64,10
Pipreola intermedia,Cotingidae,Passeriformes,51.18,121136.09,1884,6.6882,Band-tailed fruiteater,33.88,11
Pipreola jucunda,Cotingidae,Passeriformes,57.0,13837.17,1860,6.9691,Orange-breasted fruiteater,56.01,14
Pipreola lubomirskii,Cotingidae,Passeriformes,57.0,28329.19,1879,6.5108,Black-chested fruiteater,41.64,10
Pipreola pulchra,Cotingidae,Passeriformes,58.2,78215.76,1917,5.7083,Masked fruiteater,35.5,12
Pipreola riefferii,Cotingidae,Passeriformes,49.3,257255.05,1840,6.4562,Green-and-black fruiteater,55.69,15
Pipreola whitelyi,Cotingidae,Passeriformes,50.0,24788.58,1884,6.384,Red-banded fruiteater,78.81,16
Piprites chloris,Tyrannidae,Passeriformes,16.0,7073219.6,1822,6.2338,Wing-barred piprites,59.17,28
Piprites griseiceps,Tyrannidae,Passeriformes,16.0,119822.91,1865,5.5218,Grey-headed piprites,32.98,39
Piprites pileata,Tyrannidae,Passeriformes,15.0,45097.1,1822,5.3604,Black-capped piprites,50.14,25
Piranga bidentata,Cardinalidae,Passeriformes,36.07,417994.02,1827,7.2981,Flame-colored tanager,321.3,49
Piranga erythrocephala,Cardinalidae,Passeriformes,21.8,256230.43,1827,6.4878,Red-headed tanager,146.26,36
Piranga leucoptera,Cardinalidae,Passeriformes,16.0,567150.48,1840,6.7196,White-winged tanager,121.08,25
Piranga ludoviciana,Cardinalidae,Passeriformes,28.1,3662121.88,1811,7.1961,Western tanager,3433.22,111
Piranga olivacea,Cardinalidae,Passeriformes,28.2,2605301.09,1789,7.606,Scarlet tanager,6937.19,108
Piranga roseogularis,Cardinalidae,Passeriformes,24.0,105691.58,1846,7.167,Rose-throated tanager,123.41,13
Piranga rubra,Cardinalidae,Passeriformes,29.13,3269576.69,1758,7.0221,Summer tanager,3621.97,141
Piranga rubriceps,Cardinalidae,Passeriformes,35.9,80398.64,1844,6.6764,Red-hooded tanager,99.17,23
Pitangus sulphuratus,Tyrannidae,Passeriformes,62.85,16133982.75,1766,6.1758,Great kiskadee,2726.82,263
Pithecophaga jefferyi,Accipitridae,Accipitriformes,5175.32,142256.55,1896,6.6881,Philippine eagle,22465.04,66
Pithys albifrons,Thamnophilidae,Passeriformes,19.47,3102848.35,1766,6.5517,White-plumed antbird,72.29,18
Pithys castaneus,Thamnophilidae,Passeriformes,29.8,215.51,1938,6.0312,White-masked antbird,21.51,16
Pitohui cerviniventris,Oriolidae,Passeriformes,72.0,3913.3,1862,5.4395,Raja Ampat pitohui,92.14,7
Pitohui dichrous,Oriolidae,Passeriformes,92.9,224365.73,1850,6.3451,Hooded pitohui,5044.94,17
Pitohui kirhocephalus,Oriolidae,Passeriformes,72.0,243662.14,1827,4.7984,Northern variable pitohui,145.21,10
Pitohui uropygialis,Oriolidae,Passeriformes,72.0,239874.6,1862,5.7624,Southern variable pitohui,99.88,6
Pitta anerythra,Pittidae,Passeriformes,85.99,13115.9,1901,5.2897,Black-faced pitta,67.83,11
Pitta angolensis,Pittidae,Passeriformes,62.74,1147347.7,1816,7.0233,African pitta,236.97,15
Pitta brachyura,Pittidae,Passeriformes,55.5,1116429.6,1766,7.673,Indian pitta,1586.23,20
Pitta iris,Pittidae,Passeriformes,62.19,258796.97,1842,7.499,Rainbow pitta,622.14,13
Pitta megarhyncha,Pittidae,Passeriformes,106.0,56592.06,1863,6.9433,Mangrove pitta,254.17,10
Pitta moluccensis,Pittidae,Passeriformes,76.0,937561.38,1776,7.4142,Blue-winged pitta,450.27,28
Pitta nympha,Pittidae,Passeriformes,88.28,1165759.28,1850,7.3046,Fairy pitta,431.69,78
Pitta reichenowi,Pittidae,Passeriformes,62.7,585863.97,1901,6.9627,Green-breasted pitta,90.59,13
Pitta steerii,Pittidae,Passeriformes,94.8,117483.71,1876,7.9119,Azure-breasted pitta,99.59,15
Pitta superba,Pittidae,Passeriformes,115.0,1830.09,1914,6.5408,Superb pitta,193.13,16
Pitta versicolor,Pittidae,Passeriformes,88.94,452194.1,1825,6.8249,Noisy pitta,379.62,28
Pittasoma michleri,Conopophagidae,Passeriformes,109.0,49173.73,1860,5.1044,Black-crowned antpitta,58.99,17
Pittasoma rufopileatum,Conopophagidae,Passeriformes,96.5,73382.31,1901,6.0444,Rufous-crowned antpitta,34.46,15
Pityriasis gymnocephala,Pityriasidae,Passeriformes,128.53,737437.83,1836,5.886,Bornean bristlehead,188.57,10
Platalea ajaja,Threskiornithidae,Pelecaniformes,1490.0,7917712.48,1758,6.1151,Roseate spoonbill,6571.9,81
Platalea alba,Threskiornithidae,Pelecaniformes,1521.0,14157612.5,1786,5.707,African spoonbill,717.15,39
Platalea flavipes,Threskiornithidae,Pelecaniformes,1741.26,1812783.46,1838,5.3263,Yellow-billed spoonbill,392.76,14
Platalea leucorodia,Threskiornithidae,Pelecaniformes,1868.0,6276598.58,1758,5.4257,Eurasian spoonbill,1891.98,265
Platalea minor,Threskiornithidae,Pelecaniformes,1228.0,15430.12,1849,6.0717,Black-faced spoonbill,934.9,202
Platalea regia,Threskiornithidae,Pelecaniformes,1723.49,5888747.88,1838,5.1659,Royal spoonbill,805.88,25
Platycercus adscitus,Psittacidae,Psittaciformes,111.0,1465853.97,1790,6.869,Pale-headed rosella,1204.24,25
Platycercus caledonicus,Psittacidae,Psittaciformes,132.59,68050.36,1788,7.3557,Green rosella,1336.58,19
Platycercus elegans,Psittacidae,Psittaciformes,123.86,743635.36,1788,7.4659,Crimson rosella,2516.46,73
Platycercus eximius,Psittacidae,Psittaciformes,104.0,1075798.21,1792,7.6688,Eastern rosella,3287.22,79
Platycercus icterotis,Psittacidae,Psittaciformes,63.26,214002.52,1820,6.7171,Western rosella,646.09,20
Platycercus venustus,Psittacidae,Psittaciformes,89.44,785415.83,1820,6.7807,Northern rosella,837.13,24
Platylophus galericulatus,Platylophidae,Passeriformes,77.89,1559387.65,1816,6.4056,Crested jayshrike,363.77,13
Platyrinchus cancrominus,Tyrannidae,Passeriformes,9.2,443828.03,1860,5.7375,Stub-tailed spadebill,40.95,30
Platyrinchus coronatus,Tyrannidae,Passeriformes,9.14,5183010.82,1858,5.2423,Golden-crowned spadebill,46.29,16
Platyrinchus flavigularis,Tyrannidae,Passeriformes,10.0,114162.95,1862,5.4946,Yellow-throated spadebill,20.75,7
Platyrinchus leucoryphus,Tyrannidae,Passeriformes,16.0,425471.32,1831,5.276,Russet-winged spadebill,22.03,25
Platyrinchus platyrhynchos,Tyrannidae,Passeriformes,12.0,5529652.29,1788,5.5566,White-crested spadebill,23.31,16
Platyrinchus saturatus,Tyrannidae,Passeriformes,10.7,3011725.4,1882,4.8333,Cinnamon-crested spadebill,24.3,15
Platyspiza crassirostris,Thraupidae,Passeriformes,35.5,7065.08,1837,5.6235,Vegetarian finch,344.43,24
Platysteira albifrons,Platysteiridae,Passeriformes,12.2,146651.07,1873,6.6669,White-fronted wattle-eye,24.15,9
Platysteira cyanea,Platysteiridae,Passeriformes,14.6,5598291.68,1776,6.7567,Brown-throated wattle-eye,95.24,9
Platysteira laticincta,Platysteiridae,Passeriformes,13.7,1858.59,1926,6.826,Banded wattle-eye,40.02,16
Platysteira peltata,Platysteiridae,Passeriformes,13.7,3620454.8,1850,6.3906,Black-throated wattle-eye,82.87,10
Plectorhyncha lanceolata,Meliphagidae,Passeriformes,40.56,2020455.09,1838,5.9847,Striped honeyeater,98.47,12
Plectrophenax hyperboreus,Calcariidae,Passeriformes,54.5,5375.35,1884,5.7834,McKay's bunting,202.86,20
Plectrophenax nivalis,Calcariidae,Passeriformes,42.2,6819849.23,1758,6.3526,Snow bunting,2668.66,202
Plectropterus gambensis,Anatidae,Anseriformes,3869.0,15772780.82,1766,5.3977,Spur-winged goose,2090.71,35
Plegadis chihi,Threskiornithidae,Pelecaniformes,616.89,5296229.51,1817,5.9115,White-faced ibis,1238.58,114
Plegadis falcinellus,Threskiornithidae,Pelecaniformes,626.61,23712479.58,1766,5.4122,Glossy ibis,3986.07,250
Plegadis ridgwayi,Threskiornithidae,Pelecaniformes,579.41,495452.93,1876,5.0174,Puna ibis,263.43,26
Plesiodryas albonotata,Petroicidae,Passeriformes,38.6,117306.59,1875,5.883,Black-throated robin,39.13,4
Plocepasser donaldsoni,Ploceidae,Passeriformes,39.9,190025.35,1895,5.2218,Donaldson Smith's sparrow-weaver,39.67,3
Plocepasser mahali,Ploceidae,Passeriformes,41.47,3098861.26,1836,5.6588,White-browed sparrow-weaver,323.92,67
Plocepasser rufoscapulatus,Ploceidae,Passeriformes,44.6,403630.33,1888,4.9223,Chestnut-backed sparrow-weaver,41.21,7
Plocepasser superciliosus,Ploceidae,Passeriformes,37.1,2062715.25,1827,4.9518,Chestnut-crowned sparrow-weaver,59.77,8
Ploceus albinucha,Ploceidae,Passeriformes,27.2,745212.44,1876,4.5988,Maxwell's black weaver,39.6,8
Ploceus alienus,Ploceidae,Passeriformes,22.2,61881.53,1902,6.1733,Strange weaver,46.33,13
Ploceus angolensis,Ploceidae,Passeriformes,26.64,260942.79,1878,5.7716,Bar-winged weaver,39.19,5
Ploceus aurantius,Ploceidae,Passeriformes,23.0,441030.16,1805,6.9372,Orange weaver,129.65,19
Ploceus badius,Ploceidae,Passeriformes,22.0,365559.99,1850,6.0831,Cinnamon weaver,41.56,7
Ploceus baglafecht,Ploceidae,Passeriformes,31.6,1651063.49,1802,6.0096,Baglafecht weaver,158.79,15
Ploceus bannermani,Ploceidae,Passeriformes,30.8,10857.67,1932,6.223,Bannerman's weaver,45.65,6
Ploceus benghalensis,Ploceidae,Passeriformes,19.8,1001878.12,1758,6.633,Black-breasted weaver,212.82,19
Ploceus bertrandi,Ploceidae,Passeriformes,39.03,185221.0,1893,6.019,Bertram's weaver,43.89,7
Ploceus bicolor,Ploceidae,Passeriformes,34.54,1377098.31,1819,6.2109,Dark-backed weaver,69.24,14
Ploceus bojeri,Ploceidae,Passeriformes,22.41,223498.08,1869,6.7234,Golden palm weaver,75.12,6
Ploceus burnieri,Ploceidae,Passeriformes,18.03,1464.96,1990,6.2334,Kilombero weaver,41.86,7
Ploceus capensis,Ploceidae,Passeriformes,43.99,666169.71,1766,6.1277,Cape weaver,295.68,36
Ploceus castaneiceps,Ploceidae,Passeriformes,18.5,45796.6,1890,6.1714,Taveta weaver,190.39,16
Ploceus castanops,Ploceidae,Passeriformes,21.4,193380.61,1888,6.4981,Northern brown-throated weaver,44.7,5
Ploceus cucullatus,Ploceidae,Passeriformes,36.08,13674390.28,1776,6.3757,Village weaver,1178.23,108
Ploceus dichrocephalus,Ploceidae,Passeriformes,18.5,118062.52,1896,6.2956,Juba weaver,34.93,8
Ploceus dorsomaculatus,Ploceidae,Passeriformes,26.64,334876.31,1893,5.369,Yellow-capped weaver,35.87,6
Ploceus galbula,Ploceidae,Passeriformes,21.72,941282.4,1840,6.0323,Rüppell's weaver,86.48,27
Ploceus golandi,Ploceidae,Passeriformes,23.52,706.65,1913,5.0849,Kilifi weaver,31.88,34
Ploceus grandis,Ploceidae,Passeriformes,63.48,858.51,1844,5.8606,Giant weaver,51.85,11
Ploceus heuglini,Ploceidae,Passeriformes,22.8,2515613.14,1886,5.7126,Heuglin's masked weaver,43.35,6
Ploceus hypoxanthus,Ploceidae,Passeriformes,18.6,861169.04,1788,6.4062,Asian golden weaver,147.94,16
Ploceus insignis,Ploceidae,Passeriformes,27.5,247177.26,1891,6.3842,Brown-capped weaver,39.01,7
Ploceus intermedius,Ploceidae,Passeriformes,20.58,3811744.92,1845,6.5867,Lesser masked weaver,155.72,28
Ploceus jacksoni,Ploceidae,Passeriformes,23.39,524545.64,1888,6.0032,Golden-backed weaver,112.17,16
Ploceus luteolus,Ploceidae,Passeriformes,15.1,3085847.32,1823,5.644,Little weaver,73.4,14
Ploceus manyar,Ploceidae,Passeriformes,17.4,3752924.49,1821,5.7107,Streaked weaver,229.68,30
Ploceus megarhynchus,Ploceidae,Passeriformes,34.31,67070.41,1869,5.947,Finn's weaver,158.88,12
Ploceus melanocephalus,Ploceidae,Passeriformes,23.02,1181602.18,1758,6.232,Black-headed weaver,277.12,44
Ploceus melanogaster,Ploceidae,Passeriformes,22.4,221733.17,1887,6.245,Black-billed weaver,47.48,6
Ploceus nelicourvi,Ploceidae,Passeriformes,23.8,139470.31,1786,6.1805,Nelicourvi weaver,70.49,7
Ploceus nicolli,Ploceidae,Passeriformes,29.83,7825.98,1931,5.9044,Usambara weaver,45.58,11
Ploceus nigrimentus,Ploceidae,Passeriformes,26.64,84397.42,1904,5.6382,Black-chinned weaver,42.01,6
Ploceus ocularis,Ploceidae,Passeriformes,25.2,2998767.22,1828,6.4301,Spectacled weaver,131.11,11
Ploceus olivaceiceps,Ploceidae,Passeriformes,20.79,233911.57,1899,6.0688,Olive-headed weaver,42.4,9
Ploceus pelzelni,Ploceidae,Passeriformes,12.65,559286.21,1887,6.1716,Slender-billed weaver,54.08,6
Ploceus philippinus,Ploceidae,Passeriformes,28.2,6341236.33,1766,5.9378,Baya weaver,4646.93,91
Ploceus preussi,Ploceidae,Passeriformes,31.6,596680.15,1892,6.1185,Preuss's weaver,29.55,5
Ploceus princeps,Ploceidae,Passeriformes,31.2,146.65,1850,6.2786,Príncipe weaver,38.89,9
Ploceus rubiginosus,Ploceidae,Passeriformes,29.99,1228691.95,1840,5.617,Chestnut weaver,72.03,16
Ploceus sakalava,Ploceidae,Passeriformes,23.8,268618.92,1861,6.2356,Sakalava weaver,79.5,7
Ploceus sanctithomae,Ploceidae,Passeriformes,22.0,858.51,1848,5.9808,São Tomé weaver,34.47,5
Ploceus spekei,Ploceidae,Passeriformes,35.06,369189.0,1861,6.2496,Speke's weaver,116.97,7
Ploceus spekeoides,Ploceidae,Passeriformes,26.64,12674.62,1947,3.7379,Fox's weaver,49.17,11
Ploceus subaureus,Ploceidae,Passeriformes,30.39,493658.92,1839,6.5059,Eastern golden weaver,153.09,18
Ploceus subpersonatus,Ploceidae,Passeriformes,22.5,22554.32,1876,5.5714,Loango weaver,39.76,5
Ploceus superciliosus,Ploceidae,Passeriformes,21.4,1002709.09,1873,6.1807,Compact weaver,69.59,4
Ploceus taeniopterus,Ploceidae,Passeriformes,17.56,187720.65,1863,5.7561,Northern masked weaver,48.41,9
Ploceus temporalis,Ploceidae,Passeriformes,35.8,77920.1,1880,5.6273,Bocage's weaver,32.65,7
Ploceus tricolor,Ploceidae,Passeriformes,36.8,1061576.05,1854,5.6008,Yellow-mantled weaver,48.98,8
Ploceus velatus,Ploceidae,Passeriformes,30.94,3538602.7,1819,6.7085,Southern masked weaver,1073.24,40
Ploceus vitellinus,Ploceidae,Passeriformes,20.0,4213194.47,1823,6.0887,Vitelline masked weaver,94.26,14
Ploceus weynsi,Ploceidae,Passeriformes,29.04,56949.54,1900,6.025,Weyns's weaver,31.24,6
Ploceus xanthops,Ploceidae,Passeriformes,40.64,2485649.7,1862,6.1193,Holub's golden weaver,86.33,11
Ploceus xanthopterus,Ploceidae,Passeriformes,21.95,299643.55,1870,6.1992,Southern brown-throated weaver,61.92,10
Pluvialis apricaria,Charadriidae,Charadriiformes,214.0,3294836.99,1758,6.5766,European golden plover,3300.96,148
Pluvialis dominica,Charadriidae,Charadriiformes,151.47,3598916.91,1776,6.0652,American golden plover,1182.56,100
Pluvialis fulva,Charadriidae,Charadriiformes,134.9,2241495.9,1789,5.8583,Pacific golden plover,1727.03,114
Pluvialis squatarola,Charadriidae,Charadriiformes,250.0,3963258.28,1758,6.2482,Grey plover,1185.63,217
Pluvianellus socialis,Pluvianellidae,Charadriiformes,84.11,109554.85,1846,5.9054,Magellanic plover,146.79,26
Pluvianus aegyptius,Pluvianidae,Charadriiformes,82.0,5977374.57,1758,6.0936,Egyptian plover,2388.13,24
Pnoepyga formosana,Pnoepygidae,Passeriformes,20.9,17049.31,1909,6.5603,Taiwan cupwing,34.49,6
Pnoepyga immaculata,Pnoepygidae,Passeriformes,20.5,59458.23,1991,6.2676,Nepal cupwing,49.32,9
Pnoepyga pusilla,Pnoepygidae,Passeriformes,12.0,3686790.81,1845,6.3396,Pygmy cupwing,185.76,14
Podargus ocellatus,Podargidae,Caprimulgiformes,175.37,761242.93,1830,5.5694,Marbled frogmouth,354.22,14
Podargus papuensis,Podargidae,Caprimulgiformes,375.73,958302.87,1830,5.6441,Papuan frogmouth,634.61,12
Podargus strigoides,Podargidae,Caprimulgiformes,308.03,7674636.86,1801,5.465,Tawny frogmouth,9868.73,46
Podica senegalensis,Heliornithidae,Gruiformes,599.0,11384786.12,1817,5.2848,African finfoot,357.28,15
Podiceps auritus,Podicipedidae,Podicipediformes,453.0,16211072.27,1758,5.5544,Horned grebe,1705.24,197
Podiceps cristatus,Podicipedidae,Podicipediformes,730.96,19812770.45,1758,6.7223,Great crested grebe,4646.21,221
Podiceps gallardoi,Podicipedidae,Podicipediformes,575.0,45696.35,1974,6.5337,Hooded grebe,494.52,41
Podiceps grisegena,Podicipedidae,Podicipediformes,1023.0,17383433.44,1783,5.6545,Red-necked grebe,1783.97,162
Podiceps major,Podicipedidae,Podicipediformes,1646.0,2909991.5,1783,5.8425,Great grebe,263.97,28
Podiceps nigricollis,Podicipedidae,Podicipediformes,412.44,16435591.3,1831,5.6727,Black-necked grebe,1811.62,236
Podiceps taczanowskii,Podicipedidae,Podicipediformes,390.23,130.74,1894,5.8516,Junin grebe,258.52,21
Podilymbus podiceps,Podicipedidae,Podicipediformes,411.93,21361785.48,1758,5.9957,Pied-billed grebe,2499.38,145
Podoces biddulphi,Corvidae,Passeriformes,130.5,420108.26,1874,5.8231,Xinjiang ground jay,81.44,21
Podoces hendersoni,Corvidae,Passeriformes,120.49,1783211.45,1871,6.0614,Mongolian ground jay,84.06,25
Podoces panderi,Corvidae,Passeriformes,91.1,291415.99,1821,6.2008,Turkestan ground jay,62.67,11
Podoces pleskei,Corvidae,Passeriformes,87.46,219917.49,1896,5.9485,Iranian ground jay,73.75,27
Poecile atricapillus,Paridae,Passeriformes,10.8,9078514.18,1766,6.4338,Black-capped chickadee,11840.31,354
Poecile carolinensis,Paridae,Passeriformes,9.99,2312694.52,1834,5.993,Carolina chickadee,4051.89,125
Poecile cinctus,Paridae,Passeriformes,11.4,10800997.61,1783,6.8219,Grey-headed chickadee,817.62,33
Poecile davidi,Paridae,Passeriformes,10.3,56804.66,1891,6.074,Père David's tit,119.12,14
Poecile gambeli,Paridae,Passeriformes,11.19,2711124.48,1886,6.5552,Mountain chickadee,2073.78,151
Poecile hudsonicus,Paridae,Passeriformes,9.8,7102487.58,1772,6.5507,Boreal chickadee,1752.7,37
Poecile hypermelaenus,Paridae,Passeriformes,11.14,645608.88,1891,6.0273,Black-bibbed tit,94.57,11
Poecile hyrcanus,Paridae,Passeriformes,15.8,77470.18,1905,6.612,Caspian tit,141.17,12
Poecile lugubris,Paridae,Passeriformes,15.8,1281185.72,1820,6.7305,Sombre tit,322.82,29
Poecile montanus,Paridae,Passeriformes,11.1,21263364.59,1827,6.7965,Willow tit,1921.1,153
Poecile palustris,Paridae,Passeriformes,11.14,9072135.09,1758,6.6013,Marsh tit,1921.6,140
Poecile rufescens,Paridae,Passeriformes,9.39,958071.95,1837,6.164,Chestnut-backed chickadee,1433.05,61
Poecile sclateri,Paridae,Passeriformes,10.09,201847.75,1897,5.6916,Mexican chickadee,535.05,20
Poecile superciliosus,Paridae,Passeriformes,10.7,546757.41,1876,5.3386,White-browed tit,143.77,15
Poecile weigoldicus,Paridae,Passeriformes,11.1,961512.9,1921,6.4072,Sichuan tit,89.23,9
Poecilodryas brachyura,Petroicidae,Passeriformes,25.1,113208.31,1874,6.1745,Black-chinned robin,31.72,5
Poecilodryas cerviniventris,Petroicidae,Passeriformes,19.8,450121.79,1858,6.114,Buff-sided robin,82.03,7
Poecilodryas hypoleuca,Petroicidae,Passeriformes,18.0,419659.38,1859,6.3076,Black-sided robin,36.51,5
Poecilodryas superciliosa,Petroicidae,Passeriformes,19.8,238285.19,1847,6.3427,White-browed robin,71.87,13
Poecilotriccus albifacies,Tyrannidae,Passeriformes,8.0,4050.69,1959,5.4543,White-cheeked tody-flycatcher,21.73,20
Poecilotriccus calopterus,Tyrannidae,Passeriformes,7.53,208588.83,1857,6.0774,Golden-winged tody-flycatcher,24.04,11
Poecilotriccus capitalis,Tyrannidae,Passeriformes,8.0,525289.17,1857,6.1991,Black-and-white tody-flycatcher,24.48,11
Poecilotriccus fumifrons,Tyrannidae,Passeriformes,6.6,2055264.88,1853,5.4595,Smoky-fronted tody-flycatcher,16.95,13
Poecilotriccus latirostris,Tyrannidae,Passeriformes,8.1,4661103.33,1868,5.606,Rusty-fronted tody-flycatcher,20.72,18
Poecilotriccus luluae,Tyrannidae,Passeriformes,7.3,361.84,2001,6.785,Lulu's tody-flycatcher,31.94,13
Poecilotriccus plumbeiceps,Tyrannidae,Passeriformes,5.7,1475066.74,1846,6.0042,Ochre-faced tody-flycatcher,30.46,26
Poecilotriccus pulchellus,Tyrannidae,Passeriformes,8.0,6877.8,1874,5.908,Black-backed tody-flycatcher,19.04,5
Poecilotriccus ruficeps,Tyrannidae,Passeriformes,8.81,129577.78,1852,6.3431,Rufous-crowned tody-flycatcher,27.27,15
Poecilotriccus russatus,Tyrannidae,Passeriformes,8.0,28836.77,1884,5.2942,Ruddy tody-flycatcher,17.11,11
Poecilotriccus senex,Tyrannidae,Passeriformes,6.6,7349.28,1868,5.7169,Buff-cheeked tody-flycatcher,17.23,12
Poecilotriccus sylvia,Tyrannidae,Passeriformes,7.1,1909899.71,1806,5.4928,Slaty-headed tody-flycatcher,27.83,21
Poeoptera kenricki,Sturnidae,Passeriformes,46.37,203009.08,1894,5.7279,Kenrick's starling,64.75,11
Poeoptera lugubris,Sturnidae,Passeriformes,38.79,611884.69,1854,5.8483,Narrow-tailed starling,40.42,9
Poeoptera stuhlmanni,Sturnidae,Passeriformes,39.3,175255.7,1893,4.9742,Stuhlmann's starling,100.2,8
Poephila acuticauda,Estrildidae,Passeriformes,14.0,844828.16,1840,6.5538,Long-tailed finch,743.88,61
Poephila cincta,Estrildidae,Passeriformes,14.9,495909.79,1837,6.9045,Black-throated finch,327.67,30
Poephila personata,Estrildidae,Passeriformes,13.0,972681.31,1842,6.397,Masked finch,165.53,9
Pogoniulus atroflavus,Lybiidae,Piciformes,18.19,3229525.42,1798,6.5459,Red-rumped tinkerbird,46.48,11
Pogoniulus chrysoconus,Lybiidae,Piciformes,10.8,10202745.34,1832,5.4677,Yellow-fronted tinkerbird,139.18,14
Pogoniulus coryphaea,Lybiidae,Piciformes,10.7,307301.79,1892,6.335,Western tinkerbird,50.21,6
Pogoniulus leucomystax,Lybiidae,Piciformes,11.8,552561.75,1892,6.1847,Moustached tinkerbird,40.12,8
Pogoniulus pusillus,Lybiidae,Piciformes,9.6,2446279.62,1805,6.4868,Southern red-fronted tinkerbird,78.71,14
Pogoniulus scolopaceus,Lybiidae,Piciformes,14.07,3952077.92,1850,5.7277,Speckled tinkerbird,41.1,10
Pogoniulus simplex,Lybiidae,Piciformes,8.8,516296.28,1884,4.5876,Green tinkerbird,45.37,8
Pogoniulus subsulphureus,Lybiidae,Piciformes,10.5,3512045.74,1843,6.8761,Yellow-throated tinkerbird,46.32,8
Pogonocichla stellata,Muscicapidae,Passeriformes,18.6,1560903.36,1818,6.5757,White-starred robin,131.74,30
Pogonornis bidentatus,Lybiidae,Piciformes,79.34,2585581.98,1798,6.5473,Double-toothed barbet,134.69,5
Pogonornis dubius,Lybiidae,Piciformes,90.99,2333237.28,1788,6.2669,Bearded barbet,331.18,5
Pogonornis melanopterus,Lybiidae,Piciformes,52.4,809569.53,1854,6.6525,Brown-breasted barbet,58.21,5
Pogonornis rolleti,Lybiidae,Piciformes,100.39,1106455.94,1853,5.7363,Black-breasted barbet,40.82,5
Pogonotriccus chapmani,Tyrannidae,Passeriformes,8.01,175661.16,1940,5.1651,Chapman's bristle tyrant,16.98,9
Pogonotriccus eximius,Tyrannidae,Passeriformes,7.5,1008457.47,1822,6.1129,Southern bristle tyrant,28.02,3
Pogonotriccus lanyoni,Tyrannidae,Passeriformes,8.0,1563.29,1988,5.5034,Antioquia bristle tyrant,34.72,7
Pogonotriccus ophthalmicus,Tyrannidae,Passeriformes,9.2,179706.35,1874,5.703,Marble-faced bristle tyrant,23.07,7
Pogonotriccus orbitalis,Tyrannidae,Passeriformes,7.08,121722.45,1873,4.9482,Spectacled bristle tyrant,16.51,8
Pogonotriccus poecilotis,Tyrannidae,Passeriformes,8.0,213006.74,1862,5.9808,Variegated bristle tyrant,17.54,6
Pogonotriccus venezuelanus,Tyrannidae,Passeriformes,9.0,10622.12,1907,5.9577,Venezuelan bristle tyrant,17.41,4
Poicephalus cryptoxanthus,Psittacidae,Psittaciformes,140.0,1182606.67,1854,6.3456,Brown-headed parrot,426.8,24
Poicephalus flavifrons,Psittacidae,Psittaciformes,174.0,205738.93,1845,6.4848,Yellow-fronted parrot,284.05,9
Poicephalus fuscicollis,Psittacidae,Psittaciformes,324.0,3503776.69,1820,6.2361,Brown-necked parrot,390.09,3
Poicephalus gulielmi,Psittacidae,Psittaciformes,274.59,1483974.66,1849,6.6058,Red-fronted parrot,653.1,24
Poicephalus meyeri,Psittacidae,Psittaciformes,117.47,5835819.27,1827,6.9374,Meyer's parrot,911.48,35
Poicephalus robustus,Psittacidae,Psittaciformes,343.01,95197.08,1788,5.7938,Cape parrot,712.89,59
Poicephalus rueppellii,Psittacidae,Psittaciformes,116.0,597941.08,1849,6.5992,Rüppell's parrot,330.64,14
Poicephalus rufiventris,Psittacidae,Psittaciformes,120.0,1544074.33,1845,6.0291,Red-bellied parrot,486.68,24
Poicephalus senegalus,Psittacidae,Psittaciformes,147.0,2713959.34,1766,6.2355,Senegal parrot,2405.82,49
Poikilocarbo gaimardi,Phalacrocoracidae,Suliformes,1358.34,529277.9,1828,6.249,Red-legged cormorant,229.95,7
Polemaetus bellicosus,Accipitridae,Accipitriformes,3964.54,14888019.22,1800,6.4979,Martial eagle,5681.39,50
Polihierax semitorquatus,Falconidae,Falconiformes,61.5,3103663.96,1836,6.4421,Pygmy falcon,1565.34,23
Poliocephalus poliocephalus,Podicipedidae,Podicipediformes,239.86,1194543.64,1827,5.1288,Hoary-headed grebe,204.85,17
Poliocephalus rufopectus,Podicipedidae,Podicipediformes,249.0,87513.16,1843,5.3491,New Zealand grebe,197.03,13
Poliolais lopezi,Cisticolidae,Passeriformes,12.0,37233.22,1903,5.7036,White-tailed warbler,21.7,8
Poliolophus urostictus,Pycnonotidae,Passeriformes,24.8,207679.01,1870,5.1992,Yellow-wattled bulbul,63.39,4
Polioptila caerulea,Polioptilidae,Passeriformes,5.8,6582606.18,1766,5.419,Blue-gray gnatcatcher,1724.09,94
Polioptila californica,Polioptilidae,Passeriformes,5.82,135910.75,1881,6.0227,California gnatcatcher,504.31,67
Polioptila dumicola,Polioptilidae,Passeriformes,7.0,4483982.87,1817,5.5859,Masked gnatcatcher,73.44,28
Polioptila lactea,Polioptilidae,Passeriformes,6.5,441184.79,1885,5.3998,Creamy-bellied gnatcatcher,55.31,15
Polioptila lembeyei,Polioptilidae,Passeriformes,5.0,13553.51,1858,6.6492,Cuban gnatcatcher,45.58,11
Polioptila melanura,Polioptilidae,Passeriformes,5.2,1143933.05,1857,6.281,Black-tailed gnatcatcher,225.22,50
Polioptila nigriceps,Polioptilidae,Passeriformes,5.6,222914.09,1864,5.8772,Black-capped gnatcatcher,94.6,19
Polioptila schistaceigula,Polioptilidae,Passeriformes,6.0,144511.46,1898,5.6348,Slate-throated gnatcatcher,25.48,8
Polioxolmis rufipennis,Tyrannidae,Passeriformes,34.5,402534.91,1874,4.9828,Rufous-webbed bush tyrant,22.4,14
Polyboroides radiatus,Accipitridae,Accipitriformes,633.2,413722.67,1786,6.6998,Madagascar harrier-hawk,140.23,6
Polyboroides typus,Accipitridae,Accipitriformes,633.24,14893143.16,1829,6.2469,African harrier-hawk,1666.26,25
Polyonymus caroli,Trochilidae,Caprimulgiformes,4.8,159552.96,1847,7.2598,Bronze-tailed comet,53.81,11
Polyplectron bicalcaratum,Phasianidae,Galliformes,467.84,1095333.73,1758,5.8676,Grey peacock-pheasant,938.99,41
Polyplectron chalcurum,Phasianidae,Galliformes,508.0,83208.6,1831,5.403,Bronze-tailed peacock-pheasant,268.82,12
Polyplectron germaini,Phasianidae,Galliformes,449.96,38584.9,1866,5.8555,Germain's peacock-pheasant,276.8,16
Polyplectron inopinatum,Phasianidae,Galliformes,497.5,12687.59,1903,6.9286,Mountain peacock-pheasant,367.53,13
Polyplectron katsumatae,Phasianidae,Galliformes,467.84,2165.64,1906,4.5268,Hainan peacock-pheasant,269.6,29
Polyplectron malacense,Phasianidae,Galliformes,608.0,116752.23,1786,6.6074,Malayan peacock-pheasant,555.86,15
Polyplectron napoleonis,Phasianidae,Galliformes,374.68,11489.35,1831,6.8359,Palawan peacock-pheasant,1273.09,30
Polysticta stelleri,Anatidae,Anseriformes,806.76,2209280.29,1769,6.0442,Steller's eider,1009.36,108
Polystictus pectoralis,Tyrannidae,Passeriformes,6.2,3620193.03,1817,5.8564,Bearded tachuri,44.09,32
Polystictus superciliaris,Tyrannidae,Passeriformes,6.0,313983.58,1831,5.5903,Grey-backed tachuri,19.02,16
Polytelis alexandrae,Psittacidae,Psittaciformes,103.69,1234652.55,1863,6.4723,Princess parrot,1080.18,24
Polytelis anthopeplus,Psittacidae,Psittaciformes,170.0,387356.37,1831,6.6849,Regent parrot,556.48,24
Polytelis swainsonii,Psittacidae,Psittaciformes,153.0,81178.47,1826,7.0449,Superb parrot,857.68,27
Polytmus guainumbi,Trochilidae,Caprimulgiformes,5.2,4835885.75,1764,6.8354,White-tailed goldenthroat,81.02,25
Polytmus milleri,Trochilidae,Caprimulgiformes,4.1,74967.65,1929,6.9769,Tepui goldenthroat,45.55,6
Polytmus theresiae,Trochilidae,Caprimulgiformes,3.8,1942723.67,1843,7.3702,Green-tailed goldenthroat,62.07,19
Pomarea dimidiata,Monarchidae,Passeriformes,23.0,31.46,1871,5.494,Rarotonga monarch,131.95,22
Pomarea iphis,Monarchidae,Passeriformes,23.9,81.42,1928,4.7419,Iphis monarch,59.49,10
Pomarea mendozae,Monarchidae,Passeriformes,29.6,13.3,1854,4.5802,Marquesan monarch,44.76,12
Pomarea nigra,Monarchidae,Passeriformes,25.4,27.52,1786,5.2751,Tahiti monarch,113.49,16
Pomarea whitneyi,Monarchidae,Passeriformes,42.5,4.03,1928,5.1763,Fatu Hiva monarch,68.52,16
Pomatorhinus horsfieldii,Timaliidae,Passeriformes,43.0,1024241.88,1832,5.4147,Indian scimitar babbler,177.43,9
Pomatorhinus melanurus,Timaliidae,Passeriformes,43.0,60438.97,1847,5.5577,Sri Lanka scimitar babbler,59.2,8
Pomatorhinus montanus,Timaliidae,Passeriformes,28.63,1078578.59,1821,5.9314,Javan scimitar babbler,50.55,14
Pomatorhinus musicus,Timaliidae,Passeriformes,31.61,33085.2,1859,5.714,Taiwan scimitar babbler,70.33,13
Pomatorhinus ochraceiceps,Timaliidae,Passeriformes,34.0,662845.4,1873,6.0221,Red-billed scimitar babbler,38.21,8
Pomatorhinus ruficollis,Timaliidae,Passeriformes,31.61,2706746.89,1836,5.777,Streak-breasted scimitar babbler,113.27,39
Pomatorhinus schisticeps,Timaliidae,Passeriformes,43.0,1222844.41,1836,6.4379,White-browed scimitar babbler,66.64,11
Pomatorhinus superciliaris,Timaliidae,Passeriformes,28.0,664803.5,1842,5.9367,Slender-billed scimitar babbler,55.05,13
Pomatostomus halli,Pomatostomidae,Passeriformes,41.8,487442.04,1964,5.9325,Hall's babbler,64.22,13
Pomatostomus ruficeps,Pomatostomidae,Passeriformes,57.8,1074854.31,1852,5.8414,Chestnut-crowned babbler,123.87,36
Pomatostomus superciliosus,Pomatostomidae,Passeriformes,41.53,4621673.34,1827,5.944,White-browed babbler,142.46,15
Pomatostomus temporalis,Pomatostomidae,Passeriformes,74.99,3774038.59,1827,5.7577,Grey-crowned babbler,259.09,25
Poodytes albolimbatus,Locustellidae,Passeriformes,14.0,2389.39,1879,4.6245,Fly River grassbird,36.28,3
Poodytes carteri,Locustellidae,Passeriformes,12.2,1881674.61,1900,4.7316,,,5
Poodytes gramineus,Locustellidae,Passeriformes,14.09,3277909.05,1845,5.4247,Little grassbird,119.22,5
Pooecetes gramineus,Passerellidae,Passeriformes,25.68,6371227.47,1789,4.5769,Vesper sparrow,765.06,130
Poospiza baeri,Thraupidae,Passeriformes,32.5,11570.87,1904,5.7246,Tucumán mountain finch,24.24,13
Poospiza boliviana,Thraupidae,Passeriformes,28.62,65161.27,1888,6.001,Bolivian warbling finch,25.83,19
Poospiza garleppi,Thraupidae,Passeriformes,32.5,2895.12,1893,6.856,Cochabamba mountain finch,28.4,18
Poospiza goeringi,Thraupidae,Passeriformes,17.06,1741.62,1871,5.2714,Slaty-backed hemispingus,23.56,11
Poospiza hispaniolensis,Thraupidae,Passeriformes,16.5,115454.54,1850,5.0721,Collared warbling finch,29.39,15
Poospiza nigrorufa,Thraupidae,Passeriformes,17.4,884030.7,1837,5.9787,Black-and-rufous warbling finch,38.34,16
Poospiza ornata,Thraupidae,Passeriformes,11.8,465745.8,1865,5.8649,Cinnamon warbling finch,29.07,19
Poospiza rubecula,Thraupidae,Passeriformes,24.4,17643.08,1895,6.0035,Rufous-breasted warbling finch,20.48,23
Poospiza rufosuperciliaris,Thraupidae,Passeriformes,29.0,6681.55,1974,6.6402,Rufous-browed hemispingus,18.69,15
Poospiza whitii,Thraupidae,Passeriformes,17.0,294938.89,1883,6.7267,Black-and-chestnut warbling finch,13.48,12
Poospizopsis caesar,Thraupidae,Passeriformes,51.19,32343.46,1869,6.551,Chestnut-breasted mountain finch,27.49,17
Poospizopsis hypocondria,Thraupidae,Passeriformes,21.2,286396.55,1837,5.2081,Rufous-sided warbling finch,22.55,5
Porphyrio alleni,Rallidae,Gruiformes,138.74,16360428.26,1842,5.0501,Allen's gallinule,344.32,27
Porphyrio flavirostris,Rallidae,Gruiformes,92.64,5270055.29,1789,5.2984,Azure gallinule,158.28,34
Porphyrio hochstetteri,Rallidae,Gruiformes,2462.18,670.74,1883,4.8755,,,47
Porphyrio martinicus,Rallidae,Gruiformes,235.06,16393196.71,1766,5.8955,American purple gallinule,1767.59,16
Porphyriops melanops,Rallidae,Gruiformes,191.0,4136401.21,1819,5.4896,Spot-flanked gallinule,101.77,26
Porphyrolaema porphyrolaema,Cotingidae,Passeriformes,60.0,2187394.02,1852,5.5537,Purple-throated cotinga,51.98,16
Porphyrospiza caerulescens,Thraupidae,Passeriformes,13.0,1671290.25,1830,7.0761,Blue finch,1084.97,26
Porzana albicollis,Rallidae,Gruiformes,100.0,6152059.49,1819,5.2154,Ash-throated crake,78.45,10
Porzana carolina,Rallidae,Gruiformes,74.8,9780642.26,1758,5.334,Sora (bird),1581.88,122
Porzana fasciata,Rallidae,Gruiformes,69.0,1297085.55,1868,5.5771,Black-banded crake,48.16,6
Porzana fluminea,Rallidae,Gruiformes,60.79,1975889.79,1843,5.6245,Australian crake,122.14,8
Porzana porzana,Rallidae,Gruiformes,87.1,10691863.17,1766,5.3298,Spotted crake,690.78,115
Premnoplex brunnescens,Furnariidae,Passeriformes,16.3,406258.31,1856,5.9079,Spotted barbtail,35.95,20
Premnornis guttuliger,Furnariidae,Passeriformes,15.9,289937.61,1864,5.5507,Rusty-winged barbtail,20.55,13
Primolius auricollis,Psittacidae,Psittaciformes,245.0,838451.74,1853,6.3153,Golden-collared macaw,835.02,30
Primolius couloni,Psittacidae,Psittaciformes,250.0,649262.51,1876,6.9424,Blue-headed macaw,813.88,50
Primolius maracana,Psittacidae,Psittaciformes,256.0,3458797.75,1816,7.4715,Blue-winged macaw,968.64,55
Prinia bairdii,Cisticolidae,Passeriformes,13.4,1110524.41,1855,5.4752,Banded prinia,33.08,11
Prinia buchanani,Cisticolidae,Passeriformes,6.7,1899856.57,1844,4.7489,Rufous-fronted prinia,70.65,7
Prinia cinereocapilla,Cisticolidae,Passeriformes,7.3,33032.6,1854,5.2064,Grey-crowned prinia,52.22,10
Prinia erythroptera,Cisticolidae,Passeriformes,11.5,3486114.04,1849,5.1577,Red-winged prinia,48.7,6
Prinia familiaris,Cisticolidae,Passeriformes,9.0,497167.74,1821,5.3112,Bar-winged prinia,202.81,21
Prinia flavicans,Cisticolidae,Passeriformes,8.73,2717287.69,1821,5.2998,Black-chested prinia,56.25,12
Prinia fluviatilis,Cisticolidae,Passeriformes,8.0,98560.02,1974,4.8833,River prinia,47.63,8
Prinia hodgsonii,Cisticolidae,Passeriformes,6.4,4680228.23,1844,5.5439,Grey-breasted prinia,184.62,12
Prinia hypoxantha,Cisticolidae,Passeriformes,10.5,218636.0,1877,5.3958,Drakensberg prinia,35.11,9
Prinia inornata,Cisticolidae,Passeriformes,7.0,7403210.36,1832,5.3983,Plain prinia,394.84,29
Prinia maculosa,Cisticolidae,Passeriformes,9.0,581622.97,1783,5.1227,Karoo prinia,114.44,12
Prinia molleri,Cisticolidae,Passeriformes,8.8,858.51,1887,5.3327,São Tomé prinia,36.22,7
Prinia rufescens,Cisticolidae,Passeriformes,6.48,2213362.62,1847,5.8701,Rufescent prinia,78.96,11
Prinia rufifrons,Cisticolidae,Passeriformes,6.5,1242957.36,1840,5.483,Red-fronted prinia,30.1,6
Prinia socialis,Cisticolidae,Passeriformes,8.0,2758579.48,1832,6.0137,Ashy prinia,735.78,16
Prinia somalica,Cisticolidae,Passeriformes,7.5,1273080.06,1897,5.453,Pale prinia,28.33,8
Prinia subflava,Cisticolidae,Passeriformes,8.64,14611740.02,1789,5.5227,Tawny-flanked prinia,226.23,37
Prinia superciliaris,Cisticolidae,Passeriformes,11.8,1763381.26,1871,5.5565,Hill prinia,97.42,9
Prinia sylvatica,Cisticolidae,Passeriformes,16.1,2267095.6,1840,4.9794,Jungle prinia,142.48,12
Prioniturus discurus,Psittacidae,Psittaciformes,148.05,171737.97,1822,6.5522,Blue-crowned racket-tail,131.92,3
Prioniturus flavicans,Psittacidae,Psittaciformes,116.8,19945.56,1853,6.4496,Yellow-breasted racket-tail,70.28,7
Prioniturus luconensis,Psittacidae,Psittaciformes,108.0,93519.26,1890,7.4355,Green racket-tail,137.78,17
Prioniturus mada,Psittacidae,Psittaciformes,116.8,6285.54,1900,6.636,Buru racket-tail,85.42,5
Prioniturus mindorensis,Psittacidae,Psittaciformes,148.05,9853.02,1890,5.3014,Mindoro racket-tail,58.56,7
Prioniturus montanus,Psittacidae,Psittaciformes,118.26,10411.71,1895,4.7979,Montane racket-tail,78.58,8
Prioniturus platenae,Psittacidae,Psittaciformes,112.0,13583.92,1888,7.1643,Blue-headed racket-tail,187.99,9
Prioniturus platurus,Psittacidae,Psittaciformes,66.29,184161.11,1818,6.5947,Golden-mantled racket-tail,80.24,7
Prioniturus waterstradti,Psittacidae,Psittaciformes,119.0,11282.82,1904,6.0173,Mindanao racket-tail,80.54,5
Prionochilus maculatus,Dicaeidae,Passeriformes,7.95,1401405.5,1836,5.3016,Yellow-breasted flowerpecker,54.76,12
Prionochilus olivaceus,Dicaeidae,Passeriformes,9.4,226152.0,1877,5.7917,Olive-backed flowerpecker,36.5,8
Prionochilus percussus,Dicaeidae,Passeriformes,8.5,1530525.15,1826,6.2176,Crimson-breasted flowerpecker,57.68,10
Prionochilus plateni,Dicaeidae,Passeriformes,8.48,13498.61,1888,5.586,Palawan flowerpecker,47.59,8
Prionochilus thoracicus,Dicaeidae,Passeriformes,8.9,1143891.73,1836,6.2536,Scarlet-breasted flowerpecker,52.86,6
Prionochilus xanthopygius,Dicaeidae,Passeriformes,7.6,383880.17,1868,6.7829,Yellow-rumped flowerpecker,41.9,14
Prionodura newtoniana,Ptilonorhynchidae,Passeriformes,78.3,4955.93,1883,6.6027,Golden bowerbird,277.08,13
Prionops caniceps,Vangidae,Passeriformes,48.18,892308.99,1850,5.6373,Red-billed helmetshrike,51.33,8
Prionops gabela,Vangidae,Passeriformes,50.1,4620.24,1957,5.6443,Gabela helmetshrike,40.05,11
Prionops plumatus,Vangidae,Passeriformes,33.78,10670489.61,1809,6.5107,White-crested helmetshrike,247.26,15
Prionops poliolophus,Vangidae,Passeriformes,49.0,52607.72,1884,6.2451,Grey-crested helmetshrike,57.58,8
Prionops retzii,Vangidae,Passeriformes,50.11,4451615.16,1856,6.3003,Retz's helmetshrike,84.81,10
Prionops rufiventris,Vangidae,Passeriformes,50.0,1903359.86,1853,6.1674,Rufous-bellied helmetshrike,38.29,7
Prionops scopifrons,Vangidae,Passeriformes,29.4,795156.97,1854,5.6301,Chestnut-fronted helmetshrike,58.4,16
Priotelus temnurus,Trogonidae,Trogoniformes,53.4,108974.52,1825,7.1608,Cuban trogon,1171.02,15
Probosciger aterrimus,Cacatuidae,Psittaciformes,841.0,716105.09,1788,6.6031,Palm cockatoo,4624.93,49
Procarduelis nipalensis,Fringillidae,Passeriformes,22.1,713091.48,1836,5.6573,Dark-breasted rosefinch,114.15,11
Procellaria aequinoctialis,Procellariidae,Procellariiformes,1213.0,107346807.9,1758,5.3756,White-chinned petrel,287.73,104
Procellaria cinerea,Procellariidae,Procellariiformes,1131.0,83049745.46,1789,5.1382,Grey petrel,144.75,31
Procellaria conspicillata,Procellariidae,Procellariiformes,1213.0,12020747.42,1844,4.5257,Spectacled petrel,166.88,27
Procellaria parkinsoni,Procellariidae,Procellariiformes,702.2,39453265.54,1862,5.2157,Black petrel,151.57,37
Procellaria westlandica,Procellariidae,Procellariiformes,1199.0,18867090.65,1946,4.856,Westland petrel,118.71,36
Procnias albus,Cotingidae,Passeriformes,210.0,527310.4,1783,5.5538,White bellbird,3510.22,24
Procnias averano,Cotingidae,Passeriformes,146.06,1123871.61,1783,5.62,Bearded bellbird,264.23,26
Procnias nudicollis,Cotingidae,Passeriformes,172.04,1467436.56,1817,6.2736,Bare-throated bellbird,598.58,70
Procnias tricarunculatus,Cotingidae,Passeriformes,210.0,22550.75,1853,7.0767,Three-wattled bellbird,741.7,54
Prodotiscus insignis,Indicatoridae,Piciformes,10.4,2908784.71,1856,5.1482,Cassin's honeybird,48.07,9
Prodotiscus regulus,Indicatoridae,Piciformes,14.1,3186750.81,1850,4.5094,Brown-backed honeybird,102.4,6
Prodotiscus zambesiae,Indicatoridae,Piciformes,10.2,3997564.3,1894,5.1231,Green-backed honeybird,66.72,6
Progne chalybea,Hirundinidae,Passeriformes,50.0,15629572.14,1789,5.5319,Grey-breasted martin,162.13,54
Progne cryptoleuca,Hirundinidae,Passeriformes,46.0,109839.23,1865,5.695,Cuban martin,106.35,13
Progne dominicensis,Hirundinidae,Passeriformes,39.6,102598.2,1789,5.9339,Caribbean martin,201.03,13
Progne elegans,Hirundinidae,Passeriformes,50.6,1269835.22,1865,5.6182,Southern martin,105.16,20
Progne modesta,Hirundinidae,Passeriformes,41.4,7771.35,1839,5.6328,Galápagos martin,52.81,17
Progne murphyi,Hirundinidae,Passeriformes,41.37,134136.1,1925,4.6805,Peruvian martin,42.06,18
Progne sinaloae,Hirundinidae,Passeriformes,42.6,197014.51,1898,5.3062,Sinaloa martin,61.08,25
Progne subis,Hirundinidae,Passeriformes,53.79,5698973.38,1758,6.2125,Purple martin,9444.04,221
Progne tapera,Hirundinidae,Passeriformes,32.0,8235521.18,1766,5.7311,Brown-chested martin,178.19,34
Promerops cafer,Promeropidae,Passeriformes,34.74,114533.35,1758,6.178,Cape sugarbird,745.33,43
Promerops gurneyi,Promeropidae,Passeriformes,34.91,103702.82,1871,6.528,Gurney's sugarbird,103.4,8
Prosobonia parvirostris,Scolopacidae,Charadriiformes,36.0,65.15,1848,5.1397,Tuamotu sandpiper,269.9,3
Prosopeia personata,Psittacidae,Psittaciformes,40.3,10448.85,1848,6.5835,Masked shining parrot,118.72,10
Prosopeia splendens,Psittacidae,Psittaciformes,232.0,458.32,1848,6.9563,Crimson shining parrot,142.88,14
Prosopeia tabuensis,Psittacidae,Psittaciformes,232.0,6279.19,1788,6.7827,Maroon shining parrot,193.1,17
Prosthemadera novaeseelandiae,Meliphagidae,Passeriformes,105.83,125476.53,1788,6.0257,,,72
Protonotaria citrea,Parulidae,Passeriformes,14.3,2173071.74,1783,6.8618,Prothonotary warbler,1512.62,172
Prunella atrogularis,Prunellidae,Passeriformes,18.5,950766.74,1843,5.5802,Black-throated accentor,123.13,27
Prunella collaris,Prunellidae,Passeriformes,38.61,10326440.53,1769,5.4669,Alpine accentor,591.78,102
Prunella fulvescens,Prunellidae,Passeriformes,18.9,3210424.28,1873,5.2521,Brown accentor,97.74,13
Prunella himalayana,Prunellidae,Passeriformes,25.7,1586851.28,1842,5.4326,Altai accentor,82.21,8
Prunella immaculata,Prunellidae,Passeriformes,20.7,692958.64,1845,5.848,Maroon-backed accentor,61.52,10
Prunella koslowi,Prunellidae,Passeriformes,17.5,721915.95,1887,5.3267,Kozlov's accentor,38.97,17
Prunella modularis,Prunellidae,Passeriformes,20.24,6779516.3,1758,5.0892,,,171
Prunella montanella,Prunellidae,Passeriformes,17.0,6373551.3,1776,5.6577,Siberian accentor,1203.59,38
Prunella rubeculoides,Prunellidae,Passeriformes,23.91,1417873.85,1854,5.7191,Robin accentor,119.28,11
Prunella rubida,Prunellidae,Passeriformes,16.7,316162.6,1845,4.7099,Japanese accentor,102.73,6
Prunella strophiata,Prunellidae,Passeriformes,18.08,1390796.43,1843,5.9826,Rufous-breasted accentor,98.98,13
Psalidoprocne albiceps,Hirundinidae,Passeriformes,11.13,1147033.42,1864,5.6707,White-headed saw-wing,54.33,6
Psalidoprocne fuliginosa,Hirundinidae,Passeriformes,12.2,3496.28,1887,5.7552,Mountain saw-wing,55.58,9
Psalidoprocne nitens,Hirundinidae,Passeriformes,9.8,2890566.4,1857,4.8378,Square-tailed saw-wing,57.07,16
Psalidoprocne obscura,Hirundinidae,Passeriformes,9.4,1468905.41,1855,5.1385,Fanti saw-wing,64.32,7
Psalidoprocne pristoptera,Hirundinidae,Passeriformes,10.3,8277210.72,1840,5.9539,Black saw-wing,182.49,11
Psaltria exilis,Aegithalidae,Passeriformes,4.0,11281.75,1836,5.3391,Pygmy bushtit,112.42,9
Psaltriparus minimus,Aegithalidae,Passeriformes,5.3,2692275.52,1837,7.045,American bushtit,1804.54,98
Psarisomus dalhousiae,Eurylaimidae,Passeriformes,67.0,1318583.0,1835,6.8264,Long-tailed broadbill,380.47,20
Psarocolius atrovirens,Icteridae,Passeriformes,152.0,139269.14,1838,5.8668,Dusky-green oropendola,63.99,12
Psarocolius cassini,Icteridae,Passeriformes,383.86,5505.28,1898,5.4795,Baudó oropendola,29.73,20
Psarocolius decumanus,Icteridae,Passeriformes,206.3,10475235.8,1769,6.8136,Crested oropendola,451.24,53
Psarocolius guatimozinus,Icteridae,Passeriformes,405.31,107561.07,1853,6.3528,Black oropendola,86.59,5
Psarocolius montezuma,Icteridae,Passeriformes,309.87,497553.81,1830,6.4317,Montezuma oropendola,1259.18,56
Psarocolius viridis,Icteridae,Passeriformes,286.95,5050471.2,1776,6.7053,Green oropendola,135.74,19
Psarocolius wagleri,Icteridae,Passeriformes,155.5,481772.49,1845,5.371,Chestnut-headed oropendola,243.61,21
Pselliophorus luteoviridis,Passerellidae,Passeriformes,30.0,1368.85,1924,5.5917,Yellow-green brushfinch,31.03,53
Pselliophorus tibialis,Passerellidae,Passeriformes,30.0,6558.82,1864,5.7504,Yellow-thighed brushfinch,55.66,27
Psephotellus chrysopterygius,Psittacidae,Psittaciformes,46.8,2870.38,1858,7.0749,Golden-shouldered parrot,435.53,8
Psephotellus dissimilis,Psittacidae,Psittaciformes,45.8,110733.69,1898,6.998,Hooded parrot,307.39,9
Psephotellus varius,Psittacidae,Psittaciformes,61.5,3329382.06,1910,7.6001,Mulga parrot,444.12,16
Psephotus haematonotus,Psittacidae,Psittaciformes,61.39,1548738.74,1838,7.5178,Red-rumped parrot,1621.48,45
Pseudasthenes cactorum,Furnariidae,Passeriformes,17.43,64992.8,1959,4.9339,Cactus canastero,23.21,17
Pseudasthenes humicola,Furnariidae,Passeriformes,20.83,118680.46,1830,5.3097,Dusky-tailed canastero,23.35,11
Pseudasthenes patagonica,Furnariidae,Passeriformes,16.4,585684.0,1839,5.0403,Patagonian canastero,29.79,6
Pseudasthenes steinbachi,Furnariidae,Passeriformes,19.5,273597.84,1909,5.4493,Steinbach's canastero,24.26,9
Pseudastur albicollis,Accipitridae,Accipitriformes,703.7,8478535.51,1790,6.8983,White hawk,1189.13,15
Pseudastur occidentalis,Accipitridae,Accipitriformes,659.99,6586.81,1876,6.847,Grey-backed hawk,86.82,34
Pseudastur polionotus,Accipitridae,Accipitriformes,703.7,813060.78,1847,6.6729,Mantled hawk,109.73,20
Pseudelaenia leucospodia,Tyrannidae,Passeriformes,11.9,51916.21,1877,5.0305,Grey-and-white tyrannulet,18.69,13
Pseudeos fuscata,Psittacidae,Psittaciformes,149.0,766350.36,1858,4.6195,Dusky lory,464.63,16
Pseudhirundo griseopyga,Hirundinidae,Passeriformes,10.19,5583454.87,1850,5.8564,Grey-rumped swallow,95.33,11
Pseudibis davisoni,Threskiornithidae,Pelecaniformes,1588.0,48226.23,1875,4.9905,White-shouldered ibis,280.37,23
Pseudibis papillosa,Threskiornithidae,Pelecaniformes,823.0,1181694.91,1824,5.5178,Red-naped ibis,1085.26,28
Pseudobias wardi,Vangidae,Passeriformes,12.7,172356.28,1870,6.007,Ward's vanga,,7
Pseudobulweria aterrima,Procellariidae,Procellariiformes,232.0,74510.86,1857,4.9915,Mascarene petrel,74.84,25
Pseudobulweria becki,Procellariidae,Procellariiformes,409.0,120483.98,1928,4.5509,Beck's petrel,108.43,10
Pseudobulweria macgillivrayi,Procellariidae,Procellariiformes,143.0,146910.59,1860,4.9342,Fiji petrel,146.78,11
Pseudobulweria rostrata,Procellariidae,Procellariiformes,409.0,49574430.81,1848,4.9921,Tahiti petrel,147.68,23
Pseudocalyptomena graueri,Eurylaimidae,Passeriformes,31.79,18563.55,1909,6.3337,Grauer's broadbill,93.26,14
Pseudochelidon eurystomina,Hirundinidae,Passeriformes,26.0,113181.07,1861,5.3255,African river martin,554.65,8
Pseudocolaptes boissonneauii,Furnariidae,Passeriformes,43.9,395920.18,1840,5.5458,Streaked tuftedcheek,31.35,8
Pseudocolopteryx acutipennis,Tyrannidae,Passeriformes,6.9,506201.86,1873,6.306,Subtropical doradito,29.98,23
Pseudocolopteryx citreola,Tyrannidae,Passeriformes,7.5,384102.57,1864,5.7358,Ticking doradito,29.18,16
Pseudocolopteryx dinelliana,Tyrannidae,Passeriformes,7.5,181082.86,1905,5.5278,Dinelli's doradito,23.15,19
Pseudocolopteryx flaviventris,Tyrannidae,Passeriformes,7.5,1065968.93,1837,5.5506,Warbling doradito,28.67,19
Pseudocolopteryx sclateri,Tyrannidae,Passeriformes,8.0,816154.8,1892,5.426,Crested doradito,32.78,14
Pseudoleistes guirahuro,Icteridae,Passeriformes,86.42,2138341.08,1819,5.4666,Yellow-rumped marshbird,58.29,19
Pseudoleistes virescens,Icteridae,Passeriformes,79.93,899008.3,1819,5.9793,Brown-and-yellow marshbird,60.33,21
Pseudonestor xanthophrys,Fringillidae,Passeriformes,22.1,49.32,1893,5.7494,Maui parrotbill,416.59,22
Pseudonigrita arnaudi,Ploceidae,Passeriformes,20.0,462385.54,1850,6.1466,Grey-capped social weaver,99.25,25
Pseudonigrita cabanisi,Ploceidae,Passeriformes,20.58,266415.08,1884,5.7141,Black-capped social weaver,68.75,6
Pseudopipra pipra,Pipridae,Passeriformes,11.11,4953783.66,1758,6.5178,White-crowned manakin,92.73,12
Pseudopodoces humilis,Paridae,Passeriformes,45.4,2316477.82,1871,5.4038,Ground tit,258.34,49
Pseudorectes ferrugineus,Pachycephalidae,Passeriformes,93.91,614817.29,1850,4.6316,Rusty pitohui,90.65,6
Pseudorectes incertus,Pachycephalidae,Passeriformes,75.0,606.03,1909,4.9633,White-bellied pitohui,59.16,8
Pseudosaltator rufiventris,Thraupidae,Passeriformes,74.2,25381.79,1837,6.2623,Rufous-bellied mountain tanager,25.08,17
Pseudoscops grammicus,Strigidae,Strigiformes,335.0,11021.79,1847,7.4555,Jamaican owl,240.54,5
Pseudoseisura cristata,Furnariidae,Passeriformes,53.6,909279.08,1824,6.3319,Caatinga cacholote,58.19,19
Pseudoseisura gutturalis,Furnariidae,Passeriformes,70.4,779615.04,1838,5.3555,White-throated cacholote,21.51,14
Pseudoseisura lophotes,Furnariidae,Passeriformes,72.2,1313911.0,1853,5.6374,Brown cacholote,25.25,26
Pseudoseisura unirufa,Furnariidae,Passeriformes,44.9,435035.55,1838,5.8915,Grey-crested cacholote,26.0,12
Pseudospingus verticalis,Thraupidae,Passeriformes,14.0,67457.7,1840,5.6023,Black-headed hemispingus,28.01,6
Pseudospingus xanthophthalmus,Thraupidae,Passeriformes,12.0,92237.27,1874,4.9711,Drab hemispingus,21.44,9
Pseudotriccus pelzelni,Tyrannidae,Passeriformes,10.9,148376.2,1885,6.0537,Bronze-olive pygmy tyrant,19.74,9
Pseudotriccus ruficeps,Tyrannidae,Passeriformes,11.3,194101.79,1843,6.1519,Rufous-headed pygmy tyrant,25.21,9
Pseudotriccus simplex,Tyrannidae,Passeriformes,9.5,68986.06,1901,4.813,Hazel-fronted pygmy tyrant,19.52,10
Psilopogon annamensis,Megalaimidae,Piciformes,87.69,238876.05,1919,7.1028,Indochinese barbet,39.77,5
Psilopogon armillaris,Megalaimidae,Piciformes,69.35,25965.22,1821,6.7228,Flame-fronted barbet,60.5,6
Psilopogon asiaticus,Megalaimidae,Piciformes,90.5,1991863.6,1790,6.4847,Blue-throated barbet,585.59,15
Psilopogon auricularis,Megalaimidae,Piciformes,63.5,42835.17,1919,7.0431,Necklaced barbet,33.48,5
Psilopogon australis,Megalaimidae,Piciformes,33.3,78190.52,1821,6.3062,Yellow-eared barbet,43.86,6
Psilopogon chersonesus,Megalaimidae,Piciformes,90.5,846.97,1927,6.2081,Turquoise-throated barbet,44.89,4
Psilopogon chrysopogon,Megalaimidae,Piciformes,151.0,924419.88,1824,6.7476,Golden-whiskered barbet,98.09,7
Psilopogon corvinus,Megalaimidae,Piciformes,130.0,6748.31,1831,6.173,Brown-throated barbet,39.56,5
Psilopogon eximius,Megalaimidae,Piciformes,33.3,150608.92,1892,5.4253,Bornean barbet,50.45,6
Psilopogon faber,Megalaimidae,Piciformes,87.69,54689.52,1870,6.7791,Chinese barbet,50.38,8
Psilopogon faiostrictus,Megalaimidae,Piciformes,92.95,709761.14,1832,5.8234,Green-eared barbet,76.83,7
Psilopogon flavifrons,Megalaimidae,Piciformes,58.5,25071.76,1816,6.9583,Yellow-fronted barbet,132.64,9
Psilopogon franklinii,Megalaimidae,Piciformes,63.5,747848.45,1842,7.0635,Golden-throated barbet,135.55,10
Psilopogon haemacephalus,Megalaimidae,Piciformes,44.49,5975609.97,1776,7.0126,Coppersmith barbet,2465.23,21
Psilopogon henricii,Megalaimidae,Piciformes,74.1,715928.64,1831,7.5737,Yellow-crowned barbet,57.34,10
Psilopogon incognitus,Megalaimidae,Piciformes,92.95,709194.71,1874,6.879,Moustached barbet,48.58,4
Psilopogon javensis,Megalaimidae,Piciformes,115.0,75358.71,1821,6.4007,Black-banded barbet,57.52,6
Psilopogon lagrandieri,Megalaimidae,Piciformes,92.95,353200.77,1868,6.5485,Red-vented barbet,50.98,4
Psilopogon lineatus,Megalaimidae,Piciformes,148.96,1966842.26,1816,6.4956,Lineated barbet,399.12,15
Psilopogon malabaricus,Megalaimidae,Piciformes,37.6,102689.89,1847,6.6963,Malabar barbet,201.68,8
Psilopogon monticola,Megalaimidae,Piciformes,93.36,53959.57,1889,6.5756,Mountain barbet,42.48,6
Psilopogon mystacophanos,Megalaimidae,Piciformes,77.4,1239604.69,1824,6.3512,Red-throated barbet,104.58,9
Psilopogon nuchalis,Megalaimidae,Piciformes,87.69,19750.22,1863,7.0113,Taiwan barbet,290.8,7
Psilopogon oorti,Megalaimidae,Piciformes,87.69,78643.1,1836,7.2954,Black-browed barbet,109.43,5
Psilopogon pulcherrimus,Megalaimidae,Piciformes,65.4,5208.54,1888,7.1584,Golden-naped barbet,72.08,4
Psilopogon pyrolophus,Megalaimidae,Piciformes,129.0,474947.38,1836,6.0013,Fire-tufted barbet,138.78,6
Psilopogon rafflesii,Megalaimidae,Piciformes,118.0,691184.19,1839,5.9778,Red-crowned barbet,122.9,6
Psilopogon rubricapillus,Megalaimidae,Piciformes,37.6,58622.85,1788,6.3017,Crimson-fronted barbet,154.28,4
Psilopogon virens,Megalaimidae,Piciformes,202.0,3256344.79,1783,6.3777,Great barbet,425.86,12
Psilopogon viridis,Megalaimidae,Piciformes,80.5,263685.81,1783,7.1698,White-cheeked barbet,830.84,20
Psilopogon zeylanicus,Megalaimidae,Piciformes,119.0,2194453.73,1788,6.6512,Brown-headed barbet,897.12,17
Psilopsiagon aurifrons,Psittacidae,Psittaciformes,33.6,947209.8,1830,6.7618,Mountain parakeet,172.78,17
Psilopsiagon aymara,Psittacidae,Psittaciformes,30.0,382901.13,1839,6.6817,Grey-hooded parakeet,129.48,19
Psilorhamphus guttatus,Rhinocryptidae,Passeriformes,11.3,410870.11,1835,5.0871,Spotted bamboowren,31.35,17
Psiloscops flammeolus,Strigidae,Strigiformes,59.9,1041707.57,1852,6.9497,Flammulated owl,1125.26,51
Psittacara acuticaudatus,Psittacidae,Psittaciformes,171.0,3345328.67,1818,6.4027,Blue-crowned parakeet,926.2,7
Psittacara erythrogenys,Psittacidae,Psittaciformes,151.0,106452.34,1844,7.4923,Red-masked parakeet,1049.17,49
Psittacara euops,Psittacidae,Psittaciformes,87.0,18723.73,1832,6.6292,Cuban parakeet,158.41,13
Psittacara finschi,Psittacidae,Psittaciformes,150.0,92560.88,1871,6.5043,Finsch's parakeet,135.52,23
Psittacara leucophthalmus,Psittacidae,Psittaciformes,158.0,8731069.11,1776,7.0529,White-eyed parakeet,403.36,76
Psittacara mitratus,Psittacidae,Psittaciformes,249.0,251116.9,1844,7.1915,Mitred parakeet,598.25,33
Psittacella brehmii,Psittacidae,Psittaciformes,107.0,123546.51,1871,7.5445,Brehm's tiger parrot,136.28,8
Psittacella madaraszi,Psittacidae,Psittaciformes,38.81,193283.6,1886,6.3799,Madarasz's tiger parrot,94.37,6
Psittacella modesta,Psittacidae,Psittaciformes,44.7,65123.27,1871,5.7825,Modest tiger parrot,87.01,4
Psittacula alexandri,Psittacidae,Psittaciformes,147.0,2572495.73,1758,7.1565,Red-breasted parakeet,1160.42,56
Psittacula caniceps,Psittacidae,Psittaciformes,224.0,1111.02,1846,6.402,Nicobar parakeet,220.76,15
Psittacula derbiana,Psittacidae,Psittaciformes,251.0,332466.75,1852,6.7192,Lord Derby's parakeet,663.42,30
Psittaculirostris edwardsii,Psittacidae,Psittaciformes,118.0,99151.91,1885,6.7143,Edwards's fig parrot,105.89,9
Psittaculirostris salvadorii,Psittacidae,Psittaciformes,118.0,50674.66,1880,6.2745,Salvadori's fig parrot,80.5,6
Psitteuteles goldiei,Psittacidae,Psittaciformes,58.7,307384.24,1882,5.9211,Goldie's lorikeet,143.72,23
Psitteuteles versicolor,Psittacidae,Psittaciformes,53.5,1214241.53,1831,6.7946,Varied lorikeet,171.0,10
Psittrichas fulgidus,Psittacidae,Psittaciformes,864.99,275735.64,1830,7.4196,Pesquet's parrot,4053.01,22
Psophia leucoptera,Psophiidae,Gruiformes,1315.58,1532581.12,1825,5.6656,Pale-winged trumpeter,123.08,31
Psophodes cristatus,Psophodidae,Passeriformes,40.71,990722.54,1838,5.9395,Chirruping wedgebill,70.72,12
Psophodes nigrogularis,Psophodidae,Passeriformes,44.52,70357.84,1844,5.679,Western whipbird,77.6,12
Psophodes occidentalis,Psophodidae,Passeriformes,39.64,2326926.65,1912,6.0775,Chiming wedgebill,97.49,12
Psophodes olivaceus,Psophodidae,Passeriformes,62.36,428340.7,1802,5.3963,Eastern whipbird,1148.37,14
Pteridophora alberti,Paradisaeidae,Passeriformes,81.84,109282.79,1894,7.1187,King of Saxony bird-of-paradise,921.66,11
Pternistis adspersus,Phasianidae,Galliformes,428.03,1150093.13,1838,5.656,Red-billed spurfowl,149.68,7
Pternistis afer,Phasianidae,Galliformes,454.81,4561244.02,1776,5.1269,Red-necked spurfowl,225.25,14
Pternistis ahantensis,Phasianidae,Galliformes,544.14,683993.47,1854,4.9038,Ahanta spurfowl,91.54,3
Pternistis atrifrons,Phasianidae,Galliformes,791.53,691.13,1930,5.6223,Chestnut-naped spurfowl,52.17,10
Pternistis bicalcaratus,Phasianidae,Galliformes,439.5,3597861.3,1766,5.638,Double-spurred spurfowl,130.21,9
Pternistis capensis,Phasianidae,Galliformes,629.84,150800.12,1789,5.5431,Cape spurfowl,301.81,7
Pternistis castaneicollis,Phasianidae,Galliformes,791.53,264511.06,1888,5.2404,Chestnut-naped spurfowl,52.17,9
Pternistis clappertoni,Phasianidae,Galliformes,469.61,2323019.72,1826,4.9391,Clapperton's spurfowl,57.53,5
Pternistis erckelii,Phasianidae,Galliformes,1197.81,146193.65,1835,5.4655,Erckel's spurfowl,225.42,10
Pternistis griseostriatus,Phasianidae,Galliformes,288.49,85105.17,1890,4.7108,Grey-striped spurfowl,48.86,4
Pternistis hartlaubi,Phasianidae,Galliformes,241.45,353895.58,1869,5.724,Hartlaub's spurfowl,69.03,4
Pternistis harwoodi,Phasianidae,Galliformes,493.02,26421.65,1899,5.2209,Harwood's spurfowl,59.51,9
Pternistis hildebrandti,Phasianidae,Galliformes,531.98,900428.25,1878,5.0353,Hildebrandt's spurfowl,61.17,14
Pternistis icterorhynchus,Phasianidae,Galliformes,571.0,1444290.43,1863,5.074,Heuglin's spurfowl,47.88,4
Pternistis jacksoni,Phasianidae,Galliformes,1097.0,16544.06,1891,5.6347,Jackson's spurfowl,77.81,9
Pternistis leucoscepus,Phasianidae,Galliformes,640.61,2071108.37,1867,5.0639,Yellow-necked spurfowl,198.05,8
Pternistis natalensis,Phasianidae,Galliformes,508.09,1136104.66,1833,6.049,Natal spurfowl,174.42,12
Pternistis nobilis,Phasianidae,Galliformes,878.0,17128.53,1908,5.515,Handsome spurfowl,116.06,9
Pternistis ochropectus,Phasianidae,Galliformes,699.6,607.57,1952,4.9259,Djibouti spurfowl,166.1,10
Pternistis rufopictus,Phasianidae,Galliformes,706.13,77700.06,1887,5.4251,Grey-breasted spurfowl,85.72,6
Pternistis squamatus,Phasianidae,Galliformes,449.45,2593426.1,1857,4.8931,Scaly spurfowl,69.0,8
Pternistis swainsonii,Phasianidae,Galliformes,597.1,1549732.16,1836,5.2661,Swainson's spurfowl,215.91,8
Pternistis swierstrai,Phasianidae,Galliformes,460.29,18471.0,1929,5.1188,Swierstra's spurfowl,46.83,10
Pterocles alchata,Pteroclidae,Pterocliformes,275.79,3142814.68,1766,6.1385,Pin-tailed sandgrouse,496.34,66
Pterocles bicinctus,Pteroclidae,Pterocliformes,237.0,1654904.57,1815,5.8208,Double-banded sandgrouse,199.32,10
Pterocles burchelli,Pteroclidae,Pterocliformes,180.67,1218509.01,1922,5.0032,Burchell's sandgrouse,125.33,12
Pterocles coronatus,Pteroclidae,Pterocliformes,300.0,4815595.16,1823,6.2506,Crowned sandgrouse,178.57,14
Pterocles decoratus,Pteroclidae,Pterocliformes,181.34,1363573.06,1868,5.9436,Black-faced sandgrouse,85.34,10
Pterocles exustus,Pteroclidae,Pterocliformes,202.81,9267366.88,1825,5.3776,Chestnut-bellied sandgrouse,468.9,22
Pterocles gutturalis,Pteroclidae,Pterocliformes,338.0,810480.4,1836,6.6232,Yellow-throated sandgrouse,138.26,16
Pterocles indicus,Pteroclidae,Pterocliformes,178.21,1916026.14,1789,5.7457,Painted sandgrouse,191.88,7
Pterocles lichtensteinii,Pteroclidae,Pterocliformes,209.1,3826174.11,1825,6.3318,Lichtenstein's sandgrouse,171.77,15
Pterocles namaqua,Pteroclidae,Pterocliformes,177.0,2037622.26,1789,5.8777,Namaqua sandgrouse,333.02,15
Pterocles orientalis,Pteroclidae,Pterocliformes,404.87,5783511.92,1758,5.8813,Black-bellied sandgrouse,376.98,95
Pterocles personatus,Pteroclidae,Pterocliformes,181.3,263503.92,1843,5.816,Madagascar sandgrouse,34.84,8
Pterocles quadricinctus,Pteroclidae,Pterocliformes,178.88,3917295.51,1815,6.4059,Four-banded sandgrouse,89.61,11
Pterocles senegallus,Pteroclidae,Pterocliformes,263.36,9258740.38,1771,5.6894,Spotted sandgrouse,227.3,13
Pterodroma alba,Procellariidae,Procellariiformes,259.0,22290948.3,1789,5.3909,Phoenix petrel,110.61,15
Pterodroma arminjoniana,Procellariidae,Procellariiformes,394.0,47409362.68,1869,4.9896,Trindade petrel,161.0,43
Pterodroma atrata,Procellariidae,Procellariiformes,394.0,9327817.45,1912,4.8154,Henderson petrel,129.13,12
Pterodroma axillaris,Procellariidae,Procellariiformes,165.0,30397124.07,1893,5.1523,Chatham Islands petrel,9.53,18
Pterodroma baraui,Procellariidae,Procellariiformes,400.0,26305029.88,1964,5.3704,Barau's petrel,148.55,47
Pterodroma brevipes,Procellariidae,Procellariiformes,147.05,34420908.06,1848,4.708,Collared petrel,53.78,17
Pterodroma cahow,Procellariidae,Procellariiformes,246.0,15874369.54,1916,4.7412,Bermuda petrel,1520.97,31
Pterodroma cookii,Procellariidae,Procellariiformes,177.91,120250835.9,1843,5.3124,Cook's petrel,151.49,26
Pterodroma defilippiana,Procellariidae,Procellariiformes,169.0,1766659.35,1869,4.4966,Masatierra petrel,42.38,16
Pterodroma externa,Procellariidae,Procellariiformes,428.0,44060886.11,1875,5.5199,Juan Fernández petrel,64.38,36
Pterodroma gouldi,Procellariidae,Procellariiformes,531.78,16400601.1,1869,5.1764,Grey-faced petrel,146.66,20
Pterodroma heraldica,Procellariidae,Procellariiformes,394.0,50656688.94,1888,5.3882,Herald petrel,151.17,27
Pterodroma hypoleuca,Procellariidae,Procellariiformes,176.0,18787814.69,1888,5.36,Bonin petrel,485.33,23
Pterodroma incerta,Procellariidae,Procellariiformes,520.0,19854359.46,1863,4.8266,Atlantic petrel,236.75,39
Pterodroma inexpectata,Procellariidae,Procellariiformes,316.0,119601845.0,1844,5.1021,Mottled petrel,145.23,36
Pterodroma lessonii,Procellariidae,Procellariiformes,698.0,74962981.51,1826,5.0229,White-headed petrel,143.57,28
Pterodroma leucoptera,Procellariidae,Procellariiformes,147.05,122022870.1,1844,5.2614,Gould's petrel,231.16,26
Pterodroma longirostris,Procellariidae,Procellariiformes,143.0,47471621.1,1893,5.5193,Stejneger's petrel,79.97,26
Pterodroma macroptera,Procellariidae,Procellariiformes,531.78,47147490.29,1840,4.6472,Great-winged petrel,227.09,41
Pterodroma madeira,Procellariidae,Procellariiformes,201.05,31437943.45,1934,5.8255,Zino's petrel,594.85,70
Pterodroma magentae,Procellariidae,Procellariiformes,465.0,1846626.61,1868,4.754,Magenta petrel,354.08,16
Pterodroma mollis,Procellariidae,Procellariiformes,312.0,52198187.39,1844,5.3619,Soft-plumaged petrel,244.4,36
Pterodroma neglecta,Procellariidae,Procellariiformes,501.0,87299047.74,1863,4.8894,Kermadec petrel,171.68,27
Pterodroma nigripennis,Procellariidae,Procellariiformes,173.65,118358777.2,1893,5.584,Black-winged petrel,124.02,21
Pterodroma phaeopygia,Procellariidae,Procellariiformes,400.82,15494657.47,1876,5.4974,Galápagos petrel,123.79,33
Pterodroma pycrofti,Procellariidae,Procellariiformes,159.0,75938832.03,1933,5.5651,Pycroft's petrel,79.7,15
Pterodroma sandwichensis,Procellariidae,Procellariiformes,400.82,19212039.47,1884,5.1838,Hawaiian petrel,399.47,62
Pterodroma solandri,Procellariidae,Procellariiformes,468.64,59746330.79,1844,5.5621,Providence petrel,207.76,39
Pterodroma ultima,Procellariidae,Procellariiformes,360.0,66311108.88,1949,4.7965,Murphy's petrel,309.56,17
Pteroglossus aracari,Ramphastidae,Piciformes,250.16,3319977.82,1758,6.9865,Black-necked aracari,224.2,39
Pteroglossus azara,Ramphastidae,Piciformes,144.45,3118316.1,1819,7.5224,Ivory-billed aracari,213.67,20
Pteroglossus bailloni,Ramphastidae,Piciformes,146.0,657171.58,1819,6.226,Saffron toucanet,298.69,43
Pteroglossus beauharnaisii,Ramphastidae,Piciformes,215.91,1824148.67,1831,7.4285,Curl-crested aracari,457.81,9
Pteroglossus castanotis,Ramphastidae,Piciformes,258.09,5071451.43,1834,7.4477,Chestnut-eared aracari,467.79,38
Pteroglossus frantzii,Ramphastidae,Piciformes,253.0,19662.61,1861,6.6659,Fiery-billed aracari,318.53,36
Pteroglossus pluricinctus,Ramphastidae,Piciformes,261.69,1636986.61,1836,7.899,Many-banded aracari,149.26,23
Pteroglossus viridis,Ramphastidae,Piciformes,135.0,1558794.85,1766,7.4321,Green aracari,476.75,20
Pteronetta hartlaubii,Anatidae,Anseriformes,790.0,4283729.6,1860,5.5019,Hartlaub's duck,178.8,19
Pterophanes cyanopterus,Trochilidae,Caprimulgiformes,9.25,232571.39,1840,7.3536,Great sapphirewing,81.74,31
Pteroptochos castaneus,Rhinocryptidae,Passeriformes,160.58,53074.04,1864,5.3195,Chestnut-throated huet-huet,50.67,22
Pteroptochos megapodius,Rhinocryptidae,Passeriformes,114.0,111842.63,1830,5.3905,Moustached turca,77.02,19
Pteroptochos tarnii,Rhinocryptidae,Passeriformes,147.0,275064.61,1831,5.4315,Black-throated huet-huet,83.32,23
Pteruthius flaviscapis,Vireonidae,Passeriformes,38.67,63531.49,1836,6.2713,Pied shrike-babbler,69.12,10
Pteruthius melanotis,Vireonidae,Passeriformes,13.3,841041.72,1847,6.3255,Black-eared shrike-babbler,64.8,13
Pteruthius rufiventer,Vireonidae,Passeriformes,43.0,251147.36,1842,5.064,Black-headed shrike-babbler,67.85,10
Pteruthius xanthochlorus,Vireonidae,Passeriformes,14.3,786930.44,1847,5.6427,Green shrike-babbler,57.71,12
Ptilinopus alligator,Columbidae,Columbiformes,243.0,37567.63,1898,6.6907,Black-banded fruit dove,101.08,8
Ptilinopus aurantiifrons,Columbidae,Columbiformes,152.0,479657.0,1858,6.7548,Orange-fronted fruit dove,78.45,6
Ptilinopus chalcurus,Columbidae,Columbiformes,97.6,25.1,1860,5.8967,Makatea fruit dove,92.65,5
Ptilinopus cinctus,Columbidae,Columbiformes,243.0,74691.52,1809,5.8186,Banded fruit dove,118.65,10
Ptilinopus coralensis,Columbidae,Columbiformes,83.24,654.22,1849,6.0346,Atoll fruit dove,114.67,5
Ptilinopus coronulatus,Columbidae,Columbiformes,76.6,670308.78,1858,5.9757,Coroneted fruit dove,72.26,6
Ptilinopus dohertyi,Columbidae,Columbiformes,243.0,10704.53,1896,6.1115,Red-naped fruit dove,72.7,8
Ptilinopus dupetithouarsii,Columbidae,Columbiformes,99.49,1018.27,1840,5.9943,White-capped fruit dove,85.76,7
Ptilinopus eugeniae,Columbidae,Columbiformes,114.0,3382.95,1856,6.0156,White-headed fruit dove,108.32,5
Ptilinopus granulifrons,Columbidae,Columbiformes,136.5,2077.85,1898,5.5185,Carunculated fruit dove,55.52,7
Ptilinopus greyi,Columbidae,Columbiformes,82.68,32025.73,1857,6.03,Red-bellied fruit dove,95.44,6
Ptilinopus hernsheimi,Columbidae,Columbiformes,105.0,108.42,1880,6.0436,Kosrae fruit dove,51.11,7
Ptilinopus hyogastrus,Columbidae,Columbiformes,136.5,20835.22,1824,5.891,Grey-headed fruit dove,47.98,5
Ptilinopus insolitus,Columbidae,Columbiformes,136.49,42750.02,1863,6.2236,Knob-billed fruit dove,62.04,6
Ptilinopus insularis,Columbidae,Columbiformes,104.0,41.11,1908,6.1398,Henderson fruit dove,169.82,11
Ptilinopus iozonus,Columbidae,Columbiformes,114.0,674305.79,1858,6.0873,Orange-bellied fruit dove,100.68,7
Ptilinopus melanospilus,Columbidae,Columbiformes,92.0,498198.97,1875,6.3368,Black-naped fruit dove,212.22,11
Ptilinopus monacha,Columbidae,Columbiformes,53.9,26140.07,1824,5.4109,Blue-capped fruit dove,50.35,7
Ptilinopus nainus,Columbidae,Columbiformes,49.0,269374.33,1835,6.4111,Dwarf fruit dove,133.72,6
Ptilinopus pelewensis,Columbidae,Columbiformes,93.0,454.47,1868,6.633,Palau fruit dove,133.16,5
Ptilinopus perlatus,Columbidae,Columbiformes,210.0,673225.36,1835,6.6033,Pink-spotted fruit dove,107.4,11
Ptilinopus perousii,Columbidae,Columbiformes,93.5,21647.29,1849,7.1378,Many-colored fruit dove,235.72,10
Ptilinopus ponapensis,Columbidae,Columbiformes,105.0,443.77,1878,6.0052,Purple-capped fruit dove,69.5,7
Ptilinopus porphyreus,Columbidae,Columbiformes,168.0,27641.48,1822,6.9296,Pink-headed fruit dove,275.89,5
Ptilinopus pulchellus,Columbidae,Columbiformes,70.0,339387.21,1835,6.0794,Beautiful fruit dove,179.56,10
Ptilinopus rarotongensis,Columbidae,Columbiformes,97.6,57.64,1871,6.1162,Lilac-crowned fruit dove,75.52,13
Ptilinopus regina,Columbidae,Columbiformes,101.57,553574.47,1825,6.4822,Rose-crowned fruit dove,385.69,16
Ptilinopus richardsii,Columbidae,Columbiformes,103.93,769.1,1882,5.7468,Silver-capped fruit dove,51.38,11
Ptilinopus rivoli,Columbidae,Columbiformes,149.0,294245.1,1843,6.6648,White-bibbed fruit dove,62.42,11
Ptilinopus roseicapilla,Columbidae,Columbiformes,90.4,333.4,1831,6.4402,Mariana fruit dove,374.76,12
Ptilinopus tannensis,Columbidae,Columbiformes,208.0,12046.29,1790,5.7243,Tanna fruit dove,67.83,5
Ptilinopus viridis,Columbidae,Columbiformes,121.0,95441.03,1766,6.2335,Claret-breasted fruit dove,74.01,4
Ptilinopus wallacii,Columbidae,Columbiformes,208.0,13260.47,1858,6.5363,Wallace's fruit dove,147.32,5
Ptiliogonys caudatus,Ptiliogonatidae,Passeriformes,36.19,9544.17,1861,7.1231,Long-tailed silky-flycatcher,123.84,5
Ptiliogonys cinereus,Ptiliogonatidae,Passeriformes,33.6,524061.64,1827,6.5672,Grey silky-flycatcher,79.51,13
Ptilocichla falcata,Pellorneidae,Passeriformes,39.5,2965.72,1877,4.8484,Falcated wren-babbler,33.9,11
Ptilocichla leucogrammica,Pellorneidae,Passeriformes,39.5,604986.63,1850,5.4558,Bornean wren-babbler,32.06,12
Ptilocichla mindanensis,Pellorneidae,Passeriformes,29.2,52312.87,1890,5.3548,Striated wren-babbler,29.9,5
Ptilonorhynchus violaceus,Ptilonorhynchidae,Passeriformes,218.91,523221.88,1816,5.6095,Satin bowerbird,2363.97,28
Ptilopachus nahani,Odontophoridae,Galliformes,310.0,1711.18,1905,5.2761,Nahan's partridge,145.19,9
Ptilopachus petrosus,Odontophoridae,Galliformes,193.0,4691145.79,1789,5.8737,Stone partridge,297.27,19
Ptiloprora erythropleura,Meliphagidae,Passeriformes,21.12,60498.52,1876,5.0179,Rufous-sided honeyeater,24.36,6
Ptiloprora guisei,Meliphagidae,Passeriformes,25.82,61859.61,1894,4.753,Rufous-backed honeyeater,21.98,14
Ptiloprora meekiana,Meliphagidae,Passeriformes,18.5,139400.21,1907,4.8017,Yellowish-streaked honeyeater,23.01,5
Ptiloprora perstriata,Meliphagidae,Passeriformes,26.6,102361.91,1898,5.9107,Grey-streaked honeyeater,20.79,10
Ptilopsis granti,Strigidae,Strigiformes,214.42,7822704.31,1910,7.3867,Southern white-faced owl,714.23,11
Ptilopsis leucotis,Strigidae,Strigiformes,204.0,8309644.17,1820,6.8104,Northern white-faced owl,1517.78,16
Ptilorrhoa caerulescens,Cinclosomatidae,Passeriformes,49.0,399425.35,1836,5.6514,Blue jewel-babbler,49.42,10
Ptilorrhoa castanonota,Cinclosomatidae,Passeriformes,69.7,246242.69,1876,6.0179,Chestnut-backed jewel-babbler,37.86,7
Ptilorrhoa leucosticta,Cinclosomatidae,Passeriformes,49.2,235330.78,1874,5.8764,Spotted jewel-babbler,35.08,13
Ptilostomus afer,Corvidae,Passeriformes,128.0,3779257.09,1766,6.1616,,,16
Ptilotula flavescens,Meliphagidae,Passeriformes,12.44,1038738.89,1840,5.8032,Yellow-tinted honeyeater,61.66,8
Ptilotula fusca,Meliphagidae,Passeriformes,17.68,949120.71,1837,5.6209,Fuscous honeyeater,69.74,7
Ptilotula keartlandi,Meliphagidae,Passeriformes,15.24,2753396.76,1895,5.8844,Grey-headed honeyeater,87.02,9
Ptilotula ornata,Meliphagidae,Passeriformes,17.63,1105315.89,1838,6.0984,Yellow-plumed honeyeater,61.58,10
Ptilotula penicillata,Meliphagidae,Passeriformes,19.36,4922061.09,1837,5.87,White-plumed honeyeater,289.2,18
Ptilotula plumula,Meliphagidae,Passeriformes,16.5,5368167.7,1841,5.059,Grey-fronted honeyeater,39.6,10
Ptiloxena atroviolacea,Icteridae,Passeriformes,83.6,106633.35,1839,6.0659,Cuban blackbird,138.04,10
Ptychoramphus aleuticus,Alcidae,Charadriiformes,184.0,122916.8,1811,4.7564,Cassin's auklet,395.44,91
Ptyonoprogne concolor,Hirundinidae,Passeriformes,12.96,2727893.22,1832,6.0347,Dusky crag martin,245.25,14
Ptyonoprogne rupestris,Hirundinidae,Passeriformes,20.4,10906260.69,1769,5.64,Eurasian crag martin,1689.32,59
Pucrasia macrolopha,Phasianidae,Galliformes,1050.47,1384088.5,1829,6.0922,Koklass pheasant,789.86,61
Puffinus assimilis,Procellariidae,Procellariiformes,226.0,21735982.04,1838,5.3897,Little shearwater,177.69,50
Puffinus auricularis,Procellariidae,Procellariiformes,350.8,2806331.8,1890,4.6897,Townsend's shearwater,145.07,33
Puffinus bailloni,Procellariidae,Procellariiformes,214.0,45969798.08,1857,4.8274,Tropical shearwater,150.1,24
Puffinus bannermani,Procellariidae,Procellariiformes,192.76,1382461.89,1915,5.109,Bannerman's shearwater,56.87,9
Puffinus bryani,Procellariidae,Procellariiformes,147.0,3114525.56,2011,4.0267,Bryan's shearwater,132.93,10
Puffinus elegans,Procellariidae,Procellariiformes,226.0,13897070.58,1869,5.5193,Subantarctic shearwater,52.85,8
Puffinus gavia,Procellariidae,Procellariiformes,228.86,10247533.21,1844,5.4567,Fluttering shearwater,126.1,21
Puffinus heinrothi,Procellariidae,Procellariiformes,192.76,422924.81,1919,4.5976,Heinroth's shearwater,45.02,12
Puffinus huttoni,Procellariidae,Procellariiformes,364.0,3868377.86,1912,5.3438,Hutton's shearwater,159.41,31
Puffinus mauretanicus,Procellariidae,Procellariiformes,497.0,3816160.57,1921,5.22,Balearic shearwater,389.76,131
Puffinus myrtae,Procellariidae,Procellariiformes,350.8,125602.73,1959,4.635,Rapa shearwater,62.19,28
Puffinus nativitatis,Procellariidae,Procellariiformes,356.0,50917573.17,1877,5.198,Christmas shearwater,239.61,28
Puffinus newelli,Procellariidae,Procellariiformes,350.8,12465671.94,1900,5.5254,Newell's shearwater,289.43,49
Puffinus opisthomelas,Procellariidae,Procellariiformes,408.0,1884049.53,1864,4.9332,Black-vented shearwater,105.88,36
Puffinus persicus,Procellariidae,Procellariiformes,192.76,3326036.99,1872,4.723,Persian shearwater,109.31,11
Puffinus puffinus,Procellariidae,Procellariiformes,453.26,69101740.74,1764,5.132,Manx shearwater,2357.29,207
Puffinus subalaris,Procellariidae,Procellariiformes,168.0,5679160.77,1897,5.7874,Galápagos shearwater,83.77,14
Puffinus yelkouan,Procellariidae,Procellariiformes,497.0,2989515.98,1827,4.8962,Yelkouan shearwater,341.72,103
Pulsatrix koeniswaldiana,Strigidae,Strigiformes,481.0,651781.62,1901,6.7591,Tawny-browed owl,110.79,43
Pulsatrix melanota,Strigidae,Strigiformes,82.0,156909.18,1844,6.6234,Band-bellied owl,111.05,14
Pulsatrix perspicillata,Strigidae,Strigiformes,983.55,12679502.98,1790,7.1239,Spectacled owl,1105.38,72
Purnella albifrons,Meliphagidae,Passeriformes,17.4,792198.36,1841,5.4097,White-fronted honeyeater,93.5,8
Purpureicephalus spurius,Psittacidae,Psittaciformes,116.0,126268.75,1820,6.9135,Red-capped parrot,979.73,24
Pycnonotus aurigaster,Pycnonotidae,Passeriformes,44.33,2959739.34,1818,5.4091,Sooty-headed bulbul,352.28,90
Pycnonotus barbatus,Pycnonotidae,Passeriformes,32.1,19572184.19,1789,5.0669,Common bulbul,1018.62,71
Pycnonotus bimaculatus,Pycnonotidae,Passeriformes,30.0,72909.27,1821,5.0008,Orange-spotted bulbul,72.89,16
Pycnonotus brunneus,Pycnonotidae,Passeriformes,28.8,1138188.08,1845,4.7658,Asian red-eyed bulbul,88.22,20
Pycnonotus cafer,Pycnonotidae,Passeriformes,42.85,4173278.58,1766,5.9161,Red-vented bulbul,4622.18,412
Pycnonotus capensis,Pycnonotidae,Passeriformes,38.6,151666.39,1766,5.2631,Cape bulbul,290.43,14
Pycnonotus cinereifrons,Pycnonotidae,Passeriformes,36.7,13216.58,1878,4.4377,Ashy-fronted bulbul,44.31,5
Pycnonotus goiavier,Pycnonotidae,Passeriformes,27.8,2111233.61,1786,5.6301,Yellow-vented bulbul,1411.58,72
Pycnonotus jocosus,Pycnonotidae,Passeriformes,29.47,5185044.87,1758,6.6759,Red-whiskered bulbul,4543.6,169
Pycnonotus leucogenys,Pycnonotidae,Passeriformes,35.94,378023.58,1835,5.9683,Himalayan bulbul,510.76,31
Pycnonotus leucotis,Pycnonotidae,Passeriformes,27.12,2206861.39,1836,5.8563,White-eared bulbul,977.68,52
Pycnonotus luteolus,Pycnonotidae,Passeriformes,34.7,1386882.2,1841,5.2155,White-browed bulbul,283.77,20
Pycnonotus nigricans,Pycnonotidae,Passeriformes,30.8,2129772.01,1818,5.7647,African red-eyed bulbul,187.85,18
Pycnonotus penicillatus,Pycnonotidae,Passeriformes,36.5,3926.19,1851,6.11,Yellow-eared bulbul,132.56,23
Pycnonotus plumosus,Pycnonotidae,Passeriformes,34.85,1506344.75,1845,5.0977,Olive-winged bulbul,100.43,17
Pycnonotus pseudosimplex,Pycnonotidae,Passeriformes,25.1,80675.6,2019,4.91,Cream-eyed bulbul,63.16,6
Pycnonotus simplex,Pycnonotidae,Passeriformes,25.1,1340820.45,1839,5.0808,Cream-vented bulbul,66.53,29
Pycnonotus sinensis,Pycnonotidae,Passeriformes,34.2,3154277.75,1789,5.2895,Light-vented bulbul,483.5,104
Pycnonotus snouckaerti,Pycnonotidae,Passeriformes,30.0,22979.74,1928,4.9889,Aceh bulbul,56.0,8
Pycnonotus taivanus,Pycnonotidae,Passeriformes,26.11,7274.28,1893,5.5977,Styan's bulbul,102.51,18
Pycnonotus tympanistrigus,Pycnonotidae,Passeriformes,33.46,97157.16,1836,5.1097,Spot-necked bulbul,42.4,5
Pycnonotus xantholaemus,Pycnonotidae,Passeriformes,28.1,346866.77,1845,6.3049,Yellow-throated bulbul,398.12,25
Pycnonotus xanthopygos,Pycnonotidae,Passeriformes,37.64,1313216.5,1833,5.6605,White-spectacled bulbul,596.65,42
Pycnonotus xanthorrhous,Pycnonotidae,Passeriformes,26.9,1741022.34,1869,5.7235,Brown-breasted bulbul,87.07,37
Pycnonotus zeylanicus,Pycnonotidae,Passeriformes,86.25,656927.06,1789,5.5753,Straw-headed bulbul,332.49,36
Pycnoptilus floccosus,Acanthizidae,Passeriformes,28.9,244748.61,1851,5.1819,,,12
Pycnopygius cinereus,Meliphagidae,Passeriformes,44.83,106235.8,1874,4.5345,Marbled honeyeater,31.5,11
Pycnopygius ixoides,Meliphagidae,Passeriformes,27.58,459537.02,1878,4.6654,Plain honeyeater,29.6,9
Pycnopygius stictocephalus,Meliphagidae,Passeriformes,38.5,629677.66,1876,4.6633,Streak-headed honeyeater,20.82,12
Pygarrhichas albogularis,Furnariidae,Passeriformes,24.0,470695.91,1831,5.9092,White-throated treerunner,48.42,25
Pygiptila stellaris,Thamnophilidae,Passeriformes,24.1,4691696.06,1825,5.2542,Spot-winged antshrike,26.93,16
Pygochelidon cyanoleuca,Hirundinidae,Passeriformes,9.7,10370376.43,1817,5.8546,Blue-and-white swallow,302.08,39
Pygochelidon melanoleuca,Hirundinidae,Passeriformes,10.8,2130687.81,1820,6.2369,Black-collared swallow,70.02,23
Pygoscelis adeliae,Spheniscidae,Sphenisciformes,4847.67,148210.8,1841,7.152,Adélie penguin,11926.45,367
Pygoscelis antarcticus,Spheniscidae,Sphenisciformes,4146.08,12591.58,1781,7.0139,Chinstrap penguin,5878.1,132
Pygoscelis papua,Spheniscidae,Sphenisciformes,5932.95,31443.71,1781,7.1943,Gentoo penguin,9512.01,298
Pyrenestes minor,Estrildidae,Passeriformes,14.0,437153.58,1894,6.2306,Lesser seedcracker,54.07,11
Pyrenestes ostrinus,Estrildidae,Passeriformes,22.35,4722415.43,1805,6.5174,Black-bellied seedcracker,115.78,9
Pyrenestes sanguineus,Estrildidae,Passeriformes,19.19,420440.4,1837,6.3634,Crimson seedcracker,67.92,16
Pyrgilauda blanfordi,Passeridae,Passeriformes,23.7,125113.77,1876,5.197,Blanford's snowfinch,61.14,15
Pyrgilauda davidiana,Passeridae,Passeriformes,21.2,2260394.82,1870,5.3475,Père David's snowfinch,59.06,11
Pyrgilauda ruficollis,Passeridae,Passeriformes,22.8,1758725.41,1871,6.3712,Rufous-necked snowfinch,80.83,19
Pyriglena atra,Thamnophilidae,Passeriformes,32.0,4969.97,1825,5.2798,Fringe-backed fire-eye,41.0,20
Pyriglena leucoptera,Thamnophilidae,Passeriformes,28.8,1228571.5,1818,5.4562,White-shouldered fire-eye,62.12,44
Pyrilia aurantiocephala,Psittacidae,Psittaciformes,151.5,351727.85,2002,6.3111,Bald parrot,338.65,9
Pyrilia barrabandi,Psittacidae,Psittaciformes,140.0,3467636.9,1820,6.8261,Orange-cheeked parrot,130.89,14
Pyrilia caica,Psittacidae,Psittaciformes,132.0,1290463.27,1790,6.7389,Caica parrot,108.72,8
Pyrilia haematotis,Psittacidae,Psittaciformes,149.0,430103.87,1860,6.5003,Brown-hooded parrot,173.64,11
Pyrilia pulchra,Psittacidae,Psittaciformes,150.0,92646.19,1897,6.6327,Rose-faced parrot,87.92,14
Pyrilia pyrilia,Psittacidae,Psittaciformes,149.0,152700.71,1853,6.7307,Saffron-headed parrot,101.84,13
Pyrilia vulturina,Psittacidae,Psittaciformes,151.5,886478.71,1820,6.4666,Vulturine parrot,260.25,17
Pyrocephalus rubinus,Tyrannidae,Passeriformes,14.4,8461953.41,1783,5.7265,Scarlet flycatcher,356.39,182
Pyroderus scutatus,Cotingidae,Passeriformes,357.0,2116677.8,1792,6.5199,Red-ruffed fruitcrow,186.3,47
Pyrrhocorax graculus,Corvidae,Passeriformes,211.0,3556954.7,1766,5.699,Alpine chough,5115.13,84
Pyrrhocorax pyrrhocorax,Corvidae,Passeriformes,276.68,12981520.53,1758,6.3367,Red-billed chough,2669.32,135
Pyrrholaemus brunneus,Acanthizidae,Passeriformes,12.5,3285337.24,1841,5.6069,,,14
Pyrrholaemus sagittatus,Acanthizidae,Passeriformes,13.29,1269134.5,1802,5.7943,Speckled warbler,159.38,10
Pyrrhomyias cinnamomeus,Tyrannidae,Passeriformes,9.9,539963.44,1837,6.1023,Cinnamon flycatcher,43.38,16
Pyrrhoplectes epauletta,Fringillidae,Passeriformes,19.0,179167.72,1836,5.3105,Golden-naped finch,106.27,12
Pyrrhula aurantiaca,Fringillidae,Passeriformes,19.33,115572.74,1858,6.7819,Orange bullfinch,184.46,9
Pyrrhula erythrocephala,Fringillidae,Passeriformes,22.28,283133.57,1832,6.642,Red-headed bullfinch,175.84,14
Pyrrhula leucogenis,Fringillidae,Passeriformes,19.0,16930.87,1895,5.2093,White-cheeked bullfinch,107.83,6
Pyrrhula murina,Fringillidae,Passeriformes,30.0,144.43,1866,5.8541,Azores bullfinch,509.38,43
Pyrrhula pyrrhula,Fringillidae,Passeriformes,24.26,17864017.39,1758,6.7364,Eurasian bullfinch,6066.0,131
Pyrrhura albipectus,Psittacidae,Psittaciformes,103.82,7882.39,1914,6.5816,White-breasted parakeet,51.11,35
Pyrrhura calliptera,Psittacidae,Psittaciformes,75.0,1022.08,1854,6.7024,Flame-winged parakeet,96.7,47
Pyrrhura cruentata,Psittacidae,Psittaciformes,75.9,10274.69,1820,7.2819,Ochre-marked parakeet,254.14,37
Pyrrhura devillei,Psittacidae,Psittaciformes,72.0,143503.09,1854,6.6933,Blaze-winged parakeet,198.14,12
Pyrrhura egregia,Psittacidae,Psittaciformes,66.29,51342.2,1881,6.9398,Fiery-shouldered parakeet,129.33,23
Pyrrhura frontalis,Psittacidae,Psittaciformes,72.0,1704534.47,1818,7.394,Maroon-bellied parakeet,396.72,68
Pyrrhura griseipectus,Psittacidae,Psittaciformes,75.9,686.2,1900,6.3222,Grey-breasted parakeet,158.32,52
Pyrrhura hoematotis,Psittacidae,Psittaciformes,68.7,6303.91,1857,6.7878,Blood-eared parakeet,56.05,17
Pyrrhura hoffmanni,Psittacidae,Psittaciformes,82.2,8001.11,1861,7.2852,Sulphur-winged parakeet,143.82,34
Pyrrhura lepida,Psittacidae,Psittaciformes,75.0,548390.11,1832,6.3956,Pearly parakeet,281.89,34
Pyrrhura leucotis,Psittacidae,Psittaciformes,75.9,273322.17,1820,6.6248,White-eared parakeet,136.82,34
Pyrrhura lucianii,Psittacidae,Psittaciformes,67.7,47174.08,1851,6.0686,Bonaparte's parakeet,116.73,15
Pyrrhura molinae,Psittacidae,Psittaciformes,77.09,675243.93,1854,6.894,Green-cheeked parakeet,6827.43,66
Pyrrhura orcesi,Psittacidae,Psittaciformes,70.79,744.67,1988,6.6454,El Oro parakeet,130.89,80
Pyrrhura perlata,Psittacidae,Psittaciformes,74.99,1128815.89,1824,6.7844,Crimson-bellied parakeet,665.71,36
Pyrrhura pfrimeri,Psittacidae,Psittaciformes,75.9,7185.79,1920,6.8828,Pfrimer's parakeet,125.38,30
Pyrrhura rhodocephala,Psittacidae,Psittaciformes,68.7,11585.27,1871,6.7485,Rose-crowned parakeet,115.32,19
Pyrrhura rupicola,Psittacidae,Psittaciformes,74.99,545590.25,1844,6.1162,Black-capped parakeet,544.62,24
Pyrrhura viridicata,Psittacidae,Psittaciformes,87.5,459.42,1913,6.8049,Santa Marta parakeet,127.39,35
Pyrrhurus scandens,Pycnonotidae,Passeriformes,43.82,3269576.15,1837,4.5067,Red-tailed leaflove,49.02,5
Pyrroglaux podargina,Strigidae,Strigiformes,178.4,437.19,1872,6.3933,Palau scops owl,88.68,3
Pytilia afra,Estrildidae,Passeriformes,16.6,3386528.17,1789,5.4678,Orange-winged pytilia,104.53,14
Pytilia hypogrammica,Estrildidae,Passeriformes,14.8,818060.77,1870,5.9701,Yellow-winged pytilia,58.88,10
Pytilia lineata,Estrildidae,Passeriformes,14.3,222730.64,1863,6.3769,Red-billed pytilia,36.67,10
Pytilia melba,Estrildidae,Passeriformes,15.4,6033419.1,1758,6.1807,Green-winged pytilia,182.88,24
Pytilia phoenicoptera,Estrildidae,Passeriformes,14.5,1507011.59,1837,6.228,Red-winged pytilia,62.58,19
Quelea cardinalis,Ploceidae,Passeriformes,12.69,671909.82,1880,6.752,Cardinal quelea,105.14,13
Quelea erythrops,Ploceidae,Passeriformes,19.32,2572021.83,1848,5.8954,Red-headed quelea,111.05,22
Quelea quelea,Ploceidae,Passeriformes,18.59,10621873.64,1758,5.6853,Red-billed quelea,2928.55,97
Querula purpurata,Cotingidae,Passeriformes,107.35,5636816.57,1776,6.1879,Purple-throated fruitcrow,168.14,21
Quiscalus lugubris,Icteridae,Passeriformes,63.03,916403.68,1838,5.7239,Carib grackle,718.04,68
Quiscalus major,Icteridae,Passeriformes,151.21,202767.11,1819,6.0527,Boat-tailed grackle,2260.77,63
Quiscalus mexicanus,Icteridae,Passeriformes,160.47,5121812.21,1788,5.834,Great-tailed grackle,6075.6,233
Quiscalus nicaraguensis,Icteridae,Passeriformes,63.36,7099.2,1891,5.8907,Nicaraguan grackle,279.48,29
Quiscalus niger,Icteridae,Passeriformes,72.19,207006.01,1783,5.6049,Greater Antillean grackle,1100.26,27
Quiscalus quiscula,Icteridae,Passeriformes,105.18,8216640.27,1758,6.5404,Common grackle,13432.1,138
Quoyornis georgianus,Petroicidae,Passeriformes,19.07,45266.45,1832,6.0422,White-breasted robin,171.72,4
Radjah radjah,Anatidae,Anseriformes,885.22,2173785.4,1828,6.0832,Radjah shelduck,462.49,13
Rallicula forbesi,Rallidae,Gruiformes,85.13,196864.35,1887,4.951,Forbes's forest rail,37.12,4
Rallicula leucospila,Rallidae,Gruiformes,120.0,16734.29,1876,5.9145,White-striped forest rail,35.17,4
Rallicula rubra,Rallidae,Gruiformes,81.0,104309.04,1871,5.684,Chestnut forest rail,37.45,4
Rallina canningi,Rallidae,Gruiformes,178.0,5240.42,1863,5.6015,Andaman crake,136.37,7
Rallina eurizonoides,Rallidae,Gruiformes,109.0,2090656.41,1845,5.3973,Slaty-legged crake,255.25,27
Rallina fasciata,Rallidae,Gruiformes,100.0,1943821.53,1822,5.7667,Red-legged crake,143.68,7
Rallina tricolor,Rallidae,Gruiformes,178.0,727507.1,1858,4.4965,Red-necked crake,260.16,6
Rallus antarcticus,Rallidae,Gruiformes,60.4,116492.9,1828,5.0837,Austral rail,55.52,15
Rallus aquaticus,Rallidae,Gruiformes,110.67,12363656.67,1758,5.8353,Water rail,1614.69,141
Rallus caerulescens,Rallidae,Gruiformes,162.11,5673805.66,1789,5.5805,African rail,147.1,10
Rallus crepitans,Rallidae,Gruiformes,306.0,227121.95,1789,4.8598,Clapper rail,920.73,76
Rallus elegans,Rallidae,Gruiformes,313.31,3180557.02,1834,6.0386,King rail,847.98,136
Rallus indicus,Rallidae,Gruiformes,104.5,2883471.77,1849,5.1652,Brown-cheeked rail,127.78,28
Rallus limicola,Rallidae,Gruiformes,84.1,5650094.92,1819,5.4241,Virginia rail,1128.7,118
Rallus longirostris,Rallidae,Gruiformes,259.35,359148.15,1783,5.1919,Mangrove rail,116.02,54
Rallus madagascariensis,Rallidae,Gruiformes,114.0,149530.83,1833,5.154,Madagascar rail,29.58,7
Rallus obsoletus,Rallidae,Gruiformes,342.0,57343.01,1874,5.2055,Ridgway's rail,558.35,53
Rallus semiplumbeus,Rallidae,Gruiformes,84.1,728.49,1856,5.3639,Bogotá rail,79.96,53
Rallus tenuirostris,Rallidae,Gruiformes,306.0,189445.5,1874,5.2083,Aztec rail,70.98,20
Rallus wetmorei,Rallidae,Gruiformes,259.4,117.29,1944,4.6452,Plain-flanked rail,42.23,16
Ramphastos ambiguus,Ramphastidae,Piciformes,651.68,597500.16,1823,8.1794,Yellow-throated toucan,722.81,47
Ramphastos brevis,Ramphastidae,Piciformes,412.0,105684.5,1945,7.8192,Choco toucan,410.77,32
Ramphastos dicolorus,Ramphastidae,Piciformes,331.0,1394133.06,1766,7.207,Red-breasted toucan,201.18,69
Ramphastos sulfuratus,Ramphastidae,Piciformes,409.69,679911.57,1830,7.8348,Keel-billed toucan,3962.52,124
Ramphastos toco,Ramphastidae,Piciformes,617.99,4573489.81,1776,7.473,Toco toucan,6972.21,186
Ramphiculus epius,Columbidae,Columbiformes,142.0,106805.53,1918,5.7821,Oberholser's fruit dove,58.98,3
Ramphiculus jambu,Columbidae,Columbiformes,135.0,1406507.42,1789,6.0988,Jambu fruit dove,420.8,5
Ramphiculus leclancheri,Columbidae,Columbiformes,164.0,288493.56,1855,5.0267,Black-chinned fruit dove,118.55,4
Ramphiculus mangoliensis,Columbidae,Columbiformes,142.0,3825.18,1898,6.7246,Sula fruit dove,50.16,7
Ramphiculus marchei,Columbidae,Columbiformes,326.0,53418.75,1880,6.517,Flame-breasted fruit dove,187.95,5
Ramphiculus merrilli,Columbidae,Columbiformes,263.0,63334.69,1916,5.9011,Cream-breasted fruit dove,89.38,4
Ramphiculus occipitalis,Columbidae,Columbiformes,238.0,267780.83,1844,6.3791,Yellow-breasted fruit dove,166.26,5
Ramphiculus subgularis,Columbidae,Columbiformes,142.0,2670.99,1896,5.7234,Banggai fruit dove,68.22,7
Ramphocelus bresilius,Thraupidae,Passeriformes,32.9,377620.27,1766,6.7663,Brazilian tanager,200.8,14
Ramphocelus carbo,Thraupidae,Passeriformes,25.92,10498944.34,1764,6.9458,Silver-beaked tanager,159.45,59
Ramphocelus dimidiatus,Thraupidae,Passeriformes,28.0,475288.52,1837,6.8638,Crimson-backed tanager,133.51,52
Ramphocelus melanogaster,Thraupidae,Passeriformes,25.0,76666.78,1838,6.306,Huallaga tanager,26.43,22
Ramphocelus nigrogularis,Thraupidae,Passeriformes,31.0,2107052.18,1825,6.5193,Masked crimson tanager,76.87,21
Ramphocelus sanguinolentus,Thraupidae,Passeriformes,41.0,277681.38,1831,6.767,Crimson-collared tanager,112.86,21
Ramphocinclus brachyurus,Mimidae,Passeriformes,50.0,24.32,1818,5.2371,Martinique thrasher,63.13,41
Ramphocoris clotbey,Alaudidae,Passeriformes,49.06,934337.78,1850,5.1475,Thick-billed lark,86.17,14
Ramphodon naevius,Trochilidae,Caprimulgiformes,7.9,220311.75,1818,7.1505,Saw-billed hermit,129.05,35
Ramphomicron dorsale,Trochilidae,Caprimulgiformes,3.5,2603.99,1880,6.6278,Black-backed thornbill,61.19,18
Ramphomicron microrhynchum,Trochilidae,Caprimulgiformes,3.6,203534.21,1840,7.4385,Purple-backed thornbill,65.13,20
Ramphotrigon fuscicauda,Tyrannidae,Passeriformes,18.6,472095.3,1925,5.5134,Dusky-tailed flatbill,22.95,19
Ramphotrigon megacephalum,Tyrannidae,Passeriformes,14.2,2269306.34,1835,5.5665,Large-headed flatbill,31.38,30
Ramphotrigon ruficauda,Tyrannidae,Passeriformes,18.4,6736020.91,1825,5.1938,Rufous-tailed flatbill,29.12,18
Ramsayornis fasciatus,Meliphagidae,Passeriformes,12.74,931104.02,1843,6.0445,Bar-breasted honeyeater,51.27,16
Ramsayornis modestus,Meliphagidae,Passeriformes,12.1,290171.25,1858,5.3379,Brown-backed honeyeater,44.36,11
Randia pseudozosterops,Bernieridae,Passeriformes,11.0,149492.81,1931,4.8739,Rand's warbler,31.89,11
Recurvirostra americana,Recurvirostridae,Charadriiformes,304.48,2524844.1,1789,7.2947,American avocet,1872.78,126
Recurvirostra andina,Recurvirostridae,Charadriiformes,361.0,708582.58,1861,6.507,Andean avocet,152.57,23
Recurvirostra avosetta,Recurvirostridae,Charadriiformes,304.0,17136961.53,1758,6.4879,Pied avocet,1736.89,210
Recurvirostra novaehollandiae,Recurvirostridae,Charadriiformes,325.0,307841.69,1816,6.5336,Red-necked avocet,270.21,15
Regulus goodfellowi,Regulidae,Passeriformes,4.1,22144.91,1906,6.7338,,,11
Regulus ignicapilla,Regulidae,Passeriformes,5.6,2693877.52,1820,6.9175,Common firecrest,2286.53,93
Regulus madeirensis,Regulidae,Passeriformes,5.6,753.1,1851,6.8223,Madeira firecrest,477.49,22
Regulus regulus,Regulidae,Passeriformes,5.54,13206760.36,1758,6.816,,,154
Regulus satrapa,Regulidae,Passeriformes,6.19,6348089.15,1823,7.2095,Golden-crowned kinglet,2289.49,91
Reinwardtoena browni,Columbidae,Columbiformes,304.0,45117.99,1877,5.3387,Pied cuckoo-dove,79.22,12
Reinwardtoena crassirostris,Columbidae,Columbiformes,259.0,34295.64,1856,5.408,Crested cuckoo-dove,126.13,6
Reinwardtoena reinwardti,Columbidae,Columbiformes,275.0,656098.16,1824,5.9934,Great cuckoo-dove,490.93,6
Remiz consobrinus,Remizidae,Passeriformes,9.1,1388083.99,1870,5.9322,Chinese penduline tit,87.93,25
Remiz coronatus,Remizidae,Passeriformes,6.9,2685732.89,1873,5.946,White-crowned penduline tit,66.22,13
Rhabdornis grandis,Sturnidae,Passeriformes,45.5,12859.33,1953,4.8996,Grand rhabdornis,36.81,4
Rhabdornis inornatus,Sturnidae,Passeriformes,39.1,114902.72,1896,5.0665,Stripe-breasted rhabdornis,45.55,10
Rhabdornis mystacalis,Sturnidae,Passeriformes,25.6,247778.1,1825,5.2135,Stripe-headed rhabdornis,42.26,11
Rhabdornis rabori,Sturnidae,Passeriformes,39.1,24269.39,1950,5.1683,Visayan rhabdornis,22.87,6
Rhabdotorrhinus corrugatus,Bucerotidae,Bucerotiformes,1590.0,892566.53,1832,5.7937,Wrinkled hornbill,384.19,17
Rhabdotorrhinus exarhatus,Bucerotidae,Bucerotiformes,370.0,128079.13,1823,5.7624,Sulawesi hornbill,176.51,7
Rhabdotorrhinus leucocephalus,Bucerotidae,Bucerotiformes,1086.0,89999.67,1816,5.9923,Writhed hornbill,159.51,6
Rhabdotorrhinus waldeni,Bucerotidae,Bucerotiformes,1086.0,11113.86,1877,6.0964,Walden's hornbill,577.73,12
Rhagologus leucostigma,Rhagologidae,Passeriformes,26.8,150755.69,1876,5.684,Mottled berryhunter,49.76,12
Rhamphococcyx calyorhynchus,Cuculidae,Cuculiformes,117.0,167233.25,1825,6.0458,Yellow-billed malkoha,78.42,4
Rhaphidura leucopygialis,Apodidae,Caprimulgiformes,13.6,1203937.95,1849,5.6146,Silver-rumped spinetail,35.05,9
Rhaphidura sabini,Apodidae,Caprimulgiformes,16.0,1774423.81,1829,5.3994,Sabine's spinetail,48.49,10
Rhea americana,Rheidae,Struthioniformes,23000.0,6537549.66,1758,5.9896,Greater rhea,5284.78,291
Rhegmatorhina berlepschi,Thamnophilidae,Passeriformes,31.3,68143.22,1907,5.7789,Harlequin antbird,30.1,9
Rhegmatorhina cristata,Thamnophilidae,Passeriformes,31.2,267428.7,1868,6.3308,Chestnut-crested antbird,23.48,9
Rhegmatorhina gymnops,Thamnophilidae,Passeriformes,28.46,157613.65,1888,5.9622,Bare-eyed antbird,32.73,24
Rhegmatorhina hoffmannsi,Thamnophilidae,Passeriformes,31.4,646225.64,1907,4.8301,White-breasted antbird,18.95,15
Rhegmatorhina melanosticta,Thamnophilidae,Passeriformes,30.99,1909667.49,1880,6.4405,Hairy-crested antbird,35.52,21
Rhinocrypta lanceolata,Rhinocryptidae,Passeriformes,61.9,1006274.62,1832,6.0174,Crested gallito,48.42,15
Rhinoplax vigil,Bucerotidae,Bucerotiformes,2887.64,1216391.66,1781,5.6057,Helmeted hornbill,1711.33,72
Rhinopomastus aterrimus,Phoeniculidae,Bucerotiformes,27.11,7792738.0,1826,5.8992,Black scimitarbill,82.62,4
Rhinopomastus castaneiceps,Phoeniculidae,Bucerotiformes,24.4,622400.01,1871,5.8559,Forest wood hoopoe,75.36,3
Rhinopomastus cyanomelas,Phoeniculidae,Bucerotiformes,27.11,6396418.32,1819,6.2957,Common scimitarbill,169.94,11
Rhinopomastus minor,Phoeniculidae,Bucerotiformes,21.7,2064431.67,1845,5.8924,Abyssinian scimitarbill,99.78,9
Rhinoptilus bitorquatus,Glareolidae,Charadriiformes,150.0,19306.74,1848,4.3522,Jerdon's courser,1465.37,19
Rhinoptilus chalcopterus,Glareolidae,Charadriiformes,150.0,10146624.15,1824,5.8025,Bronze-winged courser,130.31,14
Rhinoptilus cinctus,Glareolidae,Charadriiformes,105.0,1957707.6,1863,6.0145,Three-banded courser,97.75,10
Rhinortha chlorophaea,Cuculidae,Cuculiformes,51.21,1422260.56,1822,6.4861,Raffles's malkoha,111.61,11
Rhipidura albicollis,Rhipiduridae,Passeriformes,12.9,4165283.42,1818,5.8471,White-throated fantail,425.23,28
Rhipidura albiscapa,Rhipiduridae,Passeriformes,8.6,1303298.07,1840,5.5442,Grey fantail,502.77,12
Rhipidura albiventris,Rhipiduridae,Passeriformes,13.2,28516.59,1877,6.0471,Visayan fantail,47.41,5
Rhipidura albogularis,Rhipiduridae,Passeriformes,12.9,1422881.29,1831,6.3092,White-spotted fantail,239.18,10
Rhipidura albolimbata,Rhipiduridae,Passeriformes,10.9,148493.84,1874,5.9537,Friendly fantail,45.45,13
Rhipidura atra,Rhipiduridae,Passeriformes,12.2,179053.16,1876,6.1388,Black fantail,71.26,11
Rhipidura aureola,Rhipiduridae,Passeriformes,11.2,4306980.92,1831,6.2329,White-browed fantail,250.74,16
Rhipidura brachyrhyncha,Rhipiduridae,Passeriformes,10.1,131180.68,1871,5.9306,Dimorphic fantail,23.97,12
Rhipidura cyaniceps,Rhipiduridae,Passeriformes,13.6,83397.44,1855,6.2426,Blue-headed fantail,70.56,11
Rhipidura dedemi,Rhipiduridae,Passeriformes,10.95,3183.3,1911,6.6981,Streak-breasted fantail,21.5,6
Rhipidura diluta,Rhipiduridae,Passeriformes,14.97,30545.41,1864,5.3356,Brown-capped fantail,33.98,11
Rhipidura dryas,Rhipiduridae,Passeriformes,9.2,390802.69,1843,6.6286,Arafura fantail,50.42,10
Rhipidura euryura,Rhipiduridae,Passeriformes,15.0,8512.96,1843,5.3386,White-bellied fantail,29.0,6
Rhipidura fuliginosa,Rhipiduridae,Passeriformes,7.53,267492.07,1787,6.2704,New Zealand fantail,1883.54,99
Rhipidura fuscorufa,Rhipiduridae,Passeriformes,14.97,4783.92,1883,5.4716,Cinnamon-tailed fantail,25.23,10
Rhipidura hyperythra,Rhipiduridae,Passeriformes,11.2,465792.13,1858,5.7957,Chestnut-bellied fantail,24.6,10
Rhipidura javanica,Rhipiduridae,Passeriformes,12.5,1594085.24,1788,5.5856,Sunda pied fantail,,35
Rhipidura kubaryi,Rhipiduridae,Passeriformes,14.97,351.18,1876,5.3181,Pohnpei fantail,53.77,5
Rhipidura lepida,Rhipiduridae,Passeriformes,15.0,442.78,1868,5.7232,Palau fantail,52.09,5
Rhipidura leucophrys,Rhipiduridae,Passeriformes,27.44,8395527.09,1802,6.3977,Willie wagtail,3654.95,39
Rhipidura leucothorax,Rhipiduridae,Passeriformes,17.6,565343.93,1874,6.2576,White-bellied thicket fantail,36.32,9
Rhipidura maculipectus,Rhipiduridae,Passeriformes,18.0,137530.75,1858,5.7148,Black thicket fantail,30.59,5
Rhipidura nebulosa,Rhipiduridae,Passeriformes,5.8,1955.36,1848,5.2266,Samoan fantail,45.27,8
Rhipidura nigritorquis,Rhipiduridae,Passeriformes,17.0,239336.7,1831,5.1517,Philippine pied fantail,301.18,9
Rhipidura nigrocinnamomea,Rhipiduridae,Passeriformes,13.0,9000.73,1903,6.1601,Black-and-cinnamon fantail,45.3,7
Rhipidura opistherythra,Rhipiduridae,Passeriformes,14.97,3122.04,1883,5.396,Long-tailed fantail,26.43,5
Rhipidura perlata,Rhipiduridae,Passeriformes,13.4,1287003.58,1843,5.5249,Spotted fantail,39.94,10
Rhipidura personata,Rhipiduridae,Passeriformes,35.74,462.6,1875,5.825,Kadavu fantail,40.81,7
Rhipidura phasiana,Rhipiduridae,Passeriformes,6.9,319575.43,1885,5.4477,Mangrove fantail,43.48,10
Rhipidura phoenicura,Rhipiduridae,Passeriformes,14.97,8270.5,1843,6.1096,Rufous-tailed fantail,30.84,7
Rhipidura rennelliana,Rhipiduridae,Passeriformes,14.5,675.46,1931,4.8621,Rennell fantail,29.93,6
Rhipidura rufidorsa,Rhipiduridae,Passeriformes,9.8,489139.15,1874,3.7557,Rufous-backed fantail,21.01,9
Rhipidura samarensis,Rhipiduridae,Passeriformes,13.1,23338.34,1890,6.4109,Visayan blue fantail,41.1,6
Rhipidura sauli,Rhipiduridae,Passeriformes,13.6,677.81,1894,6.1691,Tablas fantail,40.48,7
Rhipidura semirubra,Rhipiduridae,Passeriformes,8.0,127.14,1877,6.3346,Manus fantail,29.3,7
Rhipidura superciliaris,Rhipiduridae,Passeriformes,13.1,92445.85,1877,5.9083,Mindanao blue fantail,58.27,12
Rhipidura superflua,Rhipiduridae,Passeriformes,14.97,2601.62,1899,5.9037,Tawny-backed fantail,22.48,4
Rhipidura tenebrosa,Rhipiduridae,Passeriformes,17.33,3338.04,1882,5.4306,Makira fantail,22.6,9
Rhipidura threnothorax,Rhipiduridae,Passeriformes,17.6,594363.37,1843,5.167,Sooty thicket fantail,23.62,8
Rhizothera longirostris,Phasianidae,Galliformes,746.72,1292604.79,1815,5.2637,Long-billed partridge,136.28,11
Rhodinocichla rosea,Rhodinocichlidae,Passeriformes,48.0,163331.81,1832,7.162,Rosy thrush-tanager,124.48,24
Rhodophoneus cruentus,Malaconotidae,Passeriformes,53.3,1845043.08,1828,5.7114,Rosy-patched bushshrike,74.04,6
Rhodopis vesper,Trochilidae,Caprimulgiformes,3.8,305602.24,1829,7.1728,Oasis hummingbird,103.33,19
Rhodospingus cruentus,Thraupidae,Passeriformes,11.6,95985.12,1844,6.4062,Crimson-breasted finch,50.01,16
Rhodospiza obsoleta,Fringillidae,Passeriformes,25.5,3475699.18,1823,6.2283,Desert finch,200.81,27
Rhodostethia rosea,Laridae,Charadriiformes,187.0,1043162.18,1824,6.421,Ross's gull,820.87,47
Rhopias gularis,Thamnophilidae,Passeriformes,11.3,500928.79,1825,5.9827,Star-throated antwren,28.73,21
Rhopophilus albosuperciliaris,Sylviidae,Passeriformes,18.03,423339.56,1871,5.2127,Tarim babbler,25.6,6
Rhopophilus pekinensis,Sylviidae,Passeriformes,18.03,1353087.16,1868,5.364,Beijing babbler,46.55,11
Rhopornis ardesiacus,Thamnophilidae,Passeriformes,26.3,2437.29,1831,5.6011,Slender antbird,26.2,24
Rhopospina fruticeti,Thraupidae,Passeriformes,38.8,2085092.66,1833,5.7054,Mourning sierra finch,56.38,18
Rhynchocyclus brevirostris,Tyrannidae,Passeriformes,24.3,579326.26,1847,6.2335,Eye-ringed flatbill,44.73,23
Rhynchocyclus fulvipectus,Tyrannidae,Passeriformes,23.1,196891.42,1860,5.2804,Fulvous-breasted flatbill,20.22,12
Rhynchocyclus pacificus,Tyrannidae,Passeriformes,24.95,105882.4,1914,4.8166,Pacific flatbill,18.47,8
Rhynchophanes mccownii,Calcariidae,Passeriformes,25.68,686197.76,1851,4.608,Thick-billed longspur,406.26,56
Rhynchopsitta pachyrhyncha,Psittacidae,Psittaciformes,324.77,596.01,1827,6.349,Thick-billed parrot,2165.22,103
Rhynchopsitta terrisi,Psittacidae,Psittaciformes,441.99,1276.56,1947,7.3173,Maroon-fronted parrot,177.32,73
Rhynchortyx cinctus,Odontophoridae,Galliformes,150.0,179089.72,1876,5.8019,Tawny-faced quail,168.53,11
Rhynchospiza stolzmanni,Passerellidae,Passeriformes,25.57,48995.91,1877,4.5868,Tumbes sparrow,34.32,9
Rhynchostruthus percivali,Fringillidae,Passeriformes,28.32,83044.08,1900,5.4098,Arabian golden-winged grosbeak,66.81,11
Rhynchostruthus socotranus,Fringillidae,Passeriformes,28.32,3622.4,1881,5.5544,Socotra golden-winged grosbeak,197.16,5
Rhynchotus maculicollis,Tinamidae,Struthioniformes,843.47,113175.08,1867,5.0051,Huayco tinamou,64.62,8
Rhynchotus rufescens,Tinamidae,Struthioniformes,843.47,5674200.18,1815,5.0852,Red-winged tinamou,162.17,74
Rhynochetos jubatus,Rhynochetidae,Eurypygiformes,859.99,1341.75,1860,6.6383,,,28
Rhyticeros cassidix,Bucerotidae,Bucerotiformes,2360.0,164525.74,1823,6.0462,Knobbed hornbill,586.44,22
Rhyticeros everetti,Bucerotidae,Bucerotiformes,697.2,10704.53,1898,5.563,Sumba hornbill,137.61,12
Rhyticeros narcondami,Bucerotidae,Bucerotiformes,697.17,6.51,1873,5.8248,Narcondam hornbill,745.61,17
Rhyticeros plicatus,Bucerotidae,Bucerotiformes,1703.76,754091.96,1781,6.5315,Blyth's hornbill,362.4,27
Rhyticeros subruficollis,Bucerotidae,Bucerotiformes,2042.0,72279.84,1843,5.6384,Plain-pouched hornbill,180.11,10
Rhyticeros undulatus,Bucerotidae,Bucerotiformes,2214.55,3225027.08,1812,6.2116,Wreathed hornbill,820.83,104
Rhytipterna holerythra,Tyrannidae,Passeriformes,36.8,469909.57,1860,5.5919,Rufous mourner,38.33,9
Rhytipterna immunda,Tyrannidae,Passeriformes,27.4,1435282.35,1873,4.8003,Pale-bellied mourner,19.95,13
Rhytipterna simplex,Tyrannidae,Passeriformes,31.8,7376423.26,1823,5.2553,Greyish mourner,28.57,17
Ridgwayia pinicola,Turdidae,Passeriformes,88.0,335794.57,1859,4.9728,Aztec thrush,163.52,44
Rigidipenna inexpectata,Podargidae,Caprimulgiformes,175.37,16697.99,1901,5.8015,Solomons frogmouth,130.07,15
Riparia chinensis,Hirundinidae,Passeriformes,9.8,3775629.49,1830,5.8303,Grey-throated martin,130.27,7
Riparia congica,Hirundinidae,Passeriformes,16.5,128223.28,1888,4.7554,Congo martin,50.24,6
Riparia diluta,Hirundinidae,Passeriformes,15.2,9873409.46,1893,5.5354,Pale martin,99.87,19
Riparia riparia,Hirundinidae,Passeriformes,12.68,36583654.61,1758,6.1251,Sand martin,2243.58,308
Rissa brevirostris,Laridae,Charadriiformes,377.0,192125.06,1855,5.695,Red-legged kittiwake,446.51,29
Rissa tridactyla,Laridae,Charadriiformes,415.99,2307068.48,1758,5.9411,Black-legged kittiwake,2286.31,438
Robsonius thompsoni,Locustellidae,Passeriformes,61.0,17448.96,2013,4.6822,Sierra Madre ground warbler,37.28,5
Rollandia microptera,Podicipedidae,Podicipediformes,706.0,48882.25,1868,6.0629,Titicaca grebe,368.61,34
Rollandia rolland,Podicipedidae,Podicipediformes,324.27,4837890.42,1824,5.6561,White-tufted grebe,181.56,33
Rollulus rouloul,Phasianidae,Galliformes,216.48,1418641.22,1786,5.665,Crested partridge,990.61,24
Roraimia adusta,Furnariidae,Passeriformes,16.24,71553.86,1884,6.1748,Roraiman barbtail,27.42,14
Rostratula australis,Rostratulidae,Charadriiformes,121.0,1391159.82,1838,5.5172,Australian painted-snipe,135.88,16
Rostratula benghalensis,Rostratulidae,Charadriiformes,121.0,24950994.82,1758,6.542,Greater painted-snipe,600.97,58
Rostrhamus sociabilis,Accipitridae,Accipitriformes,366.94,11603405.03,1817,6.0556,Snail kite,1637.08,122
Rougetius rougetii,Rallidae,Gruiformes,193.39,344840.95,1843,5.5999,Rouget's rail,57.29,14
Rowettia goughensis,Thraupidae,Passeriformes,53.0,64.14,1904,5.2074,Gough finch,69.42,20
Rubigula dispar,Pycnonotidae,Passeriformes,29.3,446506.23,1821,5.7132,Ruby-throated bulbul,118.67,12
Rubigula flaviventris,Pycnonotidae,Passeriformes,29.3,2187721.2,1833,6.545,Black-crested bulbul,394.38,5
Rubigula gularis,Pycnonotidae,Passeriformes,29.3,82001.29,1836,6.4767,Flame-throated bulbul,525.94,10
Rubigula melanictera,Pycnonotidae,Passeriformes,29.3,62208.81,1789,6.2863,Black-capped bulbul,134.68,5
Rubigula montis,Pycnonotidae,Passeriformes,29.3,228290.83,1879,6.2096,Bornean bulbul,44.19,4
Rufirallus castaneiceps,Rallidae,Gruiformes,126.0,607612.54,1869,5.4795,Chestnut-headed crake,54.21,5
Rufirallus viridis,Rallidae,Gruiformes,64.34,6139478.63,1776,5.9598,Russet-crowned crake,53.07,9
Rukia longirostra,Zosteropidae,Passeriformes,17.9,351.15,1931,5.2127,Long-billed white-eye,53.06,5
Rukia ruki,Zosteropidae,Passeriformes,21.0,34.17,1897,5.6757,Teardrop white-eye,35.05,12
Rupicola peruvianus,Cotingidae,Passeriformes,242.5,257511.06,1790,6.4307,Andean cock-of-the-rock,3198.32,204
Rupicola rupicola,Cotingidae,Passeriformes,194.56,2067586.19,1766,6.8313,Guianan cock-of-the-rock,1389.28,31
Rupornis magnirostris,Accipitridae,Accipitriformes,269.0,15043360.16,1788,6.0728,Roadside hawk,913.46,152
Rynchops albicollis,Laridae,Charadriiformes,164.0,1179458.68,1838,5.9834,Indian skimmer,615.27,24
Rynchops flavirostris,Laridae,Charadriiformes,164.0,9718531.11,1816,5.7402,African skimmer,391.28,22
Rynchops niger,Laridae,Charadriiformes,297.73,13769340.5,1758,5.7949,Black skimmer,1888.54,169
Sagittarius serpentarius,Sagittariidae,Accipitriformes,4017.0,14023594.92,1779,6.2749,,,59
Sakesphorus cristatus,Thamnophilidae,Passeriformes,17.7,1141026.65,1831,6.5161,Silvery-cheeked antshrike,26.92,21
Sakesphorus luctuosus,Thamnophilidae,Passeriformes,31.4,1618420.86,1823,5.8692,Glossy antshrike,27.02,13
Salpinctes obsoletus,Troglodytidae,Passeriformes,16.37,5424173.4,1822,4.9193,Rock wren,1317.92,100
Salpornis salvadori,Sittidae,Passeriformes,14.8,2540622.03,1878,5.7536,African spotted creeper,110.84,6
Salpornis spilonota,Sittidae,Passeriformes,14.8,952342.71,1831,5.9143,Indian spotted creeper,122.89,6
Saltator albicollis,Thraupidae,Passeriformes,41.33,3992.01,1817,5.1633,Lesser Antillean saltator,56.82,12
Saltator atriceps,Thraupidae,Passeriformes,83.79,710792.9,1832,6.1447,Black-headed saltator,124.53,27
Saltator atricollis,Thraupidae,Passeriformes,53.8,3347116.2,1817,5.2974,Black-throated saltator,45.23,10
Saltator atripennis,Thraupidae,Passeriformes,55.0,110254.94,1857,5.9305,Black-winged saltator,35.59,20
Saltator aurantiirostris,Thraupidae,Passeriformes,41.89,2474154.66,1817,6.0973,Golden-billed saltator,64.78,35
Saltator cinctus,Thraupidae,Passeriformes,48.6,72561.96,1943,5.7743,Masked saltator,30.31,20
Saltator coerulescens,Thraupidae,Passeriformes,54.9,8191352.17,1817,5.72,Bluish-grey saltator,131.46,45
Saltator fuliginosus,Thraupidae,Passeriformes,44.0,811739.38,1800,5.9924,Black-throated grosbeak,60.09,20
Saltator grossus,Thraupidae,Passeriformes,44.2,6243128.13,1767,5.7722,Slate-coloured grosbeak,65.56,25
Saltator maxillosus,Thraupidae,Passeriformes,50.8,436886.3,1851,5.5775,Thick-billed saltator,33.64,16
Saltator maximus,Thraupidae,Passeriformes,47.62,9544602.66,1776,5.2456,Buff-throated saltator,161.52,33
Saltator multicolor,Thraupidae,Passeriformes,22.2,1113148.29,1860,6.3199,,,2
Saltator nigriceps,Thraupidae,Passeriformes,71.0,26525.42,1914,5.4514,Black-cowled saltator,28.5,17
Saltator orenocensis,Thraupidae,Passeriformes,33.7,410839.04,1846,5.5955,Orinoco saltator,36.3,13
Saltator similis,Thraupidae,Passeriformes,43.3,3782501.25,1837,5.5359,Green-winged saltator,79.92,86
Saltator striatipectus,Thraupidae,Passeriformes,39.0,889950.27,1847,5.0211,Streaked saltator,77.67,33
Salvadorina waigiuensis,Anatidae,Anseriformes,324.0,339423.01,1894,5.792,Salvadori's teal,189.76,12
Sapayoa aenigma,Sapayoidae,Passeriformes,20.8,103347.58,1903,6.4809,,,19
Sappho sparganurus,Trochilidae,Caprimulgiformes,5.3,409731.95,1812,8.068,Red-tailed comet,202.62,22
Sarcogyps calvus,Accipitridae,Accipitriformes,4469.89,2166730.6,1786,6.9,Red-headed vulture,2325.5,91
Sarcophanops samarensis,Eurylaimidae,Passeriformes,27.1,22689.04,1890,6.6201,Visayan broadbill,103.61,12
Sarcophanops steerii,Eurylaimidae,Passeriformes,38.68,96675.6,1876,7.5646,Wattled broadbill,92.47,13
Sarcops calvus,Sturnidae,Passeriformes,142.0,253849.18,1766,5.2489,,,14
Sarcoramphus papa,Cathartidae,Cathartiformes,3400.0,14260256.21,1758,5.2349,King vulture,4794.65,128
Sarkidiornis melanotos,Anatidae,Anseriformes,2610.0,18695511.28,1769,6.525,Knob-billed duck,948.62,50
Sarkidiornis sylvicola,Anatidae,Anseriformes,2610.0,9680945.17,1907,5.7795,Comb duck,532.58,24
Saroglossa spilopterus,Sturnidae,Passeriformes,47.5,119537.73,1831,5.2972,Spot-winged starling,66.17,5
Sarothrura affinis,Rallidae,Gruiformes,27.8,524225.88,1828,5.5427,Striped flufftail,65.38,9
Sarothrura ayresi,Rallidae,Gruiformes,31.8,2995.34,1877,3.6684,White-winged flufftail,149.09,22
Sarothrura boehmi,Rallidae,Gruiformes,34.97,995800.31,1900,4.444,Streaky-breasted flufftail,69.53,12
Sarothrura elegans,Rallidae,Gruiformes,46.04,7047799.89,1839,5.3329,Buff-spotted flufftail,222.61,15
Sarothrura insularis,Rallidae,Gruiformes,26.8,289629.5,1870,5.4674,Madagascar flufftail,46.78,5
Sarothrura pulchra,Rallidae,Gruiformes,45.2,4635423.45,1829,6.4041,White-spotted flufftail,130.53,11
Sarothrura rufa,Rallidae,Gruiformes,37.68,4402555.0,1819,6.5015,Red-chested flufftail,106.42,13
Sarothrura watersi,Rallidae,Gruiformes,26.5,12305.12,1880,5.0231,Slender-billed flufftail,50.23,12
Sasia abnormis,Picidae,Piciformes,9.2,1159649.15,1825,5.9647,Rufous piculet,125.63,16
Sasia ochracea,Picidae,Piciformes,9.7,1515543.88,1837,6.2989,White-browed piculet,100.54,22
Satrapa icterophrys,Tyrannidae,Passeriformes,21.5,6572157.33,1818,6.5078,Yellow-browed tyrant,25.43,21
Saundersilarus saundersi,Laridae,Charadriiformes,198.0,50186.16,1871,5.2989,Saunders's gull,212.57,36
Saxicola caprata,Muscicapidae,Passeriformes,15.2,9769943.0,1766,5.9077,Pied bush chat,595.39,41
Saxicola dacotiae,Muscicapidae,Passeriformes,12.2,1260.31,1889,5.5784,Canary Islands stonechat,115.55,23
Saxicola ferreus,Muscicapidae,Passeriformes,14.7,3385788.78,1847,5.6641,Grey bush chat,146.83,24
Saxicola gutturalis,Muscicapidae,Passeriformes,15.27,30091.32,1818,5.7054,White-bellied bush chat,39.27,9
Saxicola insignis,Muscicapidae,Passeriformes,15.27,229113.44,1847,6.2034,White-throated bush chat,77.08,21
Saxicola jerdoni,Muscicapidae,Passeriformes,15.27,392190.42,1867,5.9902,Jerdon's bush chat,48.2,11
Saxicola leucurus,Muscicapidae,Passeriformes,14.1,803653.83,1847,5.3864,White-tailed stonechat,67.2,10
Saxicola macrorhynchus,Muscicapidae,Passeriformes,15.27,90095.29,1872,5.9367,White-browed bush chat,79.47,13
Saxicola rubetra,Muscicapidae,Passeriformes,16.6,10238944.41,1758,6.1427,,,182
Saxicola tectes,Muscicapidae,Passeriformes,12.64,2541.14,1789,6.4075,Réunion stonechat,103.03,12
Sayornis nigricans,Tyrannidae,Passeriformes,18.63,2967593.66,1827,6.1828,Black phoebe,2196.09,107
Sayornis phoebe,Tyrannidae,Passeriformes,19.7,6246276.45,1790,5.3566,Eastern phoebe,4161.7,113
Sayornis saya,Tyrannidae,Passeriformes,20.9,7204273.9,1825,5.8955,Say's phoebe,1367.82,85
Scelorchilus albicollis,Rhinocryptidae,Passeriformes,47.28,104257.55,1830,5.4616,White-throated tapaculo,42.64,15
Scelorchilus rubecula,Rhinocryptidae,Passeriformes,56.69,271566.99,1830,6.1154,Chucao tapaculo,216.73,43
Scenopoeetes dentirostris,Ptilonorhynchidae,Passeriformes,163.4,4997.73,1876,5.3061,Tooth-billed bowerbird,147.5,17
Scepomycter winifredae,Cisticolidae,Passeriformes,14.83,6749.9,1938,5.679,Winifred's warbler,39.31,16
Schetba rufa,Vangidae,Passeriformes,37.3,408087.53,1766,5.758,Rufous vanga,64.48,6
Schiffornis aenea,Tityridae,Passeriformes,31.7,42028.79,1936,4.9429,Foothill schiffornis,27.18,9
Schiffornis major,Tityridae,Passeriformes,31.0,3141459.06,1856,5.6323,Varzea schiffornis,32.8,16
Schiffornis olivacea,Tityridae,Passeriformes,29.5,1382689.39,1906,4.3372,Guianan schiffornis,21.6,10
Schiffornis stenorhyncha,Tityridae,Passeriformes,31.7,453853.48,1869,4.5988,Russet-winged schiffornis,36.24,13
Schiffornis turdina,Tityridae,Passeriformes,31.7,5587673.67,1831,4.9575,Brown-winged schiffornis,45.5,44
Schiffornis veraepacis,Tityridae,Passeriformes,31.1,549040.11,1860,5.1099,Northern schiffornis,58.93,10
Schiffornis virescens,Tityridae,Passeriformes,25.6,1662556.58,1838,5.1553,Greenish schiffornis,36.4,40
Schistes albogularis,Trochilidae,Caprimulgiformes,3.6,93754.2,1852,7.0226,White-throated daggerbill,63.65,8
Schistes geoffroyi,Trochilidae,Caprimulgiformes,3.6,546183.79,1843,6.5665,Geoffroy's daggerbill,70.61,25
Schistochlamys melanopis,Thraupidae,Passeriformes,33.0,6472149.56,1790,5.9525,Black-faced tanager,39.59,21
Schistochlamys ruficapillus,Thraupidae,Passeriformes,31.2,2412337.05,1817,5.8738,Cinnamon tanager,32.62,29
Schistolais leontica,Cisticolidae,Passeriformes,12.4,17375.44,1930,5.0977,Sierra Leone prinia,36.68,19
Schistolais leucopogon,Cisticolidae,Passeriformes,11.7,2377144.23,1875,5.2254,White-chinned prinia,31.56,12
Schoenicola platyurus,Locustellidae,Passeriformes,20.0,39801.45,1841,4.9017,Broad-tailed grassbird,117.09,18
Schoeniophylax phryganophilus,Furnariidae,Passeriformes,18.6,2565832.93,1817,5.3937,Chotoy spinetail,28.14,21
Schoeniparus brunneus,Pellorneidae,Passeriformes,17.43,1327800.29,1863,4.8673,Dusky fulvetta,49.49,10
Schoeniparus castaneceps,Pellorneidae,Passeriformes,12.5,1180063.3,1837,6.1447,Rufous-winged fulvetta,61.17,8
Schoeniparus cinereus,Pellorneidae,Passeriformes,11.0,208968.53,1847,5.6553,Yellow-throated fulvetta,50.58,7
Schoeniparus dubius,Pellorneidae,Passeriformes,18.0,1489085.65,1874,5.947,Rusty-capped fulvetta,36.12,9
Schoeniparus klossi,Pellorneidae,Passeriformes,12.5,9423.4,1931,6.1194,Black-crowned fulvetta,26.13,8
Schoeniparus rufogularis,Pellorneidae,Passeriformes,13.16,444866.63,1873,5.8368,Rufous-throated fulvetta,41.78,5
Schoeniparus variegaticeps,Pellorneidae,Passeriformes,13.16,15472.48,1932,6.2486,Golden-fronted fulvetta,25.45,12
Schoutedenapus myoptilus,Apodidae,Caprimulgiformes,23.5,384804.79,1888,5.5272,Scarce swift,63.35,13
Sciaphylax castanea,Thamnophilidae,Passeriformes,16.0,211133.72,1789,5.6467,Northern chestnut-tailed antbird,28.04,9
Sciaphylax hemimelaena,Thamnophilidae,Passeriformes,16.0,2503854.83,1857,5.6597,Southern chestnut-tailed antbird,28.9,11
Scissirostrum dubium,Sturnidae,Passeriformes,50.0,141970.52,1802,5.7677,Grosbeak starling,184.86,14
Sclateria naevia,Thamnophilidae,Passeriformes,24.6,5202849.77,1788,5.878,Silvered antbird,28.4,23
Scleroptila afra,Phasianidae,Galliformes,389.68,437877.43,1790,5.0941,Grey-winged francolin,125.28,9
Scleroptila finschi,Phasianidae,Galliformes,569.2,304435.85,1881,4.738,Finsch's francolin,62.97,5
Scleroptila gutturalis,Phasianidae,Galliformes,376.69,1483139.56,1835,4.9922,Orange River francolin,138.98,9
Scleroptila levaillantii,Phasianidae,Galliformes,430.88,832216.06,1825,5.5969,Red-winged francolin,128.43,13
Scleroptila streptophora,Phasianidae,Galliformes,385.0,216468.87,1891,5.204,Ring-necked francolin,87.12,4
Sclerurus albigularis,Furnariidae,Passeriformes,34.8,522646.45,1869,4.9441,Grey-throated leaftosser,30.11,15
Sclerurus caudacutus,Furnariidae,Passeriformes,36.23,5508699.65,1816,5.1774,Black-tailed leaftosser,30.77,32
Sclerurus guatemalensis,Furnariidae,Passeriformes,34.7,417195.64,1844,5.0588,Scaly-throated leaftosser,44.42,15
Sclerurus rufigularis,Furnariidae,Passeriformes,21.6,5320850.73,1868,4.8946,Short-billed leaftosser,32.17,16
Scolopax bukidnonensis,Scolopacidae,Charadriiformes,238.0,8323.3,2001,4.6677,Bukidnon woodcock,142.58,14
Scolopax minor,Scolopacidae,Charadriiformes,196.32,4263445.34,1789,6.214,American woodcock,5605.53,187
Scolopax mira,Scolopacidae,Charadriiformes,447.0,2263.54,1916,5.0832,Amami woodcock,261.74,9
Scolopax rochussenii,Scolopacidae,Charadriiformes,308.3,289.35,1866,4.9184,Moluccan woodcock,106.57,10
Scolopax rosenbergii,Scolopacidae,Charadriiformes,205.0,114626.52,1871,5.5096,New Guinea woodcock,82.63,5
Scolopax rusticola,Scolopacidae,Charadriiformes,308.31,15129244.23,1758,5.8907,Eurasian woodcock,2332.97,231
Scolopax saturata,Scolopacidae,Charadriiformes,205.0,18254.31,1821,5.1509,Javan woodcock,103.28,8
Scopus umbretta,Scopidae,Pelecaniformes,472.0,19881333.45,1789,5.5569,,,43
Scotocerca inquieta,Scotocercidae,Passeriformes,8.2,4724610.24,1830,5.8207,Streaked scrub warbler,156.95,18
Scotopelia bouvieri,Strigidae,Strigiformes,636.99,3343964.51,1875,6.2368,Vermiculated fishing owl,177.47,11
Scotopelia peli,Strigidae,Strigiformes,1942.75,4649310.2,1850,6.8931,Pel's fishing owl,634.01,11
Scotopelia ussheri,Strigidae,Strigiformes,787.18,358371.0,1871,6.5268,Rufous fishing owl,167.25,13
Scytalopus acutirostris,Rhinocryptidae,Passeriformes,18.06,32716.85,1844,5.593,Tschudi's tapaculo,19.53,8
Scytalopus affinis,Rhinocryptidae,Passeriformes,13.12,15372.72,1939,5.4801,Ancash tapaculo,26.57,15
Scytalopus alvarezlopezi,Rhinocryptidae,Passeriformes,24.7,12146.63,2017,5.2223,Tatama tapaculo,41.33,11
Scytalopus argentifrons,Rhinocryptidae,Passeriformes,17.0,15549.46,1891,5.5055,Silvery-fronted tapaculo,42.34,12
Scytalopus atratus,Rhinocryptidae,Passeriformes,25.74,187476.08,1922,5.0429,White-crowned tapaculo,12.28,15
Scytalopus bolivianus,Rhinocryptidae,Passeriformes,20.8,64274.24,1889,5.1044,Bolivian tapaculo,9.89,14
Scytalopus canus,Rhinocryptidae,Passeriformes,18.16,939.82,1915,4.7462,Paramillo tapaculo,26.05,22
Scytalopus caracae,Rhinocryptidae,Passeriformes,24.0,5235.88,1922,5.704,Caracas tapaculo,20.76,6
Scytalopus chocoensis,Rhinocryptidae,Passeriformes,19.97,25911.28,1997,5.5354,Chocó tapaculo,24.06,10
Scytalopus diamantinensis,Rhinocryptidae,Passeriformes,16.4,21167.42,2007,4.8081,Diamantina tapaculo,26.65,28
Scytalopus femoralis,Rhinocryptidae,Passeriformes,23.2,83386.49,1844,4.3609,Rufous-vented tapaculo,19.57,15
Scytalopus fuscus,Rhinocryptidae,Passeriformes,13.7,115796.67,1837,4.8389,Dusky tapaculo,28.52,17
Scytalopus gettyae,Rhinocryptidae,Passeriformes,20.35,127.48,2013,5.3154,Junin tapaculo,27.7,7
Scytalopus gonzagai,Rhinocryptidae,Passeriformes,13.0,4360.15,2014,4.9868,Boa Nova tapaculo,6.55,20
Scytalopus griseicollis,Rhinocryptidae,Passeriformes,18.05,23912.05,1840,5.5373,Pale-bellied tapaculo,32.52,20
Scytalopus iraiensis,Rhinocryptidae,Passeriformes,12.4,5149.75,1998,4.8139,Marsh tapaculo,28.36,27
Scytalopus latebricola,Rhinocryptidae,Passeriformes,18.1,10255.87,1899,5.1524,Brown-rumped tapaculo,23.03,21
Scytalopus macropus,Rhinocryptidae,Passeriformes,37.09,40202.47,1896,4.8866,Large-footed tapaculo,18.35,7
Scytalopus magellanicus,Rhinocryptidae,Passeriformes,13.67,454183.19,1789,5.4507,Magellanic tapaculo,65.33,31
Scytalopus meridanus,Rhinocryptidae,Passeriformes,20.0,20695.73,1922,5.6522,Mérida tapaculo,18.77,9
Scytalopus micropterus,Rhinocryptidae,Passeriformes,29.7,45400.68,1858,4.8486,Long-tailed tapaculo,23.95,12
Scytalopus novacapitalis,Rhinocryptidae,Passeriformes,18.9,118540.07,1958,4.4727,Brasília tapaculo,32.49,29
Scytalopus pachecoi,Rhinocryptidae,Passeriformes,15.0,46604.22,2005,4.6508,Planalto tapaculo,25.01,11
Scytalopus parkeri,Rhinocryptidae,Passeriformes,21.26,4245.47,1997,5.7669,Chusquea tapaculo,19.93,17
Scytalopus parvirostris,Rhinocryptidae,Passeriformes,17.75,117281.58,1939,5.4358,Trilling tapaculo,18.54,13
Scytalopus perijanus,Rhinocryptidae,Passeriformes,18.5,1087.36,2015,4.8162,Perijá tapaculo,414.13,16
Scytalopus petrophilus,Rhinocryptidae,Passeriformes,13.5,46263.72,2010,5.8317,Rock tapaculo,27.18,15
Scytalopus robbinsi,Rhinocryptidae,Passeriformes,19.34,1135.63,1997,4.5622,El Oro tapaculo,28.66,38
Scytalopus rodriguezi,Rhinocryptidae,Passeriformes,21.6,1915.5,2005,5.2248,Magdalena tapaculo,20.95,18
Scytalopus sanctaemartae,Rhinocryptidae,Passeriformes,23.2,4525.06,1915,5.5341,Santa Marta tapaculo,20.98,17
Scytalopus schulenbergi,Rhinocryptidae,Passeriformes,16.1,38231.31,1994,4.8318,Diademed tapaculo,20.64,14
Scytalopus simonsi,Rhinocryptidae,Passeriformes,16.62,29912.19,1917,5.3258,Puna tapaculo,19.91,10
Scytalopus speluncae,Rhinocryptidae,Passeriformes,13.0,249767.52,1835,6.0345,Mouse-coloured tapaculo,32.74,29
Scytalopus spillmanni,Rhinocryptidae,Passeriformes,23.54,85564.21,1937,5.4827,Spillmann's tapaculo,21.51,18
Scytalopus stilesi,Rhinocryptidae,Passeriformes,22.1,8830.73,2005,4.9055,Stiles's tapaculo,34.15,18
Scytalopus superciliaris,Rhinocryptidae,Passeriformes,17.8,53108.46,1883,4.9178,White-browed tapaculo,23.32,17
Scytalopus unicolor,Rhinocryptidae,Passeriformes,17.62,4947.67,1895,4.8282,Unicolored tapaculo,24.1,13
Scytalopus urubambae,Rhinocryptidae,Passeriformes,13.0,2500.77,1939,5.4992,Vilcabamba tapaculo,20.43,14
Scytalopus vicinior,Rhinocryptidae,Passeriformes,23.04,16812.48,1939,4.5406,Nariño tapaculo,25.37,13
Scytalopus zimmeri,Rhinocryptidae,Passeriformes,15.9,53350.14,1940,4.9565,Zimmer's tapaculo,26.63,13
Scythrops novaehollandiae,Cuculidae,Cuculiformes,683.99,2375285.46,1790,5.5583,Channel-billed cuckoo,1838.6,16
Seiurus aurocapilla,Parulidae,Passeriformes,18.8,5222797.22,1766,6.6992,,,155
Selasphorus ardens,Trochilidae,Caprimulgiformes,3.08,1490.46,1870,5.7245,Glow-throated hummingbird,107.41,60
Selasphorus calliope,Trochilidae,Caprimulgiformes,2.64,1203358.97,1847,7.6288,Calliope hummingbird,1798.16,84
Selasphorus flammula,Trochilidae,Caprimulgiformes,2.69,4598.21,1865,6.7623,Volcano hummingbird,240.54,23
Selasphorus platycercus,Trochilidae,Caprimulgiformes,3.54,696942.12,1827,6.8705,Broad-tailed hummingbird,1136.58,114
Selasphorus rufus,Trochilidae,Caprimulgiformes,3.5,1526769.21,1788,7.3907,Rufous hummingbird,4835.38,148
Selasphorus sasin,Trochilidae,Caprimulgiformes,3.36,31435.32,1829,7.1718,Allen's hummingbird,1523.07,97
Selasphorus scintilla,Trochilidae,Caprimulgiformes,2.2,9422.6,1851,7.5977,Scintillant hummingbird,267.56,17
Selenidera gouldii,Ramphastidae,Piciformes,180.9,1919767.74,1837,7.0482,Gould's toucanet,104.41,16
Selenidera maculirostris,Ramphastidae,Piciformes,164.0,930797.49,1823,6.9691,Spot-billed toucanet,178.61,30
Selenidera nattereri,Ramphastidae,Piciformes,158.4,879238.3,1835,6.6302,Tawny-tufted toucanet,94.09,13
Selenidera piperivora,Ramphastidae,Piciformes,147.0,1090580.68,1758,7.2231,Guianan toucanet,186.57,11
Selenidera spectabilis,Ramphastidae,Piciformes,219.0,153224.72,1858,7.157,Yellow-eared toucanet,179.19,26
Seleucidis melanoleucus,Paradisaeidae,Passeriformes,174.43,331768.34,1800,6.777,Twelve-wired bird-of-paradise,1263.28,12
Semioptera wallacii,Paradisaeidae,Passeriformes,148.34,13322.44,1859,6.8155,Standardwing bird-of-paradise,402.56,15
Semnornis frantzii,Semnornithidae,Piciformes,57.3,15874.29,1864,6.1633,Prong-billed barbet,100.21,17
Semnornis ramphastinus,Semnornithidae,Piciformes,97.7,44636.56,1855,6.8108,Toucan barbet,221.96,25
Sephanoides fernandensis,Trochilidae,Caprimulgiformes,8.73,8.09,1831,6.9626,Juan Fernández firecrown,325.32,39
Sephanoides sephaniodes,Trochilidae,Caprimulgiformes,5.17,554286.53,1827,6.856,Green-backed firecrown,322.27,45
Sericornis frontalis,Acanthizidae,Passeriformes,13.23,1682487.01,1827,5.2188,White-browed scrubwren,265.05,25
Sericornis humilis,Acanthizidae,Passeriformes,18.25,41698.31,1838,5.0261,Tasmanian scrubwren,81.2,11
Sericornis keri,Acanthizidae,Passeriformes,11.38,24710.75,1920,5.1067,Atherton scrubwren,53.69,10
Sericornis magnirostra,Acanthizidae,Passeriformes,9.8,270681.41,1838,5.1583,Large-billed scrubwren,54.17,9
Sericossypha albocristata,Thraupidae,Passeriformes,114.0,103262.33,1843,6.1295,White-capped tanager,67.87,34
Sericulus ardens,Ptilonorhynchidae,Passeriformes,130.0,176632.5,1879,6.5152,Flame bowerbird,579.91,9
Sericulus aureus,Ptilonorhynchidae,Passeriformes,172.0,35679.74,1758,7.4841,Masked bowerbird,98.71,10
Sericulus bakeri,Ptilonorhynchidae,Passeriformes,176.46,564.15,1929,5.886,Fire-maned bowerbird,83.26,14
Sericulus chrysocephalus,Ptilonorhynchidae,Passeriformes,99.49,89618.77,1808,5.8054,Regent bowerbird,676.27,14
Serinus alario,Fringillidae,Passeriformes,12.2,508153.43,1758,5.6382,Black-headed canary,140.75,13
Serinus canaria,Fringillidae,Passeriformes,24.3,10522.09,1758,6.2649,Atlantic canary,5292.71,299
Serinus canicollis,Fringillidae,Passeriformes,15.2,615500.68,1838,5.941,Cape canary,190.43,24
Serinus flavivertex,Fringillidae,Passeriformes,14.0,323625.7,1869,5.6928,Yellow-crowned canary,101.72,8
Serinus nigriceps,Fringillidae,Passeriformes,15.37,114938.98,1840,5.7855,Ethiopian siskin,89.3,12
Serinus pusillus,Fringillidae,Passeriformes,11.54,1833803.31,1811,6.5033,Red-fronted serin,317.3,37
Serinus serinus,Fringillidae,Passeriformes,11.2,4819417.99,1766,5.8453,European serin,2135.04,118
Serinus syriacus,Fringillidae,Passeriformes,11.7,7402.84,1850,6.246,Syrian serin,183.78,16
Serpophaga cinerea,Tyrannidae,Passeriformes,8.3,537348.41,1844,6.3173,Torrent tyrannulet,67.73,17
Serpophaga griseicapilla,Tyrannidae,Passeriformes,6.6,490223.64,2007,5.2959,Straneck's tyrannulet,26.91,16
Serpophaga hypoleuca,Tyrannidae,Passeriformes,6.07,557853.94,1866,5.8027,River tyrannulet,23.25,30
Serpophaga nigricans,Tyrannidae,Passeriformes,8.5,3661570.49,1817,5.723,Sooty tyrannulet,25.51,19
Setopagis heterura,Caprimulgidae,Caprimulgiformes,37.0,303524.41,1915,5.6672,Todd's nightjar,34.16,8
Setopagis parvula,Caprimulgidae,Caprimulgiformes,37.0,6789301.91,1837,6.453,Little nightjar,58.61,19
Setopagis whitelyi,Caprimulgidae,Caprimulgiformes,47.0,45695.27,1885,5.4695,Roraiman nightjar,40.61,14
Setophaga adelaidae,Parulidae,Passeriformes,6.94,8923.08,1865,6.4177,Adelaide's warbler,162.1,24
Setophaga americana,Parulidae,Passeriformes,7.84,3355702.9,1758,7.0065,Northern parula,1590.89,74
Setophaga angelae,Parulidae,Passeriformes,7.7,135.32,1972,6.2737,Elfin woods warbler,565.89,21
Setophaga caerulescens,Parulidae,Passeriformes,10.14,1168234.94,1789,6.5261,Black-throated blue warbler,1052.81,126
Setophaga castanea,Parulidae,Passeriformes,11.8,2650066.12,1810,6.3713,Bay-breasted warbler,458.82,71
Setophaga cerulea,Parulidae,Passeriformes,9.04,1849163.51,1810,7.1596,Cerulean warbler,1125.99,182
Setophaga chrysoparia,Parulidae,Passeriformes,9.9,39798.62,1860,6.3863,Golden-cheeked warbler,703.8,125
Setophaga citrina,Parulidae,Passeriformes,10.54,2007300.04,1783,6.707,Hooded warbler,1011.34,83
Setophaga delicata,Parulidae,Passeriformes,7.4,617.37,1883,7.1068,Saint Lucia warbler,69.75,7
Setophaga discolor,Parulidae,Passeriformes,7.64,1565603.51,1809,6.7912,Prairie warbler,538.74,88
Setophaga dominica,Parulidae,Passeriformes,9.69,1925341.63,1766,6.5973,Yellow-throated warbler,878.48,55
Setophaga flavescens,Parulidae,Passeriformes,9.0,2587.72,1909,6.2882,Bahama warbler,75.57,11
Setophaga fusca,Parulidae,Passeriformes,9.74,2026720.02,1776,7.4552,Blackburnian warbler,1151.12,98
Setophaga graciae,Parulidae,Passeriformes,8.1,1123569.57,1865,6.0427,Grace's warbler,155.38,40
Setophaga kirtlandii,Parulidae,Passeriformes,13.94,37706.54,1852,6.5778,Kirtland's warbler,1572.47,96
Setophaga magnolia,Parulidae,Passeriformes,8.14,3661483.1,1811,7.1974,Magnolia warbler,858.16,83
Setophaga nigrescens,Parulidae,Passeriformes,8.7,1793686.0,1837,6.1742,Black-throated gray warbler,385.31,72
Setophaga occidentalis,Parulidae,Passeriformes,10.4,338854.99,1837,5.9796,Hermit warbler,268.62,71
Setophaga palmarum,Parulidae,Passeriformes,10.3,3394685.27,1789,6.4862,Palm warbler,856.43,90
Setophaga pensylvanica,Parulidae,Passeriformes,9.29,2422614.2,1766,6.6479,Chestnut-sided warbler,658.44,87
Setophaga petechia,Parulidae,Passeriformes,10.22,15552185.22,1766,7.1244,Mangrove warbler,15.24,235
Setophaga pharetra,Parulidae,Passeriformes,9.9,11021.79,1847,5.828,Arrowhead warbler,83.53,10
Setophaga pinus,Parulidae,Passeriformes,11.79,2073441.98,1766,6.7199,Pine warbler,1612.95,67
Setophaga pityophila,Parulidae,Passeriformes,8.0,7445.49,1855,6.0573,Olive-capped warbler,60.77,11
Setophaga plumbea,Parulidae,Passeriformes,10.1,2397.36,1877,5.6438,Plumbeous warbler,75.09,12
Setophaga ruticilla,Parulidae,Passeriformes,8.24,6675504.95,1758,6.1892,American redstart,2317.56,197
Setophaga striata,Parulidae,Passeriformes,11.84,6353206.91,1772,6.2666,Blackpoll warbler,917.26,150
Setophaga subita,Parulidae,Passeriformes,7.6,153.93,1904,6.4697,Barbuda warbler,120.25,14
Setophaga tigrina,Parulidae,Passeriformes,10.04,2530023.76,1789,6.896,Cape May warbler,671.31,70
Setophaga townsendi,Parulidae,Passeriformes,8.84,1406060.25,1837,7.4535,Townsend's warbler,677.21,83
Setophaga virens,Parulidae,Passeriformes,8.69,3340613.66,1789,6.3959,Black-throated green warbler,810.97,98
Setophaga vitellina,Parulidae,Passeriformes,6.7,279.5,1886,6.2498,Vitelline warbler,68.14,11
Setornis criniger,Pycnonotidae,Passeriformes,29.5,775317.21,1839,5.536,Hook-billed bulbul,72.08,19
Sheppardia aequatorialis,Muscicapidae,Passeriformes,16.8,137290.29,1906,6.244,Equatorial akalat,25.08,11
Sheppardia aurantiithorax,Muscicapidae,Passeriformes,18.4,552.41,2004,6.1956,Rubeho akalat,28.37,12
Sheppardia cyornithopsis,Muscicapidae,Passeriformes,18.36,1075584.27,1901,5.5358,Lowland akalat,24.73,9
Sheppardia gabela,Muscicapidae,Passeriformes,11.0,958.02,1957,5.6428,Gabela akalat,28.97,15
Sheppardia gunningi,Muscicapidae,Passeriformes,17.33,58081.47,1909,6.2178,East coast akalat,37.71,19
Sheppardia lowei,Muscicapidae,Passeriformes,18.4,6701.62,1941,4.9273,Iringa akalat,25.03,15
Sheppardia montana,Muscicapidae,Passeriformes,21.8,929.87,1907,4.6915,Usambara akalat,35.99,14
Sheppardia polioptera,Muscicapidae,Passeriformes,18.71,644019.5,1892,6.4944,Grey-winged robin-chat,31.68,6
Sheppardia sharpei,Muscicapidae,Passeriformes,14.7,92949.69,1903,5.4127,Sharpe's akalat,26.55,10
Sholicola albiventris,Muscicapidae,Passeriformes,38.46,1353.1,1868,6.4735,White-bellied blue robin,171.51,39
Sholicola major,Muscicapidae,Passeriformes,38.46,1160.85,1841,6.4264,Nilgiri blue robin,317.93,20
Sialia currucoides,Turdidae,Passeriformes,29.6,4376669.8,1798,6.4162,Mountain bluebird,5036.2,130
Sialia mexicana,Turdidae,Passeriformes,26.44,1779665.7,1832,6.4979,Western bluebird,2732.48,135
Sialia sialis,Turdidae,Passeriformes,27.5,5460000.0,1758,6.5137,Eastern bluebird,9734.04,227
Sibia morrisoniana,Leiotrichidae,Passeriformes,23.97,11919.31,1906,6.2337,Taiwan barwing,59.62,5
Sibia nipalensis,Leiotrichidae,Passeriformes,43.87,108962.95,1836,6.4682,Hoary-throated barwing,59.91,5
Sibia souliei,Leiotrichidae,Passeriformes,39.34,161149.52,1897,5.3633,Streaked barwing,31.06,5
Sibia waldeni,Leiotrichidae,Passeriformes,46.73,344520.78,1874,6.6829,Streak-throated barwing,35.96,4
Sibirionetta formosa,Anatidae,Anseriformes,433.98,3744079.85,1775,5.7386,Baikal teal,1397.77,47
Sicalis auriventris,Thraupidae,Passeriformes,55.0,135742.05,1864,5.9416,Greater yellow finch,97.72,12
Sicalis citrina,Thraupidae,Passeriformes,11.6,1533817.56,1870,6.3085,Stripe-tailed yellow finch,60.8,9
Sicalis columbiana,Thraupidae,Passeriformes,13.4,1844478.68,1851,6.1057,Orange-fronted yellow finch,163.97,8
Sicalis flaveola,Thraupidae,Passeriformes,16.89,8090601.18,1766,6.2858,Saffron finch,1362.58,192
Sicalis lebruni,Thraupidae,Passeriformes,25.3,418583.42,1891,5.3488,Patagonian yellow finch,40.91,10
Sicalis lutea,Thraupidae,Passeriformes,16.3,333221.13,1837,6.2844,Puna yellow finch,37.37,19
Sicalis luteocephala,Thraupidae,Passeriformes,16.25,79079.45,1837,6.1738,Citron-headed yellow finch,28.32,13
Sicalis luteola,Thraupidae,Passeriformes,15.9,2746259.59,1789,6.1831,Grassland yellow finch,264.15,53
Sicalis mendozae,Thraupidae,Passeriformes,18.1,185797.7,1888,5.8306,Monte yellow finch,24.21,8
Sicalis olivascens,Thraupidae,Passeriformes,21.8,769970.91,1837,5.5953,Greenish yellow finch,53.69,19
Sicalis raimondii,Thraupidae,Passeriformes,15.8,67931.75,1874,5.7948,Raimondi's yellow finch,26.44,16
Sicalis taczanowskii,Thraupidae,Passeriformes,7.99,41438.32,1888,5.5626,Sulphur-throated finch,24.7,11
Sicalis uropigyalis,Thraupidae,Passeriformes,22.5,705565.48,1837,5.8699,Bright-rumped yellow finch,33.96,11
Silvicultrix diadema,Tyrannidae,Passeriformes,11.5,130712.81,1843,5.6321,Yellow-bellied chat-tyrant,35.67,3
Silvicultrix frontalis,Tyrannidae,Passeriformes,9.99,229755.72,1847,6.2453,Crowned chat-tyrant,29.96,5
Silvicultrix jelskii,Tyrannidae,Passeriformes,11.6,73769.99,1883,5.8085,Jelski's chat-tyrant,17.8,7
Silvicultrix pulchella,Tyrannidae,Passeriformes,12.0,116794.53,1876,6.0056,Golden-browed chat-tyrant,17.78,5
Siphonorhis brewsteri,Caprimulgidae,Caprimulgiformes,37.0,18693.16,1917,4.7591,Least poorwill,40.96,8
Sipia berlepschi,Thamnophilidae,Passeriformes,25.6,55751.32,1788,5.208,Stub-tailed antbird,19.2,7
Sipia laemosticta,Thamnophilidae,Passeriformes,25.0,36688.84,1868,6.1206,Dull-mantled antbird,35.0,20
Sipia nigricauda,Thamnophilidae,Passeriformes,24.0,64675.02,1850,5.2488,Esmeraldas antbird,26.73,7
Sipia palliata,Thamnophilidae,Passeriformes,25.0,88370.3,1866,5.414,Magdalena antbird,23.74,10
Sipodotus wallacii,Maluridae,Passeriformes,7.7,489818.27,1862,6.7633,Wallace's fairywren,88.22,6
Siptornis striaticollis,Furnariidae,Passeriformes,13.0,20659.13,1843,4.7835,Spectacled prickletail,15.03,14
Sirystes albocinereus,Tyrannidae,Passeriformes,38.0,1894993.29,1880,5.0811,White-rumped sirystes,25.34,8
Sirystes albogriseus,Tyrannidae,Passeriformes,34.0,174213.1,1863,5.2188,Choco sirystes,6.93,9
Sirystes sibilator,Tyrannidae,Passeriformes,32.3,4179503.46,1818,5.3188,Sibilant sirystes,44.72,26
Sirystes subcanescens,Tyrannidae,Passeriformes,34.0,752029.9,1920,5.0883,Todd's sirystes,20.37,8
Sitta azurea,Sittidae,Passeriformes,16.27,361034.34,1830,6.5243,Blue nuthatch,180.51,7
Sitta canadensis,Sittidae,Passeriformes,9.8,7299100.07,1766,6.1914,Red-breasted nuthatch,3147.33,116
Sitta carolinensis,Sittidae,Passeriformes,21.0,8811748.35,1790,6.1378,White-breasted nuthatch,4705.95,108
Sitta cashmirensis,Sittidae,Passeriformes,19.0,140130.44,1871,5.6156,Kashmir nuthatch,82.25,8
Sitta castanea,Sittidae,Passeriformes,19.62,1252045.84,1830,6.623,Indian nuthatch,101.92,10
Sitta cinnamoventris,Sittidae,Passeriformes,19.62,792362.64,1842,6.4688,Chestnut-bellied nuthatch,146.83,4
Sitta formosa,Sittidae,Passeriformes,21.0,381262.14,1843,7.0138,Beautiful nuthatch,233.28,25
Sitta frontalis,Sittidae,Passeriformes,16.5,5214819.55,1820,7.2854,Velvet-fronted nuthatch,251.23,26
Sitta himalayensis,Sittidae,Passeriformes,14.28,413170.09,1835,6.439,White-tailed nuthatch,76.14,11
Sitta krueperi,Sittidae,Passeriformes,12.4,282938.85,1863,5.899,Krüper's nuthatch,159.83,57
Sitta ledanti,Sittidae,Passeriformes,17.2,246.6,1976,5.9302,Algerian nuthatch,221.03,31
Sitta leucopsis,Sittidae,Passeriformes,14.77,258577.79,1850,6.5517,White-cheeked nuthatch,70.42,6
Sitta magna,Sittidae,Passeriformes,41.13,431190.85,1876,5.7722,Giant nuthatch,151.07,27
Sitta nagaensis,Sittidae,Passeriformes,14.7,1053108.56,1874,6.7905,Chestnut-vented nuthatch,87.12,14
Sitta neglecta,Sittidae,Passeriformes,19.62,558586.52,1870,6.0475,Burmese nuthatch,44.56,3
Sitta neumayer,Sittidae,Passeriformes,26.5,1244088.59,1830,5.2582,Western rock nuthatch,167.04,48
Sitta oenochlamys,Sittidae,Passeriformes,16.4,249953.71,1877,6.5947,Sulphur-billed nuthatch,75.98,4
Sitta przewalskii,Sittidae,Passeriformes,14.77,459527.42,1891,6.2424,Przevalski's nuthatch,190.8,6
Sitta pusilla,Sittidae,Passeriformes,10.2,891316.4,1790,6.202,Brown-headed nuthatch,983.85,92
Sitta pygmaea,Sittidae,Passeriformes,10.6,1953869.52,1839,5.961,Pygmy nuthatch,866.61,52
Sitta solangiae,Sittidae,Passeriformes,14.96,24723.1,1930,5.9973,Yellow-billed nuthatch,63.11,11
Sitta tephronota,Sittidae,Passeriformes,35.2,2326077.82,1872,5.9285,Eastern rock nuthatch,75.27,50
Sitta victoriae,Sittidae,Passeriformes,14.3,358.24,1904,7.3172,White-browed nuthatch,82.02,10
Sitta villosa,Sittidae,Passeriformes,9.38,1815019.4,1865,5.8119,Chinese nuthatch,80.16,11
Sitta whiteheadi,Sittidae,Passeriformes,11.8,2318.9,1884,6.2683,Corsican nuthatch,220.16,36
Sitta yunnanensis,Sittidae,Passeriformes,9.87,204754.16,1900,6.8108,Yunnan nuthatch,74.38,22
Sittiparus castaneoventris,Paridae,Passeriformes,17.0,35903.37,1863,6.3141,Chestnut-bellied tit,95.1,8
Sittiparus olivaceus,Paridae,Passeriformes,17.0,279.45,1923,5.4746,Iriomote tit,105.04,5
Sittiparus owstoni,Paridae,Passeriformes,17.0,150.87,1893,6.4063,Owston's tit,108.18,5
Sittiparus semilarvatus,Paridae,Passeriformes,18.0,55106.29,1866,5.8014,White-fronted tit,95.31,6
Sittiparus varius,Paridae,Passeriformes,17.0,692847.17,1847,6.485,Varied tit,571.71,26
Siva cyanouroptera,Leiotrichidae,Passeriformes,17.0,2841737.41,1837,6.1695,Blue-winged minla,140.83,7
Smicrornis brevirostris,Acanthizidae,Passeriformes,5.3,7230924.88,1838,5.5129,,,9
Smithornis capensis,Calyptomenidae,Passeriformes,23.2,3751914.0,1839,5.9786,African broadbill,215.68,15
Smithornis rufolateralis,Calyptomenidae,Passeriformes,19.04,1880114.42,1864,6.756,Rufous-sided broadbill,61.34,9
Smithornis sharpei,Calyptomenidae,Passeriformes,37.5,498936.69,1903,5.9368,Grey-headed broadbill,45.3,11
Smutsornis africanus,Glareolidae,Charadriiformes,87.5,2999057.71,1807,6.3473,Double-banded courser,147.99,2
Snowornis cryptolophus,Cotingidae,Passeriformes,73.6,109184.97,1877,5.8327,Olivaceous piha,31.64,15
Snowornis subalaris,Cotingidae,Passeriformes,81.2,59762.19,1861,5.8703,Grey-tailed piha,28.21,17
Somateria fischeri,Anatidae,Anseriformes,1557.16,1068843.97,1847,5.1502,Spectacled eider,695.22,49
Somateria mollissima,Anatidae,Anseriformes,2060.93,3321100.72,1758,5.7653,Common eider,4697.21,451
Somateria spectabilis,Anatidae,Anseriformes,1616.71,3200134.05,1758,6.355,King eider,2387.18,98
Spartonoica maluroides,Furnariidae,Passeriformes,11.0,1267559.91,1837,5.2723,Bay-capped wren-spinetail,19.87,19
Spatula clypeata,Anatidae,Anseriformes,612.56,27068888.24,1758,6.3072,Northern shoveler,3886.57,146
Spatula cyanoptera,Anatidae,Anseriformes,377.45,6567683.13,1816,5.9829,Cinnamon teal,1679.89,49
Spatula discors,Anatidae,Anseriformes,359.44,8349222.13,1766,5.5844,Blue-winged teal,2820.2,104
Spatula hottentota,Anatidae,Anseriformes,276.36,7754871.01,1838,5.8073,Blue-billed teal,386.65,15
Spatula platalea,Anatidae,Anseriformes,465.43,2947935.33,1816,5.2993,Red shoveler,208.0,15
Spatula puna,Anatidae,Anseriformes,595.21,690886.44,1844,5.577,Puna teal,208.31,14
Spatula querquedula,Anatidae,Anseriformes,325.6,16861397.11,1758,5.8405,,,59
Spatula rhynchotis,Anatidae,Anseriformes,638.96,4454068.38,1801,5.2765,Australasian shoveler,341.28,14
Spatula smithii,Anatidae,Anseriformes,591.46,2430691.95,1891,5.5869,Cape shoveler,198.68,6
Spatula versicolor,Anatidae,Anseriformes,595.21,3071768.07,1816,5.9561,Silver teal,233.82,17
Speculanas specularis,Anatidae,Anseriformes,1496.07,386663.05,1828,5.5584,Bronze-winged duck,184.3,21
Speculipastor bicolor,Sturnidae,Passeriformes,64.16,1084773.96,1879,5.634,Magpie starling,50.38,7
Spelaeornis badeigularis,Timaliidae,Passeriformes,6.0,1098.49,1948,5.7038,Mishmi wren-babbler,23.38,11
Spelaeornis caudatus,Timaliidae,Passeriformes,11.0,56850.87,1845,5.351,Rufous-throated wren-babbler,53.4,13
Spelaeornis chocolatinus,Timaliidae,Passeriformes,11.83,11101.97,1875,5.697,Naga wren-babbler,61.99,19
Spelaeornis kinneari,Timaliidae,Passeriformes,11.83,1588.73,1930,5.0951,Pale-throated wren-babbler,23.28,14
Spelaeornis longicaudatus,Timaliidae,Passeriformes,12.0,6234.12,1854,5.2639,Tawny-breasted wren-babbler,46.19,13
Spelaeornis oatesi,Timaliidae,Passeriformes,11.83,29691.64,1904,5.137,Chin Hills wren-babbler,28.76,7
Spelaeornis reptatus,Timaliidae,Passeriformes,11.83,129370.69,1903,5.316,Grey-bellied wren-babbler,32.48,5
Spelaeornis troglodytoides,Timaliidae,Passeriformes,7.0,498405.28,1870,6.081,Bar-winged wren-babbler,42.19,7
Spermestes bicolor,Estrildidae,Passeriformes,9.9,5169258.15,1843,6.3633,Black-and-white mannikin,164.12,12
Spermestes cucullata,Estrildidae,Passeriformes,8.99,8668523.94,1837,5.9857,Bronze mannikin,493.82,16
Spermestes fringilloides,Estrildidae,Passeriformes,16.8,1503708.26,1835,5.6391,Magpie mannikin,117.4,9
Spermophaga haematina,Estrildidae,Passeriformes,23.0,1910654.25,1807,6.6091,Western bluebill,86.6,15
Spermophaga poliogenys,Estrildidae,Passeriformes,19.8,366771.57,1906,6.1702,Grant's bluebill,35.45,4
Spermophaga ruficapilla,Estrildidae,Passeriformes,23.6,562817.84,1888,7.0863,Red-headed bluebill,48.36,6
Sphecotheres hypoleucus,Oriolidae,Passeriformes,77.5,2638.29,1898,5.907,Wetar figbird,53.23,4
Sphecotheres vieilloti,Oriolidae,Passeriformes,121.5,993924.12,1827,5.0806,Australasian figbird,770.02,12
Sphecotheres viridis,Oriolidae,Passeriformes,121.04,30023.14,1816,5.8106,Green figbird,99.81,10
Spheniscus demersus,Spheniscidae,Sphenisciformes,3130.11,330067.23,1758,6.7623,African penguin,13850.76,296
Spheniscus humboldti,Spheniscidae,Sphenisciformes,4366.39,73314.02,1834,6.5183,Humboldt penguin,4863.27,264
Spheniscus magellanicus,Spheniscidae,Sphenisciformes,4105.1,940638.86,1781,6.4262,Magellanic penguin,5700.23,395
Spheniscus mendiculus,Spheniscidae,Sphenisciformes,1921.86,1040.81,1871,6.0919,Galapagos penguin,6195.05,87
Sphenoeacus afer,Macrosphenidae,Passeriformes,30.4,430218.37,1789,5.0807,Cape grassbird,83.03,8
Sphenopsis frontalis,Thraupidae,Passeriformes,17.0,200867.55,1844,5.3837,Oleaginous hemispingus,58.54,13
Sphyrapicus nuchalis,Picidae,Piciformes,48.49,2075623.96,1858,6.0387,Red-naped sapsucker,893.13,81
Sphyrapicus ruber,Picidae,Piciformes,54.79,1000123.48,1788,6.5829,Red-breasted sapsucker,970.92,81
Sphyrapicus thyroideus,Picidae,Piciformes,47.6,649120.18,1852,6.554,Williamson's sapsucker,693.91,81
Sphyrapicus varius,Picidae,Piciformes,50.3,4472315.75,1766,7.0842,Yellow-bellied sapsucker,4807.2,111
Spilopelia senegalensis,Columbidae,Columbiformes,82.13,28873137.27,1766,6.0681,Laughing dove,3982.21,90
Spiloptila clamans,Cisticolidae,Passeriformes,7.0,2719529.35,1826,5.16,Cricket warbler,95.06,14
Spilornis cheela,Accipitridae,Accipitriformes,597.74,6837152.16,1790,6.9503,Crested serpent eagle,2171.03,89
Spilornis elgini,Accipitridae,Accipitriformes,895.0,4980.85,1863,6.2967,Andaman serpent eagle,274.32,42
Spilornis holospilus,Accipitridae,Accipitriformes,705.0,276025.54,1831,5.941,Philippine serpent eagle,527.33,11
Spilornis kinabaluensis,Accipitridae,Accipitriformes,597.7,36584.1,1919,6.6071,Mountain serpent eagle,175.62,13
Spilornis klossi,Accipitridae,Accipitriformes,450.0,1111.02,1902,5.7687,Great Nicobar serpent eagle,286.72,15
Spilornis rufipectus,Accipitridae,Accipitriformes,705.0,115936.18,1858,6.23,Sulawesi serpent eagle,120.8,12
Spindalis dominicensis,Spindalidae,Passeriformes,29.4,74799.65,1867,6.6882,Hispaniolan spindalis,47.18,6
Spindalis nigricephala,Spindalidae,Passeriformes,45.05,11021.79,1835,6.7424,Jamaican spindalis,48.24,5
Spindalis portoricensis,Spindalidae,Passeriformes,32.12,8774.42,1866,6.472,Puerto Rican spindalis,615.12,12
Spindalis zena,Spindalidae,Passeriformes,25.36,126553.5,1758,7.0329,Western spindalis,201.79,21
Spinus atratus,Fringillidae,Passeriformes,16.04,839801.14,1837,5.667,Black siskin,126.49,11
Spinus atriceps,Fringillidae,Passeriformes,13.46,50051.08,1863,5.6529,Black-capped siskin,78.12,31
Spinus barbatus,Fringillidae,Passeriformes,15.5,1234638.37,1782,5.9309,Black-chinned siskin,135.24,20
Spinus crassirostris,Fringillidae,Passeriformes,19.0,373239.18,1877,5.605,Thick-billed siskin,53.7,20
Spinus cucullatus,Fringillidae,Passeriformes,9.8,3251.0,1820,6.3241,Red siskin,575.6,38
Spinus dominicensis,Fringillidae,Passeriformes,12.6,9702.06,1867,5.4412,Antillean siskin,98.1,10
Spinus lawrencei,Fringillidae,Passeriformes,10.94,139353.83,1850,5.758,Lawrence's goldfinch,471.38,56
Spinus magellanicus,Fringillidae,Passeriformes,13.6,6077584.71,1805,7.081,Hooded siskin,227.97,30
Spinus notatus,Fringillidae,Passeriformes,10.9,488138.48,1847,5.8279,Black-headed siskin,90.03,16
Spinus olivaceus,Fringillidae,Passeriformes,13.6,173162.69,1894,5.8939,Olivaceous siskin,50.11,14
Spinus pinus,Fringillidae,Passeriformes,12.7,7806130.28,1810,5.854,Pine siskin,3837.85,114
Spinus psaltria,Fringillidae,Passeriformes,8.77,3951950.33,1822,5.737,Lesser goldfinch,2058.27,78
Spinus siemiradzkii,Fringillidae,Passeriformes,13.6,18291.44,1884,6.6559,Saffron siskin,65.3,11
Spinus spinescens,Fringillidae,Passeriformes,11.3,117953.77,1850,5.959,Andean siskin,135.98,29
Spinus spinus,Fringillidae,Passeriformes,13.24,8968022.11,1758,6.1252,Eurasian siskin,3555.03,95
Spinus thibetanus,Fringillidae,Passeriformes,10.48,596948.36,1872,5.8337,Tibetan serin,78.9,10
Spinus tristis,Fringillidae,Passeriformes,12.79,7802444.22,1758,5.9318,American goldfinch,14039.79,143
Spinus uropygialis,Fringillidae,Passeriformes,14.0,158669.39,1862,6.1283,Yellow-rumped siskin,62.88,17
Spinus xanthogastrus,Fringillidae,Passeriformes,12.7,161327.43,1855,5.2955,Yellow-bellied siskin,361.71,18
Spinus yarrellii,Fringillidae,Passeriformes,10.5,1440.75,1839,5.8875,Yellow-faced siskin,100.79,35
Spiza americana,Cardinalidae,Passeriformes,26.18,3462252.57,1789,6.7699,,,160
Spizaetus isidori,Accipitridae,Accipitriformes,1197.4,469213.82,1845,6.8973,Black-and-chestnut eagle,609.18,85
Spizaetus melanoleucus,Accipitridae,Accipitriformes,850.0,8710494.02,1816,6.4989,Black-and-white hawk-eagle,951.8,56
Spizaetus ornatus,Accipitridae,Accipitriformes,1197.4,9433721.9,1800,6.7291,Ornate hawk-eagle,1535.3,81
Spizaetus tyrannus,Accipitridae,Accipitriformes,1007.11,8304333.12,1820,6.2601,Black hawk-eagle,765.08,54
Spizella atrogularis,Passerellidae,Passeriformes,11.3,805016.36,1851,5.3948,Black-chinned sparrow,247.32,72
Spizella breweri,Passerellidae,Passeriformes,10.9,3238311.53,1856,5.2751,Brewer's sparrow,455.61,131
Spizella pallida,Passerellidae,Passeriformes,11.2,3219955.48,1832,5.5441,Clay-colored sparrow,663.54,63
Spizella passerina,Passerellidae,Passeriformes,12.2,13081064.54,1798,5.4453,Chipping sparrow,3785.59,114
Spizella pusilla,Passerellidae,Passeriformes,12.5,3997616.97,1810,5.4953,Field sparrow,1126.67,129
Spizella wortheni,Passerellidae,Passeriformes,12.38,3398.48,1884,5.2238,Worthen's sparrow,93.08,62
Spiziapteryx circumcincta,Falconidae,Falconiformes,166.24,1416372.05,1852,6.3119,Spot-winged falconet,163.03,13
Spizixos canifrons,Pycnonotidae,Passeriformes,44.0,1162572.35,1845,6.3831,Crested finchbill,93.74,5
Spizixos semitorques,Pycnonotidae,Passeriformes,39.0,2328094.86,1861,5.8825,Collared finchbill,107.3,33
Spizocorys conirostris,Alaudidae,Passeriformes,14.3,1128198.55,1850,5.4321,Pink-billed lark,42.83,11
Spizocorys fremantlii,Alaudidae,Passeriformes,23.39,566471.71,1897,4.7416,Short-tailed lark,33.3,5
Spizocorys fringillaris,Alaudidae,Passeriformes,19.15,3270.79,1850,4.6015,Botha's lark,74.94,14
Spizocorys personata,Alaudidae,Passeriformes,19.7,73283.54,1895,4.6105,Masked lark,29.39,7
Spizocorys sclateri,Alaudidae,Passeriformes,19.0,226405.69,1902,4.5765,Sclater's lark,39.77,16
Spizocorys starki,Alaudidae,Passeriformes,18.5,735633.97,1902,4.6564,Stark's lark,61.67,8
Spodiopsar cineraceus,Sturnidae,Passeriformes,83.0,5348180.01,1835,4.9116,White-cheeked starling,677.08,26
Spodiopsar sericeus,Sturnidae,Passeriformes,65.0,1660503.05,1789,5.9227,Red-billed starling,174.21,20
Spodiornis rusticus,Thraupidae,Passeriformes,15.6,480755.35,1844,5.481,,,7
Sporathraupis cyanocephala,Thraupidae,Passeriformes,36.0,429823.39,1837,6.4732,Blue-capped tanager,62.92,7
Sporophila albogularis,Thraupidae,Passeriformes,9.7,910904.26,1825,5.3025,White-throated seedeater,31.63,28
Sporophila americana,Thraupidae,Passeriformes,12.0,1491401.16,1789,5.5097,Wing-barred seedeater,49.98,16
Sporophila angolensis,Thraupidae,Passeriformes,13.0,11882418.15,1766,6.0998,Chestnut-bellied seed finch,203.29,39
Sporophila ardesiaca,Thraupidae,Passeriformes,10.9,638468.12,1894,5.6028,Dubois's seedeater,31.2,9
Sporophila atrirostris,Thraupidae,Passeriformes,26.0,201164.72,1878,5.8106,Black-billed seed finch,31.43,10
Sporophila beltoni,Thraupidae,Passeriformes,12.0,49878.33,2013,5.8864,Tropeiro seedeater,31.52,21
Sporophila bouvreuil,Thraupidae,Passeriformes,8.6,3349344.11,1776,6.0286,Copper seedeater,37.76,24
Sporophila bouvronides,Thraupidae,Passeriformes,9.1,638461.9,1831,5.6679,Lesson's seedeater,48.33,18
Sporophila caerulescens,Thraupidae,Passeriformes,9.73,5016967.18,1823,5.2645,Double-collared seedeater,93.25,54
Sporophila castaneiventris,Thraupidae,Passeriformes,7.8,3489887.6,1849,5.9973,Chestnut-bellied seedeater,34.65,17
Sporophila cinnamomea,Thraupidae,Passeriformes,8.9,327947.87,1839,6.5602,Chestnut seedeater,35.21,30
Sporophila collaris,Thraupidae,Passeriformes,13.49,3264556.93,1783,6.432,Rusty-collared seedeater,48.08,25
Sporophila crassirostris,Thraupidae,Passeriformes,20.9,2533030.55,1789,5.2248,Large-billed seed finch,49.87,12
Sporophila falcirostris,Thraupidae,Passeriformes,13.5,172403.15,1820,5.4275,Temminck's seedeater,32.58,29
Sporophila fringilloides,Thraupidae,Passeriformes,12.69,330728.09,1870,6.284,White-naped seedeater,27.52,6
Sporophila frontalis,Thraupidae,Passeriformes,19.3,186188.74,1869,5.2989,Buffy-fronted seedeater,33.12,40
Sporophila funerea,Thraupidae,Passeriformes,13.0,730927.96,1860,5.0937,Thick-billed seed finch,75.61,16
Sporophila hypochroma,Thraupidae,Passeriformes,9.7,200480.73,1915,5.5058,Rufous-rumped seedeater,27.15,15
Sporophila hypoxantha,Thraupidae,Passeriformes,10.5,1849719.45,1851,5.756,Tawny-bellied seedeater,33.33,58
Sporophila intermedia,Thraupidae,Passeriformes,12.1,1371520.28,1851,5.719,Grey seedeater,34.6,19
Sporophila leucoptera,Thraupidae,Passeriformes,15.5,3778100.99,1817,5.2889,White-bellied seedeater,32.47,13
Sporophila lineola,Thraupidae,Passeriformes,9.8,2753229.63,1758,5.5113,Lined seedeater,252.43,37
Sporophila luctuosa,Thraupidae,Passeriformes,12.5,524736.69,1843,5.8177,Black-and-white seedeater,46.51,22
Sporophila maximiliani,Thraupidae,Passeriformes,24.6,105712.43,1851,5.8355,Great-billed seed finch,82.36,45
Sporophila melanogaster,Thraupidae,Passeriformes,9.3,17770.37,1870,5.904,Black-bellied seedeater,34.12,58
Sporophila minuta,Thraupidae,Passeriformes,7.8,2243040.21,1758,6.2268,Ruddy-breasted seedeater,77.12,30
Sporophila morelleti,Thraupidae,Passeriformes,8.7,854796.84,1850,5.7435,Morelet's seedeater,97.82,7
Sporophila murallae,Thraupidae,Passeriformes,10.77,973993.27,1915,5.4278,Wing-barred seedeater,49.98,11
Sporophila nigricollis,Thraupidae,Passeriformes,9.6,7194514.7,1823,5.3032,Yellow-bellied seedeater,109.42,44
Sporophila nigrorufa,Thraupidae,Passeriformes,10.77,116784.46,1837,6.5457,Black-and-tawny seedeater,35.3,52
Sporophila nuttingi,Thraupidae,Passeriformes,24.0,52780.9,1884,5.1231,Nicaraguan seed finch,28.27,9
Sporophila palustris,Thraupidae,Passeriformes,8.21,86584.99,1883,6.223,Marsh seedeater,42.65,66
Sporophila peruviana,Thraupidae,Passeriformes,12.6,102408.25,1842,5.1142,Parrot-billed seedeater,26.42,7
Sporophila pileata,Thraupidae,Passeriformes,8.6,1453377.95,1865,5.3965,Pearly-bellied seedeater,36.12,17
Sporophila plumbea,Thraupidae,Passeriformes,9.7,4740053.97,1830,5.745,Plumbeous seedeater,36.74,23
Sporophila ruficollis,Thraupidae,Passeriformes,8.6,1241868.6,1851,6.3195,Dark-throated seedeater,26.29,34
Sporophila schistacea,Thraupidae,Passeriformes,12.7,1554851.82,1862,5.4475,Slate-coloured seedeater,38.32,34
Sporophila simplex,Thraupidae,Passeriformes,28.0,95371.9,1874,5.0059,Drab seedeater,38.91,9
Sporophila telasco,Thraupidae,Passeriformes,9.6,240640.68,1828,5.3282,Chestnut-throated seedeater,34.03,19
Sporophila torqueola,Thraupidae,Passeriformes,8.7,346708.52,1850,6.0395,Cinnamon-rumped seedeater,135.59,42
Sporopipes frontalis,Ploceidae,Passeriformes,17.3,3005541.44,1800,6.1595,Speckle-fronted weaver,91.62,11
Sporopipes squamifrons,Ploceidae,Passeriformes,12.3,1945507.16,1836,5.7355,Scaly-feathered weaver,106.25,19
Stachyris grammiceps,Timaliidae,Passeriformes,13.0,28092.1,1828,4.7748,White-breasted babbler,27.02,5
Stachyris herberti,Timaliidae,Passeriformes,29.0,21761.3,1920,5.0255,Sooty babbler,36.67,7
Stachyris humei,Timaliidae,Passeriformes,34.1,92705.58,1873,5.256,Sikkim wedge-billed babbler,56.49,12
Stachyris leucotis,Timaliidae,Passeriformes,23.7,247763.47,1848,5.3191,White-necked babbler,29.83,6
Stachyris maculata,Timaliidae,Passeriformes,29.2,586781.16,1836,5.5053,Chestnut-rumped babbler,38.45,13
Stachyris nigriceps,Timaliidae,Passeriformes,15.8,1916677.61,1844,5.9755,Grey-throated babbler,65.48,18
Stachyris nigricollis,Timaliidae,Passeriformes,26.2,170687.25,1836,5.671,Black-throated babbler,39.06,10
Stachyris nonggangensis,Timaliidae,Passeriformes,29.0,1097.47,2008,5.2232,Nonggang babbler,30.36,23
Stachyris oglei,Timaliidae,Passeriformes,33.0,16469.54,1877,4.7398,Snowy-throated babbler,36.5,12
Stachyris poliocephala,Timaliidae,Passeriformes,23.32,715193.38,1836,5.559,Grey-headed babbler,33.12,9
Stachyris roberti,Timaliidae,Passeriformes,34.1,173463.75,1875,5.2685,Cachar wedge-billed babbler,39.99,13
Stachyris strialata,Timaliidae,Passeriformes,28.0,593976.72,1836,6.2318,Spot-necked babbler,32.48,10
Stachyris thoracica,Timaliidae,Passeriformes,12.0,63832.94,1821,5.2746,White-bibbed babbler,36.57,6
Stactolaema anchietae,Lybiidae,Piciformes,47.3,1482309.28,1869,5.4283,Anchieta's barbet,36.08,9
Stactolaema whytii,Lybiidae,Piciformes,55.6,456236.86,1893,5.3543,Whyte's barbet,35.8,10
Stagonopleura bella,Estrildidae,Passeriformes,14.0,276741.26,1802,6.6545,Beautiful firetail,273.02,12
Stagonopleura guttata,Estrildidae,Passeriformes,17.6,1457198.69,1796,7.0134,Diamond firetail,588.46,29
Stagonopleura oculata,Estrildidae,Passeriformes,12.9,82318.02,1830,6.7706,Red-eared firetail,213.54,4
Starnoenas cyanocephala,Columbidae,Columbiformes,219.0,28507.5,1758,6.0183,Blue-headed quail-dove,234.82,24
Steatornis caripensis,Steatornithidae,Caprimulgiformes,408.0,1057217.82,1817,7.1533,,,58
Steganopus tricolor,Scolopacidae,Charadriiformes,59.39,3893986.28,1819,5.7944,Wilson's phalarope,2181.28,13
Stelgidillas gracilirostris,Pycnonotidae,Passeriformes,31.24,3807444.87,1844,5.4218,Slender-billed greenbul,51.25,9
Stelgidopteryx ruficollis,Hirundinidae,Passeriformes,16.1,13831495.26,1817,5.3731,Southern rough-winged swallow,169.42,34
Stenostira scita,Stenostiridae,Passeriformes,5.9,271748.33,1818,5.9816,Fairy flycatcher,129.26,13
Stephanoaetus coronatus,Accipitridae,Accipitriformes,3640.0,6608300.52,1766,6.6243,Crowned eagle,6888.63,46
Stephanophorus diadematus,Thraupidae,Passeriformes,35.4,1088996.67,1823,6.2122,Diademed tanager,57.94,25
Stephanoxis lalandi,Trochilidae,Caprimulgiformes,4.0,300448.07,1818,7.4141,Green-crowned plovercrest,89.72,29
Stephanoxis loddigesii,Trochilidae,Caprimulgiformes,4.0,834254.78,1831,7.5022,Purple-crowned plovercrest,60.49,19
Stercorarius longicaudus,Stercorariidae,Charadriiformes,287.9,6233403.78,1819,5.7361,Long-tailed jaeger,1026.45,103
Stercorarius parasiticus,Stercorariidae,Charadriiformes,444.31,6277591.31,1758,5.5471,Parasitic jaeger,2581.17,137
Stercorarius pomarinus,Stercorariidae,Charadriiformes,692.47,3233984.08,1815,5.4345,Pomarine jaeger,1586.64,110
Sterna acuticauda,Laridae,Charadriiformes,153.0,2474259.32,1831,5.9762,Black-bellied tern,286.33,32
Sterna aurantia,Laridae,Charadriiformes,209.0,5428999.73,1831,5.5502,River tern,391.57,44
Sterna dougallii,Laridae,Charadriiformes,112.0,7673719.23,1813,6.2534,Roseate tern,1137.97,158
Sterna forsteri,Laridae,Charadriiformes,149.0,1801878.95,1834,5.9689,Forster's tern,638.81,98
Sterna hirundinacea,Laridae,Charadriiformes,188.0,1375360.34,1831,6.3353,South American tern,130.31,49
Sterna hirundo,Laridae,Charadriiformes,129.15,30248469.5,1758,6.2426,Common tern,3513.11,509
Sterna paradisaea,Laridae,Charadriiformes,110.0,10398468.44,1763,5.8724,Arctic tern,10294.2,233
Sterna repressa,Laridae,Charadriiformes,90.0,797048.79,1916,6.2992,White-cheeked tern,132.76,16
Sterna striata,Laridae,Charadriiformes,129.0,83485.48,1789,5.5749,White-fronted tern,229.01,18
Sterna sumatrana,Laridae,Charadriiformes,106.0,10103250.1,1822,6.4178,Black-naped tern,256.25,43
Sterna trudeaui,Laridae,Charadriiformes,153.0,539946.35,1838,5.4838,Snowy-crowned tern,82.06,20
Sterna virgata,Laridae,Charadriiformes,126.0,7757.79,1875,5.7208,Kerguelen tern,86.25,10
Sterna vittata,Laridae,Charadriiformes,139.0,2102848.54,1789,6.3006,Antarctic tern,521.98,29
Sternoclyta cyanopectus,Trochilidae,Caprimulgiformes,8.0,40400.06,1846,7.2757,Violet-chested hummingbird,39.56,13
Sternula albifrons,Laridae,Charadriiformes,57.0,11965931.09,1764,5.7499,Little tern,928.98,163
Sternula antillarum,Laridae,Charadriiformes,45.86,1340830.63,1847,5.9287,Least tern,1196.92,167
Sternula balaenarum,Laridae,Charadriiformes,60.0,404545.26,1853,5.6964,Damara tern,117.22,11
Sternula lorata,Laridae,Charadriiformes,53.8,21.27,1861,5.4825,Peruvian tern,81.73,26
Sternula nereis,Laridae,Charadriiformes,72.3,250434.51,1843,5.5925,Fairy tern,717.26,33
Sternula saundersi,Laridae,Charadriiformes,42.5,257886.15,1877,5.7158,Saunders's tern,133.0,13
Sternula superciliaris,Laridae,Charadriiformes,46.4,11385573.19,1819,6.0293,Yellow-billed tern,107.17,24
Sterrhoptilus capitalis,Zosteropidae,Passeriformes,14.9,37149.26,1877,4.9296,Rusty-crowned babbler,27.62,7
Sterrhoptilus dennistouni,Zosteropidae,Passeriformes,15.7,15801.31,1895,6.0427,Golden-crowned babbler,40.31,8
Sterrhoptilus nigrocapitatus,Zosteropidae,Passeriformes,14.1,30644.43,1890,4.523,Visayan babbler,24.91,4
Stictonetta naevosa,Anatidae,Anseriformes,903.27,5897864.38,1841,5.1188,Freckled duck,443.98,25
Stigmatura budytoides,Tyrannidae,Passeriformes,11.08,1866889.93,1837,5.693,Greater wagtail-tyrant,27.62,31
Stiltia isabella,Glareolidae,Charadriiformes,65.5,3330886.74,1816,6.0126,Australian pratincole,149.87,14
Stipiturus malachurus,Maluridae,Passeriformes,7.3,687011.19,1798,6.567,Southern emu-wren,170.53,16
Stipiturus mallee,Maluridae,Passeriformes,5.5,20050.54,1908,6.5017,Mallee emu-wren,147.67,28
Stipiturus ruficeps,Maluridae,Passeriformes,5.0,568075.87,1899,7.0764,Rufous-crowned emu-wren,63.67,13
Stizorhina finschi,Turdidae,Passeriformes,36.99,397355.96,1870,5.3783,Finsch's rufous thrush,36.53,12
Stizorhina fraseri,Turdidae,Passeriformes,35.7,3553586.08,1844,5.4882,Fraser's rufous thrush,43.14,10
Stomiopera flava,Meliphagidae,Passeriformes,21.4,415063.54,1843,5.3012,Yellow honeyeater,93.86,10
Stomiopera unicolor,Meliphagidae,Passeriformes,30.7,1189196.61,1843,4.9955,White-gaped honeyeater,62.13,10
Strepera fuliginosa,Artamidae,Passeriformes,375.46,68050.36,1837,5.1013,Black currawong,1149.22,6
Strepera graculina,Artamidae,Passeriformes,298.86,1580095.1,1790,5.3262,Pied currawong,2545.04,45
Strepera versicolor,Artamidae,Passeriformes,395.47,2079178.27,1802,5.0844,Grey currawong,1030.48,30
Streptocitta albertinae,Sturnidae,Passeriformes,248.0,2737.24,1865,6.0481,Bare-eyed myna,125.11,6
Streptopelia bitorquata,Columbidae,Columbiformes,153.0,186292.82,1809,4.9481,Sunda collared dove,199.15,23
Streptopelia capicola,Columbidae,Columbiformes,142.0,9534302.21,1857,5.499,Ring-necked dove,3519.62,52
Streptopelia decipiens,Columbidae,Columbiformes,134.0,7210175.11,1870,5.7987,Mourning collared dove,664.78,26
Streptopelia dusumieri,Columbidae,Columbiformes,153.0,277310.82,1823,5.1969,Philippine collared dove,227.72,11
Streptopelia hypopyrrha,Columbidae,Columbiformes,162.0,529885.84,1910,5.606,Adamawa turtle dove,197.45,14
Streptopelia lugens,Columbidae,Columbiformes,155.0,945579.48,1837,5.4185,Dusky turtle dove,232.4,11
Streptopelia orientalis,Columbidae,Columbiformes,232.94,16926350.97,1790,5.6757,Oriental turtle dove,1349.41,126
Streptopelia reichenowi,Columbidae,Columbiformes,119.0,153525.54,1901,5.6392,White-winged collared dove,101.13,13
Streptopelia roseogrisea,Columbidae,Columbiformes,155.0,6532097.97,1857,5.3529,African collared dove,677.63,72
Streptopelia semitorquata,Columbidae,Columbiformes,176.0,13753343.72,1837,5.8141,Red-eyed dove,700.58,34
Streptopelia tranquebarica,Columbidae,Columbiformes,103.0,9407303.38,1804,6.0299,Red collared dove,370.77,34
Streptopelia turtur,Columbidae,Columbiformes,132.0,17578320.62,1758,4.6632,European turtle dove,6659.02,376
Streptopelia vinacea,Columbidae,Columbiformes,110.0,6146574.47,1789,5.5924,Vinaceous dove,196.91,9
Streptoprocne biscutata,Apodidae,Caprimulgiformes,95.81,1314750.58,1866,5.1477,Biscutate swift,60.26,20
Streptoprocne phelpsi,Apodidae,Caprimulgiformes,21.8,255999.37,1972,4.8314,Tepui swift,47.09,15
Streptoprocne rutila,Apodidae,Caprimulgiformes,20.2,1392664.2,1817,4.9707,Chestnut-collared swift,90.68,17
Streptoprocne semicollaris,Apodidae,Caprimulgiformes,175.0,324675.19,1859,5.0225,White-naped swift,125.58,21
Streptoprocne zonaris,Apodidae,Caprimulgiformes,86.79,8315095.89,1796,5.8228,White-collared swift,404.35,59
Stresemannia bougainvillei,Meliphagidae,Passeriformes,24.7,2008.77,1932,5.0231,Bougainville honeyeater,27.84,5
Strix butleri,Strigidae,Strigiformes,219.0,3653.25,1878,5.3121,Omani owl,284.09,28
Strix chacoensis,Strigidae,Strigiformes,330.0,766166.49,1921,6.5092,Chaco owl,172.4,16
Strix fulvescens,Strigidae,Strigiformes,711.5,116030.37,1868,6.1066,Fulvous owl,263.34,18
Strix hadorami,Strigidae,Strigiformes,219.0,196474.04,2015,6.879,Desert owl,636.84,11
Strix hylophila,Strigidae,Strigiformes,345.38,711556.62,1825,7.143,Rusty-barred owl,134.89,31
Strix leptogrammica,Strigidae,Strigiformes,970.0,5428569.66,1832,7.1638,Brown wood owl,598.75,44
Strix nebulosa,Strigidae,Strigiformes,1061.89,19847527.93,1772,7.1124,Great grey owl,10166.23,153
Strix nivicolum,Strigidae,Strigiformes,472.46,4870063.2,1845,6.7923,Himalayan owl,260.29,12
Strix occidentalis,Strigidae,Strigiformes,586.37,1207066.6,1860,6.9661,Spotted owl,4199.07,365
Strix ocellata,Strigidae,Strigiformes,1011.0,2253179.97,1839,6.8194,Mottled wood owl,670.56,9
Strix rufipes,Strigidae,Strigiformes,380.0,639116.13,1827,7.1402,Rufous-legged owl,214.79,49
Strix seloputo,Strigidae,Strigiformes,1011.0,610935.05,1821,6.7595,Spotted wood owl,526.94,6
Strix woodfordii,Strigidae,Strigiformes,350.0,9861983.74,1834,7.3494,African wood owl,357.14,17
Struthidea cinerea,Corcoracidae,Passeriformes,132.0,2500913.56,1837,4.7107,,,18
Struthio camelus,Struthionidae,Struthioniformes,111000.0,8595319.06,1758,5.6855,Common ostrich,28059.67,510
Struthio molybdophanes,Struthionidae,Struthioniformes,111000.0,1079016.7,1883,5.8617,Somali ostrich,3910.33,13
Sturnella magna,Icteridae,Passeriformes,91.76,7031582.36,1758,5.8263,Eastern meadowlark,1948.42,194
Sturnella neglecta,Icteridae,Passeriformes,100.06,6719237.68,1844,5.7205,Western meadowlark,4696.75,104
Sturnia erythropygia,Sturnidae,Passeriformes,39.6,5485.94,1846,6.1505,White-headed starling,116.84,16
Sturnia pagodarum,Sturnidae,Passeriformes,48.9,3407257.97,1789,6.5481,Brahminy starling,868.17,27
Sturnia sinensis,Sturnidae,Passeriformes,61.0,741191.43,1788,5.8306,White-shouldered starling,153.89,18
Sturnornis albofrontatus,Sturnidae,Passeriformes,39.6,9929.88,1854,5.3319,White-faced starling,111.33,14
Sturnus unicolor,Sturnidae,Passeriformes,83.66,826392.84,1820,5.8027,Spotless starling,737.73,106
Sturnus vulgaris,Sturnidae,Passeriformes,77.14,17082191.68,1758,5.5275,Common starling,24930.64,1191
Sublegatus arenarum,Tyrannidae,Passeriformes,12.3,940862.17,1863,5.9762,Northern scrub flycatcher,28.9,17
Sublegatus modestus,Tyrannidae,Passeriformes,14.0,5706526.11,1831,5.8131,Southern scrub flycatcher,20.77,18
Sublegatus obscurior,Tyrannidae,Passeriformes,16.0,5373017.82,1920,5.4425,Amazonian scrub flycatcher,27.57,16
Sugomel nigrum,Meliphagidae,Passeriformes,9.9,5440427.41,1838,5.0679,Black honeyeater,600.48,14
Suiriri suiriri,Tyrannidae,Passeriformes,14.53,6139582.17,1818,5.4576,Suiriri flycatcher,39.57,21
Sula dactylatra,Sulidae,Suliformes,1732.08,130196617.9,1831,5.2411,Masked booby,2701.57,106
Sula granti,Sulidae,Suliformes,1732.08,1390871.94,1902,6.111,Nazca booby,1468.43,63
Sula leucogaster,Sulidae,Suliformes,1288.82,26818777.48,1783,6.1796,Brown booby,4024.11,234
Sula nebouxii,Sulidae,Suliformes,1520.09,4287194.46,1882,6.903,Blue-footed booby,19967.79,140
Sula sula,Sulidae,Suliformes,1031.1,122459893.2,1766,5.7153,Red-footed booby,3881.04,138
Sula variegata,Sulidae,Suliformes,1432.48,229733.56,1843,5.8461,Peruvian booby,1144.5,63
Surnia ulula,Strigidae,Strigiformes,319.9,21131927.34,1758,7.3829,Northern hawk-owl,3469.34,86
Surniculus dicruroides,Cuculidae,Cuculiformes,29.7,3187996.6,1839,6.1919,Fork-tailed drongo-cuckoo,189.93,9
Surniculus lugubris,Cuculidae,Cuculiformes,29.7,1789081.99,1821,5.6156,Square-tailed drongo-cuckoo,207.84,10
Surniculus musschenbroeki,Cuculidae,Cuculiformes,29.7,196374.6,1878,4.9398,Moluccan drongo-cuckoo,28.23,5
Surniculus velutinus,Cuculidae,Cuculiformes,35.61,248379.24,1877,5.9737,Philippine drongo-cuckoo,98.72,8
Suthora fulvifrons,Sylviidae,Passeriformes,6.4,287751.92,1845,6.8013,Fulvous parrotbill,51.08,7
Suthora nipalensis,Sylviidae,Passeriformes,5.47,410838.23,1837,6.489,Black-throated parrotbill,76.49,14
Suthora verreauxi,Sylviidae,Passeriformes,6.0,430054.14,1883,6.6352,Golden parrotbill,76.11,15
Swynnertonia swynnertoni,Muscicapidae,Passeriformes,16.04,7065.43,1906,6.1684,Swynnerton's robin,57.62,19
Sylvia abyssinica,Sylviidae,Passeriformes,18.8,387143.47,1840,5.1681,African hill babbler,88.07,7
Sylvia atricapilla,Sylviidae,Passeriformes,16.7,8628077.66,1758,5.6292,Eurasian blackcap,9007.48,373
Sylvia atriceps,Sylviidae,Passeriformes,18.8,111757.32,1902,5.4937,Rwenzori hill babbler,32.03,4
Sylvia borin,Sylviidae,Passeriformes,18.2,9648408.47,1783,5.7805,Garden warbler,2494.18,148
Sylvia dohrni,Sylviidae,Passeriformes,19.33,150.94,1866,5.1852,Dohrn's warbler,55.76,4
Sylvia nigricapillus,Sylviidae,Passeriformes,29.64,170916.76,1818,6.0448,Bush blackcap,77.24,6
Sylvietta denti,Macrosphenidae,Passeriformes,8.4,1125336.65,1906,4.6356,Lemon-bellied crombec,29.4,8
Sylvietta isabellina,Macrosphenidae,Passeriformes,10.0,901911.55,1897,4.8125,Somali crombec,23.06,6
Sylvietta rufescens,Macrosphenidae,Passeriformes,11.6,4186905.87,1817,4.5753,Long-billed crombec,83.14,13
Sylvietta ruficapilla,Macrosphenidae,Passeriformes,11.1,2557018.33,1877,4.5998,Red-capped crombec,38.96,6
Sylvietta virens,Macrosphenidae,Passeriformes,8.4,3738336.18,1859,4.7365,Green crombec,53.92,11
Sylvietta whytii,Macrosphenidae,Passeriformes,9.9,1855770.99,1894,5.0591,Red-faced crombec,48.0,12
Sylviorthorhynchus desmurii,Furnariidae,Passeriformes,10.9,386264.46,1845,5.5318,Des Murs's wiretail,57.8,5
Sylviorthorhynchus yanacensis,Furnariidae,Passeriformes,8.8,74255.09,1933,5.9512,Tawny tit-spinetail,21.19,14
Sylviparus modestus,Paridae,Passeriformes,7.14,837783.04,1836,5.9204,Yellow-browed tit,143.51,20
Syma megarhyncha,Alcedinidae,Coraciiformes,56.0,157417.53,1896,6.6468,Mountain kingfisher,65.97,6
Syma torotoro,Alcedinidae,Coraciiformes,37.7,650715.4,1827,7.4691,Yellow-billed kingfisher,210.74,11
Symposiachrus axillaris,Monarchidae,Passeriformes,15.6,118942.75,1876,6.2343,Black monarch,48.62,11
Symposiachrus boanensis,Monarchidae,Passeriformes,17.5,13.87,1939,6.1703,Boano monarch,20.7,11
Symposiachrus brehmii,Monarchidae,Passeriformes,41.0,2524.27,1871,6.4878,Biak monarch,31.67,9
Symposiachrus browni,Monarchidae,Passeriformes,16.4,4635.15,1883,5.1856,Kolombangara monarch,31.37,7
Symposiachrus everetti,Monarchidae,Passeriformes,16.4,170.57,1896,6.4476,Tanahjampea monarch,30.5,7
Symposiachrus guttula,Monarchidae,Passeriformes,16.4,657660.08,1829,5.9278,Spot-winged monarch,23.8,9
Symposiachrus infelix,Monarchidae,Passeriformes,16.4,2025.05,1877,5.6155,Manus monarch,36.93,6
Symposiachrus julianae,Monarchidae,Passeriformes,16.4,143.74,1959,5.371,Kofiau monarch,27.62,8
Symposiachrus leucurus,Monarchidae,Passeriformes,16.4,1111.79,1858,5.4208,Kai monarch,10.38,4
Symposiachrus loricatus,Monarchidae,Passeriformes,27.3,7963.84,1863,5.7449,Buru monarch,12.38,5
Symposiachrus manadensis,Monarchidae,Passeriformes,22.5,445281.04,1830,6.2411,Hooded monarch,42.1,9
Symposiachrus menckei,Monarchidae,Passeriformes,16.4,239.41,1902,4.5621,Mussau monarch,20.21,6
Symposiachrus mundus,Monarchidae,Passeriformes,27.3,4617.6,1883,6.1404,Banda Sea monarch,29.56,8
Symposiachrus sacerdotum,Monarchidae,Passeriformes,37.0,696.22,1973,5.4957,Flores monarch,32.32,7
Symposiachrus trivirgatus,Monarchidae,Passeriformes,12.7,545399.69,1826,6.5735,Spectacled monarch,79.63,16
Symposiachrus vidua,Monarchidae,Passeriformes,17.09,3376.33,1879,5.7238,White-collared monarch,22.01,4
Synallaxis albescens,Furnariidae,Passeriformes,11.2,9891841.77,1823,5.103,Pale-breasted spinetail,54.35,24
Synallaxis albigularis,Furnariidae,Passeriformes,15.4,1133087.18,1858,6.144,Dark-breasted spinetail,19.54,12
Synallaxis azarae,Furnariidae,Passeriformes,16.9,477890.57,1835,5.5853,Azara's spinetail,45.62,21
Synallaxis beverlyae,Furnariidae,Passeriformes,12.75,57.6,2009,4.6306,Río Orinoco spinetail,18.98,7
Synallaxis brachyura,Furnariidae,Passeriformes,18.3,403853.13,1843,6.0258,Slaty spinetail,30.52,12
Synallaxis cabanisi,Furnariidae,Passeriformes,22.7,189613.73,1890,5.4545,Cabanis's spinetail,23.98,13
Synallaxis candei,Furnariidae,Passeriformes,15.3,156033.91,1838,5.8991,White-whiskered spinetail,23.01,18
Synallaxis castanea,Furnariidae,Passeriformes,15.0,2024.49,1856,6.0721,Black-throated spinetail,17.82,10
Synallaxis cherriei,Furnariidae,Passeriformes,16.0,608624.03,1930,6.0261,Chestnut-throated spinetail,22.72,15
Synallaxis cinerascens,Furnariidae,Passeriformes,13.1,1223916.17,1823,5.203,Grey-bellied spinetail,28.4,12
Synallaxis cinerea,Furnariidae,Passeriformes,16.2,24736.24,1831,5.7921,Bahia spinetail,28.58,10
Synallaxis cinnamomea,Furnariidae,Passeriformes,18.37,85347.41,1843,5.9667,Stripe-breasted spinetail,24.17,9
Synallaxis courseni,Furnariidae,Passeriformes,16.8,184.95,1971,6.2078,Apurímac spinetail,21.78,11
Synallaxis erythrothorax,Furnariidae,Passeriformes,17.1,355771.38,1855,5.4499,Rufous-breasted spinetail,27.65,14
Synallaxis frontalis,Furnariidae,Passeriformes,14.0,5745641.87,1859,6.141,Sooty-fronted spinetail,57.65,25
Synallaxis fuscorufa,Furnariidae,Passeriformes,15.96,5052.52,1882,5.837,Rusty-headed spinetail,36.3,16
Synallaxis gujanensis,Furnariidae,Passeriformes,18.1,4462466.66,1789,5.3098,Plain-crowned spinetail,24.32,12
Synallaxis hellmayri,Furnariidae,Passeriformes,25.49,24914.84,1905,5.3505,Red-shouldered spinetail,21.09,14
Synallaxis hypochondriaca,Furnariidae,Passeriformes,24.45,7553.51,1895,4.9734,Great spinetail,17.12,12
Synallaxis hypospodia,Furnariidae,Passeriformes,16.9,3530294.96,1874,5.5414,Cinereous-breasted spinetail,20.76,8
Synallaxis infuscata,Furnariidae,Passeriformes,18.2,752.18,1950,5.2758,Pinto's spinetail,26.92,19
Synallaxis kollari,Furnariidae,Passeriformes,16.0,4101.24,1856,5.8064,Hoary-throated spinetail,31.59,18
Synallaxis macconnelli,Furnariidae,Passeriformes,19.5,247511.89,1919,4.9164,McConnell's spinetail,17.18,6
Synallaxis maranonica,Furnariidae,Passeriformes,13.0,4053.01,1879,5.4813,Marañón spinetail,22.59,20
Synallaxis moesta,Furnariidae,Passeriformes,22.36,205793.0,1856,5.6741,Dusky spinetail,18.1,7
Synallaxis ruficapilla,Furnariidae,Passeriformes,13.8,1174516.01,1819,5.69,Rufous-capped spinetail,51.73,30
Synallaxis rutilans,Furnariidae,Passeriformes,16.7,5856806.86,1823,5.3819,Ruddy spinetail,21.27,16
Synallaxis scutata,Furnariidae,Passeriformes,15.4,3789577.7,1859,5.3049,Ochre-cheeked spinetail,28.12,15
Synallaxis spixi,Furnariidae,Passeriformes,12.6,1343787.35,1856,6.0319,Spix's spinetail,31.56,23
Synallaxis stictothorax,Furnariidae,Passeriformes,10.2,49674.42,1859,5.8415,Necklaced spinetail,29.8,16
Synallaxis subpudica,Furnariidae,Passeriformes,18.3,15176.74,1874,5.7997,Silvery-throated spinetail,22.48,19
Synallaxis tithys,Furnariidae,Passeriformes,15.8,6119.23,1877,5.5143,Blackish-headed spinetail,25.03,20
Synallaxis unirufa,Furnariidae,Passeriformes,17.9,210448.02,1843,5.5293,Rufous spinetail,23.88,11
Synallaxis zimmeri,Furnariidae,Passeriformes,12.96,521.85,1957,5.6781,Russet-bellied spinetail,28.49,12
Syndactyla dimidiata,Furnariidae,Passeriformes,29.4,1723823.38,1859,5.5763,Planalto foliage-gleaner,17.81,15
Syndactyla guttulata,Furnariidae,Passeriformes,36.0,12401.49,1858,5.0746,Guttulate foliage-gleaner,20.03,6
Syndactyla roraimae,Furnariidae,Passeriformes,27.54,99093.77,1917,5.0222,Tepui foliage-gleaner,18.66,7
Syndactyla ruficollis,Furnariidae,Passeriformes,31.0,17898.96,1884,5.5088,Rufous-necked foliage-gleaner,18.18,15
Syndactyla rufosuperciliata,Furnariidae,Passeriformes,25.6,1726834.0,1832,5.4995,Buff-browed foliage-gleaner,63.59,27
Syndactyla striata,Furnariidae,Passeriformes,41.6,81400.96,1936,5.7571,Bolivian recurvebill,26.72,9
Syndactyla subalaris,Furnariidae,Passeriformes,28.9,258113.59,1859,5.5444,Lineated foliage-gleaner,32.99,11
Syndactyla ucayalae,Furnariidae,Passeriformes,49.8,286032.7,1928,5.1131,Peruvian recurvebill,22.57,13
Synoicus adansonii,Phasianidae,Galliformes,40.41,5998351.89,1851,4.5114,Blue quail,482.52,7
Synoicus chinensis,Phasianidae,Galliformes,40.41,8165093.61,1766,5.1894,King quail,2260.93,15
Synoicus ypsilophorus,Phasianidae,Galliformes,107.69,5709134.88,1792,5.9706,Brown quail,1263.14,8
Synthliboramphus antiquus,Alcidae,Charadriiformes,217.72,435862.76,1789,5.9557,Ancient murrelet,1009.66,64
Synthliboramphus craveri,Alcidae,Charadriiformes,151.0,379404.15,1866,5.9309,Craveri's murrelet,119.79,22
Synthliboramphus hypoleucus,Alcidae,Charadriiformes,167.0,406457.35,1860,5.3567,Guadalupe murrelet,245.05,35
Synthliboramphus scrippsi,Alcidae,Charadriiformes,167.0,135977.63,1939,6.209,Scripps's murrelet,324.05,35
Synthliboramphus wumizusume,Alcidae,Charadriiformes,198.0,571030.78,1836,5.3207,Japanese murrelet,266.04,38
Sypheotides indicus,Otididae,Otidiformes,614.32,1401041.69,1782,6.4742,Lesser florican,1216.67,30
Syrigma sibilatrix,Ardeidae,Pelecaniformes,463.0,4235220.19,1824,6.1986,Whistling heron,201.56,40
Syrmaticus ellioti,Phasianidae,Galliformes,1007.45,470213.06,1872,5.7917,Elliot's pheasant,437.05,64
Syrmaticus humiae,Phasianidae,Galliformes,873.35,405564.05,1881,5.7559,Mrs. Hume's pheasant,999.13,50
Syrmaticus mikado,Phasianidae,Galliformes,1148.69,13765.19,1906,6.6185,Mikado pheasant,792.6,25
Syrmaticus reevesii,Phasianidae,Galliformes,1204.58,531855.88,1829,6.0392,Reeves's pheasant,1348.53,95
Syrmaticus soemmerringii,Phasianidae,Galliformes,1081.66,174734.06,1830,5.2206,Copper pheasant,623.8,21
Syrrhaptes paradoxus,Pteroclidae,Pterocliformes,256.43,7445557.07,1773,6.4688,Pallas's sandgrouse,473.18,44
Syrrhaptes tibetanus,Pteroclidae,Pterocliformes,343.66,1238571.56,1850,5.9773,Tibetan sandgrouse,129.93,13
Systellura decussata,Caprimulgidae,Caprimulgiformes,45.6,200883.11,1844,4.9709,Tschudi's nightjar,40.19,9
Taccocua leschenaultii,Cuculidae,Cuculiformes,174.69,2612647.66,1830,5.7575,Sirkeer malkoha,229.13,8
Tachornis furcata,Apodidae,Caprimulgiformes,6.5,32700.66,1928,5.1179,Pygmy palm swift,36.58,6
Tachornis phoenicobia,Apodidae,Caprimulgiformes,10.2,194217.83,1847,5.5853,Antillean palm swift,126.11,8
Tachornis squamata,Apodidae,Caprimulgiformes,10.97,9486321.14,1853,5.117,Fork-tailed palm swift,25.13,18
Tachuris rubrigastra,Tyrannidae,Passeriformes,7.8,2272551.5,1817,6.9529,Many-colored rush tyrant,140.91,41
Tachybaptus dominicus,Podicipedidae,Podicipediformes,132.59,9159026.84,1766,5.4487,Least grebe,536.66,73
Tachybaptus novaehollandiae,Podicipedidae,Podicipediformes,219.0,3147780.83,1826,6.2064,Australasian grebe,428.92,25
Tachybaptus pelzelnii,Podicipedidae,Podicipediformes,184.0,590930.76,1861,6.4493,Madagascar grebe,89.24,13
Tachybaptus ruficollis,Podicipedidae,Podicipediformes,169.43,36639881.74,1764,5.7125,Little grebe,2770.82,178
Tachycineta albilinea,Hirundinidae,Passeriformes,16.7,755005.82,1863,6.0872,Mangrove swallow,553.11,22
Tachycineta albiventer,Hirundinidae,Passeriformes,17.7,11742614.01,1783,6.605,White-winged swallow,126.57,23
Tachycineta bicolor,Hirundinidae,Passeriformes,21.2,11720977.55,1808,6.2058,Tree swallow,4336.43,513
Tachycineta cyaneoviridis,Hirundinidae,Passeriformes,17.5,8103.75,1859,6.9169,Bahama swallow,177.97,22
Tachycineta euchrysea,Hirundinidae,Passeriformes,17.0,8014.22,1847,5.1513,Golden swallow,1073.5,20
Tachycineta leucorrhoa,Hirundinidae,Passeriformes,15.3,5024319.97,1817,6.0331,White-rumped swallow,516.64,24
Tachycineta meyeni,Hirundinidae,Passeriformes,14.9,1011295.55,1850,5.9751,Chilean swallow,119.18,21
Tachycineta stolzmanni,Hirundinidae,Passeriformes,11.3,43489.16,1902,5.4062,Tumbes swallow,48.14,12
Tachycineta thalassina,Hirundinidae,Passeriformes,14.14,6104146.62,1827,7.0104,Violet-green swallow,1391.95,68
Tachyeres brachypterus,Anatidae,Anseriformes,3450.0,12033.8,1790,5.7395,Falkland steamer duck,409.06,15
Tachyeres leucocephalus,Anatidae,Anseriformes,3013.0,49163.72,1981,5.2151,Chubut steamer duck,183.04,18
Tachyeres patachonicus,Anatidae,Anseriformes,2821.55,1006665.14,1831,6.3893,Flying steamer duck,276.68,17
Tachyeres pteneres,Anatidae,Anseriformes,4737.59,328083.84,1844,5.4311,Fuegian steamer duck,421.11,27
Tachymarptis aequatorialis,Apodidae,Caprimulgiformes,92.8,1399846.87,1851,5.4842,Mottled swift,62.96,10
Tachymarptis melba,Apodidae,Caprimulgiformes,100.38,7307949.41,1758,5.8944,Alpine swift,1823.07,76
Tachyphonus coronatus,Thraupidae,Passeriformes,29.3,1492450.62,1822,5.3966,Ruby-crowned tanager,155.21,35
Tachyphonus phoenicius,Thraupidae,Passeriformes,21.0,2229357.68,1838,5.4429,Red-shouldered tanager,27.87,17
Tachyphonus rufus,Thraupidae,Passeriformes,34.4,5942265.97,1783,6.1611,White-lined tanager,120.82,46
Tadorna cana,Anatidae,Anseriformes,1182.0,1631456.11,1789,5.8017,South African shelduck,419.66,35
Tadorna ferruginea,Anatidae,Anseriformes,1235.03,18403211.28,1764,5.79,Ruddy shelduck,3245.11,229
Tadorna tadorna,Anatidae,Anseriformes,1146.83,9435093.57,1758,6.3064,Common shelduck,1820.47,202
Tadorna tadornoides,Anatidae,Anseriformes,1418.68,3300063.22,1828,5.5649,Australian shelduck,619.46,35
Tadorna variegata,Anatidae,Anseriformes,1540.95,268823.5,1789,5.7156,Paradise shelduck,1235.87,29
Taeniopygia bichenovii,Estrildidae,Passeriformes,9.6,3108066.1,1827,6.861,Double-barred finch,672.24,25
Taeniotriccus andrei,Tyrannidae,Passeriformes,9.5,857576.24,1902,5.6647,Black-chested tyrant,18.98,10
Talegalla cuvieri,Megapodiidae,Galliformes,1785.0,122104.79,1828,4.6442,Red-billed brushturkey,144.85,7
Talegalla fuscirostris,Megapodiidae,Galliformes,1314.47,284369.79,1877,4.6999,Black-billed brushturkey,115.43,10
Talegalla jobiensis,Megapodiidae,Galliformes,1478.81,209938.41,1874,4.0501,Collared brushturkey,114.62,11
Tangara abbas,Thraupidae,Passeriformes,45.0,658845.8,1830,6.4028,Yellow-winged tanager,80.53,5
Tangara argyrofenges,Thraupidae,Passeriformes,19.0,52084.23,1876,5.9995,Straw-backed tanager,26.06,19
Tangara cabanisi,Thraupidae,Passeriformes,20.02,4511.64,1868,6.21,Azure-rumped tanager,105.02,16
Tangara callophrys,Thraupidae,Passeriformes,22.9,1481423.44,1849,7.3755,Opal-crowned tanager,42.49,16
Tangara chilensis,Thraupidae,Passeriformes,19.77,4594777.46,1832,7.4089,Paradise tanager,365.68,24
Tangara chrysotis,Thraupidae,Passeriformes,24.0,99793.39,1846,7.1245,Golden-eared tanager,46.02,12
Tangara cyanicollis,Thraupidae,Passeriformes,17.0,1248379.88,1837,7.3492,Blue-necked tanager,123.08,25
Tangara cyanocephala,Thraupidae,Passeriformes,18.0,444844.92,1776,7.1977,Red-necked tanager,104.92,43
Tangara cyanoptera,Thraupidae,Passeriformes,43.3,224069.57,1817,6.2761,Black-headed tanager,39.52,19
Tangara cyanotis,Thraupidae,Passeriformes,15.0,88910.48,1858,6.9817,Blue-browed tanager,30.57,12
Tangara cyanoventris,Thraupidae,Passeriformes,16.5,475625.93,1819,7.7358,Gilt-edged tanager,47.95,12
Tangara desmaresti,Thraupidae,Passeriformes,20.4,260465.02,1819,7.1801,Brassy-breasted tanager,52.98,21
Tangara dowii,Thraupidae,Passeriformes,15.0,12083.47,1863,6.8426,Spangle-cheeked tanager,60.18,22
Tangara episcopus,Thraupidae,Passeriformes,35.0,7925679.12,1766,7.2609,Blue-gray tanager,550.57,11
Tangara fastuosa,Thraupidae,Passeriformes,25.5,15681.33,1831,6.7526,Seven-colored tanager,117.87,31
Tangara florida,Thraupidae,Passeriformes,19.3,37066.94,1869,6.5481,Emerald tanager,81.25,20
Tangara fucosa,Thraupidae,Passeriformes,21.0,3038.36,1912,5.6344,Green-naped tanager,28.15,44
Tangara glaucocolpa,Thraupidae,Passeriformes,31.6,236044.28,1851,5.6162,Glaucous tanager,64.69,4
Tangara guttata,Thraupidae,Passeriformes,18.4,376030.94,1851,6.6265,Speckled tanager,99.79,16
Tangara gyrola,Thraupidae,Passeriformes,21.0,4181131.62,1758,7.09,Bay-headed tanager,146.53,30
Tangara heinei,Thraupidae,Passeriformes,20.2,133743.4,1851,6.6426,Black-capped tanager,93.55,19
Tangara icterocephala,Thraupidae,Passeriformes,22.0,75164.0,1851,6.5841,Silver-throated tanager,136.62,18
Tangara inornata,Thraupidae,Passeriformes,18.0,180601.4,1855,4.8796,Plain-colored tanager,33.45,17
Tangara johannae,Thraupidae,Passeriformes,20.02,69226.47,1900,6.3836,Blue-whiskered tanager,34.86,17
Tangara labradorides,Thraupidae,Passeriformes,15.0,104444.95,1840,6.7098,Metallic-green tanager,35.98,17
Tangara larvata,Thraupidae,Passeriformes,20.0,480330.12,1846,7.4151,Golden-hooded tanager,151.31,17
Tangara lavinia,Thraupidae,Passeriformes,24.0,135531.53,1858,6.6798,Rufous-winged tanager,39.48,16
Tangara meyerdeschauenseei,Thraupidae,Passeriformes,26.0,11014.63,1985,5.7074,Green-capped tanager,29.8,13
Tangara nigrocincta,Thraupidae,Passeriformes,17.0,3416902.14,1838,7.0734,Masked tanager,38.38,15
Tangara nigroviridis,Thraupidae,Passeriformes,17.0,348796.62,1843,7.572,Beryl-spangled tanager,68.94,15
Tangara ornata,Thraupidae,Passeriformes,33.0,392822.74,1789,6.6063,Golden-chevroned tanager,52.75,9
Tangara palmarum,Thraupidae,Passeriformes,39.0,12189499.37,1821,5.5921,Palm tanager,264.06,21
Tangara palmeri,Thraupidae,Passeriformes,32.3,44181.15,1909,6.5747,Grey-and-gold tanager,32.97,14
Tangara peruviana,Thraupidae,Passeriformes,22.2,56462.68,1806,6.5283,Black-backed tanager,47.57,20
Tangara phillipsi,Thraupidae,Passeriformes,19.9,3651.09,1987,5.7831,Sira tanager,27.88,6
Tangara preciosa,Thraupidae,Passeriformes,22.8,1104627.47,1851,7.3827,Chestnut-backed tanager,71.28,14
Tangara punctata,Thraupidae,Passeriformes,15.0,2558212.03,1766,7.1731,Spotted tanager,70.82,15
Tangara rufigenis,Thraupidae,Passeriformes,16.5,6837.3,1857,6.1297,Rufous-cheeked tanager,23.98,7
Tangara rufigula,Thraupidae,Passeriformes,19.1,23087.11,1851,6.1441,Rufous-throated tanager,30.26,10
Tangara sayaca,Thraupidae,Passeriformes,32.49,6566312.61,1766,6.6122,Sayaca tanager,246.31,25
Tangara schrankii,Thraupidae,Passeriformes,19.0,2751315.13,1825,6.9724,Green-and-gold tanager,69.17,20
Tangara seledon,Thraupidae,Passeriformes,18.7,672563.84,1776,7.3637,Green-headed tanager,335.7,29
Tangara varia,Thraupidae,Passeriformes,10.0,1477680.37,1776,6.9371,Dotted tanager,38.52,11
Tangara viridicollis,Thraupidae,Passeriformes,21.0,102254.13,1884,5.689,Silver-backed tanager,29.64,11
Tangara vitriolina,Thraupidae,Passeriformes,23.0,123913.11,1851,6.2144,Scrub tanager,47.53,26
Tangara xanthocephala,Thraupidae,Passeriformes,19.0,356998.99,1844,7.0381,Saffron-crowned tanager,64.57,14
Tangara xanthogastra,Thraupidae,Passeriformes,15.0,2799036.32,1851,6.8562,Yellow-bellied tanager,33.79,15
Tanygnathus gramineus,Psittacidae,Psittaciformes,237.3,1363.4,1788,5.4977,Black-lored parrot,108.62,7
Tanygnathus lucionensis,Psittacidae,Psittaciformes,215.0,290862.98,1766,7.3457,Blue-naped parrot,630.66,24
Tanygnathus megalorynchos,Psittacidae,Psittaciformes,325.0,96725.71,1783,6.8394,Great-billed parrot,366.18,17
Tanysiptera carolinae,Alcedinidae,Coraciiformes,50.15,336.02,1871,7.3604,Numfor paradise kingfisher,85.47,6
Tanysiptera danae,Alcedinidae,Coraciiformes,43.48,27139.0,1880,7.0665,Brown-headed paradise kingfisher,90.3,7
Tanysiptera ellioti,Alcedinidae,Coraciiformes,50.15,176.04,1870,7.1116,Kofiau paradise kingfisher,105.97,8
Tanysiptera galatea,Alcedinidae,Coraciiformes,50.0,702146.79,1859,7.1863,Common paradise kingfisher,179.83,8
Tanysiptera nigriceps,Alcedinidae,Coraciiformes,49.6,36370.57,1877,6.4199,Black-capped paradise kingfisher,57.05,4
Tanysiptera nympha,Alcedinidae,Coraciiformes,57.0,104476.66,1840,7.0973,Red-breasted paradise kingfisher,68.68,6
Tanysiptera riedelii,Alcedinidae,Coraciiformes,63.5,2526.51,1866,7.1754,Biak paradise kingfisher,99.47,6
Tanysiptera sylvia,Alcedinidae,Coraciiformes,49.6,94811.55,1850,7.4269,Buff-breasted paradise kingfisher,285.52,9
Tapera naevia,Cuculidae,Cuculiformes,48.42,12346242.13,1766,6.2635,Striped cuckoo,545.25,34
Taphrolesbia griseiventris,Trochilidae,Caprimulgiformes,8.94,4114.53,1883,6.7022,Grey-bellied comet,54.17,37
Taphrospilus hypostictus,Trochilidae,Caprimulgiformes,7.0,110112.14,1862,6.9886,Many-spotted hummingbird,64.52,9
Taraba major,Thamnophilidae,Passeriformes,59.2,12899627.84,1816,5.9146,Great antshrike,109.58,43
Tarphonomus certhioides,Furnariidae,Passeriformes,22.09,1267589.78,1838,4.8569,Chaco earthcreeper,25.83,9
Tarphonomus harterti,Furnariidae,Passeriformes,23.93,70447.43,1892,5.0315,Bolivian earthcreeper,23.79,9
Tarsiger chrysaeus,Muscicapidae,Passeriformes,13.8,794239.03,1845,6.4947,Golden bush robin,116.66,15
Tarsiger cyanurus,Muscicapidae,Passeriformes,13.43,11663371.34,1773,6.7646,Red-flanked bluetail,896.52,82
Tarsiger hyperythrus,Muscicapidae,Passeriformes,12.0,222171.39,1847,7.5027,Rufous-breasted bush robin,60.96,13
Tarsiger indicus,Muscicapidae,Passeriformes,14.6,533602.16,1817,5.8166,White-browed bush robin,70.92,19
Tarsiger johnstoniae,Muscicapidae,Passeriformes,10.49,23533.29,1906,6.7266,Collared bush robin,222.95,10
Tarsiger rufilatus,Muscicapidae,Passeriformes,12.8,1580126.41,1845,7.3223,Himalayan bluetail,221.46,9
Tauraco bannermani,Musophagidae,Musophagiformes,224.0,1978.6,1923,6.5099,Bannerman's turaco,179.26,16
Tauraco corythaix,Musophagidae,Musophagiformes,308.0,124836.47,1827,7.1258,Knysna turaco,745.54,25
Tauraco erythrolophus,Musophagidae,Musophagiformes,261.24,189792.61,1819,7.1921,Red-crested turaco,2859.33,18
Tauraco fischeri,Musophagidae,Musophagiformes,250.0,48655.56,1878,7.2769,Fischer's turaco,229.19,17
Tauraco hartlaubi,Musophagidae,Musophagiformes,224.0,264805.15,1884,6.9573,Hartlaub's turaco,179.44,15
Tauraco leucolophus,Musophagidae,Musophagiformes,219.0,1433202.57,1855,6.702,White-crested turaco,240.6,16
Tauraco leucotis,Musophagidae,Musophagiformes,265.0,807016.24,1835,6.6808,White-cheeked turaco,519.1,23
Tauraco livingstonii,Musophagidae,Musophagiformes,249.0,974104.7,1864,7.2503,Livingstone's turaco,418.65,16
Tauraco macrorhynchus,Musophagidae,Musophagiformes,243.72,1273570.69,1839,7.1003,Yellow-billed turaco,151.86,10
Tauraco persa,Musophagidae,Musophagiformes,306.0,3260169.31,1758,6.9342,Guinea turaco,611.2,24
Tauraco ruspolii,Musophagidae,Musophagiformes,263.0,11916.28,1896,7.2001,Ruspoli's turaco,146.72,14
Tauraco schalowi,Musophagidae,Musophagiformes,206.39,1899419.96,1891,7.2179,Schalow's turaco,342.12,20
Tauraco schuettii,Musophagidae,Musophagiformes,235.0,2085207.97,1879,7.2831,Black-billed turaco,142.74,17
Tchagra australis,Malaconotidae,Passeriformes,32.3,8305150.13,1836,5.687,Brown-crowned tchagra,79.82,11
Tchagra jamesi,Malaconotidae,Passeriformes,27.4,1196428.5,1885,6.286,Three-streaked tchagra,39.73,7
Tchagra senegalus,Malaconotidae,Passeriformes,53.5,14953687.11,1766,6.2504,Black-crowned tchagra,236.28,12
Tchagra tchagra,Malaconotidae,Passeriformes,50.3,251680.9,1816,6.1714,Southern tchagra,48.78,15
Telacanthura melanopygia,Apodidae,Caprimulgiformes,52.0,586085.53,1915,4.2458,Black spinetail,42.27,5
Telacanthura ussheri,Apodidae,Caprimulgiformes,32.61,5188546.0,1870,5.5044,Mottled spinetail,198.78,9
Teledromas fuscus,Rhinocryptidae,Passeriformes,37.9,521735.99,1873,5.1589,Sandy gallito,39.88,13
Telespiza cantans,Fringillidae,Passeriformes,33.28,3.41,1890,5.2983,Laysan finch,430.16,25
Telespiza ultima,Fringillidae,Passeriformes,24.24,1.55,1917,5.7889,Nīhoa finch,223.83,14
Telophorus dohertyi,Malaconotidae,Passeriformes,35.02,113100.74,1901,7.0527,Doherty's bushshrike,54.08,12
Telophorus viridis,Malaconotidae,Passeriformes,37.14,1025110.52,1817,6.6875,Gorgeous bushshrike,71.49,6
Telophorus zeylonus,Malaconotidae,Passeriformes,65.02,1314512.43,1766,5.6819,,,8
Temnotrogon roseigaster,Trogonidae,Trogoniformes,74.19,15254.53,1817,8.0647,Hispaniolan trogon,487.72,5
Temnurus temnurus,Corvidae,Passeriformes,138.0,266868.95,1825,5.8845,Ratchet-tailed treepie,183.72,8
Tephrodornis affinis,Vangidae,Passeriformes,20.2,66197.67,1847,5.2921,Sri Lanka woodshrike,53.5,7
Tephrodornis pondicerianus,Vangidae,Passeriformes,20.2,4411317.05,1789,5.3487,Common woodshrike,228.3,16
Tephrodornis sylvicola,Vangidae,Passeriformes,37.8,128127.36,1839,5.2732,Malabar woodshrike,69.27,12
Tephrodornis virgatus,Vangidae,Passeriformes,37.8,4664545.5,1824,6.36,Large woodshrike,127.85,15
Tephrophilus wetmorei,Thraupidae,Passeriformes,62.5,12901.21,1934,6.7216,Masked mountain tanager,28.61,12
Tephrozosterops stalkeri,Zosteropidae,Passeriformes,17.74,3179.0,1910,4.3573,Rufescent darkeye,19.14,7
Terathopius ecaudatus,Accipitridae,Accipitriformes,2200.0,14023477.79,1800,6.569,,,48
Terenotriccus erythrurus,Tityridae,Passeriformes,7.4,7494686.86,1847,6.61,Ruddy-tailed flycatcher,66.39,28
Terenura maculata,Thamnophilidae,Passeriformes,6.5,783959.13,1831,6.1999,Streak-capped antwren,20.63,21
Terenura sicki,Thamnophilidae,Passeriformes,6.4,132.4,1983,5.213,Orange-bellied antwren,25.23,25
Teretistris fernandinae,Teretistridae,Passeriformes,9.9,25700.55,1850,6.1064,Yellow-headed warbler,78.28,15
Teretistris fornsi,Teretistridae,Passeriformes,9.7,38336.73,1858,6.2681,Oriente warbler,65.51,10
Terpsiphone atrocaudata,Monarchidae,Passeriformes,18.7,390211.35,1839,6.7221,Black paradise flycatcher,74.92,37
Terpsiphone atrochalybeia,Monarchidae,Passeriformes,12.2,858.51,1842,6.5036,São Tomé paradise flycatcher,38.99,6
Terpsiphone batesi,Monarchidae,Passeriformes,15.4,2301604.71,1921,5.9807,Bates's paradise flycatcher,47.34,6
Terpsiphone bourbonnensis,Monarchidae,Passeriformes,10.79,3297.84,1776,6.7982,Mascarene paradise flycatcher,128.6,6
Terpsiphone corvina,Monarchidae,Passeriformes,18.0,15.5,1867,6.0958,Seychelles paradise flycatcher,261.7,9
Terpsiphone cyanescens,Monarchidae,Passeriformes,24.64,8149.54,1877,6.4804,Blue paradise flycatcher,63.83,6
Terpsiphone incei,Monarchidae,Passeriformes,19.23,4046737.55,1852,6.3324,Amur paradise flycatcher,226.75,11
Terpsiphone mutata,Monarchidae,Passeriformes,13.19,592893.86,1766,6.8322,Malagasy paradise flycatcher,119.6,11
Terpsiphone paradisi,Monarchidae,Passeriformes,19.23,3076941.41,1758,6.758,Indian paradise flycatcher,3128.27,38
Terpsiphone rufiventer,Monarchidae,Passeriformes,15.1,4275150.97,1837,6.8702,Red-bellied paradise flycatcher,146.17,11
Terpsiphone rufocinerea,Monarchidae,Passeriformes,15.4,444393.52,1875,6.6889,Rufous-vented paradise flycatcher,44.33,9
Terpsiphone viridis,Monarchidae,Passeriformes,13.23,14483913.96,1776,7.3685,African paradise flycatcher,600.08,21
Tersina viridis,Thraupidae,Passeriformes,29.0,8757523.61,1811,6.656,Swallow tanager,127.71,53
Tesia cyaniventer,Scotocercidae,Passeriformes,9.7,2098380.83,1837,6.403,Grey-bellied tesia,55.07,8
Tesia everetti,Scotocercidae,Passeriformes,6.29,29083.3,1897,5.4338,Russet-capped tesia,26.81,6
Tesia olivea,Scotocercidae,Passeriformes,7.0,1755868.45,1840,6.2769,Slaty-bellied tesia,50.2,6
Tesia superciliaris,Scotocercidae,Passeriformes,7.0,5892.17,1850,5.8646,Javan tesia,35.15,9
Tetrao urogalloides,Phasianidae,Galliformes,2752.29,7003788.43,1853,6.1752,Black-billed capercaillie,649.42,19
Tetrao urogallus,Phasianidae,Galliformes,2716.61,11330230.84,1758,6.8239,Western capercaillie,11604.51,466
Tetraogallus altaicus,Phasianidae,Galliformes,2760.43,819469.26,1836,6.1998,Altai snowcock,162.47,23
Tetraogallus caspius,Phasianidae,Galliformes,2508.24,313937.42,1784,5.423,Caspian snowcock,230.22,72
Tetraogallus caucasicus,Phasianidae,Galliformes,1830.79,23392.94,1811,5.2498,Caucasian snowcock,168.28,48
Tetraogallus himalayensis,Phasianidae,Galliformes,2428.0,1911759.79,1843,5.5686,Himalayan snowcock,1146.37,51
Tetraogallus tibetanus,Phasianidae,Galliformes,1488.87,1066992.69,1854,5.6214,Tibetan snowcock,348.59,49
Tetraophasis obscurus,Phasianidae,Galliformes,855.35,118338.72,1869,5.4899,Chestnut-throated monal-partridge,66.53,36
Tetraophasis szechenyii,Phasianidae,Galliformes,1052.99,524228.72,1885,5.7059,Buff-throated monal-partridge,80.29,41
Tetrax tetrax,Otididae,Otidiformes,833.45,5061737.32,1758,5.9818,Little bustard,972.45,233
Thalassarche bulleri,Diomedeidae,Procellariiformes,2781.51,29134435.63,1893,5.8281,Buller's albatross,590.5,31
Thalassarche chrysostoma,Diomedeidae,Procellariiformes,3499.03,83986959.45,1785,6.6808,Grey-headed albatross,1188.99,77
Thalassarche eremita,Diomedeidae,Procellariiformes,3897.7,51416850.23,1930,5.2729,Chatham albatross,394.78,17
Thalassarche salvini,Diomedeidae,Procellariiformes,3897.7,66986729.14,1893,5.5988,Salvin's albatross,338.96,28
Thalasseus bengalensis,Laridae,Charadriiformes,209.0,1690030.71,1831,5.5285,Lesser crested tern,381.7,39
Thalasseus bergii,Laridae,Charadriiformes,328.0,47808630.76,1823,5.3111,Greater crested tern,799.44,77
Thalasseus bernsteini,Laridae,Charadriiformes,284.0,57.88,1863,5.6106,Chinese crested tern,352.88,47
Thalasseus elegans,Laridae,Charadriiformes,260.0,1309.31,1849,5.7718,Elegant tern,470.81,58
Thalasseus sandvicensis,Laridae,Charadriiformes,199.83,2802142.59,1787,6.0249,Sandwich tern,1150.66,158
Thalassoica antarctica,Procellariidae,Procellariiformes,708.43,58576534.09,1789,5.3933,Antarctic petrel,653.48,53
Thalassornis leuconotus,Anatidae,Anseriformes,707.5,10032374.01,1838,5.081,White-backed duck,321.48,23
Thalurania colombica,Trochilidae,Caprimulgiformes,4.5,601646.16,1843,7.297,Crowned woodnymph,223.21,26
Thalurania furcata,Trochilidae,Caprimulgiformes,4.19,11225568.61,1788,6.9055,Fork-tailed woodnymph,106.22,39
Thalurania glaucopis,Trochilidae,Caprimulgiformes,4.8,1415794.42,1788,7.9902,Violet-capped woodnymph,99.94,48
Thalurania watertonii,Trochilidae,Caprimulgiformes,4.6,34673.09,1847,7.1735,Long-tailed woodnymph,59.62,32
Thamnolaea cinnamomeiventris,Muscicapidae,Passeriformes,39.8,2978092.64,1836,5.8902,Mocking cliff chat,134.08,10
Thamnomanes ardesiacus,Thamnophilidae,Passeriformes,17.7,3380827.14,1868,5.1396,Dusky-throated antshrike,29.29,28
Thamnomanes caesius,Thamnophilidae,Passeriformes,15.7,6049355.84,1820,5.0518,Cinereous antshrike,39.23,42
Thamnomanes saturninus,Thamnophilidae,Passeriformes,20.4,1364638.56,1868,5.1429,Saturnine antshrike,32.65,17
Thamnomanes schistogynus,Thamnophilidae,Passeriformes,17.2,1226196.42,1911,5.492,Bluish-slate antshrike,23.27,18
Thamnophilus aethiops,Thamnophilidae,Passeriformes,25.7,4946417.18,1858,5.5314,White-shouldered antshrike,23.63,37
Thamnophilus amazonicus,Thamnophilidae,Passeriformes,18.68,6192801.73,1858,6.739,Amazonian antshrike,40.88,20
Thamnophilus ambiguus,Thamnophilidae,Passeriformes,23.4,209875.65,1825,5.758,Sooretama slaty antshrike,25.73,26
Thamnophilus aroyae,Thamnophilidae,Passeriformes,19.97,62450.08,1904,5.3972,Upland antshrike,19.07,11
Thamnophilus atrinucha,Thamnophilidae,Passeriformes,23.6,583507.07,1892,6.304,Black-crowned antshrike,76.57,35
Thamnophilus bridgesi,Thamnophilidae,Passeriformes,27.0,28247.58,1856,5.6061,Black-hooded antshrike,43.17,15
Thamnophilus caerulescens,Thamnophilidae,Passeriformes,21.1,3969673.89,1816,6.2401,Variable antshrike,51.28,58
Thamnophilus cryptoleucus,Thamnophilidae,Passeriformes,27.5,203477.44,1906,6.0301,Castelnau's antshrike,24.57,21
Thamnophilus divisorius,Thamnophilidae,Passeriformes,22.2,938.37,2004,5.3304,Acre antshrike,48.77,9
Thamnophilus doliatus,Thamnophilidae,Passeriformes,27.03,10725968.4,1764,5.9266,Barred antshrike,241.94,53
Thamnophilus insignis,Thamnophilidae,Passeriformes,24.86,143229.4,1884,5.0764,Streak-backed antshrike,19.15,12
Thamnophilus melanonotus,Thamnophilidae,Passeriformes,25.5,113947.78,1855,5.6696,Black-backed antshrike,39.02,16
Thamnophilus melanothorax,Thamnophilidae,Passeriformes,31.8,301847.86,1857,4.6297,Band-tailed antshrike,24.07,5
Thamnophilus multistriatus,Thamnophilidae,Passeriformes,27.5,121617.79,1844,6.2722,Bar-crested antshrike,71.79,20
Thamnophilus murinus,Thamnophilidae,Passeriformes,19.3,4198741.88,1868,5.7993,Mouse-colored antshrike,29.65,19
Thamnophilus nigriceps,Thamnophilidae,Passeriformes,22.9,210463.8,1869,5.598,Black antshrike,28.23,13
Thamnophilus nigrocinereus,Thamnophilidae,Passeriformes,30.0,1467713.7,1855,5.7864,Blackish-grey antshrike,28.62,29
Thamnophilus palliatus,Thamnophilidae,Passeriformes,27.0,2542297.14,1823,6.7705,Chestnut-backed antshrike,28.41,30
Thamnophilus pelzelni,Thamnophilidae,Passeriformes,20.9,2622762.3,1924,5.3141,Planalto slaty antshrike,18.98,14
Thamnophilus praecox,Thamnophilidae,Passeriformes,29.5,7704.87,1937,5.5794,Cocha antshrike,27.43,18
Thamnophilus punctatus,Thamnophilidae,Passeriformes,19.4,1569761.66,1809,5.6307,Northern slaty antshrike,33.92,20
Thamnophilus schistaceus,Thamnophilidae,Passeriformes,20.3,3991785.91,1837,5.5556,Plain-winged antshrike,25.35,21
Thamnophilus stictocephalus,Thamnophilidae,Passeriformes,21.5,1068500.36,1868,5.2069,Natterer's slaty antshrike,23.84,17
Thamnophilus sticturus,Thamnophilidae,Passeriformes,18.2,424021.1,1868,5.6751,Bolivian slaty antshrike,18.67,16
Thamnophilus tenuepunctatus,Thamnophilidae,Passeriformes,23.3,106396.97,1853,5.8813,Lined antshrike,21.21,18
Thamnophilus torquatus,Thamnophilidae,Passeriformes,21.1,3732484.23,1825,6.0162,Rufous-winged antshrike,28.73,34
Thamnophilus unicolor,Thamnophilidae,Passeriformes,24.2,168168.06,1859,6.065,Uniform antshrike,21.23,14
Thamnophilus zarumae,Thamnophilidae,Passeriformes,22.8,27875.19,1921,6.0035,Chapman's antshrike,23.5,9
Thamnornis chloropetoides,Bernieridae,Passeriformes,14.3,69624.44,1867,5.8662,,,10
Thaumastura cora,Trochilidae,Caprimulgiformes,1.9,172105.92,1827,6.7853,Peruvian sheartail,83.86,21
Thaumatibis gigantea,Threskiornithidae,Pelecaniformes,3515.0,50313.06,1877,4.2788,Giant ibis,1094.53,15
Theristicus branickii,Threskiornithidae,Pelecaniformes,1492.0,305055.0,1894,5.7955,Andean ibis,131.1,21
Theristicus caerulescens,Threskiornithidae,Pelecaniformes,1500.0,1749653.63,1817,5.0005,Plumbeous ibis,199.29,15
Theristicus caudatus,Threskiornithidae,Pelecaniformes,1726.0,5146136.12,1783,5.1369,Buff-necked ibis,435.2,53
Theristicus melanopis,Threskiornithidae,Pelecaniformes,1250.0,1331819.08,1789,5.7921,Black-faced ibis,437.02,65
Thescelocichla leucopleura,Pycnonotidae,Passeriformes,62.1,3240183.59,1855,5.0163,Swamp palm bulbul,37.36,10
Thinocorus orbignyianus,Thinocoridae,Charadriiformes,115.0,1570843.96,1831,5.1664,Grey-breasted seedsnipe,60.24,15
Thinocorus rumicivorus,Thinocoridae,Charadriiformes,53.1,807155.07,1829,5.266,Least seedsnipe,110.62,22
Thinornis cucullatus,Charadriidae,Charadriiformes,100.0,608290.87,1818,6.3171,Hooded plover,173.3,20
Thinornis novaeseelandiae,Charadriidae,Charadriiformes,61.0,3.89,1789,5.8882,Shore plover,193.76,18
Thlypopsis fulviceps,Thraupidae,Passeriformes,12.0,40001.47,1851,6.4015,Fulvous-headed tanager,28.64,8
Thlypopsis inornata,Thraupidae,Passeriformes,15.0,20048.29,1879,6.6156,Buff-bellied tanager,19.59,9
Thlypopsis ornata,Thraupidae,Passeriformes,12.0,181105.81,1859,6.0811,Rufous-chested tanager,21.07,10
Thlypopsis pectoralis,Thraupidae,Passeriformes,15.0,12520.92,1884,6.0764,Brown-flanked tanager,17.84,8
Thlypopsis pyrrhocoma,Thraupidae,Passeriformes,15.6,611568.56,2016,6.2586,Chestnut-headed tanager,37.95,17
Thlypopsis ruficeps,Thraupidae,Passeriformes,11.0,213849.23,1837,5.8858,Rust-and-yellow tanager,22.96,10
Thlypopsis sordida,Thraupidae,Passeriformes,17.0,6836052.49,1837,6.5039,Orange-headed tanager,94.28,28
Thlypopsis superciliaris,Thraupidae,Passeriformes,14.0,271703.99,1840,6.4467,Superciliaried hemispingus,32.51,11
Threnetes ruckeri,Trochilidae,Caprimulgiformes,5.2,482644.97,1847,6.3473,Band-tailed barbthroat,134.83,15
Threskiornis aethiopicus,Threskiornithidae,Pelecaniformes,1493.18,17650108.45,1790,4.7899,African sacred ibis,4739.15,437
Threskiornis bernieri,Threskiornithidae,Pelecaniformes,1493.18,28069.48,1855,5.7492,Malagasy sacred ibis,352.64,13
Threskiornis melanocephalus,Threskiornithidae,Pelecaniformes,1303.0,1234030.67,1790,5.9241,Black-headed ibis,1672.6,132
Threskiornis spinicollis,Threskiornithidae,Pelecaniformes,1346.72,6390192.38,1835,5.1824,Straw-necked ibis,719.48,29
Thripadectes flammulatus,Furnariidae,Passeriformes,55.89,57126.72,1849,5.5446,Flammulated treehunter,22.04,14
Thripadectes holostictus,Furnariidae,Passeriformes,40.7,214735.94,1876,5.1994,Striped treehunter,23.21,7
Thripadectes ignobilis,Furnariidae,Passeriformes,47.2,41009.22,1879,5.3692,Uniform treehunter,22.05,6
Thripadectes melanorhynchus,Furnariidae,Passeriformes,44.3,121002.94,1844,4.8719,Black-billed treehunter,20.23,8
Thripadectes rufobrunneus,Furnariidae,Passeriformes,56.2,17593.39,1865,5.6899,Streak-breasted treehunter,25.78,22
Thripadectes scrutator,Furnariidae,Passeriformes,66.29,116443.32,1874,4.8334,Peruvian treehunter,17.77,4
Thripadectes virgaticeps,Furnariidae,Passeriformes,65.8,62554.86,1874,5.5594,Streak-capped treehunter,26.03,8
Thripophaga amacurensis,Furnariidae,Passeriformes,27.7,811.09,2013,4.7601,Delta Amacuro softtail,25.96,10
Thripophaga cherriei,Furnariidae,Passeriformes,12.8,9.87,1902,4.7818,Orinoco softtail,22.02,12
Thripophaga fusciceps,Furnariidae,Passeriformes,23.0,514581.94,1889,5.396,Plain softtail,21.62,16
Thripophaga gutturata,Furnariidae,Passeriformes,14.9,4168734.04,1838,5.3731,Speckled spinetail,26.08,6
Thripophaga macroura,Furnariidae,Passeriformes,27.7,5966.24,1821,5.5257,Striated softtail,24.44,12
Thryomanes bewickii,Troglodytidae,Passeriformes,9.9,3360146.45,1827,5.8645,Bewick's wren,2752.63,76
Thryophilus nicefori,Troglodytidae,Passeriformes,24.87,4873.35,1946,5.1748,Niceforo's wren,46.22,33
Thryophilus pleurostictus,Troglodytidae,Passeriformes,17.7,185486.45,1860,5.8714,Banded wren,58.94,18
Thryophilus rufalbus,Troglodytidae,Passeriformes,24.87,821636.36,1845,5.2676,Rufous-and-white wren,69.0,33
Thryophilus sernai,Troglodytidae,Passeriformes,24.87,3232.31,2012,5.0667,Antioquia wren,46.48,23
Thryophilus sinaloa,Troglodytidae,Passeriformes,15.1,304927.47,1864,5.6011,Sinaloa wren,71.35,30
Thryorchilus browni,Troglodytidae,Passeriformes,14.0,1492.43,1902,6.1632,Timberline wren,42.19,29
Tiaris olivaceus,Thraupidae,Passeriformes,8.5,966505.17,1766,5.6724,Yellow-faced grassquit,294.93,43
Tichodroma muraria,Sittidae,Passeriformes,17.6,5602345.09,1766,6.8135,,,69
Tickellia hodgsoni,Scotocercidae,Passeriformes,4.5,616057.05,1854,6.3496,Broad-billed warbler,44.21,7
Tigriornis leucolopha,Ardeidae,Pelecaniformes,846.0,3869151.96,1846,5.3101,White-crested tiger heron,89.53,6
Tigrisoma fasciatum,Ardeidae,Pelecaniformes,850.0,1533469.08,1825,5.7697,Fasciated tiger heron,176.19,39
Tigrisoma lineatum,Ardeidae,Pelecaniformes,812.99,13239678.28,1783,5.6593,Rufescent tiger heron,312.65,40
Tigrisoma mexicanum,Ardeidae,Pelecaniformes,1154.38,928353.01,1834,5.6884,Bare-throated tiger heron,460.77,36
Tilmatura dupontii,Trochilidae,Caprimulgiformes,2.2,299191.54,1832,7.6124,Sparkling-tailed woodstar,45.08,47
Timalia pileata,Timaliidae,Passeriformes,16.0,2665313.17,1821,6.2675,Chestnut-capped babbler,87.31,8
Timeliopsis fulvigula,Meliphagidae,Passeriformes,18.3,137140.89,1871,5.0113,Olive straightbill,21.93,6
Tinamotis ingoufi,Tinamidae,Struthioniformes,950.0,403733.45,1890,5.0451,Patagonian tinamou,121.01,22
Tinamotis pentlandii,Tinamidae,Struthioniformes,650.0,632710.16,1837,5.2736,Puna tinamou,123.49,18
Tinamus guttatus,Tinamidae,Struthioniformes,686.18,3971186.8,1863,4.5654,White-throated tinamou,127.77,22
Tinamus major,Tinamidae,Struthioniformes,1026.21,7672718.39,1789,5.158,Great tinamou,475.12,67
Tinamus osgoodi,Tinamidae,Struthioniformes,1285.0,28701.74,1949,4.7396,Black tinamou,130.58,32
Tinamus solitarius,Tinamidae,Struthioniformes,1386.41,1069608.94,1819,5.3065,Solitary tinamou,189.49,52
Tinamus tao,Tinamidae,Struthioniformes,1600.1,3810389.02,1815,4.7561,Grey tinamou,221.95,46
Tityra inquisitor,Tityridae,Passeriformes,43.1,11190798.84,1823,5.6223,Black-crowned tityra,78.28,25
Tityra semifasciata,Tityridae,Passeriformes,79.3,6821138.58,1825,6.1025,Masked tityra,162.73,30
Tmetothylacus tenellus,Motacillidae,Passeriformes,20.1,1285795.15,1878,6.1625,Golden pipit,106.48,8
Tockus damarensis,Bucerotidae,Bucerotiformes,210.0,391002.99,1888,6.1073,Damara red-billed hornbill,153.03,7
Tockus deckeni,Bucerotidae,Bucerotiformes,167.72,1628868.18,1868,5.3323,Von der Decken's hornbill,456.15,15
Tockus flavirostris,Bucerotidae,Bucerotiformes,216.69,1449740.43,1835,6.7094,Eastern yellow-billed hornbill,247.47,9
Tockus jacksoni,Bucerotidae,Bucerotiformes,167.72,112777.06,1891,6.43,Jackson's hornbill,154.81,7
Tockus leucomelas,Bucerotidae,Bucerotiformes,188.27,1820119.32,1842,6.0222,Southern yellow-billed hornbill,873.12,32
Tockus monteiri,Bucerotidae,Bucerotiformes,289.82,399497.56,1865,5.7921,Monteiro's hornbill,160.34,15
Todiramphus albonotatus,Alcedinidae,Coraciiformes,32.0,30015.58,1884,6.954,White-mantled kingfisher,78.42,7
Todiramphus australasia,Alcedinidae,Coraciiformes,43.0,54650.76,1818,7.529,Cinnamon-banded kingfisher,55.2,6
Todiramphus diops,Alcedinidae,Coraciiformes,47.37,25186.57,1824,7.4582,Blue-and-white kingfisher,80.47,5
Todiramphus enigma,Alcedinidae,Coraciiformes,66.1,1018.35,1904,5.5828,Talaud kingfisher,55.78,5
Todiramphus farquhari,Alcedinidae,Coraciiformes,38.8,5637.52,1899,7.3863,Vanuatu kingfisher,70.35,8
Todiramphus funebris,Alcedinidae,Coraciiformes,126.0,18106.9,1850,6.7952,Sombre kingfisher,57.23,9
Todiramphus godeffroyi,Alcedinidae,Coraciiformes,63.35,67.5,1877,7.5086,Marquesan kingfisher,108.44,11
Todiramphus lazuli,Alcedinidae,Coraciiformes,47.4,18388.64,1830,7.9953,Lazuli kingfisher,72.88,7
Todiramphus leucopygius,Alcedinidae,Coraciiformes,47.92,23194.38,1858,7.2618,Ultramarine kingfisher,63.12,8
Todiramphus macleayii,Alcedinidae,Coraciiformes,37.3,1023997.36,1830,7.6194,Forest kingfisher,379.97,11
Todiramphus nigrocyaneus,Alcedinidae,Coraciiformes,54.2,463339.63,1862,7.029,Blue-black kingfisher,85.43,7
Todiramphus pelewensis,Alcedinidae,Coraciiformes,62.2,445.07,1891,6.0683,Rusty-capped kingfisher,85.99,5
Todiramphus pyrrhopygius,Alcedinidae,Coraciiformes,51.7,7435153.36,1841,6.2661,Red-backed kingfisher,190.38,6
Todiramphus recurvirostris,Alcedinidae,Coraciiformes,52.96,2877.15,1842,7.2147,Flat-billed kingfisher,65.61,5
Todiramphus reichenbachii,Alcedinidae,Coraciiformes,62.2,354.06,1852,6.9701,Pohnpei kingfisher,96.34,8
Todiramphus sanctus,Alcedinidae,Coraciiformes,52.96,5939587.69,1827,7.2406,Sacred kingfisher,1453.67,26
Todiramphus saurophagus,Alcedinidae,Coraciiformes,126.0,134276.08,1843,6.9138,Beach kingfisher,82.28,14
Todiramphus tutus,Alcedinidae,Coraciiformes,42.32,447.02,1788,6.1421,Chattering kingfisher,73.88,12
Todiramphus winchelli,Alcedinidae,Coraciiformes,67.39,133080.36,1877,6.505,Rufous-lored kingfisher,40.93,10
Todirostrum chrysocrotaphum,Tyrannidae,Passeriformes,7.0,4205502.11,1850,6.1916,Yellow-browed tody-flycatcher,24.24,16
Todirostrum cinereum,Tyrannidae,Passeriformes,6.29,8243668.88,1766,6.4813,Common tody-flycatcher,213.91,38
Todirostrum maculatum,Tyrannidae,Passeriformes,7.3,4363496.68,1806,6.1412,Spotted tody-flycatcher,30.88,15
Todirostrum nigriceps,Tyrannidae,Passeriformes,6.5,401251.44,1855,5.9683,Black-headed tody-flycatcher,30.62,8
Todirostrum pictum,Tyrannidae,Passeriformes,6.8,1704255.68,1897,6.5761,Painted tody-flycatcher,23.39,14
Todirostrum poliocephalum,Tyrannidae,Passeriformes,5.6,465051.92,1831,6.1418,Yellow-lored tody-flycatcher,33.27,18
Todirostrum viridanum,Tyrannidae,Passeriformes,6.5,24015.08,1927,5.6465,Maracaibo tody-flycatcher,19.63,7
Todus angustirostris,Todidae,Coraciiformes,7.5,74117.21,1851,7.2922,Narrow-billed tody,113.12,8
Todus mexicanus,Todidae,Coraciiformes,5.9,8774.42,1838,7.4275,Puerto Rican tody,432.29,15
Todus multicolor,Todidae,Coraciiformes,5.9,109693.07,1837,7.6596,Cuban tody,504.77,11
Todus subulatus,Todidae,Coraciiformes,8.7,74799.65,1847,7.5614,Broad-billed tody,171.5,12
Todus todus,Todidae,Coraciiformes,6.4,11021.79,1758,7.6116,Jamaican tody,260.7,6
Tolmomyias poliocephalus,Tyrannidae,Passeriformes,10.8,6112774.74,1884,5.594,Grey-crowned flatbill,40.76,26
Tolmomyias sulphurescens,Tyrannidae,Passeriformes,14.3,12413249.74,1825,5.3709,Yellow-olive flatbill,69.59,47
Tolmomyias traylori,Tyrannidae,Passeriformes,11.5,270037.12,1997,5.5386,Orange-eyed flatbill,29.1,10
Topaza pella,Trochilidae,Caprimulgiformes,12.11,1678442.91,1758,7.8275,Crimson topaz,411.12,24
Topaza pyra,Trochilidae,Caprimulgiformes,12.11,2026785.18,1846,7.3429,Fiery topaz,213.88,21
Torgos tracheliotos,Accipitridae,Accipitriformes,6969.0,8489832.71,1796,5.2042,Lappet-faced vulture,2852.07,57
Torreornis inexpectata,Passerellidae,Passeriformes,25.5,4568.06,1927,5.5813,Zapata sparrow,114.53,18
Touit batavicus,Psittacidae,Psittaciformes,55.0,333487.33,1783,6.8974,Lilac-tailed parrotlet,180.8,13
Touit costaricensis,Psittacidae,Psittaciformes,80.0,9984.12,1913,7.3829,Red-fronted parrotlet,109.5,42
Touit dilectissimus,Psittacidae,Psittaciformes,65.0,132570.47,1871,6.3167,Blue-fronted parrotlet,117.12,8
Touit huetii,Psittacidae,Psittaciformes,60.0,3167705.16,1830,6.8672,Scarlet-shouldered parrotlet,130.72,21
Touit melanonotus,Psittacidae,Psittaciformes,66.51,14296.54,1820,6.5912,Brown-backed parrotlet,116.96,25
Touit purpuratus,Psittacidae,Psittaciformes,59.7,3821297.27,1788,6.7596,Sapphire-rumped parrotlet,114.19,8
Touit stictopterus,Psittacidae,Psittaciformes,78.8,32941.14,1862,6.1575,Spot-winged parrotlet,76.99,25
Touit surdus,Psittacidae,Psittaciformes,51.0,98992.48,1820,5.976,Golden-tailed parrotlet,82.62,30
Toxorhamphus novaeguineae,Melanocharitidae,Passeriformes,11.78,463594.81,1827,5.8791,Yellow-bellied longbill,31.23,5
Toxorhamphus poliopterus,Melanocharitidae,Passeriformes,11.35,179355.79,1882,5.1472,Slaty-headed longbill,26.48,8
Toxostoma bendirei,Mimidae,Passeriformes,62.19,822797.04,1873,4.8707,Bendire's thrasher,246.12,27
Toxostoma cinereum,Mimidae,Passeriformes,58.95,99643.4,1860,4.8277,Gray thrasher,79.14,19
Toxostoma crissale,Mimidae,Passeriformes,62.7,1010689.86,1858,4.971,Crissal thrasher,228.34,23
Toxostoma curvirostre,Mimidae,Passeriformes,80.54,2044910.56,1827,4.885,Curve-billed thrasher,1056.67,54
Toxostoma guttatum,Mimidae,Passeriformes,52.8,24.89,1885,4.7961,Cozumel thrasher,425.76,26
Toxostoma lecontei,Mimidae,Passeriformes,61.9,251262.3,1851,5.3507,LeConte's thrasher,241.83,32
Toxostoma longirostre,Mimidae,Passeriformes,67.6,300961.71,1838,4.684,Long-billed thrasher,325.28,26
Toxostoma ocellatum,Mimidae,Passeriformes,84.29,88725.79,1862,5.1739,Ocellated thrasher,62.79,34
Toxostoma redivivum,Mimidae,Passeriformes,84.4,167320.21,1845,5.399,California thrasher,523.68,65
Toxostoma rufum,Mimidae,Passeriformes,68.8,5678627.88,1758,5.4022,Brown thrasher,8495.52,66
Trachyphonus erythrocephalus,Lybiidae,Piciformes,63.5,1574108.27,1878,6.63,Red-and-yellow barbet,350.52,10
Trachyphonus margaritatus,Lybiidae,Piciformes,64.0,2214289.93,1828,6.3829,Yellow-breasted barbet,47.03,9
Trachyphonus vaillantii,Lybiidae,Piciformes,69.4,3120428.04,1821,5.7477,Crested barbet,758.42,16
Tragopan blythii,Phasianidae,Galliformes,1930.0,48259.37,1870,6.4611,Blyth's tragopan,1246.95,53
Tragopan caboti,Phasianidae,Galliformes,1122.49,396418.35,1857,5.2233,Cabot's tragopan,601.56,62
Tragopan melanocephalus,Phasianidae,Galliformes,1613.19,21593.78,1829,5.2898,Western tragopan,1546.69,57
Tragopan satyra,Phasianidae,Galliformes,1417.03,99176.64,1758,6.9902,Satyr tragopan,868.29,50
Tragopan temminckii,Phasianidae,Galliformes,1163.38,1261852.14,1831,5.4715,Temminck's tragopan,917.64,50
Tregellasia capito,Petroicidae,Passeriformes,13.9,155466.5,1854,6.8678,Pale-yellow robin,135.75,9
Tregellasia leucops,Petroicidae,Passeriformes,15.57,201214.41,1876,6.2585,White-faced robin,41.75,10
Treron affinis,Columbidae,Columbiformes,234.0,184675.97,1840,5.7243,Grey-fronted green pigeon,218.02,10
Treron apicauda,Columbidae,Columbiformes,217.19,1630253.65,1846,6.2048,Pin-tailed green pigeon,115.6,13
Treron aromaticus,Columbidae,Columbiformes,234.0,8554.31,1789,5.5187,Buru green pigeon,72.53,10
Treron australis,Columbidae,Columbiformes,229.0,505554.32,1771,6.145,Madagascar green pigeon,65.25,10
Treron axillaris,Columbidae,Columbiformes,234.0,275189.62,1855,5.1123,Philippine green pigeon,160.83,4
Treron bicinctus,Columbidae,Columbiformes,174.0,2448171.73,1840,6.2668,Orange-breasted green pigeon,361.09,14
Treron capellei,Columbidae,Columbiformes,401.33,1127623.03,1822,5.6076,Large green pigeon,104.01,9
Treron chloropterus,Columbidae,Columbiformes,234.0,6117.84,1845,5.9972,Andaman green pigeon,100.25,14
Treron curvirostra,Columbidae,Columbiformes,134.45,3273169.54,1789,6.1662,Thick-billed green pigeon,305.02,13
Treron floris,Columbidae,Columbiformes,205.65,37609.37,1864,5.9668,Flores green pigeon,67.5,12
Treron fulvicollis,Columbidae,Columbiformes,167.0,932158.97,1827,5.8368,Cinnamon-headed green pigeon,112.28,10
Treron griseicauda,Columbidae,Columbiformes,205.65,245187.84,1855,6.0418,Grey-cheeked green pigeon,72.72,3
Treron griveaudi,Columbidae,Columbiformes,229.0,63.88,1960,5.7853,Comoro green pigeon,10.49,6
Treron olax,Columbidae,Columbiformes,77.0,1359140.89,1823,6.2678,Little green pigeon,137.1,6
Treron oxyurus,Columbidae,Columbiformes,205.65,95078.12,1823,5.7607,Sumatran green pigeon,77.37,9
Treron pembaensis,Columbidae,Columbiformes,205.65,908.29,1940,5.3231,Pemba green pigeon,76.19,10
Treron phayrei,Columbidae,Columbiformes,187.0,1719830.14,1862,5.6114,Ashy-headed green pigeon,109.38,12
Treron phoenicopterus,Columbidae,Columbiformes,235.0,4843995.11,1790,6.4597,Yellow-footed green pigeon,2864.82,15
Treron pompadora,Columbidae,Columbiformes,234.0,65443.57,1789,6.6015,Sri Lanka green pigeon,224.56,11
Treron psittaceus,Columbidae,Columbiformes,205.65,21010.32,1808,5.4715,Timor green pigeon,89.04,9
Treron sanctithomae,Columbidae,Columbiformes,205.65,856.75,1789,5.6884,São Tomé green pigeon,65.03,10
Treron seimundi,Columbidae,Columbiformes,157.79,219840.39,1910,5.3515,Yellow-vented green pigeon,75.78,2
Treron sieboldii,Columbidae,Columbiformes,245.0,2159328.24,1835,6.4792,White-bellied green pigeon,331.89,23
Treron sphenurus,Columbidae,Columbiformes,210.0,1738455.55,1832,6.225,Wedge-tailed green pigeon,140.09,17
Treron teysmannii,Columbidae,Columbiformes,205.65,6075.21,1879,5.6831,Sumba green pigeon,67.39,6
Treron vernans,Columbidae,Columbiformes,132.0,2260914.59,1771,5.8925,Pink-necked green pigeon,1927.68,21
Treron waalia,Columbidae,Columbiformes,254.0,5454383.59,1793,6.4529,Bruce's green pigeon,196.82,22
Tribonyx mortierii,Rallidae,Gruiformes,1291.83,35850.34,1840,5.1543,Tasmanian nativehen,1452.26,5
Tribonyx ventralis,Rallidae,Gruiformes,386.31,4599237.18,1837,5.1965,Black-tailed nativehen,171.3,7
Trichodere cockerelli,Meliphagidae,Passeriformes,14.65,62694.1,1869,4.9546,White-streaked honeyeater,62.71,14
Trichoglossus capistratus,Psittacidae,Psittaciformes,113.25,43318.99,1811,7.1423,Marigold lorikeet,220.21,10
Trichoglossus chlorolepidotus,Psittacidae,Psittaciformes,87.1,1066541.06,1820,6.2563,Scaly-breasted lorikeet,737.55,30
Trichoglossus euteles,Psittacidae,Psittaciformes,73.7,37893.11,1835,6.6959,Olive-headed lorikeet,175.78,13
Trichoglossus flavoviridis,Psittacidae,Psittaciformes,90.5,4102.71,1863,6.4644,Sula lorikeet,67.91,8
Trichoglossus forsteni,Psittacidae,Psittaciformes,113.25,24604.96,1850,5.8978,Sunset lorikeet,247.44,13
Trichoglossus iris,Psittacidae,Psittaciformes,55.2,31218.7,1835,6.1755,Iris lorikeet,190.36,4
Trichoglossus johnstoniae,Psittacidae,Psittaciformes,55.2,8694.55,1903,6.0518,Mindanao lorikeet,188.82,15
Trichoglossus moluccanus,Psittacidae,Psittaciformes,113.25,1524656.11,1788,7.1154,Rainbow lorikeet,13936.31,36
Trichoglossus ornatus,Psittacidae,Psittaciformes,120.0,172993.28,1758,6.4998,Ornate lorikeet,278.42,18
Trichoglossus rubiginosus,Psittacidae,Psittaciformes,77.5,355.65,1850,6.7042,Pohnpei lorikeet,182.78,9
Trichoglossus rubritorquis,Psittacidae,Psittaciformes,113.25,860530.55,1827,7.0128,Red-collared lorikeet,651.83,10
Trichoglossus weberi,Psittacidae,Psittaciformes,113.25,13936.58,1894,6.8998,Leaf lorikeet,124.7,8
Tricholaema diademata,Lybiidae,Piciformes,30.6,578757.82,1861,6.1867,Red-fronted barbet,49.14,11
Tricholaema frontata,Lybiidae,Piciformes,26.83,1375938.26,1880,6.1706,Miombo pied barbet,31.48,5
Tricholaema hirsuta,Lybiidae,Piciformes,55.2,3734843.08,1821,5.231,Hairy-breasted barbet,126.98,10
Tricholaema lacrymosa,Lybiidae,Piciformes,22.9,1269448.61,1878,5.7579,Spot-flanked barbet,38.17,6
Tricholaema leucomelas,Lybiidae,Piciformes,32.2,3123368.53,1783,6.5451,Acacia pied barbet,190.68,10
Tricholaema melanocephala,Lybiidae,Piciformes,20.45,1969018.58,1829,6.0231,Black-throated barbet,39.78,7
Tricholestes criniger,Pycnonotidae,Passeriformes,17.1,1220380.84,1845,5.4817,Hairy-backed bulbul,56.48,17
Trichothraupis melanops,Thraupidae,Passeriformes,22.58,2473090.35,1818,5.7852,Black-goggled tanager,54.95,42
Triclaria malachitacea,Psittacidae,Psittaciformes,90.0,30242.84,1824,6.567,Blue-bellied parrot,295.86,26
Trigonoceps occipitalis,Accipitridae,Accipitriformes,3016.0,6011586.35,1824,5.4696,White-headed vulture,1687.0,66
Tringa brevipes,Scolopacidae,Charadriiformes,127.0,2714985.56,1816,5.7062,Grey-tailed tattler,259.42,52
Tringa erythropus,Scolopacidae,Charadriiformes,158.0,3716042.92,1764,5.6451,Spotted redshank,670.08,106
Tringa flavipes,Scolopacidae,Charadriiformes,77.5,4592693.99,1789,5.5184,Lesser yellowlegs,807.83,134
Tringa glareola,Scolopacidae,Charadriiformes,62.05,16979550.25,1758,5.6809,Wood sandpiper,1085.99,148
Tringa guttifer,Scolopacidae,Charadriiformes,158.0,245099.51,1835,5.8921,Nordmann's greenshank,307.52,80
Tringa incana,Scolopacidae,Charadriiformes,108.24,1273879.07,1789,5.2629,Wandering tattler,449.65,53
Tringa melanoleuca,Scolopacidae,Charadriiformes,161.74,4407162.64,1789,5.832,Greater yellowlegs,918.49,103
Tringa nebularia,Scolopacidae,Charadriiformes,187.0,12134126.53,1767,6.0154,Common greenshank,1164.82,121
Tringa ochropus,Scolopacidae,Charadriiformes,71.4,15230538.62,1758,5.6303,Green sandpiper,879.92,118
Tringa semipalmata,Scolopacidae,Charadriiformes,245.7,2508839.89,1789,5.7195,,,80
Tringa solitaria,Scolopacidae,Charadriiformes,48.4,5546518.4,1813,5.6309,Solitary sandpiper,637.77,85
Tringa stagnatilis,Scolopacidae,Charadriiformes,77.5,7597346.84,1803,5.8686,Marsh sandpiper,548.16,99
Tringa totanus,Scolopacidae,Charadriiformes,129.0,19709237.23,1758,6.0434,Common redshank,1741.09,202
Trochalopteron affine,Leiotrichidae,Passeriformes,72.66,740183.99,1843,6.1103,Black-faced laughingthrush,73.09,13
Trochalopteron austeni,Leiotrichidae,Passeriformes,59.0,52814.57,1870,6.0849,Brown-capped laughingthrush,42.23,7
Trochalopteron chrysopterum,Leiotrichidae,Passeriformes,71.7,156166.46,1835,5.9622,Assam laughingthrush,40.65,7
Trochalopteron elliotii,Leiotrichidae,Passeriformes,45.0,1030829.66,1870,6.068,Elliot's laughingthrush,43.17,30
Trochalopteron erythrocephalum,Leiotrichidae,Passeriformes,71.7,334402.42,1832,6.3926,Chestnut-crowned laughingthrush,108.72,16
Trochalopteron formosum,Leiotrichidae,Passeriformes,94.5,136654.0,1869,5.814,Red-winged laughingthrush,74.33,17
Trochalopteron henrici,Leiotrichidae,Passeriformes,65.0,128966.08,1892,5.3736,Brown-cheeked laughingthrush,20.35,11
Trochalopteron imbricatum,Leiotrichidae,Passeriformes,40.7,27992.14,1843,5.6595,Bhutan laughingthrush,37.87,7
Trochalopteron lineatum,Leiotrichidae,Passeriformes,40.7,395193.54,1831,5.3295,Streaked laughingthrush,145.97,13
Trochalopteron melanostigma,Leiotrichidae,Passeriformes,71.7,477430.65,1855,5.805,Silver-eared laughingthrush,48.53,6
Trochalopteron milnei,Leiotrichidae,Passeriformes,79.5,1489338.52,1874,6.5799,Red-tailed laughingthrush,153.49,22
Trochalopteron morrisonianum,Leiotrichidae,Passeriformes,73.1,13167.81,1906,6.0251,White-whiskered laughingthrush,101.38,8
Trochalopteron ngoclinhense,Leiotrichidae,Passeriformes,76.7,154.32,1999,6.081,Golden-winged laughingthrush,38.67,10
Trochalopteron peninsulae,Leiotrichidae,Passeriformes,71.7,14838.97,1887,5.7562,Malayan laughingthrush,35.53,7
Trochalopteron squamatum,Leiotrichidae,Passeriformes,83.99,639106.38,1835,6.5979,Blue-winged laughingthrush,56.99,9
Trochalopteron subunicolor,Leiotrichidae,Passeriformes,65.93,340826.36,1843,5.8508,Scaly laughingthrush,43.87,11
Trochalopteron variegatum,Leiotrichidae,Passeriformes,64.5,281662.13,1831,6.0065,Variegated laughingthrush,51.71,12
Trochalopteron virgatum,Leiotrichidae,Passeriformes,48.0,112099.79,1874,5.0574,Striped laughingthrush,38.76,5
Trochalopteron yersini,Leiotrichidae,Passeriformes,78.64,719.17,1919,6.7436,Collared laughingthrush,59.87,10
Trochocercus nitens,Monarchidae,Passeriformes,11.8,3680877.59,1859,5.44,Blue-headed crested flycatcher,40.45,9
Troglodytes cobbi,Troglodytidae,Passeriformes,19.1,283.46,1909,6.05,Cobb's wren,222.99,6
Troglodytes hiemalis,Troglodytidae,Passeriformes,8.9,3348061.18,1819,6.366,Winter wren,1699.06,31
Troglodytes monticola,Troglodytidae,Passeriformes,9.0,1330.6,1899,6.0071,Santa Marta wren,41.04,19
Troglodytes ochraceus,Troglodytidae,Passeriformes,9.4,17334.67,1882,5.7795,Ochraceous wren,42.4,12
Troglodytes pacificus,Troglodytidae,Passeriformes,9.4,1829701.25,1864,6.3352,Pacific wren,742.14,37
Troglodytes rufociliatus,Troglodytidae,Passeriformes,10.0,135313.92,1882,5.5149,Rufous-browed wren,53.52,11
Troglodytes rufulus,Troglodytidae,Passeriformes,16.08,67695.09,1848,4.7986,Tepui wren,36.52,14
Troglodytes sissonii,Troglodytidae,Passeriformes,7.8,135.11,1868,5.2459,Socorro wren,91.94,16
Troglodytes solstitialis,Troglodytidae,Passeriformes,11.4,553583.66,1859,5.3399,Mountain wren,56.17,14
Troglodytes tanneri,Troglodytidae,Passeriformes,12.0,32.72,1890,5.1656,Clarión wren,94.16,13
Troglodytes troglodytes,Troglodytidae,Passeriformes,9.74,15761767.29,1758,5.2496,Eurasian wren,7284.62,262
Trogon bairdii,Trogonidae,Trogoniformes,94.4,12518.07,1868,6.9648,Baird's trogon,98.04,20
Trogon chionurus,Trogonidae,Trogoniformes,89.69,242213.58,1871,6.877,White-tailed trogon,105.67,8
Trogon citreolus,Trogonidae,Trogoniformes,79.0,124015.58,1835,6.6168,Citreoline trogon,93.13,35
Trogon clathratus,Trogonidae,Trogoniformes,130.0,16280.05,1866,7.2995,Lattice-tailed trogon,76.72,23
Trogon collaris,Trogonidae,Trogoniformes,65.43,6799060.77,1817,7.1782,Collared trogon,243.43,41
Trogon comptus,Trogonidae,Trogoniformes,114.0,79435.54,1948,7.0393,Chocó trogon,57.98,12
Trogon curucui,Trogonidae,Trogoniformes,54.0,7396318.69,1766,6.8783,Blue-crowned trogon,119.06,29
Trogon massena,Trogonidae,Trogoniformes,141.0,493358.7,1838,7.5627,Slaty-tailed trogon,205.47,17
Trogon melanocephalus,Trogonidae,Trogoniformes,85.1,443923.31,1836,7.0432,Black-headed trogon,195.04,21
Trogon melanurus,Trogonidae,Trogoniformes,114.0,6755571.08,1838,6.3971,Black-tailed trogon,96.35,28
Trogon mesurus,Trogonidae,Trogoniformes,114.0,56906.51,1863,6.815,Ecuadorian trogon,57.42,9
Trogon mexicanus,Trogonidae,Trogoniformes,71.0,375078.57,1827,7.7179,Mountain trogon,153.0,39
Trogon personatus,Trogonidae,Trogoniformes,63.39,745904.62,1842,7.225,Masked trogon,160.3,38
Trogon rufus,Trogonidae,Trogoniformes,53.8,6666233.02,1788,7.5861,Amazonian black-throated trogon,157.24,45
Trogon viridis,Trogonidae,Trogoniformes,89.69,7907953.76,1766,7.1056,Green-backed trogon,173.28,28
Trugon terrestris,Columbidae,Columbiformes,400.0,651761.91,1849,4.544,Thick-billed ground pigeon,203.42,11
Turacoena manadensis,Columbidae,Columbiformes,208.6,157651.99,1832,6.2725,White-faced cuckoo-dove,87.47,13
Turacoena modesta,Columbidae,Columbiformes,340.0,31634.62,1835,5.2445,Black cuckoo-dove,353.23,7
Turacoena sulaensis,Columbidae,Columbiformes,208.6,4637.38,1900,5.0199,Sula cuckoo-dove,52.14,5
Turdinus atrigularis,Pellorneidae,Passeriformes,66.3,77387.71,1850,5.0716,Black-throated wren-babbler,31.43,7
Turdinus macrodactylus,Pellorneidae,Passeriformes,48.7,129852.78,1844,4.9892,Large wren-babbler,35.82,4
Turdinus marmoratus,Pellorneidae,Passeriformes,41.0,87991.72,1880,5.2868,Marbled wren-babbler,24.87,4
Turdoides bicolor,Leiotrichidae,Passeriformes,78.3,1101560.2,1831,5.7463,Southern pied babbler,202.67,63
Turdoides gymnogenys,Leiotrichidae,Passeriformes,77.0,411624.93,1865,5.7879,Bare-cheeked babbler,40.32,5
Turdoides hartlaubii,Leiotrichidae,Passeriformes,86.2,1716629.63,1868,5.2795,Hartlaub's babbler,47.51,4
Turdoides hindei,Leiotrichidae,Passeriformes,67.6,13807.07,1900,4.6624,Hinde's babbler,50.88,45
Turdoides hypoleuca,Leiotrichidae,Passeriformes,74.0,89042.46,1878,5.8889,Northern pied babbler,41.83,5
Turdoides jardineii,Leiotrichidae,Passeriformes,78.2,5822352.5,1836,4.9917,Arrow-marked babbler,219.07,16
Turdoides leucocephala,Leiotrichidae,Passeriformes,63.28,265511.5,1826,5.0571,White-headed babbler,51.42,4
Turdoides leucopygia,Leiotrichidae,Passeriformes,82.4,693637.92,1837,5.462,White-rumped babbler,30.1,4
Turdoides melanops,Leiotrichidae,Passeriformes,77.0,224027.26,1867,4.9031,Black-faced babbler,46.96,7
Turdoides plebejus,Leiotrichidae,Passeriformes,62.5,5173060.81,1828,5.285,Brown babbler,68.42,9
Turdoides reinwardtii,Leiotrichidae,Passeriformes,78.8,2152069.64,1831,5.2415,Blackcap babbler,53.71,6
Turdoides sharpei,Leiotrichidae,Passeriformes,79.3,532508.01,1891,5.3608,Black-lored babbler,51.17,6
Turdoides squamulata,Leiotrichidae,Passeriformes,69.37,64347.57,1884,5.0896,Scaly babbler,27.63,4
Turdoides tenebrosa,Leiotrichidae,Passeriformes,76.0,294743.09,1883,5.0243,Dusky babbler,24.77,6
Turdus abyssinicus,Turdidae,Passeriformes,67.29,985397.28,1789,5.4903,Abyssinian thrush,124.32,19
Turdus albocinctus,Turdidae,Passeriformes,99.4,375417.67,1840,5.5072,White-collared blackbird,294.39,23
Turdus amaurochalinus,Turdidae,Passeriformes,57.9,3768538.37,1850,5.071,Creamy-bellied thrush,254.53,72
Turdus arthuri,Turdidae,Passeriformes,63.78,653696.29,1914,4.5243,Campina thrush,32.76,15
Turdus atrogularis,Turdidae,Passeriformes,106.0,4253588.68,1819,5.6693,Black-throated thrush,314.1,29
Turdus aurantius,Turdidae,Passeriformes,81.9,11021.79,1789,5.8952,White-chinned thrush,56.09,11
Turdus bewsheri,Turdidae,Passeriformes,63.3,1671.23,1877,5.0464,Comoro thrush,23.94,12
Turdus boulboul,Turdidae,Passeriformes,97.1,895101.39,1790,5.4589,Grey-winged blackbird,327.88,16
Turdus cardis,Turdidae,Passeriformes,58.9,700863.37,1831,5.4703,Japanese thrush,256.77,29
Turdus celaenops,Turdidae,Passeriformes,84.5,785.32,1887,4.8053,Izu thrush,234.89,11
Turdus chrysolaus,Turdidae,Passeriformes,65.4,317940.09,1832,5.5674,Brown-headed thrush,211.23,24
Turdus dissimilis,Turdidae,Passeriformes,74.99,752193.68,1847,5.5461,Black-breasted thrush,134.62,28
Turdus eremita,Turdidae,Passeriformes,90.99,123.54,1855,5.1134,Tristan thrush,480.04,7
Turdus eunomus,Turdidae,Passeriformes,73.18,4386800.98,1831,5.5206,Dusky thrush,519.5,29
Turdus falcklandii,Turdidae,Passeriformes,93.89,987518.62,1824,5.8657,Austral thrush,266.27,53
Turdus feae,Turdidae,Passeriformes,71.0,188621.54,1887,5.3097,Grey-sided thrush,56.06,39
Turdus flavipes,Turdidae,Passeriformes,65.14,940921.44,1818,5.9166,Yellow-legged thrush,109.08,60
Turdus fulviventris,Turdidae,Passeriformes,70.0,71579.24,1858,5.3569,Chestnut-bellied thrush,36.56,13
Turdus fumigatus,Turdidae,Passeriformes,75.7,4070825.39,1823,5.2801,Cocoa thrush,70.77,21
Turdus fuscater,Turdidae,Passeriformes,143.0,411278.64,1837,4.9884,Great thrush,236.57,67
Turdus grayi,Turdidae,Passeriformes,79.5,1125160.83,1838,4.7928,Clay-colored thrush,875.36,102
Turdus haplochrous,Turdidae,Passeriformes,83.99,191947.3,1931,4.5574,Unicolored thrush,28.1,21
Turdus hauxwelli,Turdidae,Passeriformes,69.0,3257190.89,1869,4.7272,Hauxwell's thrush,36.17,21
Turdus helleri,Turdidae,Passeriformes,68.68,154.35,1913,5.6272,Taita thrush,75.12,48
Turdus hortulorum,Turdidae,Passeriformes,66.7,1755458.64,1863,5.526,Grey-backed thrush,131.26,39
Turdus iliacus,Turdidae,Passeriformes,61.2,11966382.53,1758,5.8604,,,102
Turdus infuscatus,Turdidae,Passeriformes,72.4,198275.61,1844,5.615,Black thrush,151.7,18
Turdus jamaicensis,Turdidae,Passeriformes,59.1,11021.79,1789,5.481,White-eyed thrush,39.77,11
Turdus kessleri,Turdidae,Passeriformes,76.26,1057615.83,1876,4.9528,White-backed thrush,23.08,20
Turdus lawrencii,Turdidae,Passeriformes,72.59,3085560.28,1880,5.2365,Lawrence's thrush,38.85,17
Turdus leucomelas,Turdidae,Passeriformes,69.1,7690463.38,1818,4.8654,Pale-breasted thrush,167.37,108
Turdus leucops,Turdidae,Passeriformes,62.4,490113.81,1877,5.745,Pale-eyed thrush,63.56,19
Turdus lherminieri,Turdidae,Passeriformes,105.0,1326.01,1844,5.7041,Forest thrush,77.37,24
Turdus libonyana,Turdidae,Passeriformes,60.6,4390032.16,1836,5.0634,Kurrichane thrush,159.07,15
Turdus ludoviciae,Turdidae,Passeriformes,62.0,12100.21,1895,4.8851,Somali thrush,80.98,25
Turdus maculirostris,Turdidae,Passeriformes,69.6,88017.54,1884,4.9996,Ecuadorian thrush,37.52,17
Turdus mandarinus,Turdidae,Passeriformes,102.73,2503000.65,1850,5.0503,Chinese blackbird,307.75,29
Turdus maranonicus,Turdidae,Passeriformes,70.0,39621.9,1880,4.874,Marañón thrush,24.31,12
Turdus maximus,Turdidae,Passeriformes,89.5,458460.14,1881,5.003,Tibetan blackbird,367.5,15
Turdus menachensis,Turdidae,Passeriformes,75.41,66735.6,1913,5.067,Yemen thrush,69.1,22
Turdus merula,Turdidae,Passeriformes,102.73,10572243.36,1758,5.7538,Common blackbird,27066.32,683
Turdus naumanni,Turdidae,Passeriformes,73.18,2025726.75,1820,4.7305,Naumann's thrush,183.87,39
Turdus nigrescens,Turdidae,Passeriformes,96.0,2072.87,1861,5.8989,Sooty thrush,66.76,18
Turdus nigriceps,Turdidae,Passeriformes,52.7,329668.24,1874,5.5241,Andean slaty thrush,44.65,20
Turdus niveiceps,Turdidae,Passeriformes,61.61,13332.68,1919,5.8006,Taiwan thrush,56.06,4
Turdus nudigenis,Turdidae,Passeriformes,63.89,1554169.64,1848,5.2564,Spectacled thrush,133.51,40
Turdus obscurus,Turdidae,Passeriformes,62.6,4589668.1,1789,5.4761,Eyebrowed thrush,365.84,33
Turdus obsoletus,Turdidae,Passeriformes,74.8,166820.11,1862,4.8031,Pale-vented thrush,35.23,10
Turdus olivaceofuscus,Turdidae,Passeriformes,86.99,856.75,1852,4.8143,São Tomé thrush,44.84,10
Turdus olivaceus,Turdidae,Passeriformes,67.29,399268.73,1766,5.4211,Olive thrush,413.78,12
Turdus olivater,Turdidae,Passeriformes,86.63,227974.73,1848,5.2718,Black-hooded thrush,36.08,16
Turdus pallidus,Turdidae,Passeriformes,72.1,1057257.09,1789,5.083,Pale thrush,226.47,46
Turdus pelios,Turdidae,Passeriformes,65.4,8376209.44,1850,5.2077,African thrush,188.36,26
Turdus philomelos,Turdidae,Passeriformes,67.74,13727296.63,1831,5.8102,Song thrush,10051.37,252
Turdus pilaris,Turdidae,Passeriformes,106.0,15234795.02,1758,5.1516,,,159
Turdus plebejus,Turdidae,Passeriformes,86.33,160186.83,1861,4.5435,Mountain thrush,73.22,15
Turdus poliocephalus,Turdidae,Passeriformes,61.61,246956.25,1802,5.7398,Tasman Sea island thrush,161.0,35
Turdus reevei,Turdidae,Passeriformes,61.0,77222.87,1869,5.4368,Plumbeous-backed thrush,27.06,12
Turdus roehli,Turdidae,Passeriformes,67.29,1676.74,1905,5.6112,Usambara thrush,32.57,9
Turdus rubrocanus,Turdidae,Passeriformes,92.2,1300643.93,1847,6.1751,Chestnut thrush,79.76,34
Turdus ruficollis,Turdidae,Passeriformes,80.55,1734602.08,1776,5.6681,Red-throated thrush,236.65,39
Turdus rufitorques,Turdidae,Passeriformes,72.0,76537.37,1844,5.2241,Rufous-collared thrush,107.16,17
Turdus rufiventris,Turdidae,Passeriformes,69.44,5028683.78,1818,5.2794,Rufous-bellied thrush,1411.08,103
Turdus rufopalliatus,Turdidae,Passeriformes,75.02,478243.9,1840,5.6565,Rufous-backed thrush,200.09,75
Turdus sanchezorum,Turdidae,Passeriformes,68.0,334383.35,2011,4.6922,Várzea thrush,29.61,16
Turdus serranus,Turdidae,Passeriformes,84.9,408915.41,1844,5.1326,Glossy-black thrush,69.88,17
Turdus simillimus,Turdidae,Passeriformes,102.73,454150.62,1839,5.7802,Indian blackbird,463.59,12
Turdus smithi,Turdidae,Passeriformes,77.8,745397.37,1850,4.9706,Karoo thrush,224.05,10
Turdus subalaris,Turdidae,Passeriformes,49.5,535375.56,1887,5.0039,Blacksmith thrush,115.31,31
Turdus swalesi,Turdidae,Passeriformes,74.99,4266.1,1927,5.3978,La Selle thrush,67.72,22
Turdus tephronotus,Turdidae,Passeriformes,49.4,998012.21,1878,5.469,Bare-eyed thrush,53.18,19
Turdus torquatus,Turdidae,Passeriformes,109.0,1567292.49,1758,5.3814,Ring ouzel,1618.97,103
Turdus unicolor,Turdidae,Passeriformes,64.19,227865.96,1833,5.6805,Tickell's thrush,120.28,15
Turdus viscivorus,Turdidae,Passeriformes,117.37,13574080.75,1758,5.8354,Mistle thrush,4245.03,104
Turdus xanthorhynchus,Turdidae,Passeriformes,82.5,46.96,1901,5.1046,Príncipe thrush,40.97,15
Turnix castanotus,Turnicidae,Charadriiformes,82.71,432722.67,1840,4.5702,Chestnut-backed buttonquail,124.61,14
Turnix everetti,Turnicidae,Charadriiformes,28.0,2064.68,1898,4.706,Sumba buttonquail,64.97,6
Turnix hottentottus,Turnicidae,Charadriiformes,50.61,58126.33,1815,4.0563,Fynbos buttonquail,152.4,16
Turnix maculosus,Turnicidae,Charadriiformes,39.14,1110140.42,1815,4.9426,Red-backed buttonquail,159.99,10
Turnix melanogaster,Turnicidae,Charadriiformes,87.06,5948.55,1837,5.191,Black-breasted buttonquail,553.34,14
Turnix nanus,Turnicidae,Charadriiformes,50.61,5641140.28,1850,5.0478,Black-rumped buttonquail,88.47,10
Turnix nigricollis,Turnicidae,Charadriiformes,61.3,593414.34,1789,5.8656,Madagascar buttonquail,67.12,18
Turnix ocellatus,Turnicidae,Charadriiformes,110.0,106157.83,1786,4.8238,Spotted buttonquail,97.43,4
Turnix pyrrhothorax,Turnicidae,Charadriiformes,45.66,4287341.81,1841,5.2837,Red-chested buttonquail,104.28,14
Turnix suscitator,Turnicidae,Charadriiformes,49.1,5511938.06,1789,5.0937,Barred buttonquail,358.92,26
Turnix sylvaticus,Turnicidae,Charadriiformes,52.69,17313380.02,1789,5.2638,Common buttonquail,373.67,47
Turnix tanki,Turnicidae,Charadriiformes,52.79,9318008.55,1843,5.5359,Yellow-legged buttonquail,248.47,16
Turnix velox,Turnicidae,Charadriiformes,44.28,6979116.25,1841,4.3528,Little buttonquail,149.8,11
Turtur abyssinicus,Columbidae,Columbiformes,62.7,3889636.7,1902,5.6263,Black-billed wood dove,102.62,10
Turtur afer,Columbidae,Columbiformes,65.6,10011361.74,1766,5.4972,Blue-spotted wood dove,154.62,17
Turtur brehmeri,Columbidae,Columbiformes,116.0,2760838.43,1865,5.7453,Blue-headed wood dove,126.17,12
Turtur chalcospilos,Columbidae,Columbiformes,60.6,5888722.68,1827,5.9791,Emerald-spotted wood dove,262.74,24
Turtur tympanistria,Columbidae,Columbiformes,70.58,8134665.65,1809,6.006,Tambourine dove,305.88,27
Tychaedon barbata,Muscicapidae,Passeriformes,25.6,1773141.4,1870,5.8623,,,5
Tychaedon coryphoeus,Muscicapidae,Passeriformes,20.4,875738.69,1831,5.3272,,,8
Tychaedon leucosticta,Muscicapidae,Passeriformes,25.42,888229.9,1883,5.5774,Forest scrub robin,30.89,3
Tychaedon quadrivirgata,Muscicapidae,Passeriformes,26.1,1616296.2,1879,5.834,,,3
Tychaedon signata,Muscicapidae,Passeriformes,38.2,167351.0,1850,5.1338,,,5
Tylas eduardi,Vangidae,Passeriformes,46.8,231862.91,1862,5.1116,Tylas vanga,39.24,6
Tympanuchus cupido,Phasianidae,Galliformes,870.08,402889.24,1758,6.2207,Greater prairie-chicken,1042.33,148
Tympanuchus pallidicinctus,Phasianidae,Galliformes,745.82,63286.57,1873,6.1697,Lesser prairie-chicken,225.11,155
Tympanuchus phasianellus,Phasianidae,Galliformes,882.38,6080574.6,1758,5.9733,Sharp-tailed grouse,2298.47,102
Tyranneutes stolzmanni,Pipridae,Passeriformes,7.2,5293137.56,1906,5.5363,Dwarf tyrant-manakin,47.34,14
Tyranneutes virescens,Pipridae,Passeriformes,7.18,1189030.52,1868,5.51,Tiny tyrant-manakin,77.82,16
Tyrannopsis sulphurea,Tyrannidae,Passeriformes,53.6,6496396.06,1825,5.6202,Sulphury flycatcher,41.83,16
Tyrannulus elatus,Tyrannidae,Passeriformes,7.0,6406376.29,1790,5.7269,Yellow-crowned tyrannulet,33.23,18
Tyrannus albogularis,Tyrannidae,Passeriformes,37.1,4233971.75,1856,6.2793,White-throated kingbird,71.01,26
Tyrannus caudifasciatus,Tyrannidae,Passeriformes,42.36,211062.13,1839,5.7226,Loggerhead kingbird,164.96,15
Tyrannus couchii,Tyrannidae,Passeriformes,39.0,551401.87,1858,5.913,Couch's kingbird,265.34,25
Tyrannus crassirostris,Tyrannidae,Passeriformes,55.89,505171.68,1826,5.6361,Thick-billed kingbird,134.21,25
Tyrannus cubensis,Tyrannidae,Passeriformes,93.6,3190.29,1898,5.6212,Giant kingbird,108.4,20
Tyrannus dominicensis,Tyrannidae,Passeriformes,46.5,575526.35,1788,5.9942,Gray kingbird,761.36,49
Tyrannus forficatus,Tyrannidae,Passeriformes,39.3,1445850.08,1789,5.6288,Scissor-tailed flycatcher,3026.93,64
Tyrannus melancholicus,Tyrannidae,Passeriformes,37.4,16505803.88,1819,5.7914,Tropical kingbird,844.58,128
Tyrannus niveigularis,Tyrannidae,Passeriformes,34.4,88235.75,1860,6.1854,Snowy-throated kingbird,46.49,7
Tyrannus savana,Tyrannidae,Passeriformes,31.9,8167916.45,1808,6.4583,Fork-tailed flycatcher,860.67,111
Tyrannus tyrannus,Tyrannidae,Passeriformes,39.85,9124093.16,1758,6.1526,Eastern kingbird,3042.62,88
Tyrannus verticalis,Tyrannidae,Passeriformes,39.6,5067458.79,1823,6.3133,Western kingbird,1511.02,67
Tyrannus vociferans,Tyrannidae,Passeriformes,45.6,1436515.31,1826,5.4977,Cassin's kingbird,504.55,69
Tyto aurantia,Tytonidae,Strigiformes,540.0,35138.49,1881,6.8467,Golden masked owl,488.96,12
Tyto capensis,Tytonidae,Strigiformes,364.74,2692718.84,1834,6.9631,African grass owl,616.84,28
Tyto inexspectata,Tytonidae,Strigiformes,540.0,47061.5,1879,7.3954,Minahasa masked owl,322.12,10
Tyto longimembris,Tytonidae,Strigiformes,423.5,4271719.31,1839,6.8004,Eastern grass owl,648.09,39
Tyto nigrobrunnea,Tytonidae,Strigiformes,631.9,2875.25,1939,5.623,Taliabu masked owl,194.9,10
Tyto rosenbergii,Tytonidae,Strigiformes,364.7,154411.79,1866,7.2583,Sulawesi masked owl,180.59,7
Tyto soumagnei,Tytonidae,Strigiformes,284.0,60630.31,1878,6.6964,Red owl,1247.32,20
Upucerthia albigula,Furnariidae,Passeriformes,39.9,48222.85,1932,4.9556,White-throated earthcreeper,25.6,13
Upucerthia dumetaria,Furnariidae,Passeriformes,48.68,1947260.61,1832,5.0384,Scale-throated earthcreeper,37.96,18
Upucerthia saturatior,Furnariidae,Passeriformes,48.68,121803.39,1900,4.8371,Patagonian forest earthcreeper,30.3,11
Upucerthia validirostris,Furnariidae,Passeriformes,33.6,731195.97,1861,5.2039,Buff-breasted earthcreeper,27.97,17
Upupa epops,Upupidae,Bucerotiformes,66.93,46881685.44,1758,8.0013,Eurasian hoopoe,6232.18,215
Upupa marginata,Upupidae,Bucerotiformes,66.93,530033.96,1860,7.3914,Madagascar hoopoe,226.44,7
Uraeginthus angolensis,Estrildidae,Passeriformes,9.9,3460144.0,1758,6.7479,Blue waxbill,445.5,29
Uraeginthus bengalus,Estrildidae,Passeriformes,9.9,7647838.82,1766,6.8458,Red-cheeked cordon-bleu,664.62,29
Uraeginthus cyanocephalus,Estrildidae,Passeriformes,9.8,756367.53,1897,6.5713,Blue-capped cordon-bleu,168.6,28
Uratelornis chimaera,Brachypteraciidae,Coraciiformes,226.0,10424.48,1895,7.1189,Long-tailed ground roller,565.22,15
Uria aalge,Alcidae,Charadriiformes,991.93,1547284.08,1763,6.2525,Common murre,3648.62,391
Uria lomvia,Alcidae,Charadriiformes,963.99,2199476.8,1758,6.1378,Thick-billed murre,1503.04,232
Urile pelagicus,Phalacrocoracidae,Suliformes,1843.95,1686730.59,1811,4.8578,Pelagic cormorant,669.43,7
Urile penicillatus,Phalacrocoracidae,Suliformes,2224.24,326313.7,1837,5.6332,Brandt's cormorant,781.08,11
Urile urile,Phalacrocoracidae,Suliformes,2117.66,1348091.15,1789,5.0007,Red-faced cormorant,262.6,6
Urochroa bougueri,Trochilidae,Caprimulgiformes,11.4,40202.28,1851,7.5386,Rufous-gaped hillstar,67.7,12
Urochroa leucura,Trochilidae,Caprimulgiformes,11.4,32713.52,1864,7.362,Green-backed hillstar,49.79,13
Urocissa caerulea,Corvidae,Passeriformes,256.98,20500.71,1863,6.6217,Taiwan blue magpie,1540.12,16
Urocissa erythroryncha,Corvidae,Passeriformes,151.52,4461983.11,1783,7.1833,Red-billed blue magpie,1131.97,30
Urocissa flavirostris,Corvidae,Passeriformes,149.19,304129.16,1846,6.6969,Yellow-billed blue magpie,582.84,13
Urocissa ornata,Corvidae,Passeriformes,196.0,5325.88,1829,7.2987,Sri Lanka blue magpie,892.87,15
Urocolius indicus,Coliidae,Coliiformes,52.7,3462430.5,1790,6.0472,Red-faced mousebird,192.29,13
Urocolius macrourus,Coliidae,Coliiformes,45.5,5779732.9,1766,6.0709,Blue-naped mousebird,248.18,12
Urocynchramus pylzowi,Urocynchramidae,Passeriformes,28.62,627499.68,1876,5.8585,Przevalski's finch,74.79,18
Urodynamis taitensis,Cuculidae,Cuculiformes,117.0,108044.47,1787,5.2621,Long-tailed koel,135.87,12
Uroglaux dimorpha,Strigidae,Strigiformes,220.0,181237.67,1874,6.021,Papuan hawk-owl,98.24,11
Urolais epichlorus,Cisticolidae,Passeriformes,11.3,48907.52,1892,4.881,Green longtail,29.65,9
Uromyias agilis,Tyrannidae,Passeriformes,10.1,53360.05,1856,5.4861,Agile tit-tyrant,96.02,11
Uromyias agraphia,Tyrannidae,Passeriformes,9.9,76899.65,1919,5.6694,Unstreaked tit-tyrant,24.99,10
Uropelia campestris,Columbidae,Columbiformes,35.2,1791696.14,1825,5.7223,Long-tailed ground dove,96.21,23
Uropsalis lyra,Caprimulgidae,Caprimulgiformes,71.2,231615.96,1850,5.7572,Lyre-tailed nightjar,94.58,14
Uropsalis segmentata,Caprimulgidae,Caprimulgiformes,42.9,221680.8,1849,5.7945,Swallow-tailed nightjar,50.7,16
Uropsila leucogastra,Troglodytidae,Passeriformes,9.03,409367.84,1837,5.5897,White-bellied wren,69.44,29
Urosphena squameiceps,Scotocercidae,Passeriformes,9.3,1055595.39,1863,6.1589,Asian stubtail,160.2,20
Urosphena subulata,Scotocercidae,Passeriformes,10.3,35526.19,1884,5.5314,Timor stubtail,38.29,5
Urosphena whiteheadi,Scotocercidae,Passeriformes,9.0,131729.06,1888,5.8465,Bornean stubtail,91.28,6
Urosticte benjamini,Trochilidae,Caprimulgiformes,3.9,17377.94,1851,7.0994,Purple-bibbed whitetip,64.38,12
Urosticte ruficrissa,Trochilidae,Caprimulgiformes,4.3,31247.82,1864,6.9455,Rufous-vented whitetip,41.3,17
Urothraupis stolzmanni,Thraupidae,Passeriformes,23.1,36296.61,1885,5.8296,Black-backed bush tanager,26.54,8
Urotriorchis macrourus,Accipitridae,Accipitriformes,492.0,3073602.25,1855,6.4146,Long-tailed hawk,199.78,15
Vanellus albiceps,Charadriidae,Charadriiformes,192.0,7550710.29,1834,5.2651,White-crowned lapwing,136.54,10
Vanellus armatus,Charadriidae,Charadriiformes,156.0,5662037.2,1822,6.2103,Blacksmith lapwing,644.38,23
Vanellus chilensis,Charadriidae,Charadriiformes,327.0,13321164.29,1782,6.4417,Southern lapwing,1816.0,145
Vanellus cinereus,Charadriidae,Charadriiformes,270.0,549695.13,1842,5.8979,Grey-headed lapwing,333.83,59
Vanellus coronatus,Charadriidae,Charadriiformes,165.0,6790147.37,1783,5.5203,Crowned lapwing,480.58,17
Vanellus crassirostris,Charadriidae,Charadriiformes,170.0,3461973.99,1855,5.353,Long-toed lapwing,165.54,15
Vanellus duvaucelii,Charadriidae,Charadriiformes,143.0,1666558.67,1826,6.772,River lapwing,244.32,50
Vanellus gregarius,Charadriidae,Charadriiformes,224.49,1077682.03,1771,5.5648,Sociable lapwing,864.04,66
Vanellus indicus,Charadriidae,Charadriiformes,181.0,7325570.07,1783,5.9337,Red-wattled lapwing,3382.63,75
Vanellus leucurus,Charadriidae,Charadriiformes,132.0,1832228.1,1823,6.1829,White-tailed lapwing,349.98,45
Vanellus lugubris,Charadriidae,Charadriiformes,122.0,3495483.7,1826,5.5647,Senegal lapwing,131.0,14
Vanellus malabaricus,Charadriidae,Charadriiformes,140.0,1885987.77,1783,6.1483,Yellow-wattled lapwing,591.8,16
Vanellus melanocephalus,Charadriidae,Charadriiformes,214.0,179801.06,1845,5.8145,Spot-breasted lapwing,80.92,11
Vanellus melanopterus,Charadriidae,Charadriiformes,184.9,839078.51,1829,5.567,Black-winged lapwing,141.07,10
Vanellus resplendens,Charadriidae,Charadriiformes,214.0,734854.94,1843,5.8593,Andean lapwing,127.7,15
Vanellus senegallus,Charadriidae,Charadriiformes,248.0,11259086.33,1766,5.789,African wattled lapwing,268.93,22
Vanellus spinosus,Charadriidae,Charadriiformes,187.95,8392007.79,1758,6.3735,Spur-winged lapwing,918.73,54
Vanellus superciliosus,Charadriidae,Charadriiformes,150.0,752501.59,1886,5.3288,Brown-chested lapwing,77.35,11
Vanellus tectus,Charadriidae,Charadriiformes,100.0,5265920.67,1783,6.5465,Black-headed lapwing,186.01,10
Vanellus tricolor,Charadriidae,Charadriiformes,184.0,5643954.24,1818,6.5229,Banded lapwing,177.49,11
Vanellus vanellus,Charadriidae,Charadriiformes,218.37,18594755.95,1758,6.7776,Northern lapwing,4641.5,387
Vanga curvirostris,Vangidae,Passeriformes,64.17,499102.36,1766,6.1344,Hook-billed vanga,119.53,10
Vauriella albigularis,Muscicapidae,Passeriformes,35.66,23404.43,1894,4.8084,White-throated jungle flycatcher,38.52,7
Vauriella goodfellowi,Muscicapidae,Passeriformes,31.7,7732.35,1905,5.7262,Slaty-backed jungle flycatcher,25.37,4
Vauriella gularis,Muscicapidae,Passeriformes,25.1,31180.06,1888,5.7907,Eyebrowed jungle flycatcher,53.41,8
Vauriella insignis,Muscicapidae,Passeriformes,28.7,9756.91,1895,5.5793,White-browed jungle flycatcher,24.56,7
Veles binotatus,Caprimulgidae,Caprimulgiformes,63.0,701719.54,1850,5.327,Brown nightjar,68.91,4
Veniliornis affinis,Picidae,Piciformes,34.83,5386514.86,1821,6.5118,Red-stained woodpecker,38.58,17
Veniliornis callonotus,Picidae,Piciformes,26.47,136187.78,1841,6.1756,Scarlet-backed woodpecker,50.71,13
Veniliornis cassini,Picidae,Piciformes,34.6,1226065.0,1862,6.6345,Golden-collared woodpecker,33.23,10
Veniliornis chocoensis,Picidae,Piciformes,30.0,79496.04,1919,6.141,Chocó woodpecker,25.92,20
Veniliornis dignus,Picidae,Piciformes,37.6,95384.15,1877,5.772,Yellow-vented woodpecker,37.5,7
Veniliornis frontalis,Picidae,Piciformes,36.7,102721.22,1883,5.7309,Dot-fronted woodpecker,28.68,13
Veniliornis kirkii,Picidae,Piciformes,28.8,705329.29,1845,5.8546,Red-rumped woodpecker,63.36,15
Veniliornis lignarius,Picidae,Piciformes,34.0,597481.81,1782,6.1814,Striped woodpecker,75.01,17
Veniliornis maculifrons,Picidae,Piciformes,38.69,253876.59,1824,6.436,Yellow-eared woodpecker,35.27,15
Veniliornis mixtus,Picidae,Piciformes,28.74,3645052.22,1783,5.5961,Checkered woodpecker,59.48,11
Veniliornis nigriceps,Picidae,Piciformes,43.96,181315.52,1841,5.9441,Bar-bellied woodpecker,38.68,11
Veniliornis passerinus,Picidae,Piciformes,32.1,11102862.12,1766,6.3478,Little woodpecker,73.46,19
Veniliornis sanguineus,Picidae,Piciformes,26.5,36223.6,1793,5.731,Blood-colored woodpecker,38.23,4
Veniliornis spilogaster,Picidae,Piciformes,40.3,1540012.26,1827,6.1559,White-spotted woodpecker,47.76,23
Vermivora chrysoptera,Parulidae,Passeriformes,8.74,946202.7,1766,6.6689,Golden-winged warbler,842.18,210
Vermivora cyanoptera,Parulidae,Passeriformes,8.9,1491745.35,2009,6.769,Blue-winged warbler,736.18,74
Verreauxia africana,Picidae,Piciformes,9.4,2527784.99,1855,5.5404,African piculet,84.05,7
Vidua camerunensis,Viduidae,Passeriformes,12.09,614412.82,1922,5.0242,Cameroon indigobird,56.38,4
Vidua chalybeata,Viduidae,Passeriformes,12.5,6962831.57,1776,6.0704,Village indigobird,308.07,16
Vidua codringtoni,Viduidae,Passeriformes,12.8,219030.79,1907,5.892,Zambezi indigobird,48.86,3
Vidua fischeri,Viduidae,Passeriformes,12.21,1423681.72,1882,6.7937,Straw-tailed whydah,70.9,8
Vidua funerea,Viduidae,Passeriformes,14.33,1390191.12,1847,5.7301,Dusky indigobird,81.06,8
Vidua hypocherina,Viduidae,Passeriformes,11.9,782303.11,1856,6.0163,Steel-blue whydah,83.6,6
Vidua interjecta,Viduidae,Passeriformes,20.6,1775828.32,1922,7.2987,Exclamatory paradise whydah,94.08,6
Vidua larvaticola,Viduidae,Passeriformes,13.1,572282.44,1982,5.5203,Barka indigobird,37.81,5
Vidua macroura,Viduidae,Passeriformes,15.74,13164158.38,1764,6.5768,Pin-tailed whydah,1962.17,53
Vidua maryae,Viduidae,Passeriformes,12.8,12038.87,1982,5.1173,Jos Plateau indigobird,105.98,7
Vidua obtusa,Viduidae,Passeriformes,20.69,3242417.31,1922,6.5465,Broad-tailed paradise whydah,147.22,7
Vidua orientalis,Viduidae,Passeriformes,18.46,2652424.77,1870,5.8843,Sahel paradise whydah,66.21,6
Vidua paradisaea,Viduidae,Passeriformes,20.35,4674400.64,1758,7.052,Long-tailed paradise whydah,408.01,17
Vidua purpurascens,Viduidae,Passeriformes,13.09,995520.21,1883,5.8847,Purple indigobird,79.17,7
Vidua raricola,Viduidae,Passeriformes,11.94,236927.7,1982,5.0594,Jambandu indigobird,45.25,7
Vidua regia,Viduidae,Passeriformes,14.38,1955547.72,1766,6.8928,Shaft-tailed whydah,104.9,9
Vidua togoensis,Viduidae,Passeriformes,15.63,418624.53,1923,6.4669,Togo paradise whydah,44.02,4
Vidua wilsoni,Viduidae,Passeriformes,13.08,2114085.3,1901,6.3086,Wilson's indigobird,37.48,4
Vini australis,Psittacidae,Psittaciformes,49.5,3674.17,1788,7.0853,Blue-crowned lorikeet,322.93,14
Vini kuhlii,Psittacidae,Psittaciformes,40.0,37.9,1824,7.0621,Kuhl's lorikeet,352.54,24
Vini peruviana,Psittacidae,Psittaciformes,29.0,58.62,1776,6.663,Blue lorikeet,656.66,14
Vini stepheni,Psittacidae,Psittaciformes,55.0,41.11,1908,5.9971,Stephen's lorikeet,182.1,13
Vini ultramarina,Psittacidae,Psittaciformes,49.5,81.42,1820,7.1503,Ultramarine lorikeet,384.34,22
Vireo altiloquus,Vireonidae,Passeriformes,18.97,243716.04,1808,5.6792,Black-whiskered vireo,260.31,45
Vireo atricapilla,Vireonidae,Passeriformes,8.99,315128.21,1852,6.0856,Black-capped vireo,441.17,73
Vireo bairdi,Vireonidae,Passeriformes,12.0,488.33,1885,5.4919,Cozumel vireo,113.29,32
Vireo bellii,Vireonidae,Passeriformes,8.5,2636566.53,1844,5.3795,Bell's vireo,757.09,120
Vireo brevipennis,Vireonidae,Passeriformes,11.8,162984.26,1858,6.5751,Slaty vireo,32.55,34
Vireo caribaeus,Vireonidae,Passeriformes,9.3,16.9,1942,5.4278,San Andres vireo,43.32,13
Vireo carmioli,Vireonidae,Passeriformes,13.1,4187.03,1866,5.8432,Yellow-winged vireo,38.81,9
Vireo cassinii,Vireonidae,Passeriformes,14.7,923209.39,1858,5.9996,Cassin's vireo,322.97,50
Vireo chivi,Vireonidae,Passeriformes,16.06,14238457.0,1817,5.0935,Chivi vireo,68.67,16
Vireo crassirostris,Vireonidae,Passeriformes,13.01,14348.95,1859,5.8788,Thick-billed vireo,90.57,15
Vireo flavifrons,Vireonidae,Passeriformes,18.0,3167329.54,1808,5.2838,Yellow-throated vireo,1122.54,34
Vireo flavoviridis,Vireonidae,Passeriformes,17.59,1006388.21,1851,5.9108,Yellow-green vireo,241.93,40
Vireo gilvus,Vireonidae,Passeriformes,12.67,9680437.56,1808,5.5505,Warbling vireo,1580.33,82
Vireo gracilirostris,Vireonidae,Passeriformes,16.5,20.19,1890,5.632,Noronha vireo,75.74,13
Vireo griseus,Vireonidae,Passeriformes,11.4,3034548.86,1783,6.0752,White-eyed vireo,1363.63,75
Vireo gundlachii,Vireonidae,Passeriformes,12.9,109844.77,1850,5.7179,Cuban vireo,62.23,13
Vireo huttoni,Vireonidae,Passeriformes,11.3,1214843.43,1851,5.896,Hutton's vireo,338.8,64
Vireo latimeri,Vireonidae,Passeriformes,12.0,6995.48,1866,5.1495,Puerto Rican vireo,82.55,10
Vireo leucophrys,Vireonidae,Passeriformes,12.3,592873.42,1844,5.8179,Brown-capped vireo,50.93,20
Vireo magister,Vireonidae,Passeriformes,15.4,8592.85,1871,5.3395,Yucatan vireo,59.54,12
Vireo masteri,Vireonidae,Passeriformes,11.2,3161.83,1996,5.6003,Chocó vireo,43.6,13
Vireo modestus,Vireonidae,Passeriformes,9.6,11021.79,1861,5.5978,Jamaican vireo,40.6,9
Vireo nanus,Vireonidae,Passeriformes,10.5,13196.28,1875,5.6122,Flat-billed vireo,34.88,9
Vireo nelsoni,Vireonidae,Passeriformes,9.4,190119.25,1936,5.8321,Dwarf vireo,47.57,32
Vireo olivaceus,Vireonidae,Passeriformes,16.06,8742854.76,1766,5.3286,Red-eyed vireo,3139.52,146
Vireo osburni,Vireonidae,Passeriformes,19.9,11021.79,1861,5.6172,Blue Mountain vireo,44.98,12
Vireo pallens,Vireonidae,Passeriformes,11.0,264054.35,1863,5.8275,Mangrove vireo,62.67,27
Vireo philadelphicus,Vireonidae,Passeriformes,11.5,2750346.28,1851,5.6787,Philadelphia vireo,520.38,33
Vireo plumbeus,Vireonidae,Passeriformes,16.4,1311596.67,1866,5.6967,Plumbeous vireo,239.42,52
Vireo sclateri,Vireonidae,Passeriformes,11.2,292061.96,1883,5.01,Tepui vireo,20.77,7
Vireo solitarius,Vireonidae,Passeriformes,15.3,3329804.9,1810,6.106,Blue-headed vireo,1086.13,52
Vireo vicinior,Vireonidae,Passeriformes,12.8,483115.53,1866,5.4994,Gray vireo,171.78,30
Vireolanius eximius,Vireonidae,Passeriformes,24.0,192116.73,1866,5.9504,Yellow-browed shrike-vireo,28.59,9
Vireolanius melitophrys,Vireonidae,Passeriformes,34.7,170969.25,1850,6.3424,Chestnut-sided shrike-vireo,42.36,18
Vireolanius pulchellus,Vireonidae,Passeriformes,24.0,372658.61,1859,6.5432,Green shrike-vireo,66.85,9
Volatinia jacarina,Thraupidae,Passeriformes,9.94,15248241.41,1766,5.1279,Blue-black grassquit,319.49,84
Vultur gryphus,Cathartidae,Cathartiformes,11236.1,2543680.82,1758,5.5979,Andean condor,23239.19,768
Wetmorethraupis sterrhopteron,Thraupidae,Passeriformes,50.2,4143.75,1964,6.5238,Orange-throated tanager,51.11,29
Willisornis poecilinotus,Thamnophilidae,Passeriformes,18.4,5210711.18,1847,6.1041,Common scale-backed antbird,33.1,20
Xanthocephalus xanthocephalus,Icteridae,Passeriformes,62.68,4756494.14,1826,6.4583,Yellow-headed blackbird,2461.21,66
Xanthomixis apperti,Bernieridae,Passeriformes,14.6,1495.63,1972,5.7712,Appert's tetraka,55.57,16
Xanthomixis cinereiceps,Bernieridae,Passeriformes,18.2,163803.27,1881,5.3273,Grey-crowned tetraka,24.03,12
Xanthomixis zosterops,Bernieridae,Passeriformes,10.85,210073.52,1875,5.7189,Spectacled tetraka,33.63,16
Xanthopsar flavus,Icteridae,Passeriformes,43.0,284991.46,1788,5.967,Saffron-cowled blackbird,76.24,42
Xanthotis flaviventer,Meliphagidae,Passeriformes,39.96,759089.47,1828,5.3621,Tawny-breasted honeyeater,32.9,12
Xanthotis macleayanus,Meliphagidae,Passeriformes,31.0,27328.2,1875,5.8909,Macleay's honeyeater,65.28,9
Xanthotis polygrammus,Meliphagidae,Passeriformes,20.02,420905.85,1862,5.3445,Spotted honeyeater,23.52,9
Xema sabini,Laridae,Charadriiformes,198.0,563350.81,1819,5.9255,Sabine's gull,1259.42,85
Xenerpestes minlosi,Furnariidae,Passeriformes,11.0,108320.34,1886,4.881,Double-banded greytail,21.09,9
Xenerpestes singularis,Furnariidae,Passeriformes,11.6,30318.97,1885,5.9965,Equatorial greytail,19.25,14
Xenicus gilviventris,Acanthisittidae,Passeriformes,17.59,11157.46,1867,6.4762,New Zealand rock wren,482.5,35
Xenocopsychus ansorgei,Muscicapidae,Passeriformes,35.07,40187.62,1907,5.8131,Angola cave chat,20.76,5
Xenoglaux loweryi,Strigidae,Strigiformes,48.0,1624.29,1977,6.457,Long-whiskered owlet,445.12,29
Xenoligea montana,Phaenicophilidae,Passeriformes,12.5,6517.46,1917,6.3775,White-winged warbler,67.12,21
Xenoperdix udzungwensis,Phasianidae,Galliformes,224.94,572.8,1994,4.5455,Udzungwa forest partridge,116.12,12
Xenopipo atronitens,Pipridae,Passeriformes,15.54,1985208.12,1847,5.8094,Black manakin,47.05,22
Xenopipo uniformis,Pipridae,Passeriformes,17.86,70300.47,1884,5.395,Olive manakin,27.69,12
Xenopirostris damii,Vangidae,Passeriformes,59.5,6067.22,1865,5.7455,Van Dam's vanga,58.01,11
Xenopirostris polleni,Vangidae,Passeriformes,61.5,61347.27,1868,5.556,Pollen's vanga,40.4,8
Xenopirostris xenopirostris,Vangidae,Passeriformes,59.5,40589.83,1850,5.3755,Lafresnaye's vanga,46.86,10
Xenops rutilus,Furnariidae,Passeriformes,11.2,6929954.15,1821,5.4729,Streaked xenops,81.58,11
Xenops tenuirostris,Furnariidae,Passeriformes,9.7,3583718.57,1859,5.1876,Slender-billed xenops,35.04,12
Xenopsaris albinucha,Tityridae,Passeriformes,10.0,4453736.32,1869,5.1577,White-naped xenopsaris,440.27,18
Xenornis setifrons,Thamnophilidae,Passeriformes,24.6,5983.1,1924,6.036,Speckled antshrike,20.35,10
Xenospingus concolor,Thraupidae,Passeriformes,21.0,30006.26,1837,5.4293,Slender-billed finch,28.33,17
Xenospiza baileyi,Passerellidae,Passeriformes,17.4,70.08,1931,5.7246,Sierra Madre sparrow,56.69,76
Xenotriccus callizonus,Tyrannidae,Passeriformes,11.2,22237.89,1927,6.534,Belted flycatcher,32.38,30
Xenotriccus mexicanus,Tyrannidae,Passeriformes,13.8,112766.33,1938,5.6433,Pileated flycatcher,26.72,30
Xenus cinereus,Scolopacidae,Charadriiformes,78.8,11623048.49,1775,5.6956,Terek sandpiper,452.45,107
Xiphidiopicus percussus,Picidae,Piciformes,60.86,110277.34,1826,6.1134,Cuban green woodpecker,181.47,13
Xiphocolaptes albicollis,Furnariidae,Passeriformes,118.0,2097683.15,1818,5.1502,White-throated woodcreeper,25.83,22
Xiphocolaptes falcirostris,Furnariidae,Passeriformes,110.0,145006.39,1824,5.3001,Moustached woodcreeper,38.65,22
Xiphocolaptes major,Furnariidae,Passeriformes,156.0,1461863.85,1818,5.6323,Great rufous woodcreeper,36.52,21
Xiphocolaptes promeropirhynchus,Furnariidae,Passeriformes,93.04,4853651.84,1840,5.066,Strong-billed woodcreeper,64.94,42
Xipholena atropurpurea,Cotingidae,Passeriformes,61.32,1836.59,1820,5.2056,White-winged cotinga,46.17,25
Xipholena lamellipennis,Cotingidae,Passeriformes,53.8,1007777.54,1839,6.1998,White-tailed cotinga,34.96,12
Xipholena punicea,Cotingidae,Passeriformes,68.1,3624635.86,1764,6.0839,Pompadour cotinga,213.19,21
Xiphorhynchus atlanticus,Furnariidae,Passeriformes,21.8,326684.31,1916,4.9889,Ceara woodcreeper,23.23,12
Xiphorhynchus elegans,Furnariidae,Passeriformes,34.5,2952108.42,1868,5.5097,Elegant woodcreeper,27.18,14
Xiphorhynchus flavigaster,Furnariidae,Passeriformes,46.19,767413.14,1827,5.2325,Ivory-billed woodcreeper,152.07,26
Xiphorhynchus fuscus,Furnariidae,Passeriformes,21.8,1948346.79,1818,5.6794,Lesser woodcreeper,48.62,32
Xiphorhynchus lachrymosus,Furnariidae,Passeriformes,56.4,271654.21,1862,5.9267,Black-striped woodcreeper,38.02,18
Xiphorhynchus obsoletus,Furnariidae,Passeriformes,32.6,6665026.21,1820,5.4249,Striped woodcreeper,25.36,16
Xiphorhynchus pardalotus,Furnariidae,Passeriformes,34.57,1710329.56,1818,5.1339,Chestnut-rumped woodcreeper,24.07,16
Xiphorhynchus spixii,Furnariidae,Passeriformes,31.2,993444.47,1830,4.9965,Spix's woodcreeper,23.28,16
Xiphorhynchus susurrans,Furnariidae,Passeriformes,46.72,640926.31,1847,5.4247,Cocoa woodcreeper,113.64,20
Xiphorhynchus triangularis,Furnariidae,Passeriformes,46.3,286355.73,1842,4.9494,Olive-backed woodcreeper,22.02,20
Xolmis cinereus,Tyrannidae,Passeriformes,57.1,6894893.41,1816,5.673,Grey monjita,40.07,17
Xolmis coronatus,Tyrannidae,Passeriformes,46.8,761874.7,1823,5.5812,Black-crowned monjita,27.23,18
Xolmis dominicanus,Tyrannidae,Passeriformes,42.8,236129.08,1823,6.3152,Black-and-white monjita,48.45,11
Xolmis irupero,Tyrannidae,Passeriformes,28.7,3570599.32,1823,6.323,White monjita,91.17,18
Xolmis pyrope,Tyrannidae,Passeriformes,35.3,642448.41,1830,5.1928,Fire-eyed diucon,89.97,18
Xolmis rubetra,Tyrannidae,Passeriformes,36.3,685076.84,1860,5.1635,Rusty-backed monjita,22.66,13
Xolmis salinarum,Tyrannidae,Passeriformes,25.1,24940.02,1979,5.6759,Salinas monjita,26.02,7
Xolmis velatus,Tyrannidae,Passeriformes,28.7,3619472.89,1823,5.5622,White-rumped monjita,31.71,18
Yuhina bakeri,Zosteropidae,Passeriformes,17.14,200853.53,1926,6.6025,White-naped yuhina,60.73,10
Yuhina brunneiceps,Zosteropidae,Passeriformes,12.49,13673.61,1906,6.8506,Taiwan yuhina,182.38,21
Yuhina flavicollis,Zosteropidae,Passeriformes,16.91,622981.09,1836,6.4825,Whiskered yuhina,112.38,12
Yuhina gularis,Zosteropidae,Passeriformes,20.78,515717.01,1836,6.2976,Stripe-throated yuhina,71.24,16
Yuhina humilis,Zosteropidae,Passeriformes,14.04,57796.56,1877,6.1468,Burmese yuhina,32.53,5
Yuhina nigrimenta,Zosteropidae,Passeriformes,9.5,2065413.29,1845,6.2947,Black-chinned yuhina,72.88,17
Yuhina occipitalis,Zosteropidae,Passeriformes,13.0,355046.54,1836,6.5406,Rufous-vented yuhina,52.08,10
Zanclostomus javanicus,Cuculidae,Cuculiformes,109.0,1534805.96,1821,5.8175,Red-billed malkoha,76.68,11
Zanda baudinii,Cacatuidae,Psittaciformes,620.0,5966.31,1832,5.7035,Baudin's black cockatoo,620.7,14
Zanda funerea,Cacatuidae,Psittaciformes,674.72,1045925.98,1794,6.4921,Yellow-tailed black cockatoo,4285.02,14
Zanda latirostris,Cacatuidae,Psittaciformes,612.0,41321.0,1948,6.1045,Carnaby's black cockatoo,1761.28,17
Zapornia akool,Rallidae,Gruiformes,131.43,3895470.77,1832,5.9146,Brown crake,118.84,7
Zapornia atra,Rallidae,Gruiformes,77.4,41.11,1908,5.4698,Henderson crake,465.87,11
Zapornia bicolor,Rallidae,Gruiformes,57.3,1389774.52,1872,5.1579,Black-tailed crake,75.86,15
Zapornia flavirostra,Rallidae,Gruiformes,86.2,16710583.49,1837,5.3916,Black crake,334.49,8
Zapornia fusca,Rallidae,Gruiformes,57.27,6674711.81,1766,5.7864,Ruddy-breasted crake,240.13,9
Zapornia olivieri,Rallidae,Gruiformes,86.2,30532.17,1929,5.7184,Sakalava rail,64.08,6
Zapornia parva,Rallidae,Gruiformes,49.7,6785055.74,1769,5.038,Little crake,437.07,25
Zapornia paykullii,Rallidae,Gruiformes,111.0,1588796.19,1813,4.9275,Band-bellied crake,85.59,14
Zapornia pusilla,Rallidae,Gruiformes,35.4,19543407.73,1776,5.3542,Baillon's crake,615.25,32
Zapornia tabuensis,Rallidae,Gruiformes,42.23,2288129.09,1789,5.4123,Spotless crake,262.98,10
Zaratornis stresemanni,Cotingidae,Passeriformes,52.1,43849.89,1954,5.4372,White-cheeked cotinga,34.77,36
Zavattariornis stresemanni,Corvidae,Passeriformes,130.0,4600.83,1938,6.1262,Ethiopian bushcrow,68.0,24
Zebrilus undulatus,Ardeidae,Pelecaniformes,123.0,5812182.01,1789,5.6771,Zigzag heron,488.16,17
Zeledonia coronata,Zeledoniidae,Passeriformes,21.0,5169.99,1889,6.2215,,,25
Zenaida asiatica,Columbidae,Columbiformes,153.0,2959489.41,1758,5.1924,White-winged dove,3219.68,140
Zenaida auriculata,Columbidae,Columbiformes,110.2,11530888.21,1847,5.8425,Eared dove,835.0,188
Zenaida aurita,Columbidae,Columbiformes,156.0,230577.71,1809,6.0825,Zenaida dove,936.4,23
Zenaida galapagoensis,Columbidae,Columbiformes,111.0,8331.05,1841,5.7759,Galápagos dove,279.93,22
Zenaida macroura,Columbidae,Columbiformes,118.93,11131808.01,1758,5.3424,Mourning dove,31924.16,230
Zenaida meloda,Columbidae,Columbiformes,209.18,265815.1,1843,5.8479,West Peruvian dove,235.08,36
Zentrygon albifacies,Columbidae,Columbiformes,238.0,192106.95,1858,4.9705,White-faced quail-dove,65.59,16
Zentrygon carrikeri,Columbidae,Columbiformes,267.0,127.54,1941,5.7032,Tuxtla quail-dove,71.8,44
Zentrygon chiriquensis,Columbidae,Columbiformes,308.0,16384.72,1856,5.5723,Chiriqui quail-dove,59.06,19
Zentrygon costaricensis,Columbidae,Columbiformes,285.09,16523.84,1868,5.779,Buff-fronted quail-dove,64.99,20
Zentrygon frenata,Columbidae,Columbiformes,307.0,442995.43,1843,5.3661,White-throated quail-dove,65.66,11
Zentrygon goldmani,Columbidae,Columbiformes,258.0,6012.31,1912,5.6241,Russet-crowned quail-dove,46.45,11
Zentrygon lawrencii,Columbidae,Columbiformes,220.0,7970.03,1874,5.1797,Purplish-backed quail-dove,55.52,25
Zentrygon linearis,Columbidae,Columbiformes,261.0,162092.83,1843,5.3787,Lined quail-dove,60.37,10
Zimmerius acer,Tyrannidae,Passeriformes,7.13,2616255.56,1883,4.8138,Guianan tyrannulet,35.42,9
Zimmerius albigularis,Tyrannidae,Passeriformes,10.4,72300.96,1924,5.1914,Choco tyrannulet,21.2,6
Zimmerius bolivianus,Tyrannidae,Passeriformes,11.0,111971.31,1840,4.9853,Bolivian tyrannulet,18.06,10
Zimmerius chicomendesi,Tyrannidae,Passeriformes,5.5,19869.14,2013,4.9807,Chico's tyrannulet,39.85,11
Zimmerius chrysops,Tyrannidae,Passeriformes,10.4,387308.82,1859,5.7654,Golden-faced tyrannulet,38.58,23
Zimmerius cinereicapilla,Tyrannidae,Passeriformes,11.8,75707.76,1873,5.5303,Red-billed tyrannulet,26.66,13
Zimmerius gracilipes,Tyrannidae,Passeriformes,7.13,3855220.6,1868,5.5684,Slender-footed tyrannulet,21.05,17
Zimmerius improbus,Tyrannidae,Passeriformes,10.9,24090.83,1871,5.5969,Spectacled tyrannulet,18.26,7
Zimmerius parvus,Tyrannidae,Passeriformes,9.7,223549.9,1862,5.6074,Mistletoe tyrannulet,43.07,8
Zimmerius petersi,Tyrannidae,Passeriformes,10.9,11637.2,1907,5.7785,Venezuelan tyrannulet,18.83,6
Zimmerius vilissimus,Tyrannidae,Passeriformes,9.7,71349.79,1859,5.3863,Guatemalan tyrannulet,43.45,24
Zimmerius villarejoi,Tyrannidae,Passeriformes,6.1,8523.6,2001,5.9651,Mishana tyrannulet,24.23,18
Zimmerius viridiflavus,Tyrannidae,Passeriformes,9.6,89059.91,1844,5.7348,Peruvian tyrannulet,25.98,14
Zonerodius heliosylus,Ardeidae,Pelecaniformes,802.0,654108.95,1828,5.4405,Forest bittern,77.12,11
Zonotrichia albicollis,Passerellidae,Passeriformes,24.4,5662700.85,1789,6.1856,White-throated sparrow,3669.37,204
Zonotrichia atricapilla,Passerellidae,Passeriformes,31.99,1675616.7,1789,5.3662,Golden-crowned sparrow,836.65,66
Zonotrichia capensis,Passerellidae,Passeriformes,20.31,12703362.39,1776,6.2197,Rufous-collared sparrow,838.4,278
Zonotrichia leucophrys,Passerellidae,Passeriformes,28.0,7364178.61,1772,6.2269,White-crowned sparrow,3139.73,276
Zonotrichia querula,Passerellidae,Passeriformes,35.5,1699160.3,1840,5.6934,Harris's sparrow,663.64,48
Zoonavena grandidieri,Apodidae,Caprimulgiformes,8.0,592268.37,1867,4.9741,Madagascar spinetail,25.1,9
Zoonavena sylvatica,Apodidae,Caprimulgiformes,16.0,735766.35,1846,5.2642,White-rumped spinetail,58.34,6
Zoonavena thomensis,Apodidae,Caprimulgiformes,8.0,1008.51,1900,5.2197,São Tomé spinetail,32.38,6
Zoothera andromedae,Turdidae,Passeriformes,90.5,132967.79,1826,5.687,Sunda thrush,43.1,18
Zoothera dixoni,Turdidae,Passeriformes,90.0,975205.34,1881,4.8186,Long-tailed thrush,63.82,13
Zoothera everetti,Turdidae,Passeriformes,81.91,3523.43,1892,5.3678,Everett's thrush,45.82,6
Zoothera griseiceps,Turdidae,Passeriformes,98.19,64430.1,1930,5.3988,Sichuan thrush,38.65,7
Zoothera heinei,Turdidae,Passeriformes,82.8,469278.97,1850,5.3096,Russet-tailed thrush,67.67,14
Zoothera lunulata,Turdidae,Passeriformes,130.0,578456.61,1802,4.9816,Bassian thrush,268.63,16
Zoothera machiki,Turdidae,Passeriformes,81.91,3241.38,1884,4.0103,Fawn-breasted thrush,35.59,5
Zoothera major,Turdidae,Passeriformes,172.0,723.01,1905,5.1461,Amami thrush,110.83,9
Zoothera margaretae,Turdidae,Passeriformes,65.26,965.95,1935,3.8133,Makira thrush,25.48,9
Zoothera marginata,Turdidae,Passeriformes,81.0,939864.56,1847,5.0371,Dark-sided thrush,71.64,16
Zoothera mollissima,Turdidae,Passeriformes,98.19,358711.11,1842,5.4592,Alpine thrush,86.55,31
Zoothera monticola,Turdidae,Passeriformes,126.0,323451.38,1832,4.9999,Long-billed thrush,56.08,12
Zoothera salimalii,Turdidae,Passeriformes,98.19,57810.3,2016,5.3027,Himalayan thrush,165.09,10
Zosterops anomalus,Zosteropidae,Passeriformes,12.0,31315.06,1896,5.6554,Black-ringed white-eye,33.92,5
Zosterops atricapilla,Zosteropidae,Passeriformes,9.2,116342.05,1879,6.1104,Black-capped white-eye,55.94,14
Zosterops atriceps,Zosteropidae,Passeriformes,12.0,23298.99,1861,5.1761,Cream-throated white-eye,30.24,5
Zosterops atrifrons,Zosteropidae,Passeriformes,10.0,51931.65,1864,5.7717,Black-crowned white-eye,35.85,14
Zosterops auriventer,Zosteropidae,Passeriformes,8.6,705487.62,1878,6.4251,Hume's white-eye,55.52,6
Zosterops borbonicus,Zosteropidae,Passeriformes,8.2,2541.14,1781,5.0771,Réunion grey white-eye,63.44,40
Zosterops brunneus,Zosteropidae,Passeriformes,16.1,63.22,1903,5.0736,Fernando Po speirops,37.92,11
Zosterops buruensis,Zosteropidae,Passeriformes,11.95,8245.73,1878,6.3315,Buru white-eye,28.24,5
Zosterops ceylonensis,Zosteropidae,Passeriformes,12.6,8009.59,1872,6.1178,Sri Lanka white-eye,115.08,13
Zosterops chloronothos,Zosteropidae,Passeriformes,8.1,61.77,1817,5.9727,Mauritius olive white-eye,147.74,18
Zosterops cinereus,Zosteropidae,Passeriformes,11.2,102.52,1832,5.399,Kosrae white-eye,25.82,11
Zosterops citrinella,Zosteropidae,Passeriformes,11.5,70904.8,1850,6.0268,Ashy-bellied white-eye,43.35,11
Zosterops consobrinorum,Zosteropidae,Passeriformes,10.1,39992.82,1904,6.0828,Pale-bellied white-eye,51.36,10
Zosterops emiliae,Zosteropidae,Passeriformes,13.9,206417.3,1888,5.5558,Mountain blackeye,125.79,3
Zosterops erythropleurus,Zosteropidae,Passeriformes,11.0,1154584.31,1863,6.4215,Chestnut-flanked white-eye,93.7,30
Zosterops eurycricotus,Zosteropidae,Passeriformes,11.0,13813.44,1884,5.8451,Broad-ringed white-eye,29.57,4
Zosterops everetti,Zosteropidae,Passeriformes,10.0,122580.16,1878,6.1812,Everett's white-eye,51.54,5
Zosterops explorator,Zosteropidae,Passeriformes,10.5,16653.45,1875,5.9792,Fiji white-eye,40.62,7
Zosterops feae,Zosteropidae,Passeriformes,11.4,398.94,1901,5.7375,São Tomé white-eye,25.56,6
Zosterops ficedulinus,Zosteropidae,Passeriformes,9.4,40.89,1866,5.5516,Príncipe white-eye,24.98,14
Zosterops finschii,Zosteropidae,Passeriformes,10.57,445.06,1868,4.4477,Dusky white-eye,31.33,5
Zosterops flavifrons,Zosteropidae,Passeriformes,10.7,12171.1,1789,6.1117,Vanuatu white-eye,33.4,9
Zosterops flavilateralis,Zosteropidae,Passeriformes,9.43,434447.77,1892,6.6257,Pale white-eye,32.77,9
Zosterops flavus,Zosteropidae,Passeriformes,7.0,17721.85,1821,6.0878,Javan white-eye,88.59,10
Zosterops grayi,Zosteropidae,Passeriformes,16.0,556.55,1864,6.4485,Kai Besar white-eye,24.69,6
Zosterops griseotinctus,Zosteropidae,Passeriformes,14.0,1046.45,1858,5.6683,Louisiade white-eye,21.99,9
Zosterops hypolais,Zosteropidae,Passeriformes,10.57,97.97,1872,5.3541,Plain white-eye,24.02,6
Zosterops hypoxanthus,Zosteropidae,Passeriformes,12.5,10062.12,1881,5.7333,Bismarck white-eye,24.57,7
Zosterops inornatus,Zosteropidae,Passeriformes,22.9,1159.54,1878,5.5128,Large Lifou white-eye,33.13,8
Zosterops japonicus,Zosteropidae,Passeriformes,11.29,605081.06,1845,6.2588,Warbling white-eye,2129.69,97
Zosterops kikuyuensis,Zosteropidae,Passeriformes,11.0,24195.41,1891,5.8643,Kikuyu white-eye,44.2,37
Zosterops kirki,Zosteropidae,Passeriformes,8.87,1031.48,1880,5.9739,Kirk's white-eye,23.38,3
Zosterops kuehni,Zosteropidae,Passeriformes,12.0,794.7,1906,6.4565,Ambon white-eye,30.11,8
Zosterops lacertosus,Zosteropidae,Passeriformes,28.0,537.14,1929,5.3762,Sanford's white-eye,23.2,4
Zosterops lateralis,Zosteropidae,Passeriformes,12.68,2701109.16,1802,6.509,,,94
Zosterops leucophaeus,Zosteropidae,Passeriformes,14.8,146.64,1857,5.5412,Príncipe speirops,29.11,10
Zosterops lugubris,Zosteropidae,Passeriformes,14.8,858.53,1848,6.2488,Black-capped speirops,38.16,11
Zosterops luteirostris,Zosteropidae,Passeriformes,10.57,35.16,1904,6.2091,Gizo white-eye,24.08,15
Zosterops luteus,Zosteropidae,Passeriformes,9.7,672778.06,1843,6.6687,Canary white-eye,70.21,14
Zosterops mauritianus,Zosteropidae,Passeriformes,8.2,1877.21,1789,5.6554,Mauritius grey white-eye,151.57,7
Zosterops mayottensis,Zosteropidae,Passeriformes,9.9,362.32,1867,6.7176,Mayotte white-eye,37.34,10
Zosterops mbuluensis,Zosteropidae,Passeriformes,11.0,12808.6,1935,5.9226,Mbulu white-eye,36.89,4
Zosterops melanocephalus,Zosteropidae,Passeriformes,10.9,148.5,1862,5.0282,Mount Cameroon speirops,34.48,11
Zosterops melanurus,Zosteropidae,Passeriformes,8.6,132378.12,1865,6.3227,Sangkar white-eye,53.0,11
Zosterops metcalfii,Zosteropidae,Passeriformes,14.0,16906.0,1894,6.1772,Yellow-throated white-eye,21.62,8
Zosterops meyeni,Zosteropidae,Passeriformes,10.0,105626.26,1850,6.1407,Lowland white-eye,84.58,4
Zosterops minutus,Zosteropidae,Passeriformes,8.3,1159.54,1878,6.8932,Small Lifou white-eye,31.67,6
Zosterops modestus,Zosteropidae,Passeriformes,12.8,8.91,1867,5.5633,Seychelles white-eye,76.22,22
Zosterops mouroniensis,Zosteropidae,Passeriformes,9.9,71.7,1885,6.0462,Karthala white-eye,35.95,15
Zosterops murphyi,Zosteropidae,Passeriformes,10.57,111.58,1929,5.5719,Kolombangara white-eye,18.23,9
Zosterops mysorensis,Zosteropidae,Passeriformes,15.0,2311.92,1874,5.3338,Biak white-eye,23.33,7
Zosterops natalis,Zosteropidae,Passeriformes,9.97,137.18,1889,6.1989,Christmas white-eye,77.75,17
Zosterops nigrorum,Zosteropidae,Passeriformes,7.3,141165.47,1878,6.2442,Yellowish white-eye,45.47,7
Zosterops novaeguineae,Zosteropidae,Passeriformes,12.5,103133.53,1878,6.5388,Papuan white-eye,20.06,6
Zosterops oleagineus,Zosteropidae,Passeriformes,10.57,97.97,1872,5.3848,Olive-colored white-eye,25.36,10
Zosterops olivaceus,Zosteropidae,Passeriformes,9.13,2541.14,1766,6.289,Réunion olive white-eye,48.67,14
Zosterops pallidus,Zosteropidae,Passeriformes,11.1,420000.76,1838,5.9756,Orange River white-eye,60.83,21
Zosterops palpebrosus,Zosteropidae,Passeriformes,8.6,6382482.99,1824,6.3,Indian white-eye,1205.71,64
Zosterops ponapensis,Zosteropidae,Passeriformes,11.2,342.88,1876,4.8601,Grey-brown white-eye,24.38,5
Zosterops rennellianus,Zosteropidae,Passeriformes,14.5,669.69,1929,5.7831,Rennell white-eye,26.52,10
Zosterops rotensis,Zosteropidae,Passeriformes,10.0,8.18,1931,5.0716,Rota white-eye,85.26,15
Zosterops sanctaecrucis,Zosteropidae,Passeriformes,14.0,501.65,1894,5.0698,Santa Cruz white-eye,22.69,5
Zosterops semperi,Zosteropidae,Passeriformes,10.6,847.82,1868,5.4509,Citrine white-eye,27.4,4
Zosterops silvanus,Zosteropidae,Passeriformes,11.0,1532.04,1935,7.1775,Taita white-eye,19.5,9
Zosterops simplex,Zosteropidae,Passeriformes,11.29,3806871.23,1861,6.6166,Swinhoe's white-eye,441.02,22
Zosterops somadikartai,Zosteropidae,Passeriformes,10.0,353.14,2008,6.135,Togian white-eye,37.42,8
Zosterops splendidus,Zosteropidae,Passeriformes,10.57,145.07,1929,5.789,Ranongga white-eye,23.64,13
Zosterops stalkeri,Zosteropidae,Passeriformes,10.0,11743.25,1910,6.0887,Seram white-eye,23.94,3
Zosterops stresemanni,Zosteropidae,Passeriformes,22.0,4360.57,1931,4.9548,Malaita white-eye,20.15,11
Zosterops superciliosus,Zosteropidae,Passeriformes,29.8,675.48,1906,4.9661,Bare-eyed white-eye,33.56,4
Zosterops tenuirostris,Zosteropidae,Passeriformes,17.2,7.72,1837,5.6809,Slender-billed white-eye,65.78,14
Zosterops uropygialis,Zosteropidae,Passeriformes,14.0,420.76,1874,5.6053,Kai Kecil white-eye,21.38,5
Zosterops vaughani,Zosteropidae,Passeriformes,10.9,970.42,1924,6.5695,Pemba white-eye,36.7,5
Zosterops vellalavella,Zosteropidae,Passeriformes,10.6,673.74,1908,5.3952,Vella Lavella white-eye,20.15,9
Zosterops virens,Zosteropidae,Passeriformes,11.1,977323.04,1850,6.2395,Cape white-eye,435.57,25
Zosterops winifredae,Zosteropidae,Passeriformes,11.0,5758.15,1934,6.0645,South Pare white-eye,20.77,6
Zosterops xanthochroa,Zosteropidae,Passeriformes,10.3,17202.11,1859,6.4967,Green-backed white-eye,116.61,9
Zosterornis hypogrammicus,Zosteropidae,Passeriformes,21.6,256.97,1961,5.3635,Palawan striped babbler,28.18,9
Zosterornis latistriatus,Zosteropidae,Passeriformes,29.5,285.09,1990,4.8938,Panay striped babbler,28.55,8
Zosterornis nigrorum,Zosteropidae,Passeriformes,21.6,468.62,1952,5.1178,Negros striped babbler,43.27,8
Zosterornis striatus,Zosteropidae,Passeriformes,13.9,20400.67,1894,5.2627,Luzon striped babbler,27.83,9
Zosterornis whiteheadi,Zosteropidae,Passeriformes,21.88,32110.97,1894,5.5789,Chestnut-faced babbler,38.75,10
