species,matched_name,authorship,year,source
Accipiter albogularis,Accipiter albogularis,"G.R.Gray, 1870",1870,gbif
Accipiter badius,Accipiter badius,"(Gmelin, 1788)",1788,gbif
Accipiter bicolor,Accipiter bicolor,"(Vieillot, 1817)",1817,gbif
Accipiter brachyurus,Accipiter brachyurus,"(E.P.Ramsay, 1880)",1880,gbif
Accipiter brevipes,Accipiter brevipes,"(Severtzov, 1850)",1850,gbif
Accipiter butleri,Accipiter butleri,"(Gurney & Jr., 1898)",1898,gbif
Accipiter castanilius,Accipiter castanilius,"Bonaparte, 1853",1853,gbif
Accipiter cirrocephalus,Accipiter cirrocephalus,"(Vieillot, 1817)",1817,gbif
Accipiter collaris,Accipiter collaris,"P.L.Sclater, 1860",1860,gbif
Accipiter cooperii,Accipiter cooperii,"(Bonaparte, 1828)",1828,gbif
Accipiter erythrauchen,Accipiter erythrauchen,"G.R.Gray, 1861",1861,gbif
Accipiter erythropus,Accipiter erythropus,"(Hartlaub, 1855)",1855,gbif
Accipiter fasciatus,Accipiter fasciatus,"(Vigors & Horsfield, 1827)",1827,gbif
Accipiter francesiae,Accipiter francesiae,"A.Smith, 1834",1834,gbif
Accipiter gentilis,Accipiter gentilis,"(Linnaeus, 1758)",1758,gbif
Accipiter griseiceps,Accipiter griseiceps,"(Kaup, 1848)",1848,gbif
Accipiter gularis,Accipiter gularis,"(Temminck & Schlegel, 1844)",1844,gbif
Accipiter gundlachi,Accipiter gundlachi,"Lawrence, 1860",1860,gbif
Accipiter haplochrous,Accipiter haplochrous,"P.L.Sclater, 1859",1859,gbif
Accipiter henicogrammus,Accipiter henicogrammus,"(G.R.Gray, 1861)",1861,gbif
Accipiter henstii,Accipiter henstii,"(Schlegel, 1873)",1873,gbif
Accipiter hiogaster,Accipiter hiogaster,"(S.Muller, 1841)",1841,gbif
Accipiter imitator,Accipiter imitator,"Hartert, 1926",1926,gbif
Accipiter luteoschistaceus,Accipiter luteoschistaceus,"Rothschild & Hartert, 1926",1926,gbif
Accipiter madagascariensis,Accipiter madagascariensis,"J.Verreaux, 1833",1833,gbif
Accipiter melanochlamys,Accipiter melanochlamys,"(Salvadori, 1876)",1876,gbif
Accipiter melanoleucus,Accipiter melanoleucus,"A.Smith, 1830",1830,gbif
Accipiter meyerianus,Accipiter meyerianus,"(Sharpe, 1878)",1878,gbif
Accipiter minullus,Accipiter minullus,"(Daudin, 1800)",1800,gbif
Accipiter nanus,Accipiter nanus,"(W.Blasius, 1897)",1897,gbif
Accipiter nisus,Accipiter nisus,"(Linnaeus, 1758)",1758,gbif
Accipiter novaehollandiae,Accipiter novaehollandiae,"(Gmelin, 1788)",1788,gbif
Accipiter ovampensis,Accipiter ovampensis,"Gurney, 1875",1875,gbif
Accipiter poliocephalus,Accipiter poliocephalus,"G.R.Gray, 1858",1858,gbif
Accipiter poliogaster,Accipiter poliogaster,"(Temminck, 1824)",1824,gbif
Accipiter princeps,Accipiter princeps,"Mayr, 1934",1934,gbif
Accipiter rhodogaster,Accipiter rhodogaster,"(Schlegel, 1862)",1862,gbif
Accipiter rufitorques,Accipiter rufitorques,"(Peale, 1848)",1848,gbif
Accipiter rufiventris,Accipiter rufiventris,"A.Smith, 1830",1830,gbif
Accipiter soloensis,Accipiter soloensis,"(Horsfield, 1821)",1821,gbif
Accipiter striatus,Accipiter striatus,"Vieillot, 1808",1808,gbif
Accipiter superciliosus,Accipiter superciliosus,"(Linnaeus, 1766)",1766,gbif
Accipiter sylvestris,Accipiter sylvestris,"Wallace, 1864",1864,gbif
Accipiter tachiro,Accipiter tachiro,"(Daudin, 1800)",1800,gbif
Accipiter toussenelii,Accipiter toussenelii,"(J.Verreaux, E.Verreaux & Des Murs, 1855)",1855,gbif
Accipiter trinotatus,Accipiter trinotatus,"Bonaparte, 1850",1850,gbif
Accipiter trivirgatus,Accipiter trivirgatus,"(Temminck, 1824)",1824,gbif
Accipiter virgatus,Accipiter virgatus,"(Temminck, 1822)",1822,gbif
Aegypius monachus,Aegypius monachus,"(Linnaeus, 1766)",1766,gbif
Aquila adalberti,Aquila adalberti,"C.L.Brehm, 1861",1861,gbif
Aquila africana,Aquila africana,"(Cassin, 1865)",1865,gbif
Aquila audax,Aquila audax,"(Latham, 1802)",1802,gbif
Aquila chrysaetos,Aquila chrysaetos,"(Linnaeus, 1758)",1758,gbif
Aquila fasciata,Aquila fasciata,"Vieillot, 1822",1822,gbif
Aquila gurneyi,Aquila gurneyi,"G.R.Gray, 1861",1861,gbif
Aquila heliaca,Aquila heliaca,"Savigny, 1809",1809,gbif
Aquila nipalensis,Aquila nipalensis,"Hodgson, 1833",1833,gbif
Aquila rapax,Aquila rapax,"(Temminck, 1828)",1828,gbif
Aquila spilogaster,Aquila spilogaster,"(Bonaparte, 1850)",1850,gbif
Aquila verreauxii,Aquila verreauxii,"Lesson, 1831",1831,gbif
Aviceda cuculoides,Aviceda cuculoides,"Swainson, 1837",1837,gbif
Aviceda jerdoni,Aviceda jerdoni,"(Blyth, 1842)",1842,gbif
Aviceda leuphotes,Aviceda leuphotes,"(Dumont, 1820)",1820,gbif
Aviceda madagascariensis,Aviceda madagascariensis,"(A.Smith, 1834)",1834,gbif
Aviceda subcristata,Aviceda subcristata,"(Gould, 1838)",1838,gbif
Busarellus nigricollis,Busarellus nigricollis,"(Latham, 1790)",1790,gbif
Butastur indicus,Butastur indicus,"(Gmelin, 1788)",1788,gbif
Butastur liventer,Butastur liventer,"(Temminck, 1827)",1827,gbif
Butastur rufipennis,Butastur rufipennis,"(Sundevall, 1850)",1850,gbif
Butastur teesa,Butastur teesa,"(Franklin, 1831)",1831,gbif
Buteo albigula,Buteo albigula,"Philippi, 1899",1899,gbif
Buteo albonotatus,Buteo albonotatus,"Kaup, 1847",1847,gbif
Buteo augur,Buteo augur,"(Ruppell, 1836)",1836,gbif
Buteo auguralis,Buteo auguralis,"Salvadori, 1865",1865,gbif
Buteo brachypterus,Buteo brachypterus,"Hartlaub, 1860",1860,gbif
Buteo brachyurus,Buteo brachyurus,"Vieillot, 1816",1816,gbif
Buteo buteo,Buteo buteo,"(Linnaeus, 1758)",1758,gbif
Buteo galapagoensis,Buteo galapagoensis,"(Gould, 1837)",1837,gbif
Buteo hemilasius,Buteo hemilasius,"Temminck & Schlegel, 1844",1844,gbif
Buteo jamaicensis,Buteo jamaicensis,"(Gmelin, 1788)",1788,gbif
Buteo japonicus,Buteo japonicus,"Temminck & Schlegel, 1844",1844,gbif
Buteo lagopus,Buteo lagopus,"(Pontoppidan, 1763)",1763,gbif
Buteo lineatus,Buteo lineatus,"(Gmelin, 1788)",1788,gbif
Buteo nitidus,Buteo nitidus,"(Latham, 1790)",1790,gbif
Buteo oreophilus,Buteo oreophilus,"Hartert & Neumann, 1914",1914,gbif
Buteo plagiatus,Buteo plagiatus,"(Schlegel, 1862)",1862,gbif
Buteo platypterus,Buteo platypterus,"(Vieillot, 1823)",1823,gbif
Buteo refectus,Buteo refectus,"Portenko, 1935",1935,gbif
Buteo regalis,Buteo regalis,"(G.R.Gray, 1844)",1844,gbif
Buteo ridgwayi,Buteo ridgwayi,"(Cory, 1883)",1883,gbif
Buteo rufinus,Buteo rufinus,"(Cretzschmar, 1829)",1829,gbif
Buteo rufofuscus,Buteo rufofuscus,"(J.R.Forster, 1798)",1798,gbif
Buteo socotraensis,Buteo socotraensis,"Porter & Kirwan, 2010",2010,gbif
Buteo solitarius,Buteo solitarius,"Peale, 1848",1848,gbif
Buteo swainsoni,Buteo swainsoni,"Bonaparte, 1838",1838,gbif
Buteo trizonatus,Buteo trizonatus,"Rudebeck, 1957",1957,gbif
Buteo ventralis,Buteo ventralis,"Gould, 1837",1837,gbif
Buteogallus aequinoctialis,Buteogallus aequinoctialis,"(Gmelin, 1788)",1788,gbif
Buteogallus anthracinus,Buteogallus anthracinus,"(Deppe, 1830)",1830,gbif
Buteogallus coronatus,Buteogallus coronatus,"(Vieillot, 1817)",1817,gbif
Buteogallus gundlachii,Buteogallus gundlachii,"(Cabanis, 1855)",1855,gbif
Buteogallus lacernulatus,Buteogallus lacernulatus,"(Temminck, 1827)",1827,gbif
Buteogallus meridionalis,Buteogallus meridionalis,"(Latham, 1790)",1790,gbif
Buteogallus schistaceus,Buteogallus schistaceus,"(Sundevall, 1850)",1850,gbif
Buteogallus solitarius,Buteogallus solitarius,"(Tschudi, 1844)",1844,gbif
Buteogallus urubitinga,Buteogallus urubitinga,"(Gmelin, 1788)",1788,gbif
Chelictinia riocourii,Chelictinia riocourii,"(Vieillot, 1822)",1822,gbif
Chondrohierax uncinatus,Chondrohierax uncinatus,"(Temminck, 1822)",1822,gbif
Chondrohierax wilsonii,Chondrohierax wilsonii,"(Cassin, 1847)",1847,gbif
Circaetus beaudouini,Circaetus beaudouini,"J.Verreaux & Des Murs, 1862",1862,gbif
Circaetus cinerascens,Circaetus cinerascens,"J.W.Von Muller, 1851",1851,gbif
Circaetus cinereus,Circaetus cinereus,"Vieillot, 1818",1818,gbif
Circaetus fasciolatus,Circaetus fasciolatus,"Kaup, 1847",1847,gbif
Circaetus gallicus,Circaetus gallicus,"(Gmelin, 1788)",1788,gbif
Circaetus pectoralis,Circaetus pectoralis,"A.Smith, 1829",1829,gbif
Circus aeruginosus,Circus aeruginosus,"(Linnaeus, 1758)",1758,gbif
Circus approximans,Circus approximans,"Peale, 1848",1848,gbif
Circus assimilis,Circus assimilis,"Jardine & Selby, 1828",1828,gbif
Circus buffoni,Circus buffoni,"(Gmelin, 1788)",1788,gbif
Circus cinereus,Circus cinereus,"Vieillot, 1816",1816,gbif
Circus cyaneus,Circus cyaneus,"(Linnaeus, 1766)",1766,gbif
Circus hudsonius,Circus hudsonius,"(Linnaeus, 1766)",1766,gbif
Circus macrosceles,Circus macrosceles,"A.Newton, 1863",1863,gbif
Circus macrourus,Circus macrourus,"(S.G.Gmelin, 1770)",1770,gbif
Circus maillardi,Circus maillardi,"J.Verreaux, 1862",1862,gbif
Circus maurus,Circus maurus,"(Temminck, 1828)",1828,gbif
Circus melanoleucos,Circus melanoleucos,"(Pennant, 1769)",1769,gbif
Circus pygargus,Circus pygargus,"(Linnaeus, 1758)",1758,gbif
Circus ranivorus,Circus ranivorus,"(Daudin, 1800)",1800,gbif
Circus spilonotus,Circus spilonotus,"Kaup, 1847",1847,gbif
Circus spilothorax,Circus spilothorax,"Salvadori & Albertis, 1875",1875,gbif
Clanga clanga,Clanga clanga,"(Pallas, 1811)",1811,gbif
Clanga hastata,Clanga hastata,"(R.P.Lesson, 1831)",1831,gbif
Clanga pomarina,Clanga pomarina,"(C.L.Brehm, 1831)",1831,gbif
Cryptoleucopteryx plumbea,Cryptoleucopteryx plumbea,"(Salvin, 1872)",1872,gbif
Dryotriorchis spectabilis,Dryotriorchis spectabilis,"(Schlegel, 1863)",1863,gbif
Elanoides forficatus,Elanoides forficatus,"(Linnaeus, 1758)",1758,gbif
Elanus axillaris,Elanus axillaris,"(Latham, 1802)",1802,gbif
Elanus caeruleus,Elanus caeruleus,"(Desfontaines, 1789)",1789,gbif
Elanus leucurus,Elanus leucurus,"(Vieillot, 1818)",1818,gbif
Elanus scriptus,Elanus scriptus,"Gould, 1842",1842,gbif
Erythrotriorchis buergersi,Erythrotriorchis buergersi,"(Reichenow, 1914)",1914,gbif
Erythrotriorchis radiatus,Erythrotriorchis radiatus,"(Latham, 1802)",1802,gbif
Eutriorchis astur,Eutriorchis astur,"Sharpe, 1875",1875,gbif
Gampsonyx swainsonii,Gampsonyx swainsonii,"Vigors, 1825",1825,gbif
Geranoaetus albicaudatus,Geranoaetus albicaudatus,"(Vieillot, 1816)",1816,gbif
Geranoaetus melanoleucus,Geranoaetus melanoleucus,"(Vieillot, 1819)",1819,gbif
Geranoaetus polyosoma,Geranoaetus polyosoma,"(Quoy & Gaimard, 1824)",1824,gbif
Geranospiza caerulescens,Geranospiza caerulescens,"(Vieillot, 1817)",1817,gbif
Gypaetus barbatus,Gypaetus barbatus,"(Linnaeus, 1758)",1758,gbif
Gypohierax angolensis,Gypohierax angolensis,"(Gmelin, 1788)",1788,gbif
Gyps africanus,Gyps africanus,"Salvadori, 1865",1865,gbif
Gyps bengalensis,Gyps bengalensis,"(Gmelin, 1788)",1788,gbif
Gyps coprotheres,Gyps coprotheres,"(J.R.Forster, 1798)",1798,gbif
Gyps fulvus,Gyps fulvus,"(Hablizl, 1783)",1783,gbif
Gyps himalayensis,Gyps himalayensis,"Hume, 1869",1869,gbif
Gyps indicus,Gyps indicus,"(Scopoli, 1786)",1786,gbif
Gyps rueppelli,Gyps rueppelli,"(A. E. Brehm, 1852)",1852,col
Gyps tenuirostris,Gyps tenuirostris,"G.R.Gray, 1844",1844,gbif
Haliaeetus albicilla,Haliaeetus albicilla,"(Linnaeus, 1758)",1758,gbif
Haliaeetus leucocephalus,Haliaeetus leucocephalus,"(Linnaeus, 1766)",1766,gbif
Haliaeetus leucogaster,Haliaeetus leucogaster,"(Gmelin, 1788)",1788,gbif
Haliaeetus leucoryphus,Haliaeetus leucoryphus,"(Pallas, 1771)",1771,gbif
Haliaeetus pelagicus,Haliaeetus pelagicus,"(Pallas, 1811)",1811,gbif
Haliaeetus sanfordi,Haliaeetus sanfordi,"Mayr, 1935",1935,gbif
Haliaeetus vocifer,Haliaeetus vocifer,"(Daudin, 1800)",1800,gbif
Haliaeetus vociferoides,Haliaeetus vociferoides,"Des Murs, 1845",1845,gbif
Haliastur indus,Haliastur indus,"(Boddaert, 1783)",1783,gbif
Haliastur sphenurus,Haliastur sphenurus,"(Vieillot, 1818)",1818,gbif
Hamirostra melanosternon,Hamirostra melanosternon,"(Gould, 1841)",1841,gbif
Harpagus bidentatus,Harpagus bidentatus,"(Latham, 1790)",1790,gbif
Harpagus diodon,Harpagus diodon,"(Temminck, 1823)",1823,gbif
Harpia harpyja,Harpia harpyja,"(Linnaeus, 1758)",1758,gbif
Harpyopsis novaeguineae,Harpyopsis novaeguineae,"Salvadori, 1875",1875,gbif
Helicolestes hamatus,Helicolestes hamatus,"(Temminck, 1821)",1821,gbif
Henicopernis infuscatus,Henicopernis infuscatus,"Gurney, 1882",1882,gbif
Henicopernis longicauda,Henicopernis longicauda,"(Lesson & Garnot, 1828)",1828,gbif
Hieraaetus ayresii,Hieraaetus ayresii,"(Gurney, 1862)",1862,gbif
Hieraaetus morphnoides,Hieraaetus morphnoides,"(Gould, 1841)",1841,gbif
Hieraaetus pennatus,Hieraaetus pennatus,"(Gmelin, 1788)",1788,gbif
Hieraaetus wahlbergi,Hieraaetus wahlbergi,"(Sundevall, 1850)",1850,gbif
Hieraaetus weiskei,Hieraaetus weiskei,"(Reichenow, 1900)",1900,gbif
Icthyophaga humilis,Icthyophaga humilis,"(S.Muller & Schlegel, 1841)",1841,gbif
Icthyophaga ichthyaetus,Icthyophaga ichthyaetus,"(Horsfield, 1821)",1821,gbif
Ictinaetus malaiensis,Ictinaetus malaiensis,"(Temminck, 1822)",1822,col
Ictinia mississippiensis,Ictinia mississippiensis,"(A.Wilson, 1811)",1811,gbif
Ictinia plumbea,Ictinia plumbea,"(Gmelin, 1788)",1788,gbif
Kaupifalco monogrammicus,Kaupifalco monogrammicus,"(Temminck, 1824)",1824,gbif
Leptodon cayanensis,Leptodon cayanensis,"(Latham, 1790)",1790,gbif
Leptodon forbesi,Leptodon forbesi,"(Swann, 1922)",1922,gbif
Leucopternis kuhli,Leucopternis kuhli,"Bonaparte, 1850",1850,gbif
Leucopternis melanops,Leucopternis melanops,"(Latham, 1790)",1790,gbif
Leucopternis semiplumbeus,Leucopternis semiplumbeus,"Lawrence, 1861",1861,gbif
Lophaetus occipitalis,Lophaetus occipitalis,"(Daudin, 1800)",1800,gbif
Lophoictinia isura,Lophoictinia isura,"(Gould, 1838)",1838,gbif
Lophotriorchis kienerii,Lophotriorchis kienerii,"(Sparre, 1835)",1835,gbif
Macheiramphus alcinus,Macheiramphus alcinus,"Bonaparte, 1850",1850,gbif
Megatriorchis doriae,Megatriorchis doriae,"Salvadori & Albertis, 1875",1875,gbif
Melierax canorus,Melierax canorus,"(Thunberg, 1799)",1799,gbif
Melierax metabates,Melierax metabates,"Heuglin, 1861",1861,gbif
Melierax poliopterus,Melierax poliopterus,"Cabanis, 1868",1868,gbif
Micronisus gabar,Micronisus gabar,"(Daudin, 1800)",1800,gbif
Milvus aegyptius,Milvus aegyptius,"(Gmelin, 1788)",1788,gbif
Milvus migrans,Milvus migrans,"(Boddaert, 1783)",1783,gbif
Milvus milvus,Milvus milvus,"(Linnaeus, 1758)",1758,gbif
Morphnarchus princeps,Morphnarchus princeps,"(P.L.Sclater, 1865)",1865,gbif
Morphnus guianensis,Morphnus guianensis,"(Daudin, 1800)",1800,gbif
Necrosyrtes monachus,Necrosyrtes monachus,"(Temminck, 1823)",1823,gbif
Neophron percnopterus,Neophron percnopterus,"(Linnaeus, 1758)",1758,gbif
Nisaetus alboniger,Nisaetus alboniger,"Blyth, 1845",1845,gbif
Nisaetus bartelsi,Nisaetus bartelsi,"(Stresemann, 1924)",1924,gbif
Nisaetus cirrhatus,Nisaetus cirrhatus,"(Gmelin, 1788)",1788,gbif
Nisaetus floris,Nisaetus floris,"(Hartert, 1898)",1898,gbif
Nisaetus lanceolatus,Nisaetus lanceolatus,"(Temminck & Schlegel, 1844)",1844,gbif
Nisaetus nanus,Nisaetus nanus,"(Wallace, 1868)",1868,gbif
Nisaetus nipalensis,Nisaetus nipalensis,"Hodgson, 1836",1836,gbif
Nisaetus philippensis,Nisaetus philippensis,"(Gould, 1863)",1863,gbif
Nisaetus pinskeri,Nisaetus pinskeri,"(Preleuthner & Gamauf, 1998)",1998,gbif
Parabuteo leucorrhous,Parabuteo leucorrhous,"(Quoy & Gaimard, 1824)",1824,gbif
Parabuteo unicinctus,Parabuteo unicinctus,"(Temminck, 1824)",1824,gbif
Pernis apivorus,Pernis apivorus,"(Linnaeus, 1758)",1758,gbif
Pernis celebensis,Pernis celebensis,"Wallace, 1868",1868,gbif
Pernis ptilorhynchus,Pernis ptilorhynchus,"(Temminck, 1821)",1821,gbif
Pernis steerei,Pernis steerei,"W.L.Sclater, 1919",1919,gbif
Pithecophaga jefferyi,Pithecophaga jefferyi,"Ogilvie-Grant, 1896",1896,gbif
Polemaetus bellicosus,Polemaetus bellicosus,"(Daudin, 1800)",1800,gbif
Polyboroides radiatus,Polyboroides radiatus,"(Scopoli, 1786)",1786,gbif
Polyboroides typus,Polyboroides typus,"A.Smith, 1829",1829,gbif
Pseudastur albicollis,Pseudastur albicollis,"(Latham, 1790)",1790,gbif
Pseudastur occidentalis,Pseudastur occidentalis,"(Salvin, 1876)",1876,gbif
Pseudastur polionotus,Pseudastur polionotus,"(Kaup, 1847)",1847,gbif
Rostrhamus sociabilis,Rostrhamus sociabilis,"(Vieillot, 1817)",1817,gbif
Rupornis magnirostris,Rupornis magnirostris,"(Gmelin, 1788)",1788,gbif
Sarcogyps calvus,Sarcogyps calvus,"(Scopoli, 1786)",1786,gbif
Spilornis cheela,Spilornis cheela,"(Latham, 1790)",1790,gbif
Spilornis elgini,Spilornis elgini,"(Blyth, 1863)",1863,gbif
Spilornis holospilus,Spilornis holospilus,"(Vigors, 1831)",1831,gbif
Spilornis kinabaluensis,Spilornis kinabaluensis,"W.L.Sclater, 1919",1919,gbif
Spilornis klossi,Spilornis klossi,"Richmond, 1902",1902,gbif
Spilornis rufipectus,Spilornis rufipectus,"Gould, 1858",1858,gbif
Spizaetus isidori,Spizaetus isidori,"(Des Murs, 1845)",1845,gbif
Spizaetus melanoleucus,Spizaetus melanoleucus,"(Vieillot, 1816)",1816,gbif
Spizaetus ornatus,Spizaetus ornatus,"(Daudin, 1800)",1800,gbif
Spizaetus tyrannus,Spizaetus tyrannus,"(Wied-Neuwied, 1820)",1820,gbif
Stephanoaetus coronatus,Stephanoaetus coronatus,"(Linnaeus, 1766)",1766,gbif
Terathopius ecaudatus,Terathopius ecaudatus,"(Daudin, 1800)",1800,gbif
Torgos tracheliotos,Torgos tracheliotos,"(J.R.Forster, 1796)",1796,gbif
Trigonoceps occipitalis,Trigonoceps occipitalis,"(Burchell, 1824)",1824,gbif
Urotriorchis macrourus,Urotriorchis macrourus,"(Hartlaub, 1855)",1855,gbif
Pandion haliaetus,Pandion haliaetus,"(Linnaeus, 1758)",1758,gbif
Sagittarius serpentarius,Sagittarius serpentarius,"(J.F.Miller, 1779)",1779,gbif
Aix galericulata,Aix galericulata,"(Linnaeus, 1758)",1758,gbif
Aix sponsa,Aix sponsa,"(Linnaeus, 1758)",1758,gbif
Alopochen aegyptiaca,Alopochen aegyptiaca,"(Linnaeus, 1766)",1766,gbif
Amazonetta brasiliensis,Amazonetta brasiliensis,"(J.F.Gmelin, 1789)",1789,gbif
Anas acuta,Anas acuta,"Linnaeus, 1758",1758,gbif
Anas albogularis,Anas albogularis,"(Hume, 1873)",1873,gbif
Anas andium,Anas andium,"(P.L.Sclater & Salvin, 1873)",1873,gbif
Anas aucklandica,Anas aucklandica,"(G.R.Gray, 1844)",1844,gbif
Anas bahamensis,Anas bahamensis,"Linnaeus, 1758",1758,gbif
Anas bernieri,Anas bernieri,"(Hartlaub, 1860)",1860,gbif
Anas capensis,Anas capensis,"J.F.Gmelin, 1789",1789,gbif
Anas carolinensis,Anas carolinensis,"J.F.Gmelin, 1789",1789,gbif
Anas castanea,Anas castanea,"(Eyton, 1838)",1838,gbif
Anas chlorotis,Anas chlorotis,"G.R.Gray, 1845",1845,gbif
Anas crecca,Anas crecca,"Linnaeus, 1758",1758,gbif
Anas eatoni,Anas eatoni,"(Sharpe, 1875)",1875,gbif
Anas erythrorhyncha,Anas erythrorhyncha,"J.F.Gmelin, 1789",1789,gbif
Anas flavirostris,Anas flavirostris,"Vieillot, 1816",1816,gbif
Anas fulvigula,Anas fulvigula,"Ridgway, 1874",1874,gbif
Anas georgica,Anas georgica,"J.F.Gmelin, 1789",1789,gbif
Anas gibberifrons,Anas gibberifrons,"S.Müller, 1842",1842,gbif
Anas gracilis,Anas gracilis,"Buller, 1869",1869,gbif
Anas laysanensis,Anas laysanensis,"Rothschild, 1892",1892,gbif
Anas luzonica,Anas luzonica,"Fraser, 1839",1839,gbif
Anas melleri,Anas melleri,"P.L.Sclater, 1865",1865,gbif
Anas nesiotis,Anas nesiotis,"(J.H.Fleming, 1935)",1935,gbif
Anas platyrhynchos,Anas platyrhynchos,"Linnaeus, 1758",1758,gbif
Anas poecilorhyncha,Anas poecilorhyncha,"J.R.Forster, 1781",1781,gbif
Anas rubripes,Anas rubripes,"Brewster, 1902",1902,gbif
Anas sparsa,Anas sparsa,"Eyton, 1838",1838,gbif
Anas superciliosa,Anas superciliosa,"J.F.Gmelin, 1789",1789,gbif
Anas undulata,Anas undulata,"C.F.Dubois, 1838",1838,gbif
Anas wyvilliana,Anas wyvilliana,"P.L.Sclater, 1878",1878,gbif
Anas zonorhyncha,Anas zonorhyncha,"Swinhoe, 1866",1866,gbif
Anser albifrons,Anser albifrons,"(Scopoli, 1769)",1769,gbif
Anser anser,Anser anser,"(Linnaeus, 1758)",1758,gbif
Anser brachyrhynchus,Anser brachyrhynchus,"Baillon, 1834",1834,gbif
Anser caerulescens,Anser caerulescens,"(Linnaeus, 1758)",1758,gbif
Anser canagicus,Anser canagicus,"(Sevastianov, 1802)",1802,gbif
Anser cygnoid,Anser cygnoid,"(Linnaeus, 1758)",1758,gbif
Anser erythropus,Anser erythropus,"(Linnaeus, 1758)",1758,gbif
Anser fabalis,Anser fabalis,"(Latham, 1787)",1787,gbif
Anser indicus,Anser indicus,"(Latham, 1790)",1790,gbif
Anser rossii,Anser rossii,"Cassin, 1861",1861,gbif
Asarcornis scutulata,Asarcornis scutulata,"(S.Müller, 1842)",1842,gbif
Aythya affinis,Aythya affinis,"(Eyton, 1838)",1838,gbif
Aythya americana,Aythya americana,"(Eyton, 1838)",1838,gbif
Aythya australis,Aythya australis,"(Eyton, 1838)",1838,gbif
Aythya baeri,Aythya baeri,"(Radde, 1863)",1863,gbif
Aythya collaris,Aythya collaris,"(Donovan, 1809)",1809,gbif
Aythya ferina,Aythya ferina,"(Linnaeus, 1758)",1758,gbif
Aythya fuligula,Aythya fuligula,"(Linnaeus, 1758)",1758,gbif
Aythya innotata,Aythya innotata,"(Salvadori, 1894)",1894,gbif
Aythya marila,Aythya marila,"(Linnaeus, 1761)",1761,gbif
Aythya novaeseelandiae,Aythya novaeseelandiae,"(J.F.Gmelin, 1789)",1789,gbif
Aythya nyroca,Aythya nyroca,"(Güldenstädt, 1770)",1770,gbif
Aythya valisineria,Aythya valisineria,"(A.Wilson, 1814)",1814,gbif
Biziura lobata,Biziura lobata,"(Shaw, 1796)",1796,gbif
Branta bernicla,Branta bernicla,"(Linnaeus, 1758)",1758,gbif
Branta canadensis,Branta canadensis,"(Linnaeus, 1758)",1758,gbif
Branta hutchinsii,Branta hutchinsii,"(Richardson, 1832)",1832,gbif
Branta leucopsis,Branta leucopsis,"(Bechstein, 1803)",1803,gbif
Branta ruficollis,Branta ruficollis,"(Pallas, 1769)",1769,gbif
Branta sandvicensis,Branta sandvicensis,"(Vigors, 1834)",1834,gbif
Bucephala albeola,Bucephala albeola,"(Linnaeus, 1758)",1758,gbif
Bucephala clangula,Bucephala clangula,"(Linnaeus, 1758)",1758,gbif
Bucephala islandica,Bucephala islandica,"(J.F.Gmelin, 1789)",1789,gbif
Cairina moschata,Cairina moschata,"(Linnaeus, 1758)",1758,gbif
Callonetta leucophrys,Callonetta leucophrys,"(Vieillot, 1816)",1816,gbif
Cereopsis novaehollandiae,Cereopsis novaehollandiae,"Latham, 1801",1801,gbif
Chenonetta jubata,Chenonetta jubata,"(Latham, 1801)",1801,gbif
Chloephaga hybrida,Chloephaga hybrida,"(Molina, 1782)",1782,gbif
Chloephaga melanoptera,Chloephaga melanoptera,"(Eyton, 1838)",1838,gbif
Chloephaga picta,Chloephaga picta,"(J.F.Gmelin, 1789)",1789,gbif
Chloephaga poliocephala,Chloephaga poliocephala,"P.L.Sclater, 1857",1857,gbif
Chloephaga rubidiceps,Chloephaga rubidiceps,"P.L.Sclater, 1861",1861,gbif
Clangula hyemalis,Clangula hyemalis,"(Linnaeus, 1758)",1758,gbif
Coscoroba coscoroba,Coscoroba coscoroba,"(Molina, 1782)",1782,gbif
Cyanochen cyanoptera,Cyanochen cyanoptera,"(Rüppell, 1845)",1845,gbif
Cygnus atratus,Cygnus atratus,"(Latham, 1790)",1790,gbif
Cygnus buccinator,Cygnus buccinator,"Richardson, 1831",1831,gbif
Cygnus columbianus,Cygnus columbianus,"(Ord, 1815)",1815,gbif
Cygnus cygnus,Cygnus cygnus,"(Linnaeus, 1758)",1758,gbif
Cygnus melancoryphus,Cygnus melancoryphus,"(Molina, 1782)",1782,gbif
Cygnus olor,Cygnus olor,"(J.F.Gmelin, 1789)",1789,gbif
Dendrocygna arborea,Dendrocygna arborea,"(Linnaeus, 1758)",1758,gbif
Dendrocygna arcuata,Dendrocygna arcuata,"(Horsfield, 1824)",1824,gbif
Dendrocygna autumnalis,Dendrocygna autumnalis,"(Linnaeus, 1758)",1758,gbif
Dendrocygna bicolor,Dendrocygna bicolor,"(Vieillot, 1816)",1816,gbif
Dendrocygna eytoni,Dendrocygna eytoni,"(Eyton, 1838)",1838,gbif
Dendrocygna guttata,Dendrocygna guttata,"Schlegel, 1866",1866,gbif
Dendrocygna javanica,Dendrocygna javanica,"(Horsfield, 1821)",1821,gbif
Dendrocygna viduata,Dendrocygna viduata,"(Linnaeus, 1766)",1766,gbif
Heteronetta atricapilla,Heteronetta atricapilla,"(Merrem, 1841)",1841,gbif
Histrionicus histrionicus,Histrionicus histrionicus,"(Linnaeus, 1758)",1758,gbif
Hymenolaimus malacorhynchos,Hymenolaimus malacorhynchos,"(J.F.Gmelin, 1789)",1789,gbif
Lophodytes cucullatus,Lophodytes cucullatus,"(Linnaeus, 1758)",1758,gbif
Lophonetta specularioides,Lophonetta specularioides,"(P.P.King, 1828)",1828,gbif
Malacorhynchus membranaceus,Malacorhynchus membranaceus,"(Latham, 1801)",1801,gbif
Mareca americana,Mareca americana,"(J.F.Gmelin, 1789)",1789,gbif
Mareca falcata,Mareca falcata,"(Georgi, 1775)",1775,gbif
Mareca penelope,Mareca penelope,"(Linnaeus, 1758)",1758,gbif
Mareca sibilatrix,Mareca sibilatrix,"(Poeppig, 1829)",1829,gbif
Mareca strepera,Mareca strepera,"(Linnaeus, 1758)",1758,gbif
Marmaronetta angustirostris,Marmaronetta angustirostris,"(Ménétries, 1832)",1832,gbif
Melanitta americana,Melanitta americana,"(Swainson, 1832)",1832,gbif
Melanitta deglandi,Melanitta deglandi,"(Bonaparte, 1850)",1850,gbif
Melanitta fusca,Melanitta fusca,"(Linnaeus, 1758)",1758,gbif
Melanitta nigra,Melanitta nigra,"(Linnaeus, 1758)",1758,gbif
Melanitta perspicillata,Melanitta perspicillata,"(Linnaeus, 1758)",1758,gbif
Melanitta stejnegeri,Melanitta stejnegeri,"(Ridgway, 1887)",1887,gbif
Merganetta armata,Merganetta armata,"Gould, 1842",1842,gbif
Mergellus albellus,Mergellus albellus,"(Linnaeus, 1758)",1758,gbif
Mergus merganser,Mergus merganser,"Linnaeus, 1758",1758,gbif
Mergus octosetaceus,Mergus octosetaceus,"Vieillot, 1817",1817,gbif
Mergus serrator,Mergus serrator,"Linnaeus, 1758",1758,gbif
Mergus squamatus,Mergus squamatus,"Gould, 1864",1864,gbif
Neochen jubata,Neochen jubata,"(Spix, 1825)",1825,gbif
Netta erythrophthalma,Netta erythrophthalma,"(Wied-Neuwied, 1833)",1833,gbif
Netta peposaca,Netta peposaca,"(Vieillot, 1816)",1816,gbif
Netta rufina,Netta rufina,"(Pallas, 1773)",1773,gbif
Nettapus auritus,Nettapus auritus,"(Boddaert, 1783)",1783,gbif
Nettapus coromandelianus,Nettapus coromandelianus,"(J.F.Gmelin, 1789)",1789,gbif
Nettapus pulchellus,Nettapus pulchellus,"Gould, 1842",1842,gbif
Nomonyx dominicus,Nomonyx dominicus,"(Linnaeus, 1766)",1766,gbif
Oxyura australis,Oxyura australis,"Gould, 1837",1837,gbif
Oxyura ferruginea,Oxyura ferruginea,"(Eyton, 1838)",1838,gbif
Oxyura jamaicensis,Oxyura jamaicensis,"(J.F.Gmelin, 1789)",1789,gbif
Oxyura leucocephala,Oxyura leucocephala,"(Scopoli, 1769)",1769,gbif
Oxyura maccoa,Oxyura maccoa,"(Eyton, 1838)",1838,gbif
Oxyura vittata,Oxyura vittata,"(Philippi, 1860)",1860,gbif
Plectropterus gambensis,Plectropterus gambensis,"(Linnaeus, 1766)",1766,gbif
Polysticta stelleri,Polysticta stelleri,"(Pallas, 1769)",1769,gbif
Pteronetta hartlaubii,Pteronetta hartlaubii,"(Cassin, 1860)",1860,gbif
Radjah radjah,Radjah radjah,"(Garnot & R.Lesson, 1828)",1828,gbif
Rhodonessa caryophyllacea,Rhodonessa caryophyllacea,"(Latham, 1790)",1790,gbif
Salvadorina waigiuensis,Salvadorina waigiuensis,"Rothschild & E.Hartert, 1894",1894,gbif
Sarkidiornis melanotos,Sarkidiornis melanotos,"(Pennant, 1769)",1769,gbif
Sarkidiornis sylvicola,Sarkidiornis sylvicola,"H.Ihering & R.Ihering, 1907",1907,gbif
Sibirionetta formosa,Sibirionetta formosa,"(Georgi, 1775)",1775,gbif
Somateria fischeri,Somateria fischeri,"(J.F.Brandt, 1847)",1847,gbif
Somateria mollissima,Somateria mollissima,"(Linnaeus, 1758)",1758,gbif
Somateria spectabilis,Somateria spectabilis,"(Linnaeus, 1758)",1758,gbif
Spatula clypeata,Spatula clypeata,"(Linnaeus, 1758)",1758,gbif
Spatula cyanoptera,Spatula cyanoptera,"(Vieillot, 1816)",1816,gbif
Spatula discors,Spatula discors,"(Linnaeus, 1766)",1766,gbif
Spatula hottentota,Spatula hottentota,"(Eyton, 1838)",1838,gbif
Spatula platalea,Spatula platalea,"(Vieillot, 1816)",1816,gbif
Spatula puna,Spatula puna,"(Tschudi, 1844)",1844,gbif
Spatula querquedula,Spatula querquedula,"(Linnaeus, 1758)",1758,gbif
Spatula rhynchotis,Spatula rhynchotis,"(Latham, 1801)",1801,gbif
Spatula smithii,Spatula smithii,"E.Hartert, 1891",1891,gbif
Spatula versicolor,Spatula versicolor,"(Vieillot, 1816)",1816,gbif
Speculanas specularis,Speculanas specularis,"(P.P.King, 1828)",1828,gbif
Stictonetta naevosa,Stictonetta naevosa,"(Gould, 1841)",1841,gbif
Tachyeres brachypterus,Tachyeres brachypterus,"(Latham, 1790)",1790,gbif
Tachyeres leucocephalus,Tachyeres leucocephalus,"Humphrey & Thompson, 1981",1981,gbif
Tachyeres patachonicus,Tachyeres patachonicus,"(P.P.King, 1831)",1831,gbif
Tachyeres pteneres,Tachyeres pteneres,"(J.R.Forster, 1844)",1844,gbif
Tadorna cana,Tadorna cana,"(J.F.Gmelin, 1789)",1789,gbif
Tadorna cristata,Tadorna cristata,"(Kuroda, 1917)",1917,gbif
Tadorna ferruginea,Tadorna ferruginea,"(Pallas, 1764)",1764,gbif
Tadorna tadorna,Tadorna tadorna,"(Linnaeus, 1758)",1758,gbif
Tadorna tadornoides,Tadorna tadornoides,"(Jardine & Selby, 1828)",1828,gbif
Tadorna variegata,Tadorna variegata,"(J.F.Gmelin, 1789)",1789,gbif
Thalassornis leuconotus,Thalassornis leuconotus,"Eyton, 1838",1838,gbif
Anhima cornuta,Anhima cornuta,"(Linnaeus, 1766)",1766,gbif
Chauna chavaria,Chauna chavaria,"(Linnaeus, 1766)",1766,gbif
Chauna torquata,Chauna torquata,"(Oken, 1816)",1816,gbif
Anseranas semipalmata,Anseranas semipalmata,"(Latham, 1798)",1798,gbif
Aceros nipalensis,Aceros nipalensis,"(Hodgson, 1829)",1829,gbif
Anorrhinus austeni,Anorrhinus austeni,"Jerdon, 1872",1872,gbif
Anorrhinus galeritus,Anorrhinus galeritus,"(Temminck, 1831)",1831,gbif
Anorrhinus tickelli,Anorrhinus tickelli,"(Blyth, 1855)",1855,gbif
Anthracoceros albirostris,Anthracoceros albirostris,"(Shaw, 1808)",1808,gbif
Anthracoceros coronatus,Anthracoceros coronatus,"(Boddaert, 1783)",1783,gbif
Anthracoceros malayanus,Anthracoceros malayanus,"(Raffles, 1822)",1822,gbif
Anthracoceros marchei,Anthracoceros marchei,"Oustalet, 1885",1885,gbif
Anthracoceros montani,Anthracoceros montani,"(Oustalet, 1880)",1880,gbif
Berenicornis comatus,Berenicornis comatus,"(Raffles, 1822)",1822,gbif
Buceros bicornis,Buceros bicornis,"Linnaeus, 1758",1758,gbif
Buceros hydrocorax,Buceros hydrocorax,"Linnaeus, 1766",1766,gbif
Buceros mindanensis,Buceros mindanensis,"Hay, 1877",1877,gbif
Buceros rhinoceros,Buceros rhinoceros,"Linnaeus, 1758",1758,gbif
Bucorvus abyssinicus,Bucorvus abyssinicus,"(Boddaert, 1783)",1783,gbif
Bucorvus leadbeateri,Bucorvus leadbeateri,"(Vigors, 1825)",1825,gbif
Bycanistes albotibialis,Bycanistes albotibialis,"(Cabanis & Reichenow, 1877)",1877,gbif
Bycanistes brevis,Bycanistes brevis,"Friedmann, 1929",1929,gbif
Bycanistes bucinator,Bycanistes bucinator,"(Temminck, 1824)",1824,gbif
Bycanistes cylindricus,Bycanistes cylindricus,"(Temminck, 1831)",1831,gbif
Bycanistes fistulator,Bycanistes fistulator,"(Cassin, 1850)",1850,gbif
Bycanistes sharpii,Bycanistes sharpii,"(D.G.Elliot, 1873)",1873,gbif
Bycanistes subcylindricus,Bycanistes subcylindricus,"(P.L.Sclater, 1871)",1871,gbif
Ceratogymna atrata,Ceratogymna atrata,"(Temminck, 1835)",1835,gbif
Ceratogymna elata,Ceratogymna elata,"(Temminck, 1831)",1831,gbif
Horizocerus albocristatus,Horizocerus albocristatus,"(Cassin, 1848)",1848,gbif
Horizocerus cassini,Horizocerus cassini,"(Finsch, 1903)",1903,gbif
Horizocerus granti,Horizocerus granti,"(E.Hartert, 1895)",1895,gbif
Horizocerus hartlaubi,Horizocerus hartlaubi,"(Gould, 1861)",1861,gbif
Lophoceros alboterminatus,Lophoceros alboterminatus,"Büttikofer, 1889",1889,gbif
Lophoceros bradfieldi,Lophoceros bradfieldi,"(Roberts, 1930)",1930,gbif
Lophoceros camurus,Lophoceros camurus,"(Cassin, 1857)",1857,gbif
Lophoceros fasciatus,Lophoceros fasciatus,"(Shaw, 1812)",1812,gbif
Lophoceros hemprichii,Lophoceros hemprichii,"(Ehrenberg, 1833)",1833,gbif
Lophoceros nasutus,Lophoceros nasutus,"(Linnaeus, 1766)",1766,gbif
Lophoceros pallidirostris,Lophoceros pallidirostris,"(Hartlaub & Finsch, 1870)",1870,gbif
Lophoceros semifasciatus,Lophoceros semifasciatus,"(Hartlaub, 1855)",1855,gbif
Ocyceros birostris,Ocyceros birostris,"(Scopoli, 1786)",1786,gbif
Ocyceros gingalensis,Ocyceros gingalensis,"(Shaw, 1812)",1812,gbif
Ocyceros griseus,Ocyceros griseus,"(Latham, 1790)",1790,gbif
Penelopides affinis,Penelopides affinis,"Tweeddale, 1877",1877,gbif
Penelopides manillae,Penelopides manillae,"(Boddaert, 1783)",1783,gbif
Penelopides mindorensis,Penelopides mindorensis,"Steere, 1890",1890,gbif
Penelopides panini,Penelopides panini,"(Boddaert, 1783)",1783,gbif
Rhabdotorrhinus corrugatus,Rhabdotorrhinus corrugatus,"(Temminck, 1832)",1832,gbif
Rhabdotorrhinus exarhatus,Rhabdotorrhinus exarhatus,"(Temminck, 1823)",1823,gbif
Rhabdotorrhinus leucocephalus,Rhabdotorrhinus leucocephalus,"(Vieillot, 1816)",1816,gbif
Rhabdotorrhinus waldeni,Rhabdotorrhinus waldeni,"(Sharpe, 1877)",1877,gbif
Rhinoplax vigil,Rhinoplax vigil,"(Pennant, 1781)",1781,gbif
Rhyticeros cassidix,Rhyticeros cassidix,"(Temminck, 1823)",1823,gbif
Rhyticeros everetti,Rhyticeros everetti,"Rothschild, 1898",1898,gbif
Rhyticeros narcondami,Rhyticeros narcondami,"Hume, 1873",1873,gbif
Rhyticeros plicatus,Rhyticeros plicatus,"(J.R.Forster, 1781)",1781,gbif
Rhyticeros subruficollis,Rhyticeros subruficollis,"(Blyth, 1843)",1843,gbif
Rhyticeros undulatus,Rhyticeros undulatus,"(Shaw, 1812)",1812,gbif
Tockus damarensis,Tockus damarensis,"(Shelley, 1888)",1888,gbif
Tockus deckeni,Tockus deckeni,"(Cabanis, 1868)",1868,gbif
Tockus erythrorhynchus,Tockus erythrorhynchus,"(Temminck, 1823)",1823,gbif
Tockus flavirostris,Tockus flavirostris,"(Rüppell, 1835)",1835,gbif
Tockus jacksoni,Tockus jacksoni,"(Ogilvie-Grant, 1891)",1891,gbif
Tockus leucomelas,Tockus leucomelas,"(M.H.K.Lichtenstein, 1842)",1842,gbif
Tockus monteiri,Tockus monteiri,"Hartlaub, 1865",1865,gbif
Phoeniculus bollei,Phoeniculus bollei,"(Hartlaub, 1858)",1858,gbif
Phoeniculus damarensis,Phoeniculus damarensis,"(Ogilvie-Grant, 1901)",1901,gbif
Phoeniculus purpureus,Phoeniculus purpureus,"(J.F.Miller, 1784)",1784,gbif
Phoeniculus somaliensis,Phoeniculus somaliensis,"(Ogilvie-Grant, 1901)",1901,gbif
Rhinopomastus aterrimus,Rhinopomastus aterrimus,"(Stephens, 1826)",1826,gbif
Rhinopomastus castaneiceps,Rhinopomastus castaneiceps,"(Sharpe, 1871)",1871,gbif
Rhinopomastus cyanomelas,Rhinopomastus cyanomelas,"(Vieillot, 1819)",1819,gbif
Rhinopomastus minor,Rhinopomastus minor,"(Rüppell, 1845)",1845,gbif
Upupa epops,Upupa epops,"Linnaeus, 1758",1758,gbif
Upupa marginata,Upupa marginata,"Cabanis & Heine, 1860",1860,gbif
Aegotheles affinis,Aegotheles affinis,"Salvadori, 1876",1876,gbif
Aegotheles albertisi,Aegotheles albertisi,"P.L.Sclater, 1874",1874,gbif
Aegotheles archboldi,Aegotheles archboldi,"Rand, 1941",1941,gbif
Aegotheles bennettii,Aegotheles bennettii,"Salvadori & D'Albertis, 1875",1875,gbif
Aegotheles crinifrons,Aegotheles crinifrons,"(Bonaparte, 1850)",1850,gbif
Aegotheles cristatus,Aegotheles cristatus,"(Shaw, 1790)",1790,gbif
Aegotheles insignis,Aegotheles insignis,"Salvadori, 1876",1876,gbif
Aegotheles savesi,Aegotheles savesi,"E.L.Layard & E.L.C.Layard, 1881",1881,gbif
Aegotheles tatei,Aegotheles tatei,"Rand, 1941",1941,gbif
Aegotheles wallacii,Aegotheles wallacii,"G.R.Gray, 1859",1859,gbif
Aerodramus bartschi,Aerodramus bartschi,"(Mearns, 1909)",1909,gbif
Aerodramus brevirostris,Aerodramus brevirostris,"(Horsfield, 1840)",1840,gbif
Aerodramus elaphrus,Aerodramus elaphrus,"(Oberholser, 1906)",1906,gbif
Aerodramus francicus,Aerodramus francicus,"(J.F.Gmelin, 1789)",1789,gbif
Aerodramus fuciphagus,Aerodramus fuciphagus,"(Thunberg, 1812)",1812,gbif
Aerodramus hirundinaceus,Aerodramus hirundinaceus,"(Stresemann, 1914)",1914,gbif
Aerodramus infuscatus,Aerodramus infuscatus,"(Salvadori, 1880)",1880,gbif
Aerodramus inquietus,Aerodramus inquietus,"(Kittlitz, 1858)",1858,gbif
Aerodramus leucophaeus,Aerodramus leucophaeus,"(Peale, 1849)",1849,gbif
Aerodramus maximus,Aerodramus maximus,"(Hume, 1878)",1878,gbif
Aerodramus mearnsi,Aerodramus mearnsi,"(Oberholser, 1912)",1912,gbif
Aerodramus nuditarsus,Aerodramus nuditarsus,"(Salomonsen, 1962)",1962,gbif
Aerodramus orientalis,Aerodramus orientalis,"(Mayr, 1935)",1935,gbif
Aerodramus papuensis,Aerodramus papuensis,"(Rand, 1941)",1941,gbif
Aerodramus pelewensis,Aerodramus pelewensis,"(Mayr, 1935)",1935,gbif
Aerodramus salangana,Aerodramus salangana,"(Streubel, 1848)",1848,gbif
Aerodramus sawtelli,Aerodramus sawtelli,"(Holyoak, 1974)",1974,gbif
Aerodramus spodiopygius,Aerodramus spodiopygius,"(Peale, 1849)",1849,gbif
Aerodramus terraereginae,Aerodramus terraereginae,"(E.P.Ramsay, 1875)",1875,gbif
Aerodramus unicolor,Aerodramus unicolor,"(Jerdon, 1840)",1840,gbif
Aerodramus vanikorensis,Aerodramus vanikorensis,"(Quoy & Gaimard, 1832)",1832,gbif
Aerodramus vulcanorum,Aerodramus vulcanorum,"(Stresemann, 1926)",1926,gbif
Aerodramus whiteheadi,Aerodramus whiteheadi,"(Ogilvie-Grant, 1895)",1895,gbif
Aeronautes andecolus,Aeronautes andecolus,"(d'Orbigny & Lafresnaye, 1837)",1837,gbif
Aeronautes montivagus,Aeronautes montivagus,"(d'Orbigny & Lafresnaye, 1837)",1837,gbif
Aeronautes saxatalis,Aeronautes saxatalis,"(Woodhouse, 1853)",1853,gbif
Apus acuticauda,Apus acuticauda,"(Jerdon, 1864)",1864,gbif
Apus affinis,Apus affinis,"(J.E.Gray, 1830)",1830,gbif
Apus alexandri,Apus alexandri,"Hartert, 1901",1901,gbif
Apus apus,Apus apus,"(Linnaeus, 1758)",1758,gbif
Apus balstoni,Apus balstoni,"(Bartlett, 1880)",1880,gbif
Apus barbatus,Apus barbatus,"(P.L.Sclater, 1866)",1866,gbif
Apus batesi,Apus batesi,"(Sharpe, 1904)",1904,gbif
Apus berliozi,Apus berliozi,"Ripley, 1966",1966,gbif
Apus bradfieldi,Apus bradfieldi,"(Roberts, 1926)",1926,gbif
Apus caffer,Apus caffer,"(M.H.K.Lichtenstein, 1823)",1823,gbif
Apus horus,Apus horus,"(Heuglin, 1869)",1869,gbif
Apus niansae,Apus niansae,"(Reichenow, 1887)",1887,gbif
Apus nipalensis,Apus nipalensis,"(Hodgson, 1837)",1837,gbif
Apus pacificus,Apus pacificus,"(Latham, 1801)",1801,gbif
Apus pallidus,Apus pallidus,"(Shelley, 1870)",1870,gbif
Apus sladeniae,Apus sladeniae,"(Ogilvie-Grant, 1904)",1904,gbif
Apus unicolor,Apus unicolor,"(Jardine, 1830)",1830,gbif
Chaetura andrei,Chaetura andrei,"von Berlepsch & Hartert, 1902",1902,gbif
Chaetura brachyura,Chaetura brachyura,"(Jardine, 1846)",1846,gbif
Chaetura chapmani,Chaetura chapmani,"Hellmayr, 1907",1907,gbif
Chaetura cinereiventris,Chaetura cinereiventris,"P.L.Sclater, 1862",1862,gbif
Chaetura egregia,Chaetura egregia,"Todd, 1916",1916,gbif
Chaetura fumosa,Chaetura fumosa,"Salvin, 1870",1870,gbif
Chaetura martinica,Chaetura martinica,"(Hermann, 1783)",1783,gbif
Chaetura meridionalis,Chaetura meridionalis,"Hellmayr, 1907",1907,gbif
Chaetura pelagica,Chaetura pelagica,"(Linnaeus, 1758)",1758,gbif
Chaetura spinicaudus,Chaetura spinicaudus,"(Temminck, 1839)",1839,gbif
Chaetura vauxi,Chaetura vauxi,"(J.K.Townsend, 1839)",1839,gbif
Collocalia esculenta,Collocalia esculenta,"(Linnaeus, 1758)",1758,gbif
Collocalia linchi,Collocalia linchi,"Horsfield & F.Moore, 1854",1854,gbif
Collocalia troglodytes,Collocalia troglodytes,"G.R.Gray, 1845",1845,gbif
Cypseloides cherriei,Cypseloides cherriei,"Ridgway, 1893",1893,gbif
Cypseloides cryptus,Cypseloides cryptus,"J.T.Zimmer, 1945",1945,gbif
Cypseloides fumigatus,Cypseloides fumigatus,"(Streubel, 1848)",1848,gbif
Cypseloides lemosi,Cypseloides lemosi,"Eisenmann & Lehmann, 1962",1962,gbif
Cypseloides niger,Cypseloides niger,"(J.F.Gmelin, 1789)",1789,gbif
Cypseloides rothschildi,Cypseloides rothschildi,"J.T.Zimmer, 1945",1945,gbif
Cypseloides senex,Cypseloides senex,"(Temminck, 1826)",1826,gbif
Cypseloides storeri,Cypseloides storeri,"Navarro, Peterson, Escalante & Benitez, 1992",1992,gbif
Cypsiurus balasiensis,Cypsiurus balasiensis,"(J.E.Gray, 1829)",1829,gbif
Cypsiurus gracilis,Cypsiurus gracilis,"(Sharpe, 1871)",1871,gbif
Cypsiurus parvus,Cypsiurus parvus,"(M.H.K.Lichtenstein, 1823)",1823,gbif
Hirundapus caudacutus,Hirundapus caudacutus,"(Latham, 1801)",1801,gbif
Hirundapus celebensis,Hirundapus celebensis,"(P.L.Sclater, 1866)",1866,gbif
Hirundapus cochinchinensis,Hirundapus cochinchinensis,"(Oustalet, 1878)",1878,gbif
Hirundapus giganteus,Hirundapus giganteus,"(Temminck, 1825)",1825,gbif
Hydrochous gigas,Hydrochous gigas,"(Hartert & A.L.Butler, 1901)",1901,gbif
Mearnsia novaeguineae,Mearnsia novaeguineae,"(D'Albertis & Salvadori, 1879)",1879,gbif
Mearnsia picina,Mearnsia picina,"(Tweeddale, 1879)",1879,gbif
Neafrapus boehmi,Neafrapus boehmi,"(Schalow, 1882)",1882,gbif
Neafrapus cassini,Neafrapus cassini,"(P.L.Sclater, 1863)",1863,gbif
Panyptila cayennensis,Panyptila cayennensis,"(J.F.Gmelin, 1789)",1789,gbif
Panyptila sanctihieronymi,Panyptila sanctihieronymi,"Salvin, 1863",1863,gbif
Rhaphidura leucopygialis,Rhaphidura leucopygialis,"(Blyth, 1849)",1849,gbif
Rhaphidura sabini,Rhaphidura sabini,"(J.E.Gray, 1829)",1829,gbif
Schoutedenapus myoptilus,Schoutedenapus myoptilus,"(Salvadori, 1888)",1888,gbif
Streptoprocne biscutata,Streptoprocne biscutata,"(P.L.Sclater, 1866)",1866,gbif
Streptoprocne phelpsi,Streptoprocne phelpsi,"(Collins, 1972)",1972,gbif
Streptoprocne rutila,Streptoprocne rutila,"(Vieillot, 1817)",1817,gbif
Streptoprocne semicollaris,Streptoprocne semicollaris,"(DeSaussure, 1859)",1859,gbif
Streptoprocne zonaris,Streptoprocne zonaris,"(Shaw, 1796)",1796,gbif
Tachornis furcata,Tachornis furcata,"(Sutton, 1928)",1928,gbif
Tachornis phoenicobia,Tachornis phoenicobia,"Gosse, 1847",1847,gbif
Tachornis squamata,Tachornis squamata,"(Cassin, 1853)",1853,gbif
Tachymarptis aequatorialis,Tachymarptis aequatorialis,"(J.W.Von Muller, 1851)",1851,gbif
Tachymarptis melba,Tachymarptis melba,"(Linnaeus, 1758)",1758,gbif
Telacanthura melanopygia,Telacanthura melanopygia,"(Chapin, 1915)",1915,gbif
Telacanthura ussheri,Telacanthura ussheri,"(Sharpe, 1870)",1870,gbif
Zoonavena grandidieri,Zoonavena grandidieri,"(J.Verreaux, 1867)",1867,gbif
Zoonavena sylvatica,Zoonavena sylvatica,"(Tickell, 1846)",1846,gbif
Zoonavena thomensis,Zoonavena thomensis,"(Hartert, 1900)",1900,gbif
Antrostomus arizonae,Antrostomus arizonae,"Brewster, 1881",1881,gbif
Antrostomus badius,Antrostomus badius,"Bangs & Peck, 1908",1908,gbif
Antrostomus carolinensis,Antrostomus carolinensis,"(J.F.Gmelin, 1789)",1789,gbif
Antrostomus cubanensis,Antrostomus cubanensis,"Lawrence, 1861",1861,gbif
Antrostomus ekmani,Antrostomus ekmani,"Lönnberg, 1929",1929,gbif
Antrostomus noctitherus,Antrostomus noctitherus,"(Wetmore, 1919)",1919,gbif
Antrostomus ridgwayi,Antrostomus ridgwayi,"Nelson, 1897",1897,gbif
Antrostomus rufus,Antrostomus rufus,"(Boddaert, 1783)",1783,gbif
Antrostomus salvini,Antrostomus salvini,"(Hartert, 1892)",1892,gbif
Antrostomus saturatus,Antrostomus saturatus,"Salvin, 1870",1870,gbif
Antrostomus sericocaudatus,Antrostomus sericocaudatus,"Cassin, 1849",1849,gbif
Antrostomus vociferus,Antrostomus vociferus,"(A.Wilson, 1812)",1812,gbif
Caprimulgus aegyptius,Caprimulgus aegyptius,"M.H.K.Lichtenstein, 1823",1823,gbif
Caprimulgus affinis,Caprimulgus affinis,"Horsfield, 1821",1821,gbif
Caprimulgus andamanicus,Caprimulgus andamanicus,"Hume, 1873",1873,gbif
Caprimulgus asiaticus,Caprimulgus asiaticus,"Latham, 1790",1790,gbif
Caprimulgus atripennis,Caprimulgus atripennis,"Jerdon, 1845",1845,gbif
Caprimulgus batesi,Caprimulgus batesi,"Sharpe, 1906",1906,gbif
Caprimulgus celebensis,Caprimulgus celebensis,"Ogilvie-Grant, 1894",1894,gbif
Caprimulgus centralasicus,Caprimulgus centralasicus,"Vaurie, 1960",1960,gbif
Caprimulgus clarus,Caprimulgus clarus,"Reichenow, 1892",1892,gbif
Caprimulgus climacurus,Caprimulgus climacurus,"Vieillot, 1824",1824,gbif
Caprimulgus concretus,Caprimulgus concretus,"Bonaparte, 1850",1850,gbif
Caprimulgus donaldsoni,Caprimulgus donaldsoni,"Sharpe, 1895",1895,gbif
Caprimulgus europaeus,Caprimulgus europaeus,"Linnaeus, 1758",1758,gbif
Caprimulgus eximius,Caprimulgus eximius,"Temminck, 1826",1826,gbif
Caprimulgus fossii,Caprimulgus fossii,"Hartlaub, 1857",1857,gbif
Caprimulgus fraenatus,Caprimulgus fraenatus,"Salvadori, 1884",1884,gbif
Caprimulgus indicus,Caprimulgus indicus,"Latham, 1790",1790,gbif
Caprimulgus inornatus,Caprimulgus inornatus,"Heuglin, 1869",1869,gbif
Caprimulgus jotaka,Caprimulgus jotaka,"Temminck & Schlegel, 1845",1845,gbif
Caprimulgus longipennis,Caprimulgus longipennis,"Shaw, 1796",1796,gbif
Caprimulgus macrurus,Caprimulgus macrurus,"Horsfield, 1821",1821,gbif
Caprimulgus madagascariensis,Caprimulgus madagascariensis,"Sganzin, 1840",1840,gbif
Caprimulgus mahrattensis,Caprimulgus mahrattensis,"Sykes, 1832",1832,gbif
Caprimulgus manillensis,Caprimulgus manillensis,"Walden, 1875",1875,gbif
Caprimulgus meesi,Caprimulgus meesi,"Sangster & Rozendaal, 2004",2004,gbif
Caprimulgus natalensis,Caprimulgus natalensis,"A.Smith, 1845",1845,gbif
Caprimulgus nubicus,Caprimulgus nubicus,"M.H.K.Lichtenstein, 1823",1823,gbif
Caprimulgus pectoralis,Caprimulgus pectoralis,"Cuvier, 1816",1816,gbif
Caprimulgus phalaena,Caprimulgus phalaena,"Hartlaub & Finsch, 1872",1872,gbif
Caprimulgus poliocephalus,Caprimulgus poliocephalus,"Rüppell, 1840",1840,gbif
Caprimulgus prigoginei,Caprimulgus prigoginei,"Louette, 1990",1990,gbif
Caprimulgus pulchellus,Caprimulgus pulchellus,"Salvadori, 1879",1879,gbif
Caprimulgus ruficollis,Caprimulgus ruficollis,"Temminck, 1820",1820,gbif
Caprimulgus rufigena,Caprimulgus rufigena,"A.Smith, 1845",1845,gbif
Caprimulgus solala,Caprimulgus solala,"Ash Safford, Telfer Duckworth & Zewdie, 1995",1995,gbif
Caprimulgus stellatus,Caprimulgus stellatus,"Blundell & Lovat, 1899",1899,gbif
Caprimulgus tristigma,Caprimulgus tristigma,"Rüppell, 1840",1840,gbif
Caprimulgus vexillarius,Caprimulgus vexillarius,"(Gould, 1838)",1838,gbif
Chordeiles acutipennis,Chordeiles acutipennis,"(Hermann, 1783)",1783,gbif
Chordeiles gundlachii,Chordeiles gundlachii,"Lawrence, 1857",1857,gbif
Chordeiles minor,Chordeiles minor,"(J.R.Forster, 1771)",1771,gbif
Chordeiles nacunda,Chordeiles nacunda,"(Vieillot, 1817)",1817,gbif
Chordeiles pusillus,Chordeiles pusillus,"Gould, 1861",1861,gbif
Chordeiles rupestris,Chordeiles rupestris,"(von Spix, 1825)",1825,gbif
Eleothreptus anomalus,Eleothreptus anomalus,"(Gould, 1838)",1838,gbif
Eleothreptus candicans,Eleothreptus candicans,"(Pelzeln, 1867)",1867,gbif
Eurostopodus archboldi,Eurostopodus archboldi,"(Mayr & Rand, 1935)",1935,gbif
Eurostopodus argus,Eurostopodus argus,"Hartert, 1892",1892,gbif
Eurostopodus diabolicus,Eurostopodus diabolicus,"Stresemann, 1931",1931,gbif
Eurostopodus exul,Eurostopodus exul,"Mayr, 1941",1941,gbif
Eurostopodus mystacalis,Eurostopodus mystacalis,"(Temminck, 1826)",1826,gbif
Eurostopodus nigripennis,Eurostopodus nigripennis,"E.P.Ramsay, 1882",1882,gbif
Eurostopodus papuensis,Eurostopodus papuensis,"(Schlegel, 1866)",1866,gbif
Gactornis enarratus,Gactornis enarratus,"(G.R.Gray, 1871)",1871,gbif
Hydropsalis cayennensis,Hydropsalis cayennensis,"(J.F.Gmelin, 1789)",1789,gbif
Hydropsalis climacocerca,Hydropsalis climacocerca,"(Tschudi, 1844)",1844,gbif
Hydropsalis maculicaudus,Hydropsalis maculicaudus,"(Lawrence, 1862)",1862,gbif
Hydropsalis torquata,Hydropsalis torquata,"(J.F.Gmelin, 1789)",1789,gbif
Lurocalis rufiventris,Lurocalis rufiventris,"Taczanowski, 1884",1884,gbif
Lurocalis semitorquatus,Lurocalis semitorquatus,"(J.F.Gmelin, 1789)",1789,gbif
Lyncornis macrotis,Lyncornis macrotis,"(Vigors, 1831)",1831,gbif
Lyncornis temminckii,Lyncornis temminckii,"Gould, 1838",1838,gbif
Macropsalis forcipata,Macropsalis forcipata,"(Nitsch, 1840)",1840,gbif
Nyctidromus albicollis,Nyctidromus albicollis,"(J.F.Gmelin, 1789)",1789,gbif
Nyctidromus anthonyi,Nyctidromus anthonyi,"(Chapman, 1923)",1923,gbif
Nyctiphrynus mcleodii,Nyctiphrynus mcleodii,"(Brewster, 1888)",1888,gbif
Nyctiphrynus ocellatus,Nyctiphrynus ocellatus,"(Tschudi, 1844)",1844,gbif
Nyctiphrynus rosenbergi,Nyctiphrynus rosenbergi,"(Hartert, 1895)",1895,gbif
Nyctiphrynus yucatanicus,Nyctiphrynus yucatanicus,"(Hartert, 1892)",1892,gbif
Nyctipolus hirundinaceus,Nyctipolus hirundinaceus,"(von Spix, 1825)",1825,gbif
Nyctipolus nigrescens,Nyctipolus nigrescens,"(Cabanis, 1849)",1849,gbif
Nyctiprogne leucopyga,Nyctiprogne leucopyga,"(von Spix, 1825)",1825,gbif
Nyctiprogne vielliardi,Nyctiprogne vielliardi,"(Lencioni-Neto, 1994)",1994,gbif
Phalaenoptilus nuttallii,Phalaenoptilus nuttallii,"(Audubon, 1844)",1844,gbif
Setopagis heterura,Setopagis heterura,"Todd, 1915",1915,gbif
Setopagis maculosa,Setopagis maculosa,"(Todd, 1920)",1920,gbif
Setopagis parvula,Setopagis parvula,"(Gould, 1837)",1837,gbif
Setopagis whitelyi,Setopagis whitelyi,"(Salvin, 1885)",1885,gbif
Siphonorhis americana,Siphonorhis americana,"(Linnaeus, 1758)",1758,gbif
Siphonorhis brewsteri,Siphonorhis brewsteri,"(Chapman, 1917)",1917,gbif
Systellura decussata,Systellura decussata,"(Tschudi, 1844)",1844,gbif
Systellura longirostris,Systellura longirostris,"(Bonaparte, 1825)",1825,gbif
Systellura roraimae,Systellura roraimae,"Chapman, 1929",1929,gbif
Uropsalis lyra,Uropsalis lyra,"(Bonaparte, 1850)",1850,gbif
Uropsalis segmentata,Uropsalis segmentata,"(Cassin, 1849)",1849,gbif
Veles binotatus,Veles binotatus,"(Bonaparte, 1850)",1850,gbif
Hemiprocne comata,Hemiprocne comata,"(Temminck, 1824)",1824,gbif
Hemiprocne coronata,Hemiprocne coronata,"(Tickell, 1833)",1833,gbif
Hemiprocne longipennis,Hemiprocne longipennis,"(Rafinesque, 1802)",1802,gbif
Hemiprocne mystacea,Hemiprocne mystacea,"(R.Lesson & Garnot, 1827)",1827,gbif
Nyctibius aethereus,Nyctibius aethereus,"(zu Wied-Neuwied, 1820)",1820,gbif
Nyctibius grandis,Nyctibius grandis,"(J.F.Gmelin, 1789)",1789,gbif
Nyctibius griseus,Nyctibius griseus,"(J.F.Gmelin, 1789)",1789,gbif
Nyctibius jamaicensis,Nyctibius jamaicensis,"(J.F.Gmelin, 1789)",1789,gbif
Nyctibius leucopterus,Nyctibius leucopterus,"(zu Wied-Neuwied, 1821)",1821,gbif
Nyctibius maculosus,Nyctibius maculosus,"Ridgway, 1912",1912,gbif
Phyllaemulor bracteatus,Phyllaemulor bracteatus,"(Gould, 1846)",1846,gbif
Batrachostomus auritus,Batrachostomus auritus,"(J.E.Gray, 1829)",1829,gbif
Batrachostomus cornutus,Batrachostomus cornutus,"(Temminck, 1822)",1822,gbif
Batrachostomus harterti,Batrachostomus harterti,"Sharpe, 1892",1892,gbif
Batrachostomus hodgsoni,Batrachostomus hodgsoni,"(G.R.Gray, 1859)",1859,gbif
Batrachostomus javensis,Batrachostomus javensis,"(Horsfield, 1821)",1821,gbif
Batrachostomus mixtus,Batrachostomus mixtus,"Sharpe, 1892",1892,gbif
Batrachostomus moniliger,Batrachostomus moniliger,"Blyth, 1849",1849,gbif
Batrachostomus poliolophus,Batrachostomus poliolophus,"Hartert, 1892",1892,gbif
Batrachostomus septimus,Batrachostomus septimus,"Tweeddale, 1877",1877,gbif
Batrachostomus stellatus,Batrachostomus stellatus,"(Gould, 1837)",1837,gbif
Podargus ocellatus,Podargus ocellatus,"Quoy & Gaimard, 1830",1830,gbif
Podargus papuensis,Podargus papuensis,"Quoy & Gaimard, 1830",1830,gbif
Podargus strigoides,Podargus strigoides,"(Latham, 1801)",1801,gbif
Rigidipenna inexpectata,Rigidipenna inexpectata,"(Hartert, 1901)",1901,gbif
Steatornis caripensis,Steatornis caripensis,"von Humboldt, 1817",1817,gbif
Abeillia abeillei,Abeillia abeillei,"(R.Lesson & Delattre, 1839)",1839,gbif
Adelomyia melanogenys,Adelomyia melanogenys,"(Fraser, 1840)",1840,gbif
Aglaeactis aliciae,Aglaeactis aliciae,"Salvin, 1896",1896,gbif
Aglaeactis castelnaudii,Aglaeactis castelnaudii,"(Bourcier & Mulsant, 1848)",1848,gbif
Aglaeactis cupripennis,Aglaeactis cupripennis,"(Bourcier, 1843)",1843,gbif
Aglaeactis pamela,Aglaeactis pamela,"(d'Orbigny, 1838)",1838,gbif
Aglaiocercus berlepschi,Aglaiocercus berlepschi,"(Hartert, 1898)",1898,gbif
Aglaiocercus coelestis,Aglaiocercus coelestis,"(Gould, 1861)",1861,gbif
Aglaiocercus kingii,Aglaiocercus kingii,"(R.Lesson, 1832)",1832,gbif
Amazilia alfaroana,Amazilia alfaroana,"Underwood, 1896",1896,gbif
Amazilia amabilis,Amazilia amabilis,"(Gould, 1853)",1853,gbif
Amazilia amazilia,Amazilia amazilia,"(R.Lesson & Garnot, 1827)",1827,gbif
Amazilia bartletti,Amazilia bartletti,"(Gould, 1860)",1860,gbif
Amazilia beryllina,Amazilia beryllina,"(Deppe, 1830)",1830,gbif
Amazilia boucardi,Amazilia boucardi,"(Mulsant, 1877)",1877,gbif
Amazilia brevirostris,Amazilia brevirostris,"(R.Lesson, 1829)",1829,gbif
Amazilia candida,Amazilia candida,"(Bourcier & Mulsant, 1846)",1846,gbif
Amazilia castaneiventris,Amazilia castaneiventris,"(Gould, 1856)",1856,gbif
Amazilia chionogaster,Amazilia chionogaster,"(Tschudi, 1846)",1846,gbif
Amazilia chrysura,Amazilia chrysura,"(Shaw, 1812)",1812,gbif
Amazilia coeruleogularis,Amazilia coeruleogularis,"(Gould, 1851)",1851,gbif
Amazilia cupreicauda,Amazilia cupreicauda,"Salvin & Godman, 1884",1884,gbif
Amazilia cyanifrons,Amazilia cyanifrons,"(Bourcier, 1843)",1843,gbif
Amazilia cyanocephala,Amazilia cyanocephala,"(Bourcier & Mulsant, 1846)",1846,gbif
Amazilia cyanura,Amazilia cyanura,"Gould, 1859",1859,gbif
Amazilia cyanus,Amazilia cyanus,"(Vieillot, 1818)",1818,gbif
Amazilia decora,Amazilia decora,"(Salvin, 1891)",1891,gbif
Amazilia edward,Amazilia edward,"(Delattre & Bourcier, 1846)",1846,gbif
Amazilia eliciae,Amazilia eliciae,"(Bourcier & Mulsant, 1846)",1846,gbif
Amazilia fimbriata,Amazilia fimbriata,"(J.F.Gmelin, 1788)",1788,gbif
Amazilia franciae,Amazilia franciae,"(Bourcier & Mulsant, 1846)",1846,gbif
Amazilia goudoti,Amazilia goudoti,"(Bourcier, 1843)",1843,gbif
Amazilia grayi,Amazilia grayi,"(DeLattre & Bourcier, 1846)",1846,gbif
Amazilia humboldtii,Amazilia humboldtii,"(Bourcier & Mulsant, 1852)",1852,gbif
Amazilia julie,Amazilia julie,"(Bourcier, 1842)",1842,gbif
Amazilia lactea,Amazilia lactea,"(R.Lesson, 1832)",1832,gbif
Amazilia leucogaster,Amazilia leucogaster,"(J.F.Gmelin, 1788)",1788,gbif
Amazilia lilliae,Amazilia lilliae,"(Stone, 1917)",1917,gbif
Amazilia luciae,Amazilia luciae,"(Lawrence, 1868)",1868,gbif
Amazilia oenone,Amazilia oenone,"(Lesson, 1832)",1832,gbif
Amazilia rosenbergi,Amazilia rosenbergi,"(Boucard, 1895)",1895,gbif
Amazilia rutila,Amazilia rutila,"(Delattre, 1843)",1843,gbif
Amazilia sapphirina,Amazilia sapphirina,"(Gmelin, 1788)",1788,gbif
Amazilia saucerottei,Amazilia saucerottei,"(Delattre & Bourcier, 1846)",1846,gbif
Amazilia tobaci,Amazilia tobaci,"(J.F.Gmelin, 1788)",1788,gbif
Amazilia tzacatl,Amazilia tzacatl,"(de la Llave, 1833)",1833,gbif
Amazilia versicolor,Amazilia versicolor,"(Vieillot, 1818)",1818,gbif
Amazilia violiceps,Amazilia violiceps,"(Gould, 1859)",1859,gbif
Amazilia viridicauda,Amazilia viridicauda,"(von Berlepsch, 1883)",1883,gbif
Amazilia viridifrons,Amazilia viridifrons,"(D.G.Elliot, 1871)",1871,gbif
Amazilia viridigaster,Amazilia viridigaster,"(Bourcier, 1843)",1843,gbif
Amazilia wagneri,Amazilia wagneri,"A.R.Phillips, 1966",1966,gbif
Amazilia yucatanensis,Amazilia yucatanensis,"(S.Cabot, 1845)",1845,gbif
Androdon aequatorialis,Androdon aequatorialis,"Gould, 1863",1863,gbif
Anopetia gounellei,Anopetia gounellei,"(Boucard, 1891)",1891,gbif
Anthocephala berlepschi,Anthocephala berlepschi,"Salvin, 1893",1893,gbif
Anthocephala floriceps,Anthocephala floriceps,"(Gould, 1853)",1853,gbif
Anthracothorax aurulentus,Anthracothorax aurulentus,"(Audebert & Vieillot, 1801)",1801,gbif
Anthracothorax dominicus,Anthracothorax dominicus,"(Linnaeus, 1766)",1766,gbif
Anthracothorax mango,Anthracothorax mango,"(Linnaeus, 1758)",1758,gbif
Anthracothorax nigricollis,Anthracothorax nigricollis,"(Vieillot, 1817)",1817,gbif
Anthracothorax prevostii,Anthracothorax prevostii,"(R.Lesson, 1832)",1832,gbif
Anthracothorax veraguensis,Anthracothorax veraguensis,"Reichenbach, 1855",1855,gbif
Anthracothorax viridigula,Anthracothorax viridigula,"(Boddaert, 1783)",1783,gbif
Anthracothorax viridis,Anthracothorax viridis,"(Audebert & Vieillot, 1801)",1801,gbif
Aphantochroa cirrochloris,Aphantochroa cirrochloris,"(Vieillot, 1818)",1818,gbif
Archilochus alexandri,Archilochus alexandri,"(Bourcier & Mulsant, 1846)",1846,gbif
Archilochus colubris,Archilochus colubris,"(Linnaeus, 1758)",1758,gbif
Atthis ellioti,Atthis ellioti,"Ridgway, 1878",1878,gbif
Atthis heloisa,Atthis heloisa,"(R.Lesson & Delattre, 1839)",1839,gbif
Augastes lumachella,Augastes lumachella,"(R.Lesson, 1839)",1839,gbif
Augastes scutatus,Augastes scutatus,"(Temminck, 1824)",1824,gbif
Avocettula recurvirostris,Avocettula recurvirostris,"(Swainson, 1822)",1822,gbif
Basilinna leucotis,Basilinna leucotis,"(Vieillot, 1818)",1818,gbif
Basilinna xantusii,Basilinna xantusii,"(Lawrence, 1861)",1861,gbif
Boissonneaua flavescens,Boissonneaua flavescens,"(Loddiges, 1832)",1832,gbif
Boissonneaua jardini,Boissonneaua jardini,"(Bourcier, 1851)",1851,gbif
Boissonneaua matthewsii,Boissonneaua matthewsii,"(Bourcier, 1847)",1847,gbif
Calliphlox amethystina,Calliphlox amethystina,"(Boddaert, 1783)",1783,gbif
Calliphlox bryantae,Calliphlox bryantae,"(Lawrence, 1867)",1867,gbif
Calliphlox mitchellii,Calliphlox mitchellii,"(Bourcier, 1847)",1847,gbif
Calothorax lucifer,Calothorax lucifer,"(Swainson, 1827)",1827,gbif
Calothorax pulcher,Calothorax pulcher,"Gould, 1859",1859,gbif
Calypte anna,Calypte anna,"(R.Lesson, 1829)",1829,gbif
Calypte costae,Calypte costae,"(Bourcier, 1839)",1839,gbif
Campylopterus curvipennis,Campylopterus curvipennis,"(Deppe, 1830)",1830,gbif
Campylopterus cuvierii,Campylopterus cuvierii,"(Delattre & Bourcier, 1846)",1846,gbif
Campylopterus duidae,Campylopterus duidae,"Chapman, 1929",1929,gbif
Campylopterus ensipennis,Campylopterus ensipennis,"(Swainson, 1822)",1822,gbif
Campylopterus falcatus,Campylopterus falcatus,"(Swainson, 1821)",1821,gbif
Campylopterus hemileucurus,Campylopterus hemileucurus,"(Deppe, 1830)",1830,gbif
Campylopterus hyperythrus,Campylopterus hyperythrus,"Cabanis, 1849",1849,gbif
Campylopterus largipennis,Campylopterus largipennis,"(Boddaert, 1783)",1783,gbif
Campylopterus phainopeplus,Campylopterus phainopeplus,"Salvin & Godman, 1879",1879,gbif
Campylopterus rufus,Campylopterus rufus,"R.Lesson, 1840",1840,gbif
Campylopterus villaviscensio,Campylopterus villaviscensio,"(Bourcier, 1851)",1851,gbif
Chaetocercus astreans,Chaetocercus astreans,"(Bangs, 1899)",1899,gbif
Chaetocercus berlepschi,Chaetocercus berlepschi,"Simon, 1889",1889,gbif
Chaetocercus bombus,Chaetocercus bombus,"Gould, 1871",1871,gbif
Chaetocercus heliodor,Chaetocercus heliodor,"(Bourcier, 1840)",1840,gbif
Chaetocercus jourdanii,Chaetocercus jourdanii,"(Bourcier, 1839)",1839,gbif
Chaetocercus mulsant,Chaetocercus mulsant,"(Bourcier, 1843)",1843,gbif
Chalcostigma herrani,Chalcostigma herrani,"(Delattre & Bourcier, 1846)",1846,gbif
Chalcostigma heteropogon,Chalcostigma heteropogon,"(Boissonneau, 1840)",1840,gbif
Chalcostigma olivaceum,Chalcostigma olivaceum,"(Lawrence, 1864)",1864,gbif
Chalcostigma ruficeps,Chalcostigma ruficeps,"(Gould, 1846)",1846,gbif
Chalcostigma stanleyi,Chalcostigma stanleyi,"(Bourcier, 1851)",1851,gbif
Chalybura buffonii,Chalybura buffonii,"(R.Lesson, 1832)",1832,gbif
Chalybura urochrysia,Chalybura urochrysia,"(Gould, 1861)",1861,gbif
Chlorostilbon assimilis,Chlorostilbon assimilis,"Lawrence, 1861",1861,gbif
Chlorostilbon auriceps,Chlorostilbon auriceps,"(Gould, 1852)",1852,gbif
Chlorostilbon canivetii,Chlorostilbon canivetii,"(R.Lesson, 1832)",1832,gbif
Chlorostilbon forficatus,Chlorostilbon forficatus,"Ridgway, 1885",1885,gbif
Chlorostilbon gibsoni,Chlorostilbon gibsoni,"(Fraser, 1840)",1840,gbif
Chlorostilbon lucidus,Chlorostilbon lucidus,"(Shaw, 1812)",1812,gbif
Chlorostilbon maugaeus,Chlorostilbon maugaeus,"(Audebert & Vieillot, 1801)",1801,gbif
Chlorostilbon mellisugus,Chlorostilbon mellisugus,"(Linnaeus, 1758)",1758,gbif
Chlorostilbon notatus,Chlorostilbon notatus,"(G.C.Reich, 1793)",1793,gbif
Chlorostilbon olivaresi,Chlorostilbon olivaresi,"Stiles, 1996",1996,gbif
Chlorostilbon poortmani,Chlorostilbon poortmani,"(Bourcier, 1843)",1843,gbif
Chlorostilbon ricordii,Chlorostilbon ricordii,"(Gervais, 1835)",1835,gbif
Chlorostilbon russatus,Chlorostilbon russatus,"(Salvin & Godman, 1881)",1881,gbif
Chlorostilbon stenurus,Chlorostilbon stenurus,"(Cabanis & Heine, 1860)",1860,gbif
Chlorostilbon swainsonii,Chlorostilbon swainsonii,"(R.Lesson, 1829)",1829,gbif
Chrysolampis mosquitus,Chrysolampis mosquitus,"(Linnaeus, 1758)",1758,gbif
Clytolaema rubricauda,Clytolaema rubricauda,"(Boddaert, 1783)",1783,gbif
Coeligena albicaudata,Coeligena albicaudata,"Schuchmann & Züchner, 1997",1997,gbif
Coeligena bonapartei,Coeligena bonapartei,"(Boissonneau, 1840)",1840,gbif
Coeligena coeligena,Coeligena coeligena,"(R.Lesson, 1833)",1833,gbif
Coeligena conradii,Coeligena conradii,"(Bourcier, 1847)",1847,gbif
Coeligena consita,Coeligena consita,"Wetmore, Phelps & WH Jr, 1952",1952,gbif
Coeligena dichroura,Coeligena dichroura,"(Taczanowski, 1874)",1874,gbif
Coeligena eisenmanni,Coeligena eisenmanni,"Weske, 1985",1985,gbif
Coeligena eos,Coeligena eos,"(Gould, 1848)",1848,gbif
Coeligena helianthea,Coeligena helianthea,"(R.Lesson, 1839)",1839,gbif
Coeligena inca,Coeligena inca,"(Gould, 1852)",1852,gbif
Coeligena iris,Coeligena iris,"(Gould, 1853)",1853,gbif
Coeligena lutetiae,Coeligena lutetiae,"(Delattre & Bourcier, 1846)",1846,gbif
Coeligena orina,Coeligena orina,"Wetmore, 1953",1953,gbif
Coeligena osculans,Coeligena osculans,"(Gould, 1871)",1871,gbif
Coeligena phalerata,Coeligena phalerata,"(Bangs, 1898)",1898,gbif
Coeligena prunellei,Coeligena prunellei,"(Bourcier, 1843)",1843,gbif
Coeligena torquata,Coeligena torquata,"(Boissonneau, 1840)",1840,gbif
Coeligena violifer,Coeligena violifer,"(Gould, 1846)",1846,gbif
Coeligena wilsoni,Coeligena wilsoni,"(Delattre & Bourcier, 1846)",1846,gbif
Colibri coruscans,Colibri coruscans,"(Gould, 1846)",1846,gbif
Colibri delphinae,Colibri delphinae,"(R.Lesson, 1839)",1839,gbif
Colibri serrirostris,Colibri serrirostris,"(Vieillot, 1816)",1816,gbif
Colibri thalassinus,Colibri thalassinus,"(Swainson, 1827)",1827,gbif
Cyanophaia bicolor,Cyanophaia bicolor,"(J.F.Gmelin, 1788)",1788,gbif
Cynanthus doubledayi,Cynanthus doubledayi,"(Bourcier, 1847)",1847,gbif
Cynanthus latirostris,Cynanthus latirostris,"Swainson, 1827",1827,gbif
Cynanthus lawrencei,Cynanthus lawrencei,"(Berlepsch, 1887)",1887,gbif
Cynanthus sordidus,Cynanthus sordidus,"(Gould, 1859)",1859,gbif
Discosura conversii,Discosura conversii,"(Bourcier & Mulsant, 1846)",1846,gbif
Discosura langsdorffi,Discosura langsdorffi,"(Temminck, 1821)",1821,gbif
Discosura letitiae,Discosura letitiae,"(Bourcier & Mulsant, 1852)",1852,gbif
Discosura longicaudus,Discosura longicaudus,"(J.F.Gmelin, 1788)",1788,gbif
Discosura popelairii,Discosura popelairii,"(Du Bus de Gisignies, 1846)",1846,gbif
Doricha eliza,Doricha eliza,"(R.Lesson & Delattre, 1839)",1839,gbif
Doricha enicura,Doricha enicura,"(Vieillot, 1818)",1818,gbif
Doryfera johannae,Doryfera johannae,"(Bourcier, 1847)",1847,gbif
Doryfera ludovicae,Doryfera ludovicae,"(Bourcier & Mulsant, 1847)",1847,gbif
Elvira chionura,Elvira chionura,"(Gould, 1851)",1851,gbif
Elvira cupreiceps,Elvira cupreiceps,"(Lawrence, 1866)",1866,gbif
Ensifera ensifera,Ensifera ensifera,"(Boissonneau, 1840)",1840,gbif
Eriocnemis aline,Eriocnemis aline,"(Bourcier, 1843)",1843,gbif
Eriocnemis cupreoventris,Eriocnemis cupreoventris,"(Fraser, 1840)",1840,gbif
Eriocnemis derbyi,Eriocnemis derbyi,"(Delattre & Bourcier, 1846)",1846,gbif
Eriocnemis glaucopoides,Eriocnemis glaucopoides,"(d'Orbigny & Lafresnaye, 1838)",1838,gbif
Eriocnemis godini,Eriocnemis godini,"(Bourcier, 1851)",1851,gbif
Eriocnemis isabellae,Eriocnemis isabellae,"Cortés-Diago, Ortega, Mazariegos-Hurtado & Weller, 2007",2007,gbif
Eriocnemis luciani,Eriocnemis luciani,"(Bourcier, 1847)",1847,gbif
Eriocnemis mirabilis,Eriocnemis mirabilis,"Meyer de Schauensee, 1967",1967,gbif
Eriocnemis mosquera,Eriocnemis mosquera,"(Delattre & Bourcier, 1846)",1846,gbif
Eriocnemis nigrivestis,Eriocnemis nigrivestis,"(Bourcier & Mulsant, 1852)",1852,gbif
Eriocnemis sapphiropygia,Eriocnemis sapphiropygia,"Taczanowski, 1874",1874,gbif
Eriocnemis vestita,Eriocnemis vestita,"(R.Lesson, 1839)",1839,gbif
Eugenes fulgens,Eugenes fulgens,"(Swainson, 1827)",1827,gbif
Eulampis holosericeus,Eulampis holosericeus,"(Linnaeus, 1758)",1758,gbif
Eulampis jugularis,Eulampis jugularis,"(Linnaeus, 1766)",1766,gbif
Eulidia yarrellii,Eulidia yarrellii,"(Bourcier, 1847)",1847,gbif
Eupetomena macroura,Eupetomena macroura,"(J.F.Gmelin, 1788)",1788,gbif
Eupherusa cyanophrys,Eupherusa cyanophrys,"J.S.Rowley & Orr, 1964",1964,gbif
Eupherusa eximia,Eupherusa eximia,"(Delattre, 1843)",1843,gbif
Eupherusa nigriventris,Eupherusa nigriventris,"Lawrence, 1868",1868,gbif
Eupherusa poliocerca,Eupherusa poliocerca,"D.G.Elliot, 1871",1871,gbif
Eutoxeres aquila,Eutoxeres aquila,"(Bourcier, 1847)",1847,gbif
Eutoxeres condamini,Eutoxeres condamini,"(Bourcier, 1851)",1851,gbif
Florisuga fusca,Florisuga fusca,"(Vieillot, 1817)",1817,gbif
Florisuga mellivora,Florisuga mellivora,"(Linnaeus, 1758)",1758,gbif
Glaucis aeneus,Glaucis aeneus,"Lawrence, 1868",1868,gbif
Glaucis dohrnii,Glaucis dohrnii,"(Bourcier & Mulsant, 1852)",1852,gbif
Glaucis hirsutus,Glaucis hirsutus,"(J.F.Gmelin, 1788)",1788,gbif
Goethalsia bella,Goethalsia bella,"Nelson, 1912",1912,gbif
Goldmania violiceps,Goldmania violiceps,"Nelson, 1911",1911,gbif
Haplophaedia assimilis,Haplophaedia assimilis,"(D.G.Elliot, 1876)",1876,gbif
Haplophaedia aureliae,Haplophaedia aureliae,"(Bourcier & Mulsant, 1846)",1846,gbif
Haplophaedia lugens,Haplophaedia lugens,"(Gould, 1852)",1852,gbif
Heliactin bilophus,Heliactin bilophus,"(Temminck, 1820)",1820,gbif
Heliangelus amethysticollis,Heliangelus amethysticollis,"(d'Orbigny & Lafresnaye, 1838)",1838,gbif
Heliangelus clarisse,Heliangelus clarisse,"(Longuemare, 1841)",1841,gbif
Heliangelus exortis,Heliangelus exortis,"(Fraser, 1840)",1840,gbif
Heliangelus mavors,Heliangelus mavors,"Gould, 1848",1848,gbif
Heliangelus micraster,Heliangelus micraster,"Gould, 1872",1872,gbif
Heliangelus regalis,Heliangelus regalis,"Fitzpatrick, Willard & Terborgh, 1979",1979,gbif
Heliangelus spencei,Heliangelus spencei,"(Bourcier, 1847)",1847,gbif
Heliangelus strophianus,Heliangelus strophianus,"(Gould, 1846)",1846,gbif
Heliangelus viola,Heliangelus viola,"Gould, 1853",1853,gbif
Heliodoxa aurescens,Heliodoxa aurescens,"(Gould, 1846)",1846,gbif
Heliodoxa branickii,Heliodoxa branickii,"(Taczanowski, 1874)",1874,gbif
Heliodoxa gularis,Heliodoxa gularis,"(Gould, 1860)",1860,gbif
Heliodoxa imperatrix,Heliodoxa imperatrix,"(Gould, 1856)",1856,gbif
Heliodoxa jacula,Heliodoxa jacula,"Gould, 1850",1850,gbif
Heliodoxa leadbeateri,Heliodoxa leadbeateri,"(Bourcier, 1843)",1843,gbif
Heliodoxa rubinoides,Heliodoxa rubinoides,"(Bourcier & Mulsant, 1846)",1846,gbif
Heliodoxa schreibersii,Heliodoxa schreibersii,"(Bourcier, 1847)",1847,gbif
Heliodoxa whitelyana,Heliodoxa whitelyana,"(Gould, 1872)",1872,gbif
Heliodoxa xanthogonys,Heliodoxa xanthogonys,"Salvin & Godman, 1882",1882,gbif
Heliomaster constantii,Heliomaster constantii,"(Delattre, 1843)",1843,gbif
Heliomaster furcifer,Heliomaster furcifer,"(Shaw, 1812)",1812,gbif
Heliomaster longirostris,Heliomaster longirostris,"(Audebert & Vieillot, 1801)",1801,gbif
Heliomaster squamosus,Heliomaster squamosus,"(Temminck, 1823)",1823,gbif
Heliothryx auritus,Heliothryx auritus,"(J.F.Gmelin, 1788)",1788,gbif
Heliothryx barroti,Heliothryx barroti,"(Bourcier, 1843)",1843,gbif
Hylonympha macrocerca,Hylonympha macrocerca,"Gould, 1873",1873,gbif
Klais guimeti,Klais guimeti,"(Bourcier, 1843)",1843,gbif
Lafresnaya lafresnayi,Lafresnaya lafresnayi,"(Boissonneau, 1840)",1840,gbif
Lampornis amethystinus,Lampornis amethystinus,"Swainson, 1827",1827,gbif
Lampornis calolaemus,Lampornis calolaemus,"(Salvin, 1865)",1865,gbif
Lampornis castaneoventris,Lampornis castaneoventris,"(Gould, 1851)",1851,gbif
Lampornis cinereicauda,Lampornis cinereicauda,"(Lawrence, 1867)",1867,gbif
Lampornis clemenciae,Lampornis clemenciae,"(R.Lesson, 1830)",1830,gbif
Lampornis hemileucus,Lampornis hemileucus,"(Salvin, 1865)",1865,gbif
Lampornis sybillae,Lampornis sybillae,"(Salvin & Godman, 1892)",1892,gbif
Lampornis viridipallens,Lampornis viridipallens,"(Bourcier & Mulsant, 1846)",1846,gbif
Lamprolaima rhami,Lamprolaima rhami,"(R.Lesson, 1839)",1839,gbif
Lesbia nuna,Lesbia nuna,"(R.Lesson, 1832)",1832,gbif
Lesbia victoriae,Lesbia victoriae,"(Bourcier & Mulsant, 1846)",1846,gbif
Leucippus baeri,Leucippus baeri,"Simon, 1901",1901,gbif
Leucippus chlorocercus,Leucippus chlorocercus,"Gould, 1866",1866,gbif
Leucippus fallax,Leucippus fallax,"(Bourcier, 1843)",1843,gbif
Leucippus taczanowskii,Leucippus taczanowskii,"(P.L.Sclater, 1879)",1879,gbif
Leucochloris albicollis,Leucochloris albicollis,"(Vieillot, 1818)",1818,gbif
Loddigesia mirabilis,Loddigesia mirabilis,"(Bourcier, 1847)",1847,gbif
Lophornis adorabilis,Lophornis adorabilis,"Salvin, 1870",1870,gbif
Lophornis brachylophus,Lophornis brachylophus,"R.T.Moore, 1949",1949,gbif
Lophornis chalybeus,Lophornis chalybeus,"(Temminck, 1821)",1821,gbif
Lophornis delattrei,Lophornis delattrei,"(R.Lesson, 1839)",1839,gbif
Lophornis gouldii,Lophornis gouldii,"(R.Lesson, 1832)",1832,gbif
Lophornis helenae,Lophornis helenae,"(Delattre, 1843)",1843,gbif
Lophornis magnificus,Lophornis magnificus,"(Vieillot, 1817)",1817,gbif
Lophornis ornatus,Lophornis ornatus,"(Boddaert, 1783)",1783,gbif
Lophornis pavoninus,Lophornis pavoninus,"Salvin & Godman, 1882",1882,gbif
Lophornis stictolophus,Lophornis stictolophus,"Salvin & D.G.Elliot, 1873",1873,gbif
Lophornis verreauxii,Lophornis verreauxii,"Bourcier, 1853",1853,gbif
Mellisuga helenae,Mellisuga helenae,"(Lembeye, 1850)",1850,gbif
Mellisuga minima,Mellisuga minima,"(Linnaeus, 1758)",1758,gbif
Metallura aeneocauda,Metallura aeneocauda,"(Gould, 1846)",1846,gbif
Metallura baroni,Metallura baroni,"Salvin, 1893",1893,gbif
Metallura eupogon,Metallura eupogon,"(Cabanis, 1874)",1874,gbif
Metallura iracunda,Metallura iracunda,"Wetmore, 1946",1946,gbif
Metallura odomae,Metallura odomae,"G.R.Graves, 1980",1980,gbif
Metallura phoebe,Metallura phoebe,"(R.Lesson & Delattre, 1839)",1839,gbif
Metallura theresiae,Metallura theresiae,"Simon, 1902",1902,gbif
Metallura tyrianthina,Metallura tyrianthina,"(Loddiges, 1832)",1832,gbif
Metallura williami,Metallura williami,"(Delattre & Bourcier, 1846)",1846,gbif
Microchera albocoronata,Microchera albocoronata,"(Lawrence, 1855)",1855,gbif
Microstilbon burmeisteri,Microstilbon burmeisteri,"(P.L.Sclater, 1888)",1888,gbif
Myrmia micrura,Myrmia micrura,"(Gould, 1854)",1854,gbif
Myrtis fanny,Myrtis fanny,"(R.Lesson, 1838)",1838,gbif
Nesophlox evelynae,Nesophlox evelynae,"(Bourcier, 1847)",1847,gbif
Nesophlox lyrura,Nesophlox lyrura,"(Gould, 1869)",1869,gbif
Ocreatus underwoodii,Ocreatus underwoodii,"(R.Lesson, 1832)",1832,gbif
Opisthoprora euryptera,Opisthoprora euryptera,"(Loddiges, 1832)",1832,gbif
Oreonympha albolimbata,Oreonympha albolimbata,"Berlioz, 1938",1938,gbif
Oreonympha nobilis,Oreonympha nobilis,"Gould, 1869",1869,gbif
Oreotrochilus adela,Oreotrochilus adela,"(d'Orbigny, 1838)",1838,gbif
Oreotrochilus chimborazo,Oreotrochilus chimborazo,"(Delattre & Bourcier, 1846)",1846,gbif
Oreotrochilus estella,Oreotrochilus estella,"(d'Orbigny, 1838)",1838,gbif
Oreotrochilus leucopleurus,Oreotrochilus leucopleurus,"Gould, 1847",1847,gbif
Oreotrochilus melanogaster,Oreotrochilus melanogaster,"Gould, 1847",1847,gbif
Oreotrochilus stolzmanni,Oreotrochilus stolzmanni,"Salvin, 1895",1895,gbif
Orthorhyncus cristatus,Orthorhyncus cristatus,"(Linnaeus, 1758)",1758,gbif
Oxypogon cyanolaemus,Oxypogon cyanolaemus,"Salvin & Godman, 1880",1880,gbif
Oxypogon guerinii,Oxypogon guerinii,"(Boissonneau, 1840)",1840,gbif
Oxypogon lindenii,Oxypogon lindenii,"(Parzudaki, 1845)",1845,gbif
Oxypogon stuebelii,Oxypogon stuebelii,"A.B.Meyer, 1884",1884,gbif
Panterpe insignis,Panterpe insignis,"Cabanis & Heine, 1860",1860,gbif
Patagona gigas,Patagona gigas,"(Vieillot, 1824)",1824,gbif
Phaethornis aethopygus,Phaethornis aethopygus,"J.T.Zimmer, 1950",1950,gbif
Phaethornis anthophilus,Phaethornis anthophilus,"(Bourcier, 1843)",1843,gbif
Phaethornis atrimentalis,Phaethornis atrimentalis,"Lawrence, 1858",1858,gbif
Phaethornis augusti,Phaethornis augusti,"(Bourcier, 1847)",1847,gbif
Phaethornis baroni,Phaethornis baroni,"Hartert, 1897",1897,gbif
Phaethornis bourcieri,Phaethornis bourcieri,"(R.Lesson, 1832)",1832,gbif
Phaethornis eurynome,Phaethornis eurynome,"(R.Lesson, 1832)",1832,gbif
Phaethornis griseogularis,Phaethornis griseogularis,"Gould, 1851",1851,gbif
Phaethornis guy,Phaethornis guy,"(R.Lesson, 1833)",1833,gbif
Phaethornis hispidus,Phaethornis hispidus,"(Gould, 1846)",1846,gbif
Phaethornis idaliae,Phaethornis idaliae,"(Bourcier & Mulsant, 1856)",1856,gbif
Phaethornis koepckeae,Phaethornis koepckeae,"Weske & Terborgh, 1977",1977,gbif
Phaethornis longirostris,Phaethornis longirostris,"(Delattre, 1843)",1843,gbif
Phaethornis longuemareus,Phaethornis longuemareus,"(R.Lesson, 1832)",1832,gbif
Phaethornis major,Phaethornis major,"Hinkelmann, 1989",1989,gbif
Phaethornis malaris,Phaethornis malaris,"(Nordmann, 1835)",1835,gbif
Phaethornis mexicanus,Phaethornis mexicanus,"Hartert, 1897",1897,gbif
Phaethornis nattereri,Phaethornis nattereri,"von Berlepsch, 1887",1887,gbif
Phaethornis philippii,Phaethornis philippii,"(Bourcier, 1847)",1847,gbif
Phaethornis porcullae,Phaethornis porcullae,"Carriker, 1935",1935,gbif
Phaethornis pretrei,Phaethornis pretrei,"(R.Lesson & Delattre, 1839)",1839,gbif
Phaethornis ruber,Phaethornis ruber,"(Linnaeus, 1758)",1758,gbif
Phaethornis rupurumii,Phaethornis rupurumii,"Boucard, 1892",1892,gbif
Phaethornis squalidus,Phaethornis squalidus,"(Temminck, 1822)",1822,gbif
Phaethornis striigularis,Phaethornis striigularis,"Gould, 1854",1854,gbif
Phaethornis stuarti,Phaethornis stuarti,"Hartert, 1897",1897,gbif
Phaethornis subochraceus,Phaethornis subochraceus,"Todd, 1915",1915,gbif
Phaethornis superciliosus,Phaethornis superciliosus,"(Linnaeus, 1766)",1766,gbif
Phaethornis syrmatophorus,Phaethornis syrmatophorus,"Gould, 1852",1852,gbif
Phaethornis yaruqui,Phaethornis yaruqui,"(Bourcier, 1851)",1851,gbif
Phlogophilus harterti,Phlogophilus harterti,"von Berlepsch & Stolzmann, 1901",1901,gbif
Phlogophilus hemileucurus,Phlogophilus hemileucurus,"Gould, 1860",1860,gbif
Polyonymus caroli,Polyonymus caroli,"(Bourcier, 1847)",1847,gbif
Polytmus guainumbi,Polytmus guainumbi,"(Pallas, 1764)",1764,gbif
Polytmus milleri,Polytmus milleri,"(Chapman, 1929)",1929,gbif
Polytmus theresiae,Polytmus theresiae,"(Da Silva Maia, 1843)",1843,gbif
Pterophanes cyanopterus,Pterophanes cyanopterus,"(Fraser, 1840)",1840,gbif
Ramphodon naevius,Ramphodon naevius,"(Dumont, 1818)",1818,gbif
Ramphomicron dorsale,Ramphomicron dorsale,"Salvin & Godman, 1880",1880,gbif
Ramphomicron microrhynchum,Ramphomicron microrhynchum,"(Boissonneau, 1840)",1840,gbif
Rhodopis vesper,Rhodopis vesper,"(R.Lesson, 1829)",1829,gbif
Sappho sparganurus,Sappho sparganurus,"(Shaw, 1812)",1812,gbif
Schistes albogularis,Schistes albogularis,"Gould, 1852",1852,gbif
Schistes geoffroyi,Schistes geoffroyi,"(Bourcier, 1843)",1843,gbif
Selasphorus ardens,Selasphorus ardens,"Salvin, 1870",1870,gbif
Selasphorus calliope,Selasphorus calliope,"(Gould, 1847)",1847,gbif
Selasphorus flammula,Selasphorus flammula,"Salvin, 1865",1865,gbif
Selasphorus platycercus,Selasphorus platycercus,"(Swainson, 1827)",1827,gbif
Selasphorus rufus,Selasphorus rufus,"(J.F.Gmelin, 1788)",1788,gbif
Selasphorus sasin,Selasphorus sasin,"(R.Lesson, 1829)",1829,gbif
Selasphorus scintilla,Selasphorus scintilla,"(Gould, 1851)",1851,gbif
Sephanoides fernandensis,Sephanoides fernandensis,"(P.P.King, 1831)",1831,gbif
Sephanoides sephaniodes,Sephanoides sephaniodes,"(R.Lesson & Garnot, 1827)",1827,gbif
Stephanoxis lalandi,Stephanoxis lalandi,"(Vieillot, 1818)",1818,gbif
Stephanoxis loddigesii,Stephanoxis loddigesii,"(Vigors, 1831)",1831,gbif
Sternoclyta cyanopectus,Sternoclyta cyanopectus,"(Gould, 1846)",1846,gbif
Taphrolesbia griseiventris,Taphrolesbia griseiventris,"(Taczanowski, 1883)",1883,gbif
Taphrospilus hypostictus,Taphrospilus hypostictus,"(Gould, 1862)",1862,gbif
Thalurania colombica,Thalurania colombica,"(Bourcier, 1843)",1843,gbif
Thalurania furcata,Thalurania furcata,"(J.F.Gmelin, 1788)",1788,gbif
Thalurania glaucopis,Thalurania glaucopis,"(J.F.Gmelin, 1788)",1788,gbif
Thalurania ridgwayi,Thalurania ridgwayi,"Nelson, 1900",1900,gbif
Thalurania watertonii,Thalurania watertonii,"(Bourcier, 1847)",1847,gbif
Thaumastura cora,Thaumastura cora,"(R.Lesson & Garnot, 1827)",1827,gbif
Threnetes leucurus,Threnetes leucurus,"(Linnaeus, 1766)",1766,gbif
Threnetes niger,Threnetes niger,"(Linnaeus, 1758)",1758,gbif
Threnetes ruckeri,Threnetes ruckeri,"(Bourcier, 1847)",1847,gbif
Tilmatura dupontii,Tilmatura dupontii,"(R.Lesson, 1832)",1832,gbif
Topaza pella,Topaza pella,"(Linnaeus, 1758)",1758,gbif
Topaza pyra,Topaza pyra,"(Gould, 1846)",1846,gbif
Trochilus polytmus,Trochilus polytmus,"Linnaeus, 1758",1758,gbif
Trochilus scitulus,Trochilus scitulus,"(Brewster & Bangs, 1901)",1901,gbif
Urochroa bougueri,Urochroa bougueri,"(Bourcier, 1851)",1851,gbif
Urochroa leucura,Urochroa leucura,"Lawrence, 1864",1864,gbif
Urosticte benjamini,Urosticte benjamini,"(Bourcier, 1851)",1851,gbif
Urosticte ruficrissa,Urosticte ruficrissa,"Lawrence, 1864",1864,gbif
Cariama cristata,Cariama cristata,"(Linnaeus, 1766)",1766,gbif
Chunga burmeisteri,Chunga burmeisteri,"(Hartlaub, 1860)",1860,gbif
Cathartes aura,Cathartes aura,"(Linnaeus, 1758)",1758,gbif
Cathartes burrovianus,Cathartes burrovianus,"Cassin, 1845",1845,gbif
Cathartes melambrotus,Cathartes melambrotus,"Wetmore, 1964",1964,gbif
Coragyps atratus,Coragyps atratus,"(Bechstein, 1793)",1793,gbif
Gymnogyps californianus,Gymnogyps californianus,"(Shaw, 1797)",1797,gbif
Sarcoramphus papa,Sarcoramphus papa,"(Linnaeus, 1758)",1758,gbif
Vultur gryphus,Vultur gryphus,"Linnaeus, 1758",1758,gbif
Aethia cristatella,Aethia cristatella,"(Pallas, 1769)",1769,gbif
Aethia psittacula,Aethia psittacula,"(Pallas, 1769)",1769,gbif
Aethia pusilla,Aethia pusilla,"(Pallas, 1811)",1811,gbif
Aethia pygmaea,Aethia pygmaea,"(J.F.Gmelin, 1789)",1789,gbif
Alca torda,Alca torda,"Linnaeus, 1758",1758,gbif
Alle alle,Alle alle,"(Linnaeus, 1758)",1758,gbif
Brachyramphus brevirostris,Brachyramphus brevirostris,"(Vigors, 1829)",1829,gbif
Brachyramphus marmoratus,Brachyramphus marmoratus,"(J.F.Gmelin, 1789)",1789,gbif
Brachyramphus perdix,Brachyramphus perdix,"(Pallas, 1811)",1811,gbif
Cepphus carbo,Cepphus carbo,"Pallas, 1811",1811,gbif
Cepphus columba,Cepphus columba,"Pallas, 1811",1811,gbif
Cepphus grylle,Cepphus grylle,"(Linnaeus, 1758)",1758,gbif
Cerorhinca monocerata,Cerorhinca monocerata,"(Pallas, 1811)",1811,gbif
Fratercula arctica,Fratercula arctica,"(Linnaeus, 1758)",1758,gbif
Fratercula cirrhata,Fratercula cirrhata,"(Pallas, 1769)",1769,gbif
Fratercula corniculata,Fratercula corniculata,"(J.F.Naumann, 1821)",1821,gbif
Ptychoramphus aleuticus,Ptychoramphus aleuticus,"(Pallas, 1811)",1811,gbif
Synthliboramphus antiquus,Synthliboramphus antiquus,"(J.F.Gmelin, 1789)",1789,gbif
Synthliboramphus craveri,Synthliboramphus craveri,"(Salvadori, 1866)",1866,gbif
Synthliboramphus hypoleucus,Synthliboramphus hypoleucus,"(Xantus de Vesey, 1860)",1860,gbif
Synthliboramphus scrippsi,Synthliboramphus scrippsi,"(Green & Arnold, 1939)",1939,gbif
Synthliboramphus wumizusume,Synthliboramphus wumizusume,"(Temminck, 1836)",1836,gbif
Uria aalge,Uria aalge,"(Pontoppidan, 1763)",1763,gbif
Uria lomvia,Uria lomvia,"(Linnaeus, 1758)",1758,gbif
Burhinus bistriatus,Burhinus bistriatus,"(Wagler, 1829)",1829,gbif
Burhinus capensis,Burhinus capensis,"(M.H.K.Lichtenstein, 1823)",1823,gbif
Burhinus grallarius,Burhinus grallarius,"(Latham, 1801)",1801,gbif
Burhinus indicus,Burhinus indicus,"(Salvadori, 1866)",1866,gbif
Burhinus oedicnemus,Burhinus oedicnemus,"(Linnaeus, 1758)",1758,gbif
Burhinus senegalensis,Burhinus senegalensis,"(Swainson, 1837)",1837,gbif
Burhinus superciliaris,Burhinus superciliaris,"(Tschudi, 1843)",1843,gbif
Burhinus vermiculatus,Burhinus vermiculatus,"(Cabanis, 1868)",1868,gbif
Esacus magnirostris,Esacus magnirostris,"(Vieillot, 1818)",1818,gbif
Esacus recurvirostris,Esacus recurvirostris,"(Cuvier, 1829)",1829,gbif
Anarhynchus frontalis,Anarhynchus frontalis,"Quoy & Gaimard, 1832",1832,gbif
Charadrius alexandrinus,Charadrius alexandrinus,"Linnaeus, 1758",1758,gbif
Charadrius alticola,Charadrius alticola,"(Berlepsch & Stolzmann, 1902)",1902,gbif
Charadrius aquilonius,Charadrius aquilonius,"Dowding, 1994",1994,gbif
Charadrius asiaticus,Charadrius asiaticus,"Pallas, 1773",1773,gbif
Charadrius bicinctus,Charadrius bicinctus,"Jardine & Selby, 1827",1827,gbif
Charadrius bifrontatus,Charadrius bifrontatus,"Cabanis, 1882",1882,gbif
Charadrius collaris,Charadrius collaris,"Vieillot, 1818",1818,gbif
Charadrius dealbatus,Charadrius dealbatus,"(Swinhoe, 1870)",1870,gbif
Charadrius dubius,Charadrius dubius,"Scopoli, 1786",1786,gbif
Charadrius falklandicus,Charadrius falklandicus,"Latham, 1790",1790,gbif
Charadrius forbesi,Charadrius forbesi,"(Shelley, 1883)",1883,gbif
Charadrius hiaticula,Charadrius hiaticula,"Linnaeus, 1758",1758,gbif
Charadrius javanicus,Charadrius javanicus,"Chasen, 1938",1938,gbif
Charadrius leschenaultii,Charadrius leschenaultii,"R.Lesson, 1826",1826,gbif
Charadrius marginatus,Charadrius marginatus,"Vieillot, 1818",1818,gbif
Charadrius melodus,Charadrius melodus,"Ord, 1824",1824,gbif
Charadrius modestus,Charadrius modestus,"M.H.K.Lichtenstein, 1823",1823,gbif
Charadrius mongolus,Charadrius mongolus,"Pallas, 1776",1776,gbif
Charadrius montanus,Charadrius montanus,"J.K.Townsend, 1837",1837,gbif
Charadrius nivosus,Charadrius nivosus,"(Cassin, 1858)",1858,gbif
Charadrius obscurus,Charadrius obscurus,"J.F.Gmelin, 1789",1789,gbif
Charadrius pallidus,Charadrius pallidus,"Strickland, 1853",1853,gbif
Charadrius pecuarius,Charadrius pecuarius,"Temminck, 1823",1823,gbif
Charadrius peronii,Charadrius peronii,"Schlegel, 1865",1865,gbif
Charadrius placidus,Charadrius placidus,"J.E.Gray & G.R.Gray, 1863",1863,gbif
Charadrius ruficapillus,Charadrius ruficapillus,"Temminck, 1821",1821,gbif
Charadrius sanctaehelenae,Charadrius sanctaehelenae,"(Harting, 1873)",1873,gbif
Charadrius semipalmatus,Charadrius semipalmatus,"Bonaparte, 1825",1825,gbif
Charadrius thoracicus,Charadrius thoracicus,"(Richmond, 1896)",1896,gbif
Charadrius tricollaris,Charadrius tricollaris,"Vieillot, 1818",1818,gbif
Charadrius veredus,Charadrius veredus,"Gould, 1848",1848,gbif
Charadrius vociferus,Charadrius vociferus,"Linnaeus, 1758",1758,gbif
Charadrius wilsonia,Charadrius wilsonia,"Ord, 1814",1814,gbif
Elseyornis melanops,Elseyornis melanops,"(Vieillot, 1818)",1818,gbif
Erythrogonys cinctus,Erythrogonys cinctus,"Gould, 1838",1838,gbif
Eudromias morinellus,Eudromias morinellus,"(Linnaeus, 1758)",1758,gbif
Hoploxypterus cayanus,Hoploxypterus cayanus,"(Latham, 1790)",1790,gbif
Oreopholus ruficollis,Oreopholus ruficollis,"(Wagler, 1829)",1829,gbif
Peltohyas australis,Peltohyas australis,"(Gould, 1841)",1841,gbif
Phegornis mitchellii,Phegornis mitchellii,"(Fraser, 1845)",1845,gbif
Pluvialis apricaria,Pluvialis apricaria,"(Linnaeus, 1758)",1758,gbif
Pluvialis dominica,Pluvialis dominica,"(P.L.S.Müller, 1776)",1776,gbif
Pluvialis fulva,Pluvialis fulva,"(J.F.Gmelin, 1789)",1789,gbif
Pluvialis squatarola,Pluvialis squatarola,"(Linnaeus, 1758)",1758,gbif
Thinornis cucullatus,Thinornis cucullatus,"(Vieillot, 1818)",1818,gbif
Thinornis novaeseelandiae,Thinornis novaeseelandiae,"(J.F.Gmelin, 1789)",1789,gbif
Vanellus albiceps,Vanellus albiceps,"Gould, 1834",1834,gbif
Vanellus armatus,Vanellus armatus,"(Burchell, 1822)",1822,gbif
Vanellus chilensis,Vanellus chilensis,"(Molina, 1782)",1782,gbif
Vanellus cinereus,Vanellus cinereus,"(Blyth, 1842)",1842,gbif
Vanellus coronatus,Vanellus coronatus,"(Boddaert, 1783)",1783,gbif
Vanellus crassirostris,Vanellus crassirostris,"(Hartlaub, 1855)",1855,gbif
Vanellus duvaucelii,Vanellus duvaucelii,"(R.Lesson, 1826)",1826,gbif
Vanellus gregarius,Vanellus gregarius,"(Pallas, 1771)",1771,gbif
Vanellus indicus,Vanellus indicus,"(Boddaert, 1783)",1783,gbif
Vanellus leucurus,Vanellus leucurus,"(M.H.K.Lichtenstein, 1823)",1823,gbif
Vanellus lugubris,Vanellus lugubris,"(R.Lesson, 1826)",1826,gbif
Vanellus macropterus,Vanellus macropterus,"(Wagler, 1827)",1827,gbif
Vanellus malabaricus,Vanellus malabaricus,"(Boddaert, 1783)",1783,gbif
Vanellus melanocephalus,Vanellus melanocephalus,"(Rüppell, 1845)",1845,gbif
Vanellus melanopterus,Vanellus melanopterus,"(Cretzschmar, 1829)",1829,gbif
Vanellus miles,Vanellus miles,"(Boddaert, 1783)",1783,gbif
Vanellus novaehollandiae,Vanellus novaehollandiae,"Stephens, 1819",1819,gbif
Vanellus resplendens,Vanellus resplendens,"(Tschudi, 1843)",1843,gbif
Vanellus senegallus,Vanellus senegallus,"(Linnaeus, 1766)",1766,gbif
Vanellus spinosus,Vanellus spinosus,"(Linnaeus, 1758)",1758,gbif
Vanellus superciliosus,Vanellus superciliosus,"(Reichenow, 1886)",1886,gbif
Vanellus tectus,Vanellus tectus,"(Boddaert, 1783)",1783,gbif
Vanellus tricolor,Vanellus tricolor,"(Vieillot, 1818)",1818,gbif
Vanellus vanellus,Vanellus vanellus,"(Linnaeus, 1758)",1758,gbif
Chionis albus,Chionis albus,"(J.F.Gmelin, 1789)",1789,gbif
Chionis minor,Chionis minor,"Hartlaub, 1841",1841,gbif
Dromas ardeola,Dromas ardeola,"Paykull, 1805",1805,gbif
Cursorius coromandelicus,Cursorius coromandelicus,"(J.F.Gmelin, 1789)",1789,gbif
Cursorius cursor,Cursorius cursor,"(Latham, 1787)",1787,gbif
Cursorius rufus,Cursorius rufus,"Gould, 1837",1837,gbif
Cursorius somalensis,Cursorius somalensis,"Shelley, 1885",1885,gbif
Cursorius temminckii,Cursorius temminckii,"Swainson, 1822",1822,gbif
Glareola cinerea,Glareola cinerea,"Fraser, 1843",1843,gbif
Glareola lactea,Glareola lactea,"Temminck, 1820",1820,gbif
Glareola maldivarum,Glareola maldivarum,"J.R.Forster, 1795",1795,gbif
Glareola nordmanni,Glareola nordmanni,"Fischer von Waldheim, 1842",1842,gbif
Glareola nuchalis,Glareola nuchalis,"G.R.Gray, 1849",1849,gbif
Glareola ocularis,Glareola ocularis,"J.Verreaux, 1833",1833,gbif
Glareola pratincola,Glareola pratincola,"(Linnaeus, 1766)",1766,gbif
Rhinoptilus bitorquatus,Rhinoptilus bitorquatus,"(Blyth, 1848)",1848,gbif
Rhinoptilus chalcopterus,Rhinoptilus chalcopterus,"(Temminck, 1824)",1824,gbif
Rhinoptilus cinctus,Rhinoptilus cinctus,"(Heuglin, 1863)",1863,gbif
Smutsornis africanus,Smutsornis africanus,"(Temminck, 1807)",1807,gbif
Stiltia isabella,Stiltia isabella,"(Vieillot, 1816)",1816,gbif
Haematopus ater,Haematopus ater,"Vieillot, 1825",1825,gbif
Haematopus chathamensis,Haematopus chathamensis,"E.Hartert, 1927",1927,gbif
Haematopus finschi,Haematopus finschi,"G.H.Martens, 1897",1897,gbif
Haematopus fuliginosus,Haematopus fuliginosus,"Gould, 1845",1845,gbif
Haematopus leucopodus,Haematopus leucopodus,"Garnot, 1826",1826,gbif
Haematopus longirostris,Haematopus longirostris,"Vieillot, 1817",1817,gbif
Haematopus moquini,Haematopus moquini,"Bonaparte, 1856",1856,gbif
Haematopus ostralegus,Haematopus ostralegus,"Linnaeus, 1758",1758,gbif
Haematopus palliatus,Haematopus palliatus,"Temminck, 1820",1820,gbif
Haematopus unicolor,Haematopus unicolor,"J.R.Forster, 1844",1844,gbif
Ibidorhyncha struthersii,Ibidorhyncha struthersii,"Vigors, 1832",1832,gbif
Actophilornis africanus,Actophilornis africanus,"(J.F.Gmelin, 1789)",1789,gbif
Actophilornis albinucha,Actophilornis albinucha,"(I.Geoffroy Saint-Hilaire, 1832)",1832,gbif
Hydrophasianus chirurgus,Hydrophasianus chirurgus,"(Scopoli, 1786)",1786,gbif
Irediparra gallinacea,Irediparra gallinacea,"(Temminck, 1828)",1828,gbif
Jacana jacana,Jacana jacana,"(Linnaeus, 1766)",1766,gbif
Jacana spinosa,Jacana spinosa,"(Linnaeus, 1758)",1758,gbif
Metopidius indicus,Metopidius indicus,"(Latham, 1790)",1790,gbif
Microparra capensis,Microparra capensis,"(A.Smith, 1839)",1839,gbif
Anous albivittus,Anous albivittus,"(Bonaparte, 1856)",1856,col
Anous ceruleus,Anous ceruleus,"(F.D.Bennett, 1840)",1840,gbif
Anous minutus,Anous minutus,"F.Boie, 1844",1844,gbif
Anous stolidus,Anous stolidus,"(Linnaeus, 1758)",1758,gbif
Anous tenuirostris,Anous tenuirostris,"(Temminck, 1823)",1823,gbif
Chlidonias albostriatus,Chlidonias albostriatus,"(G.R.Gray, 1845)",1845,gbif
Chlidonias hybrida,Chlidonias hybrida,"(Pallas, 1811)",1811,gbif
Chlidonias leucopterus,Chlidonias leucopterus,"(Temminck, 1815)",1815,gbif
Chlidonias niger,Chlidonias niger,"(Linnaeus, 1758)",1758,gbif
Creagrus furcatus,Creagrus furcatus,"(Néboux, 1842)",1842,gbif
Gelochelidon macrotarsa,Gelochelidon macrotarsa,"(Gould, 1837)",1837,gbif
Gelochelidon nilotica,Gelochelidon nilotica,"(J.F.Gmelin, 1789)",1789,gbif
Gygis alba,Gygis alba,"(Sparrman, 1786)",1786,gbif
Gygis microrhyncha,Gygis microrhyncha,"H.Saunders, 1876",1876,gbif
Hydrocoloeus minutus,Hydrocoloeus minutus,"(Pallas, 1776)",1776,gbif
Hydroprogne caspia,Hydroprogne caspia,"(Pallas, 1770)",1770,gbif
Larosterna inca,Larosterna inca,"(R.Lesson & Garnot, 1827)",1827,gbif
Larus argentatus,Larus argentatus,"Pontoppidan, 1763",1763,gbif
Larus armenicus,Larus armenicus,"Buturlin, 1934",1934,gbif
Larus atlanticus,Larus atlanticus,"Olrog, 1958",1958,gbif
Larus atricilla,Larus atricilla,"Linnaeus, 1758",1758,gbif
Larus audouinii,Larus audouinii,"Payraudeau, 1826",1826,gbif
Larus belcheri,Larus belcheri,"Vigors, 1829",1829,gbif
Larus brunnicephalus,Larus brunnicephalus,"Jerdon, 1840",1840,gbif
Larus bulleri,Larus bulleri,"Potts, 1872",1872,gbif
Larus cachinnans,Larus cachinnans,"Pallas, 1811",1811,gbif
Larus californicus,Larus californicus,"Lawrence, 1854",1854,gbif
Larus canus,Larus canus,"Linnaeus, 1758",1758,gbif
Larus cirrocephalus,Larus cirrocephalus,"Vieillot, 1818",1818,gbif
Larus crassirostris,Larus crassirostris,"Vieillot, 1818",1818,gbif
Larus delawarensis,Larus delawarensis,"Ord, 1815",1815,gbif
Larus dominicanus,Larus dominicanus,"M.H.K.Lichtenstein, 1823",1823,gbif
Larus fuliginosus,Larus fuliginosus,"Gould, 1841",1841,gbif
Larus fuscus,Larus fuscus,"Linnaeus, 1758",1758,gbif
Larus genei,Larus genei,"Brème, 1839",1839,gbif
Larus glaucescens,Larus glaucescens,"J.F.Naumann, 1840",1840,gbif
Larus glaucoides,Larus glaucoides,"B.Meyer, 1822",1822,gbif
Larus hartlaubii,Larus hartlaubii,"Bruch, 1855",1855,gbif
Larus heermanni,Larus heermanni,"Cassin, 1852",1852,gbif
Larus hemprichii,Larus hemprichii,"Bruch, 1855",1855,gbif
Larus hyperboreus,Larus hyperboreus,"Gunnerus, 1767",1767,gbif
Larus ichthyaetus,Larus ichthyaetus,"Pallas, 1773",1773,gbif
Larus leucophthalmus,Larus leucophthalmus,"Temminck, 1825",1825,gbif
Larus livens,Larus livens,"Dwight, 1919",1919,gbif
Larus maculipennis,Larus maculipennis,"M.H.K.Lichtenstein, 1823",1823,gbif
Larus marinus,Larus marinus,"Linnaeus, 1758",1758,gbif
Larus melanocephalus,Larus melanocephalus,"Temminck, 1820",1820,gbif
Larus michahellis,Larus michahellis,"J.F.Naumann, 1840",1840,gbif
Larus modestus,Larus modestus,"Tschudi, 1843",1843,gbif
Larus novaehollandiae,Larus novaehollandiae,"Stephens, 1826",1826,gbif
Larus occidentalis,Larus occidentalis,"Audubon, 1839",1839,gbif
Larus pacificus,Larus pacificus,"Latham, 1801",1801,gbif
Larus philadelphia,Larus philadelphia,"(Ord, 1815)",1815,gbif
Larus pipixcan,Larus pipixcan,"Wagler, 1831",1831,gbif
Larus relictus,Larus relictus,"Lönnberg, 1931",1931,gbif
Larus ridibundus,Larus ridibundus,"Linnaeus, 1766",1766,gbif
Larus schistisagus,Larus schistisagus,"Stejneger, 1884",1884,gbif
Larus scoresbii,Larus scoresbii,"Traill, 1823",1823,gbif
Larus serranus,Larus serranus,"Tschudi, 1844",1844,gbif
Larus smithsonianus,Larus smithsonianus,"Coues, 1862",1862,gbif
Onychoprion aleuticus,Onychoprion aleuticus,"(S.F.Baird, 1869)",1869,gbif
Onychoprion anaethetus,Onychoprion anaethetus,"(Scopoli, 1786)",1786,gbif
Onychoprion fuscatus,Onychoprion fuscatus,"(Linnaeus, 1766)",1766,gbif
Onychoprion lunatus,Onychoprion lunatus,"(Peale, 1848)",1848,gbif
Pagophila eburnea,Pagophila eburnea,"(Phipps, 1774)",1774,gbif
Phaetusa simplex,Phaetusa simplex,"(J.F.Gmelin, 1789)",1789,gbif
Rhodostethia rosea,Rhodostethia rosea,"(W.MacGillivray, 1824)",1824,gbif
Rissa brevirostris,Rissa brevirostris,"(Bruch, 1855)",1855,gbif
Rissa tridactyla,Rissa tridactyla,"(Linnaeus, 1758)",1758,gbif
Rynchops albicollis,Rynchops albicollis,"Swainson, 1838",1838,gbif
Rynchops flavirostris,Rynchops flavirostris,"Vieillot, 1816",1816,gbif
Rynchops niger,Rynchops niger,"Linnaeus, 1758",1758,gbif
Saundersilarus saundersi,Saundersilarus saundersi,"(Swinhoe, 1871)",1871,gbif
Sterna acuticauda,Sterna acuticauda,"J.E.Gray, 1831",1831,gbif
Sterna aurantia,Sterna aurantia,"J.E.Gray, 1831",1831,gbif
Sterna dougallii,Sterna dougallii,"Montagu, 1813",1813,gbif
Sterna forsteri,Sterna forsteri,"Nuttall, 1834",1834,gbif
Sterna hirundinacea,Sterna hirundinacea,"R.Lesson, 1831",1831,gbif
Sterna hirundo,Sterna hirundo,"Linnaeus, 1758",1758,gbif
Sterna paradisaea,Sterna paradisaea,"Pontoppidan, 1763",1763,gbif
Sterna repressa,Sterna repressa,"E.Hartert, 1916",1916,gbif
Sterna striata,Sterna striata,"J.F.Gmelin, 1789",1789,gbif
Sterna sumatrana,Sterna sumatrana,"Raffles, 1822",1822,gbif
Sterna trudeaui,Sterna trudeaui,"Audubon, 1838",1838,gbif
Sterna virgata,Sterna virgata,"Cabanis, 1875",1875,gbif
Sterna vittata,Sterna vittata,"J.F.Gmelin, 1789",1789,gbif
Sternula albifrons,Sternula albifrons,"(Pallas, 1764)",1764,gbif
Sternula antillarum,Sternula antillarum,"R.Lesson, 1847",1847,gbif
Sternula balaenarum,Sternula balaenarum,"Strickland, 1853",1853,gbif
Sternula lorata,Sternula lorata,"(Philippi & Landbeck, 1861)",1861,gbif
Sternula nereis,Sternula nereis,"Gould, 1843",1843,gbif
Sternula saundersi,Sternula saundersi,"(Hume, 1877)",1877,gbif
Sternula superciliaris,Sternula superciliaris,"(Vieillot, 1819)",1819,gbif
Thalasseus bengalensis,Thalasseus bengalensis,"(R.Lesson, 1831)",1831,gbif
Thalasseus bergii,Thalasseus bergii,"(M.H.K.Lichtenstein, 1823)",1823,gbif
Thalasseus bernsteini,Thalasseus bernsteini,"(Schlegel, 1863)",1863,gbif
Thalasseus elegans,Thalasseus elegans,"(Gambel, 1849)",1849,gbif
Thalasseus maximus,Thalasseus maximus,"(Boddaert, 1783)",1783,gbif
Thalasseus sandvicensis,Thalasseus sandvicensis,"(Latham, 1787)",1787,gbif
Xema sabini,Xema sabini,"(Sabine, 1819)",1819,gbif
Pedionomus torquatus,Pedionomus torquatus,"Gould, 1840",1840,gbif
Pluvianellus socialis,Pluvianellus socialis,"G.R.Gray, 1846",1846,gbif
Pluvianus aegyptius,Pluvianus aegyptius,"(Linnaeus, 1758)",1758,gbif
Cladorhynchus leucocephalus,Cladorhynchus leucocephalus,"(Vieillot, 1816)",1816,gbif
Himantopus himantopus,Himantopus himantopus,"(Linnaeus, 1758)",1758,gbif
Himantopus novaezelandiae,Himantopus novaezelandiae,"Gould, 1841",1841,gbif
Recurvirostra americana,Recurvirostra americana,"J.F.Gmelin, 1789",1789,gbif
Recurvirostra andina,Recurvirostra andina,"Philippi & Landbeck, 1861",1861,gbif
Recurvirostra avosetta,Recurvirostra avosetta,"Linnaeus, 1758",1758,gbif
Recurvirostra novaehollandiae,Recurvirostra novaehollandiae,"Vieillot, 1816",1816,gbif
Nycticryphes semicollaris,Nycticryphes semicollaris,"(Vieillot, 1816)",1816,gbif
Rostratula australis,Rostratula australis,"(Gould, 1838)",1838,gbif
Rostratula benghalensis,Rostratula benghalensis,"(Linnaeus, 1758)",1758,gbif
Actitis hypoleucos,Actitis hypoleucos,"(Linnaeus, 1758)",1758,gbif
Actitis macularius,Actitis macularius,"(Linnaeus, 1766)",1766,gbif
Arenaria interpres,Arenaria interpres,"(Linnaeus, 1758)",1758,gbif
Arenaria melanocephala,Arenaria melanocephala,"(Vigors, 1829)",1829,gbif
Bartramia longicauda,Bartramia longicauda,"(Bechstein, 1812)",1812,gbif
Calidris acuminata,Calidris acuminata,"(Horsfield, 1821)",1821,gbif
Calidris alba,Calidris alba,"(Pallas, 1764)",1764,gbif
Calidris alpina,Calidris alpina,"(Linnaeus, 1758)",1758,gbif
Calidris bairdii,Calidris bairdii,"(Coues, 1861)",1861,gbif
Calidris canutus,Calidris canutus,"(Linnaeus, 1758)",1758,gbif
Calidris falcinellus,Calidris falcinellus,"(Pontoppidan, 1763)",1763,gbif
Calidris ferruginea,Calidris ferruginea,"(Pontoppidan, 1763)",1763,gbif
Calidris fuscicollis,Calidris fuscicollis,"(Vieillot, 1819)",1819,gbif
Calidris himantopus,Calidris himantopus,"(Bonaparte, 1826)",1826,gbif
Calidris maritima,Calidris maritima,"(Brünnich, 1764)",1764,gbif
Calidris mauri,Calidris mauri,"(Cabanis, 1857)",1857,gbif
Calidris melanotos,Calidris melanotos,"(Vieillot, 1819)",1819,gbif
Calidris minuta,Calidris minuta,"(Leisler, 1812)",1812,gbif
Calidris minutilla,Calidris minutilla,"(Vieillot, 1819)",1819,gbif
Calidris ptilocnemis,Calidris ptilocnemis,"(Coues, 1873)",1873,gbif
Calidris pugnax,Calidris pugnax,"(Linnaeus, 1758)",1758,gbif
Calidris pusilla,Calidris pusilla,"(Linnaeus, 1766)",1766,gbif
Calidris pygmaea,Calidris pygmaea,"(Linnaeus, 1758)",1758,gbif
Calidris ruficollis,Calidris ruficollis,"(Pallas, 1776)",1776,gbif
Calidris subminuta,Calidris subminuta,"(Middendorff, 1853)",1853,gbif
Calidris subruficollis,Calidris subruficollis,"(Vieillot, 1819)",1819,gbif
Calidris temminckii,Calidris temminckii,"(Leisler, 1812)",1812,gbif
Calidris tenuirostris,Calidris tenuirostris,"(Horsfield, 1821)",1821,gbif
Calidris virgata,Calidris virgata,"(J.F.Gmelin, 1789)",1789,gbif
Coenocorypha aucklandica,Coenocorypha aucklandica,"(G.R.Gray, 1845)",1845,gbif
Coenocorypha huegeli,Coenocorypha huegeli,"(Tristram, 1893)",1893,gbif
Coenocorypha pusilla,Coenocorypha pusilla,"(Buller, 1869)",1869,gbif
Gallinago andina,Gallinago andina,"Taczanowski, 1875",1875,gbif
Gallinago delicata,Gallinago delicata,"(Ord, 1825)",1825,gbif
Gallinago gallinago,Gallinago gallinago,"(Linnaeus, 1758)",1758,gbif
Gallinago hardwickii,Gallinago hardwickii,"(J.E.Gray, 1831)",1831,gbif
Gallinago imperialis,Gallinago imperialis,"P.L.Sclater & Salvin, 1869",1869,gbif
Gallinago jamesoni,Gallinago jamesoni,"(Jardine & Bonaparte, 1855)",1855,gbif
Gallinago macrodactyla,Gallinago macrodactyla,"Bonaparte, 1839",1839,gbif
Gallinago media,Gallinago media,"(Latham, 1787)",1787,gbif
Gallinago megala,Gallinago megala,"Swinhoe, 1861",1861,gbif
Gallinago nemoricola,Gallinago nemoricola,"Hodgson, 1836",1836,gbif
Gallinago nigripennis,Gallinago nigripennis,"Bonaparte, 1839",1839,gbif
Gallinago nobilis,Gallinago nobilis,"P.L.Sclater, 1856",1856,gbif
Gallinago paraguaiae,Gallinago paraguaiae,"(Vieillot, 1816)",1816,gbif
Gallinago solitaria,Gallinago solitaria,"Hodgson, 1831",1831,gbif
Gallinago stenura,Gallinago stenura,"(Bonaparte, 1831)",1831,gbif
Gallinago stricklandii,Gallinago stricklandii,"(G.R.Gray, 1845)",1845,gbif
Gallinago undulata,Gallinago undulata,"(Boddaert, 1783)",1783,gbif
Limnodromus griseus,Limnodromus griseus,"(J.F.Gmelin, 1789)",1789,gbif
Limnodromus scolopaceus,Limnodromus scolopaceus,"(Say, 1822)",1822,gbif
Limnodromus semipalmatus,Limnodromus semipalmatus,"(Blyth, 1848)",1848,gbif
Limosa fedoa,Limosa fedoa,"(Linnaeus, 1758)",1758,gbif
Limosa haemastica,Limosa haemastica,"(Linnaeus, 1758)",1758,gbif
Limosa lapponica,Limosa lapponica,"(Linnaeus, 1758)",1758,gbif
Limosa limosa,Limosa limosa,"(Linnaeus, 1758)",1758,gbif
Lymnocryptes minimus,Lymnocryptes minimus,"(Brünnich, 1764)",1764,gbif
Numenius americanus,Numenius americanus,"Bechstein, 1812",1812,gbif
Numenius arquata,Numenius arquata,"(Linnaeus, 1758)",1758,gbif
Numenius borealis,Numenius borealis,"(J.R.Forster, 1772)",1772,gbif
Numenius madagascariensis,Numenius madagascariensis,"(Linnaeus, 1766)",1766,gbif
Numenius minutus,Numenius minutus,"Gould, 1841",1841,gbif
Numenius phaeopus,Numenius phaeopus,"(Linnaeus, 1758)",1758,gbif
Numenius tahitiensis,Numenius tahitiensis,"(J.F.Gmelin, 1789)",1789,gbif
Numenius tenuirostris,Numenius tenuirostris,"Vieillot, 1817",1817,gbif
Phalaropus fulicarius,Phalaropus fulicarius,"(Linnaeus, 1758)",1758,gbif
Phalaropus lobatus,Phalaropus lobatus,"(Linnaeus, 1758)",1758,gbif
Prosobonia parvirostris,Prosobonia parvirostris,"(Peale, 1848)",1848,gbif
Scolopax bukidnonensis,Scolopax bukidnonensis,"R.S.Kennedy, T.H.Fisher, Harrap, Diesmos & Manamtam, 2001",2001,gbif
Scolopax celebensis,Scolopax celebensis,"Riley, 1921",1921,gbif
Scolopax minor,Scolopax minor,"J.F.Gmelin, 1789",1789,gbif
Scolopax mira,Scolopax mira,"E.Hartert, 1916",1916,gbif
Scolopax rochussenii,Scolopax rochussenii,"Schlegel, 1866",1866,gbif
Scolopax rosenbergii,Scolopax rosenbergii,"Schlegel, 1871",1871,gbif
Scolopax rusticola,Scolopax rusticola,"Linnaeus, 1758",1758,gbif
Scolopax saturata,Scolopax saturata,"Horsfield, 1821",1821,gbif
Steganopus tricolor,Steganopus tricolor,"Vieillot, 1819",1819,gbif
Tringa brevipes,Tringa brevipes,"(Vieillot, 1816)",1816,gbif
Tringa erythropus,Tringa erythropus,"(Pallas, 1764)",1764,gbif
Tringa flavipes,Tringa flavipes,"(J.F.Gmelin, 1789)",1789,gbif
Tringa glareola,Tringa glareola,"Linnaeus, 1758",1758,gbif
Tringa guttifer,Tringa guttifer,"(Nordmann, 1835)",1835,gbif
Tringa incana,Tringa incana,"(J.F.Gmelin, 1789)",1789,gbif
Tringa melanoleuca,Tringa melanoleuca,"(J.F.Gmelin, 1789)",1789,gbif
Tringa nebularia,Tringa nebularia,"(Gunnerus, 1767)",1767,gbif
Tringa ochropus,Tringa ochropus,"Linnaeus, 1758",1758,gbif
Tringa semipalmata,Tringa semipalmata,"(J.F.Gmelin, 1789)",1789,gbif
Tringa solitaria,Tringa solitaria,"A.Wilson, 1813",1813,gbif
Tringa stagnatilis,Tringa stagnatilis,"(Bechstein, 1803)",1803,gbif
Tringa totanus,Tringa totanus,"(Linnaeus, 1758)",1758,gbif
Xenus cinereus,Xenus cinereus,"(Güldenstädt, 1775)",1775,gbif
Catharacta antarctica,Catharacta antarctica,"(R.Lesson, 1831)",1831,gbif
Catharacta chilensis,Catharacta chilensis,"(Bonaparte, 1857)",1857,gbif
Catharacta maccormicki,Catharacta maccormicki,"(H.Saunders, 1893)",1893,gbif
Catharacta skua,Catharacta skua,"Brünnich, 1764",1764,gbif
Stercorarius longicaudus,Stercorarius longicaudus,"Vieillot, 1819",1819,gbif
Stercorarius parasiticus,Stercorarius parasiticus,"(Linnaeus, 1758)",1758,gbif
Stercorarius pomarinus,Stercorarius pomarinus,"(Temminck, 1815)",1815,gbif
Attagis gayi,Attagis gayi,"I.Geoffroy Saint-Hilaire & R.Lesson, 1831",1831,gbif
Attagis malouinus,Attagis malouinus,"(Boddaert, 1783)",1783,gbif
Thinocorus orbignyianus,Thinocorus orbignyianus,"I.Geoffroy Saint-Hilaire & R.Lesson, 1831",1831,gbif
Thinocorus rumicivorus,Thinocorus rumicivorus,"Eschscholtz, 1829",1829,gbif
Ortyxelos meiffrenii,Ortyxelos meiffrenii,"(Vieillot, 1819)",1819,gbif
Turnix castanotus,Turnix castanotus,"(Gould, 1840)",1840,gbif
Turnix everetti,Turnix everetti,"E.Hartert, 1898",1898,gbif
Turnix hottentottus,Turnix hottentottus,"Temminck, 1815",1815,gbif
Turnix maculosus,Turnix maculosus,"(Temminck, 1815)",1815,gbif
Turnix melanogaster,Turnix melanogaster,"(Gould, 1837)",1837,gbif
Turnix nanus,Turnix nanus,"(Sundevall, 1850)",1850,gbif
Turnix nigricollis,Turnix nigricollis,"(J.F.Gmelin, 1789)",1789,gbif
Turnix novaecaledoniae,Turnix novaecaledoniae,"Ogilvie-Grant, 1889",1889,gbif
Turnix ocellatus,Turnix ocellatus,"(Scopoli, 1786)",1786,gbif
Turnix olivii,Turnix olivii,"Robinson, 1900",1900,gbif
Turnix pyrrhothorax,Turnix pyrrhothorax,"(Gould, 1841)",1841,gbif
Turnix suscitator,Turnix suscitator,"(J.F.Gmelin, 1789)",1789,gbif
Turnix sylvaticus,Turnix sylvaticus,"(Desfontaines, 1789)",1789,gbif
Turnix tanki,Turnix tanki,"Blyth, 1843",1843,gbif
Turnix varius,Turnix varius,"(Latham, 1801)",1801,gbif
Turnix velox,Turnix velox,"(Gould, 1841)",1841,gbif
Turnix worcesteri,Turnix worcesteri,"McGregor, 1904",1904,gbif
Anastomus lamelligerus,Anastomus lamelligerus,"Temminck, 1823",1823,gbif
Anastomus oscitans,Anastomus oscitans,"(Boddaert, 1783)",1783,gbif
Ciconia abdimii,Ciconia abdimii,"Lichtenstein, 1823",1823,gbif
Ciconia boyciana,Ciconia boyciana,"Swinhoe, 1873",1873,gbif
Ciconia ciconia,Ciconia ciconia,"(Linnaeus, 1758)",1758,gbif
Ciconia episcopus,Ciconia episcopus,"(Boddaert, 1783)",1783,gbif
Ciconia maguari,Ciconia maguari,"(Gmelin, 1789)",1789,gbif
Ciconia microscelis,Ciconia microscelis,"G.R.Gray, 1848",1848,gbif
Ciconia nigra,Ciconia nigra,"(Linnaeus, 1758)",1758,gbif
Ciconia stormi,Ciconia stormi,"(W.Blasius, 1896)",1896,gbif
Ephippiorhynchus asiaticus,Ephippiorhynchus asiaticus,"(Latham, 1790)",1790,gbif
Ephippiorhynchus senegalensis,Ephippiorhynchus senegalensis,"(Shaw, 1800)",1800,gbif
Jabiru mycteria,Jabiru mycteria,"(Lichtenstein, 1819)",1819,gbif
Leptoptilos crumenifer,Leptoptilos crumenifer,"(R.P.Lesson, 1831)",1831,gbif
Leptoptilos dubius,Leptoptilos dubius,"(Gmelin, 1789)",1789,gbif
Leptoptilos javanicus,Leptoptilos javanicus,"(Horsfield, 1821)",1821,gbif
Mycteria americana,Mycteria americana,"Linnaeus, 1758",1758,gbif
Mycteria cinerea,Mycteria cinerea,"(Raffles, 1822)",1822,gbif
Mycteria ibis,Mycteria ibis,"(Linnaeus, 1766)",1766,gbif
Mycteria leucocephala,Mycteria leucocephala,"(Pennant, 1769)",1769,gbif
Colius castanotus,Colius castanotus,"J.Verreaux & É.Verreaux, 1855",1855,gbif
Colius colius,Colius colius,"(Linnaeus, 1766)",1766,gbif
Colius leucocephalus,Colius leucocephalus,"Reichenow, 1879",1879,gbif
Colius striatus,Colius striatus,"J.F.Gmelin, 1789",1789,gbif
Urocolius indicus,Urocolius indicus,"(Latham, 1790)",1790,gbif
Urocolius macrourus,Urocolius macrourus,"(Linnaeus, 1766)",1766,gbif
Alectroenas madagascariensis,Alectroenas madagascariensis,"(Linnaeus, 1766)",1766,gbif
Alectroenas pulcherrimus,Alectroenas pulcherrimus,"(Scopoli, 1786)",1786,gbif
Alectroenas sganzini,Alectroenas sganzini,"(Bonaparte, 1854)",1854,gbif
Alopecoenas beccarii,Alopecoenas beccarii,"(Salvadori, 1876)",1876,gbif
Alopecoenas canifrons,Alopecoenas canifrons,"(Hartlaub & Finsch, 1872)",1872,gbif
Alopecoenas erythropterus,Alopecoenas erythropterus,"(Gmelin, 1789)",1789,gbif
Alopecoenas hoedtii,Alopecoenas hoedtii,"(Schlegel, 1871)",1871,gbif
Alopecoenas jobiensis,Alopecoenas jobiensis,"(Meyer, 1875)",1875,gbif
Alopecoenas johannae,Alopecoenas johannae,"(Sclater, 1877)",1877,gbif
Alopecoenas kubaryi,Alopecoenas kubaryi,"(Finsch, 1880)",1880,gbif
Alopecoenas rubescens,Alopecoenas rubescens,"(Vieillot, 1818)",1818,gbif
Alopecoenas sanctaecrucis,Alopecoenas sanctaecrucis,"(Mayr, 1935)",1935,gbif
Alopecoenas stairi,Alopecoenas stairi,"(Gray, 1856)",1856,gbif
Alopecoenas xanthonurus,Alopecoenas xanthonurus,"(Temminck, 1823)",1823,gbif
Aplopelia larvata,Aplopelia larvata,"(Temminck, 1809)",1809,gbif
Caloenas nicobarica,Caloenas nicobarica,"(Linnaeus, 1758)",1758,gbif
Chalcophaps indica,Chalcophaps indica,"(Linnaeus, 1758)",1758,gbif
Chalcophaps longirostris,Chalcophaps longirostris,"Gould, 1848",1848,gbif
Chalcophaps stephani,Chalcophaps stephani,"Reichenbach, 1851",1851,gbif
Chrysoena luteovirens,Chrysoena luteovirens,"(Hombron & Jacquinot, 1841)",1841,gbif
Chrysoena victor,Chrysoena victor,"Gould, 1872",1872,gbif
Chrysoena viridis,Chrysoena viridis,"E.L.Layard, 1875",1875,gbif
Claravis pretiosa,Claravis pretiosa,"(Ferrari-Pérez, 1886)",1886,gbif
Columba albinucha,Columba albinucha,"Sassi, 1911",1911,gbif
Columba albitorques,Columba albitorques,"Rüppell, 1837",1837,gbif
Columba argentina,Columba argentina,"Bonaparte, 1855",1855,gbif
Columba arquatrix,Columba arquatrix,"Temminck, 1808",1808,gbif
Columba bollii,Columba bollii,"Godman, 1872",1872,gbif
Columba delegorguei,Columba delegorguei,"Delegorgue, 1847",1847,gbif
Columba elphinstonii,Columba elphinstonii,"(Sykes, 1832)",1832,gbif
Columba eversmanni,Columba eversmanni,"Bonaparte, 1856",1856,gbif
Columba guinea,Columba guinea,"Linnaeus, 1758",1758,gbif
Columba hodgsonii,Columba hodgsonii,"Vigors, 1832",1832,gbif
Columba iriditorques,Columba iriditorques,"Cassin, 1856",1856,gbif
Columba janthina,Columba janthina,"Temminck, 1830",1830,gbif
Columba junoniae,Columba junoniae,"Hartert, 1916",1916,gbif
Columba leucomela,Columba leucomela,"Temminck, 1821",1821,gbif
Columba leuconota,Columba leuconota,"Vigors, 1831",1831,gbif
Columba livia,Columba livia,"J.F.Gmelin, 1789",1789,gbif
Columba malherbii,Columba malherbii,"J.Verreaux & E.Verreaux, 1851",1851,gbif
Columba oenas,Columba oenas,"Linnaeus, 1758",1758,gbif
Columba oliviae,Columba oliviae,"S.Clarke, 1918",1918,gbif
Columba pallidiceps,Columba pallidiceps,"(E.P.Ramsay, 1878)",1878,gbif
Columba palumboides,Columba palumboides,"(Hume, 1873)",1873,gbif
Columba palumbus,Columba palumbus,"Linnaeus, 1758",1758,gbif
Columba pollenii,Columba pollenii,"Schlegel, 1865",1865,gbif
Columba pulchricollis,Columba pulchricollis,"Blyth, 1846",1846,gbif
Columba punicea,Columba punicea,"Blyth, 1842",1842,gbif
Columba rupestris,Columba rupestris,"Pallas, 1811",1811,gbif
Columba sjostedti,Columba sjostedti,"Reichenow, 1901",1901,gbif
Columba thomensis,Columba thomensis,"Barboza du Bocage, 1888",1888,gbif
Columba torringtoniae,Columba torringtoniae,"(Kelaart, 1853)",1853,gbif
Columba trocaz,Columba trocaz,"Heineken, 1829",1829,gbif
Columba unicincta,Columba unicincta,"Cassin, 1860",1860,gbif
Columba vitiensis,Columba vitiensis,"Quoy & Gaimard, 1832",1832,gbif
Columbina buckleyi,Columbina buckleyi,"(P.L.Sclater & Salvin, 1877)",1877,gbif
Columbina cruziana,Columbina cruziana,"(Prévost, 1842)",1842,gbif
Columbina cyanopis,Columbina cyanopis,"(Pelzeln, 1870)",1870,gbif
Columbina inca,Columbina inca,"(R.Lesson, 1847)",1847,gbif
Columbina minuta,Columbina minuta,"(Linnaeus, 1766)",1766,gbif
Columbina passerina,Columbina passerina,"(Linnaeus, 1758)",1758,gbif
Columbina picui,Columbina picui,"(Temminck, 1813)",1813,gbif
Columbina squammata,Columbina squammata,"(R.Lesson, 1831)",1831,gbif
Columbina talpacoti,Columbina talpacoti,"(Temminck, 1810)",1810,gbif
Cryptophaps poecilorrhoa,Cryptophaps poecilorrhoa,"(Brüggemann, 1876)",1876,gbif
Didunculus strigirostris,Didunculus strigirostris,"(Jardine, 1845)",1845,gbif
Drepanoptila holosericea,Drepanoptila holosericea,"(Temminck, 1809)",1809,gbif
Ducula aenea,Ducula aenea,"(Linnaeus, 1766)",1766,gbif
Ducula aurorae,Ducula aurorae,"(Peale, 1849)",1849,gbif
Ducula badia,Ducula badia,"(Raffles, 1822)",1822,gbif
Ducula bakeri,Ducula bakeri,"(Kinnear, 1928)",1928,gbif
Ducula basilica,Ducula basilica,"Bonaparte, 1854",1854,gbif
Ducula bicolor,Ducula bicolor,"(Scopoli, 1786)",1786,gbif
Ducula brenchleyi,Ducula brenchleyi,"(G.R.Gray, 1870)",1870,gbif
Ducula carola,Ducula carola,"(Bonaparte, 1854)",1854,gbif
Ducula chalconota,Ducula chalconota,"(Salvadori, 1874)",1874,gbif
Ducula cineracea,Ducula cineracea,"(Temminck, 1835)",1835,gbif
Ducula concinna,Ducula concinna,"(Wallace, 1865)",1865,gbif
Ducula cuprea,Ducula cuprea,"(Jerdon, 1840)",1840,gbif
Ducula finschii,Ducula finschii,"(E.P.Ramsay, 1882)",1882,gbif
Ducula forsteni,Ducula forsteni,"(Bonaparte, 1854)",1854,gbif
Ducula galeata,Ducula galeata,"(Bonaparte, 1855)",1855,gbif
Ducula geelvinkiana,Ducula geelvinkiana,"(Schlegel, 1873)",1873,gbif
Ducula goliath,Ducula goliath,"(G.R.Gray, 1859)",1859,gbif
Ducula lacernulata,Ducula lacernulata,"(Temminck, 1822)",1822,gbif
Ducula latrans,Ducula latrans,"(Peale, 1849)",1849,gbif
Ducula luctuosa,Ducula luctuosa,"(Temminck, 1824)",1824,gbif
Ducula melanochroa,Ducula melanochroa,"(P.L.Sclater, 1878)",1878,gbif
Ducula mindorensis,Ducula mindorensis,"(J.Whitehead, 1896)",1896,gbif
Ducula mullerii,Ducula mullerii,"(Temminck, 1835)",1835,gbif
Ducula myristicivora,Ducula myristicivora,"(Scopoli, 1786)",1786,gbif
Ducula neglecta,Ducula neglecta,"(Schlegel, 1866)",1866,gbif
Ducula obiensis,Ducula obiensis,"(Hartert, 1898)",1898,gbif
Ducula oceanica,Ducula oceanica,"(Desmarest, 1826)",1826,gbif
Ducula oenothorax,Ducula oenothorax,"(Salvadori, 1892)",1892,gbif
Ducula pacifica,Ducula pacifica,"(J.F.Gmelin, 1789)",1789,gbif
Ducula perspicillata,Ducula perspicillata,"(Temminck, 1824)",1824,gbif
Ducula pickeringii,Ducula pickeringii,"(Cassin, 1855)",1855,gbif
Ducula pinon,Ducula pinon,"(Gaimard, 1823)",1823,gbif
Ducula pistrinaria,Ducula pistrinaria,"Bonaparte, 1855",1855,gbif
Ducula poliocephala,Ducula poliocephala,"(G.R.Gray, 1844)",1844,gbif
Ducula radiata,Ducula radiata,"(Quoy & Gaimard, 1832)",1832,gbif
Ducula rosacea,Ducula rosacea,"(Temminck, 1836)",1836,gbif
Ducula rubricera,Ducula rubricera,"(Bonaparte, 1854)",1854,gbif
Ducula rufigaster,Ducula rufigaster,"(Quoy & Gaimard, 1832)",1832,gbif
Ducula salvadorii,Ducula salvadorii,"(Tristram, 1881)",1881,gbif
Ducula spilorrhoa,Ducula spilorrhoa,"(G.R.Gray, 1858)",1858,gbif
Ducula subflavescens,Ducula subflavescens,"(Finsch, 1886)",1886,gbif
Ducula whartoni,Ducula whartoni,"(Sharpe, 1887)",1887,gbif
Ducula zoeae,Ducula zoeae,"(Desmarest, 1826)",1826,gbif
Gallicolumba crinigera,Gallicolumba crinigera,"(Reichenbach, 1851)",1851,gbif
Gallicolumba keayi,Gallicolumba keayi,"(W.E.Clarke, 1900)",1900,gbif
Gallicolumba luzonica,Gallicolumba luzonica,"(Scopoli, 1786)",1786,gbif
Gallicolumba menagei,Gallicolumba menagei,"(Bourns & Worcester, 1894)",1894,gbif
Gallicolumba platenae,Gallicolumba platenae,"(Salvadori, 1893)",1893,gbif
Gallicolumba rufigula,Gallicolumba rufigula,"(Pucheran, 1853)",1853,gbif
Gallicolumba tristigmata,Gallicolumba tristigmata,"(Bonaparte, 1855)",1855,gbif
Geopelia cuneata,Geopelia cuneata,"(Latham, 1801)",1801,gbif
Geopelia humeralis,Geopelia humeralis,"(Temminck, 1821)",1821,gbif
Geopelia maugeus,Geopelia maugeus,"(Temminck, 1809)",1809,gbif
Geopelia placida,Geopelia placida,"Gould, 1844",1844,gbif
Geopelia striata,Geopelia striata,"(Linnaeus, 1766)",1766,gbif
Geophaps plumifera,Geophaps plumifera,"Gould, 1842",1842,gbif
Geophaps scripta,Geophaps scripta,"(Temminck, 1821)",1821,gbif
Geophaps smithii,Geophaps smithii,"(Jardine & Selby, 1830)",1830,gbif
Geotrygon caniceps,Geotrygon caniceps,"(Gundlach, 1852)",1852,gbif
Geotrygon chrysia,Geotrygon chrysia,"Bonaparte, 1855",1855,gbif
Geotrygon leucometopia,Geotrygon leucometopia,"(Chapman, 1917)",1917,gbif
Geotrygon montana,Geotrygon montana,"(Linnaeus, 1758)",1758,gbif
Geotrygon mystacea,Geotrygon mystacea,"(Temminck, 1811)",1811,gbif
Geotrygon purpurata,Geotrygon purpurata,"(Salvin, 1878)",1878,gbif
Geotrygon saphirina,Geotrygon saphirina,"Bonaparte, 1855",1855,gbif
Geotrygon versicolor,Geotrygon versicolor,"(Lafresnaye, 1846)",1846,gbif
Geotrygon violacea,Geotrygon violacea,"(Temminck, 1809)",1809,gbif
Goura cristata,Goura cristata,"(Pallas, 1764)",1764,gbif
Goura scheepmakeri,Goura scheepmakeri,"Finsch, 1876",1876,gbif
Goura sclaterii,Goura sclaterii,"Salvadori, 1876",1876,gbif
Goura victoria,Goura victoria,"(Fraser, 1844)",1844,gbif
Gymnophaps albertisii,Gymnophaps albertisii,"Salvadori, 1874",1874,gbif
Gymnophaps mada,Gymnophaps mada,"(Hartert, 1899)",1899,gbif
Gymnophaps solomonensis,Gymnophaps solomonensis,"Mayr, 1931",1931,gbif
Gymnophaps stalkeri,Gymnophaps stalkeri,"(Ogilvie-Grant, 1911)",1911,gbif
Hemiphaga chathamensis,Hemiphaga chathamensis,"(Rothschild, 1891)",1891,gbif
Hemiphaga novaeseelandiae,Hemiphaga novaeseelandiae,"(J.F.Gmelin, 1789)",1789,gbif
Henicophaps albifrons,Henicophaps albifrons,"G.R.Gray, 1862",1862,gbif
Henicophaps foersteri,Henicophaps foersteri,"Rothschild & Hartert, 1906",1906,gbif
Leptotila battyi,Leptotila battyi,"Rothschild, 1901",1901,gbif
Leptotila cassinii,Leptotila cassinii,"Lawrence, 1867",1867,gbif
Leptotila conoveri,Leptotila conoveri,"Bond & Meyer de Schauensee, 1943",1943,gbif
Leptotila jamaicensis,Leptotila jamaicensis,"(Linnaeus, 1766)",1766,gbif
Leptotila megalura,Leptotila megalura,"P.L.Sclater & Salvin, 1879",1879,gbif
Leptotila ochraceiventris,Leptotila ochraceiventris,"Chapman, 1914",1914,gbif
Leptotila pallida,Leptotila pallida,"von Berlepsch & Taczanowski, 1884",1884,gbif
Leptotila plumbeiceps,Leptotila plumbeiceps,"P.L.Sclater & Salvin, 1868",1868,gbif
Leptotila rufaxilla,Leptotila rufaxilla,"(Richard & Bernard, 1792)",1792,gbif
Leptotila verreauxi,Leptotila verreauxi,"Bonaparte, 1855",1855,gbif
Leptotila wellsi,Leptotila wellsi,"(Lawrence, 1884)",1884,gbif
Leptotrygon veraguensis,Leptotrygon veraguensis,"(Lawrence, 1866)",1866,gbif
Leucosarcia melanoleuca,Leucosarcia melanoleuca,"(Latham, 1801)",1801,gbif
Lopholaimus antarcticus,Lopholaimus antarcticus,"(Shaw, 1794)",1794,gbif
Macropygia amboinensis,Macropygia amboinensis,"(Linnaeus, 1766)",1766,gbif
Macropygia emiliana,Macropygia emiliana,"Bonaparte, 1854",1854,gbif
Macropygia macassariensis,Macropygia macassariensis,"Wallace, 1865",1865,gbif
Macropygia mackinlayi,Macropygia mackinlayi,"E.P.Ramsay, 1878",1878,gbif
Macropygia magna,Macropygia magna,"Wallace, 1864",1864,gbif
Macropygia nigrirostris,Macropygia nigrirostris,"Salvadori, 1876",1876,gbif
Macropygia phasianella,Macropygia phasianella,"(Temminck, 1821)",1821,gbif
Macropygia ruficeps,Macropygia ruficeps,"(Temminck, 1835)",1835,gbif
Macropygia rufipennis,Macropygia rufipennis,"Blyth, 1846",1846,gbif
Macropygia tenuirostris,Macropygia tenuirostris,"Bonaparte, 1854",1854,gbif
Macropygia timorlaoensis,Macropygia timorlaoensis,"A.B.Meyer, 1884",1884,gbif
Macropygia unchall,Macropygia unchall,"(Wagler, 1827)",1827,gbif
Megaloprepia formosa,Megaloprepia formosa,"Gray, 1860",1860,gbif
Megaloprepia magnifica,Megaloprepia magnifica,"(Temminck, 1821)",1821,gbif
Metriopelia aymara,Metriopelia aymara,"(Prévost, 1840)",1840,gbif
Metriopelia ceciliae,Metriopelia ceciliae,"(R.Lesson, 1845)",1845,gbif
Metriopelia melanoptera,Metriopelia melanoptera,"(Molina, 1782)",1782,gbif
Metriopelia morenoi,Metriopelia morenoi,"(Sharpe, 1902)",1902,gbif
Nesoenas mayeri,Nesoenas mayeri,"(Prévost, 1843)",1843,gbif
Nesoenas picturatus,Nesoenas picturatus,"(Temminck, 1813)",1813,gbif
Ocyphaps lophotes,Ocyphaps lophotes,"(Temminck, 1822)",1822,gbif
Oena capensis,Oena capensis,"(Linnaeus, 1766)",1766,gbif
Otidiphaps aruensis,Otidiphaps aruensis,"Rothschild, 1928",1928,gbif
Otidiphaps cervicalis,Otidiphaps cervicalis,"Ramsay, 1880",1880,gbif
Otidiphaps insularis,Otidiphaps insularis,"Salvin & Godman, 1883",1883,gbif
Otidiphaps nobilis,Otidiphaps nobilis,"Gould, 1870",1870,gbif
Paraclaravis geoffroyi,Paraclaravis geoffroyi,"(Temminck, 1811)",1811,gbif
Paraclaravis mondetoura,Paraclaravis mondetoura,"(Bonaparte, 1856)",1856,gbif
Patagioenas albilinea,Patagioenas albilinea,"(Bonaparte, 1854)",1854,gbif
Patagioenas albipennis,Patagioenas albipennis,"(Sclater & Salvin, 1876)",1876,gbif
Patagioenas araucana,Patagioenas araucana,"(R.Lesson & Garnot, 1827)",1827,gbif
Patagioenas caribaea,Patagioenas caribaea,"(Jacquin, 1784)",1784,gbif
Patagioenas cayennensis,Patagioenas cayennensis,"(Bonnaterre, 1792)",1792,gbif
Patagioenas corensis,Patagioenas corensis,"(Jacquin, 1784)",1784,gbif
Patagioenas fasciata,Patagioenas fasciata,"(Say, 1822)",1822,gbif
Patagioenas flavirostris,Patagioenas flavirostris,"(Wagler, 1831)",1831,gbif
Patagioenas goodsoni,Patagioenas goodsoni,"(Hartert, 1902)",1902,gbif
Patagioenas inornata,Patagioenas inornata,"(Vigors, 1827)",1827,gbif
Patagioenas leucocephala,Patagioenas leucocephala,"(Linnaeus, 1758)",1758,gbif
Patagioenas maculosa,Patagioenas maculosa,"(Temminck, 1813)",1813,gbif
Patagioenas nigrirostris,Patagioenas nigrirostris,"(P.L.Sclater, 1860)",1860,gbif
Patagioenas oenops,Patagioenas oenops,"(Salvin, 1895)",1895,gbif
Patagioenas picazuro,Patagioenas picazuro,"(Temminck, 1813)",1813,gbif
Patagioenas plumbea,Patagioenas plumbea,"(Vieillot, 1818)",1818,gbif
Patagioenas speciosa,Patagioenas speciosa,"(J.F.Gmelin, 1789)",1789,gbif
Patagioenas squamosa,Patagioenas squamosa,"(Bonnaterre, 1792)",1792,gbif
Patagioenas subvinacea,Patagioenas subvinacea,"(Lawrence, 1868)",1868,gbif
Petrophassa albipennis,Petrophassa albipennis,"Gould, 1841",1841,gbif
Petrophassa rufipennis,Petrophassa rufipennis,"Collett, 1898",1898,gbif
Phapitreron amethystinus,Phapitreron amethystinus,"Bonaparte, 1855",1855,gbif
Phapitreron brevirostris,Phapitreron brevirostris,"Tweeddale, 1877",1877,gbif
Phapitreron brunneiceps,Phapitreron brunneiceps,"(Bourns & Worcester, 1894)",1894,gbif
Phapitreron cinereiceps,Phapitreron cinereiceps,"(Bourns & Worcester, 1894)",1894,gbif
Phapitreron frontalis,Phapitreron frontalis,"(Bourns & Worcester, 1894)",1894,gbif
Phapitreron leucotis,Phapitreron leucotis,"(Temminck, 1823)",1823,gbif
Phapitreron maculipectus,Phapitreron maculipectus,"(Bourns & Worcester, 1894)",1894,gbif
Phapitreron nigrorum,Phapitreron nigrorum,"Sharpe, 1877",1877,gbif
Phaps chalcoptera,Phaps chalcoptera,"(Latham, 1790)",1790,gbif
Phaps elegans,Phaps elegans,"(Temminck, 1809)",1809,gbif
Phaps histrionica,Phaps histrionica,"(Gould, 1841)",1841,gbif
Ptilinopus alligator,Ptilinopus alligator,"Collett, 1898",1898,gbif
Ptilinopus arcanus,Ptilinopus arcanus,"Ripley & Rabor, 1955",1955,gbif
Ptilinopus aurantiifrons,Ptilinopus aurantiifrons,"G.R.Gray, 1858",1858,gbif
Ptilinopus chalcurus,Ptilinopus chalcurus,"G.R.Gray, 1860",1860,gbif
Ptilinopus chrysogaster,Ptilinopus chrysogaster,"G.R.Gray, 1854",1854,gbif
Ptilinopus cinctus,Ptilinopus cinctus,"(Temminck, 1809)",1809,gbif
Ptilinopus coralensis,Ptilinopus coralensis,"Peale, 1849",1849,gbif
Ptilinopus coronulatus,Ptilinopus coronulatus,"G.R.Gray, 1858",1858,gbif
Ptilinopus dohertyi,Ptilinopus dohertyi,"Rothschild, 1896",1896,gbif
Ptilinopus dupetithouarsii,Ptilinopus dupetithouarsii,"(Néboux, 1840)",1840,gbif
Ptilinopus eugeniae,Ptilinopus eugeniae,"(Gould, 1856)",1856,gbif
Ptilinopus fasciatus,Ptilinopus fasciatus,"Peale, 1848",1848,gbif
Ptilinopus gestroi,Ptilinopus gestroi,"d'Alberti & Salvadori, 1875",1875,gbif
Ptilinopus granulifrons,Ptilinopus granulifrons,"Hartert, 1898",1898,gbif
Ptilinopus greyi,Ptilinopus greyi,"Bonaparte, 1857",1857,gbif
Ptilinopus hernsheimi,Ptilinopus hernsheimi,"Finsch, 1880",1880,gbif
Ptilinopus huttoni,Ptilinopus huttoni,"Finsch, 1874",1874,gbif
Ptilinopus hyogastrus,Ptilinopus hyogastrus,"(Temminck, 1824)",1824,gbif
Ptilinopus insolitus,Ptilinopus insolitus,"Schlegel, 1863",1863,gbif
Ptilinopus insularis,Ptilinopus insularis,"North, 1908",1908,gbif
Ptilinopus iozonus,Ptilinopus iozonus,"G.R.Gray, 1858",1858,gbif
Ptilinopus melanospilus,Ptilinopus melanospilus,"(Salvadori, 1875)",1875,gbif
Ptilinopus monacha,Ptilinopus monacha,"(Temminck, 1824)",1824,gbif
Ptilinopus nainus,Ptilinopus nainus,"(Temminck, 1835)",1835,gbif
Ptilinopus ornatus,Ptilinopus ornatus,"Schlegel, 1871",1871,gbif
Ptilinopus pelewensis,Ptilinopus pelewensis,"Hartlaub & Finsch, 1868",1868,gbif
Ptilinopus perlatus,Ptilinopus perlatus,"(Temminck, 1835)",1835,gbif
Ptilinopus perousii,Ptilinopus perousii,"Peale, 1849",1849,gbif
Ptilinopus ponapensis,Ptilinopus ponapensis,"Finsch, 1878",1878,gbif
Ptilinopus porphyraceus,Ptilinopus porphyraceus,"(Temminck, 1821)",1821,gbif
Ptilinopus porphyreus,Ptilinopus porphyreus,"(Temminck, 1822)",1822,gbif
Ptilinopus pulchellus,Ptilinopus pulchellus,"(Temminck, 1835)",1835,gbif
Ptilinopus purpuratus,Ptilinopus purpuratus,"(J.F.Gmelin, 1789)",1789,gbif
Ptilinopus rarotongensis,Ptilinopus rarotongensis,"Hartlaub & Finsch, 1871",1871,gbif
Ptilinopus regina,Ptilinopus regina,"Swainson, 1825",1825,gbif
Ptilinopus richardsii,Ptilinopus richardsii,"E.P.Ramsay, 1882",1882,gbif
Ptilinopus rivoli,Ptilinopus rivoli,"(Prévost, 1843)",1843,gbif
Ptilinopus roseicapilla,Ptilinopus roseicapilla,"(R.Lesson, 1831)",1831,gbif
Ptilinopus solomonensis,Ptilinopus solomonensis,"G.R.Gray, 1870",1870,gbif
Ptilinopus speciosus,Ptilinopus speciosus,"Schlegel, 1871",1871,gbif
Ptilinopus superbus,Ptilinopus superbus,"(Temminck, 1809)",1809,gbif
Ptilinopus tannensis,Ptilinopus tannensis,"(Latham, 1790)",1790,gbif
Ptilinopus temminckii,Ptilinopus temminckii,"(Des Murs & Prévost, 1849)",1849,gbif
Ptilinopus viridis,Ptilinopus viridis,"(Linnaeus, 1766)",1766,gbif
Ptilinopus wallacii,Ptilinopus wallacii,"G.R.Gray, 1858",1858,gbif
Ramphiculus epius,Ramphiculus epius,"(Oberholser, 1918)",1918,gbif
Ramphiculus fischeri,Ramphiculus fischeri,"(Brüggemann, 1876)",1876,gbif
Ramphiculus jambu,Ramphiculus jambu,"(Gmelin, 1789)",1789,gbif
Ramphiculus leclancheri,Ramphiculus leclancheri,"(Bonaparte, 1855)",1855,gbif
Ramphiculus mangoliensis,Ramphiculus mangoliensis,"(Rothschild, 1898)",1898,gbif
Ramphiculus marchei,Ramphiculus marchei,"(Oustalet, 1880)",1880,gbif
Ramphiculus meridionalis,Ramphiculus meridionalis,"(Meyer & Wiglesworth, 1893)",1893,gbif
Ramphiculus merrilli,Ramphiculus merrilli,"(McGregor, 1916)",1916,gbif
Ramphiculus occipitalis,Ramphiculus occipitalis,"(Gray, 1844)",1844,gbif
Ramphiculus subgularis,Ramphiculus subgularis,"(Meyer & Wiglesworth, 1896)",1896,gbif
Reinwardtoena browni,Reinwardtoena browni,"(P.L.Sclater, 1877)",1877,gbif
Reinwardtoena crassirostris,Reinwardtoena crassirostris,"(Gould, 1856)",1856,gbif
Reinwardtoena reinwardti,Reinwardtoena reinwardti,"(Temminck, 1824)",1824,gbif
Spilopelia chinensis,Spilopelia chinensis,"(Scopoli, 1786)",1786,gbif
Spilopelia senegalensis,Spilopelia senegalensis,"(Linnaeus, 1766)",1766,gbif
Spilopelia suratensis,Spilopelia suratensis,"(Gmelin, 1789)",1789,gbif
Starnoenas cyanocephala,Starnoenas cyanocephala,"(Linnaeus, 1758)",1758,gbif
Streptopelia bitorquata,Streptopelia bitorquata,"(Temminck, 1809)",1809,gbif
Streptopelia capicola,Streptopelia capicola,"(Sundevall, 1857)",1857,gbif
Streptopelia decaocto,Streptopelia decaocto,"(Frivaldszky, 1838)",1838,gbif
Streptopelia decipiens,Streptopelia decipiens,"(Hartlaub & Finsch, 1870)",1870,gbif
Streptopelia dusumieri,Streptopelia dusumieri,"(Temminck, 1823)",1823,gbif
Streptopelia hypopyrrha,Streptopelia hypopyrrha,"(Reichenow, 1910)",1910,gbif
Streptopelia lugens,Streptopelia lugens,"(Rüppell, 1837)",1837,gbif
Streptopelia orientalis,Streptopelia orientalis,"(Latham, 1790)",1790,gbif
Streptopelia reichenowi,Streptopelia reichenowi,"(Erlanger, 1901)",1901,gbif
Streptopelia roseogrisea,Streptopelia roseogrisea,"(Sundevall, 1857)",1857,gbif
Streptopelia semitorquata,Streptopelia semitorquata,"(Rüppell, 1837)",1837,gbif
Streptopelia tranquebarica,Streptopelia tranquebarica,"(Hermann, 1804)",1804,gbif
Streptopelia turtur,Streptopelia turtur,"(Linnaeus, 1758)",1758,gbif
Streptopelia vinacea,Streptopelia vinacea,"(J.F.Gmelin, 1789)",1789,gbif
Streptopelia xanthocycla,Streptopelia xanthocycla,"(T.H.Newman, 1906)",1906,gbif
Treron affinis,Treron affinis,"(Jerdon, 1840)",1840,gbif
Treron apicauda,Treron apicauda,"Blyth, 1846",1846,gbif
Treron aromaticus,Treron aromaticus,"(J.F.Gmelin, 1789)",1789,gbif
Treron australis,Treron australis,"(Linnaeus, 1771)",1771,gbif
Treron axillaris,Treron axillaris,"(Bonaparte, 1855)",1855,gbif
Treron bicinctus,Treron bicinctus,"(Jerdon, 1840)",1840,gbif
Treron calvus,Treron calvus,"(Temminck, 1811)",1811,gbif
Treron capellei,Treron capellei,"(Temminck, 1822)",1822,gbif
Treron chloropterus,Treron chloropterus,"Blyth, 1845",1845,gbif
Treron curvirostra,Treron curvirostra,"(J.F.Gmelin, 1789)",1789,gbif
Treron delalandii,Treron delalandii,"(Bonaparte, 1854)",1854,gbif
Treron floris,Treron floris,"Wallace, 1864",1864,gbif
Treron formosae,Treron formosae,"Swinhoe, 1863",1863,gbif
Treron fulvicollis,Treron fulvicollis,"(Wagler, 1827)",1827,gbif
Treron griseicauda,Treron griseicauda,"Bonaparte, 1855",1855,gbif
Treron griveaudi,Treron griveaudi,"Benson, 1960",1960,gbif
Treron olax,Treron olax,"(Temminck, 1823)",1823,gbif
Treron oxyurus,Treron oxyurus,"(Temminck, 1823)",1823,gbif
Treron pembaensis,Treron pembaensis,"Pakenham, 1940",1940,gbif
Treron permagnus,Treron permagnus,"Stejneger, 1887",1887,gbif
Treron phayrei,Treron phayrei,"(Blyth, 1862)",1862,gbif
Treron phoenicopterus,Treron phoenicopterus,"(Latham, 1790)",1790,gbif
Treron pompadora,Treron pompadora,"(J.F.Gmelin, 1789)",1789,gbif
Treron psittaceus,Treron psittaceus,"(Temminck, 1808)",1808,gbif
Treron sanctithomae,Treron sanctithomae,"(J.F.Gmelin, 1789)",1789,gbif
Treron seimundi,Treron seimundi,"(Robinson, 1910)",1910,gbif
Treron sieboldii,Treron sieboldii,"(Temminck, 1835)",1835,gbif
Treron sphenurus,Treron sphenurus,"(Vigors, 1832)",1832,gbif
Treron teysmannii,Treron teysmannii,"Schlegel, 1879",1879,gbif
Treron vernans,Treron vernans,"(Linnaeus, 1771)",1771,gbif
Treron waalia,Treron waalia,"(F.A.A.Meyer, 1793)",1793,gbif
Trugon terrestris,Trugon terrestris,"G.R.Gray, 1849",1849,gbif
Turacoena manadensis,Turacoena manadensis,"(Quoy & Gaimard, 1832)",1832,gbif
Turacoena modesta,Turacoena modesta,"(Temminck, 1835)",1835,gbif
Turacoena sulaensis,Turacoena sulaensis,"H.O.Forbes & Robinson, 1900",1900,gbif
Turtur abyssinicus,Turtur abyssinicus,"(Sharpe, 1902)",1902,gbif
Turtur afer,Turtur afer,"(Linnaeus, 1766)",1766,gbif
Turtur brehmeri,Turtur brehmeri,"(Hartlaub, 1865)",1865,gbif
Turtur chalcospilos,Turtur chalcospilos,"(Wagler, 1827)",1827,gbif
Turtur tympanistria,Turtur tympanistria,"(Temminck, 1809)",1809,gbif
Uropelia campestris,Uropelia campestris,"(von Spix, 1825)",1825,gbif
Zenaida asiatica,Zenaida asiatica,"(Linnaeus, 1758)",1758,gbif
Zenaida auriculata,Zenaida auriculata,"(Des Murs, 1847)",1847,gbif
Zenaida aurita,Zenaida aurita,"(Temminck, 1809)",1809,gbif
Zenaida galapagoensis,Zenaida galapagoensis,"Gould, 1841",1841,gbif
Zenaida graysoni,Zenaida graysoni,"(Lawrence, 1871)",1871,gbif
Zenaida macroura,Zenaida macroura,"(Linnaeus, 1758)",1758,gbif
Zenaida meloda,Zenaida meloda,"(Tschudi, 1843)",1843,gbif
Zentrygon albifacies,Zentrygon albifacies,"(P.L.Sclater, 1858)",1858,gbif
Zentrygon carrikeri,Zentrygon carrikeri,"(Wetmore, 1941)",1941,gbif
Zentrygon chiriquensis,Zentrygon chiriquensis,"(P.L.Sclater, 1856)",1856,gbif
Zentrygon costaricensis,Zentrygon costaricensis,"(Lawrence, 1868)",1868,gbif
Zentrygon frenata,Zentrygon frenata,"(Tschudi, 1843)",1843,gbif
Zentrygon goldmani,Zentrygon goldmani,"(Nelson, 1912)",1912,gbif
Zentrygon lawrencii,Zentrygon lawrencii,"(Salvin, 1874)",1874,gbif
Zentrygon linearis,Zentrygon linearis,"(Prévost, 1843)",1843,gbif
Actenoides bougainvillei,Actenoides bougainvillei,"(Rothschild, 1904)",1904,gbif
Actenoides capucinus,Actenoides capucinus,"(A.B.Meyer & Wiglesworth, 1896)",1896,gbif
Actenoides concretus,Actenoides concretus,"(Temminck, 1825)",1825,gbif
Actenoides excelsus,Actenoides excelsus,"(Mayr, 1941)",1941,gbif
Actenoides hombroni,Actenoides hombroni,"Bonaparte, 1850",1850,gbif
Actenoides lindsayi,Actenoides lindsayi,"(Vigors, 1831)",1831,gbif
Actenoides monachus,Actenoides monachus,"(Bonaparte, 1850)",1850,gbif
Actenoides princeps,Actenoides princeps,"(Reichenbach, 1851)",1851,gbif
Actenoides regalis,Actenoides regalis,"(Stresemann, 1932)",1932,gbif
Alcedo atthis,Alcedo atthis,"(Linnaeus, 1758)",1758,gbif
Alcedo coerulescens,Alcedo coerulescens,"Vieillot, 1818",1818,gbif
Alcedo euryzona,Alcedo euryzona,"Temminck, 1830",1830,gbif
Alcedo hercules,Alcedo hercules,"Laubmann, 1917",1917,gbif
Alcedo meninting,Alcedo meninting,"Horsfield, 1821",1821,gbif
Alcedo peninsulae,Alcedo peninsulae,"Laubmann, 1941",1941,gbif
Alcedo quadribrachys,Alcedo quadribrachys,"Bonaparte, 1850",1850,gbif
Alcedo semitorquata,Alcedo semitorquata,"Swainson, 1823",1823,gbif
Caridonax fulgidus,Caridonax fulgidus,"(Gould, 1857)",1857,gbif
Ceryle rudis,Ceryle rudis,"(Linnaeus, 1758)",1758,gbif
Ceyx argentatus,Ceyx argentatus,"Tweeddale, 1877",1877,gbif
Ceyx azureus,Ceyx azureus,"(Latham, 1801)",1801,gbif
Ceyx cajeli,Ceyx cajeli,"Wallace, 1863",1863,gbif
Ceyx collectoris,Ceyx collectoris,"Rothschild & E.Hartert, 1901",1901,gbif
Ceyx cyanopectus,Ceyx cyanopectus,"Lafresnaye, 1840",1840,gbif
Ceyx dispar,Ceyx dispar,"Rothschild & E.Hartert, 1914",1914,gbif
Ceyx erithaca,Ceyx erithaca,"(Linnaeus, 1758)",1758,gbif
Ceyx fallax,Ceyx fallax,"(Schlegel, 1866)",1866,gbif
Ceyx flumenicola,Ceyx flumenicola,"Steere, 1890",1890,gbif
Ceyx gentianus,Ceyx gentianus,"Tristram, 1879",1879,gbif
Ceyx lepidus,Ceyx lepidus,"Temminck, 1836",1836,gbif
Ceyx margarethae,Ceyx margarethae,"W.Blasius, 1890",1890,gbif
Ceyx meeki,Ceyx meeki,"Rothschild, 1901",1901,gbif
Ceyx melanurus,Ceyx melanurus,"(Kaup, 1848)",1848,gbif
Ceyx mindanensis,Ceyx mindanensis,"Steere, 1890",1890,gbif
Ceyx mulcatus,Ceyx mulcatus,"Rothschild & E.Hartert, 1914",1914,gbif
Ceyx nigrirostris,Ceyx nigrirostris,"Bourns & Worcester, 1894",1894,gbif
Ceyx nigromaxilla,Ceyx nigromaxilla,"Rothschild & E.Hartert, 1905",1905,gbif
Ceyx pusillus,Ceyx pusillus,"Temminck, 1836",1836,gbif
Ceyx sacerdotis,Ceyx sacerdotis,"E.P.Ramsay, 1882",1882,gbif
Ceyx sangirensis,Ceyx sangirensis,"(A.B.Meyer & Wiglesworth, 1898)",1898,gbif
Ceyx solitarius,Ceyx solitarius,"Temminck, 1836",1836,gbif
Ceyx wallacii,Ceyx wallacii,"Sharpe, 1868",1868,gbif
Ceyx websteri,Ceyx websteri,"(E.Hartert, 1898)",1898,gbif
Chloroceryle aenea,Chloroceryle aenea,"(Pallas, 1764)",1764,gbif
Chloroceryle amazona,Chloroceryle amazona,"(Latham, 1790)",1790,gbif
Chloroceryle americana,Chloroceryle americana,"(J.F.Gmelin, 1788)",1788,gbif
Chloroceryle inda,Chloroceryle inda,"(Linnaeus, 1766)",1766,gbif
Cittura cyanotis,Cittura cyanotis,"(Temminck, 1824)",1824,gbif
Cittura sanghirensis,Cittura sanghirensis,"Sharpe, 1868",1868,gbif
Clytoceyx rex,Clytoceyx rex,"Sharpe, 1880",1880,gbif
Corythornis cristatus,Corythornis cristatus,"(Pallas, 1764)",1764,gbif
Corythornis leucogaster,Corythornis leucogaster,"(Fraser, 1843)",1843,gbif
Corythornis madagascariensis,Corythornis madagascariensis,"(Linnaeus, 1766)",1766,gbif
Corythornis nais,Corythornis nais,"(Kaup, 1848)",1848,gbif
Corythornis thomensis,Corythornis thomensis,"Salvadori, 1902",1902,gbif
Corythornis vintsioides,Corythornis vintsioides,"(Eydoux & Gervais, 1836)",1836,gbif
Dacelo gaudichaud,Dacelo gaudichaud,"Gaimard, 1823",1823,gbif
Dacelo leachii,Dacelo leachii,"Vigors & Horsfield, 1827",1827,gbif
Dacelo novaeguineae,Dacelo novaeguineae,"(Hermann, 1783)",1783,gbif
Dacelo tyro,Dacelo tyro,"G.R.Gray, 1858",1858,gbif
Halcyon albiventris,Halcyon albiventris,"(Scopoli, 1786)",1786,gbif
Halcyon badia,Halcyon badia,"J.Verreaux & É.Verreaux, 1851",1851,gbif
Halcyon chelicuti,Halcyon chelicuti,"(Stanley, 1814)",1814,gbif
Halcyon coromanda,Halcyon coromanda,"(Latham, 1790)",1790,gbif
Halcyon cyanoventris,Halcyon cyanoventris,"(Vieillot, 1818)",1818,gbif
Halcyon gularis,Halcyon gularis,"(Kuhl, 1820)",1820,gbif
Halcyon leucocephala,Halcyon leucocephala,"(P.L.S.Müller, 1776)",1776,gbif
Halcyon malimbica,Halcyon malimbica,"(Shaw, 1812)",1812,gbif
Halcyon pileata,Halcyon pileata,"(Boddaert, 1783)",1783,gbif
Halcyon senegalensis,Halcyon senegalensis,"(Linnaeus, 1766)",1766,gbif
Halcyon senegaloides,Halcyon senegaloides,"A.Smith, 1834",1834,gbif
Halcyon smyrnensis,Halcyon smyrnensis,"(Linnaeus, 1758)",1758,gbif
Ispidina lecontei,Ispidina lecontei,"Cassin, 1856",1856,gbif
Ispidina picta,Ispidina picta,"(Boddaert, 1783)",1783,gbif
Lacedo melanops,Lacedo melanops,"(Bonaparte, 1850)",1850,gbif
Lacedo pulchella,Lacedo pulchella,"(Horsfield, 1821)",1821,gbif
Megaceryle alcyon,Megaceryle alcyon,"(Linnaeus, 1758)",1758,gbif
Megaceryle lugubris,Megaceryle lugubris,"(Temminck, 1834)",1834,gbif
Megaceryle maxima,Megaceryle maxima,"(Pallas, 1769)",1769,gbif
Megaceryle torquata,Megaceryle torquata,"(Linnaeus, 1766)",1766,gbif
Melidora macrorrhina,Melidora macrorrhina,"(R.Lesson, 1827)",1827,gbif
Pelargopsis amauroptera,Pelargopsis amauroptera,"(J.T.Pearson, 1841)",1841,gbif
Pelargopsis capensis,Pelargopsis capensis,"(Linnaeus, 1766)",1766,gbif
Pelargopsis melanorhyncha,Pelargopsis melanorhyncha,"(Temminck, 1826)",1826,gbif
Syma megarhyncha,Syma megarhyncha,"Salvadori, 1896",1896,gbif
Syma torotoro,Syma torotoro,"R.Lesson, 1827",1827,gbif
Tanysiptera carolinae,Tanysiptera carolinae,"Schlegel, 1871",1871,gbif
Tanysiptera danae,Tanysiptera danae,"Sharpe, 1880",1880,gbif
Tanysiptera ellioti,Tanysiptera ellioti,"Sharpe, 1870",1870,gbif
Tanysiptera galatea,Tanysiptera galatea,"G.R.Gray, 1859",1859,gbif
Tanysiptera hydrocharis,Tanysiptera hydrocharis,"G.R.Gray, 1858",1858,gbif
Tanysiptera nigriceps,Tanysiptera nigriceps,"P.L.Sclater, 1877",1877,gbif
Tanysiptera nympha,Tanysiptera nympha,"G.R.Gray, 1840",1840,gbif
Tanysiptera riedelii,Tanysiptera riedelii,"J.Verreaux, 1866",1866,gbif
Tanysiptera sylvia,Tanysiptera sylvia,"Gould, 1850",1850,gbif
Todiramphus albonotatus,Todiramphus albonotatus,"(E.P.Ramsay, 1884)",1884,gbif
Todiramphus australasia,Todiramphus australasia,"(Vieillot, 1818)",1818,gbif
Todiramphus chloris,Todiramphus chloris,"(Boddaert, 1783)",1783,gbif
Todiramphus cinnamominus,Todiramphus cinnamominus,"(Swainson, 1821)",1821,gbif
Todiramphus diops,Todiramphus diops,"(Temminck, 1824)",1824,gbif
Todiramphus enigma,Todiramphus enigma,"(E.Hartert, 1904)",1904,gbif
Todiramphus farquhari,Todiramphus farquhari,"(Sharpe, 1899)",1899,gbif
Todiramphus funebris,Todiramphus funebris,"Bonaparte, 1850",1850,gbif
Todiramphus gambieri,Todiramphus gambieri,"(Oustalet, 1895)",1895,gbif
Todiramphus godeffroyi,Todiramphus godeffroyi,"(Finsch, 1877)",1877,gbif
Todiramphus lazuli,Todiramphus lazuli,"(Temminck, 1830)",1830,gbif
Todiramphus leucopygius,Todiramphus leucopygius,"(J.Verreaux, 1858)",1858,gbif
Todiramphus macleayii,Todiramphus macleayii,"(Jardine & Selby, 1830)",1830,gbif
Todiramphus nigrocyaneus,Todiramphus nigrocyaneus,"(Wallace, 1862)",1862,gbif
Todiramphus pelewensis,Todiramphus pelewensis,"(Wiglesworth, 1891)",1891,gbif
Todiramphus pyrrhopygius,Todiramphus pyrrhopygius,"(Gould, 1841)",1841,gbif
Todiramphus recurvirostris,Todiramphus recurvirostris,"Lafresnaye, 1842",1842,gbif
Todiramphus reichenbachii,Todiramphus reichenbachii,"Hartlaub, 1852",1852,gbif
Todiramphus ruficollaris,Todiramphus ruficollaris,"(Holyoak, 1974)",1974,gbif
Todiramphus sanctus,Todiramphus sanctus,"(Vigors & Horsfield, 1827)",1827,gbif
Todiramphus saurophagus,Todiramphus saurophagus,"(Gould, 1843)",1843,gbif
Todiramphus tutus,Todiramphus tutus,"(J.F.Gmelin, 1788)",1788,gbif
Todiramphus veneratus,Todiramphus veneratus,"(J.F.Gmelin, 1788)",1788,gbif
Todiramphus winchelli,Todiramphus winchelli,"(Sharpe, 1877)",1877,gbif
Todiramphus youngi,Todiramphus youngi,"Sharpe, 1892",1892,gbif
Atelornis crossleyi,Atelornis crossleyi,"Sharpe, 1875",1875,gbif
Atelornis pittoides,Atelornis pittoides,"(Lafresnaye, 1834)",1834,gbif
Brachypteracias leptosomus,Brachypteracias leptosomus,"(R.Lesson, 1833)",1833,gbif
Geobiastes squamiger,Geobiastes squamiger,"(Lafresnaye, 1838)",1838,gbif
Uratelornis chimaera,Uratelornis chimaera,"Rothschild, 1895",1895,gbif
Coracias abyssinicus,Coracias abyssinicus,"Hermann, 1783",1783,gbif
Coracias affinis,Coracias affinis,"Horsfield, 1840",1840,gbif
Coracias benghalensis,Coracias benghalensis,"(Linnaeus, 1758)",1758,gbif
Coracias caudatus,Coracias caudatus,"Linnaeus, 1766",1766,gbif
Coracias cyanogaster,Coracias cyanogaster,"Cuvier, 1816",1816,gbif
Coracias garrulus,Coracias garrulus,"Linnaeus, 1758",1758,gbif
Coracias naevius,Coracias naevius,"Daudin, 1800",1800,gbif
Coracias spatulatus,Coracias spatulatus,"Trimen, 1880",1880,gbif
Coracias temminckii,Coracias temminckii,"(Vieillot, 1819)",1819,gbif
Eurystomus azureus,Eurystomus azureus,"G.R.Gray, 1861",1861,gbif
Eurystomus glaucurus,Eurystomus glaucurus,"(P.L.S.Müller, 1776)",1776,gbif
Eurystomus gularis,Eurystomus gularis,"Vieillot, 1819",1819,gbif
Eurystomus orientalis,Eurystomus orientalis,"(Linnaeus, 1766)",1766,gbif
Meropogon forsteni,Meropogon forsteni,"Bonaparte, 1850",1850,gbif
Merops albicollis,Merops albicollis,"Vieillot, 1817",1817,gbif
Merops americanus,Merops americanus,"P.L.S.Müller, 1776",1776,gbif
Merops apiaster,Merops apiaster,"Linnaeus, 1758",1758,gbif
Merops boehmi,Merops boehmi,"Reichenow, 1882",1882,gbif
Merops breweri,Merops breweri,"(Cassin, 1859)",1859,gbif
Merops bullockoides,Merops bullockoides,"A.Smith, 1834",1834,gbif
Merops bulocki,Merops bulocki,"Vieillot, 1817",1817,gbif
Merops cyanophrys,Merops cyanophrys,"(Cabanis & Heine, 1860)",1860,gbif
Merops gularis,Merops gularis,"Shaw, 1798",1798,gbif
Merops hirundineus,Merops hirundineus,"A.A.H.Lichtenstein, 1793",1793,gbif
Merops lafresnayii,Merops lafresnayii,"Guérin-Méneville, 1843",1843,gbif
Merops leschenaulti,Merops leschenaulti,"Vieillot, 1817",1817,gbif
Merops malimbicus,Merops malimbicus,"Shaw, 1806",1806,gbif
Merops mentalis,Merops mentalis,"Cabanis, 1889",1889,gbif
Merops muelleri,Merops muelleri,"(Cassin, 1857)",1857,gbif
Merops nubicoides,Merops nubicoides,"Des Murs & Pucheran, 1846",1846,gbif
Merops nubicus,Merops nubicus,"J.F.Gmelin, 1788",1788,gbif
Merops oreobates,Merops oreobates,"(Sharpe, 1892)",1892,gbif
Merops orientalis,Merops orientalis,"Latham, 1801",1801,gbif
Merops ornatus,Merops ornatus,"Latham, 1801",1801,gbif
Merops persicus,Merops persicus,"Pallas, 1773",1773,gbif
Merops philippinus,Merops philippinus,"Linnaeus, 1767",1767,gbif
Merops pusillus,Merops pusillus,"P.L.S.Müller, 1776",1776,gbif
Merops revoilii,Merops revoilii,"Oustalet, 1882",1882,gbif
Merops superciliosus,Merops superciliosus,"Linnaeus, 1766",1766,gbif
Merops variegatus,Merops variegatus,"Vieillot, 1817",1817,gbif
Merops viridis,Merops viridis,"Linnaeus, 1758",1758,gbif
Merops viridissimus,Merops viridissimus,"Swainson, 1837",1837,gbif
Nyctyornis amictus,Nyctyornis amictus,"(Temminck, 1824)",1824,gbif
Nyctyornis athertoni,Nyctyornis athertoni,"(Jardine & Selby, 1828)",1828,gbif
Aspatha gularis,Aspatha gularis,"(Lafresnaye, 1840)",1840,gbif
Baryphthengus martii,Baryphthengus martii,"(Spix, 1824)",1824,gbif
Baryphthengus ruficapillus,Baryphthengus ruficapillus,"(Vieillot, 1818)",1818,gbif
Electron carinatum,Electron carinatum,"(Du Bus de Gisignies, 1847)",1847,gbif
Electron platyrhynchum,Electron platyrhynchum,"(Leadbeater, 1829)",1829,gbif
Eumomota superciliosa,Eumomota superciliosa,"(Sandbach, 1837)",1837,gbif
Hylomanes momotula,Hylomanes momotula,"M.H.K.Lichtenstein, 1839",1839,gbif
Momotus aequatorialis,Momotus aequatorialis,"Gould, 1858",1858,gbif
Momotus bahamensis,Momotus bahamensis,"(Swainson, 1838)",1838,gbif
Momotus coeruliceps,Momotus coeruliceps,"(Gould, 1836)",1836,gbif
Momotus lessonii,Momotus lessonii,"R.Lesson, 1842",1842,gbif
Momotus mexicanus,Momotus mexicanus,"Swainson, 1827",1827,gbif
Momotus momota,Momotus momota,"(Linnaeus, 1766)",1766,gbif
Momotus subrufescens,Momotus subrufescens,"P.L.Sclater, 1853",1853,gbif
Todus angustirostris,Todus angustirostris,"Lafresnaye, 1851",1851,gbif
Todus mexicanus,Todus mexicanus,"R.Lesson, 1838",1838,gbif
Todus multicolor,Todus multicolor,"Gould, 1837",1837,gbif
Todus subulatus,Todus subulatus,"G.R.Gray, 1847",1847,gbif
Todus todus,Todus todus,"(Linnaeus, 1758)",1758,gbif
Cacomantis aeruginosus,Cacomantis aeruginosus,"Salvadori, 1878",1878,gbif
Cacomantis castaneiventris,Cacomantis castaneiventris,"(Gould, 1867)",1867,gbif
Cacomantis flabelliformis,Cacomantis flabelliformis,"(Latham, 1802)",1802,gbif
Cacomantis merulinus,Cacomantis merulinus,"(Scopoli, 1786)",1786,gbif
Cacomantis passerinus,Cacomantis passerinus,"(Vahl, 1797)",1797,gbif
Cacomantis sonneratii,Cacomantis sonneratii,"(Latham, 1790)",1790,gbif
Cacomantis variolosus,Cacomantis variolosus,"(Vigors & Horsfield, 1827)",1827,gbif
Caliechthrus leucolophus,Caliechthrus leucolophus,"(S.Muller, 1840)",1840,gbif
Carpococcyx radiceus,Carpococcyx radiceus,"(Temminck, 1832)",1832,gbif
Carpococcyx renauldi,Carpococcyx renauldi,"Oustalet, 1896",1896,gbif
Carpococcyx viridis,Carpococcyx viridis,"Salvadori, 1879",1879,gbif
Centropus andamanensis,Centropus andamanensis,"Beavan, 1867",1867,gbif
Centropus anselli,Centropus anselli,"Sharpe, 1874",1874,gbif
Centropus ateralbus,Centropus ateralbus,"Lesson, 1826",1826,gbif
Centropus bengalensis,Centropus bengalensis,"(Gmelin, 1788)",1788,gbif
Centropus bernsteini,Centropus bernsteini,"Schlegel, 1866",1866,gbif
Centropus celebensis,Centropus celebensis,"Quoy & Gaimard, 1830",1830,gbif
Centropus chalybeus,Centropus chalybeus,"(Salvadori, 1876)",1876,gbif
Centropus chlororhynchos,Centropus chlororhynchos,"Blyth, 1849",1849,gbif
Centropus cupreicaudus,Centropus cupreicaudus,"Reichenow, 1896",1896,gbif
Centropus goliath,Centropus goliath,"Bonaparte, 1850",1850,gbif
Centropus grillii,Centropus grillii,"Hartlaub, 1861",1861,gbif
Centropus leucogaster,Centropus leucogaster,"(Leach, 1814)",1814,gbif
Centropus melanops,Centropus melanops,"Lesson, 1830",1830,gbif
Centropus menbeki,Centropus menbeki,"Lesson & Garnot, 1828",1828,gbif
Centropus milo,Centropus milo,"Gould, 1856",1856,gbif
Centropus monachus,Centropus monachus,"Ruppell, 1837",1837,gbif
Centropus nigrorufus,Centropus nigrorufus,"(Cuvier, 1816)",1816,gbif
Centropus phasianinus,Centropus phasianinus,"(Latham, 1802)",1802,gbif
Centropus rectunguis,Centropus rectunguis,"Strickland, 1847",1847,gbif
Centropus senegalensis,Centropus senegalensis,"(Linnaeus, 1766)",1766,gbif
Centropus sinensis,Centropus sinensis,"(Stephens, 1815)",1815,gbif
Centropus spilopterus,Centropus spilopterus,"G.R.Gray, 1858",1858,gbif
Centropus steerii,Centropus steerii,"Bourns & Worcester, 1894",1894,gbif
Centropus superciliosus,Centropus superciliosus,"Hemprich & Ehrenberg, 1829",1829,gbif
Centropus toulou,Centropus toulou,"(Statius Muller, 1776)",1776,gbif
Centropus unirufus,Centropus unirufus,"(Cabanis & Heine, 1863)",1863,gbif
Centropus violaceus,Centropus violaceus,"Quoy & Gaimard, 1830",1830,gbif
Centropus viridis,Centropus viridis,"(Scopoli, 1786)",1786,gbif
Cercococcyx lemaireae,Cercococcyx lemaireae,"Boesman & Collar, 2019",2019,gbif
Cercococcyx mechowi,Cercococcyx mechowi,"Cabanis, 1882",1882,gbif
Cercococcyx montanus,Cercococcyx montanus,"Chapin, 1928",1928,gbif
Cercococcyx olivinus,Cercococcyx olivinus,"Sassi, 1912",1912,gbif
Ceuthmochares aereus,Ceuthmochares aereus,"(Vieillot, 1817)",1817,gbif
Ceuthmochares australis,Ceuthmochares australis,"Sharpe, 1873",1873,gbif
Chalcites basalis,Chalcites basalis,"(Horsfield, 1821)",1821,gbif
Chalcites crassirostris,Chalcites crassirostris,"(Salvadori, 1878)",1878,gbif
Chalcites lucidus,Chalcites lucidus,"(Gmelin, 1788)",1788,gbif
Chalcites megarhynchus,Chalcites megarhynchus,"(Gray, 1858)",1858,gbif
Chalcites meyerii,Chalcites meyerii,"(Salvadori, 1874)",1874,gbif
Chalcites minutillus,Chalcites minutillus,"(Gould, 1859)",1859,gbif
Chalcites osculans,Chalcites osculans,"Gould, 1847",1847,gbif
Chalcites ruficollis,Chalcites ruficollis,"(Salvadori, 1875)",1875,gbif
Chrysococcyx caprius,Chrysococcyx caprius,"(Boddaert, 1783)",1783,gbif
Chrysococcyx cupreus,Chrysococcyx cupreus,"(Shaw, 1792)",1792,gbif
Chrysococcyx flavigularis,Chrysococcyx flavigularis,"Shelley, 1880",1880,gbif
Chrysococcyx klaas,Chrysococcyx klaas,"(Stephens, 1815)",1815,gbif
Chrysococcyx maculatus,Chrysococcyx maculatus,"(Gmelin, 1788)",1788,gbif
Chrysococcyx xanthorhynchus,Chrysococcyx xanthorhynchus,"(Horsfield, 1821)",1821,gbif
Clamator coromandus,Clamator coromandus,"(Linnaeus, 1766)",1766,gbif
Clamator glandarius,Clamator glandarius,"(Linnaeus, 1758)",1758,gbif
Clamator jacobinus,Clamator jacobinus,"(Boddaert, 1783)",1783,gbif
Clamator levaillantii,Clamator levaillantii,"(Swainson, 1829)",1829,gbif
Coccycua cinerea,Coccycua cinerea,"(Vieillot, 1817)",1817,gbif
Coccycua minuta,Coccycua minuta,"(Vieillot, 1817)",1817,gbif
Coccycua pumila,Coccycua pumila,"(Strickland, 1852)",1852,gbif
Coccyzus americanus,Coccyzus americanus,"(Linnaeus, 1758)",1758,gbif
Coccyzus bahamensis,Coccyzus bahamensis,"(Bryant, 1864)",1864,gbif
Coccyzus erythropthalmus,Coccyzus erythropthalmus,"(A.Wilson, 1811)",1811,gbif
Coccyzus euleri,Coccyzus euleri,"Cabanis, 1873",1873,gbif
Coccyzus ferrugineus,Coccyzus ferrugineus,"Gould, 1843",1843,gbif
Coccyzus lansbergi,Coccyzus lansbergi,"Bonaparte, 1850",1850,gbif
Coccyzus longirostris,Coccyzus longirostris,"(Hermann, 1783)",1783,gbif
Coccyzus melacoryphus,Coccyzus melacoryphus,"Vieillot, 1817",1817,gbif
Coccyzus merlini,Coccyzus merlini,"(d'Orbigny, 1839)",1839,gbif
Coccyzus minor,Coccyzus minor,"(Gmelin, 1788)",1788,gbif
Coccyzus pluvialis,Coccyzus pluvialis,"(J.F.Gmelin, 1788)",1788,gbif
Coccyzus rufigularis,Coccyzus rufigularis,"Hartlaub, 1852",1852,gbif
Coccyzus vetula,Coccyzus vetula,"(Linnaeus, 1758)",1758,gbif
Coccyzus vieilloti,Coccyzus vieilloti,"(Bonaparte, 1850)",1850,gbif
Coua caerulea,Coua caerulea,"(Linnaeus, 1766)",1766,gbif
Coua coquereli,Coua coquereli,"A.Grandidier, 1867",1867,gbif
Coua cristata,Coua cristata,"(Linnaeus, 1766)",1766,gbif
Coua cursor,Coua cursor,"A.Grandidier, 1867",1867,gbif
Coua gigas,Coua gigas,"(Boddaert, 1783)",1783,gbif
Coua olivaceiceps,Coua olivaceiceps,"(Sharpe, 1873)",1873,gbif
Coua pyropyga,Coua pyropyga,"Grandidier, 1867",1867,gbif
Coua reynaudii,Coua reynaudii,"Pucheran, 1845",1845,gbif
Coua ruficeps,Coua ruficeps,"G.R.Gray, 1846",1846,gbif
Coua serriana,Coua serriana,"Pucheran, 1845",1845,gbif
Coua verreauxi,Coua verreauxi,"A.Grandidier, 1867",1867,gbif
Crotophaga ani,Crotophaga ani,"Linnaeus, 1758",1758,gbif
Crotophaga major,Crotophaga major,"Gmelin, 1788",1788,gbif
Crotophaga sulcirostris,Crotophaga sulcirostris,"Swainson, 1827",1827,gbif
Cuculus canorus,Cuculus canorus,"Linnaeus, 1758",1758,gbif
Cuculus clamosus,Cuculus clamosus,"Latham, 1802",1802,gbif
Cuculus crassirostris,Cuculus crassirostris,"(Walden, 1872)",1872,gbif
Cuculus gularis,Cuculus gularis,"Stephens, 1815",1815,gbif
Cuculus lepidus,Cuculus lepidus,"S.Muller, 1845",1845,gbif
Cuculus micropterus,Cuculus micropterus,"Gould, 1838",1838,gbif
Cuculus poliocephalus,Cuculus poliocephalus,"Latham, 1790",1790,gbif
Cuculus rochii,Cuculus rochii,"Hartlaub, 1863",1863,gbif
Cuculus saturatus,Cuculus saturatus,"Blyth, 1843",1843,gbif
Cuculus solitarius,Cuculus solitarius,"Stephens, 1815",1815,gbif
Dasylophus superciliosus,Dasylophus superciliosus,"(Dumont, 1823)",1823,gbif
Dromococcyx pavoninus,Dromococcyx pavoninus,"Pelzeln, 1870",1870,gbif
Dromococcyx phasianellus,Dromococcyx phasianellus,"(Spix, 1824)",1824,gbif
Eudynamys orientalis,Eudynamys orientalis,"(Latham, 1801)",1801,gbif
Eudynamys scolopaceus,Eudynamys scolopaceus,"(Linnaeus, 1758)",1758,gbif
Geococcyx californianus,Geococcyx californianus,"(Lesson, 1829)",1829,gbif
Geococcyx velox,Geococcyx velox,"(Wagner, 1836)",1836,gbif
Guira guira,Guira guira,"(Gmelin, 1788)",1788,gbif
Heteroscenes pallidus,Heteroscenes pallidus,"(Latham, 1801)",1801,gbif
Hierococcyx bocki,Hierococcyx bocki,"R.G.Wardlaw-Ramsay, 1886",1886,gbif
Hierococcyx fugax,Hierococcyx fugax,"(Horsfield, 1821)",1821,gbif
Hierococcyx hyperythrus,Hierococcyx hyperythrus,"(Gould, 1856)",1856,gbif
Hierococcyx nisicolor,Hierococcyx nisicolor,"(Blyth, 1843)",1843,gbif
Hierococcyx pectoralis,Hierococcyx pectoralis,"Cabanis & Heine, 1863",1863,gbif
Hierococcyx sparverioides,Hierococcyx sparverioides,"(Vigors, 1832)",1832,gbif
Hierococcyx vagans,Hierococcyx vagans,"(S.Müller, 1845)",1845,gbif
Hierococcyx varius,Hierococcyx varius,"(Vahl, 1797)",1797,gbif
Lepidogrammus cumingi,Lepidogrammus cumingi,"(Fraser, 1839)",1839,gbif
Microdynamis parva,Microdynamis parva,"(Salvadori, 1876)",1876,gbif
Morococcyx erythropygus,Morococcyx erythropygus,"(Lesson, 1842)",1842,gbif
Neomorphus geoffroyi,Neomorphus geoffroyi,"(Temminck, 1820)",1820,gbif
Neomorphus pucheranii,Neomorphus pucheranii,"(Deville, 1851)",1851,gbif
Neomorphus radiolosus,Neomorphus radiolosus,"P.L.Sclater & Salvin, 1878",1878,gbif
Neomorphus rufipennis,Neomorphus rufipennis,"(G.R.Gray, 1849)",1849,gbif
Pachycoccyx audeberti,Pachycoccyx audeberti,"(Schlegel, 1879)",1879,gbif
Phaenicophaeus curvirostris,Phaenicophaeus curvirostris,"(Shaw, 1810)",1810,gbif
Phaenicophaeus diardi,Phaenicophaeus diardi,"(Lesson, 1830)",1830,gbif
Phaenicophaeus oeneicaudus,Phaenicophaeus oeneicaudus,"Verreaux & Verreaux, 1855",1855,gbif
Phaenicophaeus pyrrhocephalus,Phaenicophaeus pyrrhocephalus,"(Pennant, 1769)",1769,gbif
Phaenicophaeus sumatranus,Phaenicophaeus sumatranus,"(Raffles, 1822)",1822,gbif
Phaenicophaeus tristis,Phaenicophaeus tristis,"(Lesson, 1830)",1830,gbif
Phaenicophaeus viridirostris,Phaenicophaeus viridirostris,"(Jerdon, 1840)",1840,gbif
Piaya cayana,Piaya cayana,"(Linnaeus, 1766)",1766,gbif
Piaya melanogaster,Piaya melanogaster,"(Vieillot, 1817)",1817,gbif
Piaya mexicana,Piaya mexicana,"(Swainson, 1827)",1827,gbif
Rhamphococcyx calyorhynchus,Rhamphococcyx calyorhynchus,"(Temminck, 1825)",1825,gbif
Rhinortha chlorophaea,Rhinortha chlorophaea,"(Raffles, 1822)",1822,gbif
Scythrops novaehollandiae,Scythrops novaehollandiae,"Latham, 1790",1790,gbif
Surniculus dicruroides,Surniculus dicruroides,"(Hodgson, 1839)",1839,gbif
Surniculus lugubris,Surniculus lugubris,"(Horsfield, 1821)",1821,gbif
Surniculus musschenbroeki,Surniculus musschenbroeki,"A.B.Meyer, 1878",1878,gbif
Surniculus velutinus,Surniculus velutinus,"Sharpe, 1877",1877,gbif
Taccocua leschenaultii,Taccocua leschenaultii,"Lesson, 1830",1830,gbif
Tapera naevia,Tapera naevia,"(Linnaeus, 1766)",1766,gbif
Urodynamis taitensis,Urodynamis taitensis,"(Sparrman, 1787)",1787,gbif
Zanclostomus javanicus,Zanclostomus javanicus,"(Horsfield, 1821)",1821,gbif
Eurypyga helias,Eurypyga helias,"(Pallas, 1781)",1781,gbif
Rhynochetos jubatus,Rhynochetos jubatus,"J.Verreaux & Des Murs, 1860",1860,gbif
Caracara cheriway,Caracara cheriway,"(Jacquin, 1784)",1784,gbif
Caracara plancus,Caracara plancus,"(J.F.Miller, 1777)",1777,gbif
Daptrius ater,Daptrius ater,"Vieillot, 1816",1816,gbif
Falco alopex,Falco alopex,"(Heuglin, 1861)",1861,gbif
Falco amurensis,Falco amurensis,"Radde, 1863",1863,gbif
Falco araeus,Falco araeus,"(Oberholser, 1917)",1917,gbif
Falco ardosiaceus,Falco ardosiaceus,"Vieillot, 1823",1823,gbif
Falco berigora,Falco berigora,"Vigors & Horsfield, 1827",1827,gbif
Falco biarmicus,Falco biarmicus,"Temminck, 1825",1825,gbif
Falco cenchroides,Falco cenchroides,"Vigors & Horsfield, 1827",1827,gbif
Falco cherrug,Falco cherrug,"J.E.Gray, 1834",1834,gbif
Falco chicquera,Falco chicquera,"Daudin, 1800",1800,gbif
Falco columbarius,Falco columbarius,"Linnaeus, 1758",1758,gbif
Falco concolor,Falco concolor,"Temminck, 1825",1825,gbif
Falco cuvierii,Falco cuvierii,"A.Smith, 1830",1830,gbif
Falco deiroleucus,Falco deiroleucus,"Temminck, 1825",1825,gbif
Falco dickinsoni,Falco dickinsoni,"P.L.Sclater, 1864",1864,gbif
Falco eleonorae,Falco eleonorae,"Géné, 1839",1839,gbif
Falco fasciinucha,Falco fasciinucha,"Reichenow & Neumann, 1895",1895,gbif
Falco femoralis,Falco femoralis,"Temminck, 1822",1822,gbif
Falco hypoleucos,Falco hypoleucos,"Gould, 1841",1841,gbif
Falco jugger,Falco jugger,"J.E.Gray, 1834",1834,gbif
Falco longipennis,Falco longipennis,"Swainson, 1838",1838,gbif
Falco mexicanus,Falco mexicanus,"Schlegel, 1850",1850,gbif
Falco moluccensis,Falco moluccensis,"(Bonaparte, 1850)",1850,gbif
Falco naumanni,Falco naumanni,"J.G.Fleischer, 1818",1818,gbif
Falco newtoni,Falco newtoni,"(Gurney Sr, 1863)",1863,gbif
Falco novaeseelandiae,Falco novaeseelandiae,"J.F.Gmelin, 1788",1788,gbif
Falco peregrinus,Falco peregrinus,"Tunstall, 1771",1771,gbif
Falco punctatus,Falco punctatus,"Temminck, 1821",1821,gbif
Falco ruficollis,Falco ruficollis,"Swainson, 1837",1837,gbif
Falco rufigularis,Falco rufigularis,"Daudin, 1800",1800,gbif
Falco rupicoloides,Falco rupicoloides,"A.Smith, 1829",1829,gbif
Falco rusticolus,Falco rusticolus,"Linnaeus, 1758",1758,gbif
Falco severus,Falco severus,"Horsfield, 1821",1821,gbif
Falco sparverius,Falco sparverius,"Linnaeus, 1758",1758,gbif
Falco subbuteo,Falco subbuteo,"Linnaeus, 1758",1758,gbif
Falco subniger,Falco subniger,"G.R.Gray, 1843",1843,gbif
Falco tinnunculus,Falco tinnunculus,"Linnaeus, 1758",1758,gbif
Falco vespertinus,Falco vespertinus,"Linnaeus, 1766",1766,gbif
Falco zoniventris,Falco zoniventris,"W.Peters, 1854",1854,gbif
Herpetotheres cachinnans,Herpetotheres cachinnans,"(Linnaeus, 1758)",1758,gbif
Ibycter americanus,Ibycter americanus,"(Boddaert, 1783)",1783,gbif
Micrastur buckleyi,Micrastur buckleyi,"Swann, 1919",1919,gbif
Micrastur gilvicollis,Micrastur gilvicollis,"(Vieillot, 1817)",1817,gbif
Micrastur mintoni,Micrastur mintoni,"Whittaker, 2003",2003,gbif
Micrastur mirandollei,Micrastur mirandollei,"(Schlegel, 1862)",1862,gbif
Micrastur plumbeus,Micrastur plumbeus,"W.L.Sclater, 1918",1918,gbif
Micrastur ruficollis,Micrastur ruficollis,"(Vieillot, 1817)",1817,gbif
Micrastur semitorquatus,Micrastur semitorquatus,"(Vieillot, 1817)",1817,gbif
Microhierax caerulescens,Microhierax caerulescens,"(Linnaeus, 1758)",1758,gbif
Microhierax erythrogenys,Microhierax erythrogenys,"(Vigors, 1831)",1831,gbif
Microhierax fringillarius,Microhierax fringillarius,"(Drapiez, 1824)",1824,gbif
Microhierax latifrons,Microhierax latifrons,"Sharpe, 1879",1879,gbif
Microhierax melanoleucos,Microhierax melanoleucos,"(Blyth, 1843)",1843,gbif
Milvago chimachima,Milvago chimachima,"(Vieillot, 1816)",1816,gbif
Phalcoboenus albogularis,Phalcoboenus albogularis,"(Gould, 1837)",1837,gbif
Phalcoboenus australis,Phalcoboenus australis,"(J.F.Gmelin, 1788)",1788,gbif
Phalcoboenus carunculatus,Phalcoboenus carunculatus,"Des Murs, 1853",1853,gbif
Phalcoboenus chimango,Phalcoboenus chimango,"(Vieillot, 1816)",1816,gbif
Phalcoboenus megalopterus,Phalcoboenus megalopterus,"(Meyen, 1834)",1834,gbif
Polihierax insignis,Polihierax insignis,"Walden, 1872",1872,gbif
Polihierax semitorquatus,Polihierax semitorquatus,"(A.Smith, 1836)",1836,gbif
Spiziapteryx circumcincta,Spiziapteryx circumcincta,"(Kaup, 1852)",1852,gbif
Aburria aburri,Aburria aburri,"(R.Lesson, 1828)",1828,gbif
Chamaepetes goudotii,Chamaepetes goudotii,"(R.Lesson, 1828)",1828,gbif
Chamaepetes unicolor,Chamaepetes unicolor,"Salvin, 1867",1867,gbif
Crax alberti,Crax alberti,"Fraser, 1852",1852,gbif
Crax alector,Crax alector,"Linnaeus, 1766",1766,gbif
Crax blumenbachii,Crax blumenbachii,"Spix, 1825",1825,gbif
Crax daubentoni,Crax daubentoni,"G.R.Gray, 1867",1867,gbif
Crax fasciolata,Crax fasciolata,"Spix, 1825",1825,gbif
Crax globulosa,Crax globulosa,"Spix, 1825",1825,gbif
Crax pinima,Crax pinima,"Pelzeln, 1870",1870,gbif
Crax rubra,Crax rubra,"Linnaeus, 1758",1758,gbif
Mitu mitu,Mitu mitu,"(Linnaeus, 1766)",1766,gbif
Mitu salvini,Mitu salvini,"Reinhardt, 1879",1879,gbif
Mitu tomentosum,Mitu tomentosum,"(Spix, 1825)",1825,gbif
Mitu tuberosum,Mitu tuberosum,"(Spix, 1825)",1825,gbif
Nothocrax urumutum,Nothocrax urumutum,"(Spix, 1825)",1825,gbif
Oreophasis derbianus,Oreophasis derbianus,"G.R.Gray, 1844",1844,gbif
Ortalis araucuan,Ortalis araucuan,"(Spix, 1825)",1825,gbif
Ortalis canicollis,Ortalis canicollis,"(Wagler, 1830)",1830,gbif
Ortalis cinereiceps,Ortalis cinereiceps,"G.R.Gray, 1867",1867,gbif
Ortalis columbiana,Ortalis columbiana,"Hellmayr, 1906",1906,gbif
Ortalis erythroptera,Ortalis erythroptera,"P.L.Sclater & Salvin, 1870",1870,gbif
Ortalis garrula,Ortalis garrula,"(Humboldt, 1805)",1805,gbif
Ortalis guttata,Ortalis guttata,"(Spix, 1825)",1825,gbif
Ortalis leucogastra,Ortalis leucogastra,"(Gould, 1843)",1843,gbif
Ortalis motmot,Ortalis motmot,"(Linnaeus, 1766)",1766,gbif
Ortalis poliocephala,Ortalis poliocephala,"(Wagler, 1830)",1830,gbif
Ortalis ruficauda,Ortalis ruficauda,"Jardine, 1847",1847,gbif
Ortalis squamata,Ortalis squamata,"R.Lesson, 1829",1829,gbif
Ortalis superciliaris,Ortalis superciliaris,"G.R.Gray, 1867",1867,gbif
Ortalis vetula,Ortalis vetula,"(Wagler, 1830)",1830,gbif
Ortalis wagleri,Ortalis wagleri,"G.R.Gray, 1867",1867,gbif
Pauxi koepckeae,Pauxi koepckeae,"Weske & Terborgh, 1971",1971,gbif
Pauxi pauxi,Pauxi pauxi,"(Linnaeus, 1766)",1766,gbif
Pauxi unicornis,Pauxi unicornis,"J.Bond & Meyer de Schauensee, 1939",1939,gbif
Penelope albipennis,Penelope albipennis,"Taczanowski, 1878",1878,gbif
Penelope argyrotis,Penelope argyrotis,"(Bonaparte, 1856)",1856,gbif
Penelope barbata,Penelope barbata,"Chapman, 1921",1921,gbif
Penelope dabbenei,Penelope dabbenei,"Hellmayr & Conover, 1942",1942,gbif
Penelope jacquacu,Penelope jacquacu,"Spix, 1825",1825,gbif
Penelope jacucaca,Penelope jacucaca,"Spix, 1825",1825,gbif
Penelope marail,Penelope marail,"(P.L.S.Müller, 1776)",1776,gbif
Penelope montagnii,Penelope montagnii,"(Bonaparte, 1856)",1856,gbif
Penelope obscura,Penelope obscura,"Temminck, 1815",1815,gbif
Penelope ochrogaster,Penelope ochrogaster,"Pelzeln, 1870",1870,gbif
Penelope ortoni,Penelope ortoni,"Salvin, 1874",1874,gbif
Penelope perspicax,Penelope perspicax,"Bangs, 1911",1911,gbif
Penelope pileata,Penelope pileata,"Wagler, 1830",1830,gbif
Penelope purpurascens,Penelope purpurascens,"Wagler, 1830",1830,gbif
Penelope superciliaris,Penelope superciliaris,"Temminck, 1815",1815,gbif
Penelopina nigra,Penelopina nigra,"(Fraser, 1852)",1852,gbif
Pipile cujubi,Pipile cujubi,"(Pelzeln, 1858)",1858,gbif
Pipile cumanensis,Pipile cumanensis,"(Jacquin, 1784)",1784,gbif
Pipile grayi,Pipile grayi,"(Pelzeln, 1870)",1870,gbif
Pipile jacutinga,Pipile jacutinga,"(Spix, 1825)",1825,gbif
Pipile pipile,Pipile pipile,"(Jacquin, 1784)",1784,gbif
Aepypodius arfakianus,Aepypodius arfakianus,"(Salvadori, 1877)",1877,gbif
Aepypodius bruijnii,Aepypodius bruijnii,"(Oustalet, 1880)",1880,gbif
Alectura lathami,Alectura lathami,"J.E.Gray, 1831",1831,gbif
Eulipoa wallacei,Eulipoa wallacei,"(G.R.Gray, 1861)",1861,gbif
Leipoa ocellata,Leipoa ocellata,"Gould, 1840",1840,gbif
Macrocephalon maleo,Macrocephalon maleo,"S.Müller, 1846",1846,gbif
Megapodius bernsteinii,Megapodius bernsteinii,"Schlegel, 1866",1866,gbif
Megapodius cumingii,Megapodius cumingii,"Dillwyn, 1853",1853,gbif
Megapodius decollatus,Megapodius decollatus,"Oustalet, 1878",1878,gbif
Megapodius eremita,Megapodius eremita,"Hartlaub, 1868",1868,gbif
Megapodius freycinet,Megapodius freycinet,"Gaimard, 1823",1823,gbif
Megapodius geelvinkianus,Megapodius geelvinkianus,"A.B.Meyer, 1874",1874,gbif
Megapodius laperouse,Megapodius laperouse,"Gaimard, 1823",1823,gbif
Megapodius layardi,Megapodius layardi,"Tristram, 1879",1879,gbif
Megapodius nicobariensis,Megapodius nicobariensis,"Blyth, 1846",1846,gbif
Megapodius pritchardii,Megapodius pritchardii,"G.R.Gray, 1864",1864,gbif
Megapodius reinwardt,Megapodius reinwardt,"Dumont, 1823",1823,gbif
Megapodius tenimberensis,Megapodius tenimberensis,"P.L.Sclater, 1883",1883,gbif
Talegalla cuvieri,Talegalla cuvieri,"R.Lesson, 1828",1828,gbif
Talegalla fuscirostris,Talegalla fuscirostris,"Salvadori, 1877",1877,gbif
Talegalla jobiensis,Talegalla jobiensis,"A.B.Meyer, 1874",1874,gbif
Acryllium vulturinum,Acryllium vulturinum,"(Hardwicke, 1834)",1834,gbif
Agelastes meleagrides,Agelastes meleagrides,"Bonaparte, 1850",1850,gbif
Agelastes niger,Agelastes niger,"(Cassin, 1857)",1857,gbif
Guttera edouardi,Guttera edouardi,"(Hartlaub, 1867)",1867,gbif
Guttera plumifera,Guttera plumifera,"(Cassin, 1857)",1857,gbif
Guttera pucherani,Guttera pucherani,"(Hartlaub, 1861)",1861,gbif
Guttera verreauxi,Guttera verreauxi,"(D.G.Elliot, 1870)",1870,gbif
Numida meleagris,Numida meleagris,"(Linnaeus, 1758)",1758,gbif
Callipepla californica,Callipepla californica,"(Shaw, 1798)",1798,gbif
Callipepla douglasii,Callipepla douglasii,"(Vigors, 1829)",1829,gbif
Callipepla gambelii,Callipepla gambelii,"(Gambel, 1843)",1843,gbif
Callipepla squamata,Callipepla squamata,"(Vigors, 1830)",1830,gbif
Colinus cristatus,Colinus cristatus,"(Linnaeus, 1766)",1766,gbif
Colinus leucopogon,Colinus leucopogon,"(R.Lesson, 1842)",1842,gbif
Colinus nigrogularis,Colinus nigrogularis,"(Gould, 1843)",1843,gbif
Colinus virginianus,Colinus virginianus,"(Linnaeus, 1758)",1758,gbif
Cyrtonyx montezumae,Cyrtonyx montezumae,"(Vigors, 1830)",1830,gbif
Cyrtonyx ocellatus,Cyrtonyx ocellatus,"(Gould, 1837)",1837,gbif
Cyrtonyx sallei,Cyrtonyx sallei,"J.Verreaux, 1859",1859,gbif
Dactylortyx thoracicus,Dactylortyx thoracicus,"(Gambel, 1848)",1848,gbif
Dendrortyx barbatus,Dendrortyx barbatus,"Gould, 1846",1846,gbif
Dendrortyx leucophrys,Dendrortyx leucophrys,"(Gould, 1844)",1844,gbif
Dendrortyx macroura,Dendrortyx macroura,"(Jardine & Selby, 1828)",1828,gbif
Odontophorus atrifrons,Odontophorus atrifrons,"J.A.Allen, 1900",1900,gbif
Odontophorus balliviani,Odontophorus balliviani,"Gould, 1846",1846,gbif
Odontophorus capueira,Odontophorus capueira,"(Spix, 1825)",1825,gbif
Odontophorus columbianus,Odontophorus columbianus,"Gould, 1850",1850,gbif
Odontophorus dialeucos,Odontophorus dialeucos,"Wetmore, 1963",1963,gbif
Odontophorus erythrops,Odontophorus erythrops,"Gould, 1859",1859,gbif
Odontophorus gujanensis,Odontophorus gujanensis,"(J.F.Gmelin, 1789)",1789,gbif
Odontophorus guttatus,Odontophorus guttatus,"(Gould, 1838)",1838,gbif
Odontophorus hyperythrus,Odontophorus hyperythrus,"Gould, 1858",1858,gbif
Odontophorus leucolaemus,Odontophorus leucolaemus,"Salvin, 1867",1867,gbif
Odontophorus melanonotus,Odontophorus melanonotus,"Gould, 1861",1861,gbif
Odontophorus melanotis,Odontophorus melanotis,"Salvin, 1865",1865,gbif
Odontophorus speciosus,Odontophorus speciosus,"Tschudi, 1843",1843,gbif
Odontophorus stellatus,Odontophorus stellatus,"(Gould, 1843)",1843,gbif
Odontophorus strophium,Odontophorus strophium,"(Gould, 1844)",1844,gbif
Oreortyx pictus,Oreortyx pictus,"(Douglas, 1829)",1829,gbif
Philortyx fasciatus,Philortyx fasciatus,"(Gould, 1844)",1844,gbif
Ptilopachus nahani,Ptilopachus nahani,"(A.J.C.Dubois, 1905)",1905,gbif
Ptilopachus petrosus,Ptilopachus petrosus,"(J.F.Gmelin, 1789)",1789,gbif
Rhynchortyx cinctus,Rhynchortyx cinctus,"(Salvin, 1876)",1876,gbif
Afropavo congensis,Afropavo congensis,"Chapin, 1936",1936,gbif
Alectoris barbara,Alectoris barbara,"(Bonnaterre, 1790)",1790,gbif
Alectoris chukar,Alectoris chukar,"(J.E.Gray, 1830)",1830,gbif
Alectoris graeca,Alectoris graeca,"(Meisner, 1804)",1804,gbif
Alectoris magna,Alectoris magna,"(Przewalski, 1876)",1876,gbif
Alectoris melanocephala,Alectoris melanocephala,"(Rüppell, 1835)",1835,gbif
Alectoris philbyi,Alectoris philbyi,"Lowe, 1934",1934,gbif
Alectoris rufa,Alectoris rufa,"(Linnaeus, 1758)",1758,gbif
Ammoperdix griseogularis,Ammoperdix griseogularis,"(J.F.Brandt, 1843)",1843,gbif
Ammoperdix heyi,Ammoperdix heyi,"(Temminck, 1825)",1825,gbif
Anurophasis monorthonyx,Anurophasis monorthonyx,"van Oort, 1910",1910,gbif
Arborophila ardens,Arborophila ardens,"(Styan, 1892)",1892,gbif
Arborophila atrogularis,Arborophila atrogularis,"(Blyth, 1849)",1849,gbif
Arborophila brunneopectus,Arborophila brunneopectus,"(Blyth, 1855)",1855,gbif
Arborophila cambodiana,Arborophila cambodiana,"Delacour & Jabouille, 1928",1928,gbif
Arborophila campbelli,Arborophila campbelli,"(Robinson, 1904)",1904,gbif
Arborophila charltonii,Arborophila charltonii,"(Eyton, 1845)",1845,col
Arborophila chloropus,Arborophila chloropus,"(Blyth, 1859)",1859,gbif
Arborophila crudigularis,Arborophila crudigularis,"(Swinhoe, 1864)",1864,gbif
Arborophila davidi,Arborophila davidi,"Delacour, 1927",1927,gbif
Arborophila gingica,Arborophila gingica,"(J.F.Gmelin, 1789)",1789,gbif
Arborophila graydoni,Arborophila graydoni,"(Sharpe & C.Chubb, 1906)",1906,gbif
Arborophila hyperythra,Arborophila hyperythra,"(Sharpe, 1879)",1879,gbif
Arborophila javanica,Arborophila javanica,"(J.F.Gmelin, 1789)",1789,gbif
Arborophila mandellii,Arborophila mandellii,"Hume, 1874",1874,gbif
Arborophila orientalis,Arborophila orientalis,"(Horsfield, 1821)",1821,gbif
Arborophila rolli,Arborophila rolli,"(Rothschild, 1909)",1909,gbif
Arborophila rubrirostris,Arborophila rubrirostris,"(Salvadori, 1879)",1879,gbif
Arborophila rufipectus,Arborophila rufipectus,"Boulton, 1932",1932,gbif
Arborophila rufogularis,Arborophila rufogularis,"(Blyth, 1849)",1849,gbif
Arborophila sumatrana,Arborophila sumatrana,"Ogilvie-Grant, 1891",1891,gbif
Arborophila tonkinensis,Arborophila tonkinensis,"(Delacour, 1927)",1927,gbif
Arborophila torqueola,Arborophila torqueola,"(Valenciennes, 1825)",1825,gbif
Argusianus argus,Argusianus argus,"(Linnaeus, 1766)",1766,gbif
Bambusicola fytchii,Bambusicola fytchii,"Anderson, 1871",1871,gbif
Bambusicola sonorivox,Bambusicola sonorivox,"Gould, 1863",1863,gbif
Bambusicola thoracicus,Bambusicola thoracicus,"(Temminck, 1815)",1815,gbif
Bonasa bonasia,Bonasa bonasia,"(Linnaeus, 1758)",1758,gbif
Bonasa sewerzowi,Bonasa sewerzowi,"(Przewalski, 1876)",1876,gbif
Bonasa umbellus,Bonasa umbellus,"(Linnaeus, 1766)",1766,gbif
Caloperdix oculeus,Caloperdix oculeus,"(Temminck, 1815)",1815,gbif
Catreus wallichii,Catreus wallichii,"(Hardwicke, 1827)",1827,gbif
Centrocercus minimus,Centrocercus minimus,"Young, C.Braun, Oyler-McCance, Hupp & Quinn, 2000",2000,gbif
Centrocercus urophasianus,Centrocercus urophasianus,"(Bonaparte, 1827)",1827,gbif
Chrysolophus amherstiae,Chrysolophus amherstiae,"(Leadbeater, 1829)",1829,gbif
Chrysolophus pictus,Chrysolophus pictus,"(Linnaeus, 1758)",1758,gbif
Coturnix coromandelica,Coturnix coromandelica,"(J.F.Gmelin, 1789)",1789,gbif
Coturnix coturnix,Coturnix coturnix,"(Linnaeus, 1758)",1758,gbif
Coturnix delegorguei,Coturnix delegorguei,"Delegorgue, 1847",1847,gbif
Coturnix japonica,Coturnix japonica,"Temminck & Schlegel, 1848",1848,gbif
Coturnix pectoralis,Coturnix pectoralis,"Gould, 1837",1837,gbif
Crossoptilon auritum,Crossoptilon auritum,"(Pallas, 1811)",1811,gbif
Crossoptilon crossoptilon,Crossoptilon crossoptilon,"(Hodgson, 1838)",1838,gbif
Crossoptilon harmani,Crossoptilon harmani,"Elwes, 1881",1881,gbif
Crossoptilon mantchuricum,Crossoptilon mantchuricum,"Swinhoe, 1863",1863,gbif
Dendragapus fuliginosus,Dendragapus fuliginosus,"(Ridgway, 1873)",1873,gbif
Dendragapus obscurus,Dendragapus obscurus,"(Say, 1822)",1822,gbif
Dendroperdix sephaena,Dendroperdix sephaena,"(A.Smith, 1836)",1836,gbif
Falcipennis canadensis,Falcipennis canadensis,"(Linnaeus, 1758)",1758,gbif
Falcipennis falcipennis,Falcipennis falcipennis,"(Hartlaub, 1855)",1855,gbif
Falcipennis franklinii,Falcipennis franklinii,"(Douglas, 1829)",1829,gbif
Francolinus francolinus,Francolinus francolinus,"(Linnaeus, 1766)",1766,gbif
Francolinus gularis,Francolinus gularis,"(Temminck, 1815)",1815,gbif
Francolinus pictus,Francolinus pictus,"(Jardine & Selby, 1828)",1828,gbif
Francolinus pintadeanus,Francolinus pintadeanus,"(Scopoli, 1786)",1786,gbif
Francolinus pondicerianus,Francolinus pondicerianus,"(J.F.Gmelin, 1789)",1789,gbif
Galloperdix bicalcarata,Galloperdix bicalcarata,"(J.R.Forster, 1781)",1781,gbif
Galloperdix lunulata,Galloperdix lunulata,"(Valenciennes, 1825)",1825,gbif
Galloperdix spadicea,Galloperdix spadicea,"(J.F.Gmelin, 1789)",1789,gbif
Gallus gallus,Gallus gallus,"(Linnaeus, 1758)",1758,gbif
Gallus lafayettii,Gallus lafayettii,"R.Lesson, 1831",1831,gbif
Gallus sonneratii,Gallus sonneratii,"Temminck, 1813",1813,gbif
Gallus varius,Gallus varius,"(Shaw, 1798)",1798,gbif
Haematortyx sanguiniceps,Haematortyx sanguiniceps,"Sharpe, 1879",1879,gbif
Ithaginis cruentus,Ithaginis cruentus,"(Hardwicke, 1821)",1821,gbif
Lagopus lagopus,Lagopus lagopus,"(Linnaeus, 1758)",1758,gbif
Lagopus leucura,Lagopus leucura,"(Richardson, 1831)",1831,gbif
Lagopus muta,Lagopus muta,"(Montin, 1781)",1781,gbif
Lerwa lerwa,Lerwa lerwa,"(Hodgson, 1833)",1833,gbif
Lophophorus impejanus,Lophophorus impejanus,"(Latham, 1790)",1790,gbif
Lophophorus lhuysii,Lophophorus lhuysii,"Geoffroy Saint-A.Hilaire, 1866",1866,gbif
Lophophorus sclateri,Lophophorus sclateri,"Jerdon, 1870",1870,gbif
Lophura bulweri,Lophura bulweri,"(Sharpe, 1874)",1874,gbif
Lophura diardi,Lophura diardi,"(Bonaparte, 1856)",1856,gbif
Lophura edwardsi,Lophura edwardsi,"(Oustalet, 1896)",1896,gbif
Lophura erythrophthalma,Lophura erythrophthalma,"(Raffles, 1822)",1822,gbif
Lophura ignita,Lophura ignita,"(Shaw, 1798)",1798,gbif
Lophura inornata,Lophura inornata,"(Salvadori, 1879)",1879,gbif
Lophura leucomelanos,Lophura leucomelanos,"(Latham, 1790)",1790,gbif
Lophura nycthemera,Lophura nycthemera,"(Linnaeus, 1758)",1758,gbif
Lophura pyronota,Lophura pyronota,"(G.R.Gray, 1841)",1841,gbif
Lophura rufa,Lophura rufa,"(Raffles, 1822)",1822,gbif
Lophura swinhoii,Lophura swinhoii,"(Gould, 1863)",1863,gbif
Lyrurus mlokosiewiczi,Lyrurus mlokosiewiczi,"(Taczanowski, 1875)",1875,gbif
Lyrurus tetrix,Lyrurus tetrix,"(Linnaeus, 1758)",1758,gbif
Margaroperdix madagarensis,Margaroperdix madagarensis,"(Scopoli, 1786)",1786,gbif
Melanoperdix niger,Melanoperdix niger,"(Vigors, 1829)",1829,gbif
Meleagris gallopavo,Meleagris gallopavo,"Linnaeus, 1758",1758,gbif
Meleagris ocellata,Meleagris ocellata,"Cuvier, 1820",1820,gbif
Ophrysia superciliosa,Ophrysia superciliosa,"(J.E.Gray, 1846)",1846,gbif
Pavo cristatus,Pavo cristatus,"Linnaeus, 1758",1758,gbif
Pavo muticus,Pavo muticus,"Linnaeus, 1766",1766,gbif
Peliperdix albogularis,Peliperdix albogularis,"(Hartlaub, 1854)",1854,gbif
Peliperdix coqui,Peliperdix coqui,"(A.Smith, 1836)",1836,gbif
Peliperdix lathami,Peliperdix lathami,"(Hartlaub, 1854)",1854,gbif
Peliperdix schlegelii,Peliperdix schlegelii,"(Heuglin, 1863)",1863,gbif
Perdicula argoondah,Perdicula argoondah,"(Sykes, 1832)",1832,gbif
Perdicula asiatica,Perdicula asiatica,"(Latham, 1790)",1790,gbif
Perdicula erythrorhyncha,Perdicula erythrorhyncha,"(Sykes, 1832)",1832,gbif
Perdicula manipurensis,Perdicula manipurensis,"Hume, 1881",1881,gbif
Perdix dauurica,Perdix dauurica,"(Pallas, 1811)",1811,gbif
Perdix hodgsoniae,Perdix hodgsoniae,"(Hodgson, 1856)",1856,gbif
Perdix perdix,Perdix perdix,"(Linnaeus, 1758)",1758,gbif
Phasianus colchicus,Phasianus colchicus,"Linnaeus, 1758",1758,gbif
Phasianus versicolor,Phasianus versicolor,"Vieillot, 1825",1825,gbif
Polyplectron bicalcaratum,Polyplectron bicalcaratum,"(Linnaeus, 1758)",1758,gbif
Polyplectron chalcurum,Polyplectron chalcurum,"R.Lesson, 1831",1831,gbif
Polyplectron germaini,Polyplectron germaini,"D.G.Elliot, 1866",1866,gbif
Polyplectron inopinatum,Polyplectron inopinatum,"(Rothschild, 1903)",1903,gbif
Polyplectron katsumatae,Polyplectron katsumatae,"Rothschild, 1906",1906,gbif
Polyplectron malacense,Polyplectron malacense,"(Scopoli, 1786)",1786,gbif
Polyplectron napoleonis,Polyplectron napoleonis,"R.Lesson, 1831",1831,gbif
Polyplectron schleiermacheri,Polyplectron schleiermacheri,"Brüggemann, 1877",1877,gbif
Pternistis adspersus,Pternistis adspersus,"(Waterhouse, 1838)",1838,gbif
Pternistis afer,Pternistis afer,"(P.L.S.Müller, 1776)",1776,gbif
Pternistis ahantensis,Pternistis ahantensis,"(Temminck, 1854)",1854,gbif
Pternistis atrifrons,Pternistis atrifrons,"(Conover, 1930)",1930,gbif
Pternistis bicalcaratus,Pternistis bicalcaratus,"(Linnaeus, 1766)",1766,gbif
Pternistis camerunensis,Pternistis camerunensis,"(Alexander, 1909)",1909,gbif
Pternistis capensis,Pternistis capensis,"(J.F.Gmelin, 1789)",1789,gbif
Pternistis castaneicollis,Pternistis castaneicollis,"(Salvadori, 1888)",1888,gbif
Pternistis clappertoni,Pternistis clappertoni,"(Children & Vigors, 1826)",1826,gbif
Pternistis erckelii,Pternistis erckelii,"(Rüppell, 1835)",1835,gbif
Pternistis griseostriatus,Pternistis griseostriatus,"(Ogilvie-Grant, 1890)",1890,gbif
Pternistis hartlaubi,Pternistis hartlaubi,"(Barboza du Bocage, 1869)",1869,gbif
Pternistis harwoodi,Pternistis harwoodi,"(Blundell & Lovat, 1899)",1899,gbif
Pternistis hildebrandti,Pternistis hildebrandti,"(Cabanis, 1878)",1878,gbif
Pternistis icterorhynchus,Pternistis icterorhynchus,"(Heuglin, 1863)",1863,gbif
Pternistis jacksoni,Pternistis jacksoni,"(Ogilvie-Grant, 1891)",1891,gbif
Pternistis leucoscepus,Pternistis leucoscepus,"(G.R.Gray, 1867)",1867,gbif
Pternistis natalensis,Pternistis natalensis,"(A.Smith, 1833)",1833,gbif
Pternistis nobilis,Pternistis nobilis,"(Reichenow, 1908)",1908,gbif
Pternistis ochropectus,Pternistis ochropectus,"(Dorst & Jouanin, 1952)",1952,gbif
Pternistis rufopictus,Pternistis rufopictus,"Reichenow, 1887",1887,gbif
Pternistis squamatus,Pternistis squamatus,"(Cassin, 1857)",1857,gbif
Pternistis swainsonii,Pternistis swainsonii,"(A.Smith, 1836)",1836,gbif
Pternistis swierstrai,Pternistis swierstrai,"(Roberts, 1929)",1929,gbif
Pucrasia macrolopha,Pucrasia macrolopha,"(R.Lesson, 1829)",1829,gbif
Rheinardia ocellata,Rheinardia ocellata,"(D.G.Elliot, 1871)",1871,gbif
Rhizothera dulitensis,Rhizothera dulitensis,"Ogilvie-Grant, 1895",1895,gbif
Rhizothera longirostris,Rhizothera longirostris,"(Temminck, 1815)",1815,gbif
Rollulus rouloul,Rollulus rouloul,"(Scopoli, 1786)",1786,gbif
Scleroptila afra,Scleroptila afra,"(Latham, 1790)",1790,gbif
Scleroptila elgonensis,Scleroptila elgonensis,"(Ogilvie-Grant, 1891)",1891,gbif
Scleroptila finschi,Scleroptila finschi,"(Barboza du Bocage, 1881)",1881,gbif
Scleroptila gutturalis,Scleroptila gutturalis,"(Rüppell, 1835)",1835,gbif
Scleroptila levaillantii,Scleroptila levaillantii,"(Valenciennes, 1825)",1825,gbif
Scleroptila psilolaema,Scleroptila psilolaema,"(G.R.Gray, 1867)",1867,gbif
Scleroptila shelleyi,Scleroptila shelleyi,"(Ogilvie-Grant, 1890)",1890,gbif
Scleroptila streptophora,Scleroptila streptophora,"(Ogilvie-Grant, 1891)",1891,gbif
Scleroptila whytei,Scleroptila whytei,"(Neumann, 1908)",1908,gbif
Synoicus adansonii,Synoicus adansonii,"(J.Verreaux & É.Verreaux, 1851)",1851,gbif
Synoicus chinensis,Synoicus chinensis,"(Linnaeus, 1766)",1766,gbif
Synoicus ypsilophorus,Synoicus ypsilophorus,"(Bosc, 1792)",1792,gbif
Syrmaticus ellioti,Syrmaticus ellioti,"(Swinhoe, 1872)",1872,gbif
Syrmaticus humiae,Syrmaticus humiae,"(Hume, 1881)",1881,gbif
Syrmaticus mikado,Syrmaticus mikado,"(Ogilvie-Grant, 1906)",1906,gbif
Syrmaticus reevesii,Syrmaticus reevesii,"(J.E.Gray, 1829)",1829,gbif
Syrmaticus soemmerringii,Syrmaticus soemmerringii,"(Temminck, 1830)",1830,gbif
Tetrao urogalloides,Tetrao urogalloides,"Middendorff, 1853",1853,gbif
Tetrao urogallus,Tetrao urogallus,"Linnaeus, 1758",1758,gbif
Tetraogallus altaicus,Tetraogallus altaicus,"(Gebler, 1836)",1836,gbif
Tetraogallus caspius,Tetraogallus caspius,"(S.G.Gmelin, 1784)",1784,gbif
Tetraogallus caucasicus,Tetraogallus caucasicus,"(Pallas, 1811)",1811,gbif
Tetraogallus himalayensis,Tetraogallus himalayensis,"G.R.Gray, 1843",1843,gbif
Tetraogallus tibetanus,Tetraogallus tibetanus,"Gould, 1854",1854,gbif
Tetraophasis obscurus,Tetraophasis obscurus,"(J.Verreaux, 1869)",1869,gbif
Tetraophasis szechenyii,Tetraophasis szechenyii,"Madarász, 1885",1885,gbif
Tragopan blythii,Tragopan blythii,"(Jerdon, 1870)",1870,gbif
Tragopan caboti,Tragopan caboti,"(Gould, 1857)",1857,gbif
Tragopan melanocephalus,Tragopan melanocephalus,"(J.E.Gray, 1829)",1829,gbif
Tragopan satyra,Tragopan satyra,"(Linnaeus, 1758)",1758,gbif
Tragopan temminckii,Tragopan temminckii,"(J.E.Gray, 1831)",1831,gbif
Tympanuchus cupido,Tympanuchus cupido,"(Linnaeus, 1758)",1758,gbif
Tympanuchus pallidicinctus,Tympanuchus pallidicinctus,"(Ridgway, 1873)",1873,gbif
Tympanuchus phasianellus,Tympanuchus phasianellus,"(Linnaeus, 1758)",1758,gbif
Xenoperdix udzungwensis,Xenoperdix udzungwensis,"Dinesen, Lehmberg, Svendsen, Hansen & Fjeldså, 1994",1994,gbif
Gavia adamsii,Gavia adamsii,"(G.R.Gray, 1859)",1859,gbif
Gavia arctica,Gavia arctica,"(Linnaeus, 1758)",1758,gbif
Gavia immer,Gavia immer,"(Brunnich, 1764)",1764,gbif
Gavia pacifica,Gavia pacifica,"(Lawrence, 1858)",1858,gbif
Gavia stellata,Gavia stellata,"(Pontoppidan, 1763)",1763,gbif
Aramus guarauna,Aramus guarauna,"(Linnaeus, 1766)",1766,gbif
Anthropoides paradiseus,Anthropoides paradiseus,"(A.A.H.Lichtenstein, 1793)",1793,gbif
Anthropoides virgo,Anthropoides virgo,"(Linnaeus, 1758)",1758,gbif
Antigone antigone,Antigone antigone,"(Linnaeus, 1758)",1758,gbif
Antigone canadensis,Antigone canadensis,"(Linnaeus, 1758)",1758,gbif
Antigone rubicunda,Antigone rubicunda,"(Perry, 1810)",1810,gbif
Antigone vipio,Antigone vipio,"(Pallas, 1811)",1811,gbif
Balearica pavonina,Balearica pavonina,"(Linnaeus, 1758)",1758,gbif
Balearica regulorum,Balearica regulorum,"(E.T.Bennett, 1834)",1834,gbif
Bugeranus carunculatus,Bugeranus carunculatus,"(Gmelin, 1789)",1789,gbif
Grus americana,Grus americana,"(Linnaeus, 1758)",1758,gbif
Grus grus,Grus grus,"(Linnaeus, 1758)",1758,gbif
Grus japonensis,Grus japonensis,"(Statius Muller, 1776)",1776,gbif
Grus monacha,Grus monacha,"Temminck, 1835",1835,gbif
Grus nigricollis,Grus nigricollis,"Prjevalsky, 1876",1876,gbif
Leucogeranus leucogeranus,Leucogeranus leucogeranus,"(Pallas, 1773)",1773,gbif
Heliopais personatus,Heliopais personatus,"(G.R.Gray, 1849)",1849,gbif
Heliornis fulica,Heliornis fulica,"(Boddaert, 1783)",1783,gbif
Podica senegalensis,Podica senegalensis,"(Vieillot, 1817)",1817,gbif
Psophia crepitans,Psophia crepitans,"Linnaeus, 1758",1758,gbif
Psophia dextralis,Psophia dextralis,"Conover, 1934",1934,gbif
Psophia leucoptera,Psophia leucoptera,"Spix, 1825",1825,gbif
Psophia obscura,Psophia obscura,"Pelzeln, 1857",1857,gbif
Psophia ochroptera,Psophia ochroptera,"Pelzeln, 1857",1857,gbif
Psophia viridis,Psophia viridis,"Spix, 1825",1825,gbif
Amaurolimnas concolor,Amaurolimnas concolor,"(Gosse, 1847)",1847,gbif
Amaurornis cinerea,Amaurornis cinerea,"(Vieillot, 1819)",1819,gbif
Amaurornis isabellina,Amaurornis isabellina,"(Schlegel, 1865)",1865,gbif
Amaurornis magnirostris,Amaurornis magnirostris,"Lambert, 1998",1998,gbif
Amaurornis marginalis,Amaurornis marginalis,"(Hartlaub, 1857)",1857,gbif
Amaurornis moluccana,Amaurornis moluccana,"(Wallace, 1865)",1865,col
Amaurornis olivacea,Amaurornis olivacea,"(Meyen, 1834)",1834,gbif
Amaurornis phoenicurus,Amaurornis phoenicurus,"(Pennant, 1769)",1769,gbif
Aramides albiventris,Aramides albiventris,"Lawrence, 1868",1868,gbif
Aramides axillaris,Aramides axillaris,"Lawrence, 1863",1863,gbif
Aramides cajaneus,Aramides cajaneus,"(P. L. S. Müller, 1776)",1776,col
Aramides calopterus,Aramides calopterus,"P.L.Sclater & Salvin, 1878",1878,gbif
Aramides mangle,Aramides mangle,"(Spix, 1825)",1825,gbif
Aramides saracura,Aramides saracura,"(Spix, 1825)",1825,gbif
Aramides wolfi,Aramides wolfi,"Berlepsch & Taczanowski, 1884",1884,gbif
Aramides ypecaha,Aramides ypecaha,"(Vieillot, 1819)",1819,gbif
Aramidopsis plateni,Aramidopsis plateni,"(W.Blasius, 1886)",1886,gbif
Canirallus oculeus,Canirallus oculeus,"(Hartlaub, 1855)",1855,gbif
Coturnicops exquisitus,Coturnicops exquisitus,"(Swinhoe, 1873)",1873,gbif
Coturnicops notatus,Coturnicops notatus,"(Gould, 1841)",1841,gbif
Coturnicops noveboracensis,Coturnicops noveboracensis,"(Gmelin, 1789)",1789,gbif
Crex crex,Crex crex,"(Linnaeus, 1758)",1758,gbif
Crex egregia,Crex egregia,"(W.Peters, 1854)",1854,gbif
Cyanolimnas cerverai,Cyanolimnas cerverai,"Barbour & J.L.Peters, 1927",1927,gbif
Dryolimnas cuvieri,Dryolimnas cuvieri,"(Pucheran, 1845)",1845,gbif
Eulabeornis castaneoventris,Eulabeornis castaneoventris,"Gould, 1844",1844,gbif
Fulica alai,Fulica alai,"Peale, 1848",1848,gbif
Fulica americana,Fulica americana,"Gmelin, 1789",1789,gbif
Fulica ardesiaca,Fulica ardesiaca,"Tschudi, 1843",1843,gbif
Fulica armillata,Fulica armillata,"Vieillot, 1817",1817,gbif
Fulica atra,Fulica atra,"Linnaeus, 1758",1758,gbif
Fulica cornuta,Fulica cornuta,"Bonaparte, 1853",1853,gbif
Fulica cristata,Fulica cristata,"Gmelin, 1789",1789,gbif
Fulica gigantea,Fulica gigantea,"Eydoux & Souleyet, 1841",1841,gbif
Fulica leucoptera,Fulica leucoptera,"Vieillot, 1817",1817,gbif
Fulica rufifrons,Fulica rufifrons,"Philippi & Landbeck, 1861",1861,gbif
Gallicrex cinerea,Gallicrex cinerea,"(Gmelin, 1789)",1789,gbif
Gallinula chloropus,Gallinula chloropus,"(Linnaeus, 1758)",1758,gbif
Gallinula comeri,Gallinula comeri,"(J.A.Allen, 1892)",1892,gbif
Gallinula galeata,Gallinula galeata,"(Lichtenstein & Mhc, 1818)",1818,gbif
Gallinula tenebrosa,Gallinula tenebrosa,"Gould, 1846",1846,gbif
Gallirallus australis,Gallirallus australis,"(Sparrman, 1786)",1786,gbif
Gallirallus calayanensis,Gallirallus calayanensis,"D.Allen, C.Oliveros, C.Espanola G.Broad & J.C.T.Gonzalez, 2004",2004,gbif
Gymnocrex plumbeiventris,Gymnocrex plumbeiventris,"(G.R.Gray, 1862)",1862,gbif
Gymnocrex rosenbergii,Gymnocrex rosenbergii,"(Schlegel, 1866)",1866,gbif
Gymnocrex talaudensis,Gymnocrex talaudensis,"Lambert, 1998",1998,gbif
Habroptila wallacii,Habroptila wallacii,"G.R.Gray, 1861",1861,gbif
Himantornis haematopus,Himantornis haematopus,"Hartlaub, 1855",1855,gbif
Hypotaenidia immaculata,Hypotaenidia immaculata,"(Mayr, 1949)",1949,gbif
Hypotaenidia insignis,Hypotaenidia insignis,"(P.L.Sclater, 1880)",1880,gbif
Hypotaenidia okinawae,Hypotaenidia okinawae,"(Yamashina & Mano, 1981)",1981,gbif
Hypotaenidia owstoni,Hypotaenidia owstoni,"Rothschild, 1895",1895,gbif
Hypotaenidia philippensis,Hypotaenidia philippensis,"(Linnaeus, 1766)",1766,gbif
Hypotaenidia rovianae,Hypotaenidia rovianae,"(Diamond, 1991)",1991,gbif
Hypotaenidia sylvestris,Hypotaenidia sylvestris,"(P.L.Sclater, 1870)",1870,gbif
Hypotaenidia tertia,Hypotaenidia tertia,"(Mayr, 1949)",1949,gbif
Hypotaenidia torquata,Hypotaenidia torquata,"(Linnaeus, 1766)",1766,gbif
Hypotaenidia woodfordi,Hypotaenidia woodfordi,"(Ogilvie-Grant, 1889)",1889,gbif
Laterallus albigularis,Laterallus albigularis,"(Lawrence, 1861)",1861,gbif
Laterallus exilis,Laterallus exilis,"(Temminck, 1831)",1831,gbif
Laterallus flaviventer,Laterallus flaviventer,"(Boddaert, 1783)",1783,gbif
Laterallus jamaicensis,Laterallus jamaicensis,"(Gmelin, 1789)",1789,gbif
Laterallus leucopyrrhus,Laterallus leucopyrrhus,"(Vieillot, 1819)",1819,gbif
Laterallus levraudi,Laterallus levraudi,"(P.L.Sclater & Salvin, 1869)",1869,gbif
Laterallus melanophaius,Laterallus melanophaius,"(Vieillot, 1819)",1819,gbif
Laterallus rogersi,Laterallus rogersi,"(Lowe, 1923)",1923,gbif
Laterallus ruber,Laterallus ruber,"(P.L.Sclater & Salvin, 1860)",1860,gbif
Laterallus spilonota,Laterallus spilonota,"(Gould, 1841)",1841,col
Laterallus spilopterus,Laterallus spilopterus,"(Durnford, 1877)",1877,col
Laterallus tuerosi,Laterallus tuerosi,"Fjeldså, 1983",1983,gbif
Laterallus xenopterus,Laterallus xenopterus,"Conover, 1934",1934,gbif
Lewinia mirifica,Lewinia mirifica,"(Parkes & Amadon, 1959)",1959,gbif
Lewinia muelleri,Lewinia muelleri,"(Rothschild, 1893)",1893,gbif
Lewinia pectoralis,Lewinia pectoralis,"(Temminck, 1831)",1831,gbif
Lewinia striata,Lewinia striata,"(Linnaeus, 1766)",1766,gbif
Megacrex inepta,Megacrex inepta,"Albertis & Salvadori, 1879",1879,gbif
Mentocrex beankaensis,Mentocrex beankaensis,"Goodman, Raherilalao & Block, 2011",2011,gbif
Mentocrex kioloides,Mentocrex kioloides,"(Pucheran, 1845)",1845,gbif
Micropygia schomburgkii,Micropygia schomburgkii,"(Cabanis, 1848)",1848,gbif
Neocrex colombiana,Neocrex colombiana,"Bangs, 1898",1898,gbif
Neocrex erythrops,Neocrex erythrops,"(P.L.Sclater, 1867)",1867,gbif
Paragallinula angulata,Paragallinula angulata,"(Sundevall, 1850)",1850,gbif
Pardirallus maculatus,Pardirallus maculatus,"(Boddaert, 1783)",1783,gbif
Pardirallus nigricans,Pardirallus nigricans,"(Vieillot, 1819)",1819,gbif
Pardirallus sanguinolentus,Pardirallus sanguinolentus,"(Swainson, 1838)",1838,gbif
Pareudiastes pacificus,Pareudiastes pacificus,"Hartlaub & Finsch, 1871",1871,gbif
Pareudiastes silvestris,Pareudiastes silvestris,"(Mayr, 1933)",1933,gbif
Porphyrio alleni,Porphyrio alleni,"Thomson, 1842",1842,gbif
Porphyrio flavirostris,Porphyrio flavirostris,"(Gmelin, 1789)",1789,gbif
Porphyrio hochstetteri,Porphyrio hochstetteri,"(A.B.Meyer, 1883)",1883,gbif
Porphyrio martinicus,Porphyrio martinicus,"(Linnaeus, 1766)",1766,col
Porphyrio porphyrio,Porphyrio porphyrio,"(Linnaeus, 1758)",1758,gbif
Porphyriops melanops,Porphyriops melanops,"(Vieillot, 1819)",1819,gbif
Porzana albicollis,Porzana albicollis,"(Vieillot, 1819)",1819,gbif
Porzana carolina,Porzana carolina,"(Linnaeus, 1758)",1758,gbif
Porzana fasciata,Porzana fasciata,"Sclater & Salvin, 1868",1868,gbif
Porzana fluminea,Porzana fluminea,"Gould, 1843",1843,gbif
Porzana porzana,Porzana porzana,"(Linnaeus, 1766)",1766,gbif
Rallicula forbesi,Rallicula forbesi,"Sharpe, 1887",1887,gbif
Rallicula leucospila,Rallicula leucospila,"(Salvadori, 1876)",1876,gbif
Rallicula mayri,Rallicula mayri,"Hartert, 1930",1930,gbif
Rallicula rubra,Rallicula rubra,"Schlegel, 1871",1871,gbif
Rallina canningi,Rallina canningi,"(Blyth, 1863)",1863,gbif
Rallina eurizonoides,Rallina eurizonoides,"(Lafresnaye, 1845)",1845,gbif
Rallina fasciata,Rallina fasciata,"(Raffles, 1822)",1822,gbif
Rallina tricolor,Rallina tricolor,"G.R.Gray, 1858",1858,gbif
Rallus antarcticus,Rallus antarcticus,"King, 1828",1828,gbif
Rallus aquaticus,Rallus aquaticus,"Linnaeus, 1758",1758,gbif
Rallus caerulescens,Rallus caerulescens,"Gmelin, 1789",1789,gbif
Rallus crepitans,Rallus crepitans,"J.F.Gmelin, 1789",1789,gbif
Rallus elegans,Rallus elegans,"Audubon, 1834",1834,gbif
Rallus indicus,Rallus indicus,"Blyth, 1849",1849,gbif
Rallus limicola,Rallus limicola,"Vieillot, 1819",1819,gbif
Rallus longirostris,Rallus longirostris,"Boddaert, 1783",1783,gbif
Rallus madagascariensis,Rallus madagascariensis,"J.Verreaux, 1833",1833,gbif
Rallus obsoletus,Rallus obsoletus,"Ridgway, 1874",1874,gbif
Rallus semiplumbeus,Rallus semiplumbeus,"P.L.Sclater, 1856",1856,gbif
Rallus tenuirostris,Rallus tenuirostris,"Ridgway, 1874",1874,gbif
Rallus wetmorei,Rallus wetmorei,"Zimmer & Phelps, 1944",1944,gbif
Rougetius rougetii,Rougetius rougetii,"(Guerin-Meneville, 1843)",1843,gbif
Rufirallus castaneiceps,Rufirallus castaneiceps,"(P.L.Sclater & Salvin, 1869)",1869,gbif
Rufirallus viridis,Rufirallus viridis,"(Müller & Pls, 1776)",1776,gbif
Sarothrura affinis,Sarothrura affinis,"(A.Smith, 1828)",1828,gbif
Sarothrura ayresi,Sarothrura ayresi,"(Gurney, 1877)",1877,gbif
Sarothrura boehmi,Sarothrura boehmi,"Reichenow, 1900",1900,gbif
Sarothrura elegans,Sarothrura elegans,"(A.Smith, 1839)",1839,gbif
Sarothrura insularis,Sarothrura insularis,"(Sharpe, 1870)",1870,gbif
Sarothrura lugens,Sarothrura lugens,"(Bohm, 1884)",1884,gbif
Sarothrura pulchra,Sarothrura pulchra,"(J.E.Gray, 1829)",1829,gbif
Sarothrura rufa,Sarothrura rufa,"(Vieillot, 1819)",1819,gbif
Sarothrura watersi,Sarothrura watersi,"(Bartlett, 1880)",1880,gbif
Tribonyx mortierii,Tribonyx mortierii,"Du Bus de Gisignies, 1840",1840,gbif
Tribonyx ventralis,Tribonyx ventralis,"(Gould, 1837)",1837,gbif
Zapornia akool,Zapornia akool,"(Sykes, 1832)",1832,gbif
Zapornia atra,Zapornia atra,"(North, 1908)",1908,gbif
Zapornia bicolor,Zapornia bicolor,"(Walden, 1872)",1872,gbif
Zapornia flavirostra,Zapornia flavirostra,"(Swainson, 1837)",1837,gbif
Zapornia fusca,Zapornia fusca,"(Linnaeus, 1766)",1766,gbif
Zapornia olivieri,Zapornia olivieri,"(G.Grandidier & Berlioz, 1929)",1929,gbif
Zapornia parva,Zapornia parva,"(Scopoli, 1769)",1769,gbif
Zapornia paykullii,Zapornia paykullii,"(Ljungh, 1813)",1813,gbif
Zapornia pusilla,Zapornia pusilla,"(Pallas, 1776)",1776,gbif
Zapornia tabuensis,Zapornia tabuensis,"(J.F.Gmelin, 1789)",1789,gbif
Leptosomus discolor,Leptosomus discolor,"(Hermann, 1783)",1783,gbif
Mesitornis unicolor,Mesitornis unicolor,"(Des Murs, 1845)",1845,gbif
Mesitornis variegatus,Mesitornis variegatus,"(I.Geoffroy Saint-Hilaire, 1838)",1838,gbif
Monias benschi,Monias benschi,"Oustalet & G.Grandidier, 1903",1903,gbif
Corythaeola cristata,Corythaeola cristata,"(Vieillot, 1816)",1816,gbif
Corythaixoides concolor,Corythaixoides concolor,"(A.Smith, 1833)",1833,gbif
Corythaixoides leopoldi,Corythaixoides leopoldi,"(Shelley, 1881)",1881,gbif
Corythaixoides personatus,Corythaixoides personatus,"(Ruppell, 1842)",1842,gbif
Crinifer piscator,Crinifer piscator,"(Boddaert, 1783)",1783,gbif
Crinifer zonurus,Crinifer zonurus,"(Ruppell, 1835)",1835,gbif
Criniferoides leucogaster,Criniferoides leucogaster,"(Rüppell, 1842)",1842,gbif
Gallirex johnstoni,Gallirex johnstoni,"Sharpe, 1901",1901,gbif
Gallirex porphyreolophus,Gallirex porphyreolophus,"(Vigors, 1831)",1831,gbif
Musophaga rossae,Musophaga rossae,"Gould, 1852",1852,gbif
Musophaga violacea,Musophaga violacea,"Isert, 1788",1788,gbif
Tauraco bannermani,Tauraco bannermani,"(Bates, 1923)",1923,gbif
Tauraco corythaix,Tauraco corythaix,"(Wagler, 1827)",1827,gbif
Tauraco erythrolophus,Tauraco erythrolophus,"(Vieillot, 1819)",1819,gbif
Tauraco fischeri,Tauraco fischeri,"(Reichenow, 1878)",1878,gbif
Tauraco hartlaubi,Tauraco hartlaubi,"(Fischer & Reichenow, 1884)",1884,gbif
Tauraco leucolophus,Tauraco leucolophus,"(Heuglin, 1855)",1855,gbif
Tauraco leucotis,Tauraco leucotis,"(Ruppell, 1835)",1835,gbif
Tauraco livingstonii,Tauraco livingstonii,"(G.R.Gray, 1864)",1864,gbif
Tauraco macrorhynchus,Tauraco macrorhynchus,"(Fraser, 1839)",1839,gbif
Tauraco persa,Tauraco persa,"(Linnaeus, 1758)",1758,gbif
Tauraco ruspolii,Tauraco ruspolii,"(Salvadori, 1896)",1896,gbif
Tauraco schalowi,Tauraco schalowi,"(Reichenow, 1891)",1891,gbif
Tauraco schuettii,Tauraco schuettii,"(Cabanis, 1879)",1879,gbif
Opisthocomus hoazin,Opisthocomus hoazin,"(Statius Muller, 1776)",1776,gbif
Afrotis afra,Afrotis afra,"(Linnaeus, 1758)",1758,gbif
Afrotis afraoides,Afrotis afraoides,"(A.Smith, 1831)",1831,gbif
Ardeotis arabs,Ardeotis arabs,"(Linnaeus, 1758)",1758,gbif
Ardeotis australis,Ardeotis australis,"(J.E.Gray, 1829)",1829,gbif
Ardeotis kori,Ardeotis kori,"(Burchell, 1822)",1822,gbif
Ardeotis nigriceps,Ardeotis nigriceps,"(Vigors, 1831)",1831,gbif
Chlamydotis macqueenii,Chlamydotis macqueenii,"(J.E.Gray, 1832)",1832,gbif
Chlamydotis undulata,Chlamydotis undulata,"(Jacquin, 1784)",1784,gbif
Eupodotis caerulescens,Eupodotis caerulescens,"(Vieillot, 1820)",1820,gbif
Eupodotis senegalensis,Eupodotis senegalensis,"(Vieillot, 1820)",1820,gbif
Heterotetrax humilis,Heterotetrax humilis,"(Blyth, 1855)",1855,gbif
Heterotetrax rueppelii,Heterotetrax rueppelii,"(Wahlberg, 1856)",1856,gbif
Heterotetrax vigorsii,Heterotetrax vigorsii,"(A.Smith, 1831)",1831,gbif
Houbaropsis bengalensis,Houbaropsis bengalensis,"(Gmelin, 1789)",1789,gbif
Lissotis hartlaubii,Lissotis hartlaubii,"(Heuglin, 1863)",1863,gbif
Lissotis melanogaster,Lissotis melanogaster,"(Ruppell, 1835)",1835,gbif
Lophotis gindiana,Lophotis gindiana,"(Oustalet, 1881)",1881,gbif
Lophotis ruficrista,Lophotis ruficrista,"(A.Smith, 1836)",1836,gbif
Lophotis savilei,Lophotis savilei,"Lynes, 1920",1920,gbif
Neotis denhami,Neotis denhami,"(Children & Vigors, 1826)",1826,gbif
Neotis heuglinii,Neotis heuglinii,"(Hartlaub, 1859)",1859,gbif
Neotis ludwigii,Neotis ludwigii,"(Ruppell, 1837)",1837,gbif
Neotis nuba,Neotis nuba,"(Cretzschmar, 1826)",1826,gbif
Otis tarda,Otis tarda,"Linnaeus, 1758",1758,gbif
Sypheotides indicus,Sypheotides indicus,"(J.F.Miller, 1782)",1782,gbif
Tetrax tetrax,Tetrax tetrax,"(Linnaeus, 1758)",1758,gbif
Acanthisitta chloris,Acanthisitta chloris,"(Sparrman, 1787)",1787,gbif
Xenicus gilviventris,Xenicus gilviventris,"Pelzeln, 1867",1867,gbif
Acanthiza apicalis,Acanthiza apicalis,"Gould, 1847",1847,gbif
Acanthiza chrysorrhoa,Acanthiza chrysorrhoa,"(Quoy & Gaimard, 1830)",1830,gbif
Acanthiza cinerea,Acanthiza cinerea,"(Salvadori, 1876)",1876,gbif
Acanthiza ewingii,Acanthiza ewingii,"Gould, 1844",1844,gbif
Acanthiza inornata,Acanthiza inornata,"Gould, 1841",1841,gbif
Acanthiza iredalei,Acanthiza iredalei,"Mathews, 1911",1911,gbif
Acanthiza katherina,Acanthiza katherina,"De Vis, 1905",1905,gbif
Acanthiza lineata,Acanthiza lineata,"Gould, 1838",1838,gbif
Acanthiza murina,Acanthiza murina,"(De Vis, 1897)",1897,gbif
Acanthiza nana,Acanthiza nana,"Vigors & Horsfield, 1827",1827,gbif
Acanthiza pusilla,Acanthiza pusilla,"(Shaw, 1790)",1790,gbif
Acanthiza reguloides,Acanthiza reguloides,"Vigors & Horsfield, 1827",1827,gbif
Acanthiza robustirostris,Acanthiza robustirostris,"Milligan, 1903",1903,gbif
Acanthiza uropygialis,Acanthiza uropygialis,"Gould, 1838",1838,gbif
Acanthornis magna,Acanthornis magna,"(Gould, 1855)",1855,gbif
Aphelocephala leucopsis,Aphelocephala leucopsis,"(Gould, 1841)",1841,gbif
Aphelocephala nigricincta,Aphelocephala nigricincta,"(North, 1895)",1895,gbif
Aphelocephala pectoralis,Aphelocephala pectoralis,"(Gould, 1871)",1871,gbif
Calamanthus campestris,Calamanthus campestris,"(Gould, 1841)",1841,gbif
Calamanthus cautus,Calamanthus cautus,"(Gould, 1843)",1843,gbif
Calamanthus fuliginosus,Calamanthus fuliginosus,"(Vigors & Horsfield, 1827)",1827,gbif
Calamanthus montanellus,Calamanthus montanellus,"Milligan, 1903",1903,gbif
Calamanthus pyrrhopygius,Calamanthus pyrrhopygius,"(Vigors & Horsfield, 1827)",1827,gbif
Crateroscelis murina,Crateroscelis murina,"(P.L.Sclater, 1858)",1858,gbif
Crateroscelis nigrorufa,Crateroscelis nigrorufa,"(Salvadori, 1895)",1895,gbif
Crateroscelis robusta,Crateroscelis robusta,"(De Vis, 1898)",1898,gbif
Gerygone albofrontata,Gerygone albofrontata,"G.R.Gray, 1845",1845,gbif
Gerygone chloronota,Gerygone chloronota,"Gould, 1843",1843,gbif
Gerygone chrysogaster,Gerygone chrysogaster,"G.R.Gray, 1858",1858,gbif
Gerygone citrina,Gerygone citrina,"Mayr, 1931",1931,gbif
Gerygone dorsalis,Gerygone dorsalis,"P.L.Sclater, 1883",1883,gbif
Gerygone flavolateralis,Gerygone flavolateralis,"(G.R.Gray, 1859)",1859,gbif
Gerygone fusca,Gerygone fusca,"(Gould, 1838)",1838,gbif
Gerygone hypoxantha,Gerygone hypoxantha,"Salvadori, 1878",1878,gbif
Gerygone igata,Gerygone igata,"(Quoy & Gaimard, 1830)",1830,gbif
Gerygone inornata,Gerygone inornata,"Wallace, 1864",1864,gbif
Gerygone levigaster,Gerygone levigaster,"Gould, 1843",1843,gbif
Gerygone magnirostris,Gerygone magnirostris,"Gould, 1843",1843,gbif
Gerygone modesta,Gerygone modesta,"Pelzeln, 1860",1860,gbif
Gerygone mouki,Gerygone mouki,"Mathews, 1912",1912,gbif
Gerygone olivacea,Gerygone olivacea,"(Gould, 1838)",1838,gbif
Gerygone palpebrosa,Gerygone palpebrosa,"Wallace, 1865",1865,gbif
Gerygone ruficollis,Gerygone ruficollis,"Salvadori, 1876",1876,gbif
Gerygone sulphurea,Gerygone sulphurea,"Wallace, 1864",1864,gbif
Gerygone tenebrosa,Gerygone tenebrosa,"(Hall, 1901)",1901,gbif
Oreoscopus gutturalis,Oreoscopus gutturalis,"(De Vis, 1889)",1889,gbif
Origma solitaria,Origma solitaria,"(Lewin, 1808)",1808,gbif
Pachycare flavogriseum,Pachycare flavogriseum,"(A.B.Meyer, 1874)",1874,gbif
Pycnoptilus floccosus,Pycnoptilus floccosus,"Gould, 1851",1851,gbif
Pyrrholaemus brunneus,Pyrrholaemus brunneus,"Gould, 1841",1841,gbif
Pyrrholaemus sagittatus,Pyrrholaemus sagittatus,"(Latham, 1802)",1802,gbif
Sericornis arfakianus,Sericornis arfakianus,"(Salvadori, 1876)",1876,gbif
Sericornis beccarii,Sericornis beccarii,"Salvadori, 1874",1874,gbif
Sericornis citreogularis,Sericornis citreogularis,"Gould, 1838",1838,gbif
Sericornis frontalis,Sericornis frontalis,"(Vigors & Horsfield, 1827)",1827,gbif
Sericornis humilis,Sericornis humilis,"Gould, 1838",1838,gbif
Sericornis keri,Sericornis keri,"Mathews, 1920",1920,gbif
Sericornis magnirostra,Sericornis magnirostra,"(Gould, 1838)",1838,gbif
Sericornis nouhuysi,Sericornis nouhuysi,"Oort, 1909",1909,gbif
Sericornis papuensis,Sericornis papuensis,"(De Vis, 1894)",1894,gbif
Sericornis perspicillatus,Sericornis perspicillatus,"Salvadori, 1896",1896,gbif
Sericornis rufescens,Sericornis rufescens,"(Salvadori, 1876)",1876,gbif
Sericornis spilodera,Sericornis spilodera,"(G.R.Gray, 1859)",1859,gbif
Smicrornis brevirostris,Smicrornis brevirostris,"(Gould, 1838)",1838,gbif
Acrocephalus aequinoctialis,Acrocephalus aequinoctialis,"(Latham, 1790)",1790,gbif
Acrocephalus agricola,Acrocephalus agricola,"(Jerdon, 1845)",1845,gbif
Acrocephalus arundinaceus,Acrocephalus arundinaceus,"(Linnaeus, 1758)",1758,gbif
Acrocephalus atyphus,Acrocephalus atyphus,"(Wetmore, 1919)",1919,gbif
Acrocephalus australis,Acrocephalus australis,"(Gould, 1838)",1838,gbif
Acrocephalus bistrigiceps,Acrocephalus bistrigiceps,"Swinhoe, 1860",1860,gbif
Acrocephalus brevipennis,Acrocephalus brevipennis,"(Keulemans, 1866)",1866,gbif
Acrocephalus caffer,Acrocephalus caffer,"(Sparrman, 1786)",1786,gbif
Acrocephalus concinens,Acrocephalus concinens,"(Swinhoe, 1870)",1870,gbif
Acrocephalus dumetorum,Acrocephalus dumetorum,"Blyth, 1849",1849,gbif
Acrocephalus familiaris,Acrocephalus familiaris,"(Rothschild, 1892)",1892,gbif
Acrocephalus gracilirostris,Acrocephalus gracilirostris,"(Hartlaub, 1864)",1864,gbif
Acrocephalus griseldis,Acrocephalus griseldis,"(Hartlaub, 1891)",1891,gbif
Acrocephalus hiwae,Acrocephalus hiwae,"(Yamashina, 1942)",1942,gbif
Acrocephalus kerearako,Acrocephalus kerearako,"Holyoak, 1974",1974,gbif
Acrocephalus longirostris,Acrocephalus longirostris,"(Gmelin, 1789)",1789,gbif
Acrocephalus melanopogon,Acrocephalus melanopogon,"(Temminck, 1823)",1823,gbif
Acrocephalus mendanae,Acrocephalus mendanae,"Tristram, 1883",1883,gbif
Acrocephalus newtoni,Acrocephalus newtoni,"(Hartlaub, 1863)",1863,gbif
Acrocephalus orientalis,Acrocephalus orientalis,"(Temminck & Schlegel, 1847)",1847,gbif
Acrocephalus orinus,Acrocephalus orinus,"Oberholser, 1905",1905,gbif
Acrocephalus paludicola,Acrocephalus paludicola,"(Vieillot, 1817)",1817,gbif
Acrocephalus palustris,Acrocephalus palustris,"(Bechstein, 1798)",1798,gbif
Acrocephalus percernis,Acrocephalus percernis,"(Wetmore, 1919)",1919,gbif
Acrocephalus rehsei,Acrocephalus rehsei,"(Finsch, 1883)",1883,gbif
Acrocephalus rimitarae,Acrocephalus rimitarae,"(Murphy & Mathews, 1929)",1929,gbif
Acrocephalus rodericanus,Acrocephalus rodericanus,"(A.Newton, 1865)",1865,gbif
Acrocephalus rufescens,Acrocephalus rufescens,"(Sharpe & Bouvier, 1877)",1877,gbif
Acrocephalus schoenobaenus,Acrocephalus schoenobaenus,"(Linnaeus, 1758)",1758,gbif
Acrocephalus scirpaceus,Acrocephalus scirpaceus,"(Hermann, 1804)",1804,gbif
Acrocephalus sechellensis,Acrocephalus sechellensis,"(Oustalet, 1877)",1877,gbif
Acrocephalus sorghophilus,Acrocephalus sorghophilus,"(Swinhoe, 1863)",1863,gbif
Acrocephalus stentoreus,Acrocephalus stentoreus,"(Hemprich & Ehrenberg, 1833)",1833,gbif
Acrocephalus syrinx,Acrocephalus syrinx,"(Kittlitz, 1833)",1833,gbif
Acrocephalus taiti,Acrocephalus taiti,"Ogilvie-Grant, 1913",1913,gbif
Acrocephalus tangorum,Acrocephalus tangorum,"La Touche, 1912",1912,gbif
Acrocephalus vaughani,Acrocephalus vaughani,"(Sharpe, 1900)",1900,gbif
Arundinax aedon,Arundinax aedon,"(Pallas, 1776)",1776,gbif
Calamonastides bensoni,Calamonastides bensoni,"(Amadon, 1954)",1954,gbif
Calamonastides gracilirostris,Calamonastides gracilirostris,"(Ogilvie-Grant, 1906)",1906,gbif
Hippolais icterina,Hippolais icterina,"(Vieillot, 1817)",1817,gbif
Hippolais languida,Hippolais languida,"(Hemprich & Ehrenberg, 1833)",1833,gbif
Hippolais olivetorum,Hippolais olivetorum,"(Strickland, 1837)",1837,gbif
Hippolais polyglotta,Hippolais polyglotta,"(Vieillot, 1817)",1817,gbif
Iduna caligata,Iduna caligata,"(Lichtenstein, 1823)",1823,gbif
Iduna natalensis,Iduna natalensis,"(A.Smith, 1847)",1847,gbif
Iduna opaca,Iduna opaca,"(Cabanis, 1850)",1850,gbif
Iduna pallida,Iduna pallida,"(Hemprich & Ehrenberg, 1833)",1833,gbif
Iduna rama,Iduna rama,"(Sykes, 1832)",1832,gbif
Iduna similis,Iduna similis,"(Richmond, 1897)",1897,gbif
Nesillas brevicaudata,Nesillas brevicaudata,"(Milne-Edwards & Oustalet, 1888)",1888,gbif
Nesillas lantzii,Nesillas lantzii,"(A.Grandidier, 1867)",1867,gbif
Nesillas mariae,Nesillas mariae,"Benson, 1960",1960,gbif
Nesillas typica,Nesillas typica,"(Hartlaub, 1860)",1860,gbif
Aegithalos annamensis,Aegithalos annamensis,"(Robinson & Kloss, 1919)",1919,gbif
Aegithalos bonvaloti,Aegithalos bonvaloti,"(Oustalet, 1892)",1892,gbif
Aegithalos caudatus,Aegithalos caudatus,"(Linnaeus, 1758)",1758,gbif
Aegithalos concinnus,Aegithalos concinnus,"(Gould, 1855)",1855,gbif
Aegithalos fuliginosus,Aegithalos fuliginosus,"(J.Verreaux, 1869)",1869,gbif
Aegithalos glaucogularis,Aegithalos glaucogularis,"(Moore, 1855)",1855,gbif
Aegithalos iouschistos,Aegithalos iouschistos,"(Blyth, 1845)",1845,gbif
Aegithalos iredalei,Aegithalos iredalei,"(Baker, 1920)",1920,gbif
Aegithalos leucogenys,Aegithalos leucogenys,"(Moore, 1854)",1854,gbif
Aegithalos niveogularis,Aegithalos niveogularis,"(Gould, 1855)",1855,gbif
Leptopoecile elegans,Leptopoecile elegans,"Prjevalsky, 1887",1887,gbif
Leptopoecile sophiae,Leptopoecile sophiae,"Severtzov, 1873",1873,gbif
Psaltria exilis,Psaltria exilis,"Temminck, 1836",1836,gbif
Psaltriparus minimus,Psaltriparus minimus,"(J.K.Townsend, 1837)",1837,gbif
Aegithina lafresnayei,Aegithina lafresnayei,"(Hartlaub, 1844)",1844,gbif
Aegithina nigrolutea,Aegithina nigrolutea,"(G.F.L.Marshall, 1876)",1876,gbif
Aegithina tiphia,Aegithina tiphia,"(Linnaeus, 1758)",1758,gbif
Aegithina viridissima,Aegithina viridissima,"(Bonaparte, 1850)",1850,gbif
Alaemon alaudipes,Alaemon alaudipes,"(Desfontaines, 1789)",1789,gbif
Alaemon hamertoni,Alaemon hamertoni,"Witherby, 1905",1905,gbif
Alauda arvensis,Alauda arvensis,"Linnaeus, 1758",1758,gbif
Alauda gulgula,Alauda gulgula,"Franklin, 1831",1831,gbif
Alauda leucoptera,Alauda leucoptera,"Pallas, 1811",1811,gbif
Alauda razae,Alauda razae,"(Alexander, 1898)",1898,gbif
Alaudala raytal,Alaudala raytal,"(Blyth, 1845)",1845,gbif
Alaudala rufescens,Alaudala rufescens,"(Vieillot, 1819)",1819,gbif
Alaudala somalica,Alaudala somalica,"Sharpe, 1895",1895,gbif
Ammomanes cinctura,Ammomanes cinctura,"(Gould, 1839)",1839,gbif
Ammomanes deserti,Ammomanes deserti,"(Lichtenstein, 1823)",1823,gbif
Ammomanes phoenicura,Ammomanes phoenicura,"(Franklin, 1831)",1831,gbif
Ammomanopsis grayi,Ammomanopsis grayi,"(Wahlberg, 1855)",1855,gbif
Calandrella acutirostris,Calandrella acutirostris,"Hume, 1873",1873,gbif
Calandrella blanfordi,Calandrella blanfordi,"(Shelley, 1902)",1902,gbif
Calandrella brachydactyla,Calandrella brachydactyla,"(Leisler, 1814)",1814,gbif
Calandrella cinerea,Calandrella cinerea,"(Gmelin, 1789)",1789,gbif
Calandrella dukhunensis,Calandrella dukhunensis,"(Sykes, 1832)",1832,gbif
Calandrella eremica,Calandrella eremica,"(Reichenow, Peters & N, 1932)",1932,gbif
Calendulauda africanoides,Calendulauda africanoides,"(A.Smith, 1836)",1836,gbif
Calendulauda albescens,Calendulauda albescens,"(Lafresnaye, 1839)",1839,gbif
Calendulauda alopex,Calendulauda alopex,"(Sharpe, 1890)",1890,gbif
Calendulauda burra,Calendulauda burra,"(Bangs, 1930)",1930,gbif
Calendulauda erythrochlamys,Calendulauda erythrochlamys,"(Strickland, 1853)",1853,gbif
Calendulauda poecilosterna,Calendulauda poecilosterna,"(Reichenow, 1879)",1879,gbif
Calendulauda sabota,Calendulauda sabota,"(A.Smith, 1836)",1836,gbif
Certhilauda chuana,Certhilauda chuana,"(A.Smith, 1836)",1836,gbif
Certhilauda curvirostris,Certhilauda curvirostris,"(Hermann, 1783)",1783,gbif
Certhilauda semitorquata,Certhilauda semitorquata,"A.Smith, 1836",1836,gbif
Certhilauda subcoronata,Certhilauda subcoronata,"A.Smith, 1843",1843,gbif
Chersomanes albofasciata,Chersomanes albofasciata,"(Lafresnaye, 1836)",1836,gbif
Chersophilus duponti,Chersophilus duponti,"(Vieillot, 1824)",1824,gbif
Eremalauda dunni,Eremalauda dunni,"(Shelley, 1904)",1904,gbif
Eremalauda eremodites,Eremalauda eremodites,"(R.Meinertzhagen, 1923)",1923,gbif
Eremophila alpestris,Eremophila alpestris,"(Linnaeus, 1758)",1758,gbif
Eremophila bilopha,Eremophila bilopha,"(Temminck, 1823)",1823,gbif
Eremopterix australis,Eremopterix australis,"(A.Smith, 1836)",1836,gbif
Eremopterix griseus,Eremopterix griseus,"(Scopoli, 1786)",1786,gbif
Eremopterix hova,Eremopterix hova,"(Hartlaub, 1860)",1860,gbif
Eremopterix leucopareia,Eremopterix leucopareia,"(Fischer & Reichenow, 1884)",1884,gbif
Eremopterix leucotis,Eremopterix leucotis,"(Stanley, 1814)",1814,gbif
Eremopterix nigriceps,Eremopterix nigriceps,"(Gould, 1839)",1839,gbif
Eremopterix signatus,Eremopterix signatus,"(Oustalet, 1886)",1886,gbif
Eremopterix verticalis,Eremopterix verticalis,"(A.Smith, 1836)",1836,gbif
Galerida cristata,Galerida cristata,"(Linnaeus, 1758)",1758,gbif
Galerida deva,Galerida deva,"(Sykes, 1832)",1832,gbif
Galerida magnirostris,Galerida magnirostris,"(Stephens, 1826)",1826,gbif
Galerida malabarica,Galerida malabarica,"(Scopoli, 1786)",1786,gbif
Galerida modesta,Galerida modesta,"Heuglin, 1864",1864,gbif
Galerida theklae,Galerida theklae,"A.E.Brehm, 1857",1857,gbif
Heteromirafra archeri,Heteromirafra archeri,"S.Clarke, 1920",1920,gbif
Heteromirafra ruddi,Heteromirafra ruddi,"(Grant, 1908)",1908,gbif
Lullula arborea,Lullula arborea,"(Linnaeus, 1758)",1758,gbif
Melanocorypha bimaculata,Melanocorypha bimaculata,"(Ménétriés, 1832)",1832,gbif
Melanocorypha calandra,Melanocorypha calandra,"(Linnaeus, 1766)",1766,gbif
Melanocorypha maxima,Melanocorypha maxima,"Blyth, 1867",1867,gbif
Melanocorypha mongolica,Melanocorypha mongolica,"(Pallas, 1776)",1776,gbif
Melanocorypha yeltoniensis,Melanocorypha yeltoniensis,"(J.R.Forster, 1768)",1768,gbif
Mirafra affinis,Mirafra affinis,"Blyth, 1845",1845,gbif
Mirafra africana,Mirafra africana,"A.Smith, 1836",1836,gbif
Mirafra albicauda,Mirafra albicauda,"Reichenow, 1891",1891,gbif
Mirafra angolensis,Mirafra angolensis,"Bocage, 1880",1880,gbif
Mirafra apiata,Mirafra apiata,"(Vieillot, 1816)",1816,gbif
Mirafra ashi,Mirafra ashi,"Colston, 1982",1982,gbif
Mirafra assamica,Mirafra assamica,"Horsfield, 1840",1840,gbif
Mirafra cheniana,Mirafra cheniana,"A.Smith, 1843",1843,gbif
Mirafra collaris,Mirafra collaris,"Sharpe, 1896",1896,gbif
Mirafra cordofanica,Mirafra cordofanica,"Strickland, 1852",1852,gbif
Mirafra erythrocephala,Mirafra erythrocephala,"Salvadori & Giglioli, 1885",1885,gbif
Mirafra erythroptera,Mirafra erythroptera,"Blyth, 1845",1845,gbif
Mirafra fasciolata,Mirafra fasciolata,"(Sundevall, 1850)",1850,gbif
Mirafra gilletti,Mirafra gilletti,"Sharpe, 1895",1895,gbif
Mirafra hypermetra,Mirafra hypermetra,"(Reichenow, 1879)",1879,gbif
Mirafra javanica,Mirafra javanica,"Horsfield, 1821",1821,gbif
Mirafra microptera,Mirafra microptera,"Hume, 1873",1873,gbif
Mirafra passerina,Mirafra passerina,"Gyldenstolpe, 1926",1926,gbif
Mirafra pulpa,Mirafra pulpa,"Friedmann, 1930",1930,gbif
Mirafra rufa,Mirafra rufa,"Lynes, 1920",1920,gbif
Mirafra rufocinnamomea,Mirafra rufocinnamomea,"(Salvadori, 1865)",1865,gbif
Mirafra sharpii,Mirafra sharpii,"Elliot, 1897",1897,gbif
Mirafra somalica,Mirafra somalica,"(Witherby, 1903)",1903,gbif
Mirafra williamsi,Mirafra williamsi,"Macdonald, 1956",1956,gbif
Pinarocorys erythropygia,Pinarocorys erythropygia,"(Strickland, 1852)",1852,gbif
Pinarocorys nigricans,Pinarocorys nigricans,"(Sundevall, 1850)",1850,gbif
Ramphocoris clotbey,Ramphocoris clotbey,"(Bonaparte, 1850)",1850,gbif
Spizocorys conirostris,Spizocorys conirostris,"(Sundevall, 1850)",1850,gbif
Spizocorys fremantlii,Spizocorys fremantlii,"(Lort Phillips, 1897)",1897,gbif
Spizocorys fringillaris,Spizocorys fringillaris,"(Sundevall, 1850)",1850,gbif
Spizocorys obbiensis,Spizocorys obbiensis,"Witherby, 1905",1905,gbif
Spizocorys personata,Spizocorys personata,"Sharpe, 1895",1895,gbif
Spizocorys sclateri,Spizocorys sclateri,"(Shelley, 1902)",1902,gbif
Spizocorys starki,Spizocorys starki,"(Shelley, 1902)",1902,gbif
Artamus cinereus,Artamus cinereus,"Vieillot, 1817",1817,gbif
Artamus cyanopterus,Artamus cyanopterus,"(Latham, 1802)",1802,gbif
Artamus fuscus,Artamus fuscus,"Vieillot, 1817",1817,gbif
Artamus insignis,Artamus insignis,"P.L.Sclater, 1877",1877,gbif
Artamus leucoryn,Artamus leucoryn,"(Linnaeus, 1771)",1771,gbif
Artamus maximus,Artamus maximus,"A.B.Meyer, 1874",1874,gbif
Artamus mentalis,Artamus mentalis,"Jardine, 1845",1845,gbif
Artamus minor,Artamus minor,"Vieillot, 1817",1817,gbif
Artamus monachus,Artamus monachus,"Bonaparte, 1850",1850,gbif
Artamus personatus,Artamus personatus,"(Gould, 1841)",1841,gbif
Artamus superciliosus,Artamus superciliosus,"(Gould, 1837)",1837,gbif
Cracticus argenteus,Cracticus argenteus,"Gould, 1841",1841,gbif
Cracticus cassicus,Cracticus cassicus,"(Boddaert, 1783)",1783,gbif
Cracticus louisiadensis,Cracticus louisiadensis,"Tristram, 1889",1889,gbif
Cracticus mentalis,Cracticus mentalis,"Salvadori & Albertis, 1875",1875,gbif
Cracticus nigrogularis,Cracticus nigrogularis,"(Gould, 1837)",1837,gbif
Cracticus torquatus,Cracticus torquatus,"(Latham, 1802)",1802,gbif
Gymnorhina tibicen,Gymnorhina tibicen,"(Latham, 1802)",1802,gbif
Melloria quoyi,Melloria quoyi,"(R.P.Lesson & Garnot, 1827)",1827,gbif
Peltops blainvillii,Peltops blainvillii,"(Lesson & Garnot, 1827)",1827,gbif
Peltops montanus,Peltops montanus,"Stresemann, 1921",1921,gbif
Strepera fuliginosa,Strepera fuliginosa,"(Gould, 1837)",1837,gbif
Strepera graculina,Strepera graculina,"(Shaw, 1790)",1790,gbif
Strepera versicolor,Strepera versicolor,"(Latham, 1802)",1802,gbif
Atrichornis clamosus,Atrichornis clamosus,"(Gould, 1844)",1844,gbif
Atrichornis rufescens,Atrichornis rufescens,"(E.P.Ramsay, 1867)",1867,gbif
Bernieria madagascariensis,Bernieria madagascariensis,"(Gmelin, 1789)",1789,gbif
Crossleyia tenebrosa,Crossleyia tenebrosa,"(Stresemann, 1925)",1925,gbif
Crossleyia xanthophrys,Crossleyia xanthophrys,"(Sharpe, 1875)",1875,gbif
Cryptosylvicola randrianasoloi,Cryptosylvicola randrianasoloi,"Goodman, Langrand & B.M.Whitney, 1996",1996,gbif
Hartertula flavoviridis,Hartertula flavoviridis,"(Hartert, 1924)",1924,gbif
Oxylabes madagascariensis,Oxylabes madagascariensis,"(Gmelin, 1789)",1789,gbif
Randia pseudozosterops,Randia pseudozosterops,"Delacour, 1931",1931,gbif
Thamnornis chloropetoides,Thamnornis chloropetoides,"(A.Grandidier, 1867)",1867,gbif
Xanthomixis apperti,Xanthomixis apperti,"(Colston, 1972)",1972,gbif
Xanthomixis cinereiceps,Xanthomixis cinereiceps,"(Sharpe, 1881)",1881,gbif
Xanthomixis zosterops,Xanthomixis zosterops,"(Sharpe, 1875)",1875,gbif
Bombycilla cedrorum,Bombycilla cedrorum,"Vieillot, 1808",1808,gbif
Bombycilla garrulus,Bombycilla garrulus,"(Linnaeus, 1758)",1758,gbif
Bombycilla japonica,Bombycilla japonica,"(Siebold, 1824)",1824,gbif
Buphagus africanus,Buphagus africanus,"Linnaeus, 1766",1766,gbif
Buphagus erythrorynchus,Buphagus erythrorynchus,"(Stanley, 1814)",1814,col
Calcarius lapponicus,Calcarius lapponicus,"(Linnaeus, 1758)",1758,gbif
Calcarius ornatus,Calcarius ornatus,"(J.K.Townsend, 1837)",1837,gbif
Calcarius pictus,Calcarius pictus,"(Swainson, 1832)",1832,gbif
Plectrophenax hyperboreus,Plectrophenax hyperboreus,"Ridgway, 1884",1884,gbif
Plectrophenax nivalis,Plectrophenax nivalis,"(Linnaeus, 1758)",1758,gbif
Rhynchophanes mccownii,Rhynchophanes mccownii,"(Lawrence, 1851)",1851,gbif
Callaeas cinereus,Callaeas cinereus,"(Gmelin, 1788)",1788,gbif
Callaeas wilsoni,Callaeas wilsoni,"(Bonaparte, 1850)",1850,gbif
Philesturnus carunculatus,Philesturnus carunculatus,"(Gmelin, 1789)",1789,gbif
Philesturnus rufusater,Philesturnus rufusater,"(R.P.Lesson, 1828)",1828,gbif
Calyptomena hosii,Calyptomena hosii,"Sharpe, 1892",1892,gbif
Calyptomena viridis,Calyptomena viridis,"Raffles, 1822",1822,gbif
Calyptomena whiteheadi,Calyptomena whiteheadi,"Sharpe, 1887",1887,gbif
Smithornis capensis,Smithornis capensis,"(A.Smith, 1839)",1839,gbif
Smithornis rufolateralis,Smithornis rufolateralis,"G.R.Gray, 1864",1864,gbif
Smithornis sharpei,Smithornis sharpei,"Alexander, 1903",1903,gbif
Calyptophilus frugivorus,Calyptophilus frugivorus,"(Cory, 1883)",1883,gbif
Calyptophilus tertius,Calyptophilus tertius,"Wetmore, 1929",1929,gbif
Campephaga flava,Campephaga flava,"Vieillot, 1817",1817,gbif
Campephaga petiti,Campephaga petiti,"Oustalet, 1884",1884,gbif
Campephaga phoenicea,Campephaga phoenicea,"(Latham, 1790)",1790,gbif
Campephaga quiscalina,Campephaga quiscalina,"Finsch, 1869",1869,gbif
Campochaera sloetii,Campochaera sloetii,"(Schlegel, 1866)",1866,gbif
Ceblepyris caesius,Ceblepyris caesius,"Lichtenstein & Mhc, 1823",1823,gbif
Ceblepyris cinereus,Ceblepyris cinereus,"(Müller & Pls, 1776)",1776,gbif
Ceblepyris cucullatus,Ceblepyris cucullatus,"(Milne-Edwards & Oustalet, 1885)",1885,gbif
Ceblepyris graueri,Ceblepyris graueri,"(Neumann, 1908)",1908,gbif
Ceblepyris pectoralis,Ceblepyris pectoralis,"(Jardine & Selby, 1828)",1828,gbif
Celebesica abbotti,Celebesica abbotti,"(Riley, 1918)",1918,gbif
Coracina atriceps,Coracina atriceps,"(S.Muller, 1843)",1843,gbif
Coracina bicolor,Coracina bicolor,"(Temminck, 1824)",1824,gbif
Coracina boyeri,Coracina boyeri,"(G.R.Gray, 1846)",1846,gbif
Coracina caeruleogrisea,Coracina caeruleogrisea,"(G.R.Gray, 1858)",1858,gbif
Coracina caledonica,Coracina caledonica,"(Gmelin, 1788)",1788,gbif
Coracina dobsoni,Coracina dobsoni,"(Ball, 1872)",1872,gbif
Coracina fortis,Coracina fortis,"(Salvadori, 1878)",1878,gbif
Coracina javensis,Coracina javensis,"(Horsfield, 1821)",1821,gbif
Coracina larvata,Coracina larvata,"(S.Muller, 1843)",1843,gbif
Coracina leucopygia,Coracina leucopygia,"(Bonaparte, 1850)",1850,gbif
Coracina lineata,Coracina lineata,"(Swainson, 1825)",1825,gbif
Coracina longicauda,Coracina longicauda,"(De Vis, 1890)",1890,gbif
Coracina macei,Coracina macei,"(Lesson, 1831)",1831,gbif
Coracina maxima,Coracina maxima,"(Rüppell, 1839)",1839,gbif
Coracina novaehollandiae,Coracina novaehollandiae,"(Gmelin, 1789)",1789,gbif
Coracina panayensis,Coracina panayensis,"(Steere, 1890)",1890,gbif
Coracina papuensis,Coracina papuensis,"(Gmelin, 1788)",1788,gbif
Coracina personata,Coracina personata,"(S.Muller, 1843)",1843,gbif
Coracina schistacea,Coracina schistacea,"(Sharpe, 1878)",1878,gbif
Coracina striata,Coracina striata,"(Boddaert, 1783)",1783,gbif
Coracina temminckii,Coracina temminckii,"(S.Muller, 1843)",1843,gbif
Coracina welchmani,Coracina welchmani,"(Tristram, 1892)",1892,gbif
Cyanograucalus azureus,Cyanograucalus azureus,"(Cassin, 1852)",1852,gbif
Edolisoma anale,Edolisoma anale,"(J.Verreaux & des Murs, 1860)",1860,gbif
Edolisoma ceramense,Edolisoma ceramense,"(Bonaparte, 1850)",1850,gbif
Edolisoma coerulescens,Edolisoma coerulescens,"(Blyth, 1842)",1842,gbif
Edolisoma dispar,Edolisoma dispar,"Salvadori, 1878",1878,gbif
Edolisoma dohertyi,Edolisoma dohertyi,"Hartert & Ejo, 1896",1896,gbif
Edolisoma grayi,Edolisoma grayi,"(Salvadori, 1879)",1879,gbif
Edolisoma holopolium,Edolisoma holopolium,"(Sharpe, 1888)",1888,gbif
Edolisoma incertum,Edolisoma incertum,"(A.B.Meyer, 1874)",1874,gbif
Edolisoma insperatum,Edolisoma insperatum,"(Finsch, 1876)",1876,gbif
Edolisoma melas,Edolisoma melas,"(R.P.Lesson, 1828)",1828,gbif
Edolisoma meyerii,Edolisoma meyerii,"(Salvadori, 1878)",1878,gbif
Edolisoma mindanense,Edolisoma mindanense,"(Tweeddale, 1879)",1879,gbif
Edolisoma monacha,Edolisoma monacha,"(Hartlaub & Finsch, 1872)",1872,gbif
Edolisoma montanum,Edolisoma montanum,"(A.B.Meyer, 1874)",1874,gbif
Edolisoma morio,Edolisoma morio,"(S.Müller, 1843)",1843,gbif
Edolisoma nesiotis,Edolisoma nesiotis,"(Hartlaub & Finsch, 1872)",1872,gbif
Edolisoma obiense,Edolisoma obiense,"(Salvadori, 1878)",1878,gbif
Edolisoma ostentum,Edolisoma ostentum,"(Ripley, 1952)",1952,gbif
Edolisoma parvulum,Edolisoma parvulum,"(Salvadori, 1878)",1878,gbif
Edolisoma pygmaeum,Edolisoma pygmaeum,"Mayr, 1931",1931,gbif
Edolisoma remotum,Edolisoma remotum,"Sharpe, 1878",1878,gbif
Edolisoma rostratum,Edolisoma rostratum,"(Hartert, 1898)",1898,gbif
Edolisoma salomonis,Edolisoma salomonis,"Tristram, 1879",1879,gbif
Edolisoma schisticeps,Edolisoma schisticeps,"(G.R.Gray, 1846)",1846,gbif
Edolisoma sula,Edolisoma sula,"Hartert & Ejo, 1918",1918,gbif
Edolisoma tenuirostre,Edolisoma tenuirostre,"(Jardine, 1831)",1831,gbif
Lalage atrovirens,Lalage atrovirens,"(G.R.Gray, 1862)",1862,gbif
Lalage aurea,Lalage aurea,"(Temminck, 1825)",1825,gbif
Lalage conjuncta,Lalage conjuncta,"Rothschild & Hartert, 1924",1924,gbif
Lalage fimbriata,Lalage fimbriata,"(Temminck, 1824)",1824,gbif
Lalage leucomela,Lalage leucomela,"(Vigors & Horsfield, 1827)",1827,gbif
Lalage leucoptera,Lalage leucoptera,"(Schlegel, 1871)",1871,gbif
Lalage leucopyga,Lalage leucopyga,"(Gould, 1838)",1838,gbif
Lalage leucopygialis,Lalage leucopygialis,"Walden, 1872",1872,gbif
Lalage maculosa,Lalage maculosa,"(Peale, 1848)",1848,gbif
Lalage melanoleuca,Lalage melanoleuca,"(Blyth, 1861)",1861,gbif
Lalage melanoptera,Lalage melanoptera,"(Rüppell, 1839)",1839,gbif
Lalage melaschistos,Lalage melaschistos,"(Hodgson, 1836)",1836,gbif
Lalage minor,Lalage minor,"(Steere, 1890)",1890,gbif
Lalage moesta,Lalage moesta,"P.L.Sclater, 1883",1883,gbif
Lalage newtoni,Lalage newtoni,"(Pollen, 1866)",1866,gbif
Lalage nigra,Lalage nigra,"(J.R.Forster, 1781)",1781,gbif
Lalage polioptera,Lalage polioptera,"(Sharpe, 1878)",1878,gbif
Lalage sharpei,Lalage sharpei,"Rothschild, 1900",1900,gbif
Lalage sueurii,Lalage sueurii,"(Vieillot, 1818)",1818,gbif
Lalage tricolor,Lalage tricolor,"(Swainson, 1825)",1825,gbif
Lalage typica,Lalage typica,"(Hartlaub, 1865)",1865,gbif
Lobotos lobatus,Lobotos lobatus,"(Temminck, 1824)",1824,gbif
Lobotos oriolinus,Lobotos oriolinus,"Bates, 1909",1909,gbif
Malindangia mcgregori,Malindangia mcgregori,"Mearns, 1907",1907,gbif
Pericrocotus albifrons,Pericrocotus albifrons,"Jerdon, 1862",1862,gbif
Pericrocotus brevirostris,Pericrocotus brevirostris,"(Vigors, 1831)",1831,gbif
Pericrocotus cantonensis,Pericrocotus cantonensis,"Swinhoe & P.L.Sclater, 1861",1861,gbif
Pericrocotus cinnamomeus,Pericrocotus cinnamomeus,"(Linnaeus, 1766)",1766,gbif
Pericrocotus divaricatus,Pericrocotus divaricatus,"(Raffles, 1822)",1822,gbif
Pericrocotus erythropygius,Pericrocotus erythropygius,"(Jerdon, 1840)",1840,gbif
Pericrocotus ethologus,Pericrocotus ethologus,"Bangs & J.C.Phillips, 1914",1914,gbif
Pericrocotus flammeus,Pericrocotus flammeus,"(J.R.Forster, 1781)",1781,gbif
Pericrocotus igneus,Pericrocotus igneus,"Blyth, 1846",1846,gbif
Pericrocotus lansbergei,Pericrocotus lansbergei,"Büttikofer, 1886",1886,gbif
Pericrocotus miniatus,Pericrocotus miniatus,"(Temminck, 1822)",1822,gbif
Pericrocotus montanus,Pericrocotus montanus,"Salvadori, 1879",1879,gbif
Pericrocotus roseus,Pericrocotus roseus,"(Vieillot, 1818)",1818,gbif
Pericrocotus solaris,Pericrocotus solaris,"Blyth, 1846",1846,gbif
Pericrocotus tegimae,Pericrocotus tegimae,"Stejneger, 1887",1887,gbif
Amaurospiza moesta,Amaurospiza moesta,"(Hartlaub, 1853)",1853,gbif
Amaurospiza relicta,Amaurospiza relicta,"(Griscom, 1934)",1934,gbif
Cardinalis cardinalis,Cardinalis cardinalis,"(Linnaeus, 1758)",1758,gbif
Cardinalis phoeniceus,Cardinalis phoeniceus,"Bonaparte, 1838",1838,gbif
Cardinalis sinuatus,Cardinalis sinuatus,"Bonaparte, 1838",1838,gbif
Caryothraustes canadensis,Caryothraustes canadensis,"(Linnaeus, 1766)",1766,gbif
Caryothraustes celaeno,Caryothraustes celaeno,"(Deppe, 1830)",1830,gbif
Caryothraustes erythromelas,Caryothraustes erythromelas,"(Gmelin, 1789)",1789,gbif
Caryothraustes poliogaster,Caryothraustes poliogaster,"(Du Bus de Gisignies, 1847)",1847,gbif
Cyanocompsa parellina,Cyanocompsa parellina,"(Bonaparte, 1850)",1850,gbif
Cyanoloxia brissonii,Cyanoloxia brissonii,"(Lichtenstein & Mhc, 1823)",1823,gbif
Cyanoloxia cyanoides,Cyanoloxia cyanoides,"(Lafresnaye, 1847)",1847,gbif
Cyanoloxia glaucocaerulea,Cyanoloxia glaucocaerulea,"(d'Orbigny & Lafresnaye, 1837)",1837,gbif
Cyanoloxia rothschildii,Cyanoloxia rothschildii,"(E.Bartlett, 1890)",1890,gbif
Granatellus francescae,Granatellus francescae,"Baird, 1865",1865,gbif
Granatellus paraensis,Granatellus paraensis,"Rothschild, 1906",1906,gbif
Granatellus pelzelni,Granatellus pelzelni,"P.L.Sclater, 1865",1865,gbif
Granatellus sallaei,Granatellus sallaei,"(Bonaparte, 1856)",1856,gbif
Granatellus venustus,Granatellus venustus,"Bonaparte, 1850",1850,gbif
Habia atrimaxillaris,Habia atrimaxillaris,"(Dwight & Griscom, 1924)",1924,gbif
Habia carmioli,Habia carmioli,"(Lawrence, 1868)",1868,gbif
Habia cristata,Habia cristata,"(Lawrence, 1875)",1875,gbif
Habia frenata,Habia frenata,"von Berlepsch, 1907",1907,gbif
Habia fuscicauda,Habia fuscicauda,"(Cabanis, 1861)",1861,gbif
Habia gutturalis,Habia gutturalis,"(P.L.Sclater, 1854)",1854,gbif
Habia olivacea,Habia olivacea,"(Cassin, 1860)",1860,gbif
Habia rubica,Habia rubica,"(Vieillot, 1817)",1817,gbif
Habia stolzmanni,Habia stolzmanni,"(Berlepsch & Taczanowski, 1883)",1883,gbif
Passerina amoena,Passerina amoena,"(Say, 1822)",1822,gbif
Passerina caerulea,Passerina caerulea,"(Linnaeus, 1758)",1758,gbif
Passerina ciris,Passerina ciris,"(Linnaeus, 1758)",1758,gbif
Passerina cyanea,Passerina cyanea,"(Linnaeus, 1766)",1766,gbif
Passerina leclancherii,Passerina leclancherii,"Lafresnaye, 1840",1840,gbif
Passerina rositae,Passerina rositae,"(Lawrence, 1874)",1874,gbif
Passerina versicolor,Passerina versicolor,"(Bonaparte, 1838)",1838,gbif
Pheucticus aureoventris,Pheucticus aureoventris,"(d'Orbigny & Lafresnaye, 1837)",1837,gbif
Pheucticus chrysogaster,Pheucticus chrysogaster,"(Lesson, 1832)",1832,gbif
Pheucticus chrysopeplus,Pheucticus chrysopeplus,"(Vigors, 1832)",1832,gbif
Pheucticus ludovicianus,Pheucticus ludovicianus,"(Linnaeus, 1766)",1766,gbif
Pheucticus melanocephalus,Pheucticus melanocephalus,"(Swainson, 1827)",1827,gbif
Pheucticus tibialis,Pheucticus tibialis,"Lawrence, 1867",1867,gbif
Piranga bidentata,Piranga bidentata,"Swainson, 1827",1827,gbif
Piranga erythrocephala,Piranga erythrocephala,"(Swainson, 1827)",1827,gbif
Piranga flava,Piranga flava,"(Vieillot, 1822)",1822,gbif
Piranga hepatica,Piranga hepatica,"Swainson, 1827",1827,gbif
Piranga leucoptera,Piranga leucoptera,"Trudeau, 1840",1840,gbif
Piranga ludoviciana,Piranga ludoviciana,"(A.Wilson, 1811)",1811,gbif
Piranga olivacea,Piranga olivacea,"(J.F.Gmelin, 1789)",1789,gbif
Piranga roseogularis,Piranga roseogularis,"S.Cabot, 1846",1846,gbif
Piranga rubra,Piranga rubra,"(Linnaeus, 1758)",1758,gbif
Piranga rubriceps,Piranga rubriceps,"G.R.Gray, 1844",1844,gbif
Spiza americana,Spiza americana,"(J.F.Gmelin, 1789)",1789,gbif
Certhia americana,Certhia americana,"Bonaparte, 1838",1838,gbif
Certhia brachydactyla,Certhia brachydactyla,"C.L.Brehm, 1820",1820,gbif
Certhia discolor,Certhia discolor,"Blyth, 1845",1845,gbif
Certhia familiaris,Certhia familiaris,"Linnaeus, 1758",1758,gbif
Certhia himalayana,Certhia himalayana,"Vigors, 1832",1832,gbif
Certhia hodgsoni,Certhia hodgsoni,"W.E.Brooks, 1871",1871,gbif
Certhia manipurensis,Certhia manipurensis,"Hume, 1881",1881,gbif
Certhia nipalensis,Certhia nipalensis,"Blyth, 1845",1845,gbif
Certhia tianquanensis,Certhia tianquanensis,"G.Li, 1995",1995,gbif
Chaetops aurantius,Chaetops aurantius,"E.L.Layard, 1867",1867,gbif
Chaetops frenatus,Chaetops frenatus,"(Temminck, 1826)",1826,gbif
Chloropsis aurifrons,Chloropsis aurifrons,"(Temminck, 1829)",1829,gbif
Chloropsis cochinchinensis,Chloropsis cochinchinensis,"(Gmelin, 1789)",1789,gbif
Chloropsis cyanopogon,Chloropsis cyanopogon,"(Temminck, 1830)",1830,gbif
Chloropsis flavipennis,Chloropsis flavipennis,"(Tweeddale, 1878)",1878,gbif
Chloropsis hardwickii,Chloropsis hardwickii,"Jardine & Selby, 1830",1830,gbif
Chloropsis jerdoni,Chloropsis jerdoni,"(Blyth, 1844)",1844,gbif
Chloropsis kinabaluensis,Chloropsis kinabaluensis,"Sharpe, 1887",1887,gbif
Chloropsis lazulina,Chloropsis lazulina,"(Swinhoe, 1870)",1870,gbif
Chloropsis media,Chloropsis media,"(Bonaparte, 1850)",1850,gbif
Chloropsis moluccensis,Chloropsis moluccensis,"J.E.Gray, 1831",1831,gbif
Chloropsis palawanensis,Chloropsis palawanensis,"(Sharpe, 1877)",1877,gbif
Chloropsis sonnerati,Chloropsis sonnerati,"Jardine & Selby, 1827",1827,gbif
Chloropsis venusta,Chloropsis venusta,"(Bonaparte, 1850)",1850,gbif
Cinclus cinclus,Cinclus cinclus,"(Linnaeus, 1758)",1758,gbif
Cinclus leucocephalus,Cinclus leucocephalus,"Tschudi, 1844",1844,gbif
Cinclus mexicanus,Cinclus mexicanus,"Swainson, 1827",1827,gbif
Cinclus pallasii,Cinclus pallasii,"Temminck, 1820",1820,gbif
Cinclus schulzii,Cinclus schulzii,"Cabanis, 1882",1882,gbif
Cinclosoma ajax,Cinclosoma ajax,"(Temminck, 1836)",1836,gbif
Cinclosoma alisteri,Cinclosoma alisteri,"Mathews, 1910",1910,gbif
Cinclosoma castaneothorax,Cinclosoma castaneothorax,"Gould, 1849",1849,gbif
Cinclosoma castanotum,Cinclosoma castanotum,"Gould, 1840",1840,gbif
Cinclosoma cinnamomeum,Cinclosoma cinnamomeum,"Gould, 1846",1846,gbif
Cinclosoma marginatum,Cinclosoma marginatum,"Sharpe, 1883",1883,gbif
Cinclosoma punctatum,Cinclosoma punctatum,"(Shaw, 1795)",1795,gbif
Ptilorrhoa caerulescens,Ptilorrhoa caerulescens,"(Temminck, 1836)",1836,gbif
Ptilorrhoa castanonota,Ptilorrhoa castanonota,"(Salvadori, 1876)",1876,gbif
Ptilorrhoa geislerorum,Ptilorrhoa geislerorum,"(A.B.Meyer, 1892)",1892,gbif
Ptilorrhoa leucosticta,Ptilorrhoa leucosticta,"(P.L.Sclater, 1874)",1874,gbif
Apalis alticola,Apalis alticola,"(Shelley, 1899)",1899,gbif
Apalis argentea,Apalis argentea,"Moreau, 1941",1941,gbif
Apalis bamendae,Apalis bamendae,"Bannerman, 1922",1922,gbif
Apalis binotata,Apalis binotata,"Reichenow, 1895",1895,gbif
Apalis chapini,Apalis chapini,"Friedmann, 1928",1928,gbif
Apalis chariessa,Apalis chariessa,"Reichenow, 1879",1879,gbif
Apalis chirindensis,Apalis chirindensis,"Shelley, 1906",1906,gbif
Apalis cinerea,Apalis cinerea,"(Sharpe, 1891)",1891,gbif
Apalis flavida,Apalis flavida,"(Strickland, 1853)",1853,gbif
Apalis flavigularis,Apalis flavigularis,"Shelley, 1893",1893,gbif
Apalis flavocincta,Apalis flavocincta,"(Sharpe, 1882)",1882,gbif
Apalis fuscigularis,Apalis fuscigularis,"Moreau, 1938",1938,gbif
Apalis goslingi,Apalis goslingi,"Alexander, 1908",1908,gbif
Apalis jacksoni,Apalis jacksoni,"Sharpe, 1891",1891,gbif
Apalis kaboboensis,Apalis kaboboensis,"Prigogine, 1955",1955,gbif
Apalis karamojae,Apalis karamojae,"(Someren, 1921)",1921,gbif
Apalis lynesi,Apalis lynesi,"Vincent, 1933",1933,gbif
Apalis melanocephala,Apalis melanocephala,"(Fischer & Reichenow, 1884)",1884,gbif
Apalis nigriceps,Apalis nigriceps,"(Shelley, 1873)",1873,gbif
Apalis personata,Apalis personata,"Sharpe, 1902",1902,gbif
Apalis porphyrolaema,Apalis porphyrolaema,"Reichenow & Neumann, 1895",1895,gbif
Apalis ruddi,Apalis ruddi,"Grant, 1908",1908,gbif
Apalis rufogularis,Apalis rufogularis,"(Fraser, 1843)",1843,gbif
Apalis sharpii,Apalis sharpii,"Shelley, 1884",1884,gbif
Apalis thoracica,Apalis thoracica,"(Shaw, 1811)",1811,gbif
Artisornis metopias,Artisornis metopias,"(Reichenow, 1907)",1907,gbif
Artisornis moreaui,Artisornis moreaui,"(W.L.Sclater, 1931)",1931,gbif
Artisornis sousae,Artisornis sousae,"(Benson, 1945)",1945,gbif
Bathmocercus cerviniventris,Bathmocercus cerviniventris,"(Sharpe, 1877)",1877,gbif
Bathmocercus rufus,Bathmocercus rufus,"Reichenow, 1895",1895,gbif
Calamonastes fasciolatus,Calamonastes fasciolatus,"(A.Smith, 1847)",1847,gbif
Calamonastes simplex,Calamonastes simplex,"(Cabanis, 1878)",1878,gbif
Calamonastes stierlingi,Calamonastes stierlingi,"Reichenow, 1901",1901,gbif
Calamonastes undosus,Calamonastes undosus,"(Reichenow, 1882)",1882,gbif
Camaroptera brachyura,Camaroptera brachyura,"(Vieillot, 1821)",1821,gbif
Camaroptera chloronota,Camaroptera chloronota,"Reichenow, 1895",1895,gbif
Camaroptera harterti,Camaroptera harterti,"Zedlitz, 1911",1911,gbif
Camaroptera superciliaris,Camaroptera superciliaris,"(Fraser, 1843)",1843,gbif
Camaroptera toroensis,Camaroptera toroensis,"(Jackson, 1905)",1905,gbif
Cisticola aberdare,Cisticola aberdare,"Lynes, 1930",1930,gbif
Cisticola aberrans,Cisticola aberrans,"(A.Smith, 1843)",1843,gbif
Cisticola angusticauda,Cisticola angusticauda,"Reichenow, 1891",1891,gbif
Cisticola anonymus,Cisticola anonymus,"(J.W.von Müller, 1855)",1855,gbif
Cisticola aridulus,Cisticola aridulus,"Witherby, 1900",1900,gbif
Cisticola ayresii,Cisticola ayresii,"Hartlaub, 1863",1863,gbif
Cisticola bailunduensis,Cisticola bailunduensis,"Neumann, 1931",1931,gbif
Cisticola bodessa,Cisticola bodessa,"Mearns, 1913",1913,gbif
Cisticola brachypterus,Cisticola brachypterus,"(Sharpe, 1870)",1870,gbif
Cisticola brunnescens,Cisticola brunnescens,"Heuglin, 1862",1862,gbif
Cisticola bulliens,Cisticola bulliens,"Lynes, 1930",1930,gbif
Cisticola cantans,Cisticola cantans,"(Heuglin, 1869)",1869,gbif
Cisticola carruthersi,Cisticola carruthersi,"Ogilvie-Grant, 1909",1909,gbif
Cisticola cherina,Cisticola cherina,"(A.Smith, 1843)",1843,gbif
Cisticola chiniana,Cisticola chiniana,"(A.Smith, 1843)",1843,gbif
Cisticola chubbi,Cisticola chubbi,"Sharpe, 1892",1892,gbif
Cisticola cinereolus,Cisticola cinereolus,"Salvadori, 1888",1888,gbif
Cisticola cinnamomeus,Cisticola cinnamomeus,"Reichenow, 1904",1904,gbif
Cisticola dambo,Cisticola dambo,"Lynes, 1931",1931,gbif
Cisticola erythrops,Cisticola erythrops,"(Hartlaub, 1857)",1857,gbif
Cisticola exilis,Cisticola exilis,"(Vigors & Horsfield, 1827)",1827,gbif
Cisticola eximius,Cisticola eximius,"(Heuglin, 1869)",1869,gbif
Cisticola fulvicapilla,Cisticola fulvicapilla,"(Vieillot, 1817)",1817,gbif
Cisticola galactotes,Cisticola galactotes,"(Temminck, 1821)",1821,gbif
Cisticola guinea,Cisticola guinea,"Lynes, 1930",1930,gbif
Cisticola haematocephalus,Cisticola haematocephalus,"Cabanis, 1868",1868,gbif
Cisticola haesitatus,Cisticola haesitatus,"(P.L.Sclater & Hartlaub, 1881)",1881,gbif
Cisticola hunteri,Cisticola hunteri,"Shelley, 1889",1889,gbif
Cisticola juncidis,Cisticola juncidis,"(Rafinesque, 1810)",1810,gbif
Cisticola lais,Cisticola lais,"(Hartlaub & Finsch, 1870)",1870,gbif
Cisticola lateralis,Cisticola lateralis,"(Fraser, 1843)",1843,gbif
Cisticola luapula,Cisticola luapula,"Lynes, 1933",1933,gbif
Cisticola lugubris,Cisticola lugubris,"(Rüppell, 1840)",1840,gbif
Cisticola marginatus,Cisticola marginatus,"(Heuglin, 1869)",1869,gbif
Cisticola melanurus,Cisticola melanurus,"(Cabanis, 1882)",1882,gbif
Cisticola nana,Cisticola nana,"Fischer & Reichenow, 1884",1884,gbif
Cisticola natalensis,Cisticola natalensis,"(A.Smith, 1843)",1843,gbif
Cisticola nigriloris,Cisticola nigriloris,"Shelley, 1897",1897,gbif
Cisticola njombe,Cisticola njombe,"Lynes, 1933",1933,gbif
Cisticola pipiens,Cisticola pipiens,"Lynes, 1930",1930,gbif
Cisticola restrictus,Cisticola restrictus,"Traylor, 1967",1967,gbif
Cisticola robustus,Cisticola robustus,"(Rüppell, 1845)",1845,gbif
Cisticola ruficeps,Cisticola ruficeps,"(Cretzschmar, 1830)",1830,gbif
Cisticola rufilatus,Cisticola rufilatus,"(Hartlaub, 1870)",1870,gbif
Cisticola rufus,Cisticola rufus,"(Fraser, 1843)",1843,gbif
Cisticola subruficapilla,Cisticola subruficapilla,"(A.Smith, 1843)",1843,gbif
Cisticola textrix,Cisticola textrix,"(Vieillot, 1817)",1817,gbif
Cisticola tinniens,Cisticola tinniens,"(Lichtenstein, 1842)",1842,gbif
Cisticola troglodytes,Cisticola troglodytes,"(Antinori, 1864)",1864,gbif
Cisticola woosnami,Cisticola woosnami,"Ogilvie-Grant, 1908",1908,gbif
Drymocichla incana,Drymocichla incana,"Hartlaub, 1881",1881,gbif
Eminia lepida,Eminia lepida,"Hartlaub, 1881",1881,gbif
Eremomela atricollis,Eremomela atricollis,"Bocage, 1894",1894,gbif
Eremomela badiceps,Eremomela badiceps,"(Fraser, 1843)",1843,gbif
Eremomela canescens,Eremomela canescens,"Antinori, 1864",1864,gbif
Eremomela flavicrissalis,Eremomela flavicrissalis,"Sharpe, 1895",1895,gbif
Eremomela gregalis,Eremomela gregalis,"(A.Smith, 1829)",1829,gbif
Eremomela icteropygialis,Eremomela icteropygialis,"(Lafresnaye, 1839)",1839,gbif
Eremomela pusilla,Eremomela pusilla,"Hartlaub, 1857",1857,gbif
Eremomela scotops,Eremomela scotops,"Sundevall, 1850",1850,gbif
Eremomela turneri,Eremomela turneri,"Someren, 1920",1920,gbif
Eremomela usticollis,Eremomela usticollis,"Sundevall, 1850",1850,gbif
Euryptila subcinnamomea,Euryptila subcinnamomea,"(A.Smith, 1847)",1847,gbif
Hypergerus atriceps,Hypergerus atriceps,"(Lesson, 1831)",1831,gbif
Incana incana,Incana incana,"(P.L.Sclater & Hartlaub, 1881)",1881,gbif
Malcorus pectoralis,Malcorus pectoralis,"A.Smith, 1829",1829,gbif
Micromacronus leytensis,Micromacronus leytensis,"Amadon, 1962",1962,gbif
Micromacronus sordidus,Micromacronus sordidus,"Ripley & Rabor, 1968",1968,gbif
Neomixis pallidior,Neomixis pallidior,"Salomonsen, 1934",1934,gbif
Neomixis striatigula,Neomixis striatigula,"Sharpe, 1881",1881,gbif
Neomixis tenella,Neomixis tenella,"(Hartlaub, 1866)",1866,gbif
Neomixis viridis,Neomixis viridis,"(Sharpe, 1883)",1883,gbif
Oreolais pulcher,Oreolais pulcher,"(Sharpe, 1891)",1891,gbif
Oreolais ruwenzorii,Oreolais ruwenzorii,"(Jackson, 1904)",1904,gbif
Oreophilais robertsi,Oreophilais robertsi,"(Benson, 1946)",1946,gbif
Orthotomus atrogularis,Orthotomus atrogularis,"Temminck, 1836",1836,gbif
Orthotomus castaneiceps,Orthotomus castaneiceps,"Walden, 1872",1872,gbif
Orthotomus chaktomuk,Orthotomus chaktomuk,"Mahood, John, Eames, Oliveros, Moyle, Chamnan, Poole, Nielsen & Sheldon, 2013",2013,gbif
Orthotomus chloronotus,Orthotomus chloronotus,"Ogilvie-Grant, 1895",1895,gbif
Orthotomus cinereiceps,Orthotomus cinereiceps,"Sharpe, 1877",1877,gbif
Orthotomus derbianus,Orthotomus derbianus,"Moore, 1855",1855,gbif
Orthotomus frontalis,Orthotomus frontalis,"Sharpe, 1877",1877,gbif
Orthotomus nigriceps,Orthotomus nigriceps,"Tweeddale, 1878",1878,gbif
Orthotomus ruficeps,Orthotomus ruficeps,"(Lesson, 1830)",1830,gbif
Orthotomus samarensis,Orthotomus samarensis,"Steere, 1890",1890,gbif
Orthotomus sepium,Orthotomus sepium,"Horsfield, 1821",1821,gbif
Orthotomus sericeus,Orthotomus sericeus,"Temminck, 1836",1836,gbif
Orthotomus sutorius,Orthotomus sutorius,"(Pennant, 1769)",1769,gbif
Phragmacia substriata,Phragmacia substriata,"(A.Smith, 1842)",1842,gbif
Phyllolais pulchella,Phyllolais pulchella,"(Cretzschmar, 1830)",1830,gbif
Poliolais lopezi,Poliolais lopezi,"(Alexander, 1903)",1903,gbif
Prinia atrogularis,Prinia atrogularis,"(Moore, 1854)",1854,gbif
Prinia bairdii,Prinia bairdii,"(Cassin, 1855)",1855,gbif
Prinia buchanani,Prinia buchanani,"Blyth, 1844",1844,gbif
Prinia cinereocapilla,Prinia cinereocapilla,"Moore, 1854",1854,gbif
Prinia crinigera,Prinia crinigera,"Hodgson, 1836",1836,gbif
Prinia erythroptera,Prinia erythroptera,"(Jardine, 1849)",1849,gbif
Prinia familiaris,Prinia familiaris,"Horsfield, 1821",1821,gbif
Prinia flavicans,Prinia flavicans,"(Vieillot, 1821)",1821,gbif
Prinia flaviventris,Prinia flaviventris,"(Delessert, 1840)",1840,gbif
Prinia fluviatilis,Prinia fluviatilis,"Chappuis, 1974",1974,gbif
Prinia gracilis,Prinia gracilis,"(Lichtenstein, 1823)",1823,gbif
Prinia hodgsonii,Prinia hodgsonii,"Blyth, 1844",1844,gbif
Prinia hypoxantha,Prinia hypoxantha,"(Sharpe, 1877)",1877,gbif
Prinia inornata,Prinia inornata,"Sykes, 1832",1832,gbif
Prinia khasiana,Prinia khasiana,"(Godwin-Austen, 1876)",1876,gbif
Prinia maculosa,Prinia maculosa,"(Boddaert, 1783)",1783,gbif
Prinia molleri,Prinia molleri,"Bocage, 1887",1887,gbif
Prinia polychroa,Prinia polychroa,"(Temminck, 1828)",1828,gbif
Prinia rufescens,Prinia rufescens,"Blyth, 1847",1847,gbif
Prinia rufifrons,Prinia rufifrons,"Rüppell, 1840",1840,gbif
Prinia socialis,Prinia socialis,"Sykes, 1832",1832,gbif
Prinia somalica,Prinia somalica,"(Elliot, 1897)",1897,gbif
Prinia sonitans,Prinia sonitans,"Swinhoe, 1860",1860,gbif
Prinia subflava,Prinia subflava,"(Gmelin, 1789)",1789,gbif
Prinia superciliaris,Prinia superciliaris,"(Anderson, 1871)",1871,gbif
Prinia sylvatica,Prinia sylvatica,"Jerdon, 1840",1840,gbif
Scepomycter winifredae,Scepomycter winifredae,"(Moreau, 1938)",1938,gbif
Schistolais leontica,Schistolais leontica,"(Bates, 1930)",1930,gbif
Schistolais leucopogon,Schistolais leucopogon,"(Cabanis, 1875)",1875,gbif
Spiloptila clamans,Spiloptila clamans,"(Cretzschmar, 1826)",1826,gbif
Urolais epichlorus,Urolais epichlorus,"(Reichenow, 1892)",1892,gbif
Climacteris affinis,Climacteris affinis,"Blyth, 1864",1864,gbif
Climacteris erythrops,Climacteris erythrops,"Gould, 1841",1841,gbif
Climacteris melanurus,Climacteris melanurus,"Gould, 1843",1843,gbif
Climacteris picumnus,Climacteris picumnus,"Temminck, 1824",1824,gbif
Climacteris rufus,Climacteris rufus,"Gould, 1841",1841,gbif
Cormobates leucophaea,Cormobates leucophaea,"(Latham, 1802)",1802,gbif
Cormobates placens,Cormobates placens,"(P.L.Sclater, 1874)",1874,gbif
Cnemophilus loriae,Cnemophilus loriae,"(Salvadori, 1895)",1895,gbif
Cnemophilus macgregorii,Cnemophilus macgregorii,"De Vis, 1890",1890,gbif
Cnemophilus sanguineus,Cnemophilus sanguineus,"Iredale, 1948",1948,gbif
Loboparadisea sericea,Loboparadisea sericea,"Rothschild, 1896",1896,gbif
Conopophaga ardesiaca,Conopophaga ardesiaca,"Orbigny & Lafresnaye, 1837",1837,gbif
Conopophaga aurita,Conopophaga aurita,"(Gmelin, 1789)",1789,gbif
Conopophaga castaneiceps,Conopophaga castaneiceps,"P.L.Sclater, 1857",1857,gbif
Conopophaga cearae,Conopophaga cearae,"Cory, 1916",1916,gbif
Conopophaga lineata,Conopophaga lineata,"(Wied-Neuwied, 1831)",1831,gbif
Conopophaga melanogaster,Conopophaga melanogaster,"Ménétriés, 1835",1835,gbif
Conopophaga melanops,Conopophaga melanops,"(Vieillot, 1818)",1818,gbif
Conopophaga peruviana,Conopophaga peruviana,"Des Murs, 1856",1856,gbif
Conopophaga roberti,Conopophaga roberti,"Hellmayr, 1905",1905,gbif
Conopophaga snethlageae,Conopophaga snethlageae,"Berlepsch, 1912",1912,gbif
Pittasoma michleri,Pittasoma michleri,"Cassin, 1860",1860,gbif
Pittasoma rufopileatum,Pittasoma rufopileatum,"Hartert, 1901",1901,gbif
Corcorax melanorhamphos,Corcorax melanorhamphos,"(Vieillot, 1817)",1817,col
Struthidea cinerea,Struthidea cinerea,"Gould, 1837",1837,gbif
Aphelocoma californica,Aphelocoma californica,"(Vigors, 1839)",1839,gbif
Aphelocoma coerulescens,Aphelocoma coerulescens,"(Bosc, 1795)",1795,gbif
Aphelocoma ultramarina,Aphelocoma ultramarina,"(Bonaparte, 1825)",1825,gbif
Aphelocoma unicolor,Aphelocoma unicolor,"(Du Bus de Gisignies, 1847)",1847,gbif
Aphelocoma wollweberi,Aphelocoma wollweberi,"Kaup, 1855",1855,gbif
Cissa chinensis,Cissa chinensis,"(Boddaert, 1783)",1783,gbif
Cissa hypoleuca,Cissa hypoleuca,"Salvadori & Giglioli, 1885",1885,gbif
Cissa jefferyi,Cissa jefferyi,"Sharpe, 1888",1888,gbif
Cissa thalassina,Cissa thalassina,"(Temminck, 1826)",1826,gbif
Corvus albicollis,Corvus albicollis,"Latham, 1790",1790,gbif
Corvus albus,Corvus albus,"Statius Muller, 1776",1776,gbif
Corvus bennetti,Corvus bennetti,"North, 1901",1901,gbif
Corvus brachyrhynchos,Corvus brachyrhynchos,"C.L.Brehm, 1822",1822,gbif
Corvus capensis,Corvus capensis,"Lichtenstein, 1823",1823,gbif
Corvus caurinus,Corvus caurinus,"S.F.Baird, 1858",1858,gbif
Corvus corax,Corvus corax,"Linnaeus, 1758",1758,gbif
Corvus corone,Corvus corone,"Linnaeus, 1758",1758,gbif
Corvus coronoides,Corvus coronoides,"Vigors & Horsfield, 1827",1827,gbif
Corvus crassirostris,Corvus crassirostris,"Rüppell, 1836",1836,gbif
Corvus cryptoleucus,Corvus cryptoleucus,"Couch, 1854",1854,gbif
Corvus dauuricus,Corvus dauuricus,"Pallas, 1776",1776,gbif
Corvus edithae,Corvus edithae,"Lort Phillips, 1895",1895,gbif
Corvus enca,Corvus enca,"(Horsfield, 1821)",1821,gbif
Corvus florensis,Corvus florensis,"Büttikofer, 1894",1894,gbif
Corvus frugilegus,Corvus frugilegus,"Linnaeus, 1758",1758,gbif
Corvus fuscicapillus,Corvus fuscicapillus,"G.R.Gray, 1859",1859,gbif
Corvus hawaiiensis,Corvus hawaiiensis,"Peale, 1848",1848,gbif
Corvus imparatus,Corvus imparatus,"J.L.Peters, 1929",1929,gbif
Corvus insularis,Corvus insularis,"Heinroth, 1903",1903,gbif
Corvus jamaicensis,Corvus jamaicensis,"Gmelin, 1788",1788,gbif
Corvus kubaryi,Corvus kubaryi,"Reichenow, 1885",1885,gbif
Corvus leucognaphalus,Corvus leucognaphalus,"Daudin, 1800",1800,gbif
Corvus macrorhynchos,Corvus macrorhynchos,"Wagler, 1827",1827,gbif
Corvus meeki,Corvus meeki,"Rothschild, 1904",1904,gbif
Corvus mellori,Corvus mellori,"Mathews, 1912",1912,gbif
Corvus monedula,Corvus monedula,"Linnaeus, 1758",1758,gbif
Corvus moneduloides,Corvus moneduloides,"Lesson, 1831",1831,gbif
Corvus nasicus,Corvus nasicus,"Temminck, 1826",1826,gbif
Corvus orru,Corvus orru,"Bonaparte, 1850",1850,gbif
Corvus ossifragus,Corvus ossifragus,"A.Wilson, 1812",1812,gbif
Corvus palmarum,Corvus palmarum,"Württemberg, 1835",1835,gbif
Corvus pectoralis,Corvus pectoralis,"Gould, 1836",1836,gbif
Corvus rhipidurus,Corvus rhipidurus,"Hartert, 1918",1918,gbif
Corvus ruficollis,Corvus ruficollis,"Lesson, 1831",1831,gbif
Corvus sinaloae,Corvus sinaloae,"L.I.Davis, 1958",1958,gbif
Corvus splendens,Corvus splendens,"Vieillot, 1817",1817,gbif
Corvus tasmanicus,Corvus tasmanicus,"Mathews, 1912",1912,gbif
Corvus tristis,Corvus tristis,"Lesson & Garnot, 1827",1827,gbif
Corvus typicus,Corvus typicus,"(Bonaparte, 1853)",1853,gbif
Corvus unicolor,Corvus unicolor,"(Rothschild & Hartert, 1900)",1900,gbif
Corvus validus,Corvus validus,"Bonaparte, 1850",1850,gbif
Corvus violaceus,Corvus violaceus,"Bonaparte, 1850",1850,gbif
Corvus woodfordi,Corvus woodfordi,"(Ogilvie-Grant, 1887)",1887,gbif
Crypsirina cucullata,Crypsirina cucullata,"Jerdon, 1862",1862,gbif
Crypsirina temia,Crypsirina temia,"(Daudin, 1800)",1800,gbif
Cyanocitta cristata,Cyanocitta cristata,"(Linnaeus, 1758)",1758,gbif
Cyanocitta stelleri,Cyanocitta stelleri,"(Gmelin, 1788)",1788,gbif
Cyanocorax affinis,Cyanocorax affinis,"Pelzeln, 1856",1856,gbif
Cyanocorax beecheii,Cyanocorax beecheii,"(Vigors, 1829)",1829,gbif
Cyanocorax cayanus,Cyanocorax cayanus,"(Linnaeus, 1766)",1766,gbif
Cyanocorax chrysops,Cyanocorax chrysops,"(Vieillot, 1818)",1818,gbif
Cyanocorax coeruleus,Cyanocorax coeruleus,"(Vieillot, 1818)",1818,gbif
Cyanocorax colliei,Cyanocorax colliei,"(Vigors, 1829)",1829,gbif
Cyanocorax cristatellus,Cyanocorax cristatellus,"(Temminck, 1823)",1823,gbif
Cyanocorax cyanomelas,Cyanocorax cyanomelas,"(Vieillot, 1818)",1818,gbif
Cyanocorax cyanopogon,Cyanocorax cyanopogon,"(Wied-Neuwied, 1821)",1821,gbif
Cyanocorax dickeyi,Cyanocorax dickeyi,"R.T.Moore, 1935",1935,gbif
Cyanocorax formosus,Cyanocorax formosus,"(Swainson, 1827)",1827,gbif
Cyanocorax hafferi,Cyanocorax hafferi,"Cohn-Haft, Santos, Fernandes & Ribas, 2013",2013,gbif
Cyanocorax heilprini,Cyanocorax heilprini,"Gentry, 1885",1885,gbif
Cyanocorax melanocyaneus,Cyanocorax melanocyaneus,"(Hartlaub, 1844)",1844,gbif
Cyanocorax morio,Cyanocorax morio,"(Wagler, 1829)",1829,gbif
Cyanocorax mystacalis,Cyanocorax mystacalis,"(Sparre, 1835)",1835,gbif
Cyanocorax sanblasianus,Cyanocorax sanblasianus,"(Lafresnaye, 1842)",1842,gbif
Cyanocorax violaceus,Cyanocorax violaceus,"Du Bus de Gisignies, 1847",1847,gbif
Cyanocorax yncas,Cyanocorax yncas,"(Boddaert, 1783)",1783,gbif
Cyanocorax yucatanicus,Cyanocorax yucatanicus,"(Dubois, 1875)",1875,gbif
Cyanolyca argentigula,Cyanolyca argentigula,"(Lawrence, 1875)",1875,gbif
Cyanolyca armillata,Cyanolyca armillata,"(G.R.Gray, 1845)",1845,gbif
Cyanolyca cucullata,Cyanolyca cucullata,"(Ridgway, 1885)",1885,gbif
Cyanolyca mirabilis,Cyanolyca mirabilis,"Nelson, 1903",1903,gbif
Cyanolyca nanus,Cyanolyca nanus,"(Du Bus de Gisignies, 1847)",1847,gbif
Cyanolyca pulchra,Cyanolyca pulchra,"(Lawrence, 1876)",1876,gbif
Cyanolyca pumilo,Cyanolyca pumilo,"(Strickland, 1849)",1849,gbif
Cyanolyca quindiuna,Cyanolyca quindiuna,"(Sclater & Salvin, 1876)",1876,gbif
Cyanolyca turcosa,Cyanolyca turcosa,"(Bonaparte, 1853)",1853,gbif
Cyanolyca viridicyanus,Cyanolyca viridicyanus,"(Orbigny & Lafresnaye, 1838)",1838,gbif
Cyanopica cooki,Cyanopica cooki,"Bonaparte, 1850",1850,gbif
Cyanopica cyanus,Cyanopica cyanus,"(Pallas, 1776)",1776,gbif
Dendrocitta bayleii,Dendrocitta bayleii,"Tytler, 1863",1863,gbif
Dendrocitta cinerascens,Dendrocitta cinerascens,"Sharpe, 1879",1879,gbif
Dendrocitta formosae,Dendrocitta formosae,"Swinhoe, 1863",1863,gbif
Dendrocitta frontalis,Dendrocitta frontalis,"Horsfield, 1840",1840,gbif
Dendrocitta leucogastra,Dendrocitta leucogastra,"Gould, 1833",1833,gbif
Dendrocitta occipitalis,Dendrocitta occipitalis,"(S.Muller, 1836)",1836,gbif
Dendrocitta vagabunda,Dendrocitta vagabunda,"(Latham, 1790)",1790,gbif
Garrulus bispecularis,Garrulus bispecularis,"Vigors, 1831",1831,gbif
Garrulus glandarius,Garrulus glandarius,"(Linnaeus, 1758)",1758,gbif
Garrulus lanceolatus,Garrulus lanceolatus,"Vigors, 1831",1831,gbif
Garrulus leucotis,Garrulus leucotis,"Hume, 1874",1874,gbif
Garrulus lidthi,Garrulus lidthi,"Bonaparte, 1850",1850,gbif
Gymnorhinus cyanocephalus,Gymnorhinus cyanocephalus,"Wied-Neuwied, 1841",1841,gbif
Nucifraga caryocatactes,Nucifraga caryocatactes,"(Linnaeus, 1758)",1758,gbif
Nucifraga columbiana,Nucifraga columbiana,"(A.Wilson, 1811)",1811,gbif
Nucifraga hemispila,Nucifraga hemispila,"Vigors, 1831",1831,gbif
Nucifraga multipunctata,Nucifraga multipunctata,"Gould, 1849",1849,gbif
Perisoreus canadensis,Perisoreus canadensis,"(Linnaeus, 1766)",1766,gbif
Perisoreus infaustus,Perisoreus infaustus,"(Linnaeus, 1758)",1758,gbif
Perisoreus internigrans,Perisoreus internigrans,"(Thayer & Bangs, 1912)",1912,gbif
Pica asirensis,Pica asirensis,"G.L.Bates, 1936",1936,gbif
Pica hudsonia,Pica hudsonia,"(Sabine, 1823)",1823,gbif
Pica mauritanica,Pica mauritanica,"Malherbe, 1845",1845,gbif
Pica nutalli,Pica nutalli,"(Audubon, 1837)",1837,col
Pica pica,Pica pica,"(Linnaeus, 1758)",1758,gbif
Platysmurus aterrimus,Platysmurus aterrimus,"(Temminck, 1829)",1829,gbif
Platysmurus leucopterus,Platysmurus leucopterus,"(Temminck, 1824)",1824,gbif
Podoces biddulphi,Podoces biddulphi,"Hume, 1874",1874,gbif
Podoces hendersoni,Podoces hendersoni,"Hume, 1871",1871,gbif
Podoces panderi,Podoces panderi,"Fischer von Waldheim, 1821",1821,gbif
Podoces pleskei,Podoces pleskei,"Zarudny, 1896",1896,gbif
Ptilostomus afer,Ptilostomus afer,"(Linnaeus, 1766)",1766,gbif
Pyrrhocorax graculus,Pyrrhocorax graculus,"(Linnaeus, 1766)",1766,gbif
Pyrrhocorax pyrrhocorax,Pyrrhocorax pyrrhocorax,"(Linnaeus, 1758)",1758,gbif
Temnurus temnurus,Temnurus temnurus,"(Temminck, 1825)",1825,gbif
Urocissa caerulea,Urocissa caerulea,"Gould, 1863",1863,gbif
Urocissa erythroryncha,Urocissa erythroryncha,"(Boddaert, 1783)",1783,gbif
Urocissa flavirostris,Urocissa flavirostris,"(Blyth, 1846)",1846,gbif
Urocissa ornata,Urocissa ornata,"(Wagler, 1829)",1829,gbif
Urocissa whiteheadi,Urocissa whiteheadi,"Ogilvie-Grant, 1899",1899,gbif
Urocissa xanthomelana,Urocissa xanthomelana,"(Delacour, 1927)",1927,gbif
Zavattariornis stresemanni,Zavattariornis stresemanni,"Moltoni, 1938",1938,gbif
Ampelioides tschudii,Ampelioides tschudii,"(G.R.Gray, 1846)",1846,gbif
Ampelion rubrocristatus,Ampelion rubrocristatus,"(Orbigny & Lafresnaye, 1837)",1837,gbif
Ampelion rufaxilla,Ampelion rufaxilla,"(Tschudi, 1844)",1844,gbif
Carpodectes antoniae,Carpodectes antoniae,"Ridgway, 1884",1884,gbif
Carpodectes hopkei,Carpodectes hopkei,"Berlepsch, 1897",1897,gbif
Carpodectes nitidus,Carpodectes nitidus,"Salvin, 1865",1865,gbif
Carpornis cucullata,Carpornis cucullata,"(Swainson, 1821)",1821,gbif
Carpornis melanocephala,Carpornis melanocephala,"(Wied-Neuwied, 1820)",1820,gbif
Cephalopterus glabricollis,Cephalopterus glabricollis,"Gould, 1851",1851,gbif
Cephalopterus ornatus,Cephalopterus ornatus,"E.Geoffroy Saint-Hilaire, 1809",1809,gbif
Cephalopterus penduliger,Cephalopterus penduliger,"P.L.Sclater, 1859",1859,gbif
Conioptilon mcilhennyi,Conioptilon mcilhennyi,"Lowery & O'Neill, 1966",1966,gbif
Cotinga amabilis,Cotinga amabilis,"Gould, 1857",1857,gbif
Cotinga cayana,Cotinga cayana,"(Linnaeus, 1766)",1766,gbif
Cotinga cotinga,Cotinga cotinga,"(Linnaeus, 1766)",1766,gbif
Cotinga maculata,Cotinga maculata,"(Statius Muller, 1776)",1776,gbif
Cotinga maynana,Cotinga maynana,"(Linnaeus, 1766)",1766,gbif
Cotinga nattererii,Cotinga nattererii,"(Boissonneau, 1840)",1840,gbif
Cotinga ridgwayi,Cotinga ridgwayi,"Ridgway, 1887",1887,gbif
Doliornis remseni,Doliornis remseni,"Robbins, G.H.Rosenberg & F.S.Molina, 1994",1994,gbif
Doliornis sclateri,Doliornis sclateri,"Taczanowski, 1874",1874,gbif
Gymnoderus foetidus,Gymnoderus foetidus,"(Linnaeus, 1758)",1758,gbif
Haematoderus militaris,Haematoderus militaris,"(Shaw, 1792)",1792,gbif
Lipaugus ater,Lipaugus ater,"(Férussac, 1829)",1829,gbif
Lipaugus conditus,Lipaugus conditus,"(Snow, 1980)",1980,gbif
Lipaugus fuscocinereus,Lipaugus fuscocinereus,"(Lafresnaye, 1843)",1843,gbif
Lipaugus lanioides,Lipaugus lanioides,"(Lesson, 1844)",1844,gbif
Lipaugus streptophorus,Lipaugus streptophorus,"(Salvin & Godman, 1884)",1884,gbif
Lipaugus unirufus,Lipaugus unirufus,"P.L.Sclater, 1860",1860,gbif
Lipaugus uropygialis,Lipaugus uropygialis,"(P.L.Sclater & Salvin, 1876)",1876,gbif
Lipaugus vociferans,Lipaugus vociferans,"(Wied-Neuwied, 1820)",1820,gbif
Lipaugus weberi,Lipaugus weberi,"A.M.Cuervo, P.G.W.Salaman, T.M.Donegan & J.M.Ochoa, 2001",2001,gbif
Perissocephalus tricolor,Perissocephalus tricolor,"(Statius Muller, 1776)",1776,gbif
Phibalura boliviana,Phibalura boliviana,"Chapman, 1930",1930,gbif
Phibalura flavirostris,Phibalura flavirostris,"Vieillot, 1816",1816,gbif
Phoenicircus carnifex,Phoenicircus carnifex,"(Linnaeus, 1758)",1758,gbif
Phoenicircus nigricollis,Phoenicircus nigricollis,"Swainson, 1832",1832,gbif
Phytotoma raimondii,Phytotoma raimondii,"Taczanowski, 1883",1883,gbif
Phytotoma rara,Phytotoma rara,"Molina, 1782",1782,gbif
Phytotoma rutila,Phytotoma rutila,"Vieillot, 1818",1818,gbif
Pipreola arcuata,Pipreola arcuata,"(Lafresnaye, 1843)",1843,gbif
Pipreola aureopectus,Pipreola aureopectus,"(Lafresnaye, 1843)",1843,gbif
Pipreola chlorolepidota,Pipreola chlorolepidota,"Swainson, 1838",1838,gbif
Pipreola formosa,Pipreola formosa,"(Hartlaub, 1849)",1849,gbif
Pipreola frontalis,Pipreola frontalis,"(P.L.Sclater, 1859)",1859,gbif
Pipreola intermedia,Pipreola intermedia,"Taczanowski, 1884",1884,gbif
Pipreola jucunda,Pipreola jucunda,"P.L.Sclater, 1860",1860,gbif
Pipreola lubomirskii,Pipreola lubomirskii,"Taczanowski, 1879",1879,gbif
Pipreola pulchra,Pipreola pulchra,"(Hellmayr, 1917)",1917,gbif
Pipreola riefferii,Pipreola riefferii,"(Boissonneau, 1840)",1840,gbif
Pipreola squamipectus,Pipreola squamipectus,"(Chapman, 1925)",1925,gbif
Pipreola whitelyi,Pipreola whitelyi,"Salvin & Godman, 1884",1884,gbif
Porphyrolaema porphyrolaema,Porphyrolaema porphyrolaema,"(Deville & P.L.Sclater, 1852)",1852,gbif
Procnias albus,Procnias albus,"(Hermann, 1783)",1783,gbif
Procnias averano,Procnias averano,"(Hermann, 1783)",1783,gbif
Procnias nudicollis,Procnias nudicollis,"(Vieillot, 1817)",1817,gbif
Procnias tricarunculatus,Procnias tricarunculatus,"(J.Verreaux & E.Verreaux, 1853)",1853,gbif
Pyroderus scutatus,Pyroderus scutatus,"(Shaw, 1792)",1792,gbif
Querula purpurata,Querula purpurata,"(Statius Muller, 1776)",1776,gbif
Rupicola peruvianus,Rupicola peruvianus,"(Latham, 1790)",1790,gbif
Rupicola rupicola,Rupicola rupicola,"(Linnaeus, 1766)",1766,gbif
Snowornis cryptolophus,Snowornis cryptolophus,"(P.L.Sclater & Salvin, 1877)",1877,gbif
Snowornis subalaris,Snowornis subalaris,"(P.L.Sclater, 1861)",1861,gbif
Xipholena atropurpurea,Xipholena atropurpurea,"(Wied-Neuwied, 1820)",1820,gbif
Xipholena lamellipennis,Xipholena lamellipennis,"(Lafresnaye, 1839)",1839,gbif
Xipholena punicea,Xipholena punicea,"(Pallas, 1764)",1764,gbif
Zaratornis stresemanni,Zaratornis stresemanni,"Koepcke, 1954",1954,gbif
Dasyornis brachypterus,Dasyornis brachypterus,"(Latham, 1802)",1802,gbif
Dasyornis broadbenti,Dasyornis broadbenti,"(McCoy, 1867)",1867,gbif
Dasyornis longirostris,Dasyornis longirostris,"Gould, 1841",1841,gbif
Dicaeum aeneum,Dicaeum aeneum,"Pucheran, 1853",1853,gbif
Dicaeum agile,Dicaeum agile,"(Tickell, 1833)",1833,gbif
Dicaeum annae,Dicaeum annae,"(Büttikofer, 1894)",1894,gbif
Dicaeum anthonyi,Dicaeum anthonyi,"(McGregor, 1914)",1914,gbif
Dicaeum aureolimbatum,Dicaeum aureolimbatum,"(Wallace, 1865)",1865,gbif
Dicaeum australe,Dicaeum australe,"(Hermann, 1783)",1783,gbif
Dicaeum beccarii,Dicaeum beccarii,"Robinson & Kloss, 1916",1916,gbif
Dicaeum bicolor,Dicaeum bicolor,"(Bourns & Worcester, 1894)",1894,gbif
Dicaeum cambodianum,Dicaeum cambodianum,"(Delacour & Jabouille, 1928)",1928,gbif
Dicaeum celebicum,Dicaeum celebicum,"S.Muller, 1843",1843,gbif
Dicaeum chrysorrheum,Dicaeum chrysorrheum,"Temminck, 1829",1829,gbif
Dicaeum concolor,Dicaeum concolor,"Jerdon, 1840",1840,gbif
Dicaeum cruentatum,Dicaeum cruentatum,"(Linnaeus, 1758)",1758,gbif
Dicaeum dayakorum,Dicaeum dayakorum,"Saucier, Milensky, Caraballo-Ortiz, Ragai, Dahlan, Edwards & DP, 2019",2019,gbif
Dicaeum erythrorhynchos,Dicaeum erythrorhynchos,"(Latham, 1790)",1790,gbif
Dicaeum erythrothorax,Dicaeum erythrothorax,"Lesson, 1828",1828,gbif
Dicaeum everetti,Dicaeum everetti,"(Sharpe, 1877)",1877,gbif
Dicaeum eximium,Dicaeum eximium,"P.L.Sclater, 1877",1877,gbif
Dicaeum geelvinkianum,Dicaeum geelvinkianum,"A.B.Meyer, 1874",1874,gbif
Dicaeum haematostictum,Dicaeum haematostictum,"Sharpe, 1876",1876,gbif
Dicaeum hanieli,Dicaeum hanieli,"(Hellmayr, 1912)",1912,gbif
Dicaeum hirundinaceum,Dicaeum hirundinaceum,"(Shaw, 1792)",1792,gbif
Dicaeum hypoleucum,Dicaeum hypoleucum,"Sharpe, 1876",1876,gbif
Dicaeum ignicolle,Dicaeum ignicolle,"Gray, 1858",1858,gbif
Dicaeum igniferum,Dicaeum igniferum,"Wallace, 1864",1864,gbif
Dicaeum ignipectus,Dicaeum ignipectus,"(Blyth, 1843)",1843,gbif
Dicaeum kampalili,Dicaeum kampalili,"Manuel & Gilliard, 1953",1953,gbif
Dicaeum keiense,Dicaeum keiense,"(Salvadori, 1874)",1874,gbif
Dicaeum luzoniense,Dicaeum luzoniense,"Ogilvie-Grant, 1894",1894,gbif
Dicaeum maugei,Dicaeum maugei,"Lesson, 1830",1830,gbif
Dicaeum melanozanthum,Dicaeum melanozanthum,"(Blyth, 1843)",1843,gbif
Dicaeum minullum,Dicaeum minullum,"Swinhoe, 1870",1870,gbif
Dicaeum monticolum,Dicaeum monticolum,"Sharpe, 1887",1887,gbif
Dicaeum nehrkorni,Dicaeum nehrkorni,"W.Blasius, 1886",1886,gbif
Dicaeum nigrilore,Dicaeum nigrilore,"Hartert, 1904",1904,gbif
Dicaeum nitidum,Dicaeum nitidum,"Tristram, 1889",1889,gbif
Dicaeum pectorale,Dicaeum pectorale,"S.Muller, 1843",1843,gbif
Dicaeum proprium,Dicaeum proprium,"Ripley & Rabor, 1966",1966,gbif
Dicaeum pygmaeum,Dicaeum pygmaeum,"(Kittlitz, 1833)",1833,gbif
Dicaeum quadricolor,Dicaeum quadricolor,"(Tweeddale, 1878)",1878,gbif
Dicaeum retrocinctum,Dicaeum retrocinctum,"Gould, 1872",1872,gbif
Dicaeum sanguinolentum,Dicaeum sanguinolentum,"Temminck, 1829",1829,gbif
Dicaeum schistaceiceps,Dicaeum schistaceiceps,"G.R.Gray, 1861",1861,gbif
Dicaeum trigonostigma,Dicaeum trigonostigma,"(Scopoli, 1786)",1786,gbif
Dicaeum tristrami,Dicaeum tristrami,"Sharpe, 1884",1884,gbif
Dicaeum trochileum,Dicaeum trochileum,"(Sparrman, 1789)",1789,gbif
Dicaeum vincens,Dicaeum vincens,"(P.L.Sclater, 1872)",1872,gbif
Dicaeum vulneratum,Dicaeum vulneratum,"Wallace, 1863",1863,gbif
Dicaeum wilhelminae,Dicaeum wilhelminae,"(Büttikofer, 1892)",1892,gbif
Prionochilus maculatus,Prionochilus maculatus,"(Temminck, 1836)",1836,gbif
Prionochilus olivaceus,Prionochilus olivaceus,"Tweeddale, 1877",1877,gbif
Prionochilus percussus,Prionochilus percussus,"(Temminck, 1826)",1826,gbif
Prionochilus plateni,Prionochilus plateni,"W.Blasius, 1888",1888,gbif
Prionochilus thoracicus,Prionochilus thoracicus,"(Temminck, 1836)",1836,gbif
Prionochilus xanthopygius,Prionochilus xanthopygius,"Salvadori, 1868",1868,gbif
Dicrurus adsimilis,Dicrurus adsimilis,"(Bechstein, 1794)",1794,gbif
Dicrurus aeneus,Dicrurus aeneus,"Vieillot, 1817",1817,gbif
Dicrurus aldabranus,Dicrurus aldabranus,"(Ridgway, 1893)",1893,gbif
Dicrurus andamanensis,Dicrurus andamanensis,"Beavan, 1867",1867,gbif
Dicrurus annectens,Dicrurus annectens,"(Hodgson, 1836)",1836,gbif
Dicrurus atripennis,Dicrurus atripennis,"Swainson, 1837",1837,gbif
Dicrurus balicassius,Dicrurus balicassius,"(Linnaeus, 1766)",1766,gbif
Dicrurus bracteatus,Dicrurus bracteatus,"Gould, 1843",1843,gbif
Dicrurus caerulescens,Dicrurus caerulescens,"(Linnaeus, 1758)",1758,gbif
Dicrurus densus,Dicrurus densus,"(Bonaparte, 1850)",1850,gbif
Dicrurus forficatus,Dicrurus forficatus,"(Linnaeus, 1766)",1766,gbif
Dicrurus fuscipennis,Dicrurus fuscipennis,"(Milne-Edwards & Oustalet, 1887)",1887,gbif
Dicrurus hottentottus,Dicrurus hottentottus,"(Linnaeus, 1766)",1766,gbif
Dicrurus leucophaeus,Dicrurus leucophaeus,"Vieillot, 1817",1817,gbif
Dicrurus lophorinus,Dicrurus lophorinus,"Vieillot, 1817",1817,gbif
Dicrurus ludwigii,Dicrurus ludwigii,"(A.Smith, 1834)",1834,gbif
Dicrurus macrocercus,Dicrurus macrocercus,"Vieillot, 1817",1817,gbif
Dicrurus megarhynchus,Dicrurus megarhynchus,"(Quoy & Gaimard, 1830)",1830,gbif
Dicrurus menagei,Dicrurus menagei,"(Bourns & Worcester, 1894)",1894,gbif
Dicrurus modestus,Dicrurus modestus,"Hartlaub, 1849",1849,gbif
Dicrurus montanus,Dicrurus montanus,"(Riley, 1919)",1919,gbif
Dicrurus paradiseus,Dicrurus paradiseus,"(Linnaeus, 1766)",1766,gbif
Dicrurus remifer,Dicrurus remifer,"(Temminck, 1823)",1823,gbif
Dicrurus striatus,Dicrurus striatus,"Tweeddale, 1877",1877,gbif
Dicrurus sumatranus,Dicrurus sumatranus,"R.G.W.Ramsay, 1880",1880,gbif
Dicrurus waldenii,Dicrurus waldenii,"Schlegel, 1865",1865,gbif
Donacobius atricapilla,Donacobius atricapilla,"(Linnaeus, 1766)",1766,gbif
Dulus dominicus,Dulus dominicus,"(Linnaeus, 1766)",1766,gbif
Elachura formosa,Elachura formosa,"(Walden, 1874)",1874,gbif
Emberiza affinis,Emberiza affinis,"Heuglin, 1867",1867,gbif
Emberiza aureola,Emberiza aureola,"Pallas, 1773",1773,gbif
Emberiza bruniceps,Emberiza bruniceps,"J.F.Brandt, 1841",1841,gbif
Emberiza buchanani,Emberiza buchanani,"Blyth, 1845",1845,gbif
Emberiza cabanisi,Emberiza cabanisi,"(Reichenow, 1875)",1875,gbif
Emberiza caesia,Emberiza caesia,"Cretzschmar, 1827",1827,gbif
Emberiza calandra,Emberiza calandra,"Linnaeus, 1758",1758,gbif
Emberiza capensis,Emberiza capensis,"Linnaeus, 1767",1767,gbif
Emberiza chrysophrys,Emberiza chrysophrys,"Pallas, 1776",1776,gbif
Emberiza cia,Emberiza cia,"Linnaeus, 1767",1767,gbif
Emberiza cineracea,Emberiza cineracea,"C.L.Brehm, 1855",1855,gbif
Emberiza cioides,Emberiza cioides,"J.F.Brandt, 1843",1843,gbif
Emberiza cirlus,Emberiza cirlus,"Linnaeus, 1767",1767,gbif
Emberiza citrinella,Emberiza citrinella,"Linnaeus, 1758",1758,gbif
Emberiza elegans,Emberiza elegans,"Temminck, 1836",1836,gbif
Emberiza flaviventris,Emberiza flaviventris,"Stephens, 1815",1815,gbif
Emberiza fucata,Emberiza fucata,"Pallas, 1776",1776,gbif
Emberiza godlewskii,Emberiza godlewskii,"Taczanowski, 1874",1874,gbif
Emberiza goslingi,Emberiza goslingi,"(Alexander, 1906)",1906,gbif
Emberiza hortulana,Emberiza hortulana,"Linnaeus, 1758",1758,gbif
Emberiza impetuani,Emberiza impetuani,"A.Smith, 1836",1836,gbif
Emberiza jankowskii,Emberiza jankowskii,"Taczanowski, 1888",1888,gbif
Emberiza koslowi,Emberiza koslowi,"Bianchi, 1904",1904,gbif
Emberiza lathami,Emberiza lathami,"J.E.Gray, 1831",1831,gbif
Emberiza leucocephalos,Emberiza leucocephalos,"S.G.Gmelin, 1771",1771,gbif
Emberiza melanocephala,Emberiza melanocephala,"Scopoli, 1769",1769,gbif
Emberiza pallasi,Emberiza pallasi,"(Cabanis, 1851)",1851,gbif
Emberiza personata,Emberiza personata,"Temminck, 1836",1836,gbif
Emberiza poliopleura,Emberiza poliopleura,"(Salvadori, 1888)",1888,gbif
Emberiza pusilla,Emberiza pusilla,"Pallas, 1776",1776,gbif
Emberiza rustica,Emberiza rustica,"Pallas, 1776",1776,gbif
Emberiza rutila,Emberiza rutila,"Pallas, 1776",1776,gbif
Emberiza sahari,Emberiza sahari,"J.Levaillant, 1850",1850,gbif
Emberiza schoeniclus,Emberiza schoeniclus,"(Linnaeus, 1758)",1758,gbif
Emberiza siemsseni,Emberiza siemsseni,"(G.H.Martens, 1906)",1906,gbif
Emberiza socotrana,Emberiza socotrana,"(Ogilvie-Grant & H.O.Forbes, 1899)",1899,gbif
Emberiza spodocephala,Emberiza spodocephala,"Pallas, 1776",1776,gbif
Emberiza stewarti,Emberiza stewarti,"(Blyth, 1854)",1854,gbif
Emberiza striolata,Emberiza striolata,"(M.H.K.Lichtenstein, 1823)",1823,gbif
Emberiza sulphurata,Emberiza sulphurata,"Temminck & Schlegel, 1848",1848,gbif
Emberiza tahapisi,Emberiza tahapisi,"A.Smith, 1836",1836,gbif
Emberiza tristrami,Emberiza tristrami,"Swinhoe, 1870",1870,gbif
Emberiza variabilis,Emberiza variabilis,"Temminck, 1836",1836,gbif
Emberiza yessoensis,Emberiza yessoensis,"(Swinhoe, 1874)",1874,gbif
Amadina erythrocephala,Amadina erythrocephala,"(Linnaeus, 1758)",1758,gbif
Amadina fasciata,Amadina fasciata,"(Gmelin, 1789)",1789,gbif
Amandava amandava,Amandava amandava,"(Linnaeus, 1758)",1758,gbif
Amandava formosa,Amandava formosa,"(Latham, 1790)",1790,gbif
Amandava subflava,Amandava subflava,"(Vieillot, 1819)",1819,gbif
Chloebia gouldiae,Chloebia gouldiae,"(Gould, 1844)",1844,gbif
Clytospiza monteiri,Clytospiza monteiri,"(Hartlaub, 1860)",1860,gbif
Coccopygia bocagei,Coccopygia bocagei,"Shelley, 1903",1903,gbif
Coccopygia melanotis,Coccopygia melanotis,"(Temminck, 1823)",1823,gbif
Coccopygia quartinia,Coccopygia quartinia,"(Bonaparte, 1850)",1850,gbif
Cryptospiza jacksoni,Cryptospiza jacksoni,"Sharpe, 1902",1902,gbif
Cryptospiza reichenovii,Cryptospiza reichenovii,"(Hartlaub, 1874)",1874,gbif
Cryptospiza salvadorii,Cryptospiza salvadorii,"Reichenow, 1892",1892,gbif
Cryptospiza shelleyi,Cryptospiza shelleyi,"Sharpe, 1902",1902,gbif
Emblema pictum,Emblema pictum,"Gould, 1842",1842,gbif
Erythrura coloria,Erythrura coloria,"Ripley & Rabor, 1961",1961,gbif
Erythrura cyaneovirens,Erythrura cyaneovirens,"(Peale, 1848)",1848,gbif
Erythrura hyperythra,Erythrura hyperythra,"(Reichenbach, 1862)",1862,gbif
Erythrura kleinschmidti,Erythrura kleinschmidti,"(Finsch, 1878)",1878,gbif
Erythrura papuana,Erythrura papuana,"Hartert, 1900",1900,gbif
Erythrura pealii,Erythrura pealii,"Hartlaub, 1852",1852,gbif
Erythrura prasina,Erythrura prasina,"(Sparrman, 1788)",1788,gbif
Erythrura psittacea,Erythrura psittacea,"(Gmelin, 1789)",1789,gbif
Erythrura trichroa,Erythrura trichroa,"(Kittlitz, 1833)",1833,gbif
Erythrura tricolor,Erythrura tricolor,"(Vieillot, 1817)",1817,gbif
Erythrura viridifacies,Erythrura viridifacies,"Hachisuka & Delacour, 1937",1937,gbif
Estrilda astrild,Estrilda astrild,"(Linnaeus, 1758)",1758,gbif
Estrilda atricapilla,Estrilda atricapilla,"J.Verreaux & E.Verreaux, 1851",1851,gbif
Estrilda charmosyna,Estrilda charmosyna,"(Reichenow, 1881)",1881,gbif
Estrilda coerulescens,Estrilda coerulescens,"(Vieillot, 1817)",1817,gbif
Estrilda erythronotos,Estrilda erythronotos,"(Vieillot, 1817)",1817,gbif
Estrilda kandti,Estrilda kandti,"Reichenow, 1902",1902,gbif
Estrilda melpoda,Estrilda melpoda,"(Vieillot, 1817)",1817,gbif
Estrilda nigriloris,Estrilda nigriloris,"Chapin, 1928",1928,gbif
Estrilda nonnula,Estrilda nonnula,"Hartlaub, 1883",1883,gbif
Estrilda paludicola,Estrilda paludicola,"Heuglin, 1863",1863,gbif
Estrilda perreini,Estrilda perreini,"(Vieillot, 1817)",1817,gbif
Estrilda poliopareia,Estrilda poliopareia,"Reichenow, 1902",1902,gbif
Estrilda rhodopyga,Estrilda rhodopyga,"Sundevall, 1850",1850,gbif
Estrilda rufibarba,Estrilda rufibarba,"(Cabanis, 1851)",1851,gbif
Estrilda thomensis,Estrilda thomensis,"Sousa, 1888",1888,gbif
Estrilda troglodytes,Estrilda troglodytes,"(Lichtenstein, 1823)",1823,gbif
Euodice cantans,Euodice cantans,"(Gmelin, 1789)",1789,gbif
Euodice malabarica,Euodice malabarica,"(Linnaeus, 1758)",1758,gbif
Euschistospiza cinereovinacea,Euschistospiza cinereovinacea,"(Sousa, 1889)",1889,gbif
Euschistospiza dybowskii,Euschistospiza dybowskii,"(Oustalet, 1892)",1892,gbif
Granatina granatina,Granatina granatina,"(Linnaeus, 1766)",1766,gbif
Granatina ianthinogaster,Granatina ianthinogaster,"(Reichenow, 1879)",1879,gbif
Heteromunia pectoralis,Heteromunia pectoralis,"(Gould, 1841)",1841,gbif
Hypargos margaritatus,Hypargos margaritatus,"(Strickland, 1844)",1844,gbif
Hypargos niveoguttatus,Hypargos niveoguttatus,"(W.Peters, 1868)",1868,gbif
Lagonosticta larvata,Lagonosticta larvata,"(Rüppell, 1840)",1840,gbif
Lagonosticta nigricollis,Lagonosticta nigricollis,"Heuglin, 1863",1863,gbif
Lagonosticta nitidula,Lagonosticta nitidula,"Hartlaub, 1886",1886,gbif
Lagonosticta rara,Lagonosticta rara,"(Antinori, 1864)",1864,gbif
Lagonosticta rhodopareia,Lagonosticta rhodopareia,"(Heuglin, 1868)",1868,gbif
Lagonosticta rubricata,Lagonosticta rubricata,"(Lichtenstein, 1823)",1823,gbif
Lagonosticta rufopicta,Lagonosticta rufopicta,"(Fraser, 1843)",1843,gbif
Lagonosticta sanguinodorsalis,Lagonosticta sanguinodorsalis,"Payne, 1998",1998,gbif
Lagonosticta senegala,Lagonosticta senegala,"(Linnaeus, 1766)",1766,gbif
Lagonosticta umbrinodorsalis,Lagonosticta umbrinodorsalis,"Reichenow, 1910",1910,gbif
Lagonosticta vinacea,Lagonosticta vinacea,"(Hartlaub, 1857)",1857,gbif
Lagonosticta virata,Lagonosticta virata,"Bates, 1932",1932,gbif
Lepidopygia nana,Lepidopygia nana,"(Pucheran, 1845)",1845,gbif
Lonchura atricapilla,Lonchura atricapilla,"(Vieillot, 1807)",1807,gbif
Lonchura caniceps,Lonchura caniceps,"(Salvadori, 1876)",1876,gbif
Lonchura castaneothorax,Lonchura castaneothorax,"(Gould, 1837)",1837,gbif
Lonchura ferruginosa,Lonchura ferruginosa,"(Sparrman, 1789)",1789,gbif
Lonchura flaviprymna,Lonchura flaviprymna,"(Gould, 1845)",1845,gbif
Lonchura forbesi,Lonchura forbesi,"(P.L.Sclater, 1879)",1879,gbif
Lonchura fuscans,Lonchura fuscans,"(Cassin, 1852)",1852,gbif
Lonchura fuscata,Lonchura fuscata,"(Vieillot, 1807)",1807,gbif
Lonchura grandis,Lonchura grandis,"(Sharpe, 1882)",1882,gbif
Lonchura hunsteini,Lonchura hunsteini,"(Finsch, 1886)",1886,gbif
Lonchura kelaarti,Lonchura kelaarti,"(Jerdon, 1863)",1863,gbif
Lonchura leucogastra,Lonchura leucogastra,"(Blyth, 1846)",1846,gbif
Lonchura leucogastroides,Lonchura leucogastroides,"(Moore, 1858)",1858,gbif
Lonchura leucosticta,Lonchura leucosticta,"(Albertis & Salvadori, 1879)",1879,gbif
Lonchura maja,Lonchura maja,"(Linnaeus, 1766)",1766,gbif
Lonchura malacca,Lonchura malacca,"(Linnaeus, 1766)",1766,gbif
Lonchura melaena,Lonchura melaena,"(P.L.Sclater, 1880)",1880,gbif
Lonchura molucca,Lonchura molucca,"(Linnaeus, 1766)",1766,gbif
Lonchura montana,Lonchura montana,"Junge, 1939",1939,gbif
Lonchura monticola,Lonchura monticola,"(De Vis, 1897)",1897,gbif
Lonchura nevermanni,Lonchura nevermanni,"Stresemann, 1934",1934,gbif
Lonchura oryzivora,Lonchura oryzivora,"(Linnaeus, 1758)",1758,gbif
Lonchura pallida,Lonchura pallida,"(Wallace, 1864)",1864,gbif
Lonchura punctulata,Lonchura punctulata,"(Linnaeus, 1758)",1758,gbif
Lonchura quinticolor,Lonchura quinticolor,"(Vieillot, 1807)",1807,gbif
Lonchura spectabilis,Lonchura spectabilis,"(P.L.Sclater, 1879)",1879,gbif
Lonchura striata,Lonchura striata,"(Linnaeus, 1766)",1766,gbif
Lonchura stygia,Lonchura stygia,"Stresemann, 1934",1934,gbif
Lonchura teerinki,Lonchura teerinki,"Rand, 1940",1940,gbif
Lonchura tristissima,Lonchura tristissima,"(Wallace, 1865)",1865,gbif
Lonchura vana,Lonchura vana,"(Hartert, 1930)",1930,gbif
Mandingoa nitidula,Mandingoa nitidula,"(Hartlaub, 1865)",1865,gbif
Neochmia evangelinae,Neochmia evangelinae,"(D'Albertis & Salvadori, 1879)",1879,gbif
Neochmia modesta,Neochmia modesta,"(Gould, 1837)",1837,gbif
Neochmia phaeton,Neochmia phaeton,"(Hombron & Jacquinot, 1841)",1841,gbif
Neochmia ruficauda,Neochmia ruficauda,"(Gould, 1837)",1837,gbif
Neochmia temporalis,Neochmia temporalis,"(Latham, 1802)",1802,gbif
Nesocharis ansorgei,Nesocharis ansorgei,"(Hartert, 1899)",1899,gbif
Nesocharis capistrata,Nesocharis capistrata,"(Hartlaub, 1861)",1861,gbif
Nesocharis shelleyi,Nesocharis shelleyi,"Alexander, 1903",1903,gbif
Nigrita bicolor,Nigrita bicolor,"(Hartlaub, 1844)",1844,gbif
Nigrita canicapillus,Nigrita canicapillus,"(Strickland, 1841)",1841,gbif
Nigrita fusconotus,Nigrita fusconotus,"Fraser, 1843",1843,gbif
Nigrita luteifrons,Nigrita luteifrons,"J.Verreaux & E.Verreaux, 1851",1851,gbif
Odontospiza griseicapilla,Odontospiza griseicapilla,"(Delacour, 1943)",1943,gbif
Oreostruthus fuliginosus,Oreostruthus fuliginosus,"(De Vis, 1897)",1897,gbif
Ortygospiza atricollis,Ortygospiza atricollis,"(Vieillot, 1817)",1817,gbif
Paludipasser locustella,Paludipasser locustella,"Neave, 1909",1909,gbif
Parmoptila jamesoni,Parmoptila jamesoni,"(Shelley, 1890)",1890,gbif
Parmoptila rubrifrons,Parmoptila rubrifrons,"(Sharpe & Ussher, 1872)",1872,gbif
Parmoptila woodhousei,Parmoptila woodhousei,"Cassin, 1859",1859,gbif
Poephila acuticauda,Poephila acuticauda,"(Gould, 1840)",1840,gbif
Poephila cincta,Poephila cincta,"(Gould, 1837)",1837,gbif
Poephila personata,Poephila personata,"Gould, 1842",1842,gbif
Pyrenestes minor,Pyrenestes minor,"Shelley, 1894",1894,gbif
Pyrenestes ostrinus,Pyrenestes ostrinus,"(Vieillot, 1805)",1805,gbif
Pyrenestes sanguineus,Pyrenestes sanguineus,"Swainson, 1837",1837,gbif
Pytilia afra,Pytilia afra,"(Gmelin, 1789)",1789,gbif
Pytilia hypogrammica,Pytilia hypogrammica,"Sharpe, 1870",1870,gbif
Pytilia lineata,Pytilia lineata,"Heuglin, 1863",1863,gbif
Pytilia melba,Pytilia melba,"(Linnaeus, 1758)",1758,gbif
Pytilia phoenicoptera,Pytilia phoenicoptera,"Swainson, 1837",1837,gbif
Spermestes bicolor,Spermestes bicolor,"(Fraser, 1843)",1843,gbif
Spermestes cucullata,Spermestes cucullata,"Swainson, 1837",1837,gbif
Spermestes fringilloides,Spermestes fringilloides,"(Lafresnaye, 1835)",1835,gbif
Spermophaga haematina,Spermophaga haematina,"(Vieillot, 1807)",1807,gbif
Spermophaga poliogenys,Spermophaga poliogenys,"(Ogilvie-Grant, 1906)",1906,gbif
Spermophaga ruficapilla,Spermophaga ruficapilla,"(Shelley, 1888)",1888,gbif
Stagonopleura bella,Stagonopleura bella,"(Latham, 1802)",1802,gbif
Stagonopleura guttata,Stagonopleura guttata,"(Shaw, 1796)",1796,gbif
Stagonopleura oculata,Stagonopleura oculata,"(Quoy & Gaimard, 1830)",1830,gbif
Taeniopygia bichenovii,Taeniopygia bichenovii,"(Vigors & Horsfield, 1827)",1827,gbif
Taeniopygia castanotis,Taeniopygia castanotis,"(Gould, 1837)",1837,gbif
Taeniopygia guttata,Taeniopygia guttata,"(Vieillot, 1817)",1817,gbif
Uraeginthus angolensis,Uraeginthus angolensis,"(Linnaeus, 1758)",1758,gbif
Uraeginthus bengalus,Uraeginthus bengalus,"(Linnaeus, 1766)",1766,gbif
Uraeginthus cyanocephalus,Uraeginthus cyanocephalus,"(Richmond, 1897)",1897,gbif
Eulacestoma nigropectus,Eulacestoma nigropectus,"De Vis, 1894",1894,gbif
Eupetes macrocerus,Eupetes macrocerus,"Temminck, 1831",1831,gbif
Corydon sumatranus,Corydon sumatranus,"(Raffles, 1822)",1822,gbif
Cymbirhynchus affinis,Cymbirhynchus affinis,"Blyth, 1846",1846,gbif
Cymbirhynchus macrorhynchos,Cymbirhynchus macrorhynchos,"(Gmelin, 1788)",1788,gbif
Eurylaimus harterti,Eurylaimus harterti,"van Oort, 1909",1909,gbif
Eurylaimus javanicus,Eurylaimus javanicus,"Horsfield, 1821",1821,gbif
Eurylaimus ochromalus,Eurylaimus ochromalus,"Raffles, 1822",1822,gbif
Psarisomus dalhousiae,Psarisomus dalhousiae,"(Jameson, 1835)",1835,gbif
Pseudocalyptomena graueri,Pseudocalyptomena graueri,"Rothschild, 1909",1909,gbif
Sarcophanops samarensis,Sarcophanops samarensis,"Steere, 1890",1890,gbif
Sarcophanops steerii,Sarcophanops steerii,"(Sharpe, 1876)",1876,gbif
Serilophus lunatus,Serilophus lunatus,"(Gould, 1834)",1834,gbif
Serilophus rubropygius,Serilophus rubropygius,"(Hodgson, 1839)",1839,gbif
Falcunculus frontatus,Falcunculus frontatus,"(Latham, 1802)",1802,gbif
Falcunculus leucogaster,Falcunculus leucogaster,"Gould, 1838",1838,gbif
Falcunculus whitei,Falcunculus whitei,"A.J.Campbell, 1910",1910,gbif
Chamaeza campanisona,Chamaeza campanisona,"(Lichtenstein, 1823)",1823,gbif
Chamaeza meruloides,Chamaeza meruloides,"Vigors, 1825",1825,gbif
Chamaeza mollissima,Chamaeza mollissima,"P.L.Sclater, 1855",1855,gbif
Chamaeza nobilis,Chamaeza nobilis,"Gould, 1855",1855,gbif
Chamaeza ruficauda,Chamaeza ruficauda,"Cabanis & Heine, 1859",1859,gbif
Chamaeza turdina,Chamaeza turdina,"Cabanis & Heine, 1859",1859,gbif
Formicarius analis,Formicarius analis,"(Orbigny & Lafresnaye, 1837)",1837,gbif
Formicarius colma,Formicarius colma,"Boddaert, 1783",1783,gbif
Formicarius moniliger,Formicarius moniliger,"P.L.Sclater, 1857",1857,gbif
Formicarius nigricapillus,Formicarius nigricapillus,"Ridgway, 1893",1893,gbif
Formicarius rufifrons,Formicarius rufifrons,"Blake, 1957",1957,gbif
Formicarius rufipectus,Formicarius rufipectus,"Salvin, 1866",1866,gbif
Acanthis flammea,Acanthis flammea,"(Linnaeus, 1758)",1758,gbif
Agraphospiza rubescens,Agraphospiza rubescens,"(Blanford, 1872)",1872,gbif
Bucanetes githagineus,Bucanetes githagineus,"(M.H.K.Lichtenstein, 1823)",1823,gbif
Bucanetes mongolicus,Bucanetes mongolicus,"(Swinhoe, 1870)",1870,gbif
Callacanthis burtoni,Callacanthis burtoni,"(Gould, 1838)",1838,gbif
Carduelis caniceps,Carduelis caniceps,"Vigors, 1831",1831,gbif
Carduelis carduelis,Carduelis carduelis,"(Linnaeus, 1758)",1758,gbif
Carduelis citrinella,Carduelis citrinella,"(Pallas, 1764)",1764,gbif
Carduelis corsicana,Carduelis corsicana,"(A.F.Koenig, 1899)",1899,gbif
Carpodacus dubius,Carpodacus dubius,"Przewalski, 1876",1876,gbif
Carpodacus edwardsii,Carpodacus edwardsii,"J.Verreaux, 1871",1871,gbif
Carpodacus erythrinus,Carpodacus erythrinus,"(Pallas, 1770)",1770,gbif
Carpodacus formosanus,Carpodacus formosanus,"Ogilvie-Grant, 1911",1911,gbif
Carpodacus pulcherrimus,Carpodacus pulcherrimus,"(F.Moore, 1856)",1856,gbif
Carpodacus puniceus,Carpodacus puniceus,"(Blyth, 1845)",1845,gbif
Carpodacus rhodochlamys,Carpodacus rhodochlamys,"(von J.F.Brandt, 1843)",1843,gbif
Carpodacus roborowskii,Carpodacus roborowskii,"(Przewalski, 1887)",1887,gbif
Carpodacus rodochroa,Carpodacus rodochroa,"(Vigors, 1831)",1831,gbif
Carpodacus rodopeplus,Carpodacus rodopeplus,"(Vigors, 1831)",1831,gbif
Carpodacus roseus,Carpodacus roseus,"(Pallas, 1776)",1776,gbif
Carpodacus rubicilla,Carpodacus rubicilla,"(Güldenstädt, 1775)",1775,gbif
Carpodacus rubicilloides,Carpodacus rubicilloides,"Przewalski, 1876",1876,gbif
Carpodacus sibiricus,Carpodacus sibiricus,"(Pallas, 1773)",1773,gbif
Carpodacus sillemi,Carpodacus sillemi,"(Roselaar, 1992)",1992,gbif
Carpodacus sipahi,Carpodacus sipahi,"(Hodgson, 1836)",1836,gbif
Carpodacus stoliczkae,Carpodacus stoliczkae,"(Hume, 1874)",1874,gbif
Carpodacus subhimachalus,Carpodacus subhimachalus,"(Hodgson, 1836)",1836,gbif
Carpodacus synoicus,Carpodacus synoicus,"(Temminck, 1825)",1825,gbif
Carpodacus thura,Carpodacus thura,"Bonaparte & Schlegel, 1850",1850,gbif
Carpodacus trifasciatus,Carpodacus trifasciatus,"J.Verreaux, 1871",1871,gbif
Carpodacus verreauxii,Carpodacus verreauxii,"(David & Oustalet, 1877)",1877,gbif
Carpodacus vinaceus,Carpodacus vinaceus,"J.Verreaux, 1871",1871,gbif
Carpodacus waltoni,Carpodacus waltoni,"(Sharpe, 1905)",1905,gbif
Chloris ambigua,Chloris ambigua,"(Oustalet, 1896)",1896,gbif
Chloris chloris,Chloris chloris,"(Linnaeus, 1758)",1758,gbif
Chloris monguilloti,Chloris monguilloti,"(Delacour, 1926)",1926,gbif
Chloris sinica,Chloris sinica,"(Linnaeus, 1766)",1766,gbif
Chloris spinoides,Chloris spinoides,"(Vigors, 1831)",1831,gbif
Chlorodrepanis flava,Chlorodrepanis flava,"(A.Bloxam, 1827)",1827,gbif
Chlorodrepanis stejnegeri,Chlorodrepanis stejnegeri,"(S.B.Wilson, 1890)",1890,gbif
Chlorodrepanis virens,Chlorodrepanis virens,"(J.F.Gmelin, 1788)",1788,gbif
Chlorophonia callophrys,Chlorophonia callophrys,"(Cabanis, 1861)",1861,gbif
Chlorophonia cyanea,Chlorophonia cyanea,"(Thunberg, 1822)",1822,gbif
Chlorophonia flavirostris,Chlorophonia flavirostris,"P.L.Sclater, 1861",1861,gbif
Chlorophonia occipitalis,Chlorophonia occipitalis,"(Du Bus de Gisignies, 1847)",1847,gbif
Chlorophonia pyrrhophrys,Chlorophonia pyrrhophrys,"(P.L.Sclater, 1851)",1851,gbif
Chrysocorythus estherae,Chrysocorythus estherae,"(Finsch, 1902)",1902,gbif
Chrysocorythus mindanensis,Chrysocorythus mindanensis,"(Ripley & Rabor, 1961)",1961,gbif
Coccothraustes coccothraustes,Coccothraustes coccothraustes,"(Linnaeus, 1758)",1758,gbif
Crithagra albogularis,Crithagra albogularis,"A.Smith, 1833",1833,gbif
Crithagra ankoberensis,Crithagra ankoberensis,"(Ash, 1979)",1979,gbif
Crithagra atrogularis,Crithagra atrogularis,"(A.Smith, 1836)",1836,gbif
Crithagra buchanani,Crithagra buchanani,"(Hartert, 1919)",1919,gbif
Crithagra burtoni,Crithagra burtoni,"(G.R.Gray, 1862)",1862,gbif
Crithagra canicapilla,Crithagra canicapilla,"(Du Bus de Gisignies, 1855)",1855,gbif
Crithagra capistrata,Crithagra capistrata,"Finsch, 1870",1870,gbif
Crithagra citrinelloides,Crithagra citrinelloides,"(Rüppell, 1840)",1840,gbif
Crithagra citrinipectus,Crithagra citrinipectus,"(Clancey & Lawson, 1960)",1960,gbif
Crithagra concolor,Crithagra concolor,"(Barboza du Bocage, 1888)",1888,gbif
Crithagra donaldsoni,Crithagra donaldsoni,"(Sharpe, 1895)",1895,gbif
Crithagra dorsostriata,Crithagra dorsostriata,"Reichenow, 1887",1887,gbif
Crithagra flavigula,Crithagra flavigula,"(Salvadori, 1888)",1888,gbif
Crithagra flaviventris,Crithagra flaviventris,"(J.F.Gmelin, 1789)",1789,gbif
Crithagra frontalis,Crithagra frontalis,"(Reichenow, 1904)",1904,gbif
Crithagra gularis,Crithagra gularis,"(A.Smith, 1836)",1836,gbif
Crithagra hyposticta,Crithagra hyposticta,"(Reichenow, 1904)",1904,gbif
Crithagra koliensis,Crithagra koliensis,"(C.H.B.Grant & Mackworth-Praed, 1952)",1952,gbif
Crithagra leucoptera,Crithagra leucoptera,"Sharpe, 1871",1871,gbif
Crithagra leucopygia,Crithagra leucopygia,"Sundevall, 1850",1850,gbif
Crithagra melanochroa,Crithagra melanochroa,"(Reichenow, 1900)",1900,gbif
Crithagra menachensis,Crithagra menachensis,"(Ogilvie-Grant, 1913)",1913,gbif
Crithagra mennelli,Crithagra mennelli,"(E.C.Chubb, 1908)",1908,gbif
Crithagra mozambica,Crithagra mozambica,"(P.L.Statius Müller, 1776)",1776,gbif
Crithagra reichardi,Crithagra reichardi,"(Reichenow, 1882)",1882,gbif
Crithagra reichenowi,Crithagra reichenowi,"(Salvadori, 1888)",1888,gbif
Crithagra rothschildi,Crithagra rothschildi,"(Ogilvie-Grant, 1902)",1902,gbif
Crithagra rufobrunnea,Crithagra rufobrunnea,"(G.R.Gray, 1862)",1862,gbif
Crithagra scotops,Crithagra scotops,"Sundevall, 1850",1850,gbif
Crithagra striatipectus,Crithagra striatipectus,"(Sharpe, 1891)",1891,gbif
Crithagra striolata,Crithagra striolata,"(Rüppell, 1840)",1840,gbif
Crithagra sulphurata,Crithagra sulphurata,"(Linnaeus, 1766)",1766,gbif
Crithagra symonsi,Crithagra symonsi,"(Roberts, 1916)",1916,gbif
Crithagra totta,Crithagra totta,"(Sparrman, 1786)",1786,gbif
Crithagra tristriata,Crithagra tristriata,"(Rüppell, 1840)",1840,gbif
Crithagra xantholaema,Crithagra xantholaema,"(Salvadori, 1896)",1896,gbif
Crithagra xanthopygia,Crithagra xanthopygia,"(Rüppell, 1840)",1840,gbif
Drepanis coccinea,Drepanis coccinea,"(G.Forster, 1780)",1780,gbif
Eophona migratoria,Eophona migratoria,"Hartert, 1903",1903,gbif
Eophona personata,Eophona personata,"(Temminck & Schlegel, 1848)",1848,gbif
Euphonia affinis,Euphonia affinis,"(Lesson, 1842)",1842,gbif
Euphonia anneae,Euphonia anneae,"Cassin, 1865",1865,gbif
Euphonia cayennensis,Euphonia cayennensis,"(J.F.Gmelin, 1789)",1789,gbif
Euphonia chalybea,Euphonia chalybea,"(Mikan, 1825)",1825,gbif
Euphonia chlorotica,Euphonia chlorotica,"(Linnaeus, 1766)",1766,gbif
Euphonia chrysopasta,Euphonia chrysopasta,"P.L.Sclater & Salvin, 1869",1869,gbif
Euphonia concinna,Euphonia concinna,"P.L.Sclater, 1855",1855,gbif
Euphonia cyanocephala,Euphonia cyanocephala,"(Vieillot, 1819)",1819,gbif
Euphonia elegantissima,Euphonia elegantissima,"(Bonaparte, 1838)",1838,gbif
Euphonia finschi,Euphonia finschi,"P.L.Sclater & Salvin, 1877",1877,gbif
Euphonia flavifrons,Euphonia flavifrons,"(Sparrman, 1789)",1789,gbif
Euphonia fulvicrissa,Euphonia fulvicrissa,"P.L.Sclater, 1857",1857,gbif
Euphonia gouldi,Euphonia gouldi,"P.L.Sclater, 1857",1857,gbif
Euphonia hirundinacea,Euphonia hirundinacea,"Bonaparte, 1838",1838,gbif
Euphonia imitans,Euphonia imitans,"(Hellmayr, 1936)",1936,gbif
Euphonia jamaica,Euphonia jamaica,"(Linnaeus, 1766)",1766,gbif
Euphonia laniirostris,Euphonia laniirostris,"d'Orbigny & Lafresnaye, 1837",1837,gbif
Euphonia luteicapilla,Euphonia luteicapilla,"(Cabanis, 1861)",1861,gbif
Euphonia mesochrysa,Euphonia mesochrysa,"Salvadori, 1873",1873,gbif
Euphonia minuta,Euphonia minuta,"Cabanis, 1849",1849,gbif
Euphonia musica,Euphonia musica,"(J.F.Gmelin, 1789)",1789,gbif
Euphonia pectoralis,Euphonia pectoralis,"(Latham, 1801)",1801,gbif
Euphonia plumbea,Euphonia plumbea,"Du Bus de Gisignies, 1855",1855,gbif
Euphonia rufiventris,Euphonia rufiventris,"(Vieillot, 1819)",1819,gbif
Euphonia saturata,Euphonia saturata,"(Cabanis, 1861)",1861,gbif
Euphonia sclateri,Euphonia sclateri,"(Sclater, 1854)",1854,gbif
Euphonia trinitatis,Euphonia trinitatis,"Strickland, 1851",1851,gbif
Euphonia violacea,Euphonia violacea,"(Linnaeus, 1758)",1758,gbif
Euphonia xanthogaster,Euphonia xanthogaster,"Sundevall, 1834",1834,gbif
Fringilla coelebs,Fringilla coelebs,"Linnaeus, 1758",1758,gbif
Fringilla montifringilla,Fringilla montifringilla,"Linnaeus, 1758",1758,gbif
Fringilla polatzeki,Fringilla polatzeki,"Hartert & Ejo, 1905",1905,gbif
Fringilla teydea,Fringilla teydea,"Webb, Berthelot & Moquin-Tandon, 1836",1836,gbif
Haemorhous cassinii,Haemorhous cassinii,"(S.F.Baird, 1854)",1854,gbif
Haemorhous mexicanus,Haemorhous mexicanus,"(P.L.Statius Müller, 1776)",1776,gbif
Haemorhous purpureus,Haemorhous purpureus,"(J.F.Gmelin, 1789)",1789,gbif
Hemignathus affinis,Hemignathus affinis,"Rothschild, 1893",1893,gbif
Hemignathus hanapepe,Hemignathus hanapepe,"S.B.Wilson, 1889",1889,gbif
Hemignathus wilsoni,Hemignathus wilsoni,"(Rothschild, 1893)",1893,gbif
Hesperiphona abeillei,Hesperiphona abeillei,"(Lesson, 1839)",1839,gbif
Hesperiphona vespertina,Hesperiphona vespertina,"(W.Cooper, 1825)",1825,gbif
Himatione sanguinea,Himatione sanguinea,"(J.F.Gmelin, 1788)",1788,gbif
Leucosticte arctoa,Leucosticte arctoa,"(Pallas, 1811)",1811,gbif
Leucosticte atrata,Leucosticte atrata,"Ridgway, 1874",1874,gbif
Leucosticte australis,Leucosticte australis,"Ridgway, 1874",1874,gbif
Leucosticte brandti,Leucosticte brandti,"Bonaparte, 1850",1850,gbif
Leucosticte nemoricola,Leucosticte nemoricola,"(Hodgson, 1836)",1836,gbif
Leucosticte tephrocotis,Leucosticte tephrocotis,"(Swainson, 1832)",1832,gbif
Linaria cannabina,Linaria cannabina,"(Linnaeus, 1758)",1758,gbif
Linaria flavirostris,Linaria flavirostris,"(Linnaeus, 1758)",1758,gbif
Linaria johannis,Linaria johannis,"(S.Clarke, 1919)",1919,gbif
Linaria yemenensis,Linaria yemenensis,"(Ogilvie-Grant, 1913)",1913,gbif
Linurgus olivaceus,Linurgus olivaceus,"(Fraser, 1843)",1843,gbif
Loxia curvirostra,Loxia curvirostra,"Linnaeus, 1758",1758,gbif
Loxia leucoptera,Loxia leucoptera,"J.F.Gmelin, 1789",1789,gbif
Loxia megaplaga,Loxia megaplaga,"Riley, 1916",1916,gbif
Loxia pytyopsittacus,Loxia pytyopsittacus,"von Borkhausen, 1793",1793,gbif
Loxia scotica,Loxia scotica,"Hartert, 1904",1904,gbif
Loxioides bailleui,Loxioides bailleui,"Oustalet, 1877",1877,gbif
Loxops caeruleirostris,Loxops caeruleirostris,"(S.B.Wilson, 1890)",1890,gbif
Loxops coccineus,Loxops coccineus,"(J.F.Gmelin, 1789)",1789,gbif
Loxops ochraceus,Loxops ochraceus,"Rothschild, 1893",1893,gbif
Magumma parva,Magumma parva,"(Stejneger, 1887)",1887,gbif
Manucerthia mana,Manucerthia mana,"(S.B.Wilson, 1891)",1891,gbif
Mycerobas affinis,Mycerobas affinis,"(Blyth, 1855)",1855,gbif
Mycerobas carnipes,Mycerobas carnipes,"(Hodgson, 1836)",1836,gbif
Mycerobas icterioides,Mycerobas icterioides,"(Vigors, 1830)",1830,gbif
Mycerobas melanozanthos,Mycerobas melanozanthos,"(Hodgson, 1836)",1836,gbif
Oreomystis bairdi,Oreomystis bairdi,"(Stejneger, 1887)",1887,gbif
Palmeria dolei,Palmeria dolei,"(S.B.Wilson, 1891)",1891,gbif
Paroreomyza maculata,Paroreomyza maculata,"(Cabanis, 1850)",1850,gbif
Paroreomyza montana,Paroreomyza montana,"(S.B.Wilson, 1890)",1890,gbif
Pinicola enucleator,Pinicola enucleator,"(Linnaeus, 1758)",1758,gbif
Procarduelis nipalensis,Procarduelis nipalensis,"(Hodgson, 1836)",1836,gbif
Pseudonestor xanthophrys,Pseudonestor xanthophrys,"Rothschild, 1893",1893,gbif
Psittirostra psittacea,Psittirostra psittacea,"(J.F.Gmelin, 1789)",1789,gbif
Pyrrhoplectes epauletta,Pyrrhoplectes epauletta,"(Hodgson, 1836)",1836,gbif
Pyrrhula aurantiaca,Pyrrhula aurantiaca,"Gould, 1858",1858,gbif
Pyrrhula erythaca,Pyrrhula erythaca,"Blyth, 1862",1862,gbif
Pyrrhula erythrocephala,Pyrrhula erythrocephala,"Vigors, 1832",1832,gbif
Pyrrhula leucogenis,Pyrrhula leucogenis,"Ogilvie-Grant, 1895",1895,gbif
Pyrrhula murina,Pyrrhula murina,"Godman, 1866",1866,gbif
Pyrrhula nipalensis,Pyrrhula nipalensis,"Hodgson, 1836",1836,gbif
Pyrrhula pyrrhula,Pyrrhula pyrrhula,"(Linnaeus, 1758)",1758,gbif
Pyrrhula waterstradti,Pyrrhula waterstradti,"Hartert, 1902",1902,gbif
Rhodopechys alienus,Rhodopechys alienus,"Whitaker, 1897",1897,gbif
Rhodopechys sanguineus,Rhodopechys sanguineus,"(Gould, 1838)",1838,gbif
Rhodospiza obsoleta,Rhodospiza obsoleta,"(M.H.K.Lichtenstein, 1823)",1823,gbif
Rhynchostruthus louisae,Rhynchostruthus louisae,"Lort Phillips, 1897",1897,gbif
Rhynchostruthus percivali,Rhynchostruthus percivali,"Ogilvie-Grant, 1900",1900,gbif
Rhynchostruthus socotranus,Rhynchostruthus socotranus,"P.L.Sclater & Hartlaub, 1881",1881,gbif
Serinus alario,Serinus alario,"(Linnaeus, 1758)",1758,gbif
Serinus canaria,Serinus canaria,"(Linnaeus, 1758)",1758,gbif
Serinus canicollis,Serinus canicollis,"(Swainson, 1838)",1838,gbif
Serinus flavivertex,Serinus flavivertex,"(Blanford, 1869)",1869,gbif
Serinus nigriceps,Serinus nigriceps,"Rüppell, 1840",1840,gbif
Serinus pusillus,Serinus pusillus,"(Pallas, 1811)",1811,gbif
Serinus serinus,Serinus serinus,"(Linnaeus, 1766)",1766,gbif
Serinus syriacus,Serinus syriacus,"Bonaparte, 1850",1850,gbif
Spinus atratus,Spinus atratus,"(d'Orbigny & Lafresnaye, 1837)",1837,gbif
Spinus atriceps,Spinus atriceps,"(Salvin, 1863)",1863,gbif
Spinus barbatus,Spinus barbatus,"(Molina, 1782)",1782,gbif
Spinus crassirostris,Spinus crassirostris,"(Landbeck, 1877)",1877,gbif
Spinus cucullatus,Spinus cucullatus,"(Swainson, 1820)",1820,gbif
Spinus dominicensis,Spinus dominicensis,"(H.Bryant, 1867)",1867,gbif
Spinus lawrencei,Spinus lawrencei,"(Cassin, 1850)",1850,gbif
Spinus magellanicus,Spinus magellanicus,"(Vieillot, 1805)",1805,gbif
Spinus notatus,Spinus notatus,"(Du Bus de Gisignies, 1847)",1847,gbif
Spinus olivaceus,Spinus olivaceus,"von Berlepsch & Stolzmann, 1894",1894,gbif
Spinus pinus,Spinus pinus,"(A.Wilson, 1810)",1810,gbif
Spinus psaltria,Spinus psaltria,"(Say, 1822)",1822,gbif
Spinus siemiradzkii,Spinus siemiradzkii,"(von Berlepsch & Taczanowski, 1884)",1884,gbif
Spinus spinescens,Spinus spinescens,"(Bonaparte, 1850)",1850,gbif
Spinus spinus,Spinus spinus,"(Linnaeus, 1758)",1758,gbif
Spinus thibetanus,Spinus thibetanus,"(Hume, 1872)",1872,gbif
Spinus tristis,Spinus tristis,"(Linnaeus, 1758)",1758,gbif
Spinus uropygialis,Spinus uropygialis,"(P.L.Sclater, 1862)",1862,gbif
Spinus xanthogastrus,Spinus xanthogastrus,"(Du Bus de Gisignies, 1855)",1855,gbif
Spinus yarrellii,Spinus yarrellii,"(Audubon, 1839)",1839,gbif
Telespiza cantans,Telespiza cantans,"S.B.Wilson, 1890",1890,gbif
Telespiza ultima,Telespiza ultima,"Bryan, 1917",1917,gbif
Acrobatornis fonsecai,Acrobatornis fonsecai,"Pacheco, B.M.Whitney & Gonzaga, 1996",1996,gbif
Anabacerthia amaurotis,Anabacerthia amaurotis,"(Temminck, 1823)",1823,gbif
Anabacerthia lichtensteini,Anabacerthia lichtensteini,"(Cabanis & Heine, 1860)",1860,gbif
Anabacerthia ruficaudata,Anabacerthia ruficaudata,"(d'Orbigny & Lafresnaye, 1838)",1838,gbif
Anabacerthia striaticollis,Anabacerthia striaticollis,"Lafresnaye, 1841",1841,gbif
Anabacerthia variegaticeps,Anabacerthia variegaticeps,"(P.L.Sclater, 1857)",1857,gbif
Anabazenops dorsalis,Anabazenops dorsalis,"(P.L.Sclater & Salvin, 1880)",1880,gbif
Anabazenops fuscus,Anabazenops fuscus,"(Vieillot, 1816)",1816,gbif
Ancistrops strigilatus,Ancistrops strigilatus,"(Spix, 1825)",1825,gbif
Anumbius annumbi,Anumbius annumbi,"(Vieillot, 1817)",1817,gbif
Aphrastura masafucrae,Aphrastura masafucrae,"(Philippi & Landbeck, 1866)",1866,col
Aphrastura spinicauda,Aphrastura spinicauda,"(Gmelin, 1789)",1789,gbif
Asthenes anthoides,Asthenes anthoides,"(King, 1831)",1831,gbif
Asthenes arequipae,Asthenes arequipae,"(P.L.Sclater & Salvin, 1869)",1869,gbif
Asthenes ayacuchensis,Asthenes ayacuchensis,"(Vaurie, Weske & Terborgh, 1972)",1972,gbif
Asthenes baeri,Asthenes baeri,"(Berlepsch, 1906)",1906,gbif
Asthenes berlepschi,Asthenes berlepschi,"(Hellmayr, 1917)",1917,gbif
Asthenes coryi,Asthenes coryi,"(Berlepsch, 1888)",1888,gbif
Asthenes dorbignyi,Asthenes dorbignyi,"(Reichenbach, 1853)",1853,gbif
Asthenes flammulata,Asthenes flammulata,"(Jardine, 1850)",1850,gbif
Asthenes fuliginosa,Asthenes fuliginosa,"(Lafresnaye, 1843)",1843,gbif
Asthenes griseomurina,Asthenes griseomurina,"(P.L.Sclater, 1882)",1882,gbif
Asthenes harterti,Asthenes harterti,"(Berlepsch, 1901)",1901,gbif
Asthenes helleri,Asthenes helleri,"(Chapman, 1923)",1923,gbif
Asthenes heterura,Asthenes heterura,"(Berlepsch, 1901)",1901,gbif
Asthenes huancavelicae,Asthenes huancavelicae,"Morrison, 1938",1938,gbif
Asthenes hudsoni,Asthenes hudsoni,"(P.L.Sclater, 1874)",1874,gbif
Asthenes humilis,Asthenes humilis,"(Cabanis, 1873)",1873,gbif
Asthenes luizae,Asthenes luizae,"Vielliard, 1990",1990,gbif
Asthenes maculicauda,Asthenes maculicauda,"(Berlepsch, 1901)",1901,gbif
Asthenes modesta,Asthenes modesta,"(Eyton, 1851)",1851,gbif
Asthenes moreirae,Asthenes moreirae,"(Miranda-Ribeiro, 1905)",1905,gbif
Asthenes ottonis,Asthenes ottonis,"(Berlepsch, 1901)",1901,gbif
Asthenes palpebralis,Asthenes palpebralis,"(Cabanis, 1873)",1873,gbif
Asthenes perijana,Asthenes perijana,"(Phelps & WH Jr, 1977)",1977,gbif
Asthenes pudibunda,Asthenes pudibunda,"(P.L.Sclater, 1874)",1874,gbif
Asthenes pyrrholeuca,Asthenes pyrrholeuca,"(Vieillot, 1817)",1817,gbif
Asthenes urubambensis,Asthenes urubambensis,"(Chapman, 1919)",1919,gbif
Asthenes usheri,Asthenes usheri,"Morrison, 1947",1947,gbif
Asthenes vilcabambae,Asthenes vilcabambae,"(Vaurie, Weske & Terborgh, 1972)",1972,gbif
Asthenes virgata,Asthenes virgata,"(P.L.Sclater, 1874)",1874,gbif
Asthenes wyatti,Asthenes wyatti,"(P.L.Sclater & Salvin, 1871)",1871,gbif
Automolus infuscatus,Automolus infuscatus,"(P.L.Sclater, 1856)",1856,gbif
Automolus lammi,Automolus lammi,"J.T.Zimmer, 1947",1947,gbif
Automolus leucophthalmus,Automolus leucophthalmus,"(Wied-Neuwied, 1821)",1821,gbif
Automolus melanopezus,Automolus melanopezus,"(P.L.Sclater, 1858)",1858,gbif
Automolus ochrolaemus,Automolus ochrolaemus,"(Tschudi, 1844)",1844,gbif
Automolus paraensis,Automolus paraensis,"Hartert, 1902",1902,gbif
Automolus rufipileatus,Automolus rufipileatus,"(Pelzeln, 1859)",1859,gbif
Automolus subulatus,Automolus subulatus,"(Spix, 1824)",1824,gbif
Automolus virgatus,Automolus virgatus,"(Lawrence, 1867)",1867,gbif
Berlepschia rikeri,Berlepschia rikeri,"(Ridgway, 1887)",1887,gbif
Campylorhamphus falcularius,Campylorhamphus falcularius,"(Vieillot, 1822)",1822,gbif
Campylorhamphus multostriatus,Campylorhamphus multostriatus,"(E.Snethlage, 1907)",1907,gbif
Campylorhamphus probatus,Campylorhamphus probatus,"J.T.Zimmer, 1934",1934,gbif
Campylorhamphus procurvoides,Campylorhamphus procurvoides,"(Lafresnaye, 1850)",1850,gbif
Campylorhamphus pusillus,Campylorhamphus pusillus,"(P.L.Sclater, 1860)",1860,gbif
Campylorhamphus trochilirostris,Campylorhamphus trochilirostris,"(Lichtenstein, 1820)",1820,gbif
Certhiasomus stictolaemus,Certhiasomus stictolaemus,"(Pelzeln, 1868)",1868,gbif
Certhiaxis cinnamomeus,Certhiaxis cinnamomeus,"(Gmelin, 1788)",1788,gbif
Certhiaxis mustelinus,Certhiaxis mustelinus,"(P.L.Sclater, 1874)",1874,gbif
Cichlocolaptes holti,Cichlocolaptes holti,"(Pinto, 1941)",1941,gbif
Cichlocolaptes leucophrus,Cichlocolaptes leucophrus,"(Jardine & Selby, 1830)",1830,gbif
Cinclodes albidiventris,Cinclodes albidiventris,"P.L.Sclater, 1860",1860,gbif
Cinclodes albiventris,Cinclodes albiventris,"(Philippi & Landbeck, 1861)",1861,gbif
Cinclodes antarcticus,Cinclodes antarcticus,"(Garnot, 1826)",1826,gbif
Cinclodes aricomae,Cinclodes aricomae,"(Carriker, 1932)",1932,gbif
Cinclodes atacamensis,Cinclodes atacamensis,"(Philippi, 1857)",1857,gbif
Cinclodes comechingonus,Cinclodes comechingonus,"Zotta & Gavio, 1944",1944,gbif
Cinclodes excelsior,Cinclodes excelsior,"P.L.Sclater, 1860",1860,gbif
Cinclodes fuscus,Cinclodes fuscus,"(Vieillot, 1818)",1818,gbif
Cinclodes maculirostris,Cinclodes maculirostris,"Dabbene, 1917",1917,gbif
Cinclodes nigrofumosus,Cinclodes nigrofumosus,"(Orbigny & Lafresnaye, 1838)",1838,gbif
Cinclodes olrogi,Cinclodes olrogi,"Nores & Yzurieta, 1979",1979,gbif
Cinclodes oustaleti,Cinclodes oustaleti,"Scott, 1900",1900,gbif
Cinclodes pabsti,Cinclodes pabsti,"Sick, 1969",1969,gbif
Cinclodes palliatus,Cinclodes palliatus,"(Tschudi, 1844)",1844,gbif
Cinclodes patagonicus,Cinclodes patagonicus,"(Gmelin, 1789)",1789,gbif
Cinclodes taczanowskii,Cinclodes taczanowskii,"Berlepsch & Stolzmann, 1892",1892,gbif
Clibanornis dendrocolaptoides,Clibanornis dendrocolaptoides,"(Pelzeln, 1859)",1859,gbif
Clibanornis erythrocephalus,Clibanornis erythrocephalus,"(Chapman, 1919)",1919,gbif
Clibanornis rectirostris,Clibanornis rectirostris,"(M.Wied-Neuwied, 1831)",1831,gbif
Clibanornis rubiginosus,Clibanornis rubiginosus,"(P.L.Sclater, 1857)",1857,gbif
Clibanornis rufipectus,Clibanornis rufipectus,"(Bangs, 1898)",1898,gbif
Coryphistera alaudina,Coryphistera alaudina,"Burmeister, 1860",1860,gbif
Cranioleuca albicapilla,Cranioleuca albicapilla,"(Cabanis, 1873)",1873,gbif
Cranioleuca albiceps,Cranioleuca albiceps,"(Orbigny & Lafresnaye, 1837)",1837,gbif
Cranioleuca antisiensis,Cranioleuca antisiensis,"(P.L.Sclater, 1859)",1859,gbif
Cranioleuca baroni,Cranioleuca baroni,"(Salvin, 1895)",1895,gbif
Cranioleuca berlepschi,Cranioleuca berlepschi,"(Hellmayr, 1905)",1905,gbif
Cranioleuca curtata,Cranioleuca curtata,"(P.L.Sclater, 1870)",1870,gbif
Cranioleuca demissa,Cranioleuca demissa,"(Salvin & Godman, 1884)",1884,gbif
Cranioleuca dissita,Cranioleuca dissita,"(Wetmore, 1957)",1957,gbif
Cranioleuca erythrops,Cranioleuca erythrops,"(P.L.Sclater, 1860)",1860,gbif
Cranioleuca hellmayri,Cranioleuca hellmayri,"(Bangs, 1907)",1907,gbif
Cranioleuca henricae,Cranioleuca henricae,"Maijer & Fjeldsa, 1997",1997,gbif
Cranioleuca marcapatae,Cranioleuca marcapatae,"Zimmer, 1935",1935,gbif
Cranioleuca muelleri,Cranioleuca muelleri,"(Hellmayr, 1911)",1911,gbif
Cranioleuca obsoleta,Cranioleuca obsoleta,"(Reichenbach, 1853)",1853,gbif
Cranioleuca pallida,Cranioleuca pallida,"(Wied-Neuwied, 1831)",1831,gbif
Cranioleuca pyrrhophia,Cranioleuca pyrrhophia,"(Vieillot, 1818)",1818,gbif
Cranioleuca semicinerea,Cranioleuca semicinerea,"(Reichenbach, 1853)",1853,gbif
Cranioleuca subcristata,Cranioleuca subcristata,"(P.L.Sclater, 1874)",1874,gbif
Cranioleuca sulphurifera,Cranioleuca sulphurifera,"(Burmeister, 1869)",1869,gbif
Cranioleuca vulpecula,Cranioleuca vulpecula,"(P.L.Sclater & Salvin, 1866)",1866,gbif
Cranioleuca vulpina,Cranioleuca vulpina,"(Pelzeln, 1856)",1856,gbif
Cranioleuca weskei,Cranioleuca weskei,"Remsen, 1984",1984,gbif
Deconychura longicauda,Deconychura longicauda,"(Pelzeln, 1868)",1868,gbif
Deconychura pallida,Deconychura pallida,"J.T.Zimmer, 1929",1929,gbif
Deconychura typica,Deconychura typica,"Cherrie, 1891",1891,gbif
Dendrexetastes rufigula,Dendrexetastes rufigula,"(Lesson, 1844)",1844,gbif
Dendrocincla anabatina,Dendrocincla anabatina,"P.L.Sclater, 1859",1859,gbif
Dendrocincla fuliginosa,Dendrocincla fuliginosa,"(Vieillot, 1818)",1818,gbif
Dendrocincla homochroa,Dendrocincla homochroa,"(P.L.Sclater, 1860)",1860,gbif
Dendrocincla merula,Dendrocincla merula,"(Lichtenstein, 1820)",1820,gbif
Dendrocincla turdina,Dendrocincla turdina,"(Lichtenstein, 1820)",1820,gbif
Dendrocincla tyrannina,Dendrocincla tyrannina,"(Lafresnaye, 1851)",1851,gbif
Dendrocolaptes certhia,Dendrocolaptes certhia,"(Boddaert, 1783)",1783,gbif
Dendrocolaptes hoffmannsi,Dendrocolaptes hoffmannsi,"Hellmayr, 1909",1909,gbif
Dendrocolaptes picumnus,Dendrocolaptes picumnus,"Lichtenstein, 1820",1820,gbif
Dendrocolaptes platyrostris,Dendrocolaptes platyrostris,"Spix, 1824",1824,gbif
Dendrocolaptes punctipectus,Dendrocolaptes punctipectus,"Phelps & Gilliard, 1940",1940,gbif
Dendrocolaptes sanctithomae,Dendrocolaptes sanctithomae,"(Lafresnaye, 1852)",1852,gbif
Dendroplex kienerii,Dendroplex kienerii,"(Zimmer, 1934)",1934,gbif
Dendroplex picus,Dendroplex picus,"(J.F.Gmelin, 1788)",1788,gbif
Drymornis bridgesii,Drymornis bridgesii,"(Eyton, 1850)",1850,gbif
Drymotoxeres pucheranii,Drymotoxeres pucheranii,"(Des Murs, 1849)",1849,gbif
Furnarius cinnamomeus,Furnarius cinnamomeus,"(R.P.Lesson, 1844)",1844,gbif
Furnarius cristatus,Furnarius cristatus,"Burmeister, 1888",1888,gbif
Furnarius figulus,Furnarius figulus,"(Lichtenstein, 1823)",1823,gbif
Furnarius leucopus,Furnarius leucopus,"Swainson, 1838",1838,gbif
Furnarius longirostris,Furnarius longirostris,"Pelzeln, 1856",1856,gbif
Furnarius minor,Furnarius minor,"Pelzeln, 1858",1858,gbif
Furnarius rufus,Furnarius rufus,"(Gmelin, 1788)",1788,gbif
Furnarius torridus,Furnarius torridus,"P.L.Sclater & Salvin, 1866",1866,gbif
Geocerthia serrana,Geocerthia serrana,"(Taczanowski, 1875)",1875,gbif
Geositta antarctica,Geositta antarctica,"Landbeck, 1880",1880,gbif
Geositta crassirostris,Geositta crassirostris,"P.L.Sclater, 1866",1866,gbif
Geositta cunicularia,Geositta cunicularia,"(Vieillot, 1816)",1816,gbif
Geositta isabellina,Geositta isabellina,"(Philippi & Landbeck, 1864)",1864,gbif
Geositta maritima,Geositta maritima,"(Orbigny & Lafresnaye, 1837)",1837,gbif
Geositta peruviana,Geositta peruviana,"Lafresnaye, 1847",1847,gbif
Geositta poeciloptera,Geositta poeciloptera,"(Wied-Neuwied, 1830)",1830,gbif
Geositta punensis,Geositta punensis,"Dabbene, 1917",1917,gbif
Geositta rufipennis,Geositta rufipennis,"(Burmeister, 1860)",1860,gbif
Geositta saxicolina,Geositta saxicolina,"Taczanowski, 1875",1875,gbif
Geositta tenuirostris,Geositta tenuirostris,"(Lafresnaye, 1836)",1836,gbif
Glyphorynchus spirurus,Glyphorynchus spirurus,"(Vieillot, 1819)",1819,gbif
Heliobletus contaminatus,Heliobletus contaminatus,"Berlepsch, 1885",1885,gbif
Hellmayrea gularis,Hellmayrea gularis,"(Lafresnaye, 1843)",1843,gbif
Hylexetastes perrotii,Hylexetastes perrotii,"(Lafresnaye, 1844)",1844,gbif
Hylexetastes stresemanni,Hylexetastes stresemanni,"E.Snethlage, 1925",1925,gbif
Lepidocolaptes affinis,Lepidocolaptes affinis,"(Lafresnaye, 1839)",1839,gbif
Lepidocolaptes albolineatus,Lepidocolaptes albolineatus,"(Lafresnaye, 1846)",1846,gbif
Lepidocolaptes angustirostris,Lepidocolaptes angustirostris,"(Vieillot, 1818)",1818,gbif
Lepidocolaptes duidae,Lepidocolaptes duidae,"J.T.Zimmer, 1934",1934,gbif
Lepidocolaptes falcinellus,Lepidocolaptes falcinellus,"(Cabanis & Heine, 1859)",1859,gbif
Lepidocolaptes fatimalimae,Lepidocolaptes fatimalimae,"Rodrigues, Aleixo, Whittaker & Naka, 2013",2013,gbif
Lepidocolaptes fuscicapillus,Lepidocolaptes fuscicapillus,"(Pelzeln, 1868)",1868,gbif
Lepidocolaptes lacrymiger,Lepidocolaptes lacrymiger,"(Des Murs, 1849)",1849,gbif
Lepidocolaptes leucogaster,Lepidocolaptes leucogaster,"(Swainson, 1827)",1827,gbif
Lepidocolaptes neglectus,Lepidocolaptes neglectus,"(Ridgway, 1909)",1909,gbif
Lepidocolaptes souleyetii,Lepidocolaptes souleyetii,"(Des Murs, 1849)",1849,gbif
Lepidocolaptes squamatus,Lepidocolaptes squamatus,"(Lichtenstein, 1822)",1822,gbif
Leptasthenura aegithaloides,Leptasthenura aegithaloides,"(Kittlitz, 1830)",1830,gbif
Leptasthenura andicola,Leptasthenura andicola,"P.L.Sclater, 1870",1870,gbif
Leptasthenura berlepschi,Leptasthenura berlepschi,"E.Hartert, 1909",1909,gbif
Leptasthenura fuliginiceps,Leptasthenura fuliginiceps,"(Orbigny & Lafresnaye, 1837)",1837,gbif
Leptasthenura pallida,Leptasthenura pallida,"Dabbene, 1920",1920,gbif
Leptasthenura pileata,Leptasthenura pileata,"P.L.Sclater, 1881",1881,gbif
Leptasthenura platensis,Leptasthenura platensis,"Reichenbach, 1853",1853,gbif
Leptasthenura setaria,Leptasthenura setaria,"(Temminck, 1824)",1824,gbif
Leptasthenura striata,Leptasthenura striata,"(Philippi & Landbeck, 1863)",1863,gbif
Leptasthenura striolata,Leptasthenura striolata,"(Pelzeln, 1856)",1856,gbif
Leptasthenura xenothorax,Leptasthenura xenothorax,"Chapman, 1921",1921,gbif
Limnoctites rectirostris,Limnoctites rectirostris,"(Gould, 1839)",1839,gbif
Limnornis curvirostris,Limnornis curvirostris,"Gould, 1839",1839,gbif
Lochmias nematura,Lochmias nematura,"(Lichtenstein, 1823)",1823,gbif
Margarornis bellulus,Margarornis bellulus,"Nelson, 1912",1912,gbif
Margarornis rubiginosus,Margarornis rubiginosus,"Lawrence, 1865",1865,gbif
Margarornis squamiger,Margarornis squamiger,"(Orbigny & Lafresnaye, 1838)",1838,gbif
Margarornis stellatus,Margarornis stellatus,"P.L.Sclater & Salvin, 1873",1873,gbif
Mazaria propinqua,Mazaria propinqua,"(Pelzeln, 1859)",1859,gbif
Megaxenops parnaguae,Megaxenops parnaguae,"Reiser, 1905",1905,gbif
Metopothrix aurantiaca,Metopothrix aurantiaca,"P.L.Sclater & Salvin, 1866",1866,gbif
Microxenops milleri,Microxenops milleri,"Chapman, 1914",1914,gbif
Nasica longirostris,Nasica longirostris,"(Vieillot, 1818)",1818,gbif
Ochetorhynchus andaecola,Ochetorhynchus andaecola,"(d'Orbigny & Lafresnaye, 1838)",1838,gbif
Ochetorhynchus melanurus,Ochetorhynchus melanurus,"(G.R.Gray, 1846)",1846,gbif
Ochetorhynchus phoenicurus,Ochetorhynchus phoenicurus,"(Gould, 1839)",1839,gbif
Ochetorhynchus ruficaudus,Ochetorhynchus ruficaudus,"Meyen, 1834",1834,gbif
Phacellodomus dorsalis,Phacellodomus dorsalis,"Salvin, 1895",1895,gbif
Phacellodomus erythrophthalmus,Phacellodomus erythrophthalmus,"(Wied-Neuwied, 1821)",1821,gbif
Phacellodomus ferrugineigula,Phacellodomus ferrugineigula,"(Pelzeln, 1858)",1858,gbif
Phacellodomus inornatus,Phacellodomus inornatus,"Ridgway, 1887",1887,gbif
Phacellodomus maculipectus,Phacellodomus maculipectus,"Cabanis, 1883",1883,gbif
Phacellodomus ruber,Phacellodomus ruber,"(Vieillot, 1817)",1817,gbif
Phacellodomus rufifrons,Phacellodomus rufifrons,"(Wied-Neuwied, 1821)",1821,gbif
Phacellodomus sibilatrix,Phacellodomus sibilatrix,"P.L.Sclater, 1879",1879,gbif
Phacellodomus striaticeps,Phacellodomus striaticeps,"(Orbigny & Lafresnaye, 1838)",1838,gbif
Phacellodomus striaticollis,Phacellodomus striaticollis,"(Orbigny & Lafresnaye, 1838)",1838,gbif
Philydor atricapillus,Philydor atricapillus,"(Wied-Neuwied, 1821)",1821,gbif
Philydor erythrocercum,Philydor erythrocercum,"(Pelzeln, 1859)",1859,gbif
Philydor erythropterum,Philydor erythropterum,"(P.L.Sclater, 1856)",1856,gbif
Philydor fuscipenne,Philydor fuscipenne,"Salvin, 1866",1866,gbif
Philydor pyrrhodes,Philydor pyrrhodes,"(Cabanis, 1848)",1848,gbif
Philydor rufum,Philydor rufum,"(Vieillot, 1818)",1818,gbif
Phleocryptes melanops,Phleocryptes melanops,"(Vieillot, 1817)",1817,gbif
Premnoplex brunnescens,Premnoplex brunnescens,"(P.L.Sclater, 1856)",1856,gbif
Premnoplex pariae,Premnoplex pariae,"Phelps & Phelps Jr, 1949",1949,gbif
Premnoplex tatei,Premnoplex tatei,"Chapman, 1925",1925,gbif
Premnornis guttuliger,Premnornis guttuliger,"(P.L.Sclater, 1864)",1864,gbif
Pseudasthenes cactorum,Pseudasthenes cactorum,"(Koepcke, 1959)",1959,gbif
Pseudasthenes humicola,Pseudasthenes humicola,"(Kittlitz, 1830)",1830,gbif
Pseudasthenes patagonica,Pseudasthenes patagonica,"(d'Orbigny, 1839)",1839,gbif
Pseudasthenes steinbachi,Pseudasthenes steinbachi,"(Hartert & Ejo, 1909)",1909,gbif
Pseudocolaptes boissonneauii,Pseudocolaptes boissonneauii,"(Lafresnaye, 1840)",1840,gbif
Pseudocolaptes johnsoni,Pseudocolaptes johnsoni,"Lönnberg & Rendahl, 1922",1922,gbif
Pseudocolaptes lawrencii,Pseudocolaptes lawrencii,"Ridgway, 1878",1878,gbif
Pseudoseisura cristata,Pseudoseisura cristata,"(Spix, 1824)",1824,gbif
Pseudoseisura gutturalis,Pseudoseisura gutturalis,"(Orbigny & Lafresnaye, 1838)",1838,gbif
Pseudoseisura lophotes,Pseudoseisura lophotes,"(Reichenbach, 1853)",1853,gbif
Pseudoseisura unirufa,Pseudoseisura unirufa,"(Orbigny & Lafresnaye, 1838)",1838,gbif
Pygarrhichas albogularis,Pygarrhichas albogularis,"(King, 1831)",1831,gbif
Roraimia adusta,Roraimia adusta,"(Salvin & Godman, 1884)",1884,gbif
Schoeniophylax phryganophilus,Schoeniophylax phryganophilus,"(Vieillot, 1817)",1817,gbif
Sclerurus albigularis,Sclerurus albigularis,"P.L.Sclater & Salvin, 1869",1869,gbif
Sclerurus caudacutus,Sclerurus caudacutus,"(Vieillot, 1816)",1816,gbif
Sclerurus cearensis,Sclerurus cearensis,"Snethlage, 1924",1924,gbif
Sclerurus guatemalensis,Sclerurus guatemalensis,"(Hartlaub, 1844)",1844,gbif
Sclerurus mexicanus,Sclerurus mexicanus,"P.L.Sclater, 1857",1857,gbif
Sclerurus rufigularis,Sclerurus rufigularis,"Pelzeln, 1868",1868,gbif
Sclerurus scansor,Sclerurus scansor,"(Menetries, 1835)",1835,gbif
Siptornis striaticollis,Siptornis striaticollis,"(Lafresnaye, 1843)",1843,gbif
Sittasomus griseicapillus,Sittasomus griseicapillus,"(Vieillot, 1818)",1818,gbif
Sittasomus griseus,Sittasomus griseus,"Jardine, 1847",1847,gbif
Spartonoica maluroides,Spartonoica maluroides,"(Orbigny & Lafresnaye, 1837)",1837,gbif
Sylviorthorhynchus desmurii,Sylviorthorhynchus desmurii,"Gay, 1845",1845,gbif
Sylviorthorhynchus yanacensis,Sylviorthorhynchus yanacensis,"(Carriker, 1933)",1933,gbif
Synallaxis albescens,Synallaxis albescens,"Temminck, 1823",1823,gbif
Synallaxis albigularis,Synallaxis albigularis,"P.L.Sclater, 1858",1858,gbif
Synallaxis albilora,Synallaxis albilora,"Pelzeln, 1856",1856,gbif
Synallaxis azarae,Synallaxis azarae,"Orbigny, 1835",1835,gbif
Synallaxis beverlyae,Synallaxis beverlyae,"Hilty & Ascanio, 2009",2009,gbif
Synallaxis brachyura,Synallaxis brachyura,"Lafresnaye, 1843",1843,gbif
Synallaxis cabanisi,Synallaxis cabanisi,"Berlepsch & Leverkuhn, 1890",1890,gbif
Synallaxis candei,Synallaxis candei,"Orbigny & Lafresnaye, 1838",1838,gbif
Synallaxis castanea,Synallaxis castanea,"P.L.Sclater, 1856",1856,gbif
Synallaxis cherriei,Synallaxis cherriei,"Gyldenstolpe, 1930",1930,gbif
Synallaxis chinchipensis,Synallaxis chinchipensis,"Chapman, 1925",1925,gbif
Synallaxis cinerascens,Synallaxis cinerascens,"Temminck, 1823",1823,gbif
Synallaxis cinerea,Synallaxis cinerea,"Wied-Neuwied, 1831",1831,gbif
Synallaxis cinnamomea,Synallaxis cinnamomea,"Lafresnaye, 1843",1843,gbif
Synallaxis courseni,Synallaxis courseni,"Blake, 1971",1971,gbif
Synallaxis erythrothorax,Synallaxis erythrothorax,"P.L.Sclater, 1855",1855,gbif
Synallaxis frontalis,Synallaxis frontalis,"Pelzeln, 1859",1859,gbif
Synallaxis fuscorufa,Synallaxis fuscorufa,"P.L.Sclater, 1882",1882,gbif
Synallaxis gujanensis,Synallaxis gujanensis,"(Gmelin, 1789)",1789,gbif
Synallaxis hellmayri,Synallaxis hellmayri,"Reiser, 1905",1905,gbif
Synallaxis hypochondriaca,Synallaxis hypochondriaca,"(Salvin, 1895)",1895,gbif
Synallaxis hypospodia,Synallaxis hypospodia,"P.L.Sclater, 1874",1874,gbif
Synallaxis infuscata,Synallaxis infuscata,"Pinto, 1950",1950,gbif
Synallaxis kollari,Synallaxis kollari,"Pelzeln, 1856",1856,gbif
Synallaxis macconnelli,Synallaxis macconnelli,"Chubb, 1919",1919,gbif
Synallaxis maranonica,Synallaxis maranonica,"Taczanowski, 1879",1879,gbif
Synallaxis moesta,Synallaxis moesta,"P.L.Sclater, 1856",1856,gbif
Synallaxis ruficapilla,Synallaxis ruficapilla,"Vieillot, 1819",1819,gbif
Synallaxis rutilans,Synallaxis rutilans,"Temminck, 1823",1823,gbif
Synallaxis scutata,Synallaxis scutata,"P.L.Sclater, 1859",1859,gbif
Synallaxis simoni,Synallaxis simoni,"Hellmayr, 1907",1907,gbif
Synallaxis spixi,Synallaxis spixi,"P.L.Sclater, 1856",1856,gbif
Synallaxis stictothorax,Synallaxis stictothorax,"P.L.Sclater, 1859",1859,gbif
Synallaxis subpudica,Synallaxis subpudica,"P.L.Sclater, 1874",1874,gbif
Synallaxis tithys,Synallaxis tithys,"Taczanowski, 1877",1877,gbif
Synallaxis unirufa,Synallaxis unirufa,"Lafresnaye, 1843",1843,gbif
Synallaxis zimmeri,Synallaxis zimmeri,"Koepcke, 1957",1957,gbif
Syndactyla dimidiata,Syndactyla dimidiata,"(Pelzeln, 1859)",1859,gbif
Syndactyla guttulata,Syndactyla guttulata,"(P.L.Sclater, 1858)",1858,gbif
Syndactyla roraimae,Syndactyla roraimae,"(Hellmayr, 1917)",1917,gbif
Syndactyla ruficollis,Syndactyla ruficollis,"(Taczanowski, 1884)",1884,gbif
Syndactyla rufosuperciliata,Syndactyla rufosuperciliata,"(Lafresnaye, 1832)",1832,gbif
Syndactyla striata,Syndactyla striata,"(Carriker, 1936)",1936,gbif
Syndactyla subalaris,Syndactyla subalaris,"(P.L.Sclater, 1859)",1859,gbif
Syndactyla ucayalae,Syndactyla ucayalae,"(Chapman, 1928)",1928,gbif
Tarphonomus certhioides,Tarphonomus certhioides,"(d'Orbigny & Lafresnaye, 1838)",1838,gbif
Tarphonomus harterti,Tarphonomus harterti,"(Berlepsch, 1892)",1892,gbif
Thripadectes flammulatus,Thripadectes flammulatus,"(Eyton, 1849)",1849,gbif
Thripadectes holostictus,Thripadectes holostictus,"(P.L.Sclater & Salvin, 1876)",1876,gbif
Thripadectes ignobilis,Thripadectes ignobilis,"(P.L.Sclater & Salvin, 1879)",1879,gbif
Thripadectes melanorhynchus,Thripadectes melanorhynchus,"(Tschudi, 1844)",1844,gbif
Thripadectes rufobrunneus,Thripadectes rufobrunneus,"(Lawrence, 1865)",1865,gbif
Thripadectes scrutator,Thripadectes scrutator,"Taczanowski, 1874",1874,gbif
Thripadectes virgaticeps,Thripadectes virgaticeps,"Lawrence, 1874",1874,gbif
Thripophaga amacurensis,Thripophaga amacurensis,"Hilty, Ascanio & Whittaker, 2013",2013,gbif
Thripophaga cherriei,Thripophaga cherriei,"Berlepsch & Hartert, 1902",1902,gbif
Thripophaga fusciceps,Thripophaga fusciceps,"P.L.Sclater, 1889",1889,gbif
Thripophaga gutturata,Thripophaga gutturata,"(d'Orbigny & Lafresnaye, 1838)",1838,gbif
Thripophaga macroura,Thripophaga macroura,"(Wied-Neuwied, 1821)",1821,gbif
Upucerthia albigula,Upucerthia albigula,"Hellmayr, 1932",1932,gbif
Upucerthia dumetaria,Upucerthia dumetaria,"I.Geoffroy Saint-Hilaire, 1832",1832,gbif
Upucerthia saturatior,Upucerthia saturatior,"Scott & Wed, 1900",1900,gbif
Upucerthia validirostris,Upucerthia validirostris,"(Burmeister, 1861)",1861,gbif
Xenerpestes minlosi,Xenerpestes minlosi,"Berlepsch, 1886",1886,gbif
Xenerpestes singularis,Xenerpestes singularis,"(Taczanowski & Berlepsch, 1885)",1885,gbif
Xenops genibarbis,Xenops genibarbis,"Illiger, 1811",1811,gbif
Xenops minutus,Xenops minutus,"(Sparrman, 1788)",1788,gbif
Xenops rutilus,Xenops rutilus,"Temminck, 1821",1821,gbif
Xenops tenuirostris,Xenops tenuirostris,"Pelzeln, 1859",1859,gbif
Xiphocolaptes albicollis,Xiphocolaptes albicollis,"(Vieillot, 1818)",1818,gbif
Xiphocolaptes falcirostris,Xiphocolaptes falcirostris,"(Spix, 1824)",1824,gbif
Xiphocolaptes major,Xiphocolaptes major,"(Vieillot, 1818)",1818,gbif
Xiphocolaptes promeropirhynchus,Xiphocolaptes promeropirhynchus,"(Lesson, 1840)",1840,gbif
Xiphorhynchus aequatorialis,Xiphorhynchus aequatorialis,"(von Berlepsch & Taczanowski, 1884)",1884,gbif
Xiphorhynchus atlanticus,Xiphorhynchus atlanticus,"(Cory, 1916)",1916,gbif
Xiphorhynchus beauperthuysii,Xiphorhynchus beauperthuysii,"(Pucheran & Lafresnaye, 1850)",1850,gbif
Xiphorhynchus chunchotambo,Xiphorhynchus chunchotambo,"(von Tschudi, 1844)",1844,gbif
Xiphorhynchus elegans,Xiphorhynchus elegans,"(Pelzeln, 1868)",1868,gbif
Xiphorhynchus erythropygius,Xiphorhynchus erythropygius,"(P.L.Sclater, 1860)",1860,gbif
Xiphorhynchus flavigaster,Xiphorhynchus flavigaster,"Swainson, 1827",1827,gbif
Xiphorhynchus fuscus,Xiphorhynchus fuscus,"(Vieillot, 1818)",1818,gbif
Xiphorhynchus guttatoides,Xiphorhynchus guttatoides,"(Lafresnaye, 1850)",1850,gbif
Xiphorhynchus guttatus,Xiphorhynchus guttatus,"(Lichtenstein, 1820)",1820,gbif
Xiphorhynchus lachrymosus,Xiphorhynchus lachrymosus,"(Lawrence, 1862)",1862,gbif
Xiphorhynchus obsoletus,Xiphorhynchus obsoletus,"(Lichtenstein, 1820)",1820,gbif
Xiphorhynchus ocellatus,Xiphorhynchus ocellatus,"(Spix, 1824)",1824,gbif
Xiphorhynchus pardalotus,Xiphorhynchus pardalotus,"(Vieillot, 1818)",1818,gbif
Xiphorhynchus spixii,Xiphorhynchus spixii,"(Lesson, 1830)",1830,gbif
Xiphorhynchus susurrans,Xiphorhynchus susurrans,"(Jardine, 1847)",1847,gbif
Xiphorhynchus triangularis,Xiphorhynchus triangularis,"(Lafresnaye, 1842)",1842,gbif
Grallaria albigula,Grallaria albigula,"Chapman, 1923",1923,gbif
Grallaria alleni,Grallaria alleni,"Chapman, 1912",1912,gbif
Grallaria alticola,Grallaria alticola,"Todd, 1919",1919,gbif
Grallaria andicolus,Grallaria andicolus,"(Cabanis, 1873)",1873,gbif
Grallaria atuensis,Grallaria atuensis,"Carriker, 1933",1933,gbif
Grallaria bangsi,Grallaria bangsi,"Allen, 1900",1900,gbif
Grallaria blakei,Grallaria blakei,"G.R.Graves, 1987",1987,gbif
Grallaria capitalis,Grallaria capitalis,"Chapman, 1926",1926,gbif
Grallaria carrikeri,Grallaria carrikeri,"Schulenberg & M.D.Williams, 1982",1982,gbif
Grallaria chthonia,Grallaria chthonia,"Wetmore & W.H.Phelps Jr, 1956",1956,gbif
Grallaria dignissima,Grallaria dignissima,"P.L.Sclater & Salvin, 1880",1880,gbif
Grallaria eludens,Grallaria eludens,"Lowery & O'Neill, 1969",1969,gbif
Grallaria erythroleuca,Grallaria erythroleuca,"P.L.Sclater, 1874",1874,gbif
Grallaria erythrotis,Grallaria erythrotis,"P.L.Sclater & Salvin, 1876",1876,gbif
Grallaria excelsa,Grallaria excelsa,"Berlepsch, 1893",1893,gbif
Grallaria fenwickorum,Grallaria fenwickorum,"Barrera & Bartels, 2010",2010,gbif
Grallaria flavotincta,Grallaria flavotincta,"P.L.Sclater, 1877",1877,gbif
Grallaria gigantea,Grallaria gigantea,"Lawrence, 1866",1866,gbif
Grallaria griseonucha,Grallaria griseonucha,"P.L.Sclater & Salvin, 1871",1871,gbif
Grallaria guatimalensis,Grallaria guatimalensis,"Prevost & Des Murs, 1842",1842,gbif
Grallaria haplonota,Grallaria haplonota,"P.L.Sclater, 1877",1877,gbif
Grallaria hypoleuca,Grallaria hypoleuca,"P.L.Sclater, 1855",1855,gbif
Grallaria kaestneri,Grallaria kaestneri,"F.G.Stiles, 1992",1992,gbif
Grallaria milleri,Grallaria milleri,"Chapman, 1912",1912,gbif
Grallaria nuchalis,Grallaria nuchalis,"P.L.Sclater, 1860",1860,gbif
Grallaria przewalskii,Grallaria przewalskii,"Taczanowski, 1882",1882,gbif
Grallaria quitensis,Grallaria quitensis,"Lesson, 1844",1844,gbif
Grallaria ridgelyi,Grallaria ridgelyi,"Krabbe, Agro, Rice, Jacome, Navarrete & Sornoza, 1999",1999,gbif
Grallaria ruficapilla,Grallaria ruficapilla,"Lafresnaye, 1842",1842,gbif
Grallaria rufocinerea,Grallaria rufocinerea,"P.L.Sclater & Salvin, 1879",1879,gbif
Grallaria rufula,Grallaria rufula,"Lafresnaye, 1843",1843,gbif
Grallaria saltuensis,Grallaria saltuensis,"Wetmore, 1946",1946,gbif
Grallaria squamigera,Grallaria squamigera,"Prevost & Des Murs, 1842",1842,gbif
Grallaria varia,Grallaria varia,"(Boddaert, 1783)",1783,gbif
Grallaria watkinsi,Grallaria watkinsi,"Chapman, 1919",1919,gbif
Grallaricula cucullata,Grallaricula cucullata,"(P.L.Sclater, 1856)",1856,gbif
Grallaricula cumanensis,Grallaricula cumanensis,"Hartert, 1900",1900,gbif
Grallaricula ferrugineipectus,Grallaricula ferrugineipectus,"(P.L.Sclater, 1857)",1857,gbif
Grallaricula flavirostris,Grallaricula flavirostris,"(P.L.Sclater, 1858)",1858,gbif
Grallaricula leymebambae,Grallaricula leymebambae,"Carriker, 1933",1933,gbif
Grallaricula lineifrons,Grallaricula lineifrons,"(Chapman, 1924)",1924,gbif
Grallaricula loricata,Grallaricula loricata,"(P.L.Sclater, 1857)",1857,gbif
Grallaricula nana,Grallaricula nana,"(Lafresnaye, 1842)",1842,gbif
Grallaricula ochraceifrons,Grallaricula ochraceifrons,"G.R.Graves, O'Neill & T.A.Parker, 1983",1983,gbif
Grallaricula peruviana,Grallaricula peruviana,"Chapman, 1923",1923,gbif
Hylopezus auricularis,Hylopezus auricularis,"(Gyldenstolpe, 1941)",1941,gbif
Hylopezus berlepschi,Hylopezus berlepschi,"(Hellmayr, 1903)",1903,gbif
Hylopezus dives,Hylopezus dives,"(Salvin, 1865)",1865,gbif
Hylopezus fulviventris,Hylopezus fulviventris,"(P.L.Sclater, 1858)",1858,gbif
Hylopezus macularius,Hylopezus macularius,"(Temminck, 1830)",1830,gbif
Hylopezus nattereri,Hylopezus nattereri,"(Pinto, 1937)",1937,gbif
Hylopezus ochroleucus,Hylopezus ochroleucus,"(Wied-Neuwied, 1831)",1831,gbif
Hylopezus perspicillatus,Hylopezus perspicillatus,"(Lawrence, 1861)",1861,gbif
Myrmothera campanisona,Myrmothera campanisona,"(Hermann, 1783)",1783,gbif
Myrmothera simplex,Myrmothera simplex,"(Salvin & Godman, 1884)",1884,gbif
Alopochelidon fucata,Alopochelidon fucata,"(Temminck, 1822)",1822,gbif
Atronanus fuliginosus,Atronanus fuliginosus,"(Chapin, 1925)",1925,gbif
Atticora fasciata,Atticora fasciata,"(Gmelin, 1789)",1789,gbif
Atticora pileata,Atticora pileata,"Gould, 1858",1858,gbif
Atticora tibialis,Atticora tibialis,"(Cassin, 1853)",1853,gbif
Cecropis abyssinica,Cecropis abyssinica,"(Guerin-Meneville, 1843)",1843,gbif
Cecropis cucullata,Cecropis cucullata,"(Boddaert, 1783)",1783,gbif
Cecropis daurica,Cecropis daurica,"(Laxmann, 1769)",1769,gbif
Cecropis hyperythra,Cecropis hyperythra,"(Blyth, 1849)",1849,gbif
Cecropis semirufa,Cecropis semirufa,"(Sundevall, 1850)",1850,gbif
Cecropis senegalensis,Cecropis senegalensis,"(Linnaeus, 1766)",1766,gbif
Cheramoeca leucosterna,Cheramoeca leucosterna,"(Gould, 1841)",1841,gbif
Delichon dasypus,Delichon dasypus,"(Bonaparte, 1850)",1850,gbif
Delichon lagopodum,Delichon lagopodum,"(Pallas, 1811)",1811,gbif
Delichon nipalense,Delichon nipalense,"Moore, 1854",1854,gbif
Delichon urbicum,Delichon urbicum,"(Linnaeus, 1758)",1758,gbif
Eurochelidon sirintarae,Eurochelidon sirintarae,"(Kitti, 1968)",1968,gbif
Hirundo aethiopica,Hirundo aethiopica,"Blanford, 1869",1869,gbif
Hirundo albigularis,Hirundo albigularis,"Strickland, 1849",1849,gbif
Hirundo angolensis,Hirundo angolensis,"Bocage, 1868",1868,gbif
Hirundo atrocaerulea,Hirundo atrocaerulea,"Sundevall, 1850",1850,gbif
Hirundo dimidiata,Hirundo dimidiata,"Sundevall, 1850",1850,gbif
Hirundo javanica,Hirundo javanica,"Sparrman, 1789",1789,gbif
Hirundo leucosoma,Hirundo leucosoma,"Swainson, 1837",1837,gbif
Hirundo lucida,Hirundo lucida,"Hartlaub, 1858",1858,gbif
Hirundo megaensis,Hirundo megaensis,"Benson, 1942",1942,gbif
Hirundo neoxena,Hirundo neoxena,"Gould, 1842",1842,gbif
Hirundo nigrita,Hirundo nigrita,"G.R.Gray, 1845",1845,gbif
Hirundo nigrorufa,Hirundo nigrorufa,"Bocage, 1877",1877,gbif
Hirundo rustica,Hirundo rustica,"Linnaeus, 1758",1758,gbif
Hirundo smithii,Hirundo smithii,"Leach & K.D.Koenig, 1818",1818,gbif
Hirundo tahitica,Hirundo tahitica,"Gmelin, 1789",1789,gbif
Neophedina cincta,Neophedina cincta,"(Boddaert, 1783)",1783,gbif
Orochelidon andecola,Orochelidon andecola,"(d'Orbigny & Lafresnaye, 1837)",1837,gbif
Orochelidon flavipes,Orochelidon flavipes,"(Chapman, 1922)",1922,gbif
Orochelidon murina,Orochelidon murina,"(Cassin, 1853)",1853,gbif
Petrochelidon ariel,Petrochelidon ariel,"(Gould, 1842)",1842,gbif
Petrochelidon fluvicola,Petrochelidon fluvicola,"(Blyth, 1855)",1855,gbif
Petrochelidon fulva,Petrochelidon fulva,"(Vieillot, 1808)",1808,gbif
Petrochelidon nigricans,Petrochelidon nigricans,"(Vieillot, 1817)",1817,gbif
Petrochelidon perdita,Petrochelidon perdita,"(Fry & Smith, 1985)",1985,gbif
Petrochelidon preussi,Petrochelidon preussi,"(Reichenow, 1898)",1898,gbif
Petrochelidon pyrrhonota,Petrochelidon pyrrhonota,"(Vieillot, 1817)",1817,gbif
Petrochelidon rufigula,Petrochelidon rufigula,"(Bocage, 1878)",1878,gbif
Petrochelidon rufocollaris,Petrochelidon rufocollaris,"(Peale, 1848)",1848,gbif
Petrochelidon spilodera,Petrochelidon spilodera,"(Sundevall, 1850)",1850,gbif
Phedina borbonica,Phedina borbonica,"(Gmelin, 1789)",1789,gbif
Phedinopsis brazzae,Phedinopsis brazzae,"(Oustalet, 1886)",1886,gbif
Progne chalybea,Progne chalybea,"(Gmelin, 1789)",1789,gbif
Progne cryptoleuca,Progne cryptoleuca,"S.F.Baird, 1865",1865,gbif
Progne dominicensis,Progne dominicensis,"(Gmelin, 1789)",1789,gbif
Progne elegans,Progne elegans,"S.F.Baird, 1865",1865,gbif
Progne modesta,Progne modesta,"Gould, 1839",1839,gbif
Progne murphyi,Progne murphyi,"Chapman, 1925",1925,gbif
Progne sinaloae,Progne sinaloae,"Nelson, 1898",1898,gbif
Progne subis,Progne subis,"(Linnaeus, 1758)",1758,gbif
Progne tapera,Progne tapera,"(Linnaeus, 1766)",1766,gbif
Psalidoprocne albiceps,Psalidoprocne albiceps,"P.L.Sclater, 1864",1864,gbif
Psalidoprocne fuliginosa,Psalidoprocne fuliginosa,"Shelley, 1887",1887,gbif
Psalidoprocne nitens,Psalidoprocne nitens,"(Cassin, 1857)",1857,gbif
Psalidoprocne obscura,Psalidoprocne obscura,"(Hartlaub, 1855)",1855,gbif
Psalidoprocne pristoptera,Psalidoprocne pristoptera,"(Rüppell, 1840)",1840,gbif
Pseudhirundo griseopyga,Pseudhirundo griseopyga,"(Sundevall, 1850)",1850,gbif
Pseudochelidon eurystomina,Pseudochelidon eurystomina,"Hartlaub, 1861",1861,gbif
Ptyonoprogne concolor,Ptyonoprogne concolor,"(Sykes, 1832)",1832,gbif
Ptyonoprogne fuligula,Ptyonoprogne fuligula,"(Lichtenstein, 1842)",1842,gbif
Ptyonoprogne obsoleta,Ptyonoprogne obsoleta,"(Cabanis, 1850)",1850,gbif
Ptyonoprogne rufigula,Ptyonoprogne rufigula,"Fischer & Reichenow, 1884",1884,gbif
Ptyonoprogne rupestris,Ptyonoprogne rupestris,"(Scopoli, 1769)",1769,gbif
Pygochelidon cyanoleuca,Pygochelidon cyanoleuca,"(Vieillot, 1817)",1817,gbif
Pygochelidon melanoleuca,Pygochelidon melanoleuca,"(M.Wied-Neuwied, 1820)",1820,gbif
Riparia chinensis,Riparia chinensis,"(J.E.Gray, 1830)",1830,gbif
Riparia congica,Riparia congica,"(Reichenow, 1888)",1888,gbif
Riparia cowani,Riparia cowani,"(Sharpe, 1882)",1882,gbif
Riparia diluta,Riparia diluta,"(Sharpe & Wyatt, 1893)",1893,gbif
Riparia paludicola,Riparia paludicola,"(Vieillot, 1817)",1817,gbif
Riparia riparia,Riparia riparia,"(Linnaeus, 1758)",1758,gbif
Stelgidopteryx ridgwayi,Stelgidopteryx ridgwayi,"Nelson, 1901",1901,gbif
Stelgidopteryx ruficollis,Stelgidopteryx ruficollis,"(Vieillot, 1817)",1817,gbif
Stelgidopteryx serripennis,Stelgidopteryx serripennis,"(Audubon, 1838)",1838,gbif
Tachycineta albilinea,Tachycineta albilinea,"(Lawrence, 1863)",1863,gbif
Tachycineta albiventer,Tachycineta albiventer,"(Boddaert, 1783)",1783,gbif
Tachycineta bicolor,Tachycineta bicolor,"(Vieillot, 1808)",1808,gbif
Tachycineta cyaneoviridis,Tachycineta cyaneoviridis,"(H.Bryant, 1859)",1859,gbif
Tachycineta euchrysea,Tachycineta euchrysea,"(Gosse, 1847)",1847,gbif
Tachycineta leucorrhoa,Tachycineta leucorrhoa,"(Vieillot, 1817)",1817,gbif
Tachycineta meyeni,Tachycineta meyeni,"(Cabanis, 1850)",1850,gbif
Tachycineta stolzmanni,Tachycineta stolzmanni,"(Philippi, 1902)",1902,gbif
Tachycineta thalassina,Tachycineta thalassina,"(Swainson, 1827)",1827,gbif
Hyliota australis,Hyliota australis,"Shelley, 1882",1882,gbif
Hyliota flavigaster,Hyliota flavigaster,"Swainson, 1837",1837,gbif
Hyliota usambara,Hyliota usambara,"W.L.Sclater, 1932",1932,gbif
Hyliota violacea,Hyliota violacea,"J.Verreaux & E.Verreaux, 1851",1851,gbif
Hylocitrea bonensis,Hylocitrea bonensis,"(A.B.Meyer & Wiglesworth, 1894)",1894,gbif
Hylocitrea bonthaina,Hylocitrea bonthaina,"(Meyer & Wiglesworth, 1896)",1896,gbif
Hypocolius ampelinus,Hypocolius ampelinus,"Bonaparte, 1850",1850,gbif
Agelaioides badius,Agelaioides badius,"(Vieillot, 1819)",1819,gbif
Agelaioides fringillarius,Agelaioides fringillarius,"(Spix, 1824)",1824,gbif
Agelaius assimilis,Agelaius assimilis,"Lembeye, 1850",1850,gbif
Agelaius humeralis,Agelaius humeralis,"(Vigors, 1827)",1827,gbif
Agelaius phoeniceus,Agelaius phoeniceus,"(Linnaeus, 1766)",1766,gbif
Agelaius tricolor,Agelaius tricolor,"(Audubon, 1837)",1837,gbif
Agelaius xanthomus,Agelaius xanthomus,"(P.L.Sclater, 1862)",1862,gbif
Agelasticus cyanopus,Agelasticus cyanopus,"(Vieillot, 1819)",1819,gbif
Agelasticus thilius,Agelasticus thilius,"(Molina, 1782)",1782,gbif
Agelasticus xanthophthalmus,Agelasticus xanthophthalmus,"(Short, 1969)",1969,gbif
Amblycercus holosericeus,Amblycercus holosericeus,"(Deppe, 1830)",1830,gbif
Amblyramphus holosericeus,Amblyramphus holosericeus,"(Scopoli, 1786)",1786,gbif
Anumara forbesi,Anumara forbesi,"(P.L.Sclater, 1886)",1886,gbif
Cacicus cela,Cacicus cela,"(Linnaeus, 1758)",1758,gbif
Cacicus chrysonotus,Cacicus chrysonotus,"(Lafresnaye & Orbigny, 1838)",1838,gbif
Cacicus chrysopterus,Cacicus chrysopterus,"(Vigors, 1825)",1825,gbif
Cacicus flavicrissus,Cacicus flavicrissus,"(P.L.Sclater, 1860)",1860,gbif
Cacicus haemorrhous,Cacicus haemorrhous,"(Linnaeus, 1766)",1766,gbif
Cacicus koepckeae,Cacicus koepckeae,"Lowery & O'Neill, 1965",1965,gbif
Cacicus latirostris,Cacicus latirostris,"Swainson, 1838",1838,gbif
Cacicus leucoramphus,Cacicus leucoramphus,"(Bonaparte, 1844)",1844,gbif
Cacicus microrhynchus,Cacicus microrhynchus,"(P.L.Sclater & Salvin, 1865)",1865,gbif
Cacicus oseryi,Cacicus oseryi,"Deville, 1849",1849,gbif
Cacicus pacificus,Cacicus pacificus,"Chapman, 1915",1915,gbif
Cacicus sclateri,Cacicus sclateri,"(Dubois, 1887)",1887,gbif
Cacicus solitarius,Cacicus solitarius,"(Vieillot, 1816)",1816,gbif
Cacicus uropygialis,Cacicus uropygialis,"Lafresnaye, 1843",1843,gbif
Cassiculus melanicterus,Cassiculus melanicterus,"(Bonaparte, 1825)",1825,gbif
Chrysomus icterocephalus,Chrysomus icterocephalus,"(Linnaeus, 1766)",1766,gbif
Chrysomus ruficapillus,Chrysomus ruficapillus,"(Vieillot, 1819)",1819,gbif
Curaeus curaeus,Curaeus curaeus,"(Molina, 1782)",1782,gbif
Dives dives,Dives dives,"(Deppe, 1830)",1830,gbif
Dives warczewiczi,Dives warczewiczi,"(Cabanis, 1861)",1861,gbif
Dolichonyx oryzivorus,Dolichonyx oryzivorus,"(Linnaeus, 1758)",1758,gbif
Euphagus carolinus,Euphagus carolinus,"(Statius Muller, 1776)",1776,gbif
Euphagus cyanocephalus,Euphagus cyanocephalus,"(Wagler, 1829)",1829,gbif
Gnorimopsar chopi,Gnorimopsar chopi,"(Vieillot, 1819)",1819,gbif
Gymnomystax mexicanus,Gymnomystax mexicanus,"(Linnaeus, 1766)",1766,gbif
Hypopyrrhus pyrohypogaster,Hypopyrrhus pyrohypogaster,"(Tarragon, 1847)",1847,gbif
Icteria virens,Icteria virens,"(Linnaeus, 1758)",1758,gbif
Icterus abeillei,Icterus abeillei,"(Lesson, 1839)",1839,gbif
Icterus auratus,Icterus auratus,"Bonaparte, 1850",1850,gbif
Icterus auricapillus,Icterus auricapillus,"Cassin, 1848",1848,gbif
Icterus bonana,Icterus bonana,"(Linnaeus, 1766)",1766,gbif
Icterus bullockiorum,Icterus bullockiorum,"(Swainson, 1827)",1827,gbif
Icterus cayanensis,Icterus cayanensis,"(Linnaeus, 1766)",1766,gbif
Icterus chrysater,Icterus chrysater,"(Lesson, 1844)",1844,gbif
Icterus chrysocephalus,Icterus chrysocephalus,"(Linnaeus, 1766)",1766,gbif
Icterus croconotus,Icterus croconotus,"(Wagler, 1829)",1829,gbif
Icterus cucullatus,Icterus cucullatus,"Swainson, 1827",1827,gbif
Icterus dominicensis,Icterus dominicensis,"(Linnaeus, 1766)",1766,gbif
Icterus fuertesi,Icterus fuertesi,"Chapman, 1911",1911,gbif
Icterus galbula,Icterus galbula,"(Linnaeus, 1758)",1758,gbif
Icterus graceannae,Icterus graceannae,"Cassin, 1867",1867,gbif
Icterus graduacauda,Icterus graduacauda,"Lesson, 1839",1839,gbif
Icterus gularis,Icterus gularis,"(Wagler, 1829)",1829,gbif
Icterus icterus,Icterus icterus,"(Linnaeus, 1766)",1766,gbif
Icterus jamacaii,Icterus jamacaii,"(Gmelin, 1788)",1788,gbif
Icterus laudabilis,Icterus laudabilis,"P.L.Sclater, 1871",1871,gbif
Icterus leucopteryx,Icterus leucopteryx,"(Wagler, 1827)",1827,gbif
Icterus maculialatus,Icterus maculialatus,"Cassin, 1848",1848,gbif
Icterus melanopsis,Icterus melanopsis,"(Wagler, 1829)",1829,gbif
Icterus mesomelas,Icterus mesomelas,"(Wagler, 1829)",1829,gbif
Icterus nigrogularis,Icterus nigrogularis,"(Hahn, 1819)",1819,gbif
Icterus northropi,Icterus northropi,"J.A.Allen, 1890",1890,gbif
Icterus oberi,Icterus oberi,"Lawrence, 1880",1880,gbif
Icterus parisorum,Icterus parisorum,"Bonaparte, 1838",1838,gbif
Icterus pectoralis,Icterus pectoralis,"(Wagler, 1829)",1829,gbif
Icterus portoricensis,Icterus portoricensis,"H.Bryant, 1866",1866,gbif
Icterus prosthemelas,Icterus prosthemelas,"(Strickland, 1850)",1850,gbif
Icterus pustulatus,Icterus pustulatus,"(Wagler, 1829)",1829,gbif
Icterus pyrrhopterus,Icterus pyrrhopterus,"(Vieillot, 1819)",1819,gbif
Icterus spurius,Icterus spurius,"(Linnaeus, 1766)",1766,gbif
Icterus wagleri,Icterus wagleri,"P.L.Sclater, 1857",1857,gbif
Lampropsar tanagrinus,Lampropsar tanagrinus,"(Spix, 1824)",1824,gbif
Leistes bellicosus,Leistes bellicosus,"(de Filippi, 1847)",1847,gbif
Leistes defilippii,Leistes defilippii,"(Bonaparte, 1850)",1850,gbif
Leistes loyca,Leistes loyca,"(Molina, 1782)",1782,gbif
Leistes militaris,Leistes militaris,"(Linnaeus, 1758)",1758,gbif
Leistes superciliaris,Leistes superciliaris,"(Bonaparte, 1850)",1850,gbif
Macroagelaius imthurni,Macroagelaius imthurni,"(P.L.Sclater, 1881)",1881,gbif
Macroagelaius subalaris,Macroagelaius subalaris,"(Boissonneau, 1840)",1840,gbif
Molothrus aeneus,Molothrus aeneus,"(Wagler, 1829)",1829,gbif
Molothrus armenti,Molothrus armenti,"Cabanis, 1851",1851,gbif
Molothrus ater,Molothrus ater,"(Boddaert, 1783)",1783,gbif
Molothrus bonariensis,Molothrus bonariensis,"(Gmelin, 1789)",1789,gbif
Molothrus oryzivorus,Molothrus oryzivorus,"(Gmelin, 1788)",1788,gbif
Molothrus rufoaxillaris,Molothrus rufoaxillaris,"Cassin, 1866",1866,gbif
Nesopsar nigerrimus,Nesopsar nigerrimus,"(Osburn, 1859)",1859,gbif
Oreopsar bolivianus,Oreopsar bolivianus,"W.L.Sclater, 1939",1939,gbif
Psarocolius angustifrons,Psarocolius angustifrons,"(Spix, 1824)",1824,gbif
Psarocolius atrovirens,Psarocolius atrovirens,"(Orbigny & Lafresnaye, 1838)",1838,gbif
Psarocolius bifasciatus,Psarocolius bifasciatus,"(Spix, 1824)",1824,gbif
Psarocolius cassini,Psarocolius cassini,"(Richmond, 1898)",1898,gbif
Psarocolius decumanus,Psarocolius decumanus,"(Pallas, 1769)",1769,gbif
Psarocolius guatimozinus,Psarocolius guatimozinus,"(Bonaparte, 1853)",1853,gbif
Psarocolius montezuma,Psarocolius montezuma,"(Lesson, 1830)",1830,gbif
Psarocolius oleagineus,Psarocolius oleagineus,"Sclater, 1883",1883,gbif
Psarocolius viridis,Psarocolius viridis,"(Statius Muller, 1776)",1776,gbif
Psarocolius wagleri,Psarocolius wagleri,"(G.R.Gray, 1845)",1845,gbif
Psarocolius yuracares,Psarocolius yuracares,"d'Orbigny & Lafresnaye, 1838",1838,gbif
Pseudoleistes guirahuro,Pseudoleistes guirahuro,"(Vieillot, 1819)",1819,gbif
Pseudoleistes virescens,Pseudoleistes virescens,"(Vieillot, 1819)",1819,gbif
Ptiloxena atroviolacea,Ptiloxena atroviolacea,"(d'Orbigny, 1839)",1839,gbif
Quiscalus lugubris,Quiscalus lugubris,"Swainson, 1838",1838,gbif
Quiscalus major,Quiscalus major,"Vieillot, 1819",1819,gbif
Quiscalus mexicanus,Quiscalus mexicanus,"(Gmelin, 1788)",1788,gbif
Quiscalus nicaraguensis,Quiscalus nicaraguensis,"Salvin & Godman, 1891",1891,gbif
Quiscalus niger,Quiscalus niger,"(Boddaert, 1783)",1783,gbif
Quiscalus quiscula,Quiscalus quiscula,"(Linnaeus, 1758)",1758,gbif
Sturnella magna,Sturnella magna,"(Linnaeus, 1758)",1758,gbif
Sturnella neglecta,Sturnella neglecta,"Audubon, 1844",1844,gbif
Xanthocephalus xanthocephalus,Xanthocephalus xanthocephalus,"(Bonaparte, 1826)",1826,gbif
Xanthopsar flavus,Xanthopsar flavus,"(Gmelin, 1788)",1788,gbif
Ifrita kowaldi,Ifrita kowaldi,"(De Vis, 1890)",1890,gbif
Irena cyanogastra,Irena cyanogastra,"Vigors, 1831",1831,gbif
Irena puella,Irena puella,"(Latham, 1790)",1790,gbif
Irena tweeddalii,Irena tweeddalii,"Sharpe, 1877",1877,gbif
Chaetorhynchus papuensis,Chaetorhynchus papuensis,"A.B.Meyer, 1874",1874,gbif
Eutrichomyias rowleyi,Eutrichomyias rowleyi,"(A.B.Meyer, 1878)",1878,gbif
Lamprolia klinesmithi,Lamprolia klinesmithi,"E.P.Ramsay, 1876",1876,gbif
Lamprolia victoriae,Lamprolia victoriae,"Finsch, 1874",1874,gbif
Corvinella corvina,Corvinella corvina,"(Shaw, 1809)",1809,gbif
Eurocephalus anguitimens,Eurocephalus anguitimens,"A.Smith, 1836",1836,gbif
Eurocephalus ruppelli,Eurocephalus ruppelli,"Bonaparte, 1853",1853,gbif
Lanius borealis,Lanius borealis,"Vieillot, 1808",1808,gbif
Lanius bucephalus,Lanius bucephalus,"Temminck & Schlegel, 1845",1845,gbif
Lanius cabanisi,Lanius cabanisi,"Hartert, 1906",1906,gbif
Lanius collaris,Lanius collaris,"Linnaeus, 1766",1766,gbif
Lanius collurio,Lanius collurio,"Linnaeus, 1758",1758,gbif
Lanius collurioides,Lanius collurioides,"Lesson, 1831",1831,gbif
Lanius cristatus,Lanius cristatus,"Linnaeus, 1758",1758,gbif
Lanius dorsalis,Lanius dorsalis,"Cabanis, 1878",1878,gbif
Lanius excubitor,Lanius excubitor,"Linnaeus, 1758",1758,gbif
Lanius excubitoroides,Lanius excubitoroides,"Prevost & Des Murs, 1847",1847,gbif
Lanius giganteus,Lanius giganteus,"Przevalski, 1887",1887,gbif
Lanius gubernator,Lanius gubernator,"Hartlaub, 1882",1882,gbif
Lanius isabellinus,Lanius isabellinus,"Hemprich & Ehrenberg, 1833",1833,gbif
Lanius ludovicianus,Lanius ludovicianus,"Linnaeus, 1766",1766,gbif
Lanius mackinnoni,Lanius mackinnoni,"Sharpe, 1891",1891,gbif
Lanius meridionalis,Lanius meridionalis,"Temminck, 1820",1820,gbif
Lanius minor,Lanius minor,"Gmelin, 1788",1788,gbif
Lanius newtoni,Lanius newtoni,"Bocage, 1891",1891,gbif
Lanius nubicus,Lanius nubicus,"Lichtenstein, 1823",1823,gbif
Lanius phoenicuroides,Lanius phoenicuroides,"(Schalow, 1875)",1875,gbif
Lanius schach,Lanius schach,"Linnaeus, 1758",1758,gbif
Lanius senator,Lanius senator,"Linnaeus, 1758",1758,gbif
Lanius somalicus,Lanius somalicus,"Hartlaub & Heuglin, 1859",1859,gbif
Lanius souzae,Lanius souzae,"Bocage, 1878",1878,gbif
Lanius sphenocercus,Lanius sphenocercus,"Cabanis, 1873",1873,gbif
Lanius tephronotus,Lanius tephronotus,"(Vigors, 1831)",1831,gbif
Lanius tigrinus,Lanius tigrinus,"Drapiez, 1828",1828,gbif
Lanius validirostris,Lanius validirostris,"Ogilvie-Grant, 1894",1894,gbif
Lanius vittatus,Lanius vittatus,"Valenciennes, 1826",1826,gbif
Urolestes melanoleucus,Urolestes melanoleucus,"(Jardine, 1831)",1831,gbif
Acanthoptila nipalensis,Acanthoptila nipalensis,"(Hodgson, 1836)",1836,gbif
Actinodura egertoni,Actinodura egertoni,"Gould, 1836",1836,gbif
Actinodura radcliffei,Actinodura radcliffei,"Harington, 1910",1910,gbif
Actinodura ramsayi,Actinodura ramsayi,"Walden, 1875",1875,gbif
Actinodura sodangorum,Actinodura sodangorum,"J.C.Eames, Trai, Cu & Eve, 1998",1998,gbif
Alcippe brunneicauda,Alcippe brunneicauda,"(Salvadori, 1879)",1879,gbif
Alcippe grotei,Alcippe grotei,"Delacour, 1936",1936,gbif
Alcippe morrisonia,Alcippe morrisonia,"Swinhoe, 1863",1863,gbif
Alcippe nipalensis,Alcippe nipalensis,"(Hodgson, 1837)",1837,gbif
Alcippe peracensis,Alcippe peracensis,"Sharpe, 1887",1887,gbif
Alcippe poioicephala,Alcippe poioicephala,"(Jerdon, 1844)",1844,gbif
Alcippe pyrrhoptera,Alcippe pyrrhoptera,"(Bonaparte, 1850)",1850,gbif
Argya altirostris,Argya altirostris,"(Hartert & Ejo, 1909)",1909,gbif
Argya aylmeri,Argya aylmeri,"Shelley, 1885",1885,gbif
Argya caudata,Argya caudata,"(Dumont, 1823)",1823,gbif
Argya earlei,Argya earlei,"(Blyth, 1844)",1844,gbif
Argya fulva,Argya fulva,"(Desfontaines, 1789)",1789,gbif
Argya malcolmi,Argya malcolmi,"(Sykes, 1832)",1832,gbif
Argya rubiginosa,Argya rubiginosa,"(Rüppell, 1845)",1845,gbif
Argya squamiceps,Argya squamiceps,"(Cretzschmar, 1827)",1827,gbif
Argya subrufa,Argya subrufa,"(Jerdon, 1839)",1839,gbif
Chatarrhaea gularis,Chatarrhaea gularis,"Blyth, 1855",1855,gbif
Chatarrhaea longirostris,Chatarrhaea longirostris,"(Moore, 1854)",1854,gbif
Chrysominla strigula,Chrysominla strigula,"(Hodgson, 1837)",1837,gbif
Cutia legalleni,Cutia legalleni,"Robinson & Kloss, 1919",1919,gbif
Cutia nipalensis,Cutia nipalensis,"Hodgson, 1837",1837,gbif
Garrulax albogularis,Garrulax albogularis,"(Gould, 1836)",1836,gbif
Garrulax annamensis,Garrulax annamensis,"(Robinson & Kloss, 1919)",1919,gbif
Garrulax berthemyi,Garrulax berthemyi,"(Oustalet, 1876)",1876,gbif
Garrulax bicolor,Garrulax bicolor,"Hartlaub, 1844",1844,gbif
Garrulax bieti,Garrulax bieti,"(Oustalet, 1897)",1897,gbif
Garrulax caerulatus,Garrulax caerulatus,"(Hodgson, 1836)",1836,gbif
Garrulax calvus,Garrulax calvus,"(Sharpe, 1888)",1888,gbif
Garrulax canorus,Garrulax canorus,"(Linnaeus, 1758)",1758,gbif
Garrulax castanotis,Garrulax castanotis,"(Ogilvie-Grant, 1899)",1899,gbif
Garrulax chinensis,Garrulax chinensis,"(Scopoli, 1786)",1786,gbif
Garrulax cineraceus,Garrulax cineraceus,"(Godwin-Austen, 1874)",1874,gbif
Garrulax cinereiceps,Garrulax cinereiceps,"(Styan, 1887)",1887,gbif
Garrulax cinereifrons,Garrulax cinereifrons,"Blyth, 1851",1851,gbif
Garrulax courtoisi,Garrulax courtoisi,"Menegaux, 1923",1923,gbif
Garrulax davidi,Garrulax davidi,"(Swinhoe, 1868)",1868,gbif
Garrulax delesserti,Garrulax delesserti,"(Jerdon, 1839)",1839,gbif
Garrulax ferrarius,Garrulax ferrarius,"Riley, 1930",1930,gbif
Garrulax galbanus,Garrulax galbanus,"Godwin-Austen, 1874",1874,gbif
Garrulax gularis,Garrulax gularis,"(McClelland, 1840)",1840,gbif
Garrulax konkakinhensis,Garrulax konkakinhensis,"J.C.Eames & C.Eames, 2001",2001,gbif
Garrulax koslowi,Garrulax koslowi,"(Bianchi, 1905)",1905,gbif
Garrulax lanceolatus,Garrulax lanceolatus,"(J.Verreaux, 1871)",1871,gbif
Garrulax leucolophus,Garrulax leucolophus,"(Hardwicke, 1816)",1816,gbif
Garrulax lugubris,Garrulax lugubris,"(S.Muller, 1836)",1836,gbif
Garrulax lunulatus,Garrulax lunulatus,"(J.Verreaux, 1870)",1870,gbif
Garrulax maesi,Garrulax maesi,"(Oustalet, 1890)",1890,gbif
Garrulax maximus,Garrulax maximus,"(J.Verreaux, 1870)",1870,gbif
Garrulax merulinus,Garrulax merulinus,"Blyth, 1851",1851,gbif
Garrulax milleti,Garrulax milleti,"Robinson & Kloss, 1919",1919,gbif
Garrulax mitratus,Garrulax mitratus,"(S.Muller, 1836)",1836,gbif
Garrulax monachus,Garrulax monachus,"Swinhoe, 1870",1870,gbif
Garrulax monileger,Garrulax monileger,"(Hodgson, 1836)",1836,gbif
Garrulax nuchalis,Garrulax nuchalis,"Godwin-Austen, 1876",1876,gbif
Garrulax ocellatus,Garrulax ocellatus,"(Vigors, 1831)",1831,gbif
Garrulax palliatus,Garrulax palliatus,"(Bonaparte, 1850)",1850,gbif
Garrulax pectoralis,Garrulax pectoralis,"(Gould, 1836)",1836,gbif
Garrulax perspicillatus,Garrulax perspicillatus,"(Gmelin, 1789)",1789,gbif
Garrulax poecilorhynchus,Garrulax poecilorhynchus,"Gould, 1863",1863,gbif
Garrulax ruficeps,Garrulax ruficeps,"Gould, 1863",1863,gbif
Garrulax ruficollis,Garrulax ruficollis,"(Jardine & Selby, 1838)",1838,gbif
Garrulax rufifrons,Garrulax rufifrons,"Lesson, 1831",1831,gbif
Garrulax rufogularis,Garrulax rufogularis,"(Gould, 1835)",1835,gbif
Garrulax sannio,Garrulax sannio,"Swinhoe, 1867",1867,gbif
Garrulax strepitans,Garrulax strepitans,"Blyth, 1855",1855,gbif
Garrulax sukatschewi,Garrulax sukatschewi,"(Berezowski & Bianchi, 1891)",1891,gbif
Garrulax taewanus,Garrulax taewanus,"Swinhoe, 1859",1859,gbif
Garrulax treacheri,Garrulax treacheri,"(Sharpe, 1879)",1879,gbif
Garrulax vassali,Garrulax vassali,"(Ogilvie-Grant, 1906)",1906,gbif
Garrulax waddelli,Garrulax waddelli,"(Dresser, 1905)",1905,gbif
Garrulax woodi,Garrulax woodi,"Finn, 1902",1902,gbif
Grammatoptila striata,Grammatoptila striata,"(Vigors, 1831)",1831,gbif
Heterophasia auricularis,Heterophasia auricularis,"(Swinhoe, 1864)",1864,gbif
Heterophasia capistrata,Heterophasia capistrata,"(Vigors, 1831)",1831,gbif
Heterophasia desgodinsi,Heterophasia desgodinsi,"(Oustalet, 1877)",1877,gbif
Heterophasia gracilis,Heterophasia gracilis,"(Horsfield, 1840)",1840,gbif
Heterophasia melanoleuca,Heterophasia melanoleuca,"(Blyth, 1859)",1859,gbif
Heterophasia picaoides,Heterophasia picaoides,"(Hodgson, 1839)",1839,gbif
Heterophasia pulchella,Heterophasia pulchella,"(Godwin-Austen, 1874)",1874,gbif
Kupeornis chapini,Kupeornis chapini,"Schouteden, 1949",1949,gbif
Kupeornis gilberti,Kupeornis gilberti,"Serle, 1949",1949,gbif
Kupeornis rufocinctus,Kupeornis rufocinctus,"(Rothschild, 1908)",1908,gbif
Laniellus albonotatus,Laniellus albonotatus,"(R.P.Lesson, 1831)",1831,gbif
Laniellus langbianis,Laniellus langbianis,"(Gyldenstolpe, 1939)",1939,gbif
Leioptila annectens,Leioptila annectens,"Blyth, 1847",1847,gbif
Leiothrix argentauris,Leiothrix argentauris,"(Hodgson, 1837)",1837,gbif
Leiothrix laurinae,Leiothrix laurinae,"Salvadori, 1879",1879,gbif
Leiothrix lutea,Leiothrix lutea,"(Scopoli, 1786)",1786,gbif
Liocichla bugunorum,Liocichla bugunorum,"Athreya, 2006",2006,gbif
Liocichla omeiensis,Liocichla omeiensis,"Riley, 1926",1926,gbif
Liocichla phoenicea,Liocichla phoenicea,"(Gould, 1837)",1837,gbif
Liocichla ripponi,Liocichla ripponi,"(Oates, 1900)",1900,gbif
Liocichla steerii,Liocichla steerii,"Swinhoe, 1877",1877,gbif
Minla ignotincta,Minla ignotincta,"Hodgson, 1837",1837,gbif
Montecincla cachinnans,Montecincla cachinnans,"(Jerdon, 1839)",1839,gbif
Montecincla fairbanki,Montecincla fairbanki,"(Blanford, 1869)",1869,gbif
Montecincla jerdoni,Montecincla jerdoni,"(Blyth, 1851)",1851,gbif
Montecincla meridionalis,Montecincla meridionalis,"(Blanford, 1880)",1880,gbif
Phyllanthus atripennis,Phyllanthus atripennis,"(Swainson, 1837)",1837,gbif
Phyllanthus bohndorffi,Phyllanthus bohndorffi,"(Sharpe, 1884)",1884,gbif
Phyllanthus rubiginosus,Phyllanthus rubiginosus,"(Blyth, 1865)",1865,gbif
Sibia morrisoniana,Sibia morrisoniana,"(Ogilvie-Grant, 1906)",1906,gbif
Sibia nipalensis,Sibia nipalensis,"(Hodgson, 1836)",1836,gbif
Sibia souliei,Sibia souliei,"(Oustalet, 1897)",1897,gbif
Sibia waldeni,Sibia waldeni,"(Godwin-Austen, 1874)",1874,gbif
Siva cyanouroptera,Siva cyanouroptera,"Hodgson, 1837",1837,gbif
Trochalopteron affine,Trochalopteron affine,"(Blyth, 1843)",1843,gbif
Trochalopteron austeni,Trochalopteron austeni,"Godwin-Austen, 1870",1870,gbif
Trochalopteron chrysopterum,Trochalopteron chrysopterum,"(Gould, 1835)",1835,gbif
Trochalopteron elliotii,Trochalopteron elliotii,"J.Verreaux, 1870",1870,gbif
Trochalopteron erythrocephalum,Trochalopteron erythrocephalum,"(Vigors, 1832)",1832,gbif
Trochalopteron formosum,Trochalopteron formosum,"J.Verreaux, 1869",1869,gbif
Trochalopteron henrici,Trochalopteron henrici,"Oustalet, 1892",1892,gbif
Trochalopteron imbricatum,Trochalopteron imbricatum,"(Blyth, 1843)",1843,gbif
Trochalopteron lineatum,Trochalopteron lineatum,"(Vigors, 1831)",1831,gbif
Trochalopteron melanostigma,Trochalopteron melanostigma,"(Blyth, 1855)",1855,gbif
Trochalopteron milnei,Trochalopteron milnei,"David, 1874",1874,gbif
Trochalopteron morrisonianum,Trochalopteron morrisonianum,"Ogilvie-Grant, 1906",1906,gbif
Trochalopteron ngoclinhense,Trochalopteron ngoclinhense,"(J.C.Eames, Trai & Cu, 1999)",1999,gbif
Trochalopteron peninsulae,Trochalopteron peninsulae,"Sharpe, 1887",1887,gbif
Trochalopteron squamatum,Trochalopteron squamatum,"(Gould, 1835)",1835,gbif
Trochalopteron subunicolor,Trochalopteron subunicolor,"Blyth, 1843",1843,gbif
Trochalopteron variegatum,Trochalopteron variegatum,"(Vigors, 1831)",1831,gbif
Trochalopteron virgatum,Trochalopteron virgatum,"Godwin-Austen, 1874",1874,gbif
Trochalopteron yersini,Trochalopteron yersini,"Robinson & Kloss, 1919",1919,gbif
Turdoides affinis,Turdoides affinis,"(Jerdon, 1845)",1845,gbif
Turdoides bicolor,Turdoides bicolor,"(Jardine, 1831)",1831,gbif
Turdoides gymnogenys,Turdoides gymnogenys,"(Hartlaub, 1865)",1865,gbif
Turdoides hartlaubii,Turdoides hartlaubii,"(Bocage, 1868)",1868,gbif
Turdoides hindei,Turdoides hindei,"(Sharpe, 1900)",1900,gbif
Turdoides hypoleuca,Turdoides hypoleuca,"(Cabanis, 1878)",1878,gbif
Turdoides jardineii,Turdoides jardineii,"(A.Smith, 1836)",1836,gbif
Turdoides leucocephala,Turdoides leucocephala,"Cretzschmar, 1826",1826,gbif
Turdoides leucopygia,Turdoides leucopygia,"(Rüppell, 1837)",1837,gbif
Turdoides melanops,Turdoides melanops,"(Hartlaub, 1867)",1867,gbif
Turdoides plebejus,Turdoides plebejus,"(Cretzschmar, 1828)",1828,gbif
Turdoides reinwardtii,Turdoides reinwardtii,"(Swainson, 1831)",1831,gbif
Turdoides rufescens,Turdoides rufescens,"(Blyth, 1847)",1847,gbif
Turdoides sharpei,Turdoides sharpei,"(Reichenow, 1891)",1891,gbif
Turdoides somervillei,Turdoides somervillei,"(Sykes, 1832)",1832,gbif
Turdoides squamulata,Turdoides squamulata,"(Shelley, 1884)",1884,gbif
Turdoides striata,Turdoides striata,"(Dumont, 1823)",1823,gbif
Turdoides tenebrosa,Turdoides tenebrosa,"(Hartlaub, 1883)",1883,gbif
Amphilais seebohmi,Amphilais seebohmi,"(Sharpe, 1879)",1879,gbif
Bradypterus alfredi,Bradypterus alfredi,"Hartlaub, 1890",1890,gbif
Bradypterus baboecala,Bradypterus baboecala,"(Vieillot, 1817)",1817,gbif
Bradypterus bangwaensis,Bradypterus bangwaensis,"Delacour, 1943",1943,gbif
Bradypterus barratti,Bradypterus barratti,"Sharpe, 1876",1876,gbif
Bradypterus brunneus,Bradypterus brunneus,"(Sharpe, 1877)",1877,gbif
Bradypterus carpalis,Bradypterus carpalis,"Chapin, 1916",1916,gbif
Bradypterus centralis,Bradypterus centralis,"Neumann, 1908",1908,gbif
Bradypterus cinnamomeus,Bradypterus cinnamomeus,"(Rüppell, 1840)",1840,gbif
Bradypterus grandis,Bradypterus grandis,"Ogilvie-Grant, 1917",1917,gbif
Bradypterus graueri,Bradypterus graueri,"Neumann, 1908",1908,gbif
Bradypterus lopezi,Bradypterus lopezi,"(Alexander, 1903)",1903,gbif
Bradypterus sylvaticus,Bradypterus sylvaticus,"Sundevall, 1860",1860,gbif
Buettikoferella bivittata,Buettikoferella bivittata,"(Bonaparte, 1850)",1850,gbif
Chaetornis striata,Chaetornis striata,"(Jerdon, 1841)",1841,gbif
Cincloramphus cruralis,Cincloramphus cruralis,"(Vigors & Horsfield, 1827)",1827,gbif
Cincloramphus macrurus,Cincloramphus macrurus,"(Salvadori, 1876)",1876,gbif
Cincloramphus mathewsi,Cincloramphus mathewsi,"Iredale, 1911",1911,gbif
Cincloramphus timoriensis,Cincloramphus timoriensis,"(Wallace, 1864)",1864,gbif
Elaphrornis palliseri,Elaphrornis palliseri,"(Blyth, 1851)",1851,gbif
Locustella accentor,Locustella accentor,"(Sharpe, 1888)",1888,gbif
Locustella alishanensis,Locustella alishanensis,"(Rasmussen, Round, Dickinson & Rozendaal, 2000)",2000,gbif
Locustella amnicola,Locustella amnicola,"Stepanyan, 1972",1972,gbif
Locustella castanea,Locustella castanea,"(Büttikofer, 1893)",1893,gbif
Locustella caudata,Locustella caudata,"(Ogilvie-Grant, 1895)",1895,gbif
Locustella certhiola,Locustella certhiola,"(Pallas, 1811)",1811,gbif
Locustella chengi,Locustella chengi,"Alström, Xia, Rasmussen, Olsson, Dai B, Zhao J, Leader, Carey, Dong L, Cai T, P.I.Holt, Hung Le Manh, Song G, Liu Y, Zhang Y & Lei F, 2015",2015,gbif
Locustella davidi,Locustella davidi,"(La Touche, 1923)",1923,gbif
Locustella fasciolata,Locustella fasciolata,"(G.R.Gray, 1861)",1861,gbif
Locustella fluviatilis,Locustella fluviatilis,"(Wolf, 1810)",1810,gbif
Locustella kashmirensis,Locustella kashmirensis,"(Sushkin, 1925)",1925,gbif
Locustella lanceolata,Locustella lanceolata,"(Temminck, 1840)",1840,gbif
Locustella luscinioides,Locustella luscinioides,"(Savi, 1824)",1824,gbif
Locustella luteoventris,Locustella luteoventris,"(Hodgson, 1845)",1845,gbif
Locustella major,Locustella major,"(W.E.Brooks, 1871)",1871,gbif
Locustella mandelli,Locustella mandelli,"(W.E.Brooks, 1875)",1875,gbif
Locustella montis,Locustella montis,"(Hartert, 1896)",1896,gbif
Locustella naevia,Locustella naevia,"(Boddaert, 1783)",1783,gbif
Locustella ochotensis,Locustella ochotensis,"(Middendorff, 1853)",1853,gbif
Locustella pleskei,Locustella pleskei,"Taczanowski, 1890",1890,gbif
Locustella portenta,Locustella portenta,"Rheindt, Prawiradilaga, Ashari, Suparno & Gwee, 2020",2020,gbif
Locustella pryeri,Locustella pryeri,"(Seebohm, 1884)",1884,gbif
Locustella seebohmi,Locustella seebohmi,"(Ogilvie-Grant, 1895)",1895,gbif
Locustella tacsanowskia,Locustella tacsanowskia,"Swinhoe, 1871",1871,gbif
Locustella thoracica,Locustella thoracica,"(Blyth, 1845)",1845,gbif
Malia grata,Malia grata,"Schlegel, 1880",1880,gbif
Megalurulus grosvenori,Megalurulus grosvenori,"(Gilliard, 1960)",1960,gbif
Megalurulus llaneae,Megalurulus llaneae,"(Hadden, 1983)",1983,gbif
Megalurulus mariae,Megalurulus mariae,"J.Verreaux, 1869",1869,gbif
Megalurulus rubiginosus,Megalurulus rubiginosus,"(P.L.Sclater, 1881)",1881,gbif
Megalurulus rufus,Megalurulus rufus,"(Reichenow, 1890)",1890,gbif
Megalurulus turipavae,Megalurulus turipavae,"(Cain & Galbraith, 1955)",1955,gbif
Megalurulus whitneyi,Megalurulus whitneyi,"(Mayr, 1933)",1933,gbif
Megalurus palustris,Megalurus palustris,"Horsfield, 1821",1821,gbif
Poodytes albolimbatus,Poodytes albolimbatus,"D'Albertis & Salvadori, 1879",1879,gbif
Poodytes carteri,Poodytes carteri,"(North, 1900)",1900,gbif
Poodytes caudatus,Poodytes caudatus,"(Buller, 1894)",1894,gbif
Poodytes gramineus,Poodytes gramineus,"(Gould, 1845)",1845,gbif
Poodytes punctatus,Poodytes punctatus,"(Quoy & Gaimard, 1832)",1832,gbif
Robsonius rabori,Robsonius rabori,"(Rand, 1960)",1960,gbif
Robsonius sorsogonensis,Robsonius sorsogonensis,"(Rand & Rabor, 1967)",1967,gbif
Robsonius thompsoni,Robsonius thompsoni,"Hosner, Boggess, Alviola, Sánchez-González, Oliveros, Urriza & Moyle, 2013",2013,gbif
Schoenicola brevirostris,Schoenicola brevirostris,"(Sundevall, 1850)",1850,gbif
Schoenicola platyurus,Schoenicola platyurus,"(Jerdon, 1841)",1841,gbif
Machaerirhynchus flaviventer,Machaerirhynchus flaviventer,"Gould, 1851",1851,gbif
Machaerirhynchus nigripectus,Machaerirhynchus nigripectus,"Schlegel, 1871",1871,gbif
Achaetops pycnopygius,Achaetops pycnopygius,"(P.L.Sclater, 1853)",1853,gbif
Cryptillas victorini,Cryptillas victorini,"(Sundevall, 1860)",1860,gbif
Graueria vittata,Graueria vittata,"Hartert, 1908",1908,gbif
Macrosphenus concolor,Macrosphenus concolor,"(Hartlaub, 1857)",1857,gbif
Macrosphenus flavicans,Macrosphenus flavicans,"Cassin, 1859",1859,gbif
Macrosphenus kempi,Macrosphenus kempi,"(Sharpe, 1905)",1905,gbif
Macrosphenus kretschmeri,Macrosphenus kretschmeri,"(Reichenow & Neumann, 1895)",1895,gbif
Macrosphenus pulitzeri,Macrosphenus pulitzeri,"Boulton, 1931",1931,gbif
Melocichla mentalis,Melocichla mentalis,"(Fraser, 1843)",1843,gbif
Sphenoeacus afer,Sphenoeacus afer,"(Gmelin, 1789)",1789,gbif
Sylvietta brachyura,Sylvietta brachyura,"Lafresnaye, 1839",1839,gbif
Sylvietta chapini,Sylvietta chapini,"Schouteden, 1947",1947,gbif
Sylvietta denti,Sylvietta denti,"Ogilvie-Grant, 1906",1906,gbif
Sylvietta isabellina,Sylvietta isabellina,"Elliot, 1897",1897,gbif
Sylvietta leucophrys,Sylvietta leucophrys,"Sharpe, 1891",1891,gbif
Sylvietta leucopsis,Sylvietta leucopsis,"Reichenow, 1879",1879,gbif
Sylvietta philippae,Sylvietta philippae,"J.G.Williams, 1955",1955,gbif
Sylvietta rufescens,Sylvietta rufescens,"(Vieillot, 1817)",1817,gbif
Sylvietta ruficapilla,Sylvietta ruficapilla,"Bocage, 1877",1877,gbif
Sylvietta virens,Sylvietta virens,"Cassin, 1859",1859,gbif
Sylvietta whytii,Sylvietta whytii,"Shelley, 1894",1894,gbif
Bocagia minuta,Bocagia minuta,"(Hartlaub, 1858)",1858,gbif
Chlorophoneus bocagei,Chlorophoneus bocagei,"(Reichenow, 1894)",1894,gbif
Chlorophoneus kupeensis,Chlorophoneus kupeensis,"Serle, 1951",1951,gbif
Chlorophoneus multicolor,Chlorophoneus multicolor,"(G.R.Gray, 1845)",1845,gbif
Chlorophoneus nigrifrons,Chlorophoneus nigrifrons,"(Reichenow, 1896)",1896,gbif
Chlorophoneus olivaceus,Chlorophoneus olivaceus,"(Shaw, 1809)",1809,gbif
Chlorophoneus sulfureopectus,Chlorophoneus sulfureopectus,"(Lesson, 1831)",1831,gbif
Dryoscopus angolensis,Dryoscopus angolensis,"Hartlaub, 1860",1860,gbif
Dryoscopus cubla,Dryoscopus cubla,"(Latham, 1802)",1802,gbif
Dryoscopus gambensis,Dryoscopus gambensis,"(Lichtenstein, 1823)",1823,gbif
Dryoscopus pringlii,Dryoscopus pringlii,"Jackson, 1893",1893,gbif
Dryoscopus sabini,Dryoscopus sabini,"(J.E.Gray, 1831)",1831,gbif
Dryoscopus senegalensis,Dryoscopus senegalensis,"(Hartlaub, 1857)",1857,gbif
Laniarius aethiopicus,Laniarius aethiopicus,"(Gmelin, 1789)",1789,gbif
Laniarius amboimensis,Laniarius amboimensis,"Moltoni, 1932",1932,gbif
Laniarius atrococcineus,Laniarius atrococcineus,"(Burchell, 1822)",1822,gbif
Laniarius atroflavus,Laniarius atroflavus,"Shelley, 1887",1887,gbif
Laniarius barbarus,Laniarius barbarus,"(Linnaeus, 1766)",1766,gbif
Laniarius bicolor,Laniarius bicolor,"(Hartlaub, 1857)",1857,gbif
Laniarius brauni,Laniarius brauni,"Bannerman, 1939",1939,gbif
Laniarius erythrogaster,Laniarius erythrogaster,"(Cretzschmar, 1829)",1829,gbif
Laniarius ferrugineus,Laniarius ferrugineus,"(Gmelin, 1788)",1788,gbif
Laniarius fuelleborni,Laniarius fuelleborni,"(Reichenow, 1900)",1900,gbif
Laniarius funebris,Laniarius funebris,"(Hartlaub, 1863)",1863,gbif
Laniarius holomelas,Laniarius holomelas,"(F.J.Jackson, 1906)",1906,gbif
Laniarius leucorhynchus,Laniarius leucorhynchus,"(Hartlaub, 1848)",1848,gbif
Laniarius luehderi,Laniarius luehderi,"Reichenow, 1874",1874,gbif
Laniarius mufumbiri,Laniarius mufumbiri,"Ogilvie-Grant, 1911",1911,gbif
Laniarius nigerrimus,Laniarius nigerrimus,"(Reichenow, 1879)",1879,gbif
Laniarius poensis,Laniarius poensis,"(Alexander, 1903)",1903,gbif
Laniarius ruficeps,Laniarius ruficeps,"(Shelley, 1885)",1885,gbif
Laniarius sublacteus,Laniarius sublacteus,"(Cassin, 1851)",1851,gbif
Laniarius turatii,Laniarius turatii,"(J.Verreaux, 1858)",1858,gbif
Malaconotus alius,Malaconotus alius,"Friedmann, 1927",1927,gbif
Malaconotus blanchoti,Malaconotus blanchoti,"Stephens, 1826",1826,gbif
Malaconotus cruentus,Malaconotus cruentus,"(Lesson, 1831)",1831,gbif
Malaconotus gladiator,Malaconotus gladiator,"(Reichenow, 1892)",1892,gbif
Malaconotus lagdeni,Malaconotus lagdeni,"(Sharpe, 1884)",1884,gbif
Malaconotus monteiri,Malaconotus monteiri,"(Sharpe, 1870)",1870,gbif
Nilaus afer,Nilaus afer,"(Latham, 1802)",1802,gbif
Rhodophoneus cruentus,Rhodophoneus cruentus,"(Hemprich & Ehrenberg, 1828)",1828,gbif
Tchagra australis,Tchagra australis,"(A.Smith, 1836)",1836,gbif
Tchagra jamesi,Tchagra jamesi,"(Shelley, 1885)",1885,gbif
Tchagra senegalus,Tchagra senegalus,"(Linnaeus, 1766)",1766,gbif
Tchagra tchagra,Tchagra tchagra,"(Vieillot, 1816)",1816,gbif
Telophorus dohertyi,Telophorus dohertyi,"(Rothschild, 1901)",1901,gbif
Telophorus viridis,Telophorus viridis,"(Vieillot, 1817)",1817,gbif
Telophorus zeylonus,Telophorus zeylonus,"(Linnaeus, 1766)",1766,gbif
Amytornis ballarae,Amytornis ballarae,"Condon, 1969",1969,gbif
Amytornis barbatus,Amytornis barbatus,"Favaloro & McEvey, 1968",1968,gbif
Amytornis dorotheae,Amytornis dorotheae,"(Mathews, 1914)",1914,gbif
Amytornis goyderi,Amytornis goyderi,"(Gould, 1875)",1875,gbif
Amytornis housei,Amytornis housei,"(Milligan, 1902)",1902,gbif
Amytornis merrotsyi,Amytornis merrotsyi,"Mellor, 1913",1913,gbif
Amytornis modestus,Amytornis modestus,"(North, 1902)",1902,gbif
Amytornis purnelli,Amytornis purnelli,"(Mathews, 1914)",1914,gbif
Amytornis striatus,Amytornis striatus,"(Gould, 1840)",1840,gbif
Amytornis textilis,Amytornis textilis,"(Dumont, 1824)",1824,gbif
Amytornis woodwardi,Amytornis woodwardi,"Hartert, 1905",1905,gbif
Chenorhamphus grayi,Chenorhamphus grayi,"(Wallace, 1862)",1862,gbif
Clytomyias insignis,Clytomyias insignis,"Sharpe, 1879",1879,gbif
Malurus alboscapulatus,Malurus alboscapulatus,"A.B.Meyer, 1874",1874,gbif
Malurus amabilis,Malurus amabilis,"Gould, 1852",1852,gbif
Malurus assimilis,Malurus assimilis,"North, 1901",1901,gbif
Malurus coronatus,Malurus coronatus,"Gould, 1858",1858,gbif
Malurus cyaneus,Malurus cyaneus,"(Ellis, 1782)",1782,gbif
Malurus cyanocephalus,Malurus cyanocephalus,"(Quoy & Gaimard, 1830)",1830,gbif
Malurus elegans,Malurus elegans,"Gould, 1837",1837,gbif
Malurus lamberti,Malurus lamberti,"Vigors & Horsfield, 1827",1827,gbif
Malurus leucopterus,Malurus leucopterus,"Dumont, 1824",1824,gbif
Malurus melanocephalus,Malurus melanocephalus,"(Latham, 1802)",1802,gbif
Malurus pulcherrimus,Malurus pulcherrimus,"Gould, 1844",1844,gbif
Malurus splendens,Malurus splendens,"(Quoy & Gaimard, 1830)",1830,gbif
Sipodotus wallacii,Sipodotus wallacii,"(G.R.Gray, 1862)",1862,gbif
Stipiturus malachurus,Stipiturus malachurus,"(Shaw, 1798)",1798,gbif
Stipiturus mallee,Stipiturus mallee,"A.J.Campbell, 1908",1908,gbif
Stipiturus ruficeps,Stipiturus ruficeps,"A.J.Campbell, 1899",1899,gbif
Megalampitta gigantea,Megalampitta gigantea,"(Rothschild, 1899)",1899,gbif
Melampitta lugubris,Melampitta lugubris,"Schlegel, 1871",1871,gbif
Melanocharis arfakiana,Melanocharis arfakiana,"(Finsch, 1900)",1900,gbif
Melanocharis longicauda,Melanocharis longicauda,"Salvadori, 1876",1876,gbif
Melanocharis nigra,Melanocharis nigra,"(Lesson, 1830)",1830,gbif
Melanocharis striativentris,Melanocharis striativentris,"Salvadori, 1895",1895,gbif
Melanocharis versteri,Melanocharis versteri,"(Finsch, 1876)",1876,gbif
Oedistoma iliolophus,Oedistoma iliolophus,"(Salvadori, 1876)",1876,gbif
Oedistoma pygmaeum,Oedistoma pygmaeum,"Salvadori, 1876",1876,gbif
Rhamphocharis crassirostris,Rhamphocharis crassirostris,"Salvadori, 1876",1876,gbif
Rhamphocharis piperata,Rhamphocharis piperata,"(De Vis, 1898)",1898,gbif
Toxorhamphus novaeguineae,Toxorhamphus novaeguineae,"(Lesson, 1827)",1827,gbif
Toxorhamphus poliopterus,Toxorhamphus poliopterus,"(Sharpe, 1882)",1882,gbif
Melanopareia elegans,Melanopareia elegans,"(Lesson, 1844)",1844,gbif
Melanopareia maranonica,Melanopareia maranonica,"Chapman, 1924",1924,gbif
Melanopareia maximiliani,Melanopareia maximiliani,"(Orbigny, 1835)",1835,gbif
Melanopareia torquata,Melanopareia torquata,"(Wied-Neuwied, 1831)",1831,gbif
Acanthagenys rufogularis,Acanthagenys rufogularis,"Gould, 1838",1838,gbif
Acanthorhynchus superciliosus,Acanthorhynchus superciliosus,"Gould, 1837",1837,gbif
Acanthorhynchus tenuirostris,Acanthorhynchus tenuirostris,"(Latham, 1801)",1801,gbif
Anthochaera carunculata,Anthochaera carunculata,"(Shaw, 1790)",1790,gbif
Anthochaera chrysoptera,Anthochaera chrysoptera,"(Latham, 1801)",1801,gbif
Anthochaera lunulata,Anthochaera lunulata,"Gould, 1838",1838,gbif
Anthochaera paradoxa,Anthochaera paradoxa,"(Daudin, 1800)",1800,gbif
Anthochaera phrygia,Anthochaera phrygia,"(Shaw, 1794)",1794,gbif
Anthornis melanura,Anthornis melanura,"(Sparrman, 1786)",1786,gbif
Ashbyia lovensis,Ashbyia lovensis,"(Ashby, 1911)",1911,gbif
Bolemoreus frenatus,Bolemoreus frenatus,"(E.P.Ramsay, 1874)",1874,gbif
Bolemoreus hindwoodi,Bolemoreus hindwoodi,"(Longmore & Boles, 1983)",1983,gbif
Caligavis chrysops,Caligavis chrysops,"(Latham, 1801)",1801,gbif
Caligavis obscura,Caligavis obscura,"(De Vis, 1897)",1897,gbif
Caligavis subfrenata,Caligavis subfrenata,"(Salvadori, 1876)",1876,gbif
Certhionyx variegatus,Certhionyx variegatus,"R.Lesson, 1830",1830,gbif
Cissomela pectoralis,Cissomela pectoralis,"(Gould, 1841)",1841,gbif
Conopophila albogularis,Conopophila albogularis,"(Gould, 1843)",1843,gbif
Conopophila rufogularis,Conopophila rufogularis,"(Gould, 1843)",1843,gbif
Conopophila whitei,Conopophila whitei,"(North, 1910)",1910,gbif
Entomyzon albipennis,Entomyzon albipennis,"Gould, 1841",1841,gbif
Entomyzon cyanotis,Entomyzon cyanotis,"(Latham, 1801)",1801,gbif
Epthianura albifrons,Epthianura albifrons,"(Jardine & Selby, 1828)",1828,gbif
Epthianura aurifrons,Epthianura aurifrons,"Gould, 1838",1838,gbif
Epthianura crocea,Epthianura crocea,"Castelnau & E.P.Ramsay, 1877",1877,gbif
Epthianura tricolor,Epthianura tricolor,"Gould, 1841",1841,gbif
Foulehaio carunculatus,Foulehaio carunculatus,"(J.F.Gmelin, 1788)",1788,gbif
Foulehaio procerior,Foulehaio procerior,"(Finsch & Hartlaub, 1867)",1867,gbif
Foulehaio taviunensis,Foulehaio taviunensis,"(Wiglesworth, 1891)",1891,gbif
Gavicalis fasciogularis,Gavicalis fasciogularis,"(Gould, 1854)",1854,gbif
Gavicalis versicolor,Gavicalis versicolor,"(Gould, 1843)",1843,gbif
Gavicalis virescens,Gavicalis virescens,"(Vieillot, 1817)",1817,gbif
Gliciphila melanops,Gliciphila melanops,"(Latham, 1801)",1801,gbif
Gliciphila notabilis,Gliciphila notabilis,"(Sharpe, 1899)",1899,gbif
Gliciphila undulata,Gliciphila undulata,"(Sparrman, 1787)",1787,gbif
Glycichaera fallax,Glycichaera fallax,"Salvadori, 1878",1878,gbif
Grantiella picta,Grantiella picta,"(Gould, 1838)",1838,gbif
Guadalcanaria inexpectata,Guadalcanaria inexpectata,"E.Hartert, 1929",1929,gbif
Gymnomyza aubryana,Gymnomyza aubryana,"(J.Verreaux & Des Murs, 1860)",1860,gbif
Gymnomyza brunneirostris,Gymnomyza brunneirostris,"(Mayr, 1932)",1932,gbif
Gymnomyza samoensis,Gymnomyza samoensis,"(Hombron & Jacquinot, 1841)",1841,gbif
Gymnomyza viridis,Gymnomyza viridis,"(E.L.Layard, 1875)",1875,gbif
Lichenostomus cratitius,Lichenostomus cratitius,"(Gould, 1841)",1841,gbif
Lichenostomus melanops,Lichenostomus melanops,"(Latham, 1801)",1801,gbif
Lichmera alboauricularis,Lichmera alboauricularis,"(E.P.Ramsay, 1878)",1878,gbif
Lichmera argentauris,Lichmera argentauris,"(Finsch, 1871)",1871,gbif
Lichmera deningeri,Lichmera deningeri,"(Stresemann, 1912)",1912,gbif
Lichmera flavicans,Lichmera flavicans,"(Vieillot, 1817)",1817,gbif
Lichmera incana,Lichmera incana,"(Latham, 1790)",1790,gbif
Lichmera indistincta,Lichmera indistincta,"(Vigors & Horsfield, 1827)",1827,gbif
Lichmera lombokia,Lichmera lombokia,"(Mathews, 1926)",1926,gbif
Lichmera monticola,Lichmera monticola,"(Stresemann, 1912)",1912,gbif
Lichmera notabilis,Lichmera notabilis,"(Finsch, 1898)",1898,gbif
Lichmera squamata,Lichmera squamata,"(Salvadori, 1878)",1878,gbif
Macgregoria pulchra,Macgregoria pulchra,"De Vis, 1897",1897,gbif
Manorina flavigula,Manorina flavigula,"(Gould, 1840)",1840,gbif
Manorina melanocephala,Manorina melanocephala,"(Latham, 1801)",1801,gbif
Manorina melanophrys,Manorina melanophrys,"(Latham, 1801)",1801,gbif
Manorina melanotis,Manorina melanotis,"(F.E.Wilson, 1911)",1911,gbif
Meliarchus sclateri,Meliarchus sclateri,"(G.R.Gray, 1870)",1870,gbif
Melidectes belfordi,Melidectes belfordi,"(De Vis, 1890)",1890,gbif
Melidectes foersteri,Melidectes foersteri,"(Rothschild & E.Hartert, 1911)",1911,gbif
Melidectes fuscus,Melidectes fuscus,"(De Vis, 1897)",1897,gbif
Melidectes leucostephes,Melidectes leucostephes,"(A.B.Meyer, 1874)",1874,gbif
Melidectes nouhuysi,Melidectes nouhuysi,"(van Oort, 1910)",1910,gbif
Melidectes ochromelas,Melidectes ochromelas,"(A.B.Meyer, 1874)",1874,gbif
Melidectes princeps,Melidectes princeps,"Mayr & Gilliard, 1951",1951,gbif
Melidectes rufocrissalis,Melidectes rufocrissalis,"(Reichenow, 1915)",1915,gbif
Melidectes torquatus,Melidectes torquatus,"P.L.Sclater, 1874",1874,gbif
Melilestes megarhynchus,Melilestes megarhynchus,"(G.R.Gray, 1858)",1858,gbif
Meliphacator provocator,Meliphacator provocator,"(E.L.Layard, 1875)",1875,gbif
Meliphaga aruensis,Meliphaga aruensis,"(Sharpe, 1884)",1884,gbif
Meliphaga lewinii,Meliphaga lewinii,"(Swainson, 1837)",1837,gbif
Meliphaga notata,Meliphaga notata,"(Gould, 1867)",1867,gbif
Melipotes ater,Melipotes ater,"Rothschild & E.Hartert, 1911",1911,gbif
Melipotes carolae,Melipotes carolae,"Beehler, Prawiradilaga, de Fretes & N.Kemp, 2007",2007,gbif
Melipotes fumigatus,Melipotes fumigatus,"A.B.Meyer, 1886",1886,gbif
Melipotes gymnops,Melipotes gymnops,"P.L.Sclater, 1874",1874,gbif
Melithreptus affinis,Melithreptus affinis,"(R.Lesson, 1839)",1839,gbif
Melithreptus albogularis,Melithreptus albogularis,"Gould, 1848",1848,gbif
Melithreptus brevirostris,Melithreptus brevirostris,"(Vigors & Horsfield, 1827)",1827,gbif
Melithreptus chloropsis,Melithreptus chloropsis,"Gould, 1848",1848,gbif
Melithreptus gularis,Melithreptus gularis,"(Gould, 1837)",1837,gbif
Melithreptus laetior,Melithreptus laetior,"Gould, 1875",1875,gbif
Melithreptus lunatus,Melithreptus lunatus,"(Vieillot, 1802)",1802,gbif
Melithreptus validirostris,Melithreptus validirostris,"(Gould, 1837)",1837,gbif
Melitograis gilolensis,Melitograis gilolensis,"(Bonaparte, 1850)",1850,gbif
Microptilotis albilineatus,Microptilotis albilineatus,"(H.L.White, 1917)",1917,gbif
Microptilotis albonotatus,Microptilotis albonotatus,"(Salvadori, 1876)",1876,gbif
Microptilotis analogus,Microptilotis analogus,"(Reichenbach, 1852)",1852,gbif
Microptilotis cinereifrons,Microptilotis cinereifrons,"(Rand, 1936)",1936,gbif
Microptilotis flavirictus,Microptilotis flavirictus,"(Salvadori, 1880)",1880,gbif
Microptilotis fordianus,Microptilotis fordianus,"(Schodde, 1989)",1989,gbif
Microptilotis gracilis,Microptilotis gracilis,"(Gould, 1866)",1866,gbif
Microptilotis imitatrix,Microptilotis imitatrix,"(Mathews, 1912)",1912,gbif
Microptilotis mimikae,Microptilotis mimikae,"(Ogilvie-Grant, 1911)",1911,gbif
Microptilotis montanus,Microptilotis montanus,"(Salvadori, 1880)",1880,gbif
Microptilotis orientalis,Microptilotis orientalis,"(A.B.Meyer, 1894)",1894,gbif
Microptilotis reticulatus,Microptilotis reticulatus,"(Temminck, 1820)",1820,gbif
Microptilotis vicina,Microptilotis vicina,"(Rothschild & E.Hartert, 1912)",1912,gbif
Myza celebensis,Myza celebensis,"(A.B.Meyer & Wiglesworth, 1894)",1894,gbif
Myza sarasinorum,Myza sarasinorum,"A.B.Meyer & Wiglesworth, 1895",1895,gbif
Myzomela adolphinae,Myzomela adolphinae,"Salvadori, 1876",1876,gbif
Myzomela albigula,Myzomela albigula,"E.Hartert, 1898",1898,gbif
Myzomela batjanensis,Myzomela batjanensis,"E.Hartert, 1903",1903,gbif
Myzomela blasii,Myzomela blasii,"(Salvadori, 1882)",1882,gbif
Myzomela boiei,Myzomela boiei,"(S.Müller, 1843)",1843,gbif
Myzomela caledonica,Myzomela caledonica,"W.A.Forbes, 1879",1879,gbif
Myzomela cardinalis,Myzomela cardinalis,"(J.F.Gmelin, 1788)",1788,gbif
Myzomela chermesina,Myzomela chermesina,"G.R.Gray, 1846",1846,gbif
Myzomela chloroptera,Myzomela chloroptera,"Walden, 1872",1872,gbif
Myzomela cineracea,Myzomela cineracea,"P.L.Sclater, 1879",1879,gbif
Myzomela cruentata,Myzomela cruentata,"A.B.Meyer, 1874",1874,gbif
Myzomela dammermani,Myzomela dammermani,"Siebers, 1928",1928,gbif
Myzomela eichhorni,Myzomela eichhorni,"Rothschild & E.Hartert, 1901",1901,gbif
Myzomela eques,Myzomela eques,"(R.Lesson & Garnot, 1827)",1827,gbif
Myzomela erythrina,Myzomela erythrina,"E.P.Ramsay, 1877",1877,gbif
Myzomela erythrocephala,Myzomela erythrocephala,"Gould, 1840",1840,gbif
Myzomela erythromelas,Myzomela erythromelas,"Salvadori, 1881",1881,gbif
Myzomela irianawidodoae,Myzomela irianawidodoae,"Prawiradilaga, Baveja, Suparno, Ashari, N.S.R.Ng, Gwee, Verbelen & Rheindt, 2017",2017,gbif
Myzomela jugularis,Myzomela jugularis,"Peale, 1849",1849,gbif
Myzomela kuehni,Myzomela kuehni,"Rothschild, 1903",1903,gbif
Myzomela lafargei,Myzomela lafargei,"Pucheran, 1853",1853,gbif
Myzomela longirostris,Myzomela longirostris,"Mayr & Rand, 1935",1935,gbif
Myzomela malaitae,Myzomela malaitae,"Mayr, 1931",1931,gbif
Myzomela melanocephala,Myzomela melanocephala,"(E.P.Ramsay, 1879)",1879,gbif
Myzomela nigrita,Myzomela nigrita,"G.R.Gray, 1858",1858,gbif
Myzomela obscura,Myzomela obscura,"Gould, 1843",1843,gbif
Myzomela pammelaena,Myzomela pammelaena,"P.L.Sclater, 1877",1877,gbif
Myzomela prawiradilagae,Myzomela prawiradilagae,"Irham, Ashari, Suparno, Trainor, Verbelen, M.Y.Wu & Rheindt, 2019",2019,gbif
Myzomela pulchella,Myzomela pulchella,"Salvadori, 1891",1891,gbif
Myzomela rosenbergii,Myzomela rosenbergii,"Schlegel, 1871",1871,gbif
Myzomela rubratra,Myzomela rubratra,"(R.Lesson, 1827)",1827,gbif
Myzomela rubrobrunnea,Myzomela rubrobrunnea,"A.B.Meyer, 1874",1874,gbif
Myzomela rubrotincta,Myzomela rubrotincta,"Salvadori, 1878",1878,gbif
Myzomela sanguinolenta,Myzomela sanguinolenta,"(Latham, 1801)",1801,gbif
Myzomela sclateri,Myzomela sclateri,"W.A.Forbes, 1879",1879,gbif
Myzomela simplex,Myzomela simplex,"G.R.Gray, 1861",1861,gbif
Myzomela tristrami,Myzomela tristrami,"E.P.Ramsay, 1881",1881,gbif
Myzomela vulnerata,Myzomela vulnerata,"(S.Müller, 1843)",1843,gbif
Myzomela wahe,Myzomela wahe,"Rheindt, Prawiradilaga, Ashari, Suparno & M.Y.Wu, 2020",2020,gbif
Myzomela wakoloensis,Myzomela wakoloensis,"H.O.Forbes, 1883",1883,gbif
Nesoptilotis flavicollis,Nesoptilotis flavicollis,"(Vieillot, 1817)",1817,gbif
Nesoptilotis leucotis,Nesoptilotis leucotis,"(Latham, 1801)",1801,gbif
Oreornis chrysogenys,Oreornis chrysogenys,"van Oort, 1910",1910,gbif
Philemon albitorques,Philemon albitorques,"P.L.Sclater, 1877",1877,gbif
Philemon argenticeps,Philemon argenticeps,"(Gould, 1840)",1840,gbif
Philemon brassi,Philemon brassi,"Rand, 1940",1940,gbif
Philemon buceroides,Philemon buceroides,"(Swainson, 1838)",1838,gbif
Philemon citreogularis,Philemon citreogularis,"(Gould, 1837)",1837,gbif
Philemon cockerelli,Philemon cockerelli,"P.L.Sclater, 1877",1877,gbif
Philemon corniculatus,Philemon corniculatus,"(Latham, 1790)",1790,gbif
Philemon diemenensis,Philemon diemenensis,"(R.Lesson, 1831)",1831,gbif
Philemon eichhorni,Philemon eichhorni,"Rothschild & E.Hartert, 1924",1924,gbif
Philemon fuscicapillus,Philemon fuscicapillus,"(Wallace, 1862)",1862,gbif
Philemon inornatus,Philemon inornatus,"(G.R.Gray, 1846)",1846,gbif
Philemon kisserensis,Philemon kisserensis,"A.B.Meyer, 1884",1884,gbif
Philemon meyeri,Philemon meyeri,"Salvadori, 1878",1878,gbif
Philemon moluccensis,Philemon moluccensis,"(J.F.Gmelin, 1788)",1788,gbif
Philemon plumigenis,Philemon plumigenis,"(G.R.Gray, 1858)",1858,gbif
Philemon subcorniculatus,Philemon subcorniculatus,"(Hombron & Jacquinot, 1841)",1841,gbif
Phylidonyris niger,Phylidonyris niger,"(Bechstein, 1811)",1811,gbif
Phylidonyris novaehollandiae,Phylidonyris novaehollandiae,"(Latham, 1790)",1790,gbif
Phylidonyris pyrrhopterus,Phylidonyris pyrrhopterus,"(Latham, 1801)",1801,gbif
Plectorhyncha lanceolata,Plectorhyncha lanceolata,"Gould, 1838",1838,gbif
Prosthemadera novaeseelandiae,Prosthemadera novaeseelandiae,"(J.F.Gmelin, 1788)",1788,gbif
Ptiloprora erythropleura,Ptiloprora erythropleura,"(Salvadori, 1876)",1876,gbif
Ptiloprora guisei,Ptiloprora guisei,"(De Vis, 1894)",1894,gbif
Ptiloprora mayri,Ptiloprora mayri,"E.Hartert, 1930",1930,gbif
Ptiloprora meekiana,Ptiloprora meekiana,"(Rothschild & E.Hartert, 1907)",1907,gbif
Ptiloprora perstriata,Ptiloprora perstriata,"(De Vis, 1898)",1898,gbif
Ptiloprora plumbea,Ptiloprora plumbea,"(Salvadori, 1895)",1895,gbif
Ptilotula flavescens,Ptilotula flavescens,"(Gould, 1840)",1840,gbif
Ptilotula fusca,Ptilotula fusca,"(Gould, 1837)",1837,gbif
Ptilotula keartlandi,Ptilotula keartlandi,"(North, 1895)",1895,gbif
Ptilotula ornata,Ptilotula ornata,"(Gould, 1838)",1838,gbif
Ptilotula penicillata,Ptilotula penicillata,"(Gould, 1837)",1837,gbif
Ptilotula plumula,Ptilotula plumula,"(Gould, 1841)",1841,gbif
Purnella albifrons,Purnella albifrons,"(Gould, 1841)",1841,gbif
Pycnopygius cinereus,Pycnopygius cinereus,"(P.L.Sclater, 1874)",1874,gbif
Pycnopygius ixoides,Pycnopygius ixoides,"(Salvadori, 1878)",1878,gbif
Pycnopygius stictocephalus,Pycnopygius stictocephalus,"(Salvadori, 1876)",1876,gbif
Ramsayornis fasciatus,Ramsayornis fasciatus,"(Gould, 1843)",1843,gbif
Ramsayornis modestus,Ramsayornis modestus,"(G.R.Gray, 1858)",1858,gbif
Stomiopera flava,Stomiopera flava,"(Gould, 1843)",1843,gbif
Stomiopera unicolor,Stomiopera unicolor,"(Gould, 1843)",1843,gbif
Stresemannia bougainvillei,Stresemannia bougainvillei,"(Mayr, 1932)",1932,gbif
Sugomel nigrum,Sugomel nigrum,"(Gould, 1838)",1838,gbif
Timeliopsis fulvigula,Timeliopsis fulvigula,"(Schlegel, 1871)",1871,gbif
Timeliopsis griseigula,Timeliopsis griseigula,"(Schlegel, 1871)",1871,gbif
Trichodere cockerelli,Trichodere cockerelli,"(Gould, 1869)",1869,gbif
Vosea whitemanensis,Vosea whitemanensis,"Gilliard, 1960",1960,gbif
Xanthotis flaviventer,Xanthotis flaviventer,"(R.Lesson, 1828)",1828,gbif
Xanthotis macleayanus,Xanthotis macleayanus,"(E.P.Ramsay, 1875)",1875,gbif
Xanthotis polygrammus,Xanthotis polygrammus,"(G.R.Gray, 1862)",1862,gbif
Menura alberti,Menura alberti,"Bonaparte, 1850",1850,gbif
Menura novaehollandiae,Menura novaehollandiae,"Latham, 1802",1802,gbif
Allenia fusca,Allenia fusca,"(Statius Muller, 1776)",1776,gbif
Cinclocerthia gutturalis,Cinclocerthia gutturalis,"(Lafresnaye, 1843)",1843,gbif
Cinclocerthia ruficauda,Cinclocerthia ruficauda,"(Gould, 1836)",1836,gbif
Dumetella carolinensis,Dumetella carolinensis,"(Linnaeus, 1766)",1766,gbif
Margarops fuscatus,Margarops fuscatus,"(Vieillot, 1808)",1808,gbif
Melanoptila glabrirostris,Melanoptila glabrirostris,"P.L.Sclater, 1858",1858,gbif
Melanotis caerulescens,Melanotis caerulescens,"(Swainson, 1827)",1827,gbif
Melanotis hypoleucus,Melanotis hypoleucus,"Hartlaub, 1852",1852,gbif
Mimus dorsalis,Mimus dorsalis,"(Orbigny & Lafresnaye, 1837)",1837,gbif
Mimus gilvus,Mimus gilvus,"(Vieillot, 1808)",1808,gbif
Mimus graysoni,Mimus graysoni,"(Lawrence, 1871)",1871,gbif
Mimus gundlachii,Mimus gundlachii,"Cabanis, 1855",1855,gbif
Mimus longicaudatus,Mimus longicaudatus,"Tschudi, 1844",1844,gbif
Mimus macdonaldi,Mimus macdonaldi,"(Ridgway, 1890)",1890,gbif
Mimus melanotis,Mimus melanotis,"(Gould, 1837)",1837,gbif
Mimus parvulus,Mimus parvulus,"(Gould, 1837)",1837,gbif
Mimus patagonicus,Mimus patagonicus,"(Orbigny & Lafresnaye, 1837)",1837,gbif
Mimus polyglottos,Mimus polyglottos,"(Linnaeus, 1758)",1758,gbif
Mimus saturninus,Mimus saturninus,"(Lichtenstein, 1823)",1823,gbif
Mimus thenca,Mimus thenca,"(Molina, 1782)",1782,gbif
Mimus trifasciatus,Mimus trifasciatus,"(Gould, 1837)",1837,gbif
Mimus triurus,Mimus triurus,"(Vieillot, 1818)",1818,gbif
Oreoscoptes montanus,Oreoscoptes montanus,"(J.K.Townsend, 1837)",1837,gbif
Ramphocinclus brachyurus,Ramphocinclus brachyurus,"(Vieillot, 1818)",1818,gbif
Toxostoma bendirei,Toxostoma bendirei,"(Coues, 1873)",1873,gbif
Toxostoma cinereum,Toxostoma cinereum,"(Xantus de Vesey, 1860)",1860,gbif
Toxostoma crissale,Toxostoma crissale,"Henry, 1858",1858,gbif
Toxostoma curvirostre,Toxostoma curvirostre,"(Swainson, 1827)",1827,gbif
Toxostoma guttatum,Toxostoma guttatum,"(Ridgway, 1885)",1885,gbif
Toxostoma lecontei,Toxostoma lecontei,"Lawrence, 1851",1851,gbif
Toxostoma longirostre,Toxostoma longirostre,"(Lafresnaye, 1838)",1838,gbif
Toxostoma ocellatum,Toxostoma ocellatum,"(P.L.Sclater, 1862)",1862,gbif
Toxostoma redivivum,Toxostoma redivivum,"(Gambel, 1845)",1845,gbif
Toxostoma rufum,Toxostoma rufum,"(Linnaeus, 1758)",1758,gbif
Lamprospiza melanoleuca,Lamprospiza melanoleuca,"(Vieillot, 1817)",1817,gbif
Mitrospingus cassinii,Mitrospingus cassinii,"(Lawrence, 1861)",1861,gbif
Mitrospingus oleagineus,Mitrospingus oleagineus,"(Salvin, 1886)",1886,gbif
Orthogonys chloricterus,Orthogonys chloricterus,"(Vieillot, 1819)",1819,gbif
Arcanator orostruthus,Arcanator orostruthus,"(Vincent, 1933)",1933,gbif
Kakamega poliothorax,Kakamega poliothorax,"(Reichenow, 1900)",1900,gbif
Modulatrix stictigula,Modulatrix stictigula,"(Reichenow, 1906)",1906,gbif
Mohoua albicilla,Mohoua albicilla,"(Lesson, 1830)",1830,gbif
Mohoua novaeseelandiae,Mohoua novaeseelandiae,"(Gmelin, 1789)",1789,gbif
Mohoua ochrocephala,Mohoua ochrocephala,"(Gmelin, 1789)",1789,gbif
Arses insularis,Arses insularis,"(A.B.Meyer, 1874)",1874,gbif
Arses kaupi,Arses kaupi,"Gould, 1851",1851,gbif
Arses lorealis,Arses lorealis,"De Vis, 1895",1895,gbif
Arses telescopthalmus,Arses telescopthalmus,"(Lesson & Garnot, 1827)",1827,gbif
Carterornis castus,Carterornis castus,"(P.L.Sclater, 1883)",1883,gbif
Carterornis chrysomela,Carterornis chrysomela,"(Lesson & Garnot, 1827)",1827,gbif
Carterornis leucotis,Carterornis leucotis,"(Gould, 1851)",1851,gbif
Carterornis pileatus,Carterornis pileatus,"(Salvadori, 1878)",1878,gbif
Chasiempis ibidis,Chasiempis ibidis,"Stejneger, 1887",1887,gbif
Chasiempis sandwichensis,Chasiempis sandwichensis,"(Gmelin, 1789)",1789,gbif
Chasiempis sclateri,Chasiempis sclateri,"Ridgway, 1882",1882,gbif
Clytorhynchus hamlini,Clytorhynchus hamlini,"(Mayr, 1931)",1931,gbif
Clytorhynchus nigrogularis,Clytorhynchus nigrogularis,"(E.L.Layard, 1875)",1875,gbif
Clytorhynchus pachycephaloides,Clytorhynchus pachycephaloides,"Elliot, 1870",1870,gbif
Clytorhynchus sanctaecrucis,Clytorhynchus sanctaecrucis,"Mayr, 1933",1933,gbif
Clytorhynchus vitiensis,Clytorhynchus vitiensis,"(Hartlaub, 1866)",1866,gbif
Grallina bruijnii,Grallina bruijnii,"Salvadori, 1876",1876,gbif
Grallina cyanoleuca,Grallina cyanoleuca,"(Latham, 1802)",1802,gbif
Hypothymis azurea,Hypothymis azurea,"(Boddaert, 1783)",1783,gbif
Hypothymis coelestis,Hypothymis coelestis,"Tweeddale, 1877",1877,gbif
Hypothymis helenae,Hypothymis helenae,"(Steere, 1890)",1890,gbif
Hypothymis puella,Hypothymis puella,"(Wallace, 1863)",1863,gbif
Mayrornis lessoni,Mayrornis lessoni,"(G.R.Gray, 1846)",1846,gbif
Mayrornis schistaceus,Mayrornis schistaceus,"Mayr, 1933",1933,gbif
Mayrornis versicolor,Mayrornis versicolor,"Mayr, 1933",1933,gbif
Metabolus godeffroyi,Metabolus godeffroyi,"(Hartlaub, 1868)",1868,gbif
Metabolus rugensis,Metabolus rugensis,"(Hombron & Jacquinot, 1841)",1841,gbif
Metabolus takatsukasae,Metabolus takatsukasae,"(Yamashina, 1931)",1931,gbif
Monarcha castaneiventris,Monarcha castaneiventris,"J.Verreaux, 1858",1858,gbif
Monarcha cinerascens,Monarcha cinerascens,"(Temminck, 1827)",1827,gbif
Monarcha frater,Monarcha frater,"P.L.Sclater, 1874",1874,gbif
Monarcha megarhynchus,Monarcha megarhynchus,"Rothschild & Hartert, 1908",1908,gbif
Monarcha melanopsis,Monarcha melanopsis,"(Vieillot, 1818)",1818,gbif
Monarcha richardsii,Monarcha richardsii,"(E.P.Ramsay, 1881)",1881,gbif
Monarcha ugiensis,Monarcha ugiensis,"(Ramsay, 1882)",1882,gbif
Myiagra albiventris,Myiagra albiventris,"(Peale, 1848)",1848,gbif
Myiagra alecto,Myiagra alecto,"(Temminck, 1827)",1827,gbif
Myiagra atra,Myiagra atra,"A.B.Meyer, 1874",1874,gbif
Myiagra azureocapilla,Myiagra azureocapilla,"E.L.Layard, 1875",1875,gbif
Myiagra caledonica,Myiagra caledonica,"Bonaparte, 1857",1857,gbif
Myiagra castaneigularis,Myiagra castaneigularis,"E.L.Layard, 1876",1876,gbif
Myiagra cervinicauda,Myiagra cervinicauda,"Tristram, 1879",1879,gbif
Myiagra cervinicolor,Myiagra cervinicolor,"(Salomonsen, 1964)",1964,gbif
Myiagra cyanoleuca,Myiagra cyanoleuca,"(Vieillot, 1818)",1818,gbif
Myiagra eichhorni,Myiagra eichhorni,"(Hartert & Ejo, 1924)",1924,gbif
Myiagra erythrops,Myiagra erythrops,"Hartlaub & Finsch, 1868",1868,gbif
Myiagra ferrocyanea,Myiagra ferrocyanea,"E.P.Ramsay, 1879",1879,gbif
Myiagra galeata,Myiagra galeata,"G.R.Gray, 1861",1861,gbif
Myiagra hebetior,Myiagra hebetior,"(Hartert, 1924)",1924,gbif
Myiagra inquieta,Myiagra inquieta,"(Latham, 1802)",1802,gbif
Myiagra nana,Myiagra nana,"(Gould, 1870)",1870,gbif
Myiagra oceanica,Myiagra oceanica,"Pucheran, 1853",1853,gbif
Myiagra pluto,Myiagra pluto,"Finsch, 1876",1876,gbif
Myiagra rubecula,Myiagra rubecula,"(Latham, 1802)",1802,gbif
Myiagra ruficollis,Myiagra ruficollis,"(Vieillot, 1818)",1818,gbif
Myiagra vanikorensis,Myiagra vanikorensis,"(Quoy & Gaimard, 1830)",1830,gbif
Neolalage banksiana,Neolalage banksiana,"(G.R.Gray, 1870)",1870,gbif
Pomarea dimidiata,Pomarea dimidiata,"(Hartlaub & Finsch, 1871)",1871,gbif
Pomarea iphis,Pomarea iphis,"Murphy & Mathews, 1928",1928,gbif
Pomarea mendozae,Pomarea mendozae,"(Hartlaub, 1854)",1854,gbif
Pomarea mira,Pomarea mira,"Murphy & Mathews, 1928",1928,gbif
Pomarea nigra,Pomarea nigra,"(Sparrman, 1786)",1786,gbif
Pomarea whitneyi,Pomarea whitneyi,"Murphy & Mathews, 1928",1928,gbif
Symposiachrus ateralbus,Symposiachrus ateralbus,"(Salomonsen, 1964)",1964,gbif
Symposiachrus axillaris,Symposiachrus axillaris,"(Salvadori, 1876)",1876,gbif
Symposiachrus barbatus,Symposiachrus barbatus,"(E.P.Ramsay, 1879)",1879,gbif
Symposiachrus boanensis,Symposiachrus boanensis,"(Bemmel, 1939)",1939,gbif
Symposiachrus brehmii,Symposiachrus brehmii,"(Schlegel, 1871)",1871,gbif
Symposiachrus browni,Symposiachrus browni,"(E.P.Ramsay, 1883)",1883,gbif
Symposiachrus everetti,Symposiachrus everetti,"(Hartert, 1896)",1896,gbif
Symposiachrus guttula,Symposiachrus guttula,"(Lesson & Garnot, 1829)",1829,gbif
Symposiachrus infelix,Symposiachrus infelix,"(P.L.Sclater, 1877)",1877,gbif
Symposiachrus julianae,Symposiachrus julianae,"(Ripley, 1959)",1959,gbif
Symposiachrus leucurus,Symposiachrus leucurus,"(G.R.Gray, 1858)",1858,gbif
Symposiachrus loricatus,Symposiachrus loricatus,"(Wallace, 1863)",1863,gbif
Symposiachrus malaitae,Symposiachrus malaitae,"(Mayr, 1931)",1931,gbif
Symposiachrus manadensis,Symposiachrus manadensis,"(Quoy & Gaimard, 1830)",1830,gbif
Symposiachrus menckei,Symposiachrus menckei,"(Heinroth, 1902)",1902,gbif
Symposiachrus mundus,Symposiachrus mundus,"(P.L.Sclater, 1883)",1883,gbif
Symposiachrus rubiensis,Symposiachrus rubiensis,"(A.B.Meyer, 1874)",1874,gbif
Symposiachrus sacerdotum,Symposiachrus sacerdotum,"(Mees, 1973)",1973,gbif
Symposiachrus trivirgatus,Symposiachrus trivirgatus,"(Temminck, 1826)",1826,gbif
Symposiachrus verticalis,Symposiachrus verticalis,"(P.L.Sclater, 1877)",1877,gbif
Symposiachrus vidua,Symposiachrus vidua,"(Tristram, 1879)",1879,gbif
Terpsiphone affinis,Terpsiphone affinis,"(Blyth, 1846)",1846,gbif
Terpsiphone atrocaudata,Terpsiphone atrocaudata,"(Eyton, 1839)",1839,gbif
Terpsiphone atrochalybeia,Terpsiphone atrochalybeia,"(Thomson, 1842)",1842,gbif
Terpsiphone batesi,Terpsiphone batesi,"Chapin, 1921",1921,gbif
Terpsiphone bedfordi,Terpsiphone bedfordi,"(Ogilvie-Grant, 1907)",1907,gbif
Terpsiphone bourbonnensis,Terpsiphone bourbonnensis,"(Statius Muller, 1776)",1776,gbif
Terpsiphone cinnamomea,Terpsiphone cinnamomea,"(Sharpe, 1877)",1877,gbif
Terpsiphone corvina,Terpsiphone corvina,"(E.Newton, 1867)",1867,gbif
Terpsiphone cyanescens,Terpsiphone cyanescens,"(Sharpe, 1877)",1877,gbif
Terpsiphone floris,Terpsiphone floris,"Büttikofer, 1894",1894,gbif
Terpsiphone incei,Terpsiphone incei,"(Gould, 1852)",1852,gbif
Terpsiphone mutata,Terpsiphone mutata,"(Linnaeus, 1766)",1766,gbif
Terpsiphone paradisi,Terpsiphone paradisi,"(Linnaeus, 1758)",1758,gbif
Terpsiphone rufiventer,Terpsiphone rufiventer,"(Swainson, 1837)",1837,gbif
Terpsiphone rufocinerea,Terpsiphone rufocinerea,"Cabanis, 1875",1875,gbif
Terpsiphone unirufa,Terpsiphone unirufa,"Salomonsen, 1937",1937,gbif
Terpsiphone viridis,Terpsiphone viridis,"(Statius Muller, 1776)",1776,gbif
Trochocercus bivittatus,Trochocercus bivittatus,"Reichenow, 1879",1879,gbif
Trochocercus cyanomelas,Trochocercus cyanomelas,"(Vieillot, 1818)",1818,gbif
Trochocercus nitens,Trochocercus nitens,"Cassin, 1859",1859,gbif
Amaurocichla bocagii,Amaurocichla bocagii,"Sharpe, 1892",1892,gbif
Anthus antarcticus,Anthus antarcticus,"Cabanis, 1884",1884,gbif
Anthus berthelotii,Anthus berthelotii,"Bolle, 1862",1862,gbif
Anthus bogotensis,Anthus bogotensis,"P.L.Sclater, 1855",1855,gbif
Anthus brachyurus,Anthus brachyurus,"Sundevall, 1850",1850,gbif
Anthus caffer,Anthus caffer,"Sundevall, 1850",1850,gbif
Anthus campestris,Anthus campestris,"(Linnaeus, 1758)",1758,gbif
Anthus cervinus,Anthus cervinus,"(Pallas, 1811)",1811,gbif
Anthus chacoensis,Anthus chacoensis,"Zimmer, 1952",1952,gbif
Anthus cinnamomeus,Anthus cinnamomeus,"Rüppell, 1840",1840,gbif
Anthus correndera,Anthus correndera,"Vieillot, 1818",1818,gbif
Anthus crenatus,Anthus crenatus,"Finsch & Hartlaub, 1870",1870,gbif
Anthus furcatus,Anthus furcatus,"Orbigny & Lafresnaye, 1837",1837,gbif
Anthus godlewskii,Anthus godlewskii,"(Taczanowski, 1876)",1876,gbif
Anthus gustavi,Anthus gustavi,"Swinhoe, 1863",1863,gbif
Anthus gutturalis,Anthus gutturalis,"De Vis, 1894",1894,gbif
Anthus hellmayri,Anthus hellmayri,"Hartert, 1909",1909,gbif
Anthus hodgsoni,Anthus hodgsoni,"Richmond, 1907",1907,gbif
Anthus hoeschi,Anthus hoeschi,"Stresemann, 1938",1938,gbif
Anthus leucophrys,Anthus leucophrys,"Vieillot, 1818",1818,gbif
Anthus lineiventris,Anthus lineiventris,"Sundevall, 1850",1850,gbif
Anthus lutescens,Anthus lutescens,"Pucheran, 1855",1855,gbif
Anthus melindae,Anthus melindae,"Shelley, 1900",1900,gbif
Anthus nattereri,Anthus nattereri,"P.L.Sclater, 1878",1878,gbif
Anthus nilghiriensis,Anthus nilghiriensis,"Sharpe, 1885",1885,gbif
Anthus novaeseelandiae,Anthus novaeseelandiae,"(Gmelin, 1789)",1789,gbif
Anthus nyassae,Anthus nyassae,"Neumann, 1906",1906,gbif
Anthus pallidiventris,Anthus pallidiventris,"Sharpe, 1885",1885,gbif
Anthus peruvianus,Anthus peruvianus,"Nicholson, 1878",1878,gbif
Anthus petrosus,Anthus petrosus,"(Montagu, 1798)",1798,gbif
Anthus pratensis,Anthus pratensis,"(Linnaeus, 1758)",1758,gbif
Anthus richardi,Anthus richardi,"Vieillot, 1818",1818,gbif
Anthus roseatus,Anthus roseatus,"Blyth, 1847",1847,gbif
Anthus rubescens,Anthus rubescens,"(Tunstall, 1771)",1771,gbif
Anthus rufulus,Anthus rufulus,"Vieillot, 1818",1818,gbif
Anthus similis,Anthus similis,"(Jerdon, 1840)",1840,gbif
Anthus sokokensis,Anthus sokokensis,"Someren, 1921",1921,gbif
Anthus spinoletta,Anthus spinoletta,"(Linnaeus, 1758)",1758,gbif
Anthus spragueii,Anthus spragueii,"(Audubon, 1844)",1844,gbif
Anthus sylvanus,Anthus sylvanus,"(Hodgson, 1845)",1845,gbif
Anthus trivialis,Anthus trivialis,"(Linnaeus, 1758)",1758,gbif
Anthus vaalensis,Anthus vaalensis,"Shelley, 1900",1900,gbif
Dendronanthus indicus,Dendronanthus indicus,"(Gmelin, 1789)",1789,gbif
Hemimacronyx chloris,Hemimacronyx chloris,"(Lichtenstein, 1842)",1842,gbif
Macronyx ameliae,Macronyx ameliae,"Tarragon, 1845",1845,gbif
Macronyx aurantiigula,Macronyx aurantiigula,"Reichenow, 1891",1891,gbif
Macronyx capensis,Macronyx capensis,"(Linnaeus, 1766)",1766,gbif
Macronyx croceus,Macronyx croceus,"(Vieillot, 1816)",1816,gbif
Macronyx flavicollis,Macronyx flavicollis,"Rüppell, 1840",1840,gbif
Macronyx fuelleborni,Macronyx fuelleborni,"Reichenow, 1900",1900,gbif
Macronyx grimwoodi,Macronyx grimwoodi,"Benson, 1955",1955,gbif
Macronyx sharpei,Macronyx sharpei,"Jackson, 1904",1904,gbif
Madanga ruficollis,Madanga ruficollis,"Rothschild & Hartert, 1923",1923,gbif
Motacilla aguimp,Motacilla aguimp,"Temminck, 1820",1820,gbif
Motacilla alba,Motacilla alba,"Linnaeus, 1758",1758,gbif
Motacilla capensis,Motacilla capensis,"Linnaeus, 1766",1766,gbif
Motacilla cinerea,Motacilla cinerea,"Tunstall, 1771",1771,gbif
Motacilla citreola,Motacilla citreola,"Pallas, 1776",1776,gbif
Motacilla clara,Motacilla clara,"Sharpe, 1908",1908,gbif
Motacilla flava,Motacilla flava,"Linnaeus, 1758",1758,gbif
Motacilla flaviventris,Motacilla flaviventris,"Hartlaub, 1860",1860,gbif
Motacilla grandis,Motacilla grandis,"Sharpe, 1885",1885,gbif
Motacilla maderaspatensis,Motacilla maderaspatensis,"Gmelin, 1789",1789,gbif
Motacilla samveasnae,Motacilla samveasnae,"J.W.Duckworth, Alstrom, P.Davidson, T.D.Evans, C.M.Poole, T.Setha & R.J.Timmins, 2001",2001,gbif
Motacilla tschutschensis,Motacilla tschutschensis,"Gmelin, 1789",1789,gbif
Tmetothylacus tenellus,Tmetothylacus tenellus,"(Cabanis, 1878)",1878,gbif
Agricola infuscatus,Agricola infuscatus,"(A.Smith, 1839)",1839,gbif
Agricola pallidus,Agricola pallidus,"(J.W.Müller, 1851)",1851,gbif
Alethe castanea,Alethe castanea,"(Cassin, 1856)",1856,gbif
Alethe diademata,Alethe diademata,"(Bonaparte, 1850)",1850,gbif
Anthipes monileger,Anthipes monileger,"(Hodgson, 1845)",1845,gbif
Anthipes solitaris,Anthipes solitaris,"(S.Muller, 1836)",1836,gbif
Brachypteryx cruralis,Brachypteryx cruralis,"(Blyth, 1843)",1843,gbif
Brachypteryx erythrogyna,Brachypteryx erythrogyna,"Sharpe, 1888",1888,gbif
Brachypteryx floris,Brachypteryx floris,"Hartert & Ejo, 1897",1897,gbif
Brachypteryx goodfellowi,Brachypteryx goodfellowi,"Ogilvie-Grant, 1912",1912,gbif
Brachypteryx hyperythra,Brachypteryx hyperythra,"Blyth, 1861",1861,gbif
Brachypteryx leucophris,Brachypteryx leucophris,"(Temminck, 1828)",1828,gbif
Brachypteryx montana,Brachypteryx montana,"Horsfield, 1821",1821,gbif
Brachypteryx poliogyna,Brachypteryx poliogyna,"Ogilvie-Grant, 1895",1895,gbif
Brachypteryx saturata,Brachypteryx saturata,"Salvadori, 1879",1879,gbif
Brachypteryx sinensis,Brachypteryx sinensis,"Rickett, 1897",1897,gbif
Bradornis boehmi,Bradornis boehmi,"Reichenow, 1884",1884,gbif
Bradornis comitatus,Bradornis comitatus,"(Cassin, 1857)",1857,gbif
Bradornis fuliginosus,Bradornis fuliginosus,"(J.Verreaux & É.Verreaux, 1855)",1855,gbif
Bradornis mariquensis,Bradornis mariquensis,"A.Smith, 1847",1847,gbif
Bradornis microrhynchus,Bradornis microrhynchus,"Reichenow, 1887",1887,gbif
Bradornis ussheri,Bradornis ussheri,"(Sharpe, 1871)",1871,gbif
Calliope calliope,Calliope calliope,"(Pallas, 1776)",1776,gbif
Calliope obscura,Calliope obscura,"(Berezowski & Bianchi, 1891)",1891,gbif
Calliope pectardens,Calliope pectardens,"A.David, 1877",1877,gbif
Calliope pectoralis,Calliope pectoralis,"Gould, 1837",1837,gbif
Calliope tschebaiewi,Calliope tschebaiewi,"Przevalski, 1876",1876,gbif
Campicoloides bifasciatus,Campicoloides bifasciatus,"(Temminck, 1829)",1829,gbif
Cercotrichas galactotes,Cercotrichas galactotes,"(Temminck, 1820)",1820,gbif
Cercotrichas hartlaubi,Cercotrichas hartlaubi,"(Reichenow, 1891)",1891,gbif
Cercotrichas leucophrys,Cercotrichas leucophrys,"(Vieillot, 1817)",1817,gbif
Cercotrichas paena,Cercotrichas paena,"(A.Smith, 1836)",1836,gbif
Cercotrichas podobe,Cercotrichas podobe,"(Statius Muller, 1776)",1776,gbif
Chamaetylas choloensis,Chamaetylas choloensis,"(W.L.Sclater, 1927)",1927,gbif
Chamaetylas fuelleborni,Chamaetylas fuelleborni,"(Reichenow, 1900)",1900,gbif
Chamaetylas poliocephala,Chamaetylas poliocephala,"(Bonaparte, 1850)",1850,gbif
Chamaetylas poliophrys,Chamaetylas poliophrys,"(Sharpe, 1902)",1902,gbif
Cichladusa arquata,Cichladusa arquata,"W.Peters, 1863",1863,gbif
Cichladusa guttata,Cichladusa guttata,"(Heuglin, 1862)",1862,gbif
Cichladusa ruficauda,Cichladusa ruficauda,"(Hartlaub, 1857)",1857,gbif
Cinclidium frontale,Cinclidium frontale,"Blyth, 1842",1842,gbif
Copsychus albospecularis,Copsychus albospecularis,"(Eydoux & Gervais, 1836)",1836,gbif
Copsychus mindanensis,Copsychus mindanensis,"(Boddaert, 1783)",1783,gbif
Copsychus pica,Copsychus pica,"Pelzeln, 1858",1858,gbif
Copsychus saularis,Copsychus saularis,"(Linnaeus, 1758)",1758,gbif
Copsychus sechellarum,Copsychus sechellarum,"A.Newton, 1865",1865,gbif
Cossypha albicapillus,Cossypha albicapillus,"(Vieillot, 1818)",1818,gbif
Cossypha cyanocampter,Cossypha cyanocampter,"(Bonaparte, 1850)",1850,gbif
Cossypha dichroa,Cossypha dichroa,"(Gmelin, 1789)",1789,gbif
Cossypha heinrichi,Cossypha heinrichi,"Rand, 1955",1955,gbif
Cossypha heuglini,Cossypha heuglini,"Hartlaub, 1866",1866,gbif
Cossypha natalensis,Cossypha natalensis,"A.Smith, 1840",1840,gbif
Cossypha niveicapilla,Cossypha niveicapilla,"(Lafresnaye, 1838)",1838,gbif
Cossypha semirufa,Cossypha semirufa,"(Rüppell, 1837)",1837,gbif
Cossyphicula roberti,Cossyphicula roberti,"(Alexander, 1903)",1903,gbif
Cyanecula svecica,Cyanecula svecica,"(Linnaeus, 1758)",1758,gbif
Cyanoptila cumatilis,Cyanoptila cumatilis,"Thayer & Bangs, 1909",1909,gbif
Cyanoptila cyanomelana,Cyanoptila cyanomelana,"(Temminck, 1829)",1829,gbif
Cyornis banyumas,Cyornis banyumas,"(Horsfield, 1821)",1821,gbif
Cyornis brunneatus,Cyornis brunneatus,"(H.H.Slater, 1897)",1897,gbif
Cyornis caerulatus,Cyornis caerulatus,"(Bonaparte, 1857)",1857,gbif
Cyornis camarinensis,Cyornis camarinensis,"(Rand & Rabor, 1967)",1967,gbif
Cyornis colonus,Cyornis colonus,"(Hartert & Ejo, 1898)",1898,gbif
Cyornis concretus,Cyornis concretus,"(S.Muller, 1836)",1836,gbif
Cyornis djampeanus,Cyornis djampeanus,"(Hartert, 1896)",1896,gbif
Cyornis glaucicomans,Cyornis glaucicomans,"Thayer & Bangs, 1909",1909,gbif
Cyornis hainanus,Cyornis hainanus,"(Ogilvie-Grant, 1900)",1900,gbif
Cyornis herioti,Cyornis herioti,"R.G.W.Ramsay, 1886",1886,gbif
Cyornis hoevelli,Cyornis hoevelli,"(A.B.Meyer, 1903)",1903,gbif
Cyornis hyacinthinus,Cyornis hyacinthinus,"(Temminck, 1820)",1820,gbif
Cyornis lemprieri,Cyornis lemprieri,"(Sharpe, 1884)",1884,gbif
Cyornis magnirostris,Cyornis magnirostris,"Blyth, 1849",1849,gbif
Cyornis nicobaricus,Cyornis nicobaricus,"(Richmond, 1902)",1902,gbif
Cyornis olivaceus,Cyornis olivaceus,"Hume, 1877",1877,gbif
Cyornis omissus,Cyornis omissus,"(Hartert, 1896)",1896,gbif
Cyornis oscillans,Cyornis oscillans,"(Hartert, 1897)",1897,gbif
Cyornis pallidipes,Cyornis pallidipes,"(Jerdon, 1840)",1840,gbif
Cyornis poliogenys,Cyornis poliogenys,"W.E.Brooks, 1880",1880,gbif
Cyornis rubeculoides,Cyornis rubeculoides,"(Vigors, 1831)",1831,gbif
Cyornis ruckii,Cyornis ruckii,"(Oustalet, 1881)",1881,gbif
Cyornis ruficauda,Cyornis ruficauda,"(Sharpe, 1877)",1877,gbif
Cyornis rufigastra,Cyornis rufigastra,"(Raffles, 1822)",1822,gbif
Cyornis sanfordi,Cyornis sanfordi,"Stresemann, 1931",1931,gbif
Cyornis stresemanni,Cyornis stresemanni,"(Siebers, 1928)",1928,gbif
Cyornis sumatrensis,Cyornis sumatrensis,"(Sharpe, 1879)",1879,gbif
Cyornis superbus,Cyornis superbus,"Stresemann, 1925",1925,gbif
Cyornis tickelliae,Cyornis tickelliae,"Blyth, 1843",1843,gbif
Cyornis turcosus,Cyornis turcosus,"Bruggemann, 1877",1877,gbif
Cyornis umbratilis,Cyornis umbratilis,"(Strickland, 1849)",1849,gbif
Cyornis unicolor,Cyornis unicolor,"Blyth, 1843",1843,gbif
Dessonornis anomalus,Dessonornis anomalus,"(Shelley, 1893)",1893,gbif
Dessonornis archeri,Dessonornis archeri,"(Sharpe, 1902)",1902,gbif
Dessonornis caffer,Dessonornis caffer,"(Linnaeus, 1771)",1771,gbif
Dessonornis humeralis,Dessonornis humeralis,"A.Smith, 1836",1836,gbif
Dessonornis macclounii,Dessonornis macclounii,"(Shelley, 1903)",1903,gbif
Dessonornis mbuluensis,Dessonornis mbuluensis,"(Grant & Mackworth-Praed, 1937)",1937,gbif
Emarginata schlegelii,Emarginata schlegelii,"(Wahlberg, 1855)",1855,gbif
Emarginata sinuata,Emarginata sinuata,"(Sundevall, 1858)",1858,gbif
Emarginata tractrac,Emarginata tractrac,"(Wilkes, 1817)",1817,gbif
Enicurus immaculatus,Enicurus immaculatus,"(Hodgson, 1836)",1836,gbif
Enicurus leschenaulti,Enicurus leschenaulti,"(Vieillot, 1818)",1818,gbif
Enicurus maculatus,Enicurus maculatus,"Vigors, 1831",1831,gbif
Enicurus ruficapillus,Enicurus ruficapillus,"Temminck, 1832",1832,gbif
Enicurus schistaceus,Enicurus schistaceus,"(Hodgson, 1836)",1836,gbif
Enicurus scouleri,Enicurus scouleri,"Vigors, 1832",1832,gbif
Enicurus velatus,Enicurus velatus,"Temminck, 1822",1822,gbif
Erithacus rubecula,Erithacus rubecula,"(Linnaeus, 1758)",1758,gbif
Eumyias additus,Eumyias additus,"(Hartert & Ejo, 1900)",1900,gbif
Eumyias albicaudatus,Eumyias albicaudatus,"(Jerdon, 1840)",1840,gbif
Eumyias indigo,Eumyias indigo,"(Horsfield, 1821)",1821,gbif
Eumyias panayensis,Eumyias panayensis,"Sharpe, 1877",1877,gbif
Eumyias ruficrissa,Eumyias ruficrissa,"(Salvadori, 1879)",1879,gbif
Eumyias sordidus,Eumyias sordidus,"(Walden, 1870)",1870,gbif
Eumyias thalassinus,Eumyias thalassinus,"(Swainson, 1838)",1838,gbif
Ficedula albicilla,Ficedula albicilla,"(Pallas, 1811)",1811,gbif
Ficedula albicollis,Ficedula albicollis,"(Temminck, 1815)",1815,gbif
Ficedula basilanica,Ficedula basilanica,"(Sharpe, 1877)",1877,gbif
Ficedula bonthaina,Ficedula bonthaina,"(Hartert, 1896)",1896,gbif
Ficedula buruensis,Ficedula buruensis,"(Hartert, 1899)",1899,gbif
Ficedula crypta,Ficedula crypta,"(Vaurie, 1951)",1951,gbif
Ficedula disposita,Ficedula disposita,"(Ripley & J.T.Marshall Jr, 1967)",1967,gbif
Ficedula dumetoria,Ficedula dumetoria,"(Wallace, 1864)",1864,gbif
Ficedula elisae,Ficedula elisae,"(Weigold, 1922)",1922,gbif
Ficedula erithacus,Ficedula erithacus,"(Blyth, 1861)",1861,gbif
Ficedula harterti,Ficedula harterti,"(Siebers, 1928)",1928,gbif
Ficedula henrici,Ficedula henrici,"(Hartert, 1899)",1899,gbif
Ficedula hodgsoni,Ficedula hodgsoni,"(F.Moore, 1854)",1854,gbif
Ficedula hyperythra,Ficedula hyperythra,"(Blyth, 1843)",1843,gbif
Ficedula hypoleuca,Ficedula hypoleuca,"(Pallas, 1764)",1764,gbif
Ficedula luzoniensis,Ficedula luzoniensis,"(Ogilvie-Grant, 1894)",1894,gbif
Ficedula mugimaki,Ficedula mugimaki,"(Temminck, 1836)",1836,gbif
Ficedula narcissina,Ficedula narcissina,"(Temminck, 1836)",1836,gbif
Ficedula nigrorufa,Ficedula nigrorufa,"(Jerdon, 1839)",1839,gbif
Ficedula owstoni,Ficedula owstoni,"(Bangs, 1901)",1901,gbif
Ficedula parva,Ficedula parva,"(Bechstein, 1792)",1792,gbif
Ficedula platenae,Ficedula platenae,"(W.Blasius, 1888)",1888,gbif
Ficedula riedeli,Ficedula riedeli,"(Büttikofer, 1886)",1886,gbif
Ficedula ruficauda,Ficedula ruficauda,"(Swainson, 1838)",1838,gbif
Ficedula rufigula,Ficedula rufigula,"(Wallace, 1865)",1865,gbif
Ficedula sapphira,Ficedula sapphira,"(Blyth, 1843)",1843,gbif
Ficedula semitorquata,Ficedula semitorquata,"(Homeyer, 1885)",1885,gbif
Ficedula strophiata,Ficedula strophiata,"(Hodgson, 1837)",1837,gbif
Ficedula subrubra,Ficedula subrubra,"(Hartert & F.Steinbacher, 1934)",1934,gbif
Ficedula superciliaris,Ficedula superciliaris,"(Jerdon, 1840)",1840,gbif
Ficedula timorensis,Ficedula timorensis,"(Hellmayr, 1919)",1919,gbif
Ficedula tricolor,Ficedula tricolor,"(Hodgson, 1845)",1845,gbif
Ficedula westermanni,Ficedula westermanni,"(Sharpe, 1888)",1888,gbif
Ficedula zanthopygia,Ficedula zanthopygia,"(Hay, 1845)",1845,gbif
Fraseria caerulescens,Fraseria caerulescens,"(Hartlaub, 1865)",1865,gbif
Fraseria cinerascens,Fraseria cinerascens,"Hartlaub, 1857",1857,gbif
Fraseria griseigularis,Fraseria griseigularis,"(F.J.Jackson, 1906)",1906,gbif
Fraseria lendu,Fraseria lendu,"(Chapin, 1932)",1932,gbif
Fraseria ocreata,Fraseria ocreata,"(Strickland, 1844)",1844,gbif
Fraseria olivascens,Fraseria olivascens,"(Cassin, 1859)",1859,gbif
Fraseria plumbea,Fraseria plumbea,"(Hartlaub, 1858)",1858,gbif
Fraseria tessmanni,Fraseria tessmanni,"(Reichenow, 1907)",1907,gbif
Heinrichia calligyna,Heinrichia calligyna,"Stresemann, 1931",1931,gbif
Heinrichia simplex,Heinrichia simplex,"(Stresemann, 1931)",1931,gbif
Heteroxenicus stellatus,Heteroxenicus stellatus,"(Gould, 1868)",1868,gbif
Hodgsonius phaenicuroides,Hodgsonius phaenicuroides,"(J.E.Gray & G.R.Gray, 1847)",1847,gbif
Humblotia flavirostris,Humblotia flavirostris,"Milne-Edwards & Oustalet, 1885",1885,gbif
Irania gutturalis,Irania gutturalis,"(Guerin-Meneville, 1843)",1843,gbif
Kittacincla albiventris,Kittacincla albiventris,"Blyth, 1859",1859,gbif
Kittacincla cebuensis,Kittacincla cebuensis,"(Steere, 1890)",1890,gbif
Kittacincla luzoniensis,Kittacincla luzoniensis,"(Kittlitz, 1832)",1832,gbif
Kittacincla malabarica,Kittacincla malabarica,"(Scopoli, 1788)",1788,gbif
Kittacincla nigra,Kittacincla nigra,"(Sharpe, 1877)",1877,gbif
Kittacincla superciliaris,Kittacincla superciliaris,"(Bourns & Worcester, 1894)",1894,gbif
Larvivora akahige,Larvivora akahige,"(Temminck, 1835)",1835,gbif
Larvivora brunnea,Larvivora brunnea,"Hodgson, 1837",1837,gbif
Larvivora cyane,Larvivora cyane,"(Pallas, 1776)",1776,gbif
Larvivora komadori,Larvivora komadori,"(Temminck, 1835)",1835,gbif
Larvivora namiyei,Larvivora namiyei,"(Stejneger, 1887)",1887,gbif
Larvivora ruficeps,Larvivora ruficeps,"Hartert & Ejo, 1907",1907,gbif
Larvivora sibilans,Larvivora sibilans,"Swinhoe, 1863",1863,gbif
Larvivora tanensis,Larvivora tanensis,"(Kuroda & Nm, 1923)",1923,gbif
Luscinia luscinia,Luscinia luscinia,"(Linnaeus, 1758)",1758,gbif
Luscinia megarhynchos,Luscinia megarhynchos,"C.L.Brehm, 1831",1831,gbif
Melaenornis annamarulae,Melaenornis annamarulae,"Forbes-Watson, 1970",1970,gbif
Melaenornis ardesiacus,Melaenornis ardesiacus,"Berlioz, 1936",1936,gbif
Melaenornis brunneus,Melaenornis brunneus,"(Cabanis, 1886)",1886,gbif
Melaenornis chocolatinus,Melaenornis chocolatinus,"(Rüppell, 1840)",1840,gbif
Melaenornis edolioides,Melaenornis edolioides,"(Swainson, 1837)",1837,gbif
Melaenornis fischeri,Melaenornis fischeri,"(Reichenow, 1884)",1884,gbif
Melaenornis herero,Melaenornis herero,"(Meyer de Schauensee, 1931)",1931,gbif
Melaenornis pammelaina,Melaenornis pammelaina,"(Stanley, 1814)",1814,gbif
Melaenornis semipartitus,Melaenornis semipartitus,"(Rüppell, 1840)",1840,gbif
Melaenornis silens,Melaenornis silens,"(Shaw, 1809)",1809,gbif
Monticola angolensis,Monticola angolensis,"Sousa, 1888",1888,gbif
Monticola brevipes,Monticola brevipes,"(Waterhouse, 1838)",1838,gbif
Monticola cinclorhyncha,,,,none
Monticola erythronotus,Monticola erythronotus,"(Lavauden, 1929)",1929,gbif
Monticola explorator,Monticola explorator,"(Vieillot, 1818)",1818,gbif
Monticola gularis,Monticola gularis,"(Swinhoe, 1863)",1863,gbif
Monticola imerina,Monticola imerina,"(Hartlaub, 1860)",1860,gbif
Monticola rufiventris,Monticola rufiventris,"(Jardine & Selby, 1833)",1833,gbif
Monticola rufocinereus,Monticola rufocinereus,"(Rüppell, 1837)",1837,gbif
Monticola rupestris,Monticola rupestris,"(Vieillot, 1818)",1818,gbif
Monticola saxatilis,Monticola saxatilis,"(Linnaeus, 1766)",1766,gbif
Monticola semirufus,Monticola semirufus,"(Rüppell, 1837)",1837,gbif
Monticola sharpei,Monticola sharpei,"(G.R.Gray, 1871)",1871,gbif
Monticola solitarius,Monticola solitarius,"(Linnaeus, 1758)",1758,gbif
Muscicapa adusta,Muscicapa adusta,"(F.Boie, 1828)",1828,gbif
Muscicapa aquatica,Muscicapa aquatica,"Heuglin, 1864",1864,gbif
Muscicapa cassini,Muscicapa cassini,"Heine, 1860",1860,gbif
Muscicapa dauurica,Muscicapa dauurica,"Pallas, 1811",1811,gbif
Muscicapa epulata,Muscicapa epulata,"(Cassin, 1855)",1855,gbif
Muscicapa ferruginea,Muscicapa ferruginea,"(Hodgson, 1845)",1845,gbif
Muscicapa gambagae,Muscicapa gambagae,"(Alexander, 1901)",1901,gbif
Muscicapa griseisticta,Muscicapa griseisticta,"(Swinhoe, 1861)",1861,gbif
Muscicapa muttui,Muscicapa muttui,"(E.L.Layard, 1854)",1854,gbif
Muscicapa randi,Muscicapa randi,"Amadon & duPont, 1970",1970,gbif
Muscicapa segregata,Muscicapa segregata,"(Siebers, 1928)",1928,gbif
Muscicapa sethsmithi,Muscicapa sethsmithi,"(Someren, 1922)",1922,gbif
Muscicapa sibirica,Muscicapa sibirica,"Gmelin, 1789",1789,gbif
Muscicapa striata,Muscicapa striata,"(Pallas, 1764)",1764,gbif
Myiomela cambodiana,Myiomela cambodiana,"(Delacour & Jabouille, 1928)",1928,gbif
Myiomela diana,Myiomela diana,"(Lesson, 1831)",1831,gbif
Myiomela leucura,Myiomela leucura,"(Hodgson, 1845)",1845,gbif
Myophonus blighi,Myophonus blighi,"(Holdsworth, 1872)",1872,gbif
Myophonus borneensis,Myophonus borneensis,"Slater, 1885",1885,gbif
Myophonus caeruleus,Myophonus caeruleus,"(Scopoli, 1786)",1786,gbif
Myophonus castaneus,Myophonus castaneus,"R.G.W.Ramsay, 1880",1880,gbif
Myophonus glaucinus,Myophonus glaucinus,"(Temminck, 1823)",1823,gbif
Myophonus horsfieldii,Myophonus horsfieldii,"Vigors, 1831",1831,gbif
Myophonus insularis,Myophonus insularis,"Gould, 1863",1863,gbif
Myophonus melanurus,Myophonus melanurus,"(Salvadori, 1879)",1879,gbif
Myophonus robinsoni,Myophonus robinsoni,"Ogilvie-Grant, 1905",1905,gbif
Myrmecocichla aethiops,Myrmecocichla aethiops,"Cabanis, 1850",1850,gbif
Myrmecocichla arnotti,Myrmecocichla arnotti,"(Tristram, 1869)",1869,gbif
Myrmecocichla formicivora,Myrmecocichla formicivora,"(Wilkes, 1817)",1817,gbif
Myrmecocichla melaena,Myrmecocichla melaena,"(Rüppell, 1837)",1837,gbif
Myrmecocichla monticola,Myrmecocichla monticola,"(Vieillot, 1818)",1818,gbif
Myrmecocichla nigra,Myrmecocichla nigra,"(Vieillot, 1818)",1818,gbif
Myrmecocichla tholloni,Myrmecocichla tholloni,"(Oustalet, 1886)",1886,gbif
Niltava davidi,Niltava davidi,"La Touche, 1907",1907,gbif
Niltava grandis,Niltava grandis,"(Blyth, 1842)",1842,gbif
Niltava macgrigoriae,Niltava macgrigoriae,"(Burton, 1836)",1836,gbif
Niltava oatesi,Niltava oatesi,"Salvadori, 1887",1887,gbif
Niltava sumatrana,Niltava sumatrana,"Salvadori, 1879",1879,gbif
Niltava sundara,Niltava sundara,"Hodgson, 1837",1837,gbif
Niltava vivida,Niltava vivida,"(Swinhoe, 1864)",1864,gbif
Oenanthe albifrons,Oenanthe albifrons,"(Rüppell, 1837)",1837,gbif
Oenanthe albonigra,Oenanthe albonigra,"(Hume, 1872)",1872,gbif
Oenanthe bottae,Oenanthe bottae,"(Bonaparte, 1854)",1854,gbif
Oenanthe chrysopygia,Oenanthe chrysopygia,"(Filippi, 1863)",1863,gbif
Oenanthe cypriaca,Oenanthe cypriaca,"(Homeyer, 1884)",1884,gbif
Oenanthe deserti,Oenanthe deserti,"(Temminck, 1825)",1825,gbif
Oenanthe dubia,Oenanthe dubia,"(Blundell & Lovat, 1899)",1899,gbif
Oenanthe familiaris,Oenanthe familiaris,"(Wilkes, 1817)",1817,gbif
Oenanthe finschii,Oenanthe finschii,"(Heuglin, 1869)",1869,gbif
Oenanthe frenata,Oenanthe frenata,"(Heuglin, 1869)",1869,gbif
Oenanthe fusca,Oenanthe fusca,"(Blyth, 1851)",1851,gbif
Oenanthe heuglinii,,,,none
Oenanthe hispanica,Oenanthe hispanica,"(Linnaeus, 1758)",1758,gbif
Oenanthe isabellina,Oenanthe isabellina,"(Temminck, 1829)",1829,gbif
Oenanthe leucopyga,Oenanthe leucopyga,"(C.L.Brehm, 1855)",1855,gbif
Oenanthe leucura,Oenanthe leucura,"(Gmelin, 1789)",1789,gbif
Oenanthe lugens,Oenanthe lugens,"(Lichtenstein, 1823)",1823,gbif
Oenanthe melanura,Oenanthe melanura,"(Temminck, 1824)",1824,gbif
Oenanthe moesta,Oenanthe moesta,"(Lichtenstein, 1823)",1823,gbif
Oenanthe monacha,Oenanthe monacha,"(Temminck, 1825)",1825,gbif
Oenanthe oenanthe,Oenanthe oenanthe,"(Linnaeus, 1758)",1758,gbif
Oenanthe phillipsi,Oenanthe phillipsi,"(Shelley, 1885)",1885,gbif
Oenanthe picata,Oenanthe picata,"(Blyth, 1847)",1847,gbif
Oenanthe pileata,Oenanthe pileata,"(Gmelin, 1789)",1789,gbif
Oenanthe pleschanka,Oenanthe pleschanka,"(Lepechin, 1770)",1770,gbif
Oenanthe scotocerca,Oenanthe scotocerca,"(Heuglin, 1869)",1869,gbif
Oenanthe seebohmi,Oenanthe seebohmi,"(Dixon, 1882)",1882,gbif
Oenanthe xanthoprymna,Oenanthe xanthoprymna,"(Hemprich & Ehrenberg, 1833)",1833,gbif
Oreocossypha isabellae,Oreocossypha isabellae,"(Gray, 1862)",1862,gbif
Phoenicurus alaschanicus,Phoenicurus alaschanicus,"(Prjevalsky, 1876)",1876,gbif
Phoenicurus auroreus,Phoenicurus auroreus,"(Pallas, 1776)",1776,gbif
Phoenicurus bicolor,Phoenicurus bicolor,"(Ogilvie-Grant, 1894)",1894,gbif
Phoenicurus coeruleocephala,Phoenicurus coeruleocephala,"(Vigors, 1831)",1831,gbif
Phoenicurus erythrogastrus,Phoenicurus erythrogastrus,"(Guldenstadt, 1775)",1775,gbif
Phoenicurus erythronotus,Phoenicurus erythronotus,"(Eversmann, 1841)",1841,gbif
Phoenicurus frontalis,Phoenicurus frontalis,"Vigors, 1832",1832,gbif
Phoenicurus fuliginosus,Phoenicurus fuliginosus,"Vigors, 1831",1831,gbif
Phoenicurus hodgsoni,Phoenicurus hodgsoni,"(Moore, 1854)",1854,gbif
Phoenicurus leucocephalus,Phoenicurus leucocephalus,"Vigors, 1831",1831,gbif
Phoenicurus moussieri,Phoenicurus moussieri,"(Olphe-Galliard, 1852)",1852,gbif
Phoenicurus ochruros,Phoenicurus ochruros,"(S.G.Gmelin, 1774)",1774,gbif
Phoenicurus phoenicurus,Phoenicurus phoenicurus,"(Linnaeus, 1758)",1758,gbif
Phoenicurus schisticeps,Phoenicurus schisticeps,"(J.E.Gray & G.R.Gray, 1847)",1847,gbif
Pinarochroa sordida,Pinarochroa sordida,"(Rüppell, 1837)",1837,gbif
Pinarornis plumosus,Pinarornis plumosus,"Sharpe, 1876",1876,gbif
Pogonocichla stellata,Pogonocichla stellata,"(Vieillot, 1818)",1818,gbif
Saxicola caprata,Saxicola caprata,"(Linnaeus, 1766)",1766,gbif
Saxicola dacotiae,Saxicola dacotiae,"(Meade-Waldo, 1889)",1889,gbif
Saxicola ferreus,Saxicola ferreus,"J.E.Gray & G.R.Gray, 1847",1847,gbif
Saxicola gutturalis,Saxicola gutturalis,"(Vieillot, 1818)",1818,gbif
Saxicola insignis,Saxicola insignis,"J.E.Gray & G.R.Gray, 1847",1847,gbif
Saxicola jerdoni,Saxicola jerdoni,"(Blyth, 1867)",1867,gbif
Saxicola leucurus,Saxicola leucurus,"(Blyth, 1847)",1847,gbif
Saxicola macrorhynchus,Saxicola macrorhynchus,"(Stoliczka, 1872)",1872,gbif
Saxicola rubetra,Saxicola rubetra,"(Linnaeus, 1758)",1758,gbif
Saxicola tectes,Saxicola tectes,"(Gmelin, 1789)",1789,gbif
Saxicola torquatus,Saxicola torquatus,"(Linnaeus, 1766)",1766,gbif
Saxicoloides fulicatus,Saxicoloides fulicatus,"(Linnaeus, 1766)",1766,gbif
Sheppardia aequatorialis,Sheppardia aequatorialis,"(Jackson, 1906)",1906,gbif
Sheppardia aurantiithorax,Sheppardia aurantiithorax,"Beresford, Fjeldsa & Kiure, 2004",2004,gbif
Sheppardia bocagei,Sheppardia bocagei,"(Finsch & Hartlaub, 1870)",1870,gbif
Sheppardia cyornithopsis,Sheppardia cyornithopsis,"(Sharpe, 1901)",1901,gbif
Sheppardia gabela,Sheppardia gabela,"(Rand, 1957)",1957,gbif
Sheppardia gunningi,Sheppardia gunningi,"Haagner, 1909",1909,gbif
Sheppardia lowei,Sheppardia lowei,"(Grant & Mackworth-Praed, 1941)",1941,gbif
Sheppardia montana,Sheppardia montana,"(Reichenow, 1907)",1907,gbif
Sheppardia poensis,Sheppardia poensis,"(Alexander, 1903)",1903,gbif
Sheppardia polioptera,Sheppardia polioptera,"(Reichenow, 1892)",1892,gbif
Sheppardia sharpei,Sheppardia sharpei,"(Shelley, 1903)",1903,gbif
Sholicola albiventris,Sholicola albiventris,"(Blanford, 1868)",1868,gbif
Sholicola major,Sholicola major,"(Jerdon, 1841)",1841,gbif
Stiphrornis erythrothorax,Stiphrornis erythrothorax,"Hartlaub, 1855",1855,gbif
Stiphrornis pyrrholaemus,Stiphrornis pyrrholaemus,"Schmidt & Angehr, 2008",2008,gbif
Stiphrornis xanthogaster,Stiphrornis xanthogaster,"Sharpe, 1903",1903,gbif
Swynnertonia swynnertoni,Swynnertonia swynnertoni,"(Shelley, 1906)",1906,gbif
Tarsiger chrysaeus,Tarsiger chrysaeus,"Hodgson, 1845",1845,gbif
Tarsiger cyanurus,Tarsiger cyanurus,"(Pallas, 1773)",1773,gbif
Tarsiger hyperythrus,Tarsiger hyperythrus,"(Blyth, 1847)",1847,gbif
Tarsiger indicus,Tarsiger indicus,"(Vieillot, 1817)",1817,gbif
Tarsiger johnstoniae,Tarsiger johnstoniae,"(Ogilvie-Grant, 1906)",1906,gbif
Tarsiger rufilatus,Tarsiger rufilatus,"(Hodgson, 1845)",1845,gbif
Thamnolaea cinnamomeiventris,Thamnolaea cinnamomeiventris,"(Lafresnaye, 1836)",1836,gbif
Trichixos pyrropygus,Trichixos pyrropygus,"Lesson, 1839",1839,gbif
Tychaedon barbata,Tychaedon barbata,"(Hartlaub & Finsch, 1870)",1870,gbif
Tychaedon coryphoeus,Tychaedon coryphoeus,"(Lesson, 1831)",1831,gbif
Tychaedon leucosticta,Tychaedon leucosticta,"(Sharpe, 1883)",1883,gbif
Tychaedon quadrivirgata,Tychaedon quadrivirgata,"(Reichenow, 1879)",1879,gbif
Tychaedon signata,Tychaedon signata,"(Sundevall, 1850)",1850,gbif
Vauriella albigularis,Vauriella albigularis,"(Bourns & Worcester, 1894)",1894,gbif
Vauriella goodfellowi,Vauriella goodfellowi,"(Ogilvie-Grant, 1905)",1905,gbif
Vauriella gularis,Vauriella gularis,"(Sharpe, 1888)",1888,gbif
Vauriella insignis,Vauriella insignis,"(Ogilvie-Grant, 1895)",1895,gbif
Xenocopsychus ansorgei,Xenocopsychus ansorgei,"Hartert, 1907",1907,gbif
Aethopyga bella,Aethopyga bella,"Tweeddale, 1877",1877,gbif
Aethopyga boltoni,Aethopyga boltoni,"Mearns, 1905",1905,gbif
Aethopyga christinae,Aethopyga christinae,"Swinhoe, 1869",1869,gbif
Aethopyga duyvenbodei,Aethopyga duyvenbodei,"(Schlegel, 1871)",1871,gbif
Aethopyga eximia,Aethopyga eximia,"(Horsfield, 1821)",1821,gbif
Aethopyga flagrans,Aethopyga flagrans,"Oustalet, 1876",1876,gbif
Aethopyga gouldiae,Aethopyga gouldiae,"(Vigors, 1831)",1831,gbif
Aethopyga guimarasensis,Aethopyga guimarasensis,"(Steere, 1890)",1890,gbif
Aethopyga ignicauda,Aethopyga ignicauda,"(Hodgson, 1836)",1836,gbif
Aethopyga latouchii,Aethopyga latouchii,"Slater, 1891",1891,gbif
Aethopyga linaraborae,Aethopyga linaraborae,"Kennedy, Gonzales & Miranda, 1997",1997,gbif
Aethopyga magnifica,Aethopyga magnifica,"Sharpe, 1876",1876,gbif
Aethopyga mystacalis,Aethopyga mystacalis,"(Temminck, 1822)",1822,gbif
Aethopyga nipalensis,Aethopyga nipalensis,"(Hodgson, 1836)",1836,gbif
Aethopyga primigenia,Aethopyga primigenia,"(Hachisuka, 1941)",1941,gbif
Aethopyga pulcherrima,Aethopyga pulcherrima,"Sharpe, 1876",1876,gbif
Aethopyga saturata,Aethopyga saturata,"(Hodgson, 1836)",1836,gbif
Aethopyga shelleyi,Aethopyga shelleyi,"Sharpe, 1876",1876,gbif
Aethopyga siparaja,Aethopyga siparaja,"(Raffles, 1822)",1822,gbif
Aethopyga temminckii,Aethopyga temminckii,"(S.Muller, 1843)",1843,gbif
Aethopyga vigorsii,Aethopyga vigorsii,"(Sykes, 1832)",1832,gbif
Anabathmis hartlaubii,Anabathmis hartlaubii,"(Hartlaub, 1857)",1857,gbif
Anabathmis newtonii,Anabathmis newtonii,"(Bocage, 1887)",1887,gbif
Anabathmis reichenbachii,Anabathmis reichenbachii,"(Hartlaub, 1857)",1857,gbif
Anthobaphes violacea,Anthobaphes violacea,"(Linnaeus, 1766)",1766,gbif
Anthreptes anchietae,Anthreptes anchietae,"(Bocage, 1878)",1878,gbif
Anthreptes aurantius,Anthreptes aurantius,"J.Verreaux & E.Verreaux, 1851",1851,gbif
Anthreptes gabonicus,Anthreptes gabonicus,"(Hartlaub, 1861)",1861,gbif
Anthreptes griseigularis,Anthreptes griseigularis,"Tweeddale, 1878",1878,gbif
Anthreptes longuemarei,Anthreptes longuemarei,"(Lesson, 1831)",1831,gbif
Anthreptes malacensis,Anthreptes malacensis,"(Scopoli, 1786)",1786,gbif
Anthreptes neglectus,Anthreptes neglectus,"Neumann, 1922",1922,gbif
Anthreptes orientalis,Anthreptes orientalis,"Hartlaub, 1880",1880,gbif
Anthreptes rectirostris,Anthreptes rectirostris,"(Shaw, 1812)",1812,gbif
Anthreptes reichenowi,Anthreptes reichenowi,"Gunning, 1909",1909,gbif
Anthreptes rhodolaemus,Anthreptes rhodolaemus,"Shelley, 1878",1878,gbif
Anthreptes rubritorques,Anthreptes rubritorques,"Reichenow, 1905",1905,gbif
Anthreptes seimundi,Anthreptes seimundi,"(Ogilvie-Grant, 1908)",1908,gbif
Anthreptes simplex,Anthreptes simplex,"(S.Muller, 1843)",1843,gbif
Anthreptes tephrolaemus,Anthreptes tephrolaemus,"(Jardine & Fraser, 1852)",1852,gbif
Arachnothera affinis,Arachnothera affinis,"(Horsfield, 1821)",1821,gbif
Arachnothera chrysogenys,Arachnothera chrysogenys,"(Temminck, 1826)",1826,gbif
Arachnothera clarae,Arachnothera clarae,"W.Blasius, 1890",1890,gbif
Arachnothera crassirostris,Arachnothera crassirostris,"(Reichenbach, 1853)",1853,gbif
Arachnothera dilutior,Arachnothera dilutior,"Sharpe, 1876",1876,gbif
Arachnothera flammifera,Arachnothera flammifera,"Tweeddale, 1878",1878,gbif
Arachnothera flavigaster,Arachnothera flavigaster,"(Eyton, 1839)",1839,gbif
Arachnothera juliae,Arachnothera juliae,"Sharpe, 1887",1887,gbif
Arachnothera longirostra,Arachnothera longirostra,"(Latham, 1790)",1790,gbif
Arachnothera magna,Arachnothera magna,"(Hodgson, 1836)",1836,gbif
Arachnothera modesta,Arachnothera modesta,"(Eyton, 1839)",1839,gbif
Arachnothera robusta,Arachnothera robusta,"S.Muller & Schlegel, 1845",1845,gbif
Chalcomitra adelberti,Chalcomitra adelberti,"(Gervais, 1834)",1834,gbif
Chalcomitra amethystina,Chalcomitra amethystina,"(Shaw, 1812)",1812,gbif
Chalcomitra balfouri,Chalcomitra balfouri,"(P.L.Sclater & Hartlaub, 1881)",1881,gbif
Chalcomitra fuliginosa,Chalcomitra fuliginosa,"(Bechstein, 1811)",1811,gbif
Chalcomitra hunteri,Chalcomitra hunteri,"(Shelley, 1889)",1889,gbif
Chalcomitra rubescens,Chalcomitra rubescens,"(Vieillot, 1819)",1819,gbif
Chalcomitra senegalensis,Chalcomitra senegalensis,"(Linnaeus, 1766)",1766,gbif
Chalcoparia singalensis,Chalcoparia singalensis,"(Gmelin, 1789)",1789,gbif
Cinnyris afer,Cinnyris afer,"(Linnaeus, 1766)",1766,gbif
Cinnyris asiaticus,Cinnyris asiaticus,"(Latham, 1790)",1790,gbif
Cinnyris batesi,Cinnyris batesi,"Ogilvie-Grant, 1908",1908,gbif
Cinnyris bifasciatus,Cinnyris bifasciatus,"(Shaw, 1812)",1812,gbif
Cinnyris bouvieri,Cinnyris bouvieri,"Shelley, 1877",1877,gbif
Cinnyris buettikoferi,Cinnyris buettikoferi,"Hartert, 1896",1896,gbif
Cinnyris chalcomelas,Cinnyris chalcomelas,"Reichenow, 1905",1905,gbif
Cinnyris chalybeus,Cinnyris chalybeus,"(Linnaeus, 1766)",1766,gbif
Cinnyris chloropygius,Cinnyris chloropygius,"(Jardine, 1842)",1842,gbif
Cinnyris coccinigastrus,Cinnyris coccinigastrus,"(Latham, 1802)",1802,gbif
Cinnyris comorensis,Cinnyris comorensis,"W.Peters, 1864",1864,gbif
Cinnyris congensis,Cinnyris congensis,"(Oort, 1910)",1910,gbif
Cinnyris coquerellii,Cinnyris coquerellii,"(Hartlaub, 1860)",1860,gbif
Cinnyris cupreus,Cinnyris cupreus,"(Shaw, 1812)",1812,gbif
Cinnyris dussumieri,Cinnyris dussumieri,"(Hartlaub, 1861)",1861,gbif
Cinnyris erythrocercus,Cinnyris erythrocercus,"(Hartlaub, 1857)",1857,gbif
Cinnyris fuelleborni,Cinnyris fuelleborni,"Reichenow, 1899",1899,gbif
Cinnyris fuscus,Cinnyris fuscus,"Vieillot, 1819",1819,gbif
Cinnyris gertrudis,Cinnyris gertrudis,"Grote, 1926",1926,gbif
Cinnyris habessinicus,Cinnyris habessinicus,"(Hemprich & Ehrenberg, 1828)",1828,gbif
Cinnyris hellmayri,Cinnyris hellmayri,"Neumann, 1904",1904,gbif
Cinnyris humbloti,Cinnyris humbloti,"Milne-Edwards & Oustalet, 1885",1885,gbif
Cinnyris idenburgi,Cinnyris idenburgi,"(Rand, 1940)",1940,gbif
Cinnyris johannae,Cinnyris johannae,"J.Verreaux & E.Verreaux, 1851",1851,gbif
Cinnyris jugularis,Cinnyris jugularis,"(Linnaeus, 1766)",1766,gbif
Cinnyris lotenius,Cinnyris lotenius,"(Linnaeus, 1766)",1766,gbif
Cinnyris loveridgei,Cinnyris loveridgei,"Hartert, 1922",1922,gbif
Cinnyris ludovicensis,Cinnyris ludovicensis,"(Bocage, 1868)",1868,gbif
Cinnyris manoensis,Cinnyris manoensis,"Reichenow, 1907",1907,gbif
Cinnyris mariquensis,Cinnyris mariquensis,"A.Smith, 1836",1836,gbif
Cinnyris mediocris,Cinnyris mediocris,"Shelley, 1885",1885,gbif
Cinnyris melanogastrus,Cinnyris melanogastrus,"(Fischer & Reichenow, 1884)",1884,gbif
Cinnyris minullus,Cinnyris minullus,"Reichenow, 1899",1899,gbif
Cinnyris moebii,Cinnyris moebii,"(Reichenow, 1887)",1887,gbif
Cinnyris moreaui,Cinnyris moreaui,"W.L.Sclater, 1933",1933,gbif
Cinnyris nectarinioides,Cinnyris nectarinioides,"Richmond, 1897",1897,gbif
Cinnyris neergaardi,Cinnyris neergaardi,"Grant, 1908",1908,gbif
Cinnyris notatus,Cinnyris notatus,"(Statius Muller, 1776)",1776,gbif
Cinnyris osea,Cinnyris osea,"Bonaparte, 1856",1856,gbif
Cinnyris oustaleti,Cinnyris oustaleti,"(Bocage, 1878)",1878,gbif
Cinnyris pembae,Cinnyris pembae,"Reichenow, 1905",1905,gbif
Cinnyris prigoginei,Cinnyris prigoginei,"Macdonald, 1958",1958,gbif
Cinnyris pulchellus,Cinnyris pulchellus,"(Linnaeus, 1766)",1766,gbif
Cinnyris regius,Cinnyris regius,"Reichenow, 1893",1893,gbif
Cinnyris reichenowi,Cinnyris reichenowi,"Sharpe, 1891",1891,gbif
Cinnyris rockefelleri,Cinnyris rockefelleri,"Chapin, 1932",1932,gbif
Cinnyris rufipennis,Cinnyris rufipennis,"(Jensen, 1983)",1983,gbif
Cinnyris shelleyi,Cinnyris shelleyi,"Alexander, 1899",1899,gbif
Cinnyris solaris,Cinnyris solaris,"(Temminck, 1825)",1825,gbif
Cinnyris sovimanga,Cinnyris sovimanga,"(Gmelin, 1788)",1788,gbif
Cinnyris stuhlmanni,Cinnyris stuhlmanni,"Reichenow, 1893",1893,gbif
Cinnyris superbus,Cinnyris superbus,"(Shaw, 1812)",1812,gbif
Cinnyris talatala,Cinnyris talatala,"A.Smith, 1836",1836,gbif
Cinnyris tsavoensis,Cinnyris tsavoensis,"Someren, 1922",1922,gbif
Cinnyris ursulae,Cinnyris ursulae,"(Alexander, 1903)",1903,gbif
Cinnyris usambaricus,Cinnyris usambaricus,"Grote, 1922",1922,gbif
Cinnyris venustus,Cinnyris venustus,"(Shaw, 1799)",1799,gbif
Cinnyris voeltzkowi,Cinnyris voeltzkowi,"(Reichenow, 1905)",1905,gbif
Cyanomitra alinae,Cyanomitra alinae,"Jackson, 1904",1904,gbif
Cyanomitra bannermani,Cyanomitra bannermani,"Grant & Mackworth-Praed, 1943",1943,gbif
Cyanomitra cyanolaema,Cyanomitra cyanolaema,"(Jardine & Fraser, 1852)",1852,gbif
Cyanomitra olivacea,Cyanomitra olivacea,"(A.Smith, 1840)",1840,gbif
Cyanomitra oritis,Cyanomitra oritis,"(Reichenow, 1892)",1892,gbif
Cyanomitra verreauxii,Cyanomitra verreauxii,"(Smith, 1831)",1831,gbif
Cyanomitra verticalis,Cyanomitra verticalis,"(Latham, 1790)",1790,gbif
Deleornis axillaris,Deleornis axillaris,"(Reichenow, 1893)",1893,gbif
Deleornis fraseri,Deleornis fraseri,"(Jardine & Selby, 1843)",1843,gbif
Drepanorhynchus reichenowi,Drepanorhynchus reichenowi,"Fischer, 1884",1884,gbif
Dreptes thomensis,Dreptes thomensis,"(Bocage, 1889)",1889,gbif
Hedydipna collaris,Hedydipna collaris,"(Vieillot, 1819)",1819,gbif
Hedydipna metallica,Hedydipna metallica,"(Lichtenstein, 1823)",1823,gbif
Hedydipna pallidigaster,Hedydipna pallidigaster,"(W.L.Sclater & Moreau, 1935)",1935,gbif
Hedydipna platura,Hedydipna platura,"(Vieillot, 1819)",1819,gbif
Kurochkinegramma hypogrammica,,,,none
Leptocoma aspasia,Leptocoma aspasia,"(R.P.Lesson & Garnot, 1828)",1828,gbif
Leptocoma brasiliana,Leptocoma brasiliana,"(Gmelin, 1788)",1788,gbif
Leptocoma calcostetha,Leptocoma calcostetha,"(Jardine, 1843)",1843,gbif
Leptocoma juliae,Leptocoma juliae,"(Tweeddale, 1877)",1877,gbif
Leptocoma minima,Leptocoma minima,"(Sykes, 1832)",1832,gbif
Leptocoma sperata,Leptocoma sperata,"(Linnaeus, 1766)",1766,gbif
Leptocoma zeylonica,Leptocoma zeylonica,"(Linnaeus, 1766)",1766,gbif
Nectarinia bocagii,Nectarinia bocagii,"Shelley, 1879",1879,gbif
Nectarinia famosa,Nectarinia famosa,"(Linnaeus, 1766)",1766,gbif
Nectarinia johnstoni,Nectarinia johnstoni,"Shelley, 1885",1885,gbif
Nectarinia kilimensis,Nectarinia kilimensis,"Shelley, 1885",1885,gbif
Nectarinia purpureiventris,Nectarinia purpureiventris,"(Reichenow, 1893)",1893,gbif
Nectarinia tacazze,Nectarinia tacazze,"(Stanley, 1814)",1814,gbif
Daphoenositta chrysoptera,Daphoenositta chrysoptera,"(Latham, 1802)",1802,gbif
Daphoenositta miranda,Daphoenositta miranda,"De Vis, 1897",1897,gbif
Daphoenositta papuensis,Daphoenositta papuensis,"(Schlegel, 1871)",1871,gbif
Nesospingus speculiferus,Nesospingus speculiferus,"(Lawrence, 1875)",1875,gbif
Nicator chloris,Nicator chloris,"(Valenciennes, 1826)",1826,gbif
Nicator gularis,Nicator gularis,"Hartlaub & Finsch, 1870",1870,gbif
Nicator vireo,Nicator vireo,"Cabanis, 1876",1876,gbif
Notiomystis cincta,Notiomystis cincta,"(Du Bus de Gisignies, 1839)",1839,gbif
Aleadryas rufinucha,Aleadryas rufinucha,"(P.L.Sclater, 1874)",1874,gbif
Oreoica gutturalis,Oreoica gutturalis,"(Vigors & Horsfield, 1827)",1827,gbif
Ornorectes cristatus,Ornorectes cristatus,"(Salvadori, 1876)",1876,gbif
Oriolus albiloris,Oriolus albiloris,"Ogilvie-Grant, 1894",1894,gbif
Oriolus auratus,Oriolus auratus,"Vieillot, 1817",1817,gbif
Oriolus bouroensis,Oriolus bouroensis,"(Quoy & Gaimard, 1830)",1830,gbif
Oriolus brachyrynchus,Oriolus brachyrynchus,"Swainson, 1837",1837,gbif
Oriolus chinensis,Oriolus chinensis,"Linnaeus, 1766",1766,gbif
Oriolus chlorocephalus,Oriolus chlorocephalus,"Shelley, 1896",1896,gbif
Oriolus consanguineus,Oriolus consanguineus,"(R.G.Wardlaw-Ramsay, 1881)",1881,gbif
Oriolus crassirostris,Oriolus crassirostris,"Hartlaub, 1857",1857,gbif
Oriolus cruentus,Oriolus cruentus,"(Wagler, 1827)",1827,gbif
Oriolus decipiens,Oriolus decipiens,"(P.L.Sclater, 1883)",1883,gbif
Oriolus finschi,Oriolus finschi,"Hartert & Ejo, 1904",1904,gbif
Oriolus flavocinctus,Oriolus flavocinctus,"(King, 1826)",1826,gbif
Oriolus forsteni,Oriolus forsteni,"(Bonaparte, 1850)",1850,gbif
Oriolus hosii,Oriolus hosii,"Sharpe, 1892",1892,gbif
Oriolus isabellae,Oriolus isabellae,"Ogilvie-Grant, 1894",1894,gbif
Oriolus kundoo,Oriolus kundoo,"Sykes, 1832",1832,gbif
Oriolus larvatus,Oriolus larvatus,"Lichtenstein, 1823",1823,gbif
Oriolus melanotis,Oriolus melanotis,"(Bonaparte, 1850)",1850,gbif
Oriolus mellianus,Oriolus mellianus,"Stresemann, 1922",1922,gbif
Oriolus monacha,Oriolus monacha,"(Gmelin, 1789)",1789,gbif
Oriolus nigripennis,Oriolus nigripennis,"J.Verreaux & E.Verreaux, 1855",1855,gbif
Oriolus oriolus,Oriolus oriolus,"(Linnaeus, 1758)",1758,gbif
Oriolus percivali,Oriolus percivali,"Ogilvie-Grant, 1903",1903,gbif
Oriolus phaeochromus,Oriolus phaeochromus,"G.R.Gray, 1861",1861,gbif
Oriolus sagittatus,Oriolus sagittatus,"(Latham, 1802)",1802,gbif
Oriolus steerii,Oriolus steerii,"Sharpe, 1877",1877,gbif
Oriolus szalayi,Oriolus szalayi,"(Madarász, 1900)",1900,gbif
Oriolus tenuirostris,Oriolus tenuirostris,"Blyth, 1846",1846,gbif
Oriolus traillii,Oriolus traillii,"(Vigors, 1832)",1832,gbif
Oriolus xanthonotus,Oriolus xanthonotus,"Horsfield, 1821",1821,gbif
Oriolus xanthornus,Oriolus xanthornus,"(Linnaeus, 1758)",1758,gbif
Pitohui cerviniventris,Pitohui cerviniventris,"(G.R.Gray, 1862)",1862,gbif
Pitohui dichrous,Pitohui dichrous,"(Bonaparte, 1850)",1850,gbif
Pitohui kirhocephalus,Pitohui kirhocephalus,"(Lesson & Garnot, 1827)",1827,gbif
Pitohui uropygialis,Pitohui uropygialis,"(G.R.Gray, 1862)",1862,gbif
Sphecotheres hypoleucus,Sphecotheres hypoleucus,"Finsch, 1898",1898,gbif
Sphecotheres vieilloti,Sphecotheres vieilloti,"Vigors & Horsfield, 1827",1827,gbif
Sphecotheres viridis,Sphecotheres viridis,"Vieillot, 1816",1816,gbif
Orthonyx novaeguineae,Orthonyx novaeguineae,"A.B.Meyer, 1874",1874,gbif
Orthonyx spaldingii,Orthonyx spaldingii,"E.P.Ramsay, 1868",1868,gbif
Orthonyx temminckii,Orthonyx temminckii,"Ranzani, 1822",1822,gbif
Colluricincla boweri,Colluricincla boweri,"E.P.Ramsay, 1885",1885,gbif
Colluricincla harmonica,Colluricincla harmonica,"(Latham, 1802)",1802,gbif
Colluricincla megarhyncha,Colluricincla megarhyncha,"(Quoy & Gaimard, 1830)",1830,gbif
Colluricincla tenebrosa,Colluricincla tenebrosa,"(Rothschild, 1911)",1911,gbif
Colluricincla woodwardi,Colluricincla woodwardi,"Hartert, 1905",1905,gbif
Coracornis raveni,Coracornis raveni,"Riley, 1918",1918,gbif
Coracornis sanghirensis,Coracornis sanghirensis,"(Oustalet, 1881)",1881,gbif
Melanorectes nigrescens,Melanorectes nigrescens,"(Schlegel, 1871)",1871,gbif
Pachycephala albiventris,Pachycephala albiventris,"(Ogilvie-Grant, 1894)",1894,gbif
Pachycephala arctitorquis,Pachycephala arctitorquis,"P.L.Sclater, 1883",1883,gbif
Pachycephala aurea,Pachycephala aurea,"Reichenow, 1899",1899,gbif
Pachycephala caledonica,Pachycephala caledonica,"(Gmelin, 1789)",1789,gbif
Pachycephala cinerea,Pachycephala cinerea,"(Blyth, 1847)",1847,gbif
Pachycephala feminina,Pachycephala feminina,"Mayr, 1931",1931,gbif
Pachycephala flavifrons,Pachycephala flavifrons,"(Peale, 1848)",1848,gbif
Pachycephala fulvotincta,Pachycephala fulvotincta,"Wallace, 1864",1864,gbif
Pachycephala griseiceps,Pachycephala griseiceps,"G.R.Gray, 1858",1858,gbif
Pachycephala griseonota,Pachycephala griseonota,"G.R.Gray, 1862",1862,gbif
Pachycephala homeyeri,Pachycephala homeyeri,"(W.Blasius, 1890)",1890,gbif
Pachycephala hyperythra,Pachycephala hyperythra,"Salvadori, 1876",1876,gbif
Pachycephala hypoxantha,Pachycephala hypoxantha,"(Sharpe, 1887)",1887,gbif
Pachycephala implicata,Pachycephala implicata,"Hartert, 1929",1929,gbif
Pachycephala inornata,Pachycephala inornata,"Gould, 1841",1841,gbif
Pachycephala jacquinoti,Pachycephala jacquinoti,"Bonaparte, 1850",1850,gbif
Pachycephala lanioides,Pachycephala lanioides,"Gould, 1840",1840,gbif
Pachycephala leucogastra,Pachycephala leucogastra,"Salvadori & Albertis, 1875",1875,gbif
Pachycephala lorentzi,Pachycephala lorentzi,"Mayr, 1931",1931,gbif
Pachycephala melanura,Pachycephala melanura,"Gould, 1843",1843,gbif
Pachycephala mentalis,Pachycephala mentalis,"Wallace, 1863",1863,gbif
Pachycephala meyeri,Pachycephala meyeri,"Salvadori, 1890",1890,gbif
Pachycephala modesta,Pachycephala modesta,"(De Vis, 1894)",1894,gbif
Pachycephala monacha,Pachycephala monacha,"G.R.Gray, 1858",1858,gbif
Pachycephala nudigula,Pachycephala nudigula,"Hartert, 1897",1897,gbif
Pachycephala olivacea,Pachycephala olivacea,"Vigors & Horsfield, 1827",1827,gbif
Pachycephala orioloides,Pachycephala orioloides,"Pucheran, 1853",1853,gbif
Pachycephala orpheus,Pachycephala orpheus,"Jardine, 1849",1849,gbif
Pachycephala par,Pachycephala par,"Hartert, 1904",1904,gbif
Pachycephala pectoralis,Pachycephala pectoralis,"(Latham, 1802)",1802,gbif
Pachycephala phaionota,Pachycephala phaionota,"(Bonaparte, 1850)",1850,gbif
Pachycephala philippinensis,Pachycephala philippinensis,"(Walden, 1872)",1872,gbif
Pachycephala richardsi,Pachycephala richardsi,"Mayr, 1932",1932,gbif
Pachycephala rufiventris,Pachycephala rufiventris,"(Latham, 1802)",1802,gbif
Pachycephala rufogularis,Pachycephala rufogularis,"Gould, 1841",1841,gbif
Pachycephala schlegelii,Pachycephala schlegelii,"Schlegel, 1871",1871,gbif
Pachycephala simplex,Pachycephala simplex,"Gould, 1843",1843,gbif
Pachycephala soror,Pachycephala soror,"P.L.Sclater, 1874",1874,gbif
Pachycephala sulfuriventer,Pachycephala sulfuriventer,"(Walden, 1872)",1872,gbif
Pachycephala tenebrosa,Pachycephala tenebrosa,"(Hartlaub & Finsch, 1868)",1868,gbif
Pachycephala teysmanni,Pachycephala teysmanni,"Büttikofer, 1893",1893,gbif
Pachycephala vitiensis,Pachycephala vitiensis,"G.R.Gray, 1860",1860,gbif
Pseudorectes ferrugineus,Pseudorectes ferrugineus,"(Bonaparte, 1850)",1850,gbif
Pseudorectes incertus,Pseudorectes incertus,"(Oort, 1909)",1909,gbif
Panurus biarmicus,Panurus biarmicus,"(Linnaeus, 1758)",1758,gbif
Astrapia mayeri,Astrapia mayeri,"Stonor, 1939",1939,gbif
Astrapia nigra,Astrapia nigra,"(Gmelin, 1788)",1788,gbif
Astrapia rothschildi,Astrapia rothschildi,"Foerster, 1906",1906,gbif
Astrapia splendidissima,Astrapia splendidissima,"Rothschild, 1895",1895,gbif
Astrapia stephaniae,Astrapia stephaniae,"(Finsch & A.B.Meyer, 1885)",1885,gbif
Cicinnurus magnificus,Cicinnurus magnificus,"(Pennant, 1781)",1781,gbif
Cicinnurus regius,Cicinnurus regius,"(Linnaeus, 1758)",1758,gbif
Cicinnurus respublica,Cicinnurus respublica,"(Bonaparte, 1850)",1850,gbif
Drepanornis albertisi,Drepanornis albertisi,"(P.L.Sclater, 1873)",1873,gbif
Drepanornis bruijnii,Drepanornis bruijnii,"Oustalet, 1879",1879,gbif
Epimachus fastosus,Epimachus fastosus,"(Hermann, 1783)",1783,gbif
Epimachus meyeri,Epimachus meyeri,"Finsch & A.B.Meyer, 1885",1885,gbif
Lophorina feminina,Lophorina feminina,"Ogilvie-Grant, 1915",1915,gbif
Lophorina intercedens,Lophorina intercedens,"(Sharpe, 1882)",1882,gbif
Lophorina magnifica,Lophorina magnifica,"(Vieillot, 1819)",1819,gbif
Lophorina minor,Lophorina minor,"E.P.Ramsay, 1885",1885,gbif
Lophorina paradisea,Lophorina paradisea,"(Swainson, 1825)",1825,gbif
Lophorina superba,Lophorina superba,"(J.R.Forster, 1781)",1781,gbif
Lophorina victoriae,Lophorina victoriae,"(Gould, 1850)",1850,gbif
Lycocorax obiensis,Lycocorax obiensis,"Bernstein, 1865",1865,gbif
Lycocorax pyrrhopterus,Lycocorax pyrrhopterus,"(Bonaparte, 1850)",1850,gbif
Manucodia ater,Manucodia ater,"(Lesson, 1830)",1830,gbif
Manucodia chalybatus,Manucodia chalybatus,"(J.R.Forster, 1781)",1781,gbif
Manucodia comrii,Manucodia comrii,"P.L.Sclater, 1876",1876,gbif
Manucodia jobiensis,Manucodia jobiensis,"Salvadori, 1876",1876,gbif
Paradigalla brevicauda,Paradigalla brevicauda,"Rothschild & Hartert, 1911",1911,gbif
Paradigalla carunculata,Paradigalla carunculata,"Lesson, 1835",1835,gbif
Paradisaea apoda,Paradisaea apoda,"Linnaeus, 1758",1758,gbif
Paradisaea decora,Paradisaea decora,"Salvin & Godman, 1883",1883,gbif
Paradisaea guilielmi,Paradisaea guilielmi,"Cabanis, 1888",1888,gbif
Paradisaea minor,Paradisaea minor,"Shaw, 1809",1809,gbif
Paradisaea raggiana,Paradisaea raggiana,"P.L.Sclater, 1873",1873,gbif
Paradisaea rubra,Paradisaea rubra,"Daudin, 1800",1800,gbif
Paradisornis rudolphi,Paradisornis rudolphi,"Finsch, Meyer & AB, 1886",1886,gbif
Parotia berlepschi,Parotia berlepschi,"O.Kleinschmidt, 1897",1897,gbif
Parotia carolae,Parotia carolae,"A.B.Meyer, 1894",1894,gbif
Parotia lawesii,Parotia lawesii,"E.P.Ramsay, 1885",1885,gbif
Parotia sefilata,Parotia sefilata,"(J.R.Forster, 1781)",1781,gbif
Parotia wahnesi,Parotia wahnesi,"Rothschild, 1906",1906,gbif
Phonygammus keraudrenii,Phonygammus keraudrenii,"(Lesson & Garnot, 1826)",1826,gbif
Pteridophora alberti,Pteridophora alberti,"A.B.Meyer, 1894",1894,gbif
Seleucidis melanoleucus,Seleucidis melanoleucus,"(Daudin, 1800)",1800,gbif
Semioptera wallacii,Semioptera wallacii,"G.R.Gray, 1859",1859,gbif
Oreocharis arfaki,Oreocharis arfaki,"(A.B.Meyer, 1875)",1875,gbif
Paramythia montium,Paramythia montium,"De Vis, 1892",1892,gbif
Paramythia olivacea,Paramythia olivacea,"van Oort, 1910",1910,gbif
Pardalotus punctatus,Pardalotus punctatus,"(Shaw, 1792)",1792,gbif
Pardalotus quadragintus,Pardalotus quadragintus,"Gould, 1838",1838,gbif
Pardalotus rubricatus,Pardalotus rubricatus,"Gould, 1838",1838,gbif
Pardalotus striatus,Pardalotus striatus,"(Gmelin, 1789)",1789,gbif
Baeolophus atricristatus,Baeolophus atricristatus,"(Cassin, 1850)",1850,gbif
Baeolophus bicolor,Baeolophus bicolor,"(Linnaeus, 1766)",1766,gbif
Baeolophus inornatus,Baeolophus inornatus,"(Gambel, 1845)",1845,gbif
Baeolophus ridgwayi,Baeolophus ridgwayi,"(Richmond, 1902)",1902,gbif
Baeolophus wollweberi,Baeolophus wollweberi,"(Bonaparte, 1850)",1850,gbif
Cephalopyrus flammiceps,Cephalopyrus flammiceps,"(Burton, 1836)",1836,gbif
Cyanistes caeruleus,Cyanistes caeruleus,"(Linnaeus, 1758)",1758,gbif
Cyanistes cyanus,Cyanistes cyanus,"(Pallas, 1770)",1770,gbif
Cyanistes teneriffae,Cyanistes teneriffae,"(Lesson, 1831)",1831,gbif
Lophophanes cristatus,Lophophanes cristatus,"(Linnaeus, 1758)",1758,gbif
Lophophanes dichrous,Lophophanes dichrous,"(Blyth, 1845)",1845,gbif
Machlolophus holsti,Machlolophus holsti,"(Seebohm, 1894)",1894,gbif
Machlolophus nuchalis,Machlolophus nuchalis,"(Jerdon, 1845)",1845,gbif
Machlolophus spilonotus,Machlolophus spilonotus,"(Bonaparte, 1850)",1850,gbif
Machlolophus xanthogenys,Machlolophus xanthogenys,"(Vigors, 1831)",1831,gbif
Melaniparus afer,Melaniparus afer,"(J.F.Gmelin, 1789)",1789,gbif
Melaniparus albiventris,Melaniparus albiventris,"(Shelley, 1881)",1881,gbif
Melaniparus carpi,Melaniparus carpi,"(Macdonald, Hall & BP, 1957)",1957,gbif
Melaniparus cinerascens,Melaniparus cinerascens,"(Vieillot, 1818)",1818,gbif
Melaniparus fasciiventer,Melaniparus fasciiventer,"(Reichenow, 1893)",1893,gbif
Melaniparus fringillinus,Melaniparus fringillinus,"(G.A.Fischer & Reichenow, 1884)",1884,gbif
Melaniparus funereus,Melaniparus funereus,"J.Verreaux & É.Verreaux, 1855",1855,gbif
Melaniparus griseiventris,Melaniparus griseiventris,"(Reichenow, 1882)",1882,gbif
Melaniparus guineensis,Melaniparus guineensis,"(Shelley, 1900)",1900,gbif
Melaniparus leucomelas,Melaniparus leucomelas,"(Rüppell, 1840)",1840,gbif
Melaniparus leuconotus,Melaniparus leuconotus,"(Guérin-Méneville, 1843)",1843,gbif
Melaniparus niger,Melaniparus niger,"(Vieillot, 1818)",1818,gbif
Melaniparus pallidiventris,Melaniparus pallidiventris,"(Reichenow, 1885)",1885,gbif
Melaniparus rufiventris,Melaniparus rufiventris,"(Barboza du Bocage, 1877)",1877,gbif
Melaniparus thruppi,Melaniparus thruppi,"(Shelley, 1885)",1885,gbif
Melanochlora sultanea,Melanochlora sultanea,"(Hodgson, 1837)",1837,gbif
Pardaliparus amabilis,Pardaliparus amabilis,"(Sharpe, 1877)",1877,gbif
Pardaliparus elegans,Pardaliparus elegans,"(R.P.Lesson, 1831)",1831,gbif
Pardaliparus venustulus,Pardaliparus venustulus,"(Swinhoe, 1870)",1870,gbif
Parus major,Parus major,"Linnaeus, 1758",1758,gbif
Parus monticolus,Parus monticolus,"Vigors, 1831",1831,gbif
Periparus ater,Periparus ater,"(Linnaeus, 1758)",1758,gbif
Periparus rubidiventris,Periparus rubidiventris,"(Blyth, 1847)",1847,gbif
Periparus rufonuchalis,Periparus rufonuchalis,"(Blyth, 1849)",1849,gbif
Poecile atricapillus,Poecile atricapillus,"(Linnaeus, 1766)",1766,gbif
Poecile carolinensis,Poecile carolinensis,"(Audubon, 1834)",1834,gbif
Poecile cinctus,Poecile cinctus,"(Boddaert, 1783)",1783,gbif
Poecile davidi,Poecile davidi,"Berezowski & Bianchi, 1891",1891,gbif
Poecile gambeli,Poecile gambeli,"(Ridgway, 1886)",1886,gbif
Poecile hudsonicus,Poecile hudsonicus,"(J.R.Forster, 1772)",1772,gbif
Poecile hypermelaenus,Poecile hypermelaenus,"Berezowski & Bianchi, 1891",1891,gbif
Poecile hyrcanus,Poecile hyrcanus,"Zarudny & Loudon, 1905",1905,gbif
Poecile lugubris,Poecile lugubris,"(Temminck, 1820)",1820,gbif
Poecile montanus,Poecile montanus,"(Conrad von Baldenstein, 1827)",1827,gbif
Poecile palustris,Poecile palustris,"(Linnaeus, 1758)",1758,gbif
Poecile rufescens,Poecile rufescens,"(J.K.Townsend, 1837)",1837,gbif
Poecile sclateri,Poecile sclateri,"(O.Kleinschmidt, 1897)",1897,gbif
Poecile superciliosus,Poecile superciliosus,"Prjevalsky, 1876",1876,gbif
Poecile weigoldicus,Poecile weigoldicus,"(O.Kleinschmidt & Weigold, 1921)",1921,gbif
Pseudopodoces humilis,Pseudopodoces humilis,"(Hume, 1871)",1871,gbif
Sittiparus castaneoventris,Sittiparus castaneoventris,"(Gould, 1863)",1863,gbif
Sittiparus olivaceus,Sittiparus olivaceus,"Kuroda & Nm, 1923",1923,gbif
Sittiparus owstoni,Sittiparus owstoni,"(Ijima, 1893)",1893,gbif
Sittiparus semilarvatus,Sittiparus semilarvatus,"(Salvadori, 1866)",1866,gbif
Sittiparus varius,Sittiparus varius,"(Temminck & Schlegel, 1847)",1847,gbif
Sylviparus modestus,Sylviparus modestus,"Burton, 1836",1836,gbif
Basileuterus auricapilla,Basileuterus auricapilla,"Swainson, 1838",1838,gbif
Basileuterus belli,Basileuterus belli,"(Giraud Jr, 1841)",1841,gbif
Basileuterus cabanisi,Basileuterus cabanisi,"von Berlepsch, 1879",1879,gbif
Basileuterus culicivorus,Basileuterus culicivorus,"(Deppe, 1830)",1830,gbif
Basileuterus griseiceps,Basileuterus griseiceps,"P.L.Sclater & Salvin, 1868",1868,gbif
Basileuterus hypoleucus,Basileuterus hypoleucus,"Bonaparte, 1850",1850,gbif
Basileuterus ignotus,Basileuterus ignotus,"Nelson, 1912",1912,gbif
Basileuterus lachrymosus,Basileuterus lachrymosus,"(Bonaparte, 1850)",1850,gbif
Basileuterus melanogenys,Basileuterus melanogenys,"S.F.Baird, 1865",1865,gbif
Basileuterus rufifrons,Basileuterus rufifrons,"(Swainson, 1838)",1838,gbif
Basileuterus trifasciatus,Basileuterus trifasciatus,"Taczanowski, 1880",1880,gbif
Basileuterus tristriatus,Basileuterus tristriatus,"(Tschudi, 1844)",1844,gbif
Cardellina canadensis,Cardellina canadensis,"(Linnaeus, 1766)",1766,gbif
Cardellina pusilla,Cardellina pusilla,"(A.Wilson, 1811)",1811,gbif
Cardellina rubra,Cardellina rubra,"(Swainson, 1827)",1827,gbif
Cardellina rubrifrons,Cardellina rubrifrons,"(Giraud Jr, 1841)",1841,gbif
Cardellina versicolor,Cardellina versicolor,"Salvin, 1863",1863,gbif
Catharopeza bishopi,Catharopeza bishopi,"(Lawrence, 1878)",1878,gbif
Geothlypis aequinoctialis,Geothlypis aequinoctialis,"(J.F.Gmelin, 1789)",1789,gbif
Geothlypis auricularis,Geothlypis auricularis,"Salvin, 1883",1883,gbif
Geothlypis bairdi,Geothlypis bairdi,"Ridgway, 1884",1884,gbif
Geothlypis beldingi,Geothlypis beldingi,"Ridgway, 1882",1882,gbif
Geothlypis chiriquensis,Geothlypis chiriquensis,"Salvin, 1872",1872,gbif
Geothlypis flavovelata,Geothlypis flavovelata,"Ridgway, 1896",1896,gbif
Geothlypis formosa,Geothlypis formosa,"(A.Wilson, 1811)",1811,gbif
Geothlypis nelsoni,Geothlypis nelsoni,"Richmond, 1900",1900,gbif
Geothlypis philadelphia,Geothlypis philadelphia,"(A.Wilson, 1810)",1810,gbif
Geothlypis poliocephala,Geothlypis poliocephala,"S.F.Baird, 1865",1865,gbif
Geothlypis rostrata,Geothlypis rostrata,"H.Bryant, 1867",1867,gbif
Geothlypis semiflava,Geothlypis semiflava,"P.L.Sclater, 1860",1860,gbif
Geothlypis speciosa,Geothlypis speciosa,"P.L.Sclater, 1859",1859,gbif
Geothlypis tolmiei,Geothlypis tolmiei,"(J.K.Townsend, 1839)",1839,gbif
Geothlypis trichas,Geothlypis trichas,"(Linnaeus, 1766)",1766,gbif
Helmitheros vermivorum,Helmitheros vermivorum,"(J.F.Gmelin, 1789)",1789,gbif
Leiothlypis celata,Leiothlypis celata,"(Say, 1822)",1822,gbif
Leiothlypis crissalis,Leiothlypis crissalis,"(Salvin & Godman, 1889)",1889,gbif
Leiothlypis luciae,Leiothlypis luciae,"(J.G.Cooper, 1861)",1861,gbif
Leiothlypis peregrina,Leiothlypis peregrina,"(A.Wilson, 1811)",1811,gbif
Leiothlypis ruficapilla,Leiothlypis ruficapilla,"(A.Wilson, 1811)",1811,gbif
Leiothlypis virginiae,Leiothlypis virginiae,"(S.F.Baird, 1860)",1860,gbif
Leucopeza semperi,Leucopeza semperi,"P.L.Sclater, 1876",1876,gbif
Limnothlypis swainsonii,Limnothlypis swainsonii,"(Audubon, 1834)",1834,gbif
Mniotilta varia,Mniotilta varia,"(Linnaeus, 1766)",1766,gbif
Myioborus albifacies,Myioborus albifacies,"Phelps & Phelps Jr, 1946",1946,gbif
Myioborus albifrons,Myioborus albifrons,"(P.L.Sclater & Salvin, 1871)",1871,gbif
Myioborus brunniceps,Myioborus brunniceps,"(d'Orbigny & Lafresnaye, 1837)",1837,gbif
Myioborus cardonai,Myioborus cardonai,"J.T.Zimmer & Phelps, 1945",1945,gbif
Myioborus castaneocapilla,Myioborus castaneocapilla,"(Cabanis, 1849)",1849,gbif
Myioborus chrysops,Myioborus chrysops,"Salvin, 1878",1878,gbif
Myioborus flavivertex,Myioborus flavivertex,"(Salvin, 1887)",1887,gbif
Myioborus melanocephalus,Myioborus melanocephalus,"(Tschudi, 1844)",1844,gbif
Myioborus miniatus,Myioborus miniatus,"(Swainson, 1827)",1827,gbif
Myioborus ornatus,Myioborus ornatus,"(Boissonneau, 1840)",1840,gbif
Myioborus pariae,Myioborus pariae,"Phelps & Phelps Jr, 1949",1949,gbif
Myioborus pictus,Myioborus pictus,"(Swainson, 1829)",1829,gbif
Myioborus torquatus,Myioborus torquatus,"(S.F.Baird, 1865)",1865,gbif
Myiothlypis basilica,Myiothlypis basilica,"(Todd, 1913)",1913,gbif
Myiothlypis bivittata,Myiothlypis bivittata,"(d'Orbigny & Lafresnaye, 1837)",1837,gbif
Myiothlypis chlorophrys,Myiothlypis chlorophrys,"(von Berlepsch, 1907)",1907,gbif
Myiothlypis chrysogaster,Myiothlypis chrysogaster,"(Tschudi, 1844)",1844,gbif
Myiothlypis cinereicollis,Myiothlypis cinereicollis,"(P.L.Sclater, 1864)",1864,gbif
Myiothlypis conspicillata,Myiothlypis conspicillata,"(Salvin & Godman, 1880)",1880,gbif
Myiothlypis coronata,Myiothlypis coronata,"(Tschudi, 1844)",1844,gbif
Myiothlypis euophrys,Myiothlypis euophrys,"(Sclater & Salvin, 1876)",1876,gbif
Myiothlypis flaveola,Myiothlypis flaveola,"S.F.Baird, 1865",1865,gbif
Myiothlypis fraseri,Myiothlypis fraseri,"(P.L.Sclater, 1884)",1884,gbif
Myiothlypis fulvicauda,Myiothlypis fulvicauda,"(von Spix, 1825)",1825,gbif
Myiothlypis leucoblephara,Myiothlypis leucoblephara,"(Vieillot, 1817)",1817,gbif
Myiothlypis leucophrys,Myiothlypis leucophrys,"(Pelzeln, 1868)",1868,gbif
Myiothlypis luteoviridis,Myiothlypis luteoviridis,"(Bonaparte, 1845)",1845,gbif
Myiothlypis mesoleuca,Myiothlypis mesoleuca,"(Sclater, 1865)",1865,gbif
Myiothlypis nigrocristata,Myiothlypis nigrocristata,"(Lafresnaye, 1840)",1840,gbif
Myiothlypis rivularis,Myiothlypis rivularis,"(zu Wied-Neuwied, 1821)",1821,gbif
Myiothlypis roraimae,Myiothlypis roraimae,"(Sharpe, 1885)",1885,gbif
Myiothlypis signata,Myiothlypis signata,"(von Berlepsch & Stolzmann, 1906)",1906,gbif
Myiothlypis striaticeps,Myiothlypis striaticeps,"(Cabanis, 1873)",1873,gbif
Oporornis agilis,Oporornis agilis,"(A.Wilson, 1812)",1812,gbif
Oreothlypis gutturalis,Oreothlypis gutturalis,"(Cabanis, 1861)",1861,gbif
Oreothlypis superciliosa,Oreothlypis superciliosa,"(Hartlaub, 1844)",1844,gbif
Parkesia motacilla,Parkesia motacilla,"(Vieillot, 1809)",1809,gbif
Parkesia noveboracensis,Parkesia noveboracensis,"(J.F.Gmelin, 1789)",1789,gbif
Protonotaria citrea,Protonotaria citrea,"(Boddaert, 1783)",1783,gbif
Seiurus aurocapilla,Seiurus aurocapilla,"(Linnaeus, 1766)",1766,gbif
Setophaga adelaidae,Setophaga adelaidae,"(S.F.Baird, 1865)",1865,gbif
Setophaga americana,Setophaga americana,"(Linnaeus, 1758)",1758,gbif
Setophaga angelae,Setophaga angelae,"(Kepler & Parkes, 1972)",1972,gbif
Setophaga auduboni,Setophaga auduboni,"(J.K.Townsend, 1837)",1837,gbif
Setophaga caerulescens,Setophaga caerulescens,"(J.F.Gmelin, 1789)",1789,gbif
Setophaga castanea,Setophaga castanea,"(A.Wilson, 1810)",1810,gbif
Setophaga cerulea,Setophaga cerulea,"(A.Wilson, 1810)",1810,gbif
Setophaga chrysoparia,Setophaga chrysoparia,"(P.L.Sclater & Salvin, 1860)",1860,gbif
Setophaga citrina,Setophaga citrina,"(Boddaert, 1783)",1783,gbif
Setophaga coronata,Setophaga coronata,"(Linnaeus, 1766)",1766,gbif
Setophaga delicata,Setophaga delicata,"(Ridgway, 1883)",1883,gbif
Setophaga discolor,Setophaga discolor,"(Vieillot, 1809)",1809,gbif
Setophaga dominica,Setophaga dominica,"(Linnaeus, 1766)",1766,gbif
Setophaga flavescens,Setophaga flavescens,"(Todd, 1909)",1909,gbif
Setophaga fusca,Setophaga fusca,"(Statius Müller, 1776)",1776,gbif
Setophaga graciae,Setophaga graciae,"(S.F.Baird, 1865)",1865,gbif
Setophaga graysoni,Setophaga graysoni,"(Ridgway, 1887)",1887,gbif
Setophaga kirtlandii,Setophaga kirtlandii,"(S.F.Baird, 1852)",1852,gbif
Setophaga magnolia,Setophaga magnolia,"(A.Wilson, 1811)",1811,gbif
Setophaga nigrescens,Setophaga nigrescens,"(J.K.Townsend, 1837)",1837,gbif
Setophaga occidentalis,Setophaga occidentalis,"(J.K.Townsend, 1837)",1837,gbif
Setophaga palmarum,Setophaga palmarum,"(J.F.Gmelin, 1789)",1789,gbif
Setophaga pensylvanica,Setophaga pensylvanica,"(Linnaeus, 1766)",1766,gbif
Setophaga petechia,Setophaga petechia,"(Linnaeus, 1766)",1766,gbif
Setophaga pharetra,Setophaga pharetra,"(Gosse, 1847)",1847,gbif
Setophaga pinus,Setophaga pinus,"(Linnaeus, 1766)",1766,gbif
Setophaga pitiayumi,Setophaga pitiayumi,"(Vieillot, 1817)",1817,gbif
Setophaga pityophila,Setophaga pityophila,"(Gundlach, 1855)",1855,gbif
Setophaga plumbea,Setophaga plumbea,"(Lawrence, 1877)",1877,gbif
Setophaga ruticilla,Setophaga ruticilla,"(Linnaeus, 1758)",1758,gbif
Setophaga striata,Setophaga striata,"(J.R.Forster, 1772)",1772,gbif
Setophaga subita,Setophaga subita,"(Riley, 1904)",1904,gbif
Setophaga tigrina,Setophaga tigrina,"(J.F.Gmelin, 1789)",1789,gbif
Setophaga townsendi,Setophaga townsendi,"(J.K.Townsend, 1837)",1837,gbif
Setophaga virens,Setophaga virens,"(J.F.Gmelin, 1789)",1789,gbif
Setophaga vitellina,Setophaga vitellina,"(Cory, 1886)",1886,gbif
Vermivora bachmanii,Vermivora bachmanii,"(Audubon, 1833)",1833,gbif
Vermivora chrysoptera,Vermivora chrysoptera,"(Linnaeus, 1766)",1766,gbif
Vermivora cyanoptera,Vermivora cyanoptera,"Olson & Reveal, 2009",2009,gbif
Aimophila notosticta,Aimophila notosticta,"(P.L.Sclater & Salvin, 1868)",1868,gbif
Aimophila rufescens,Aimophila rufescens,"(Swainson, 1827)",1827,gbif
Aimophila ruficeps,Aimophila ruficeps,"(Cassin, 1852)",1852,gbif
Ammodramus aurifrons,Ammodramus aurifrons,"(Spix, 1825)",1825,gbif
Ammodramus humeralis,Ammodramus humeralis,"(Bosc, 1792)",1792,gbif
Ammodramus savannarum,Ammodramus savannarum,"(J.F.Gmelin, 1789)",1789,gbif
Ammospiza caudacuta,Ammospiza caudacuta,"(J.F.Gmelin, 1788)",1788,gbif
Ammospiza leconteii,Ammospiza leconteii,"(Audubon, 1844)",1844,gbif
Ammospiza maritima,Ammospiza maritima,"(A.Wilson, 1811)",1811,gbif
Ammospiza nelsoni,Ammospiza nelsoni,"(J.A.Allen, 1875)",1875,gbif
Amphispiza bilineata,Amphispiza bilineata,"(Cassin, 1850)",1850,gbif
Amphispiza quinquestriata,Amphispiza quinquestriata,"(P.L.Sclater & Salvin, 1868)",1868,gbif
Arremon abeillei,Arremon abeillei,"R.Lesson, 1844",1844,gbif
Arremon assimilis,Arremon assimilis,"(Boissonneau, 1840)",1840,gbif
Arremon atricapillus,Arremon atricapillus,"(Lawrence, 1874)",1874,gbif
Arremon aurantiirostris,Arremon aurantiirostris,"Lafresnaye, 1847",1847,gbif
Arremon axillaris,Arremon axillaris,"P.L.Sclater, 1854",1854,gbif
Arremon basilicus,Arremon basilicus,"(Bangs, 1898)",1898,gbif
Arremon brunneinucha,Arremon brunneinucha,"(Lafresnaye, 1839)",1839,gbif
Arremon castaneiceps,Arremon castaneiceps,"(P.L.Sclater, 1860)",1860,gbif
Arremon costaricensis,Arremon costaricensis,"(Bangs, 1907)",1907,gbif
Arremon crassirostris,Arremon crassirostris,"(Cassin, 1865)",1865,gbif
Arremon dorbignii,Arremon dorbignii,"P.L.Sclater, 1856",1856,gbif
Arremon flavirostris,Arremon flavirostris,"Swainson, 1838",1838,gbif
Arremon franciscanus,Arremon franciscanus,"M.Raposo, 1997",1997,gbif
Arremon nigriceps,Arremon nigriceps,"Taczanowski, 1880",1880,gbif
Arremon perijanus,Arremon perijanus,"(Phelps & Gilliard, 1940)",1940,gbif
Arremon phaeopleurus,Arremon phaeopleurus,"(P.L.Sclater, 1856)",1856,gbif
Arremon phygas,Arremon phygas,"(Berlepsch, 1912)",1912,gbif
Arremon schlegeli,Arremon schlegeli,"Bonaparte, 1850",1850,gbif
Arremon semitorquatus,Arremon semitorquatus,"Swainson, 1838",1838,gbif
Arremon taciturnus,Arremon taciturnus,"(Hermann, 1783)",1783,gbif
Arremon torquatus,Arremon torquatus,"(d'Orbigny & Lafresnaye, 1837)",1837,gbif
Arremon virenticeps,Arremon virenticeps,"(Bonaparte, 1855)",1855,gbif
Arremonops chloronotus,Arremonops chloronotus,"(Salvin, 1861)",1861,gbif
Arremonops conirostris,Arremonops conirostris,"(Bonaparte, 1850)",1850,gbif
Arremonops rufivirgatus,Arremonops rufivirgatus,"(Lawrence, 1851)",1851,gbif
Arremonops tocuyensis,Arremonops tocuyensis,"Todd, 1912",1912,gbif
Artemisiospiza belli,Artemisiospiza belli,"(Cassin, 1850)",1850,gbif
Artemisiospiza nevadensis,Artemisiospiza nevadensis,"(Ridgway, 1874)",1874,gbif
Atlapetes albiceps,Atlapetes albiceps,"(Taczanowski, 1884)",1884,gbif
Atlapetes albinucha,Atlapetes albinucha,"(d'Orbigny & Lafresnaye, 1838)",1838,gbif
Atlapetes albofrenatus,Atlapetes albofrenatus,"(Boissonneau, 1840)",1840,gbif
Atlapetes blancae,Atlapetes blancae,"Donegan, 2007",2007,gbif
Atlapetes canigenis,Atlapetes canigenis,"Chapman, 1919",1919,gbif
Atlapetes citrinellus,Atlapetes citrinellus,"(Cabanis, 1883)",1883,gbif
Atlapetes crassus,Atlapetes crassus,"Bangs, 1908",1908,gbif
Atlapetes flaviceps,Atlapetes flaviceps,"Chapman, 1912",1912,gbif
Atlapetes forbesi,Atlapetes forbesi,"Morrison, 1947",1947,gbif
Atlapetes fulviceps,Atlapetes fulviceps,"(d'Orbigny & Lafresnaye, 1837)",1837,gbif
Atlapetes fuscoolivaceus,Atlapetes fuscoolivaceus,"Chapman, 1914",1914,gbif
Atlapetes latinuchus,Atlapetes latinuchus,"(Du Bus de Gisignies, 1855)",1855,gbif
Atlapetes leucopis,Atlapetes leucopis,"(P.L.Sclater & Salvin, 1878)",1878,gbif
Atlapetes leucopterus,Atlapetes leucopterus,"(Jardine, 1856)",1856,gbif
Atlapetes melanocephalus,Atlapetes melanocephalus,"(Salvin & Godman, 1880)",1880,gbif
Atlapetes melanolaemus,Atlapetes melanolaemus,"(P.L.Sclater & Salvin, 1879)",1879,gbif
Atlapetes melanopsis,Atlapetes melanopsis,"Valqui & Fjeldså, 2002",2002,gbif
Atlapetes meridae,Atlapetes meridae,"(P.L.Sclater & Salvin, 1871)",1871,gbif
Atlapetes nationi,Atlapetes nationi,"(P.L.Sclater, 1881)",1881,gbif
Atlapetes nigrifrons,Atlapetes nigrifrons,"Phelps & Gilliard, 1940",1940,gbif
Atlapetes pallidiceps,Atlapetes pallidiceps,"(Sharpe, 1900)",1900,gbif
Atlapetes pallidinucha,Atlapetes pallidinucha,"(Boissonneau, 1840)",1840,gbif
Atlapetes paynteri,Atlapetes paynteri,"Fitzpatrick, 1980",1980,gbif
Atlapetes personatus,Atlapetes personatus,"(Cabanis, 1849)",1849,gbif
Atlapetes pileatus,Atlapetes pileatus,"Wagler, 1831",1831,gbif
Atlapetes rufigenis,Atlapetes rufigenis,"(Salvin, 1895)",1895,gbif
Atlapetes rufinucha,Atlapetes rufinucha,"(d'Orbigny & Lafresnaye, 1837)",1837,gbif
Atlapetes schistaceus,Atlapetes schistaceus,"(Boissonneau, 1840)",1840,gbif
Atlapetes seebohmi,Atlapetes seebohmi,"(Taczanowski, 1883)",1883,gbif
Atlapetes semirufus,Atlapetes semirufus,"(Boissonneau, 1840)",1840,gbif
Atlapetes taczanowskii,Atlapetes taczanowskii,"(P.L.Sclater & Salvin, 1875)",1875,gbif
Atlapetes terborghi,Atlapetes terborghi,"Remsen, 1993",1993,gbif
Atlapetes tricolor,Atlapetes tricolor,"(Taczanowski, 1875)",1875,gbif
Calamospiza melanocorys,Calamospiza melanocorys,"Stejneger, 1885",1885,gbif
Chlorospingus canigularis,Chlorospingus canigularis,"(Lafresnaye, 1848)",1848,gbif
Chlorospingus flavigularis,Chlorospingus flavigularis,"(P.L.Sclater, 1852)",1852,gbif
Chlorospingus flavopectus,Chlorospingus flavopectus,"(Lafresnaye, 1840)",1840,gbif
Chlorospingus hypophaeus,Chlorospingus hypophaeus,"P.L.Sclater & Salvin, 1868",1868,gbif
Chlorospingus inornatus,Chlorospingus inornatus,"(Nelson, 1912)",1912,gbif
Chlorospingus parvirostris,Chlorospingus parvirostris,"Chapman, 1901",1901,gbif
Chlorospingus pileatus,Chlorospingus pileatus,"Salvin, 1865",1865,gbif
Chlorospingus semifuscus,Chlorospingus semifuscus,"P.L.Sclater & Salvin, 1873",1873,gbif
Chlorospingus tacarcunae,Chlorospingus tacarcunae,"Griscom, 1924",1924,gbif
Chondestes grammacus,Chondestes grammacus,"(Say, 1822)",1822,gbif
Junco bairdi,Junco bairdi,"Ridgway, 1883",1883,gbif
Junco hyemalis,Junco hyemalis,"(Linnaeus, 1758)",1758,gbif
Junco insularis,Junco insularis,"Ridgway, 1876",1876,gbif
Junco phaeonotus,Junco phaeonotus,"Wagler, 1831",1831,gbif
Junco vulcani,Junco vulcani,"(Boucard, 1878)",1878,gbif
Melospiza georgiana,Melospiza georgiana,"(Latham, 1790)",1790,gbif
Melospiza lincolnii,Melospiza lincolnii,"(Audubon, 1834)",1834,gbif
Melospiza melodia,Melospiza melodia,"(A.Wilson, 1810)",1810,gbif
Melozone aberti,Melozone aberti,"(S.F.Baird, 1852)",1852,gbif
Melozone albicollis,Melozone albicollis,"(P.L.Sclater, 1858)",1858,gbif
Melozone biarcuata,Melozone biarcuata,"(Prévost & Des Murs, 1842)",1842,gbif
Melozone cabanisi,Melozone cabanisi,"(P.L.Sclater & Salvin, 1868)",1868,gbif
Melozone crissalis,Melozone crissalis,"(Vigors, 1839)",1839,gbif
Melozone fusca,Melozone fusca,"(Swainson, 1827)",1827,gbif
Melozone kieneri,Melozone kieneri,"(Bonaparte, 1850)",1850,gbif
Melozone leucotis,Melozone leucotis,"Cabanis, 1861",1861,gbif
Melozone occipitalis,Melozone occipitalis,"(Salvin, 1878)",1878,gbif
Oreothraupis arremonops,Oreothraupis arremonops,"(P.L.Sclater, 1855)",1855,gbif
Oriturus superciliosus,Oriturus superciliosus,"(Swainson, 1838)",1838,gbif
Passerculus bairdii,Passerculus bairdii,"(Audubon, 1844)",1844,gbif
Passerculus guttatus,Passerculus guttatus,"Lawrence, 1867",1867,gbif
Passerculus henslowii,Passerculus henslowii,"(Audubon, 1829)",1829,gbif
Passerculus rostratus,Passerculus rostratus,"(Cassin, 1852)",1852,gbif
Passerculus sanctorum,Passerculus sanctorum,"Coues, 1884",1884,gbif
Passerculus sandwichensis,Passerculus sandwichensis,"(J.F.Gmelin, 1789)",1789,gbif
Passerella arborea,Passerella arborea,"(A.Wilson, 1810)",1810,gbif
Passerella iliaca,Passerella iliaca,"(Merrem, 1786)",1786,gbif
Passerella megarhyncha,Passerella megarhyncha,"S.F.Baird, 1858",1858,gbif
Passerella schistacea,Passerella schistacea,"S.F.Baird, 1858",1858,gbif
Passerella unalaschcensis,Passerella unalaschcensis,"(J.F.Gmelin, 1789)",1789,gbif
Peucaea aestivalis,Peucaea aestivalis,"(M.H.K.Lichtenstein, 1823)",1823,gbif
Peucaea botterii,Peucaea botterii,"(P.L.Sclater, 1858)",1858,gbif
Peucaea carpalis,Peucaea carpalis,"Coues, 1873",1873,gbif
Peucaea cassinii,Peucaea cassinii,"(Woodhouse, 1852)",1852,gbif
Peucaea humeralis,Peucaea humeralis,"(Cabanis, 1851)",1851,gbif
Peucaea mystacalis,Peucaea mystacalis,"(Hartlaub, 1852)",1852,gbif
Peucaea ruficauda,Peucaea ruficauda,"(Bonaparte, 1853)",1853,gbif
Peucaea sumichrasti,Peucaea sumichrasti,"(Lawrence, 1871)",1871,gbif
Pezopetes capitalis,Pezopetes capitalis,"Cabanis, 1861",1861,gbif
Pipilo chlorurus,Pipilo chlorurus,"(Audubon, 1839)",1839,gbif
Pipilo erythrophthalmus,Pipilo erythrophthalmus,"(Linnaeus, 1758)",1758,gbif
Pipilo maculatus,Pipilo maculatus,"Swainson, 1827",1827,gbif
Pipilo ocai,Pipilo ocai,"(Lawrence, 1865)",1865,gbif
Pipilo socorroensis,Pipilo socorroensis,"Grayson, 1867",1867,gbif
Pooecetes gramineus,Pooecetes gramineus,"(J.F.Gmelin, 1789)",1789,gbif
Pselliophorus luteoviridis,Pselliophorus luteoviridis,"Griscom, 1924",1924,gbif
Pselliophorus tibialis,Pselliophorus tibialis,"(Lawrence, 1864)",1864,gbif
Rhynchospiza stolzmanni,Rhynchospiza stolzmanni,"(Taczanowski, 1877)",1877,gbif
Rhynchospiza strigiceps,Rhynchospiza strigiceps,"(Gould, 1839)",1839,gbif
Spizella atrogularis,Spizella atrogularis,"(Cabanis, 1851)",1851,gbif
Spizella breweri,Spizella breweri,"Cassin, 1856",1856,gbif
Spizella pallida,Spizella pallida,"(Swainson, 1832)",1832,gbif
Spizella passerina,Spizella passerina,"(Bechstein, 1798)",1798,gbif
Spizella pusilla,Spizella pusilla,"(A.Wilson, 1810)",1810,gbif
Spizella wortheni,Spizella wortheni,"Ridgway, 1884",1884,gbif
Torreornis inexpectata,Torreornis inexpectata,"Barbour & J.L.Peters, 1927",1927,gbif
Xenospiza baileyi,Xenospiza baileyi,"Bangs, 1931",1931,gbif
Zonotrichia albicollis,Zonotrichia albicollis,"(J.F.Gmelin, 1789)",1789,gbif
Zonotrichia atricapilla,Zonotrichia atricapilla,"(J.F.Gmelin, 1789)",1789,gbif
Zonotrichia capensis,Zonotrichia capensis,"(P.L.S.Müller, 1776)",1776,gbif
Zonotrichia leucophrys,Zonotrichia leucophrys,"(J.R.Forster, 1772)",1772,gbif
Zonotrichia querula,Zonotrichia querula,"(Nuttall, 1840)",1840,gbif
Carpospiza brachydactyla,Carpospiza brachydactyla,"(Bonaparte, 1850)",1850,gbif
Gymnoris dentata,Gymnoris dentata,"(Sundevall, 1850)",1850,gbif
Gymnoris pyrgita,Gymnoris pyrgita,"(Heuglin, 1862)",1862,gbif
Gymnoris superciliaris,Gymnoris superciliaris,"Blyth, 1845",1845,gbif
Gymnoris xanthocollis,Gymnoris xanthocollis,"(Burton, 1838)",1838,gbif
Hypocryptadius cinnamomeus,Hypocryptadius cinnamomeus,"Hartert, 1903",1903,gbif
Montifringilla adamsi,Montifringilla adamsi,"Adams, 1859",1859,gbif
Montifringilla henrici,Montifringilla henrici,"(Oustalet, 1892)",1892,gbif
Montifringilla nivalis,Montifringilla nivalis,"(Linnaeus, 1766)",1766,gbif
Onychostruthus taczanowskii,Onychostruthus taczanowskii,"(Prjevalsky, 1876)",1876,gbif
Passer ammodendri,Passer ammodendri,"Gould, 1872",1872,gbif
Passer castanopterus,Passer castanopterus,"Blyth, 1855",1855,gbif
Passer cinnamomeus,Passer cinnamomeus,"(Temminck, 1836)",1836,gbif
Passer cordofanicus,Passer cordofanicus,"Heuglin, 1871",1871,gbif
Passer diffusus,Passer diffusus,"(A.Smith, 1836)",1836,gbif
Passer domesticus,Passer domesticus,"(Linnaeus, 1758)",1758,gbif
Passer eminibey,Passer eminibey,"(Hartlaub, 1880)",1880,gbif
Passer euchlorus,Passer euchlorus,"(Bonaparte, 1850)",1850,gbif
Passer flaveolus,Passer flaveolus,"Blyth, 1845",1845,gbif
Passer gongonensis,Passer gongonensis,"(Oustalet, 1890)",1890,gbif
Passer griseus,Passer griseus,"(Vieillot, 1817)",1817,gbif
Passer hemileucus,Passer hemileucus,"Ogilvie-Grant & H.O.Forbes, 1899",1899,gbif
Passer hispaniolensis,Passer hispaniolensis,"(Temminck, 1820)",1820,gbif
Passer iagoensis,Passer iagoensis,"(Gould, 1838)",1838,gbif
Passer insularis,Passer insularis,"P.L.Sclater & Hartlaub, 1881",1881,gbif
Passer italiae,Passer italiae,"(Vieillot, 1817)",1817,gbif
Passer luteus,Passer luteus,"(Lichtenstein, 1823)",1823,gbif
Passer melanurus,Passer melanurus,"(Statius Muller, 1776)",1776,gbif
Passer moabiticus,Passer moabiticus,"Tristram, 1864",1864,gbif
Passer montanus,Passer montanus,"(Linnaeus, 1758)",1758,gbif
Passer motitensis,Passer motitensis,"(A.Smith, 1836)",1836,gbif
Passer pyrrhonotus,Passer pyrrhonotus,"Blyth, 1845",1845,gbif
Passer rufocinctus,Passer rufocinctus,"Fischer & Reichenow, 1884",1884,gbif
Passer shelleyi,Passer shelleyi,"Sharpe, 1891",1891,gbif
Passer simplex,Passer simplex,"(Lichtenstein, 1823)",1823,gbif
Passer suahelicus,Passer suahelicus,"Reichenow, 1904",1904,gbif
Passer swainsonii,Passer swainsonii,"(Rüppell, 1840)",1840,gbif
Passer zarudnyi,Passer zarudnyi,"Pleske, 1896",1896,gbif
Petronia petronia,Petronia petronia,"(Linnaeus, 1766)",1766,gbif
Pyrgilauda blanfordi,Pyrgilauda blanfordi,"(Hume, 1876)",1876,gbif
Pyrgilauda davidiana,Pyrgilauda davidiana,"J.Verreaux, 1870",1870,gbif
Pyrgilauda ruficollis,Pyrgilauda ruficollis,"(Blanford, 1871)",1871,gbif
Pyrgilauda theresae,Pyrgilauda theresae,"(Meinertzhagen, 1937)",1937,gbif
Gampsorhynchus rufulus,Gampsorhynchus rufulus,"Blyth, 1844",1844,gbif
Gampsorhynchus torquatus,Gampsorhynchus torquatus,"Hume, 1874",1874,gbif
Graminicola bengalensis,Graminicola bengalensis,"Jerdon, 1863",1863,gbif
Graminicola striatus,Graminicola striatus,"Styan, 1892",1892,gbif
Illadopsis albipectus,Illadopsis albipectus,"(Reichenow, 1888)",1888,gbif
Illadopsis cleaveri,Illadopsis cleaveri,"(Shelley, 1874)",1874,gbif
Illadopsis distans,Illadopsis distans,"(Friedmann, 1928)",1928,gbif
Illadopsis fulvescens,Illadopsis fulvescens,"(Cassin, 1859)",1859,gbif
Illadopsis puveli,Illadopsis puveli,"(Salvadori, 1901)",1901,gbif
Illadopsis pyrrhoptera,Illadopsis pyrrhoptera,"(Reichenow & Neumann, 1895)",1895,gbif
Illadopsis rufescens,Illadopsis rufescens,"(Reichenow, 1878)",1878,gbif
Illadopsis rufipennis,Illadopsis rufipennis,"(Sharpe, 1872)",1872,gbif
Illadopsis turdina,Illadopsis turdina,"(Hartlaub, 1883)",1883,gbif
Kenopia striata,Kenopia striata,"(Blyth, 1842)",1842,gbif
Laticilla burnesii,Laticilla burnesii,"(Blyth, 1844)",1844,gbif
Laticilla cinerascens,Laticilla cinerascens,"(Walden, 1874)",1874,gbif
Leonardina woodi,Leonardina woodi,"(Mearns, 1905)",1905,gbif
Malacocincla abbotti,Malacocincla abbotti,"Blyth, 1845",1845,gbif
Malacocincla perspicillata,Malacocincla perspicillata,"(Bonaparte, 1850)",1850,gbif
Malacocincla sepiaria,Malacocincla sepiaria,"(Horsfield, 1821)",1821,gbif
Malacopteron affine,Malacopteron affine,"(Blyth, 1842)",1842,gbif
Malacopteron albogulare,Malacopteron albogulare,"(Blyth, 1844)",1844,gbif
Malacopteron cinereum,Malacopteron cinereum,"Eyton, 1839",1839,gbif
Malacopteron magnirostre,Malacopteron magnirostre,"(Moore, 1854)",1854,gbif
Malacopteron magnum,Malacopteron magnum,"Eyton, 1839",1839,gbif
Malacopteron palawanense,Malacopteron palawanense,"Büttikofer, 1895",1895,gbif
Napothera epilepidota,Napothera epilepidota,"(Temminck, 1828)",1828,gbif
Pellorneum albiventre,Pellorneum albiventre,"(Godwin-Austen, 1877)",1877,gbif
Pellorneum capistratum,Pellorneum capistratum,"(Temminck, 1823)",1823,gbif
Pellorneum fuscocapillus,Pellorneum fuscocapillus,"(Blyth, 1849)",1849,gbif
Pellorneum nigrocapitatum,Pellorneum nigrocapitatum,"(Eyton, 1839)",1839,gbif
Pellorneum palustre,Pellorneum palustre,"Gould, 1872",1872,gbif
Pellorneum ruficeps,Pellorneum ruficeps,"Swainson, 1832",1832,gbif
Ptilocichla falcata,Ptilocichla falcata,"Sharpe, 1877",1877,gbif
Ptilocichla leucogrammica,Ptilocichla leucogrammica,"(Bonaparte, 1850)",1850,gbif
Ptilocichla mindanensis,Ptilocichla mindanensis,"(W.Blasius, 1890)",1890,gbif
Rimator albostriatus,Rimator albostriatus,"Salvadori, 1879",1879,gbif
Rimator danjoui,Rimator danjoui,"Robinson & Kloss, 1919",1919,gbif
Rimator malacoptilus,Rimator malacoptilus,"Blyth, 1847",1847,gbif
Rimator naungmungensis,Rimator naungmungensis,"(Rappole et al., 2005)",2005,gbif
Rimator pasquieri,Rimator pasquieri,"Delacour & Jabouille, 1930",1930,gbif
Schoeniparus brunneus,Schoeniparus brunneus,"(Gould, 1863)",1863,gbif
Schoeniparus castaneceps,Schoeniparus castaneceps,"(Hodgson, 1837)",1837,gbif
Schoeniparus cinereus,Schoeniparus cinereus,"(Blyth, 1847)",1847,gbif
Schoeniparus dubius,Schoeniparus dubius,"(Hume, 1874)",1874,gbif
Schoeniparus klossi,Schoeniparus klossi,"(Delacour & Jabouille, 1931)",1931,gbif
Schoeniparus rufogularis,Schoeniparus rufogularis,"(Mandelli, 1873)",1873,gbif
Schoeniparus variegaticeps,Schoeniparus variegaticeps,"(Yen, 1932)",1932,gbif
Trichastoma bicolor,Trichastoma bicolor,"(Lesson, 1839)",1839,gbif
Trichastoma buettikoferi,Trichastoma buettikoferi,"Vorderman, 1892",1892,gbif
Trichastoma celebense,Trichastoma celebense,"Strickland, 1850",1850,gbif
Trichastoma cinereiceps,Trichastoma cinereiceps,"(Tweeddale, 1878)",1878,gbif
Trichastoma malaccense,Trichastoma malaccense,"(Hartlaub, 1844)",1844,gbif
Trichastoma pyrrogenys,Trichastoma pyrrogenys,"(Temminck, 1827)",1827,gbif
Trichastoma rostratum,Trichastoma rostratum,"Blyth, 1842",1842,gbif
Trichastoma tickelli,Trichastoma tickelli,"Blyth, 1859",1859,gbif
Turdinus atrigularis,Turdinus atrigularis,"(Bonaparte, 1850)",1850,gbif
Turdinus brevicaudatus,Turdinus brevicaudatus,,,none
Turdinus calcicola,Turdinus calcicola,"(Deignan, 1939)",1939,gbif
Turdinus crassus,Turdinus crassus,,,none
Turdinus crispifrons,Turdinus crispifrons,,,none
Turdinus macrodactylus,Turdinus macrodactylus,"(Strickland, 1844)",1844,gbif
Turdinus marmoratus,Turdinus marmoratus,"R.G.Wardlaw-Ramsay, 1880",1880,gbif
Turdinus rufipectus,Turdinus rufipectus,,,none
Amalocichla incerta,Amalocichla incerta,"(Salvadori, 1876)",1876,gbif
Amalocichla sclateriana,Amalocichla sclateriana,"De Vis, 1892",1892,gbif
Cryptomicroeca flaviventris,Cryptomicroeca flaviventris,"(Sharpe, 1903)",1903,gbif
Devioeca papuana,Devioeca papuana,"(A.B.Meyer, 1875)",1875,gbif
Drymodes beccarii,Drymodes beccarii,"Salvadori, 1876",1876,gbif
Drymodes brunneopygia,Drymodes brunneopygia,"Gould, 1841",1841,gbif
Drymodes superciliaris,Drymodes superciliaris,"Gould, 1850",1850,gbif
Eopsaltria australis,Eopsaltria australis,"(Shaw, 1790)",1790,gbif
Eopsaltria griseogularis,Eopsaltria griseogularis,"Gould, 1838",1838,gbif
Eugerygone rubra,Eugerygone rubra,"(Sharpe, 1879)",1879,gbif
Gennaeodryas placens,Gennaeodryas placens,"(E.P.Ramsay, 1879)",1879,gbif
Heteromyias albispecularis,Heteromyias albispecularis,"(Salvadori, 1876)",1876,gbif
Heteromyias armiti,Heteromyias armiti,"(Salvadori, 1876)",1876,gbif
Heteromyias cinereifrons,Heteromyias cinereifrons,"(E.P.Ramsay, 1876)",1876,gbif
Kempiella flavovirescens,Kempiella flavovirescens,"(G.R.Gray, 1858)",1858,gbif
Kempiella griseoceps,Kempiella griseoceps,"(De Vis, 1894)",1894,gbif
Melanodryas cucullata,Melanodryas cucullata,"(Latham, 1802)",1802,gbif
Melanodryas vittata,Melanodryas vittata,"(Quoy & Gaimard, 1830)",1830,gbif
Microeca fascinans,Microeca fascinans,"(Latham, 1802)",1802,gbif
Microeca flavigaster,Microeca flavigaster,"Gould, 1843",1843,gbif
Microeca hemixantha,Microeca hemixantha,"P.L.Sclater, 1883",1883,gbif
Microeca tormenti,Microeca tormenti,"Mathews, 1916",1916,gbif
Monachella coultasi,Monachella coultasi,"Mayr, 1934",1934,gbif
Monachella muelleriana,Monachella muelleriana,"(Schlegel, 1871)",1871,gbif
Pachycephalopsis hattamensis,Pachycephalopsis hattamensis,"(A.B.Meyer, 1874)",1874,gbif
Pachycephalopsis poliosoma,Pachycephalopsis poliosoma,"Sharpe, 1882",1882,gbif
Peneoenanthe pulverulenta,Peneoenanthe pulverulenta,"(Bonaparte, 1850)",1850,gbif
Peneothello bimaculata,Peneothello bimaculata,"(Salvadori, 1874)",1874,gbif
Peneothello cryptoleuca,Peneothello cryptoleuca,"(Hartert, 1930)",1930,gbif
Peneothello cyanus,Peneothello cyanus,"(Salvadori, 1874)",1874,gbif
Peneothello sigillata,Peneothello sigillata,"(De Vis, 1890)",1890,gbif
Petroica archboldi,Petroica archboldi,"Rand, 1940",1940,gbif
Petroica australis,Petroica australis,"(Sparrman, 1788)",1788,gbif
Petroica bivittata,Petroica bivittata,"De Vis, 1897",1897,gbif
Petroica boodang,Petroica boodang,"(Lesson, 1837)",1837,gbif
Petroica dannefaerdi,Petroica dannefaerdi,"(Rothschild, 1894)",1894,gbif
Petroica goodenovii,Petroica goodenovii,"(Vigors & Horsfield, 1827)",1827,gbif
Petroica longipes,Petroica longipes,"(R.P.Lesson & Garnot, 1827)",1827,gbif
Petroica macrocephala,Petroica macrocephala,"(Gmelin, 1789)",1789,gbif
Petroica multicolor,Petroica multicolor,"(Gmelin, 1789)",1789,gbif
Petroica phoenicea,Petroica phoenicea,"Gould, 1837",1837,gbif
Petroica pusilla,Petroica pusilla,"Peale, 1849",1849,gbif
Petroica rodinogaster,Petroica rodinogaster,"(Drapiez, 1819)",1819,gbif
Petroica rosea,Petroica rosea,"Gould, 1840",1840,gbif
Petroica traversi,Petroica traversi,"(Buller, 1872)",1872,gbif
Plesiodryas albonotata,Plesiodryas albonotata,"(Salvadori, 1875)",1875,gbif
Poecilodryas brachyura,Poecilodryas brachyura,"(P.L.Sclater, 1874)",1874,gbif
Poecilodryas cerviniventris,Poecilodryas cerviniventris,"(Gould, 1858)",1858,gbif
Poecilodryas hypoleuca,Poecilodryas hypoleuca,"(G.R.Gray, 1859)",1859,gbif
Poecilodryas superciliosa,Poecilodryas superciliosa,"(Gould, 1847)",1847,gbif
Quoyornis georgianus,Quoyornis georgianus,"(Quoy & Gaimard, 1832)",1832,gbif
Tregellasia capito,Tregellasia capito,"(Gould, 1854)",1854,gbif
Tregellasia leucops,Tregellasia leucops,"(Salvadori, 1876)",1876,gbif
Peucedramus taeniatus,Peucedramus taeniatus,"(Du Bus de Gisignies, 1847)",1847,gbif
Microligea palustris,Microligea palustris,"(Cory, 1884)",1884,gbif
Phaenicophilus palmarum,Phaenicophilus palmarum,"(Linnaeus, 1766)",1766,gbif
Phaenicophilus poliocephalus,Phaenicophilus poliocephalus,"(Bonaparte, 1851)",1851,gbif
Xenoligea montana,Xenoligea montana,"(Chapman, 1917)",1917,gbif
Neodrepanis coruscans,Neodrepanis coruscans,"Sharpe, 1875",1875,gbif
Neodrepanis hypoxantha,Neodrepanis hypoxantha,"Salomonsen, 1933",1933,gbif
Philepitta castanea,Philepitta castanea,"(Statius Muller, 1776)",1776,gbif
Philepitta schlegeli,Philepitta schlegeli,"Schlegel, 1867",1867,gbif
Phylloscopus affinis,Phylloscopus affinis,"(Tickell, 1833)",1833,gbif
Phylloscopus amoenus,Phylloscopus amoenus,"(Hartert, 1929)",1929,gbif
Phylloscopus armandii,Phylloscopus armandii,"(Milne-Edwards, 1865)",1865,gbif
Phylloscopus bonelli,Phylloscopus bonelli,"(Vieillot, 1819)",1819,gbif
Phylloscopus borealis,Phylloscopus borealis,"(J.H.Blasius, 1858)",1858,gbif
Phylloscopus borealoides,Phylloscopus borealoides,"Portenko, 1950",1950,gbif
Phylloscopus budongoensis,Phylloscopus budongoensis,"(Seth-Smith, 1907)",1907,gbif
Phylloscopus burkii,Phylloscopus burkii,"(Burton, 1836)",1836,gbif
Phylloscopus calciatilis,Phylloscopus calciatilis,"Alström, Davidson, Duckworth, Eames, Le, Nguyen, Olsson, Robson & Timmins, 2009",2009,gbif
Phylloscopus canariensis,Phylloscopus canariensis,"(Hartwig, 1886)",1886,gbif
Phylloscopus cantator,Phylloscopus cantator,"(Tickell, 1833)",1833,gbif
Phylloscopus castaniceps,Phylloscopus castaniceps,"(Hodgson, 1845)",1845,gbif
Phylloscopus cebuensis,Phylloscopus cebuensis,"(Dubois, 1900)",1900,gbif
Phylloscopus chloronotus,Phylloscopus chloronotus,"(J.E.Gray & G.R.Gray, 1847)",1847,gbif
Phylloscopus claudiae,Phylloscopus claudiae,"(La Touche, 1922)",1922,gbif
Phylloscopus collybita,Phylloscopus collybita,"(Vieillot, 1817)",1817,gbif
Phylloscopus coronatus,Phylloscopus coronatus,"(Temminck & Schlegel, 1847)",1847,gbif
Phylloscopus emeiensis,Phylloscopus emeiensis,"Alström & Olson, 1995",1995,gbif
Phylloscopus emilsalimi,Phylloscopus emilsalimi,"Rheindt, Prawiradilaga, Ashari, Suparno & Ng, 2020",2020,gbif
Phylloscopus examinandus,Phylloscopus examinandus,"Stresemann, 1913",1913,gbif
Phylloscopus forresti,Phylloscopus forresti,"Rothschild, 1921",1921,gbif
Phylloscopus fuligiventer,Phylloscopus fuligiventer,"(Hodgson, 1845)",1845,gbif
Phylloscopus fuscatus,Phylloscopus fuscatus,"(Blyth, 1842)",1842,gbif
Phylloscopus goodsoni,Phylloscopus goodsoni,"Hartert, 1910",1910,gbif
Phylloscopus grammiceps,Phylloscopus grammiceps,"(Strickland, 1849)",1849,gbif
Phylloscopus griseolus,Phylloscopus griseolus,"Blyth, 1847",1847,gbif
Phylloscopus hainanus,Phylloscopus hainanus,"Olsson, Alstrom & Colston, 1993",1993,gbif
Phylloscopus herberti,Phylloscopus herberti,"(Alexander, 1903)",1903,gbif
Phylloscopus humei,Phylloscopus humei,"(W.E.Brooks, 1878)",1878,gbif
Phylloscopus ibericus,Phylloscopus ibericus,"Ticehurst, 1937",1937,gbif
Phylloscopus ijimae,Phylloscopus ijimae,"(Stejneger, 1892)",1892,gbif
Phylloscopus inornatus,Phylloscopus inornatus,"(Blyth, 1842)",1842,gbif
Phylloscopus intensior,Phylloscopus intensior,"Deignan, 1956",1956,gbif
Phylloscopus intermedius,Phylloscopus intermedius,"(La Touche, 1898)",1898,gbif
Phylloscopus kansuensis,Phylloscopus kansuensis,"Meise, 1933",1933,gbif
Phylloscopus laetus,Phylloscopus laetus,"(Sharpe, 1902)",1902,gbif
Phylloscopus laurae,Phylloscopus laurae,"(Boulton, 1931)",1931,gbif
Phylloscopus maculipennis,Phylloscopus maculipennis,"(Blyth, 1867)",1867,gbif
Phylloscopus maforensis,Phylloscopus maforensis,"(A.B.Meyer, 1874)",1874,gbif
Phylloscopus magnirostris,Phylloscopus magnirostris,"Blyth, 1843",1843,gbif
Phylloscopus misoriensis,Phylloscopus misoriensis,"Meise, 1931",1931,gbif
Phylloscopus montis,Phylloscopus montis,"(Sharpe, 1887)",1887,gbif
Phylloscopus neglectus,Phylloscopus neglectus,"Hume, 1870",1870,gbif
Phylloscopus nitidus,Phylloscopus nitidus,"Blyth, 1843",1843,gbif
Phylloscopus occipitalis,Phylloscopus occipitalis,"(Blyth, 1845)",1845,gbif
Phylloscopus ogilviegranti,Phylloscopus ogilviegranti,"(La Touche, 1922)",1922,gbif
Phylloscopus olivaceus,Phylloscopus olivaceus,"(Moseley, 1891)",1891,gbif
Phylloscopus omeiensis,Phylloscopus omeiensis,"(J.Martens, Eck, Päckert & Sun, 1999)",1999,gbif
Phylloscopus orientalis,Phylloscopus orientalis,"(C.L.Brehm, 1855)",1855,gbif
Phylloscopus plumbeitarsus,Phylloscopus plumbeitarsus,"Swinhoe, 1861",1861,gbif
Phylloscopus poliocephalus,Phylloscopus poliocephalus,"(Salvadori, 1876)",1876,gbif
Phylloscopus poliogenys,Phylloscopus poliogenys,"(Blyth, 1847)",1847,gbif
Phylloscopus presbytes,Phylloscopus presbytes,"(Blyth, 1870)",1870,gbif
Phylloscopus proregulus,Phylloscopus proregulus,"(Pallas, 1811)",1811,gbif
Phylloscopus pulcher,Phylloscopus pulcher,"Blyth, 1845",1845,gbif
Phylloscopus reguloides,Phylloscopus reguloides,"(Blyth, 1842)",1842,gbif
Phylloscopus ricketti,Phylloscopus ricketti,"(Slater, 1897)",1897,gbif
Phylloscopus rotiensis,Phylloscopus rotiensis,"Ng, Nsr, Prawiradilaga, Ng, Eyx, Suparno, Ashari, Trainor, Verbelen & Rheindt, 2018",2018,gbif
Phylloscopus ruficapilla,Phylloscopus ruficapilla,"(Sundevall, 1850)",1850,gbif
Phylloscopus sarasinorum,Phylloscopus sarasinorum,"(A.B.Meyer & Wiglesworth, 1896)",1896,gbif
Phylloscopus schwarzi,Phylloscopus schwarzi,"(Radde, 1863)",1863,gbif
Phylloscopus sibilatrix,Phylloscopus sibilatrix,"(Bechstein, 1793)",1793,col
Phylloscopus sindianus,Phylloscopus sindianus,"W.E.Brooks, 1880",1880,gbif
Phylloscopus soror,Phylloscopus soror,"(Alström & Olsson, 1999)",1999,gbif
Phylloscopus suaramerdu,Phylloscopus suaramerdu,"Rheindt, Prawiradilaga, Ashari, Suparno & Ng, 2020",2020,gbif
Phylloscopus subaffinis,Phylloscopus subaffinis,"Ogilvie-Grant, 1900",1900,gbif
Phylloscopus subviridis,Phylloscopus subviridis,"(W.E.Brooks, 1872)",1872,gbif
Phylloscopus sumatrensis,Phylloscopus sumatrensis,"(Robinson & Kloss, 1916)",1916,gbif
Phylloscopus tenellipes,Phylloscopus tenellipes,"Swinhoe, 1860",1860,gbif
Phylloscopus tephrocephalus,Phylloscopus tephrocephalus,"(Anderson, 1871)",1871,gbif
Phylloscopus tristis,Phylloscopus tristis,"Blyth, 1843",1843,gbif
Phylloscopus trivirgatus,Phylloscopus trivirgatus,"Strickland, 1849",1849,gbif
Phylloscopus trochiloides,Phylloscopus trochiloides,"(Sundevall, 1837)",1837,gbif
Phylloscopus trochilus,Phylloscopus trochilus,"(Linnaeus, 1758)",1758,gbif
Phylloscopus tytleri,Phylloscopus tytleri,"W.E.Brooks, 1871",1871,gbif
Phylloscopus umbrovirens,Phylloscopus umbrovirens,"(Rüppell, 1840)",1840,gbif
Phylloscopus valentini,Phylloscopus valentini,"(Hartert & Ejo, 1907)",1907,gbif
Phylloscopus whistleri,Phylloscopus whistleri,"(Ticehurst, 1925)",1925,gbif
Phylloscopus xanthodryas,Phylloscopus xanthodryas,"(Swinhoe, 1863)",1863,gbif
Phylloscopus xanthoschistos,Phylloscopus xanthoschistos,"(J.E.Gray & G.R.Gray, 1847)",1847,gbif
Phylloscopus yunnanensis,Phylloscopus yunnanensis,"La Touche, 1922",1922,gbif
Picathartes gymnocephalus,Picathartes gymnocephalus,"(Temminck, 1825)",1825,gbif
Picathartes oreas,Picathartes oreas,"Reichenow, 1899",1899,gbif
Antilophia bokermanni,Antilophia bokermanni,"Coelho & Silva, 1998",1998,gbif
Antilophia galeata,Antilophia galeata,"(Lichtenstein, 1823)",1823,gbif
Ceratopipra chloromeros,Ceratopipra chloromeros,"(Tschudi, 1844)",1844,gbif
Ceratopipra cornuta,Ceratopipra cornuta,"(Spix, 1825)",1825,gbif
Ceratopipra erythrocephala,Ceratopipra erythrocephala,"(Linnaeus, 1758)",1758,gbif
Ceratopipra mentalis,Ceratopipra mentalis,"(P.L.Sclater, 1857)",1857,gbif
Ceratopipra rubrocapilla,Ceratopipra rubrocapilla,"(Temminck, 1821)",1821,gbif
Chiroxiphia boliviana,Chiroxiphia boliviana,"Allen, 1889",1889,gbif
Chiroxiphia caudata,Chiroxiphia caudata,"(Shaw, 1793)",1793,gbif
Chiroxiphia lanceolata,Chiroxiphia lanceolata,"(Wagler, 1830)",1830,gbif
Chiroxiphia linearis,Chiroxiphia linearis,"(Bonaparte, 1838)",1838,gbif
Chiroxiphia pareola,Chiroxiphia pareola,"(Linnaeus, 1766)",1766,gbif
Chloropipo flavicapilla,Chloropipo flavicapilla,"(P.L.Sclater, 1852)",1852,gbif
Chloropipo unicolor,Chloropipo unicolor,"Taczanowski, 1884",1884,gbif
Corapipo gutturalis,Corapipo gutturalis,"(Linnaeus, 1766)",1766,gbif
Corapipo leucorrhoa,Corapipo leucorrhoa,"(P.L.Sclater, 1863)",1863,gbif
Cryptopipo holochlora,Cryptopipo holochlora,"(P.L.Sclater, 1888)",1888,gbif
Cryptopipo litae,Cryptopipo litae,"(Hellmayr, 1906)",1906,gbif
Heterocercus aurantiivertex,Heterocercus aurantiivertex,"P.L.Sclater & Salvin, 1880",1880,gbif
Heterocercus flavivertex,Heterocercus flavivertex,"Pelzeln, 1868",1868,gbif
Heterocercus linteatus,Heterocercus linteatus,"(Strickland, 1850)",1850,gbif
Ilicura militaris,Ilicura militaris,"(Shaw, 1809)",1809,gbif
Lepidothrix coeruleocapilla,Lepidothrix coeruleocapilla,"(Tschudi, 1844)",1844,gbif
Lepidothrix coronata,Lepidothrix coronata,"(Spix, 1825)",1825,gbif
Lepidothrix iris,Lepidothrix iris,"(Schinz, 1851)",1851,gbif
Lepidothrix isidorei,Lepidothrix isidorei,"(P.L.Sclater, 1852)",1852,gbif
Lepidothrix nattereri,Lepidothrix nattereri,"(P.L.Sclater, 1865)",1865,gbif
Lepidothrix serena,Lepidothrix serena,"(Linnaeus, 1766)",1766,gbif
Lepidothrix suavissima,Lepidothrix suavissima,"(Salvin & Godman, 1882)",1882,gbif
Lepidothrix vilasboasi,Lepidothrix vilasboasi,"(Sick, 1959)",1959,gbif
Machaeropterus deliciosus,Machaeropterus deliciosus,"(P.L.Sclater, 1860)",1860,gbif
Machaeropterus eckelberryi,Machaeropterus eckelberryi,"Lane, Kratter & O'Neill, 2017",2017,gbif
Machaeropterus pyrocephalus,Machaeropterus pyrocephalus,"(P.L.Sclater, 1852)",1852,gbif
Machaeropterus regulus,Machaeropterus regulus,"(Hahn, 1819)",1819,gbif
Machaeropterus striolatus,Machaeropterus striolatus,"(Hahn, 1819)",1819,gbif
Manacus aurantiacus,Manacus aurantiacus,"(Salvin, 1870)",1870,gbif
Manacus candei,Manacus candei,"(Parzudaki, 1841)",1841,gbif
Manacus manacus,Manacus manacus,"(Linnaeus, 1766)",1766,gbif
Manacus vitellinus,Manacus vitellinus,"(Gould, 1843)",1843,gbif
Masius chrysopterus,Masius chrysopterus,"(Lafresnaye, 1843)",1843,gbif
Neopelma aurifrons,Neopelma aurifrons,"(Wied-Neuwied, 1831)",1831,gbif
Neopelma chrysocephalum,Neopelma chrysocephalum,"(Pelzeln, 1868)",1868,gbif
Neopelma chrysolophum,Neopelma chrysolophum,"Pinto, 1944",1944,gbif
Neopelma pallescens,Neopelma pallescens,"(Lafresnaye, 1853)",1853,gbif
Neopelma sulphureiventer,Neopelma sulphureiventer,"(Hellmayr, 1903)",1903,gbif
Pipra aureola,Pipra aureola,"(Linnaeus, 1758)",1758,gbif
Pipra fasciicauda,Pipra fasciicauda,"Hellmayr, 1906",1906,gbif
Pipra filicauda,Pipra filicauda,"Spix, 1825",1825,gbif
Pseudopipra pipra,Pseudopipra pipra,"(Linnaeus, 1758)",1758,gbif
Tyranneutes stolzmanni,Tyranneutes stolzmanni,"(Hellmayr, 1906)",1906,gbif
Tyranneutes virescens,Tyranneutes virescens,"(Pelzeln, 1868)",1868,gbif
Xenopipo atronitens,Xenopipo atronitens,"Cabanis, 1847",1847,gbif
Xenopipo uniformis,Xenopipo uniformis,"(Salvin & Godman, 1884)",1884,gbif
Erythropitta arquata,Erythropitta arquata,"(Gould, 1871)",1871,gbif
Erythropitta caeruleitorques,Erythropitta caeruleitorques,"(Salvadori, 1876)",1876,gbif
Erythropitta celebensis,Erythropitta celebensis,"(S.Müller & Schlegel, 1845)",1845,gbif
Erythropitta dohertyi,Erythropitta dohertyi,"(Rothschild, 1898)",1898,gbif
Erythropitta erythrogaster,Erythropitta erythrogaster,"(Temminck, 1823)",1823,gbif
Erythropitta gazellae,Erythropitta gazellae,"(Neumann, 1908)",1908,gbif
Erythropitta granatina,Erythropitta granatina,"(Temminck, 1830)",1830,gbif
Erythropitta inspeculata,Erythropitta inspeculata,"(Meyer & Wiglesworth, 1894)",1894,gbif
Erythropitta kochi,Erythropitta kochi,"(Brüggemann, 1876)",1876,gbif
Erythropitta macklotii,Erythropitta macklotii,"(Temminck, 1834)",1834,gbif
Erythropitta meeki,Erythropitta meeki,"(Rothschild, 1898)",1898,gbif
Erythropitta novaehibernicae,Erythropitta novaehibernicae,"(E.P.Ramsay, 1878)",1878,gbif
Erythropitta palliceps,Erythropitta palliceps,"(Brüggemann, 1876)",1876,gbif
Erythropitta rubrinucha,Erythropitta rubrinucha,"(Wallace, 1862)",1862,gbif
Erythropitta rufiventris,Erythropitta rufiventris,"(Heine, 1860)",1860,gbif
Erythropitta splendida,Erythropitta splendida,"(Mayr, 1955)",1955,gbif
Erythropitta ussheri,Erythropitta ussheri,"(Gould, 1877)",1877,gbif
Erythropitta venusta,Erythropitta venusta,"(S.Müller, 1836)",1836,gbif
Hydrornis baudii,Hydrornis baudii,"(S.Müller & Schlegel, 1839)",1839,gbif
Hydrornis caeruleus,Hydrornis caeruleus,"(Raffles, 1822)",1822,gbif
Hydrornis cyaneus,Hydrornis cyaneus,"(Blyth, 1843)",1843,gbif
Hydrornis elliotii,Hydrornis elliotii,"(Oustalet, 1874)",1874,gbif
Hydrornis guajanus,Hydrornis guajanus,"(Müller & Pls, 1776)",1776,gbif
Hydrornis gurneyi,Hydrornis gurneyi,"(Hume, 1875)",1875,gbif
Hydrornis irena,Hydrornis irena,"(Temminck, 1836)",1836,gbif
Hydrornis nipalensis,Hydrornis nipalensis,"(Hodgson, 1837)",1837,gbif
Hydrornis oatesi,Hydrornis oatesi,"Hume, 1873",1873,gbif
Hydrornis phayrei,Hydrornis phayrei,"(Blyth, 1862)",1862,gbif
Hydrornis schneideri,Hydrornis schneideri,"(Hartert & Ejo, 1909)",1909,gbif
Hydrornis schwaneri,Hydrornis schwaneri,"(Bonaparte, 1850)",1850,gbif
Hydrornis soror,Hydrornis soror,"(R.G.Wardlaw-Ramsay, 1881)",1881,gbif
Pitta anerythra,Pitta anerythra,"Rothschild, 1901",1901,gbif
Pitta angolensis,Pitta angolensis,"Vieillot, 1816",1816,gbif
Pitta brachyura,Pitta brachyura,"(Linnaeus, 1766)",1766,gbif
Pitta elegans,Pitta elegans,"Temminck, 1836",1836,gbif
Pitta iris,Pitta iris,"Gould, 1842",1842,gbif
Pitta maxima,Pitta maxima,"S.Muller & Schlegel, 1845",1845,gbif
Pitta megarhyncha,Pitta megarhyncha,"Schlegel, 1863",1863,gbif
Pitta moluccensis,Pitta moluccensis,"(Statius Muller, 1776)",1776,gbif
Pitta morotaiensis,Pitta morotaiensis,"van Bemmel, 1939",1939,gbif
Pitta novaeguineae,Pitta novaeguineae,"Müller & Schlegel, 1845",1845,gbif
Pitta nympha,Pitta nympha,"Temminck & Schlegel, 1850",1850,gbif
Pitta reichenowi,Pitta reichenowi,"Madarasz, 1901",1901,gbif
Pitta rosenbergii,Pitta rosenbergii,"Schlegel, 1871",1871,gbif
Pitta sordida,Pitta sordida,"(Statius Muller, 1776)",1776,gbif
Pitta steerii,Pitta steerii,"(Sharpe, 1876)",1876,gbif
Pitta superba,Pitta superba,"Rothschild & Hartert, 1914",1914,gbif
Pitta versicolor,Pitta versicolor,"Swainson, 1825",1825,gbif
Pityriasis gymnocephala,Pityriasis gymnocephala,"(Temminck, 1836)",1836,gbif
Platylophus galericulatus,Platylophus galericulatus,"(Cuvier, 1816)",1816,gbif
Batis capensis,Batis capensis,"(Linnaeus, 1766)",1766,gbif
Batis crypta,Batis crypta,"Fjeldsa, Bowie & Kiure, 2006",2006,gbif
Batis dimorpha,Batis dimorpha,"(Shelley, 1893)",1893,gbif
Batis diops,Batis diops,"Jackson, 1905",1905,gbif
Batis erlangeri,Batis erlangeri,"Neumann, 1907",1907,gbif
Batis fratrum,Batis fratrum,"(Shelley, 1900)",1900,gbif
Batis ituriensis,Batis ituriensis,"Chapin, 1921",1921,gbif
Batis margaritae,Batis margaritae,"Boulton, 1934",1934,gbif
Batis minima,Batis minima,"(J.Verreaux & E.Verreaux, 1855)",1855,gbif
Batis minor,Batis minor,"Erlanger, 1901",1901,gbif
Batis minulla,Batis minulla,"(Bocage, 1874)",1874,gbif
Batis mixta,Batis mixta,"(Shelley, 1889)",1889,gbif
Batis molitor,Batis molitor,"(Kuster, 1836)",1836,gbif
Batis occulta,Batis occulta,"Lawson, 1984",1984,gbif
Batis orientalis,Batis orientalis,"(Heuglin, 1870)",1870,gbif
Batis perkeo,Batis perkeo,"Neumann, 1907",1907,gbif
Batis poensis,Batis poensis,"Alexander, 1903",1903,gbif
Batis pririt,Batis pririt,"(Vieillot, 1818)",1818,gbif
Batis reichenowi,Batis reichenowi,"Grote, 1911",1911,gbif
Batis senegalensis,Batis senegalensis,"(Linnaeus, 1766)",1766,gbif
Batis soror,Batis soror,"Reichenow, 1903",1903,gbif
Dyaphorophyia ansorgei,Dyaphorophyia ansorgei,"Hartert, 1905",1905,gbif
Dyaphorophyia blissetti,Dyaphorophyia blissetti,"Sharpe, 1872",1872,gbif
Dyaphorophyia castanea,Dyaphorophyia castanea,"Fraser, 1843",1843,gbif
Dyaphorophyia chalybea,Dyaphorophyia chalybea,"Reichenow, 1897",1897,gbif
Dyaphorophyia concreta,Dyaphorophyia concreta,"Hartlaub, 1855",1855,gbif
Dyaphorophyia hormophora,Dyaphorophyia hormophora,"Reichenow, 1901",1901,gbif
Dyaphorophyia jamesoni,Dyaphorophyia jamesoni,"Sharpe, 1890",1890,gbif
Dyaphorophyia tonsa,Dyaphorophyia tonsa,"Bates, 1911",1911,gbif
Lanioturdus torquatus,Lanioturdus torquatus,"Waterhouse, 1838",1838,gbif
Platysteira albifrons,Platysteira albifrons,"Sharpe, 1873",1873,gbif
Platysteira cyanea,Platysteira cyanea,"(Statius Muller, 1776)",1776,gbif
Platysteira laticincta,Platysteira laticincta,"Bates, 1926",1926,gbif
Platysteira peltata,Platysteira peltata,"Sundevall, 1850",1850,gbif
Amblyospiza albifrons,Amblyospiza albifrons,"(Vigors, 1831)",1831,gbif
Anaplectes jubaensis,Anaplectes jubaensis,"Van Someren, 1920",1920,gbif
Anaplectes leuconotos,Anaplectes leuconotos,"(Müller, 1851)",1851,gbif
Anaplectes rubriceps,Anaplectes rubriceps,"(Sundevall, 1850)",1850,gbif
Brachycope anomala,Brachycope anomala,"(Reichenow, 1887)",1887,gbif
Bubalornis albirostris,Bubalornis albirostris,"(Vieillot, 1817)",1817,gbif
Bubalornis niger,Bubalornis niger,"A.Smith, 1836",1836,gbif
Dinemellia dinemelli,Dinemellia dinemelli,"(Rüppell, 1845)",1845,gbif
Euplectes afer,Euplectes afer,"(Gmelin, 1789)",1789,gbif
Euplectes albonotatus,Euplectes albonotatus,"(Cassin, 1848)",1848,gbif
Euplectes ardens,Euplectes ardens,"(Boddaert, 1783)",1783,gbif
Euplectes aureus,Euplectes aureus,"(Gmelin, 1789)",1789,gbif
Euplectes axillaris,Euplectes axillaris,"(A.Smith, 1838)",1838,gbif
Euplectes capensis,Euplectes capensis,"(Linnaeus, 1766)",1766,gbif
Euplectes diadematus,Euplectes diadematus,"Fischer & Reichenow, 1878",1878,gbif
Euplectes franciscanus,Euplectes franciscanus,"(Isert, 1789)",1789,gbif
Euplectes gierowii,Euplectes gierowii,"Cabanis, 1880",1880,gbif
Euplectes hartlaubi,Euplectes hartlaubi,"(Bocage, 1878)",1878,gbif
Euplectes hordeaceus,Euplectes hordeaceus,"(Linnaeus, 1758)",1758,gbif
Euplectes jacksoni,Euplectes jacksoni,"(Sharpe, 1891)",1891,gbif
Euplectes laticauda,Euplectes laticauda,"(Lichtenstein & Mhc, 1823)",1823,gbif
Euplectes macroura,Euplectes macroura,"(Gmelin, 1789)",1789,gbif
Euplectes nigroventris,Euplectes nigroventris,"Cassin, 1848",1848,gbif
Euplectes orix,Euplectes orix,"(Linnaeus, 1758)",1758,gbif
Euplectes progne,Euplectes progne,"(Boddaert, 1783)",1783,gbif
Euplectes psammacromius,Euplectes psammacromius,"(Reichenow, 1900)",1900,gbif
Foudia aldabrana,Foudia aldabrana,"Ridgway, 1893",1893,gbif
Foudia consobrina,Foudia consobrina,"Milne-Edwards & Oustalet, 1885",1885,gbif
Foudia eminentissima,Foudia eminentissima,"Bonaparte, 1850",1850,gbif
Foudia flavicans,Foudia flavicans,"A.Newton, 1865",1865,gbif
Foudia madagascariensis,Foudia madagascariensis,"(Linnaeus, 1766)",1766,gbif
Foudia omissa,Foudia omissa,"Rothschild, 1912",1912,gbif
Foudia rubra,Foudia rubra,"(Gmelin, 1789)",1789,gbif
Foudia sechellarum,Foudia sechellarum,"E.Newton, 1867",1867,gbif
Histurgops ruficauda,Histurgops ruficauda,"Reichenow, 1887",1887,gbif
Malimbus ballmanni,Malimbus ballmanni,"Wolters, 1974",1974,gbif
Malimbus cassini,Malimbus cassini,"(Elliot, 1859)",1859,gbif
Malimbus coronatus,Malimbus coronatus,"Sharpe, 1906",1906,gbif
Malimbus erythrogaster,Malimbus erythrogaster,"Reichenow, 1893",1893,gbif
Malimbus ibadanensis,Malimbus ibadanensis,"Elgood, 1958",1958,gbif
Malimbus malimbicus,Malimbus malimbicus,"(Daudin, 1802)",1802,gbif
Malimbus nitens,Malimbus nitens,"(J.E.Gray, 1831)",1831,gbif
Malimbus racheliae,Malimbus racheliae,"(Cassin, 1857)",1857,gbif
Malimbus rubricollis,Malimbus rubricollis,"(Swainson, 1838)",1838,gbif
Malimbus scutatus,Malimbus scutatus,"(Cassin, 1849)",1849,gbif
Philetairus socius,Philetairus socius,"(Latham, 1790)",1790,gbif
Plocepasser donaldsoni,Plocepasser donaldsoni,"Sharpe, 1895",1895,gbif
Plocepasser mahali,Plocepasser mahali,"A.Smith, 1836",1836,gbif
Plocepasser rufoscapulatus,Plocepasser rufoscapulatus,"Büttikofer, 1888",1888,gbif
Plocepasser superciliosus,Plocepasser superciliosus,"(Cretzschmar, 1827)",1827,gbif
Ploceus albinucha,Ploceus albinucha,"(Bocage, 1876)",1876,gbif
Ploceus alienus,Ploceus alienus,"(Sharpe, 1902)",1902,gbif
Ploceus angolensis,Ploceus angolensis,"(Bocage, 1878)",1878,gbif
Ploceus aurantius,Ploceus aurantius,"(Vieillot, 1805)",1805,gbif
Ploceus aureonucha,Ploceus aureonucha,"Sassi, 1920",1920,gbif
Ploceus badius,Ploceus badius,"(Cassin, 1850)",1850,gbif
Ploceus baglafecht,Ploceus baglafecht,"(Daudin, 1802)",1802,gbif
Ploceus bannermani,Ploceus bannermani,"Chapin, 1932",1932,gbif
Ploceus batesi,Ploceus batesi,"(Sharpe, 1908)",1908,gbif
Ploceus benghalensis,Ploceus benghalensis,"(Linnaeus, 1758)",1758,gbif
Ploceus bertrandi,Ploceus bertrandi,"(Shelley, 1893)",1893,gbif
Ploceus bicolor,Ploceus bicolor,"Vieillot, 1819",1819,gbif
Ploceus bojeri,Ploceus bojeri,"(Cabanis, 1869)",1869,gbif
Ploceus brachypterus,Ploceus brachypterus,"Swainson, 1837",1837,gbif
Ploceus burnieri,Ploceus burnieri,"N.E.Baker & E.M.Baker, 1990",1990,gbif
Ploceus capensis,Ploceus capensis,"(Linnaeus, 1766)",1766,gbif
Ploceus castaneiceps,Ploceus castaneiceps,"(Sharpe, 1890)",1890,gbif
Ploceus castaneofuscus,Ploceus castaneofuscus,"R.P.Lesson, 1840",1840,gbif
Ploceus castanops,Ploceus castanops,"Shelley, 1888",1888,gbif
Ploceus cucullatus,Ploceus cucullatus,"(Statius Muller, 1776)",1776,gbif
Ploceus dichrocephalus,Ploceus dichrocephalus,"(Salvadori, 1896)",1896,gbif
Ploceus dorsomaculatus,Ploceus dorsomaculatus,"(Reichenow, 1893)",1893,gbif
Ploceus flavipes,Ploceus flavipes,"(Chapin, 1916)",1916,gbif
Ploceus galbula,Ploceus galbula,"Rüppell, 1840",1840,gbif
Ploceus golandi,Ploceus golandi,"(S.Clarke, 1913)",1913,gbif
Ploceus grandis,Ploceus grandis,"(G.R.Gray, 1844)",1844,gbif
Ploceus heuglini,Ploceus heuglini,"Reichenow, 1886",1886,gbif
Ploceus hypoxanthus,Ploceus hypoxanthus,"(Sparrman, 1788)",1788,gbif
Ploceus insignis,Ploceus insignis,"(Sharpe, 1891)",1891,gbif
Ploceus intermedius,Ploceus intermedius,"Rüppell, 1845",1845,gbif
Ploceus jacksoni,Ploceus jacksoni,"Shelley, 1888",1888,gbif
Ploceus katangae,Ploceus katangae,"(Verheyen, 1947)",1947,gbif
Ploceus luteolus,Ploceus luteolus,"(Lichtenstein, 1823)",1823,gbif
Ploceus manyar,Ploceus manyar,"(Horsfield, 1821)",1821,gbif
Ploceus megarhynchus,Ploceus megarhynchus,"Hume, 1869",1869,gbif
Ploceus melanocephalus,Ploceus melanocephalus,"(Linnaeus, 1758)",1758,gbif
Ploceus melanogaster,Ploceus melanogaster,"Shelley, 1887",1887,gbif
Ploceus nelicourvi,Ploceus nelicourvi,"(Scopoli, 1786)",1786,gbif
Ploceus nicolli,Ploceus nicolli,"W.L.Sclater, 1931",1931,gbif
Ploceus nigerrimus,Ploceus nigerrimus,"Vieillot, 1819",1819,gbif
Ploceus nigricollis,Ploceus nigricollis,"(Vieillot, 1805)",1805,gbif
Ploceus nigrimentus,Ploceus nigrimentus,"Reichenow, 1904",1904,gbif
Ploceus ocularis,Ploceus ocularis,"A.Smith, 1828",1828,gbif
Ploceus olivaceiceps,Ploceus olivaceiceps,"(Reichenow, 1899)",1899,gbif
Ploceus pelzelni,Ploceus pelzelni,"(Shelley, 1887)",1887,gbif
Ploceus philippinus,Ploceus philippinus,"(Linnaeus, 1766)",1766,gbif
Ploceus preussi,Ploceus preussi,"(Reichenow, 1892)",1892,gbif
Ploceus princeps,Ploceus princeps,"(Bonaparte, 1850)",1850,gbif
Ploceus reichardi,Ploceus reichardi,"Reichenow, 1886",1886,gbif
Ploceus rubiginosus,Ploceus rubiginosus,"Rüppell, 1840",1840,gbif
Ploceus ruweti,Ploceus ruweti,"Louette & Benson, 1982",1982,gbif
Ploceus sakalava,Ploceus sakalava,"Hartlaub, 1861",1861,gbif
Ploceus sanctithomae,Ploceus sanctithomae,"(Hartlaub, 1848)",1848,gbif
Ploceus spekei,Ploceus spekei,"(Heuglin, 1861)",1861,gbif
Ploceus spekeoides,Ploceus spekeoides,"Grant & Mackworth-Praed, 1947",1947,gbif
Ploceus subaureus,Ploceus subaureus,"A.Smith, 1839",1839,gbif
Ploceus subpersonatus,Ploceus subpersonatus,"(Cabanis, 1876)",1876,gbif
Ploceus superciliosus,Ploceus superciliosus,"(Shelley, 1873)",1873,gbif
Ploceus taeniopterus,Ploceus taeniopterus,"(Reichenbach, 1863)",1863,gbif
Ploceus temporalis,Ploceus temporalis,"(Bocage, 1880)",1880,gbif
Ploceus tricolor,Ploceus tricolor,"(Hartlaub, 1854)",1854,gbif
Ploceus upembae,Ploceus upembae,"(Verheyen, 1953)",1953,gbif
Ploceus velatus,Ploceus velatus,"Vieillot, 1819",1819,gbif
Ploceus vitellinus,Ploceus vitellinus,"(Lichtenstein, 1823)",1823,gbif
Ploceus weynsi,Ploceus weynsi,"(Dubois, 1900)",1900,gbif
Ploceus xanthops,Ploceus xanthops,"(Hartlaub, 1862)",1862,gbif
Ploceus xanthopterus,Ploceus xanthopterus,"(Hartlaub & Finsch, 1870)",1870,gbif
Pseudonigrita arnaudi,Pseudonigrita arnaudi,"(Bonaparte, 1850)",1850,gbif
Pseudonigrita cabanisi,Pseudonigrita cabanisi,"(Fischer & Reichenow, 1884)",1884,gbif
Quelea cardinalis,Quelea cardinalis,"(Hartlaub, 1880)",1880,gbif
Quelea erythrops,Quelea erythrops,"(Hartlaub, 1848)",1848,gbif
Quelea quelea,Quelea quelea,"(Linnaeus, 1758)",1758,gbif
Sporopipes frontalis,Sporopipes frontalis,"(Daudin, 1800)",1800,gbif
Sporopipes squamifrons,Sporopipes squamifrons,"(A.Smith, 1836)",1836,gbif
Pnoepyga albiventer,Pnoepyga albiventer,"(Hodgson, 1837)",1837,gbif
Pnoepyga formosana,Pnoepyga formosana,"Ingram, 1909",1909,gbif
Pnoepyga immaculata,Pnoepyga immaculata,"J.Martens & Eck, 1991",1991,gbif
Pnoepyga pusilla,Pnoepyga pusilla,"Hodgson, 1845",1845,gbif
Microbates cinereiventris,Microbates cinereiventris,"(P.L.Sclater, 1855)",1855,gbif
Microbates collaris,Microbates collaris,"(Pelzeln, 1868)",1868,gbif
Polioptila albiloris,Polioptila albiloris,"P.L.Sclater & Salvin, 1860",1860,gbif
Polioptila caerulea,Polioptila caerulea,"(Linnaeus, 1766)",1766,gbif
Polioptila californica,Polioptila californica,"Brewster, 1881",1881,gbif
Polioptila dumicola,Polioptila dumicola,"(Vieillot, 1817)",1817,gbif
Polioptila guianensis,Polioptila guianensis,"Todd, 1920",1920,gbif
Polioptila lactea,Polioptila lactea,"Sharpe, 1885",1885,gbif
Polioptila lembeyei,Polioptila lembeyei,"(Gundlach, 1858)",1858,gbif
Polioptila maior,Polioptila maior,"(Hellmayr, 1900)",1900,gbif
Polioptila melanura,Polioptila melanura,"Lawrence, 1857",1857,gbif
Polioptila nigriceps,Polioptila nigriceps,"S.F.Baird, 1864",1864,gbif
Polioptila plumbea,Polioptila plumbea,"(Gmelin, 1788)",1788,gbif
Polioptila schistaceigula,Polioptila schistaceigula,"Hartert, 1898",1898,gbif
Ramphocaenus melanurus,Ramphocaenus melanurus,"Vieillot, 1819",1819,gbif
Garritornis isidorei,Garritornis isidorei,"(Lesson, 1827)",1827,gbif
Pomatostomus halli,Pomatostomus halli,"Cowles, 1964",1964,gbif
Pomatostomus ruficeps,Pomatostomus ruficeps,"(Hartlaub, 1852)",1852,gbif
Pomatostomus superciliosus,Pomatostomus superciliosus,"(Vigors & Horsfield, 1827)",1827,gbif
Pomatostomus temporalis,Pomatostomus temporalis,"(Vigors & Horsfield, 1827)",1827,gbif
Promerops cafer,Promerops cafer,"(Linnaeus, 1758)",1758,gbif
Promerops gurneyi,Promerops gurneyi,"J.Verreaux, 1871",1871,gbif
Prunella atrogularis,Prunella atrogularis,"(Brandt, 1843)",1843,gbif
Prunella collaris,Prunella collaris,"(Scopoli, 1769)",1769,gbif
Prunella fulvescens,Prunella fulvescens,"(Severtzov, 1873)",1873,gbif
Prunella himalayana,Prunella himalayana,"(Blyth, 1842)",1842,gbif
Prunella immaculata,Prunella immaculata,"(Hodgson, 1845)",1845,gbif
Prunella koslowi,Prunella koslowi,"(Prjevalsky, 1887)",1887,gbif
Prunella modularis,Prunella modularis,"(Linnaeus, 1758)",1758,gbif
Prunella montanella,Prunella montanella,"(Pallas, 1776)",1776,gbif
Prunella ocularis,Prunella ocularis,"(Radde, 1884)",1884,gbif
Prunella rubeculoides,Prunella rubeculoides,"(Moore, 1854)",1854,gbif
Prunella rubida,Prunella rubida,"(Temminck & Schlegel, 1845)",1845,gbif
Prunella strophiata,Prunella strophiata,"(Blyth, 1843)",1843,gbif
Androphobus viridis,Androphobus viridis,"(Rothschild & Hartert, 1911)",1911,gbif
Psophodes cristatus,Psophodes cristatus,"(Gould, 1838)",1838,gbif
Psophodes nigrogularis,Psophodes nigrogularis,"Gould, 1844",1844,gbif
Psophodes occidentalis,Psophodes occidentalis,"(Mathews, 1912)",1912,gbif
Psophodes olivaceus,Psophodes olivaceus,"(Latham, 1802)",1802,gbif
Phainopepla nitens,Phainopepla nitens,"(Swainson, 1838)",1838,gbif
Phainoptila melanoxantha,Phainoptila melanoxantha,"Salvin, 1877",1877,gbif
Ptiliogonys caudatus,Ptiliogonys caudatus,"Cabanis, 1861",1861,gbif
Ptiliogonys cinereus,Ptiliogonys cinereus,"Swainson, 1827",1827,gbif
Ailuroedus buccoides,Ailuroedus buccoides,"(Temminck, 1836)",1836,gbif
Ailuroedus crassirostris,Ailuroedus crassirostris,"(Paykull, 1815)",1815,gbif
Ailuroedus melanotis,Ailuroedus melanotis,"(G.R.Gray, 1858)",1858,gbif
Amblyornis flavifrons,Amblyornis flavifrons,"Rothschild, 1895",1895,gbif
Amblyornis inornata,Amblyornis inornata,"(Schlegel, 1871)",1871,gbif
Amblyornis macgregoriae,Amblyornis macgregoriae,"De Vis, 1890",1890,gbif
Amblyornis subalaris,Amblyornis subalaris,"Sharpe, 1884",1884,gbif
Archboldia papuensis,Archboldia papuensis,"Rand, 1940",1940,gbif
Chlamydera cerviniventris,Chlamydera cerviniventris,"Gould, 1850",1850,gbif
Chlamydera guttata,Chlamydera guttata,"Gould, 1862",1862,gbif
Chlamydera lauterbachi,Chlamydera lauterbachi,"Reichenow, 1897",1897,gbif
Chlamydera maculata,Chlamydera maculata,"(Gould, 1837)",1837,gbif
Chlamydera nuchalis,Chlamydera nuchalis,"(Jardine & Selby, 1830)",1830,gbif
Prionodura newtoniana,Prionodura newtoniana,"De Vis, 1883",1883,gbif
Ptilonorhynchus violaceus,Ptilonorhynchus violaceus,"(Vieillot, 1816)",1816,gbif
Scenopoeetes dentirostris,Scenopoeetes dentirostris,"(E.P.Ramsay, 1876)",1876,gbif
Sericulus ardens,Sericulus ardens,"(Albertis & Salvadori, 1879)",1879,gbif
Sericulus aureus,Sericulus aureus,"(Linnaeus, 1758)",1758,gbif
Sericulus bakeri,Sericulus bakeri,"(Chapin, 1929)",1929,gbif
Sericulus chrysocephalus,Sericulus chrysocephalus,"(Lewin, 1808)",1808,gbif
Acritillas indica,Acritillas indica,"(Jerdon, 1839)",1839,gbif
Alcurus striatus,Alcurus striatus,"(Blyth, 1842)",1842,gbif
Alophoixus bres,Alophoixus bres,"(Lesson, 1831)",1831,gbif
Alophoixus flaveolus,Alophoixus flaveolus,"(Gould, 1836)",1836,gbif
Alophoixus frater,Alophoixus frater,"(Sharpe, 1877)",1877,gbif
Alophoixus griseiceps,Alophoixus griseiceps,"(Hume, 1873)",1873,gbif
Alophoixus ochraceus,Alophoixus ochraceus,"(Moore, 1854)",1854,gbif
Alophoixus pallidus,Alophoixus pallidus,"(Swinhoe, 1870)",1870,gbif
Alophoixus phaeocephalus,Alophoixus phaeocephalus,"(Hartlaub, 1844)",1844,gbif
Alophoixus ruficrissus,Alophoixus ruficrissus,"(Sharpe, 1879)",1879,gbif
Alophoixus tephrogenys,Alophoixus tephrogenys,"(Jardine & Selby, 1833)",1833,gbif
Andropadus importunus,Andropadus importunus,"(Vieillot, 1818)",1818,gbif
Arizelocichla chlorigula,Arizelocichla chlorigula,"(Reichenow, 1899)",1899,gbif
Arizelocichla fusciceps,Arizelocichla fusciceps,"(Shelley, 1893)",1893,gbif
Arizelocichla masukuensis,Arizelocichla masukuensis,"(Shelley, 1897)",1897,gbif
Arizelocichla milanjensis,Arizelocichla milanjensis,"(Shelley, 1894)",1894,gbif
Arizelocichla montana,Arizelocichla montana,"(Reichenow, 1892)",1892,gbif
Arizelocichla neumanni,Arizelocichla neumanni,"Hartert, 1922",1922,gbif
Arizelocichla nigriceps,Arizelocichla nigriceps,"(Shelley, 1889)",1889,gbif
Arizelocichla striifacies,Arizelocichla striifacies,"(Reichenow & Neumann, 1895)",1895,gbif
Arizelocichla tephrolaema,Arizelocichla tephrolaema,"(G.R.Gray, 1862)",1862,gbif
Atimastillas flavicollis,Atimastillas flavicollis,"(Swainson, 1837)",1837,gbif
Atimastillas flavigula,Atimastillas flavigula,"(Cabanis, 1880)",1880,gbif
Baeopogon clamans,Baeopogon clamans,"(Sjöstedt, 1893)",1893,gbif
Baeopogon indicator,Baeopogon indicator,"(J.Verreaux & E.Verreaux, 1855)",1855,gbif
Bleda canicapillus,Bleda canicapillus,"(Hartlaub, 1854)",1854,gbif
Bleda eximius,Bleda eximius,"(Hartlaub, 1855)",1855,gbif
Bleda notatus,Bleda notatus,"(Cassin, 1856)",1856,gbif
Bleda syndactylus,Bleda syndactylus,"(Swainson, 1837)",1837,gbif
Bleda ugandae,Bleda ugandae,"Van Someren, 1915",1915,gbif
Brachypodius atriceps,Brachypodius atriceps,"(Temminck, 1822)",1822,gbif
Brachypodius fuscoflavescens,Brachypodius fuscoflavescens,"Hume, 1873",1873,gbif
Brachypodius priocephalus,Brachypodius priocephalus,"(Jerdon, 1839)",1839,gbif
Calyptocichla serinus,Calyptocichla serinus,"(J.Verreaux & E.Verreaux, 1855)",1855,gbif
Chlorocichla falkensteini,Chlorocichla falkensteini,"(Reichenow, 1874)",1874,gbif
Chlorocichla flaviventris,Chlorocichla flaviventris,"(A.Smith, 1834)",1834,gbif
Chlorocichla laetissima,Chlorocichla laetissima,"(Sharpe, 1899)",1899,gbif
Chlorocichla prigoginei,Chlorocichla prigoginei,"De Roo, 1967",1967,gbif
Chlorocichla simplex,Chlorocichla simplex,"(Hartlaub, 1855)",1855,gbif
Criniger barbatus,Criniger barbatus,"(Temminck, 1821)",1821,gbif
Criniger calurus,Criniger calurus,"(Cassin, 1856)",1856,gbif
Criniger chloronotus,Criniger chloronotus,"(Cassin, 1859)",1859,gbif
Criniger ndussumensis,Criniger ndussumensis,"Reichenow, 1904",1904,gbif
Criniger olivaceus,Criniger olivaceus,"(Swainson, 1837)",1837,gbif
Euptilotus eutilotus,Euptilotus eutilotus,"(Jardine & Selby, 1837)",1837,gbif
Eurillas ansorgei,Eurillas ansorgei,"(Hartert, 1907)",1907,gbif
Eurillas curvirostris,Eurillas curvirostris,"(Cassin, 1859)",1859,gbif
Eurillas gracilis,Eurillas gracilis,"(Cabanis, 1880)",1880,gbif
Eurillas latirostris,Eurillas latirostris,"(Strickland, 1844)",1844,gbif
Eurillas virens,Eurillas virens,"(Cassin, 1857)",1857,gbif
Hemixos castanonotus,Hemixos castanonotus,"Swinhoe, 1870",1870,gbif
Hemixos cinereus,Hemixos cinereus,"(Blyth, 1845)",1845,gbif
Hemixos connectens,Hemixos connectens,"(Sharpe, 1887)",1887,gbif
Hemixos flavala,Hemixos flavala,"Blyth, 1845",1845,gbif
Hemixos leucogrammicus,Hemixos leucogrammicus,"(S.Müller, 1836)",1836,gbif
Hypsipetes affinis,Hypsipetes affinis,"(Hombron & Jacquinot, 1841)",1841,gbif
Hypsipetes amaurotis,Hypsipetes amaurotis,"(Temminck, 1830)",1830,gbif
Hypsipetes aureus,Hypsipetes aureus,"(Walden, 1872)",1872,gbif
Hypsipetes borbonicus,Hypsipetes borbonicus,"(J.R.Forster, 1781)",1781,gbif
Hypsipetes catarmanensis,Hypsipetes catarmanensis,"Rand & Rabor, 1969",1969,gbif
Hypsipetes chloris,Hypsipetes chloris,"(Finsch, 1867)",1867,gbif
Hypsipetes crassirostris,Hypsipetes crassirostris,"E.Newton, 1867",1867,gbif
Hypsipetes everetti,Hypsipetes everetti,"(Tweeddale, 1877)",1877,gbif
Hypsipetes ganeesa,Hypsipetes ganeesa,"Sykes, 1832",1832,gbif
Hypsipetes harterti,Hypsipetes harterti,"(Stresemann, 1912)",1912,gbif
Hypsipetes haynaldi,Hypsipetes haynaldi,"(Blasius, 1890)",1890,gbif
Hypsipetes leucocephalus,Hypsipetes leucocephalus,"(Gmelin, 1789)",1789,gbif
Hypsipetes longirostris,Hypsipetes longirostris,"(Wallace, 1863)",1863,gbif
Hypsipetes lucasi,Hypsipetes lucasi,"(Hartert & Ejo, 1903)",1903,gbif
Hypsipetes madagascariensis,Hypsipetes madagascariensis,"(Statius Muller, 1776)",1776,gbif
Hypsipetes moheliensis,Hypsipetes moheliensis,"(Benson, 1960)",1960,gbif
Hypsipetes mysticalis,Hypsipetes mysticalis,"(Wallace, 1863)",1863,gbif
Hypsipetes olivaceus,Hypsipetes olivaceus,"Jardine & Selby, 1837",1837,gbif
Hypsipetes parvirostris,Hypsipetes parvirostris,"Milne-Edwards & Oustalet, 1885",1885,gbif
Hypsipetes philippinus,Hypsipetes philippinus,"(J.R.Forster, 1795)",1795,gbif
Hypsipetes platenae,Hypsipetes platenae,"(W.Blasius, 1888)",1888,gbif
Hypsipetes rufigularis,Hypsipetes rufigularis,"(Sharpe, 1877)",1877,gbif
Hypsipetes siquijorensis,Hypsipetes siquijorensis,"(Steere, 1890)",1890,gbif
Hypsipetes thompsoni,Hypsipetes thompsoni,"(Bingham, 1900)",1900,gbif
Iole charlottae,Iole charlottae,"(Finsch, 1867)",1867,gbif
Iole finschii,Iole finschii,"(Salvadori, 1871)",1871,gbif
Iole palawanensis,Iole palawanensis,"(Tweeddale, 1878)",1878,gbif
Iole propinqua,Iole propinqua,"(Oustalet, 1903)",1903,gbif
Iole viridescens,Iole viridescens,"Blyth, 1867",1867,gbif
Ixidia cyaniventris,Ixidia cyaniventris,"(Blyth, 1842)",1842,gbif
Ixidia erythropthalmos,Ixidia erythropthalmos,"(Hume, 1878)",1878,gbif
Ixidia squamata,Ixidia squamata,"(Temminck, 1828)",1828,gbif
Ixonotus guttatus,Ixonotus guttatus,"J.Verreaux & E.Verreaux, 1851",1851,gbif
Ixos malaccensis,Ixos malaccensis,"(Blyth, 1845)",1845,gbif
Ixos mcclellandii,Ixos mcclellandii,"(Horsfield, 1840)",1840,gbif
Ixos nicobariensis,Ixos nicobariensis,"(Moore, 1854)",1854,gbif
Ixos sumatranus,Ixos sumatranus,"(R.G.Wardlaw-Ramsay, 1882)",1882,gbif
Ixos virescens,Ixos virescens,"Temminck, 1825",1825,gbif
Microtarsus melanoleucos,Microtarsus melanoleucos,"Eyton, 1839",1839,gbif
Neolestes torquatus,Neolestes torquatus,"Cabanis, 1875",1875,gbif
Nok hualon,Nok hualon,"(Woxvold, Duckworth & Timmins, 2009)",2009,gbif
Phyllastrephus albigula,Phyllastrephus albigula,"(Grote, 1919)",1919,gbif
Phyllastrephus albigularis,Phyllastrephus albigularis,"(Sharpe, 1882)",1882,gbif
Phyllastrephus baumanni,Phyllastrephus baumanni,"Reichenow, 1895",1895,gbif
Phyllastrephus cabanisi,Phyllastrephus cabanisi,"(Sharpe, 1882)",1882,gbif
Phyllastrephus cerviniventris,Phyllastrephus cerviniventris,"Shelley, 1894",1894,gbif
Phyllastrephus debilis,Phyllastrephus debilis,"(W.L.Sclater, 1899)",1899,gbif
Phyllastrephus fischeri,Phyllastrephus fischeri,"(Reichenow, 1879)",1879,gbif
Phyllastrephus flavostriatus,Phyllastrephus flavostriatus,"(Sharpe, 1876)",1876,gbif
Phyllastrephus fulviventris,Phyllastrephus fulviventris,"Cabanis, 1876",1876,gbif
Phyllastrephus hypochloris,Phyllastrephus hypochloris,"(Jackson, 1906)",1906,gbif
Phyllastrephus icterinus,Phyllastrephus icterinus,"(Bonaparte, 1850)",1850,gbif
Phyllastrephus lorenzi,Phyllastrephus lorenzi,"Sassi, 1914",1914,gbif
Phyllastrephus poensis,Phyllastrephus poensis,"Alexander, 1903",1903,gbif
Phyllastrephus poliocephalus,Phyllastrephus poliocephalus,"(Reichenow, 1892)",1892,gbif
Phyllastrephus strepitans,Phyllastrephus strepitans,"(Reichenow, 1879)",1879,gbif
Phyllastrephus terrestris,Phyllastrephus terrestris,"Swainson, 1837",1837,gbif
Phyllastrephus viridiceps,Phyllastrephus viridiceps,"Rand, 1955",1955,gbif
Phyllastrephus xavieri,Phyllastrephus xavieri,"(Oustalet, 1892)",1892,gbif
Poliolophus urostictus,Poliolophus urostictus,"(Salvadori, 1870)",1870,gbif
Pycnonotus aurigaster,Pycnonotus aurigaster,"(Vieillot, 1818)",1818,gbif
Pycnonotus barbatus,Pycnonotus barbatus,"(Desfontaines, 1789)",1789,gbif
Pycnonotus bimaculatus,Pycnonotus bimaculatus,"(Horsfield, 1821)",1821,gbif
Pycnonotus blanfordi,Pycnonotus blanfordi,"Jerdon, 1862",1862,gbif
Pycnonotus brunneus,Pycnonotus brunneus,"Blyth, 1845",1845,gbif
Pycnonotus cafer,Pycnonotus cafer,"(Linnaeus, 1766)",1766,gbif
Pycnonotus capensis,Pycnonotus capensis,"(Linnaeus, 1766)",1766,gbif
Pycnonotus cinereifrons,Pycnonotus cinereifrons,"(Tweeddale, 1878)",1878,gbif
Pycnonotus davisoni,Pycnonotus davisoni,"(Hume, 1875)",1875,gbif
Pycnonotus finlaysoni,Pycnonotus finlaysoni,"Strickland, 1844",1844,gbif
Pycnonotus flavescens,Pycnonotus flavescens,"Blyth, 1845",1845,gbif
Pycnonotus goiavier,Pycnonotus goiavier,"(Scopoli, 1786)",1786,gbif
Pycnonotus jocosus,Pycnonotus jocosus,"(Linnaeus, 1758)",1758,gbif
Pycnonotus leucogenys,Pycnonotus leucogenys,"(J.E.Gray, 1835)",1835,gbif
Pycnonotus leucops,Pycnonotus leucops,"(Sharpe, 1888)",1888,gbif
Pycnonotus leucotis,Pycnonotus leucotis,"(Gould, 1836)",1836,gbif
Pycnonotus luteolus,Pycnonotus luteolus,"(Lesson, 1841)",1841,gbif
Pycnonotus nieuwenhuisii,Pycnonotus nieuwenhuisii,"(Finsch, 1901)",1901,gbif
Pycnonotus nigricans,Pycnonotus nigricans,"(Vieillot, 1818)",1818,gbif
Pycnonotus penicillatus,Pycnonotus penicillatus,"Blyth, 1851",1851,gbif
Pycnonotus plumosus,Pycnonotus plumosus,"Blyth, 1845",1845,gbif
Pycnonotus pseudosimplex,Pycnonotus pseudosimplex,"Shakya, Lim, Moyle, Rahman, Lakim & Sheldon, 2019",2019,gbif
Pycnonotus simplex,Pycnonotus simplex,"Lesson, 1839",1839,gbif
Pycnonotus sinensis,Pycnonotus sinensis,"(Gmelin, 1789)",1789,gbif
Pycnonotus snouckaerti,Pycnonotus snouckaerti,"Siebers, 1928",1928,gbif
Pycnonotus taivanus,Pycnonotus taivanus,"Styan, 1893",1893,gbif
Pycnonotus tympanistrigus,Pycnonotus tympanistrigus,"(S.Muller, 1836)",1836,gbif
Pycnonotus xantholaemus,Pycnonotus xantholaemus,"(Jerdon, 1845)",1845,gbif
Pycnonotus xanthopygos,Pycnonotus xanthopygos,"(Hemprich & Ehrenberg, 1833)",1833,gbif
Pycnonotus xanthorrhous,Pycnonotus xanthorrhous,"Anderson, 1869",1869,gbif
Pycnonotus zeylanicus,Pycnonotus zeylanicus,"(Gmelin, 1789)",1789,gbif
Pyrrhurus scandens,Pyrrhurus scandens,"Swainson, 1837",1837,gbif
Rubigula dispar,Rubigula dispar,"(Horsfield, 1821)",1821,gbif
Rubigula flaviventris,Rubigula flaviventris,"(Tickell, 1833)",1833,gbif
Rubigula gularis,Rubigula gularis,"(Gould, 1836)",1836,gbif
Rubigula melanictera,Rubigula melanictera,"(J.F.Gmelin, 1789)",1789,gbif
Rubigula montis,Rubigula montis,"Sharpe, 1879",1879,gbif
Setornis criniger,Setornis criniger,"Lesson, 1839",1839,gbif
Spizixos canifrons,Spizixos canifrons,"Blyth, 1845",1845,gbif
Spizixos semitorques,Spizixos semitorques,"Swinhoe, 1861",1861,gbif
Stelgidillas gracilirostris,Stelgidillas gracilirostris,"(Strickland, 1844)",1844,gbif
Thescelocichla leucopleura,Thescelocichla leucopleura,"(Cassin, 1855)",1855,gbif
Tricholestes criniger,Tricholestes criniger,"(Blyth, 1845)",1845,gbif
Regulus calendula,Regulus calendula,"(Linnaeus, 1766)",1766,gbif
Regulus goodfellowi,Regulus goodfellowi,"Ogilvie-Grant, 1906",1906,gbif
Regulus ignicapilla,Regulus ignicapilla,"(Temminck, 1820)",1820,gbif
Regulus madeirensis,Regulus madeirensis,"Harcourt, 1851",1851,gbif
Regulus regulus,Regulus regulus,"(Linnaeus, 1758)",1758,gbif
Regulus satrapa,Regulus satrapa,"Lichtenstein, 1823",1823,gbif
Anthoscopus caroli,Anthoscopus caroli,"(Sharpe, 1871)",1871,gbif
Anthoscopus flavifrons,Anthoscopus flavifrons,"(Cassin, 1855)",1855,gbif
Anthoscopus minutus,Anthoscopus minutus,"(Shaw, 1812)",1812,gbif
Anthoscopus musculus,Anthoscopus musculus,"(Hartlaub, 1882)",1882,gbif
Anthoscopus parvulus,Anthoscopus parvulus,"(Heuglin, 1864)",1864,gbif
Anthoscopus punctifrons,Anthoscopus punctifrons,"(Sundevall, 1850)",1850,gbif
Anthoscopus sylviella,Anthoscopus sylviella,"Reichenow, 1904",1904,gbif
Auriparus flaviceps,Auriparus flaviceps,"(Sundevall, 1850)",1850,gbif
Remiz consobrinus,Remiz consobrinus,"(Swinhoe, 1870)",1870,gbif
Remiz coronatus,Remiz coronatus,"(Severtzov, 1873)",1873,gbif
Remiz pendulinus,Remiz pendulinus,"(Linnaeus, 1758)",1758,gbif
Rhagologus leucostigma,Rhagologus leucostigma,"(Salvadori, 1876)",1876,gbif
Acropternis orthonyx,Acropternis orthonyx,"(Lafresnaye, 1843)",1843,gbif
Eleoscytalopus indigoticus,Eleoscytalopus indigoticus,"(Wied-Neuwied, 1831)",1831,gbif
Eleoscytalopus psychopompus,Eleoscytalopus psychopompus,"(Teixeira & Carnevalli, 1989)",1989,gbif
Eugralla paradoxa,Eugralla paradoxa,"(Kittlitz, 1830)",1830,gbif
Liosceles thoracicus,Liosceles thoracicus,"(P.L.Sclater, 1865)",1865,gbif
Merulaxis ater,Merulaxis ater,"Lesson, 1831",1831,gbif
Merulaxis stresemanni,Merulaxis stresemanni,"Sick, 1960",1960,gbif
Myornis senilis,Myornis senilis,"(Lafresnaye, 1840)",1840,gbif
Psilorhamphus guttatus,Psilorhamphus guttatus,"(Ménétriés, 1835)",1835,gbif
Pteroptochos castaneus,Pteroptochos castaneus,"Philippi & Landbeck, 1864",1864,gbif
Pteroptochos megapodius,Pteroptochos megapodius,"Kittlitz, 1830",1830,gbif
Pteroptochos tarnii,Pteroptochos tarnii,"(King, 1831)",1831,gbif
Rhinocrypta lanceolata,Rhinocrypta lanceolata,"(I.Geoffroy Saint-Hilaire, 1832)",1832,gbif
Scelorchilus albicollis,Scelorchilus albicollis,"(Kittlitz, 1830)",1830,gbif
Scelorchilus rubecula,Scelorchilus rubecula,"(Kittlitz, 1830)",1830,gbif
Scytalopus acutirostris,Scytalopus acutirostris,"(Tschudi, 1844)",1844,gbif
Scytalopus affinis,Scytalopus affinis,"Zimmer, 1939",1939,gbif
Scytalopus altirostris,Scytalopus altirostris,"Zimmer, 1939",1939,gbif
Scytalopus alvarezlopezi,Scytalopus alvarezlopezi,"Stiles, Laverde-R, O & Cadena, 2017",2017,gbif
Scytalopus argentifrons,Scytalopus argentifrons,"Ridgway, 1891",1891,gbif
Scytalopus atratus,Scytalopus atratus,"Hellmayr, 1922",1922,gbif
Scytalopus bolivianus,Scytalopus bolivianus,"Allen, 1889",1889,gbif
Scytalopus canus,Scytalopus canus,"Chapman, 1915",1915,gbif
Scytalopus caracae,Scytalopus caracae,"Hellmayr, 1922",1922,gbif
Scytalopus chocoensis,Scytalopus chocoensis,"Krabbe & Schulenberg, 1997",1997,gbif
Scytalopus diamantinensis,Scytalopus diamantinensis,"Bornschein, Mauricio, Belmont-Lopes, Mata & Bonatto, 2007",2007,gbif
Scytalopus femoralis,Scytalopus femoralis,"(Tschudi, 1844)",1844,gbif
Scytalopus frankeae,Scytalopus frankeae,"K.V.Rosenberg, T.J.Davis, G.H.Rosenberg, Hosner, Robbins, Valqui & Lane, 2020",2020,gbif
Scytalopus fuscus,Scytalopus fuscus,"Gould, 1837",1837,gbif
Scytalopus gettyae,Scytalopus gettyae,"Hosner, Robbins, Valqui & Peterson, 2013",2013,gbif
Scytalopus gonzagai,Scytalopus gonzagai,"Maurício, Belmonte-Lopes, Pacheco, Silveira, Whitney & Bornschein, 2014",2014,gbif
Scytalopus griseicollis,Scytalopus griseicollis,"(Lafresnaye, 1840)",1840,gbif
Scytalopus iraiensis,Scytalopus iraiensis,"Bornschein, Reinert & Pichorim, 1998",1998,gbif
Scytalopus krabbei,Scytalopus krabbei,"Schulenberg, Lane, A.J.Spencer, Angulo & Cadena, 2020",2020,gbif
Scytalopus latebricola,Scytalopus latebricola,"Bangs, 1899",1899,gbif
Scytalopus latrans,Scytalopus latrans,"Hellmayr, 1924",1924,gbif
Scytalopus macropus,Scytalopus macropus,"Berlepsch & Stolzmann, 1896",1896,gbif
Scytalopus magellanicus,Scytalopus magellanicus,"(Gmelin, 1789)",1789,gbif
Scytalopus meridanus,Scytalopus meridanus,"Hellmayr, 1922",1922,gbif
Scytalopus micropterus,Scytalopus micropterus,"(P.L.Sclater, 1858)",1858,gbif
Scytalopus novacapitalis,Scytalopus novacapitalis,"Sick, 1958",1958,gbif
Scytalopus opacus,Scytalopus opacus,"Zimmer, 1941",1941,gbif
Scytalopus pachecoi,Scytalopus pachecoi,"Mauricio, 2005",2005,gbif
Scytalopus panamensis,Scytalopus panamensis,"Chapman, 1915",1915,gbif
Scytalopus parkeri,Scytalopus parkeri,"Krabbe & Schulenberg, 1997",1997,gbif
Scytalopus parvirostris,Scytalopus parvirostris,"Zimmer, 1939",1939,gbif
Scytalopus perijanus,Scytalopus perijanus,"Avendaño, Cuervo, López-O, Gutiérrez-Pinto, Cortés-Diago & Cadena, 2015",2015,gbif
Scytalopus petrophilus,Scytalopus petrophilus,"B.M.Whitney, Vasconcelos, Silveira & Pacheco, 2010",2010,gbif
Scytalopus robbinsi,Scytalopus robbinsi,"Krabbe & Schulenberg, 1997",1997,gbif
Scytalopus rodriguezi,Scytalopus rodriguezi,"Krabbe, P.G.W.Salaman, A.Cortes, A.Quevedo, L.A.Ortega & C.D.Cadena, 2005",2005,gbif
Scytalopus sanctaemartae,Scytalopus sanctaemartae,"Chapman, 1915",1915,gbif
Scytalopus schulenbergi,Scytalopus schulenbergi,"B.M.Whitney, 1994",1994,gbif
Scytalopus simonsi,Scytalopus simonsi,"Chubb, 1917",1917,gbif
Scytalopus speluncae,Scytalopus speluncae,"(Ménétriés, 1835)",1835,gbif
Scytalopus spillmanni,Scytalopus spillmanni,"Stresemann, 1937",1937,gbif
Scytalopus stilesi,Scytalopus stilesi,"A.M.Cuervo, C.D.Cadena, Krabbe & Renjifo, 2005",2005,gbif
Scytalopus superciliaris,Scytalopus superciliaris,"Cabanis, 1883",1883,gbif
Scytalopus unicolor,Scytalopus unicolor,"Salvin, 1895",1895,gbif
Scytalopus urubambae,Scytalopus urubambae,"Zimmer, 1939",1939,gbif
Scytalopus vicinior,Scytalopus vicinior,"Zimmer, 1939",1939,gbif
Scytalopus whitneyi,Scytalopus whitneyi,"Krabbe, Fjeldså, Hosner, Robbins & Andersen, 2020",2020,gbif
Scytalopus zimmeri,Scytalopus zimmeri,"Bond & Meyer de Schauensee, 1940",1940,gbif
Teledromas fuscus,Teledromas fuscus,"(P.L.Sclater & Salvin, 1873)",1873,gbif
Rhipidura albicollis,Rhipidura albicollis,"(Vieillot, 1818)",1818,gbif
Rhipidura albiscapa,Rhipidura albiscapa,"Gould, 1840",1840,gbif
Rhipidura albiventris,Rhipidura albiventris,"(Sharpe, 1877)",1877,gbif
Rhipidura albogularis,Rhipidura albogularis,"(Lesson, 1831)",1831,gbif
Rhipidura albolimbata,Rhipidura albolimbata,"Salvadori, 1874",1874,gbif
Rhipidura assimilis,Rhipidura assimilis,"Gray, 1858",1858,gbif
Rhipidura atra,Rhipidura atra,"Salvadori, 1876",1876,gbif
Rhipidura aureola,Rhipidura aureola,"Lesson, 1831",1831,gbif
Rhipidura bouruensis,Rhipidura bouruensis,"Wallace, 1863",1863,gbif
Rhipidura brachyrhyncha,Rhipidura brachyrhyncha,"Schlegel, 1871",1871,gbif
Rhipidura cinerea,Rhipidura cinerea,"Wallace, 1865",1865,gbif
Rhipidura cockerelli,Rhipidura cockerelli,"(E.P.Ramsay, 1879)",1879,gbif
Rhipidura coultasi,Rhipidura coultasi,"Mayr, 1931",1931,gbif
Rhipidura cyaniceps,Rhipidura cyaniceps,"(Cassin, 1855)",1855,gbif
Rhipidura dahli,Rhipidura dahli,"Reichenow, 1897",1897,gbif
Rhipidura dedemi,Rhipidura dedemi,"Oort, 1911",1911,gbif
Rhipidura diluta,Rhipidura diluta,"Wallace, 1864",1864,gbif
Rhipidura drownei,Rhipidura drownei,"Mayr, 1931",1931,gbif
Rhipidura dryas,Rhipidura dryas,"Gould, 1843",1843,gbif
Rhipidura euryura,Rhipidura euryura,"S.Muller, 1843",1843,gbif
Rhipidura fuliginosa,Rhipidura fuliginosa,"(Sparrman, 1787)",1787,gbif
Rhipidura fuscorufa,Rhipidura fuscorufa,"P.L.Sclater, 1883",1883,gbif
Rhipidura habibiei,Rhipidura habibiei,"Rheindt, Prawiradilaga, Ashari, Suparno, Ng & Nsr, 2020",2020,gbif
Rhipidura hoedti,Rhipidura hoedti,"Büttikofer, 1892",1892,gbif
Rhipidura hyperythra,Rhipidura hyperythra,"G.R.Gray, 1858",1858,gbif
Rhipidura isura,Rhipidura isura,"Gould, 1841",1841,gbif
Rhipidura javanica,Rhipidura javanica,"(Sparrman, 1788)",1788,gbif
Rhipidura kordensis,Rhipidura kordensis,"A.B.Meyer, 1874",1874,gbif
Rhipidura kubaryi,Rhipidura kubaryi,"Finsch, 1876",1876,gbif
Rhipidura layardi,Rhipidura layardi,"Salvadori, 1877",1877,gbif
Rhipidura lepida,Rhipidura lepida,"Hartlaub & Finsch, 1868",1868,gbif
Rhipidura leucophrys,Rhipidura leucophrys,"(Latham, 1802)",1802,gbif
Rhipidura leucothorax,Rhipidura leucothorax,"Salvadori, 1874",1874,gbif
Rhipidura maculipectus,Rhipidura maculipectus,"G.R.Gray, 1858",1858,gbif
Rhipidura malaitae,Rhipidura malaitae,"Mayr, 1931",1931,gbif
Rhipidura matthiae,Rhipidura matthiae,"Heinroth, 1902",1902,gbif
Rhipidura melanolaema,Rhipidura melanolaema,"Sharpe, 1879",1879,gbif
Rhipidura nebulosa,Rhipidura nebulosa,"Peale, 1848",1848,gbif
Rhipidura nigritorquis,Rhipidura nigritorquis,"Vigors, 1831",1831,gbif
Rhipidura nigrocinnamomea,Rhipidura nigrocinnamomea,"Hartert, 1903",1903,gbif
Rhipidura obiensis,Rhipidura obiensis,"Salvadori, 1876",1876,gbif
Rhipidura ocularis,Rhipidura ocularis,"Mayr, 1931",1931,gbif
Rhipidura opistherythra,Rhipidura opistherythra,"P.L.Sclater, 1883",1883,gbif
Rhipidura perlata,Rhipidura perlata,"S.Muller, 1843",1843,gbif
Rhipidura personata,Rhipidura personata,"E.P.Ramsay, 1875",1875,gbif
Rhipidura phasiana,Rhipidura phasiana,"De Vis, 1885",1885,gbif
Rhipidura phoenicura,Rhipidura phoenicura,"S.Muller, 1843",1843,gbif
Rhipidura rennelliana,Rhipidura rennelliana,"Mayr, 1931",1931,gbif
Rhipidura rufidorsa,Rhipidura rufidorsa,"A.B.Meyer, 1874",1874,gbif
Rhipidura rufifrons,Rhipidura rufifrons,"(Latham, 1802)",1802,gbif
Rhipidura rufilateralis,Rhipidura rufilateralis,"Sharpe, 1879",1879,gbif
Rhipidura rufiventris,Rhipidura rufiventris,"(Vieillot, 1818)",1818,gbif
Rhipidura samarensis,Rhipidura samarensis,"(Steere, 1890)",1890,gbif
Rhipidura sauli,Rhipidura sauli,"Bourns & Worcester, 1894",1894,gbif
Rhipidura semirubra,Rhipidura semirubra,"P.L.Sclater, 1877",1877,gbif
Rhipidura spilodera,Rhipidura spilodera,"G.R.Gray, 1870",1870,gbif
Rhipidura superciliaris,Rhipidura superciliaris,"(Sharpe, 1877)",1877,gbif
Rhipidura superflua,Rhipidura superflua,"Hartert, 1899",1899,gbif
Rhipidura tenebrosa,Rhipidura tenebrosa,"E.P.Ramsay, 1882",1882,gbif
Rhipidura tenkatei,Rhipidura tenkatei,"Büttikofer, 1892",1892,gbif
Rhipidura teysmanni,Rhipidura teysmanni,"Büttikofer, 1892",1892,gbif
Rhipidura threnothorax,Rhipidura threnothorax,"S.Muller, 1843",1843,gbif
Rhipidura verreauxi,Rhipidura verreauxi,"E.Marie, 1870",1870,gbif
Rhodinocichla rosea,Rhodinocichla rosea,"(R.Lesson, 1832)",1832,gbif
Sapayoa aenigma,Sapayoa aenigma,"Hartert, 1903",1903,gbif
Abroscopus albogularis,Abroscopus albogularis,"(Moore, 1854)",1854,gbif
Abroscopus schisticeps,Abroscopus schisticeps,"(J.E.Gray & G.R.Gray, 1847)",1847,gbif
Abroscopus superciliaris,Abroscopus superciliaris,"(Blyth, 1859)",1859,gbif
Cettia brunnifrons,Cettia brunnifrons,"(Hodgson, 1845)",1845,gbif
Cettia castaneocoronata,Cettia castaneocoronata,"(Burton, 1836)",1836,gbif
Cettia cetti,Cettia cetti,"(Temminck, 1820)",1820,gbif
Cettia major,Cettia major,"(Moore, 1854)",1854,gbif
Erythrocercus holochlorus,Erythrocercus holochlorus,"Erlanger, 1901",1901,gbif
Erythrocercus livingstonei,Erythrocercus livingstonei,"G.R.Gray, 1870",1870,gbif
Erythrocercus mccallii,Erythrocercus mccallii,"(Cassin, 1855)",1855,gbif
Hemitesia neumanni,Hemitesia neumanni,"(Rothschild, 1908)",1908,gbif
Hemitesia pallidipes,Hemitesia pallidipes,"(Blanford, 1872)",1872,gbif
Horornis acanthizoides,Horornis acanthizoides,"(J.Verreaux, 1870)",1870,gbif
Horornis annae,Horornis annae,"(Hartlaub & Finsch, 1868)",1868,gbif
Horornis brunnescens,Horornis brunnescens,"(Hume, 1872)",1872,gbif
Horornis canturians,Horornis canturians,"(Swinhoe, 1860)",1860,gbif
Horornis carolinae,Horornis carolinae,"(Rozendaal, 1987)",1987,gbif
Horornis diphone,Horornis diphone,"(Kittlitz, 1830)",1830,gbif
Horornis flavolivaceus,Horornis flavolivaceus,"(Blyth, 1845)",1845,gbif
Horornis fortipes,Horornis fortipes,"Hodgson, 1845",1845,gbif
Horornis haddeni,Horornis haddeni,"(LeCroy & Barker, 2006)",2006,gbif
Horornis parens,Horornis parens,"(Mayr, 1935)",1935,gbif
Horornis ruficapilla,Horornis ruficapilla,"(E.P.Ramsay, 1875)",1875,gbif
Horornis seebohmi,Horornis seebohmi,"(Ogilvie-Grant, 1894)",1894,gbif
Hylia prasina,Hylia prasina,"(Cassin, 1855)",1855,gbif
Pholidornis rushiae,Pholidornis rushiae,"(Cassin, 1855)",1855,gbif
Phyllergates cucullatus,Phyllergates cucullatus,"(Temminck, 1836)",1836,col
Phyllergates heterolaemus,Phyllergates heterolaemus,"Mearns, 1905",1905,gbif
Scotocerca inquieta,Scotocerca inquieta,"(Cretzschmar, 1830)",1830,gbif
Tesia cyaniventer,Tesia cyaniventer,"Hodgson, 1837",1837,gbif
Tesia everetti,Tesia everetti,"(Hartert, 1897)",1897,gbif
Tesia olivea,Tesia olivea,"(McClelland, 1840)",1840,gbif
Tesia superciliaris,Tesia superciliaris,"(Bonaparte, 1850)",1850,gbif
Tickellia hodgsoni,Tickellia hodgsoni,"(Moore, 1854)",1854,gbif
Urosphena squameiceps,Urosphena squameiceps,"(Swinhoe, 1863)",1863,gbif
Urosphena subulata,Urosphena subulata,"(Sharpe, 1884)",1884,gbif
Urosphena whiteheadi,Urosphena whiteheadi,"(Sharpe, 1888)",1888,gbif
Salpornis salvadori,Salpornis salvadori,"(Bocage, 1878)",1878,gbif
Salpornis spilonota,Salpornis spilonota,"(Franklin, 1831)",1831,col
Sitta arctica,Sitta arctica,"Buturlin, 1907",1907,gbif
Sitta azurea,Sitta azurea,"Lesson, 1830",1830,gbif
Sitta canadensis,Sitta canadensis,"Linnaeus, 1766",1766,gbif
Sitta carolinensis,Sitta carolinensis,"Latham, 1790",1790,gbif
Sitta cashmirensis,Sitta cashmirensis,"W.E.Brooks, 1871",1871,gbif
Sitta castanea,Sitta castanea,"Lesson, 1830",1830,gbif
Sitta cinnamoventris,Sitta cinnamoventris,"Blyth, 1842",1842,gbif
Sitta europaea,Sitta europaea,"Linnaeus, 1758",1758,gbif
Sitta formosa,Sitta formosa,"Blyth, 1843",1843,gbif
Sitta frontalis,Sitta frontalis,"Swainson, 1820",1820,gbif
Sitta himalayensis,Sitta himalayensis,"Jardine & Selby, 1835",1835,gbif
Sitta insularis,Sitta insularis,"J.Bond, 1931",1931,gbif
Sitta krueperi,Sitta krueperi,"Pelzeln, 1863",1863,gbif
Sitta ledanti,Sitta ledanti,"Vielliard, 1976",1976,gbif
Sitta leucopsis,Sitta leucopsis,"Gould, 1850",1850,gbif
Sitta magna,Sitta magna,"R.G.W.Ramsay, 1876",1876,gbif
Sitta nagaensis,Sitta nagaensis,"Godwin-Austen, 1874",1874,gbif
Sitta neglecta,Sitta neglecta,"Walden, 1870",1870,gbif
Sitta neumayer,Sitta neumayer,"Michahelles, 1830",1830,gbif
Sitta oenochlamys,Sitta oenochlamys,"(Sharpe, 1877)",1877,gbif
Sitta przewalskii,Sitta przewalskii,"Berezowski & Bianchi, 1891",1891,gbif
Sitta pusilla,Sitta pusilla,"Latham, 1790",1790,gbif
Sitta pygmaea,Sitta pygmaea,"Vigors, 1839",1839,gbif
Sitta solangiae,Sitta solangiae,"(Delacour & Jabouille, 1930)",1930,gbif
Sitta tephronota,Sitta tephronota,"Sharpe, 1872",1872,gbif
Sitta victoriae,Sitta victoriae,"Rippon, 1904",1904,gbif
Sitta villosa,Sitta villosa,"J.Verreaux, 1865",1865,gbif
Sitta whiteheadi,Sitta whiteheadi,"Sharpe, 1884",1884,gbif
Sitta yunnanensis,Sitta yunnanensis,"Ogilvie-Grant, 1900",1900,gbif
Tichodroma muraria,Tichodroma muraria,"(Linnaeus, 1766)",1766,gbif
Spindalis dominicensis,Spindalis dominicensis,"(H.Bryant, 1867)",1867,gbif
Spindalis nigricephala,Spindalis nigricephala,"(Jameson, 1835)",1835,gbif
Spindalis portoricensis,Spindalis portoricensis,"(H.Bryant, 1866)",1866,gbif
Spindalis zena,Spindalis zena,"(Linnaeus, 1758)",1758,gbif
Chelidorhynx hypoxanthus,Chelidorhynx hypoxanthus,"(Blyth, 1843)",1843,col
Culicicapa ceylonensis,Culicicapa ceylonensis,"(Swainson, 1820)",1820,gbif
Culicicapa helianthea,Culicicapa helianthea,"(Wallace, 1865)",1865,gbif
Elminia albicauda,Elminia albicauda,"Bocage, 1877",1877,gbif
Elminia albiventris,Elminia albiventris,"(Sjöstedt, 1893)",1893,gbif
Elminia albonotata,Elminia albonotata,"(Sharpe, 1891)",1891,gbif
Elminia longicauda,Elminia longicauda,"(Swainson, 1838)",1838,gbif
Elminia nigromitrata,Elminia nigromitrata,"(Reichenow, 1874)",1874,gbif
Stenostira scita,Stenostira scita,"(Vieillot, 1818)",1818,gbif
Acridotheres albocinctus,Acridotheres albocinctus,"Godwin-Austen & Walden, 1875",1875,gbif
Acridotheres burmannicus,Acridotheres burmannicus,"(Jerdon, 1862)",1862,gbif
Acridotheres cinereus,Acridotheres cinereus,"Bonaparte, 1850",1850,gbif
Acridotheres cristatellus,Acridotheres cristatellus,"(Linnaeus, 1758)",1758,gbif
Acridotheres fuscus,Acridotheres fuscus,"(Wagler, 1827)",1827,gbif
Acridotheres ginginianus,Acridotheres ginginianus,"(Latham, 1790)",1790,gbif
Acridotheres grandis,Acridotheres grandis,"Moore, 1858",1858,gbif
Acridotheres javanicus,Acridotheres javanicus,"Cabanis, 1851",1851,gbif
Acridotheres leucocephalus,Acridotheres leucocephalus,"Giglioli & Salvadori, 1870",1870,gbif
Acridotheres melanopterus,Acridotheres melanopterus,"(Daudin, 1800)",1800,gbif
Acridotheres tertius,Acridotheres tertius,"(E.Hartert, 1896)",1896,gbif
Acridotheres tricolor,Acridotheres tricolor,"(Horsfield, 1821)",1821,gbif
Acridotheres tristis,Acridotheres tristis,"(Linnaeus, 1766)",1766,gbif
Agropsar philippensis,Agropsar philippensis,"(J.R.Forster, 1781)",1781,gbif
Agropsar sturninus,Agropsar sturninus,"(Pallas, 1776)",1776,gbif
Ampeliceps coronatus,Ampeliceps coronatus,"Blyth, 1842",1842,gbif
Aplonis atrifusca,Aplonis atrifusca,"(Peale, 1848)",1848,gbif
Aplonis brunneicapillus,Aplonis brunneicapillus,"(Danis, 1938)",1938,gbif
Aplonis cantoroides,Aplonis cantoroides,"(G.R.Gray, 1862)",1862,gbif
Aplonis cinerascens,Aplonis cinerascens,"Hartlaub & Finsch, 1871",1871,gbif
Aplonis circumscripta,Aplonis circumscripta,"(A.B.Meyer, 1884)",1884,gbif
Aplonis crassa,Aplonis crassa,"(P.L.Sclater, 1883)",1883,gbif
Aplonis dichroa,Aplonis dichroa,"(Tristram, 1895)",1895,gbif
Aplonis feadensis,Aplonis feadensis,"(E.P.Ramsay, 1882)",1882,gbif
Aplonis grandis,Aplonis grandis,"(Salvadori, 1881)",1881,gbif
Aplonis insularis,Aplonis insularis,"Mayr, 1931",1931,gbif
Aplonis magna,Aplonis magna,"(Schlegel, 1871)",1871,gbif
Aplonis metallica,Aplonis metallica,"(Temminck, 1824)",1824,gbif
Aplonis minor,Aplonis minor,"(Bonaparte, 1850)",1850,gbif
Aplonis mysolensis,Aplonis mysolensis,"(G.R.Gray, 1862)",1862,gbif
Aplonis mystacea,Aplonis mystacea,"(Ogilvie-Grant, 1911)",1911,gbif
Aplonis opaca,Aplonis opaca,"(Kittlitz, 1833)",1833,gbif
Aplonis panayensis,Aplonis panayensis,"(Scopoli, 1786)",1786,gbif
Aplonis pelzelni,Aplonis pelzelni,"Finsch, 1876",1876,gbif
Aplonis santovestris,Aplonis santovestris,"Harrisson & A.J.Marshall, 1937",1937,gbif
Aplonis striata,Aplonis striata,"(Gmelin, 1788)",1788,gbif
Aplonis tabuensis,Aplonis tabuensis,"(Gmelin, 1788)",1788,gbif
Aplonis zelandica,Aplonis zelandica,"(Quoy & Gaimard, 1830)",1830,gbif
Basilornis celebensis,Basilornis celebensis,"G.R.Gray, 1861",1861,gbif
Basilornis corythaix,Basilornis corythaix,"(Wagler, 1827)",1827,gbif
Basilornis galeatus,Basilornis galeatus,"A.B.Meyer, 1894",1894,gbif
Cinnyricinclus leucogaster,Cinnyricinclus leucogaster,"(Boddaert, 1783)",1783,gbif
Creatophora cinerea,Creatophora cinerea,"(Meuschen, 1787)",1787,gbif
Enodes erythrophris,Enodes erythrophris,"(Temminck, 1824)",1824,gbif
Goodfellowia miranda,Goodfellowia miranda,"Hartert & Ejo, 1903",1903,gbif
Gracula indica,Gracula indica,"(Cuvier, 1829)",1829,gbif
Gracula ptilogenys,Gracula ptilogenys,"Blyth, 1846",1846,gbif
Gracula religiosa,Gracula religiosa,"Linnaeus, 1758",1758,gbif
Gracula robusta,Gracula robusta,"Salvadori, 1887",1887,gbif
Gracula venerata,Gracula venerata,"Bonaparte, 1850",1850,gbif
Gracupica contra,Gracupica contra,"(Linnaeus, 1758)",1758,gbif
Gracupica jalla,Gracupica jalla,"(Horsfield, 1821)",1821,gbif
Gracupica nigricollis,Gracupica nigricollis,"(Paykull, 1807)",1807,gbif
Grafisia torquata,Grafisia torquata,"(Reichenow, 1909)",1909,gbif
Hartlaubius auratus,Hartlaubius auratus,"(Statius Muller, 1776)",1776,gbif
Hylopsar cupreocauda,Hylopsar cupreocauda,"(Hartlaub, 1857)",1857,gbif
Hylopsar purpureiceps,Hylopsar purpureiceps,"(J.Verreaux & E.Verreaux, 1851)",1851,gbif
Lamprotornis acuticaudus,Lamprotornis acuticaudus,"(Bocage, 1869)",1869,gbif
Lamprotornis albicapillus,Lamprotornis albicapillus,"(Blyth, 1855)",1855,gbif
Lamprotornis australis,Lamprotornis australis,"(A.Smith, 1836)",1836,gbif
Lamprotornis benguelensis,Lamprotornis benguelensis,"Shelley, 1906",1906,gbif
Lamprotornis bicolor,Lamprotornis bicolor,"(Gmelin, 1789)",1789,gbif
Lamprotornis caudatus,Lamprotornis caudatus,"(Statius Muller, 1776)",1776,gbif
Lamprotornis chalcurus,Lamprotornis chalcurus,"Nordmann, 1835",1835,gbif
Lamprotornis chalybaeus,Lamprotornis chalybaeus,"Hemprich & Ehrenberg, 1828",1828,gbif
Lamprotornis chloropterus,Lamprotornis chloropterus,"Swainson, 1838",1838,gbif
Lamprotornis fischeri,Lamprotornis fischeri,"(Reichenow, 1884)",1884,gbif
Lamprotornis hildebrandti,Lamprotornis hildebrandti,"(Cabanis, 1878)",1878,gbif
Lamprotornis iris,Lamprotornis iris,"(Oustalet, 1879)",1879,gbif
Lamprotornis mevesii,Lamprotornis mevesii,"(Wahlberg, 1856)",1856,gbif
Lamprotornis nitens,Lamprotornis nitens,"(Linnaeus, 1766)",1766,gbif
Lamprotornis ornatus,Lamprotornis ornatus,"(Daudin, 1800)",1800,gbif
Lamprotornis pulcher,Lamprotornis pulcher,"(Statius Muller, 1776)",1776,gbif
Lamprotornis purpureus,Lamprotornis purpureus,"(Statius Muller, 1776)",1776,gbif
Lamprotornis purpuroptera,Lamprotornis purpuroptera,"Rüppell, 1845",1845,gbif
Lamprotornis regius,Lamprotornis regius,"(Reichenow, 1879)",1879,gbif
Lamprotornis shelleyi,Lamprotornis shelleyi,"(Sharpe, 1890)",1890,gbif
Lamprotornis splendidus,Lamprotornis splendidus,"(Vieillot, 1822)",1822,gbif
Lamprotornis superbus,Lamprotornis superbus,"Rüppell, 1845",1845,gbif
Lamprotornis unicolor,Lamprotornis unicolor,"(Shelley, 1881)",1881,gbif
Lamprotornis violacior,Lamprotornis violacior,"Clancey, 1973",1973,gbif
Leucopsar rothschildi,Leucopsar rothschildi,"Stresemann, 1912",1912,gbif
Mino anais,Mino anais,"(Lesson, 1839)",1839,gbif
Mino dumontii,Mino dumontii,"Lesson, 1827",1827,gbif
Mino kreffti,Mino kreffti,"(P.L.Sclater, 1869)",1869,gbif
Neocichla gutturalis,Neocichla gutturalis,"(Bocage, 1871)",1871,gbif
Notopholia corusca,Notopholia corusca,"(Nordmann, 1835)",1835,col
Onychognathus albirostris,Onychognathus albirostris,"(Rüppell, 1836)",1836,gbif
Onychognathus blythii,Onychognathus blythii,"(Hartlaub, 1859)",1859,gbif
Onychognathus frater,Onychognathus frater,"(P.L.Sclater & Hartlaub, 1881)",1881,gbif
Onychognathus fulgidus,Onychognathus fulgidus,"Hartlaub, 1849",1849,gbif
Onychognathus morio,Onychognathus morio,"(Linnaeus, 1766)",1766,gbif
Onychognathus nabouroup,Onychognathus nabouroup,"(Daudin, 1800)",1800,gbif
Onychognathus neumanni,Onychognathus neumanni,"(Alexander, 1908)",1908,gbif
Onychognathus salvadorii,Onychognathus salvadorii,"(Sharpe, 1891)",1891,gbif
Onychognathus tenuirostris,Onychognathus tenuirostris,"(Rüppell, 1836)",1836,gbif
Onychognathus tristramii,Onychognathus tristramii,"(P.L.Sclater, 1858)",1858,gbif
Onychognathus walleri,Onychognathus walleri,"(Shelley, 1880)",1880,gbif
Pastor roseus,Pastor roseus,"(Linnaeus, 1758)",1758,gbif
Pholia sharpii,Pholia sharpii,"(F.J.Jackson, 1898)",1898,gbif
Poeoptera femoralis,Poeoptera femoralis,"(Richmond, 1897)",1897,gbif
Poeoptera kenricki,Poeoptera kenricki,"Shelley, 1894",1894,gbif
Poeoptera lugubris,Poeoptera lugubris,"Bonaparte, 1854",1854,gbif
Poeoptera stuhlmanni,Poeoptera stuhlmanni,"(Reichenow, 1893)",1893,gbif
Rhabdornis grandis,Rhabdornis grandis,"Salomonsen, 1953",1953,gbif
Rhabdornis inornatus,Rhabdornis inornatus,"Ogilvie-Grant, 1896",1896,gbif
Rhabdornis mystacalis,Rhabdornis mystacalis,"(Temminck, 1825)",1825,gbif
Rhabdornis rabori,Rhabdornis rabori,"Rand, 1950",1950,gbif
Sarcops calvus,Sarcops calvus,"(Linnaeus, 1766)",1766,gbif
Saroglossa spilopterus,Saroglossa spilopterus,"(Vigors, 1831)",1831,col
Scissirostrum dubium,Scissirostrum dubium,"(Latham, 1802)",1802,gbif
Speculipastor bicolor,Speculipastor bicolor,"Reichenow, 1879",1879,gbif
Spodiopsar cineraceus,Spodiopsar cineraceus,"(Temminck, 1835)",1835,gbif
Spodiopsar sericeus,Spodiopsar sericeus,"(Gmelin, 1789)",1789,gbif
Streptocitta albertinae,Streptocitta albertinae,"(Schlegel, 1865)",1865,gbif
Streptocitta albicollis,Streptocitta albicollis,"(Vieillot, 1818)",1818,gbif
Streptocitta torquata,Streptocitta torquata,"(Temminck, 1828)",1828,gbif
Sturnia erythropygia,Sturnia erythropygia,"Blyth, 1846",1846,gbif
Sturnia malabarica,Sturnia malabarica,"(Gmelin, 1789)",1789,gbif
Sturnia pagodarum,Sturnia pagodarum,"(Gmelin, 1789)",1789,gbif
Sturnia sinensis,Sturnia sinensis,"(Gmelin, 1788)",1788,gbif
Sturnornis albofrontatus,Sturnornis albofrontatus,"(E.L.Layard, 1854)",1854,gbif
Sturnus unicolor,Sturnus unicolor,"Temminck, 1820",1820,gbif
Sturnus vulgaris,Sturnus vulgaris,"Linnaeus, 1758",1758,gbif
Chamaea fasciata,Chamaea fasciata,"(Gambel, 1845)",1845,gbif
Chleuasicus atrosuperciliaris,Chleuasicus atrosuperciliaris,"Godwin-Austen, 1877",1877,gbif
Cholornis paradoxus,Cholornis paradoxus,"J. Verreaux, 1871",1871,col
Cholornis unicolor,Cholornis unicolor,"(Hodgson, 1843)",1843,gbif
Chrysomma altirostre,Chrysomma altirostre,"Jerdon, 1862",1862,gbif
Chrysomma sinense,Chrysomma sinense,"(Gmelin, 1789)",1789,gbif
Conostoma aemodium,Conostoma aemodium,"Hodgson, 1841",1841,gbif
Fulvetta cinereiceps,Fulvetta cinereiceps,"(J.Verreaux, 1870)",1870,gbif
Fulvetta danisi,Fulvetta danisi,"Delacour & Greenway, 1941",1941,gbif
Fulvetta formosana,Fulvetta formosana,"(Ogilvie-Grant, 1906)",1906,gbif
Fulvetta ludlowi,Fulvetta ludlowi,"Kinnear, 1935",1935,gbif
Fulvetta manipurensis,Fulvetta manipurensis,"(Ogilvie-Grant, 1906)",1906,gbif
Fulvetta ruficapilla,Fulvetta ruficapilla,"(J.Verreaux, 1870)",1870,gbif
Fulvetta striaticollis,Fulvetta striaticollis,"(J.Verreaux, 1870)",1870,gbif
Fulvetta vinipectus,Fulvetta vinipectus,"(Hodgson, 1837)",1837,gbif
Lioparus chrysotis,Lioparus chrysotis,"(Blyth, 1845)",1845,gbif
Moupinia poecilotis,Moupinia poecilotis,"(J.Verreaux, 1870)",1870,gbif
Myzornis pyrrhoura,Myzornis pyrrhoura,"Blyth, 1843",1843,gbif
Neosuthora davidiana,Neosuthora davidiana,"(Slater, 1897)",1897,gbif
Paradoxornis flavirostris,Paradoxornis flavirostris,"Gould, 1836",1836,gbif
Paradoxornis guttaticollis,Paradoxornis guttaticollis,"David, 1871",1871,gbif
Paradoxornis heudei,Paradoxornis heudei,"David, 1872",1872,gbif
Parophasma galinieri,Parophasma galinieri,"(Guerin-Meneville, 1843)",1843,gbif
Psittiparus bakeri,Psittiparus bakeri,"(Hartert, 1900)",1900,gbif
Psittiparus gularis,Psittiparus gularis,"(G.R.Gray, 1845)",1845,gbif
Psittiparus margaritae,Psittiparus margaritae,"Delacour, 1927",1927,gbif
Psittiparus ruficeps,Psittiparus ruficeps,"(Blyth, 1842)",1842,gbif
Rhopophilus albosuperciliaris,Rhopophilus albosuperciliaris,"(Hume, 1871)",1871,gbif
Rhopophilus pekinensis,Rhopophilus pekinensis,"(Swinhoe, 1868)",1868,gbif
Sinosuthora alphonsiana,Sinosuthora alphonsiana,"(J.Verreaux, 1870)",1870,gbif
Sinosuthora brunnea,Sinosuthora brunnea,"(Anderson, 1871)",1871,gbif
Sinosuthora conspicillata,Sinosuthora conspicillata,"(David, 1871)",1871,gbif
Sinosuthora przewalskii,Sinosuthora przewalskii,"(Berezowski & Bianchi, 1891)",1891,gbif
Sinosuthora ricketti,Sinosuthora ricketti,"(Rothschild, 1922)",1922,gbif
Sinosuthora webbiana,Sinosuthora webbiana,"(Gould, 1852)",1852,gbif
Sinosuthora zappeyi,Sinosuthora zappeyi,"(Thayer & Bangs, 1912)",1912,gbif
Suthora fulvifrons,Suthora fulvifrons,"(Hodgson, 1845)",1845,gbif
Suthora nipalensis,Suthora nipalensis,"(Hodgson, 1837)",1837,gbif
Suthora verreauxi,Suthora verreauxi,"Sharpe, 1883",1883,gbif
Sylvia abyssinica,Sylvia abyssinica,"(Rüppell, 1840)",1840,gbif
Sylvia atricapilla,Sylvia atricapilla,"(Linnaeus, 1758)",1758,gbif
Sylvia atriceps,Sylvia atriceps,"(Sharpe, 1902)",1902,gbif
Sylvia balearica,Sylvia balearica,"Von Jordans, 1913",1913,gbif
Sylvia boehmi,Sylvia boehmi,"(Reichenow, 1882)",1882,gbif
Sylvia borin,Sylvia borin,"(Boddaert, 1783)",1783,gbif
Sylvia buryi,Sylvia buryi,"(Ogilvie-Grant, 1913)",1913,gbif
Sylvia cantillans,Sylvia cantillans,"(Pallas, 1764)",1764,gbif
Sylvia communis,Sylvia communis,"Latham, 1787",1787,gbif
Sylvia conspicillata,Sylvia conspicillata,"Temminck, 1820",1820,gbif
Sylvia crassirostris,Sylvia crassirostris,"Cretzschmar, 1830",1830,gbif
Sylvia curruca,Sylvia curruca,"(Linnaeus, 1758)",1758,gbif
Sylvia deserti,Sylvia deserti,"(Loche, 1858)",1858,gbif
Sylvia deserticola,Sylvia deserticola,"Tristram, 1859",1859,gbif
Sylvia dohrni,Sylvia dohrni,"(Hartlaub, 1866)",1866,gbif
Sylvia hortensis,Sylvia hortensis,"(Gmelin, 1789)",1789,gbif
Sylvia layardi,Sylvia layardi,"(Hartlaub, 1862)",1862,gbif
Sylvia leucomelaena,Sylvia leucomelaena,"(Hemprich & Ehrenberg, 1833)",1833,gbif
Sylvia lugens,Sylvia lugens,"Rüppell, 1840",1840,gbif
Sylvia melanocephala,Sylvia melanocephala,"(Gmelin, 1789)",1789,gbif
Sylvia melanothorax,Sylvia melanothorax,"Tristram, 1872",1872,gbif
Sylvia mystacea,Sylvia mystacea,"Ménétriés, 1832",1832,gbif
Sylvia nana,Sylvia nana,"(Hemprich & Ehrenberg, 1833)",1833,gbif
Sylvia nigricapillus,Sylvia nigricapillus,"(Vieillot, 1818)",1818,col
Sylvia nisoria,Sylvia nisoria,"(Bechstein, 1792)",1792,gbif
Sylvia ruppeli,Sylvia ruppeli,"Temminck, 1823",1823,gbif
Sylvia sarda,Sylvia sarda,"Temminck, 1820",1820,gbif
Sylvia subalpina,Sylvia subalpina,"Temminck, 1820",1820,gbif
Sylvia subcoerulea,Sylvia subcoerulea,"Vieillot, 1817",1817,gbif
Sylvia undata,Sylvia undata,"(Boddaert, 1783)",1783,gbif
Teretistris fernandinae,Teretistris fernandinae,"(Lembeye, 1850)",1850,gbif
Teretistris fornsi,Teretistris fornsi,"Gundlach, 1858",1858,gbif
Akletos goeldii,Akletos goeldii,"(E.Snethlage, 1908)",1908,gbif
Akletos melanoceps,Akletos melanoceps,"(P.L.Sclater, 1858)",1858,gbif
Ammonastes pelzelni,Ammonastes pelzelni,"(P.L.Sclater, 1890)",1890,gbif
Ampelornis griseiceps,Ampelornis griseiceps,"(Chapman, 1923)",1923,gbif
Aprositornis disjuncta,Aprositornis disjuncta,"(Friedmann, 1945)",1945,gbif
Batara cinerea,Batara cinerea,"(Vieillot, 1819)",1819,gbif
Biatas nigropectus,Biatas nigropectus,"(Lafresnaye, 1850)",1850,gbif
Cercomacra brasiliana,Cercomacra brasiliana,"Hellmayr, 1905",1905,gbif
Cercomacra carbonaria,Cercomacra carbonaria,"P.L.Sclater & Salvin, 1873",1873,gbif
Cercomacra cinerascens,Cercomacra cinerascens,"(P.L.Sclater, 1857)",1857,gbif
Cercomacra ferdinandi,Cercomacra ferdinandi,"E.Snethlage, 1928",1928,gbif
Cercomacra manu,Cercomacra manu,"Fitzpatrick & Willard, 1990",1990,gbif
Cercomacra melanaria,Cercomacra melanaria,"(Ménétriés, 1835)",1835,gbif
Cercomacra nigricans,Cercomacra nigricans,"P.L.Sclater, 1858",1858,gbif
Cercomacroides fuscicauda,Cercomacroides fuscicauda,"(J.T.Zimmer, 1931)",1931,gbif
Cercomacroides laeta,Cercomacroides laeta,"(Todd, 1920)",1920,gbif
Cercomacroides nigrescens,Cercomacroides nigrescens,"(Cabanis & Heine, 1860)",1860,gbif
Cercomacroides parkeri,Cercomacroides parkeri,"(G.R.Graves, 1997)",1997,gbif
Cercomacroides serva,Cercomacroides serva,"(P.L.Sclater, 1858)",1858,gbif
Cercomacroides tyrannina,Cercomacroides tyrannina,"(P.L.Sclater, 1855)",1855,gbif
Clytoctantes alixii,Clytoctantes alixii,"Elliot, 1870",1870,gbif
Clytoctantes atrogularis,Clytoctantes atrogularis,"S.Lanyon, Stotz & Willard, 1991",1991,gbif
Cymbilaimus lineatus,Cymbilaimus lineatus,"(Leach, 1814)",1814,gbif
Cymbilaimus sanctaemariae,Cymbilaimus sanctaemariae,"Gyldenstolpe, 1941",1941,gbif
Dichrozona cincta,Dichrozona cincta,"(Pelzeln, 1868)",1868,gbif
Drymophila caudata,Drymophila caudata,"(P.L.Sclater, 1855)",1855,gbif
Drymophila devillei,Drymophila devillei,"(Menegaux & Hellmayr, 1906)",1906,gbif
Drymophila ferruginea,Drymophila ferruginea,"(Temminck, 1822)",1822,gbif
Drymophila genei,Drymophila genei,"(Filippi, 1847)",1847,gbif
Drymophila hellmayri,Drymophila hellmayri,"Todd, 1915",1915,gbif
Drymophila klagesi,Drymophila klagesi,"Hellmayr & Seilern, 1912",1912,gbif
Drymophila malura,Drymophila malura,"(Temminck, 1825)",1825,gbif
Drymophila ochropyga,Drymophila ochropyga,"(Hellmayr, 1906)",1906,gbif
Drymophila rubricollis,Drymophila rubricollis,"(W.Bertoni, 1901)",1901,gbif
Drymophila squamata,Drymophila squamata,"(Lichtenstein, 1823)",1823,gbif
Drymophila striaticeps,Drymophila striaticeps,"Chapman, 1912",1912,gbif
Dysithamnus leucostictus,Dysithamnus leucostictus,"P.L.Sclater, 1858",1858,gbif
Dysithamnus mentalis,Dysithamnus mentalis,"(Temminck, 1823)",1823,gbif
Dysithamnus occidentalis,Dysithamnus occidentalis,"(Chapman, 1923)",1923,gbif
Dysithamnus plumbeus,Dysithamnus plumbeus,"(Wied-Neuwied, 1831)",1831,gbif
Dysithamnus puncticeps,Dysithamnus puncticeps,"Salvin, 1866",1866,gbif
Dysithamnus stictothorax,Dysithamnus stictothorax,"(Temminck, 1823)",1823,gbif
Dysithamnus striaticeps,Dysithamnus striaticeps,"Lawrence, 1865",1865,gbif
Dysithamnus xanthopterus,Dysithamnus xanthopterus,"Burmeister, 1856",1856,gbif
Epinecrophylla amazonica,Epinecrophylla amazonica,"(Ihering & Hfa, 1905)",1905,gbif
Epinecrophylla erythrura,Epinecrophylla erythrura,"(P.L.Sclater, 1890)",1890,gbif
Epinecrophylla fulviventris,Epinecrophylla fulviventris,"(Lawrence, 1862)",1862,gbif
Epinecrophylla gutturalis,Epinecrophylla gutturalis,"(P.L.Sclater & Salvin, 1881)",1881,gbif
Epinecrophylla haematonota,Epinecrophylla haematonota,"(P.L.Sclater, 1857)",1857,gbif
Epinecrophylla hoffmannsi,Epinecrophylla hoffmannsi,"(Hellmayr, 1906)",1906,gbif
Epinecrophylla leucophthalma,Epinecrophylla leucophthalma,"(Pelzeln, 1868)",1868,gbif
Epinecrophylla ornata,Epinecrophylla ornata,"(P.L.Sclater, 1853)",1853,gbif
Epinecrophylla spodionota,Epinecrophylla spodionota,"(P.L.Sclater & Salvin, 1880)",1880,gbif
Euchrepomis callinota,Euchrepomis callinota,"(P.L.Sclater, 1855)",1855,gbif
Euchrepomis humeralis,Euchrepomis humeralis,"(P.L.Sclater & Salvin, 1880)",1880,gbif
Euchrepomis sharpei,Euchrepomis sharpei,"(Berlepsch, 1901)",1901,gbif
Euchrepomis spodioptila,Euchrepomis spodioptila,"(P.L.Sclater & Salvin, 1881)",1881,gbif
Formicivora acutirostris,Formicivora acutirostris,"(Bornschein, Reinert & Teixeira, 1995)",1995,gbif
Formicivora erythronotos,Formicivora erythronotos,"Hartlaub, 1852",1852,gbif
Formicivora grantsaui,Formicivora grantsaui,"Gonzaga, Carvalhaes & Buzzetti, 2007",2007,gbif
Formicivora grisea,Formicivora grisea,"(Boddaert, 1783)",1783,gbif
Formicivora iheringi,Formicivora iheringi,"Hellmayr, 1909",1909,gbif
Formicivora intermedia,Formicivora intermedia,"Cabanis, 1847",1847,gbif
Formicivora melanogaster,Formicivora melanogaster,"Pelzeln, 1868",1868,gbif
Formicivora paludicola,Formicivora paludicola,"Buzzetti et al., 2013",2013,gbif
Formicivora rufa,Formicivora rufa,"(Wied-Neuwied, 1831)",1831,gbif
Formicivora serrana,Formicivora serrana,"(Hellmayr, 1929)",1929,gbif
Frederickena unduliger,Frederickena unduliger,"(Pelzeln, 1868)",1868,gbif
Frederickena viridis,Frederickena viridis,"(Vieillot, 1816)",1816,gbif
Gymnocichla nudiceps,Gymnocichla nudiceps,"(Cassin, 1850)",1850,gbif
Gymnopithys bicolor,Gymnopithys bicolor,"(Lawrence, 1863)",1863,gbif
Gymnopithys leucaspis,Gymnopithys leucaspis,"(P.L.Sclater, 1855)",1855,gbif
Gymnopithys rufigula,Gymnopithys rufigula,"(Boddaert, 1783)",1783,gbif
Hafferia fortis,Hafferia fortis,"(P.L.Sclater & Salvin, 1868)",1868,gbif
Hafferia immaculata,Hafferia immaculata,"(P.L.Sclater & Salvin, 1866)",1866,gbif
Hafferia zeledoni,Hafferia zeledoni,"(Pelzeln, 1868)",1868,gbif
Herpsilochmus atricapillus,Herpsilochmus atricapillus,"Pelzeln, 1868",1868,gbif
Herpsilochmus axillaris,Herpsilochmus axillaris,"(Tschudi, 1844)",1844,gbif
Herpsilochmus dorsimaculatus,Herpsilochmus dorsimaculatus,"Pelzeln, 1868",1868,gbif
Herpsilochmus dugandi,Herpsilochmus dugandi,"Meyer de Schauensee, 1945",1945,gbif
Herpsilochmus gentryi,Herpsilochmus gentryi,"B.M.Whitney & J.A.Alonso, 1998",1998,gbif
Herpsilochmus longirostris,Herpsilochmus longirostris,"Pelzeln, 1868",1868,gbif
Herpsilochmus motacilloides,Herpsilochmus motacilloides,"Taczanowski, 1874",1874,gbif
Herpsilochmus parkeri,Herpsilochmus parkeri,"Davis & O'Neill, 1986",1986,gbif
Herpsilochmus pectoralis,Herpsilochmus pectoralis,"P.L.Sclater, 1857",1857,gbif
Herpsilochmus pileatus,Herpsilochmus pileatus,"(Lichtenstein, 1823)",1823,gbif
Herpsilochmus praedictus,Herpsilochmus praedictus,"Cohn-Haft & Bravo, 2013",2013,gbif
Herpsilochmus roraimae,Herpsilochmus roraimae,"Hellmayr, 1903",1903,gbif
Herpsilochmus rufimarginatus,Herpsilochmus rufimarginatus,"(Temminck, 1822)",1822,gbif
Herpsilochmus scapularis,Herpsilochmus scapularis,"(Wied, 1831)",1831,gbif
Herpsilochmus sellowi,Herpsilochmus sellowi,"B.M.Whitney & Pacheco, 2000",2000,gbif
Herpsilochmus stictocephalus,Herpsilochmus stictocephalus,"Todd, 1927",1927,gbif
Herpsilochmus sticturus,Herpsilochmus sticturus,"Salvin, 1885",1885,gbif
Herpsilochmus stotzi,Herpsilochmus stotzi,"Whitney, Cohn-Haft, Bravo, Schunck & Silveira, 2013",2013,gbif
Hylophylax naevioides,Hylophylax naevioides,"(Lafresnaye, 1847)",1847,gbif
Hylophylax naevius,Hylophylax naevius,"(Gmelin, 1789)",1789,gbif
Hylophylax punctulatus,Hylophylax punctulatus,"(Des Murs, 1856)",1856,gbif
Hypocnemis cantator,Hypocnemis cantator,"(Boddaert, 1783)",1783,gbif
Hypocnemis flavescens,Hypocnemis flavescens,"P.L.Sclater, 1865",1865,gbif
Hypocnemis hypoxantha,Hypocnemis hypoxantha,"P.L.Sclater, 1869",1869,gbif
Hypocnemis ochrogyna,Hypocnemis ochrogyna,"Zimmer, 1932",1932,gbif
Hypocnemis peruviana,Hypocnemis peruviana,"Taczanowski, 1884",1884,gbif
Hypocnemis rondoni,Hypocnemis rondoni,"Whitney, Isler, ML, Bravo, Aristizábal, Schunck, Silveira, Piacentini, Cohn-Haft & M.A.Rêgo, 2013",2013,gbif
Hypocnemis striata,Hypocnemis striata,"(Spix, 1825)",1825,gbif
Hypocnemis subflava,Hypocnemis subflava,"Cabanis, 1873",1873,gbif
Hypocnemoides maculicauda,Hypocnemoides maculicauda,"(Pelzeln, 1868)",1868,gbif
Hypocnemoides melanopogon,Hypocnemoides melanopogon,"(P.L.Sclater, 1857)",1857,gbif
Hypoedaleus guttatus,Hypoedaleus guttatus,"(Vieillot, 1816)",1816,gbif
Isleria guttata,Isleria guttata,"(Vieillot, 1824)",1824,gbif
Isleria hauxwelli,Isleria hauxwelli,"(P.L.Sclater, 1857)",1857,gbif
Mackenziaena leachii,Mackenziaena leachii,"(Such, 1825)",1825,gbif
Mackenziaena severa,Mackenziaena severa,"(Lichtenstein, 1823)",1823,gbif
Megastictus margaritatus,Megastictus margaritatus,"(P.L.Sclater, 1855)",1855,gbif
Microrhopias quixensis,Microrhopias quixensis,"(Cornalia, 1849)",1849,gbif
Myrmeciza longipes,Myrmeciza longipes,"(Swainson, 1825)",1825,gbif
Myrmelastes brunneiceps,Myrmelastes brunneiceps,"(J.T.Zimmer, 1931)",1931,gbif
Myrmelastes caurensis,Myrmelastes caurensis,"(Hellmayr, 1906)",1906,gbif
Myrmelastes humaythae,Myrmelastes humaythae,"(Hellmayr, 1907)",1907,gbif
Myrmelastes hyperythrus,Myrmelastes hyperythrus,"(P.L.Sclater, 1855)",1855,gbif
Myrmelastes leucostigma,Myrmelastes leucostigma,"(Pelzeln, 1868)",1868,gbif
Myrmelastes rufifacies,Myrmelastes rufifacies,"(Hellmayr, 1929)",1929,gbif
Myrmelastes saturatus,Myrmelastes saturatus,"(Salvin, 1885)",1885,gbif
Myrmelastes schistaceus,Myrmelastes schistaceus,"(P.L.Sclater, 1858)",1858,gbif
Myrmoborus leucophrys,Myrmoborus leucophrys,"(Tschudi, 1844)",1844,gbif
Myrmoborus lophotes,Myrmoborus lophotes,"(Hellmayr & Seilern, 1914)",1914,gbif
Myrmoborus lugubris,Myrmoborus lugubris,"(Cabanis, 1847)",1847,gbif
Myrmoborus melanurus,Myrmoborus melanurus,"(P.L.Sclater & Salvin, 1866)",1866,gbif
Myrmoborus myotherinus,Myrmoborus myotherinus,"(Spix, 1825)",1825,gbif
Myrmochanes hemileucus,Myrmochanes hemileucus,"(P.L.Sclater & Salvin, 1866)",1866,gbif
Myrmoderus eowilsoni,Myrmoderus eowilsoni,"Moncrieff, Johnson, O, Lane, Beck, Angulo & Fagan, 2017",2017,gbif
Myrmoderus ferrugineus,Myrmoderus ferrugineus,"(Müller & Pls, 1776)",1776,gbif
Myrmoderus loricatus,Myrmoderus loricatus,"(Lichtenstein & Mhc, 1823)",1823,gbif
Myrmoderus ruficauda,Myrmoderus ruficauda,"(M.Wied-Neuwied, 1831)",1831,gbif
Myrmoderus squamosus,Myrmoderus squamosus,"(Pelzeln, 1868)",1868,gbif
Myrmophylax atrothorax,Myrmophylax atrothorax,"(Boddaert, 1783)",1783,gbif
Myrmorchilus strigilatus,Myrmorchilus strigilatus,"(Wied-Neuwied, 1831)",1831,gbif
Myrmornis stictoptera,Myrmornis stictoptera,"(Salvin, 1893)",1893,gbif
Myrmornis torquata,Myrmornis torquata,"(Boddaert, 1783)",1783,gbif
Myrmotherula ambigua,Myrmotherula ambigua,"Zimmer, 1932",1932,gbif
Myrmotherula assimilis,Myrmotherula assimilis,"Pelzeln, 1868",1868,gbif
Myrmotherula axillaris,Myrmotherula axillaris,"(Vieillot, 1817)",1817,gbif
Myrmotherula behni,Myrmotherula behni,"Berlepsch & Leverkuhn, 1890",1890,gbif
Myrmotherula brachyura,Myrmotherula brachyura,"(Hermann, 1783)",1783,gbif
Myrmotherula cherriei,Myrmotherula cherriei,"Berlepsch & Hartert, 1902",1902,gbif
Myrmotherula grisea,Myrmotherula grisea,"Carriker, 1935",1935,gbif
Myrmotherula ignota,Myrmotherula ignota,"Griscom, 1929",1929,gbif
Myrmotherula iheringi,Myrmotherula iheringi,"E.Snethlage, 1914",1914,gbif
Myrmotherula klagesi,Myrmotherula klagesi,"Todd, 1927",1927,gbif
Myrmotherula longicauda,Myrmotherula longicauda,"Berlepsch & Stolzmann, 1894",1894,gbif
Myrmotherula longipennis,Myrmotherula longipennis,"Pelzeln, 1868",1868,gbif
Myrmotherula luctuosa,Myrmotherula luctuosa,"Pelzeln, 1868",1868,gbif
Myrmotherula menetriesii,Myrmotherula menetriesii,"(Orbigny, 1837)",1837,gbif
Myrmotherula minor,Myrmotherula minor,"Salvadori, 1864",1864,gbif
Myrmotherula multostriata,Myrmotherula multostriata,"P.L.Sclater, 1858",1858,gbif
Myrmotherula pacifica,Myrmotherula pacifica,"Hellmayr, 1911",1911,gbif
Myrmotherula schisticolor,Myrmotherula schisticolor,"(Lawrence, 1865)",1865,gbif
Myrmotherula sclateri,Myrmotherula sclateri,"E.Snethlage, 1912",1912,gbif
Myrmotherula snowi,Myrmotherula snowi,"Teixeira & Gonzaga, 1985",1985,gbif
Myrmotherula sunensis,Myrmotherula sunensis,"Chapman, 1925",1925,gbif
Myrmotherula surinamensis,Myrmotherula surinamensis,"(Gmelin, 1788)",1788,gbif
Myrmotherula unicolor,Myrmotherula unicolor,"(Ménétriés, 1835)",1835,gbif
Myrmotherula urosticta,Myrmotherula urosticta,"(P.L.Sclater, 1857)",1857,gbif
Neoctantes niger,Neoctantes niger,"(Pelzeln, 1859)",1859,gbif
Oneillornis lunulatus,Oneillornis lunulatus,"(P.L.Sclater & Salvin, 1873)",1873,gbif
Oneillornis salvini,Oneillornis salvini,"(Berlepsch, 1901)",1901,gbif
Percnostola arenarum,Percnostola arenarum,"M.L.Isler, J.Alvarez, P.R.Isler & B.M.Whitney, 2002",2002,gbif
Percnostola rufifrons,Percnostola rufifrons,"(Gmelin, 1789)",1789,gbif
Phaenostictus mcleannani,Phaenostictus mcleannani,"(Lawrence, 1860)",1860,gbif
Phlegopsis borbae,Phlegopsis borbae,"Hellmayr, 1907",1907,gbif
Phlegopsis erythroptera,Phlegopsis erythroptera,"(Gould, 1855)",1855,gbif
Phlegopsis nigromaculata,Phlegopsis nigromaculata,"(Orbigny & Lafresnaye, 1837)",1837,gbif
Pithys albifrons,Pithys albifrons,"(Linnaeus, 1766)",1766,gbif
Pithys castaneus,Pithys castaneus,"Berlioz, 1938",1938,gbif
Poliocrania exsul,Poliocrania exsul,"(P.L.Sclater, 1859)",1859,gbif
Poliocrania maculifer,Poliocrania maculifer,"(Hellmayr, 1906)",1906,gbif
Pygiptila stellaris,Pygiptila stellaris,"(Spix, 1825)",1825,gbif
Pyriglena atra,Pyriglena atra,"(Swainson, 1825)",1825,gbif
Pyriglena leuconota,Pyriglena leuconota,"(Spix, 1824)",1824,gbif
Pyriglena leucoptera,Pyriglena leucoptera,"(Vieillot, 1818)",1818,gbif
Rhegmatorhina berlepschi,Rhegmatorhina berlepschi,"(E.Snethlage, 1907)",1907,gbif
Rhegmatorhina cristata,Rhegmatorhina cristata,"(Pelzeln, 1868)",1868,gbif
Rhegmatorhina gymnops,Rhegmatorhina gymnops,"Ridgway, 1888",1888,gbif
Rhegmatorhina hoffmannsi,Rhegmatorhina hoffmannsi,"(Hellmayr, 1907)",1907,gbif
Rhegmatorhina melanosticta,Rhegmatorhina melanosticta,"(P.L.Sclater & Salvin, 1880)",1880,gbif
Rhopias gularis,Rhopias gularis,"(Spix, 1825)",1825,gbif
Rhopornis ardesiacus,Rhopornis ardesiacus,"(Wied-Neuwied, 1831)",1831,gbif
Sakesphorus canadensis,Sakesphorus canadensis,"(Linnaeus, 1766)",1766,gbif
Sakesphorus cristatus,Sakesphorus cristatus,"(Wied-Neuwied, 1831)",1831,gbif
Sakesphorus luctuosus,Sakesphorus luctuosus,"(Lichtenstein, 1823)",1823,gbif
Sakesphorus pulchellus,Sakesphorus pulchellus,"(Cabanis & Heine, 1860)",1860,gbif
Sciaphylax castanea,Sciaphylax castanea,"(Gmelin, 1789)",1789,gbif
Sciaphylax hemimelaena,Sciaphylax hemimelaena,"(P.L.Sclater, 1857)",1857,gbif
Sclateria naevia,Sclateria naevia,"(Gmelin, 1788)",1788,gbif
Sipia berlepschi,Sipia berlepschi,"(Gmelin, 1788)",1788,gbif
Sipia laemosticta,Sipia laemosticta,"(Pelzeln, 1868)",1868,gbif
Sipia nigricauda,Sipia nigricauda,"(Cassin, 1850)",1850,gbif
Sipia palliata,Sipia palliata,"(P.L.Sclater & Salvin, 1866)",1866,gbif
Taraba major,Taraba major,"(Vieillot, 1816)",1816,gbif
Terenura maculata,Terenura maculata,"(Wied-Neuwied, 1831)",1831,gbif
Terenura sicki,Terenura sicki,"Teixeira & Gonzaga, 1983",1983,gbif
Thamnistes aequatorialis,Thamnistes aequatorialis,"Sclater, 1862",1862,gbif
Thamnistes anabatinus,Thamnistes anabatinus,"P.L.Sclater & Salvin, 1860",1860,gbif
Thamnomanes ardesiacus,Thamnomanes ardesiacus,"(P.L.Sclater & Salvin, 1868)",1868,gbif
Thamnomanes caesius,Thamnomanes caesius,"(Temminck, 1820)",1820,gbif
Thamnomanes saturninus,Thamnomanes saturninus,"(Pelzeln, 1868)",1868,gbif
Thamnomanes schistogynus,Thamnomanes schistogynus,"Hellmayr, 1911",1911,gbif
Thamnophilus aethiops,Thamnophilus aethiops,"P.L.Sclater, 1858",1858,gbif
Thamnophilus amazonicus,Thamnophilus amazonicus,"P.L.Sclater, 1858",1858,gbif
Thamnophilus ambiguus,Thamnophilus ambiguus,"Swainson, 1825",1825,gbif
Thamnophilus aroyae,Thamnophilus aroyae,"(Hellmayr, 1904)",1904,gbif
Thamnophilus atrinucha,Thamnophilus atrinucha,"Salvin & Godman, 1892",1892,gbif
Thamnophilus bernardi,Thamnophilus bernardi,"Lesson, 1844",1844,gbif
Thamnophilus bridgesi,Thamnophilus bridgesi,"P.L.Sclater, 1856",1856,gbif
Thamnophilus caerulescens,Thamnophilus caerulescens,"Vieillot, 1816",1816,gbif
Thamnophilus cryptoleucus,Thamnophilus cryptoleucus,"(Menegaux & Hellmayr, 1906)",1906,gbif
Thamnophilus divisorius,Thamnophilus divisorius,"B.M.Whitney, Oren & Brumfield, 2004",2004,gbif
Thamnophilus doliatus,Thamnophilus doliatus,"(Linnaeus, 1764)",1764,gbif
Thamnophilus insignis,Thamnophilus insignis,"Salvin & Godman, 1884",1884,gbif
Thamnophilus melanonotus,Thamnophilus melanonotus,"P.L.Sclater, 1855",1855,gbif
Thamnophilus melanothorax,Thamnophilus melanothorax,"P.L.Sclater, 1857",1857,gbif
Thamnophilus multistriatus,Thamnophilus multistriatus,"Lafresnaye, 1844",1844,gbif
Thamnophilus murinus,Thamnophilus murinus,"P.L.Sclater & Salvin, 1868",1868,gbif
Thamnophilus nigriceps,Thamnophilus nigriceps,"P.L.Sclater, 1869",1869,gbif
Thamnophilus nigrocinereus,Thamnophilus nigrocinereus,"P.L.Sclater, 1855",1855,gbif
Thamnophilus palliatus,Thamnophilus palliatus,"(Lichtenstein, 1823)",1823,gbif
Thamnophilus pelzelni,Thamnophilus pelzelni,"Hellmayr, 1924",1924,gbif
Thamnophilus praecox,Thamnophilus praecox,"Zimmer, 1937",1937,gbif
Thamnophilus punctatus,Thamnophilus punctatus,"(Shaw, 1809)",1809,gbif
Thamnophilus ruficapillus,Thamnophilus ruficapillus,"Vieillot, 1816",1816,gbif
Thamnophilus schistaceus,Thamnophilus schistaceus,"Orbigny, 1837",1837,gbif
Thamnophilus shumbae,Thamnophilus shumbae,"Carriker, 1934",1934,gbif
Thamnophilus stictocephalus,Thamnophilus stictocephalus,"Pelzeln, 1868",1868,gbif
Thamnophilus sticturus,Thamnophilus sticturus,"Pelzeln, 1868",1868,gbif
Thamnophilus subfasciatus,Thamnophilus subfasciatus,"Sclater & Salvin, 1876",1876,gbif
Thamnophilus tenuepunctatus,Thamnophilus tenuepunctatus,"Lafresnaye, 1853",1853,gbif
Thamnophilus torquatus,Thamnophilus torquatus,"Swainson, 1825",1825,gbif
Thamnophilus unicolor,Thamnophilus unicolor,"(P.L.Sclater, 1859)",1859,gbif
Thamnophilus zarumae,Thamnophilus zarumae,"Chapman, 1921",1921,gbif
Willisornis nigrigula,Willisornis nigrigula,"(E.Snethlage, 1914)",1914,gbif
Willisornis poecilinotus,Willisornis poecilinotus,"(Cabanis, 1847)",1847,gbif
Willisornis vidua,Willisornis vidua,"(Hellmayr, 1905)",1905,gbif
Xenornis setifrons,Xenornis setifrons,"Chapman, 1924",1924,gbif
Acanthidops bairdi,Acanthidops bairdi,"Ridgway, 1882",1882,gbif
Anisognathus flavinucha,Anisognathus flavinucha,"(d'Orbigny & Lafresnaye, 1837)",1837,gbif
Anisognathus igniventris,Anisognathus igniventris,"(d'Orbigny & Lafresnaye, 1837)",1837,gbif
Anisognathus lacrymosus,Anisognathus lacrymosus,"(Du Bus de Gisignies, 1846)",1846,gbif
Anisognathus lunulatus,Anisognathus lunulatus,"(Du Bus de Gisignies, 1839)",1839,gbif
Anisognathus melanogenys,Anisognathus melanogenys,"(Salvin & Godman, 1880)",1880,gbif
Anisognathus notabilis,Anisognathus notabilis,"(P.L.Sclater, 1855)",1855,gbif
Anisognathus somptuosus,Anisognathus somptuosus,"(R.Lesson, 1831)",1831,gbif
Asemospiza fuliginosa,Asemospiza fuliginosa,"(Wied-Neuwied, 1830)",1830,gbif
Asemospiza obscura,Asemospiza obscura,"(d'Orbigny & Lafresnaye, 1837)",1837,gbif
Bangsia arcaei,Bangsia arcaei,"(P.L.Sclater & Salvin, 1869)",1869,gbif
Bangsia aureocincta,Bangsia aureocincta,"(Hellmayr, 1910)",1910,gbif
Bangsia edwardsi,Bangsia edwardsi,"(D.G.Elliot, 1865)",1865,gbif
Bangsia flavovirens,Bangsia flavovirens,"(Lawrence, 1867)",1867,gbif
Bangsia melanochlamys,Bangsia melanochlamys,"(Hellmayr, 1910)",1910,gbif
Bangsia rothschildi,Bangsia rothschildi,"(Berlepsch, 1897)",1897,gbif
Buthraupis montana,Buthraupis montana,"(d'Orbigny & Lafresnaye, 1837)",1837,gbif
Calochaetes coccineus,Calochaetes coccineus,"(P.L.Sclater, 1858)",1858,gbif
Castanozoster thoracicus,Castanozoster thoracicus,"(Nordmann, 1835)",1835,gbif
Catamblyrhynchus diadema,Catamblyrhynchus diadema,"Lafresnaye, 1842",1842,gbif
Catamenia analis,Catamenia analis,"(d'Orbigny & Lafresnaye, 1837)",1837,gbif
Catamenia homochroa,Catamenia homochroa,"P.L.Sclater, 1859",1859,gbif
Catamenia inornata,Catamenia inornata,"(Lafresnaye, 1847)",1847,gbif
Certhidea fusca,Certhidea fusca,"P.L.Sclater & Salvin, 1870",1870,gbif
Certhidea olivacea,Certhidea olivacea,"Gould, 1837",1837,gbif
Charitospiza eucosma,Charitospiza eucosma,"Oberholser, 1905",1905,gbif
Chionodacryon speculiferum,Chionodacryon speculiferum,"(d'Orbigny & Lafresnaye, 1837)",1837,gbif
Chlorochrysa calliparaea,Chlorochrysa calliparaea,"(Tschudi, 1844)",1844,gbif
Chlorochrysa fulgentissima,Chlorochrysa fulgentissima,"Chapman, 1901",1901,gbif
Chlorochrysa nitidissima,Chlorochrysa nitidissima,"P.L.Sclater, 1874",1874,gbif
Chlorochrysa phoenicotis,Chlorochrysa phoenicotis,"(Bonaparte, 1851)",1851,gbif
Chlorophanes spiza,Chlorophanes spiza,"(Linnaeus, 1758)",1758,gbif
Chlorornis riefferii,Chlorornis riefferii,"(Boissonneau, 1840)",1840,gbif
Chrysocorypha delatrii,Chrysocorypha delatrii,"(Lafresnaye, 1847)",1847,gbif
Chrysothlypis chrysomelas,Chrysothlypis chrysomelas,"(P.L.Sclater & Salvin, 1869)",1869,gbif
Chrysothlypis salmoni,Chrysothlypis salmoni,"(P.L.Sclater, 1886)",1886,gbif
Cissopis leverianus,Cissopis leverianus,"(J.F.Gmelin, 1788)",1788,gbif
Cnemathraupis aureodorsalis,Cnemathraupis aureodorsalis,"(Blake & Hocking, 1974)",1974,gbif
Cnemathraupis eximia,Cnemathraupis eximia,"(Boissonneau, 1840)",1840,gbif
Cnemoscopus chrysogaster,Cnemoscopus chrysogaster,"(Taczanowski, 1875)",1875,gbif
Cnemoscopus rubrirostris,Cnemoscopus rubrirostris,"(Lafresnaye, 1840)",1840,gbif
Coereba flaveola,Coereba flaveola,"(Linnaeus, 1758)",1758,gbif
Compsothraupis loricata,Compsothraupis loricata,"(M.H.K.Lichtenstein, 1819)",1819,gbif
Conirostrum albifrons,Conirostrum albifrons,"Lafresnaye, 1842",1842,gbif
Conirostrum bicolor,Conirostrum bicolor,"(Vieillot, 1809)",1809,gbif
Conirostrum binghami,Conirostrum binghami,"(Chapman, 1919)",1919,gbif
Conirostrum cinereum,Conirostrum cinereum,"d'Orbigny & Lafresnaye, 1838",1838,gbif
Conirostrum ferrugineiventre,Conirostrum ferrugineiventre,"P.L.Sclater, 1855",1855,gbif
Conirostrum fraseri,Conirostrum fraseri,"P.L.Sclater, 1859",1859,gbif
Conirostrum leucogenys,Conirostrum leucogenys,"(Lafresnaye, 1852)",1852,gbif
Conirostrum margaritae,Conirostrum margaritae,"(Holt, 1931)",1931,gbif
Conirostrum rufum,Conirostrum rufum,"Lafresnaye, 1843",1843,gbif
Conirostrum sitticolor,Conirostrum sitticolor,"Lafresnaye, 1840",1840,gbif
Conirostrum speciosum,Conirostrum speciosum,"(Temminck, 1824)",1824,gbif
Conirostrum tamarugense,Conirostrum tamarugense,"A.W.Johnson & Millie, 1972",1972,gbif
Conothraupis mesoleuca,Conothraupis mesoleuca,"(Berlioz, 1939)",1939,gbif
Conothraupis speculigera,Conothraupis speculigera,"(Gould, 1855)",1855,gbif
Corydospiza alaudina,Corydospiza alaudina,"(Kittlitz, 1833)",1833,gbif
Corydospiza carbonaria,Corydospiza carbonaria,"(d'Orbigny & Lafresnaye, 1837)",1837,gbif
Coryphaspiza melanotis,Coryphaspiza melanotis,"(Temminck, 1822)",1822,gbif
Coryphospingus cucullatus,Coryphospingus cucullatus,"(P.L.S.Müller, 1776)",1776,gbif
Coryphospingus pileatus,Coryphospingus pileatus,"(Wied-Neuwied, 1821)",1821,gbif
Creurgops dentatus,Creurgops dentatus,"(P.L.Sclater & Salvin, 1876)",1876,gbif
Creurgops verticalis,Creurgops verticalis,"P.L.Sclater, 1858",1858,gbif
Cyanerpes caeruleus,Cyanerpes caeruleus,"(Linnaeus, 1758)",1758,gbif
Cyanerpes cyaneus,Cyanerpes cyaneus,"(Linnaeus, 1766)",1766,gbif
Cyanerpes lucidus,Cyanerpes lucidus,"(P.L.Sclater & Salvin, 1859)",1859,gbif
Cyanerpes nitidus,Cyanerpes nitidus,"(Hartlaub, 1847)",1847,gbif
Cyanicterus cyanicterus,Cyanicterus cyanicterus,"(Vieillot, 1819)",1819,gbif
Cypsnagra hirundinacea,Cypsnagra hirundinacea,"(R.Lesson, 1831)",1831,gbif
Dacnis albiventris,Dacnis albiventris,"(P.L.Sclater, 1852)",1852,gbif
Dacnis berlepschi,Dacnis berlepschi,"E.Hartert, 1900",1900,gbif
Dacnis cayana,Dacnis cayana,"(Linnaeus, 1766)",1766,gbif
Dacnis egregia,Dacnis egregia,"P.L.Sclater, 1855",1855,gbif
Dacnis flaviventer,Dacnis flaviventer,"d'Orbigny & Lafresnaye, 1837",1837,gbif
Dacnis hartlaubi,Dacnis hartlaubi,"P.L.Sclater, 1855",1855,gbif
Dacnis lineata,Dacnis lineata,"(J.F.Gmelin, 1789)",1789,gbif
Dacnis nigripes,Dacnis nigripes,"Pelzeln, 1856",1856,gbif
Dacnis venusta,Dacnis venusta,"Lawrence, 1862",1862,gbif
Dacnis viguieri,Dacnis viguieri,"Oustalet, 1883",1883,gbif
Diglossa albilatera,Diglossa albilatera,"Lafresnaye, 1843",1843,gbif
Diglossa baritula,Diglossa baritula,"Wagler, 1832",1832,gbif
Diglossa brunneiventris,Diglossa brunneiventris,"Lafresnaye, 1846",1846,gbif
Diglossa caerulescens,Diglossa caerulescens,"(P.L.Sclater, 1856)",1856,gbif
Diglossa carbonaria,Diglossa carbonaria,"(d'Orbigny & Lafresnaye, 1838)",1838,gbif
Diglossa cyanea,Diglossa cyanea,"(Lafresnaye, 1840)",1840,gbif
Diglossa duidae,Diglossa duidae,"Chapman, 1929",1929,gbif
Diglossa glauca,Diglossa glauca,"P.L.Sclater & Salvin, 1876",1876,gbif
Diglossa gloriosa,Diglossa gloriosa,"P.L.Sclater & Salvin, 1871",1871,gbif
Diglossa gloriosissima,Diglossa gloriosissima,"Chapman, 1912",1912,gbif
Diglossa humeralis,Diglossa humeralis,"(Fraser, 1840)",1840,gbif
Diglossa indigotica,Diglossa indigotica,"P.L.Sclater, 1856",1856,gbif
Diglossa lafresnayii,Diglossa lafresnayii,"(Boissonneau, 1840)",1840,gbif
Diglossa major,Diglossa major,"Cabanis, 1849",1849,gbif
Diglossa mystacalis,Diglossa mystacalis,"Lafresnaye, 1846",1846,gbif
Diglossa plumbea,Diglossa plumbea,"Cabanis, 1861",1861,gbif
Diglossa sittoides,Diglossa sittoides,"(d'Orbigny & Lafresnaye, 1838)",1838,gbif
Diglossa venezuelensis,Diglossa venezuelensis,"Chapman, 1925",1925,gbif
Diuca diuca,Diuca diuca,"(Molina, 1782)",1782,gbif
Donacospiza albifrons,Donacospiza albifrons,"(Vieillot, 1817)",1817,gbif
Dubusia carrikeri,Dubusia carrikeri,"Wetmore, 1946",1946,gbif
Dubusia castaneoventris,Dubusia castaneoventris,"(P.L.Sclater, 1851)",1851,gbif
Dubusia stictocephala,Dubusia stictocephala,"Berlepsch & Stolzmann, 1894",1894,gbif
Dubusia taeniata,Dubusia taeniata,"(Boissonneau, 1840)",1840,gbif
Emberizoides duidae,Emberizoides duidae,"Chapman, 1929",1929,gbif
Emberizoides herbicola,Emberizoides herbicola,"(Vieillot, 1817)",1817,gbif
Emberizoides ypiranganus,Emberizoides ypiranganus,"H.Ihering & R.Ihering, 1907",1907,gbif
Embernagra longicauda,Embernagra longicauda,"Strickland, 1844",1844,gbif
Embernagra platensis,Embernagra platensis,"(J.F.Gmelin, 1789)",1789,gbif
Ephippiospingus dorsalis,Ephippiospingus dorsalis,"(Cabanis, 1883)",1883,gbif
Ephippiospingus erythronotus,Ephippiospingus erythronotus,"(Philippi & Landbeck, 1861)",1861,gbif
Eucometis penicillata,Eucometis penicillata,"(Spix, 1825)",1825,gbif
Euneornis campestris,Euneornis campestris,"(Linnaeus, 1758)",1758,gbif
Geospiza acutirostris,Geospiza acutirostris,"Ridgway, 1894",1894,gbif
Geospiza conirostris,Geospiza conirostris,"Ridgway, 1890",1890,gbif
Geospiza difficilis,Geospiza difficilis,"Sharpe, 1888",1888,gbif
Geospiza fortis,Geospiza fortis,"Gould, 1837",1837,gbif
Geospiza fuliginosa,Geospiza fuliginosa,"Gould, 1837",1837,gbif
Geospiza heliobates,Geospiza heliobates,"Snodgrass & Heller, 1901",1901,gbif
Geospiza magnirostris,Geospiza magnirostris,"Gould, 1837",1837,gbif
Geospiza pallida,Geospiza pallida,"(P.L.Sclater & Salvin, 1870)",1870,gbif
Geospiza parvula,Geospiza parvula,"(Gould, 1837)",1837,gbif
Geospiza pauper,Geospiza pauper,"(Ridgway, 1890)",1890,gbif
Geospiza propinqua,Geospiza propinqua,"Ridgway, 1894",1894,gbif
Geospiza psittacula,Geospiza psittacula,"(Gould, 1837)",1837,gbif
Geospiza scandens,Geospiza scandens,"(Gould, 1837)",1837,gbif
Geospiza septentrionalis,Geospiza septentrionalis,"Rothschild & E.Hartert, 1899",1899,gbif
Geospizopsis plebejus,Geospizopsis plebejus,"(Tschudi, 1844)",1844,gbif
Geospizopsis unicolor,Geospizopsis unicolor,"(d'Orbigny & Lafresnaye, 1837)",1837,gbif
Gubernatrix cristata,Gubernatrix cristata,"(Vieillot, 1817)",1817,gbif
Haplospiza unicolor,Haplospiza unicolor,"Cabanis, 1851",1851,gbif
Hemithraupis flavicollis,Hemithraupis flavicollis,"(Vieillot, 1818)",1818,gbif
Hemithraupis guira,Hemithraupis guira,"(Linnaeus, 1766)",1766,gbif
Hemithraupis ruficapilla,Hemithraupis ruficapilla,"(Vieillot, 1818)",1818,gbif
Heterospingus rubrifrons,Heterospingus rubrifrons,"(Lawrence, 1865)",1865,gbif
Heterospingus xanthopygius,Heterospingus xanthopygius,"(P.L.Sclater, 1855)",1855,gbif
Idiopsar brachyurus,Idiopsar brachyurus,"Cassin, 1867",1867,gbif
Incaspiza laeta,Incaspiza laeta,"(Salvin, 1895)",1895,gbif
Incaspiza ortizi,Incaspiza ortizi,"J.T.Zimmer, 1952",1952,gbif
Incaspiza personata,Incaspiza personata,"(Salvin, 1895)",1895,gbif
Incaspiza pulchra,Incaspiza pulchra,"(P.L.Sclater, 1886)",1886,gbif
Incaspiza watkinsi,Incaspiza watkinsi,"Chapman, 1925",1925,gbif
Iridophanes pulcherrimus,Iridophanes pulcherrimus,"(P.L.Sclater, 1853)",1853,gbif
Iridosornis analis,Iridosornis analis,"(Tschudi, 1844)",1844,gbif
Iridosornis jelskii,Iridosornis jelskii,"Cabanis, 1873",1873,gbif
Iridosornis porphyrocephalus,Iridosornis porphyrocephalus,"P.L.Sclater, 1856",1856,gbif
Iridosornis reinhardti,Iridosornis reinhardti,"P.L.Sclater, 1865",1865,gbif
Iridosornis rufivertex,Iridosornis rufivertex,"(Lafresnaye, 1842)",1842,gbif
Islerothraupis cristata,Islerothraupis cristata,"(Linnaeus, 1766)",1766,gbif
Islerothraupis luctuosa,Islerothraupis luctuosa,"(d'Orbigny & Lafresnaye, 1837)",1837,gbif
Islerothraupis rufiventer,Islerothraupis rufiventer,"(Spix, 1825)",1825,gbif
Kleinothraupis atropileus,Kleinothraupis atropileus,"(Lafresnaye, 1842)",1842,gbif
Kleinothraupis auricularis,Kleinothraupis auricularis,"(Cabanis, 1873)",1873,gbif
Kleinothraupis calophrys,Kleinothraupis calophrys,"(P.L.Sclater & Salvin, 1876)",1876,gbif
Kleinothraupis parodii,Kleinothraupis parodii,"(Weske & Terborgh, 1974)",1974,gbif
Kleinothraupis reyi,Kleinothraupis reyi,"(Berlepsch, 1885)",1885,gbif
Lanio aurantius,Lanio aurantius,"Lafresnaye, 1846",1846,gbif
Lanio fulvus,Lanio fulvus,"(Boddaert, 1783)",1783,gbif
Lanio leucothorax,Lanio leucothorax,"Salvin, 1865",1865,gbif
Lanio versicolor,Lanio versicolor,"(d'Orbigny & Lafresnaye, 1837)",1837,gbif
Lophospingus griseocristatus,Lophospingus griseocristatus,"(d'Orbigny & Lafresnaye, 1837)",1837,gbif
Lophospingus pusillus,Lophospingus pusillus,"(Burmeister, 1860)",1860,gbif
Loxigilla barbadensis,Loxigilla barbadensis,"Cory, 1886",1886,gbif
Loxigilla noctis,Loxigilla noctis,"(Linnaeus, 1766)",1766,gbif
Loxipasser anoxanthus,Loxipasser anoxanthus,"(Gosse, 1847)",1847,gbif
Maschalethraupis surinama,Maschalethraupis surinama,"(Linnaeus, 1766)",1766,gbif
Melanodera melanodera,Melanodera melanodera,"(Quoy & Gaimard, 1824)",1824,gbif
Melanodera xanthogramma,Melanodera xanthogramma,"(Gould & G.R.Gray, 1839)",1839,gbif
Melanospiza bicolor,Melanospiza bicolor,"(Linnaeus, 1766)",1766,gbif
Melanospiza richardsoni,Melanospiza richardsoni,"(Cory, 1886)",1886,gbif
Microspingus alticola,Microspingus alticola,"(Salvin, 1895)",1895,gbif
Microspingus cabanisi,Microspingus cabanisi,"(Bonaparte, 1850)",1850,gbif
Microspingus cinereus,Microspingus cinereus,"(Bonaparte, 1850)",1850,gbif
Microspingus erythrophrys,Microspingus erythrophrys,"(P.L.Sclater, 1881)",1881,gbif
Microspingus lateralis,Microspingus lateralis,"(Nordmann, 1835)",1835,gbif
Microspingus melanoleucus,Microspingus melanoleucus,"(d'Orbigny & Lafresnaye, 1837)",1837,gbif
Microspingus pectoralis,Microspingus pectoralis,"(Todd, 1922)",1922,gbif
Microspingus torquatus,Microspingus torquatus,"(d'Orbigny & Lafresnaye, 1837)",1837,gbif
Microspingus trifasciatus,Microspingus trifasciatus,"Taczanowski, 1874",1874,gbif
Nemosia pileata,Nemosia pileata,"(Boddaert, 1783)",1783,gbif
Nemosia rourei,Nemosia rourei,"Cabanis, 1870",1870,gbif
Neothraupis fasciata,Neothraupis fasciata,"(M.H.K.Lichtenstein, 1823)",1823,gbif
Nephelornis oneilli,Nephelornis oneilli,"Lowery & Tallman, 1976",1976,gbif
Nesospiza acunhae,Nesospiza acunhae,"Cabanis, 1873",1873,gbif
Nesospiza questi,Nesospiza questi,"Lowe, 1923",1923,gbif
Nesospiza wilkinsi,Nesospiza wilkinsi,"Lowe, 1923",1923,gbif
Orchesticus abeillei,Orchesticus abeillei,"(R.Lesson, 1839)",1839,gbif
Parkerthraustes humeralis,Parkerthraustes humeralis,"(Lawrence, 1867)",1867,gbif
Paroaria baeri,Paroaria baeri,"Hellmayr, 1907",1907,gbif
Paroaria capitata,Paroaria capitata,"(d'Orbigny & Lafresnaye, 1837)",1837,gbif
Paroaria coronata,Paroaria coronata,"(J.F.Miller, 1776)",1776,gbif
Paroaria dominicana,Paroaria dominicana,"(Linnaeus, 1758)",1758,gbif
Paroaria gularis,Paroaria gularis,"(Linnaeus, 1766)",1766,gbif
Paroaria nigrogenis,Paroaria nigrogenis,"(Lafresnaye, 1846)",1846,gbif
Phonipara canora,Phonipara canora,"(J.F.Gmelin, 1789)",1789,gbif
Phrygilus atriceps,Phrygilus atriceps,"(d'Orbigny & Lafresnaye, 1837)",1837,gbif
Phrygilus gayi,Phrygilus gayi,"(Gervais, 1834)",1834,gbif
Phrygilus patagonicus,Phrygilus patagonicus,"Lowe, 1923",1923,gbif
Phrygilus punensis,Phrygilus punensis,"Ridgway, 1887",1887,gbif
Piezorina cinerea,Piezorina cinerea,"(Lafresnaye, 1843)",1843,gbif
Pinaroloxias inornata,Pinaroloxias inornata,"(Gould, 1843)",1843,gbif
Pipraeidea bonariensis,Pipraeidea bonariensis,"(J.F.Gmelin, 1789)",1789,gbif
Pipraeidea darwinii,Pipraeidea darwinii,"(Bonaparte, 1838)",1838,gbif
Pipraeidea melanonota,Pipraeidea melanonota,"(Vieillot, 1819)",1819,gbif
Platyspiza crassirostris,Platyspiza crassirostris,"(Gould, 1837)",1837,gbif
Poospiza baeri,Poospiza baeri,"(Oustalet, 1904)",1904,gbif
Poospiza boliviana,Poospiza boliviana,"Sharpe, 1888",1888,gbif
Poospiza garleppi,Poospiza garleppi,"(Berlepsch, 1893)",1893,gbif
Poospiza goeringi,Poospiza goeringi,"(P.L.Sclater & Salvin, 1871)",1871,gbif
Poospiza hispaniolensis,Poospiza hispaniolensis,"Bonaparte, 1850",1850,gbif
Poospiza nigrorufa,Poospiza nigrorufa,"(d'Orbigny & Lafresnaye, 1837)",1837,gbif
Poospiza ornata,Poospiza ornata,"(Landbeck, 1865)",1865,gbif
Poospiza rubecula,Poospiza rubecula,"Salvin, 1895",1895,gbif
Poospiza rufosuperciliaris,Poospiza rufosuperciliaris,"(Blake & Hocking, 1974)",1974,gbif
Poospiza whitii,Poospiza whitii,"P.L.Sclater, 1883",1883,gbif
Poospizopsis caesar,Poospizopsis caesar,"(P.L.Sclater & Salvin, 1869)",1869,gbif
Poospizopsis hypocondria,Poospizopsis hypocondria,"(d'Orbigny & Lafresnaye, 1837)",1837,gbif
Porphyrospiza caerulescens,Porphyrospiza caerulescens,"(Wied-Neuwied, 1830)",1830,gbif
Pseudosaltator rufiventris,Pseudosaltator rufiventris,"(d'Orbigny & Lafresnaye, 1837)",1837,gbif
Pseudospingus verticalis,Pseudospingus verticalis,"(Lafresnaye, 1840)",1840,gbif
Pseudospingus xanthophthalmus,Pseudospingus xanthophthalmus,"(Taczanowski, 1874)",1874,gbif
Pyrrhulagra nigra,Pyrrhulagra nigra,"(Linnaeus, 1758)",1758,gbif
Pyrrhulagra portoricensis,Pyrrhulagra portoricensis,"(Daudin, 1800)",1800,gbif
Pyrrhulagra taylori,Pyrrhulagra taylori,"(E.Hartert, 1896)",1896,gbif
Pyrrhulagra violacea,Pyrrhulagra violacea,"(Linnaeus, 1758)",1758,gbif
Ramphocelus bresilius,Ramphocelus bresilius,"(Linnaeus, 1766)",1766,col
Ramphocelus carbo,Ramphocelus carbo,"(Pallas, 1764)",1764,gbif
Ramphocelus costaricensis,Ramphocelus costaricensis,"Cherrie, 1891",1891,gbif
Ramphocelus dimidiatus,Ramphocelus dimidiatus,"Lafresnaye, 1837",1837,gbif
Ramphocelus flammigerus,Ramphocelus flammigerus,"(Jardine & Selby, 1833)",1833,gbif
Ramphocelus icteronotus,Ramphocelus icteronotus,"Bonaparte, 1838",1838,gbif
Ramphocelus melanogaster,Ramphocelus melanogaster,"(Swainson, 1838)",1838,gbif
Ramphocelus nigrogularis,Ramphocelus nigrogularis,"(Spix, 1825)",1825,gbif
Ramphocelus passerinii,Ramphocelus passerinii,"Bonaparte, 1831",1831,gbif
Ramphocelus sanguinolentus,Ramphocelus sanguinolentus,"(R.Lesson, 1831)",1831,gbif
Rhodospingus cruentus,Rhodospingus cruentus,"(R.Lesson, 1844)",1844,gbif
Rhopospina fruticeti,Rhopospina fruticeti,"(Kittlitz, 1833)",1833,gbif
Rowettia goughensis,Rowettia goughensis,"(W.E.Clarke, 1904)",1904,gbif
Saltator albicollis,Saltator albicollis,"Vieillot, 1817",1817,gbif
Saltator atriceps,Saltator atriceps,"(R.Lesson, 1832)",1832,gbif
Saltator atricollis,Saltator atricollis,"Vieillot, 1817",1817,gbif
Saltator atripennis,Saltator atripennis,"P.L.Sclater, 1857",1857,gbif
Saltator aurantiirostris,Saltator aurantiirostris,"Vieillot, 1817",1817,gbif
Saltator cinctus,Saltator cinctus,"J.T.Zimmer, 1943",1943,gbif
Saltator coerulescens,Saltator coerulescens,"Vieillot, 1817",1817,gbif
Saltator fuliginosus,Saltator fuliginosus,"(Daudin, 1800)",1800,gbif
Saltator grandis,Saltator grandis,"(Deppe, 1830)",1830,gbif
Saltator grossus,Saltator grossus,"(Linnaeus, 1767)",1767,gbif
Saltator maxillosus,Saltator maxillosus,"Cabanis, 1851",1851,gbif
Saltator maximus,Saltator maximus,"(P.L.S.Müller, 1776)",1776,gbif
Saltator multicolor,Saltator multicolor,"Burmeister, 1860",1860,gbif
Saltator nigriceps,Saltator nigriceps,"(Chapman, 1914)",1914,gbif
Saltator olivascens,Saltator olivascens,"Cabanis, 1849",1849,gbif
Saltator orenocensis,Saltator orenocensis,"Lafresnaye, 1846",1846,gbif
Saltator similis,Saltator similis,"d'Orbigny & Lafresnaye, 1837",1837,gbif
Saltator striatipectus,Saltator striatipectus,"Lafresnaye, 1847",1847,gbif
Schistochlamys melanopis,Schistochlamys melanopis,"(Latham, 1790)",1790,gbif
Schistochlamys ruficapillus,Schistochlamys ruficapillus,"(Vieillot, 1817)",1817,gbif
Sericossypha albocristata,Sericossypha albocristata,"(Lafresnaye, 1843)",1843,gbif
Sicalis auriventris,Sicalis auriventris,"Philippi & Landbeck, 1864",1864,gbif
Sicalis citrina,Sicalis citrina,"Pelzeln, 1870",1870,gbif
Sicalis columbiana,Sicalis columbiana,"Cabanis, 1851",1851,gbif
Sicalis flaveola,Sicalis flaveola,"(Linnaeus, 1766)",1766,gbif
Sicalis lebruni,Sicalis lebruni,"(Oustalet, 1891)",1891,gbif
Sicalis lutea,Sicalis lutea,"(d'Orbigny & Lafresnaye, 1837)",1837,gbif
Sicalis luteocephala,Sicalis luteocephala,"(d'Orbigny & Lafresnaye, 1837)",1837,gbif
Sicalis luteola,Sicalis luteola,"(Sparrman, 1789)",1789,gbif
Sicalis mendozae,Sicalis mendozae,"(Sharpe, 1888)",1888,gbif
Sicalis olivascens,Sicalis olivascens,"(d'Orbigny & Lafresnaye, 1837)",1837,gbif
Sicalis raimondii,Sicalis raimondii,"Taczanowski, 1874",1874,gbif
Sicalis taczanowskii,Sicalis taczanowskii,"Sharpe, 1888",1888,gbif
Sicalis uropigyalis,Sicalis uropigyalis,"(d'Orbigny & Lafresnaye, 1837)",1837,gbif
Sphenopsis frontalis,Sphenopsis frontalis,"(Tschudi, 1844)",1844,gbif
Sphenopsis melanotis,Sphenopsis melanotis,"(P.L.Sclater, 1855)",1855,gbif
Sphenopsis ochracea,Sphenopsis ochracea,"(Berlepsch & Taczanowski, 1884)",1884,gbif
Sphenopsis piurae,Sphenopsis piurae,"(Chapman, 1923)",1923,gbif
Spodiornis rusticus,Spodiornis rusticus,"(Tschudi, 1844)",1844,gbif
Sporathraupis cyanocephala,Sporathraupis cyanocephala,"(d'Orbigny & Lafresnaye, 1837)",1837,gbif
Sporophila albogularis,Sporophila albogularis,"(Spix, 1825)",1825,gbif
Sporophila americana,Sporophila americana,"(J.F.Gmelin, 1789)",1789,gbif
Sporophila angolensis,Sporophila angolensis,"(Linnaeus, 1766)",1766,gbif
Sporophila ardesiaca,Sporophila ardesiaca,"(A.J.C.Dubois, 1894)",1894,gbif
Sporophila atrirostris,Sporophila atrirostris,"(P.L.Sclater & Salvin, 1878)",1878,gbif
Sporophila beltoni,Sporophila beltoni,"Repenning & Fontana, 2013",2013,gbif
Sporophila bouvreuil,Sporophila bouvreuil,"(P.L.S.Müller, 1776)",1776,gbif
Sporophila bouvronides,Sporophila bouvronides,"(R.Lesson, 1831)",1831,gbif
Sporophila caerulescens,Sporophila caerulescens,"(Vieillot, 1823)",1823,gbif
Sporophila castaneiventris,Sporophila castaneiventris,"Cabanis, 1849",1849,gbif
Sporophila cinnamomea,Sporophila cinnamomea,"(Lafresnaye, 1839)",1839,gbif
Sporophila collaris,Sporophila collaris,"(Boddaert, 1783)",1783,gbif
Sporophila corvina,Sporophila corvina,"(P.L.Sclater, 1860)",1860,gbif
Sporophila crassirostris,Sporophila crassirostris,"(J.F.Gmelin, 1789)",1789,gbif
Sporophila falcirostris,Sporophila falcirostris,"(Temminck, 1820)",1820,gbif
Sporophila fringilloides,Sporophila fringilloides,"(Pelzeln, 1870)",1870,gbif
Sporophila frontalis,Sporophila frontalis,"(J.Verreaux, 1869)",1869,gbif
Sporophila funerea,Sporophila funerea,"(P.L.Sclater, 1860)",1860,gbif
Sporophila hypochroma,Sporophila hypochroma,"Todd, 1915",1915,gbif
Sporophila hypoxantha,Sporophila hypoxantha,"Cabanis, 1851",1851,gbif
Sporophila iberaensis,Sporophila iberaensis,"Di Giacomo & Kopuchian, 2016",2016,gbif
Sporophila intermedia,Sporophila intermedia,"Cabanis, 1851",1851,gbif
Sporophila leucoptera,Sporophila leucoptera,"(Vieillot, 1817)",1817,gbif
Sporophila lineola,Sporophila lineola,"(Linnaeus, 1758)",1758,gbif
Sporophila luctuosa,Sporophila luctuosa,"(Lafresnaye, 1843)",1843,gbif
Sporophila maximiliani,Sporophila maximiliani,"(Cabanis, 1851)",1851,gbif
Sporophila melanogaster,Sporophila melanogaster,"(Pelzeln, 1870)",1870,gbif
Sporophila minuta,Sporophila minuta,"(Linnaeus, 1758)",1758,gbif
Sporophila morelleti,Sporophila morelleti,"(Bonaparte, 1850)",1850,gbif
Sporophila murallae,Sporophila murallae,"Chapman, 1915",1915,gbif
Sporophila nigricollis,Sporophila nigricollis,"(Vieillot, 1823)",1823,gbif
Sporophila nigrorufa,Sporophila nigrorufa,"(d'Orbigny & Lafresnaye, 1837)",1837,gbif
Sporophila nuttingi,Sporophila nuttingi,"(Ridgway, 1884)",1884,gbif
Sporophila ophthalmica,Sporophila ophthalmica,"(P.L.Sclater, 1860)",1860,gbif
Sporophila palustris,Sporophila palustris,"(Barrows, 1883)",1883,gbif
Sporophila peruviana,Sporophila peruviana,"(P.A.Lesson, 1842)",1842,gbif
Sporophila pileata,Sporophila pileata,"(P.L.Sclater, 1865)",1865,gbif
Sporophila plumbea,Sporophila plumbea,"(Wied-Neuwied, 1830)",1830,gbif
Sporophila ruficollis,Sporophila ruficollis,"Cabanis, 1851",1851,gbif
Sporophila schistacea,Sporophila schistacea,"(Lawrence, 1862)",1862,gbif
Sporophila simplex,Sporophila simplex,"(Taczanowski, 1874)",1874,gbif
Sporophila telasco,Sporophila telasco,"(R.Lesson, 1828)",1828,gbif
Sporophila torqueola,Sporophila torqueola,"(Bonaparte, 1850)",1850,gbif
Stephanophorus diadematus,Stephanophorus diadematus,"(Temminck, 1823)",1823,gbif
Tachyphonus coronatus,Tachyphonus coronatus,"(Vieillot, 1822)",1822,gbif
Tachyphonus phoenicius,Tachyphonus phoenicius,"Swainson, 1838",1838,gbif
Tachyphonus rufus,Tachyphonus rufus,"(Boddaert, 1783)",1783,gbif
Tangara abbas,Tangara abbas,"(Deppe, 1830)",1830,gbif
Tangara argentea,Tangara argentea,"(Swainson, 1834)",1834,gbif
Tangara argyrofenges,Tangara argyrofenges,"(P.L.Sclater & Salvin, 1876)",1876,gbif
Tangara arthus,Tangara arthus,"R.Lesson, 1832",1832,gbif
Tangara atrocoerulea,Tangara atrocoerulea,"(Tschudi, 1844)",1844,gbif
Tangara aurulenta,Tangara aurulenta,"(Lafresnaye, 1843)",1843,gbif
Tangara brasiliensis,Tangara brasiliensis,"(Linnaeus, 1767)",1767,gbif
Tangara cabanisi,Tangara cabanisi,"(P.L.Sclater, 1868)",1868,gbif
Tangara callophrys,Tangara callophrys,"(Cabanis, 1849)",1849,gbif
Tangara cayana,Tangara cayana,"(Linnaeus, 1766)",1766,gbif
Tangara chilensis,Tangara chilensis,"(Vigors, 1832)",1832,gbif
Tangara chrysotis,Tangara chrysotis,"(Du Bus de Gisignies, 1846)",1846,gbif
Tangara cucullata,Tangara cucullata,"(Swainson, 1834)",1834,gbif
Tangara cyanicollis,Tangara cyanicollis,"(d'Orbigny & Lafresnaye, 1837)",1837,gbif
Tangara cyanocephala,Tangara cyanocephala,"(P.L.S.Müller, 1776)",1776,gbif
Tangara cyanomelas,Tangara cyanomelas,"(Wied-Neuwied, 1830)",1830,gbif
Tangara cyanoptera,Tangara cyanoptera,"(Vieillot, 1817)",1817,col
Tangara cyanotis,Tangara cyanotis,"(P.L.Sclater, 1858)",1858,gbif
Tangara cyanoventris,Tangara cyanoventris,"(Vieillot, 1819)",1819,gbif
Tangara desmaresti,Tangara desmaresti,"(Vieillot, 1819)",1819,gbif
Tangara dowii,Tangara dowii,"(Salvin, 1863)",1863,gbif
Tangara episcopus,Tangara episcopus,"(Linnaeus, 1766)",1766,gbif
Tangara fastuosa,Tangara fastuosa,"(R.Lesson, 1831)",1831,gbif
Tangara flava,Tangara flava,"(J.F.Gmelin, 1789)",1789,gbif
Tangara florida,Tangara florida,"(P.L.Sclater & Salvin, 1869)",1869,gbif
Tangara fucosa,Tangara fucosa,"Nelson, 1912",1912,gbif
Tangara fulvicervix,Tangara fulvicervix,"(P.L.Sclater & Salvin, 1876)",1876,gbif
Tangara glaucocolpa,Tangara glaucocolpa,"(Cabanis, 1851)",1851,gbif
Tangara guttata,Tangara guttata,"(Cabanis, 1851)",1851,gbif
Tangara gyrola,Tangara gyrola,"(Linnaeus, 1758)",1758,gbif
Tangara heinei,Tangara heinei,"(Cabanis, 1851)",1851,gbif
Tangara icterocephala,Tangara icterocephala,"(Bonaparte, 1851)",1851,gbif
Tangara inornata,Tangara inornata,"(Gould, 1855)",1855,gbif
Tangara johannae,Tangara johannae,"(Dalmas, 1900)",1900,gbif
Tangara labradorides,Tangara labradorides,"(Boissonneau, 1840)",1840,gbif
Tangara larvata,Tangara larvata,"(Du Bus de Gisignies, 1846)",1846,gbif
Tangara lavinia,Tangara lavinia,"(Cassin, 1858)",1858,gbif
Tangara lunigera,Tangara lunigera,"(P.L.Sclater, 1851)",1851,gbif
Tangara mexicana,Tangara mexicana,"(Linnaeus, 1766)",1766,gbif
Tangara meyerdeschauenseei,Tangara meyerdeschauenseei,"Schulenberg & Binford, 1985",1985,gbif
Tangara nigrocincta,Tangara nigrocincta,"(Bonaparte, 1838)",1838,gbif
Tangara nigroviridis,Tangara nigroviridis,"(Lafresnaye, 1843)",1843,gbif
Tangara ornata,Tangara ornata,"(Sparrman, 1789)",1789,gbif
Tangara palmarum,Tangara palmarum,"(Wied-Neuwied, 1821)",1821,gbif
Tangara palmeri,Tangara palmeri,"(Hellmayr, 1909)",1909,gbif
Tangara parzudakii,Tangara parzudakii,"(Lafresnaye, 1843)",1843,gbif
Tangara peruviana,Tangara peruviana,"(Desmarest, 1806)",1806,gbif
Tangara phillipsi,Tangara phillipsi,"G.R.Graves & Weske, 1987",1987,gbif
Tangara preciosa,Tangara preciosa,"(Cabanis, 1851)",1851,gbif
Tangara punctata,Tangara punctata,"(Linnaeus, 1766)",1766,gbif
Tangara ruficervix,Tangara ruficervix,"(Prévost & Des Murs, 1842)",1842,gbif
Tangara rufigenis,Tangara rufigenis,"(P.L.Sclater, 1857)",1857,gbif
Tangara rufigula,Tangara rufigula,"(Bonaparte, 1851)",1851,gbif
Tangara sayaca,Tangara sayaca,"(Linnaeus, 1766)",1766,gbif
Tangara schrankii,Tangara schrankii,"(Spix, 1825)",1825,gbif
Tangara seledon,Tangara seledon,"(P.L.S.Müller, 1776)",1776,gbif
Tangara varia,Tangara varia,"(P.L.S.Müller, 1776)",1776,gbif
Tangara vassorii,Tangara vassorii,"(Boissonneau, 1840)",1840,gbif
Tangara velia,Tangara velia,"(Linnaeus, 1758)",1758,gbif
Tangara versicolor,Tangara versicolor,"(Lawrence, 1878)",1878,gbif
Tangara viridicollis,Tangara viridicollis,"(Taczanowski, 1884)",1884,gbif
Tangara vitriolina,Tangara vitriolina,"(Cabanis, 1851)",1851,gbif
Tangara whitelyi,Tangara whitelyi,"(Salvin & Godman, 1884)",1884,gbif
Tangara xanthocephala,Tangara xanthocephala,"(Tschudi, 1844)",1844,gbif
Tangara xanthogastra,Tangara xanthogastra,"(P.L.Sclater, 1851)",1851,gbif
Tephrophilus wetmorei,Tephrophilus wetmorei,"R.T.Moore, 1934",1934,gbif
Tersina viridis,Tersina viridis,"(Illiger, 1811)",1811,gbif
Thlypopsis fulviceps,Thlypopsis fulviceps,"Cabanis, 1851",1851,gbif
Thlypopsis inornata,Thlypopsis inornata,"(Taczanowski, 1879)",1879,gbif
Thlypopsis ornata,Thlypopsis ornata,"(P.L.Sclater, 1859)",1859,gbif
Thlypopsis pectoralis,Thlypopsis pectoralis,"(Taczanowski, 1884)",1884,gbif
Thlypopsis pyrrhocoma,Thlypopsis pyrrhocoma,"K.J.Burns, Unitt & N.A.Mason, 2016",2016,gbif
Thlypopsis ruficeps,Thlypopsis ruficeps,"(d'Orbigny & Lafresnaye, 1837)",1837,gbif
Thlypopsis sordida,Thlypopsis sordida,"(d'Orbigny & Lafresnaye, 1837)",1837,gbif
Thlypopsis superciliaris,Thlypopsis superciliaris,"(Lafresnaye, 1840)",1840,gbif
Tiaris olivaceus,Tiaris olivaceus,"(Linnaeus, 1766)",1766,gbif
Trichothraupis melanops,Trichothraupis melanops,"(Vieillot, 1818)",1818,gbif
Urothraupis stolzmanni,Urothraupis stolzmanni,"Taczanowski & Berlepsch, 1885",1885,gbif
Volatinia jacarina,Volatinia jacarina,"(Linnaeus, 1766)",1766,gbif
Wetmorethraupis sterrhopteron,Wetmorethraupis sterrhopteron,"Lowery & O'Neill, 1964",1964,gbif
Xenodacnis parina,Xenodacnis parina,"Cabanis, 1873",1873,gbif
Xenodacnis petersi,Xenodacnis petersi,"J.Bond & Meyer de Schauensee, 1939",1939,gbif
Xenospingus concolor,Xenospingus concolor,"(d'Orbigny & Lafresnaye, 1837)",1837,gbif
Cyanoderma bicolor,Cyanoderma bicolor,"(Blyth, 1865)",1865,gbif
Cyanoderma chrysaeum,Cyanoderma chrysaeum,"(Blyth, 1844)",1844,gbif
Cyanoderma erythropterum,Cyanoderma erythropterum,"(Blyth, 1842)",1842,gbif
Cyanoderma melanothorax,Cyanoderma melanothorax,"(Temminck, 1823)",1823,gbif
Cyanoderma pyrrhops,Cyanoderma pyrrhops,"(Blyth, 1844)",1844,gbif
Cyanoderma ruficeps,Cyanoderma ruficeps,"(Blyth, 1847)",1847,gbif
Cyanoderma rufifrons,Cyanoderma rufifrons,"(Hume, 1873)",1873,gbif
Dumetia hyperythra,Dumetia hyperythra,"(Franklin, 1831)",1831,gbif
Erythrogenys erythrocnemis,Erythrogenys erythrocnemis,"(Gould, 1863)",1863,gbif
Erythrogenys erythrogenys,Erythrogenys erythrogenys,"(Vigors, 1831)",1831,gbif
Erythrogenys gravivox,Erythrogenys gravivox,"(A.David, 1873)",1873,gbif
Erythrogenys hypoleucos,Erythrogenys hypoleucos,"(Blyth, 1844)",1844,gbif
Erythrogenys mcclellandi,Erythrogenys mcclellandi,"(Godwin-Austen, 1870)",1870,gbif
Erythrogenys swinhoei,Erythrogenys swinhoei,"(A.David, 1874)",1874,gbif
Macronus ptilosus,Macronus ptilosus,"Jardine & Selby, 1835",1835,gbif
Macronus striaticeps,Macronus striaticeps,"Sharpe, 1877",1877,gbif
Mixornis bornensis,Mixornis bornensis,"Bonaparte, 1850",1850,gbif
Mixornis flavicollis,Mixornis flavicollis,"Bonaparte, 1850",1850,gbif
Mixornis gularis,Mixornis gularis,"(Horsfield, 1822)",1822,gbif
Mixornis kelleyi,Mixornis kelleyi,"Delacour, 1932",1932,gbif
Mixornis prillwitzi,Mixornis prillwitzi,"Hartert & Ejo, 1901",1901,gbif
Pomatorhinus ferruginosus,Pomatorhinus ferruginosus,"Blyth, 1845",1845,gbif
Pomatorhinus horsfieldii,Pomatorhinus horsfieldii,"Sykes, 1832",1832,gbif
Pomatorhinus melanurus,Pomatorhinus melanurus,"Blyth, 1847",1847,gbif
Pomatorhinus montanus,Pomatorhinus montanus,"Horsfield, 1821",1821,gbif
Pomatorhinus musicus,Pomatorhinus musicus,"Swinhoe, 1859",1859,gbif
Pomatorhinus ochraceiceps,Pomatorhinus ochraceiceps,"Walden, 1873",1873,gbif
Pomatorhinus phayrei,Pomatorhinus phayrei,"Blyth, 1847",1847,gbif
Pomatorhinus ruficollis,Pomatorhinus ruficollis,"Hodgson, 1836",1836,gbif
Pomatorhinus schisticeps,Pomatorhinus schisticeps,"Hodgson, 1836",1836,gbif
Pomatorhinus superciliaris,Pomatorhinus superciliaris,"(Blyth, 1842)",1842,gbif
Rhopocichla atriceps,Rhopocichla atriceps,"(Jerdon, 1839)",1839,gbif
Spelaeornis badeigularis,Spelaeornis badeigularis,"Ripley, 1948",1948,gbif
Spelaeornis caudatus,Spelaeornis caudatus,"(Blyth, 1845)",1845,gbif
Spelaeornis chocolatinus,Spelaeornis chocolatinus,"(Godwin-Austen & Walden, 1875)",1875,gbif
Spelaeornis kinneari,Spelaeornis kinneari,"Delacour & Jabouille, 1930",1930,gbif
Spelaeornis longicaudatus,Spelaeornis longicaudatus,"(Moore, 1854)",1854,gbif
Spelaeornis oatesi,Spelaeornis oatesi,"(Rippon, 1904)",1904,gbif
Spelaeornis reptatus,Spelaeornis reptatus,"(Bingham, 1903)",1903,gbif
Spelaeornis troglodytoides,Spelaeornis troglodytoides,"(J.Verreaux, 1870)",1870,gbif
Stachyris grammiceps,Stachyris grammiceps,"(Temminck, 1828)",1828,gbif
Stachyris herberti,Stachyris herberti,"(E.C.S.Baker, 1920)",1920,gbif
Stachyris humei,Stachyris humei,"(Mandelli, 1873)",1873,gbif
Stachyris leucotis,Stachyris leucotis,"(Strickland, 1848)",1848,gbif
Stachyris maculata,Stachyris maculata,"(Temminck, 1836)",1836,gbif
Stachyris nigriceps,Stachyris nigriceps,"Blyth, 1844",1844,gbif
Stachyris nigricollis,Stachyris nigricollis,"(Temminck, 1836)",1836,gbif
Stachyris nonggangensis,Stachyris nonggangensis,"Fang & Aiwu, 2008",2008,gbif
Stachyris oglei,Stachyris oglei,"(Godwin-Austen, 1877)",1877,gbif
Stachyris poliocephala,Stachyris poliocephala,"(Temminck, 1836)",1836,gbif
Stachyris roberti,Stachyris roberti,"(Godwin-Austen & Walden, 1875)",1875,gbif
Stachyris strialata,Stachyris strialata,"(S.Muller, 1836)",1836,gbif
Stachyris thoracica,Stachyris thoracica,"(Temminck, 1821)",1821,gbif
Timalia pileata,Timalia pileata,"Horsfield, 1821",1821,gbif
Iodopleura fusca,Iodopleura fusca,"(Vieillot, 1817)",1817,gbif
Iodopleura isabellae,Iodopleura isabellae,"Parzudaki, 1847",1847,gbif
Iodopleura pipra,Iodopleura pipra,"(Lesson, 1831)",1831,gbif
Laniisoma buckleyi,Laniisoma buckleyi,"(P.L.Sclater & Salvin, 1880)",1880,gbif
Laniisoma elegans,Laniisoma elegans,"(Thunberg, 1823)",1823,gbif
Laniocera hypopyrra,Laniocera hypopyrra,"(Vieillot, 1817)",1817,gbif
Laniocera rufescens,Laniocera rufescens,"(P.L.Sclater, 1858)",1858,gbif
Myiobius atricaudus,Myiobius atricaudus,"Lawrence, 1863",1863,gbif
Myiobius barbatus,Myiobius barbatus,"(Gmelin, 1789)",1789,gbif
Myiobius sulphureipygius,Myiobius sulphureipygius,"(P.L.Sclater, 1857)",1857,gbif
Myiobius villosus,Myiobius villosus,"P.L.Sclater, 1860",1860,gbif
Onychorhynchus coronatus,Onychorhynchus coronatus,"(Statius Muller, 1776)",1776,gbif
Onychorhynchus mexicanus,Onychorhynchus mexicanus,"(P.L.Sclater, 1857)",1857,gbif
Onychorhynchus occidentalis,Onychorhynchus occidentalis,"(P.L.Sclater, 1860)",1860,gbif
Onychorhynchus swainsoni,Onychorhynchus swainsoni,"(Pelzeln, 1858)",1858,gbif
Oxyruncus cristatus,Oxyruncus cristatus,"Swainson, 1821",1821,gbif
Pachyramphus aglaiae,Pachyramphus aglaiae,"(Lafresnaye, 1839)",1839,gbif
Pachyramphus albogriseus,Pachyramphus albogriseus,"P.L.Sclater, 1857",1857,gbif
Pachyramphus castaneus,Pachyramphus castaneus,"(Jardine & Selby, 1827)",1827,gbif
Pachyramphus cinnamomeus,Pachyramphus cinnamomeus,"Lawrence, 1861",1861,gbif
Pachyramphus griseigularis,Pachyramphus griseigularis,"Salvin & Godman, 1883",1883,gbif
Pachyramphus homochrous,Pachyramphus homochrous,"P.L.Sclater, 1859",1859,gbif
Pachyramphus major,Pachyramphus major,"(Cabanis, 1847)",1847,gbif
Pachyramphus marginatus,Pachyramphus marginatus,"(Lichtenstein, 1823)",1823,gbif
Pachyramphus minor,Pachyramphus minor,"(Lesson, 1831)",1831,gbif
Pachyramphus niger,Pachyramphus niger,"(Gmelin, 1788)",1788,gbif
Pachyramphus polychopterus,Pachyramphus polychopterus,"(Vieillot, 1818)",1818,gbif
Pachyramphus rufus,Pachyramphus rufus,"(Boddaert, 1783)",1783,gbif
Pachyramphus spodiurus,Pachyramphus spodiurus,"P.L.Sclater, 1860",1860,gbif
Pachyramphus surinamus,Pachyramphus surinamus,"(Linnaeus, 1766)",1766,gbif
Pachyramphus uropygialis,Pachyramphus uropygialis,"Nelson, 1899",1899,gbif
Pachyramphus validus,Pachyramphus validus,"(Lichtenstein, 1823)",1823,gbif
Pachyramphus versicolor,Pachyramphus versicolor,"(Hartlaub, 1843)",1843,gbif
Pachyramphus viridis,Pachyramphus viridis,"(Vieillot, 1816)",1816,gbif
Pachyramphus xanthogenys,Pachyramphus xanthogenys,"Salvadori & Festa, 1898",1898,gbif
Schiffornis aenea,Schiffornis aenea,"J.T.Zimmer, 1936",1936,gbif
Schiffornis major,Schiffornis major,"Des Murs, 1856",1856,gbif
Schiffornis olivacea,Schiffornis olivacea,"(Ridgway, 1906)",1906,gbif
Schiffornis stenorhyncha,Schiffornis stenorhyncha,"(P.L.Sclater & Salvin, 1869)",1869,gbif
Schiffornis turdina,Schiffornis turdina,"(Wied-Neuwied, 1831)",1831,gbif
Schiffornis veraepacis,Schiffornis veraepacis,"(P.L.Sclater & Salvin, 1860)",1860,gbif
Schiffornis virescens,Schiffornis virescens,"(Lafresnaye, 1838)",1838,gbif
Terenotriccus erythrurus,Terenotriccus erythrurus,"(Cabanis, 1847)",1847,gbif
Tityra braziliensis,Tityra braziliensis,"(Swainson, 1838)",1838,gbif
Tityra cayana,Tityra cayana,"(Linnaeus, 1766)",1766,gbif
Tityra inquisitor,Tityra inquisitor,"(Lichtenstein, 1823)",1823,gbif
Tityra leucura,Tityra leucura,"Pelzeln, 1868",1868,gbif
Tityra semifasciata,Tityra semifasciata,"(Spix, 1825)",1825,gbif
Xenopsaris albinucha,Xenopsaris albinucha,"(Burmeister, 1869)",1869,gbif
Campylorhynchus albobrunneus,Campylorhynchus albobrunneus,"(Lawrence, 1862)",1862,gbif
Campylorhynchus brunneicapillus,Campylorhynchus brunneicapillus,"(Lafresnaye, 1835)",1835,gbif
Campylorhynchus capistratus,Campylorhynchus capistratus,"(Lesson, 1842)",1842,gbif
Campylorhynchus chiapensis,Campylorhynchus chiapensis,"Salvin & Godman, 1891",1891,gbif
Campylorhynchus fasciatus,Campylorhynchus fasciatus,"(Swainson, 1838)",1838,gbif
Campylorhynchus griseus,Campylorhynchus griseus,"(Swainson, 1838)",1838,gbif
Campylorhynchus gularis,Campylorhynchus gularis,"P.L.Sclater, 1861",1861,gbif
Campylorhynchus humilis,Campylorhynchus humilis,"P.L.Sclater, 1857",1857,gbif
Campylorhynchus jocosus,Campylorhynchus jocosus,"P.L.Sclater, 1860",1860,gbif
Campylorhynchus megalopterus,Campylorhynchus megalopterus,"Lafresnaye, 1845",1845,gbif
Campylorhynchus nuchalis,Campylorhynchus nuchalis,"Cabanis, 1847",1847,gbif
Campylorhynchus rufinucha,Campylorhynchus rufinucha,"(Lesson, 1838)",1838,gbif
Campylorhynchus turdinus,Campylorhynchus turdinus,"(Wied-Neuwied, 1821)",1821,gbif
Campylorhynchus yucatanicus,Campylorhynchus yucatanicus,"(Hellmayr, 1934)",1934,gbif
Campylorhynchus zonatus,Campylorhynchus zonatus,"(Lesson, 1832)",1832,gbif
Cantorchilus griseus,Cantorchilus griseus,"(Todd, 1925)",1925,gbif
Cantorchilus guarayanus,Cantorchilus guarayanus,"(Orbigny & Lafresnaye, 1837)",1837,gbif
Cantorchilus leucopogon,Cantorchilus leucopogon,"(Salvadori & Festa, 1899)",1899,gbif
Cantorchilus leucotis,Cantorchilus leucotis,"(Lafresnaye, 1845)",1845,gbif
Cantorchilus longirostris,Cantorchilus longirostris,"(Vieillot, 1819)",1819,gbif
Cantorchilus modestus,Cantorchilus modestus,"(Cabanis, 1861)",1861,gbif
Cantorchilus nigricapillus,Cantorchilus nigricapillus,"(P.L.Sclater, 1860)",1860,gbif
Cantorchilus semibadius,Cantorchilus semibadius,"(Salvin, 1870)",1870,gbif
Cantorchilus superciliaris,Cantorchilus superciliaris,"(Lawrence, 1869)",1869,gbif
Cantorchilus thoracicus,Cantorchilus thoracicus,"(Salvin, 1865)",1865,gbif
Cantorchilus zeledoni,Cantorchilus zeledoni,"(Ridgway, 1878)",1878,gbif
Catherpes mexicanus,Catherpes mexicanus,"(Swainson, 1829)",1829,gbif
Cinnycerthia fulva,Cinnycerthia fulva,"(P.L.Sclater, 1874)",1874,gbif
Cinnycerthia olivascens,Cinnycerthia olivascens,"Sharpe, 1882",1882,gbif
Cinnycerthia peruana,Cinnycerthia peruana,"(Cabanis, 1873)",1873,gbif
Cinnycerthia unirufa,Cinnycerthia unirufa,"(Lafresnaye, 1840)",1840,gbif
Cistothorus apolinari,Cistothorus apolinari,"Chapman, 1914",1914,gbif
Cistothorus meridae,Cistothorus meridae,"Hellmayr, 1907",1907,gbif
Cistothorus palustris,Cistothorus palustris,"(A.Wilson, 1810)",1810,gbif
Cistothorus platensis,Cistothorus platensis,"(Latham, 1790)",1790,gbif
Cistothorus stellaris,Cistothorus stellaris,"(J.F.Naumann, 1823)",1823,gbif
Cyphorhinus arada,Cyphorhinus arada,"(Hermann, 1783)",1783,gbif
Cyphorhinus dichrous,Cyphorhinus dichrous,"Sclater & Salvin, 1879",1879,gbif
Cyphorhinus phaeocephalus,Cyphorhinus phaeocephalus,"P.L.Sclater, 1860",1860,gbif
Cyphorhinus thoracicus,Cyphorhinus thoracicus,"Tschudi, 1844",1844,gbif
Ferminia cerverai,Ferminia cerverai,"Barbour, 1926",1926,gbif
Henicorhina anachoreta,Henicorhina anachoreta,"Bangs, 1899",1899,gbif
Henicorhina leucophrys,Henicorhina leucophrys,"(Tschudi, 1844)",1844,gbif
Henicorhina leucoptera,Henicorhina leucoptera,"Fitzpatrick, Terborgh & Willard, 1977",1977,gbif
Henicorhina leucosticta,Henicorhina leucosticta,"(Cabanis, 1847)",1847,gbif
Henicorhina negreti,Henicorhina negreti,"P.G.W.Salaman, Coopmans, T.M.Donegan, M.Mulligan, A.Cortes, S.L.Hilty & L.A.Ortega, 2003",2003,gbif
Hylorchilus navai,Hylorchilus navai,"Crossin & Ely, 1973",1973,gbif
Hylorchilus sumichrasti,Hylorchilus sumichrasti,"(Lawrence, 1871)",1871,gbif
Microcerculus bambla,Microcerculus bambla,"(Boddaert, 1783)",1783,gbif
Microcerculus marginatus,Microcerculus marginatus,"(P.L.Sclater, 1855)",1855,gbif
Microcerculus philomela,Microcerculus philomela,"(Salvin, 1861)",1861,gbif
Microcerculus ustulatus,Microcerculus ustulatus,"Salvin & Godman, 1883",1883,gbif
Odontorchilus branickii,Odontorchilus branickii,"(Taczanowski & Berlepsch, 1885)",1885,gbif
Odontorchilus cinereus,Odontorchilus cinereus,"(Pelzeln, 1868)",1868,gbif
Pheugopedius atrogularis,Pheugopedius atrogularis,"(Salvin, 1865)",1865,gbif
Pheugopedius columbianus,Pheugopedius columbianus,"(Chapman, 1924)",1924,gbif
Pheugopedius coraya,Pheugopedius coraya,"(Gmelin, 1789)",1789,gbif
Pheugopedius eisenmanni,Pheugopedius eisenmanni,"(T.A.Parker & O'Neill, 1985)",1985,gbif
Pheugopedius euophrys,Pheugopedius euophrys,"(P.L.Sclater, 1860)",1860,gbif
Pheugopedius fasciatoventris,Pheugopedius fasciatoventris,"(Lafresnaye, 1845)",1845,gbif
Pheugopedius felix,Pheugopedius felix,"(P.L.Sclater, 1860)",1860,gbif
Pheugopedius genibarbis,Pheugopedius genibarbis,"(Swainson, 1838)",1838,gbif
Pheugopedius maculipectus,Pheugopedius maculipectus,"(Lafresnaye, 1845)",1845,gbif
Pheugopedius mystacalis,Pheugopedius mystacalis,"(P.L.Sclater, 1860)",1860,gbif
Pheugopedius paucimaculatus,Pheugopedius paucimaculatus,"(Sharpe, 1882)",1882,gbif
Pheugopedius rutilus,Pheugopedius rutilus,"(Vieillot, 1819)",1819,gbif
Pheugopedius schulenbergi,Pheugopedius schulenbergi,"(Parker & O'Neill, 1985)",1985,gbif
Pheugopedius sclateri,Pheugopedius sclateri,"(Taczanowski, 1879)",1879,gbif
Pheugopedius spadix,Pheugopedius spadix,"Bangs, 1910",1910,gbif
Salpinctes obsoletus,Salpinctes obsoletus,"(Say, 1822)",1822,gbif
Thryomanes bewickii,Thryomanes bewickii,"(Audubon, 1827)",1827,gbif
Thryophilus nicefori,Thryophilus nicefori,"(Meyer de Schauensee, 1946)",1946,gbif
Thryophilus pleurostictus,Thryophilus pleurostictus,"(P.L.Sclater, 1860)",1860,gbif
Thryophilus rufalbus,Thryophilus rufalbus,"(Lafresnaye, 1845)",1845,gbif
Thryophilus sernai,Thryophilus sernai,"Lara, Cuervo, Valderrama, Calderón-F & Cadena, 2012",2012,gbif
Thryophilus sinaloa,Thryophilus sinaloa,"S.F.Baird, 1864",1864,gbif
Thryorchilus browni,Thryorchilus browni,"(Bangs, 1902)",1902,gbif
Thryothorus albinucha,Thryothorus albinucha,"(Cabot, 1847)",1847,gbif
Thryothorus ludovicianus,Thryothorus ludovicianus,"(Latham, 1790)",1790,gbif
Troglodytes aedon,Troglodytes aedon,"Vieillot, 1809",1809,gbif
Troglodytes beani,Troglodytes beani,"Ridgway, 1885",1885,gbif
Troglodytes cobbi,Troglodytes cobbi,"Chubb, 1909",1909,gbif
Troglodytes hiemalis,Troglodytes hiemalis,"Vieillot, 1819",1819,gbif
Troglodytes monticola,Troglodytes monticola,"Bangs, 1899",1899,gbif
Troglodytes ochraceus,Troglodytes ochraceus,"Ridgway, 1882",1882,gbif
Troglodytes pacificus,Troglodytes pacificus,"S.F.Baird, 1864",1864,gbif
Troglodytes rufociliatus,Troglodytes rufociliatus,"Sharpe, 1882",1882,gbif
Troglodytes rufulus,Troglodytes rufulus,"Cabanis, 1848",1848,gbif
Troglodytes sissonii,Troglodytes sissonii,"(Grayson, 1868)",1868,gbif
Troglodytes solstitialis,Troglodytes solstitialis,"P.L.Sclater, 1859",1859,gbif
Troglodytes tanneri,Troglodytes tanneri,"C.H.Townsend, 1890",1890,gbif
Troglodytes troglodytes,Troglodytes troglodytes,"(Linnaeus, 1758)",1758,gbif
Uropsila leucogastra,Uropsila leucogastra,"(Gould, 1837)",1837,gbif
Cataponera turdoides,Cataponera turdoides,"Hartert, 1896",1896,gbif
Catharus aurantiirostris,Catharus aurantiirostris,"(Hartlaub, 1850)",1850,gbif
Catharus bicknelli,Catharus bicknelli,"(Ridgway, 1882)",1882,gbif
Catharus dryas,Catharus dryas,"(Gould, 1855)",1855,gbif
Catharus frantzii,Catharus frantzii,"Cabanis, 1861",1861,gbif
Catharus fuscater,Catharus fuscater,"(Lafresnaye, 1845)",1845,gbif
Catharus fuscescens,Catharus fuscescens,"(Stephens, 1817)",1817,gbif
Catharus gracilirostris,Catharus gracilirostris,"Salvin, 1865",1865,gbif
Catharus guttatus,Catharus guttatus,"(Pallas, 1811)",1811,gbif
Catharus maculatus,Catharus maculatus,"(P.L.Sclater, 1858)",1858,gbif
Catharus mexicanus,Catharus mexicanus,"(Bonaparte, 1856)",1856,gbif
Catharus minimus,Catharus minimus,"(Lafresnaye, 1848)",1848,gbif
Catharus occidentalis,Catharus occidentalis,"P.L.Sclater, 1859",1859,gbif
Catharus swainsoni,Catharus swainsoni,"(Tschudi, 1845)",1845,gbif
Catharus ustulatus,Catharus ustulatus,"(Nuttall, 1840)",1840,gbif
Chlamydochaera jefferyi,Chlamydochaera jefferyi,"Sharpe, 1887",1887,gbif
Cichlopsis chubbi,Cichlopsis chubbi,"Chapman, 1924",1924,gbif
Cichlopsis gularis,Cichlopsis gularis,"Salvin & Godman, 1882",1882,gbif
Cichlopsis leucogenys,Cichlopsis leucogenys,"Cabanis, 1850",1850,gbif
Cichlopsis peruviana,Cichlopsis peruviana,"Hellmayr, 1930",1930,gbif
Cochoa azurea,Cochoa azurea,"(Temminck, 1824)",1824,gbif
Cochoa beccarii,Cochoa beccarii,"Salvadori, 1879",1879,gbif
Cochoa purpurea,Cochoa purpurea,"Hodgson, 1836",1836,gbif
Cochoa viridis,Cochoa viridis,"Hodgson, 1836",1836,gbif
Entomodestes coracinus,Entomodestes coracinus,"(Berlepsch, 1897)",1897,gbif
Entomodestes leucotis,Entomodestes leucotis,"(Tschudi, 1844)",1844,gbif
Geokichla camaronensis,Geokichla camaronensis,"(Sharpe, 1905)",1905,gbif
Geokichla cinerea,Geokichla cinerea,"(Bourns & Worcester, 1894)",1894,gbif
Geokichla citrina,Geokichla citrina,"(Latham, 1790)",1790,gbif
Geokichla crossleyi,Geokichla crossleyi,"(Sharpe, 1871)",1871,gbif
Geokichla dohertyi,Geokichla dohertyi,"(Hartert, 1896)",1896,gbif
Geokichla dumasi,Geokichla dumasi,"(Rothschild, 1899)",1899,gbif
Geokichla erythronota,Geokichla erythronota,"(P.L.Sclater, 1859)",1859,gbif
Geokichla gurneyi,Geokichla gurneyi,"(Hartlaub, 1864)",1864,gbif
Geokichla guttata,Geokichla guttata,"(Vigors, 1831)",1831,gbif
Geokichla interpres,Geokichla interpres,"(Temminck, 1828)",1828,gbif
Geokichla joiceyi,Geokichla joiceyi,"(Rothschild & Hartert, 1921)",1921,gbif
Geokichla leucolaema,Geokichla leucolaema,"(Salvadori, 1892)",1892,gbif
Geokichla mendeni,Geokichla mendeni,"(Neumann, 1939)",1939,gbif
Geokichla oberlaenderi,Geokichla oberlaenderi,"(Sassi, 1914)",1914,gbif
Geokichla peronii,Geokichla peronii,"(Vieillot, 1818)",1818,gbif
Geokichla piaggiae,Geokichla piaggiae,"(Bouvier, 1877)",1877,gbif
Geokichla princei,Geokichla princei,"(Sharpe, 1874)",1874,gbif
Geokichla schistacea,Geokichla schistacea,"(A.B.Meyer, 1884)",1884,gbif
Geokichla sibirica,Geokichla sibirica,"(Pallas, 1776)",1776,gbif
Geokichla spiloptera,Geokichla spiloptera,"(Blyth, 1847)",1847,gbif
Geokichla wardii,Geokichla wardii,"(Blyth, 1843)",1843,gbif
Geomalia heinrichi,Geomalia heinrichi,"Stresemann, 1931",1931,gbif
Grandala coelicolor,Grandala coelicolor,"Hodgson, 1843",1843,gbif
Hylocichla mustelina,Hylocichla mustelina,"(Gmelin, 1789)",1789,gbif
Ixoreus naevius,Ixoreus naevius,"(Gmelin, 1789)",1789,gbif
Myadestes coloratus,Myadestes coloratus,"Nelson, 1912",1912,gbif
Myadestes elisabeth,Myadestes elisabeth,"(Lembeye, 1850)",1850,gbif
Myadestes genibarbis,Myadestes genibarbis,"Swainson, 1838",1838,gbif
Myadestes lanaiensis,Myadestes lanaiensis,"(S.B.Wilson, 1891)",1891,gbif
Myadestes melanops,Myadestes melanops,"Salvin, 1865",1865,gbif
Myadestes obscurus,Myadestes obscurus,"(Gmelin, 1789)",1789,gbif
Myadestes occidentalis,Myadestes occidentalis,"Stejneger, 1882",1882,gbif
Myadestes palmeri,Myadestes palmeri,"(Rothschild, 1893)",1893,gbif
Myadestes ralloides,Myadestes ralloides,"(Orbigny, 1840)",1840,gbif
Myadestes townsendi,Myadestes townsendi,"(Audubon, 1838)",1838,gbif
Myadestes unicolor,Myadestes unicolor,"P.L.Sclater, 1857",1857,gbif
Neocossyphus poensis,Neocossyphus poensis,"(Strickland, 1844)",1844,gbif
Neocossyphus rufus,Neocossyphus rufus,"(Fischer & Reichenow, 1884)",1884,gbif
Otocichla mupinensis,Otocichla mupinensis,"(Laubmann, 1920)",1920,gbif
Psophocichla litsitsirupa,Psophocichla litsitsirupa,"(A.Smith, 1836)",1836,gbif
Psophocichla simensis,Psophocichla simensis,"(Rüppell, 1840)",1840,gbif
Ridgwayia pinicola,Ridgwayia pinicola,"(P.L.Sclater, 1859)",1859,gbif
Sialia currucoides,Sialia currucoides,"(Bechstein, 1798)",1798,gbif
Sialia mexicana,Sialia mexicana,"Swainson, 1832",1832,gbif
Sialia sialis,Sialia sialis,"(Linnaeus, 1758)",1758,gbif
Stizorhina finschi,Stizorhina finschi,"(Sharpe, 1870)",1870,gbif
Stizorhina fraseri,Stizorhina fraseri,"(Strickland, 1844)",1844,gbif
Turdus abyssinicus,Turdus abyssinicus,"Gmelin, 1789",1789,gbif
Turdus albicollis,Turdus albicollis,"Vieillot, 1818",1818,gbif
Turdus albocinctus,Turdus albocinctus,"Royle, 1840",1840,gbif
Turdus amaurochalinus,Turdus amaurochalinus,"Cabanis, 1850",1850,gbif
Turdus anthracinus,Turdus anthracinus,"Burmeister, 1858",1858,gbif
Turdus ardosiaceus,Turdus ardosiaceus,"Vieillot, 1822",1822,gbif
Turdus arthuri,Turdus arthuri,"(C.Chubb, 1914)",1914,gbif
Turdus assimilis,Turdus assimilis,"Cabanis, 1850",1850,gbif
Turdus atrogularis,Turdus atrogularis,"Jarocki, 1819",1819,gbif
Turdus aurantius,Turdus aurantius,"Gmelin, 1789",1789,gbif
Turdus bewsheri,Turdus bewsheri,"E.Newton, 1877",1877,gbif
Turdus boulboul,Turdus boulboul,"(Latham, 1790)",1790,gbif
Turdus cardis,Turdus cardis,"Temminck, 1831",1831,gbif
Turdus celaenops,Turdus celaenops,"Stejneger, 1887",1887,gbif
Turdus chiguanco,Turdus chiguanco,"Orbigny & Lafresnaye, 1837",1837,gbif
Turdus chrysolaus,Turdus chrysolaus,"Temminck, 1832",1832,gbif
Turdus confinis,Turdus confinis,"Baird, 1864",1864,gbif
Turdus debilis,Turdus debilis,"Hellmayr, 1902",1902,gbif
Turdus dissimilis,Turdus dissimilis,"Blyth, 1847",1847,gbif
Turdus eremita,Turdus eremita,"(Gould, 1855)",1855,gbif
Turdus eunomus,Turdus eunomus,"Temminck, 1831",1831,gbif
Turdus falcklandii,Turdus falcklandii,"Quoy & Gaimard, 1824",1824,gbif
Turdus feae,Turdus feae,"(Salvadori, 1887)",1887,gbif
Turdus flavipes,Turdus flavipes,"Vieillot, 1818",1818,gbif
Turdus fulviventris,Turdus fulviventris,"P.L.Sclater, 1858",1858,gbif
Turdus fumigatus,Turdus fumigatus,"Lichtenstein, 1823",1823,gbif
Turdus fuscater,Turdus fuscater,"Orbigny & Lafresnaye, 1837",1837,gbif
Turdus grayi,Turdus grayi,"Bonaparte, 1838",1838,gbif
Turdus haplochrous,Turdus haplochrous,"Todd, 1931",1931,gbif
Turdus hauxwelli,Turdus hauxwelli,"Lawrence, 1869",1869,gbif
Turdus helleri,Turdus helleri,"(Mearns, 1913)",1913,gbif
Turdus hortulorum,Turdus hortulorum,"P.L.Sclater, 1863",1863,gbif
Turdus ignobilis,Turdus ignobilis,"P.L.Sclater, 1858",1858,gbif
Turdus iliacus,Turdus iliacus,"Linnaeus, 1758",1758,gbif
Turdus infuscatus,Turdus infuscatus,"(Lafresnaye, 1844)",1844,gbif
Turdus jamaicensis,Turdus jamaicensis,"Gmelin, 1789",1789,gbif
Turdus kessleri,Turdus kessleri,"(Prjevalsky, 1876)",1876,gbif
Turdus lawrencii,Turdus lawrencii,"Coues, 1880",1880,gbif
Turdus leucomelas,Turdus leucomelas,"Vieillot, 1818",1818,gbif
Turdus leucops,Turdus leucops,"Taczanowski, 1877",1877,gbif
Turdus lherminieri,Turdus lherminieri,"Lafresnaye, 1844",1844,gbif
Turdus libonyana,Turdus libonyana,"(A.Smith, 1836)",1836,gbif
Turdus ludoviciae,Turdus ludoviciae,"(Lort Phillips, 1895)",1895,gbif
Turdus maculirostris,Turdus maculirostris,"Berlepsch & Taczanowski, 1884",1884,gbif
Turdus mandarinus,Turdus mandarinus,"Bonaparte, 1850",1850,gbif
Turdus maranonicus,Turdus maranonicus,"Taczanowski, 1880",1880,gbif
Turdus maximus,Turdus maximus,"(Seebohm, 1881)",1881,gbif
Turdus menachensis,Turdus menachensis,"Ogilvie-Grant, 1913",1913,gbif
Turdus merula,Turdus merula,"Linnaeus, 1758",1758,gbif
Turdus migratorius,Turdus migratorius,"Linnaeus, 1766",1766,gbif
Turdus naumanni,Turdus naumanni,"Temminck, 1820",1820,gbif
Turdus nigrescens,Turdus nigrescens,"Cabanis, 1861",1861,gbif
Turdus nigriceps,Turdus nigriceps,"Cabanis, 1874",1874,gbif
Turdus niveiceps,Turdus niveiceps,"(Hellmayr, 1919)",1919,gbif
Turdus nudigenis,Turdus nudigenis,"Lafresnaye, 1848",1848,gbif
Turdus obscurus,Turdus obscurus,"Gmelin, 1789",1789,gbif
Turdus obsoletus,Turdus obsoletus,"Lawrence, 1862",1862,gbif
Turdus olivaceofuscus,Turdus olivaceofuscus,"Hartlaub, 1852",1852,gbif
Turdus olivaceus,Turdus olivaceus,"Linnaeus, 1766",1766,gbif
Turdus olivater,Turdus olivater,"(Lafresnaye, 1848)",1848,gbif
Turdus pallidus,Turdus pallidus,"Gmelin, 1789",1789,gbif
Turdus pelios,Turdus pelios,"Bonaparte, 1850",1850,gbif
Turdus philomelos,Turdus philomelos,"C.L.Brehm, 1831",1831,gbif
Turdus pilaris,Turdus pilaris,"Linnaeus, 1758",1758,gbif
Turdus plebejus,Turdus plebejus,"Cabanis, 1861",1861,gbif
Turdus plumbeus,Turdus plumbeus,"Linnaeus, 1758",1758,gbif
Turdus poliocephalus,Turdus poliocephalus,"Latham, 1802",1802,gbif
Turdus reevei,Turdus reevei,"Lawrence, 1869",1869,gbif
Turdus roehli,Turdus roehli,"Reichenow, 1905",1905,gbif
Turdus rubripes,Turdus rubripes,"Temminck, 1826",1826,gbif
Turdus rubrocanus,Turdus rubrocanus,"J.E.Gray & G.R.Gray, 1847",1847,gbif
Turdus ruficollis,Turdus ruficollis,"Pallas, 1776",1776,gbif
Turdus rufitorques,Turdus rufitorques,"Hartlaub, 1844",1844,gbif
Turdus rufiventris,Turdus rufiventris,"Vieillot, 1818",1818,gbif
Turdus rufopalliatus,Turdus rufopalliatus,"Lafresnaye, 1840",1840,gbif
Turdus sanchezorum,Turdus sanchezorum,"O'Neill, Lane & Naka, 2011",2011,gbif
Turdus serranus,Turdus serranus,"Tschudi, 1844",1844,gbif
Turdus simillimus,Turdus simillimus,"Jerdon, 1839",1839,gbif
Turdus smithi,Turdus smithi,"Bonaparte, 1850",1850,gbif
Turdus subalaris,Turdus subalaris,"(Seebohm, 1887)",1887,gbif
Turdus swalesi,Turdus swalesi,"(Wetmore, 1927)",1927,gbif
Turdus tephronotus,Turdus tephronotus,"Cabanis, 1878",1878,gbif
Turdus torquatus,Turdus torquatus,"Linnaeus, 1758",1758,gbif
Turdus unicolor,Turdus unicolor,"Tickell, 1833",1833,gbif
Turdus viscivorus,Turdus viscivorus,"Linnaeus, 1758",1758,gbif
Turdus xanthorhynchus,Turdus xanthorhynchus,"Salvadori, 1901",1901,gbif
Zoothera andromedae,Zoothera andromedae,"(Temminck, 1826)",1826,gbif
Zoothera atrigena,Zoothera atrigena,"Ripley & Hadden, 1982",1982,gbif
Zoothera aurea,Zoothera aurea,"(Holandre, 1825)",1825,gbif
Zoothera dauma,Zoothera dauma,"(Latham, 1790)",1790,gbif
Zoothera dixoni,Zoothera dixoni,"(Seebohm, 1881)",1881,gbif
Zoothera everetti,Zoothera everetti,"(Sharpe, 1892)",1892,gbif
Zoothera griseiceps,Zoothera griseiceps,"(Delacour, 1930)",1930,gbif
Zoothera heinei,Zoothera heinei,"(Cabanis, 1850)",1850,gbif
Zoothera lunulata,Zoothera lunulata,"(Latham, 1802)",1802,gbif
Zoothera machiki,Zoothera machiki,"(H.O.Forbes, 1884)",1884,gbif
Zoothera major,Zoothera major,"(Ogawa, 1905)",1905,gbif
Zoothera margaretae,Zoothera margaretae,"(Mayr, 1935)",1935,gbif
Zoothera marginata,Zoothera marginata,"Blyth, 1847",1847,gbif
Zoothera mollissima,Zoothera mollissima,"(Blyth, 1842)",1842,gbif
Zoothera monticola,Zoothera monticola,"Vigors, 1832",1832,gbif
Zoothera salimalii,Zoothera salimalii,"Alström, Rasmussen, Zhao J, Xu J, Dalvi, Cai T, Guan Y, Zhang R, Kalyakin, Lei F & Olsson, 2016",2016,gbif
Zoothera talaseae,Zoothera talaseae,"(Rothschild & Hartert, 1926)",1926,gbif
Zoothera turipavae,Zoothera turipavae,"A.J.Cain & I.C.J.Galbraith, 1955",1955,gbif
Agriornis albicauda,Agriornis albicauda,"(Philippi & Landbeck, 1863)",1863,gbif
Agriornis lividus,Agriornis lividus,"(Kittlitz, 1835)",1835,gbif
Agriornis micropterus,Agriornis micropterus,"Gould, 1839",1839,gbif
Agriornis montanus,Agriornis montanus,"(Orbigny & Lafresnaye, 1837)",1837,gbif
Agriornis murinus,Agriornis murinus,"(Orbigny & Lafresnaye, 1837)",1837,gbif
Alectrurus risora,Alectrurus risora,"(Vieillot, 1824)",1824,gbif
Alectrurus tricolor,Alectrurus tricolor,"(Vieillot, 1816)",1816,gbif
Anairetes alpinus,Anairetes alpinus,"(Carriker, 1933)",1933,gbif
Anairetes fernandezianus,Anairetes fernandezianus,"(Philippi, 1857)",1857,gbif
Anairetes flavirostris,Anairetes flavirostris,"P.L.Sclater & Salvin, 1876",1876,gbif
Anairetes nigrocristatus,Anairetes nigrocristatus,"Taczanowski, 1884",1884,gbif
Anairetes parulus,Anairetes parulus,"(Kittlitz, 1830)",1830,gbif
Anairetes reguloides,Anairetes reguloides,"(Orbigny & Lafresnaye, 1837)",1837,gbif
Aphanotriccus audax,Aphanotriccus audax,"(Nelson, 1912)",1912,gbif
Aphanotriccus capitalis,Aphanotriccus capitalis,"(Salvin, 1865)",1865,gbif
Arundinicola leucocephala,Arundinicola leucocephala,"(Linnaeus, 1764)",1764,gbif
Atalotriccus pilaris,Atalotriccus pilaris,"(Cabanis, 1847)",1847,gbif
Attila bolivianus,Attila bolivianus,"Lafresnaye, 1848",1848,gbif
Attila cinnamomeus,Attila cinnamomeus,"(Gmelin, 1789)",1789,gbif
Attila citriniventris,Attila citriniventris,"P.L.Sclater, 1859",1859,gbif
Attila phoenicurus,Attila phoenicurus,"Pelzeln, 1868",1868,gbif
Attila rufus,Attila rufus,"(Vieillot, 1819)",1819,gbif
Attila spadiceus,Attila spadiceus,"(Gmelin, 1789)",1789,gbif
Attila torridus,Attila torridus,"P.L.Sclater, 1860",1860,gbif
Calyptura cristata,Calyptura cristata,"(Vieillot, 1818)",1818,gbif
Camptostoma imberbe,Camptostoma imberbe,"P.L.Sclater, 1857",1857,gbif
Camptostoma obsoletum,Camptostoma obsoletum,"(Temminck, 1824)",1824,gbif
Capsiempis flaveola,Capsiempis flaveola,"(Lichtenstein, 1823)",1823,gbif
Casiornis fuscus,Casiornis fuscus,"P.L.Sclater & Salvin, 1873",1873,gbif
Casiornis rufus,Casiornis rufus,"(Vieillot, 1816)",1816,gbif
Cnemarchus erythropygius,Cnemarchus erythropygius,"(P.L.Sclater, 1853)",1853,gbif
Cnemotriccus fuscatus,Cnemotriccus fuscatus,"(Wied-Neuwied, 1831)",1831,gbif
Cnipodectes subbrunneus,Cnipodectes subbrunneus,"(P.L.Sclater, 1860)",1860,gbif
Cnipodectes superrufus,Cnipodectes superrufus,"Lane, Servat, Valqui & Lambert, 2007",2007,gbif
Colonia colonus,Colonia colonus,"(Vieillot, 1818)",1818,gbif
Colorhamphus parvirostris,Colorhamphus parvirostris,"(Darwin, 1839)",1839,gbif
Conopias albovittatus,Conopias albovittatus,"(Lawrence, 1862)",1862,gbif
Conopias cinchoneti,Conopias cinchoneti,"(Tschudi, 1844)",1844,gbif
Conopias parvus,Conopias parvus,"(Pelzeln, 1868)",1868,col
Conopias trivirgatus,Conopias trivirgatus,"(Wied-Neuwied, 1831)",1831,gbif
Contopus albogularis,Contopus albogularis,"(Berlioz, 1962)",1962,gbif
Contopus bogotensis,Contopus bogotensis,"(Bonaparte, 1850)",1850,gbif
Contopus caribaeus,Contopus caribaeus,"(Orbigny, 1839)",1839,gbif
Contopus cinereus,Contopus cinereus,"(Spix, 1825)",1825,gbif
Contopus cooperi,Contopus cooperi,"(Nuttall, 1831)",1831,gbif
Contopus fumigatus,Contopus fumigatus,"(Orbigny & Lafresnaye, 1837)",1837,gbif
Contopus hispaniolensis,Contopus hispaniolensis,"(H.Bryant, 1867)",1867,gbif
Contopus latirostris,Contopus latirostris,"(J.Verreaux, 1866)",1866,gbif
Contopus lugubris,Contopus lugubris,"Lawrence, 1865",1865,gbif
Contopus nigrescens,Contopus nigrescens,"(P.L.Sclater & Salvin, 1880)",1880,gbif
Contopus ochraceus,Contopus ochraceus,"P.L.Sclater & Salvin, 1869",1869,gbif
Contopus pallidus,Contopus pallidus,"(Gosse, 1847)",1847,gbif
Contopus pertinax,Contopus pertinax,"Cabanis & Heine, 1859",1859,gbif
Contopus punensis,Contopus punensis,"Lawrence, 1869",1869,gbif
Contopus sordidulus,Contopus sordidulus,"P.L.Sclater, 1859",1859,gbif
Contopus virens,Contopus virens,"(Linnaeus, 1766)",1766,gbif
Corythopis delalandi,Corythopis delalandi,"(Lesson, 1831)",1831,gbif
Corythopis torquatus,Corythopis torquatus,"Tschudi, 1844",1844,gbif
Culicivora caudacuta,Culicivora caudacuta,"(Vieillot, 1818)",1818,gbif
Deltarhynchus flammulatus,Deltarhynchus flammulatus,"(Lawrence, 1875)",1875,gbif
Elaenia albiceps,Elaenia albiceps,"(Orbigny & Lafresnaye, 1837)",1837,gbif
Elaenia brachyptera,Elaenia brachyptera,"Berlepsch, 1907",1907,gbif
Elaenia cherriei,Elaenia cherriei,"Cory, 1895",1895,gbif
Elaenia chiriquensis,Elaenia chiriquensis,"Lawrence, 1865",1865,gbif
Elaenia cristata,Elaenia cristata,"Pelzeln, 1868",1868,gbif
Elaenia dayi,Elaenia dayi,"Chapman, 1929",1929,gbif
Elaenia fallax,Elaenia fallax,"P.L.Sclater, 1861",1861,gbif
Elaenia flavogaster,Elaenia flavogaster,"(Thunberg, 1822)",1822,gbif
Elaenia frantzii,Elaenia frantzii,"Lawrence, 1865",1865,gbif
Elaenia gigas,Elaenia gigas,"P.L.Sclater, 1871",1871,gbif
Elaenia martinica,Elaenia martinica,"(Linnaeus, 1766)",1766,gbif
Elaenia mesoleuca,Elaenia mesoleuca,"(Deppe, 1830)",1830,gbif
Elaenia obscura,Elaenia obscura,"(Orbigny & Lafresnaye, 1837)",1837,gbif
Elaenia olivina,Elaenia olivina,"Salvin & Godman, 1884",1884,gbif
Elaenia pallatangae,Elaenia pallatangae,"P.L.Sclater, 1862",1862,gbif
Elaenia parvirostris,Elaenia parvirostris,"Pelzeln, 1868",1868,gbif
Elaenia pelzelni,Elaenia pelzelni,"Berlepsch, 1907",1907,gbif
Elaenia ridleyana,Elaenia ridleyana,"Sharpe, 1888",1888,gbif
Elaenia ruficeps,Elaenia ruficeps,"Pelzeln, 1868",1868,gbif
Elaenia sordida,Elaenia sordida,"J.T.Zimmer, 1941",1941,gbif
Elaenia spectabilis,Elaenia spectabilis,"Pelzeln, 1868",1868,gbif
Elaenia strepera,Elaenia strepera,"Cabanis, 1883",1883,gbif
Empidonax affinis,Empidonax affinis,"(Swainson, 1827)",1827,gbif
Empidonax albigularis,Empidonax albigularis,"P.L.Sclater & Salvin, 1859",1859,gbif
Empidonax alnorum,Empidonax alnorum,"Brewster, 1895",1895,gbif
Empidonax atriceps,Empidonax atriceps,"Salvin, 1870",1870,gbif
Empidonax difficilis,Empidonax difficilis,"S.F.Baird, 1858",1858,gbif
Empidonax flavescens,Empidonax flavescens,"Lawrence, 1865",1865,gbif
Empidonax flaviventris,Empidonax flaviventris,"(W.M.Baird & S.F.Baird, 1843)",1843,gbif
Empidonax fulvifrons,Empidonax fulvifrons,"(Giraud, 1841)",1841,gbif
Empidonax hammondii,Empidonax hammondii,"(Xantus de Vesey, 1858)",1858,gbif
Empidonax minimus,Empidonax minimus,"(W.M.Baird & S.F.Baird, 1843)",1843,gbif
Empidonax oberholseri,Empidonax oberholseri,"A.R.Phillips, 1939",1939,gbif
Empidonax occidentalis,Empidonax occidentalis,"Nelson, 1897",1897,gbif
Empidonax traillii,Empidonax traillii,"(Audubon, 1828)",1828,gbif
Empidonax virescens,Empidonax virescens,"(Vieillot, 1818)",1818,gbif
Empidonax wrightii,Empidonax wrightii,"S.F.Baird, 1858",1858,gbif
Empidonomus varius,Empidonomus varius,"(Vieillot, 1818)",1818,gbif
Euscarthmus fulviceps,Euscarthmus fulviceps,"P.L.Sclater, 1871",1871,gbif
Euscarthmus meloryphus,Euscarthmus meloryphus,"Wied-Neuwied, 1831",1831,gbif
Euscarthmus rufomarginatus,Euscarthmus rufomarginatus,"(Pelzeln, 1868)",1868,gbif
Fluvicola albiventer,Fluvicola albiventer,"(Spix, 1825)",1825,gbif
Fluvicola nengeta,Fluvicola nengeta,"(Linnaeus, 1766)",1766,gbif
Fluvicola pica,Fluvicola pica,"(Boddaert, 1783)",1783,gbif
Griseotyrannus aurantioatrocristatus,Griseotyrannus aurantioatrocristatus,"(Orbigny & Lafresnaye, 1837)",1837,gbif
Gubernetes yetapa,Gubernetes yetapa,"(Vieillot, 1818)",1818,gbif
Guyramemua affinis,Guyramemua affinis,"(Burmeister, 1856)",1856,gbif
Hemitriccus cinnamomeipectus,Hemitriccus cinnamomeipectus,"Fitzpatrick & O'Neill, 1979",1979,gbif
Hemitriccus cohnhafti,Hemitriccus cohnhafti,"K.J.Zimmer, Whittaker, Sardelli, Guilherme & Aleixo, 2013",2013,gbif
Hemitriccus diops,Hemitriccus diops,"(Temminck, 1822)",1822,gbif
Hemitriccus flammulatus,Hemitriccus flammulatus,"Berlepsch, 1901",1901,gbif
Hemitriccus furcatus,Hemitriccus furcatus,"(Lafresnaye, 1846)",1846,gbif
Hemitriccus granadensis,Hemitriccus granadensis,"(Hartlaub, 1843)",1843,gbif
Hemitriccus griseipectus,Hemitriccus griseipectus,"(E.Snethlage, 1907)",1907,gbif
Hemitriccus inornatus,Hemitriccus inornatus,"(Pelzeln, 1868)",1868,gbif
Hemitriccus iohannis,Hemitriccus iohannis,"(E.Snethlage, 1907)",1907,gbif
Hemitriccus josephinae,Hemitriccus josephinae,"(Chubb, 1914)",1914,gbif
Hemitriccus kaempferi,Hemitriccus kaempferi,"(Zimmer, 1953)",1953,gbif
Hemitriccus margaritaceiventer,Hemitriccus margaritaceiventer,"(Orbigny & Lafresnaye, 1837)",1837,gbif
Hemitriccus minimus,Hemitriccus minimus,"(Todd, 1925)",1925,gbif
Hemitriccus minor,Hemitriccus minor,"(E.Snethlage, 1907)",1907,gbif
Hemitriccus mirandae,Hemitriccus mirandae,"(E.Snethlage, 1925)",1925,gbif
Hemitriccus nidipendulus,Hemitriccus nidipendulus,"(Wied-Neuwied, 1831)",1831,gbif
Hemitriccus obsoletus,Hemitriccus obsoletus,"(Ribeiro, 1906)",1906,gbif
Hemitriccus orbitatus,Hemitriccus orbitatus,"(Wied-Neuwied, 1831)",1831,gbif
Hemitriccus rufigularis,Hemitriccus rufigularis,"(Cabanis, 1873)",1873,gbif
Hemitriccus spodiops,Hemitriccus spodiops,"(Berlepsch, 1901)",1901,gbif
Hemitriccus striaticollis,Hemitriccus striaticollis,"(Lafresnaye, 1853)",1853,gbif
Hemitriccus zosterops,Hemitriccus zosterops,"(Pelzeln, 1868)",1868,gbif
Hirundinea bellicosa,Hirundinea bellicosa,"(Vieillot, 1819)",1819,gbif
Hirundinea ferruginea,Hirundinea ferruginea,"(Gmelin, 1788)",1788,gbif
Hymenops perspicillatus,Hymenops perspicillatus,"(Gmelin, 1789)",1789,gbif
Inezia caudata,Inezia caudata,"(Salvin, 1897)",1897,gbif
Inezia inornata,Inezia inornata,"(Salvadori, 1897)",1897,gbif
Inezia subflava,Inezia subflava,"(P.L.Sclater & Salvin, 1873)",1873,gbif
Inezia tenuirostris,Inezia tenuirostris,"(Cory, 1913)",1913,gbif
Knipolegus aterrimus,Knipolegus aterrimus,"Kaup, 1853",1853,gbif
Knipolegus cabanisi,Knipolegus cabanisi,"Schulz, 1882",1882,gbif
Knipolegus cyanirostris,Knipolegus cyanirostris,"(Vieillot, 1818)",1818,gbif
Knipolegus franciscanus,Knipolegus franciscanus,"E.Snethlage, 1928",1928,gbif
Knipolegus heterogyna,Knipolegus heterogyna,"von Berlepsch, 1907",1907,gbif
Knipolegus hudsoni,Knipolegus hudsoni,"P.L.Sclater, 1872",1872,gbif
Knipolegus lophotes,Knipolegus lophotes,"Boie, 1828",1828,gbif
Knipolegus nigerrimus,Knipolegus nigerrimus,"(Vieillot, 1818)",1818,gbif
Knipolegus orenocensis,Knipolegus orenocensis,"Berlepsch, 1884",1884,gbif
Knipolegus poecilocercus,Knipolegus poecilocercus,"(Pelzeln, 1868)",1868,gbif
Knipolegus poecilurus,Knipolegus poecilurus,"(P.L.Sclater, 1862)",1862,gbif
Knipolegus sclateri,Knipolegus sclateri,"Hellmayr, 1906",1906,gbif
Knipolegus signatus,Knipolegus signatus,"(Taczanowski, 1875)",1875,gbif
Knipolegus striaticeps,Knipolegus striaticeps,"(Orbigny & Lafresnaye, 1837)",1837,gbif
Lathrotriccus euleri,Lathrotriccus euleri,"(Cabanis, 1868)",1868,gbif
Lathrotriccus griseipectus,Lathrotriccus griseipectus,"(Lawrence, 1869)",1869,gbif
Legatus leucophaius,Legatus leucophaius,"(Vieillot, 1818)",1818,gbif
Leptopogon albidiventer,Leptopogon albidiventer,"Hellmayr, 1918",1918,gbif
Leptopogon amaurocephalus,Leptopogon amaurocephalus,"Tschudi, 1846",1846,gbif
Leptopogon rufipectus,Leptopogon rufipectus,"(Lafresnaye, 1846)",1846,gbif
Leptopogon superciliaris,Leptopogon superciliaris,"Tschudi, 1844",1844,gbif
Leptopogon taczanowskii,Leptopogon taczanowskii,"Hellmayr, 1917",1917,gbif
Lessonia oreas,Lessonia oreas,"(P.L.Sclater & Salvin, 1869)",1869,gbif
Lessonia rufa,Lessonia rufa,"(Gmelin, 1789)",1789,gbif
Lophotriccus eulophotes,Lophotriccus eulophotes,"Todd, 1925",1925,gbif
Lophotriccus galeatus,Lophotriccus galeatus,"(Boddaert, 1783)",1783,gbif
Lophotriccus pileatus,Lophotriccus pileatus,"(Tschudi, 1844)",1844,gbif
Lophotriccus vitiosus,Lophotriccus vitiosus,"(Bangs & T.E.Penard, 1921)",1921,gbif
Machetornis rixosa,Machetornis rixosa,"(Vieillot, 1819)",1819,gbif
Mecocerculus calopterus,Mecocerculus calopterus,"(P.L.Sclater, 1859)",1859,gbif
Mecocerculus hellmayri,Mecocerculus hellmayri,"Berlepsch, 1907",1907,gbif
Mecocerculus leucophrys,Mecocerculus leucophrys,"(Orbigny & Lafresnaye, 1837)",1837,gbif
Mecocerculus minor,Mecocerculus minor,"(Taczanowski, 1879)",1879,gbif
Mecocerculus poecilocercus,Mecocerculus poecilocercus,"(P.L.Sclater & Salvin, 1873)",1873,gbif
Mecocerculus stictopterus,Mecocerculus stictopterus,"(P.L.Sclater, 1859)",1859,gbif
Megarynchus pitangua,Megarynchus pitangua,"(Linnaeus, 1766)",1766,gbif
Mionectes galbinus,Mionectes galbinus,"Bangs, 1902",1902,gbif
Mionectes macconnelli,Mionectes macconnelli,"(Chubb, 1919)",1919,gbif
Mionectes oleagineus,Mionectes oleagineus,"(Lichtenstein, 1823)",1823,gbif
Mionectes olivaceus,Mionectes olivaceus,"Lawrence, 1868",1868,gbif
Mionectes roraimae,Mionectes roraimae,"(C.Chubb, 1919)",1919,gbif
Mionectes rufiventris,Mionectes rufiventris,"Cabanis, 1846",1846,gbif
Mionectes striaticollis,Mionectes striaticollis,"(Orbigny & Lafresnaye, 1837)",1837,gbif
Mitrephanes olivaceus,Mitrephanes olivaceus,"Berlepsch & Stolzmann, 1894",1894,gbif
Mitrephanes phaeocercus,Mitrephanes phaeocercus,"(P.L.Sclater, 1859)",1859,gbif
Muscigralla brevicauda,Muscigralla brevicauda,"Orbigny & Lafresnaye, 1837",1837,gbif
Muscipipra vetula,Muscipipra vetula,"(Lichtenstein, 1823)",1823,gbif
Muscisaxicola albifrons,Muscisaxicola albifrons,"(Tschudi, 1844)",1844,gbif
Muscisaxicola albilora,Muscisaxicola albilora,"Lafresnaye, 1855",1855,gbif
Muscisaxicola alpinus,Muscisaxicola alpinus,"(Jardine, 1849)",1849,gbif
Muscisaxicola capistratus,Muscisaxicola capistratus,"(Burmeister, 1860)",1860,gbif
Muscisaxicola cinereus,Muscisaxicola cinereus,"Philippi & Landbeck, 1864",1864,gbif
Muscisaxicola flavinucha,Muscisaxicola flavinucha,"Lafresnaye, 1855",1855,gbif
Muscisaxicola fluviatilis,Muscisaxicola fluviatilis,"P.L.Sclater & Salvin, 1866",1866,gbif
Muscisaxicola frontalis,Muscisaxicola frontalis,"(Burmeister, 1860)",1860,gbif
Muscisaxicola griseus,Muscisaxicola griseus,"Taczanowski, 1884",1884,gbif
Muscisaxicola juninensis,Muscisaxicola juninensis,"Taczanowski, 1884",1884,gbif
Muscisaxicola maclovianus,Muscisaxicola maclovianus,"(Garnot, 1826)",1826,gbif
Muscisaxicola maculirostris,Muscisaxicola maculirostris,"Orbigny & Lafresnaye, 1837",1837,gbif
Muscisaxicola occipitalis,Muscisaxicola occipitalis,"Ridgway, 1887",1887,gbif
Muscisaxicola rufivertex,Muscisaxicola rufivertex,"Orbigny & Lafresnaye, 1837",1837,gbif
Myiarchus antillarum,Myiarchus antillarum,"(H.Bryant, 1866)",1866,gbif
Myiarchus apicalis,Myiarchus apicalis,"P.L.Sclater & Salvin, 1881",1881,gbif
Myiarchus barbirostris,Myiarchus barbirostris,"(Swainson, 1827)",1827,gbif
Myiarchus cephalotes,Myiarchus cephalotes,"Taczanowski, 1880",1880,gbif
Myiarchus cinerascens,Myiarchus cinerascens,"(Lawrence, 1851)",1851,gbif
Myiarchus crinitus,Myiarchus crinitus,"(Linnaeus, 1758)",1758,gbif
Myiarchus ferox,Myiarchus ferox,"(Gmelin, 1789)",1789,gbif
Myiarchus magnirostris,Myiarchus magnirostris,"(Gould, 1839)",1839,gbif
Myiarchus nugator,Myiarchus nugator,"Riley, 1904",1904,gbif
Myiarchus nuttingi,Myiarchus nuttingi,"Ridgway, 1882",1882,gbif
Myiarchus oberi,Myiarchus oberi,"Lawrence, 1877",1877,gbif
Myiarchus panamensis,Myiarchus panamensis,"Lawrence, 1860",1860,gbif
Myiarchus phaeocephalus,Myiarchus phaeocephalus,"P.L.Sclater, 1860",1860,gbif
Myiarchus sagrae,Myiarchus sagrae,"(Gundlach, 1852)",1852,gbif
Myiarchus semirufus,Myiarchus semirufus,"P.L.Sclater & Salvin, 1878",1878,gbif
Myiarchus stolidus,Myiarchus stolidus,"(Gosse, 1847)",1847,gbif
Myiarchus swainsoni,Myiarchus swainsoni,"Cabanis & Heine, 1859",1859,gbif
Myiarchus tuberculifer,Myiarchus tuberculifer,"(Orbigny & Lafresnaye, 1837)",1837,gbif
Myiarchus tyrannulus,Myiarchus tyrannulus,"(Statius Muller, 1776)",1776,gbif
Myiarchus validus,Myiarchus validus,"Cabanis, 1847",1847,gbif
Myiarchus venezuelensis,Myiarchus venezuelensis,"Lawrence, 1865",1865,gbif
Myiarchus yucatanensis,Myiarchus yucatanensis,"Lawrence, 1871",1871,gbif
Myiodynastes bairdii,Myiodynastes bairdii,"(Gambel, 1847)",1847,gbif
Myiodynastes chrysocephalus,Myiodynastes chrysocephalus,"(Tschudi, 1844)",1844,gbif
Myiodynastes hemichrysus,Myiodynastes hemichrysus,"(Cabanis, 1861)",1861,gbif
Myiodynastes luteiventris,Myiodynastes luteiventris,"P.L.Sclater, 1859",1859,gbif
Myiodynastes maculatus,Myiodynastes maculatus,"(Statius Muller, 1776)",1776,gbif
Myiodynastes solitarius,Myiodynastes solitarius,"(Vieillot, 1819)",1819,gbif
Myiopagis caniceps,Myiopagis caniceps,"(Swainson, 1835)",1835,gbif
Myiopagis cinerea,Myiopagis cinerea,"(Pelzeln, 1868)",1868,gbif
Myiopagis cotta,Myiopagis cotta,"(Gosse, 1849)",1849,gbif
Myiopagis flavivertex,Myiopagis flavivertex,"(P.L.Sclater, 1887)",1887,gbif
Myiopagis gaimardii,Myiopagis gaimardii,"(Orbigny, 1840)",1840,gbif
Myiopagis olallai,Myiopagis olallai,"Coopmans & Krabbe, 2000",2000,gbif
Myiopagis parambae,Myiopagis parambae,"(Hellmayr, 1904)",1904,gbif
Myiopagis subplacens,Myiopagis subplacens,"(P.L.Sclater, 1862)",1862,gbif
Myiopagis viridicata,Myiopagis viridicata,"(Vieillot, 1817)",1817,gbif
Myiophobus crypterythrus,Myiophobus crypterythrus,"(P.L.Sclater, 1861)",1861,gbif
Myiophobus cryptoxanthus,Myiophobus cryptoxanthus,"(P.L.Sclater, 1861)",1861,gbif
Myiophobus fasciatus,Myiophobus fasciatus,"(Statius Muller, 1776)",1776,gbif
Myiophobus flavicans,Myiophobus flavicans,"(P.L.Sclater, 1861)",1861,gbif
Myiophobus inornatus,Myiophobus inornatus,"Carriker, 1932",1932,gbif
Myiophobus phoenicomitra,Myiophobus phoenicomitra,"(Taczanowski & Berlepsch, 1885)",1885,gbif
Myiophobus roraimae,Myiophobus roraimae,"(Salvin & Godman, 1883)",1883,gbif
Myiophobus rufescens,Myiophobus rufescens,"(Salvadori, 1864)",1864,gbif
Myiornis albiventris,Myiornis albiventris,"(Berlepsch & Stolzmann, 1894)",1894,gbif
Myiornis atricapillus,Myiornis atricapillus,"(Lawrence, 1875)",1875,gbif
Myiornis auricularis,Myiornis auricularis,"(Vieillot, 1818)",1818,gbif
Myiornis ecaudatus,Myiornis ecaudatus,"(Orbigny & Lafresnaye, 1837)",1837,gbif
Myiotheretes fumigatus,Myiotheretes fumigatus,"(Boissonneau, 1840)",1840,gbif
Myiotheretes fuscorufus,Myiotheretes fuscorufus,"(P.L.Sclater & Salvin, 1876)",1876,gbif
Myiotheretes pernix,Myiotheretes pernix,"(Bangs, 1899)",1899,gbif
Myiotheretes striaticollis,Myiotheretes striaticollis,"(P.L.Sclater, 1853)",1853,gbif
Myiotriccus ornatus,Myiotriccus ornatus,"(Lafresnaye, 1853)",1853,gbif
Myiotriccus phoenicurus,Myiotriccus phoenicurus,"(Sclater, 1855)",1855,gbif
Myiozetetes cayanensis,Myiozetetes cayanensis,"(Linnaeus, 1766)",1766,gbif
Myiozetetes granadensis,Myiozetetes granadensis,"Lawrence, 1862",1862,gbif
Myiozetetes luteiventris,Myiozetetes luteiventris,"(P.L.Sclater, 1858)",1858,gbif
Myiozetetes similis,Myiozetetes similis,"(Spix, 1825)",1825,gbif
Neopipo cinnamomea,Neopipo cinnamomea,"(Lawrence, 1869)",1869,gbif
Neoxolmis rufiventris,Neoxolmis rufiventris,"(Vieillot, 1823)",1823,gbif
Nephelomyias lintoni,Nephelomyias lintoni,"(Meyer de Schauensee, 1951)",1951,gbif
Nephelomyias ochraceiventris,Nephelomyias ochraceiventris,"(Cabanis, 1873)",1873,gbif
Nephelomyias pulcher,Nephelomyias pulcher,"(P.L.Sclater, 1861)",1861,gbif
Nesotriccus ridgwayi,Nesotriccus ridgwayi,"C.H.Townsend, 1895",1895,gbif
Ochthoeca cinnamomeiventris,Ochthoeca cinnamomeiventris,"(Lafresnaye, 1843)",1843,gbif
Ochthoeca fumicolor,Ochthoeca fumicolor,"P.L.Sclater, 1856",1856,gbif
Ochthoeca leucophrys,Ochthoeca leucophrys,"(Orbigny & Lafresnaye, 1837)",1837,gbif
Ochthoeca nigrita,Ochthoeca nigrita,"P.L.Sclater & Salvin, 1871",1871,gbif
Ochthoeca oenanthoides,Ochthoeca oenanthoides,"(Orbigny & Lafresnaye, 1837)",1837,gbif
Ochthoeca piurae,Ochthoeca piurae,"Chapman, 1924",1924,gbif
Ochthoeca rufipectoralis,Ochthoeca rufipectoralis,"(Orbigny & Lafresnaye, 1837)",1837,gbif
Ochthoeca salvini,Ochthoeca salvini,"Taczanowski, 1877",1877,gbif
Ochthoeca superciliosa,Ochthoeca superciliosa,"P.L.Sclater & Salvin, 1871",1871,gbif
Ochthoeca thoracica,Ochthoeca thoracica,"Taczanowski, 1874",1874,gbif
Ochthornis littoralis,Ochthornis littoralis,"(Pelzeln, 1868)",1868,gbif
Oncostoma cinereigulare,Oncostoma cinereigulare,"(P.L.Sclater, 1857)",1857,gbif
Oncostoma olivaceum,Oncostoma olivaceum,"(Lawrence, 1862)",1862,gbif
Ornithion brunneicapillus,Ornithion brunneicapillus,"(Lawrence, 1862)",1862,gbif
Ornithion inerme,Ornithion inerme,"Hartlaub, 1853",1853,gbif
Ornithion semiflavum,Ornithion semiflavum,"(P.L.Sclater & Salvin, 1860)",1860,gbif
Phaeomyias murina,Phaeomyias murina,"(Spix, 1825)",1825,gbif
Phaeomyias tumbezana,Phaeomyias tumbezana,"(Taczanowski, 1877)",1877,gbif
Phelpsia inornata,Phelpsia inornata,"(Lawrence, 1869)",1869,gbif
Philohydor lictor,Philohydor lictor,"(Lichtenstein, 1823)",1823,gbif
Phyllomyias burmeisteri,Phyllomyias burmeisteri,"Cabanis & Heine, 1859",1859,gbif
Phyllomyias cinereiceps,Phyllomyias cinereiceps,"(P.L.Sclater, 1860)",1860,gbif
Phyllomyias fasciatus,Phyllomyias fasciatus,"(Thunberg, 1822)",1822,gbif
Phyllomyias griseiceps,Phyllomyias griseiceps,"(P.L.Sclater & Salvin, 1871)",1871,gbif
Phyllomyias griseocapilla,Phyllomyias griseocapilla,"P.L.Sclater, 1862",1862,gbif
Phyllomyias nigrocapillus,Phyllomyias nigrocapillus,"(Lafresnaye, 1845)",1845,gbif
Phyllomyias plumbeiceps,Phyllomyias plumbeiceps,"(Lawrence, 1869)",1869,gbif
Phyllomyias reiseri,Phyllomyias reiseri,"Hellmayr, 1905",1905,gbif
Phyllomyias sclateri,Phyllomyias sclateri,"Berlepsch, 1901",1901,gbif
Phyllomyias urichi,Phyllomyias urichi,"(Chapman, 1899)",1899,gbif
Phyllomyias uropygialis,Phyllomyias uropygialis,"(Lawrence, 1869)",1869,gbif
Phyllomyias virescens,Phyllomyias virescens,"(Temminck, 1824)",1824,gbif
Phyllomyias weedeni,Phyllomyias weedeni,"Herzog, Kessler & Balderrama, 2008",2008,gbif
Phyllomyias zeledoni,Phyllomyias zeledoni,"(Lawrence, 1869)",1869,gbif
Phylloscartes beckeri,Phylloscartes beckeri,"Gonzaga & Pacheco, 1995",1995,gbif
Phylloscartes ceciliae,Phylloscartes ceciliae,"Teixeira, 1987",1987,gbif
Phylloscartes difficilis,Phylloscartes difficilis,"(H.Ihering & R.Ihering, 1907)",1907,gbif
Phylloscartes flaviventris,Phylloscartes flaviventris,"(Hartert, 1897)",1897,gbif
Phylloscartes flavovirens,Phylloscartes flavovirens,"(Lawrence, 1862)",1862,gbif
Phylloscartes gualaquizae,Phylloscartes gualaquizae,"(P.L.Sclater, 1887)",1887,gbif
Phylloscartes kronei,Phylloscartes kronei,"Willis & Oniki, 1992",1992,gbif
Phylloscartes nigrifrons,Phylloscartes nigrifrons,"(Salvin & Godman, 1884)",1884,gbif
Phylloscartes oustaleti,Phylloscartes oustaleti,"(P.L.Sclater, 1887)",1887,gbif
Phylloscartes parkeri,Phylloscartes parkeri,"Fitzpatrick & Stotz, 1997",1997,gbif
Phylloscartes paulista,Phylloscartes paulista,"H.Ihering & R.Ihering, 1907",1907,gbif
Phylloscartes roquettei,Phylloscartes roquettei,"E.Snethlage, 1928",1928,gbif
Phylloscartes superciliaris,Phylloscartes superciliaris,"(P.L.Sclater & Salvin, 1868)",1868,gbif
Phylloscartes sylviolus,Phylloscartes sylviolus,"(Cabanis & Heine, 1859)",1859,gbif
Phylloscartes ventralis,Phylloscartes ventralis,"(Temminck, 1824)",1824,gbif
Phylloscartes virescens,Phylloscartes virescens,"Todd, 1925",1925,gbif
Piprites chloris,Piprites chloris,"(Temminck, 1822)",1822,gbif
Piprites griseiceps,Piprites griseiceps,"Salvin, 1865",1865,gbif
Piprites pileata,Piprites pileata,"(Temminck, 1822)",1822,gbif
Pitangus sulphuratus,Pitangus sulphuratus,"(Linnaeus, 1766)",1766,gbif
Platyrinchus albogularis,Platyrinchus albogularis,"Sclater, 1860",1860,gbif
Platyrinchus cancrominus,Platyrinchus cancrominus,"P.L.Sclater & Salvin, 1860",1860,gbif
Platyrinchus coronatus,Platyrinchus coronatus,"P.L.Sclater, 1858",1858,gbif
Platyrinchus flavigularis,Platyrinchus flavigularis,"P.L.Sclater, 1862",1862,gbif
Platyrinchus leucoryphus,Platyrinchus leucoryphus,"Wied-Neuwied, 1831",1831,gbif
Platyrinchus mystaceus,Platyrinchus mystaceus,"Vieillot, 1818",1818,gbif
Platyrinchus platyrhynchos,Platyrinchus platyrhynchos,"(Gmelin, 1788)",1788,gbif
Platyrinchus saturatus,Platyrinchus saturatus,"Salvin & Godman, 1882",1882,gbif
Poecilotriccus albifacies,Poecilotriccus albifacies,"(Blake, 1959)",1959,gbif
Poecilotriccus calopterus,Poecilotriccus calopterus,"(P.L.Sclater, 1857)",1857,gbif
Poecilotriccus capitalis,Poecilotriccus capitalis,"(P.L.Sclater, 1857)",1857,gbif
Poecilotriccus fumifrons,Poecilotriccus fumifrons,"(Hartlaub, 1853)",1853,gbif
Poecilotriccus latirostris,Poecilotriccus latirostris,"(Pelzeln, 1868)",1868,gbif
Poecilotriccus luluae,Poecilotriccus luluae,"N.K.Johnson & R.E.Jones, 2001",2001,gbif
Poecilotriccus plumbeiceps,Poecilotriccus plumbeiceps,"(Lafresnaye, 1846)",1846,gbif
Poecilotriccus pulchellus,Poecilotriccus pulchellus,"(P.L.Sclater, 1874)",1874,gbif
Poecilotriccus ruficeps,Poecilotriccus ruficeps,"(Kaup, 1852)",1852,gbif
Poecilotriccus russatus,Poecilotriccus russatus,"(Salvin & Godman, 1884)",1884,gbif
Poecilotriccus senex,Poecilotriccus senex,"(Pelzeln, 1868)",1868,gbif
Poecilotriccus sylvia,Poecilotriccus sylvia,"(Desmarest, 1806)",1806,gbif
Pogonotriccus chapmani,Pogonotriccus chapmani,"(Gilliard, 1940)",1940,gbif
Pogonotriccus eximius,Pogonotriccus eximius,"(Temminck, 1822)",1822,gbif
Pogonotriccus lanyoni,Pogonotriccus lanyoni,"(G.R.Graves, 1988)",1988,gbif
Pogonotriccus ophthalmicus,Pogonotriccus ophthalmicus,"Taczanowski, 1874",1874,gbif
Pogonotriccus orbitalis,Pogonotriccus orbitalis,"(Cabanis, 1873)",1873,gbif
Pogonotriccus poecilotis,Pogonotriccus poecilotis,"(P.L.Sclater, 1862)",1862,gbif
Pogonotriccus venezuelanus,Pogonotriccus venezuelanus,"Berlepsch, 1907",1907,gbif
Polioxolmis rufipennis,Polioxolmis rufipennis,"(Taczanowski, 1874)",1874,gbif
Polystictus pectoralis,Polystictus pectoralis,"(Vieillot, 1817)",1817,gbif
Polystictus superciliaris,Polystictus superciliaris,"(Wied-Neuwied, 1831)",1831,gbif
Pseudelaenia leucospodia,Pseudelaenia leucospodia,"(Taczanowski, 1877)",1877,gbif
Pseudocolopteryx acutipennis,Pseudocolopteryx acutipennis,"(P.L.Sclater & Salvin, 1873)",1873,gbif
Pseudocolopteryx citreola,Pseudocolopteryx citreola,"(Landbeck, 1864)",1864,gbif
Pseudocolopteryx dinelliana,Pseudocolopteryx dinelliana,"Lillo, 1905",1905,gbif
Pseudocolopteryx flaviventris,Pseudocolopteryx flaviventris,"(Orbigny & Lafresnaye, 1837)",1837,gbif
Pseudocolopteryx sclateri,Pseudocolopteryx sclateri,"(Oustalet, 1892)",1892,gbif
Pseudotriccus pelzelni,Pseudotriccus pelzelni,"Taczanowski & Berlepsch, 1885",1885,gbif
Pseudotriccus ruficeps,Pseudotriccus ruficeps,"(Lafresnaye, 1843)",1843,gbif
Pseudotriccus simplex,Pseudotriccus simplex,"(Berlepsch, 1901)",1901,gbif
Pyrocephalus nanus,Pyrocephalus nanus,"Gould, 1838",1838,gbif
Pyrocephalus rubinus,Pyrocephalus rubinus,"(Boddaert, 1783)",1783,gbif
Pyrrhomyias cinnamomeus,Pyrrhomyias cinnamomeus,"(Orbigny & Lafresnaye, 1837)",1837,gbif
Ramphotrigon fuscicauda,Ramphotrigon fuscicauda,"Chapman, 1925",1925,gbif
Ramphotrigon megacephalum,Ramphotrigon megacephalum,"(Swainson, 1835)",1835,gbif
Ramphotrigon ruficauda,Ramphotrigon ruficauda,"(Spix, 1825)",1825,gbif
Rhynchocyclus aequinoctialis,Rhynchocyclus aequinoctialis,"(P.L.Sclater, 1858)",1858,gbif
Rhynchocyclus brevirostris,Rhynchocyclus brevirostris,"(Cabanis, 1847)",1847,gbif
Rhynchocyclus fulvipectus,Rhynchocyclus fulvipectus,"(P.L.Sclater, 1860)",1860,gbif
Rhynchocyclus olivaceus,Rhynchocyclus olivaceus,"(Temminck, 1820)",1820,gbif
Rhynchocyclus pacificus,Rhynchocyclus pacificus,"(Chapman, 1914)",1914,gbif
Rhytipterna holerythra,Rhytipterna holerythra,"(P.L.Sclater & Salvin, 1860)",1860,gbif
Rhytipterna immunda,Rhytipterna immunda,"(P.L.Sclater & Salvin, 1873)",1873,gbif
Rhytipterna simplex,Rhytipterna simplex,"(Lichtenstein, 1823)",1823,gbif
Satrapa icterophrys,Satrapa icterophrys,"(Vieillot, 1818)",1818,gbif
Sayornis nigricans,Sayornis nigricans,"(Swainson, 1827)",1827,gbif
Sayornis phoebe,Sayornis phoebe,"(Latham, 1790)",1790,gbif
Sayornis saya,Sayornis saya,"(Bonaparte, 1825)",1825,gbif
Serpophaga cinerea,Serpophaga cinerea,"(Tschudi, 1844)",1844,gbif
Serpophaga griseicapilla,Serpophaga griseicapilla,"Straneck, 2007",2007,gbif
Serpophaga hypoleuca,Serpophaga hypoleuca,"P.L.Sclater & Salvin, 1866",1866,gbif
Serpophaga nigricans,Serpophaga nigricans,"(Vieillot, 1817)",1817,gbif
Serpophaga subcristata,Serpophaga subcristata,"(Vieillot, 1817)",1817,gbif
Silvicultrix diadema,Silvicultrix diadema,"(Hartlaub, 1843)",1843,gbif
Silvicultrix frontalis,Silvicultrix frontalis,"(Lafresnaye, 1847)",1847,gbif
Silvicultrix jelskii,Silvicultrix jelskii,"(Taczanowski, 1883)",1883,gbif
Silvicultrix pulchella,Silvicultrix pulchella,"(P.L.Sclater & Salvin, 1876)",1876,gbif
Sirystes albocinereus,Sirystes albocinereus,"P.L.Sclater & Salvin, 1880",1880,gbif
Sirystes albogriseus,Sirystes albogriseus,"(Lawrence, 1863)",1863,gbif
Sirystes sibilator,Sirystes sibilator,"(Vieillot, 1818)",1818,gbif
Sirystes subcanescens,Sirystes subcanescens,"Todd, 1920",1920,gbif
Stigmatura bahiae,Stigmatura bahiae,"Chapman, 1926",1926,gbif
Stigmatura budytoides,Stigmatura budytoides,"(Orbigny & Lafresnaye, 1837)",1837,gbif
Stigmatura napensis,Stigmatura napensis,"Chapman, 1926",1926,gbif
Sublegatus arenarum,Sublegatus arenarum,"(Salvin, 1863)",1863,gbif
Sublegatus modestus,Sublegatus modestus,"(Wied-Neuwied, 1831)",1831,gbif
Sublegatus obscurior,Sublegatus obscurior,"Todd, 1920",1920,gbif
Suiriri suiriri,Suiriri suiriri,"(Vieillot, 1818)",1818,gbif
Tachuris rubrigastra,Tachuris rubrigastra,"(Vieillot, 1817)",1817,gbif
Taeniotriccus andrei,Taeniotriccus andrei,"Berlepsch & Hartert, 1902",1902,gbif
Todirostrum chrysocrotaphum,Todirostrum chrysocrotaphum,"Strickland, 1850",1850,gbif
Todirostrum cinereum,Todirostrum cinereum,"(Linnaeus, 1766)",1766,gbif
Todirostrum maculatum,Todirostrum maculatum,"(Desmarest, 1806)",1806,gbif
Todirostrum nigriceps,Todirostrum nigriceps,"P.L.Sclater, 1855",1855,gbif
Todirostrum pictum,Todirostrum pictum,"Salvin, 1897",1897,gbif
Todirostrum poliocephalum,Todirostrum poliocephalum,"(Wied-Neuwied, 1831)",1831,gbif
Todirostrum viridanum,Todirostrum viridanum,"Hellmayr, 1927",1927,gbif
Tolmomyias assimilis,Tolmomyias assimilis,"(Pelzeln, 1868)",1868,gbif
Tolmomyias flaviventris,Tolmomyias flaviventris,"(Wied-Neuwied, 1831)",1831,gbif
Tolmomyias flavotectus,Tolmomyias flavotectus,"(Hartert & Ejo, 1902)",1902,gbif
Tolmomyias poliocephalus,Tolmomyias poliocephalus,"(Taczanowski, 1884)",1884,gbif
Tolmomyias sulphurescens,Tolmomyias sulphurescens,"(Spix, 1825)",1825,gbif
Tolmomyias traylori,Tolmomyias traylori,"Schulenberg & T.A.Parker, 1997",1997,gbif
Tolmomyias viridiceps,Tolmomyias viridiceps,"(P.L.Sclater & Salvin, 1873)",1873,gbif
Tyrannopsis sulphurea,Tyrannopsis sulphurea,"(Spix, 1825)",1825,gbif
Tyrannulus elatus,Tyrannulus elatus,"(Latham, 1790)",1790,gbif
Tyrannus albogularis,Tyrannus albogularis,"Burmeister, 1856",1856,gbif
Tyrannus caudifasciatus,Tyrannus caudifasciatus,"Orbigny, 1839",1839,gbif
Tyrannus couchii,Tyrannus couchii,"S.F.Baird, 1858",1858,gbif
Tyrannus crassirostris,Tyrannus crassirostris,"Swainson, 1826",1826,gbif
Tyrannus cubensis,Tyrannus cubensis,"Richmond, 1898",1898,gbif
Tyrannus dominicensis,Tyrannus dominicensis,"(Gmelin, 1788)",1788,gbif
Tyrannus forficatus,Tyrannus forficatus,"(Gmelin, 1789)",1789,gbif
Tyrannus melancholicus,Tyrannus melancholicus,"Vieillot, 1819",1819,gbif
Tyrannus niveigularis,Tyrannus niveigularis,"P.L.Sclater, 1860",1860,gbif
Tyrannus savana,Tyrannus savana,"Vieillot, 1808",1808,gbif
Tyrannus tyrannus,Tyrannus tyrannus,"(Linnaeus, 1758)",1758,gbif
Tyrannus verticalis,Tyrannus verticalis,"Say, 1823",1823,gbif
Tyrannus vociferans,Tyrannus vociferans,"Swainson, 1826",1826,gbif
Uromyias agilis,Uromyias agilis,"(P.L.Sclater, 1856)",1856,gbif
Uromyias agraphia,Uromyias agraphia,"(Chapman, 1919)",1919,gbif
Xenotriccus callizonus,Xenotriccus callizonus,"Dwight & Griscom, 1927",1927,gbif
Xenotriccus mexicanus,Xenotriccus mexicanus,"(Zimmer, 1938)",1938,gbif
Xolmis cinereus,Xolmis cinereus,"(Vieillot, 1816)",1816,gbif
Xolmis coronatus,Xolmis coronatus,"(Vieillot, 1823)",1823,gbif
Xolmis dominicanus,Xolmis dominicanus,"(Vieillot, 1823)",1823,gbif
Xolmis irupero,Xolmis irupero,"(Vieillot, 1823)",1823,gbif
Xolmis pyrope,Xolmis pyrope,"(Kittlitz, 1830)",1830,gbif
Xolmis rubetra,Xolmis rubetra,"(Burmeister, 1860)",1860,gbif
Xolmis salinarum,Xolmis salinarum,"Nores & Yzurieta, 1979",1979,gbif
Xolmis velatus,Xolmis velatus,"(Lichtenstein, 1823)",1823,gbif
Zimmerius acer,Zimmerius acer,"(Salvin & Godman, 1883)",1883,gbif
Zimmerius albigularis,Zimmerius albigularis,"(Chapman, 1924)",1924,gbif
Zimmerius bolivianus,Zimmerius bolivianus,"(Orbigny, 1840)",1840,gbif
Zimmerius chicomendesi,Zimmerius chicomendesi,"Whitney, Schunck, M.A.Rêgo & Silveira, 2013",2013,gbif
Zimmerius chrysops,Zimmerius chrysops,"(P.L.Sclater, 1859)",1859,gbif
Zimmerius cinereicapilla,Zimmerius cinereicapilla,"(Cabanis, 1873)",1873,gbif
Zimmerius gracilipes,Zimmerius gracilipes,"(P.L.Sclater & Salvin, 1868)",1868,gbif
Zimmerius improbus,Zimmerius improbus,"(P.L.Sclater & Salvin, 1871)",1871,gbif
Zimmerius parvus,Zimmerius parvus,"(Lawrence, 1862)",1862,gbif
Zimmerius petersi,Zimmerius petersi,"(Berlepsch, 1907)",1907,gbif
Zimmerius vilissimus,Zimmerius vilissimus,"(P.L.Sclater & Salvin, 1859)",1859,gbif
Zimmerius villarejoi,Zimmerius villarejoi,"J.Alvarez & B.M.Whitney, 2001",2001,gbif
Zimmerius viridiflavus,Zimmerius viridiflavus,"(Tschudi, 1844)",1844,gbif
Urocynchramus pylzowi,Urocynchramus pylzowi,"Przewalski, 1876",1876,gbif
Artamella viridis,Artamella viridis,"(Statius Muller, 1776)",1776,gbif
Bias musicus,Bias musicus,"(Vieillot, 1818)",1818,gbif
Calicalicus madagascariensis,Calicalicus madagascariensis,"(Linnaeus, 1766)",1766,gbif
Calicalicus rufocarpalis,Calicalicus rufocarpalis,"Goodman, Hawkins & Domergue, 1997",1997,gbif
Cyanolanius comorensis,Cyanolanius comorensis,"(Shelley, 1894)",1894,gbif
Cyanolanius madagascarinus,Cyanolanius madagascarinus,"(Linnaeus, 1766)",1766,gbif
Euryceros prevostii,Euryceros prevostii,"Lesson, 1831",1831,gbif
Falculea palliata,Falculea palliata,"I.Geoffroy Saint-Hilaire, 1836",1836,gbif
Hemipus hirundinaceus,Hemipus hirundinaceus,"(Temminck, 1822)",1822,gbif
Hemipus picatus,Hemipus picatus,"(Sykes, 1832)",1832,gbif
Hypositta corallirostris,Hypositta corallirostris,"(A.Newton, 1863)",1863,gbif
Leptopterus chabert,Leptopterus chabert,"(Statius Muller, 1776)",1776,gbif
Megabyas flammulatus,Megabyas flammulatus,"J.Verreaux & E.Verreaux, 1855",1855,gbif
Mystacornis crossleyi,Mystacornis crossleyi,"(A.Grandidier, 1870)",1870,gbif
Newtonia amphichroa,Newtonia amphichroa,"Reichenow, 1891",1891,gbif
Newtonia archboldi,Newtonia archboldi,"Delacour & Berlioz, 1931",1931,gbif
Newtonia brunneicauda,Newtonia brunneicauda,"(A.Newton, 1863)",1863,gbif
Newtonia fanovanae,Newtonia fanovanae,"Gyldenstolpe, 1933",1933,gbif
Oriolia bernieri,Oriolia bernieri,"I.Geoffroy Saint-Hilaire, 1838",1838,gbif
Philentoma pyrhoptera,Philentoma pyrhoptera,"(Temminck, 1836)",1836,gbif
Philentoma velata,Philentoma velata,"(Temminck, 1825)",1825,gbif
Prionops alberti,Prionops alberti,"Schouteden, 1933",1933,gbif
Prionops caniceps,Prionops caniceps,"(Bonaparte, 1850)",1850,gbif
Prionops gabela,Prionops gabela,"Rand, 1957",1957,gbif
Prionops plumatus,Prionops plumatus,"(Shaw, 1809)",1809,gbif
Prionops poliolophus,Prionops poliolophus,"Fischer & Reichenow, 1884",1884,gbif
Prionops retzii,Prionops retzii,"Wahlberg, 1856",1856,gbif
Prionops rufiventris,Prionops rufiventris,"(Bonaparte, 1853)",1853,gbif
Prionops scopifrons,Prionops scopifrons,"(W.Peters, 1854)",1854,gbif
Pseudobias wardi,Pseudobias wardi,"Sharpe, 1870",1870,gbif
Schetba rufa,Schetba rufa,"(Linnaeus, 1766)",1766,gbif
Tephrodornis affinis,Tephrodornis affinis,"Blyth, 1847",1847,gbif
Tephrodornis pondicerianus,Tephrodornis pondicerianus,"(Gmelin, 1789)",1789,gbif
Tephrodornis sylvicola,Tephrodornis sylvicola,"Jerdon, 1839",1839,gbif
Tephrodornis virgatus,Tephrodornis virgatus,"(Temminck, 1824)",1824,gbif
Tylas eduardi,Tylas eduardi,"Hartlaub, 1862",1862,gbif
Vanga curvirostris,Vanga curvirostris,"(Linnaeus, 1766)",1766,gbif
Xenopirostris damii,Xenopirostris damii,"Schlegel, 1865",1865,gbif
Xenopirostris polleni,Xenopirostris polleni,"(Schlegel, 1868)",1868,gbif
Xenopirostris xenopirostris,Xenopirostris xenopirostris,"(Lafresnaye, 1850)",1850,gbif
Anomalospiza imberbis,Anomalospiza imberbis,"(Cabanis, 1868)",1868,gbif
Vidua camerunensis,Vidua camerunensis,"(Grote, 1922)",1922,gbif
Vidua chalybeata,Vidua chalybeata,"(Statius Muller, 1776)",1776,gbif
Vidua codringtoni,Vidua codringtoni,"(Neave, 1907)",1907,gbif
Vidua fischeri,Vidua fischeri,"(Reichenow, 1882)",1882,gbif
Vidua funerea,Vidua funerea,"(Tarragon, 1847)",1847,gbif
Vidua hypocherina,Vidua hypocherina,"J.Verreaux & E.Verreaux, 1856",1856,gbif
Vidua interjecta,Vidua interjecta,"(Grote, 1922)",1922,gbif
Vidua larvaticola,Vidua larvaticola,"Payne, 1982",1982,gbif
Vidua macroura,Vidua macroura,"(Pallas, 1764)",1764,gbif
Vidua maryae,Vidua maryae,"Payne, 1982",1982,gbif
Vidua nigeriae,Vidua nigeriae,"(Alexander, 1908)",1908,gbif
Vidua obtusa,Vidua obtusa,"(Chapin, 1922)",1922,gbif
Vidua orientalis,Vidua orientalis,"Heuglin, 1870",1870,gbif
Vidua paradisaea,Vidua paradisaea,"(Linnaeus, 1758)",1758,gbif
Vidua purpurascens,Vidua purpurascens,"(Reichenow, 1883)",1883,gbif
Vidua raricola,Vidua raricola,"Payne, 1982",1982,gbif
Vidua regia,Vidua regia,"(Linnaeus, 1766)",1766,gbif
Vidua togoensis,Vidua togoensis,"(Grote, 1923)",1923,gbif
Vidua wilsoni,Vidua wilsoni,"(Hartert, 1901)",1901,gbif
Cyclarhis gujanensis,Cyclarhis gujanensis,"(Gmelin, 1789)",1789,gbif
Cyclarhis nigrirostris,Cyclarhis nigrirostris,"Lafresnaye, 1842",1842,gbif
Erpornis zantholeuca,Erpornis zantholeuca,"Blyth, 1844",1844,gbif
Hylophilus amaurocephalus,Hylophilus amaurocephalus,"(Nordmann, 1835)",1835,gbif
Hylophilus brunneiceps,Hylophilus brunneiceps,"P.L.Sclater, 1866",1866,gbif
Hylophilus flavipes,Hylophilus flavipes,"Lafresnaye, 1845",1845,gbif
Hylophilus griseiventris,Hylophilus griseiventris,"von Berlepsch & Hartert, 1902",1902,gbif
Hylophilus insularis,Hylophilus insularis,"Sclater, 1861",1861,gbif
Hylophilus olivaceus,Hylophilus olivaceus,"Tschudi, 1844",1844,gbif
Hylophilus pectoralis,Hylophilus pectoralis,"P.L.Sclater, 1866",1866,gbif
Hylophilus poicilotis,Hylophilus poicilotis,"Temminck, 1822",1822,gbif
Hylophilus semicinereus,Hylophilus semicinereus,"P.L.Sclater & Salvin, 1867",1867,gbif
Hylophilus thoracicus,Hylophilus thoracicus,"Temminck, 1822",1822,gbif
Hylophilus viridiflavus,Hylophilus viridiflavus,"Lawrence, 1861",1861,gbif
Pachysylvia aurantiifrons,Pachysylvia aurantiifrons,"(Lawrence, 1861)",1861,gbif
Pachysylvia decurtata,Pachysylvia decurtata,"(Bonaparte, 1838)",1838,gbif
Pachysylvia hypochrysea,Pachysylvia hypochrysea,"(Sclater, 1862)",1862,gbif
Pachysylvia hypoxantha,Pachysylvia hypoxantha,"(Pelzeln, 1868)",1868,gbif
Pachysylvia muscicapina,Pachysylvia muscicapina,"(P.L.Sclater & Salvin, 1873)",1873,gbif
Pachysylvia semibrunnea,Pachysylvia semibrunnea,"(Lafresnaye, 1845)",1845,gbif
Pteruthius aenobarbus,Pteruthius aenobarbus,"(Temminck, 1836)",1836,gbif
Pteruthius aeralatus,Pteruthius aeralatus,"Blyth, 1855",1855,gbif
Pteruthius flaviscapis,Pteruthius flaviscapis,"(Temminck, 1836)",1836,gbif
Pteruthius melanotis,Pteruthius melanotis,"Hodgson, 1847",1847,gbif
Pteruthius rufiventer,Pteruthius rufiventer,"Blyth, 1842",1842,gbif
Pteruthius xanthochlorus,Pteruthius xanthochlorus,"J.E.Gray & G.R.Gray, 1847",1847,gbif
Tunchiornis luteifrons,Tunchiornis luteifrons,"(Sclater, 1881)",1881,gbif
Tunchiornis ochraceiceps,Tunchiornis ochraceiceps,"(P.L.Sclater, 1860)",1860,gbif
Vireo altiloquus,Vireo altiloquus,"(Vieillot, 1808)",1808,gbif
Vireo atricapilla,Vireo atricapilla,"Woodhouse, 1852",1852,gbif
Vireo bairdi,Vireo bairdi,"Ridgway, 1885",1885,gbif
Vireo bellii,Vireo bellii,"Audubon, 1844",1844,gbif
Vireo brevipennis,Vireo brevipennis,"(P.L.Sclater, 1858)",1858,gbif
Vireo caribaeus,Vireo caribaeus,"Bond & Meyer de Schauensee, 1942",1942,gbif
Vireo carmioli,Vireo carmioli,"S.F.Baird, 1866",1866,gbif
Vireo cassinii,Vireo cassinii,"Xantus de Vesey, 1858",1858,gbif
Vireo chivi,Vireo chivi,"(Vieillot, 1817)",1817,gbif
Vireo crassirostris,Vireo crassirostris,"(H.Bryant, 1859)",1859,gbif
Vireo flavifrons,Vireo flavifrons,"Vieillot, 1808",1808,gbif
Vireo flavoviridis,Vireo flavoviridis,"(Cassin, 1851)",1851,gbif
Vireo gilvus,Vireo gilvus,"(Vieillot, 1808)",1808,gbif
Vireo gracilirostris,Vireo gracilirostris,"Sharpe, 1890",1890,gbif
Vireo griseus,Vireo griseus,"(Boddaert, 1783)",1783,gbif
Vireo gundlachii,Vireo gundlachii,"Lembeye, 1850",1850,gbif
Vireo huttoni,Vireo huttoni,"Cassin, 1851",1851,gbif
Vireo latimeri,Vireo latimeri,"S.F.Baird, 1866",1866,gbif
Vireo leucophrys,Vireo leucophrys,"(Lafresnaye, 1844)",1844,gbif
Vireo magister,Vireo magister,"(S.F.Baird, 1871)",1871,gbif
Vireo masteri,Vireo masteri,"P.G.W.Salaman & F.G.Stiles, 1996",1996,gbif
Vireo modestus,Vireo modestus,"P.L.Sclater, 1861",1861,gbif
Vireo nanus,Vireo nanus,"(Lawrence, 1875)",1875,gbif
Vireo nelsoni,Vireo nelsoni,"Bond, 1936",1936,gbif
Vireo olivaceus,Vireo olivaceus,"(Linnaeus, 1766)",1766,gbif
Vireo osburni,Vireo osburni,"(P.L.Sclater, 1861)",1861,gbif
Vireo pallens,Vireo pallens,"Salvin, 1863",1863,gbif
Vireo philadelphicus,Vireo philadelphicus,"(Cassin, 1851)",1851,gbif
Vireo plumbeus,Vireo plumbeus,"Coues, 1866",1866,gbif
Vireo sclateri,Vireo sclateri,"(Salvin & Godman, 1883)",1883,gbif
Vireo solitarius,Vireo solitarius,"(A.Wilson, 1810)",1810,gbif
Vireo vicinior,Vireo vicinior,"Coues, 1866",1866,gbif
Vireolanius eximius,Vireolanius eximius,"S.F.Baird, 1866",1866,gbif
Vireolanius leucotis,Vireolanius leucotis,"(Swainson, 1838)",1838,gbif
Vireolanius melitophrys,Vireolanius melitophrys,"Bonaparte, 1850",1850,gbif
Vireolanius mikettae,Vireolanius mikettae,"Hartert, 1900",1900,gbif
Vireolanius pulchellus,Vireolanius pulchellus,"P.L.Sclater & Salvin, 1859",1859,gbif
Zeledonia coronata,Zeledonia coronata,"Ridgway, 1889",1889,gbif
Apalopteron familiare,Apalopteron familiare,"(Kittlitz, 1830)",1830,gbif
Cleptornis marchei,Cleptornis marchei,"(Oustalet, 1889)",1889,gbif
Dasycrotapha plateni,Dasycrotapha plateni,"(W.Blasius, 1890)",1890,gbif
Dasycrotapha pygmaea,Dasycrotapha pygmaea,"(Ogilvie-Grant, 1896)",1896,gbif
Dasycrotapha speciosa,Dasycrotapha speciosa,"Tweeddale, 1878",1878,gbif
Heleia crassirostris,Heleia crassirostris,"(Hartert, 1897)",1897,gbif
Heleia dohertyi,Heleia dohertyi,"(Hartert & Ejo, 1896)",1896,gbif
Heleia goodfellowi,Heleia goodfellowi,"(Hartert & Ejo, 1903)",1903,gbif
Heleia javanica,Heleia javanica,"(Horsfield, 1821)",1821,gbif
Heleia muelleri,Heleia muelleri,"Hartlaub, 1865",1865,gbif
Heleia pinaiae,Heleia pinaiae,"(Stresemann, 1912)",1912,gbif
Heleia squamiceps,Heleia squamiceps,"(Hartert & Ejo, 1896)",1896,gbif
Heleia squamifrons,Heleia squamifrons,"(Sharpe, 1892)",1892,gbif
Heleia superciliaris,Heleia superciliaris,"(Hartert & Ejo, 1897)",1897,gbif
Heleia wallacei,Heleia wallacei,"(Finsch, 1901)",1901,gbif
Megazosterops palauensis,Megazosterops palauensis,"(Reichenow, 1915)",1915,gbif
Rukia longirostra,Rukia longirostra,"(Taka-Tsukasa & Yamashina, 1931)",1931,gbif
Rukia ruki,Rukia ruki,"(Hartert, 1897)",1897,gbif
Sterrhoptilus capitalis,Sterrhoptilus capitalis,"(Tweeddale, 1877)",1877,gbif
Sterrhoptilus dennistouni,Sterrhoptilus dennistouni,"(Ogilvie-Grant, 1895)",1895,gbif
Sterrhoptilus nigrocapitatus,Sterrhoptilus nigrocapitatus,"(Steere, 1890)",1890,gbif
Tephrozosterops stalkeri,Tephrozosterops stalkeri,"(Ogilvie-Grant, 1910)",1910,gbif
Yuhina bakeri,Yuhina bakeri,"Rothschild, 1926",1926,gbif
Yuhina brunneiceps,Yuhina brunneiceps,"Ogilvie-Grant, 1906",1906,gbif
Yuhina castaniceps,Yuhina castaniceps,"(Moore, 1854)",1854,gbif
Yuhina diademata,Yuhina diademata,"J.Verreaux, 1869",1869,gbif
Yuhina everetti,Yuhina everetti,"(Sharpe, 1887)",1887,gbif
Yuhina flavicollis,Yuhina flavicollis,"Hodgson, 1836",1836,gbif
Yuhina gularis,Yuhina gularis,"Hodgson, 1836",1836,gbif
Yuhina humilis,Yuhina humilis,"(Hume, 1877)",1877,gbif
Yuhina nigrimenta,Yuhina nigrimenta,"Blyth, 1845",1845,gbif
Yuhina occipitalis,Yuhina occipitalis,"Hodgson, 1836",1836,gbif
Yuhina torqueola,Yuhina torqueola,"(Swinhoe, 1870)",1870,gbif
Zosterops abyssinicus,Zosterops abyssinicus,"Guerin-Meneville, 1843",1843,gbif
Zosterops albogularis,Zosterops albogularis,"Gould, 1837",1837,gbif
Zosterops anomalus,Zosterops anomalus,"A.B.Meyer & Wiglesworth, 1896",1896,gbif
Zosterops atricapilla,Zosterops atricapilla,"Salvadori, 1879",1879,gbif
Zosterops atriceps,Zosterops atriceps,"G.R.Gray, 1861",1861,gbif
Zosterops atrifrons,Zosterops atrifrons,"Wallace, 1864",1864,gbif
Zosterops auriventer,Zosterops auriventer,"Hume, 1878",1878,gbif
Zosterops borbonicus,Zosterops borbonicus,"(J.R.Forster, 1781)",1781,gbif
Zosterops brunneus,Zosterops brunneus,"(Salvadori, 1903)",1903,gbif
Zosterops buruensis,Zosterops buruensis,"Salvadori, 1878",1878,gbif
Zosterops ceylonensis,Zosterops ceylonensis,"Holdsworth, 1872",1872,gbif
Zosterops chloris,Zosterops chloris,"Bonaparte, 1850",1850,gbif
Zosterops chloronothos,Zosterops chloronothos,"(Vieillot, 1817)",1817,gbif
Zosterops chrysolaemus,Zosterops chrysolaemus,"Salvadori, 1876",1876,gbif
Zosterops cinereus,Zosterops cinereus,"(Kittlitz, 1832)",1832,gbif
Zosterops citrinella,Zosterops citrinella,"Bonaparte, 1850",1850,gbif
Zosterops consobrinorum,Zosterops consobrinorum,"A.B.Meyer, 1904",1904,gbif
Zosterops conspicillatus,Zosterops conspicillatus,"(Kittlitz, 1833)",1833,gbif
Zosterops crookshanki,Zosterops crookshanki,"Mayr & Rand, 1935",1935,gbif
Zosterops emiliae,Zosterops emiliae,"(Sharpe, 1888)",1888,gbif
Zosterops erythropleurus,Zosterops erythropleurus,"Swinhoe, 1863",1863,gbif
Zosterops eurycricotus,Zosterops eurycricotus,"G.A.Fischer & Reichenow, 1884",1884,gbif
Zosterops everetti,Zosterops everetti,"Tweeddale, 1878",1878,gbif
Zosterops explorator,Zosterops explorator,"E.L.Layard, 1875",1875,gbif
Zosterops feae,Zosterops feae,"Salvadori, 1901",1901,gbif
Zosterops ficedulinus,Zosterops ficedulinus,"Hartlaub, 1866",1866,gbif
Zosterops finschii,Zosterops finschii,"(Hartlaub, 1868)",1868,gbif
Zosterops flavifrons,Zosterops flavifrons,"(Gmelin, 1789)",1789,gbif
Zosterops flavilateralis,Zosterops flavilateralis,"Reichenow, 1892",1892,gbif
Zosterops flavus,Zosterops flavus,"(Horsfield, 1821)",1821,gbif
Zosterops fuscicapilla,Zosterops fuscicapilla,"Salvadori, 1876",1876,gbif
Zosterops gibbsi,Zosterops gibbsi,"Dutson, 2008",2008,gbif
Zosterops grayi,Zosterops grayi,"Wallace, 1864",1864,gbif
Zosterops griseotinctus,Zosterops griseotinctus,"G.R.Gray, 1858",1858,gbif
Zosterops griseovirescens,Zosterops griseovirescens,"Bocage, 1893",1893,gbif
Zosterops hamlini,Zosterops hamlini,"Murphy, 1929",1929,gbif
Zosterops hypolais,Zosterops hypolais,"Hartlaub & Finsch, 1872",1872,gbif
Zosterops hypoxanthus,Zosterops hypoxanthus,"Salvadori, 1881",1881,gbif
Zosterops inornatus,Zosterops inornatus,"E.L.Layard, 1878",1878,gbif
Zosterops japonicus,Zosterops japonicus,"Temminck & Schlegel, 1845",1845,gbif
Zosterops kaffensis,Zosterops kaffensis,"Neumann, 1902",1902,gbif
Zosterops kikuyuensis,Zosterops kikuyuensis,"Sharpe, 1891",1891,gbif
Zosterops kirki,Zosterops kirki,"Shelley, 1880",1880,gbif
Zosterops kuehni,Zosterops kuehni,"Hartert, 1906",1906,gbif
Zosterops kulalensis,Zosterops kulalensis,"Williams, 1947",1947,gbif
Zosterops kulambangrae,Zosterops kulambangrae,"Rothschild & Hartert, 1901",1901,gbif
Zosterops lacertosus,Zosterops lacertosus,"(Murphy & Mathews, 1929)",1929,gbif
Zosterops lateralis,Zosterops lateralis,"(Latham, 1802)",1802,gbif
Zosterops leucophaeus,Zosterops leucophaeus,"(Hartlaub, 1857)",1857,gbif
Zosterops lugubris,Zosterops lugubris,"Hartlaub, 1848",1848,gbif
Zosterops luteirostris,Zosterops luteirostris,"Hartert, 1904",1904,gbif
Zosterops luteus,Zosterops luteus,"Gould, 1843",1843,gbif
Zosterops maderaspatanus,Zosterops maderaspatanus,"(Linnaeus, 1766)",1766,gbif
Zosterops mauritianus,Zosterops mauritianus,"(Gmelin, 1789)",1789,gbif
Zosterops mayottensis,Zosterops mayottensis,"Schlegel, 1867",1867,gbif
Zosterops mbuluensis,Zosterops mbuluensis,"W.L.Sclater & Moreau, 1935",1935,gbif
Zosterops meeki,Zosterops meeki,"Hartert, 1898",1898,gbif
Zosterops melanocephalus,Zosterops melanocephalus,"G.R.Gray, 1862",1862,gbif
Zosterops melanurus,Zosterops melanurus,"Hartlaub, 1865",1865,gbif
Zosterops metcalfii,Zosterops metcalfii,"Tristram, 1894",1894,gbif
Zosterops meyeni,Zosterops meyeni,"Bonaparte, 1850",1850,gbif
Zosterops minor,Zosterops minor,"A.B.Meyer, 1874",1874,gbif
Zosterops minutus,Zosterops minutus,"E.L.Layard, 1878",1878,gbif
Zosterops modestus,Zosterops modestus,"E.Newton, 1867",1867,gbif
Zosterops mouroniensis,Zosterops mouroniensis,"Milne-Edwards & Oustalet, 1885",1885,gbif
Zosterops murphyi,Zosterops murphyi,"Hartert, 1929",1929,gbif
Zosterops mysorensis,Zosterops mysorensis,"A.B.Meyer, 1874",1874,gbif
Zosterops natalis,Zosterops natalis,"Lister, 1889",1889,gbif
Zosterops nehrkorni,Zosterops nehrkorni,"W.Blasius, 1888",1888,gbif
Zosterops nigrorum,Zosterops nigrorum,"Tweeddale, 1878",1878,gbif
Zosterops novaeguineae,Zosterops novaeguineae,"Salvadori, 1878",1878,gbif
Zosterops oleagineus,Zosterops oleagineus,"Hartlaub & Finsch, 1872",1872,gbif
Zosterops olivaceus,Zosterops olivaceus,"(Linnaeus, 1766)",1766,gbif
Zosterops pallidus,Zosterops pallidus,"Swainson, 1838",1838,gbif
Zosterops palpebrosus,Zosterops palpebrosus,"(Temminck, 1824)",1824,gbif
Zosterops poliogastrus,Zosterops poliogastrus,"Heuglin, 1861",1861,gbif
Zosterops ponapensis,Zosterops ponapensis,"Finsch, 1876",1876,gbif
Zosterops rendovae,Zosterops rendovae,"Tristram, 1882",1882,gbif
Zosterops rennellianus,Zosterops rennellianus,"Murphy, 1929",1929,gbif
Zosterops rotensis,Zosterops rotensis,"Taka-Tsukasa & Yamashina, 1931",1931,gbif
Zosterops samoensis,Zosterops samoensis,"Murphy & Mathews, 1929",1929,gbif
Zosterops sanctaecrucis,Zosterops sanctaecrucis,"Tristram, 1894",1894,gbif
Zosterops saypani,Zosterops saypani,"Dubois, 1902",1902,gbif
Zosterops semperi,Zosterops semperi,"Hartlaub, 1868",1868,gbif
Zosterops senegalensis,Zosterops senegalensis,"Bonaparte, 1850",1850,gbif
Zosterops silvanus,Zosterops silvanus,"J.L.Peters & Loveridge, 1935",1935,gbif
Zosterops simplex,Zosterops simplex,"Swinhoe, 1861",1861,gbif
Zosterops somadikartai,Zosterops somadikartai,"Indrawan, Rasmussen & Sunarto, 2008",2008,gbif
Zosterops splendidus,Zosterops splendidus,"Hartert, 1929",1929,gbif
Zosterops stalkeri,Zosterops stalkeri,"Ogilvie-Grant, 1910",1910,gbif
Zosterops stresemanni,Zosterops stresemanni,"Mayr, 1931",1931,gbif
Zosterops superciliosus,Zosterops superciliosus,"(North, 1906)",1906,gbif
Zosterops tenuirostris,Zosterops tenuirostris,"Gould, 1837",1837,gbif
Zosterops uropygialis,Zosterops uropygialis,"Salvadori, 1874",1874,gbif
Zosterops vaughani,Zosterops vaughani,"Bannerman, 1924",1924,gbif
Zosterops vellalavella,Zosterops vellalavella,"Hartert, 1908",1908,gbif
Zosterops virens,Zosterops virens,"Sundevall, 1850",1850,gbif
Zosterops winifredae,Zosterops winifredae,"Moreau, Sclater & WL, 1934",1934,gbif
Zosterops xanthochroa,Zosterops xanthochroa,"G.R.Gray, 1859",1859,gbif
Zosterornis hypogrammicus,Zosterornis hypogrammicus,"(Salomonsen, 1961)",1961,gbif
Zosterornis latistriatus,Zosterornis latistriatus,"(Gonzales & Kennedy, 1990)",1990,gbif
Zosterornis nigrorum,Zosterornis nigrorum,"(Rand & Rabor, 1952)",1952,gbif
Zosterornis striatus,Zosterornis striatus,"Ogilvie-Grant, 1894",1894,gbif
Zosterornis whiteheadi,Zosterornis whiteheadi,"Ogilvie-Grant, 1894",1894,gbif
Agamia agami,Agamia agami,"(Gmelin, 1789)",1789,gbif
Ardea alba,Ardea alba,"Linnaeus, 1758",1758,gbif
Ardea brachyrhyncha,Ardea brachyrhyncha,"(Brehm, 1854)",1854,gbif
Ardea cinerea,Ardea cinerea,"Linnaeus, 1758",1758,gbif
Ardea cocoi,Ardea cocoi,"Linnaeus, 1766",1766,gbif
Ardea goliath,Ardea goliath,"Cretzschmar, 1829",1829,gbif
Ardea herodias,Ardea herodias,"Linnaeus, 1758",1758,gbif
Ardea humbloti,Ardea humbloti,"Milne-Edwards & A.Grandidier, 1885",1885,gbif
Ardea insignis,Ardea insignis,"Hume, 1878",1878,gbif
Ardea intermedia,Ardea intermedia,"Wagler, 1829",1829,gbif
Ardea melanocephala,Ardea melanocephala,"Children & Vigors, 1826",1826,gbif
Ardea occidentalis,Ardea occidentalis,"Audubon, 1835",1835,gbif
Ardea pacifica,Ardea pacifica,"Latham, 1802",1802,gbif
Ardea plumifera,Ardea plumifera,"(Gould, 1848)",1848,gbif
Ardea purpurea,Ardea purpurea,"Linnaeus, 1766",1766,gbif
Ardea sumatrana,Ardea sumatrana,"Raffles, 1822",1822,gbif
Ardeola bacchus,Ardeola bacchus,"(Bonaparte, 1855)",1855,gbif
Ardeola grayii,Ardeola grayii,"(Sykes, 1832)",1832,gbif
Ardeola idae,Ardeola idae,"(Hartlaub, 1860)",1860,gbif
Ardeola ralloides,Ardeola ralloides,"(Scopoli, 1769)",1769,gbif
Ardeola rufiventris,Ardeola rufiventris,"(Sundevall, 1850)",1850,gbif
Ardeola speciosa,Ardeola speciosa,"(Horsfield, 1821)",1821,gbif
Botaurus lentiginosus,Botaurus lentiginosus,"(Rackett, 1813)",1813,gbif
Botaurus pinnatus,Botaurus pinnatus,"(Wagler, 1829)",1829,gbif
Botaurus poiciloptilus,Botaurus poiciloptilus,"(Wagler, 1827)",1827,gbif
Botaurus stellaris,Botaurus stellaris,"(Linnaeus, 1758)",1758,gbif
Bubulcus ibis,Bubulcus ibis,"(Linnaeus, 1758)",1758,gbif
Butorides striata,Butorides striata,"(Linnaeus, 1758)",1758,gbif
Calherodius leuconotus,Calherodius leuconotus,"(Wagler, 1827)",1827,gbif
Cochlearius cochlearius,Cochlearius cochlearius,"(Linnaeus, 1766)",1766,gbif
Egretta ardesiaca,Egretta ardesiaca,"(Wagler, 1827)",1827,gbif
Egretta caerulea,Egretta caerulea,"(Linnaeus, 1758)",1758,gbif
Egretta eulophotes,Egretta eulophotes,"(Swinhoe, 1860)",1860,gbif
Egretta garzetta,Egretta garzetta,"(Linnaeus, 1766)",1766,gbif
Egretta gularis,Egretta gularis,"(Bosc, 1792)",1792,gbif
Egretta novaehollandiae,Egretta novaehollandiae,"(Latham, 1790)",1790,gbif
Egretta picata,Egretta picata,"(Gould, 1845)",1845,gbif
Egretta rufescens,Egretta rufescens,"(Gmelin, 1789)",1789,gbif
Egretta sacra,Egretta sacra,"(Gmelin, 1789)",1789,gbif
Egretta thula,Egretta thula,"(Molina, 1782)",1782,gbif
Egretta tricolor,Egretta tricolor,"(Statius Muller, 1776)",1776,gbif
Egretta vinaceigula,Egretta vinaceigula,"(Sharpe, 1895)",1895,gbif
Gorsachius goisagi,Gorsachius goisagi,"(Temminck, 1836)",1836,gbif
Gorsachius melanolophus,Gorsachius melanolophus,"(Raffles, 1822)",1822,gbif
Ixobrychus cinnamomeus,Ixobrychus cinnamomeus,"(Gmelin, 1789)",1789,gbif
Ixobrychus dubius,Ixobrychus dubius,"Mathews, 1912",1912,gbif
Ixobrychus eurhythmus,Ixobrychus eurhythmus,"(Swinhoe, 1873)",1873,gbif
Ixobrychus exilis,Ixobrychus exilis,"(Gmelin, 1789)",1789,gbif
Ixobrychus flavicollis,Ixobrychus flavicollis,"(Latham, 1790)",1790,gbif
Ixobrychus involucris,Ixobrychus involucris,"(Vieillot, 1823)",1823,gbif
Ixobrychus minutus,Ixobrychus minutus,"(Linnaeus, 1766)",1766,gbif
Ixobrychus sinensis,Ixobrychus sinensis,"(Gmelin, 1789)",1789,gbif
Ixobrychus sturmii,Ixobrychus sturmii,"(Wagler, 1827)",1827,gbif
Nyctanassa violacea,Nyctanassa violacea,"(Linnaeus, 1758)",1758,gbif
Nycticorax caledonicus,Nycticorax caledonicus,"(Gmelin, 1789)",1789,gbif
Nycticorax nycticorax,Nycticorax nycticorax,"(Linnaeus, 1758)",1758,gbif
Oroanassa magnifica,Oroanassa magnifica,"(Ogilvie Grant, 1899)",1899,gbif
Pilherodius pileatus,Pilherodius pileatus,"(Boddaert, 1783)",1783,gbif
Syrigma sibilatrix,Syrigma sibilatrix,"(Temminck, 1824)",1824,gbif
Tigriornis leucolopha,Tigriornis leucolopha,"(Jardine, 1846)",1846,gbif
Tigrisoma fasciatum,Tigrisoma fasciatum,"(Such, 1825)",1825,gbif
Tigrisoma lineatum,Tigrisoma lineatum,"(Boddaert, 1783)",1783,gbif
Tigrisoma mexicanum,Tigrisoma mexicanum,"Swainson, 1834",1834,gbif
Zebrilus undulatus,Zebrilus undulatus,"(Gmelin, 1789)",1789,gbif
Zonerodius heliosylus,Zonerodius heliosylus,"(Lesson & Garnot, 1828)",1828,gbif
Balaeniceps rex,Balaeniceps rex,"Gould, 1850",1850,gbif
Pelecanus conspicillatus,Pelecanus conspicillatus,"Temminck, 1824",1824,gbif
Pelecanus crispus,Pelecanus crispus,"Bruch, 1832",1832,gbif
Pelecanus erythrorhynchos,Pelecanus erythrorhynchos,"Gmelin, 1789",1789,gbif
Pelecanus occidentalis,Pelecanus occidentalis,"Linnaeus, 1766",1766,gbif
Pelecanus onocrotalus,Pelecanus onocrotalus,"Linnaeus, 1758",1758,gbif
Pelecanus philippensis,Pelecanus philippensis,"Gmelin, 1789",1789,gbif
Pelecanus rufescens,Pelecanus rufescens,"Gmelin, 1789",1789,gbif
Pelecanus thagus,Pelecanus thagus,"Molina, 1782",1782,gbif
Scopus umbretta,Scopus umbretta,"Gmelin, 1789",1789,gbif
Bostrychia bocagei,Bostrychia bocagei,"(Chapin, 1923)",1923,gbif
Bostrychia carunculata,Bostrychia carunculata,"(Ruppell, 1837)",1837,gbif
Bostrychia hagedash,Bostrychia hagedash,"(Latham, 1790)",1790,gbif
Bostrychia olivacea,Bostrychia olivacea,"(Du Bus de Gisignies, 1838)",1838,gbif
Bostrychia rara,Bostrychia rara,"(Rothschild, Hartert & O.Kleinschmidt, 1897)",1897,gbif
Cercibis oxycerca,Cercibis oxycerca,"(Spix, 1825)",1825,gbif
Eudocimus albus,Eudocimus albus,"(Linnaeus, 1758)",1758,gbif
Eudocimus ruber,Eudocimus ruber,"(Linnaeus, 1758)",1758,gbif
Geronticus calvus,Geronticus calvus,"(Boddaert, 1783)",1783,gbif
Geronticus eremita,Geronticus eremita,"(Linnaeus, 1758)",1758,gbif
Lophotibis cristata,Lophotibis cristata,"(Boddaert, 1783)",1783,gbif
Mesembrinibis cayennensis,Mesembrinibis cayennensis,"(Gmelin, 1789)",1789,gbif
Nipponia nippon,Nipponia nippon,"(Temminck, 1835)",1835,gbif
Phimosus infuscatus,Phimosus infuscatus,"(Lichtenstein, 1823)",1823,gbif
Platalea ajaja,Platalea ajaja,"Linnaeus, 1758",1758,gbif
Platalea alba,Platalea alba,"Scopoli, 1786",1786,gbif
Platalea flavipes,Platalea flavipes,"Gould, 1838",1838,gbif
Platalea leucorodia,Platalea leucorodia,"Linnaeus, 1758",1758,gbif
Platalea minor,Platalea minor,"Temminck & Schlegel, 1849",1849,gbif
Platalea regia,Platalea regia,"Gould, 1838",1838,gbif
Plegadis chihi,Plegadis chihi,"(Vieillot, 1817)",1817,gbif
Plegadis falcinellus,Plegadis falcinellus,"(Linnaeus, 1766)",1766,gbif
Plegadis ridgwayi,Plegadis ridgwayi,"(Allen, 1876)",1876,gbif
Pseudibis davisoni,Pseudibis davisoni,"(Hume, 1875)",1875,gbif
Pseudibis papillosa,Pseudibis papillosa,"(Temminck, 1824)",1824,gbif
Thaumatibis gigantea,Thaumatibis gigantea,"(Oustalet, 1877)",1877,gbif
Theristicus branickii,Theristicus branickii,"Berlepsch & Stolzmann, 1894",1894,gbif
Theristicus caerulescens,Theristicus caerulescens,"(Vieillot, 1817)",1817,gbif
Theristicus caudatus,Theristicus caudatus,"(Boddaert, 1783)",1783,gbif
Theristicus melanopis,Theristicus melanopis,"(Gmelin, 1789)",1789,gbif
Threskiornis aethiopicus,Threskiornis aethiopicus,"(Latham, 1790)",1790,gbif
Threskiornis bernieri,Threskiornis bernieri,"(Bonaparte, 1855)",1855,gbif
Threskiornis melanocephalus,Threskiornis melanocephalus,"(Latham, 1790)",1790,gbif
Threskiornis moluccus,,,,none
Threskiornis spinicollis,Threskiornis spinicollis,"(Jameson, 1835)",1835,gbif
Phaethon aethereus,Phaethon aethereus,"Linnaeus, 1758",1758,gbif
Phaethon lepturus,Phaethon lepturus,"Daudin, 1802",1802,gbif
Phaethon rubricauda,Phaethon rubricauda,"Boddaert, 1783",1783,gbif
Phoeniconaias minor,Phoeniconaias minor,"(É.Geoffroy Saint-Hilaire, 1798)",1798,gbif
Phoenicoparrus andinus,Phoenicoparrus andinus,"(Philippi, 1854)",1854,gbif
Phoenicoparrus jamesi,Phoenicoparrus jamesi,"(P.L.Sclater, 1886)",1886,gbif
Phoenicopterus chilensis,Phoenicopterus chilensis,"Molina, 1782",1782,gbif
Phoenicopterus roseus,Phoenicopterus roseus,"Pallas, 1811",1811,gbif
Phoenicopterus ruber,Phoenicopterus ruber,"Linnaeus, 1758",1758,gbif
Bucco capensis,Bucco capensis,"Linnaeus, 1766",1766,gbif
Chelidoptera tenebrosa,Chelidoptera tenebrosa,"(Pallas, 1782)",1782,gbif
Cyphos macrodactylus,Cyphos macrodactylus,"Spix, 1824",1824,gbif
Hapaloptila castanea,Hapaloptila castanea,"(J.Verreaux, 1866)",1866,gbif
Hypnelus bicinctus,Hypnelus bicinctus,"(Gould, 1837)",1837,gbif
Hypnelus ruficollis,Hypnelus ruficollis,"(Wagler, 1829)",1829,gbif
Malacoptila fulvogularis,Malacoptila fulvogularis,"P.L.Sclater, 1854",1854,gbif
Malacoptila fusca,Malacoptila fusca,"(J.F.Gmelin, 1788)",1788,gbif
Malacoptila minor,Malacoptila minor,"Sassi, 1911",1911,gbif
Malacoptila mystacalis,Malacoptila mystacalis,"(Lafresnaye, 1850)",1850,gbif
Malacoptila panamensis,Malacoptila panamensis,"Lafresnaye, 1847",1847,gbif
Malacoptila rufa,Malacoptila rufa,"(von Spix, 1824)",1824,gbif
Malacoptila semicincta,Malacoptila semicincta,"Todd, 1925",1925,gbif
Malacoptila striata,Malacoptila striata,"(von Spix, 1824)",1824,gbif
Micromonacha lanceolata,Micromonacha lanceolata,"(Deville, 1849)",1849,gbif
Monasa atra,Monasa atra,"(Boddaert, 1783)",1783,gbif
Monasa flavirostris,Monasa flavirostris,"Strickland, 1850",1850,gbif
Monasa morphoeus,Monasa morphoeus,"(Hahn & Küster, 1823)",1823,gbif
Monasa nigrifrons,Monasa nigrifrons,"(von Spix, 1824)",1824,gbif
Nonnula amaurocephala,Nonnula amaurocephala,"Chapman, 1921",1921,gbif
Nonnula brunnea,Nonnula brunnea,"P.L.Sclater, 1881",1881,gbif
Nonnula frontalis,Nonnula frontalis,"(P.L.Sclater, 1854)",1854,gbif
Nonnula rubecula,Nonnula rubecula,"(von Spix, 1824)",1824,gbif
Nonnula ruficapilla,Nonnula ruficapilla,"(Tschudi, 1844)",1844,gbif
Nonnula sclateri,Nonnula sclateri,"Hellmayr, 1907",1907,gbif
Notharchus hyperrhynchus,Notharchus hyperrhynchus,"(P.L.Sclater, 1856)",1856,gbif
Notharchus macrorhynchos,Notharchus macrorhynchos,"(J.F.Gmelin, 1788)",1788,gbif
Notharchus ordii,Notharchus ordii,"(Cassin, 1851)",1851,gbif
Notharchus pectoralis,Notharchus pectoralis,"(G.R.Gray, 1846)",1846,gbif
Notharchus subtectus,Notharchus subtectus,"(Sclater, 1860)",1860,gbif
Notharchus swainsoni,Notharchus swainsoni,"(G.R.Gray, 1846)",1846,gbif
Notharchus tectus,Notharchus tectus,"(Boddaert, 1783)",1783,gbif
Nystactes noanamae,Nystactes noanamae,"(Hellmayr, 1909)",1909,gbif
Nystactes tamatia,Nystactes tamatia,"(J.F.Gmelin, 1788)",1788,gbif
Nystalus chacuru,Nystalus chacuru,"(Vieillot, 1816)",1816,gbif
Nystalus maculatus,Nystalus maculatus,"(J.F.Gmelin, 1788)",1788,gbif
Nystalus radiatus,Nystalus radiatus,"(P.L.Sclater, 1854)",1854,gbif
Nystalus striolatus,Nystalus striolatus,"(Pelzeln, 1856)",1856,gbif
Capito auratus,Capito auratus,"(Dumont, 1805)",1805,gbif
Capito aurovirens,Capito aurovirens,"(Cuvier, 1829)",1829,gbif
Capito brunneipectus,Capito brunneipectus,"Chapman, 1921",1921,gbif
Capito dayi,Capito dayi,"Cherrie, 1916",1916,gbif
Capito fitzpatricki,Capito fitzpatricki,"Seeholzer, Winger, Harvey, Cáceres & Weckstein, 2012",2012,gbif
Capito hypoleucus,Capito hypoleucus,"Salvin, 1897",1897,gbif
Capito maculicoronatus,Capito maculicoronatus,"Lawrence, 1861",1861,gbif
Capito niger,Capito niger,"(P.L.S.Müller, 1776)",1776,gbif
Capito quinticolor,Capito quinticolor,"D.G.Elliot, 1865",1865,gbif
Capito squamatus,Capito squamatus,"Salvin, 1876",1876,gbif
Capito wallacei,Capito wallacei,"O'Neill, Lane, Kratter, Capparella & Fox, 2000",2000,gbif
Eubucco aurantiicollis,Eubucco aurantiicollis,"Sclater, 1858",1858,gbif
Eubucco bourcierii,Eubucco bourcierii,"(Lafresnaye, 1845)",1845,gbif
Eubucco glaucogularis,Eubucco glaucogularis,"(Tschudi, 1844)",1844,gbif
Eubucco richardsoni,Eubucco richardsoni,"(G.R.Gray, 1846)",1846,gbif
Eubucco steerii,Eubucco steerii,"(Sclater, 1878)",1878,gbif
Eubucco tucinkae,Eubucco tucinkae,"(Seilern, 1913)",1913,gbif
Eubucco versicolor,Eubucco versicolor,"(P.L.S.Müller, 1776)",1776,gbif
Brachygalba albogularis,Brachygalba albogularis,"(von Spix, 1824)",1824,gbif
Brachygalba goeringi,Brachygalba goeringi,"P.L.Sclater & Salvin, 1869",1869,gbif
Brachygalba lugubris,Brachygalba lugubris,"(Swainson, 1838)",1838,gbif
Brachygalba salmoni,Brachygalba salmoni,"P.L.Sclater & Salvin, 1879",1879,gbif
Galbalcyrhynchus leucotis,Galbalcyrhynchus leucotis,"Des Murs, 1845",1845,gbif
Galbalcyrhynchus purusianus,Galbalcyrhynchus purusianus,"Goeldi, 1904",1904,gbif
Galbula albirostris,Galbula albirostris,"Latham, 1790",1790,gbif
Galbula chalcocephala,Galbula chalcocephala,"Deville, 1849",1849,gbif
Galbula chalcothorax,Galbula chalcothorax,"P.L.Sclater, 1855",1855,gbif
Galbula cyanescens,Galbula cyanescens,"Deville, 1849",1849,gbif
Galbula cyanicollis,Galbula cyanicollis,"Cassin, 1851",1851,gbif
Galbula dea,Galbula dea,"(Linnaeus, 1758)",1758,gbif
Galbula galbula,Galbula galbula,"(Linnaeus, 1766)",1766,gbif
Galbula leucogastra,Galbula leucogastra,"Vieillot, 1817",1817,gbif
Galbula pastazae,Galbula pastazae,"Taczanowski & von Berlepsch, 1885",1885,gbif
Galbula ruficauda,Galbula ruficauda,"Cuvier, 1816",1816,gbif
Galbula tombacea,Galbula tombacea,"von Spix, 1824",1824,gbif
Jacamaralcyon tridactyla,Jacamaralcyon tridactyla,"(Vieillot, 1817)",1817,gbif
Jacamerops aureus,Jacamerops aureus,"(P.L.S.Müller, 1776)",1776,gbif
Indicator archipelagicus,Indicator archipelagicus,"Temminck, 1832",1832,gbif
Indicator exilis,Indicator exilis,"(Cassin, 1856)",1856,gbif
Indicator indicator,Indicator indicator,"(Sparrman, 1777)",1777,gbif
Indicator maculatus,Indicator maculatus,"G.R.Gray, 1847",1847,gbif
Indicator meliphilus,Indicator meliphilus,"(Oberholser, 1905)",1905,gbif
Indicator minor,Indicator minor,"Stephens, 1815",1815,gbif
Indicator pumilio,Indicator pumilio,"Chapin, 1958",1958,gbif
Indicator variegatus,Indicator variegatus,"R.Lesson, 1830",1830,gbif
Indicator willcocksi,Indicator willcocksi,"Alexander, 1901",1901,gbif
Indicator xanthonotus,Indicator xanthonotus,"Blyth, 1842",1842,gbif
Melichneutes robustus,Melichneutes robustus,"(Bates, 1909)",1909,gbif
Melignomon eisentrauti,Melignomon eisentrauti,"Louette, 1981",1981,gbif
Melignomon zenkeri,Melignomon zenkeri,"Reichenow, 1898",1898,gbif
Prodotiscus insignis,Prodotiscus insignis,"(Cassin, 1856)",1856,gbif
Prodotiscus regulus,Prodotiscus regulus,"Sundevall, 1850",1850,gbif
Prodotiscus zambesiae,Prodotiscus zambesiae,"Shelley, 1894",1894,gbif
Buccanodon dowsetti,Buccanodon dowsetti,"Boesman & Collar, 2019",2019,gbif
Buccanodon duchaillui,Buccanodon duchaillui,"(Cassin, 1855)",1855,gbif
Cryptolybia olivacea,Cryptolybia olivacea,"(Shelley, 1880)",1880,gbif
Gymnobucco bonapartei,Gymnobucco bonapartei,"Hartlaub, 1854",1854,gbif
Gymnobucco calvus,Gymnobucco calvus,"(Lafresnaye, 1841)",1841,gbif
Gymnobucco cinereiceps,Gymnobucco cinereiceps,"Sharpe, 1891",1891,gbif
Gymnobucco peli,Gymnobucco peli,"Hartlaub, 1857",1857,gbif
Gymnobucco sladeni,Gymnobucco sladeni,"Ogilvie-Grant, 1907",1907,gbif
Gymnobucco vernayi,Gymnobucco vernayi,"Boulton, 1931",1931,gbif
Lybius chaplini,Lybius chaplini,"S.Clarke, 1920",1920,gbif
Lybius guifsobalito,Lybius guifsobalito,"Hermann, 1783",1783,gbif
Lybius leucocephalus,Lybius leucocephalus,"(de Filippi, 1853)",1853,gbif
Lybius leucogaster,Lybius leucogaster,"(Bocage, 1877)",1877,gbif
Lybius rubrifacies,Lybius rubrifacies,"(Reichenow, 1892)",1892,gbif
Lybius senex,Lybius senex,"(Reichenow, 1887)",1887,gbif
Lybius torquatus,Lybius torquatus,"(Dumont, 1805)",1805,gbif
Lybius undatus,Lybius undatus,"(Rüppell, 1837)",1837,gbif
Lybius vieilloti,Lybius vieilloti,"(Leach, 1815)",1815,gbif
Pogoniulus atroflavus,Pogoniulus atroflavus,"(Sparrman, 1798)",1798,gbif
Pogoniulus bilineatus,Pogoniulus bilineatus,"(Sundevall, 1850)",1850,gbif
Pogoniulus chrysoconus,Pogoniulus chrysoconus,"(Temminck, 1832)",1832,gbif
Pogoniulus coryphaea,Pogoniulus coryphaea,"(Reichenow, 1892)",1892,gbif
Pogoniulus leucomystax,Pogoniulus leucomystax,"(Sharpe, 1892)",1892,gbif
Pogoniulus makawai,Pogoniulus makawai,"Benson & Irwin, 1965",1965,gbif
Pogoniulus pusillus,Pogoniulus pusillus,"(Dumont, 1805)",1805,gbif
Pogoniulus scolopaceus,Pogoniulus scolopaceus,"(Bonaparte, 1850)",1850,gbif
Pogoniulus simplex,Pogoniulus simplex,"(G.A.Fischer & Reichenow, 1884)",1884,gbif
Pogoniulus subsulphureus,Pogoniulus subsulphureus,"(Fraser, 1843)",1843,gbif
Pogonornis bidentatus,Pogonornis bidentatus,"(Shaw, 1798)",1798,gbif
Pogonornis dubius,Pogonornis dubius,"(Gmelin, 1788)",1788,gbif
Pogonornis macclounii,Pogonornis macclounii,"(Shelley, 1899)",1899,gbif
Pogonornis melanopterus,Pogonornis melanopterus,"(Peters, 1854)",1854,gbif
Pogonornis minor,Pogonornis minor,"(Cuvier, 1816)",1816,gbif
Pogonornis rolleti,Pogonornis rolleti,"(Defilippi, 1853)",1853,gbif
Stactolaema anchietae,Stactolaema anchietae,"(Barboza du Bocage, 1869)",1869,gbif
Stactolaema leucogrammica,Stactolaema leucogrammica,"(Reichenow, 1915)",1915,gbif
Stactolaema leucotis,Stactolaema leucotis,"(Sundevall, 1850)",1850,gbif
Stactolaema whytii,Stactolaema whytii,"(Shelley, 1893)",1893,gbif
Trachylaemus goffinii,Trachylaemus goffinii,"(Schlegel, 1863)",1863,gbif
Trachylaemus purpuratus,Trachylaemus purpuratus,"(J.Verreaux & E.Verreaux, 1851)",1851,gbif
Trachylaemus togoensis,Trachylaemus togoensis,"(Reichenow, 1892)",1892,gbif
Trachyphonus darnaudii,Trachyphonus darnaudii,"(Prévost & Des Murs, 1847)",1847,gbif
Trachyphonus emini,Trachyphonus emini,"Reichenow, 1891",1891,gbif
Trachyphonus erythrocephalus,Trachyphonus erythrocephalus,"Cabanis, 1878",1878,gbif
Trachyphonus margaritatus,Trachyphonus margaritatus,"(Cretzschmar, 1828)",1828,gbif
Trachyphonus usambiro,Trachyphonus usambiro,"Neumann, 1908",1908,gbif
Trachyphonus vaillantii,Trachyphonus vaillantii,"Ranzani, 1821",1821,gbif
Tricholaema diademata,Tricholaema diademata,"(Heuglin, 1861)",1861,gbif
Tricholaema frontata,Tricholaema frontata,"(Cabanis, 1880)",1880,gbif
Tricholaema hirsuta,Tricholaema hirsuta,"(Swainson, 1821)",1821,gbif
Tricholaema lacrymosa,Tricholaema lacrymosa,"Cabanis, 1878",1878,gbif
Tricholaema leucomelas,Tricholaema leucomelas,"(Boddaert, 1783)",1783,gbif
Tricholaema melanocephala,Tricholaema melanocephala,"(Cretzschmar, 1829)",1829,gbif
Caloramphus fuliginosus,Caloramphus fuliginosus,"(Temminck, 1830)",1830,gbif
Caloramphus hayii,Caloramphus hayii,"(J.E.Gray, 1831)",1831,gbif
Psilopogon annamensis,Psilopogon annamensis,"(Robinson & Kloss, 1919)",1919,gbif
Psilopogon armillaris,Psilopogon armillaris,"(Temminck, 1821)",1821,gbif
Psilopogon asiaticus,Psilopogon asiaticus,"(Latham, 1790)",1790,gbif
Psilopogon auricularis,Psilopogon auricularis,"(Robinson & Kloss, 1919)",1919,gbif
Psilopogon australis,Psilopogon australis,"(Horsfield, 1821)",1821,gbif
Psilopogon chersonesus,Psilopogon chersonesus,"(Chasen & Kloss, 1927)",1927,gbif
Psilopogon chrysopogon,Psilopogon chrysopogon,"(Temminck, 1824)",1824,gbif
Psilopogon corvinus,Psilopogon corvinus,"(Temminck, 1831)",1831,gbif
Psilopogon cyanotis,Psilopogon cyanotis,"(Blyth, 1847)",1847,gbif
Psilopogon duvaucelii,Psilopogon duvaucelii,"(R.Lesson, 1830)",1830,gbif
Psilopogon eximius,Psilopogon eximius,"(Sharpe, 1892)",1892,gbif
Psilopogon faber,Psilopogon faber,"(Swinhoe, 1870)",1870,gbif
Psilopogon faiostrictus,Psilopogon faiostrictus,"(Temminck, 1832)",1832,gbif
Psilopogon flavifrons,Psilopogon flavifrons,"(Cuvier, 1816)",1816,gbif
Psilopogon franklinii,Psilopogon franklinii,"(Blyth, 1842)",1842,gbif
Psilopogon haemacephalus,Psilopogon haemacephalus,"(P.L.S.Müller, 1776)",1776,gbif
Psilopogon henricii,Psilopogon henricii,"(Temminck, 1831)",1831,gbif
Psilopogon incognitus,Psilopogon incognitus,"(Hume, 1874)",1874,gbif
Psilopogon javensis,Psilopogon javensis,"(Horsfield, 1821)",1821,gbif
Psilopogon lagrandieri,Psilopogon lagrandieri,"(J.Verreaux, 1868)",1868,gbif
Psilopogon lineatus,Psilopogon lineatus,"(Vieillot, 1816)",1816,gbif
Psilopogon malabaricus,Psilopogon malabaricus,"(Blyth, 1847)",1847,gbif
Psilopogon monticola,Psilopogon monticola,"(Sharpe, 1889)",1889,gbif
Psilopogon mystacophanos,Psilopogon mystacophanos,"(Temminck, 1824)",1824,gbif
Psilopogon nuchalis,Psilopogon nuchalis,"(Gould, 1863)",1863,gbif
Psilopogon oorti,Psilopogon oorti,"(S.Müller, 1836)",1836,gbif
Psilopogon pulcherrimus,Psilopogon pulcherrimus,"(Sharpe, 1888)",1888,gbif
Psilopogon pyrolophus,Psilopogon pyrolophus,"S.Müller, 1836",1836,gbif
Psilopogon rafflesii,Psilopogon rafflesii,"(R.Lesson, 1839)",1839,gbif
Psilopogon rubricapillus,Psilopogon rubricapillus,"(J.F.Gmelin, 1788)",1788,gbif
Psilopogon virens,Psilopogon virens,"(Boddaert, 1783)",1783,gbif
Psilopogon viridis,Psilopogon viridis,"(Boddaert, 1783)",1783,gbif
Psilopogon zeylanicus,Psilopogon zeylanicus,"(J.F.Gmelin, 1788)",1788,gbif
Blythipicus pyrrhotis,Blythipicus pyrrhotis,"(Hodgson, 1837)",1837,gbif
Blythipicus rubiginosus,Blythipicus rubiginosus,"(Swainson, 1837)",1837,gbif
Campephilus gayaquilensis,Campephilus gayaquilensis,"(R.Lesson, 1845)",1845,gbif
Campephilus guatemalensis,Campephilus guatemalensis,"(Hartlaub, 1844)",1844,gbif
Campephilus haematogaster,Campephilus haematogaster,"(Tschudi, 1844)",1844,gbif
Campephilus imperialis,Campephilus imperialis,"(Gould, 1832)",1832,gbif
Campephilus leucopogon,Campephilus leucopogon,"(Valenciennes, 1826)",1826,gbif
Campephilus magellanicus,Campephilus magellanicus,"(P.P.King, 1827)",1827,gbif
Campephilus melanoleucos,Campephilus melanoleucos,"(J.F.Gmelin, 1788)",1788,gbif
Campephilus pollens,Campephilus pollens,"(Bonaparte, 1845)",1845,gbif
Campephilus principalis,Campephilus principalis,"(Linnaeus, 1758)",1758,gbif
Campephilus robustus,Campephilus robustus,"(M.H.K.Lichtenstein, 1818)",1818,gbif
Campephilus rubricollis,Campephilus rubricollis,"(Boddaert, 1783)",1783,gbif
Campephilus splendens,Campephilus splendens,"Hargitt, 1889",1889,gbif
Campethera abingoni,Campethera abingoni,"(A.Smith, 1836)",1836,gbif
Campethera bennettii,Campethera bennettii,"(A.Smith, 1836)",1836,gbif
Campethera cailliautii,Campethera cailliautii,"(Malherbe, 1849)",1849,gbif
Campethera caroli,Campethera caroli,"(Malherbe, 1852)",1852,gbif
Campethera maculosa,Campethera maculosa,"(Valenciennes, 1826)",1826,gbif
Campethera mombassica,Campethera mombassica,"(G.A.Fischer & Reichenow, 1884)",1884,gbif
Campethera nivosa,Campethera nivosa,"(Swainson, 1837)",1837,gbif
Campethera notata,Campethera notata,"(M.H.K.Lichtenstein, 1823)",1823,gbif
Campethera nubica,Campethera nubica,"(Boddaert, 1783)",1783,gbif
Campethera punctuligera,Campethera punctuligera,"(Wagler, 1827)",1827,gbif
Campethera scriptoricauda,Campethera scriptoricauda,"(Reichenow, 1896)",1896,gbif
Campethera taeniolaema,Campethera taeniolaema,"Reichenow & Neumann, 1895",1895,gbif
Campethera tullbergi,Campethera tullbergi,"Sjöstedt, 1892",1892,gbif
Celeus castaneus,Celeus castaneus,"(Wagler, 1829)",1829,gbif
Celeus elegans,Celeus elegans,"(P.L.S.Müller, 1776)",1776,gbif
Celeus flavescens,Celeus flavescens,"(J.F.Gmelin, 1788)",1788,gbif
Celeus flavus,Celeus flavus,"(P.L.S.Müller, 1776)",1776,gbif
Celeus galeatus,Celeus galeatus,"(Temminck, 1822)",1822,gbif
Celeus loricatus,Celeus loricatus,"(Reichenbach, 1854)",1854,gbif
Celeus lugubris,Celeus lugubris,"(Malherbe, 1851)",1851,gbif
Celeus obrieni,Celeus obrieni,"Short, 1973",1973,gbif
Celeus occidentalis,Celeus occidentalis,"(Hargitt, 1889)",1889,gbif
Celeus ochraceus,Celeus ochraceus,"(von Spix, 1824)",1824,gbif
Celeus spectabilis,Celeus spectabilis,"P.L.Sclater & Salvin, 1880",1880,gbif
Celeus tinnunculus,Celeus tinnunculus,"(Wagler, 1829)",1829,gbif
Celeus torquatus,Celeus torquatus,"(Boddaert, 1783)",1783,gbif
Celeus undatus,Celeus undatus,"(Linnaeus, 1766)",1766,gbif
Chrysocolaptes erythrocephalus,Chrysocolaptes erythrocephalus,"Sharpe, 1877",1877,gbif
Chrysocolaptes festivus,Chrysocolaptes festivus,"(Boddaert, 1783)",1783,gbif
Chrysocolaptes guttacristatus,Chrysocolaptes guttacristatus,"(Tickell, 1833)",1833,gbif
Chrysocolaptes haematribon,Chrysocolaptes haematribon,"(Wagler, 1827)",1827,gbif
Chrysocolaptes lucidus,Chrysocolaptes lucidus,"(Scopoli, 1786)",1786,gbif
Chrysocolaptes stricklandi,Chrysocolaptes stricklandi,"(E.L.Layard, 1854)",1854,gbif
Chrysocolaptes strictus,Chrysocolaptes strictus,"(Horsfield, 1821)",1821,gbif
Chrysocolaptes validus,Chrysocolaptes validus,"(Temminck, 1825)",1825,gbif
Chrysocolaptes xanthocephalus,Chrysocolaptes xanthocephalus,"Walden & E.L.Layard, 1872",1872,gbif
Chrysophlegma flavinucha,Chrysophlegma flavinucha,"(Gould, 1834)",1834,gbif
Chrysophlegma humii,Chrysophlegma humii,"Hargitt, 1889",1889,gbif
Chrysophlegma mentale,Chrysophlegma mentale,"(Temminck, 1826)",1826,gbif
Chrysophlegma miniaceum,Chrysophlegma miniaceum,"(Pennant, 1769)",1769,gbif
Colaptes aeruginosus,Colaptes aeruginosus,"(Malherbe, 1862)",1862,gbif
Colaptes atriceps,Colaptes atriceps,"(Sclater & Salvin, 1876)",1876,gbif
Colaptes atricollis,Colaptes atricollis,"(Malherbe, 1850)",1850,gbif
Colaptes auratus,Colaptes auratus,"(Linnaeus, 1758)",1758,gbif
Colaptes auricularis,Colaptes auricularis,"(Salvin & Godman, 1889)",1889,gbif
Colaptes cafer,Colaptes cafer,"(Gmelin, 1788)",1788,gbif
Colaptes campestris,Colaptes campestris,"(Vieillot, 1818)",1818,gbif
Colaptes campestroides,Colaptes campestroides,"(Malherbe, 1849)",1849,gbif
Colaptes chrysoides,Colaptes chrysoides,"(Malherbe, 1852)",1852,gbif
Colaptes cinereicapillus,Colaptes cinereicapillus,"Reichenbach, 1854",1854,gbif
Colaptes fernandinae,Colaptes fernandinae,"Vigors, 1827",1827,gbif
Colaptes melanochloros,Colaptes melanochloros,"(J.F.Gmelin, 1788)",1788,gbif
Colaptes melanolaimus,Colaptes melanolaimus,"Malherbe, 1857",1857,gbif
Colaptes mexicanoides,Colaptes mexicanoides,"Lafresnaye, 1844",1844,gbif
Colaptes pitius,Colaptes pitius,"(Molina, 1782)",1782,gbif
Colaptes punctigula,Colaptes punctigula,"(Boddaert, 1783)",1783,gbif
Colaptes rivolii,Colaptes rivolii,"(Boissonneau, 1840)",1840,gbif
Colaptes rubiginosus,Colaptes rubiginosus,"(Swainson, 1820)",1820,gbif
Colaptes rupicola,Colaptes rupicola,"d'Orbigny, 1840",1840,gbif
Dendrocopos analis,Dendrocopos analis,"(Bonaparte, 1850)",1850,gbif
Dendrocopos assimilis,Dendrocopos assimilis,"(Blyth, 1849)",1849,gbif
Dendrocopos atratus,Dendrocopos atratus,"(Blyth, 1849)",1849,gbif
Dendrocopos darjellensis,Dendrocopos darjellensis,"(Blyth, 1845)",1845,gbif
Dendrocopos himalayensis,Dendrocopos himalayensis,"(Jardine & Selby, 1831)",1831,gbif
Dendrocopos hyperythrus,Dendrocopos hyperythrus,"(Vigors, 1831)",1831,gbif
Dendrocopos leucopterus,Dendrocopos leucopterus,"(Salvadori, 1871)",1871,gbif
Dendrocopos leucotos,Dendrocopos leucotos,"(Bechstein, 1802)",1802,gbif
Dendrocopos macei,Dendrocopos macei,"(Vieillot, 1818)",1818,gbif
Dendrocopos major,Dendrocopos major,"(Linnaeus, 1758)",1758,gbif
Dendrocopos noguchii,Dendrocopos noguchii,"(Seebohm, 1887)",1887,gbif
Dendrocopos owstoni,Dendrocopos owstoni,"(Ogawa, 1905)",1905,gbif
Dendrocopos syriacus,Dendrocopos syriacus,"(Hemprich & Ehrenberg, 1833)",1833,gbif
Dendropicos abyssinicus,Dendropicos abyssinicus,"(Stanley, 1814)",1814,gbif
Dendropicos dorae,Dendropicos dorae,"(Bates & Kinnear, 1935)",1935,gbif
Dendropicos elachus,Dendropicos elachus,"Oberholser, 1919",1919,gbif
Dendropicos elliotii,Dendropicos elliotii,"(Cassin, 1863)",1863,gbif
Dendropicos fuscescens,Dendropicos fuscescens,"(Vieillot, 1818)",1818,gbif
Dendropicos gabonensis,Dendropicos gabonensis,"(J.Verreaux & E.Verreaux, 1851)",1851,gbif
Dendropicos goertae,Dendropicos goertae,"(P.L.S.Müller, 1776)",1776,gbif
Dendropicos griseocephalus,Dendropicos griseocephalus,"(Boddaert, 1783)",1783,gbif
Dendropicos johnstoni,Dendropicos johnstoni,"(Shelley, 1887)",1887,gbif
Dendropicos lugubris,Dendropicos lugubris,"Hartlaub, 1857",1857,gbif
Dendropicos namaquus,Dendropicos namaquus,"(A.A.H.Lichtenstein, 1793)",1793,gbif
Dendropicos obsoletus,Dendropicos obsoletus,"(Wagler, 1829)",1829,gbif
Dendropicos poecilolaemus,Dendropicos poecilolaemus,"Reichenow, 1893",1893,gbif
Dendropicos pyrrhogaster,Dendropicos pyrrhogaster,"(Malherbe, 1845)",1845,gbif
Dendropicos spodocephalus,Dendropicos spodocephalus,"(Bonaparte, 1850)",1850,gbif
Dendropicos stierlingi,Dendropicos stierlingi,"Reichenow, 1901",1901,gbif
Dendropicos xantholophus,Dendropicos xantholophus,"Hargitt, 1883",1883,gbif
Dinopium benghalense,Dinopium benghalense,"(Linnaeus, 1758)",1758,gbif
Dinopium everetti,Dinopium everetti,"(Tweeddale, 1878)",1878,gbif
Dinopium javanense,Dinopium javanense,"(Ljungh, 1797)",1797,gbif
Dinopium psarodes,Dinopium psarodes,"(A.A.H.Lichtenstein, 1793)",1793,gbif
Dinopium rafflesii,Dinopium rafflesii,"(Vigors, 1830)",1830,gbif
Dinopium shorii,Dinopium shorii,"(Vigors, 1831)",1831,gbif
Dryobates cathpharius,Dryobates cathpharius,"(Blyth, 1843)",1843,gbif
Dryobates minor,Dryobates minor,"(Linnaeus, 1758)",1758,gbif
Dryobates nuttallii,Dryobates nuttallii,"(Gambel, 1843)",1843,gbif
Dryobates pernyii,Dryobates pernyii,"(J.Verreaux, 1867)",1867,gbif
Dryobates pubescens,Dryobates pubescens,"(Linnaeus, 1766)",1766,gbif
Dryobates scalaris,Dryobates scalaris,"(Wagler, 1829)",1829,gbif
Dryocopus hodgei,Dryocopus hodgei,"(Blyth, 1860)",1860,gbif
Dryocopus javensis,Dryocopus javensis,"(Horsfield, 1821)",1821,gbif
Dryocopus martius,Dryocopus martius,"(Linnaeus, 1758)",1758,gbif
Gecinulus grantia,Gecinulus grantia,"(Horsfield, 1840)",1840,gbif
Gecinulus viridis,Gecinulus viridis,"Blyth, 1862",1862,gbif
Geocolaptes olivaceus,Geocolaptes olivaceus,"(J.F.Gmelin, 1788)",1788,gbif
Hemicircus canente,Hemicircus canente,"(R.Lesson, 1832)",1832,gbif
Hemicircus concretus,Hemicircus concretus,"(Temminck, 1821)",1821,gbif
Hemicircus sordidus,Hemicircus sordidus,"(Eyton, 1845)",1845,gbif
Hylatomus fuscipennis,Hylatomus fuscipennis,"(Sclater, 1860)",1860,gbif
Hylatomus lineatus,Hylatomus lineatus,"(Linnaeus, 1766)",1766,gbif
Hylatomus pileatus,Hylatomus pileatus,"(Linnaeus, 1758)",1758,gbif
Hylatomus schulzii,Hylatomus schulzii,"(Cabanis, 1883)",1883,gbif
Jynx ruficollis,Jynx ruficollis,"Wagler, 1830",1830,gbif
Jynx torquilla,Jynx torquilla,"Linnaeus, 1758",1758,gbif
Leiopicus auriceps,Leiopicus auriceps,"(Vigors, 1831)",1831,gbif
Leiopicus mahrattensis,Leiopicus mahrattensis,"(Latham, 1801)",1801,gbif
Leiopicus medius,Leiopicus medius,"(Linnaeus, 1758)",1758,gbif
Leuconotopicus albolarvatus,Leuconotopicus albolarvatus,"(Cassin, 1850)",1850,gbif
Leuconotopicus arizonae,Leuconotopicus arizonae,"(Hargitt, 1886)",1886,gbif
Leuconotopicus borealis,Leuconotopicus borealis,"(Vieillot, 1809)",1809,gbif
Leuconotopicus fumigatus,Leuconotopicus fumigatus,"(d'Orbigny, 1840)",1840,gbif
Leuconotopicus stricklandi,Leuconotopicus stricklandi,"(Malherbe, 1845)",1845,gbif
Leuconotopicus villosus,Leuconotopicus villosus,"(Linnaeus, 1766)",1766,gbif
Meiglyptes grammithorax,Meiglyptes grammithorax,"(Malherbe, 1862)",1862,gbif
Meiglyptes jugularis,Meiglyptes jugularis,"(Blyth, 1845)",1845,gbif
Meiglyptes tristis,Meiglyptes tristis,"(Horsfield, 1821)",1821,gbif
Meiglyptes tukki,Meiglyptes tukki,"(R.Lesson, 1839)",1839,gbif
Melanerpes aurifrons,Melanerpes aurifrons,"(Wagler, 1829)",1829,gbif
Melanerpes cactorum,Melanerpes cactorum,"(d'Orbigny, 1840)",1840,gbif
Melanerpes candidus,Melanerpes candidus,"(Otto, 1796)",1796,gbif
Melanerpes carolinus,Melanerpes carolinus,"(Linnaeus, 1758)",1758,gbif
Melanerpes chrysauchen,Melanerpes chrysauchen,"Salvin, 1870",1870,gbif
Melanerpes chrysogenys,Melanerpes chrysogenys,"(Vigors, 1839)",1839,gbif
Melanerpes cruentatus,Melanerpes cruentatus,"(Boddaert, 1783)",1783,gbif
Melanerpes erythrocephalus,Melanerpes erythrocephalus,"(Linnaeus, 1758)",1758,gbif
Melanerpes flavifrons,Melanerpes flavifrons,"(Vieillot, 1818)",1818,gbif
Melanerpes formicivorus,Melanerpes formicivorus,"(Swainson, 1827)",1827,gbif
Melanerpes herminieri,Melanerpes herminieri,"(R.Lesson, 1830)",1830,gbif
Melanerpes hoffmannii,Melanerpes hoffmannii,"(Cabanis, 1862)",1862,gbif
Melanerpes hypopolius,Melanerpes hypopolius,"(Wagler, 1829)",1829,gbif
Melanerpes lewis,Melanerpes lewis,"(G.R.Gray, 1849)",1849,gbif
Melanerpes portoricensis,Melanerpes portoricensis,"(Daudin, 1803)",1803,gbif
Melanerpes pucherani,Melanerpes pucherani,"(Malherbe, 1849)",1849,gbif
Melanerpes pulcher,Melanerpes pulcher,"P.L.Sclater, 1870",1870,gbif
Melanerpes pygmaeus,Melanerpes pygmaeus,"(Ridgway, 1885)",1885,gbif
Melanerpes radiolatus,Melanerpes radiolatus,"(Wagler, 1827)",1827,gbif
Melanerpes rubricapillus,Melanerpes rubricapillus,"(Cabanis, 1862)",1862,gbif
Melanerpes striatus,Melanerpes striatus,"(P.L.S.Müller, 1776)",1776,gbif
Melanerpes superciliaris,Melanerpes superciliaris,"(Temminck, 1827)",1827,gbif
Melanerpes uropygialis,Melanerpes uropygialis,"(S.F.Baird, 1854)",1854,gbif
Micropternus brachyurus,Micropternus brachyurus,"(Vieillot, 1818)",1818,gbif
Mulleripicus fuliginosus,Mulleripicus fuliginosus,"Tweeddale, 1877",1877,gbif
Mulleripicus fulvus,Mulleripicus fulvus,"(Quoy & Gaimard, 1832)",1832,gbif
Mulleripicus funebris,Mulleripicus funebris,"(Valenciennes, 1826)",1826,gbif
Mulleripicus pulverulentus,Mulleripicus pulverulentus,"(Temminck, 1826)",1826,gbif
Nesoctites micromegas,Nesoctites micromegas,"(Sundevall, 1866)",1866,gbif
Picoides arcticus,Picoides arcticus,"(Swainson, 1832)",1832,gbif
Picoides canicapillus,Picoides canicapillus,"(Blyth, 1845)",1845,gbif
Picoides funebris,Picoides funebris,"Verreaux, 1870",1870,gbif
Picoides kizuki,Picoides kizuki,"(Temminck, 1836)",1836,gbif
Picoides maculatus,Picoides maculatus,"(Scopoli, 1786)",1786,gbif
Picoides moluccensis,Picoides moluccensis,"(Gmelin, 1788)",1788,gbif
Picoides nanus,Picoides nanus,"(Vigors, 1832)",1832,gbif
Picoides ramsayi,Picoides ramsayi,"(Hargitt, 1881)",1881,gbif
Picoides temminckii,Picoides temminckii,"(Malherbe, 1849)",1849,gbif
Picoides tridactylus,Picoides tridactylus,"(Linnaeus, 1758)",1758,gbif
Piculus aurulentus,Piculus aurulentus,"(Temminck, 1821)",1821,gbif
Piculus callopterus,Piculus callopterus,"(Lawrence, 1862)",1862,gbif
Piculus chrysochloros,Piculus chrysochloros,"(Vieillot, 1818)",1818,gbif
Piculus flavigula,Piculus flavigula,"(Boddaert, 1783)",1783,gbif
Piculus leucolaemus,Piculus leucolaemus,"(Natterer & Malherbe, 1845)",1845,gbif
Piculus litae,Piculus litae,"(Rothschild, 1901)",1901,gbif
Piculus simplex,Piculus simplex,"(Salvin, 1870)",1870,gbif
Picumnus albosquamatus,Picumnus albosquamatus,"d'Orbigny, 1840",1840,gbif
Picumnus aurifrons,Picumnus aurifrons,"Pelzeln, 1870",1870,gbif
Picumnus castelnau,Picumnus castelnau,"Malherbe, 1862",1862,gbif
Picumnus cinnamomeus,Picumnus cinnamomeus,"Wagler, 1829",1829,gbif
Picumnus cirratus,Picumnus cirratus,"Temminck, 1825",1825,gbif
Picumnus dorbignyanus,Picumnus dorbignyanus,"Lafresnaye, 1845",1845,gbif
Picumnus exilis,Picumnus exilis,"(M.H.K.Lichtenstein, 1823)",1823,gbif
Picumnus fulvescens,Picumnus fulvescens,"Stager, 1961",1961,gbif
Picumnus fuscus,Picumnus fuscus,"Pelzeln, 1870",1870,gbif
Picumnus granadensis,Picumnus granadensis,"Lafresnaye, 1847",1847,gbif
Picumnus innominatus,Picumnus innominatus,"Burton, 1836",1836,gbif
Picumnus lafresnayi,Picumnus lafresnayi,"Malherbe, 1862",1862,gbif
Picumnus limae,Picumnus limae,"E.Snethlage, 1924",1924,gbif
Picumnus minutissimus,Picumnus minutissimus,"(Pallas, 1782)",1782,gbif
Picumnus nebulosus,Picumnus nebulosus,"Sundevall, 1866",1866,gbif
Picumnus nigropunctatus,Picumnus nigropunctatus,"J.T.Zimmer & Phelps, 1950",1950,gbif
Picumnus olivaceus,Picumnus olivaceus,"Lafresnaye, 1845",1845,gbif
Picumnus pumilus,Picumnus pumilus,"Cabanis & Heine, 1863",1863,gbif
Picumnus pygmaeus,Picumnus pygmaeus,"(M.H.K.Lichtenstein, 1823)",1823,gbif
Picumnus rufiventris,Picumnus rufiventris,"(Bonaparte, 1838)",1838,gbif
Picumnus sclateri,Picumnus sclateri,"Taczanowski, 1877",1877,gbif
Picumnus spilogaster,Picumnus spilogaster,"Sundevall, 1866",1866,gbif
Picumnus squamulatus,Picumnus squamulatus,"Lafresnaye, 1854",1854,gbif
Picumnus steindachneri,Picumnus steindachneri,"Taczanowski, 1882",1882,gbif
Picumnus subtilis,Picumnus subtilis,"Stager, 1968",1968,gbif
Picumnus temminckii,Picumnus temminckii,"Lafresnaye, 1845",1845,gbif
Picumnus varzeae,Picumnus varzeae,"E.Snethlage, 1912",1912,gbif
Picus awokera,Picus awokera,"Temminck, 1836",1836,gbif
Picus canus,Picus canus,"J.F.Gmelin, 1788",1788,gbif
Picus chlorolophus,Picus chlorolophus,"Vieillot, 1818",1818,gbif
Picus dedemi,Picus dedemi,"(van Oort, 1911)",1911,gbif
Picus erythropygius,Picus erythropygius,"(D.G.Elliot, 1865)",1865,gbif
Picus guerini,Picus guerini,"(Malherbe, 1849)",1849,gbif
Picus puniceus,Picus puniceus,"Horsfield, 1821",1821,gbif
Picus rabieri,Picus rabieri,"(Oustalet, 1898)",1898,gbif
Picus sharpei,Picus sharpei,"(H.Saunders, 1872)",1872,gbif
Picus squamatus,Picus squamatus,"Vigors, 1831",1831,gbif
Picus vaillantii,Picus vaillantii,"(Malherbe, 1847)",1847,gbif
Picus viridanus,Picus viridanus,"Blyth, 1843",1843,gbif
Picus viridis,Picus viridis,"Linnaeus, 1758",1758,gbif
Picus vittatus,Picus vittatus,"Vieillot, 1818",1818,gbif
Picus xanthopygaeus,Picus xanthopygaeus,"(J.E.Gray & G.R.Gray, 1847)",1847,gbif
Sasia abnormis,Sasia abnormis,"(Temminck, 1825)",1825,gbif
Sasia ochracea,Sasia ochracea,"Hodgson, 1837",1837,gbif
Sphyrapicus nuchalis,Sphyrapicus nuchalis,"S.F.Baird, 1858",1858,gbif
Sphyrapicus ruber,Sphyrapicus ruber,"(J.F.Gmelin, 1788)",1788,gbif
Sphyrapicus thyroideus,Sphyrapicus thyroideus,"(Cassin, 1852)",1852,gbif
Sphyrapicus varius,Sphyrapicus varius,"(Linnaeus, 1766)",1766,gbif
Veniliornis affinis,Veniliornis affinis,"(Swainson, 1821)",1821,gbif
Veniliornis callonotus,Veniliornis callonotus,"(Waterhouse, 1841)",1841,gbif
Veniliornis cassini,Veniliornis cassini,"(Malherbe, 1862)",1862,gbif
Veniliornis chocoensis,Veniliornis chocoensis,"Todd, 1919",1919,gbif
Veniliornis dignus,Veniliornis dignus,"(P.L.Sclater & Salvin, 1877)",1877,gbif
Veniliornis frontalis,Veniliornis frontalis,"(Cabanis, 1883)",1883,gbif
Veniliornis kirkii,Veniliornis kirkii,"(Malherbe, 1845)",1845,gbif
Veniliornis lignarius,Veniliornis lignarius,"(Molina, 1782)",1782,gbif
Veniliornis maculifrons,Veniliornis maculifrons,"(von Spix, 1824)",1824,gbif
Veniliornis mixtus,Veniliornis mixtus,"(Boddaert, 1783)",1783,gbif
Veniliornis nigriceps,Veniliornis nigriceps,"(d'Orbigny, 1841)",1841,gbif
Veniliornis passerinus,Veniliornis passerinus,"(Linnaeus, 1766)",1766,gbif
Veniliornis sanguineus,Veniliornis sanguineus,"(A.A.H.Lichtenstein, 1793)",1793,gbif
Veniliornis spilogaster,Veniliornis spilogaster,"(Wagler, 1827)",1827,gbif
Verreauxia africana,Verreauxia africana,"(J.Verreaux & É.Verreaux, 1855)",1855,gbif
Xiphidiopicus percussus,Xiphidiopicus percussus,"(Temminck, 1826)",1826,gbif
Andigena cucullata,Andigena cucullata,"(Gould, 1846)",1846,gbif
Andigena hypoglauca,Andigena hypoglauca,"(Gould, 1833)",1833,gbif
Andigena laminirostris,Andigena laminirostris,"Gould, 1851",1851,gbif
Andigena nigrirostris,Andigena nigrirostris,"(Waterhouse, 1839)",1839,gbif
Aulacorhynchus albivitta,Aulacorhynchus albivitta,"(Boissonneau, 1840)",1840,gbif
Aulacorhynchus atrogularis,Aulacorhynchus atrogularis,"(J.H.C.F.Sturm & J.W.Sturm, 1841)",1841,gbif
Aulacorhynchus caeruleogularis,Aulacorhynchus caeruleogularis,"Gould, 1853",1853,gbif
Aulacorhynchus calorhynchus,Aulacorhynchus calorhynchus,"(Gould, 1874)",1874,gbif
Aulacorhynchus coeruleicinctis,Aulacorhynchus coeruleicinctis,"d'Orbigny, 1840",1840,gbif
Aulacorhynchus cyanolaemus,Aulacorhynchus cyanolaemus,"(Gould, 1866)",1866,gbif
Aulacorhynchus derbianus,Aulacorhynchus derbianus,"Gould, 1835",1835,gbif
Aulacorhynchus haematopygus,Aulacorhynchus haematopygus,"(Gould, 1835)",1835,gbif
Aulacorhynchus huallagae,Aulacorhynchus huallagae,"Carriker, 1933",1933,gbif
Aulacorhynchus prasinus,Aulacorhynchus prasinus,"(Gould, 1833)",1833,gbif
Aulacorhynchus sulcatus,Aulacorhynchus sulcatus,"(Swainson, 1820)",1820,gbif
Aulacorhynchus wagleri,Aulacorhynchus wagleri,"(J.H.C.F.Sturm & J.W.Sturm, 1841)",1841,gbif
Aulacorhynchus whitelianus,Aulacorhynchus whitelianus,"Salvin & Godman, 1882",1882,gbif
Pteroglossus aracari,Pteroglossus aracari,"(Linnaeus, 1758)",1758,gbif
Pteroglossus azara,Pteroglossus azara,"(Vieillot, 1819)",1819,gbif
Pteroglossus bailloni,Pteroglossus bailloni,"(Vieillot, 1819)",1819,gbif
Pteroglossus beauharnaisii,Pteroglossus beauharnaisii,"Wagler, 1831",1831,gbif
Pteroglossus bitorquatus,Pteroglossus bitorquatus,"Vigors, 1826",1826,gbif
Pteroglossus castanotis,Pteroglossus castanotis,"Gould, 1834",1834,gbif
Pteroglossus erythropygius,Pteroglossus erythropygius,"Gould, 1843",1843,gbif
Pteroglossus frantzii,Pteroglossus frantzii,"Cabanis, 1861",1861,gbif
Pteroglossus humboldti,Pteroglossus humboldti,"Wagler, 1827",1827,gbif
Pteroglossus inscriptus,Pteroglossus inscriptus,"Swainson, 1822",1822,gbif
Pteroglossus pluricinctus,Pteroglossus pluricinctus,"Gould, 1836",1836,gbif
Pteroglossus sanguineus,Pteroglossus sanguineus,"Gould, 1854",1854,gbif
Pteroglossus sturmii,Pteroglossus sturmii,"Natterer, 1842",1842,gbif
Pteroglossus torquatus,Pteroglossus torquatus,"(J.F.Gmelin, 1788)",1788,gbif
Pteroglossus viridis,Pteroglossus viridis,"(Linnaeus, 1766)",1766,gbif
Ramphastos ambiguus,Ramphastos ambiguus,"Swainson, 1823",1823,gbif
Ramphastos ariel,Ramphastos ariel,"Vigors, 1826",1826,gbif
Ramphastos brevis,Ramphastos brevis,"Meyer de Schauensee, 1945",1945,gbif
Ramphastos citreolaemus,Ramphastos citreolaemus,"Gould, 1844",1844,gbif
Ramphastos culminatus,Ramphastos culminatus,"Gould, 1833",1833,gbif
Ramphastos cuvieri,Ramphastos cuvieri,"Wagler, 1827",1827,gbif
Ramphastos dicolorus,Ramphastos dicolorus,"Linnaeus, 1766",1766,gbif
Ramphastos sulfuratus,Ramphastos sulfuratus,"R.Lesson, 1830",1830,gbif
Ramphastos toco,Ramphastos toco,"P.L.S.Müller, 1776",1776,gbif
Ramphastos tucanus,Ramphastos tucanus,"Linnaeus, 1758",1758,gbif
Ramphastos vitellinus,Ramphastos vitellinus,"M.H.K.Lichtenstein, 1823",1823,gbif
Selenidera gouldii,Selenidera gouldii,"(Natterer, 1837)",1837,gbif
Selenidera langsdorffii,Selenidera langsdorffii,"(Wagler, 1827)",1827,gbif
Selenidera maculirostris,Selenidera maculirostris,"(M.H.K.Lichtenstein, 1823)",1823,gbif
Selenidera nattereri,Selenidera nattereri,"(Gould, 1835)",1835,gbif
Selenidera piperivora,Selenidera piperivora,"(Linnaeus, 1758)",1758,gbif
Selenidera reinwardtii,Selenidera reinwardtii,"(Wagler, 1827)",1827,gbif
Selenidera spectabilis,Selenidera spectabilis,"Cassin, 1858",1858,gbif
Semnornis frantzii,Semnornis frantzii,"(P.L.Sclater, 1864)",1864,gbif
Semnornis ramphastinus,Semnornis ramphastinus,"(Jardine, 1855)",1855,gbif
Aechmophorus clarkii,Aechmophorus clarkii,"(Lawrence, 1858)",1858,gbif
Aechmophorus occidentalis,Aechmophorus occidentalis,"(Lawrence, 1858)",1858,gbif
Podiceps auritus,Podiceps auritus,"(Linnaeus, 1758)",1758,gbif
Podiceps cristatus,Podiceps cristatus,"(Linnaeus, 1758)",1758,gbif
Podiceps gallardoi,Podiceps gallardoi,"Rumboll, 1974",1974,gbif
Podiceps grisegena,Podiceps grisegena,"(Boddaert, 1783)",1783,gbif
Podiceps juninensis,Podiceps juninensis,"Berlepsch & Stolzmann, 1894",1894,gbif
Podiceps major,Podiceps major,"(Boddaert, 1783)",1783,gbif
Podiceps nigricollis,Podiceps nigricollis,"C.L.Brehm, 1831",1831,gbif
Podiceps occipitalis,Podiceps occipitalis,"Garnot, 1826",1826,gbif
Podiceps taczanowskii,Podiceps taczanowskii,"von Berlepsch & Stolzmann, 1894",1894,gbif
Podilymbus podiceps,Podilymbus podiceps,"(Linnaeus, 1758)",1758,gbif
Poliocephalus poliocephalus,Poliocephalus poliocephalus,"(Jardine & Selby, 1827)",1827,gbif
Poliocephalus rufopectus,Poliocephalus rufopectus,"(G.R.Gray, 1843)",1843,gbif
Rollandia microptera,Rollandia microptera,"(Gould, 1868)",1868,gbif
Rollandia rolland,Rollandia rolland,"(Quoy & Gaimard, 1824)",1824,gbif
Tachybaptus dominicus,Tachybaptus dominicus,"(Linnaeus, 1766)",1766,gbif
Tachybaptus novaehollandiae,Tachybaptus novaehollandiae,"(Stephens, 1826)",1826,gbif
Tachybaptus pelzelnii,Tachybaptus pelzelnii,"(Hartlaub, 1861)",1861,gbif
Tachybaptus ruficollis,Tachybaptus ruficollis,"(Pallas, 1764)",1764,gbif
Diomedea amsterdamensis,Diomedea amsterdamensis,"F.Roux, Jouventin, Mougin, Stahl & Weimerskirch, 1983",1983,gbif
Diomedea antipodensis,Diomedea antipodensis,"C.J.R.Robertson & Warham, 1992",1992,gbif
Diomedea dabbenena,Diomedea dabbenena,"Mathews, 1929",1929,gbif
Diomedea epomophora,Diomedea epomophora,"Lesson, 1825",1825,gbif
Diomedea exulans,Diomedea exulans,"Linnaeus, 1758",1758,gbif
Diomedea sanfordi,Diomedea sanfordi,"Murphy, 1917",1917,gbif
Phoebastria albatrus,Phoebastria albatrus,"(Pallas, 1769)",1769,gbif
Phoebastria immutabilis,Phoebastria immutabilis,"(Rothschild, 1893)",1893,gbif
Phoebastria irrorata,Phoebastria irrorata,"(Salvin, 1883)",1883,gbif
Phoebastria nigripes,Phoebastria nigripes,"(Audubon, 1839)",1839,gbif
Phoebetria fusca,Phoebetria fusca,"(Hilsenberg, 1822)",1822,gbif
Phoebetria palpebrata,Phoebetria palpebrata,"(J.R.Forster, 1785)",1785,gbif
Thalassarche bulleri,Thalassarche bulleri,"(Rothschild, 1893)",1893,gbif
Thalassarche carteri,Thalassarche carteri,"(Rothschild, 1903)",1903,gbif
Thalassarche cauta,Thalassarche cauta,"(Gould, 1841)",1841,gbif
Thalassarche chlororhynchos,Thalassarche chlororhynchos,"(Gmelin, 1789)",1789,gbif
Thalassarche chrysostoma,Thalassarche chrysostoma,"(J.R.Forster, 1785)",1785,gbif
Thalassarche eremita,Thalassarche eremita,"Murphy, 1930",1930,gbif
Thalassarche impavida,Thalassarche impavida,"Mathews, 1912",1912,gbif
Thalassarche melanophris,Thalassarche melanophris,"(Temminck, 1828)",1828,gbif
Thalassarche salvini,Thalassarche salvini,"(Rothschild, 1893)",1893,gbif
Thalassarche steadi,Thalassarche steadi,"Falla, 1933",1933,gbif
Hydrobates castro,Hydrobates castro,"(Harcourt, 1851)",1851,gbif
Hydrobates cheimomnestes,Hydrobates cheimomnestes,"(Ainley, 1980)",1980,gbif
Hydrobates furcatus,Hydrobates furcatus,"(J.F.Gmelin, 1789)",1789,gbif
Hydrobates homochroa,Hydrobates homochroa,"(Coues, 1864)",1864,gbif
Hydrobates hornbyi,Hydrobates hornbyi,"(G.R.Gray, 1854)",1854,gbif
Hydrobates jabejabe,Hydrobates jabejabe,"(Barboza du Bocage, 1875)",1875,gbif
Hydrobates leucorhous,Hydrobates leucorhous,"(Vieillot, 1818)",1818,gbif
Hydrobates macrodactylus,Hydrobates macrodactylus,"(W.E.Bryant, 1887)",1887,gbif
Hydrobates markhami,Hydrobates markhami,"(Salvin, 1883)",1883,gbif
Hydrobates matsudairae,Hydrobates matsudairae,"(Kuroda & Nm, 1922)",1922,gbif
Hydrobates melania,Hydrobates melania,"(Bonaparte, 1854)",1854,gbif
Hydrobates microsoma,Hydrobates microsoma,"(Coues, 1864)",1864,gbif
Hydrobates monorhis,Hydrobates monorhis,"(Swinhoe, 1867)",1867,gbif
Hydrobates monteiroi,Hydrobates monteiroi,"(Bolton, Smith, AL, Gómez-Díaz, Friesen, Medeiros, Bried, Roscales & Furness, 2008)",2008,gbif
Hydrobates pelagicus,Hydrobates pelagicus,"(Linnaeus, 1758)",1758,gbif
Hydrobates socorroensis,Hydrobates socorroensis,"(C.H.Townsend, 1890)",1890,gbif
Hydrobates tethys,Hydrobates tethys,"(Bonaparte, 1852)",1852,gbif
Hydrobates tristrami,Hydrobates tristrami,"(Salvin, 1896)",1896,gbif
Fregetta grallaria,Fregetta grallaria,"(Vieillot, 1818)",1818,gbif
Fregetta maoriana,Fregetta maoriana,"(Mathews, 1932)",1932,gbif
Fregetta tropica,Fregetta tropica,"(Gould, 1844)",1844,gbif
Garrodia nereis,Garrodia nereis,"(Gould, 1841)",1841,gbif
Nesofregetta fuliginosa,Nesofregetta fuliginosa,"(Gmelin, 1789)",1789,gbif
Oceanites gracilis,Oceanites gracilis,"(Elliot, 1859)",1859,gbif
Oceanites oceanicus,Oceanites oceanicus,"(Kuhl, 1820)",1820,gbif
Oceanites pincoyae,Oceanites pincoyae,"P.Harrison, Sallaberry, Gaskin, K.Baird, Jaramillo, Metz, Pearman, O'Keeffe, Dowdall, Enright, Fahy, Gilligan & Lillie, 2013",2013,gbif
Pelagodroma marina,Pelagodroma marina,"(Latham, 1790)",1790,gbif
Aphrodroma brevirostris,Aphrodroma brevirostris,"(Lesson, 1831)",1831,gbif
Ardenna bulleri,Ardenna bulleri,"(Salvin, 1888)",1888,gbif
Ardenna carneipes,Ardenna carneipes,"(Gould, 1844)",1844,gbif
Ardenna creatopus,Ardenna creatopus,"(Coues, 1864)",1864,gbif
Ardenna gravis,Ardenna gravis,"(O'Reilly, 1818)",1818,gbif
Ardenna grisea,Ardenna grisea,"(J.F.Gmelin, 1789)",1789,gbif
Ardenna pacifica,Ardenna pacifica,"(J.F.Gmelin, 1789)",1789,gbif
Ardenna tenuirostris,Ardenna tenuirostris,"(Temminck, 1836)",1836,gbif
Bulweria bulwerii,Bulweria bulwerii,"(Jardine & Selby, 1828)",1828,gbif
Bulweria fallax,Bulweria fallax,"Jouanin, 1955",1955,gbif
Calonectris borealis,Calonectris borealis,"(Forster, 1772)",1772,gbif
Calonectris diomedea,Calonectris diomedea,"(Scopoli, 1769)",1769,gbif
Calonectris edwardsii,Calonectris edwardsii,"(Oustalet, 1883)",1883,gbif
Calonectris leucomelas,Calonectris leucomelas,"(Temminck, 1836)",1836,gbif
Daption capense,Daption capense,"(Linnaeus, 1758)",1758,gbif
Fulmarus glacialis,Fulmarus glacialis,"(Linnaeus, 1761)",1761,gbif
Fulmarus glacialoides,Fulmarus glacialoides,"(A.Smith, 1840)",1840,gbif
Halobaena caerulea,Halobaena caerulea,"(Gmelin, 1789)",1789,gbif
Macronectes giganteus,Macronectes giganteus,"(Gmelin, 1789)",1789,gbif
Macronectes halli,Macronectes halli,"Mathews, 1912",1912,gbif
Pachyptila belcheri,Pachyptila belcheri,"(Mathews, 1912)",1912,gbif
Pachyptila crassirostris,Pachyptila crassirostris,"(Mathews, 1912)",1912,gbif
Pachyptila desolata,Pachyptila desolata,"(Gmelin, 1789)",1789,gbif
Pachyptila macgillivrayi,Pachyptila macgillivrayi,"(Mathews, 1912)",1912,gbif
Pachyptila salvini,Pachyptila salvini,"(Mathews, 1912)",1912,gbif
Pachyptila turtur,Pachyptila turtur,"(Kuhl, 1820)",1820,gbif
Pachyptila vittata,Pachyptila vittata,"(G.Forster, 1777)",1777,gbif
Pagodroma nivea,Pagodroma nivea,"(G.Forster, 1777)",1777,gbif
Pelecanoides garnotii,Pelecanoides garnotii,"(Lesson, 1828)",1828,gbif
Pelecanoides georgicus,Pelecanoides georgicus,"Murphy & Harper, 1916",1916,gbif
Pelecanoides magellani,Pelecanoides magellani,"(Mathews, 1912)",1912,gbif
Pelecanoides urinatrix,Pelecanoides urinatrix,"(Gmelin, 1789)",1789,gbif
Pelecanoides whenuahouensis,Pelecanoides whenuahouensis,"Fischer et al., 2018",2018,gbif
Procellaria aequinoctialis,Procellaria aequinoctialis,"Linnaeus, 1758",1758,gbif
Procellaria cinerea,Procellaria cinerea,"Gmelin, 1789",1789,gbif
Procellaria conspicillata,Procellaria conspicillata,"Gould, 1844",1844,gbif
Procellaria parkinsoni,Procellaria parkinsoni,"G.R.Gray, 1862",1862,gbif
Procellaria westlandica,Procellaria westlandica,"Falla, 1946",1946,gbif
Pseudobulweria aterrima,Pseudobulweria aterrima,"(Bonaparte, 1857)",1857,gbif
Pseudobulweria becki,Pseudobulweria becki,"(Murphy, 1928)",1928,gbif
Pseudobulweria macgillivrayi,Pseudobulweria macgillivrayi,"(G.R.Gray, 1860)",1860,gbif
Pseudobulweria rostrata,Pseudobulweria rostrata,"(Peale, 1848)",1848,gbif
Pterodroma alba,Pterodroma alba,"(Gmelin, 1789)",1789,gbif
Pterodroma arminjoniana,Pterodroma arminjoniana,"(Giglioli & Salvadori, 1869)",1869,gbif
Pterodroma atrata,Pterodroma atrata,"(Mathews, 1912)",1912,gbif
Pterodroma axillaris,Pterodroma axillaris,"(Salvin, 1893)",1893,gbif
Pterodroma baraui,Pterodroma baraui,"(Jouanin, 1964)",1964,gbif
Pterodroma brevipes,Pterodroma brevipes,"(Peale, 1848)",1848,gbif
Pterodroma cahow,Pterodroma cahow,"(Nichols & Mowbray, 1916)",1916,gbif
Pterodroma caribbaea,Pterodroma caribbaea,"Carte, 1866",1866,gbif
Pterodroma cervicalis,Pterodroma cervicalis,"(Salvin, 1891)",1891,gbif
Pterodroma cookii,Pterodroma cookii,"(G.R.Gray, 1843)",1843,gbif
Pterodroma defilippiana,Pterodroma defilippiana,"(Giglioli & Salvadori, 1869)",1869,gbif
Pterodroma deserta,Pterodroma deserta,"Mathews, 1934",1934,gbif
Pterodroma externa,Pterodroma externa,"(Salvin, 1875)",1875,gbif
Pterodroma feae,Pterodroma feae,"(Salvadori, 1900)",1900,gbif
Pterodroma gouldi,Pterodroma gouldi,"(F.W.Hutton, 1869)",1869,gbif
Pterodroma hasitata,Pterodroma hasitata,"(Kuhl, 1820)",1820,gbif
Pterodroma heraldica,Pterodroma heraldica,"(Salvin, 1888)",1888,gbif
Pterodroma hypoleuca,Pterodroma hypoleuca,"(Salvin, 1888)",1888,gbif
Pterodroma incerta,Pterodroma incerta,"(Schlegel, 1863)",1863,gbif
Pterodroma inexpectata,Pterodroma inexpectata,"(J.R.Forster, 1844)",1844,gbif
Pterodroma lessonii,Pterodroma lessonii,"(Garnot, 1826)",1826,gbif
Pterodroma leucoptera,Pterodroma leucoptera,"(Gould, 1844)",1844,gbif
Pterodroma longirostris,Pterodroma longirostris,"(Stejneger, 1893)",1893,gbif
Pterodroma macroptera,Pterodroma macroptera,"(A.Smith, 1840)",1840,gbif
Pterodroma madeira,Pterodroma madeira,"Mathews, 1934",1934,gbif
Pterodroma magentae,Pterodroma magentae,"(Giglioli & Salvadori, 1868)",1868,gbif
Pterodroma mollis,Pterodroma mollis,"(Gould, 1844)",1844,gbif
Pterodroma neglecta,Pterodroma neglecta,"(Schlegel, 1863)",1863,gbif
Pterodroma nigripennis,Pterodroma nigripennis,"(Rothschild, 1893)",1893,gbif
Pterodroma phaeopygia,Pterodroma phaeopygia,"(Salvin, 1876)",1876,gbif
Pterodroma pycrofti,Pterodroma pycrofti,"Falla, 1933",1933,gbif
Pterodroma sandwichensis,Pterodroma sandwichensis,"(Ridgway, 1884)",1884,gbif
Pterodroma solandri,Pterodroma solandri,"(Gould, 1844)",1844,gbif
Pterodroma ultima,Pterodroma ultima,"Murphy, 1949",1949,gbif
Puffinus assimilis,Puffinus assimilis,"Gould, 1838",1838,gbif
Puffinus auricularis,Puffinus auricularis,"C.H.Townsend, 1890",1890,gbif
Puffinus bailloni,Puffinus bailloni,"(Bonaparte, 1857)",1857,gbif
Puffinus bannermani,Puffinus bannermani,"Mathews & Iredale, 1915",1915,gbif
Puffinus bryani,Puffinus bryani,"Pyle, Welch & Fleischer, 2011",2011,gbif
Puffinus elegans,Puffinus elegans,"Giglioli & Salvadori, 1869",1869,gbif
Puffinus gavia,Puffinus gavia,"(J.R.Forster, 1844)",1844,gbif
Puffinus heinrothi,Puffinus heinrothi,"Reichenow, 1919",1919,gbif
Puffinus huttoni,Puffinus huttoni,"Mathews, 1912",1912,gbif
Puffinus lherminieri,Puffinus lherminieri,"Lesson, 1839",1839,gbif
Puffinus mauretanicus,Puffinus mauretanicus,"Lowe, 1921",1921,gbif
Puffinus myrtae,Puffinus myrtae,"Bourne, 1959",1959,gbif
Puffinus nativitatis,Puffinus nativitatis,"Streets, 1877",1877,gbif
Puffinus newelli,Puffinus newelli,"Henshaw, 1900",1900,gbif
Puffinus opisthomelas,Puffinus opisthomelas,"Coues, 1864",1864,gbif
Puffinus persicus,Puffinus persicus,"Hume, 1872",1872,gbif
Puffinus puffinus,Puffinus puffinus,"(Brunnich, 1764)",1764,gbif
Puffinus subalaris,Puffinus subalaris,"Ridgway, 1897",1897,gbif
Puffinus yelkouan,Puffinus yelkouan,"(Acerbi, 1827)",1827,gbif
Thalassoica antarctica,Thalassoica antarctica,"(Gmelin, 1789)",1789,gbif
Cacatua alba,Cacatua alba,"(Statius Muller, 1776)",1776,gbif
Cacatua ducorpsii,Cacatua ducorpsii,"Pucheran, 1853",1853,gbif
Cacatua galerita,Cacatua galerita,"(Latham, 1790)",1790,gbif
Cacatua goffiniana,Cacatua goffiniana,"C.S.Roselaar & Michaels, 2004",2004,gbif
Cacatua haematuropygia,Cacatua haematuropygia,"(Statius Muller, 1776)",1776,gbif
Cacatua leadbeateri,Cacatua leadbeateri,"(Vigors, 1831)",1831,gbif
Cacatua moluccensis,Cacatua moluccensis,"(Gmelin, 1788)",1788,gbif
Cacatua ophthalmica,Cacatua ophthalmica,"P.L.Sclater, 1864",1864,gbif
Cacatua pastinator,Cacatua pastinator,"(Gould, 1841)",1841,gbif
Cacatua sanguinea,Cacatua sanguinea,"Gould, 1843",1843,gbif
Cacatua sulphurea,Cacatua sulphurea,"(Gmelin, 1788)",1788,gbif
Cacatua tenuirostris,Cacatua tenuirostris,"(Kuhl, 1820)",1820,gbif
Callocephalon fimbriatum,Callocephalon fimbriatum,"(J.Grant, 1803)",1803,gbif
Calyptorhynchus banksii,Calyptorhynchus banksii,"(Latham, 1790)",1790,gbif
Calyptorhynchus lathami,Calyptorhynchus lathami,"(Temminck, 1807)",1807,gbif
Eolophus roseicapilla,Eolophus roseicapilla,"(Vieillot, 1817)",1817,gbif
Nymphicus hollandicus,Nymphicus hollandicus,"(Kerr, 1792)",1792,gbif
Probosciger aterrimus,Probosciger aterrimus,"(Gmelin, 1788)",1788,gbif
Zanda baudinii,Zanda baudinii,"(Lear, 1832)",1832,gbif
Zanda funerea,Zanda funerea,"(Shaw, 1794)",1794,gbif
Zanda latirostris,Zanda latirostris,"(Carnaby, 1948)",1948,gbif
Agapornis canus,Agapornis canus,"(Gmelin, 1788)",1788,gbif
Agapornis fischeri,Agapornis fischeri,"Reichenow, 1887",1887,gbif
Agapornis lilianae,Agapornis lilianae,"Shelley, 1894",1894,gbif
Agapornis nigrigenis,Agapornis nigrigenis,"W.L.Sclater, 1906",1906,gbif
Agapornis personatus,Agapornis personatus,"Reichenow, 1887",1887,gbif
Agapornis pullarius,Agapornis pullarius,"(Linnaeus, 1758)",1758,gbif
Agapornis roseicollis,Agapornis roseicollis,"(Vieillot, 1818)",1818,gbif
Agapornis swindernianus,Agapornis swindernianus,"(Kuhl, 1820)",1820,gbif
Agapornis taranta,Agapornis taranta,"(Stanley, 1814)",1814,gbif
Alexandrinus eques,Alexandrinus eques,"(Newton & Newton, 1876)",1876,gbif
Alexandrinus krameri,Alexandrinus krameri,"(Scopoli, 1769)",1769,gbif
Alipiopsitta xanthops,Alipiopsitta xanthops,"(Spix, 1824)",1824,gbif
Alisterus amboinensis,Alisterus amboinensis,"(Linnaeus, 1766)",1766,gbif
Alisterus chloropterus,Alisterus chloropterus,"(E.P.Ramsay, 1879)",1879,gbif
Alisterus scapularis,Alisterus scapularis,"(Lichtenstein, 1816)",1816,gbif
Amazona aestiva,Amazona aestiva,"(Linnaeus, 1758)",1758,gbif
Amazona agilis,Amazona agilis,"(Linnaeus, 1758)",1758,gbif
Amazona albifrons,Amazona albifrons,"(Sparrman, 1788)",1788,gbif
Amazona amazonica,Amazona amazonica,"(Linnaeus, 1766)",1766,gbif
Amazona arausiaca,Amazona arausiaca,"(Statius Muller, 1776)",1776,gbif
Amazona auropalliata,Amazona auropalliata,"(Lesson, 1842)",1842,gbif
Amazona autumnalis,Amazona autumnalis,"(Linnaeus, 1758)",1758,gbif
Amazona barbadensis,Amazona barbadensis,"(Gmelin, 1788)",1788,gbif
Amazona bodini,Amazona bodini,"(Finsch, 1873)",1873,gbif
Amazona brasiliensis,Amazona brasiliensis,"(Linnaeus, 1758)",1758,gbif
Amazona collaria,Amazona collaria,"(Linnaeus, 1758)",1758,gbif
Amazona diadema,Amazona diadema,"(Spix, 1824)",1824,gbif
Amazona dufresniana,Amazona dufresniana,"(Shaw, 1812)",1812,gbif
Amazona farinosa,Amazona farinosa,"(Boddaert, 1783)",1783,gbif
Amazona festiva,Amazona festiva,"(Linnaeus, 1758)",1758,gbif
Amazona finschi,Amazona finschi,"(P.L.Sclater, 1864)",1864,gbif
Amazona guatemalae,Amazona guatemalae,"(Sclater, 1860)",1860,gbif
Amazona guildingii,Amazona guildingii,"(Vigors, 1837)",1837,gbif
Amazona imperialis,Amazona imperialis,"Richmond, 1899",1899,gbif
Amazona kawalli,Amazona kawalli,"Grantsau & Camargo, 1989",1989,gbif
Amazona leucocephala,Amazona leucocephala,"(Linnaeus, 1758)",1758,gbif
Amazona lilacina,Amazona lilacina,"Lesson, 1844",1844,gbif
Amazona mercenarius,Amazona mercenarius,"(Tschudi, 1844)",1844,col
Amazona ochrocephala,Amazona ochrocephala,"(Gmelin, 1788)",1788,gbif
Amazona oratrix,Amazona oratrix,"Ridgway, 1887",1887,gbif
Amazona pretrei,Amazona pretrei,"(Temminck, 1830)",1830,gbif
Amazona rhodocorytha,Amazona rhodocorytha,"(Salvadori, 1890)",1890,gbif
Amazona tucumana,Amazona tucumana,"(Cabanis, 1885)",1885,gbif
Amazona ventralis,Amazona ventralis,"(Statius Muller, 1776)",1776,gbif
Amazona versicolor,Amazona versicolor,"(Statius Muller, 1776)",1776,gbif
Amazona vinacea,Amazona vinacea,"(Kuhl, 1820)",1820,gbif
Amazona viridigenalis,Amazona viridigenalis,"(Cassin, 1853)",1853,gbif
Amazona vittata,Amazona vittata,"(Boddaert, 1783)",1783,gbif
Amazona xantholora,Amazona xantholora,"(G.R.Gray, 1859)",1859,gbif
Anodorhynchus glaucus,Anodorhynchus glaucus,"(Vieillot, 1816)",1816,gbif
Anodorhynchus hyacinthinus,Anodorhynchus hyacinthinus,"(Latham, 1790)",1790,gbif
Anodorhynchus leari,Anodorhynchus leari,"Bonaparte, 1856",1856,gbif
Aprosmictus erythropterus,Aprosmictus erythropterus,"(Gmelin, 1788)",1788,gbif
Aprosmictus jonquillaceus,Aprosmictus jonquillaceus,"(Vieillot, 1818)",1818,gbif
Ara ambiguus,Ara ambiguus,"(Bechstein, 1811)",1811,gbif
Ara ararauna,Ara ararauna,"(Linnaeus, 1758)",1758,gbif
Ara chloropterus,Ara chloropterus,"G.R.Gray, 1859",1859,gbif
Ara glaucogularis,Ara glaucogularis,"Dabbene, 1921",1921,gbif
Ara macao,Ara macao,"(Linnaeus, 1758)",1758,gbif
Ara militaris,Ara militaris,"(Linnaeus, 1766)",1766,gbif
Ara rubrogenys,Ara rubrogenys,"Lafresnaye, 1847",1847,gbif
Ara severus,Ara severus,"(Linnaeus, 1758)",1758,gbif
Aratinga auricapillus,Aratinga auricapillus,"(Kuhl, 1820)",1820,gbif
Aratinga jandaya,Aratinga jandaya,"(Gmelin, 1788)",1788,gbif
Aratinga maculata,Aratinga maculata,"(Müller & Pls, 1776)",1776,gbif
Aratinga nenday,Aratinga nenday,"(Vieillot, 1823)",1823,gbif
Aratinga solstitialis,Aratinga solstitialis,"(Linnaeus, 1758)",1758,gbif
Aratinga weddellii,Aratinga weddellii,"(Deville, 1851)",1851,gbif
Barnardius zonarius,Barnardius zonarius,"(Shaw, 1805)",1805,gbif
Belocercus longicaudus,Belocercus longicaudus,"(Boddaert, 1783)",1783,gbif
Bolbopsittacus lunulatus,Bolbopsittacus lunulatus,"(Scopoli, 1786)",1786,gbif
Bolborhynchus ferrugineifrons,Bolborhynchus ferrugineifrons,"(Lawrence, 1880)",1880,gbif
Bolborhynchus lineola,Bolborhynchus lineola,"(Cassin, 1853)",1853,gbif
Bolborhynchus orbygnesius,Bolborhynchus orbygnesius,"(Souance, 1856)",1856,gbif
Brotogeris chiriri,Brotogeris chiriri,"(Vieillot, 1818)",1818,gbif
Brotogeris chrysoptera,Brotogeris chrysoptera,"(Linnaeus, 1766)",1766,gbif
Brotogeris cyanoptera,Brotogeris cyanoptera,"(Pelzeln, 1870)",1870,gbif
Brotogeris jugularis,Brotogeris jugularis,"(Statius Muller, 1776)",1776,gbif
Brotogeris pyrrhoptera,Brotogeris pyrrhoptera,"(Latham, 1802)",1802,gbif
Brotogeris sanctithomae,Brotogeris sanctithomae,"(Statius Muller, 1776)",1776,gbif
Brotogeris tirica,Brotogeris tirica,"(Gmelin, 1788)",1788,gbif
Brotogeris versicolurus,Brotogeris versicolurus,"(Statius Muller, 1776)",1776,gbif
Chalcopsitta atra,Chalcopsitta atra,"(Scopoli, 1786)",1786,gbif
Chalcopsitta cardinalis,Chalcopsitta cardinalis,"(G.R.Gray, 1849)",1849,gbif
Chalcopsitta duivenbodei,Chalcopsitta duivenbodei,"Dubois, 1884",1884,gbif
Chalcopsitta scintillata,Chalcopsitta scintillata,"(Temminck, 1835)",1835,gbif
Charmosyna amabilis,Charmosyna amabilis,"(E.P.Ramsay, 1876)",1876,gbif
Charmosyna diadema,Charmosyna diadema,"(J.Verreaux & Des Murs, 1860)",1860,gbif
Charmosyna josefinae,Charmosyna josefinae,"(Finsch, 1873)",1873,gbif
Charmosyna margarethae,Charmosyna margarethae,"Tristram, 1879",1879,gbif
Charmosyna meeki,Charmosyna meeki,"(Rothschild & Hartert, 1901)",1901,gbif
Charmosyna multistriata,Charmosyna multistriata,"(Rothschild, 1911)",1911,gbif
Charmosyna palmarum,Charmosyna palmarum,"(Gmelin, 1788)",1788,gbif
Charmosyna papou,Charmosyna papou,"(Scopoli, 1786)",1786,gbif
Charmosyna placentis,Charmosyna placentis,"(Temminck, 1835)",1835,gbif
Charmosyna pulchella,Charmosyna pulchella,"G.R.Gray, 1859",1859,gbif
Charmosyna rubrigularis,Charmosyna rubrigularis,"(P.L.Sclater, 1881)",1881,gbif
Charmosyna rubronotata,Charmosyna rubronotata,"(Wallace, 1862)",1862,gbif
Charmosyna stellae,Charmosyna stellae,"A.B.Meyer, 1886",1886,gbif
Charmosyna toxopei,Charmosyna toxopei,"(Siebers, 1930)",1930,gbif
Charmosyna wilhelminae,Charmosyna wilhelminae,"(A.B.Meyer, 1874)",1874,gbif
Coracopsis barklyi,Coracopsis barklyi,"E.Newton, 1867",1867,gbif
Coracopsis nigra,Coracopsis nigra,"(Linnaeus, 1758)",1758,gbif
Coracopsis sibilans,Coracopsis sibilans,"Milne-Edwards & Oustalet, 1885",1885,gbif
Coracopsis vasa,Coracopsis vasa,"(Shaw, 1812)",1812,gbif
Cyanoliseus patagonus,Cyanoliseus patagonus,"(Vieillot, 1818)",1818,gbif
Cyanopsitta spixii,Cyanopsitta spixii,"(Wagler, 1832)",1832,gbif
Cyanoramphus auriceps,Cyanoramphus auriceps,"(Kuhl, 1820)",1820,gbif
Cyanoramphus forbesi,Cyanoramphus forbesi,"Rothschild, 1893",1893,gbif
Cyanoramphus malherbi,Cyanoramphus malherbi,"Souance, 1857",1857,gbif
Cyanoramphus novaezelandiae,Cyanoramphus novaezelandiae,"(Sparrman, 1787)",1787,gbif
Cyanoramphus unicolor,Cyanoramphus unicolor,"(Lear, 1831)",1831,gbif
Cyclopsitta amabilis,Cyclopsitta amabilis,"(Reichenow, 1891)",1891,gbif
Cyclopsitta coxeni,Cyclopsitta coxeni,"Gould, 1867",1867,gbif
Cyclopsitta diophthalma,Cyclopsitta diophthalma,"(Hombron & Jacquinot, 1841)",1841,gbif
Cyclopsitta gulielmitertii,Cyclopsitta gulielmitertii,"(Schlegel, 1866)",1866,gbif
Cyclopsitta melanogenia,Cyclopsitta melanogenia,"(Rosenberg & Hkb, 1866)",1866,gbif
Cyclopsitta nigrifrons,Cyclopsitta nigrifrons,"Reichenow, 1891",1891,gbif
Deroptyus accipitrinus,Deroptyus accipitrinus,"(Linnaeus, 1758)",1758,gbif
Diopsittaca cumanensis,Diopsittaca cumanensis,"(Lichtenstein, 1823)",1823,gbif
Diopsittaca nobilis,Diopsittaca nobilis,"(Linnaeus, 1758)",1758,gbif
Eclectus cornelia,Eclectus cornelia,"Bonaparte, 1850",1850,gbif
Eclectus polychloros,Eclectus polychloros,"(Scopoli, 1786)",1786,gbif
Eclectus riedeli,Eclectus riedeli,"A.B.Meyer, 1882",1882,gbif
Eclectus roratus,Eclectus roratus,"(Statius Muller, 1776)",1776,gbif
Enicognathus ferrugineus,Enicognathus ferrugineus,"(Statius Muller, 1776)",1776,gbif
Enicognathus leptorhynchus,Enicognathus leptorhynchus,"(King, 1831)",1831,gbif
Eos bornea,Eos bornea,"(Linnaeus, 1758)",1758,gbif
Eos cyanogenia,Eos cyanogenia,"Bonaparte, 1850",1850,gbif
Eos histrio,Eos histrio,"(Statius Muller, 1776)",1776,gbif
Eos reticulata,Eos reticulata,"(S.Muller, 1841)",1841,gbif
Eos semilarvata,Eos semilarvata,"Bonaparte, 1850",1850,gbif
Eos squamata,Eos squamata,"(Boddaert, 1783)",1783,gbif
Eunymphicus cornutus,Eunymphicus cornutus,"(Gmelin, 1788)",1788,gbif
Eunymphicus uvaeensis,Eunymphicus uvaeensis,"(E.L.Layard, Layard & Elc, 1882)",1882,gbif
Eupsittula astec,Eupsittula astec,"(Souancé, 1857)",1857,gbif
Eupsittula aurea,Eupsittula aurea,"(J.F.Gmelin, 1788)",1788,gbif
Eupsittula cactorum,Eupsittula cactorum,"(Kuhl, 1820)",1820,gbif
Eupsittula canicularis,Eupsittula canicularis,"(Linnaeus, 1758)",1758,gbif
Eupsittula nana,Eupsittula nana,"(Vigors, 1830)",1830,gbif
Eupsittula pertinax,Eupsittula pertinax,"(Linnaeus, 1758)",1758,gbif
Forpus coelestis,Forpus coelestis,"(Lesson, 1847)",1847,gbif
Forpus conspicillatus,Forpus conspicillatus,"(Lafresnaye, 1848)",1848,gbif
Forpus cyanopygius,Forpus cyanopygius,"(Souance, 1856)",1856,gbif
Forpus modestus,Forpus modestus,"(Cabanis, 1848)",1848,gbif
Forpus passerinus,Forpus passerinus,"(Linnaeus, 1758)",1758,gbif
Forpus spengeli,Forpus spengeli,"(Hartlaub, 1885)",1885,gbif
Forpus xanthops,Forpus xanthops,"(Salvin, 1895)",1895,gbif
Forpus xanthopterygius,Forpus xanthopterygius,"(Spix, 1824)",1824,gbif
Geoffroyus geoffroyi,Geoffroyus geoffroyi,"(Bechstein, 1811)",1811,gbif
Geoffroyus heteroclitus,Geoffroyus heteroclitus,"(Hombron & Jacquinot, 1841)",1841,gbif
Geoffroyus hyacinthinus,Geoffroyus hyacinthinus,"Mayr, 1931",1931,gbif
Geoffroyus simplex,Geoffroyus simplex,"(A.B.Meyer, 1874)",1874,gbif
Glossopsitta concinna,Glossopsitta concinna,"(Shaw, 1791)",1791,gbif
Glossopsitta porphyrocephala,Glossopsitta porphyrocephala,"(Dietrichsen, 1837)",1837,gbif
Glossopsitta pusilla,Glossopsitta pusilla,"(Shaw, 1790)",1790,gbif
Graydidascalus brachyurus,Graydidascalus brachyurus,"(Kuhl, 1820)",1820,gbif
Guaruba guarouba,Guaruba guarouba,"(Gmelin, 1788)",1788,gbif
Hapalopsittaca amazonina,Hapalopsittaca amazonina,"(Des Murs, 1845)",1845,gbif
Hapalopsittaca fuertesi,Hapalopsittaca fuertesi,"(Chapman, 1912)",1912,gbif
Hapalopsittaca melanotis,Hapalopsittaca melanotis,"(Lafresnaye, 1847)",1847,gbif
Hapalopsittaca pyrrhops,Hapalopsittaca pyrrhops,"(Salvin, 1876)",1876,gbif
Himalayapsitta cyanocephala,Himalayapsitta cyanocephala,"(Linnaeus, 1766)",1766,gbif
Himalayapsitta finschii,Himalayapsitta finschii,"(Hume, 1874)",1874,gbif
Himalayapsitta himalayana,Himalayapsitta himalayana,"(Lesson, 1832)",1832,gbif
Himalayapsitta roseata,Himalayapsitta roseata,"(Biswas, 1951)",1951,gbif
Lathamus discolor,Lathamus discolor,"(Shaw, 1790)",1790,gbif
Leptosittaca branickii,Leptosittaca branickii,"Berlepsch & Stolzmann, 1894",1894,gbif
Loriculus amabilis,Loriculus amabilis,"Wallace, 1862",1862,gbif
Loriculus aurantiifrons,Loriculus aurantiifrons,"Schlegel, 1871",1871,gbif
Loriculus beryllinus,Loriculus beryllinus,"(J.R.Forster, 1781)",1781,gbif
Loriculus catamene,Loriculus catamene,"Schlegel, 1871",1871,gbif
Loriculus exilis,Loriculus exilis,"Schlegel, 1866",1866,gbif
Loriculus flosculus,Loriculus flosculus,"Wallace, 1864",1864,gbif
Loriculus galgulus,Loriculus galgulus,"(Linnaeus, 1758)",1758,gbif
Loriculus philippensis,Loriculus philippensis,"(Statius Muller, 1776)",1776,gbif
Loriculus pusillus,Loriculus pusillus,"G.R.Gray, 1859",1859,gbif
Loriculus sclateri,Loriculus sclateri,"Wallace, 1863",1863,gbif
Loriculus stigmatus,Loriculus stigmatus,"(S.Muller, 1843)",1843,gbif
Loriculus tener,Loriculus tener,"P.L.Sclater, 1877",1877,gbif
Loriculus vernalis,Loriculus vernalis,"(Sparrman, 1787)",1787,gbif
Lorius albidinucha,Lorius albidinucha,"(Rothschild & Hartert, 1924)",1924,gbif
Lorius chlorocercus,Lorius chlorocercus,"Gould, 1856",1856,gbif
Lorius domicella,Lorius domicella,"(Linnaeus, 1758)",1758,gbif
Lorius garrulus,Lorius garrulus,"(Linnaeus, 1758)",1758,gbif
Lorius hypoinochrous,Lorius hypoinochrous,"G.R.Gray, 1859",1859,gbif
Lorius lory,Lorius lory,"(Linnaeus, 1758)",1758,gbif
Melopsittacus undulatus,Melopsittacus undulatus,"(Shaw, 1805)",1805,gbif
Micropsitta bruijnii,Micropsitta bruijnii,"(Salvadori, 1875)",1875,gbif
Micropsitta finschii,Micropsitta finschii,"(E.P.Ramsay, 1881)",1881,gbif
Micropsitta geelvinkiana,Micropsitta geelvinkiana,"(Schlegel, 1871)",1871,gbif
Micropsitta keiensis,Micropsitta keiensis,"(Salvadori, 1876)",1876,gbif
Micropsitta meeki,Micropsitta meeki,"Rothschild & Hartert, 1914",1914,gbif
Micropsitta pusio,Micropsitta pusio,"(P.L.Sclater, 1866)",1866,gbif
Myiopsitta luchsi,Myiopsitta luchsi,"(Finsch, 1868)",1868,gbif
Myiopsitta monachus,Myiopsitta monachus,"(Boddaert, 1783)",1783,gbif
Nannopsittaca dachilleae,Nannopsittaca dachilleae,"O'Neill, Munn & Franke, 1991",1991,gbif
Nannopsittaca panychlora,Nannopsittaca panychlora,"(Salvin & Godman, 1883)",1883,gbif
Neophema chrysogaster,Neophema chrysogaster,"(Latham, 1790)",1790,gbif
Neophema chrysostoma,Neophema chrysostoma,"(Kuhl, 1820)",1820,gbif
Neophema elegans,Neophema elegans,"(Gould, 1837)",1837,gbif
Neophema petrophila,Neophema petrophila,"(Gould, 1841)",1841,gbif
Neophema pulchella,Neophema pulchella,"(Shaw, 1792)",1792,gbif
Neophema splendida,Neophema splendida,"(Gould, 1841)",1841,gbif
Neopsephotus bourkii,Neopsephotus bourkii,"(Gould, 1841)",1841,gbif
Neopsittacus musschenbroekii,Neopsittacus musschenbroekii,"(Schlegel, 1871)",1871,gbif
Neopsittacus pullicauda,Neopsittacus pullicauda,"Hartert, 1896",1896,gbif
Nicopsitta calthrapae,Nicopsitta calthrapae,"(Blyth, 1849)",1849,gbif
Nicopsitta columboides,Nicopsitta columboides,"(Vigors, 1830)",1830,gbif
Northiella haematogaster,Northiella haematogaster,"(Gould, 1838)",1838,gbif
Ognorhynchus icterotis,Ognorhynchus icterotis,"(Massena & Souance, 1854)",1854,gbif
Oreopsittacus arfaki,Oreopsittacus arfaki,"(A.B.Meyer, 1874)",1874,gbif
Orthopsittaca manilatus,Orthopsittaca manilatus,"(Boddaert, 1783)",1783,col
Palaeornis eupatria,Palaeornis eupatria,"(Linnaeus, 1766)",1766,gbif
Pezoporus occidentalis,Pezoporus occidentalis,"(Gould, 1861)",1861,gbif
Pezoporus wallicus,Pezoporus wallicus,"(Kerr, 1792)",1792,gbif
Phigys solitarius,Phigys solitarius,"(Suckow, 1800)",1800,gbif
Pionites leucogaster,Pionites leucogaster,"(Kuhl, 1820)",1820,gbif
Pionites melanocephalus,Pionites melanocephalus,"(Linnaeus, 1758)",1758,gbif
Pionites xanthomerius,Pionites xanthomerius,"(P.L.Sclater, 1858)",1858,gbif
Pionites xanthurus,Pionites xanthurus,"Todd, 1925",1925,gbif
Pionopsitta pileata,Pionopsitta pileata,"(Scopoli, 1769)",1769,gbif
Pionus chalcopterus,Pionus chalcopterus,"(Fraser, 1841)",1841,gbif
Pionus fuscus,Pionus fuscus,"(Statius Muller, 1776)",1776,gbif
Pionus maximiliani,Pionus maximiliani,"(Kuhl, 1820)",1820,gbif
Pionus menstruus,Pionus menstruus,"(Linnaeus, 1766)",1766,gbif
Pionus reichenowi,Pionus reichenowi,"(Heine, 1884)",1884,gbif
Pionus senilis,Pionus senilis,"(Spix, 1824)",1824,gbif
Pionus seniloides,Pionus seniloides,"(Massena & Souance, 1854)",1854,gbif
Pionus sordidus,Pionus sordidus,"(Linnaeus, 1758)",1758,gbif
Pionus tumultuosus,Pionus tumultuosus,"(Tschudi, 1844)",1844,gbif
Platycercus adscitus,Platycercus adscitus,"(Latham, 1790)",1790,gbif
Platycercus caledonicus,Platycercus caledonicus,"(Gmelin, 1788)",1788,gbif
Platycercus elegans,Platycercus elegans,"(Gmelin, 1788)",1788,gbif
Platycercus eximius,Platycercus eximius,"(Shaw, 1792)",1792,gbif
Platycercus icterotis,Platycercus icterotis,"(Temminck & Kuhl, 1820)",1820,gbif
Platycercus venustus,Platycercus venustus,"(Kuhl, 1820)",1820,gbif
Poicephalus crassus,Poicephalus crassus,"(Sharpe, 1884)",1884,gbif
Poicephalus cryptoxanthus,Poicephalus cryptoxanthus,"(W.Peters, 1854)",1854,gbif
Poicephalus flavifrons,Poicephalus flavifrons,"(Ruppell, 1845)",1845,gbif
Poicephalus fuscicollis,Poicephalus fuscicollis,"(Kuhl, 1820)",1820,gbif
Poicephalus gulielmi,Poicephalus gulielmi,"(Jardine, 1849)",1849,gbif
Poicephalus meyeri,Poicephalus meyeri,"(Cretzschmar, 1827)",1827,gbif
Poicephalus robustus,Poicephalus robustus,"(Gmelin, 1788)",1788,gbif
Poicephalus rueppellii,Poicephalus rueppellii,"(G.R.Gray, 1849)",1849,gbif
Poicephalus rufiventris,Poicephalus rufiventris,"(Ruppell, 1845)",1845,gbif
Poicephalus senegalus,Poicephalus senegalus,"(Linnaeus, 1766)",1766,gbif
Polytelis alexandrae,Polytelis alexandrae,"Gould, 1863",1863,gbif
Polytelis anthopeplus,Polytelis anthopeplus,"(Lear, 1831)",1831,gbif
Polytelis swainsonii,Polytelis swainsonii,"(Desmarest, 1826)",1826,gbif
Primolius auricollis,Primolius auricollis,"(Cassin, 1853)",1853,gbif
Primolius couloni,Primolius couloni,"(P.L.Sclater, 1876)",1876,gbif
Primolius maracana,Primolius maracana,"(Vieillot, 1816)",1816,gbif
Prioniturus discurus,Prioniturus discurus,"(Vieillot, 1822)",1822,gbif
Prioniturus flavicans,Prioniturus flavicans,"Cassin, 1853",1853,gbif
Prioniturus luconensis,Prioniturus luconensis,"Steere, 1890",1890,gbif
Prioniturus mada,Prioniturus mada,"Hartert, 1900",1900,gbif
Prioniturus mindorensis,Prioniturus mindorensis,"Steere, 1890",1890,gbif
Prioniturus montanus,Prioniturus montanus,"Ogilvie-Grant, 1895",1895,gbif
Prioniturus platenae,Prioniturus platenae,"W.Blasius, 1888",1888,gbif
Prioniturus platurus,Prioniturus platurus,"(Vieillot, 1818)",1818,gbif
Prioniturus verticalis,Prioniturus verticalis,"Sharpe, 1893",1893,gbif
Prioniturus waterstradti,Prioniturus waterstradti,"Rothschild, 1904",1904,gbif
Prosopeia personata,Prosopeia personata,"(G.R.Gray, 1848)",1848,gbif
Prosopeia splendens,Prosopeia splendens,"(Peale, 1848)",1848,gbif
Prosopeia tabuensis,Prosopeia tabuensis,"(Gmelin, 1788)",1788,gbif
Psephotellus chrysopterygius,Psephotellus chrysopterygius,"(Gould, 1858)",1858,gbif
Psephotellus dissimilis,Psephotellus dissimilis,"(Collett, 1898)",1898,gbif
Psephotellus varius,Psephotellus varius,"(A.H.Clark, 1910)",1910,gbif
Psephotus haematonotus,Psephotus haematonotus,"(Gould, 1838)",1838,gbif
Pseudeos fuscata,Pseudeos fuscata,"(Blyth, 1858)",1858,gbif
Psilopsiagon aurifrons,Psilopsiagon aurifrons,"(Lesson, 1830)",1830,gbif
Psilopsiagon aymara,Psilopsiagon aymara,"(Orbigny, 1839)",1839,gbif
Psittacara acuticaudatus,Psittacara acuticaudatus,"(Vieillot, 1818)",1818,gbif
Psittacara chloropterus,Psittacara chloropterus,"Souancé, 1856",1856,gbif
Psittacara erythrogenys,Psittacara erythrogenys,"R.P.Lesson, 1844",1844,gbif
Psittacara euops,Psittacara euops,"(Wagler, 1832)",1832,gbif
Psittacara finschi,Psittacara finschi,"(Salvin, 1871)",1871,gbif
Psittacara frontatus,Psittacara frontatus,"(Cabanis, 1846)",1846,gbif
Psittacara holochlorus,Psittacara holochlorus,"(P.L.Sclater, 1859)",1859,gbif
Psittacara leucophthalmus,Psittacara leucophthalmus,"(Müller & Pls, 1776)",1776,gbif
Psittacara mitratus,Psittacara mitratus,"(Tschudi, 1844)",1844,gbif
Psittacara rubritorquis,Psittacara rubritorquis,"(P.L.Sclater, 1887)",1887,gbif
Psittacara wagleri,Psittacara wagleri,"(G.R.Gray, 1845)",1845,gbif
Psittacella brehmii,Psittacella brehmii,"Schlegel, 1871",1871,gbif
Psittacella lorentzi,Psittacella lorentzi,"van Oort, 1910",1910,gbif
Psittacella madaraszi,Psittacella madaraszi,"A.B.Meyer, 1886",1886,gbif
Psittacella modesta,Psittacella modesta,"Schlegel, 1871",1871,gbif
Psittacella picta,Psittacella picta,"Rothschild, 1896",1896,gbif
Psittacula alexandri,Psittacula alexandri,"(Linnaeus, 1758)",1758,gbif
Psittacula caniceps,Psittacula caniceps,"(Blyth, 1846)",1846,gbif
Psittacula derbiana,Psittacula derbiana,"(Fraser, 1852)",1852,gbif
Psittaculirostris cervicalis,Psittaculirostris cervicalis,"(Salvadori & D'Albertis, 1876)",1876,gbif
Psittaculirostris desmarestii,Psittaculirostris desmarestii,"(Desmarest, 1826)",1826,gbif
Psittaculirostris edwardsii,Psittaculirostris edwardsii,"(Oustalet, 1885)",1885,gbif
Psittaculirostris godmani,Psittaculirostris godmani,"(Ogilvie-Grant, 1911)",1911,gbif
Psittaculirostris salvadorii,Psittaculirostris salvadorii,"(Oustalet, 1880)",1880,gbif
Psittacus erithacus,Psittacus erithacus,"Linnaeus, 1758",1758,gbif
Psittacus timneh,Psittacus timneh,"Fraser, 1844",1844,gbif
Psitteuteles goldiei,Psitteuteles goldiei,"(Sharpe, 1882)",1882,gbif
Psitteuteles versicolor,Psitteuteles versicolor,"(Lear, 1831)",1831,gbif
Psittinus abbotti,Psittinus abbotti,"Richmond, 1902",1902,gbif
Psittinus cyanurus,Psittinus cyanurus,"(J.R.Forster, 1795)",1795,gbif
Psittrichas fulgidus,Psittrichas fulgidus,"(Lesson, 1830)",1830,gbif
Purpureicephalus spurius,Purpureicephalus spurius,"(Kuhl, 1820)",1820,gbif
Pyrilia aurantiocephala,Pyrilia aurantiocephala,"(Gaban-Lima, Raposo, M & Höfling, 2002)",2002,gbif
Pyrilia barrabandi,Pyrilia barrabandi,"(Kuhl, 1820)",1820,gbif
Pyrilia caica,Pyrilia caica,"(Latham, 1790)",1790,gbif
Pyrilia haematotis,Pyrilia haematotis,"(P.L.Sclater & Salvin, 1860)",1860,gbif
Pyrilia pulchra,Pyrilia pulchra,"(Berlepsch, 1897)",1897,gbif
Pyrilia pyrilia,Pyrilia pyrilia,"(Bonaparte, 1853)",1853,gbif
Pyrilia vulturina,Pyrilia vulturina,"(Kuhl, 1820)",1820,gbif
Pyrrhura albipectus,Pyrrhura albipectus,"Chapman, 1914",1914,gbif
Pyrrhura amazonum,Pyrrhura amazonum,"Hellmayr, 1906",1906,gbif
Pyrrhura caeruleiceps,Pyrrhura caeruleiceps,"Todd, 1947",1947,gbif
Pyrrhura calliptera,Pyrrhura calliptera,"(Massena & Souance, 1854)",1854,gbif
Pyrrhura chapmani,Pyrrhura chapmani,"Bond & Meyer de Schauensee, 1941",1941,gbif
Pyrrhura cruentata,Pyrrhura cruentata,"(Wied-Neuwied, 1820)",1820,gbif
Pyrrhura devillei,Pyrrhura devillei,"(Massena & Souance, 1854)",1854,gbif
Pyrrhura egregia,Pyrrhura egregia,"(P.L.Sclater, 1881)",1881,gbif
Pyrrhura eisenmanni,Pyrrhura eisenmanni,"Delgado, 1985",1985,gbif
Pyrrhura emma,Pyrrhura emma,"Salvadori, 1891",1891,gbif
Pyrrhura frontalis,Pyrrhura frontalis,"(Vieillot, 1818)",1818,gbif
Pyrrhura griseipectus,Pyrrhura griseipectus,"Salvadori, 1900",1900,gbif
Pyrrhura hoematotis,Pyrrhura hoematotis,"Souance, 1857",1857,gbif
Pyrrhura hoffmanni,Pyrrhura hoffmanni,"(Cabanis, 1861)",1861,gbif
Pyrrhura lepida,Pyrrhura lepida,"(Wagler, 1832)",1832,gbif
Pyrrhura leucotis,Pyrrhura leucotis,"(Kuhl, 1820)",1820,gbif
Pyrrhura lucianii,Pyrrhura lucianii,"(Deville, 1851)",1851,gbif
Pyrrhura melanura,Pyrrhura melanura,"(Spix, 1824)",1824,gbif
Pyrrhura molinae,Pyrrhura molinae,"(Massena & Souance, 1854)",1854,gbif
Pyrrhura orcesi,Pyrrhura orcesi,"Ridgely & Robbins, 1988",1988,gbif
Pyrrhura pacifica,Pyrrhura pacifica,"Chapman, 1915",1915,gbif
Pyrrhura parvifrons,Pyrrhura parvifrons,"Arndt, 2008",2008,gbif
Pyrrhura perlata,Pyrrhura perlata,"(Spix, 1824)",1824,gbif
Pyrrhura peruviana,Pyrrhura peruviana,"Hocking, Blake & Joseph, 2002",2002,gbif
Pyrrhura pfrimeri,Pyrrhura pfrimeri,"Ribeiro, 1920",1920,gbif
Pyrrhura picta,Pyrrhura picta,"(Statius Muller, 1776)",1776,gbif
Pyrrhura rhodocephala,Pyrrhura rhodocephala,"(P.L.Sclater & Salvin, 1871)",1871,gbif
Pyrrhura roseifrons,Pyrrhura roseifrons,"(G.R.Gray, 1859)",1859,gbif
Pyrrhura rupicola,Pyrrhura rupicola,"(Tschudi, 1844)",1844,gbif
Pyrrhura snethlageae,Pyrrhura snethlageae,"Joseph & Bates, 2002",2002,gbif
Pyrrhura subandina,Pyrrhura subandina,"Todd, 1917",1917,gbif
Pyrrhura viridicata,Pyrrhura viridicata,"Todd, 1913",1913,gbif
Rhynchopsitta pachyrhyncha,Rhynchopsitta pachyrhyncha,"(Swainson, 1827)",1827,gbif
Rhynchopsitta terrisi,Rhynchopsitta terrisi,"R.T.Moore, 1947",1947,gbif
Tanygnathus everetti,Tanygnathus everetti,"Tweeddale, 1877",1877,gbif
Tanygnathus gramineus,Tanygnathus gramineus,"(Gmelin, 1788)",1788,gbif
Tanygnathus lucionensis,Tanygnathus lucionensis,"(Linnaeus, 1766)",1766,gbif
Tanygnathus megalorynchos,Tanygnathus megalorynchos,"(Boddaert, 1783)",1783,gbif
Tanygnathus sumatranus,Tanygnathus sumatranus,"(Raffles, 1822)",1822,gbif
Touit batavicus,Touit batavicus,"(Boddaert, 1783)",1783,gbif
Touit costaricensis,Touit costaricensis,"(Cory, 1913)",1913,gbif
Touit dilectissimus,Touit dilectissimus,"(P.L.Sclater & Salvin, 1871)",1871,gbif
Touit huetii,Touit huetii,"(Temminck, 1830)",1830,gbif
Touit melanonotus,Touit melanonotus,"(Wied-Neuwied, 1820)",1820,gbif
Touit purpuratus,Touit purpuratus,"(Gmelin, 1788)",1788,gbif
Touit stictopterus,Touit stictopterus,"(P.L.Sclater, 1862)",1862,gbif
Touit surdus,Touit surdus,"(Kuhl, 1820)",1820,gbif
Trichoglossus capistratus,Trichoglossus capistratus,"(Bechstein, 1811)",1811,gbif
Trichoglossus chlorolepidotus,Trichoglossus chlorolepidotus,"(Kuhl, 1820)",1820,gbif
Trichoglossus euteles,Trichoglossus euteles,"(Temminck, 1835)",1835,gbif
Trichoglossus flavoviridis,Trichoglossus flavoviridis,"Wallace, 1863",1863,gbif
Trichoglossus forsteni,Trichoglossus forsteni,"Bonaparte, 1850",1850,gbif
Trichoglossus haematodus,Trichoglossus haematodus,"(Linnaeus, 1771)",1771,gbif
Trichoglossus iris,Trichoglossus iris,"(Temminck, 1835)",1835,gbif
Trichoglossus johnstoniae,Trichoglossus johnstoniae,"Hartert, 1903",1903,gbif
Trichoglossus meyeri,Trichoglossus meyeri,"Walden, 1871",1871,gbif
Trichoglossus moluccanus,Trichoglossus moluccanus,"(Gmelin, 1788)",1788,gbif
Trichoglossus ornatus,Trichoglossus ornatus,"(Linnaeus, 1758)",1758,gbif
Trichoglossus rosenbergii,Trichoglossus rosenbergii,"Schlegel, 1871",1871,gbif
Trichoglossus rubiginosus,Trichoglossus rubiginosus,"(Bonaparte, 1850)",1850,gbif
Trichoglossus rubritorquis,Trichoglossus rubritorquis,"Vigors & Horsfield, 1827",1827,gbif
Trichoglossus weberi,Trichoglossus weberi,"(Buttikofer, 1894)",1894,gbif
Triclaria malachitacea,Triclaria malachitacea,"(Spix, 1824)",1824,gbif
Vini australis,Vini australis,"(Gmelin, 1788)",1788,gbif
Vini kuhlii,Vini kuhlii,"(Vigors, 1824)",1824,gbif
Vini peruviana,Vini peruviana,"(Statius Muller, 1776)",1776,gbif
Vini stepheni,Vini stepheni,"(North, 1908)",1908,gbif
Vini ultramarina,Vini ultramarina,"(Kuhl, 1820)",1820,gbif
Nestor meridionalis,Nestor meridionalis,"(Gmelin, 1788)",1788,gbif
Nestor notabilis,Nestor notabilis,"Gould, 1856",1856,gbif
Strigops habroptila,Strigops habroptila,"G.R.Gray, 1845",1845,gbif
Pterocles alchata,Pterocles alchata,"(Linnaeus, 1766)",1766,gbif
Pterocles bicinctus,Pterocles bicinctus,"Temminck, 1815",1815,gbif
Pterocles burchelli,Pterocles burchelli,"W.L.Sclater, 1922",1922,gbif
Pterocles coronatus,Pterocles coronatus,"Lichtenstein, 1823",1823,gbif
Pterocles decoratus,Pterocles decoratus,"Cabanis, 1868",1868,gbif
Pterocles exustus,Pterocles exustus,"Temminck, 1825",1825,gbif
Pterocles gutturalis,Pterocles gutturalis,"A.Smith, 1836",1836,gbif
Pterocles indicus,Pterocles indicus,"(Gmelin, 1789)",1789,gbif
Pterocles lichtensteinii,Pterocles lichtensteinii,"Temminck, 1825",1825,gbif
Pterocles namaqua,Pterocles namaqua,"(Gmelin, 1789)",1789,gbif
Pterocles orientalis,Pterocles orientalis,"(Linnaeus, 1758)",1758,gbif
Pterocles personatus,Pterocles personatus,"Gould, 1843",1843,gbif
Pterocles quadricinctus,Pterocles quadricinctus,"Temminck, 1815",1815,gbif
Pterocles senegallus,Pterocles senegallus,"(Linnaeus, 1771)",1771,gbif
Syrrhaptes paradoxus,Syrrhaptes paradoxus,"(Pallas, 1773)",1773,gbif
Syrrhaptes tibetanus,Syrrhaptes tibetanus,"Gould, 1850",1850,gbif
Aptenodytes forsteri,Aptenodytes forsteri,"G.R.Gray, 1844",1844,gbif
Aptenodytes patagonicus,Aptenodytes patagonicus,"J.F.Miller, 1778",1778,gbif
Eudyptes chrysocome,Eudyptes chrysocome,"(J.R.Forster, 1781)",1781,gbif
Eudyptes chrysolophus,Eudyptes chrysolophus,"(Brandt, 1837)",1837,gbif
Eudyptes moseleyi,Eudyptes moseleyi,"Mathews & Iredale, 1921",1921,gbif
Eudyptes pachyrhynchus,Eudyptes pachyrhynchus,"G.R.Gray, 1845",1845,gbif
Eudyptes robustus,Eudyptes robustus,"Oliver, 1953",1953,gbif
Eudyptes schlegeli,Eudyptes schlegeli,"Finsch, 1876",1876,gbif
Eudyptes sclateri,Eudyptes sclateri,"Buller, 1888",1888,gbif
Eudyptula minor,Eudyptula minor,"(J.R.Forster, 1781)",1781,gbif
Megadyptes antipodes,Megadyptes antipodes,"(Hombron & Jacquinot, 1841)",1841,gbif
Pygoscelis adeliae,Pygoscelis adeliae,"(Hombron & Jacquinot, 1841)",1841,gbif
Pygoscelis antarcticus,Pygoscelis antarcticus,"(J.R.Forster, 1781)",1781,gbif
Pygoscelis papua,Pygoscelis papua,"(J.R.Forster, 1781)",1781,gbif
Spheniscus demersus,Spheniscus demersus,"(Linnaeus, 1758)",1758,gbif
Spheniscus humboldti,Spheniscus humboldti,"Meyen, 1834",1834,gbif
Spheniscus magellanicus,Spheniscus magellanicus,"(J.R.Forster, 1781)",1781,gbif
Spheniscus mendiculus,Spheniscus mendiculus,"Sundevall, 1871",1871,gbif
Aegolius acadicus,Aegolius acadicus,"(J.F.Gmelin, 1788)",1788,gbif
Aegolius funereus,Aegolius funereus,"(Linnaeus, 1758)",1758,gbif
Aegolius harrisii,Aegolius harrisii,"(Cassin, 1849)",1849,gbif
Aegolius ridgwayi,Aegolius ridgwayi,"(Alfaro, 1905)",1905,gbif
Asio abyssinicus,Asio abyssinicus,"(Guérin-Méneville, 1843)",1843,gbif
Asio capensis,Asio capensis,"(A.Smith, 1834)",1834,gbif
Asio clamator,Asio clamator,"(Vieillot, 1808)",1808,gbif
Asio flammeus,Asio flammeus,"(Pontoppidan, 1763)",1763,gbif
Asio madagascariensis,Asio madagascariensis,"(A.Smith, 1834)",1834,gbif
Asio otus,Asio otus,"(Linnaeus, 1758)",1758,gbif
Asio stygius,Asio stygius,"(Wagler, 1832)",1832,gbif
Athene blewitti,Athene blewitti,"(Hume, 1873)",1873,gbif
Athene brama,Athene brama,"(Temminck, 1821)",1821,gbif
Athene cunicularia,Athene cunicularia,"(Molina, 1782)",1782,gbif
Athene noctua,Athene noctua,"(Scopoli, 1769)",1769,gbif
Athene superciliaris,Athene superciliaris,"(Vieillot, 1817)",1817,gbif
Bubo africanus,Bubo africanus,"(Temminck, 1821)",1821,gbif
Bubo ascalaphus,Bubo ascalaphus,"Savigny, 1809",1809,gbif
Bubo bengalensis,Bubo bengalensis,"(Franklin, 1831)",1831,gbif
Bubo blakistoni,Bubo blakistoni,"Seebohm, 1884",1884,gbif
Bubo bubo,Bubo bubo,"(Linnaeus, 1758)",1758,gbif
Bubo capensis,Bubo capensis,"A.Smith, 1834",1834,gbif
Bubo cinerascens,Bubo cinerascens,"Guérin-Méneville, 1843",1843,gbif
Bubo coromandus,Bubo coromandus,"(Latham, 1790)",1790,gbif
Bubo lacteus,Bubo lacteus,"(Temminck, 1820)",1820,gbif
Bubo leucostictus,Bubo leucostictus,"Hartlaub, 1855",1855,gbif
Bubo magellanicus,Bubo magellanicus,"(R.Lesson, 1828)",1828,gbif
Bubo nipalensis,Bubo nipalensis,"Hodgson, 1836",1836,gbif
Bubo philippensis,Bubo philippensis,"Kaup, 1851",1851,gbif
Bubo poensis,Bubo poensis,"Fraser, 1854",1854,gbif
Bubo scandiacus,Bubo scandiacus,"(Linnaeus, 1758)",1758,gbif
Bubo shelleyi,Bubo shelleyi,"(Sharpe & Ussher, 1872)",1872,gbif
Bubo sumatranus,Bubo sumatranus,"(Raffles, 1822)",1822,gbif
Bubo virginianus,Bubo virginianus,"(J.F.Gmelin, 1788)",1788,gbif
Ciccaba albitarsis,Ciccaba albitarsis,"(Bonaparte, 1850)",1850,gbif
Ciccaba huhula,Ciccaba huhula,"(Daudin, 1800)",1800,gbif
Ciccaba nigrolineata,Ciccaba nigrolineata,"P.L.Sclater, 1859",1859,gbif
Ciccaba virgata,Ciccaba virgata,"(Cassin, 1849)",1849,gbif
Glaucidium albertinum,Glaucidium albertinum,"Prigogine, 1983",1983,gbif
Glaucidium bolivianum,Glaucidium bolivianum,"C.König, 1991",1991,gbif
Glaucidium brasilianum,Glaucidium brasilianum,"(J.F.Gmelin, 1788)",1788,gbif
Glaucidium brodiei,Glaucidium brodiei,"(Burton, 1836)",1836,gbif
Glaucidium californicum,Glaucidium californicum,"P.L.Sclater, 1857",1857,gbif
Glaucidium capense,Glaucidium capense,"(A.Smith, 1834)",1834,gbif
Glaucidium castaneum,Glaucidium castaneum,"Neumann, 1893",1893,gbif
Glaucidium castanopterum,Glaucidium castanopterum,"(Horsfield, 1821)",1821,gbif
Glaucidium castanotum,Glaucidium castanotum,"(Blyth, 1850)",1850,gbif
Glaucidium cobanense,Glaucidium cobanense,"Sharpe, 1875",1875,gbif
Glaucidium costaricanum,Glaucidium costaricanum,"L.Kelso, 1937",1937,gbif
Glaucidium cuculoides,Glaucidium cuculoides,"(Vigors, 1831)",1831,gbif
Glaucidium gnoma,Glaucidium gnoma,"Wagler, 1832",1832,gbif
Glaucidium griseiceps,Glaucidium griseiceps,"Sharpe, 1875",1875,gbif
Glaucidium hardyi,Glaucidium hardyi,"Vielliard, 1989",1989,gbif
Glaucidium hoskinsii,Glaucidium hoskinsii,"Brewster, 1888",1888,gbif
Glaucidium jardinii,Glaucidium jardinii,"(Bonaparte, 1855)",1855,gbif
Glaucidium minutissimum,Glaucidium minutissimum,"(zu Wied-Neuwied, 1830)",1830,gbif
Glaucidium mooreorum,Glaucidium mooreorum,"Silva, Coelho & Gonzaga, 2003",2003,gbif
Glaucidium nana,Glaucidium nana,"(P.P.King, 1827)",1827,gbif
Glaucidium nubicola,Glaucidium nubicola,"Robbins & Stiles, 1999",1999,gbif
Glaucidium palmarum,Glaucidium palmarum,"Nelson, 1901",1901,gbif
Glaucidium parkeri,Glaucidium parkeri,"Robbins & S.N.G.Howell, 1995",1995,gbif
Glaucidium passerinum,Glaucidium passerinum,"(Linnaeus, 1758)",1758,gbif
Glaucidium perlatum,Glaucidium perlatum,"(Vieillot, 1817)",1817,gbif
Glaucidium peruanum,Glaucidium peruanum,"C.König, 1991",1991,gbif
Glaucidium radiatum,Glaucidium radiatum,"(Tickell, 1833)",1833,gbif
Glaucidium sanchezi,Glaucidium sanchezi,"Lowery & R.J.Newman, 1949",1949,gbif
Glaucidium siju,Glaucidium siju,"(d'Orbigny, 1839)",1839,gbif
Glaucidium sjostedti,Glaucidium sjostedti,"Reichenow, 1893",1893,gbif
Glaucidium tephronotum,Glaucidium tephronotum,"Sharpe, 1875",1875,gbif
Glaucidium tucumanum,Glaucidium tucumanum,"Chapman, 1922",1922,gbif
Jubula lettii,Jubula lettii,"(Büttikofer, 1889)",1889,gbif
Ketupa flavipes,Ketupa flavipes,"(Hodgson, 1836)",1836,gbif
Ketupa ketupu,Ketupa ketupu,"(Horsfield, 1821)",1821,gbif
Ketupa zeylonensis,Ketupa zeylonensis,"(J.F.Gmelin, 1788)",1788,gbif
Lophostrix cristata,Lophostrix cristata,"(Daudin, 1800)",1800,gbif
Margarobyas lawrencii,Margarobyas lawrencii,"(P.L.Sclater & Salvin, 1868)",1868,gbif
Megascops albogularis,Megascops albogularis,"(Cassin, 1849)",1849,gbif
Megascops asio,Megascops asio,"(Linnaeus, 1758)",1758,gbif
Megascops atricapilla,Megascops atricapilla,"(Temminck, 1822)",1822,gbif
Megascops barbarus,Megascops barbarus,"(P.L.Sclater & Salvin, 1868)",1868,gbif
Megascops choliba,Megascops choliba,"(Vieillot, 1817)",1817,gbif
Megascops clarkii,Megascops clarkii,"(L.Kelso & E.H.Kelso, 1935)",1935,gbif
Megascops colombianus,Megascops colombianus,"(Traylor, 1952)",1952,gbif
Megascops cooperi,Megascops cooperi,"(Ridgway, 1878)",1878,gbif
Megascops gilesi,Megascops gilesi,"Krabbe, 2017",2017,gbif
Megascops guatemalae,Megascops guatemalae,"(Sharpe, 1875)",1875,gbif
Megascops hoyi,Megascops hoyi,"(C.König & Straneck, 1989)",1989,gbif
Megascops ingens,Megascops ingens,"(Salvin, 1897)",1897,gbif
Megascops kennicottii,Megascops kennicottii,"(D.G.Elliot, 1867)",1867,gbif
Megascops koepckeae,Megascops koepckeae,"(Hekstra, 1982)",1982,gbif
Megascops marshalli,Megascops marshalli,"(Weske & Terborgh, 1981)",1981,gbif
Megascops nudipes,Megascops nudipes,"(Daudin, 1800)",1800,gbif
Megascops petersoni,Megascops petersoni,"(Fitzpatrick & O'Neill, 1986)",1986,gbif
Megascops roboratus,Megascops roboratus,"(Bangs & Noble, 1918)",1918,gbif
Megascops sanctaecatarinae,Megascops sanctaecatarinae,"(Salvin, 1897)",1897,gbif
Megascops seductus,Megascops seductus,"(R.T.Moore, 1941)",1941,gbif
Megascops trichopsis,Megascops trichopsis,"(Wagler, 1832)",1832,gbif
Megascops vermiculatus,Megascops vermiculatus,"Ridgway, 1887",1887,gbif
Megascops watsonii,Megascops watsonii,"(Cassin, 1849)",1849,gbif
Micrathene whitneyi,Micrathene whitneyi,"(J.G.Cooper, 1861)",1861,gbif
Nesasio solomonensis,Nesasio solomonensis,"(Hartert, 1901)",1901,gbif
Ninox affinis,Ninox affinis,"Beavan, 1867",1867,gbif
Ninox boobook,Ninox boobook,"(Latham, 1801)",1801,gbif
Ninox burhani,Ninox burhani,"Indrawan & Somadikarta, 2004",2004,gbif
Ninox connivens,Ninox connivens,"(Latham, 1801)",1801,gbif
Ninox forbesi,Ninox forbesi,"P.L.Sclater, 1883",1883,gbif
Ninox granti,Ninox granti,"Sharpe, 1888",1888,gbif
Ninox hantu,Ninox hantu,"(Wallace, 1863)",1863,gbif
Ninox hypogramma,Ninox hypogramma,"(G.R.Gray, 1861)",1861,gbif
Ninox ios,Ninox ios,"Rasmussen, 1999",1999,gbif
Ninox jacquinoti,Ninox jacquinoti,"(Bonaparte, 1850)",1850,gbif
Ninox japonica,Ninox japonica,"(Temminck & Schlegel, 1845)",1845,gbif
Ninox leucopsis,Ninox leucopsis,"(Gould, 1838)",1838,gbif
Ninox leventisi,Ninox leventisi,"Rasmussen et al., 2012",2012,gbif
Ninox malaitae,Ninox malaitae,"Mayr, 1931",1931,gbif
Ninox meeki,Ninox meeki,"Rothschild & Hartert, 1914",1914,gbif
Ninox mindorensis,Ninox mindorensis,"Ogilvie-Grant, 1896",1896,gbif
Ninox natalis,Ninox natalis,"Lister, 1889",1889,gbif
Ninox novaeseelandiae,Ninox novaeseelandiae,"(J.F.Gmelin, 1788)",1788,gbif
Ninox obscura,Ninox obscura,"Hume, 1872",1872,gbif
Ninox ochracea,Ninox ochracea,"(Schlegel, 1866)",1866,gbif
Ninox odiosa,Ninox odiosa,"P.L.Sclater, 1877",1877,gbif
Ninox philippensis,Ninox philippensis,"Bonaparte, 1855",1855,gbif
Ninox punctulata,Ninox punctulata,"(Quoy & Gaimard, 1832)",1832,gbif
Ninox randi,Ninox randi,"Deignan, 1951",1951,gbif
Ninox reyi,Ninox reyi,"Oustalet, 1880",1880,gbif
Ninox roseoaxillaris,Ninox roseoaxillaris,"(Hartert, 1929)",1929,gbif
Ninox rudolfi,Ninox rudolfi,"A.B.Meyer, 1882",1882,gbif
Ninox rufa,Ninox rufa,"(Gould, 1846)",1846,gbif
Ninox rumseyi,Ninox rumseyi,"Rasmussen et al., 2012",2012,gbif
Ninox scutulata,Ninox scutulata,"(Raffles, 1822)",1822,gbif
Ninox spilocephala,Ninox spilocephala,"Tweeddale, 1879",1879,gbif
Ninox spilonotus,Ninox spilonotus,"Bourns & Worcester, 1894",1894,gbif
Ninox squamipila,Ninox squamipila,"(Bonaparte, 1850)",1850,gbif
Ninox strenua,Ninox strenua,"(Gould, 1838)",1838,gbif
Ninox sumbaensis,Ninox sumbaensis,"Olsen, Wink, Sauer-Gürth & Trost, 2002",2002,gbif
Ninox theomacha,Ninox theomacha,"(Bonaparte, 1855)",1855,gbif
Ninox variegata,Ninox variegata,"(Quoy & Gaimard, 1830)",1830,gbif
Otus alfredi,Otus alfredi,"(Hartert, 1897)",1897,gbif
Otus alius,Otus alius,"Rasmussen, 1998",1998,gbif
Otus angelinae,Otus angelinae,"(Finsch, 1912)",1912,gbif
Otus bakkamoena,Otus bakkamoena,"Pennant, 1769",1769,gbif
Otus balli,Otus balli,"(Hume, 1873)",1873,gbif
Otus beccarii,Otus beccarii,"(Salvadori, 1876)",1876,gbif
Otus brookii,Otus brookii,"(Sharpe, 1892)",1892,gbif
Otus brucei,Otus brucei,"(Hume, 1872)",1872,gbif
Otus capnodes,Otus capnodes,"(Gurney, 1889)",1889,gbif
Otus collari,Otus collari,"Lambert & Rasmussen, 1998",1998,gbif
Otus cyprius,Otus cyprius,"(Madarász, 1901)",1901,gbif
Otus elegans,Otus elegans,"(Cassin, 1852)",1852,gbif
Otus enganensis,Otus enganensis,"Riley, 1927",1927,gbif
Otus everetti,Otus everetti,"(Tweeddale, 1879)",1879,gbif
Otus feae,Otus feae,"(Salvadori, 1903)",1903,gbif
Otus fuliginosus,Otus fuliginosus,"(Sharpe, 1888)",1888,gbif
Otus gurneyi,Otus gurneyi,"(Tweeddale, 1879)",1879,gbif
Otus hartlaubi,Otus hartlaubi,"(Giebel, 1872)",1872,gbif
Otus icterorhynchus,Otus icterorhynchus,"(Shelley, 1873)",1873,gbif
Otus insularis,Otus insularis,"(Tristram, 1880)",1880,gbif
Otus ireneae,Otus ireneae,"Ripley, 1966",1966,gbif
Otus jolandae,Otus jolandae,"Sangster, B.F.King, Verbelen & Trainor, 2013",2013,gbif
Otus lempiji,Otus lempiji,"(Horsfield, 1821)",1821,gbif
Otus lettia,Otus lettia,"(Hodgson, 1836)",1836,gbif
Otus longicornis,Otus longicornis,"(Ogilvie-Grant, 1894)",1894,gbif
Otus magicus,Otus magicus,"(S.Müller, 1841)",1841,gbif
Otus manadensis,Otus manadensis,"(Quoy & Gaimard, 1832)",1832,gbif
Otus mantananensis,Otus mantananensis,"(Sharpe, 1892)",1892,gbif
Otus mayottensis,Otus mayottensis,"Benson, 1960",1960,gbif
Otus megalotis,Otus megalotis,"(Walden, 1875)",1875,gbif
Otus mendeni,Otus mendeni,"Neumann, 1939",1939,gbif
Otus mentawi,Otus mentawi,"Chasen & Kloss, 1926",1926,gbif
Otus mindorensis,Otus mindorensis,"(J.Whitehead, 1899)",1899,gbif
Otus mirus,Otus mirus,"Ripley & Rabor, 1968",1968,gbif
Otus moheliensis,Otus moheliensis,"Lafontaine & Moulaert, 1998",1998,gbif
Otus nigrorum,Otus nigrorum,"Rand, 1950",1950,gbif
Otus pamelae,Otus pamelae,"Bates, 1937",1937,gbif
Otus pauliani,Otus pauliani,"Benson, 1960",1960,gbif
Otus pembaensis,Otus pembaensis,"Pakenham, 1937",1937,gbif
Otus rufescens,Otus rufescens,"(Horsfield, 1821)",1821,gbif
Otus rutilus,Otus rutilus,"(Pucheran, 1849)",1849,gbif
Otus sagittatus,Otus sagittatus,"(Cassin, 1849)",1849,gbif
Otus scops,Otus scops,"(Linnaeus, 1758)",1758,gbif
Otus semitorques,Otus semitorques,"Temminck & Schlegel, 1844",1844,gbif
Otus senegalensis,Otus senegalensis,"(Swainson, 1837)",1837,gbif
Otus siaoensis,Otus siaoensis,"(Schlegel, 1873)",1873,gbif
Otus silvicola,Otus silvicola,"(Wallace, 1864)",1864,gbif
Otus socotranus,Otus socotranus,"(Ogilvie-Grant & H.O.Forbes, 1899)",1899,gbif
Otus spilocephalus,Otus spilocephalus,"(Blyth, 1846)",1846,gbif
Otus sulaensis,Otus sulaensis,"(Hartert, 1898)",1898,gbif
Otus sunia,Otus sunia,"(Hodgson, 1836)",1836,gbif
Otus tempestatis,Otus tempestatis,"(Hartert & Ejo, 1904)",1904,gbif
Otus thilohoffmanni,Otus thilohoffmanni,"Warakagoda & Rasmussen, 2004",2004,gbif
Otus umbra,Otus umbra,"(Richmond, 1903)",1903,gbif
Pseudoscops grammicus,Pseudoscops grammicus,"(Gosse, 1847)",1847,gbif
Psiloscops flammeolus,Psiloscops flammeolus,"(Kaup, 1852)",1852,gbif
Ptilopsis granti,Ptilopsis granti,"(Kollibay, 1910)",1910,gbif
Ptilopsis leucotis,Ptilopsis leucotis,"(Temminck, 1820)",1820,gbif
Pulsatrix koeniswaldiana,Pulsatrix koeniswaldiana,"(M.Bertoni & W.Bertoni, 1901)",1901,gbif
Pulsatrix melanota,Pulsatrix melanota,"(Tschudi, 1844)",1844,gbif
Pulsatrix perspicillata,Pulsatrix perspicillata,"(Latham, 1790)",1790,gbif
Pyrroglaux podargina,Pyrroglaux podargina,"(Hartlaub & Finsch, 1872)",1872,gbif
Scotopelia bouvieri,Scotopelia bouvieri,"Sharpe, 1875",1875,gbif
Scotopelia peli,Scotopelia peli,"Bonaparte, 1850",1850,gbif
Scotopelia ussheri,Scotopelia ussheri,"Sharpe, 1871",1871,gbif
Strix aluco,Strix aluco,"Linnaeus, 1758",1758,gbif
Strix butleri,Strix butleri,"(Hume, 1878)",1878,gbif
Strix chacoensis,Strix chacoensis,"Cherrie & Reichenberger, 1921",1921,gbif
Strix fulvescens,Strix fulvescens,"(P.L.Sclater & Salvin, 1868)",1868,gbif
Strix hadorami,Strix hadorami,"Kirwan, Schweizer & Copete, 2015",2015,gbif
Strix hylophila,Strix hylophila,"Temminck, 1825",1825,gbif
Strix leptogrammica,Strix leptogrammica,"Temminck, 1832",1832,gbif
Strix nebulosa,Strix nebulosa,"J.R.Forster, 1772",1772,gbif
Strix nivicolum,Strix nivicolum,"(Blyth, 1845)",1845,gbif
Strix occidentalis,Strix occidentalis,"(Xántus de Vésey, 1860)",1860,gbif
Strix ocellata,Strix ocellata,"(R.Lesson, 1839)",1839,gbif
Strix rufipes,Strix rufipes,"P.P.King, 1827",1827,gbif
Strix seloputo,Strix seloputo,"Horsfield, 1821",1821,gbif
Strix uralensis,Strix uralensis,"Pallas, 1771",1771,gbif
Strix varia,Strix varia,"Barton, 1799",1799,gbif
Strix woodfordii,Strix woodfordii,"(A.Smith, 1834)",1834,gbif
Surnia ulula,Surnia ulula,"(Linnaeus, 1758)",1758,gbif
Uroglaux dimorpha,Uroglaux dimorpha,"(Salvadori, 1874)",1874,gbif
Xenoglaux loweryi,Xenoglaux loweryi,"O'Neill & G.R.Graves, 1977",1977,gbif
Phodilus assimilis,Phodilus assimilis,"Hume, 1877",1877,gbif
Phodilus badius,Phodilus badius,"(Horsfield, 1821)",1821,gbif
Phodilus prigoginei,Phodilus prigoginei,"Schouteden, 1952",1952,gbif
Tyto alba,Tyto alba,"(Scopoli, 1769)",1769,gbif
Tyto almae,Tyto almae,"Jønsson, Poulsen, Haryoko, Reeve & Fabre, 2013",2013,gbif
Tyto aurantia,Tyto aurantia,"(Salvadori, 1881)",1881,gbif
Tyto capensis,Tyto capensis,"(A.Smith, 1834)",1834,gbif
Tyto glaucops,Tyto glaucops,"(Kaup, 1852)",1852,gbif
Tyto inexspectata,Tyto inexspectata,"(Schlegel, 1879)",1879,gbif
Tyto longimembris,Tyto longimembris,"(Jerdon, 1839)",1839,gbif
Tyto multipunctata,Tyto multipunctata,"Mathews, 1912",1912,gbif
Tyto nigrobrunnea,Tyto nigrobrunnea,"Neumann, 1939",1939,gbif
Tyto novaehollandiae,Tyto novaehollandiae,"(Stephens, 1826)",1826,gbif
Tyto rosenbergii,Tyto rosenbergii,"(Schlegel, 1866)",1866,gbif
Tyto soumagnei,Tyto soumagnei,"(A.Grandidier, 1878)",1878,gbif
Tyto tenebricosa,Tyto tenebricosa,"(Gould, 1845)",1845,gbif
Apteryx australis,Apteryx australis,"Shaw, 1813",1813,gbif
Apteryx haastii,Apteryx haastii,"Potts, 1872",1872,gbif
Apteryx mantelli,Apteryx mantelli,"Bartlett, 1852",1852,gbif
Apteryx owenii,Apteryx owenii,"Gould, 1847",1847,gbif
Apteryx rowi,Apteryx rowi,"Tennyson, Palma, Robertson, Worthy & B.J.Gill, 2003",2003,gbif
Casuarius bennetti,Casuarius bennetti,"Gould, 1857",1857,gbif
Casuarius casuarius,Casuarius casuarius,"(Linnaeus, 1758)",1758,gbif
Casuarius unappendiculatus,Casuarius unappendiculatus,"Blyth, 1860",1860,gbif
Dromaius novaehollandiae,Dromaius novaehollandiae,"(Latham, 1790)",1790,gbif
Rhea americana,Rhea americana,"(Linnaeus, 1758)",1758,gbif
Rhea pennata,Rhea pennata,"d'Orbigny, 1834",1834,gbif
Rhea tarapacensis,Rhea tarapacensis,"(C.Chubb, 1913)",1913,gbif
Struthio camelus,Struthio camelus,"Linnaeus, 1758",1758,gbif
Struthio molybdophanes,Struthio molybdophanes,"Reichenow, 1883",1883,gbif
Crypturellus atrocapillus,Crypturellus atrocapillus,"(Tschudi, 1844)",1844,gbif
Crypturellus bartletti,Crypturellus bartletti,"(P.L.Sclater & Salvin, 1873)",1873,gbif
Crypturellus berlepschi,Crypturellus berlepschi,"(Rothschild, 1897)",1897,gbif
Crypturellus boucardi,Crypturellus boucardi,"(P.L.Sclater, 1860)",1860,gbif
Crypturellus brevirostris,Crypturellus brevirostris,"(Pelzeln, 1863)",1863,gbif
Crypturellus casiquiare,Crypturellus casiquiare,"(Chapman, 1929)",1929,gbif
Crypturellus cinereus,Crypturellus cinereus,"(J.F.Gmelin, 1789)",1789,gbif
Crypturellus cinnamomeus,Crypturellus cinnamomeus,"(Lesson, 1842)",1842,gbif
Crypturellus duidae,Crypturellus duidae,"J.T.Zimmer, 1938",1938,gbif
Crypturellus erythropus,Crypturellus erythropus,"(Pelzeln, 1863)",1863,gbif
Crypturellus kerriae,Crypturellus kerriae,"(Chapman, 1915)",1915,gbif
Crypturellus noctivagus,Crypturellus noctivagus,"(zu Wied-Neuwied, 1820)",1820,gbif
Crypturellus obsoletus,Crypturellus obsoletus,"(Temminck, 1815)",1815,gbif
Crypturellus occidentalis,Crypturellus occidentalis,"(Salvadori, 1895)",1895,gbif
Crypturellus parvirostris,Crypturellus parvirostris,"(Wagler, 1827)",1827,gbif
Crypturellus ptaritepui,Crypturellus ptaritepui,"J.T.Zimmer & Phelps, 1945",1945,gbif
Crypturellus soui,Crypturellus soui,"(Hermann, 1783)",1783,gbif
Crypturellus strigulosus,Crypturellus strigulosus,"(Temminck, 1815)",1815,gbif
Crypturellus tataupa,Crypturellus tataupa,"(Temminck, 1815)",1815,gbif
Crypturellus transfasciatus,Crypturellus transfasciatus,"(P.L.Sclater & Salvin, 1878)",1878,gbif
Crypturellus undulatus,Crypturellus undulatus,"(Temminck, 1815)",1815,gbif
Crypturellus variegatus,Crypturellus variegatus,"(J.F.Gmelin, 1789)",1789,gbif
Eudromia elegans,Eudromia elegans,"I.Geoffroy Saint-Hilaire, 1832",1832,gbif
Eudromia formosa,Eudromia formosa,"(Lillo, 1905)",1905,gbif
Nothocercus bonapartei,Nothocercus bonapartei,"(G.R.Gray, 1867)",1867,gbif
Nothocercus julius,Nothocercus julius,"(Bonaparte, 1854)",1854,gbif
Nothocercus nigrocapillus,Nothocercus nigrocapillus,"(G.R.Gray, 1867)",1867,gbif
Nothoprocta cinerascens,Nothoprocta cinerascens,"(Burmeister, 1860)",1860,gbif
Nothoprocta curvirostris,Nothoprocta curvirostris,"P.L.Sclater & Salvin, 1873",1873,gbif
Nothoprocta ornata,Nothoprocta ornata,"(G.R.Gray, 1867)",1867,gbif
Nothoprocta pentlandii,Nothoprocta pentlandii,"(G.R.Gray, 1867)",1867,gbif
Nothoprocta perdicaria,Nothoprocta perdicaria,"(Kittlitz, 1830)",1830,gbif
Nothoprocta taczanowskii,Nothoprocta taczanowskii,"P.L.Sclater & Salvin, 1875",1875,gbif
Nothura boraquira,Nothura boraquira,"(von Spix, 1825)",1825,gbif
Nothura darwinii,Nothura darwinii,"G.R.Gray, 1867",1867,gbif
Nothura maculosa,Nothura maculosa,"(Temminck, 1815)",1815,gbif
Nothura minor,Nothura minor,"(von Spix, 1825)",1825,gbif
Rhynchotus maculicollis,Rhynchotus maculicollis,"G.R.Gray, 1867",1867,gbif
Rhynchotus rufescens,Rhynchotus rufescens,"(Temminck, 1815)",1815,gbif
Taoniscus nanus,Taoniscus nanus,"(Temminck, 1815)",1815,gbif
Tinamotis ingoufi,Tinamotis ingoufi,"Oustalet, 1890",1890,gbif
Tinamotis pentlandii,Tinamotis pentlandii,"Vigors, 1837",1837,gbif
Tinamus guttatus,Tinamus guttatus,"Pelzeln, 1863",1863,gbif
Tinamus major,Tinamus major,"(J.F.Gmelin, 1789)",1789,gbif
Tinamus osgoodi,Tinamus osgoodi,"Conover, 1949",1949,gbif
Tinamus solitarius,Tinamus solitarius,"(Vieillot, 1819)",1819,gbif
Tinamus tao,Tinamus tao,"Temminck, 1815",1815,gbif
Anhinga anhinga,Anhinga anhinga,"(Linnaeus, 1766)",1766,gbif
Anhinga melanogaster,Anhinga melanogaster,"Pennant, 1769",1769,gbif
Anhinga novaehollandiae,Anhinga novaehollandiae,"(Gould, 1847)",1847,gbif
Anhinga rufa,Anhinga rufa,"(Daudin, 1802)",1802,gbif
Fregata andrewsi,Fregata andrewsi,"Mathews, 1914",1914,gbif
Fregata aquila,Fregata aquila,"(Linnaeus, 1758)",1758,gbif
Fregata ariel,Fregata ariel,"(G.R.Gray, 1845)",1845,gbif
Fregata magnificens,Fregata magnificens,"Mathews, 1914",1914,gbif
Fregata minor,Fregata minor,"(Gmelin, 1789)",1789,gbif
Gulosus aristotelis,Gulosus aristotelis,"(Linnaeus, 1761)",1761,gbif
Leucocarbo atriceps,Leucocarbo atriceps,"(King, 1828)",1828,gbif
Leucocarbo bougainvilliorum,Leucocarbo bougainvilliorum,"(Lesson, 1837)",1837,gbif
Leucocarbo campbelli,Leucocarbo campbelli,"(Filhol, 1878)",1878,gbif
Leucocarbo carunculatus,Leucocarbo carunculatus,"(Gmelin, 1789)",1789,gbif
Leucocarbo chalconotus,Leucocarbo chalconotus,"(G.R.Gray, 1845)",1845,gbif
Leucocarbo colensoi,Leucocarbo colensoi,"(Buller, 1888)",1888,gbif
Leucocarbo magellanicus,Leucocarbo magellanicus,"(J.F.Gmelin, 1789)",1789,gbif
Leucocarbo onslowi,Leucocarbo onslowi,"(H.O.Forbes, 1893)",1893,gbif
Leucocarbo ranfurlyi,Leucocarbo ranfurlyi,"(Ogilvie-Grant, 1901)",1901,gbif
Leucocarbo verrucosus,Leucocarbo verrucosus,"(Cabanis, 1875)",1875,gbif
Microcarbo africanus,Microcarbo africanus,"(Gmelin, 1789)",1789,gbif
Microcarbo coronatus,Microcarbo coronatus,"(Wahlberg, 1855)",1855,gbif
Microcarbo melanoleucos,Microcarbo melanoleucos,"(Vieillot, 1817)",1817,gbif
Microcarbo niger,Microcarbo niger,"(Vieillot, 1817)",1817,gbif
Microcarbo pygmaeus,Microcarbo pygmaeus,"(Pallas, 1773)",1773,gbif
Nannopterum auritus,,,,none
Nannopterum brasilianus,,,,none
Nannopterum harrisi,Nannopterum harrisi,"(Rothschild, 1898)",1898,gbif
Phalacrocorax capensis,Phalacrocorax capensis,"(Sparrman, 1788)",1788,gbif
Phalacrocorax capillatus,Phalacrocorax capillatus,"(Temminck & Schlegel, 1849)",1849,gbif
Phalacrocorax carbo,Phalacrocorax carbo,"(Linnaeus, 1758)",1758,gbif
Phalacrocorax featherstoni,Phalacrocorax featherstoni,"Buller, 1873",1873,gbif
Phalacrocorax fuscescens,Phalacrocorax fuscescens,"(Vieillot, 1817)",1817,gbif
Phalacrocorax fuscicollis,Phalacrocorax fuscicollis,"Stephens, 1826",1826,gbif
Phalacrocorax neglectus,Phalacrocorax neglectus,"(Wahlberg, 1855)",1855,gbif
Phalacrocorax nigrogularis,Phalacrocorax nigrogularis,"Ogilvie-Grant & H.O.Forbes, 1899",1899,gbif
Phalacrocorax punctatus,Phalacrocorax punctatus,"(Sparrman, 1786)",1786,gbif
Phalacrocorax sulcirostris,Phalacrocorax sulcirostris,"(Brandt, 1837)",1837,gbif
Phalacrocorax varius,Phalacrocorax varius,"(Gmelin, 1789)",1789,gbif
Poikilocarbo gaimardi,Poikilocarbo gaimardi,"(Garnot, 1828)",1828,gbif
Urile pelagicus,Urile pelagicus,"(Pallas, 1811)",1811,gbif
Urile penicillatus,Urile penicillatus,"(J.F.Brandt, 1837)",1837,gbif
Urile urile,Urile urile,"(J.F.Gmelin, 1789)",1789,gbif
Morus bassanus,Morus bassanus,"(Linnaeus, 1758)",1758,gbif
Morus capensis,Morus capensis,"(Lichtenstein, 1823)",1823,gbif
Morus serrator,Morus serrator,"(G.R.Gray, 1843)",1843,gbif
Papasula abbotti,Papasula abbotti,"(Ridgway, 1893)",1893,gbif
Sula dactylatra,Sula dactylatra,"Lesson, 1831",1831,gbif
Sula granti,Sula granti,"Rothschild, 1902",1902,gbif
Sula leucogaster,Sula leucogaster,"(Boddaert, 1783)",1783,gbif
Sula nebouxii,Sula nebouxii,"Milne-Edwards, 1882",1882,gbif
Sula sula,Sula sula,"(Linnaeus, 1766)",1766,gbif
Sula variegata,Sula variegata,"(Tschudi, 1843)",1843,gbif
Apalharpactes mackloti,Apalharpactes mackloti,"(S.Müller, 1836)",1836,gbif
Apalharpactes reinwardtii,Apalharpactes reinwardtii,"(Temminck, 1822)",1822,gbif
Apaloderma aequatoriale,Apaloderma aequatoriale,"Sharpe, 1901",1901,gbif
Apaloderma narina,Apaloderma narina,"(Stephens, 1815)",1815,gbif
Apaloderma vittatum,Apaloderma vittatum,"Shelley, 1882",1882,gbif
Euptilotis neoxenus,Euptilotis neoxenus,"(Gould, 1838)",1838,gbif
Harpactes ardens,Harpactes ardens,"(Temminck, 1826)",1826,gbif
Harpactes diardii,Harpactes diardii,"(Temminck, 1832)",1832,gbif
Harpactes duvaucelii,Harpactes duvaucelii,"(Temminck, 1824)",1824,gbif
Harpactes erythrocephalus,Harpactes erythrocephalus,"(Gould, 1834)",1834,gbif
Harpactes fasciatus,Harpactes fasciatus,"(Pennant, 1769)",1769,gbif
Harpactes kasumba,Harpactes kasumba,"(Raffles, 1822)",1822,gbif
Harpactes oreskios,Harpactes oreskios,"(Temminck, 1823)",1823,gbif
Harpactes orrhophaeus,Harpactes orrhophaeus,"(Cabanis & Heine, 1863)",1863,gbif
Harpactes wardi,Harpactes wardi,"(Kinnear, 1927)",1927,gbif
Harpactes whiteheadi,Harpactes whiteheadi,"Sharpe, 1888",1888,gbif
Pharomachrus antisianus,Pharomachrus antisianus,"(d'Orbigny, 1837)",1837,gbif
Pharomachrus auriceps,Pharomachrus auriceps,"(Gould, 1842)",1842,gbif
Pharomachrus fulgidus,Pharomachrus fulgidus,"(Gould, 1838)",1838,gbif
Pharomachrus mocinno,Pharomachrus mocinno,"La Llave, 1832",1832,gbif
Pharomachrus pavoninus,Pharomachrus pavoninus,"(Spix, 1824)",1824,gbif
Priotelus temnurus,Priotelus temnurus,"(Temminck, 1825)",1825,gbif
Temnotrogon roseigaster,Temnotrogon roseigaster,"(Vieillot, 1817)",1817,gbif
Trogon ambiguus,Trogon ambiguus,"Gould, 1835",1835,gbif
Trogon aurantius,Trogon aurantius,"Spix, 1824",1824,gbif
Trogon bairdii,Trogon bairdii,"Lawrence, 1868",1868,gbif
Trogon chionurus,Trogon chionurus,"P.L.Sclater & Salvin, 1871",1871,gbif
Trogon citreolus,Trogon citreolus,"Gould, 1835",1835,gbif
Trogon clathratus,Trogon clathratus,"Salvin, 1866",1866,gbif
Trogon collaris,Trogon collaris,"Vieillot, 1817",1817,gbif
Trogon comptus,Trogon comptus,"J.T.Zimmer, 1948",1948,gbif
Trogon curucui,Trogon curucui,"Linnaeus, 1766",1766,gbif
Trogon elegans,Trogon elegans,"Gould, 1834",1834,gbif
Trogon massena,Trogon massena,"Gould, 1838",1838,gbif
Trogon melanocephalus,Trogon melanocephalus,"Gould, 1836",1836,gbif
Trogon melanurus,Trogon melanurus,"Swainson, 1838",1838,gbif
Trogon mesurus,Trogon mesurus,"(Cabanis & Heine, 1863)",1863,gbif
Trogon mexicanus,Trogon mexicanus,"Swainson, 1827",1827,gbif
Trogon personatus,Trogon personatus,"Gould, 1842",1842,gbif
Trogon rufus,Trogon rufus,"J.F.Gmelin, 1788",1788,gbif
Trogon surrucura,Trogon surrucura,"Vieillot, 1817",1817,gbif
Trogon violaceus,Trogon violaceus,"J.F.Gmelin, 1788",1788,gbif
Trogon viridis,Trogon viridis,"Linnaeus, 1766",1766,gbif
