species,article,months,views_total,views_mean_monthly
Accipiter albogularis,Pied goshawk,120,16185,134.88
Accipiter badius,,0,,
Accipiter bicolor,Bicolored hawk,120,35931,299.43
Accipiter brachyurus,New Britain sparrowhawk,120,14944,124.53
Accipiter brevipes,Levant sparrowhawk,120,77446,645.38
Accipiter butleri,Nicobar sparrowhawk,120,19684,164.03
Accipiter castanilius,Chestnut-flanked sparrowhawk,120,34842,290.35
Accipiter cirrocephalus,Collared sparrowhawk,120,60198,501.65
Accipiter collaris,Semicollared hawk,120,13252,110.43
Accipiter cooperii,Cooper's hawk,120,1866795,15556.62
Accipiter erythrauchen,Rufous-necked sparrowhawk,120,11028,91.90
Accipiter erythropus,Red-thighed sparrowhawk,120,20188,168.23
Accipiter fasciatus,Brown goshawk,120,102255,852.12
Accipiter francesiae,Frances's sparrowhawk,120,21505,179.21
Accipiter gentilis,Eurasian goshawk,30,352918,11763.93
Accipiter griseiceps,Sulawesi goshawk,120,20325,169.38
Accipiter gularis,Japanese sparrowhawk,120,80580,671.50
Accipiter gundlachi,Gundlach's hawk,120,19687,164.06
Accipiter haplochrous,White-bellied goshawk,120,17438,145.32
Accipiter henicogrammus,Moluccan goshawk,120,11935,99.46
Accipiter henstii,Henst's goshawk,120,23404,195.03
Accipiter hiogaster,Variable goshawk,120,10525,87.71
Accipiter imitator,Imitator goshawk,120,13749,114.58
Accipiter luteoschistaceus,Slaty-mantled goshawk,120,9795,81.62
Accipiter madagascariensis,Madagascar sparrowhawk,120,11213,93.44
Accipiter melanochlamys,Black-mantled goshawk,120,14069,117.24
Accipiter melanoleucus,Black sparrowhawk,120,72801,606.67
Accipiter meyerianus,Meyer's goshawk,120,17540,146.17
Accipiter minullus,Little sparrowhawk,120,54720,456.00
Accipiter nanus,Dwarf sparrowhawk,120,14654,122.12
Accipiter nisus,Eurasian sparrowhawk,120,1353885,11282.38
Accipiter novaehollandiae,Grey goshawk,120,101531,846.09
Accipiter ovampensis,Ovambo sparrowhawk,120,17877,148.97
Accipiter poliocephalus,Grey-headed goshawk,120,13123,109.36
Accipiter poliogaster,Grey-bellied hawk,120,16321,136.01
Accipiter princeps,New Britain goshawk,120,23812,198.43
Accipiter rhodogaster,Vinous-breasted sparrowhawk,120,12471,103.92
Accipiter rufitorques,Fiji goshawk,120,26559,221.32
Accipiter rufiventris,Rufous-breasted sparrowhawk,120,17975,149.79
Accipiter soloensis,Chinese sparrowhawk,120,59872,498.93
Accipiter striatus,Sharp-shinned hawk,120,930630,7755.25
Accipiter superciliosus,Tiny hawk,120,58650,488.75
Accipiter sylvestris,Lesser Sundas goshawk,120,3141,26.18
Accipiter tachiro,African goshawk,120,74139,617.83
Accipiter toussenelii,African goshawk,120,74139,617.83
Accipiter trinotatus,Spot-tailed sparrowhawk,120,17303,144.19
Accipiter trivirgatus,Crested goshawk,120,115598,963.32
Accipiter virgatus,,0,,
Aegypius monachus,Cinereous vulture,120,661499,5512.49
Aquila adalberti,Spanish imperial eagle,120,242076,2017.30
Aquila africana,Cassin's hawk-eagle,120,42195,351.62
Aquila audax,Wedge-tailed eagle,120,1545483,12879.02
Aquila chrysaetos,Golden eagle,120,6448907,53740.89
Aquila fasciata,Bonelli's eagle,120,363780,3031.50
Aquila gurneyi,Gurney's eagle,120,40169,334.74
Aquila heliaca,Eastern imperial eagle,120,561308,4677.57
Aquila nipalensis,Steppe eagle,120,457936,3816.13
Aquila rapax,Tawny eagle,120,286724,2389.37
Aquila spilogaster,African hawk-eagle,120,140915,1174.29
Aquila verreauxii,Verreaux's eagle,120,274909,2290.91
Aviceda cuculoides,African cuckoo-hawk,120,35670,297.25
Aviceda jerdoni,Jerdon's baza,120,48259,402.16
Aviceda leuphotes,Black baza,120,74266,618.88
Aviceda madagascariensis,Madagascar cuckoo-hawk,120,12253,102.11
Aviceda subcristata,Pacific baza,120,71924,599.37
Busarellus nigricollis,Black-collared hawk,120,36591,304.93
Butastur indicus,Grey-faced buzzard,120,43337,361.14
Butastur liventer,Rufous-winged buzzard,120,19773,164.78
Butastur rufipennis,Grasshopper buzzard,120,25287,210.72
Butastur teesa,White-eyed buzzard,120,51891,432.43
Buteo albigula,White-throated hawk,120,24147,201.22
Buteo albonotatus,Zone-tailed hawk,120,153868,1282.23
Buteo augur,Augur buzzard,120,171823,1431.86
Buteo auguralis,Red-necked buzzard,120,33638,280.32
Buteo brachypterus,Madagascar buzzard,120,30577,254.81
Buteo brachyurus,Short-tailed hawk,120,97177,809.81
Buteo buteo,Common buzzard,120,2082532,17354.43
Buteo galapagoensis,Galapagos hawk,120,93745,781.21
Buteo hemilasius,Upland buzzard,120,65650,547.08
Buteo jamaicensis,Red-tailed hawk,120,3586570,29888.08
Buteo japonicus,Eastern buzzard,120,68244,568.70
Buteo lagopus,Rough-legged buzzard,120,278412,2320.10
Buteo lineatus,Red-shouldered hawk,120,1195657,9963.81
Buteo nitidus,Gray-lined hawk,120,23856,198.80
Buteo oreophilus,Mountain buzzard,120,35837,298.64
Buteo plagiatus,Gray hawk,120,166080,1384.00
Buteo platypterus,Broad-winged hawk,120,673814,5615.12
Buteo refectus,Himalayan buzzard,120,22478,187.32
Buteo regalis,Ferruginous hawk,120,568511,4737.59
Buteo ridgwayi,Ridgway's hawk,120,45001,375.01
Buteo rufinus,Long-legged buzzard,120,164083,1367.36
Buteo rufofuscus,Jackal buzzard,120,82690,689.08
Buteo socotraensis,Socotra buzzard,120,14915,124.29
Buteo solitarius,Hawaiian hawk,120,182996,1524.97
Buteo swainsoni,Swainson's hawk,120,489035,4075.29
Buteo trizonatus,Forest buzzard,120,29851,248.76
Buteo ventralis,Rufous-tailed hawk,120,28390,236.58
Buteogallus aequinoctialis,Rufous crab hawk,120,16914,140.95
Buteogallus anthracinus,Common black hawk,120,256546,2137.88
Buteogallus coronatus,Chaco eagle,119,64239,539.82
Buteogallus gundlachii,Cuban black hawk,120,23361,194.68
Buteogallus lacernulatus,White-necked hawk,120,19440,162.00
Buteogallus meridionalis,Savanna hawk,120,44855,373.79
Buteogallus schistaceus,Slate-colored hawk,120,13944,116.20
Buteogallus solitarius,Solitary eagle,120,86847,723.73
Buteogallus urubitinga,Great black hawk,120,103814,865.12
Chelictinia riocourii,Scissor-tailed kite,120,65058,542.15
Chondrohierax uncinatus,Hook-billed kite,120,54530,454.42
Chondrohierax wilsonii,Cuban kite,120,30928,257.73
Circaetus beaudouini,Beaudouin's snake eagle,120,25776,214.80
Circaetus cinerascens,Western banded snake eagle,120,24429,203.57
Circaetus cinereus,Brown snake eagle,120,166866,1390.55
Circaetus fasciolatus,Southern banded snake eagle,120,17355,144.62
Circaetus gallicus,Short-toed snake eagle,120,203250,1693.75
Circaetus pectoralis,Black-chested snake eagle,120,78261,652.17
Circus aeruginosus,Western marsh harrier,120,253374,2111.45
Circus approximans,Swamp harrier,120,196688,1639.07
Circus assimilis,Spotted harrier,120,31221,260.18
Circus buffoni,Long-winged harrier,120,27059,225.49
Circus cinereus,Cinereous harrier,120,29977,249.81
Circus cyaneus,Hen harrier,120,483782,4031.52
Circus hudsonius,Northern harrier,120,650553,5421.27
Circus macrosceles,Malagasy harrier,120,13214,110.12
Circus macrourus,Pallid harrier,120,143214,1193.45
Circus maillardi,Réunion harrier,120,23272,193.93
Circus maurus,Black harrier,120,32408,270.07
Circus melanoleucos,Pied harrier,120,44623,371.86
Circus pygargus,Montagu's harrier,120,196518,1637.65
Circus ranivorus,African marsh harrier,120,32711,272.59
Circus spilonotus,Eastern marsh harrier,120,50349,419.57
Circus spilothorax,Papuan harrier,120,12616,105.13
Clanga clanga,Greater spotted eagle,120,270589,2254.91
Clanga hastata,Indian spotted eagle,120,198184,1651.53
Clanga pomarina,Lesser spotted eagle,120,170262,1418.85
Cryptoleucopteryx plumbea,Plumbeous hawk,120,12136,101.13
Dryotriorchis spectabilis,Congo serpent eagle,120,29949,249.57
Elanoides forficatus,Swallow-tailed kite,120,636534,5304.45
Elanus axillaris,Black-shouldered kite,120,251588,2096.57
Elanus caeruleus,Black-winged kite,120,360863,3007.19
Elanus leucurus,White-tailed kite,120,354140,2951.17
Elanus scriptus,Letter-winged kite,120,122950,1024.58
Erythrotriorchis buergersi,Chestnut-shouldered goshawk,120,12948,107.90
Erythrotriorchis radiatus,Red goshawk,120,50408,420.07
Eutriorchis astur,Madagascar serpent eagle,120,32016,266.80
Gampsonyx swainsonii,Pearl kite,120,55110,459.25
Geranoaetus albicaudatus,White-tailed hawk,120,141412,1178.43
Geranoaetus melanoleucus,Black-chested buzzard-eagle,120,151894,1265.78
Geranoaetus polyosoma,Variable hawk,120,41073,342.27
Geranospiza caerulescens,Crane hawk,120,45408,378.40
Gypaetus barbatus,Bearded vulture,120,2137147,17809.56
Gypohierax angolensis,Palm-nut vulture,120,185246,1543.72
Gyps africanus,White-backed vulture,120,366881,3057.34
Gyps bengalensis,White-rumped vulture,120,332405,2770.04
Gyps coprotheres,Cape vulture,120,166180,1384.83
Gyps fulvus,Eurasian griffon vulture,120,229406,1911.72
Gyps himalayensis,Himalayan vulture,120,374692,3122.43
Gyps indicus,Indian vulture,120,655622,5463.52
Gyps rueppelli,Rüppell's vulture,120,694324,5786.03
Gyps tenuirostris,Slender-billed vulture,120,152930,1274.42
Haliaeetus albicilla,White-tailed eagle,120,1800883,15007.36
Haliaeetus leucocephalus,Bald eagle,120,9036483,75304.02
Haliaeetus leucogaster,White-bellied sea eagle,120,641931,5349.43
Haliaeetus leucoryphus,Pallas's fish eagle,120,132537,1104.47
Haliaeetus pelagicus,Steller's sea eagle,120,1738066,14483.88
Haliaeetus sanfordi,Sanford's sea eagle,120,80227,668.56
Haliaeetus vocifer,African fish eagle,120,701535,5846.12
Haliaeetus vociferoides,Madagascar fish eagle,120,42483,354.02
Haliastur indus,Brahminy kite,120,696949,5807.91
Haliastur sphenurus,Whistling kite,120,141811,1181.76
Hamirostra melanosternon,Black-breasted buzzard,120,93247,777.06
Harpagus bidentatus,Double-toothed kite,120,33955,282.96
Harpagus diodon,Rufous-thighed kite,120,13866,115.55
Harpia harpyja,Harpy eagle,120,5199331,43327.76
Harpyopsis novaeguineae,Papuan eagle,120,285492,2379.10
Helicolestes hamatus,Slender-billed kite,120,22276,185.63
Henicopernis infuscatus,Black honey buzzard,120,20126,167.72
Henicopernis longicauda,Long-tailed honey buzzard,120,15988,133.23
Hieraaetus ayresii,Ayres's hawk-eagle,120,41813,348.44
Hieraaetus morphnoides,Little eagle,120,168632,1405.27
Hieraaetus pennatus,Booted eagle,120,336360,2803.00
Hieraaetus wahlbergi,Wahlberg's eagle,120,69958,582.98
Hieraaetus weiskei,Pygmy eagle,120,44166,368.05
Icthyophaga humilis,Lesser fish eagle,120,61484,512.37
Icthyophaga ichthyaetus,Grey-headed fish eagle,120,114599,954.99
Ictinaetus malaiensis,Black eagle,120,498927,4157.73
Ictinia mississippiensis,Mississippi kite,120,536745,4472.88
Ictinia plumbea,Plumbeous kite,120,31326,261.05
Kaupifalco monogrammicus,Lizard buzzard,120,54509,454.24
Leptodon cayanensis,Gray-headed kite,120,22980,191.50
Leptodon forbesi,White-collared kite,120,20856,173.80
Leucopternis kuhli,White-browed hawk,120,11084,92.37
Leucopternis melanops,Black-faced hawk,120,20323,169.36
Leucopternis semiplumbeus,Semiplumbeous hawk,120,14023,116.86
Lophaetus occipitalis,Long-crested eagle,120,125919,1049.33
Lophoictinia isura,Square-tailed kite,120,43895,365.79
Lophotriorchis kienerii,Rufous-bellied eagle,120,53116,442.63
Macheiramphus alcinus,Bat hawk,120,110549,921.24
Megatriorchis doriae,Doria's hawk,17,1154,67.88
Melierax canorus,Pale chanting goshawk,120,52828,440.23
Melierax metabates,Dark chanting goshawk,120,42574,354.78
Melierax poliopterus,Eastern chanting goshawk,120,30796,256.63
Micronisus gabar,Gabar goshawk,120,51743,431.19
Milvus aegyptius,Yellow-billed kite,120,105172,876.43
Milvus migrans,Black kite,120,1265527,10546.06
Milvus milvus,Red kite,120,1733776,14448.13
Morphnarchus princeps,Barred hawk,120,18518,154.32
Morphnus guianensis,Crested eagle,120,166527,1387.72
Necrosyrtes monachus,Hooded vulture,120,226808,1890.07
Neophron percnopterus,Egyptian vulture,120,709625,5913.54
Nisaetus alboniger,Blyth's hawk-eagle,120,31026,258.55
Nisaetus bartelsi,Javan hawk-eagle,120,182152,1517.93
Nisaetus cirrhatus,Changeable hawk-eagle,120,267548,2229.57
Nisaetus floris,Flores hawk-eagle,120,35787,298.23
Nisaetus lanceolatus,Sulawesi hawk-eagle,120,23606,196.72
Nisaetus nanus,Wallace's hawk-eagle,120,28699,239.16
Nisaetus nipalensis,Mountain hawk-eagle,120,161730,1347.75
Nisaetus philippensis,Philippine hawk-eagle,120,81882,682.35
Nisaetus pinskeri,Pinsker's hawk-eagle,120,31754,264.62
Parabuteo leucorrhous,White-rumped hawk,120,27575,229.79
Parabuteo unicinctus,Harris's hawk,120,913010,7608.42
Pernis apivorus,European honey buzzard,120,590729,4922.74
Pernis celebensis,Barred honey buzzard,120,18387,153.22
Pernis ptilorhynchus,Crested honey buzzard,120,259022,2158.52
Pernis steerei,Philippine honey buzzard,120,16143,134.53
Pithecophaga jefferyi,Philippine eagle,120,2695805,22465.04
Polemaetus bellicosus,Martial eagle,120,681767,5681.39
Polyboroides radiatus,Madagascar harrier-hawk,120,16828,140.23
Polyboroides typus,African harrier-hawk,120,199951,1666.26
Pseudastur albicollis,White hawk,120,142696,1189.13
Pseudastur occidentalis,Grey-backed hawk,120,10418,86.82
Pseudastur polionotus,Mantled hawk,120,13168,109.73
Rostrhamus sociabilis,Snail kite,120,196450,1637.08
Rupornis magnirostris,Roadside hawk,120,109615,913.46
Sarcogyps calvus,Red-headed vulture,120,279060,2325.50
Spilornis cheela,Crested serpent eagle,120,260524,2171.03
Spilornis elgini,Andaman serpent eagle,120,32918,274.32
Spilornis holospilus,Philippine serpent eagle,120,63279,527.33
Spilornis kinabaluensis,Mountain serpent eagle,120,21074,175.62
Spilornis klossi,Great Nicobar serpent eagle,120,34406,286.72
Spilornis rufipectus,Sulawesi serpent eagle,120,14496,120.80
Spizaetus isidori,Black-and-chestnut eagle,120,73102,609.18
Spizaetus melanoleucus,Black-and-white hawk-eagle,120,114216,951.80
Spizaetus ornatus,Ornate hawk-eagle,120,184236,1535.30
Spizaetus tyrannus,Black hawk-eagle,120,91809,765.08
Stephanoaetus coronatus,Crowned eagle,120,826636,6888.63
Terathopius ecaudatus,,0,,
Torgos tracheliotos,Lappet-faced vulture,120,342248,2852.07
Trigonoceps occipitalis,White-headed vulture,120,202440,1687.00
Urotriorchis macrourus,Long-tailed hawk,120,23974,199.78
Pandion haliaetus,,0,,
Sagittarius serpentarius,,0,,
Aix galericulata,Mandarin duck,120,1860835,15506.96
Aix sponsa,Wood duck,120,1274643,10622.02
Alopochen aegyptiaca,Egyptian goose,120,996361,8303.01
Amazonetta brasiliensis,Brazilian teal,120,47846,398.72
Anas acuta,Northern pintail,120,542025,4516.88
Anas albogularis,Andaman teal,120,32639,271.99
Anas andium,Andean teal,120,17163,143.03
Anas aucklandica,Auckland teal,120,38261,318.84
Anas bahamensis,White-cheeked pintail,120,77246,643.72
Anas bernieri,Bernier's teal,120,25972,216.43
Anas capensis,Cape teal,120,37491,312.43
Anas carolinensis,Green-winged teal,120,273105,2275.88
Anas castanea,Chestnut teal,120,43595,363.29
Anas chlorotis,Brown teal,120,41127,342.73
Anas crecca,Eurasian teal,120,486846,4057.05
Anas eatoni,Eaton's pintail,120,34831,290.26
Anas erythrorhyncha,Red-billed teal,120,33118,275.98
Anas flavirostris,Yellow-billed teal,120,31736,264.47
Anas fulvigula,Mottled duck,120,131923,1099.36
Anas georgica,Yellow-billed pintail,120,38960,324.67
Anas gibberifrons,Sunda teal,120,19813,165.11
Anas gracilis,Grey teal,120,50334,419.45
Anas laysanensis,Laysan duck,120,152924,1274.37
Anas luzonica,Philippine duck,120,94368,786.40
Anas melleri,Meller's duck,120,28191,234.93
Anas nesiotis,Campbell teal,120,60577,504.81
Anas platyrhynchos,,0,,
Anas poecilorhyncha,Indian spot-billed duck,120,122430,1020.25
Anas rubripes,American black duck,120,464866,3873.88
Anas sparsa,African black duck,120,62141,517.84
Anas superciliosa,Pacific black duck,120,197092,1642.43
Anas undulata,Yellow-billed duck,120,60986,508.22
Anas wyvilliana,Hawaiian duck,120,156954,1307.95
Anas zonorhyncha,Eastern spot-billed duck,120,54006,450.05
Anser albifrons,Greater white-fronted goose,120,352162,2934.68
Anser anser,Greylag goose,120,849490,7079.08
Anser brachyrhynchus,Pink-footed goose,120,193431,1611.92
Anser caerulescens,Snow goose,120,1030054,8583.78
Anser canagicus,Emperor goose,120,127115,1059.29
Anser cygnoid,Swan goose,120,346840,2890.33
Anser erythropus,Lesser white-fronted goose,120,117885,982.38
Anser fabalis,Taiga bean goose,120,73439,611.99
Anser indicus,Bar-headed goose,120,552032,4600.27
Anser rossii,Ross's goose,120,199572,1663.10
Asarcornis scutulata,White-winged duck,120,144863,1207.19
Aythya affinis,Lesser scaup,120,260329,2169.41
Aythya americana,Redhead (bird),120,283935,2366.12
Aythya australis,,0,,
Aythya baeri,Baer's pochard,120,100301,835.84
Aythya collaris,Ring-necked duck,120,225926,1882.72
Aythya ferina,Common pochard,120,250950,2091.25
Aythya fuligula,Tufted duck,120,366014,3050.12
Aythya innotata,Madagascar pochard,120,48527,404.39
Aythya marila,Greater scaup,120,315937,2632.81
Aythya novaeseelandiae,New Zealand scaup,120,49869,415.57
Aythya nyroca,Ferruginous duck,120,133673,1113.94
Aythya valisineria,,0,,
Biziura lobata,Musk duck,120,97068,808.90
Branta bernicla,Brant (goose),112,369525,3299.33
Branta canadensis,Canada goose,120,4601601,38346.68
Branta hutchinsii,Cackling goose,120,324051,2700.43
Branta leucopsis,Barnacle goose,120,734201,6118.34
Branta ruficollis,Red-breasted goose,120,150472,1253.93
Branta sandvicensis,Nene (bird),120,990417,8253.48
Bucephala albeola,,0,,
Bucephala clangula,Common goldeneye,120,403977,3366.47
Bucephala islandica,Barrow's goldeneye,120,149431,1245.26
Cairina moschata,Muscovy duck,120,2889345,24077.88
Callonetta leucophrys,Ringed teal,120,65288,544.07
Cereopsis novaehollandiae,Cape Barren goose,120,238904,1990.87
Chenonetta jubata,Australian wood duck,120,198924,1657.70
Chloephaga hybrida,Kelp goose,120,28774,239.78
Chloephaga melanoptera,Andean goose,120,44742,372.85
Chloephaga picta,Upland goose,120,58784,489.87
Chloephaga poliocephala,Ashy-headed goose,120,23061,192.18
Chloephaga rubidiceps,Ruddy-headed goose,120,30125,251.04
Clangula hyemalis,Long-tailed duck,120,311446,2595.38
Coscoroba coscoroba,Coscoroba swan,120,171311,1427.59
Cyanochen cyanoptera,Blue-winged goose,120,41135,342.79
Cygnus atratus,Black swan,120,1663635,13863.62
Cygnus buccinator,Trumpeter swan,120,1084949,9041.24
Cygnus columbianus,Tundra swan,120,508056,4233.80
Cygnus cygnus,Whooper swan,120,653202,5443.35
Cygnus melancoryphus,Black-necked swan,120,170926,1424.38
Cygnus olor,Mute swan,120,1763089,14692.41
Dendrocygna arborea,West Indian whistling duck,120,42534,354.45
Dendrocygna arcuata,Wandering whistling duck,120,44736,372.80
Dendrocygna autumnalis,Black-bellied whistling duck,120,493627,4113.56
Dendrocygna bicolor,Fulvous whistling duck,120,251128,2092.73
Dendrocygna eytoni,Plumed whistling duck,120,58816,490.13
Dendrocygna guttata,Spotted whistling duck,120,31858,265.48
Dendrocygna javanica,Lesser whistling duck,120,156244,1302.03
Dendrocygna viduata,White-faced whistling duck,120,123180,1026.50
Heteronetta atricapilla,Black-headed duck,120,54975,458.12
Histrionicus histrionicus,Harlequin duck,120,337908,2815.90
Hymenolaimus malacorhynchos,Blue duck,120,183422,1528.52
Lophodytes cucullatus,Hooded merganser,120,540149,4501.24
Lophonetta specularioides,Crested duck,120,53739,447.82
Malacorhynchus membranaceus,Pink-eared duck,120,54839,456.99
Mareca americana,American wigeon,120,284778,2373.15
Mareca falcata,Falcated duck,120,99875,832.29
Mareca penelope,Eurasian wigeon,120,344267,2868.89
Mareca sibilatrix,Chiloé wigeon,120,36752,306.27
Mareca strepera,,0,,
Marmaronetta angustirostris,Marbled duck,120,70719,589.33
Melanitta americana,Black scoter,120,136191,1134.92
Melanitta deglandi,White-winged scoter,120,117938,982.82
Melanitta fusca,Velvet scoter,120,74856,623.80
Melanitta nigra,Common scoter,120,90795,756.62
Melanitta perspicillata,Surf scoter,120,187347,1561.22
Melanitta stejnegeri,Stejneger's scoter,79,20110,254.56
Merganetta armata,Torrent duck,120,71499,595.83
Mergellus albellus,,0,,
Mergus merganser,Common merganser,120,789856,6582.13
Mergus octosetaceus,Brazilian merganser,120,55341,461.18
Mergus serrator,Red-breasted merganser,120,309013,2575.11
Mergus squamatus,Scaly-sided merganser,120,62101,517.51
Neochen jubata,Orinoco goose,120,62834,523.62
Netta erythrophthalma,Southern pochard,120,31421,261.84
Netta peposaca,Rosy-billed pochard,120,36513,304.27
Netta rufina,Red-crested pochard,120,186004,1550.03
Nettapus auritus,African pygmy goose,120,61482,512.35
Nettapus coromandelianus,Cotton pygmy goose,120,76927,641.06
Nettapus pulchellus,Green pygmy goose,120,29290,244.08
Nomonyx dominicus,Masked duck,120,56031,466.93
Oxyura australis,Blue-billed duck,120,99083,825.69
Oxyura ferruginea,Andean duck,120,16177,134.81
Oxyura jamaicensis,Ruddy duck,120,376551,3137.93
Oxyura leucocephala,White-headed duck,120,135785,1131.54
Oxyura maccoa,Maccoa duck,120,29366,244.72
Oxyura vittata,Lake duck,120,289807,2415.06
Plectropterus gambensis,Spur-winged goose,120,250885,2090.71
Polysticta stelleri,Steller's eider,120,121123,1009.36
Pteronetta hartlaubii,Hartlaub's duck,120,21456,178.80
Radjah radjah,Radjah shelduck,120,55499,462.49
Rhodonessa caryophyllacea,Pink-headed duck,120,347369,2894.74
Salvadorina waigiuensis,Salvadori's teal,120,22771,189.76
Sarkidiornis melanotos,Knob-billed duck,120,113835,948.62
Sarkidiornis sylvicola,Comb duck,120,63910,532.58
Sibirionetta formosa,Baikal teal,120,167732,1397.77
Somateria fischeri,Spectacled eider,120,83426,695.22
Somateria mollissima,Common eider,120,563665,4697.21
Somateria spectabilis,King eider,120,286462,2387.18
Spatula clypeata,Northern shoveler,120,466389,3886.57
Spatula cyanoptera,Cinnamon teal,120,201587,1679.89
Spatula discors,Blue-winged teal,120,338424,2820.20
Spatula hottentota,Blue-billed teal,60,23199,386.65
Spatula platalea,Red shoveler,120,24960,208.00
Spatula puna,Puna teal,120,24997,208.31
Spatula querquedula,,0,,
Spatula rhynchotis,Australasian shoveler,120,40954,341.28
Spatula smithii,Cape shoveler,120,23842,198.68
Spatula versicolor,Silver teal,120,28059,233.82
Speculanas specularis,Bronze-winged duck,120,22116,184.30
Stictonetta naevosa,Freckled duck,120,53278,443.98
Tachyeres brachypterus,Falkland steamer duck,120,49087,409.06
Tachyeres leucocephalus,Chubut steamer duck,120,21965,183.04
Tachyeres patachonicus,Flying steamer duck,120,33201,276.68
Tachyeres pteneres,Fuegian steamer duck,120,50533,421.11
Tadorna cana,South African shelduck,120,50359,419.66
Tadorna cristata,Crested shelduck,120,74654,622.12
Tadorna ferruginea,Ruddy shelduck,120,389413,3245.11
Tadorna tadorna,Common shelduck,120,218457,1820.47
Tadorna tadornoides,Australian shelduck,120,74335,619.46
Tadorna variegata,Paradise shelduck,120,148304,1235.87
Thalassornis leuconotus,White-backed duck,120,38577,321.48
Anhima cornuta,Horned screamer,120,178345,1486.21
Chauna chavaria,Northern screamer,120,40836,340.30
Chauna torquata,Southern screamer,120,114913,957.61
Anseranas semipalmata,Magpie goose,120,326562,2721.35
Aceros nipalensis,Rufous-necked hornbill,120,63969,533.08
Anorrhinus austeni,Austen's brown hornbill,120,22791,189.93
Anorrhinus galeritus,Bushy-crested hornbill,120,17412,145.10
Anorrhinus tickelli,Tickell's brown hornbill,120,12011,100.09
Anthracoceros albirostris,Oriental pied hornbill,120,203593,1696.61
Anthracoceros coronatus,Malabar pied hornbill,120,121091,1009.09
Anthracoceros malayanus,Black hornbill,120,44269,368.91
Anthracoceros marchei,Palawan hornbill,120,57286,477.38
Anthracoceros montani,Sulu hornbill,120,49787,414.89
Berenicornis comatus,White-crowned hornbill,120,38525,321.04
Buceros bicornis,Great hornbill,120,1190918,9924.32
Buceros hydrocorax,Rufous hornbill,120,118867,990.56
Buceros mindanensis,Southern rufous hornbill,35,2119,60.54
Buceros rhinoceros,Rhinoceros hornbill,120,375701,3130.84
Bucorvus abyssinicus,Abyssinian ground hornbill,120,113393,944.94
Bucorvus leadbeateri,Southern ground hornbill,120,310708,2589.23
Bycanistes albotibialis,White-thighed hornbill,120,15301,127.51
Bycanistes brevis,Silvery-cheeked hornbill,120,51148,426.23
Bycanistes bucinator,Trumpeter hornbill,120,67130,559.42
Bycanistes cylindricus,Brown-cheeked hornbill,120,14399,119.99
Bycanistes fistulator,Piping hornbill,120,17345,144.54
Bycanistes sharpii,,0,,
Bycanistes subcylindricus,Black-and-white-casqued hornbill,120,43491,362.43
Ceratogymna atrata,Black-casqued hornbill,120,34624,288.53
Ceratogymna elata,Yellow-casqued hornbill,120,16900,140.83
Horizocerus albocristatus,Western long-tailed hornbill,24,3461,144.21
Horizocerus cassini,Eastern long-tailed hornbill,24,1275,53.12
Horizocerus granti,Eastern dwarf hornbill,24,1133,47.21
Horizocerus hartlaubi,Western dwarf hornbill,24,1527,63.62
Lophoceros alboterminatus,Crowned hornbill,120,42039,350.32
Lophoceros bradfieldi,Bradfield's hornbill,120,14144,117.87
Lophoceros camurus,Red-billed dwarf hornbill,120,13572,113.10
Lophoceros fasciatus,Congo pied hornbill,30,5097,169.90
Lophoceros hemprichii,Hemprich's hornbill,120,11552,96.27
Lophoceros nasutus,African grey hornbill,120,89113,742.61
Lophoceros pallidirostris,Pale-billed hornbill,120,10138,84.48
Lophoceros semifasciatus,West African pied hornbill,30,2570,85.67
Ocyceros birostris,Indian grey hornbill,120,293277,2443.97
Ocyceros gingalensis,Sri Lanka grey hornbill,120,48713,405.94
Ocyceros griseus,Malabar grey hornbill,120,126262,1052.18
Penelopides affinis,Mindanao hornbill,120,16301,135.84
Penelopides manillae,Luzon hornbill,120,27027,225.22
Penelopides mindorensis,Mindoro hornbill,120,18235,151.96
Penelopides panini,Visayan hornbill,120,51957,432.98
Rhabdotorrhinus corrugatus,Wrinkled hornbill,120,46103,384.19
Rhabdotorrhinus exarhatus,Sulawesi hornbill,120,21181,176.51
Rhabdotorrhinus leucocephalus,Writhed hornbill,120,19141,159.51
Rhabdotorrhinus waldeni,Walden's hornbill,120,69327,577.73
Rhinoplax vigil,Helmeted hornbill,120,205359,1711.33
Rhyticeros cassidix,Knobbed hornbill,120,70373,586.44
Rhyticeros everetti,Sumba hornbill,120,16513,137.61
Rhyticeros narcondami,Narcondam hornbill,120,89473,745.61
Rhyticeros plicatus,Blyth's hornbill,120,43488,362.40
Rhyticeros subruficollis,Plain-pouched hornbill,120,21613,180.11
Rhyticeros undulatus,Wreathed hornbill,120,98500,820.83
Tockus damarensis,Damara red-billed hornbill,120,18364,153.03
Tockus deckeni,Von der Decken's hornbill,120,54738,456.15
Tockus erythrorhynchus,Northern red-billed hornbill,120,52040,433.67
Tockus flavirostris,Eastern yellow-billed hornbill,120,29697,247.47
Tockus jacksoni,Jackson's hornbill,120,18577,154.81
Tockus leucomelas,Southern yellow-billed hornbill,120,104775,873.12
Tockus monteiri,Monteiro's hornbill,120,19241,160.34
Phoeniculus bollei,White-headed wood hoopoe,120,10066,83.88
Phoeniculus damarensis,Violet wood hoopoe,120,12816,106.80
Phoeniculus purpureus,Green wood hoopoe,120,88729,739.41
Phoeniculus somaliensis,Black-billed wood hoopoe,120,11993,99.94
Rhinopomastus aterrimus,Black scimitarbill,120,9915,82.62
Rhinopomastus castaneiceps,Forest wood hoopoe,120,9043,75.36
Rhinopomastus cyanomelas,Common scimitarbill,120,20393,169.94
Rhinopomastus minor,Abyssinian scimitarbill,120,11974,99.78
Upupa epops,Eurasian hoopoe,120,747862,6232.18
Upupa marginata,Madagascar hoopoe,118,26720,226.44
Aegotheles affinis,Vogelkop owlet-nightjar,120,5761,48.01
Aegotheles albertisi,Mountain owlet-nightjar,120,5742,47.85
Aegotheles archboldi,Mountain owlet-nightjar,120,5742,47.85
Aegotheles bennettii,Barred owlet-nightjar,120,8789,73.24
Aegotheles crinifrons,Moluccan owlet-nightjar,120,4248,35.40
Aegotheles cristatus,Australian owlet-nightjar,120,56501,470.84
Aegotheles insignis,Feline owlet-nightjar,120,8417,70.14
Aegotheles savesi,New Caledonian owlet-nightjar,120,46621,388.51
Aegotheles tatei,Starry owlet-nightjar,120,5927,49.39
Aegotheles wallacii,Wallace's owlet-nightjar,120,5319,44.33
Aerodramus bartschi,Mariana swiftlet,120,25895,215.79
Aerodramus brevirostris,Himalayan swiftlet,120,19539,162.82
Aerodramus elaphrus,Seychelles swiftlet,120,9301,77.51
Aerodramus francicus,Mascarene swiftlet,120,10621,88.51
Aerodramus fuciphagus,Edible-nest swiftlet,120,391268,3260.57
Aerodramus hirundinaceus,Mountain swiftlet,120,4625,38.54
Aerodramus infuscatus,Moluccan swiftlet,120,3802,31.68
Aerodramus inquietus,Caroline swiftlet,62,940,15.16
Aerodramus leucophaeus,Tahiti swiftlet,120,6579,54.83
Aerodramus maximus,Black-nest swiftlet,120,31751,264.59
Aerodramus mearnsi,Philippine swiftlet,120,10354,86.28
Aerodramus nuditarsus,Bare-legged swiftlet,120,4347,36.23
Aerodramus orientalis,Mayr's swiftlet,120,4186,34.88
Aerodramus papuensis,Three-toed swiftlet,120,6095,50.79
Aerodramus pelewensis,Palau swiftlet,120,4574,38.12
Aerodramus salangana,Mossy-nest swiftlet,120,7368,61.40
Aerodramus sawtelli,Atiu swiftlet,120,10527,87.72
Aerodramus spodiopygius,White-rumped swiftlet,120,11267,93.89
Aerodramus terraereginae,Australian swiftlet,120,16473,137.28
Aerodramus unicolor,Indian swiftlet,120,68462,570.52
Aerodramus vanikorensis,Uniform swiftlet,120,10418,86.82
Aerodramus vulcanorum,Volcano swiftlet,120,9341,77.84
Aerodramus whiteheadi,Whitehead's swiftlet,120,5989,49.91
Aeronautes andecolus,Andean swift,120,7286,60.72
Aeronautes montivagus,White-tipped swift,120,5616,46.80
Aeronautes saxatalis,White-throated swift,120,96383,803.19
Apus acuticauda,Dark-rumped swift,120,11420,95.17
Apus affinis,Little swift,120,78388,653.23
Apus alexandri,Cape Verde swift,120,9061,75.51
Apus apus,Common swift,120,1027123,8559.36
Apus balstoni,Malagasy black swift,120,4312,35.93
Apus barbatus,African black swift,120,18913,157.61
Apus batesi,Bates's swift,120,4895,40.79
Apus berliozi,Forbes-Watson's swift,120,6074,50.62
Apus bradfieldi,Bradfield's swift,120,5943,49.52
Apus caffer,White-rumped swift,120,34338,286.15
Apus horus,Horus swift,120,13996,116.63
Apus niansae,Nyanza swift,120,6687,55.73
Apus nipalensis,House swift,120,47375,394.79
Apus pacificus,Pacific swift,120,202396,1686.63
Apus pallidus,Pallid swift,120,71653,597.11
Apus sladeniae,African black swift,120,18913,157.61
Apus unicolor,Plain swift,120,25739,214.49
Chaetura andrei,Ashy-tailed swift,120,4284,35.70
Chaetura brachyura,Short-tailed swift,120,13120,109.33
Chaetura chapmani,Chapman's swift,120,12524,104.37
Chaetura cinereiventris,Grey-rumped swift,120,5205,43.38
Chaetura egregia,Pale-rumped swift,120,3893,32.44
Chaetura fumosa,Costa Rican swift,120,5629,46.91
Chaetura martinica,Lesser Antillean swift,120,5710,47.58
Chaetura meridionalis,Sick's swift,120,8424,70.20
Chaetura pelagica,Chimney swift,120,646136,5384.47
Chaetura spinicaudus,Band-rumped swift,120,6553,54.61
Chaetura vauxi,Vaux's swift,120,108493,904.11
Collocalia esculenta,Glossy swiftlet,120,24182,201.52
Collocalia linchi,Cave swiftlet,120,30975,258.12
Collocalia troglodytes,Pygmy swiftlet,120,10288,85.73
Cypseloides cherriei,Spot-fronted swift,120,9028,75.23
Cypseloides cryptus,White-chinned swift,120,9883,82.36
Cypseloides fumigatus,Sooty swift,120,7391,61.59
Cypseloides lemosi,White-chested swift,120,6569,54.74
Cypseloides niger,American black swift,120,94461,787.17
Cypseloides rothschildi,Rothschild's swift,120,6418,53.48
Cypseloides senex,Great dusky swift,120,20550,171.25
Cypseloides storeri,White-fronted swift,120,7035,58.62
Cypsiurus balasiensis,Asian palm swift,120,30767,256.39
Cypsiurus gracilis,Malagasy palm swift,79,2296,29.06
Cypsiurus parvus,African palm swift,120,21601,180.01
Hirundapus caudacutus,White-throated needletail,120,386137,3217.81
Hirundapus celebensis,Purple needletail,120,14219,118.49
Hirundapus cochinchinensis,Silver-backed needletail,120,12834,106.95
Hirundapus giganteus,Brown-backed needletail,120,15440,128.67
Hydrochous gigas,Giant swiftlet,120,8972,74.77
Mearnsia novaeguineae,Papuan spinetail,30,1147,38.23
Mearnsia picina,Philippine spinetail,32,2126,66.44
Neafrapus boehmi,Böhm's spinetail,120,6193,51.61
Neafrapus cassini,Cassin's spinetail,120,4671,38.92
Panyptila cayennensis,Lesser swallow-tailed swift,120,9943,82.86
Panyptila sanctihieronymi,Great swallow-tailed swift,120,6812,56.77
Rhaphidura leucopygialis,Silver-rumped spinetail,120,4206,35.05
Rhaphidura sabini,Sabine's spinetail,120,5819,48.49
Schoutedenapus myoptilus,Scarce swift,120,7602,63.35
Streptoprocne biscutata,Biscutate swift,120,7231,60.26
Streptoprocne phelpsi,Tepui swift,120,5651,47.09
Streptoprocne rutila,Chestnut-collared swift,120,10882,90.68
Streptoprocne semicollaris,White-naped swift,120,15069,125.58
Streptoprocne zonaris,White-collared swift,120,48522,404.35
Tachornis furcata,Pygmy palm swift,120,4390,36.58
Tachornis phoenicobia,Antillean palm swift,120,15133,126.11
Tachornis squamata,Fork-tailed palm swift,120,3016,25.13
Tachymarptis aequatorialis,Mottled swift,120,7555,62.96
Tachymarptis melba,Alpine swift,120,218768,1823.07
Telacanthura melanopygia,Black spinetail,120,5072,42.27
Telacanthura ussheri,Mottled spinetail,120,23854,198.78
Zoonavena grandidieri,Madagascar spinetail,120,3012,25.10
Zoonavena sylvatica,White-rumped spinetail,120,7001,58.34
Zoonavena thomensis,São Tomé spinetail,120,3885,32.38
Antrostomus arizonae,Mexican whip-poor-will,120,60975,508.12
Antrostomus badius,Yucatan nightjar,120,7044,58.70
Antrostomus carolinensis,,0,,
Antrostomus cubanensis,Cuban nightjar,120,7336,61.13
Antrostomus ekmani,Hispaniolan nightjar,120,6738,56.15
Antrostomus noctitherus,Puerto Rican nightjar,120,28823,240.19
Antrostomus ridgwayi,Buff-collared nightjar,120,23953,199.61
Antrostomus rufus,Rufous nightjar,120,15197,126.64
Antrostomus salvini,Tawny-collared nightjar,120,5986,49.88
Antrostomus saturatus,Dusky nightjar,120,10284,85.70
Antrostomus sericocaudatus,Silky-tailed nightjar,120,5667,47.23
Antrostomus vociferus,Eastern whip-poor-will,120,1395898,11632.48
Caprimulgus aegyptius,Egyptian nightjar,120,52954,441.28
Caprimulgus affinis,Savanna nightjar,120,43783,364.86
Caprimulgus andamanicus,Andaman nightjar,120,8267,68.89
Caprimulgus asiaticus,Indian nightjar,120,71149,592.91
Caprimulgus atripennis,Jerdon's nightjar,120,20638,171.98
Caprimulgus batesi,Bates's nightjar,120,6485,54.04
Caprimulgus celebensis,Sulawesi nightjar,120,4609,38.41
Caprimulgus centralasicus,European nightjar,120,368892,3074.10
Caprimulgus clarus,Slender-tailed nightjar,120,5801,48.34
Caprimulgus climacurus,Long-tailed nightjar,120,16642,138.68
Caprimulgus concretus,Bonaparte's nightjar,120,6039,50.33
Caprimulgus donaldsoni,Donaldson Smith's nightjar,120,3943,32.86
Caprimulgus europaeus,European nightjar,120,368892,3074.10
Caprimulgus eximius,Golden nightjar,120,9031,75.26
Caprimulgus fossii,Square-tailed nightjar,120,11839,98.66
Caprimulgus fraenatus,Sombre nightjar,120,6248,52.07
Caprimulgus indicus,Jungle nightjar,120,28681,239.01
Caprimulgus inornatus,Plain nightjar,120,7600,63.33
Caprimulgus jotaka,Grey nightjar,120,30603,255.03
Caprimulgus longipennis,Standard-winged nightjar,120,163041,1358.67
Caprimulgus macrurus,Large-tailed nightjar,120,45673,380.61
Caprimulgus madagascariensis,Madagascar nightjar,120,6185,51.54
Caprimulgus mahrattensis,Sykes's nightjar,120,12148,101.23
Caprimulgus manillensis,Philippine nightjar,120,23800,198.33
Caprimulgus meesi,Mees's nightjar,120,5290,44.08
Caprimulgus natalensis,Swamp nightjar,120,14502,120.85
Caprimulgus nubicus,Nubian nightjar,120,11744,97.87
Caprimulgus pectoralis,Fiery-necked nightjar,120,49812,415.10
Caprimulgus phalaena,Palau nightjar,120,5174,43.12
Caprimulgus poliocephalus,Montane nightjar,120,8796,73.30
Caprimulgus prigoginei,Prigogine's nightjar,120,6380,53.17
Caprimulgus pulchellus,Salvadori's nightjar,120,4867,40.56
Caprimulgus ruficollis,Red-necked nightjar,120,38173,318.11
Caprimulgus rufigena,Rufous-cheeked nightjar,120,10656,88.80
Caprimulgus solala,Nechisar nightjar,120,19735,164.46
Caprimulgus stellatus,Star-spotted nightjar,120,5319,44.33
Caprimulgus tristigma,Freckled nightjar,120,13752,114.60
Caprimulgus vexillarius,Pennant-winged nightjar,120,82707,689.23
Chordeiles acutipennis,Lesser nighthawk,120,110293,919.11
Chordeiles gundlachii,Antillean nighthawk,120,45601,380.01
Chordeiles minor,Common nighthawk,120,591203,4926.69
Chordeiles nacunda,Nacunda nighthawk,120,44828,373.57
Chordeiles pusillus,Least nighthawk,120,15674,130.62
Chordeiles rupestris,Sand-coloured nighthawk,120,5847,48.73
Eleothreptus anomalus,Sickle-winged nightjar,120,7004,58.37
Eleothreptus candicans,White-winged nightjar,120,7286,60.72
Eurostopodus archboldi,Archbold's nightjar,120,5955,49.62
Eurostopodus argus,Spotted nightjar,120,24739,206.16
Eurostopodus diabolicus,Satanic nightjar,120,104804,873.37
Eurostopodus exul,New Caledonian nightjar,120,9390,78.25
Eurostopodus mystacalis,White-throated nightjar,120,20791,173.26
Eurostopodus nigripennis,Solomons nightjar,120,6042,50.35
Eurostopodus papuensis,Papuan nightjar,120,4992,41.60
Gactornis enarratus,Collared nightjar,120,8180,68.17
Hydropsalis cayennensis,White-tailed nightjar,120,11813,98.44
Hydropsalis climacocerca,Ladder-tailed nightjar,120,7005,58.38
Hydropsalis maculicaudus,Spot-tailed nightjar,120,6768,56.40
Hydropsalis torquata,Scissor-tailed nightjar,120,10325,86.04
Lurocalis rufiventris,Rufous-bellied nighthawk,120,11380,94.83
Lurocalis semitorquatus,Short-tailed nighthawk,120,18808,156.73
Lyncornis macrotis,Great eared nightjar,120,693237,5776.98
Lyncornis temminckii,Malaysian eared nightjar,120,16036,133.63
Macropsalis forcipata,Long-trained nightjar,120,5066,42.22
Nyctidromus albicollis,,0,,
Nyctidromus anthonyi,Anthony's nightjar,120,5811,48.42
Nyctiphrynus mcleodii,Eared poorwill,120,5824,48.53
Nyctiphrynus ocellatus,Ocellated poorwill,120,7146,59.55
Nyctiphrynus rosenbergi,Chocó poorwill,120,3200,26.67
Nyctiphrynus yucatanicus,Yucatan poorwill,120,6802,56.68
Nyctipolus hirundinaceus,Pygmy nightjar,120,7577,63.14
Nyctipolus nigrescens,Blackish nightjar,120,8519,70.99
Nyctiprogne leucopyga,Band-tailed nighthawk,120,16870,140.58
Nyctiprogne vielliardi,Plain-tailed nighthawk,120,12114,100.95
Phalaenoptilus nuttallii,Common poorwill,120,201995,1683.29
Setopagis heterura,Todd's nightjar,120,4099,34.16
Setopagis maculosa,Cayenne nightjar,120,7090,59.08
Setopagis parvula,Little nightjar,120,7033,58.61
Setopagis whitelyi,Roraiman nightjar,120,4873,40.61
Siphonorhis americana,Jamaican poorwill,120,15288,127.40
Siphonorhis brewsteri,Least poorwill,120,4915,40.96
Systellura decussata,Tschudi's nightjar,113,4542,40.19
Systellura longirostris,Band-winged nightjar,120,17098,142.48
Systellura roraimae,,0,,
Uropsalis lyra,Lyre-tailed nightjar,120,11350,94.58
Uropsalis segmentata,Swallow-tailed nightjar,120,6084,50.70
Veles binotatus,Brown nightjar,120,8269,68.91
Hemiprocne comata,Whiskered treeswift,120,24878,207.32
Hemiprocne coronata,Crested treeswift,120,47160,393.00
Hemiprocne longipennis,Grey-rumped treeswift,120,15640,130.33
Hemiprocne mystacea,Moustached treeswift,120,9936,82.80
Nyctibius aethereus,Long-tailed potoo,120,39135,326.12
Nyctibius grandis,Great potoo,120,654564,5454.70
Nyctibius griseus,Common potoo,120,312856,2607.13
Nyctibius jamaicensis,Northern potoo,120,92841,773.67
Nyctibius leucopterus,White-winged potoo,120,27588,229.90
Nyctibius maculosus,Andean potoo,120,30734,256.12
Phyllaemulor bracteatus,Rufous potoo,120,55072,458.93
Batrachostomus auritus,Large frogmouth,120,44385,369.88
Batrachostomus cornutus,Sunda frogmouth,120,13126,109.38
Batrachostomus harterti,Dulit frogmouth,120,22211,185.09
Batrachostomus hodgsoni,Hodgson's frogmouth,120,24654,205.45
Batrachostomus javensis,Javan frogmouth,120,17405,145.04
Batrachostomus mixtus,Bornean frogmouth,120,6233,51.94
Batrachostomus moniliger,Sri Lanka frogmouth,120,95922,799.35
Batrachostomus poliolophus,Sumatran frogmouth,79,5288,66.94
Batrachostomus septimus,Philippine frogmouth,120,31422,261.85
Batrachostomus stellatus,Gould's frogmouth,120,14633,121.94
Podargus ocellatus,Marbled frogmouth,120,42506,354.22
Podargus papuensis,Papuan frogmouth,120,76153,634.61
Podargus strigoides,Tawny frogmouth,120,1184247,9868.73
Rigidipenna inexpectata,Solomons frogmouth,120,15608,130.07
Steatornis caripensis,,0,,
Abeillia abeillei,Emerald-chinned hummingbird,120,13374,111.45
Adelomyia melanogenys,Speckled hummingbird,120,12627,105.22
Aglaeactis aliciae,Purple-backed sunbeam,120,7704,64.20
Aglaeactis castelnaudii,White-tufted sunbeam,120,6611,55.09
Aglaeactis cupripennis,Shining sunbeam,120,14175,118.12
Aglaeactis pamela,Black-hooded sunbeam,120,7562,63.02
Aglaiocercus berlepschi,Venezuelan sylph,120,8311,69.26
Aglaiocercus coelestis,Violet-tailed sylph,120,27171,226.43
Aglaiocercus kingii,Long-tailed sylph,120,35913,299.27
Amazilia alfaroana,Guanacaste hummingbird,44,3793,86.20
Amazilia amabilis,Blue-chested hummingbird,120,13951,116.26
Amazilia amazilia,Amazilia hummingbird,120,19905,165.88
Amazilia bartletti,,0,,
Amazilia beryllina,Berylline hummingbird,120,23403,195.03
Amazilia boucardi,Mangrove hummingbird,120,18538,154.48
Amazilia brevirostris,White-chested emerald,120,11143,92.86
Amazilia candida,White-bellied emerald,120,11666,97.22
Amazilia castaneiventris,Chestnut-bellied hummingbird,120,7114,59.28
Amazilia chionogaster,White-bellied hummingbird,120,11902,99.18
Amazilia chrysura,,0,,
Amazilia coeruleogularis,,0,,
Amazilia cupreicauda,Copper-tailed hummingbird,120,2588,21.57
Amazilia cyanifrons,Indigo-capped hummingbird,120,12475,103.96
Amazilia cyanocephala,Azure-crowned hummingbird,120,13721,114.34
Amazilia cyanura,Blue-tailed hummingbird,120,10953,91.28
Amazilia cyanus,,0,,
Amazilia decora,Charming hummingbird,120,9445,78.71
Amazilia edward,Snowy-bellied hummingbird,120,12908,107.57
Amazilia eliciae,,0,,
Amazilia fimbriata,Glittering-throated emerald,120,11678,97.32
Amazilia franciae,Andean emerald,120,14527,121.06
Amazilia goudoti,,0,,
Amazilia grayi,Blue-headed sapphire,120,7728,64.40
Amazilia humboldtii,Humboldt's sapphire,120,6269,52.24
Amazilia julie,,0,,
Amazilia lactea,Sapphire-spangled emerald,120,18123,151.03
Amazilia leucogaster,Plain-bellied emerald,120,7150,59.58
Amazilia lilliae,,0,,
Amazilia luciae,Honduran emerald,120,25711,214.26
Amazilia oenone,,0,,
Amazilia rosenbergi,Purple-chested hummingbird,120,9073,75.61
Amazilia rutila,Cinnamon hummingbird,120,26865,223.88
Amazilia sapphirina,Rufous-throated sapphire,120,9172,76.43
Amazilia saucerottei,Steely-vented hummingbird,120,11299,94.16
Amazilia tobaci,Copper-rumped hummingbird,120,14886,124.05
Amazilia tzacatl,Rufous-tailed hummingbird,120,44940,374.50
Amazilia versicolor,Versicolored emerald,120,8723,72.69
Amazilia violiceps,Violet-crowned hummingbird,120,22621,188.51
Amazilia viridicauda,Green-and-white hummingbird,120,10207,85.06
Amazilia viridifrons,Green-fronted hummingbird,120,7186,59.88
Amazilia viridigaster,Green-bellied hummingbird,120,7646,63.72
Amazilia wagneri,Cinnamon-sided hummingbird,120,4562,38.02
Amazilia yucatanensis,Buff-bellied hummingbird,120,41662,347.18
Androdon aequatorialis,Tooth-billed hummingbird,120,19287,160.72
Anopetia gounellei,Broad-tipped hermit,120,8125,67.71
Anthocephala berlepschi,Tolima blossomcrown,93,3161,33.99
Anthocephala floriceps,Santa Marta blossomcrown,120,6820,56.83
Anthracothorax aurulentus,Puerto Rican mango,41,6632,161.76
Anthracothorax dominicus,Hispaniolan mango,41,6579,160.46
Anthracothorax mango,Jamaican mango,120,23184,193.20
Anthracothorax nigricollis,Black-throated mango,120,32396,269.97
Anthracothorax prevostii,Green-breasted mango,120,50116,417.63
Anthracothorax veraguensis,Veraguan mango,120,8839,73.66
Anthracothorax viridigula,Green-throated mango,120,12707,105.89
Anthracothorax viridis,Green mango,120,57176,476.47
Aphantochroa cirrochloris,Sombre hummingbird,120,7095,59.12
Archilochus alexandri,Black-chinned hummingbird,120,325031,2708.59
Archilochus colubris,Ruby-throated hummingbird,120,880189,7334.91
Atthis ellioti,Wine-throated hummingbird,120,13624,113.53
Atthis heloisa,Bumblebee hummingbird,120,74441,620.34
Augastes lumachella,Hooded visorbearer,120,19907,165.89
Augastes scutatus,Hyacinth visorbearer,120,8820,73.50
Avocettula recurvirostris,Fiery-tailed awlbill,120,11406,95.05
Basilinna leucotis,White-eared hummingbird,120,23644,197.03
Basilinna xantusii,Xantus's hummingbird,120,52136,434.47
Boissonneaua flavescens,Buff-tailed coronet,120,21885,182.38
Boissonneaua jardini,Velvet-purple coronet,120,19502,162.52
Boissonneaua matthewsii,Chestnut-breasted coronet,120,11171,93.09
Calliphlox amethystina,Amethyst woodstar,120,22170,184.75
Calliphlox bryantae,Magenta-throated woodstar,120,11842,98.68
Calliphlox mitchellii,Purple-throated woodstar,120,15888,132.40
Calothorax lucifer,Lucifer sheartail,120,27490,229.08
Calothorax pulcher,Beautiful sheartail,120,8206,68.38
Calypte anna,Anna's hummingbird,120,969190,8076.58
Calypte costae,Costa's hummingbird,120,142527,1187.72
Campylopterus curvipennis,Wedge-tailed sabrewing,120,9736,81.13
Campylopterus cuvierii,Scaly-breasted hummingbird,120,11188,93.23
Campylopterus duidae,Buff-breasted sabrewing,120,4876,40.63
Campylopterus ensipennis,White-tailed sabrewing,120,14564,121.37
Campylopterus falcatus,Lazuline sabrewing,120,7525,62.71
Campylopterus hemileucurus,Violet sabrewing,120,52202,435.02
Campylopterus hyperythrus,Rufous-breasted sabrewing,120,5141,42.84
Campylopterus largipennis,Grey-breasted sabrewing,120,5743,47.86
Campylopterus phainopeplus,Santa Marta sabrewing,120,13647,113.72
Campylopterus rufus,Rufous sabrewing,120,7735,64.46
Campylopterus villaviscensio,Napo sabrewing,120,5971,49.76
Chaetocercus astreans,Santa Marta woodstar,120,5494,45.78
Chaetocercus berlepschi,Esmeraldas woodstar,120,10772,89.77
Chaetocercus bombus,Little woodstar,120,11467,95.56
Chaetocercus heliodor,Gorgeted woodstar,120,8289,69.08
Chaetocercus jourdanii,Rufous-shafted woodstar,120,6863,57.19
Chaetocercus mulsant,White-bellied woodstar,120,9084,75.70
Chalcostigma herrani,Rainbow-bearded thornbill,120,11609,96.74
Chalcostigma heteropogon,Bronze-tailed thornbill,120,5574,46.45
Chalcostigma olivaceum,Olivaceous thornbill,120,4845,40.38
Chalcostigma ruficeps,Rufous-capped thornbill,120,5733,47.77
Chalcostigma stanleyi,Blue-mantled thornbill,120,7177,59.81
Chalybura buffonii,White-vented plumeleteer,120,7874,65.62
Chalybura urochrysia,Bronze-tailed plumeleteer,120,9572,79.77
Chlorostilbon assimilis,Garden emerald,120,10349,86.24
Chlorostilbon auriceps,Golden-crowned emerald,120,8028,66.90
Chlorostilbon canivetii,Canivet's emerald,120,11897,99.14
Chlorostilbon forficatus,Cozumel emerald,120,27049,225.41
Chlorostilbon gibsoni,Red-billed emerald,120,5255,43.79
Chlorostilbon lucidus,Glittering-bellied emerald,120,16769,139.74
Chlorostilbon maugaeus,Puerto Rican emerald,120,22160,184.67
Chlorostilbon mellisugus,Blue-tailed emerald,120,22596,188.30
Chlorostilbon notatus,Blue-chinned sapphire,120,26470,220.58
Chlorostilbon olivaresi,Chiribiquete emerald,120,10157,84.64
Chlorostilbon poortmani,Short-tailed emerald,120,6682,55.68
Chlorostilbon ricordii,Cuban emerald,120,29641,247.01
Chlorostilbon russatus,Coppery emerald,120,6314,52.62
Chlorostilbon stenurus,Narrow-tailed emerald,120,4232,35.27
Chlorostilbon swainsonii,Hispaniolan emerald,120,13502,112.52
Chrysolampis mosquitus,Ruby-topaz hummingbird,120,54595,454.96
Clytolaema rubricauda,Brazilian ruby,120,14579,121.49
Coeligena albicaudata,,0,,
Coeligena bonapartei,Golden-bellied starfrontlet,120,6781,56.51
Coeligena coeligena,Bronzy inca,120,7416,61.80
Coeligena conradii,Green inca,38,1362,35.84
Coeligena consita,Perija starfrontlet,66,1751,26.53
Coeligena dichroura,,0,,
Coeligena eisenmanni,,0,,
Coeligena eos,Golden-tailed starfrontlet,110,1527,13.88
Coeligena helianthea,Blue-throated starfrontlet,120,6984,58.20
Coeligena inca,Gould's inca,120,5509,45.91
Coeligena iris,Rainbow starfrontlet,120,13691,114.09
Coeligena lutetiae,Buff-winged starfrontlet,120,6750,56.25
Coeligena orina,Dusky starfrontlet,120,11701,97.51
Coeligena osculans,,0,,
Coeligena phalerata,White-tailed starfrontlet,120,6444,53.70
Coeligena prunellei,Black inca,120,10754,89.62
Coeligena torquata,Collared inca,120,15656,130.47
Coeligena violifer,Violet-throated starfrontlet,120,6153,51.27
Coeligena wilsoni,Brown inca,120,7237,60.31
Colibri coruscans,Sparkling violetear,120,43849,365.41
Colibri delphinae,Brown violetear,120,28536,237.80
Colibri serrirostris,White-vented violetear,120,12915,107.62
Colibri thalassinus,Mexican violetear,113,94776,838.73
Cyanophaia bicolor,Blue-headed hummingbird,120,19453,162.11
Cynanthus doubledayi,Turquoise-crowned hummingbird,61,2779,45.56
Cynanthus latirostris,Broad-billed hummingbird,120,86896,724.13
Cynanthus lawrencei,Tres Marias hummingbird,102,4096,40.16
Cynanthus sordidus,Dusky hummingbird,120,8542,71.18
Discosura conversii,Green thorntail,120,13752,114.60
Discosura langsdorffi,Black-bellied thorntail,120,8086,67.38
Discosura letitiae,Letitia's thorntail,120,9593,79.94
Discosura longicaudus,Racket-tipped thorntail,17,708,41.65
Discosura popelairii,Wire-crested thorntail,120,15898,132.48
Doricha eliza,Mexican sheartail,120,8796,73.30
Doricha enicura,Slender sheartail,120,6593,54.94
Doryfera johannae,Blue-fronted lancebill,120,9524,79.37
Doryfera ludovicae,Green-fronted lancebill,120,12285,102.38
Elvira chionura,White-tailed emerald,120,7211,60.09
Elvira cupreiceps,Coppery-headed emerald,120,13117,109.31
Ensifera ensifera,Sword-billed hummingbird,120,233522,1946.02
Eriocnemis aline,Emerald-bellied puffleg,120,6921,57.67
Eriocnemis cupreoventris,Coppery-bellied puffleg,120,5998,49.98
Eriocnemis derbyi,Black-thighed puffleg,120,6687,55.73
Eriocnemis glaucopoides,Blue-capped puffleg,120,6519,54.33
Eriocnemis godini,Turquoise-throated puffleg,120,24131,201.09
Eriocnemis isabellae,Gorgeted puffleg,120,11743,97.86
Eriocnemis luciani,Sapphire-vented puffleg,120,8226,68.55
Eriocnemis mirabilis,Colorful puffleg,120,10720,89.33
Eriocnemis mosquera,Golden-breasted puffleg,120,6369,53.08
Eriocnemis nigrivestis,Black-breasted puffleg,120,13465,112.21
Eriocnemis sapphiropygia,Coppery-naped puffleg,120,3031,25.26
Eriocnemis vestita,Glowing puffleg,120,9377,78.14
Eugenes fulgens,Rivoli's hummingbird,104,47943,460.99
Eulampis holosericeus,Green-throated carib,120,46223,385.19
Eulampis jugularis,Purple-throated carib,120,53428,445.23
Eulidia yarrellii,Chilean woodstar,120,22230,185.25
Eupetomena macroura,Swallow-tailed hummingbird,120,34307,285.89
Eupherusa cyanophrys,Oaxaca hummingbird,85,6284,73.93
Eupherusa eximia,Stripe-tailed hummingbird,120,12898,107.48
Eupherusa nigriventris,Black-bellied hummingbird,120,16157,134.64
Eupherusa poliocerca,White-tailed hummingbird,120,7654,63.78
Eutoxeres aquila,White-tipped sicklebill,120,25377,211.47
Eutoxeres condamini,Buff-tailed sicklebill,120,15427,128.56
Florisuga fusca,Black jacobin,120,34166,284.72
Florisuga mellivora,White-necked jacobin,120,65511,545.92
Glaucis aeneus,Bronzy hermit,120,14887,124.06
Glaucis dohrnii,Hook-billed hermit,120,11218,93.48
Glaucis hirsutus,Rufous-breasted hermit,120,26056,217.13
Goethalsia bella,Pirre hummingbird,120,5030,41.92
Goldmania violiceps,Violet-capped hummingbird,120,6322,52.68
Haplophaedia assimilis,Buff-thighed puffleg,120,5358,44.65
Haplophaedia aureliae,Greenish puffleg,120,7348,61.23
Haplophaedia lugens,Hoary puffleg,120,9810,81.75
Heliactin bilophus,Horned sungem,120,63808,531.73
Heliangelus amethysticollis,Amethyst-throated sunangel,120,14302,119.18
Heliangelus clarisse,Longuemare's sunangel,120,6681,55.67
Heliangelus exortis,Tourmaline sunangel,120,8915,74.29
Heliangelus mavors,Orange-throated sunangel,120,8133,67.78
Heliangelus micraster,Flame-throated sunangel,120,6410,53.42
Heliangelus regalis,Royal sunangel,120,11510,95.92
Heliangelus spencei,Mérida sunangel,104,2596,24.96
Heliangelus strophianus,Gorgeted sunangel,120,7349,61.24
Heliangelus viola,Purple-throated sunangel,120,7444,62.03
Heliodoxa aurescens,Gould's jewelfront,120,9654,80.45
Heliodoxa branickii,Rufous-webbed brilliant,120,5648,47.07
Heliodoxa gularis,Pink-throated brilliant,120,6700,55.83
Heliodoxa imperatrix,Empress brilliant,120,16138,134.48
Heliodoxa jacula,Green-crowned brilliant,120,32291,269.09
Heliodoxa leadbeateri,Violet-fronted brilliant,120,7765,64.71
Heliodoxa rubinoides,Fawn-breasted brilliant,120,11236,93.63
Heliodoxa schreibersii,Black-throated brilliant,120,7492,62.43
Heliodoxa whitelyana,,0,,
Heliodoxa xanthogonys,Velvet-browed brilliant,120,5299,44.16
Heliomaster constantii,Plain-capped starthroat,120,14940,124.50
Heliomaster furcifer,Blue-tufted starthroat,120,9459,78.83
Heliomaster longirostris,Long-billed starthroat,120,17719,147.66
Heliomaster squamosus,Stripe-breasted starthroat,120,7337,61.14
Heliothryx auritus,Black-eared fairy,120,13163,109.69
Heliothryx barroti,Purple-crowned fairy,120,21625,180.21
Hylonympha macrocerca,Scissor-tailed hummingbird,120,11148,92.90
Klais guimeti,Violet-headed hummingbird,120,14655,122.12
Lafresnaya lafresnayi,Mountain velvetbreast,120,7217,60.14
Lampornis amethystinus,Amethyst-throated mountaingem,120,9630,80.25
Lampornis calolaemus,Purple-throated mountaingem,120,17242,143.68
Lampornis castaneoventris,White-throated mountaingem,120,11115,92.62
Lampornis cinereicauda,White-throated mountaingem,120,11115,92.62
Lampornis clemenciae,Blue-throated mountaingem,120,28464,237.20
Lampornis hemileucus,White-bellied mountaingem,120,5701,47.51
Lampornis sybillae,Green-breasted mountaingem,120,4790,39.92
Lampornis viridipallens,Green-throated mountaingem,120,5938,49.48
Lamprolaima rhami,Garnet-throated hummingbird,120,9270,77.25
Lesbia nuna,Green-tailed trainbearer,120,8467,70.56
Lesbia victoriae,Black-tailed trainbearer,120,19044,158.70
Leucippus baeri,Tumbes hummingbird,120,5032,41.93
Leucippus chlorocercus,Olive-spotted hummingbird,120,6464,53.87
Leucippus fallax,Buffy hummingbird,120,9688,80.73
Leucippus taczanowskii,Spot-throated hummingbird,120,5200,43.33
Leucochloris albicollis,White-throated hummingbird,120,24451,203.76
Loddigesia mirabilis,Marvelous spatuletail,120,47479,395.66
Lophornis adorabilis,White-crested coquette,120,9952,82.93
Lophornis brachylophus,Short-crested coquette,120,11454,95.45
Lophornis chalybeus,Festive coquette,120,12178,101.48
Lophornis delattrei,Rufous-crested coquette,120,23854,198.78
Lophornis gouldii,Dot-eared coquette,120,9259,77.16
Lophornis helenae,Black-crested coquette,120,16584,138.20
Lophornis magnificus,Frilled coquette,120,15149,126.24
Lophornis ornatus,Tufted coquette,120,46621,388.51
Lophornis pavoninus,Peacock coquette,120,9937,82.81
Lophornis stictolophus,Spangled coquette,120,11096,92.47
Lophornis verreauxii,Butterfly coquette,72,6498,90.25
Mellisuga helenae,Bee hummingbird,120,1687985,14066.54
Mellisuga minima,Vervain hummingbird,120,49180,409.83
Metallura aeneocauda,Scaled metaltail,120,4530,37.75
Metallura baroni,Violet-throated metaltail,120,7881,65.67
Metallura eupogon,Fiery-throated metaltail,120,4499,37.49
Metallura iracunda,Perijá metaltail,120,2785,23.21
Metallura odomae,Neblina metaltail,120,5419,45.16
Metallura phoebe,Black metaltail,120,9316,77.63
Metallura theresiae,Coppery metaltail,120,4980,41.50
Metallura tyrianthina,Tyrian metaltail,120,9297,77.47
Metallura williami,Viridian metaltail,120,6051,50.42
Microchera albocoronata,,0,,
Microstilbon burmeisteri,Slender-tailed woodstar,120,4233,35.27
Myrmia micrura,Short-tailed woodstar,120,5370,44.75
Myrtis fanny,Purple-collared woodstar,120,6533,54.44
Nesophlox evelynae,Bahama woodstar,120,28009,233.41
Nesophlox lyrura,Inagua woodstar,120,9381,78.17
Ocreatus underwoodii,White-booted racket-tail,103,27752,269.44
Opisthoprora euryptera,Mountain avocetbill,120,6441,53.67
Oreonympha albolimbata,,0,,
Oreonympha nobilis,Bearded mountaineer,120,10161,84.67
Oreotrochilus adela,Wedge-tailed hillstar,120,5417,45.14
Oreotrochilus chimborazo,Ecuadorian hillstar,120,14911,124.26
Oreotrochilus estella,Andean hillstar,120,18041,150.34
Oreotrochilus leucopleurus,White-sided hillstar,120,7719,64.33
Oreotrochilus melanogaster,Black-breasted hillstar,120,7411,61.76
Oreotrochilus stolzmanni,Green-headed hillstar,120,6465,53.88
Orthorhyncus cristatus,Antillean crested hummingbird,120,55570,463.08
Oxypogon cyanolaemus,Blue-bearded helmetcrest,120,19804,165.03
Oxypogon guerinii,Green-bearded helmetcrest,120,10579,88.16
Oxypogon lindenii,White-bearded helmetcrest,120,6258,52.15
Oxypogon stuebelii,Buffy helmetcrest,120,12159,101.33
Panterpe insignis,Fiery-throated hummingbird,120,38390,319.92
Patagona gigas,Southern giant hummingbird,20,18120,906.00
Phaethornis aethopygus,Tapajós hermit,120,4727,39.39
Phaethornis anthophilus,Pale-bellied hermit,120,6657,55.48
Phaethornis atrimentalis,Black-throated hermit,120,8420,70.17
Phaethornis augusti,Sooty-capped hermit,120,7332,61.10
Phaethornis baroni,Long-billed hermit,120,29856,248.80
Phaethornis bourcieri,Straight-billed hermit,120,7652,63.77
Phaethornis eurynome,Scale-throated hermit,120,7522,62.68
Phaethornis griseogularis,Grey-chinned hermit,120,5306,44.22
Phaethornis guy,Green hermit,120,26876,223.97
Phaethornis hispidus,White-bearded hermit,120,7221,60.17
Phaethornis idaliae,Minute hermit,120,7457,62.14
Phaethornis koepckeae,Koepcke's hermit,120,9513,79.28
Phaethornis longirostris,Long-billed hermit,120,29856,248.80
Phaethornis longuemareus,Little hermit,120,12995,108.29
Phaethornis major,,0,,
Phaethornis malaris,Great-billed hermit,120,9277,77.31
Phaethornis mexicanus,Mexican hermit,120,9461,78.84
Phaethornis nattereri,Cinnamon-throated hermit,120,8331,69.42
Phaethornis philippii,Needle-billed hermit,120,6721,56.01
Phaethornis porcullae,Grey-chinned hermit,120,5306,44.22
Phaethornis pretrei,Planalto hermit,120,9315,77.62
Phaethornis ruber,Reddish hermit,120,11577,96.47
Phaethornis rupurumii,Streak-throated hermit,120,7245,60.38
Phaethornis squalidus,Dusky-throated hermit,120,7398,61.65
Phaethornis striigularis,Stripe-throated hermit,120,15209,126.74
Phaethornis stuarti,White-browed hermit,120,5967,49.73
Phaethornis subochraceus,Buff-bellied hermit,120,6209,51.74
Phaethornis superciliosus,Long-tailed hermit,120,12448,103.73
Phaethornis syrmatophorus,Tawny-bellied hermit,120,11302,94.18
Phaethornis yaruqui,White-whiskered hermit,120,9502,79.18
Phlogophilus harterti,Peruvian piedtail,120,5369,44.74
Phlogophilus hemileucurus,Ecuadorian piedtail,120,6307,52.56
Polyonymus caroli,Bronze-tailed comet,120,6457,53.81
Polytmus guainumbi,White-tailed goldenthroat,120,9722,81.02
Polytmus milleri,Tepui goldenthroat,120,5466,45.55
Polytmus theresiae,Green-tailed goldenthroat,120,7448,62.07
Pterophanes cyanopterus,Great sapphirewing,120,9809,81.74
Ramphodon naevius,Saw-billed hermit,120,15486,129.05
Ramphomicron dorsale,Black-backed thornbill,120,7343,61.19
Ramphomicron microrhynchum,Purple-backed thornbill,120,7816,65.13
Rhodopis vesper,Oasis hummingbird,120,12399,103.33
Sappho sparganurus,Red-tailed comet,120,24314,202.62
Schistes albogularis,White-throated daggerbill,68,4328,63.65
Schistes geoffroyi,Geoffroy's daggerbill,76,5366,70.61
Selasphorus ardens,Glow-throated hummingbird,120,12889,107.41
Selasphorus calliope,Calliope hummingbird,120,215779,1798.16
Selasphorus flammula,Volcano hummingbird,120,28865,240.54
Selasphorus platycercus,Broad-tailed hummingbird,120,136389,1136.58
Selasphorus rufus,Rufous hummingbird,120,580246,4835.38
Selasphorus sasin,Allen's hummingbird,120,182768,1523.07
Selasphorus scintilla,Scintillant hummingbird,120,32107,267.56
Sephanoides fernandensis,Juan Fernández firecrown,120,39039,325.32
Sephanoides sephaniodes,Green-backed firecrown,120,38672,322.27
Stephanoxis lalandi,Green-crowned plovercrest,120,10766,89.72
Stephanoxis loddigesii,Purple-crowned plovercrest,120,7259,60.49
Sternoclyta cyanopectus,Violet-chested hummingbird,120,4747,39.56
Taphrolesbia griseiventris,Grey-bellied comet,120,6500,54.17
Taphrospilus hypostictus,Many-spotted hummingbird,120,7742,64.52
Thalurania colombica,Crowned woodnymph,120,26785,223.21
Thalurania furcata,Fork-tailed woodnymph,120,12747,106.22
Thalurania glaucopis,Violet-capped woodnymph,120,11993,99.94
Thalurania ridgwayi,Mexican woodnymph,120,12250,102.08
Thalurania watertonii,Long-tailed woodnymph,120,7154,59.62
Thaumastura cora,Peruvian sheartail,120,10063,83.86
Threnetes leucurus,Pale-tailed barbthroat,120,9621,80.17
Threnetes niger,Sooty barbthroat,120,8665,72.21
Threnetes ruckeri,Band-tailed barbthroat,120,16180,134.83
Tilmatura dupontii,Sparkling-tailed woodstar,120,5410,45.08
Topaza pella,Crimson topaz,120,49334,411.12
Topaza pyra,Fiery topaz,120,25666,213.88
Trochilus polytmus,Red-billed streamertail,120,163686,1364.05
Trochilus scitulus,Black-billed streamertail,120,17166,143.05
Urochroa bougueri,Rufous-gaped hillstar,84,5687,67.70
Urochroa leucura,Green-backed hillstar,84,4182,49.79
Urosticte benjamini,Purple-bibbed whitetip,120,7726,64.38
Urosticte ruficrissa,Rufous-vented whitetip,120,4956,41.30
Cariama cristata,Red-legged seriema,120,199806,1665.05
Chunga burmeisteri,Black-legged seriema,120,50980,424.83
Cathartes aura,Turkey vulture,120,3339043,27825.36
Cathartes burrovianus,Lesser yellow-headed vulture,120,131042,1092.02
Cathartes melambrotus,Greater yellow-headed vulture,120,121096,1009.13
Coragyps atratus,Black vulture,120,1329963,11083.02
Gymnogyps californianus,California condor,120,2961903,24682.53
Sarcoramphus papa,King vulture,120,575358,4794.65
Vultur gryphus,Andean condor,120,2788703,23239.19
Aethia cristatella,Crested auklet,120,101262,843.85
Aethia psittacula,Parakeet auklet,120,51644,430.37
Aethia pusilla,Least auklet,120,46724,389.37
Aethia pygmaea,Whiskered auklet,120,29411,245.09
Alca torda,,0,,
Alle alle,Little auk,120,392616,3271.80
Brachyramphus brevirostris,Kittlitz's murrelet,120,23051,192.09
Brachyramphus marmoratus,Marbled murrelet,120,165451,1378.76
Brachyramphus perdix,Long-billed murrelet,120,42867,357.23
Cepphus carbo,Spectacled guillemot,120,24645,205.38
Cepphus columba,Pigeon guillemot,120,152869,1273.91
Cepphus grylle,Black guillemot,120,203685,1697.38
Cerorhinca monocerata,Rhinoceros auklet,120,135342,1127.85
Fratercula arctica,Atlantic puffin,120,1903340,15861.17
Fratercula cirrhata,Tufted puffin,120,443621,3696.84
Fratercula corniculata,Horned puffin,120,288700,2405.83
Ptychoramphus aleuticus,Cassin's auklet,120,47453,395.44
Synthliboramphus antiquus,Ancient murrelet,120,121159,1009.66
Synthliboramphus craveri,Craveri's murrelet,120,14375,119.79
Synthliboramphus hypoleucus,Guadalupe murrelet,120,29406,245.05
Synthliboramphus scrippsi,Scripps's murrelet,120,38886,324.05
Synthliboramphus wumizusume,Japanese murrelet,120,31925,266.04
Uria aalge,Common murre,120,437835,3648.62
Uria lomvia,Thick-billed murre,120,180365,1503.04
Burhinus bistriatus,Double-striped thick-knee,120,40568,338.07
Burhinus capensis,Spotted thick-knee,120,160802,1340.02
Burhinus grallarius,Bush stone-curlew,120,405794,3381.62
Burhinus indicus,Indian stone-curlew,120,38226,318.55
Burhinus oedicnemus,Eurasian stone-curlew,120,100981,841.51
Burhinus senegalensis,Senegal thick-knee,120,20727,172.72
Burhinus superciliaris,Peruvian thick-knee,120,30223,251.86
Burhinus vermiculatus,Water thick-knee,120,42838,356.98
Esacus magnirostris,Beach stone-curlew,120,33631,280.26
Esacus recurvirostris,Great stone-curlew,120,29208,243.40
Anarhynchus frontalis,,0,,
Charadrius alexandrinus,Kentish plover,120,133838,1115.32
Charadrius alticola,Puna plover,120,8683,72.36
Charadrius aquilonius,Northern New Zealand dotterel,67,3267,48.76
Charadrius asiaticus,Caspian plover,120,34208,285.07
Charadrius bicinctus,Double-banded plover,120,33065,275.54
Charadrius bifrontatus,,0,,
Charadrius collaris,Collared plover,120,21439,178.66
Charadrius dealbatus,White-faced plover,120,13635,113.62
Charadrius dubius,Little ringed plover,120,145431,1211.92
Charadrius falklandicus,Two-banded plover,120,11187,93.22
Charadrius forbesi,Forbes's plover,120,9950,82.92
Charadrius hiaticula,Common ringed plover,120,164193,1368.28
Charadrius javanicus,Javan plover,120,10646,88.72
Charadrius leschenaultii,Greater sand plover,120,52480,437.33
Charadrius marginatus,White-fronted plover,120,25733,214.44
Charadrius melodus,Piping plover,120,600197,5001.64
Charadrius modestus,Rufous-chested dotterel,120,4480,37.33
Charadrius mongolus,Siberian sand plover,30,14293,476.43
Charadrius montanus,Mountain plover,120,79274,660.62
Charadrius nivosus,Snowy plover,120,243829,2031.91
Charadrius obscurus,New Zealand dotterel,120,31744,264.53
Charadrius pallidus,Chestnut-banded plover,120,13647,113.72
Charadrius pecuarius,Kittlitz's plover,120,30671,255.59
Charadrius peronii,Malaysian plover,120,18577,154.81
Charadrius placidus,Long-billed plover,120,20858,173.82
Charadrius ruficapillus,Red-capped plover,120,27519,229.32
Charadrius sanctaehelenae,Saint Helena plover,120,52621,438.51
Charadrius semipalmatus,Semipalmated plover,120,115375,961.46
Charadrius thoracicus,Madagascar plover,120,6569,54.74
Charadrius tricollaris,Three-banded plover,120,24862,207.18
Charadrius veredus,Oriental plover,120,23349,194.57
Charadrius vociferus,,0,,
Charadrius wilsonia,Wilson's plover,120,78579,654.83
Elseyornis melanops,Black-fronted dotterel,120,26017,216.81
Erythrogonys cinctus,Red-kneed dotterel,120,23009,191.74
Eudromias morinellus,Eurasian dotterel,120,95461,795.51
Hoploxypterus cayanus,Pied plover,120,13397,111.64
Oreopholus ruficollis,Tawny-throated dotterel,120,11360,94.67
Peltohyas australis,Inland dotterel,120,18701,155.84
Phegornis mitchellii,Diademed sandpiper-plover,120,17787,148.22
Pluvialis apricaria,European golden plover,120,396115,3300.96
Pluvialis dominica,American golden plover,120,141907,1182.56
Pluvialis fulva,Pacific golden plover,120,207243,1727.03
Pluvialis squatarola,Grey plover,120,142276,1185.63
Thinornis cucullatus,Hooded plover,120,20796,173.30
Thinornis novaeseelandiae,Shore plover,120,23251,193.76
Vanellus albiceps,White-crowned lapwing,120,16385,136.54
Vanellus armatus,Blacksmith lapwing,120,77325,644.38
Vanellus chilensis,Southern lapwing,120,217920,1816.00
Vanellus cinereus,Grey-headed lapwing,120,40060,333.83
Vanellus coronatus,Crowned lapwing,120,57670,480.58
Vanellus crassirostris,Long-toed lapwing,120,19865,165.54
Vanellus duvaucelii,River lapwing,120,29318,244.32
Vanellus gregarius,Sociable lapwing,120,103685,864.04
Vanellus indicus,Red-wattled lapwing,120,405916,3382.63
Vanellus leucurus,White-tailed lapwing,120,41998,349.98
Vanellus lugubris,Senegal lapwing,120,15720,131.00
Vanellus macropterus,Javan lapwing,120,38988,324.90
Vanellus malabaricus,Yellow-wattled lapwing,120,71016,591.80
Vanellus melanocephalus,Spot-breasted lapwing,120,9711,80.92
Vanellus melanopterus,Black-winged lapwing,120,16929,141.07
Vanellus miles,Masked lapwing,120,538090,4484.08
Vanellus novaehollandiae,Masked lapwing,120,538090,4484.08
Vanellus resplendens,Andean lapwing,120,15324,127.70
Vanellus senegallus,African wattled lapwing,120,32272,268.93
Vanellus spinosus,Spur-winged lapwing,120,110247,918.73
Vanellus superciliosus,Brown-chested lapwing,120,9282,77.35
Vanellus tectus,Black-headed lapwing,120,22321,186.01
Vanellus tricolor,Banded lapwing,120,21299,177.49
Vanellus vanellus,Northern lapwing,120,556980,4641.50
Chionis albus,Snowy sheathbill,120,81229,676.91
Chionis minor,Black-faced sheathbill,120,24623,205.19
Dromas ardeola,,0,,
Cursorius coromandelicus,Indian courser,120,30608,255.07
Cursorius cursor,Cream-coloured courser,120,13764,114.70
Cursorius rufus,Burchell's courser,120,11965,99.71
Cursorius somalensis,Somali courser,120,6689,55.74
Cursorius temminckii,Temminck's courser,120,15520,129.33
Glareola cinerea,Grey pratincole,120,6597,54.98
Glareola lactea,Small pratincole,120,30819,256.82
Glareola maldivarum,Oriental pratincole,120,49820,415.17
Glareola nordmanni,Black-winged pratincole,120,49281,410.68
Glareola nuchalis,Rock pratincole,120,12072,100.60
Glareola ocularis,Madagascar pratincole,120,6205,51.71
Glareola pratincola,Collared pratincole,120,82605,688.38
Rhinoptilus bitorquatus,Jerdon's courser,120,175844,1465.37
Rhinoptilus chalcopterus,Bronze-winged courser,120,15637,130.31
Rhinoptilus cinctus,Three-banded courser,120,11730,97.75
Smutsornis africanus,Double-banded courser,120,17759,147.99
Stiltia isabella,Australian pratincole,120,17984,149.87
Haematopus ater,Blackish oystercatcher,120,19968,166.40
Haematopus chathamensis,Chatham Islands oystercatcher,16,1075,67.19
Haematopus finschi,South Island oystercatcher,120,26499,220.82
Haematopus fuliginosus,Sooty oystercatcher,120,46003,383.36
Haematopus leucopodus,Magellanic oystercatcher,120,18330,152.75
Haematopus longirostris,Pied oystercatcher,120,62196,518.30
Haematopus moquini,African oystercatcher,120,45450,378.75
Haematopus ostralegus,Eurasian oystercatcher,120,338809,2823.41
Haematopus palliatus,American oystercatcher,120,196618,1638.48
Haematopus unicolor,Variable oystercatcher,120,48992,408.27
Ibidorhyncha struthersii,,0,,
Actophilornis africanus,African jacana,120,178839,1490.33
Actophilornis albinucha,Madagascar jacana,120,9058,75.48
Hydrophasianus chirurgus,Pheasant-tailed jacana,120,129759,1081.33
Irediparra gallinacea,Comb-crested jacana,120,54839,456.99
Jacana jacana,Wattled jacana,120,82914,690.95
Jacana spinosa,Northern jacana,120,91295,760.79
Metopidius indicus,Bronze-winged jacana,120,73997,616.64
Microparra capensis,Lesser jacana,120,23695,197.46
Anous albivittus,,0,,
Anous ceruleus,Blue noddy,120,19403,161.69
Anous minutus,Black noddy,120,109879,915.66
Anous stolidus,Brown noddy,120,150315,1252.62
Anous tenuirostris,Lesser noddy,120,29854,248.78
Chlidonias albostriatus,Black-fronted tern,120,20196,168.30
Chlidonias hybrida,Whiskered tern,120,85870,715.58
Chlidonias leucopterus,White-winged tern,120,69070,575.58
Chlidonias niger,Black tern,120,116053,967.11
Creagrus furcatus,Swallow-tailed gull,120,80869,673.91
Gelochelidon macrotarsa,Australian tern,79,11912,150.78
Gelochelidon nilotica,Gull-billed tern,120,91638,763.65
Gygis alba,Atlantic white tern,2,1003,501.50
Gygis microrhyncha,Little white tern,120,6010,50.08
Hydrocoloeus minutus,Little gull,120,113028,941.90
Hydroprogne caspia,Caspian tern,120,209521,1746.01
Larosterna inca,Inca tern,120,151709,1264.24
Larus argentatus,European herring gull,120,764542,6371.18
Larus armenicus,Armenian gull,120,49295,410.79
Larus atlanticus,Olrog's gull,120,28384,236.53
Larus atricilla,Laughing gull,120,256580,2138.17
Larus audouinii,Audouin's gull,120,70016,583.47
Larus belcheri,Belcher's gull,120,38443,320.36
Larus brunnicephalus,Brown-headed gull,120,69133,576.11
Larus bulleri,Black-billed gull,120,55934,466.12
Larus cachinnans,Caspian gull,120,112939,941.16
Larus californicus,California gull,120,217717,1814.31
Larus canus,Common gull,120,353349,2944.57
Larus cirrocephalus,Grey-headed gull,120,28633,238.61
Larus crassirostris,Black-tailed gull,120,109062,908.85
Larus delawarensis,Ring-billed gull,120,274451,2287.09
Larus dominicanus,Kelp gull,120,174881,1457.34
Larus fuliginosus,Lava gull,120,58803,490.02
Larus fuscus,Lesser black-backed gull,120,226538,1887.82
Larus genei,Slender-billed gull,120,52985,441.54
Larus glaucescens,Glaucous-winged gull,120,83463,695.52
Larus glaucoides,Iceland gull,120,84998,708.32
Larus hartlaubii,Hartlaub's gull,120,28975,241.46
Larus heermanni,Heermann's gull,120,62251,518.76
Larus hemprichii,Sooty gull,120,30002,250.02
Larus hyperboreus,Glaucous gull,120,145159,1209.66
Larus ichthyaetus,Pallas's gull,120,60551,504.59
Larus leucophthalmus,White-eyed gull,120,28530,237.75
Larus livens,Yellow-footed gull,120,32341,269.51
Larus maculipennis,Brown-hooded gull,120,23116,192.63
Larus marinus,Great black-backed gull,120,533286,4444.05
Larus melanocephalus,Mediterranean gull,120,83354,694.62
Larus michahellis,Yellow-legged gull,120,193810,1615.08
Larus modestus,Grey gull,120,56063,467.19
Larus novaehollandiae,Silver gull,120,188801,1573.34
Larus occidentalis,Western gull,120,163527,1362.72
Larus pacificus,Pacific gull,120,152876,1273.97
Larus philadelphia,Bonaparte's gull,120,131275,1093.96
Larus pipixcan,Franklin's gull,120,115276,960.63
Larus relictus,Relict gull,120,23872,198.93
Larus ridibundus,Black-headed gull,120,676834,5640.28
Larus schistisagus,Slaty-backed gull,120,56655,472.12
Larus scoresbii,Dolphin gull,120,31952,266.27
Larus serranus,Andean gull,120,24767,206.39
Larus smithsonianus,American herring gull,120,245665,2047.21
Onychoprion aleuticus,Aleutian tern,120,24691,205.76
Onychoprion anaethetus,Bridled tern,120,69271,577.26
Onychoprion fuscatus,Sooty tern,120,300212,2501.77
Onychoprion lunatus,Spectacled tern,120,17390,144.92
Pagophila eburnea,Ivory gull,120,109774,914.78
Phaetusa simplex,Large-billed tern,120,23532,196.10
Rhodostethia rosea,Ross's gull,120,98504,820.87
Rissa brevirostris,Red-legged kittiwake,120,53581,446.51
Rissa tridactyla,Black-legged kittiwake,120,274357,2286.31
Rynchops albicollis,Indian skimmer,120,73833,615.27
Rynchops flavirostris,African skimmer,120,46954,391.28
Rynchops niger,Black skimmer,120,226625,1888.54
Saundersilarus saundersi,Saunders's gull,120,25509,212.57
Sterna acuticauda,Black-bellied tern,120,34360,286.33
Sterna aurantia,River tern,120,46988,391.57
Sterna dougallii,Roseate tern,120,136556,1137.97
Sterna forsteri,Forster's tern,120,76657,638.81
Sterna hirundinacea,South American tern,120,15637,130.31
Sterna hirundo,Common tern,120,421573,3513.11
Sterna paradisaea,Arctic tern,120,1235304,10294.20
Sterna repressa,White-cheeked tern,120,15931,132.76
Sterna striata,White-fronted tern,120,27481,229.01
Sterna sumatrana,Black-naped tern,120,30750,256.25
Sterna trudeaui,Snowy-crowned tern,120,9847,82.06
Sterna virgata,Kerguelen tern,120,10350,86.25
Sterna vittata,Antarctic tern,120,62637,521.98
Sternula albifrons,Little tern,120,111478,928.98
Sternula antillarum,Least tern,120,143631,1196.92
Sternula balaenarum,Damara tern,120,14066,117.22
Sternula lorata,Peruvian tern,120,9808,81.73
Sternula nereis,Fairy tern,120,86071,717.26
Sternula saundersi,Saunders's tern,120,15960,133.00
Sternula superciliaris,Yellow-billed tern,120,12861,107.17
Thalasseus bengalensis,Lesser crested tern,120,45804,381.70
Thalasseus bergii,Greater crested tern,120,95933,799.44
Thalasseus bernsteini,Chinese crested tern,120,42345,352.88
Thalasseus elegans,Elegant tern,120,56497,470.81
Thalasseus maximus,Royal tern,120,128283,1069.03
Thalasseus sandvicensis,Sandwich tern,120,138079,1150.66
Xema sabini,Sabine's gull,120,151130,1259.42
Pedionomus torquatus,,0,,
Pluvianellus socialis,Magellanic plover,120,17615,146.79
Pluvianus aegyptius,Egyptian plover,120,286576,2388.13
Cladorhynchus leucocephalus,Banded stilt,120,77209,643.41
Himantopus himantopus,Black-winged stilt,120,358156,2984.63
Himantopus novaezelandiae,Black stilt,120,59225,493.54
Recurvirostra americana,American avocet,120,224733,1872.78
Recurvirostra andina,Andean avocet,120,18309,152.57
Recurvirostra avosetta,Pied avocet,120,208427,1736.89
Recurvirostra novaehollandiae,Red-necked avocet,120,32425,270.21
Nycticryphes semicollaris,South American painted-snipe,120,7337,61.14
Rostratula australis,Australian painted-snipe,120,16305,135.88
Rostratula benghalensis,Greater painted-snipe,120,72116,600.97
Actitis hypoleucos,Common sandpiper,120,244127,2034.39
Actitis macularius,Spotted sandpiper,120,134130,1117.75
Arenaria interpres,Ruddy turnstone,120,234487,1954.06
Arenaria melanocephala,Black turnstone,120,33148,276.23
Bartramia longicauda,Upland sandpiper,120,135237,1126.97
Calidris acuminata,Sharp-tailed sandpiper,120,65215,543.46
Calidris alba,,0,,
Calidris alpina,,0,,
Calidris bairdii,Baird's sandpiper,120,62403,520.02
Calidris canutus,Red knot,120,339960,2833.00
Calidris falcinellus,Broad-billed sandpiper,120,44470,370.58
Calidris ferruginea,Curlew sandpiper,120,125733,1047.78
Calidris fuscicollis,White-rumped sandpiper,120,65001,541.67
Calidris himantopus,Stilt sandpiper,120,65994,549.95
Calidris maritima,Purple sandpiper,120,109007,908.39
Calidris mauri,Western sandpiper,120,78352,652.93
Calidris melanotos,Pectoral sandpiper,120,83265,693.88
Calidris minuta,Little stint,120,111905,932.54
Calidris minutilla,Least sandpiper,120,95134,792.78
Calidris ptilocnemis,Rock sandpiper,120,18685,155.71
Calidris pugnax,Ruff (bird),120,231339,1927.83
Calidris pusilla,Semipalmated sandpiper,120,94315,785.96
Calidris pygmaea,Spoon-billed sandpiper,120,173367,1444.72
Calidris ruficollis,Red-necked stint,120,59739,497.82
Calidris subminuta,Long-toed stint,120,32717,272.64
Calidris subruficollis,Buff-breasted sandpiper,120,66952,557.93
Calidris temminckii,Temminck's stint,120,55429,461.91
Calidris tenuirostris,Great knot,120,66551,554.59
Calidris virgata,,0,,
Coenocorypha aucklandica,Subantarctic snipe,120,15989,133.24
Coenocorypha huegeli,Snares snipe,120,12514,104.28
Coenocorypha pusilla,Chatham Islands snipe,120,918,7.65
Gallinago andina,Puna snipe,120,6280,52.33
Gallinago delicata,Wilson's snipe,120,177351,1477.92
Gallinago gallinago,Common snipe,120,380043,3167.03
Gallinago hardwickii,Latham's snipe,120,29711,247.59
Gallinago imperialis,Imperial snipe,120,8222,68.52
Gallinago jamesoni,Jameson's snipe,119,8899,74.78
Gallinago macrodactyla,Madagascar snipe,120,5254,43.78
Gallinago media,Great snipe,120,76501,637.51
Gallinago megala,Swinhoe's snipe,120,18603,155.03
Gallinago nemoricola,Wood snipe,120,19332,161.10
Gallinago nigripennis,African snipe,120,19433,161.94
Gallinago nobilis,Noble snipe,120,6821,56.84
Gallinago paraguaiae,Pantanal snipe,48,5224,108.83
Gallinago solitaria,Solitary snipe,120,16970,141.42
Gallinago stenura,Pin-tailed snipe,120,40644,338.70
Gallinago stricklandii,Fuegian snipe,120,8580,71.50
Gallinago undulata,Giant snipe,120,13650,113.75
Limnodromus griseus,Short-billed dowitcher,120,65436,545.30
Limnodromus scolopaceus,Long-billed dowitcher,120,93946,782.88
Limnodromus semipalmatus,Asian dowitcher,120,22864,190.53
Limosa fedoa,Marbled godwit,120,101376,844.80
Limosa haemastica,Hudsonian godwit,120,76856,640.47
Limosa lapponica,Bar-tailed godwit,120,485706,4047.55
Limosa limosa,Black-tailed godwit,120,295664,2463.87
Lymnocryptes minimus,Jack snipe,120,105049,875.41
Numenius americanus,Long-billed curlew,120,183258,1527.15
Numenius arquata,Eurasian curlew,120,265720,2214.33
Numenius borealis,Eskimo curlew,120,302533,2521.11
Numenius madagascariensis,Far Eastern curlew,120,78970,658.08
Numenius minutus,Little curlew,120,40603,338.36
Numenius phaeopus,Eurasian whimbrel,120,152702,1272.52
Numenius tahitiensis,Bristle-thighed curlew,120,71827,598.56
Numenius tenuirostris,Slender-billed curlew,120,174409,1453.41
Phalaropus fulicarius,Red phalarope,120,81059,675.49
Phalaropus lobatus,Red-necked phalarope,120,131613,1096.78
Prosobonia parvirostris,Tuamotu sandpiper,120,32388,269.90
Scolopax bukidnonensis,Bukidnon woodcock,120,17110,142.58
Scolopax celebensis,Sulawesi woodcock,120,10850,90.42
Scolopax minor,American woodcock,120,672664,5605.53
Scolopax mira,Amami woodcock,120,31409,261.74
Scolopax rochussenii,Moluccan woodcock,120,12788,106.57
Scolopax rosenbergii,New Guinea woodcock,120,9916,82.63
Scolopax rusticola,Eurasian woodcock,120,279957,2332.97
Scolopax saturata,Javan woodcock,120,12394,103.28
Steganopus tricolor,Wilson's phalarope,120,261753,2181.28
Tringa brevipes,Grey-tailed tattler,120,31130,259.42
Tringa erythropus,Spotted redshank,120,80409,670.08
Tringa flavipes,Lesser yellowlegs,120,96940,807.83
Tringa glareola,Wood sandpiper,120,130319,1085.99
Tringa guttifer,Nordmann's greenshank,120,36902,307.52
Tringa incana,Wandering tattler,120,53958,449.65
Tringa melanoleuca,Greater yellowlegs,120,110219,918.49
Tringa nebularia,Common greenshank,120,139778,1164.82
Tringa ochropus,Green sandpiper,120,105591,879.92
Tringa semipalmata,,0,,
Tringa solitaria,Solitary sandpiper,120,76532,637.77
Tringa stagnatilis,Marsh sandpiper,120,65779,548.16
Tringa totanus,Common redshank,120,208931,1741.09
Xenus cinereus,Terek sandpiper,120,54294,452.45
Catharacta antarctica,Brown skua,120,99838,831.98
Catharacta chilensis,Chilean skua,120,20496,170.80
Catharacta maccormicki,South polar skua,120,295521,2462.68
Catharacta skua,Great skua,120,382260,3185.50
Stercorarius longicaudus,Long-tailed jaeger,120,123174,1026.45
Stercorarius parasiticus,Parasitic jaeger,120,309740,2581.17
Stercorarius pomarinus,Pomarine jaeger,120,190397,1586.64
Attagis gayi,Rufous-bellied seedsnipe,120,11724,97.70
Attagis malouinus,White-bellied seedsnipe,120,8096,67.47
Thinocorus orbignyianus,Grey-breasted seedsnipe,120,7229,60.24
Thinocorus rumicivorus,Least seedsnipe,120,13275,110.62
Ortyxelos meiffrenii,,0,,
Turnix castanotus,Chestnut-backed buttonquail,120,14953,124.61
Turnix everetti,Sumba buttonquail,120,7796,64.97
Turnix hottentottus,Fynbos buttonquail,60,9144,152.40
Turnix maculosus,Red-backed buttonquail,120,19199,159.99
Turnix melanogaster,Black-breasted buttonquail,120,66401,553.34
Turnix nanus,Black-rumped buttonquail,120,10616,88.47
Turnix nigricollis,Madagascar buttonquail,120,8055,67.12
Turnix novaecaledoniae,New Caledonian buttonquail,54,5159,95.54
Turnix ocellatus,Spotted buttonquail,120,11692,97.43
Turnix olivii,Buff-breasted buttonquail,120,18043,150.36
Turnix pyrrhothorax,Red-chested buttonquail,120,12514,104.28
Turnix suscitator,Barred buttonquail,120,43070,358.92
Turnix sylvaticus,Common buttonquail,120,44840,373.67
Turnix tanki,Yellow-legged buttonquail,120,29816,248.47
Turnix varius,Painted buttonquail,120,28056,233.80
Turnix velox,Little buttonquail,120,17976,149.80
Turnix worcesteri,Luzon buttonquail,120,6718,55.98
Anastomus lamelligerus,African openbill,120,79230,660.25
Anastomus oscitans,Asian openbill,120,191211,1593.42
Ciconia abdimii,Abdim's stork,120,88791,739.92
Ciconia boyciana,Oriental stork,120,113302,944.18
Ciconia ciconia,White stork,120,1451413,12095.11
Ciconia episcopus,Asian woolly-necked stork,39,37925,972.44
Ciconia maguari,Maguari stork,120,67411,561.76
Ciconia microscelis,African woolly-necked stork,39,21160,542.56
Ciconia nigra,Black stork,120,419355,3494.62
Ciconia stormi,Storm's stork,120,51212,426.77
Ephippiorhynchus asiaticus,Black-necked stork,120,219661,1830.51
Ephippiorhynchus senegalensis,Saddle-billed stork,120,194645,1622.04
Jabiru mycteria,,0,,
Leptoptilos crumenifer,Marabou stork,120,971617,8096.81
Leptoptilos dubius,Greater adjutant,120,313730,2614.42
Leptoptilos javanicus,Lesser adjutant,120,167000,1391.67
Mycteria americana,Wood stork,120,569238,4743.65
Mycteria cinerea,Milky stork,120,75645,630.38
Mycteria ibis,Yellow-billed stork,120,128708,1072.57
Mycteria leucocephala,Painted stork,120,323078,2692.32
Colius castanotus,Red-backed mousebird,120,6230,51.92
Colius colius,White-backed mousebird,120,21229,176.91
Colius leucocephalus,White-headed mousebird,120,8924,74.37
Colius striatus,Speckled mousebird,120,87458,728.82
Urocolius indicus,Red-faced mousebird,120,23075,192.29
Urocolius macrourus,Blue-naped mousebird,120,29781,248.18
Alectroenas madagascariensis,Madagascar blue pigeon,120,9357,77.97
Alectroenas pulcherrimus,Seychelles blue pigeon,120,27556,229.63
Alectroenas sganzini,Comoro blue pigeon,120,3946,32.88
Alopecoenas beccarii,Bronze ground dove,120,7924,66.03
Alopecoenas canifrons,Palau ground dove,120,11209,93.41
Alopecoenas erythropterus,Polynesian ground dove,120,22624,188.53
Alopecoenas hoedtii,Wetar ground dove,120,11847,98.72
Alopecoenas jobiensis,White-breasted ground dove,120,12540,104.50
Alopecoenas johannae,Bronze ground dove,120,7924,66.03
Alopecoenas kubaryi,White-fronted ground dove,120,7905,65.88
Alopecoenas rubescens,Marquesan ground dove,120,8252,68.77
Alopecoenas sanctaecrucis,Santa Cruz ground dove,120,11051,92.09
Alopecoenas stairi,Shy ground dove,120,5660,47.17
Alopecoenas xanthonurus,White-throated ground dove,120,19030,158.58
Aplopelia larvata,Lemon dove,120,43430,361.92
Caloenas nicobarica,Nicobar pigeon,120,1170697,9755.81
Chalcophaps indica,Common emerald dove,120,252149,2101.24
Chalcophaps longirostris,Pacific emerald dove,113,36168,320.07
Chalcophaps stephani,Stephan's emerald dove,120,10020,83.50
Chrysoena luteovirens,Golden dove,120,6536,54.47
Chrysoena victor,Orange dove,120,7303,60.86
Chrysoena viridis,Whistling dove,120,5086,42.38
Claravis pretiosa,Blue ground dove,120,36763,306.36
Columba albinucha,White-naped pigeon,120,12309,102.58
Columba albitorques,White-collared pigeon,120,31624,263.53
Columba argentina,Silvery pigeon,120,31608,263.40
Columba arquatrix,African olive pigeon,120,60805,506.71
Columba bollii,Bolle's pigeon,120,38759,322.99
Columba delegorguei,Eastern bronze-naped pigeon,120,12770,106.42
Columba elphinstonii,Nilgiri wood pigeon,120,51634,430.28
Columba eversmanni,Yellow-eyed pigeon,120,38082,317.35
Columba guinea,Speckled pigeon,120,123001,1025.01
Columba hodgsonii,Speckled wood pigeon,120,19373,161.44
Columba iriditorques,Western bronze-naped pigeon,120,15637,130.31
Columba janthina,Black wood pigeon,118,12923,109.52
Columba junoniae,Laurel pigeon,120,45354,377.95
Columba leucomela,White-headed pigeon,120,65028,541.90
Columba leuconota,Snow pigeon,120,56752,472.93
Columba livia,Rock dove,120,2452502,20437.52
Columba malherbii,Island bronze-naped pigeon,120,15439,128.66
Columba oenas,Stock dove,120,272717,2272.64
Columba oliviae,Somali pigeon,120,34091,284.09
Columba pallidiceps,Yellow-legged pigeon,120,11462,95.52
Columba palumboides,Andaman wood pigeon,120,50468,420.57
Columba palumbus,Common wood pigeon,120,1211867,10098.89
Columba pollenii,Comoro olive pigeon,120,4271,35.59
Columba pulchricollis,Ashy wood pigeon,120,19179,159.82
Columba punicea,Pale-capped pigeon,120,28416,236.80
Columba rupestris,Hill pigeon,120,58390,486.58
Columba sjostedti,Cameroon olive pigeon,120,10510,87.58
Columba thomensis,São Tomé olive pigeon,120,10475,87.29
Columba torringtoniae,Sri Lanka wood pigeon,120,34631,288.59
Columba trocaz,Trocaz pigeon,120,68811,573.42
Columba unicincta,Afep pigeon,120,21571,179.76
Columba vitiensis,Metallic pigeon,120,36303,302.52
Columbina buckleyi,Ecuadorian ground dove,120,8931,74.42
Columbina cruziana,Croaking ground dove,120,14293,119.11
Columbina cyanopis,Blue-eyed ground dove,120,32912,274.27
Columbina inca,Inca dove,120,145983,1216.53
Columbina minuta,Plain-breasted ground dove,120,20725,172.71
Columbina passerina,Common ground dove,120,243573,2029.78
Columbina picui,Picui ground dove,120,18440,153.67
Columbina squammata,Scaled dove,120,19125,159.38
Columbina talpacoti,Ruddy ground dove,120,68918,574.32
Cryptophaps poecilorrhoa,Sombre pigeon,120,6750,56.25
Didunculus strigirostris,Tooth-billed pigeon,120,128904,1074.20
Drepanoptila holosericea,Cloven-feathered dove,120,14944,124.53
Ducula aenea,Green imperial pigeon,120,86131,717.76
Ducula aurorae,Polynesian imperial pigeon,120,11916,99.30
Ducula badia,Mountain imperial pigeon,120,23964,199.70
Ducula bakeri,Vanuatu imperial pigeon,120,6838,56.98
Ducula basilica,Cinnamon-bellied imperial pigeon,120,5937,49.48
Ducula bicolor,Pied imperial pigeon,120,67345,561.21
Ducula brenchleyi,Chestnut-bellied imperial pigeon,120,6370,53.08
Ducula carola,Spotted imperial pigeon,120,16869,140.57
Ducula chalconota,Rufescent imperial pigeon,120,4407,36.73
Ducula cineracea,Timor imperial pigeon,120,7110,59.25
Ducula concinna,Elegant imperial pigeon,120,9576,79.80
Ducula cuprea,Malabar imperial pigeon,54,3483,64.50
Ducula finschii,Finsch's imperial pigeon,120,4190,34.92
Ducula forsteni,White-bellied imperial pigeon,120,8250,68.75
Ducula galeata,Nuku Hiva imperial pigeon,16,1582,98.88
Ducula geelvinkiana,Geelvink imperial pigeon,120,2862,23.85
Ducula goliath,Goliath imperial pigeon,120,28827,240.22
Ducula lacernulata,Dark-backed imperial pigeon,120,4908,40.90
Ducula latrans,Barking imperial pigeon,120,10346,86.22
Ducula luctuosa,Silver-tipped imperial pigeon,120,7924,66.03
Ducula melanochroa,Black imperial pigeon,120,55867,465.56
Ducula mindorensis,Mindoro imperial pigeon,120,15756,131.30
Ducula mullerii,Collared imperial pigeon,120,9145,76.21
Ducula myristicivora,Spice imperial pigeon,120,5449,45.41
Ducula neglecta,Seram imperial pigeon,120,2444,20.37
Ducula obiensis,Cinnamon-bellied imperial pigeon,120,5937,49.48
Ducula oceanica,Micronesian imperial pigeon,120,12391,103.26
Ducula oenothorax,Enggano imperial pigeon,120,3035,25.29
Ducula pacifica,Pacific imperial pigeon,120,21014,175.12
Ducula perspicillata,Spectacled imperial pigeon,120,5627,46.89
Ducula pickeringii,Grey imperial pigeon,120,11366,94.72
Ducula pinon,Pinon's imperial pigeon,120,7389,61.58
Ducula pistrinaria,Island imperial pigeon,120,6825,56.88
Ducula poliocephala,Pink-bellied imperial pigeon,120,13181,109.84
Ducula radiata,Grey-headed imperial pigeon,120,8488,70.73
Ducula rosacea,Pink-headed imperial pigeon,120,7645,63.71
Ducula rubricera,Red-knobbed imperial pigeon,120,6402,53.35
Ducula rufigaster,Purple-tailed imperial pigeon,120,11010,91.75
Ducula salvadorii,Louisiade imperial pigeon,120,1241,10.34
Ducula spilorrhoa,Torresian imperial pigeon,120,51021,425.18
Ducula subflavescens,Yellowish imperial pigeon,120,4944,41.20
Ducula whartoni,Christmas imperial pigeon,120,18127,151.06
Ducula zoeae,Zoe's imperial pigeon,120,7403,61.69
Gallicolumba crinigera,Mindanao bleeding-heart,120,60343,502.86
Gallicolumba keayi,Negros bleeding-heart pigeon,73,31022,424.96
Gallicolumba luzonica,Luzon bleeding-heart,120,256812,2140.10
Gallicolumba menagei,Sulu bleeding-heart,120,42389,353.24
Gallicolumba platenae,Mindoro bleeding-heart,120,50638,421.98
Gallicolumba rufigula,Cinnamon ground dove,120,17975,149.79
Gallicolumba tristigmata,Sulawesi ground dove,120,18020,150.17
Geopelia cuneata,Diamond dove,120,188421,1570.17
Geopelia humeralis,Bar-shouldered dove,120,38940,324.50
Geopelia maugeus,Barred dove,120,16314,135.95
Geopelia placida,Peaceful dove,120,84172,701.43
Geopelia striata,Zebra dove,120,321325,2677.71
Geophaps plumifera,Spinifex pigeon,120,87566,729.72
Geophaps scripta,Squatter pigeon,120,21687,180.72
Geophaps smithii,Partridge pigeon,120,19026,158.55
Geotrygon caniceps,Grey-fronted quail-dove,120,10356,86.30
Geotrygon chrysia,Key West quail-dove,120,25327,211.06
Geotrygon leucometopia,White-fronted quail-dove,120,10806,90.05
Geotrygon montana,Ruddy quail-dove,120,39457,328.81
Geotrygon mystacea,Bridled quail-dove,120,18399,153.32
Geotrygon purpurata,Purple quail-dove,95,7074,74.46
Geotrygon saphirina,Sapphire quail-dove,120,9670,80.58
Geotrygon versicolor,Crested quail-dove,120,16172,134.77
Geotrygon violacea,Violaceous quail-dove,120,11438,95.32
Goura cristata,Western crowned pigeon,120,98936,824.47
Goura scheepmakeri,Scheepmaker's crowned pigeon,96,33444,348.38
Goura sclaterii,Sclater's crowned pigeon,96,27668,288.21
Goura victoria,Victoria crowned pigeon,120,351362,2928.02
Gymnophaps albertisii,Papuan mountain pigeon,120,54117,450.98
Gymnophaps mada,Buru mountain pigeon,120,8796,73.30
Gymnophaps solomonensis,Pale mountain pigeon,120,10275,85.62
Gymnophaps stalkeri,Seram mountain pigeon,120,7233,60.27
Hemiphaga chathamensis,Chatham Islands pigeon,17,2221,130.65
Hemiphaga novaeseelandiae,,0,,
Henicophaps albifrons,New Guinea bronzewing,120,7528,62.73
Henicophaps foersteri,New Britain bronzewing,120,12464,103.87
Leptotila battyi,Azuero dove,120,8201,68.34
Leptotila cassinii,Grey-chested dove,120,9188,76.57
Leptotila conoveri,Tolima dove,120,8685,72.38
Leptotila jamaicensis,Caribbean dove,120,23551,196.26
Leptotila megalura,Yungas dove,120,6938,57.82
Leptotila ochraceiventris,Ochre-bellied dove,120,7955,66.29
Leptotila pallida,Pallid dove,120,6948,57.90
Leptotila plumbeiceps,Grey-headed dove,120,8746,72.88
Leptotila rufaxilla,Grey-fronted dove,120,16211,135.09
Leptotila verreauxi,White-tipped dove,120,54762,456.35
Leptotila wellsi,Grenada dove,120,87568,729.73
Leptotrygon veraguensis,Olive-backed quail-dove,120,8541,71.17
Leucosarcia melanoleuca,Wonga pigeon,120,57286,477.38
Lopholaimus antarcticus,Topknot pigeon,120,56647,472.06
Macropygia amboinensis,Amboyna cuckoo-dove,113,12645,111.90
Macropygia emiliana,Ruddy cuckoo-dove,120,11878,98.98
Macropygia macassariensis,Flores Sea cuckoo-dove,113,5755,50.93
Macropygia mackinlayi,Spot-breasted cuckoo-dove,116,907,7.82
Macropygia magna,Timor cuckoo-dove,113,6620,58.58
Macropygia nigrirostris,Bar-tailed cuckoo-dove,120,7190,59.92
Macropygia phasianella,Brown cuckoo-dove,120,72199,601.66
Macropygia ruficeps,Little cuckoo-dove,120,15616,130.13
Macropygia rufipennis,Andaman cuckoo-dove,120,12916,107.63
Macropygia tenuirostris,Philippine cuckoo-dove,120,22150,184.58
Macropygia timorlaoensis,Tanimbar cuckoo-dove,113,5144,45.52
Macropygia unchall,Barred cuckoo-dove,120,25948,216.23
Megaloprepia formosa,Scarlet-breasted fruit dove,120,12035,100.29
Megaloprepia magnifica,Wompoo fruit dove,120,61682,514.02
Metriopelia aymara,Golden-spotted ground dove,120,7087,59.06
Metriopelia ceciliae,Bare-faced ground dove,120,7916,65.97
Metriopelia melanoptera,Black-winged ground dove,120,10065,83.88
Metriopelia morenoi,Moreno's ground dove,120,7805,65.04
Nesoenas mayeri,Pink pigeon,120,266732,2222.77
Nesoenas picturatus,Malagasy turtle dove,120,27807,231.72
Ocyphaps lophotes,Crested pigeon,120,328762,2739.68
Oena capensis,Namaqua dove,120,86015,716.79
Otidiphaps aruensis,Pheasant pigeon,120,344604,2871.70
Otidiphaps cervicalis,Pheasant pigeon,120,344604,2871.70
Otidiphaps insularis,Pheasant pigeon,120,344604,2871.70
Otidiphaps nobilis,Pheasant pigeon,120,344604,2871.70
Paraclaravis geoffroyi,Purple-winged ground dove,120,16430,136.92
Paraclaravis mondetoura,Maroon-chested ground dove,120,10243,85.36
Patagioenas albilinea,Band-tailed pigeon,120,269995,2249.96
Patagioenas albipennis,,0,,
Patagioenas araucana,Chilean pigeon,120,20916,174.30
Patagioenas caribaea,Ring-tailed pigeon,120,23547,196.22
Patagioenas cayennensis,Pale-vented pigeon,120,26170,218.08
Patagioenas corensis,Bare-eyed pigeon,120,25022,208.52
Patagioenas fasciata,Band-tailed pigeon,120,269995,2249.96
Patagioenas flavirostris,Red-billed pigeon,120,34083,284.02
Patagioenas goodsoni,Dusky pigeon,120,10834,90.28
Patagioenas inornata,Plain pigeon,120,41163,343.02
Patagioenas leucocephala,White-crowned pigeon,120,92926,774.38
Patagioenas maculosa,Spot-winged pigeon,120,15326,127.72
Patagioenas nigrirostris,Short-billed pigeon,120,14589,121.58
Patagioenas oenops,Maranon pigeon,120,12284,102.37
Patagioenas picazuro,Picazuro pigeon,120,29830,248.58
Patagioenas plumbea,Plumbeous pigeon,120,15592,129.93
Patagioenas speciosa,Scaled pigeon,120,27579,229.82
Patagioenas squamosa,Scaly-naped pigeon,120,51321,427.68
Patagioenas subvinacea,Ruddy pigeon,120,17081,142.34
Petrophassa albipennis,White-quilled rock pigeon,120,10513,87.61
Petrophassa rufipennis,Chestnut-quilled rock pigeon,120,9388,78.23
Phapitreron amethystinus,Amethyst brown dove,120,14700,122.50
Phapitreron brevirostris,,0,,
Phapitreron brunneiceps,Mindanao brown dove,120,8104,67.53
Phapitreron cinereiceps,Tawitawi brown dove,120,13805,115.04
Phapitreron frontalis,,0,,
Phapitreron leucotis,White-eared brown dove,120,24299,202.49
Phapitreron maculipectus,,0,,
Phapitreron nigrorum,White-eared brown dove,120,24299,202.49
Phaps chalcoptera,Common bronzewing,120,80883,674.02
Phaps elegans,Brush bronzewing,120,32525,271.04
Phaps histrionica,Flock bronzewing,120,18891,157.43
Ptilinopus alligator,Black-banded fruit dove,120,12129,101.08
Ptilinopus arcanus,Negros fruit dove,120,45104,375.87
Ptilinopus aurantiifrons,Orange-fronted fruit dove,120,9414,78.45
Ptilinopus chalcurus,Makatea fruit dove,120,11118,92.65
Ptilinopus chrysogaster,Raiatea fruit dove,27,1347,49.89
Ptilinopus cinctus,Banded fruit dove,120,14238,118.65
Ptilinopus coralensis,Atoll fruit dove,120,13761,114.67
Ptilinopus coronulatus,Coroneted fruit dove,120,8671,72.26
Ptilinopus dohertyi,Red-naped fruit dove,120,8724,72.70
Ptilinopus dupetithouarsii,White-capped fruit dove,120,10291,85.76
Ptilinopus eugeniae,White-headed fruit dove,120,12998,108.32
Ptilinopus fasciatus,Crimson-crowned fruit dove,120,17214,143.45
Ptilinopus gestroi,Ornate fruit dove,120,10577,88.14
Ptilinopus granulifrons,Carunculated fruit dove,120,6663,55.52
Ptilinopus greyi,Red-bellied fruit dove,120,11453,95.44
Ptilinopus hernsheimi,Kosrae fruit dove,113,5775,51.11
Ptilinopus huttoni,Rapa fruit dove,120,17056,142.13
Ptilinopus hyogastrus,Grey-headed fruit dove,120,5757,47.98
Ptilinopus insolitus,Knob-billed fruit dove,120,7445,62.04
Ptilinopus insularis,Henderson fruit dove,120,20378,169.82
Ptilinopus iozonus,Orange-bellied fruit dove,120,12082,100.68
Ptilinopus melanospilus,Black-naped fruit dove,120,25467,212.22
Ptilinopus monacha,Blue-capped fruit dove,120,6042,50.35
Ptilinopus nainus,Dwarf fruit dove,120,16046,133.72
Ptilinopus ornatus,Ornate fruit dove,120,10577,88.14
Ptilinopus pelewensis,Palau fruit dove,120,15979,133.16
Ptilinopus perlatus,Pink-spotted fruit dove,120,12888,107.40
Ptilinopus perousii,Many-colored fruit dove,120,28286,235.72
Ptilinopus ponapensis,Purple-capped fruit dove,120,8340,69.50
Ptilinopus porphyraceus,Crimson-crowned fruit dove,120,17214,143.45
Ptilinopus porphyreus,Pink-headed fruit dove,120,33107,275.89
Ptilinopus pulchellus,Beautiful fruit dove,120,21547,179.56
Ptilinopus purpuratus,Grey-green fruit dove,120,12221,101.84
Ptilinopus rarotongensis,Lilac-crowned fruit dove,120,9062,75.52
Ptilinopus regina,Rose-crowned fruit dove,120,46283,385.69
Ptilinopus richardsii,Silver-capped fruit dove,120,6165,51.38
Ptilinopus rivoli,White-bibbed fruit dove,120,7490,62.42
Ptilinopus roseicapilla,Mariana fruit dove,120,44971,374.76
Ptilinopus solomonensis,Yellow-bibbed fruit dove,120,7832,65.27
Ptilinopus speciosus,Geelvink fruit dove,54,4212,78.00
Ptilinopus superbus,Superb fruit dove,120,50664,422.20
Ptilinopus tannensis,Tanna fruit dove,120,8139,67.83
Ptilinopus temminckii,Superb fruit dove,120,50664,422.20
Ptilinopus viridis,Claret-breasted fruit dove,120,8881,74.01
Ptilinopus wallacii,Wallace's fruit dove,120,17679,147.32
Ramphiculus epius,Oberholser's fruit dove,120,7078,58.98
Ramphiculus fischeri,Red-eared fruit dove,120,7658,63.82
Ramphiculus jambu,Jambu fruit dove,120,50496,420.80
Ramphiculus leclancheri,Black-chinned fruit dove,120,14226,118.55
Ramphiculus mangoliensis,Sula fruit dove,120,6019,50.16
Ramphiculus marchei,Flame-breasted fruit dove,120,22554,187.95
Ramphiculus meridionalis,,0,,
Ramphiculus merrilli,Cream-breasted fruit dove,120,10725,89.38
Ramphiculus occipitalis,Yellow-breasted fruit dove,120,19951,166.26
Ramphiculus subgularis,Banggai fruit dove,120,8187,68.22
Reinwardtoena browni,Pied cuckoo-dove,120,9507,79.22
Reinwardtoena crassirostris,Crested cuckoo-dove,120,15136,126.13
Reinwardtoena reinwardti,Great cuckoo-dove,120,58912,490.93
Spilopelia chinensis,Spotted dove,120,572681,4772.34
Spilopelia senegalensis,Laughing dove,120,477865,3982.21
Spilopelia suratensis,Spotted dove,120,572681,4772.34
Starnoenas cyanocephala,Blue-headed quail-dove,120,28179,234.82
Streptopelia bitorquata,Sunda collared dove,93,18521,199.15
Streptopelia capicola,Ring-necked dove,120,422354,3519.62
Streptopelia decaocto,Eurasian collared dove,120,1202846,10023.72
Streptopelia decipiens,Mourning collared dove,120,79774,664.78
Streptopelia dusumieri,Philippine collared dove,120,27326,227.72
Streptopelia hypopyrrha,Adamawa turtle dove,120,23694,197.45
Streptopelia lugens,Dusky turtle dove,120,27888,232.40
Streptopelia orientalis,Oriental turtle dove,120,161929,1349.41
Streptopelia reichenowi,White-winged collared dove,120,12136,101.13
Streptopelia roseogrisea,African collared dove,120,81316,677.63
Streptopelia semitorquata,Red-eyed dove,120,84069,700.58
Streptopelia tranquebarica,Red collared dove,120,44492,370.77
Streptopelia turtur,European turtle dove,120,799083,6659.02
Streptopelia vinacea,Vinaceous dove,120,23629,196.91
Streptopelia xanthocycla,Burmese collared dove,54,7787,144.20
Treron affinis,Grey-fronted green pigeon,120,26162,218.02
Treron apicauda,Pin-tailed green pigeon,120,13872,115.60
Treron aromaticus,Buru green pigeon,120,8704,72.53
Treron australis,Madagascar green pigeon,120,7830,65.25
Treron axillaris,Philippine green pigeon,120,19300,160.83
Treron bicinctus,Orange-breasted green pigeon,120,43331,361.09
Treron calvus,African green pigeon,120,62430,520.25
Treron capellei,Large green pigeon,120,12481,104.01
Treron chloropterus,Andaman green pigeon,120,12030,100.25
Treron curvirostra,Thick-billed green pigeon,120,36603,305.02
Treron delalandii,,0,,
Treron floris,Flores green pigeon,120,8100,67.50
Treron formosae,Taiwan green pigeon,54,7318,135.52
Treron fulvicollis,Cinnamon-headed green pigeon,120,13474,112.28
Treron griseicauda,Grey-cheeked green pigeon,120,8726,72.72
Treron griveaudi,Comoro green pigeon,120,1259,10.49
Treron olax,Little green pigeon,120,16452,137.10
Treron oxyurus,Sumatran green pigeon,120,9284,77.37
Treron pembaensis,Pemba green pigeon,120,9143,76.19
Treron permagnus,Ryukyu green pigeon,54,9425,174.54
Treron phayrei,Ashy-headed green pigeon,120,13126,109.38
Treron phoenicopterus,Yellow-footed green pigeon,120,343779,2864.82
Treron pompadora,Sri Lanka green pigeon,120,26947,224.56
Treron psittaceus,Timor green pigeon,120,10685,89.04
Treron sanctithomae,São Tomé green pigeon,120,7803,65.03
Treron seimundi,Yellow-vented green pigeon,120,9093,75.78
Treron sieboldii,White-bellied green pigeon,120,39827,331.89
Treron sphenurus,Wedge-tailed green pigeon,120,16811,140.09
Treron teysmannii,Sumba green pigeon,120,8087,67.39
Treron vernans,Pink-necked green pigeon,120,231322,1927.68
Treron waalia,Bruce's green pigeon,120,23619,196.82
Trugon terrestris,Thick-billed ground pigeon,120,24410,203.42
Turacoena manadensis,White-faced cuckoo-dove,120,10497,87.47
Turacoena modesta,Black cuckoo-dove,120,42388,353.23
Turacoena sulaensis,Sula cuckoo-dove,113,5892,52.14
Turtur abyssinicus,Black-billed wood dove,120,12314,102.62
Turtur afer,Blue-spotted wood dove,120,18554,154.62
Turtur brehmeri,Blue-headed wood dove,120,15140,126.17
Turtur chalcospilos,Emerald-spotted wood dove,120,31529,262.74
Turtur tympanistria,Tambourine dove,120,36705,305.88
Uropelia campestris,Long-tailed ground dove,120,11545,96.21
Zenaida asiatica,White-winged dove,120,386362,3219.68
Zenaida auriculata,Eared dove,120,100200,835.00
Zenaida aurita,Zenaida dove,120,112368,936.40
Zenaida galapagoensis,Galápagos dove,120,33591,279.93
Zenaida graysoni,Socorro dove,120,398598,3321.65
Zenaida macroura,Mourning dove,120,3830899,31924.16
Zenaida meloda,West Peruvian dove,120,28210,235.08
Zentrygon albifacies,White-faced quail-dove,120,7871,65.59
Zentrygon carrikeri,Tuxtla quail-dove,120,8616,71.80
Zentrygon chiriquensis,Chiriqui quail-dove,120,7087,59.06
Zentrygon costaricensis,Buff-fronted quail-dove,120,7799,64.99
Zentrygon frenata,White-throated quail-dove,120,7879,65.66
Zentrygon goldmani,Russet-crowned quail-dove,120,5574,46.45
Zentrygon lawrencii,Purplish-backed quail-dove,120,6663,55.52
Zentrygon linearis,Lined quail-dove,120,7244,60.37
Actenoides bougainvillei,Moustached kingfisher,120,20033,166.94
Actenoides capucinus,Black-headed kingfisher,120,3731,31.09
Actenoides concretus,Rufous-collared kingfisher,120,18718,155.98
Actenoides excelsus,Guadalcanal moustached kingfisher,120,6612,55.10
Actenoides hombroni,Blue-capped kingfisher,120,8225,68.54
Actenoides lindsayi,Spotted wood kingfisher,120,22839,190.32
Actenoides monachus,Green-backed kingfisher,120,11307,94.22
Actenoides princeps,Scaly-breasted kingfisher,120,8677,72.31
Actenoides regalis,Plain-backed kingfisher,120,2439,20.32
Alcedo atthis,Common kingfisher,120,1375033,11458.61
Alcedo coerulescens,Cerulean kingfisher,120,44966,374.72
Alcedo euryzona,Javan blue-banded kingfisher,39,5933,152.13
Alcedo hercules,Blyth's kingfisher,120,39483,329.02
Alcedo meninting,Blue-eared kingfisher,120,75935,632.79
Alcedo peninsulae,Malaysian blue-banded kingfisher,39,4179,107.15
Alcedo quadribrachys,Shining-blue kingfisher,120,19433,161.94
Alcedo semitorquata,Half-collared kingfisher,120,24749,206.24
Caridonax fulgidus,White-rumped kingfisher,120,1925,16.04
Ceryle rudis,Pied kingfisher,120,224756,1872.97
Ceyx argentatus,Southern silvery kingfisher,120,14845,123.71
Ceyx azureus,Azure kingfisher,120,97988,816.57
Ceyx cajeli,Buru dwarf kingfisher,120,5398,44.98
Ceyx collectoris,New Georgia dwarf kingfisher,120,4500,37.50
Ceyx cyanopectus,Indigo-banded kingfisher,120,20114,167.62
Ceyx dispar,Manus dwarf kingfisher,120,4835,40.29
Ceyx erithaca,Black-backed dwarf kingfisher,24,31810,1325.42
Ceyx fallax,Sulawesi dwarf kingfisher,120,10871,90.59
Ceyx flumenicola,Northern silvery kingfisher,120,9439,78.66
Ceyx gentianus,Makira dwarf kingfisher,120,5470,45.58
Ceyx lepidus,Moluccan dwarf kingfisher,120,9019,75.16
Ceyx margarethae,Dimorphic dwarf kingfisher,120,8349,69.58
Ceyx meeki,North Solomons dwarf kingfisher,120,5044,42.03
Ceyx melanurus,Philippine dwarf kingfisher,120,57783,481.52
Ceyx mindanensis,,0,,
Ceyx mulcatus,New Ireland dwarf kingfisher,120,5429,45.24
Ceyx nigrirostris,,0,,
Ceyx nigromaxilla,Guadalcanal dwarf kingfisher,120,4553,37.94
Ceyx pusillus,Little kingfisher,120,25275,210.62
Ceyx sacerdotis,New Britain dwarf kingfisher,120,4403,36.69
Ceyx sangirensis,Sangihe dwarf kingfisher,39,2222,56.97
Ceyx solitarius,Papuan dwarf kingfisher,120,6338,52.82
Ceyx wallacii,Sula dwarf kingfisher,120,5807,48.39
Ceyx websteri,Bismarck kingfisher,120,9003,75.03
Chloroceryle aenea,American pygmy kingfisher,120,34056,283.80
Chloroceryle amazona,Amazon kingfisher,120,62433,520.27
Chloroceryle americana,Green kingfisher,120,67482,562.35
Chloroceryle inda,Green-and-rufous kingfisher,120,23401,195.01
Cittura cyanotis,Sulawesi lilac kingfisher,48,2902,60.46
Cittura sanghirensis,Sangihe lilac kingfisher,48,1810,37.71
Clytoceyx rex,Shovel-billed kookaburra,120,68908,574.23
Corythornis cristatus,Malachite kingfisher,120,100157,834.64
Corythornis leucogaster,White-bellied kingfisher,120,12485,104.04
Corythornis madagascariensis,Madagascar pygmy kingfisher,120,9714,80.95
Corythornis nais,Príncipe kingfisher,120,4608,38.40
Corythornis thomensis,São Tomé kingfisher,120,3988,33.23
Corythornis vintsioides,Malagasy kingfisher,120,15321,127.67
Dacelo gaudichaud,Rufous-bellied kookaburra,120,68990,574.92
Dacelo leachii,Blue-winged kookaburra,120,186977,1558.14
Dacelo novaeguineae,Laughing kookaburra,120,965877,8048.98
Dacelo tyro,Spangled kookaburra,120,67317,560.98
Halcyon albiventris,Brown-hooded kingfisher,120,56249,468.74
Halcyon badia,Chocolate-backed kingfisher,120,12292,102.43
Halcyon chelicuti,Striped kingfisher,120,30200,251.67
Halcyon coromanda,Ruddy kingfisher,120,59171,493.09
Halcyon cyanoventris,Javan kingfisher,120,29685,247.38
Halcyon gularis,Brown-breasted kingfisher,120,7928,66.07
Halcyon leucocephala,Grey-headed kingfisher,120,55013,458.44
Halcyon malimbica,Blue-breasted kingfisher,120,26631,221.93
Halcyon pileata,Black-capped kingfisher,120,69909,582.58
Halcyon senegalensis,Woodland kingfisher,120,85798,714.98
Halcyon senegaloides,Mangrove kingfisher,120,26052,217.10
Halcyon smyrnensis,White-throated kingfisher,120,401571,3346.43
Ispidina lecontei,African dwarf kingfisher,120,23912,199.27
Ispidina picta,African pygmy kingfisher,120,56483,470.69
Lacedo melanops,,0,,
Lacedo pulchella,Banded kingfisher,120,38539,321.16
Megaceryle alcyon,Belted kingfisher,120,710752,5922.93
Megaceryle lugubris,Crested kingfisher,120,68728,572.73
Megaceryle maxima,Giant kingfisher,120,128733,1072.78
Megaceryle torquata,Ringed kingfisher,120,90704,755.87
Melidora macrorrhina,Hook-billed kingfisher,120,12303,102.53
Pelargopsis amauroptera,Brown-winged kingfisher,120,23620,196.83
Pelargopsis capensis,Stork-billed kingfisher,120,107272,893.93
Pelargopsis melanorhyncha,Great-billed kingfisher,120,8267,68.89
Syma megarhyncha,Mountain kingfisher,120,7916,65.97
Syma torotoro,Yellow-billed kingfisher,120,25289,210.74
Tanysiptera carolinae,Numfor paradise kingfisher,120,10256,85.47
Tanysiptera danae,Brown-headed paradise kingfisher,120,10836,90.30
Tanysiptera ellioti,Kofiau paradise kingfisher,120,12717,105.97
Tanysiptera galatea,Common paradise kingfisher,120,21580,179.83
Tanysiptera hydrocharis,Little paradise-kingfisher,120,2044,17.03
Tanysiptera nigriceps,Black-capped paradise kingfisher,104,5933,57.05
Tanysiptera nympha,Red-breasted paradise kingfisher,120,8242,68.68
Tanysiptera riedelii,Biak paradise kingfisher,120,11936,99.47
Tanysiptera sylvia,Buff-breasted paradise kingfisher,120,34263,285.52
Todiramphus albonotatus,White-mantled kingfisher,120,9410,78.42
Todiramphus australasia,Cinnamon-banded kingfisher,120,6624,55.20
Todiramphus chloris,Collared kingfisher,120,135961,1133.01
Todiramphus cinnamominus,Guam kingfisher,120,426085,3550.71
Todiramphus diops,Blue-and-white kingfisher,120,9656,80.47
Todiramphus enigma,Talaud kingfisher,120,6694,55.78
Todiramphus farquhari,Vanuatu kingfisher,120,8442,70.35
Todiramphus funebris,Sombre kingfisher,120,6867,57.23
Todiramphus gambieri,Mangareva kingfisher,120,10192,84.93
Todiramphus godeffroyi,Marquesan kingfisher,120,13013,108.44
Todiramphus lazuli,Lazuli kingfisher,120,8746,72.88
Todiramphus leucopygius,Ultramarine kingfisher,120,7575,63.12
Todiramphus macleayii,Forest kingfisher,120,45596,379.97
Todiramphus nigrocyaneus,Blue-black kingfisher,120,10252,85.43
Todiramphus pelewensis,Rusty-capped kingfisher,120,10319,85.99
Todiramphus pyrrhopygius,Red-backed kingfisher,120,22845,190.38
Todiramphus recurvirostris,Flat-billed kingfisher,120,7873,65.61
Todiramphus reichenbachii,Pohnpei kingfisher,120,11561,96.34
Todiramphus ruficollaris,Mewing kingfisher,120,9368,78.07
Todiramphus sanctus,Sacred kingfisher,120,174441,1453.67
Todiramphus saurophagus,Beach kingfisher,120,9873,82.28
Todiramphus tutus,Chattering kingfisher,120,8866,73.88
Todiramphus veneratus,Society kingfisher,120,8122,67.68
Todiramphus winchelli,Rufous-lored kingfisher,120,4912,40.93
Todiramphus youngi,,0,,
Atelornis crossleyi,Rufous-headed ground roller,120,7675,63.96
Atelornis pittoides,Pitta-like ground roller,120,8792,73.27
Brachypteracias leptosomus,Short-legged ground roller,120,10700,89.17
Geobiastes squamiger,Scaly ground roller,120,10816,90.13
Uratelornis chimaera,Long-tailed ground roller,120,67826,565.22
Coracias abyssinicus,Abyssinian roller,120,43828,365.23
Coracias affinis,Indochinese roller,106,33562,316.62
Coracias benghalensis,Indian roller,120,861259,7177.16
Coracias caudatus,Lilac-breasted roller,120,444073,3700.61
Coracias cyanogaster,Blue-bellied roller,120,53789,448.24
Coracias garrulus,European roller,120,280387,2336.56
Coracias naevius,Purple roller,120,32025,266.88
Coracias spatulatus,Racket-tailed roller,120,40159,334.66
Coracias temminckii,Purple-winged roller,120,18713,155.94
Eurystomus azureus,Azure dollarbird,120,13542,112.85
Eurystomus glaucurus,Broad-billed roller,120,34883,290.69
Eurystomus gularis,Blue-throated roller,120,12291,102.42
Eurystomus orientalis,Oriental dollarbird,120,84924,707.70
Meropogon forsteni,Purple-bearded bee-eater,120,17155,142.96
Merops albicollis,White-throated bee-eater,120,35689,297.41
Merops americanus,Rufous-crowned bee-eater,120,6651,55.42
Merops apiaster,European bee-eater,120,414121,3451.01
Merops boehmi,Böhm's bee-eater,120,13366,111.38
Merops breweri,Black-headed bee-eater,120,9645,80.38
Merops bullockoides,White-fronted bee-eater,120,60945,507.88
Merops bulocki,Red-throated bee-eater,120,25506,212.55
Merops cyanophrys,Arabian green bee-eater,54,13138,243.30
Merops gularis,Black bee-eater,120,17052,142.10
Merops hirundineus,Swallow-tailed bee-eater,120,33970,283.08
Merops lafresnayii,Ethiopian bee-eater,70,2697,38.53
Merops leschenaulti,Chestnut-headed bee-eater,120,75414,628.45
Merops malimbicus,Rosy bee-eater,120,22483,187.36
Merops mentalis,Blue-moustached bee-eater,120,9387,78.22
Merops muelleri,Blue-headed bee-eater,120,14165,118.04
Merops nubicoides,Southern carmine bee-eater,120,87906,732.55
Merops nubicus,Northern carmine bee-eater,120,57949,482.91
Merops oreobates,Cinnamon-chested bee-eater,120,23105,192.54
Merops orientalis,Asian green bee-eater,55,104893,1907.15
Merops ornatus,Rainbow bee-eater,120,161514,1345.95
Merops persicus,Blue-cheeked bee-eater,120,107429,895.24
Merops philippinus,Blue-tailed bee-eater,120,126232,1051.93
Merops pusillus,Little bee-eater,120,68463,570.52
Merops revoilii,Somali bee-eater,120,13422,111.85
Merops superciliosus,Olive bee-eater,120,19000,158.33
Merops variegatus,Blue-breasted bee-eater,120,21421,178.51
Merops viridis,Blue-throated bee-eater,120,38639,321.99
Merops viridissimus,African green bee-eater,54,11600,214.81
Nyctyornis amictus,Red-bearded bee-eater,120,27146,226.22
Nyctyornis athertoni,Blue-bearded bee-eater,120,39859,332.16
Aspatha gularis,Blue-throated motmot,120,10470,87.25
Baryphthengus martii,Rufous motmot,120,28205,235.04
Baryphthengus ruficapillus,Rufous-capped motmot,120,9176,76.47
Electron carinatum,Keel-billed motmot,120,17521,146.01
Electron platyrhynchum,Broad-billed motmot,120,24088,200.73
Eumomota superciliosa,Turquoise-browed motmot,120,212348,1769.57
Hylomanes momotula,Tody motmot,120,22681,189.01
Momotus aequatorialis,Andean motmot,113,24426,216.16
Momotus bahamensis,Trinidad motmot,113,19296,170.76
Momotus coeruliceps,Blue-capped motmot,113,31027,274.58
Momotus lessonii,Lesson's motmot,113,38587,341.48
Momotus mexicanus,Russet-crowned motmot,120,17478,145.65
Momotus momota,Amazonian motmot,113,40631,359.57
Momotus subrufescens,Whooping motmot,113,14622,129.40
Todus angustirostris,Narrow-billed tody,120,13574,113.12
Todus mexicanus,Puerto Rican tody,120,51875,432.29
Todus multicolor,Cuban tody,120,60572,504.77
Todus subulatus,Broad-billed tody,120,20580,171.50
Todus todus,Jamaican tody,120,31284,260.70
Cacomantis aeruginosus,Moluccan brush cuckoo,16,489,30.56
Cacomantis castaneiventris,Chestnut-breasted cuckoo,120,7851,65.42
Cacomantis flabelliformis,Fan-tailed cuckoo,120,50476,420.63
Cacomantis merulinus,Plaintive cuckoo,120,45854,382.12
Cacomantis passerinus,Grey-bellied cuckoo,120,26908,224.23
Cacomantis sonneratii,Banded bay cuckoo,120,26237,218.64
Cacomantis variolosus,Sahul brush cuckoo,16,2996,187.25
Caliechthrus leucolophus,White-crowned cuckoo,120,6165,51.38
Carpococcyx radiceus,Bornean ground cuckoo,120,11533,96.11
Carpococcyx renauldi,Coral-billed ground cuckoo,120,10063,83.86
Carpococcyx viridis,Sumatran ground cuckoo,120,53288,444.07
Centropus andamanensis,Andaman coucal,120,14052,117.10
Centropus anselli,Gabon coucal,120,9120,76.00
Centropus ateralbus,White-necked coucal,120,6559,54.66
Centropus bengalensis,Lesser coucal,120,63314,527.62
Centropus bernsteini,Black-billed coucal,120,5221,43.51
Centropus celebensis,Bay coucal,120,6570,54.75
Centropus chalybeus,Biak coucal,120,6373,53.11
Centropus chlororhynchos,Green-billed coucal,120,28368,236.40
Centropus cupreicaudus,Coppery-tailed coucal,120,14434,120.28
Centropus goliath,Goliath coucal,120,9586,79.88
Centropus grillii,Black coucal,120,22451,187.09
Centropus leucogaster,Black-throated coucal,120,9164,76.37
Centropus melanops,Black-faced coucal,120,8352,69.60
Centropus menbeki,Ivory-billed coucal,120,6705,55.88
Centropus milo,Buff-headed coucal,120,8520,71.00
Centropus monachus,Blue-headed coucal,120,13335,111.12
Centropus nigrorufus,Sunda coucal,120,10047,83.72
Centropus phasianinus,Pheasant coucal,120,153974,1283.12
Centropus rectunguis,Short-toed coucal,120,7654,63.78
Centropus senegalensis,Senegal coucal,120,33278,277.32
Centropus sinensis,Greater coucal,120,788495,6570.79
Centropus spilopterus,Kai coucal,120,5352,44.60
Centropus steerii,Black-hooded coucal,120,14676,122.30
Centropus superciliosus,White-browed coucal,120,42827,356.89
Centropus toulou,Malagasy coucal,120,22301,185.84
Centropus unirufus,Rufous coucal,120,8849,73.74
Centropus violaceus,Violaceous coucal,120,5826,48.55
Centropus viridis,Philippine coucal,120,25976,216.47
Cercococcyx lemaireae,Whistling long-tailed cuckoo,78,3129,40.12
Cercococcyx mechowi,Dusky long-tailed cuckoo,120,8803,73.36
Cercococcyx montanus,Barred long-tailed cuckoo,120,7740,64.50
Cercococcyx olivinus,Olive long-tailed cuckoo,120,7512,62.60
Ceuthmochares aereus,Blue malkoha,113,10531,93.19
Ceuthmochares australis,Green malkoha,120,10861,90.51
Chalcites basalis,Horsfield's bronze cuckoo,120,37153,309.61
Chalcites crassirostris,Pied bronze cuckoo,120,1667,13.89
Chalcites lucidus,Shining bronze cuckoo,120,53270,443.92
Chalcites megarhynchus,Long-billed cuckoo,120,5577,46.48
Chalcites meyerii,White-eared bronze cuckoo,120,3583,29.86
Chalcites minutillus,Little bronze cuckoo,120,17780,148.17
Chalcites osculans,Black-eared cuckoo,120,11399,94.99
Chalcites ruficollis,Rufous-throated bronze cuckoo,120,3373,28.11
Chrysococcyx caprius,Diederik cuckoo,120,59598,496.65
Chrysococcyx cupreus,African emerald cuckoo,120,42049,350.41
Chrysococcyx flavigularis,Yellow-throated cuckoo,120,6182,51.52
Chrysococcyx klaas,Klaas's cuckoo,120,28889,240.74
Chrysococcyx maculatus,Asian emerald cuckoo,120,31899,265.82
Chrysococcyx xanthorhynchus,Violet cuckoo,120,23529,196.07
Clamator coromandus,Chestnut-winged cuckoo,120,48981,408.18
Clamator glandarius,Great spotted cuckoo,120,131357,1094.64
Clamator jacobinus,Jacobin cuckoo,120,304774,2539.78
Clamator levaillantii,Levaillant's cuckoo,120,17847,148.72
Coccycua cinerea,Ash-colored cuckoo,120,7099,59.16
Coccycua minuta,Little cuckoo,120,11913,99.28
Coccycua pumila,Dwarf cuckoo,120,6544,54.53
Coccyzus americanus,Yellow-billed cuckoo,120,420075,3500.62
Coccyzus bahamensis,,0,,
Coccyzus erythropthalmus,Black-billed cuckoo,120,204777,1706.47
Coccyzus euleri,Pearly-breasted cuckoo,120,6835,56.96
Coccyzus ferrugineus,Cocos cuckoo,120,11238,93.65
Coccyzus lansbergi,Grey-capped cuckoo,120,4310,35.92
Coccyzus longirostris,Hispaniolan lizard cuckoo,120,11393,94.94
Coccyzus melacoryphus,Dark-billed cuckoo,120,17970,149.75
Coccyzus merlini,Great lizard cuckoo,120,21475,178.96
Coccyzus minor,Mangrove cuckoo,120,54043,450.36
Coccyzus pluvialis,Chestnut-bellied cuckoo,120,7137,59.48
Coccyzus rufigularis,Bay-breasted cuckoo,120,12239,101.99
Coccyzus vetula,Jamaican lizard cuckoo,120,8996,74.97
Coccyzus vieilloti,Puerto Rican lizard cuckoo,120,14990,124.92
Coua caerulea,Blue coua,120,33213,276.77
Coua coquereli,Coquerel's coua,120,13843,115.36
Coua cristata,Crested coua,120,36825,306.88
Coua cursor,Running coua,120,7538,62.82
Coua gigas,Giant coua,120,31017,258.48
Coua olivaceiceps,Olive-capped coua,17,769,45.24
Coua pyropyga,,0,,
Coua reynaudii,Red-fronted coua,120,5499,45.83
Coua ruficeps,Red-capped coua,120,8277,68.97
Coua serriana,Red-breasted coua,120,5930,49.42
Coua verreauxi,Verreaux's coua,120,8759,72.99
Crotophaga ani,Smooth-billed ani,120,126924,1057.70
Crotophaga major,Greater ani,120,39172,326.43
Crotophaga sulcirostris,Groove-billed ani,120,147001,1225.01
Cuculus canorus,Common cuckoo,120,1549979,12916.49
Cuculus clamosus,Black cuckoo,120,56930,474.42
Cuculus crassirostris,Sulawesi cuckoo,120,5703,47.52
Cuculus gularis,African cuckoo,120,39656,330.47
Cuculus lepidus,Sunda cuckoo,120,8659,72.16
Cuculus micropterus,Indian cuckoo,120,162818,1356.82
Cuculus poliocephalus,Lesser cuckoo,120,73563,613.02
Cuculus rochii,Madagascar cuckoo,120,8263,68.86
Cuculus saturatus,Himalayan cuckoo,120,31137,259.48
Cuculus solitarius,Red-chested cuckoo,120,113341,944.51
Dasylophus superciliosus,Rough-crested malkoha,120,10786,89.88
Dromococcyx pavoninus,Pavonine cuckoo,120,14934,124.45
Dromococcyx phasianellus,Pheasant cuckoo,120,32968,274.73
Eudynamys orientalis,Pacific koel,120,203466,1695.55
Eudynamys scolopaceus,Asian koel,120,1423873,11865.61
Geococcyx californianus,Greater roadrunner,120,1185295,9877.46
Geococcyx velox,Lesser roadrunner,120,167137,1392.81
Guira guira,Guira cuckoo,120,72169,601.41
Heteroscenes pallidus,Pallid cuckoo,120,41513,345.94
Hierococcyx bocki,Dark hawk-cuckoo,120,6127,51.06
Hierococcyx fugax,Malaysian hawk-cuckoo,120,12095,100.79
Hierococcyx hyperythrus,Northern hawk-cuckoo,120,5933,49.44
Hierococcyx nisicolor,Hodgson's hawk-cuckoo,120,18128,151.07
Hierococcyx pectoralis,Philippine hawk-cuckoo,120,8691,72.42
Hierococcyx sparverioides,Large hawk-cuckoo,120,33723,281.02
Hierococcyx vagans,Moustached hawk-cuckoo,120,10550,87.92
Hierococcyx varius,Common hawk-cuckoo,120,192696,1605.80
Lepidogrammus cumingi,Scale-feathered malkoha,120,14206,118.38
Microdynamis parva,Dwarf koel,120,8030,66.92
Morococcyx erythropygus,Lesser ground cuckoo,120,12388,103.23
Neomorphus geoffroyi,Rufous-vented ground cuckoo,120,17200,143.33
Neomorphus pucheranii,Red-billed ground cuckoo,120,7012,58.43
Neomorphus radiolosus,Banded ground cuckoo,120,9072,75.60
Neomorphus rufipennis,Rufous-winged ground cuckoo,120,6418,53.48
Pachycoccyx audeberti,Thick-billed cuckoo,120,15489,129.07
Phaenicophaeus curvirostris,Chestnut-breasted malkoha,120,33997,283.31
Phaenicophaeus diardi,Black-bellied malkoha,120,11081,92.34
Phaenicophaeus oeneicaudus,Mentawai malkoha,17,405,23.82
Phaenicophaeus pyrrhocephalus,Red-faced malkoha,120,33736,281.13
Phaenicophaeus sumatranus,Chestnut-bellied malkoha,120,11591,96.59
Phaenicophaeus tristis,Green-billed malkoha,120,34223,285.19
Phaenicophaeus viridirostris,Blue-faced malkoha,120,36943,307.86
Piaya cayana,Common squirrel cuckoo,0,0,
Piaya melanogaster,Black-bellied cuckoo,120,6998,58.32
Piaya mexicana,Mexican squirrel cuckoo,0,0,
Rhamphococcyx calyorhynchus,Yellow-billed malkoha,120,9410,78.42
Rhinortha chlorophaea,Raffles's malkoha,120,13393,111.61
Scythrops novaehollandiae,Channel-billed cuckoo,120,220632,1838.60
Surniculus dicruroides,Fork-tailed drongo-cuckoo,120,22792,189.93
Surniculus lugubris,Square-tailed drongo-cuckoo,120,24941,207.84
Surniculus musschenbroeki,Moluccan drongo-cuckoo,120,3387,28.23
Surniculus velutinus,Philippine drongo-cuckoo,120,11847,98.72
Taccocua leschenaultii,Sirkeer malkoha,120,27496,229.13
Tapera naevia,Striped cuckoo,120,65430,545.25
Urodynamis taitensis,Long-tailed koel,120,16304,135.87
Zanclostomus javanicus,Red-billed malkoha,120,9202,76.68
Eurypyga helias,,0,,
Rhynochetos jubatus,,0,,
Caracara cheriway,Crested caracara,120,442834,3690.28
Caracara plancus,Crested caracara,120,442834,3690.28
Daptrius ater,Black caracara,120,28100,234.17
Falco alopex,Fox kestrel,120,45715,380.96
Falco amurensis,Amur falcon,120,345452,2878.77
Falco araeus,Seychelles kestrel,120,47641,397.01
Falco ardosiaceus,Grey kestrel,120,37625,313.54
Falco berigora,Brown falcon,120,142686,1189.05
Falco biarmicus,Lanner falcon,120,339295,2827.46
Falco cenchroides,Nankeen kestrel,120,122895,1024.12
Falco cherrug,Saker falcon,120,526059,4383.82
Falco chicquera,Red-necked falcon,120,80736,672.80
Falco columbarius,Merlin (bird),120,1283296,10694.13
Falco concolor,Sooty falcon,120,69952,582.93
Falco cuvierii,African hobby,120,41342,344.52
Falco deiroleucus,Orange-breasted falcon,120,55170,459.75
Falco dickinsoni,Dickinson's kestrel,120,25896,215.80
Falco eleonorae,Eleonora's falcon,120,190875,1590.62
Falco fasciinucha,Taita falcon,120,44359,369.66
Falco femoralis,Aplomado falcon,120,160021,1333.51
Falco hypoleucos,Grey falcon,120,63248,527.07
Falco jugger,Laggar falcon,120,104178,868.15
Falco longipennis,Australian hobby,120,70252,585.43
Falco mexicanus,Prairie falcon,120,323239,2693.66
Falco moluccensis,Spotted kestrel,120,33756,281.30
Falco naumanni,Lesser kestrel,120,218292,1819.10
Falco newtoni,Malagasy kestrel,120,40152,334.60
Falco novaeseelandiae,New Zealand falcon,120,186946,1557.88
Falco peregrinus,Peregrine falcon,120,8335665,69463.88
Falco punctatus,Mauritius kestrel,120,151537,1262.81
Falco ruficollis,Red-necked falcon,120,80736,672.80
Falco rufigularis,Bat falcon,120,105311,877.59
Falco rupicoloides,Greater kestrel,120,46386,386.55
Falco rusticolus,,0,,
Falco severus,Oriental hobby,120,32473,270.61
Falco sparverius,American kestrel,120,1377072,11475.60
Falco subbuteo,Eurasian hobby,120,430127,3584.39
Falco subniger,Black falcon,120,87628,730.23
Falco tinnunculus,Common kestrel,120,1301046,10842.05
Falco vespertinus,Red-footed falcon,120,149378,1244.82
Falco zoniventris,Banded kestrel,120,24351,202.93
Herpetotheres cachinnans,Laughing falcon,120,76614,638.45
Ibycter americanus,Red-throated caracara,120,64058,533.82
Micrastur buckleyi,Buckley's forest falcon,120,8237,68.64
Micrastur gilvicollis,Lined forest falcon,120,10167,84.72
Micrastur mintoni,Cryptic forest falcon,120,13181,109.84
Micrastur mirandollei,Slaty-backed forest falcon,120,10344,86.20
Micrastur plumbeus,Plumbeous forest falcon,120,9425,78.54
Micrastur ruficollis,Barred forest falcon,120,22301,185.84
Micrastur semitorquatus,Collared forest falcon,120,28996,241.63
Microhierax caerulescens,Collared falconet,120,41122,342.68
Microhierax erythrogenys,Philippine falconet,120,40344,336.20
Microhierax fringillarius,Black-thighed falconet,120,63216,526.80
Microhierax latifrons,White-fronted falconet,120,29123,242.69
Microhierax melanoleucos,Pied falconet,120,29772,248.10
Milvago chimachima,Yellow-headed caracara,120,129408,1078.40
Phalcoboenus albogularis,White-throated caracara,120,20445,170.38
Phalcoboenus australis,Striated caracara,120,130624,1088.53
Phalcoboenus carunculatus,Carunculated caracara,120,25770,214.75
Phalcoboenus chimango,Chimango caracara,120,91878,765.65
Phalcoboenus megalopterus,Mountain caracara,120,47146,392.88
Polihierax insignis,White-rumped falcon,120,16706,139.22
Polihierax semitorquatus,Pygmy falcon,120,187841,1565.34
Spiziapteryx circumcincta,Spot-winged falconet,120,19564,163.03
Aburria aburri,Wattled guan,120,13029,108.58
Chamaepetes goudotii,Sickle-winged guan,120,13972,116.43
Chamaepetes unicolor,Black guan,120,28574,238.12
Crax alberti,Blue-billed curassow,120,38424,320.20
Crax alector,Black curassow,120,31216,260.13
Crax blumenbachii,Red-billed curassow,120,17954,149.62
Crax daubentoni,Yellow-knobbed curassow,120,24172,201.43
Crax fasciolata,Bare-faced curassow,120,40608,338.40
Crax globulosa,Wattled curassow,120,28510,237.58
Crax pinima,Belem curassow,96,7688,80.08
Crax rubra,Great curassow,120,159775,1331.46
Mitu mitu,Alagoas curassow,120,502035,4183.62
Mitu salvini,Salvin's curassow,120,12663,105.53
Mitu tomentosum,Crestless curassow,120,14332,119.43
Mitu tuberosum,Razor-billed curassow,120,26149,217.91
Nothocrax urumutum,Nocturnal curassow,120,18330,152.75
Oreophasis derbianus,Horned guan,120,62584,521.53
Ortalis araucuan,East Brazilian chachalaca,120,8802,73.35
Ortalis canicollis,Chaco chachalaca,120,24492,204.10
Ortalis cinereiceps,Grey-headed chachalaca,120,29004,241.70
Ortalis columbiana,Colombian chachalaca,120,16190,134.92
Ortalis erythroptera,Rufous-headed chachalaca,120,9726,81.05
Ortalis garrula,Chestnut-winged chachalaca,120,9986,83.22
Ortalis guttata,Speckled chachalaca,120,24996,208.30
Ortalis leucogastra,White-bellied chachalaca,120,15228,126.90
Ortalis motmot,Little chachalaca,120,16473,137.28
Ortalis poliocephala,West Mexican chachalaca,120,30924,257.70
Ortalis ruficauda,Rufous-vented chachalaca,120,89098,742.48
Ortalis squamata,Scaled chachalaca,120,7495,62.46
Ortalis superciliaris,Buff-browed chachalaca,120,7032,58.60
Ortalis vetula,Plain chachalaca,120,106868,890.57
Ortalis wagleri,Rufous-bellied chachalaca,120,17729,147.74
Pauxi koepckeae,Sira curassow,120,13856,115.47
Pauxi pauxi,Helmeted curassow,120,42070,350.58
Pauxi unicornis,Horned curassow,120,24470,203.92
Penelope albipennis,White-winged guan,120,21709,180.91
Penelope argyrotis,Band-tailed guan,120,9728,81.07
Penelope barbata,Bearded guan,120,9770,81.42
Penelope dabbenei,Red-faced guan,120,8990,74.92
Penelope jacquacu,Spix's guan,120,22222,185.18
Penelope jacucaca,White-browed guan,120,7913,65.94
Penelope marail,Marail guan,120,10972,91.43
Penelope montagnii,Andean guan,120,17957,149.64
Penelope obscura,Dusky-legged guan,120,23100,192.50
Penelope ochrogaster,Chestnut-bellied guan,120,11426,95.22
Penelope ortoni,Baudo guan,120,9756,81.30
Penelope perspicax,Cauca guan,120,11606,96.72
Penelope pileata,White-crested guan,120,8757,72.97
Penelope purpurascens,Crested guan,120,54084,450.70
Penelope superciliaris,Rusty-margined guan,120,16940,141.17
Penelopina nigra,Highland guan,120,16381,136.51
Pipile cujubi,Red-throated piping guan,120,8886,74.05
Pipile cumanensis,Blue-throated piping guan,120,24575,204.79
Pipile grayi,White-throated piping guan,35,2119,60.54
Pipile jacutinga,Black-fronted piping guan,120,23436,195.30
Pipile pipile,Trinidad piping guan,120,27894,232.45
Aepypodius arfakianus,Wattled brushturkey,120,36309,302.57
Aepypodius bruijnii,Waigeo brushturkey,120,32419,270.16
Alectura lathami,Australian brushturkey,120,670318,5585.98
Eulipoa wallacei,Moluccan megapode,120,12294,102.45
Leipoa ocellata,,0,,
Macrocephalon maleo,,0,,
Megapodius bernsteinii,Sula megapode,120,11827,98.56
Megapodius cumingii,Philippine megapode,120,31215,260.12
Megapodius decollatus,New Guinea scrubfowl,120,11333,94.44
Megapodius eremita,Melanesian megapode,120,13759,114.66
Megapodius freycinet,Dusky megapode,120,17328,144.40
Megapodius geelvinkianus,Biak scrubfowl,120,10292,85.77
Megapodius laperouse,Micronesian megapode,120,31008,258.40
Megapodius layardi,Vanuatu megapode,120,12562,104.68
Megapodius nicobariensis,Nicobar megapode,120,64641,538.67
Megapodius pritchardii,Tongan megapode,120,32148,267.90
Megapodius reinwardt,Orange-footed scrubfowl,120,87884,732.37
Megapodius tenimberensis,Tanimbar megapode,120,9256,77.13
Talegalla cuvieri,Red-billed brushturkey,120,17382,144.85
Talegalla fuscirostris,Black-billed brushturkey,120,13852,115.43
Talegalla jobiensis,Collared brushturkey,120,13754,114.62
Acryllium vulturinum,Vulturine guinea fowl,8,11533,1441.62
Agelastes meleagrides,White-breasted guinea fowl,120,2267,18.89
Agelastes niger,Black guinea fowl,8,2310,288.75
Guttera edouardi,Southern crested guinea fowl,8,973,121.62
Guttera plumifera,Plumed guinea fowl,8,1316,164.50
Guttera pucherani,Eastern crested guinea fowl,8,1127,140.88
Guttera verreauxi,Western crested guinea fowl,8,823,102.88
Numida meleagris,Helmeted guinea fowl,120,42803,356.69
Callipepla californica,California quail,120,799935,6666.12
Callipepla douglasii,Elegant quail,120,60571,504.76
Callipepla gambelii,Gambel's quail,120,376029,3133.57
Callipepla squamata,Scaled quail,120,144831,1206.92
Colinus cristatus,Crested bobwhite,120,41293,344.11
Colinus leucopogon,Spot-bellied bobwhite,120,27082,225.68
Colinus nigrogularis,Yucatan bobwhite,120,9390,78.25
Colinus virginianus,Northern bobwhite,120,722184,6018.20
Cyrtonyx montezumae,Montezuma quail,120,114661,955.51
Cyrtonyx ocellatus,Ocellated quail,120,27973,233.11
Cyrtonyx sallei,Salle's quail,32,2260,70.62
Dactylortyx thoracicus,Singing quail,120,28649,238.74
Dendrortyx barbatus,Bearded wood partridge,120,13028,108.57
Dendrortyx leucophrys,Buffy-crowned wood partridge,120,12646,105.38
Dendrortyx macroura,Long-tailed wood partridge,120,12278,102.32
Odontophorus atrifrons,Black-fronted wood quail,120,12300,102.50
Odontophorus balliviani,Stripe-faced wood quail,120,10694,89.12
Odontophorus capueira,Spot-winged wood quail,120,21191,176.59
Odontophorus columbianus,Venezuelan wood quail,120,10487,87.39
Odontophorus dialeucos,Tacarcuna wood quail,120,10045,83.71
Odontophorus erythrops,Rufous-fronted wood quail,120,11889,99.08
Odontophorus gujanensis,Marbled wood quail,120,27124,226.03
Odontophorus guttatus,Spotted wood quail,120,17178,143.15
Odontophorus hyperythrus,Chestnut wood quail,120,14722,122.68
Odontophorus leucolaemus,Black-breasted wood quail,120,13710,114.25
Odontophorus melanonotus,Dark-backed wood quail,120,13040,108.67
Odontophorus melanotis,Black-eared wood quail,120,14423,120.19
Odontophorus speciosus,Rufous-breasted wood quail,120,11402,95.02
Odontophorus stellatus,Starred wood quail,120,15675,130.62
Odontophorus strophium,Gorgeted wood quail,120,11093,92.44
Oreortyx pictus,Mountain quail,120,158183,1318.19
Philortyx fasciatus,Banded quail,120,32523,271.02
Ptilopachus nahani,Nahan's partridge,120,17423,145.19
Ptilopachus petrosus,Stone partridge,120,35672,297.27
Rhynchortyx cinctus,Tawny-faced quail,120,20224,168.53
Afropavo congensis,Congo peafowl,120,528093,4400.77
Alectoris barbara,Barbary partridge,120,72045,600.38
Alectoris chukar,Chukar partridge,120,1225451,10212.09
Alectoris graeca,Rock partridge,120,118794,989.95
Alectoris magna,Przevalski's partridge,120,21929,182.74
Alectoris melanocephala,Arabian partridge,120,27503,229.19
Alectoris philbyi,Philby's partridge,120,25412,211.77
Alectoris rufa,Red-legged partridge,120,285199,2376.66
Ammoperdix griseogularis,See-see partridge,120,41353,344.61
Ammoperdix heyi,Sand partridge,120,38763,323.02
Anurophasis monorthonyx,Snow Mountain quail,120,22523,187.69
Arborophila ardens,Hainan partridge,120,21030,175.25
Arborophila atrogularis,White-cheeked partridge,120,14404,120.03
Arborophila brunneopectus,Bar-backed partridge,120,14369,119.74
Arborophila cambodiana,Chestnut-headed partridge,120,10500,87.50
Arborophila campbelli,Malayan partridge,54,5146,95.30
Arborophila charltonii,Chestnut-necklaced partridge,120,15853,132.11
Arborophila chloropus,Green-legged partridge,120,10802,90.02
Arborophila crudigularis,Taiwan partridge,120,22941,191.18
Arborophila davidi,Orange-necked partridge,120,18372,153.10
Arborophila gingica,White-necklaced partridge,120,18006,150.05
Arborophila graydoni,,0,,
Arborophila hyperythra,Red-breasted partridge,120,14348,119.57
Arborophila javanica,Chestnut-bellied partridge,120,14451,120.42
Arborophila mandellii,Chestnut-breasted partridge,120,22192,184.93
Arborophila orientalis,Grey-breasted partridge,120,14130,117.75
Arborophila rolli,Roll's partridge,120,6542,54.52
Arborophila rubrirostris,Red-billed partridge,120,14750,122.92
Arborophila rufipectus,Sichuan partridge,120,13370,111.42
Arborophila rufogularis,Rufous-throated partridge,120,26031,216.93
Arborophila sumatrana,Sumatran partridge,120,7673,63.94
Arborophila tonkinensis,,0,,
Arborophila torqueola,Hill partridge,120,33910,282.58
Argusianus argus,Great argus,120,190163,1584.69
Bambusicola fytchii,Mountain bamboo partridge,120,25888,215.73
Bambusicola sonorivox,Taiwan bamboo partridge,120,13087,109.06
Bambusicola thoracicus,Chinese bamboo partridge,120,38665,322.21
Bonasa bonasia,Hazel grouse,120,195519,1629.33
Bonasa sewerzowi,Chinese grouse,120,20111,167.59
Bonasa umbellus,Ruffed grouse,120,831930,6932.75
Caloperdix oculeus,Ferruginous partridge,120,22005,183.38
Catreus wallichii,Cheer pheasant,120,99995,833.29
Centrocercus minimus,Gunnison sage-grouse,120,34632,288.60
Centrocercus urophasianus,Greater sage-grouse,120,535686,4464.05
Chrysolophus amherstiae,Lady Amherst's pheasant,120,279329,2327.74
Chrysolophus pictus,Golden pheasant,120,985404,8211.70
Coturnix coromandelica,Rain quail,120,72997,608.31
Coturnix coturnix,Common quail,120,1448756,12072.97
Coturnix delegorguei,Harlequin quail,120,66936,557.80
Coturnix japonica,Japanese quail,120,531399,4428.32
Coturnix pectoralis,Stubble quail,120,87640,730.33
Crossoptilon auritum,Blue eared pheasant,120,38891,324.09
Crossoptilon crossoptilon,White eared pheasant,120,46256,385.47
Crossoptilon harmani,Tibetan eared pheasant,120,27412,228.43
Crossoptilon mantchuricum,Brown eared pheasant,120,32449,270.41
Dendragapus fuliginosus,Sooty grouse,120,109783,914.86
Dendragapus obscurus,Dusky grouse,120,160038,1333.65
Dendroperdix sephaena,Crested francolin,120,34509,287.57
Falcipennis canadensis,Spruce grouse,120,327316,2727.63
Falcipennis falcipennis,Siberian grouse,120,43396,361.63
Falcipennis franklinii,Franklin's grouse,120,20241,168.68
Francolinus francolinus,Black francolin,120,280468,2337.23
Francolinus gularis,Swamp francolin,120,31111,259.26
Francolinus pictus,Painted francolin,120,45036,375.30
Francolinus pintadeanus,Chinese francolin,120,36231,301.93
Francolinus pondicerianus,Grey francolin,120,490156,4084.63
Galloperdix bicalcarata,Sri Lanka spurfowl,120,29028,241.90
Galloperdix lunulata,Painted spurfowl,120,29530,246.08
Galloperdix spadicea,Red spurfowl,120,48689,405.74
Gallus gallus,Red junglefowl,120,2453967,20449.72
Gallus lafayettii,Sri Lankan junglefowl,120,492692,4105.77
Gallus sonneratii,Grey junglefowl,120,524470,4370.58
Gallus varius,Green junglefowl,120,280344,2336.20
Haematortyx sanguiniceps,Crimson-headed partridge,120,25240,210.33
Ithaginis cruentus,Blood pheasant,120,223680,1864.00
Lagopus lagopus,Willow ptarmigan,120,648507,5404.23
Lagopus leucura,White-tailed ptarmigan,120,170576,1421.47
Lagopus muta,Rock ptarmigan,120,1175085,9792.38
Lerwa lerwa,Snow partridge,120,61576,513.13
Lophophorus impejanus,Himalayan monal,120,660384,5503.20
Lophophorus lhuysii,Chinese monal,120,30644,255.37
Lophophorus sclateri,Sclater's monal,120,33403,278.36
Lophura bulweri,Bulwer's pheasant,120,43379,361.49
Lophura diardi,Siamese fireback,120,106908,890.90
Lophura edwardsi,Edwards's pheasant,120,55218,460.15
Lophura erythrophthalma,Malayan crestless fireback,39,6242,160.05
Lophura ignita,Bornean crested fireback,39,14675,376.28
Lophura inornata,Salvadori's pheasant,120,35078,292.32
Lophura leucomelanos,Kalij pheasant,120,249459,2078.82
Lophura nycthemera,Silver pheasant,120,206119,1717.66
Lophura pyronota,Bornean crestless fireback,39,5279,135.36
Lophura rufa,Malayan crested fireback,39,10363,265.72
Lophura swinhoii,Swinhoe's pheasant,120,89194,743.28
Lyrurus mlokosiewiczi,Caucasian grouse,120,48600,405.00
Lyrurus tetrix,Black grouse,120,516751,4306.26
Margaroperdix madagarensis,Madagascar partridge,120,11962,99.68
Melanoperdix niger,Black partridge,120,41631,346.93
Meleagris gallopavo,Wild turkey,120,2841103,23675.86
Meleagris ocellata,Ocellated turkey,120,645320,5377.67
Ophrysia superciliosa,Himalayan quail,120,171903,1432.53
Pavo cristatus,Indian peafowl,120,3149583,26246.53
Pavo muticus,Green peafowl,120,693851,5782.09
Peliperdix albogularis,White-throated francolin,120,12043,100.36
Peliperdix coqui,Coqui francolin,120,27125,226.04
Peliperdix lathami,Latham's francolin,120,11522,96.02
Peliperdix schlegelii,Schlegel's francolin,120,6597,54.98
Perdicula argoondah,Rock bush quail,120,28587,238.22
Perdicula asiatica,Jungle bush quail,120,53280,444.00
Perdicula erythrorhyncha,Painted bush quail,120,27037,225.31
Perdicula manipurensis,Manipur bush quail,120,32494,270.78
Perdix dauurica,Daurian partridge,120,32795,273.29
Perdix hodgsoniae,Tibetan partridge,120,22101,184.18
Perdix perdix,Grey partridge,120,517789,4314.91
Phasianus colchicus,Common pheasant,120,1921370,16011.42
Phasianus versicolor,Green pheasant,120,381305,3177.54
Polyplectron bicalcaratum,Grey peacock-pheasant,120,112679,938.99
Polyplectron chalcurum,Bronze-tailed peacock-pheasant,120,32258,268.82
Polyplectron germaini,Germain's peacock-pheasant,120,33216,276.80
Polyplectron inopinatum,Mountain peacock-pheasant,120,44104,367.53
Polyplectron katsumatae,Hainan peacock-pheasant,120,32352,269.60
Polyplectron malacense,Malayan peacock-pheasant,120,66703,555.86
Polyplectron napoleonis,Palawan peacock-pheasant,120,152771,1273.09
Polyplectron schleiermacheri,Bornean peacock-pheasant,120,59999,499.99
Pternistis adspersus,Red-billed spurfowl,120,17962,149.68
Pternistis afer,Red-necked spurfowl,120,27030,225.25
Pternistis ahantensis,Ahanta spurfowl,72,6591,91.54
Pternistis atrifrons,Chestnut-naped spurfowl,72,3756,52.17
Pternistis bicalcaratus,Double-spurred spurfowl,72,9375,130.21
Pternistis camerunensis,Mount Cameroon spurfowl,72,4620,64.17
Pternistis capensis,Cape spurfowl,120,36217,301.81
Pternistis castaneicollis,Chestnut-naped spurfowl,72,3756,52.17
Pternistis clappertoni,Clapperton's spurfowl,72,4142,57.53
Pternistis erckelii,Erckel's spurfowl,72,16230,225.42
Pternistis griseostriatus,Grey-striped spurfowl,72,3518,48.86
Pternistis hartlaubi,Hartlaub's spurfowl,120,8283,69.03
Pternistis harwoodi,Harwood's spurfowl,72,4285,59.51
Pternistis hildebrandti,Hildebrandt's spurfowl,72,4404,61.17
Pternistis icterorhynchus,Heuglin's spurfowl,72,3447,47.88
Pternistis jacksoni,Jackson's spurfowl,72,5602,77.81
Pternistis leucoscepus,Yellow-necked spurfowl,120,23766,198.05
Pternistis natalensis,Natal spurfowl,120,20930,174.42
Pternistis nobilis,Handsome spurfowl,72,8356,116.06
Pternistis ochropectus,Djibouti spurfowl,72,11959,166.10
Pternistis rufopictus,Grey-breasted spurfowl,120,10287,85.72
Pternistis squamatus,Scaly spurfowl,72,4968,69.00
Pternistis swainsonii,Swainson's spurfowl,120,25909,215.91
Pternistis swierstrai,Swierstra's spurfowl,72,3372,46.83
Pucrasia macrolopha,Koklass pheasant,120,94783,789.86
Rheinardia ocellata,Vietnamese crested argus,66,18628,282.24
Rhizothera dulitensis,Dulit partridge,120,6980,58.17
Rhizothera longirostris,Long-billed partridge,120,16354,136.28
Rollulus rouloul,Crested partridge,120,118873,990.61
Scleroptila afra,Grey-winged francolin,120,15034,125.28
Scleroptila elgonensis,Elgon francolin,120,4500,37.50
Scleroptila finschi,Finsch's francolin,120,7556,62.97
Scleroptila gutturalis,Orange River francolin,120,16678,138.98
Scleroptila levaillantii,Red-winged francolin,120,15411,128.43
Scleroptila psilolaema,Moorland francolin,120,8772,73.10
Scleroptila shelleyi,Shelley's francolin,120,13766,114.72
Scleroptila streptophora,Ring-necked francolin,120,10454,87.12
Scleroptila whytei,Whyte's francolin,34,1035,30.44
Synoicus adansonii,Blue quail,120,57902,482.52
Synoicus chinensis,King quail,120,271312,2260.93
Synoicus ypsilophorus,Brown quail,120,151577,1263.14
Syrmaticus ellioti,Elliot's pheasant,120,52446,437.05
Syrmaticus humiae,Mrs. Hume's pheasant,120,119896,999.13
Syrmaticus mikado,Mikado pheasant,120,95112,792.60
Syrmaticus reevesii,Reeves's pheasant,120,161823,1348.53
Syrmaticus soemmerringii,Copper pheasant,120,74856,623.80
Tetrao urogalloides,Black-billed capercaillie,120,77930,649.42
Tetrao urogallus,Western capercaillie,120,1392541,11604.51
Tetraogallus altaicus,Altai snowcock,120,19496,162.47
Tetraogallus caspius,Caspian snowcock,120,27626,230.22
Tetraogallus caucasicus,Caucasian snowcock,120,20193,168.28
Tetraogallus himalayensis,Himalayan snowcock,120,137564,1146.37
Tetraogallus tibetanus,Tibetan snowcock,120,41831,348.59
Tetraophasis obscurus,Chestnut-throated monal-partridge,17,1131,66.53
Tetraophasis szechenyii,Buff-throated monal-partridge,17,1365,80.29
Tragopan blythii,Blyth's tragopan,120,149634,1246.95
Tragopan caboti,Cabot's tragopan,120,72187,601.56
Tragopan melanocephalus,Western tragopan,120,185603,1546.69
Tragopan satyra,Satyr tragopan,120,104195,868.29
Tragopan temminckii,Temminck's tragopan,120,110117,917.64
Tympanuchus cupido,Greater prairie-chicken,120,125079,1042.33
Tympanuchus pallidicinctus,Lesser prairie-chicken,120,27013,225.11
Tympanuchus phasianellus,Sharp-tailed grouse,120,275817,2298.47
Xenoperdix udzungwensis,Udzungwa forest partridge,120,13935,116.12
Gavia adamsii,Yellow-billed loon,120,142220,1185.17
Gavia arctica,Black-throated loon,120,247380,2061.50
Gavia immer,Common loon,120,1291100,10759.17
Gavia pacifica,Pacific loon,120,153744,1281.20
Gavia stellata,Red-throated loon,120,329788,2748.23
Aramus guarauna,,0,,
Anthropoides paradiseus,Blue crane,120,305263,2543.86
Anthropoides virgo,Demoiselle crane,120,416962,3474.68
Antigone antigone,Sarus crane,120,973545,8112.88
Antigone canadensis,Sandhill crane,120,2959333,24661.11
Antigone rubicunda,,0,,
Antigone vipio,White-naped crane,120,136358,1136.32
Balearica pavonina,Black crowned crane,120,199652,1663.77
Balearica regulorum,Grey crowned crane,120,693082,5775.68
Bugeranus carunculatus,Wattled crane,120,99649,830.41
Grus americana,Whooping crane,120,1313458,10945.48
Grus grus,Common crane,120,804827,6706.89
Grus japonensis,Red-crowned crane,120,981261,8177.18
Grus monacha,Hooded crane,120,80377,669.81
Grus nigricollis,Black-necked crane,120,287127,2392.72
Leucogeranus leucogeranus,Siberian crane,120,765362,6378.02
Heliopais personatus,Masked finfoot,120,39455,328.79
Heliornis fulica,,0,,
Podica senegalensis,African finfoot,120,42874,357.28
Psophia crepitans,Grey-winged trumpeter,120,43945,366.21
Psophia dextralis,Olive-winged trumpeter,41,711,17.34
Psophia leucoptera,Pale-winged trumpeter,120,14770,123.08
Psophia obscura,Black-winged trumpeter,34,698,20.53
Psophia ochroptera,Grey-winged trumpeter,120,43945,366.21
Psophia viridis,Dark-winged trumpeter,120,12845,107.04
Amaurolimnas concolor,Uniform crake,120,11354,94.62
Amaurornis cinerea,White-browed crake,120,22988,191.57
Amaurornis isabellina,Isabelline bush-hen,120,7023,58.52
Amaurornis magnirostris,Talaud bush-hen,120,6193,51.61
Amaurornis marginalis,Striped crake,120,12197,101.64
Amaurornis moluccana,Pale-vented bush-hen,120,14722,122.68
Amaurornis olivacea,Plain bush-hen,120,14293,119.11
Amaurornis phoenicurus,White-breasted waterhen,120,307213,2560.11
Aramides albiventris,Russet-naped wood rail,113,7502,66.39
Aramides axillaris,Rufous-necked wood rail,120,10507,87.56
Aramides cajaneus,Grey-cowled wood rail,113,26988,238.83
Aramides calopterus,Red-winged wood rail,120,3840,32.00
Aramides mangle,Little wood rail,120,4810,40.08
Aramides saracura,Slaty-breasted wood rail,120,11968,99.73
Aramides wolfi,Brown wood rail,120,4565,38.04
Aramides ypecaha,Giant wood rail,120,15206,126.72
Aramidopsis plateni,Snoring rail,120,84805,706.71
Canirallus oculeus,Grey-throated rail,120,7539,62.83
Coturnicops exquisitus,Swinhoe's rail,120,10544,87.87
Coturnicops notatus,Speckled rail,120,5158,42.98
Coturnicops noveboracensis,Yellow rail,120,89436,745.30
Crex crex,Corn crake,120,467715,3897.62
Crex egregia,African crake,120,66696,555.80
Cyanolimnas cerverai,Zapata rail,120,83100,692.50
Dryolimnas cuvieri,White-throated rail,120,170985,1424.88
Eulabeornis castaneoventris,Chestnut rail,120,9872,82.27
Fulica alai,Hawaiian coot,120,103300,860.83
Fulica americana,American coot,120,819241,6827.01
Fulica ardesiaca,Andean coot,120,26468,220.57
Fulica armillata,Red-gartered coot,120,20547,171.22
Fulica atra,Eurasian coot,120,621563,5179.69
Fulica cornuta,Horned coot,120,25391,211.59
Fulica cristata,Red-knobbed coot,120,61413,511.77
Fulica gigantea,Giant coot,120,43465,362.21
Fulica leucoptera,White-winged coot,120,17914,149.28
Fulica rufifrons,Red-fronted coot,120,20626,171.88
Gallicrex cinerea,,0,,
Gallinula chloropus,Common moorhen,120,571455,4762.12
Gallinula comeri,Gough moorhen,120,43745,364.54
Gallinula galeata,Common gallinule,120,284180,2368.17
Gallinula tenebrosa,Dusky moorhen,120,95261,793.84
Gallirallus australis,,0,,
Gallirallus calayanensis,Calayan rail,120,32920,274.33
Gymnocrex plumbeiventris,Bare-eyed rail,120,4707,39.23
Gymnocrex rosenbergii,Blue-faced rail,120,6772,56.43
Gymnocrex talaudensis,Talaud rail,120,5206,43.38
Habroptila wallacii,Invisible rail,120,49182,409.85
Himantornis haematopus,Nkulengu rail,120,9277,77.31
Hypotaenidia immaculata,,0,,
Hypotaenidia insignis,Pink-legged rail,120,10765,89.71
Hypotaenidia okinawae,Okinawa rail,120,94026,783.55
Hypotaenidia owstoni,Guam rail,120,280324,2336.03
Hypotaenidia philippensis,Buff-banded rail,120,151986,1266.55
Hypotaenidia rovianae,Roviana rail,120,11491,95.76
Hypotaenidia sylvestris,Lord Howe woodhen,120,55357,461.31
Hypotaenidia tertia,,0,,
Hypotaenidia torquata,Barred rail,120,20351,169.59
Hypotaenidia woodfordi,Woodford's rail,120,15627,130.22
Laterallus albigularis,White-throated crake,120,6684,55.70
Laterallus exilis,Grey-breasted crake,120,5948,49.57
Laterallus flaviventer,Yellow-breasted crake,120,16017,133.47
Laterallus jamaicensis,Black rail,120,105298,877.48
Laterallus leucopyrrhus,Red-and-white crake,120,5896,49.13
Laterallus levraudi,Rusty-flanked crake,120,4455,37.12
Laterallus melanophaius,Rufous-sided crake,120,6845,57.04
Laterallus rogersi,Inaccessible Island rail,120,447129,3726.07
Laterallus ruber,Ruddy crake,120,8751,72.92
Laterallus spilonota,Galapagos crake,120,18488,154.07
Laterallus spilopterus,Dot-winged crake,120,23397,194.97
Laterallus tuerosi,Junin crake,120,5303,44.19
Laterallus xenopterus,Rufous-faced crake,120,4441,37.01
Lewinia mirifica,Brown-banded rail,120,5394,44.95
Lewinia muelleri,Auckland rail,120,70639,588.66
Lewinia pectoralis,Lewin's rail,120,21778,181.48
Lewinia striata,Slaty-breasted rail,120,29329,244.41
Megacrex inepta,New Guinea flightless rail,120,14640,122.00
Mentocrex beankaensis,Tsingy forest rail,30,1323,44.10
Mentocrex kioloides,Madagascar forest rail,30,1566,52.20
Micropygia schomburgkii,Ocellated crake,120,9022,75.18
Neocrex colombiana,Colombian crake,120,6276,52.30
Neocrex erythrops,Paint-billed crake,120,15147,126.22
Paragallinula angulata,Lesser moorhen,120,26664,222.20
Pardirallus maculatus,Spotted rail,120,20622,171.85
Pardirallus nigricans,Blackish rail,120,5981,49.84
Pardirallus sanguinolentus,Plumbeous rail,120,10621,88.51
Pareudiastes pacificus,Samoan moorhen,120,7000,58.33
Pareudiastes silvestris,Makira woodhen,120,14051,117.09
Porphyrio alleni,Allen's gallinule,120,41318,344.32
Porphyrio flavirostris,Azure gallinule,120,18994,158.28
Porphyrio hochstetteri,,0,,
Porphyrio martinicus,American purple gallinule,120,212111,1767.59
Porphyrio porphyrio,Western swamphen,120,186779,1556.49
Porphyriops melanops,Spot-flanked gallinule,120,12212,101.77
Porzana albicollis,Ash-throated crake,120,9414,78.45
Porzana carolina,Sora (bird),120,189826,1581.88
Porzana fasciata,Black-banded crake,120,5779,48.16
Porzana fluminea,Australian crake,120,14657,122.14
Porzana porzana,Spotted crake,120,82894,690.78
Rallicula forbesi,Forbes's forest rail,120,4455,37.12
Rallicula leucospila,White-striped forest rail,120,4221,35.17
Rallicula mayri,Mayr's forest rail,120,4651,38.76
Rallicula rubra,Chestnut forest rail,120,4494,37.45
Rallina canningi,Andaman crake,120,16364,136.37
Rallina eurizonoides,Slaty-legged crake,120,30630,255.25
Rallina fasciata,Red-legged crake,120,17242,143.68
Rallina tricolor,Red-necked crake,120,31219,260.16
Rallus antarcticus,Austral rail,120,6663,55.52
Rallus aquaticus,Water rail,120,193763,1614.69
Rallus caerulescens,African rail,120,17652,147.10
Rallus crepitans,Clapper rail,120,110487,920.73
Rallus elegans,King rail,120,101757,847.98
Rallus indicus,Brown-cheeked rail,120,15334,127.78
Rallus limicola,Virginia rail,120,135444,1128.70
Rallus longirostris,Mangrove rail,120,13922,116.02
Rallus madagascariensis,Madagascar rail,120,3550,29.58
Rallus obsoletus,Ridgway's rail,120,67002,558.35
Rallus semiplumbeus,Bogotá rail,120,9595,79.96
Rallus tenuirostris,Aztec rail,120,8518,70.98
Rallus wetmorei,Plain-flanked rail,120,5068,42.23
Rougetius rougetii,Rouget's rail,120,6875,57.29
Rufirallus castaneiceps,Chestnut-headed crake,120,6505,54.21
Rufirallus viridis,Russet-crowned crake,120,6368,53.07
Sarothrura affinis,Striped flufftail,120,7846,65.38
Sarothrura ayresi,White-winged flufftail,120,17891,149.09
Sarothrura boehmi,Streaky-breasted flufftail,120,8343,69.53
Sarothrura elegans,Buff-spotted flufftail,120,26713,222.61
Sarothrura insularis,Madagascar flufftail,120,5614,46.78
Sarothrura lugens,Chestnut-headed flufftail,120,6542,54.52
Sarothrura pulchra,White-spotted flufftail,120,15664,130.53
Sarothrura rufa,Red-chested flufftail,120,12771,106.42
Sarothrura watersi,Slender-billed flufftail,120,6028,50.23
Tribonyx mortierii,Tasmanian nativehen,120,174271,1452.26
Tribonyx ventralis,Black-tailed nativehen,120,20556,171.30
Zapornia akool,Brown crake,120,14261,118.84
Zapornia atra,Henderson crake,120,55904,465.87
Zapornia bicolor,Black-tailed crake,120,9103,75.86
Zapornia flavirostra,Black crake,120,40139,334.49
Zapornia fusca,Ruddy-breasted crake,120,28816,240.13
Zapornia olivieri,Sakalava rail,120,7690,64.08
Zapornia parva,Little crake,120,52449,437.07
Zapornia paykullii,Band-bellied crake,120,10271,85.59
Zapornia pusilla,Baillon's crake,120,73830,615.25
Zapornia tabuensis,Spotless crake,120,31557,262.98
Leptosomus discolor,,0,,
Mesitornis unicolor,Brown mesite,120,28170,234.75
Mesitornis variegatus,White-breasted mesite,120,15354,127.95
Monias benschi,Subdesert mesite,120,17820,148.50
Corythaeola cristata,Great blue turaco,120,125413,1045.11
Corythaixoides concolor,Grey go-away-bird,120,247424,2061.87
Corythaixoides leopoldi,,0,,
Corythaixoides personatus,Bare-faced go-away-bird,120,153882,1282.35
Crinifer piscator,Western plantain-eater,120,38901,324.18
Crinifer zonurus,Eastern plantain-eater,120,21386,178.22
Criniferoides leucogaster,White-bellied go-away-bird,120,323945,2699.54
Gallirex johnstoni,Rwenzori turaco,90,18236,202.62
Gallirex porphyreolophus,Purple-crested turaco,120,70278,585.65
Musophaga rossae,Ross's turaco,120,51556,429.63
Musophaga violacea,Violet turaco,120,65933,549.44
Tauraco bannermani,Bannerman's turaco,120,21511,179.26
Tauraco corythaix,Knysna turaco,120,89465,745.54
Tauraco erythrolophus,Red-crested turaco,120,343120,2859.33
Tauraco fischeri,Fischer's turaco,120,27503,229.19
Tauraco hartlaubi,Hartlaub's turaco,120,21533,179.44
Tauraco leucolophus,White-crested turaco,120,28872,240.60
Tauraco leucotis,White-cheeked turaco,120,62292,519.10
Tauraco livingstonii,Livingstone's turaco,120,50238,418.65
Tauraco macrorhynchus,Yellow-billed turaco,120,18223,151.86
Tauraco persa,Guinea turaco,120,73344,611.20
Tauraco ruspolii,Ruspoli's turaco,120,17607,146.72
Tauraco schalowi,Schalow's turaco,120,41054,342.12
Tauraco schuettii,Black-billed turaco,120,17129,142.74
Opisthocomus hoazin,,0,,
Afrotis afra,Southern black korhaan,120,24942,207.85
Afrotis afraoides,Northern black korhaan,120,34646,288.72
Ardeotis arabs,Arabian bustard,120,51376,428.13
Ardeotis australis,Australian bustard,120,251384,2094.87
Ardeotis kori,Kori bustard,120,670734,5589.45
Ardeotis nigriceps,Great Indian bustard,120,1367519,11395.99
Chlamydotis macqueenii,Asian houbara,16,9223,576.44
Chlamydotis undulata,African houbara,77,17481,227.03
Eupodotis caerulescens,Blue korhaan,120,17628,146.90
Eupodotis senegalensis,White-bellied bustard,120,29068,242.23
Heterotetrax humilis,Little brown bustard,120,19165,159.71
Heterotetrax rueppelii,Rüppell's korhaan,120,17017,141.81
Heterotetrax vigorsii,Karoo korhaan,120,16697,139.14
Houbaropsis bengalensis,Bengal florican,120,236049,1967.08
Lissotis hartlaubii,Hartlaub's bustard,120,15382,128.18
Lissotis melanogaster,Black-bellied bustard,120,36174,301.45
Lophotis gindiana,Buff-crested bustard,120,18399,153.32
Lophotis ruficrista,Red-crested korhaan,120,33048,275.40
Lophotis savilei,Savile's bustard,120,9630,80.25
Neotis denhami,Denham's bustard,120,32698,272.48
Neotis heuglinii,Heuglin's bustard,120,11117,92.64
Neotis ludwigii,Ludwig's bustard,120,22653,188.78
Neotis nuba,Nubian bustard,120,17319,144.32
Otis tarda,Great bustard,120,739263,6160.52
Sypheotides indicus,Lesser florican,120,146000,1216.67
Tetrax tetrax,Little bustard,120,116694,972.45
Acanthisitta chloris,Rifleman (bird),120,109912,915.93
Xenicus gilviventris,New Zealand rock wren,120,57900,482.50
Acanthiza apicalis,Inland thornbill,120,11620,96.83
Acanthiza chrysorrhoa,Yellow-rumped thornbill,120,24868,207.23
Acanthiza cinerea,Grey thornbill,109,2823,25.90
Acanthiza ewingii,Tasmanian thornbill,120,10014,83.45
Acanthiza inornata,Western thornbill,120,5796,48.30
Acanthiza iredalei,Slender-billed thornbill,120,5024,41.87
Acanthiza katherina,Mountain thornbill,120,6304,52.53
Acanthiza lineata,Striated thornbill,120,13011,108.42
Acanthiza murina,New Guinea thornbill,120,3233,26.94
Acanthiza nana,Yellow thornbill,120,11566,96.38
Acanthiza pusilla,Brown thornbill,120,44049,367.07
Acanthiza reguloides,Buff-rumped thornbill,120,7646,63.72
Acanthiza robustirostris,Slaty-backed thornbill,120,3607,30.06
Acanthiza uropygialis,Chestnut-rumped thornbill,120,7658,63.82
Acanthornis magna,,0,,
Aphelocephala leucopsis,Southern whiteface,120,8719,72.66
Aphelocephala nigricincta,Banded whiteface,120,4961,41.34
Aphelocephala pectoralis,Chestnut-breasted whiteface,120,6616,55.13
Calamanthus campestris,Rufous fieldwren,120,4476,37.30
Calamanthus cautus,Shy heathwren,120,7396,61.63
Calamanthus fuliginosus,Striated fieldwren,120,7735,64.46
Calamanthus montanellus,Western fieldwren,120,3070,25.58
Calamanthus pyrrhopygius,Chestnut-rumped heathwren,120,7759,64.66
Crateroscelis murina,Rusty mouse-warbler,120,3743,31.19
Crateroscelis nigrorufa,Bicolored scrubwren,84,2279,27.13
Crateroscelis robusta,Mountain mouse-warbler,120,4184,34.87
Gerygone albofrontata,Chatham Islands gerygone,114,852,7.47
Gerygone chloronota,Green-backed gerygone,120,4320,36.00
Gerygone chrysogaster,Yellow-bellied gerygone,120,4041,33.67
Gerygone citrina,Rennell gerygone,54,1311,24.28
Gerygone dorsalis,Rufous-sided gerygone,120,2888,24.07
Gerygone flavolateralis,Fan-tailed gerygone,120,6271,52.26
Gerygone fusca,Western gerygone,120,9169,76.41
Gerygone hypoxantha,Biak gerygone,120,3178,26.48
Gerygone igata,Grey warbler,120,48334,402.78
Gerygone inornata,Plain gerygone,120,4922,41.02
Gerygone levigaster,Mangrove gerygone,120,7006,58.38
Gerygone magnirostris,Large-billed gerygone,120,5978,49.82
Gerygone modesta,Norfolk gerygone,120,8330,69.42
Gerygone mouki,Brown gerygone,120,10129,84.41
Gerygone olivacea,White-throated gerygone,120,10084,84.03
Gerygone palpebrosa,Fairy gerygone,120,18463,153.86
Gerygone ruficollis,Brown-breasted gerygone,120,2599,21.66
Gerygone sulphurea,Golden-bellied gerygone,120,20663,172.19
Gerygone tenebrosa,Dusky gerygone,120,4602,38.35
Oreoscopus gutturalis,,0,,
Origma solitaria,,0,,
Pachycare flavogriseum,,0,,
Pycnoptilus floccosus,,0,,
Pyrrholaemus brunneus,,0,,
Pyrrholaemus sagittatus,Speckled warbler,120,19126,159.38
Sericornis arfakianus,Grey-green scrubwren,120,2602,21.68
Sericornis beccarii,Tropical scrubwren,120,3429,28.57
Sericornis citreogularis,Yellow-throated scrubwren,120,12858,107.15
Sericornis frontalis,White-browed scrubwren,120,31806,265.05
Sericornis humilis,Tasmanian scrubwren,120,9744,81.20
Sericornis keri,Atherton scrubwren,120,6443,53.69
Sericornis magnirostra,Large-billed scrubwren,120,6501,54.17
Sericornis nouhuysi,Large scrubwren,120,3237,26.98
Sericornis papuensis,Papuan scrubwren,120,2339,19.49
Sericornis perspicillatus,Buff-faced scrubwren,120,2611,21.76
Sericornis rufescens,Vogelkop scrubwren,120,2559,21.32
Sericornis spilodera,Pale-billed scrubwren,120,2411,20.09
Smicrornis brevirostris,,0,,
Acrocephalus aequinoctialis,,0,,
Acrocephalus agricola,Paddyfield warbler,120,30388,253.23
Acrocephalus arundinaceus,Great reed warbler,120,129517,1079.31
Acrocephalus atyphus,Tuamotu reed warbler,120,4887,40.73
Acrocephalus australis,Australian reed warbler,120,22381,186.51
Acrocephalus bistrigiceps,Black-browed reed warbler,120,15458,128.82
Acrocephalus brevipennis,Cape Verde warbler,120,12343,102.86
Acrocephalus caffer,Tahiti reed warbler,120,6956,57.97
Acrocephalus concinens,Blunt-winged warbler,120,6638,55.32
Acrocephalus dumetorum,Blyth's reed warbler,120,74780,623.17
Acrocephalus familiaris,,0,,
Acrocephalus gracilirostris,Lesser swamp warbler,120,8711,72.59
Acrocephalus griseldis,Basra reed warbler,120,16597,138.31
Acrocephalus hiwae,Saipan reed warbler,120,8073,67.28
Acrocephalus kerearako,Cook reed warbler,120,4618,38.48
Acrocephalus longirostris,Moorea reed warbler,120,8194,68.28
Acrocephalus melanopogon,Moustached warbler,120,35793,298.27
Acrocephalus mendanae,Southern Marquesan reed warbler,120,4959,41.33
Acrocephalus newtoni,Madagascar swamp warbler,120,2626,21.88
Acrocephalus orientalis,Oriental reed warbler,120,24380,203.17
Acrocephalus orinus,Large-billed reed warbler,120,16051,133.76
Acrocephalus paludicola,Aquatic warbler,120,42221,351.84
Acrocephalus palustris,Marsh warbler,120,83751,697.92
Acrocephalus percernis,Northern Marquesan reed warbler,120,4687,39.06
Acrocephalus rehsei,Nauru reed warbler,120,43082,359.02
Acrocephalus rimitarae,Rimatara reed warbler,120,4386,36.55
Acrocephalus rodericanus,Rodrigues warbler,120,12188,101.57
Acrocephalus rufescens,Greater swamp warbler,120,5475,45.62
Acrocephalus schoenobaenus,Sedge warbler,120,185413,1545.11
Acrocephalus scirpaceus,Common reed warbler,74,42448,573.62
Acrocephalus sechellensis,Seychelles warbler,120,22181,184.84
Acrocephalus sorghophilus,Speckled reed warbler,120,5966,49.72
Acrocephalus stentoreus,Clamorous reed warbler,120,28530,237.75
Acrocephalus syrinx,Caroline reed warbler,62,1912,30.84
Acrocephalus taiti,Henderson reed warbler,120,12620,105.17
Acrocephalus tangorum,Manchurian reed warbler,120,7293,60.77
Acrocephalus vaughani,Pitcairn reed warbler,120,20446,170.38
Arundinax aedon,Thick-billed warbler,120,16996,141.63
Calamonastides bensoni,,0,,
Calamonastides gracilirostris,Papyrus yellow warbler,120,5105,42.54
Hippolais icterina,Icterine warbler,120,115713,964.27
Hippolais languida,Upcher's warbler,120,11835,98.62
Hippolais olivetorum,Olive-tree warbler,120,18724,156.03
Hippolais polyglotta,Melodious warbler,120,37701,314.18
Iduna caligata,Booted warbler,120,36474,303.95
Iduna natalensis,African yellow warbler,120,12463,103.86
Iduna opaca,Western olivaceous warbler,120,18409,153.41
Iduna pallida,Eastern olivaceous warbler,120,40194,334.95
Iduna rama,Sykes's warbler,120,25900,215.83
Iduna similis,Mountain yellow warbler,120,4807,40.06
Nesillas brevicaudata,Grande Comore brush warbler,30,886,29.53
Nesillas lantzii,Subdesert brush warbler,120,2761,23.01
Nesillas mariae,Moheli brush warbler,120,2476,20.63
Nesillas typica,Malagasy brush warbler,120,3594,29.95
Aegithalos annamensis,Black-throated bushtit,120,63420,528.50
Aegithalos bonvaloti,Black-browed bushtit,120,8782,73.18
Aegithalos caudatus,Long-tailed tit,120,828023,6900.19
Aegithalos concinnus,Black-throated bushtit,120,63420,528.50
Aegithalos fuliginosus,Sooty bushtit,120,6613,55.11
Aegithalos glaucogularis,Silver-throated bushtit,120,16800,140.00
Aegithalos iouschistos,Black-browed bushtit,120,8782,73.18
Aegithalos iredalei,,0,,
Aegithalos leucogenys,White-cheeked bushtit,120,8886,74.05
Aegithalos niveogularis,White-throated bushtit,120,7735,64.46
Leptopoecile elegans,Crested tit-warbler,120,10293,85.78
Leptopoecile sophiae,White-browed tit-warbler,120,140892,1174.10
Psaltria exilis,Pygmy bushtit,120,13491,112.42
Psaltriparus minimus,American bushtit,120,216545,1804.54
Aegithina lafresnayei,Great iora,120,7045,58.71
Aegithina nigrolutea,Marshall's iora,120,13943,116.19
Aegithina tiphia,Common iora,120,103645,863.71
Aegithina viridissima,Green iora,120,13086,109.05
Alaemon alaudipes,Greater hoopoe-lark,120,39263,327.19
Alaemon hamertoni,Lesser hoopoe-lark,120,5069,42.24
Alauda arvensis,Eurasian skylark,120,697323,5811.02
Alauda gulgula,Oriental skylark,120,40367,336.39
Alauda leucoptera,White-winged lark,120,14708,122.57
Alauda razae,Raso lark,120,22644,188.70
Alaudala raytal,Sand lark,120,12240,102.00
Alaudala rufescens,Mediterranean short-toed lark,60,11897,198.28
Alaudala somalica,Somali short-toed lark,120,3584,29.87
Ammomanes cinctura,Bar-tailed lark,120,17289,144.07
Ammomanes deserti,Desert lark,120,35743,297.86
Ammomanes phoenicura,Rufous-tailed lark,120,15345,127.88
Ammomanopsis grayi,Gray's lark,120,6915,57.62
Calandrella acutirostris,Hume's short-toed lark,120,8186,68.22
Calandrella blanfordi,Blanford's lark,120,4847,40.39
Calandrella brachydactyla,Greater short-toed lark,120,45782,381.52
Calandrella cinerea,Red-capped lark,120,11986,99.88
Calandrella dukhunensis,Mongolian short-toed lark,109,7840,71.93
Calandrella eremica,Rufous-capped lark,84,2406,28.64
Calendulauda africanoides,Fawn-coloured lark,120,7263,60.52
Calendulauda albescens,Karoo lark,120,6540,54.50
Calendulauda alopex,Fawn-coloured lark,120,7263,60.52
Calendulauda burra,Red lark,120,7445,62.04
Calendulauda erythrochlamys,Dune lark,120,8612,71.77
Calendulauda poecilosterna,Pink-breasted lark,120,5734,47.78
Calendulauda sabota,Sabota lark,120,11135,92.79
Certhilauda chuana,Short-clawed lark,120,5114,42.62
Certhilauda curvirostris,Cape long-billed lark,120,5805,48.38
Certhilauda semitorquata,Eastern long-billed lark,120,4497,37.48
Certhilauda subcoronata,Karoo long-billed lark,120,5722,47.68
Chersomanes albofasciata,Spike-heeled lark,120,9779,81.49
Chersophilus duponti,Dupont's lark,120,14551,121.26
Eremalauda dunni,Dunn's lark,120,9569,79.74
Eremalauda eremodites,Arabian lark,54,3663,67.83
Eremophila alpestris,Horned lark,120,314063,2617.19
Eremophila bilopha,Temminck's lark,120,15498,129.15
Eremopterix australis,Black-eared sparrow-lark,120,6143,51.19
Eremopterix griseus,Ashy-crowned sparrow-lark,120,26127,217.72
Eremopterix hova,Madagascar lark,120,2310,19.25
Eremopterix leucopareia,Fischer's sparrow-lark,120,6279,52.33
Eremopterix leucotis,Chestnut-backed sparrow-lark,120,11634,96.95
Eremopterix nigriceps,Black-crowned sparrow-lark,120,17785,148.21
Eremopterix signatus,Chestnut-headed sparrow-lark,120,4651,38.76
Eremopterix verticalis,Grey-backed sparrow-lark,120,6264,52.20
Galerida cristata,Crested lark,120,125538,1046.15
Galerida deva,Sykes's lark,120,11611,96.76
Galerida magnirostris,Large-billed lark,120,6231,51.92
Galerida malabarica,Malabar lark,120,13655,113.79
Galerida modesta,Sun lark,120,5798,48.32
Galerida theklae,Thekla's lark,107,18940,177.01
Heteromirafra archeri,Archer's lark,120,11510,95.92
Heteromirafra ruddi,Rudd's lark,120,6513,54.27
Lullula arborea,,0,,
Melanocorypha bimaculata,Bimaculated lark,120,27939,232.82
Melanocorypha calandra,Calandra lark,120,56571,471.43
Melanocorypha maxima,Tibetan lark,120,7129,59.41
Melanocorypha mongolica,Mongolian lark,120,10448,87.07
Melanocorypha yeltoniensis,Black lark,120,19055,158.79
Mirafra affinis,Jerdon's bush lark,120,12683,105.69
Mirafra africana,Rufous-naped lark,120,19829,165.24
Mirafra albicauda,White-tailed lark,120,4640,38.67
Mirafra angolensis,Angola lark,120,1704,14.20
Mirafra apiata,Cape clapper lark,120,10374,86.45
Mirafra ashi,Somali lark,120,6978,58.15
Mirafra assamica,Bengal bush lark,120,12668,105.57
Mirafra cheniana,Melodious lark,120,5987,49.89
Mirafra collaris,Collared lark,120,3932,32.77
Mirafra cordofanica,Kordofan lark,120,4602,38.35
Mirafra erythrocephala,Indochinese bush lark,120,4043,33.69
Mirafra erythroptera,Indian bush lark,120,20715,172.62
Mirafra fasciolata,Eastern clapper lark,120,6459,53.83
Mirafra gilletti,Gillett's lark,120,4034,33.62
Mirafra hypermetra,Red-winged lark,120,6364,53.03
Mirafra javanica,Singing bush lark,120,20063,167.19
Mirafra microptera,Burmese bush lark,120,4720,39.33
Mirafra passerina,Monotonous lark,120,9016,75.13
Mirafra pulpa,Friedmann's lark,120,3425,28.54
Mirafra rufa,Rusty bush lark,120,3333,27.77
Mirafra rufocinnamomea,Flappet lark,120,9314,77.62
Mirafra sharpii,Russet lark,16,401,25.06
Mirafra somalica,Somali lark,120,6978,58.15
Mirafra williamsi,Williams's lark,120,6500,54.17
Pinarocorys erythropygia,Rufous-rumped lark,120,4627,38.56
Pinarocorys nigricans,Dusky lark,120,8014,66.78
Ramphocoris clotbey,Thick-billed lark,120,10340,86.17
Spizocorys conirostris,Pink-billed lark,120,5140,42.83
Spizocorys fremantlii,Short-tailed lark,120,3996,33.30
Spizocorys fringillaris,Botha's lark,120,8993,74.94
Spizocorys obbiensis,Obbia lark,120,5227,43.56
Spizocorys personata,Masked lark,120,3527,29.39
Spizocorys sclateri,Sclater's lark,120,4772,39.77
Spizocorys starki,Stark's lark,120,7401,61.67
Artamus cinereus,Black-faced woodswallow,120,20994,174.95
Artamus cyanopterus,Dusky woodswallow,120,22897,190.81
Artamus fuscus,Ashy woodswallow,120,41208,343.40
Artamus insignis,White-backed woodswallow,120,3495,29.12
Artamus leucoryn,White-breasted woodswallow,120,49072,408.93
Artamus maximus,Great woodswallow,120,6833,56.94
Artamus mentalis,Fiji woodswallow,120,8530,71.08
Artamus minor,Little woodswallow,120,7986,66.55
Artamus monachus,Ivory-backed woodswallow,120,4833,40.27
Artamus personatus,Masked woodswallow,120,14513,120.94
Artamus superciliosus,White-browed woodswallow,120,13618,113.48
Cracticus argenteus,Silver-backed butcherbird,120,22834,190.28
Cracticus cassicus,Hooded butcherbird,120,25190,209.92
Cracticus louisiadensis,Tagula butcherbird,120,16069,133.91
Cracticus mentalis,Black-backed butcherbird,120,27247,227.06
Cracticus nigrogularis,Pied butcherbird,120,228870,1907.25
Cracticus torquatus,Grey butcherbird,120,162538,1354.48
Gymnorhina tibicen,Australian magpie,120,1980096,16500.80
Melloria quoyi,Black butcherbird,120,118318,985.98
Peltops blainvillii,Lowland peltops,120,6874,57.28
Peltops montanus,Mountain peltops,120,6081,50.67
Strepera fuliginosa,Black currawong,120,137907,1149.22
Strepera graculina,Pied currawong,120,305405,2545.04
Strepera versicolor,Grey currawong,120,123658,1030.48
Atrichornis clamosus,Noisy scrubbird,120,20173,168.11
Atrichornis rufescens,Rufous scrubbird,120,13702,114.18
Bernieria madagascariensis,Long-billed bernieria,120,4905,40.88
Crossleyia tenebrosa,Dusky tetraka,120,9933,82.78
Crossleyia xanthophrys,Madagascar yellowbrow,54,1440,26.67
Cryptosylvicola randrianasoloi,Cryptic warbler,120,4037,33.64
Hartertula flavoviridis,Wedge-tailed jery,120,3534,29.45
Oxylabes madagascariensis,White-throated oxylabes,120,4381,36.51
Randia pseudozosterops,Rand's warbler,120,3827,31.89
Thamnornis chloropetoides,,0,,
Xanthomixis apperti,Appert's tetraka,120,6668,55.57
Xanthomixis cinereiceps,Grey-crowned tetraka,120,2884,24.03
Xanthomixis zosterops,Spectacled tetraka,120,4036,33.63
Bombycilla cedrorum,Cedar waxwing,120,1310440,10920.33
Bombycilla garrulus,Bohemian waxwing,120,509904,4249.20
Bombycilla japonica,Japanese waxwing,120,69600,580.00
Buphagus africanus,Yellow-billed oxpecker,120,92079,767.33
Buphagus erythrorynchus,Red-billed oxpecker,120,202153,1684.61
Calcarius lapponicus,Lapland longspur,120,125214,1043.45
Calcarius ornatus,Chestnut-collared longspur,120,48718,405.98
Calcarius pictus,Smith's longspur,120,46706,389.22
Plectrophenax hyperboreus,McKay's bunting,120,24343,202.86
Plectrophenax nivalis,Snow bunting,120,320239,2668.66
Rhynchophanes mccownii,Thick-billed longspur,65,26407,406.26
Callaeas cinereus,South Island kōkako,120,65277,543.98
Callaeas wilsoni,North Island kōkako,120,47081,392.34
Philesturnus carunculatus,South Island saddleback,120,26768,223.07
Philesturnus rufusater,North Island saddleback,120,38518,320.98
Calyptomena hosii,Hose's broadbill,120,12436,103.63
Calyptomena viridis,Green broadbill,120,45956,382.97
Calyptomena whiteheadi,Whitehead's broadbill,120,19671,163.93
Smithornis capensis,African broadbill,120,25882,215.68
Smithornis rufolateralis,Rufous-sided broadbill,120,7361,61.34
Smithornis sharpei,Grey-headed broadbill,120,5436,45.30
Calyptophilus frugivorus,Eastern chat-tanager,120,9356,77.97
Calyptophilus tertius,Western chat-tanager,120,8991,74.92
Campephaga flava,Black cuckooshrike,120,11932,99.43
Campephaga petiti,Petit's cuckooshrike,120,3671,30.59
Campephaga phoenicea,Red-shouldered cuckooshrike,120,6216,51.80
Campephaga quiscalina,Purple-throated cuckooshrike,120,5245,43.71
Campochaera sloetii,Golden cuckooshrike,120,2698,22.48
Ceblepyris caesius,Grey cuckooshrike,120,12057,100.47
Ceblepyris cinereus,Madagascar cuckooshrike,119,2671,22.45
Ceblepyris cucullatus,Comoro cuckooshrike,30,592,19.73
Ceblepyris graueri,Grauer's cuckooshrike,120,3489,29.07
Ceblepyris pectoralis,White-breasted cuckooshrike,120,10530,87.75
Celebesica abbotti,Pygmy cuckooshrike,120,3428,28.57
Coracina atriceps,Moluccan cuckooshrike,120,2519,20.99
Coracina bicolor,Pied cuckooshrike,120,4213,35.11
Coracina boyeri,Boyer's cuckooshrike,120,3574,29.78
Coracina caeruleogrisea,Stout-billed cuckooshrike,120,3310,27.58
Coracina caledonica,South Melanesian cuckooshrike,120,4699,39.16
Coracina dobsoni,Andaman cuckooshrike,120,7588,63.23
Coracina fortis,Buru cuckooshrike,120,3151,26.26
Coracina javensis,Oriental cuckooshrike,15,1140,76.00
Coracina larvata,Sunda cuckooshrike,120,3363,28.02
Coracina leucopygia,White-rumped cuckooshrike,120,2601,21.68
Coracina lineata,Barred cuckooshrike,120,6789,56.58
Coracina longicauda,Hooded cuckooshrike,120,2755,22.96
Coracina macei,Indian cuckooshrike,76,2314,30.45
Coracina maxima,Ground cuckooshrike,120,10041,83.67
Coracina novaehollandiae,Black-faced cuckooshrike,120,102722,856.02
Coracina panayensis,Visayan cuckooshrike,15,449,29.93
Coracina papuensis,White-bellied cuckooshrike,120,12145,101.21
Coracina personata,Wallacean cuckooshrike,120,2811,23.43
Coracina schistacea,Slaty cuckooshrike,120,3333,27.77
Coracina striata,Bar-bellied cuckooshrike,120,19815,165.12
Coracina temminckii,Cerulean cuckooshrike,120,20060,167.17
Coracina welchmani,North Melanesian cuckooshrike,120,2676,22.30
Cyanograucalus azureus,Blue cuckooshrike,120,5737,47.81
Edolisoma anale,New Caledonian cuckooshrike,120,5125,42.71
Edolisoma ceramense,Pale cicadabird,120,2734,22.78
Edolisoma coerulescens,Blackish cuckooshrike,120,6905,57.54
Edolisoma dispar,Kai cicadabird,120,2551,21.26
Edolisoma dohertyi,Pale-shouldered cicadabird,120,3550,29.58
Edolisoma grayi,North Moluccan cicadabird,16,328,20.50
Edolisoma holopolium,Solomons cicadabird,16,324,20.25
Edolisoma incertum,Black-shouldered cicadabird,120,2194,18.28
Edolisoma insperatum,Pohnpei cicadabird,90,1564,17.38
Edolisoma melas,Black cicadabird,120,2986,24.88
Edolisoma meyerii,Geelvink cicadabird,16,324,20.25
Edolisoma mindanense,Black-bibbed cicadabird,120,5993,49.94
Edolisoma monacha,Palau cicadabird,90,1837,20.41
Edolisoma montanum,Black-bellied cuckooshrike,120,2593,21.61
Edolisoma morio,Sulawesi cicadabird,120,3144,26.20
Edolisoma nesiotis,Yap cicadabird,120,3870,32.25
Edolisoma obiense,Obi cicadabird,16,344,21.50
Edolisoma ostentum,White-winged cuckooshrike,120,8551,71.26
Edolisoma parvulum,Halmahera cuckooshrike,120,2848,23.73
Edolisoma pygmaeum,,0,,
Edolisoma remotum,Bismarck cicadabird,16,299,18.69
Edolisoma rostratum,Rossel cicadabird,34,474,13.94
Edolisoma salomonis,Makira cicadabird,120,2284,19.03
Edolisoma schisticeps,Grey-headed cuckooshrike,120,2767,23.06
Edolisoma sula,Sula cicadabird,120,2600,21.67
Edolisoma tenuirostre,Sahul cicadabird,16,2347,146.69
Lalage atrovirens,Black-browed triller,120,2793,23.27
Lalage aurea,Rufous-bellied triller,120,3133,26.11
Lalage conjuncta,Mussau triller,120,2605,21.71
Lalage fimbriata,Lesser cuckooshrike,120,4804,40.03
Lalage leucomela,Varied triller,120,9687,80.72
Lalage leucoptera,Biak triller,54,827,15.31
Lalage leucopyga,Long-tailed triller,120,7119,59.33
Lalage leucopygialis,White-rumped triller,120,3147,26.23
Lalage maculosa,Polynesian triller,120,11533,96.11
Lalage melanoleuca,Black-and-white triller,120,7227,60.23
Lalage melanoptera,Black-headed cuckooshrike,120,17428,145.23
Lalage melaschistos,Black-winged cuckooshrike,120,18314,152.62
Lalage minor,,0,,
Lalage moesta,White-browed triller,120,2290,19.08
Lalage newtoni,Réunion cuckooshrike,120,11300,94.17
Lalage nigra,Pied triller,120,18099,150.82
Lalage polioptera,Indochinese cuckooshrike,120,4590,38.25
Lalage sharpei,Samoan triller,120,4567,38.06
Lalage sueurii,White-shouldered triller,120,5022,41.85
Lalage tricolor,White-winged triller,120,11349,94.58
Lalage typica,Mauritius cuckooshrike,120,10776,89.80
Lobotos lobatus,Western wattled cuckooshrike,120,4040,33.67
Lobotos oriolinus,Eastern wattled cuckooshrike,120,3164,26.37
Malindangia mcgregori,McGregor's cuckooshrike,120,4594,38.28
Pericrocotus albifrons,Jerdon's minivet,120,3001,25.01
Pericrocotus brevirostris,Short-billed minivet,120,9759,81.33
Pericrocotus cantonensis,Swinhoe's minivet,120,6834,56.95
Pericrocotus cinnamomeus,Small minivet,120,39477,328.98
Pericrocotus divaricatus,Ashy minivet,120,28805,240.04
Pericrocotus erythropygius,White-bellied minivet,120,11518,95.98
Pericrocotus ethologus,Long-tailed minivet,120,17097,142.47
Pericrocotus flammeus,Orange minivet,120,28579,238.16
Pericrocotus igneus,Fiery minivet,120,14068,117.23
Pericrocotus lansbergei,Little minivet,120,4458,37.15
Pericrocotus miniatus,Sunda minivet,120,5866,48.88
Pericrocotus montanus,,0,,
Pericrocotus roseus,Rosy minivet,120,12307,102.56
Pericrocotus solaris,Grey-chinned minivet,120,22523,187.69
Pericrocotus tegimae,Ryukyu minivet,120,11275,93.96
Amaurospiza moesta,Blackish-blue seedeater,120,9573,79.78
Amaurospiza relicta,Blue seedeater,120,13372,111.43
Cardinalis cardinalis,Northern cardinal,120,3296118,27467.65
Cardinalis phoeniceus,Vermilion cardinal,120,95622,796.85
Cardinalis sinuatus,,0,,
Caryothraustes canadensis,Yellow-green grosbeak,120,23118,192.65
Caryothraustes celaeno,Crimson-collared grosbeak,120,27749,231.24
Caryothraustes erythromelas,Red-and-black grosbeak,120,36201,301.68
Caryothraustes poliogaster,Black-faced grosbeak,120,22544,187.87
Cyanocompsa parellina,Blue bunting,120,70236,585.30
Cyanoloxia brissonii,Ultramarine grosbeak,120,24333,202.78
Cyanoloxia cyanoides,Blue-black grosbeak,120,21482,179.02
Cyanoloxia glaucocaerulea,Glaucous-blue grosbeak,120,9648,80.40
Cyanoloxia rothschildii,Amazonian grosbeak,90,5221,58.01
Granatellus francescae,,0,,
Granatellus paraensis,,0,,
Granatellus pelzelni,Rose-breasted chat,120,7904,65.87
Granatellus sallaei,Grey-throated chat,120,4388,36.57
Granatellus venustus,Red-breasted chat,120,10741,89.51
Habia atrimaxillaris,Black-cheeked ant tanager,120,8342,69.52
Habia carmioli,Carmiol's tanager,119,2344,19.70
Habia cristata,Crested ant tanager,120,5774,48.12
Habia frenata,Yellow-lored tanager,64,1054,16.47
Habia fuscicauda,Red-throated ant tanager,120,11582,96.52
Habia gutturalis,Sooty ant tanager,120,4688,39.07
Habia olivacea,Lemon-spectacled tanager,120,6048,50.40
Habia rubica,Red-crowned ant tanager,120,14395,119.96
Habia stolzmanni,Ochre-breasted tanager,120,5569,46.41
Passerina amoena,Lazuli bunting,120,202500,1687.50
Passerina caerulea,Blue grosbeak,120,243555,2029.62
Passerina ciris,Painted bunting,120,824804,6873.37
Passerina cyanea,Indigo bunting,120,977466,8145.55
Passerina leclancherii,Orange-breasted bunting,120,32946,274.55
Passerina rositae,Rose-bellied bunting,120,16979,141.49
Passerina versicolor,Varied bunting,120,38710,322.58
Pheucticus aureoventris,Black-backed grosbeak,120,14842,123.68
Pheucticus chrysogaster,Golden grosbeak,115,10046,87.36
Pheucticus chrysopeplus,Yellow grosbeak,120,33440,278.67
Pheucticus ludovicianus,Rose-breasted grosbeak,120,1094633,9121.94
Pheucticus melanocephalus,Black-headed grosbeak,120,273431,2278.59
Pheucticus tibialis,Black-thighed grosbeak,120,9749,81.24
Piranga bidentata,Flame-colored tanager,120,38556,321.30
Piranga erythrocephala,Red-headed tanager,120,17551,146.26
Piranga flava,Red tanager,61,2868,47.02
Piranga hepatica,Hepatic tanager,120,66129,551.08
Piranga leucoptera,White-winged tanager,120,14529,121.08
Piranga ludoviciana,Western tanager,120,411987,3433.22
Piranga olivacea,Scarlet tanager,120,832463,6937.19
Piranga roseogularis,Rose-throated tanager,120,14809,123.41
Piranga rubra,Summer tanager,120,434637,3621.97
Piranga rubriceps,Red-hooded tanager,120,11901,99.17
Spiza americana,,0,,
Certhia americana,Brown creeper,120,299852,2498.77
Certhia brachydactyla,Short-toed treecreeper,120,127998,1066.65
Certhia discolor,Sikkim treecreeper,120,9198,76.65
Certhia familiaris,Eurasian treecreeper,120,266938,2224.48
Certhia himalayana,Bar-tailed treecreeper,120,11663,97.19
Certhia hodgsoni,Hodgson's treecreeper,120,10321,86.01
Certhia manipurensis,Hume's treecreeper,120,7966,66.38
Certhia nipalensis,Rusty-flanked treecreeper,120,7381,61.51
Certhia tianquanensis,Sichuan treecreeper,120,6543,54.52
Chaetops aurantius,Drakensberg rockjumper,120,11469,95.58
Chaetops frenatus,Cape rockjumper,120,15596,129.97
Chloropsis aurifrons,Golden-fronted leafbird,120,39497,329.14
Chloropsis cochinchinensis,Javan leafbird,54,2899,53.69
Chloropsis cyanopogon,Lesser green leafbird,120,11062,92.18
Chloropsis flavipennis,Philippine leafbird,120,13659,113.83
Chloropsis hardwickii,Orange-bellied leafbird,120,25156,209.63
Chloropsis jerdoni,Jerdon's leafbird,120,25939,216.16
Chloropsis kinabaluensis,Bornean leafbird,120,6447,53.73
Chloropsis lazulina,Orange-bellied leafbird,120,25156,209.63
Chloropsis media,Sumatran leafbird,120,5125,42.71
Chloropsis moluccensis,Blue-winged leafbird,120,24935,207.79
Chloropsis palawanensis,Yellow-throated leafbird,120,7964,66.37
Chloropsis sonnerati,Greater green leafbird,120,24163,201.36
Chloropsis venusta,Blue-masked leafbird,120,6270,52.25
Cinclus cinclus,White-throated dipper,120,223006,1858.38
Cinclus leucocephalus,White-capped dipper,120,15880,132.33
Cinclus mexicanus,American dipper,120,189054,1575.45
Cinclus pallasii,Brown dipper,120,41112,342.60
Cinclus schulzii,Rufous-throated dipper,120,13479,112.33
Cinclosoma ajax,Painted quail-thrush,120,4738,39.48
Cinclosoma alisteri,Nullarbor quail-thrush,120,4122,34.35
Cinclosoma castaneothorax,Chestnut-breasted quail-thrush,120,5881,49.01
Cinclosoma castanotum,Chestnut quail-thrush,120,7587,63.23
Cinclosoma cinnamomeum,Cinnamon quail-thrush,120,10752,89.60
Cinclosoma marginatum,Western quail-thrush,120,4072,33.93
Cinclosoma punctatum,Spotted quail-thrush,120,13583,113.19
Ptilorrhoa caerulescens,Blue jewel-babbler,120,5931,49.42
Ptilorrhoa castanonota,Chestnut-backed jewel-babbler,120,4543,37.86
Ptilorrhoa geislerorum,Brown-headed jewel-babbler,120,3992,33.27
Ptilorrhoa leucosticta,Spotted jewel-babbler,120,4210,35.08
Apalis alticola,Brown-headed apalis,120,2893,24.11
Apalis argentea,Kungwe apalis,120,2327,19.39
Apalis bamendae,Bamenda apalis,120,4018,33.48
Apalis binotata,Lowland masked apalis,120,2023,16.86
Apalis chapini,Chapin's apalis,120,2655,22.12
Apalis chariessa,White-winged apalis,120,6551,54.59
Apalis chirindensis,Chirinda apalis,120,3393,28.27
Apalis cinerea,Grey apalis,120,2782,23.18
Apalis flavida,Yellow-breasted apalis,120,11394,94.95
Apalis flavigularis,Yellow-throated apalis,120,3338,27.82
Apalis flavocincta,Brown-tailed apalis,120,1110,9.25
Apalis fuscigularis,Taita apalis,120,5317,44.31
Apalis goslingi,Gosling's apalis,120,2938,24.48
Apalis jacksoni,Black-throated apalis,120,3350,27.92
Apalis kaboboensis,Kabobo apalis,120,3510,29.25
Apalis karamojae,Karamoja apalis,120,4867,40.56
Apalis lynesi,Namuli apalis,120,6390,53.25
Apalis melanocephala,Black-headed apalis,120,3643,30.36
Apalis nigriceps,Black-capped apalis,120,2790,23.25
Apalis personata,Mountain masked apalis,120,4360,36.33
Apalis porphyrolaema,Chestnut-throated apalis,120,3316,27.63
Apalis ruddi,Rudd's apalis,120,4341,36.17
Apalis rufogularis,Buff-throated apalis,120,3143,26.19
Apalis sharpii,Sharpe's apalis,120,2357,19.64
Apalis thoracica,Bar-throated apalis,120,12486,104.05
Artisornis metopias,Red-capped forest warbler,120,3877,32.31
Artisornis moreaui,Long-billed forest warbler,120,6946,57.88
Artisornis sousae,Long-billed forest warbler,120,6946,57.88
Bathmocercus cerviniventris,Black-headed rufous warbler,120,4067,33.89
Bathmocercus rufus,Black-faced rufous warbler,120,5106,42.55
Calamonastes fasciolatus,Barred wren-warbler,120,4711,39.26
Calamonastes simplex,Grey wren-warbler,120,4672,38.93
Calamonastes stierlingi,Stierling's wren-warbler,120,4227,35.23
Calamonastes undosus,Miombo wren-warbler,120,3709,30.91
Camaroptera brachyura,Green-backed camaroptera,120,22991,191.59
Camaroptera chloronota,Olive-green camaroptera,120,5795,48.29
Camaroptera harterti,Hartert's camaroptera,120,2223,18.52
Camaroptera superciliaris,Yellow-browed camaroptera,120,2928,24.40
Camaroptera toroensis,,0,,
Cisticola aberdare,Aberdare cisticola,120,10088,84.07
Cisticola aberrans,Rock-loving cisticola,120,5409,45.08
Cisticola angusticauda,Long-tailed cisticola,120,2129,17.74
Cisticola anonymus,Chattering cisticola,120,3036,25.30
Cisticola aridulus,Desert cisticola,120,5200,43.33
Cisticola ayresii,Wing-snapping cisticola,120,4871,40.59
Cisticola bailunduensis,Huambo cisticola,14,338,24.14
Cisticola bodessa,Boran cisticola,120,2864,23.87
Cisticola brachypterus,Short-winged cisticola,120,3512,29.27
Cisticola brunnescens,Pectoral-patch cisticola,120,3384,28.20
Cisticola bulliens,Bubbling cisticola,120,2951,24.59
Cisticola cantans,Singing cisticola,120,7959,66.33
Cisticola carruthersi,Carruthers's cisticola,120,2741,22.84
Cisticola cherina,Madagascar cisticola,120,2546,21.22
Cisticola chiniana,Rattling cisticola,120,14377,119.81
Cisticola chubbi,Chubb's cisticola,120,5079,42.33
Cisticola cinereolus,Ashy cisticola,120,3081,25.68
Cisticola cinnamomeus,Pale-crowned cisticola,120,3441,28.68
Cisticola dambo,Dambo cisticola,120,2795,23.29
Cisticola erythrops,Red-faced cisticola,120,9639,80.33
Cisticola exilis,Golden-headed cisticola,120,48642,405.35
Cisticola eximius,Black-backed cisticola,120,3856,32.13
Cisticola fulvicapilla,,0,,
Cisticola galactotes,Rufous-winged cisticola,101,3469,34.35
Cisticola guinea,Dorst's cisticola,120,3036,25.30
Cisticola haematocephalus,Coastal cisticola,101,2057,20.37
Cisticola haesitatus,Socotra cisticola,120,17078,142.32
Cisticola hunteri,Hunter's cisticola,120,4286,35.72
Cisticola juncidis,Zitting cisticola,120,117644,980.37
Cisticola lais,Wailing cisticola,120,4785,39.88
Cisticola lateralis,Whistling cisticola,120,4708,39.23
Cisticola luapula,Luapula cisticola,120,2994,24.95
Cisticola lugubris,Ethiopian cisticola,101,2222,22.00
Cisticola marginatus,Winding cisticola,120,6791,56.59
Cisticola melanurus,Black-tailed cisticola,120,3032,25.27
Cisticola nana,Tiny cisticola,120,2720,22.67
Cisticola natalensis,Croaking cisticola,120,6109,50.91
Cisticola nigriloris,Black-lored cisticola,120,3152,26.27
Cisticola njombe,Churring cisticola,120,2920,24.33
Cisticola pipiens,Chirping cisticola,120,3461,28.84
Cisticola restrictus,Tana River cisticola,120,6051,50.42
Cisticola robustus,Stout cisticola,120,3566,29.72
Cisticola ruficeps,Red-pate cisticola,120,3401,28.34
Cisticola rufilatus,Tinkling cisticola,120,4590,38.25
Cisticola rufus,Rufous cisticola,120,2743,22.86
Cisticola subruficapilla,Grey-backed cisticola,120,4669,38.91
Cisticola textrix,Cloud cisticola,120,4605,38.38
Cisticola tinniens,Levaillant's cisticola,120,7606,63.38
Cisticola troglodytes,Foxy cisticola,120,3411,28.43
Cisticola woosnami,Trilling cisticola,120,3719,30.99
Drymocichla incana,Red-winged grey warbler,120,2844,23.70
Eminia lepida,Grey-capped warbler,120,6121,51.01
Eremomela atricollis,Black-necked eremomela,120,3041,25.34
Eremomela badiceps,Rufous-crowned eremomela,120,3092,25.77
Eremomela canescens,Green-backed eremomela,120,3310,27.58
Eremomela flavicrissalis,Yellow-vented eremomela,120,2835,23.62
Eremomela gregalis,Karoo eremomela,120,3299,27.49
Eremomela icteropygialis,Yellow-bellied eremomela,120,9156,76.30
Eremomela pusilla,Senegal eremomela,120,3968,33.07
Eremomela scotops,Green-capped eremomela,120,3962,33.02
Eremomela turneri,Turner's eremomela,120,6085,50.71
Eremomela usticollis,Burnt-necked eremomela,120,3484,29.03
Euryptila subcinnamomea,Cinnamon-breasted warbler,120,3209,26.74
Hypergerus atriceps,Oriole warbler,120,9846,82.05
Incana incana,Socotra warbler,120,19360,161.33
Malcorus pectoralis,Rufous-eared warbler,120,5287,44.06
Micromacronus leytensis,Visayan miniature babbler,120,3994,33.28
Micromacronus sordidus,Mindanao miniature babbler,120,2380,19.83
Neomixis pallidior,,0,,
Neomixis striatigula,Stripe-throated jery,120,3546,29.55
Neomixis tenella,Common jery,120,6794,56.62
Neomixis viridis,Green jery,120,3486,29.05
Oreolais pulcher,Black-collared apalis,120,3892,32.43
Oreolais ruwenzorii,Rwenzori apalis,90,1908,21.20
Oreophilais robertsi,Roberts's warbler,120,2709,22.57
Orthotomus atrogularis,Dark-necked tailorbird,120,21673,180.61
Orthotomus castaneiceps,Visayan tailorbird,75,736,9.81
Orthotomus chaktomuk,Cambodian tailorbird,120,11874,98.95
Orthotomus chloronotus,Green-backed tailorbird,115,600,5.22
Orthotomus cinereiceps,White-eared tailorbird,120,5015,41.79
Orthotomus derbianus,Grey-backed tailorbird,120,9927,82.72
Orthotomus frontalis,Rufous-fronted tailorbird,120,5245,43.71
Orthotomus nigriceps,Black-headed tailorbird,120,10597,88.31
Orthotomus ruficeps,Ashy tailorbird,120,19636,163.63
Orthotomus samarensis,Yellow-breasted tailorbird,120,6035,50.29
Orthotomus sepium,Olive-backed tailorbird,120,7434,61.95
Orthotomus sericeus,Rufous-tailed tailorbird,120,12531,104.42
Orthotomus sutorius,Common tailorbird,120,453841,3782.01
Phragmacia substriata,Namaqua warbler,120,3412,28.43
Phyllolais pulchella,Buff-bellied warbler,120,4290,35.75
Poliolais lopezi,White-tailed warbler,120,2604,21.70
Prinia atrogularis,Black-throated prinia,120,5672,47.27
Prinia bairdii,Banded prinia,120,3970,33.08
Prinia buchanani,Rufous-fronted prinia,120,8478,70.65
Prinia cinereocapilla,Grey-crowned prinia,120,6266,52.22
Prinia crinigera,Himalayan prinia,78,5805,74.42
Prinia erythroptera,Red-winged prinia,120,5844,48.70
Prinia familiaris,Bar-winged prinia,120,24337,202.81
Prinia flavicans,Black-chested prinia,120,6750,56.25
Prinia flaviventris,Yellow-bellied prinia,120,18853,157.11
Prinia fluviatilis,River prinia,120,5716,47.63
Prinia gracilis,Graceful prinia,120,33760,281.33
Prinia hodgsonii,Grey-breasted prinia,120,22154,184.62
Prinia hypoxantha,Drakensberg prinia,120,4213,35.11
Prinia inornata,Plain prinia,120,47381,394.84
Prinia khasiana,Rufous-crowned prinia,38,741,19.50
Prinia maculosa,Karoo prinia,120,13733,114.44
Prinia molleri,São Tomé prinia,120,4346,36.22
Prinia polychroa,Brown prinia,120,5423,45.19
Prinia rufescens,Rufescent prinia,120,9475,78.96
Prinia rufifrons,Red-fronted prinia,89,2679,30.10
Prinia socialis,Ashy prinia,120,88294,735.78
Prinia somalica,Pale prinia,120,3400,28.33
Prinia sonitans,,0,,
Prinia subflava,Tawny-flanked prinia,120,27148,226.23
Prinia superciliaris,Hill prinia,120,11690,97.42
Prinia sylvatica,Jungle prinia,120,17098,142.48
Scepomycter winifredae,Winifred's warbler,120,4717,39.31
Schistolais leontica,Sierra Leone prinia,120,4402,36.68
Schistolais leucopogon,White-chinned prinia,120,3787,31.56
Spiloptila clamans,Cricket warbler,120,11407,95.06
Urolais epichlorus,Green longtail,120,3558,29.65
Climacteris affinis,White-browed treecreeper,120,7495,62.46
Climacteris erythrops,Red-browed treecreeper,120,7019,58.49
Climacteris melanurus,Black-tailed treecreeper,120,6123,51.02
Climacteris picumnus,Brown treecreeper,120,25333,211.11
Climacteris rufus,Rufous treecreeper,120,7643,63.69
Cormobates leucophaea,White-throated treecreeper,120,24438,203.65
Cormobates placens,Papuan treecreeper,120,5027,41.89
Cnemophilus loriae,Loria's satinbird,120,5611,46.76
Cnemophilus macgregorii,Crested satinbird,120,5776,48.13
Cnemophilus sanguineus,Red satinbird,75,4476,59.68
Loboparadisea sericea,Yellow-breasted satinbird,120,5740,47.83
Conopophaga ardesiaca,Slaty gnateater,120,2864,23.87
Conopophaga aurita,Chestnut-belted gnateater,120,5458,45.48
Conopophaga castaneiceps,Chestnut-crowned gnateater,120,5468,45.57
Conopophaga cearae,Ceará gnateater,120,4161,34.67
Conopophaga lineata,Rufous gnateater,120,6377,53.14
Conopophaga melanogaster,Black-bellied gnateater,120,3563,29.69
Conopophaga melanops,Black-cheeked gnateater,120,5273,43.94
Conopophaga peruviana,Ash-throated gnateater,120,3794,31.62
Conopophaga roberti,Hooded gnateater,120,2792,23.27
Conopophaga snethlageae,Black-breasted gnateater,38,819,21.55
Pittasoma michleri,Black-crowned antpitta,120,7079,58.99
Pittasoma rufopileatum,Rufous-crowned antpitta,120,4135,34.46
Corcorax melanorhamphos,White-winged chough,120,164304,1369.20
Struthidea cinerea,,0,,
Aphelocoma californica,California scrub jay,113,421381,3729.04
Aphelocoma coerulescens,Florida scrub jay,120,226675,1888.96
Aphelocoma ultramarina,Transvolcanic jay,120,25798,214.98
Aphelocoma unicolor,Unicolored jay,120,25051,208.76
Aphelocoma wollweberi,Mexican jay,120,82161,684.67
Cissa chinensis,Common green magpie,120,92424,770.20
Cissa hypoleuca,Indochinese green magpie,120,53210,443.42
Cissa jefferyi,Bornean green magpie,120,36266,302.22
Cissa thalassina,Javan green magpie,120,80427,670.23
Corvus albicollis,White-necked raven,120,240707,2005.89
Corvus albus,Pied crow,120,616594,5138.28
Corvus bennetti,Little crow (bird),120,171859,1432.16
Corvus brachyrhynchos,American crow,120,1681779,14014.83
Corvus capensis,Cape crow,120,112530,937.75
Corvus caurinus,American crow,120,1681779,14014.83
Corvus corax,Common raven,120,5190104,43250.87
Corvus corone,Carrion crow,120,1296062,10800.52
Corvus coronoides,Australian raven,120,683772,5698.10
Corvus crassirostris,Thick-billed raven,120,393273,3277.28
Corvus cryptoleucus,Chihuahuan raven,120,228473,1903.94
Corvus dauuricus,Daurian jackdaw,120,109568,913.07
Corvus edithae,Somali crow,120,85581,713.17
Corvus enca,Sunda crow,57,6694,117.44
Corvus florensis,Flores crow,120,49302,410.85
Corvus frugilegus,Rook (bird),120,2020109,16834.24
Corvus fuscicapillus,Brown-headed crow,120,53557,446.31
Corvus hawaiiensis,Hawaiian crow,120,770023,6416.86
Corvus imparatus,Tamaulipas crow,120,61282,510.68
Corvus insularis,Bismarck crow,120,46400,386.67
Corvus jamaicensis,Jamaican crow,120,58718,489.32
Corvus kubaryi,Mariana crow,120,70505,587.54
Corvus leucognaphalus,White-necked crow,120,95063,792.19
Corvus macrorhynchos,Large-billed crow,120,288551,2404.59
Corvus meeki,Bougainville crow,120,31514,262.62
Corvus mellori,Little raven,120,124997,1041.64
Corvus monedula,Western jackdaw,120,1451974,12099.78
Corvus moneduloides,New Caledonian crow,120,321459,2678.82
Corvus nasicus,Cuban crow,120,48328,402.73
Corvus orru,Torresian crow,120,215751,1797.92
Corvus ossifragus,Fish crow,120,358834,2990.28
Corvus palmarum,Hispaniolan palm crow,119,5957,50.06
Corvus pectoralis,Collared crow,120,60620,505.17
Corvus rhipidurus,Fan-tailed raven,120,91900,765.83
Corvus ruficollis,Brown-necked raven,120,115413,961.77
Corvus sinaloae,Sinaloa crow,120,34624,288.53
Corvus splendens,House crow,120,631967,5266.39
Corvus tasmanicus,Forest raven,120,191225,1593.54
Corvus tristis,Grey crow,120,77195,643.29
Corvus typicus,Piping crow,120,35466,295.55
Corvus unicolor,Banggai crow,120,48028,400.23
Corvus validus,Long-billed crow,120,40363,336.36
Corvus violaceus,Violet crow,120,55204,460.03
Corvus woodfordi,White-billed crow,120,61289,510.74
Crypsirina cucullata,Hooded treepie,120,21124,176.03
Crypsirina temia,Racket-tailed treepie,120,29347,244.56
Cyanocitta cristata,Blue jay,120,4637996,38649.97
Cyanocitta stelleri,Steller's jay,120,1233148,10276.23
Cyanocorax affinis,Black-chested jay,120,26697,222.47
Cyanocorax beecheii,Purplish-backed jay,120,28717,239.31
Cyanocorax cayanus,Cayenne jay,120,19364,161.37
Cyanocorax chrysops,Plush-crested jay,120,47691,397.43
Cyanocorax coeruleus,Azure jay,120,60313,502.61
Cyanocorax colliei,Black-throated magpie-jay,120,236381,1969.84
Cyanocorax cristatellus,Curl-crested jay,120,20409,170.07
Cyanocorax cyanomelas,Purplish jay,120,25232,210.27
Cyanocorax cyanopogon,White-naped jay,120,15971,133.09
Cyanocorax dickeyi,Tufted jay,120,70400,586.67
Cyanocorax formosus,White-throated magpie-jay,120,144280,1202.33
Cyanocorax hafferi,Campina jay,120,3534,29.45
Cyanocorax heilprini,Azure-naped jay,120,16824,140.20
Cyanocorax melanocyaneus,Bushy-crested jay,120,20992,174.93
Cyanocorax morio,Brown jay,120,50281,419.01
Cyanocorax mystacalis,White-tailed jay,120,23610,196.75
Cyanocorax sanblasianus,San Blas jay,120,20984,174.87
Cyanocorax violaceus,Violaceous jay,120,23790,198.25
Cyanocorax yncas,Inca jay,120,44279,368.99
Cyanocorax yucatanicus,Yucatan jay,120,57889,482.41
Cyanolyca argentigula,Silvery-throated jay,120,16835,140.29
Cyanolyca armillata,Black-collared jay,120,17402,145.02
Cyanolyca cucullata,Azure-hooded jay,120,24883,207.36
Cyanolyca mirabilis,White-throated jay,120,13844,115.37
Cyanolyca nanus,Dwarf jay,120,29020,241.83
Cyanolyca pulchra,Beautiful jay,120,27340,227.83
Cyanolyca pumilo,Black-throated jay,120,13759,114.66
Cyanolyca quindiuna,,0,,
Cyanolyca turcosa,Turquoise jay,120,25471,212.26
Cyanolyca viridicyanus,White-collared jay,120,14030,116.92
Cyanopica cooki,Iberian magpie,120,179983,1499.86
Cyanopica cyanus,Azure-winged magpie,120,194726,1622.72
Dendrocitta bayleii,Andaman treepie,120,20518,170.98
Dendrocitta cinerascens,Bornean treepie,120,15945,132.88
Dendrocitta formosae,Grey treepie,120,52231,435.26
Dendrocitta frontalis,Collared treepie,120,15435,128.62
Dendrocitta leucogastra,White-bellied treepie,120,36132,301.10
Dendrocitta occipitalis,Sumatran treepie,120,13554,112.95
Dendrocitta vagabunda,Rufous treepie,120,280726,2339.38
Garrulus bispecularis,,0,,
Garrulus glandarius,Eurasian jay,120,1066497,8887.48
Garrulus lanceolatus,Black-headed jay,120,35799,298.32
Garrulus leucotis,,0,,
Garrulus lidthi,Lidth's jay,120,57744,481.20
Gymnorhinus cyanocephalus,Pinyon jay,120,155182,1293.18
Nucifraga caryocatactes,Northern nutcracker,16,19547,1221.69
Nucifraga columbiana,Clark's nutcracker,120,288139,2401.16
Nucifraga hemispila,Southern nutcracker,16,3921,245.06
Nucifraga multipunctata,Kashmir nutcracker,105,11093,105.65
Perisoreus canadensis,Canada jay,120,513156,4276.30
Perisoreus infaustus,Siberian jay,120,271740,2264.50
Perisoreus internigrans,Sichuan jay,120,25144,209.53
Pica asirensis,Asir magpie,96,52752,549.50
Pica hudsonia,Black-billed magpie,120,1059620,8830.17
Pica mauritanica,Maghreb magpie,96,49756,518.29
Pica nutalli,Yellow-billed magpie,120,209078,1742.32
Pica pica,Eurasian magpie,120,2156954,17974.62
Platysmurus aterrimus,Bornean black magpie,120,13742,114.52
Platysmurus leucopterus,Malayan black magpie,56,11931,213.05
Podoces biddulphi,Xinjiang ground jay,120,9773,81.44
Podoces hendersoni,Mongolian ground jay,120,10087,84.06
Podoces panderi,Turkestan ground jay,120,7520,62.67
Podoces pleskei,Iranian ground jay,120,8850,73.75
Ptilostomus afer,,0,,
Pyrrhocorax graculus,Alpine chough,120,613816,5115.13
Pyrrhocorax pyrrhocorax,Red-billed chough,120,320318,2669.32
Temnurus temnurus,Ratchet-tailed treepie,120,22046,183.72
Urocissa caerulea,Taiwan blue magpie,120,184815,1540.12
Urocissa erythroryncha,Red-billed blue magpie,120,135836,1131.97
Urocissa flavirostris,Yellow-billed blue magpie,120,69941,582.84
Urocissa ornata,Sri Lanka blue magpie,120,107144,892.87
Urocissa whiteheadi,White-winged magpie,120,40570,338.08
Urocissa xanthomelana,,0,,
Zavattariornis stresemanni,Ethiopian bushcrow,2,136,68.00
Ampelioides tschudii,Scaled fruiteater,120,5288,44.07
Ampelion rubrocristatus,Red-crested cotinga,120,5310,44.25
Ampelion rufaxilla,Chestnut-crested cotinga,120,3922,32.68
Carpodectes antoniae,Yellow-billed cotinga,120,7704,64.20
Carpodectes hopkei,Black-tipped cotinga,120,8346,69.55
Carpodectes nitidus,Snowy cotinga,120,7891,65.76
Carpornis cucullata,Hooded berryeater,120,5015,41.79
Carpornis melanocephala,Black-headed berryeater,120,4702,39.18
Cephalopterus glabricollis,Bare-necked umbrellabird,120,39962,333.02
Cephalopterus ornatus,Amazonian umbrellabird,120,39081,325.68
Cephalopterus penduliger,Long-wattled umbrellabird,120,151046,1258.72
Conioptilon mcilhennyi,Black-faced cotinga,120,3534,29.45
Cotinga amabilis,Lovely cotinga,120,22105,184.21
Cotinga cayana,Spangled cotinga,120,37215,310.12
Cotinga cotinga,Purple-breasted cotinga,120,9336,77.80
Cotinga maculata,Banded cotinga,120,14262,118.85
Cotinga maynana,Plum-throated cotinga,120,13993,116.61
Cotinga nattererii,Blue cotinga,120,10629,88.58
Cotinga ridgwayi,Turquoise cotinga,120,9245,77.04
Doliornis remseni,Chestnut-bellied cotinga,120,3848,32.07
Doliornis sclateri,Bay-vented cotinga,120,4283,35.69
Gymnoderus foetidus,Bare-necked fruitcrow,120,8847,73.72
Haematoderus militaris,Crimson fruitcrow,120,10977,91.47
Lipaugus ater,Black-and-gold cotinga,120,6737,56.14
Lipaugus conditus,Grey-winged cotinga,120,4148,34.57
Lipaugus fuscocinereus,Dusky piha,120,4389,36.58
Lipaugus lanioides,Cinnamon-vented piha,120,3974,33.12
Lipaugus streptophorus,Rose-collared piha,120,5338,44.48
Lipaugus unirufus,Rufous piha,120,10210,85.08
Lipaugus uropygialis,Scimitar-winged piha,120,3622,30.18
Lipaugus vociferans,Screaming piha,120,129620,1080.17
Lipaugus weberi,Chestnut-capped piha,120,9273,77.28
Perissocephalus tricolor,,0,,
Phibalura boliviana,Apolo cotinga,76,3160,41.58
Phibalura flavirostris,Swallow-tailed cotinga,120,6775,56.46
Phoenicircus carnifex,Guianan red cotinga,120,7349,61.24
Phoenicircus nigricollis,Black-necked red cotinga,120,9705,80.88
Phytotoma raimondii,Peruvian plantcutter,120,5569,46.41
Phytotoma rara,Rufous-tailed plantcutter,120,9490,79.08
Phytotoma rutila,White-tipped plantcutter,120,6719,55.99
Pipreola arcuata,Barred fruiteater,120,7742,64.52
Pipreola aureopectus,Golden-breasted fruiteater,120,4838,40.32
Pipreola chlorolepidota,Fiery-throated fruiteater,120,8005,66.71
Pipreola formosa,Handsome fruiteater,120,8957,74.64
Pipreola frontalis,Scarlet-breasted fruiteater,120,4479,37.33
Pipreola intermedia,Band-tailed fruiteater,120,4065,33.88
Pipreola jucunda,Orange-breasted fruiteater,120,6721,56.01
Pipreola lubomirskii,Black-chested fruiteater,120,4997,41.64
Pipreola pulchra,Masked fruiteater,120,4260,35.50
Pipreola riefferii,Green-and-black fruiteater,120,6683,55.69
Pipreola squamipectus,,0,,
Pipreola whitelyi,Red-banded fruiteater,120,9457,78.81
Porphyrolaema porphyrolaema,Purple-throated cotinga,120,6237,51.98
Procnias albus,White bellbird,120,421226,3510.22
Procnias averano,Bearded bellbird,120,31707,264.23
Procnias nudicollis,Bare-throated bellbird,120,71830,598.58
Procnias tricarunculatus,Three-wattled bellbird,120,89004,741.70
Pyroderus scutatus,Red-ruffed fruitcrow,120,22356,186.30
Querula purpurata,Purple-throated fruitcrow,120,20177,168.14
Rupicola peruvianus,Andean cock-of-the-rock,120,383799,3198.32
Rupicola rupicola,Guianan cock-of-the-rock,120,166714,1389.28
Snowornis cryptolophus,Olivaceous piha,120,3797,31.64
Snowornis subalaris,Grey-tailed piha,120,3385,28.21
Xipholena atropurpurea,White-winged cotinga,120,5541,46.17
Xipholena lamellipennis,White-tailed cotinga,120,4195,34.96
Xipholena punicea,Pompadour cotinga,120,25583,213.19
Zaratornis stresemanni,White-cheeked cotinga,120,4172,34.77
Dasyornis brachypterus,Eastern bristlebird,120,21240,177.00
Dasyornis broadbenti,Rufous bristlebird,120,15783,131.53
Dasyornis longirostris,Western bristlebird,120,7689,64.08
Dicaeum aeneum,Midget flowerpecker,120,5872,48.93
Dicaeum agile,Thick-billed flowerpecker,120,19470,162.25
Dicaeum annae,Golden-rumped flowerpecker,120,3424,28.53
Dicaeum anthonyi,Yellow-crowned flowerpecker,56,1485,26.52
Dicaeum aureolimbatum,Yellow-sided flowerpecker,120,3305,27.54
Dicaeum australe,Red-keeled flowerpecker,120,12650,105.42
Dicaeum beccarii,Sumatran flowerpecker,24,391,16.29
Dicaeum bicolor,Bicolored flowerpecker,120,3794,31.62
Dicaeum cambodianum,Cambodian flowerpecker,24,471,19.62
Dicaeum celebicum,Grey-sided flowerpecker,120,6020,50.17
Dicaeum chrysorrheum,Yellow-vented flowerpecker,120,9690,80.75
Dicaeum concolor,Nilgiri flowerpecker,120,12999,108.33
Dicaeum cruentatum,Scarlet-backed flowerpecker,120,32672,272.27
Dicaeum dayakorum,Spectacled flowerpecker,120,14644,122.03
Dicaeum erythrorhynchos,Pale-billed flowerpecker,120,50810,423.42
Dicaeum erythrothorax,Buru flowerpecker,72,1143,15.88
Dicaeum everetti,Brown-backed flowerpecker,120,3352,27.93
Dicaeum eximium,Red-banded flowerpecker,120,2419,20.16
Dicaeum geelvinkianum,Red-capped flowerpecker,120,5684,47.37
Dicaeum haematostictum,Black-belted flowerpecker,120,6642,55.35
Dicaeum hanieli,Timor flowerpecker,13,252,19.38
Dicaeum hirundinaceum,,0,,
Dicaeum hypoleucum,Buzzing flowerpecker,120,4535,37.79
Dicaeum ignicolle,,0,,
Dicaeum igniferum,Black-fronted flowerpecker,120,2966,24.72
Dicaeum ignipectus,Fire-breasted flowerpecker,120,20510,170.92
Dicaeum kampalili,Flame-crowned flowerpecker,120,4218,35.15
Dicaeum keiense,Pink-breasted flowerpecker,24,537,22.38
Dicaeum luzoniense,Fire-throated flowerpecker,24,643,26.79
Dicaeum maugei,Red-chested flowerpecker,120,1347,11.22
Dicaeum melanozanthum,Yellow-bellied flowerpecker,120,6577,54.81
Dicaeum minullum,Plain flowerpecker,120,12466,103.88
Dicaeum monticolum,Black-sided flowerpecker,120,9436,78.63
Dicaeum nehrkorni,Crimson-crowned flowerpecker,120,3054,25.45
Dicaeum nigrilore,Olive-capped flowerpecker,120,3579,29.82
Dicaeum nitidum,Louisiade flowerpecker,120,2885,24.04
Dicaeum pectorale,Olive-crowned flowerpecker,120,3358,27.98
Dicaeum proprium,Whiskered flowerpecker,120,3871,32.26
Dicaeum pygmaeum,Pygmy flowerpecker,120,5848,48.73
Dicaeum quadricolor,Cebu flowerpecker,120,49988,416.57
Dicaeum retrocinctum,Scarlet-collared flowerpecker,120,6380,53.17
Dicaeum sanguinolentum,Javan flowerpecker,13,584,44.92
Dicaeum schistaceiceps,Halmahera flowerpecker,120,2909,24.24
Dicaeum trigonostigma,Orange-bellied flowerpecker,120,21661,180.51
Dicaeum tristrami,Mottled flowerpecker,120,3010,25.08
Dicaeum trochileum,Scarlet-headed flowerpecker,120,8092,67.43
Dicaeum vincens,Legge's flowerpecker,120,7180,59.83
Dicaeum vulneratum,Ashy flowerpecker,120,3374,28.12
Dicaeum wilhelminae,Sumba flowerpecker,13,214,16.46
Prionochilus maculatus,Yellow-breasted flowerpecker,120,6571,54.76
Prionochilus olivaceus,Olive-backed flowerpecker,120,4380,36.50
Prionochilus percussus,Crimson-breasted flowerpecker,120,6922,57.68
Prionochilus plateni,Palawan flowerpecker,120,5711,47.59
Prionochilus thoracicus,Scarlet-breasted flowerpecker,120,6343,52.86
Prionochilus xanthopygius,Yellow-rumped flowerpecker,120,5028,41.90
Dicrurus adsimilis,Fork-tailed drongo,120,141940,1182.83
Dicrurus aeneus,Bronzed drongo,120,33308,277.57
Dicrurus aldabranus,Aldabra drongo,120,13145,109.54
Dicrurus andamanensis,Andaman drongo,120,12310,102.58
Dicrurus annectens,Crow-billed drongo,120,17922,149.35
Dicrurus atripennis,Shining drongo,120,6503,54.19
Dicrurus balicassius,,0,,
Dicrurus bracteatus,Spangled drongo,120,118957,991.31
Dicrurus caerulescens,White-bellied drongo,120,28188,234.90
Dicrurus densus,Wallacean drongo,120,4969,41.41
Dicrurus forficatus,Crested drongo,120,19485,162.38
Dicrurus fuscipennis,Grand Comore drongo,30,664,22.13
Dicrurus hottentottus,Hair-crested drongo,120,36547,304.56
Dicrurus leucophaeus,Ashy drongo,120,58967,491.39
Dicrurus lophorinus,Sri Lanka drongo,120,12654,105.45
Dicrurus ludwigii,Square-tailed drongo,120,10051,83.76
Dicrurus macrocercus,Black drongo,120,393869,3282.24
Dicrurus megarhynchus,Paradise drongo,120,7353,61.27
Dicrurus menagei,Tablas drongo,120,5919,49.33
Dicrurus modestus,Velvet-mantled drongo,120,7905,65.88
Dicrurus montanus,Sulawesi drongo,120,4452,37.10
Dicrurus paradiseus,Greater racket-tailed drongo,120,199916,1665.97
Dicrurus remifer,Lesser racket-tailed drongo,120,25064,208.87
Dicrurus striatus,Short-tailed drongo,30,942,31.40
Dicrurus sumatranus,Sumatran drongo,120,5118,42.65
Dicrurus waldenii,Mayotte drongo,120,5564,46.37
Donacobius atricapilla,Black-capped donacobius,120,20465,170.54
Dulus dominicus,,0,,
Elachura formosa,Spotted elachura,120,12015,100.12
Emberiza affinis,Brown-rumped bunting,120,6561,54.67
Emberiza aureola,Yellow-breasted bunting,120,77289,644.08
Emberiza bruniceps,Red-headed bunting,120,33386,278.22
Emberiza buchanani,Grey-necked bunting,120,17237,143.64
Emberiza cabanisi,Cabanis's bunting,120,8247,68.72
Emberiza caesia,Cretzschmar's bunting,120,22539,187.82
Emberiza calandra,Corn bunting,120,117293,977.44
Emberiza capensis,Cape bunting,120,15616,130.13
Emberiza chrysophrys,Yellow-browed bunting,120,19777,164.81
Emberiza cia,Rock bunting,120,51894,432.45
Emberiza cineracea,Cinereous bunting,120,15697,130.81
Emberiza cioides,Meadow bunting,120,34543,287.86
Emberiza cirlus,Cirl bunting,120,104928,874.40
Emberiza citrinella,,0,,
Emberiza elegans,Yellow-throated bunting,120,15973,133.11
Emberiza flaviventris,Golden-breasted bunting,120,21848,182.07
Emberiza fucata,Chestnut-eared bunting,120,17520,146.00
Emberiza godlewskii,Godlewski's bunting,120,10128,84.40
Emberiza goslingi,Gosling's bunting,120,6613,55.11
Emberiza hortulana,Ortolan bunting,120,3308539,27571.16
Emberiza impetuani,Lark-like bunting,120,10589,88.24
Emberiza jankowskii,Jankowski's bunting,120,8007,66.72
Emberiza koslowi,Tibetan bunting,120,7210,60.08
Emberiza lathami,Crested bunting,120,27060,225.50
Emberiza leucocephalos,Pine bunting,120,46668,388.90
Emberiza melanocephala,Black-headed bunting,120,60704,505.87
Emberiza pallasi,Pallas's reed bunting,120,12323,102.69
Emberiza personata,Masked bunting,48,2669,55.60
Emberiza poliopleura,Somali bunting,120,6734,56.12
Emberiza pusilla,Little bunting,120,45208,376.73
Emberiza rustica,Rustic bunting,120,44222,368.52
Emberiza rutila,Chestnut bunting,120,13760,114.67
Emberiza sahari,House bunting,120,38434,320.28
Emberiza schoeniclus,Common reed bunting,120,181961,1516.34
Emberiza siemsseni,Slaty bunting,120,8737,72.81
Emberiza socotrana,Socotra bunting,120,21486,179.05
Emberiza spodocephala,Black-faced bunting,120,37796,314.97
Emberiza stewarti,White-capped bunting,120,10138,84.48
Emberiza striolata,Striolated bunting,120,17994,149.95
Emberiza sulphurata,Yellow bunting,120,26918,224.32
Emberiza tahapisi,Cinnamon-breasted bunting,120,19274,160.62
Emberiza tristrami,Tristram's bunting,120,9052,75.43
Emberiza variabilis,Grey bunting,120,10336,86.13
Emberiza yessoensis,Ochre-rumped bunting,120,4050,33.75
Amadina erythrocephala,Red-headed finch,120,95111,792.59
Amadina fasciata,Cut-throat finch,120,47887,399.06
Amandava amandava,Red avadavat,120,260379,2169.82
Amandava formosa,Green avadavat,120,31229,260.24
Amandava subflava,Orange-breasted waxbill,120,26760,223.00
Chloebia gouldiae,Gouldian finch,120,783299,6527.49
Clytospiza monteiri,Brown twinspot,120,4927,41.06
Coccopygia bocagei,Angola waxbill,67,1601,23.90
Coccopygia melanotis,Swee waxbill,120,18470,153.92
Coccopygia quartinia,Yellow-bellied waxbill,120,8420,70.17
Cryptospiza jacksoni,Dusky crimsonwing,120,5125,42.71
Cryptospiza reichenovii,Red-faced crimsonwing,120,6848,57.07
Cryptospiza salvadorii,Abyssinian crimsonwing,120,9863,82.19
Cryptospiza shelleyi,Shelley's crimsonwing,120,5482,45.68
Emblema pictum,Painted finch,120,24831,206.93
Erythrura coloria,Red-eared parrotfinch,120,8802,73.35
Erythrura cyaneovirens,Red-headed parrotfinch,120,11277,93.97
Erythrura hyperythra,Tawny-breasted parrotfinch,120,9707,80.89
Erythrura kleinschmidti,Pink-billed parrotfinch,120,12199,101.66
Erythrura papuana,Papuan parrotfinch,120,5454,45.45
Erythrura pealii,Fiji parrotfinch,120,39284,327.37
Erythrura prasina,Pin-tailed parrotfinch,120,17405,145.04
Erythrura psittacea,Red-throated parrotfinch,120,16421,136.84
Erythrura trichroa,Blue-faced parrotfinch,120,25218,210.15
Erythrura tricolor,Tricolored parrotfinch,120,16971,141.43
Erythrura viridifacies,Green-faced parrotfinch,120,13936,116.13
Estrilda astrild,Common waxbill,120,126819,1056.83
Estrilda atricapilla,Black-headed waxbill,120,5333,44.44
Estrilda charmosyna,Black-cheeked waxbill,120,6149,51.24
Estrilda coerulescens,Lavender waxbill,120,22366,186.38
Estrilda erythronotos,Black-faced waxbill,120,9703,80.86
Estrilda kandti,Kandt's waxbill,120,3835,31.96
Estrilda melpoda,Orange-cheeked waxbill,120,34661,288.84
Estrilda nigriloris,Black-lored waxbill,120,7672,63.93
Estrilda nonnula,Black-crowned waxbill,120,6920,57.67
Estrilda paludicola,Fawn-breasted waxbill,120,7505,62.54
Estrilda perreini,Grey waxbill,120,6087,50.73
Estrilda poliopareia,Anambra waxbill,120,13114,109.28
Estrilda rhodopyga,Crimson-rumped waxbill,120,8182,68.18
Estrilda rufibarba,Arabian waxbill,120,6593,54.94
Estrilda thomensis,Cinderella waxbill,120,7696,64.13
Estrilda troglodytes,Black-rumped waxbill,120,21287,177.39
Euodice cantans,African silverbill,120,44433,370.27
Euodice malabarica,Indian silverbill,120,106159,884.66
Euschistospiza cinereovinacea,Dusky twinspot,120,4065,33.88
Euschistospiza dybowskii,Dybowski's twinspot,120,8105,67.54
Granatina granatina,Violet-eared waxbill,120,19079,158.99
Granatina ianthinogaster,Purple grenadier,120,22566,188.05
Heteromunia pectoralis,Pictorella mannikin,120,8186,68.22
Hypargos margaritatus,Pink-throated twinspot,120,11214,93.45
Hypargos niveoguttatus,Red-throated twinspot,120,11842,98.68
Lagonosticta larvata,Black-faced firefinch,120,16532,137.77
Lagonosticta nigricollis,,0,,
Lagonosticta nitidula,Brown firefinch,120,6652,55.43
Lagonosticta rara,Black-bellied firefinch,120,7579,63.16
Lagonosticta rhodopareia,Jameson's firefinch,120,18398,153.32
Lagonosticta rubricata,African firefinch,120,31431,261.93
Lagonosticta rufopicta,Bar-breasted firefinch,120,8063,67.19
Lagonosticta sanguinodorsalis,Rock firefinch,120,11770,98.08
Lagonosticta senegala,Red-billed firefinch,120,49144,409.53
Lagonosticta umbrinodorsalis,Chad firefinch,120,5347,44.56
Lagonosticta vinacea,Black-faced firefinch,120,16532,137.77
Lagonosticta virata,Mali firefinch,120,5735,47.79
Lepidopygia nana,Madagascar mannikin,120,4602,38.35
Lonchura atricapilla,Chestnut munia,120,123025,1025.21
Lonchura caniceps,Grey-headed mannikin,120,4057,33.81
Lonchura castaneothorax,Chestnut-breasted mannikin,120,39232,326.93
Lonchura ferruginosa,White-capped munia,120,6212,51.77
Lonchura flaviprymna,Yellow-rumped mannikin,120,7396,61.63
Lonchura forbesi,Forbes's mannikin,120,3195,26.62
Lonchura fuscans,Dusky munia,120,9946,82.88
Lonchura fuscata,Timor sparrow,120,27157,226.31
Lonchura grandis,Great-billed mannikin,120,4460,37.17
Lonchura hunsteini,Mottled mannikin,30,995,33.17
Lonchura kelaarti,Black-throated munia,120,15447,128.72
Lonchura leucogastra,White-bellied munia,120,10820,90.17
Lonchura leucogastroides,Javan munia,120,20950,174.58
Lonchura leucosticta,White-spotted mannikin,92,2522,27.41
Lonchura maja,White-headed munia,120,26575,221.46
Lonchura malacca,Tricoloured munia,120,41995,349.96
Lonchura melaena,Buff-bellied mannikin,120,3691,30.76
Lonchura molucca,Black-faced munia,120,9727,81.06
Lonchura montana,Western alpine mannikin,120,4995,41.62
Lonchura monticola,Eastern alpine mannikin,120,5673,47.27
Lonchura nevermanni,Grey-crowned mannikin,120,3434,28.62
Lonchura oryzivora,Java sparrow,120,459024,3825.20
Lonchura pallida,Pale-headed munia,120,7172,59.77
Lonchura punctulata,Scaly-breasted munia,120,339292,2827.43
Lonchura quinticolor,Five-colored munia,120,5335,44.46
Lonchura spectabilis,Hooded mannikin,120,5476,45.63
Lonchura striata,White-rumped munia,120,81822,681.85
Lonchura stygia,Black mannikin,120,5286,44.05
Lonchura teerinki,Black-breasted mannikin,120,4027,33.56
Lonchura tristissima,Streak-headed mannikin,120,4213,35.11
Lonchura vana,Grey-banded mannikin,120,3996,33.30
Mandingoa nitidula,Green-backed twinspot,120,15495,129.12
Neochmia evangelinae,,0,,
Neochmia modesta,Plum-headed finch,120,18642,155.35
Neochmia phaeton,Crimson finch,120,36185,301.54
Neochmia ruficauda,Star finch,120,49851,415.43
Neochmia temporalis,Red-browed finch,120,79552,662.93
Nesocharis ansorgei,White-collared oliveback,120,4483,37.36
Nesocharis capistrata,Grey-headed oliveback,120,5616,46.80
Nesocharis shelleyi,Shelley's oliveback,120,7540,62.83
Nigrita bicolor,Chestnut-breasted nigrita,120,5435,45.29
Nigrita canicapillus,Grey-headed nigrita,120,5232,43.60
Nigrita fusconotus,White-breasted nigrita,120,5584,46.53
Nigrita luteifrons,Pale-fronted nigrita,120,3986,33.22
Odontospiza griseicapilla,Grey-headed silverbill,120,8147,67.89
Oreostruthus fuliginosus,Mountain firetail,120,6420,53.50
Ortygospiza atricollis,Black-faced quailfinch,120,6026,50.22
Paludipasser locustella,Locust finch,120,6161,51.34
Parmoptila jamesoni,Jameson's antpecker,120,9900,82.50
Parmoptila rubrifrons,Red-fronted antpecker,120,5502,45.85
Parmoptila woodhousei,Woodhouse's antpecker,120,4903,40.86
Poephila acuticauda,Long-tailed finch,120,89265,743.88
Poephila cincta,Black-throated finch,120,39320,327.67
Poephila personata,Masked finch,120,19863,165.53
Pyrenestes minor,Lesser seedcracker,120,6488,54.07
Pyrenestes ostrinus,Black-bellied seedcracker,120,13894,115.78
Pyrenestes sanguineus,Crimson seedcracker,120,8151,67.92
Pytilia afra,Orange-winged pytilia,120,12543,104.53
Pytilia hypogrammica,Yellow-winged pytilia,120,7065,58.88
Pytilia lineata,Red-billed pytilia,120,4400,36.67
Pytilia melba,Green-winged pytilia,120,21945,182.88
Pytilia phoenicoptera,Red-winged pytilia,120,7510,62.58
Spermestes bicolor,Black-and-white mannikin,120,19695,164.12
Spermestes cucullata,Bronze mannikin,120,59259,493.82
Spermestes fringilloides,Magpie mannikin,120,14088,117.40
Spermophaga haematina,Western bluebill,120,10392,86.60
Spermophaga poliogenys,Grant's bluebill,120,4254,35.45
Spermophaga ruficapilla,Red-headed bluebill,120,5803,48.36
Stagonopleura bella,Beautiful firetail,120,32762,273.02
Stagonopleura guttata,Diamond firetail,120,70615,588.46
Stagonopleura oculata,Red-eared firetail,120,25625,213.54
Taeniopygia bichenovii,Double-barred finch,120,80669,672.24
Taeniopygia castanotis,Australian zebra finch,48,118029,2458.94
Taeniopygia guttata,Sunda zebra finch,48,37245,775.94
Uraeginthus angolensis,Blue waxbill,120,53460,445.50
Uraeginthus bengalus,Red-cheeked cordon-bleu,120,79754,664.62
Uraeginthus cyanocephalus,Blue-capped cordon-bleu,120,20232,168.60
Eulacestoma nigropectus,Wattled ploughbill,120,7019,58.49
Eupetes macrocerus,,0,,
Corydon sumatranus,Dusky broadbill,120,11758,97.98
Cymbirhynchus affinis,Black-and-red broadbill,120,85044,708.70
Cymbirhynchus macrorhynchos,Black-and-red broadbill,120,85044,708.70
Eurylaimus harterti,Banded broadbill,120,59801,498.34
Eurylaimus javanicus,Banded broadbill,120,59801,498.34
Eurylaimus ochromalus,Black-and-yellow broadbill,120,71918,599.32
Psarisomus dalhousiae,Long-tailed broadbill,120,45656,380.47
Pseudocalyptomena graueri,Grauer's broadbill,120,11191,93.26
Sarcophanops samarensis,Visayan broadbill,120,12433,103.61
Sarcophanops steerii,Wattled broadbill,120,11097,92.47
Serilophus lunatus,Silver-breasted broadbill,120,32716,272.63
Serilophus rubropygius,Grey-lored broadbill,30,1933,64.43
Falcunculus frontatus,Eastern shriketit,98,3351,34.19
Falcunculus leucogaster,Western shriketit,94,1235,13.14
Falcunculus whitei,Northern shriketit,94,1240,13.19
Chamaeza campanisona,Short-tailed antthrush,120,4720,39.33
Chamaeza meruloides,Cryptic antthrush,120,3513,29.27
Chamaeza mollissima,Barred antthrush,120,3050,25.42
Chamaeza nobilis,Striated antthrush,120,4118,34.32
Chamaeza ruficauda,Rufous-tailed antthrush,120,4898,40.82
Chamaeza turdina,Schwartz's antthrush,120,2842,23.68
Formicarius analis,Black-faced antthrush,120,13421,111.84
Formicarius colma,Rufous-capped antthrush,120,6893,57.44
Formicarius moniliger,Mayan antthrush,120,3756,31.30
Formicarius nigricapillus,Black-headed antthrush,120,4910,40.92
Formicarius rufifrons,Rufous-fronted antthrush,120,3044,25.37
Formicarius rufipectus,Rufous-breasted antthrush,120,5581,46.51
Acanthis flammea,,0,,
Agraphospiza rubescens,Blanford's rosefinch,120,13661,113.84
Bucanetes githagineus,Trumpeter finch,120,44693,372.44
Bucanetes mongolicus,Mongolian finch,120,18484,154.03
Callacanthis burtoni,Spectacled finch,120,9862,82.18
Carduelis caniceps,Grey-crowned goldfinch,10,2835,283.50
Carduelis carduelis,European goldfinch,120,1663163,13859.69
Carduelis citrinella,Citril finch,120,41577,346.48
Carduelis corsicana,Corsican finch,120,16461,137.18
Carpodacus dubius,Chinese white-browed rosefinch,120,8467,70.56
Carpodacus edwardsii,Dark-rumped rosefinch,120,6360,53.00
Carpodacus erythrinus,Common rosefinch,120,182341,1519.51
Carpodacus formosanus,Taiwan rosefinch,120,8239,68.66
Carpodacus pulcherrimus,Himalayan beautiful rosefinch,120,9582,79.85
Carpodacus puniceus,Red-fronted rosefinch,120,8469,70.58
Carpodacus rhodochlamys,Red-mantled rosefinch,120,9222,76.85
Carpodacus roborowskii,Tibetan rosefinch,120,6675,55.62
Carpodacus rodochroa,Pink-browed rosefinch,120,18372,153.10
Carpodacus rodopeplus,Spot-winged rosefinch,120,4971,41.42
Carpodacus roseus,Pallas's rosefinch,120,26922,224.35
Carpodacus rubicilla,Great rosefinch,120,16353,136.28
Carpodacus rubicilloides,Streaked rosefinch,120,7866,65.55
Carpodacus sibiricus,Siberian long-tailed rosefinch,48,5580,116.25
Carpodacus sillemi,Sillem's rosefinch,76,2486,32.71
Carpodacus sipahi,Scarlet finch,120,31595,263.29
Carpodacus stoliczkae,Pale rosefinch,120,6043,50.36
Carpodacus subhimachalus,Crimson-browed finch,120,11188,93.23
Carpodacus synoicus,Sinai rosefinch,120,26948,224.57
Carpodacus thura,Himalayan white-browed rosefinch,120,9474,78.95
Carpodacus trifasciatus,Three-banded rosefinch,120,5719,47.66
Carpodacus verreauxii,Sharpe's rosefinch,120,3811,31.76
Carpodacus vinaceus,Vinaceous rosefinch,120,8111,67.59
Carpodacus waltoni,Pink-rumped rosefinch,120,5597,46.64
Chloris ambigua,Black-headed greenfinch,120,13192,109.93
Chloris chloris,European greenfinch,120,602344,5019.53
Chloris monguilloti,Vietnamese greenfinch,120,10024,83.53
Chloris sinica,Oriental greenfinch,120,11020,91.83
Chloris spinoides,Yellow-breasted greenfinch,120,20829,173.57
Chlorodrepanis flava,Oʻahu ʻamakihi,120,21530,179.42
Chlorodrepanis stejnegeri,Kauaʻi ʻamakihi,120,20444,170.37
Chlorodrepanis virens,Hawaiʻi ʻamakihi,120,45066,375.55
Chlorophonia callophrys,Golden-browed chlorophonia,120,15757,131.31
Chlorophonia cyanea,Blue-naped chlorophonia,120,18658,155.48
Chlorophonia flavirostris,Yellow-collared chlorophonia,120,5228,43.57
Chlorophonia occipitalis,Blue-crowned chlorophonia,120,7187,59.89
Chlorophonia pyrrhophrys,Chestnut-breasted chlorophonia,120,5481,45.67
Chrysocorythus estherae,Indonesian serin,54,3426,63.44
Chrysocorythus mindanensis,Mindanao serin,54,2589,47.94
Coccothraustes coccothraustes,,0,,
Crithagra albogularis,White-throated canary,120,7555,62.96
Crithagra ankoberensis,Ankober serin,120,9205,76.71
Crithagra atrogularis,Black-throated canary,120,18219,151.82
Crithagra buchanani,Southern grosbeak-canary,120,4730,39.42
Crithagra burtoni,Thick-billed seedeater,120,5137,42.81
Crithagra canicapilla,West African seedeater,120,4739,39.49
Crithagra capistrata,Black-faced canary,120,5186,43.22
Crithagra citrinelloides,African citril,120,12997,108.31
Crithagra citrinipectus,Lemon-breasted canary,120,10905,90.88
Crithagra concolor,São Tomé grosbeak,120,15652,130.43
Crithagra donaldsoni,Northern grosbeak-canary,120,5947,49.56
Crithagra dorsostriata,White-bellied canary,120,6984,58.20
Crithagra flavigula,Yellow-throated seedeater,120,5374,44.78
Crithagra flaviventris,Yellow canary,120,252057,2100.47
Crithagra frontalis,Western citril,120,5349,44.58
Crithagra gularis,Streaky-headed seedeater,120,12284,102.37
Crithagra hyposticta,Southern citril,120,5471,45.59
Crithagra koliensis,Papyrus canary,120,5502,45.85
Crithagra leucoptera,Protea canary,120,11265,93.88
Crithagra leucopygia,White-rumped seedeater,120,17931,149.43
Crithagra melanochroa,Kipengere seedeater,120,3866,32.22
Crithagra menachensis,Yemen serin,120,5572,46.43
Crithagra mennelli,Black-eared seedeater,120,6723,56.02
Crithagra mozambica,Yellow-fronted canary,120,72854,607.12
Crithagra reichardi,Reichard's seedeater,120,4439,36.99
Crithagra reichenowi,Reichenow's seedeater,120,5785,48.21
Crithagra rothschildi,Arabian serin,120,7238,60.32
Crithagra rufobrunnea,Príncipe seedeater,120,3356,27.97
Crithagra scotops,Forest canary,120,10150,84.58
Crithagra striatipectus,Stripe-breasted seedeater,70,1071,15.30
Crithagra striolata,Streaky seedeater,120,10737,89.47
Crithagra sulphurata,Brimstone canary,120,23034,191.95
Crithagra symonsi,Drakensberg siskin,120,9929,82.74
Crithagra totta,Cape siskin,120,12071,100.59
Crithagra tristriata,Brown-rumped seedeater,120,5342,44.52
Crithagra xantholaema,Salvadori's seedeater,120,3945,32.88
Crithagra xanthopygia,Yellow-rumped seedeater,120,5715,47.62
Drepanis coccinea,,0,,
Eophona migratoria,Chinese grosbeak,120,17883,149.03
Eophona personata,Japanese grosbeak,120,53951,449.59
Euphonia affinis,Scrub euphonia,120,9925,82.71
Euphonia anneae,Tawny-capped euphonia,120,5644,47.03
Euphonia cayennensis,Golden-sided euphonia,120,4069,33.91
Euphonia chalybea,Green-chinned euphonia,120,3779,31.49
Euphonia chlorotica,Purple-throated euphonia,120,12767,106.39
Euphonia chrysopasta,White-lored euphonia,120,4419,36.83
Euphonia concinna,Velvet-fronted euphonia,120,4173,34.77
Euphonia cyanocephala,Golden-rumped euphonia,120,8514,70.95
Euphonia elegantissima,Elegant euphonia,120,13381,111.51
Euphonia finschi,Finsch's euphonia,120,4209,35.08
Euphonia flavifrons,,0,,
Euphonia fulvicrissa,Fulvous-vented euphonia,120,4086,34.05
Euphonia gouldi,Olive-backed euphonia,120,8750,72.92
Euphonia hirundinacea,Yellow-throated euphonia,120,18483,154.03
Euphonia imitans,Spot-crowned euphonia,120,5198,43.32
Euphonia jamaica,Jamaican euphonia,120,6914,57.62
Euphonia laniirostris,Thick-billed euphonia,120,17693,147.44
Euphonia luteicapilla,Yellow-crowned euphonia,120,9714,80.95
Euphonia mesochrysa,Bronze-green euphonia,120,4103,34.19
Euphonia minuta,White-vented euphonia,120,6543,54.52
Euphonia musica,Hispaniolan euphonia,30,2296,76.53
Euphonia pectoralis,Chestnut-bellied euphonia,120,6344,52.87
Euphonia plumbea,Plumbeous euphonia,120,4629,38.58
Euphonia rufiventris,Rufous-bellied euphonia,120,4975,41.46
Euphonia saturata,Orange-crowned euphonia,120,4459,37.16
Euphonia sclateri,,0,,
Euphonia trinitatis,Trinidad euphonia,120,9461,78.84
Euphonia violacea,Violaceous euphonia,120,26175,218.12
Euphonia xanthogaster,Orange-bellied euphonia,120,11032,91.93
Fringilla coelebs,Eurasian chaffinch,30,205170,6839.00
Fringilla montifringilla,,0,,
Fringilla polatzeki,Gran Canaria blue chaffinch,118,37648,319.05
Fringilla teydea,Tenerife blue chaffinch,118,44756,379.29
Haemorhous cassinii,Cassin's finch,120,121934,1016.12
Haemorhous mexicanus,House finch,120,1606221,13385.17
Haemorhous purpureus,Purple finch,120,534981,4458.18
Hemignathus affinis,Maui nukupuʻu,120,24477,203.97
Hemignathus hanapepe,Kauaʻi nukupuʻu,120,28741,239.51
Hemignathus wilsoni,,0,,
Hesperiphona abeillei,Hooded grosbeak,120,21783,181.53
Hesperiphona vespertina,Evening grosbeak,120,280487,2337.39
Himatione sanguinea,,0,,
Leucosticte arctoa,Asian rosy finch,120,10496,87.47
Leucosticte atrata,Black rosy finch,120,30031,250.26
Leucosticte australis,Brown-capped rosy finch,120,20195,168.29
Leucosticte brandti,Brandt's mountain finch,120,7280,60.67
Leucosticte nemoricola,Plain mountain finch,120,9801,81.67
Leucosticte tephrocotis,Gray-crowned rosy finch,120,42565,354.71
Linaria cannabina,Common linnet,120,487890,4065.75
Linaria flavirostris,,0,,
Linaria johannis,Warsangli linnet,120,12926,107.72
Linaria yemenensis,Yemen linnet,120,8147,67.89
Linurgus olivaceus,Oriole finch,120,15597,129.97
Loxia curvirostra,Red crossbill,120,302285,2519.04
Loxia leucoptera,Two-barred crossbill,120,61663,513.86
Loxia megaplaga,Hispaniolan crossbill,120,16966,141.38
Loxia pytyopsittacus,Parrot crossbill,120,51225,426.88
Loxia scotica,Scottish crossbill,120,79115,659.29
Loxioides bailleui,,0,,
Loxops caeruleirostris,,0,,
Loxops coccineus,Hawaiʻi ʻākepa,5,824,164.80
Loxops ochraceus,Maui ʻākepa,5,873,174.60
Magumma parva,,0,,
Manucerthia mana,Hawaiʻi creeper,120,24696,205.80
Mycerobas affinis,Collared grosbeak,120,16455,137.12
Mycerobas carnipes,White-winged grosbeak,120,13481,112.34
Mycerobas icterioides,Black-and-yellow grosbeak,120,13602,113.35
Mycerobas melanozanthos,Spot-winged grosbeak,120,12456,103.80
Oreomystis bairdi,,0,,
Palmeria dolei,,0,,
Paroreomyza maculata,Oʻahu ʻalauahio,120,27909,232.57
Paroreomyza montana,Maui ʻalauahio,120,9508,79.23
Pinicola enucleator,Pine grosbeak,120,294414,2453.45
Procarduelis nipalensis,Dark-breasted rosefinch,120,13698,114.15
Pseudonestor xanthophrys,Maui parrotbill,120,49991,416.59
Psittirostra psittacea,,0,,
Pyrrhoplectes epauletta,Golden-naped finch,120,12752,106.27
Pyrrhula aurantiaca,Orange bullfinch,120,22135,184.46
Pyrrhula erythaca,Grey-headed bullfinch,120,13747,114.56
Pyrrhula erythrocephala,Red-headed bullfinch,120,21101,175.84
Pyrrhula leucogenis,White-cheeked bullfinch,120,12940,107.83
Pyrrhula murina,Azores bullfinch,120,61125,509.38
Pyrrhula nipalensis,Brown bullfinch,120,22000,183.33
Pyrrhula pyrrhula,Eurasian bullfinch,120,727920,6066.00
Pyrrhula waterstradti,,0,,
Rhodopechys alienus,Crimson-winged finch,120,3085,25.71
Rhodopechys sanguineus,Crimson-winged finch,120,3085,25.71
Rhodospiza obsoleta,Desert finch,120,24097,200.81
Rhynchostruthus louisae,Somali golden-winged grosbeak,120,5371,44.76
Rhynchostruthus percivali,Arabian golden-winged grosbeak,120,8017,66.81
Rhynchostruthus socotranus,Socotra golden-winged grosbeak,120,23659,197.16
Serinus alario,Black-headed canary,120,16890,140.75
Serinus canaria,Atlantic canary,120,635125,5292.71
Serinus canicollis,Cape canary,120,22851,190.43
Serinus flavivertex,Yellow-crowned canary,120,12206,101.72
Serinus nigriceps,Ethiopian siskin,120,10716,89.30
Serinus pusillus,Red-fronted serin,120,38076,317.30
Serinus serinus,European serin,120,256205,2135.04
Serinus syriacus,Syrian serin,120,22053,183.78
Spinus atratus,Black siskin,120,15179,126.49
Spinus atriceps,Black-capped siskin,120,9374,78.12
Spinus barbatus,Black-chinned siskin,120,16229,135.24
Spinus crassirostris,Thick-billed siskin,120,6444,53.70
Spinus cucullatus,Red siskin,120,69072,575.60
Spinus dominicensis,Antillean siskin,120,11772,98.10
Spinus lawrencei,Lawrence's goldfinch,120,56566,471.38
Spinus magellanicus,Hooded siskin,120,27357,227.97
Spinus notatus,Black-headed siskin,120,10803,90.03
Spinus olivaceus,Olivaceous siskin,120,6013,50.11
Spinus pinus,Pine siskin,120,460542,3837.85
Spinus psaltria,Lesser goldfinch,120,246992,2058.27
Spinus siemiradzkii,Saffron siskin,120,7836,65.30
Spinus spinescens,Andean siskin,120,16318,135.98
Spinus spinus,Eurasian siskin,120,426603,3555.03
Spinus thibetanus,Tibetan serin,120,9468,78.90
Spinus tristis,American goldfinch,120,1684775,14039.79
Spinus uropygialis,Yellow-rumped siskin,120,7545,62.88
Spinus xanthogastrus,Yellow-bellied siskin,120,43405,361.71
Spinus yarrellii,Yellow-faced siskin,120,12095,100.79
Telespiza cantans,Laysan finch,120,51619,430.16
Telespiza ultima,Nīhoa finch,6,1343,223.83
Acrobatornis fonsecai,Pink-legged graveteiro,120,3772,31.43
Anabacerthia amaurotis,White-browed foliage-gleaner,120,2736,22.80
Anabacerthia lichtensteini,Ochre-breasted foliage-gleaner,120,3751,31.26
Anabacerthia ruficaudata,Rufous-tailed foliage-gleaner,120,2959,24.66
Anabacerthia striaticollis,Montane foliage-gleaner,120,4298,35.82
Anabacerthia variegaticeps,Scaly-throated foliage-gleaner,120,5356,44.63
Anabazenops dorsalis,Bamboo foliage-gleaner,120,2852,23.77
Anabazenops fuscus,White-collared foliage-gleaner,120,3311,27.59
Ancistrops strigilatus,Chestnut-winged hookbill,120,3216,26.80
Anumbius annumbi,,0,,
Aphrastura masafucrae,,0,,
Aphrastura spinicauda,Thorn-tailed rayadito,120,13715,114.29
Asthenes anthoides,Austral canastero,120,4406,36.72
Asthenes arequipae,Dark-winged canastero,120,2271,18.93
Asthenes ayacuchensis,Ayacucho thistletail,113,2393,21.18
Asthenes baeri,Short-billed canastero,120,2694,22.45
Asthenes berlepschi,Berlepsch's canastero,120,2695,22.46
Asthenes coryi,Ochre-browed thistletail,120,2024,16.87
Asthenes dorbignyi,Rusty-vented canastero,120,2688,22.40
Asthenes flammulata,Many-striped canastero,120,3606,30.05
Asthenes fuliginosa,White-chinned thistletail,120,4115,34.29
Asthenes griseomurina,Mouse-colored thistletail,120,2143,17.86
Asthenes harterti,Black-throated thistletail,120,2181,18.18
Asthenes helleri,Puna thistletail,120,2381,19.84
Asthenes heterura,Maquis canastero,120,2601,21.68
Asthenes huancavelicae,Pale-tailed canastero,120,2049,17.07
Asthenes hudsoni,Hudson's canastero,120,3681,30.68
Asthenes humilis,Streak-throated canastero,120,1809,15.07
Asthenes luizae,Cipo canastero,120,2514,20.95
Asthenes maculicauda,Scribble-tailed canastero,120,2107,17.56
Asthenes modesta,Cordilleran canastero,120,3693,30.77
Asthenes moreirae,Itatiaia spinetail,120,2916,24.30
Asthenes ottonis,Rusty-fronted canastero,120,2525,21.04
Asthenes palpebralis,Eye-ringed thistletail,120,2441,20.34
Asthenes perijana,Perijá thistletail,120,2480,20.67
Asthenes pudibunda,Canyon canastero,120,2689,22.41
Asthenes pyrrholeuca,Sharp-billed canastero,120,3335,27.79
Asthenes urubambensis,Line-fronted canastero,120,2068,17.23
Asthenes usheri,Pale-tailed canastero,120,2049,17.07
Asthenes vilcabambae,Vilcabamba thistletail,120,2827,23.56
Asthenes virgata,Junín canastero,120,1869,15.57
Asthenes wyatti,Streak-backed canastero,120,3271,27.26
Automolus infuscatus,Olive-backed foliage-gleaner,120,2552,21.27
Automolus lammi,Pernambuco foliage-gleaner,120,3218,26.82
Automolus leucophthalmus,White-eyed foliage-gleaner,120,3802,31.68
Automolus melanopezus,Brown-rumped foliage-gleaner,120,2382,19.85
Automolus ochrolaemus,Ochre-throated foliage-gleaner,30,1403,46.77
Automolus paraensis,Para foliage-gleaner,120,2293,19.11
Automolus rufipileatus,Chestnut-crowned foliage-gleaner,120,2961,24.68
Automolus subulatus,Eastern woodhaunter,84,2488,29.62
Automolus virgatus,Western woodhaunter,84,2025,24.11
Berlepschia rikeri,Point-tailed palmcreeper,120,3539,29.49
Campylorhamphus falcularius,Black-billed scythebill,120,4998,41.65
Campylorhamphus multostriatus,Xingu scythebill,30,1022,34.07
Campylorhamphus probatus,Tapajos scythebill,62,595,9.60
Campylorhamphus procurvoides,Curve-billed scythebill,120,4450,37.08
Campylorhamphus pusillus,Brown-billed scythebill,120,4425,36.88
Campylorhamphus trochilirostris,Red-billed scythebill,120,8533,71.11
Certhiasomus stictolaemus,Spot-throated woodcreeper,120,3302,27.52
Certhiaxis cinnamomeus,Yellow-chinned spinetail,120,5321,44.34
Certhiaxis mustelinus,Red-and-white spinetail,120,2689,22.41
Cichlocolaptes holti,,0,,
Cichlocolaptes leucophrus,Pale-browed treehunter,120,3575,29.79
Cinclodes albidiventris,Chestnut-winged cinclodes,120,4902,40.85
Cinclodes albiventris,Cream-winged cinclodes,120,4938,41.15
Cinclodes antarcticus,Blackish cinclodes,120,10205,85.04
Cinclodes aricomae,Royal cinclodes,120,8541,71.17
Cinclodes atacamensis,White-winged cinclodes,120,3553,29.61
Cinclodes comechingonus,Córdoba cinclodes,109,1883,17.28
Cinclodes excelsior,Stout-billed cinclodes,120,4491,37.42
Cinclodes fuscus,Buff-winged cinclodes,120,7202,60.02
Cinclodes maculirostris,,0,,
Cinclodes nigrofumosus,Chilean seaside cinclodes,120,7070,58.92
Cinclodes olrogi,Olrog's cinclodes,120,2808,23.40
Cinclodes oustaleti,Grey-flanked cinclodes,120,3741,31.18
Cinclodes pabsti,Long-tailed cinclodes,120,3843,32.02
Cinclodes palliatus,White-bellied cinclodes,120,11427,95.22
Cinclodes patagonicus,Dark-bellied cinclodes,120,5691,47.42
Cinclodes taczanowskii,Peruvian seaside cinclodes,120,3453,28.77
Clibanornis dendrocolaptoides,Canebrake groundcreeper,120,3139,26.16
Clibanornis erythrocephalus,Henna-hooded foliage-gleaner,120,2622,21.85
Clibanornis rectirostris,Henna-capped foliage-gleaner,120,2875,23.96
Clibanornis rubiginosus,Ruddy foliage-gleaner,120,4960,41.33
Clibanornis rufipectus,Santa Marta foliage-gleaner,120,3277,27.31
Coryphistera alaudina,Lark-like brushrunner,120,3410,28.42
Cranioleuca albicapilla,Creamy-crested spinetail,120,2318,19.32
Cranioleuca albiceps,Light-crowned spinetail,120,2292,19.10
Cranioleuca antisiensis,Line-cheeked spinetail,120,2960,24.67
Cranioleuca baroni,Line-cheeked spinetail,120,2960,24.67
Cranioleuca berlepschi,Russet-mantled softtail,120,2973,24.77
Cranioleuca curtata,Ash-browed spinetail,120,2803,23.36
Cranioleuca demissa,Tepui spinetail,120,2259,18.82
Cranioleuca dissita,Coiba spinetail,120,4967,41.39
Cranioleuca erythrops,Red-faced spinetail,120,5774,48.12
Cranioleuca hellmayri,Streak-capped spinetail,120,2432,20.27
Cranioleuca henricae,Bolivian spinetail,120,2900,24.17
Cranioleuca marcapatae,Marcapata spinetail,120,2158,17.98
Cranioleuca muelleri,Scaled spinetail,120,2088,17.40
Cranioleuca obsoleta,Olive spinetail,120,2180,18.17
Cranioleuca pallida,Pallid spinetail,120,2323,19.36
Cranioleuca pyrrhophia,Stripe-crowned spinetail,120,3038,25.32
Cranioleuca semicinerea,Grey-headed spinetail,120,2022,16.85
Cranioleuca subcristata,Crested spinetail,120,2699,22.49
Cranioleuca sulphurifera,Sulphur-bearded reedhaunter,76,1495,19.67
Cranioleuca vulpecula,Parker's spinetail,120,3382,28.18
Cranioleuca vulpina,Rusty-backed spinetail,120,2948,24.57
Cranioleuca weskei,Vilcabamba spinetail,32,751,23.47
Deconychura longicauda,Whistling long-tailed woodcreeper,1,4,4.00
Deconychura pallida,Mournful long-tailed woodcreeper,1,4,4.00
Deconychura typica,Piping long-tailed woodcreeper,1,4,4.00
Dendrexetastes rufigula,Cinnamon-throated woodcreeper,120,3387,28.23
Dendrocincla anabatina,Tawny-winged woodcreeper,120,4612,38.43
Dendrocincla fuliginosa,Plain-brown woodcreeper,120,7026,58.55
Dendrocincla homochroa,Ruddy woodcreeper,120,6237,51.98
Dendrocincla merula,White-chinned woodcreeper,120,2912,24.27
Dendrocincla turdina,Plain-winged woodcreeper,120,5440,45.33
Dendrocincla tyrannina,Tyrannine woodcreeper,120,3123,26.02
Dendrocolaptes certhia,Amazonian barred woodcreeper,120,5979,49.83
Dendrocolaptes hoffmannsi,Hoffmanns's woodcreeper,120,2779,23.16
Dendrocolaptes picumnus,Black-banded woodcreeper,120,5545,46.21
Dendrocolaptes platyrostris,Planalto woodcreeper,120,3426,28.55
Dendrocolaptes punctipectus,,0,,
Dendrocolaptes sanctithomae,Northern barred woodcreeper,120,5846,48.72
Dendroplex kienerii,Zimmer's woodcreeper,120,3199,26.66
Dendroplex picus,Straight-billed woodcreeper,120,6012,50.10
Drymornis bridgesii,Scimitar-billed woodcreeper,120,4623,38.52
Drymotoxeres pucheranii,Greater scythebill,120,3138,26.15
Furnarius cinnamomeus,Pacific hornero,120,2804,23.37
Furnarius cristatus,Crested hornero,120,5902,49.18
Furnarius figulus,Band-tailed hornero,120,5253,43.77
Furnarius leucopus,Pale-legged hornero,120,8473,70.61
Furnarius longirostris,Caribbean hornero,119,1886,15.85
Furnarius minor,Lesser hornero,120,3843,32.02
Furnarius rufus,Rufous hornero,120,227170,1893.08
Furnarius torridus,Bay hornero,120,4575,38.12
Geocerthia serrana,Striated earthcreeper,120,1975,16.46
Geositta antarctica,Short-billed miner,120,3445,28.71
Geositta crassirostris,Thick-billed miner,120,3043,25.36
Geositta cunicularia,Common miner,120,16820,140.17
Geositta isabellina,Creamy-rumped miner,120,2992,24.93
Geositta maritima,Greyish miner,120,2275,18.96
Geositta peruviana,Coastal miner,120,3716,30.97
Geositta poeciloptera,Campo miner,120,3340,27.83
Geositta punensis,Puna miner,120,3242,27.02
Geositta rufipennis,Rufous-banded miner,120,3509,29.24
Geositta saxicolina,Dark-winged miner,120,2923,24.36
Geositta tenuirostris,Slender-billed miner,120,3146,26.22
Glyphorynchus spirurus,Wedge-billed woodcreeper,120,7296,60.80
Heliobletus contaminatus,Sharp-billed treehunter,120,2301,19.18
Hellmayrea gularis,White-browed spinetail,120,2083,17.36
Hylexetastes perrotii,Red-billed woodcreeper,120,3524,29.37
Hylexetastes stresemanni,Bar-bellied woodcreeper,120,3175,26.46
Lepidocolaptes affinis,Spot-crowned woodcreeper,120,4985,41.54
Lepidocolaptes albolineatus,Guianan woodcreeper,120,2833,23.61
Lepidocolaptes angustirostris,Narrow-billed woodcreeper,120,5099,42.49
Lepidocolaptes duidae,Duida woodcreeper,120,3175,26.46
Lepidocolaptes falcinellus,Scalloped woodcreeper,120,2952,24.60
Lepidocolaptes fatimalimae,Inambari woodcreeper,120,3099,25.82
Lepidocolaptes fuscicapillus,Dusky-capped woodcreeper,102,1331,13.05
Lepidocolaptes lacrymiger,Montane woodcreeper,120,3505,29.21
Lepidocolaptes leucogaster,White-striped woodcreeper,120,3196,26.63
Lepidocolaptes neglectus,,0,,
Lepidocolaptes souleyetii,Streak-headed woodcreeper,120,6397,53.31
Lepidocolaptes squamatus,Scaled woodcreeper,120,2828,23.57
Leptasthenura aegithaloides,Plain-mantled tit-spinetail,120,4079,33.99
Leptasthenura andicola,Andean tit-spinetail,120,3776,31.47
Leptasthenura berlepschi,,0,,
Leptasthenura fuliginiceps,Brown-capped tit-spinetail,120,2281,19.01
Leptasthenura pallida,,0,,
Leptasthenura pileata,Rusty-crowned tit-spinetail,120,2044,17.03
Leptasthenura platensis,Tufted tit-spinetail,120,2912,24.27
Leptasthenura setaria,Araucaria tit-spinetail,120,3309,27.57
Leptasthenura striata,Streak-backed tit-spinetail,120,1902,15.85
Leptasthenura striolata,Striolated tit-spinetail,120,2213,18.44
Leptasthenura xenothorax,White-browed tit-spinetail,120,5385,44.88
Limnoctites rectirostris,Straight-billed reedhaunter,120,3001,25.01
Limnornis curvirostris,Curve-billed reedhaunter,120,5684,47.37
Lochmias nematura,Sharp-tailed streamcreeper,120,4656,38.80
Margarornis bellulus,Beautiful treerunner,120,3640,30.33
Margarornis rubiginosus,Ruddy treerunner,120,4237,35.31
Margarornis squamiger,Pearled treerunner,120,4924,41.03
Margarornis stellatus,Star-chested treerunner,120,2168,18.07
Mazaria propinqua,White-bellied spinetail,120,2485,20.71
Megaxenops parnaguae,Great xenops,120,4789,39.91
Metopothrix aurantiaca,Orange-fronted plushcrown,120,2597,21.64
Microxenops milleri,Rufous-tailed xenops,120,2779,23.16
Nasica longirostris,Long-billed woodcreeper,120,6720,56.00
Ochetorhynchus andaecola,Rock earthcreeper,120,3405,28.38
Ochetorhynchus melanurus,Crag chilia,120,4858,40.48
Ochetorhynchus phoenicurus,Band-tailed earthcreeper,120,3486,29.05
Ochetorhynchus ruficaudus,Straight-billed earthcreeper,120,3262,27.18
Phacellodomus dorsalis,Chestnut-backed thornbird,120,2818,23.48
Phacellodomus erythrophthalmus,Orange-eyed thornbird,120,4249,35.41
Phacellodomus ferrugineigula,Orange-breasted thornbird,120,4638,38.65
Phacellodomus inornatus,Plain thornbird,83,1425,17.17
Phacellodomus maculipectus,Spot-breasted thornbird,120,2360,19.67
Phacellodomus ruber,Greater thornbird,120,43379,361.49
Phacellodomus rufifrons,Rufous-fronted thornbird,120,7380,61.50
Phacellodomus sibilatrix,Little thornbird,120,5743,47.86
Phacellodomus striaticeps,Streak-fronted thornbird,120,2539,21.16
Phacellodomus striaticollis,Freckle-breasted thornbird,120,6193,51.61
Philydor atricapillus,Black-capped foliage-gleaner,120,4492,37.43
Philydor erythrocercum,Rufous-rumped foliage-gleaner,120,2870,23.92
Philydor erythropterum,Chestnut-winged foliage-gleaner,120,3524,29.37
Philydor fuscipenne,Slaty-winged foliage-gleaner,120,2667,22.23
Philydor pyrrhodes,Cinnamon-rumped foliage-gleaner,120,2932,24.43
Philydor rufum,Buff-fronted foliage-gleaner,120,6630,55.25
Phleocryptes melanops,Wren-like rushbird,120,7864,65.53
Premnoplex brunnescens,Spotted barbtail,120,4314,35.95
Premnoplex pariae,,0,,
Premnoplex tatei,White-throated barbtail,120,2671,22.26
Premnornis guttuliger,Rusty-winged barbtail,120,2466,20.55
Pseudasthenes cactorum,Cactus canastero,120,2785,23.21
Pseudasthenes humicola,Dusky-tailed canastero,120,2802,23.35
Pseudasthenes patagonica,Patagonian canastero,120,3575,29.79
Pseudasthenes steinbachi,Steinbach's canastero,120,2911,24.26
Pseudocolaptes boissonneauii,Streaked tuftedcheek,120,3762,31.35
Pseudocolaptes johnsoni,Pacific tuftedcheek,120,1389,11.57
Pseudocolaptes lawrencii,Buffy tuftedcheek,120,4368,36.40
Pseudoseisura cristata,Caatinga cacholote,120,6983,58.19
Pseudoseisura gutturalis,White-throated cacholote,120,2581,21.51
Pseudoseisura lophotes,Brown cacholote,120,3030,25.25
Pseudoseisura unirufa,Grey-crested cacholote,120,3120,26.00
Pygarrhichas albogularis,White-throated treerunner,120,5810,48.42
Roraimia adusta,Roraiman barbtail,120,3290,27.42
Schoeniophylax phryganophilus,Chotoy spinetail,120,3377,28.14
Sclerurus albigularis,Grey-throated leaftosser,120,3613,30.11
Sclerurus caudacutus,Black-tailed leaftosser,120,3693,30.77
Sclerurus cearensis,,0,,
Sclerurus guatemalensis,Scaly-throated leaftosser,120,5330,44.42
Sclerurus mexicanus,Tawny-throated leaftosser,120,8068,67.23
Sclerurus rufigularis,Short-billed leaftosser,120,3861,32.17
Sclerurus scansor,Rufous-breasted leaftosser,120,5913,49.27
Siptornis striaticollis,Spectacled prickletail,120,1804,15.03
Sittasomus griseicapillus,Olivaceous woodcreeper,120,9801,81.67
Sittasomus griseus,,0,,
Spartonoica maluroides,Bay-capped wren-spinetail,120,2384,19.87
Sylviorthorhynchus desmurii,Des Murs's wiretail,120,6936,57.80
Sylviorthorhynchus yanacensis,Tawny tit-spinetail,120,2543,21.19
Synallaxis albescens,Pale-breasted spinetail,120,6522,54.35
Synallaxis albigularis,Dark-breasted spinetail,120,2345,19.54
Synallaxis albilora,White-lored spinetail,120,2505,20.88
Synallaxis azarae,Azara's spinetail,120,5474,45.62
Synallaxis beverlyae,Río Orinoco spinetail,120,2277,18.98
Synallaxis brachyura,Slaty spinetail,120,3663,30.52
Synallaxis cabanisi,Cabanis's spinetail,120,2878,23.98
Synallaxis candei,White-whiskered spinetail,120,2761,23.01
Synallaxis castanea,Black-throated spinetail,120,2139,17.82
Synallaxis cherriei,Chestnut-throated spinetail,120,2726,22.72
Synallaxis chinchipensis,Chinchipe spinetail,120,972,8.10
Synallaxis cinerascens,Grey-bellied spinetail,120,3408,28.40
Synallaxis cinerea,Bahia spinetail,120,3430,28.58
Synallaxis cinnamomea,Stripe-breasted spinetail,120,2900,24.17
Synallaxis courseni,Apurímac spinetail,120,2614,21.78
Synallaxis erythrothorax,Rufous-breasted spinetail,120,3318,27.65
Synallaxis frontalis,Sooty-fronted spinetail,120,6918,57.65
Synallaxis fuscorufa,Rusty-headed spinetail,120,4356,36.30
Synallaxis gujanensis,Plain-crowned spinetail,120,2919,24.32
Synallaxis hellmayri,Red-shouldered spinetail,120,2531,21.09
Synallaxis hypochondriaca,Great spinetail,120,2055,17.12
Synallaxis hypospodia,Cinereous-breasted spinetail,120,2491,20.76
Synallaxis infuscata,Pinto's spinetail,120,3230,26.92
Synallaxis kollari,Hoary-throated spinetail,120,3791,31.59
Synallaxis macconnelli,McConnell's spinetail,120,2062,17.18
Synallaxis maranonica,Marañón spinetail,120,2711,22.59
Synallaxis moesta,Dusky spinetail,120,2172,18.10
Synallaxis ruficapilla,Rufous-capped spinetail,120,6207,51.73
Synallaxis rutilans,Ruddy spinetail,120,2552,21.27
Synallaxis scutata,Ochre-cheeked spinetail,120,3375,28.12
Synallaxis simoni,Araguaia spinetail,30,817,27.23
Synallaxis spixi,Spix's spinetail,120,3787,31.56
Synallaxis stictothorax,Necklaced spinetail,120,3576,29.80
Synallaxis subpudica,Silvery-throated spinetail,120,2698,22.48
Synallaxis tithys,Blackish-headed spinetail,120,3004,25.03
Synallaxis unirufa,Rufous spinetail,120,2865,23.88
Synallaxis zimmeri,Russet-bellied spinetail,120,3419,28.49
Syndactyla dimidiata,Planalto foliage-gleaner,120,2137,17.81
Syndactyla guttulata,Guttulate foliage-gleaner,120,2404,20.03
Syndactyla roraimae,Tepui foliage-gleaner,120,2239,18.66
Syndactyla ruficollis,Rufous-necked foliage-gleaner,120,2182,18.18
Syndactyla rufosuperciliata,Buff-browed foliage-gleaner,120,7631,63.59
Syndactyla striata,Bolivian recurvebill,120,3206,26.72
Syndactyla subalaris,Lineated foliage-gleaner,120,3959,32.99
Syndactyla ucayalae,Peruvian recurvebill,120,2709,22.57
Tarphonomus certhioides,Chaco earthcreeper,120,3100,25.83
Tarphonomus harterti,Bolivian earthcreeper,120,2855,23.79
Thripadectes flammulatus,Flammulated treehunter,120,2645,22.04
Thripadectes holostictus,Striped treehunter,120,2785,23.21
Thripadectes ignobilis,Uniform treehunter,120,2646,22.05
Thripadectes melanorhynchus,Black-billed treehunter,120,2427,20.23
Thripadectes rufobrunneus,Streak-breasted treehunter,120,3094,25.78
Thripadectes scrutator,Peruvian treehunter,120,2132,17.77
Thripadectes virgaticeps,Streak-capped treehunter,120,3124,26.03
Thripophaga amacurensis,Delta Amacuro softtail,120,3115,25.96
Thripophaga cherriei,Orinoco softtail,120,2643,22.02
Thripophaga fusciceps,Plain softtail,120,2594,21.62
Thripophaga gutturata,Speckled spinetail,120,3130,26.08
Thripophaga macroura,Striated softtail,120,2933,24.44
Upucerthia albigula,White-throated earthcreeper,120,3072,25.60
Upucerthia dumetaria,Scale-throated earthcreeper,120,4555,37.96
Upucerthia saturatior,Patagonian forest earthcreeper,120,3636,30.30
Upucerthia validirostris,Buff-breasted earthcreeper,120,3356,27.97
Xenerpestes minlosi,Double-banded greytail,120,2531,21.09
Xenerpestes singularis,Equatorial greytail,120,2310,19.25
Xenops genibarbis,Amazonian plain xenops,16,1777,111.06
Xenops minutus,Atlantic plain xenops,16,1267,79.19
Xenops rutilus,Streaked xenops,120,9789,81.58
Xenops tenuirostris,Slender-billed xenops,120,4205,35.04
Xiphocolaptes albicollis,White-throated woodcreeper,120,3100,25.83
Xiphocolaptes falcirostris,Moustached woodcreeper,120,4638,38.65
Xiphocolaptes major,Great rufous woodcreeper,120,4382,36.52
Xiphocolaptes promeropirhynchus,Strong-billed woodcreeper,120,7793,64.94
Xiphorhynchus aequatorialis,,0,,
Xiphorhynchus atlanticus,Ceara woodcreeper,79,1835,23.23
Xiphorhynchus beauperthuysii,Line-crowned woodcreeper,22,259,11.77
Xiphorhynchus chunchotambo,Tschudi's woodcreeper,120,2527,21.06
Xiphorhynchus elegans,Elegant woodcreeper,120,3261,27.18
Xiphorhynchus erythropygius,Spotted woodcreeper,120,4996,41.63
Xiphorhynchus flavigaster,Ivory-billed woodcreeper,120,18249,152.07
Xiphorhynchus fuscus,Lesser woodcreeper,120,5835,48.62
Xiphorhynchus guttatoides,Lafresnaye's woodcreeper,120,2698,22.48
Xiphorhynchus guttatus,Buff-throated woodcreeper,120,6046,50.38
Xiphorhynchus lachrymosus,Black-striped woodcreeper,120,4563,38.02
Xiphorhynchus obsoletus,Striped woodcreeper,120,3043,25.36
Xiphorhynchus ocellatus,Ocellated woodcreeper,120,3385,28.21
Xiphorhynchus pardalotus,Chestnut-rumped woodcreeper,120,2888,24.07
Xiphorhynchus spixii,Spix's woodcreeper,120,2794,23.28
Xiphorhynchus susurrans,Cocoa woodcreeper,120,13637,113.64
Xiphorhynchus triangularis,Olive-backed woodcreeper,120,2643,22.02
Grallaria albigula,White-throated antpitta,120,3020,25.17
Grallaria alleni,Moustached antpitta,120,4645,38.71
Grallaria alticola,Boyaca antpitta,30,727,24.23
Grallaria andicolus,Stripe-headed antpitta,120,2367,19.73
Grallaria atuensis,Atuen antpitta,30,789,26.30
Grallaria bangsi,Santa Marta antpitta,120,3750,31.25
Grallaria blakei,Chestnut antpitta,120,3164,26.37
Grallaria capitalis,Bay antpitta,120,2889,24.07
Grallaria carrikeri,Pale-billed antpitta,120,2896,24.13
Grallaria chthonia,Tachira antpitta,120,1016,8.47
Grallaria dignissima,Ochre-striped antpitta,120,3008,25.07
Grallaria eludens,Elusive antpitta,120,2984,24.87
Grallaria erythroleuca,Red-and-white antpitta,120,2624,21.87
Grallaria erythrotis,Rufous-faced antpitta,120,2398,19.98
Grallaria excelsa,Great antpitta,120,3486,29.05
Grallaria fenwickorum,Urrao antpitta,120,6827,56.89
Grallaria flavotincta,Yellow-breasted antpitta,120,4150,34.58
Grallaria gigantea,Giant antpitta,120,50645,422.04
Grallaria griseonucha,Grey-naped antpitta,120,2125,17.71
Grallaria guatimalensis,Scaled antpitta,120,8595,71.62
Grallaria haplonota,Plain-backed antpitta,120,3265,27.21
Grallaria hypoleuca,White-bellied antpitta,120,3167,26.39
Grallaria kaestneri,Cundinamarca antpitta,120,7088,59.07
Grallaria milleri,Brown-banded antpitta,120,4922,41.02
Grallaria nuchalis,Chestnut-naped antpitta,120,14968,124.73
Grallaria przewalskii,Rusty-tinged antpitta,120,3378,28.15
Grallaria quitensis,Tawny antpitta,120,4768,39.73
Grallaria ridgelyi,Jocotoco antpitta,120,13591,113.26
Grallaria ruficapilla,Chestnut-crowned antpitta,120,10835,90.29
Grallaria rufocinerea,Bicolored antpitta,120,4801,40.01
Grallaria rufula,Muisca antpitta,62,1596,25.74
Grallaria saltuensis,Perija antpitta,59,565,9.58
Grallaria squamigera,Undulated antpitta,120,6066,50.55
Grallaria varia,Variegated antpitta,120,6757,56.31
Grallaria watkinsi,Watkins's antpitta,120,2786,23.22
Grallaricula cucullata,Hooded antpitta,120,2936,24.47
Grallaricula cumanensis,Sucre antpitta,120,3031,25.26
Grallaricula ferrugineipectus,Rusty-breasted antpitta,120,2987,24.89
Grallaricula flavirostris,Ochre-breasted antpitta,120,5143,42.86
Grallaricula leymebambae,Rufous-breasted antpitta,84,2896,34.48
Grallaricula lineifrons,Crescent-faced antpitta,120,7532,62.77
Grallaricula loricata,Scallop-breasted antpitta,120,2598,21.65
Grallaricula nana,Slaty-crowned antpitta,120,6228,51.90
Grallaricula ochraceifrons,Ochre-fronted antpitta,120,3400,28.33
Grallaricula peruviana,Peruvian antpitta,120,2610,21.75
Hylopezus auricularis,Masked antpitta,120,2851,23.76
Hylopezus berlepschi,Amazonian antpitta,120,4029,33.58
Hylopezus dives,Thicket antpitta,120,4781,39.84
Hylopezus fulviventris,White-lored antpitta,120,2936,24.47
Hylopezus macularius,Spotted antpitta,120,3185,26.54
Hylopezus nattereri,Speckle-breasted antpitta,120,2866,23.88
Hylopezus ochroleucus,White-browed antpitta,120,2760,23.00
Hylopezus perspicillatus,Streak-chested antpitta,120,6297,52.48
Myrmothera campanisona,Thrush-like antpitta,120,4797,39.98
Myrmothera simplex,Tepui antpitta,120,3149,26.24
Alopochelidon fucata,Tawny-headed swallow,120,8156,67.97
Atronanus fuliginosus,Forest swallow,120,8274,68.95
Atticora fasciata,White-banded swallow,120,10779,89.83
Atticora pileata,Black-capped swallow,120,8456,70.47
Atticora tibialis,White-thighed swallow,120,6064,50.53
Cecropis abyssinica,Lesser striped swallow,120,38288,319.07
Cecropis cucullata,Greater striped swallow,120,28831,240.26
Cecropis daurica,Eastern red-rumped swallow,15,5217,347.80
Cecropis hyperythra,Sri Lanka swallow,120,11702,97.52
Cecropis semirufa,Red-breasted swallow,120,26447,220.39
Cecropis senegalensis,Mosque swallow,120,17664,147.20
Cheramoeca leucosterna,White-backed swallow,120,14405,120.04
Delichon dasypus,Asian house martin,120,31578,263.15
Delichon lagopodum,Siberian house martin,54,6081,112.61
Delichon nipalense,Nepal house martin,120,16848,140.40
Delichon urbicum,Western house martin,30,101929,3397.63
Eurochelidon sirintarae,White-eyed river martin,120,107519,895.99
Hirundo aethiopica,Ethiopian swallow,120,12353,102.94
Hirundo albigularis,White-throated swallow,120,26325,219.38
Hirundo angolensis,Angola swallow,120,4773,39.77
Hirundo atrocaerulea,Blue swallow,120,37349,311.24
Hirundo dimidiata,Pearl-breasted swallow,120,14517,120.97
Hirundo javanica,Pacific swallow,120,63513,529.27
Hirundo leucosoma,Pied-winged swallow,120,22437,186.97
Hirundo lucida,Red-chested swallow,120,15611,130.09
Hirundo megaensis,White-tailed swallow,120,12935,107.79
Hirundo neoxena,Welcome swallow,120,235397,1961.64
Hirundo nigrita,White-bibbed swallow,120,6787,56.56
Hirundo nigrorufa,Black-and-rufous swallow,120,9003,75.03
Hirundo rustica,Barn swallow,120,1969248,16410.40
Hirundo smithii,Wire-tailed swallow,120,73765,614.71
Hirundo tahitica,Tahiti swallow,15,1161,77.40
Neophedina cincta,Banded martin,120,15579,129.82
Orochelidon andecola,Andean swallow,120,7151,59.59
Orochelidon flavipes,Pale-footed swallow,120,5674,47.28
Orochelidon murina,Brown-bellied swallow,120,8242,68.68
Petrochelidon ariel,Fairy martin,120,36106,300.88
Petrochelidon fluvicola,Streak-throated swallow,120,23138,192.82
Petrochelidon fulva,Cave swallow,120,86740,722.83
Petrochelidon nigricans,Tree martin,120,26587,221.56
Petrochelidon perdita,Red Sea cliff swallow,120,16594,138.28
Petrochelidon preussi,Preuss's cliff swallow,120,6808,56.73
Petrochelidon pyrrhonota,Cliff swallow,120,108934,907.78
Petrochelidon rufigula,Red-throated cliff swallow,120,8061,67.17
Petrochelidon rufocollaris,Chestnut-collared swallow,120,6050,50.42
Petrochelidon spilodera,South African cliff swallow,120,35627,296.89
Phedina borbonica,Mascarene martin,120,29245,243.71
Phedinopsis brazzae,Brazza's martin,120,56633,471.94
Progne chalybea,Grey-breasted martin,120,19456,162.13
Progne cryptoleuca,Cuban martin,120,12762,106.35
Progne dominicensis,Caribbean martin,120,24123,201.03
Progne elegans,Southern martin,120,12619,105.16
Progne modesta,Galápagos martin,120,6337,52.81
Progne murphyi,Peruvian martin,120,5047,42.06
Progne sinaloae,Sinaloa martin,120,7329,61.08
Progne subis,Purple martin,120,1133285,9444.04
Progne tapera,Brown-chested martin,120,21383,178.19
Psalidoprocne albiceps,White-headed saw-wing,120,6520,54.33
Psalidoprocne fuliginosa,Mountain saw-wing,120,6669,55.58
Psalidoprocne nitens,Square-tailed saw-wing,120,6848,57.07
Psalidoprocne obscura,Fanti saw-wing,120,7718,64.32
Psalidoprocne pristoptera,Black saw-wing,120,21899,182.49
Pseudhirundo griseopyga,Grey-rumped swallow,120,11439,95.33
Pseudochelidon eurystomina,African river martin,120,66558,554.65
Ptyonoprogne concolor,Dusky crag martin,120,29430,245.25
Ptyonoprogne fuligula,Large rock martin,10,2732,273.20
Ptyonoprogne obsoleta,Pale crag martin,120,65721,547.67
Ptyonoprogne rufigula,Red-throated rock martin,16,1035,64.69
Ptyonoprogne rupestris,Eurasian crag martin,120,202718,1689.32
Pygochelidon cyanoleuca,Blue-and-white swallow,120,36250,302.08
Pygochelidon melanoleuca,Black-collared swallow,120,8402,70.02
Riparia chinensis,Grey-throated martin,120,15632,130.27
Riparia congica,Congo martin,120,6029,50.24
Riparia cowani,Madagascar martin,24,1009,42.04
Riparia diluta,Pale martin,120,11984,99.87
Riparia paludicola,Brown-throated martin,120,22570,188.08
Riparia riparia,Sand martin,120,269230,2243.58
Stelgidopteryx ridgwayi,Ridgway's rough-winged swallow,120,1927,16.06
Stelgidopteryx ruficollis,Southern rough-winged swallow,120,20330,169.42
Stelgidopteryx serripennis,Northern rough-winged swallow,120,142601,1188.34
Tachycineta albilinea,Mangrove swallow,120,66373,553.11
Tachycineta albiventer,White-winged swallow,120,15188,126.57
Tachycineta bicolor,Tree swallow,120,520371,4336.43
Tachycineta cyaneoviridis,Bahama swallow,120,21356,177.97
Tachycineta euchrysea,Golden swallow,119,127747,1073.50
Tachycineta leucorrhoa,White-rumped swallow,120,61997,516.64
Tachycineta meyeni,Chilean swallow,120,14302,119.18
Tachycineta stolzmanni,Tumbes swallow,120,5777,48.14
Tachycineta thalassina,Violet-green swallow,120,167034,1391.95
Hyliota australis,Southern hyliota,120,6434,53.62
Hyliota flavigaster,Yellow-bellied hyliota,120,7745,64.54
Hyliota usambara,Usambara hyliota,120,3990,33.25
Hyliota violacea,Violet-backed hyliota,120,4215,35.12
Hylocitrea bonensis,,0,,
Hylocitrea bonthaina,,0,,
Hypocolius ampelinus,Grey hypocolius,120,22175,184.79
Agelaioides badius,Grayish baywing,120,10922,91.02
Agelaioides fringillarius,Pale baywing,120,3854,32.12
Agelaius assimilis,Red-shouldered blackbird,120,24246,202.05
Agelaius humeralis,Tawny-shouldered blackbird,120,16546,137.88
Agelaius phoeniceus,Red-winged blackbird,120,2153346,17944.55
Agelaius tricolor,Tricolored blackbird,120,82808,690.07
Agelaius xanthomus,Yellow-shouldered blackbird,120,68135,567.79
Agelasticus cyanopus,Unicolored blackbird,120,11558,96.32
Agelasticus thilius,Yellow-winged blackbird,120,87734,731.12
Agelasticus xanthophthalmus,Pale-eyed blackbird,120,14174,118.12
Amblycercus holosericeus,Yellow-billed cacique,120,9473,78.94
Amblyramphus holosericeus,Scarlet-headed blackbird,120,39440,328.67
Anumara forbesi,Forbes's blackbird,120,8575,71.46
Cacicus cela,Yellow-rumped cacique,120,39885,332.38
Cacicus chrysonotus,Mountain cacique,120,5488,45.73
Cacicus chrysopterus,Golden-winged cacique,120,7100,59.17
Cacicus flavicrissus,,0,,
Cacicus haemorrhous,Red-rumped cacique,120,13455,112.12
Cacicus koepckeae,Selva cacique,120,6543,54.52
Cacicus latirostris,Band-tailed cacique,95,1119,11.78
Cacicus leucoramphus,Mountain cacique,120,5488,45.73
Cacicus microrhynchus,Scarlet-rumped cacique,120,9960,83.00
Cacicus oseryi,Casqued cacique,95,1154,12.15
Cacicus pacificus,Scarlet-rumped cacique,120,9960,83.00
Cacicus sclateri,Ecuadorian cacique,120,7616,63.47
Cacicus solitarius,Solitary cacique,120,8082,67.35
Cacicus uropygialis,Scarlet-rumped cacique,120,9960,83.00
Cassiculus melanicterus,Mexican cacique,120,11338,94.48
Chrysomus icterocephalus,Yellow-hooded blackbird,120,19841,165.34
Chrysomus ruficapillus,Chestnut-capped blackbird,120,10759,89.66
Curaeus curaeus,Austral blackbird,120,16217,135.14
Dives dives,Melodious blackbird,120,33129,276.07
Dives warczewiczi,Scrub blackbird,120,12710,105.92
Dolichonyx oryzivorus,,0,,
Euphagus carolinus,Rusty blackbird,120,130053,1083.78
Euphagus cyanocephalus,Brewer's blackbird,120,241942,2016.18
Gnorimopsar chopi,Chopi blackbird,120,19031,158.59
Gymnomystax mexicanus,Oriole blackbird,120,36855,307.12
Hypopyrrhus pyrohypogaster,Red-bellied grackle,120,22183,184.86
Icteria virens,Yellow-breasted chat,120,333402,2778.35
Icterus abeillei,Black-backed oriole,120,20878,173.98
Icterus auratus,Orange oriole,120,29112,242.60
Icterus auricapillus,Orange-crowned oriole,120,7313,60.94
Icterus bonana,Martinique oriole,120,8709,72.58
Icterus bullockiorum,Bullock's oriole,120,236898,1974.15
Icterus cayanensis,Epaulet oriole,120,13241,110.34
Icterus chrysater,Yellow-backed oriole,120,33977,283.14
Icterus chrysocephalus,Moriche oriole,120,9473,78.94
Icterus croconotus,Orange-backed troupial,120,26845,223.71
Icterus cucullatus,Hooded oriole,120,199741,1664.51
Icterus dominicensis,Hispaniolan oriole,120,9602,80.02
Icterus fuertesi,Orchard oriole,120,208031,1733.59
Icterus galbula,Baltimore oriole,120,1293329,10777.74
Icterus graceannae,White-edged oriole,120,6756,56.30
Icterus graduacauda,Audubon's oriole,120,36025,300.21
Icterus gularis,Altamira oriole,120,45728,381.07
Icterus icterus,Venezuelan troupial,120,166706,1389.22
Icterus jamacaii,Campo troupial,120,73547,612.89
Icterus laudabilis,Saint Lucia oriole,120,8704,72.53
Icterus leucopteryx,Jamaican oriole,120,21086,175.72
Icterus maculialatus,Bar-winged oriole,120,6625,55.21
Icterus melanopsis,Cuban oriole,120,9961,83.01
Icterus mesomelas,Yellow-tailed oriole,120,14573,121.44
Icterus nigrogularis,Yellow oriole,120,68505,570.88
Icterus northropi,Bahama oriole,120,20494,170.78
Icterus oberi,Montserrat oriole,120,29031,241.93
Icterus parisorum,Scott's oriole,120,60166,501.38
Icterus pectoralis,Spot-breasted oriole,120,27260,227.17
Icterus portoricensis,Puerto Rican oriole,120,18575,154.79
Icterus prosthemelas,Black-cowled oriole,120,19342,161.18
Icterus pustulatus,Streak-backed oriole,120,25008,208.40
Icterus pyrrhopterus,Variable oriole,120,13720,114.33
Icterus spurius,Orchard oriole,120,208031,1733.59
Icterus wagleri,Black-vented oriole,120,14146,117.88
Lampropsar tanagrinus,Velvet-fronted grackle,120,17147,142.89
Leistes bellicosus,Peruvian meadowlark,120,9885,82.38
Leistes defilippii,Pampas meadowlark,120,16391,136.59
Leistes loyca,Long-tailed meadowlark,120,33778,281.48
Leistes militaris,Red-breasted meadowlark,112,109641,978.94
Leistes superciliaris,White-browed meadowlark,112,18456,164.79
Macroagelaius imthurni,Golden-tufted mountain grackle,120,4617,38.48
Macroagelaius subalaris,Colombian mountain grackle,120,12796,106.63
Molothrus aeneus,Bronzed cowbird,120,59972,499.77
Molothrus armenti,Bronze-brown cowbird,61,4797,78.64
Molothrus ater,Brown-headed cowbird,120,1147362,9561.35
Molothrus bonariensis,Shiny cowbird,120,158071,1317.26
Molothrus oryzivorus,Giant cowbird,120,44628,371.90
Molothrus rufoaxillaris,Screaming cowbird,120,61518,512.65
Nesopsar nigerrimus,Jamaican blackbird,120,22417,186.81
Oreopsar bolivianus,Bolivian blackbird,120,5900,49.17
Psarocolius angustifrons,Russet-backed oropendola,120,18333,152.78
Psarocolius atrovirens,Dusky-green oropendola,120,7679,63.99
Psarocolius bifasciatus,Olive oropendola,120,10967,91.39
Psarocolius cassini,Baudó oropendola,120,3567,29.73
Psarocolius decumanus,Crested oropendola,120,54149,451.24
Psarocolius guatimozinus,Black oropendola,120,10391,86.59
Psarocolius montezuma,Montezuma oropendola,120,151102,1259.18
Psarocolius oleagineus,,0,,
Psarocolius viridis,Green oropendola,120,16289,135.74
Psarocolius wagleri,Chestnut-headed oropendola,120,29233,243.61
Psarocolius yuracares,Olive oropendola,120,10967,91.39
Pseudoleistes guirahuro,Yellow-rumped marshbird,120,6995,58.29
Pseudoleistes virescens,Brown-and-yellow marshbird,120,7240,60.33
Ptiloxena atroviolacea,Cuban blackbird,120,16565,138.04
Quiscalus lugubris,Carib grackle,120,86165,718.04
Quiscalus major,Boat-tailed grackle,120,271292,2260.77
Quiscalus mexicanus,Great-tailed grackle,120,729072,6075.60
Quiscalus nicaraguensis,Nicaraguan grackle,120,33537,279.48
Quiscalus niger,Greater Antillean grackle,120,132031,1100.26
Quiscalus quiscula,Common grackle,120,1611852,13432.10
Sturnella magna,Eastern meadowlark,120,233811,1948.42
Sturnella neglecta,Western meadowlark,120,563610,4696.75
Xanthocephalus xanthocephalus,Yellow-headed blackbird,120,295345,2461.21
Xanthopsar flavus,Saffron-cowled blackbird,120,9149,76.24
Ifrita kowaldi,Blue-capped ifrit,120,140806,1173.38
Irena cyanogastra,Philippine fairy-bluebird,120,26577,221.47
Irena puella,Asian fairy-bluebird,120,91342,761.18
Irena tweeddalii,Palawan fairy-bluebird,54,2889,53.50
Chaetorhynchus papuensis,Drongo fantail,94,5647,60.07
Eutrichomyias rowleyi,Cerulean flycatcher,103,10774,104.60
Lamprolia klinesmithi,Natewa silktail,101,4878,48.30
Lamprolia victoriae,Taveuni silktail,101,7435,73.61
Corvinella corvina,Yellow-billed shrike,120,27755,231.29
Eurocephalus anguitimens,Southern white-crowned shrike,120,18638,155.32
Eurocephalus ruppelli,Northern white-crowned shrike,120,19297,160.81
Lanius borealis,Northern shrike,120,185723,1547.69
Lanius bucephalus,Bull-headed shrike,120,66786,556.55
Lanius cabanisi,Long-tailed fiscal,120,17673,147.28
Lanius collaris,Southern fiscal,120,83172,693.10
Lanius collurio,Red-backed shrike,120,223408,1861.73
Lanius collurioides,Burmese shrike,120,14510,120.92
Lanius cristatus,Brown shrike,120,126177,1051.47
Lanius dorsalis,Taita fiscal,120,10700,89.17
Lanius excubitor,Great grey shrike,120,331643,2763.69
Lanius excubitoroides,Grey-backed fiscal,120,15487,129.06
Lanius giganteus,Giant grey shrike,70,7206,102.94
Lanius gubernator,Emin's shrike,120,9980,83.17
Lanius isabellinus,Isabelline shrike,120,52506,437.55
Lanius ludovicianus,Loggerhead shrike,120,542553,4521.27
Lanius mackinnoni,Mackinnon's shrike,120,9428,78.57
Lanius meridionalis,Iberian grey shrike,90,27150,301.67
Lanius minor,Lesser grey shrike,120,47360,394.67
Lanius newtoni,São Tomé fiscal,120,23515,195.96
Lanius nubicus,Masked shrike,120,94010,783.42
Lanius phoenicuroides,Red-tailed shrike,120,37615,313.46
Lanius schach,Long-tailed shrike,120,132317,1102.64
Lanius senator,Woodchat shrike,120,75284,627.37
Lanius somalicus,Somali fiscal,120,8072,67.27
Lanius souzae,Souza's shrike,120,12909,107.58
Lanius sphenocercus,Chinese grey shrike,120,17387,144.89
Lanius tephronotus,Grey-backed shrike,120,25989,216.57
Lanius tigrinus,Tiger shrike,120,59677,497.31
Lanius validirostris,Mountain shrike,120,12356,102.97
Lanius vittatus,Bay-backed shrike,120,33661,280.51
Urolestes melanoleucus,Magpie shrike,120,46049,383.74
Acanthoptila nipalensis,Spiny babbler,120,54951,457.93
Actinodura egertoni,Rusty-fronted barwing,120,7875,65.62
Actinodura radcliffei,,0,,
Actinodura ramsayi,Spectacled barwing,120,5101,42.51
Actinodura sodangorum,Black-crowned barwing,120,7120,59.33
Alcippe brunneicauda,Brown fulvetta,120,5561,46.34
Alcippe grotei,Black-browed fulvetta,120,3709,30.91
Alcippe morrisonia,Grey-cheeked fulvetta,120,8248,68.73
Alcippe nipalensis,Nepal fulvetta,120,5410,45.08
Alcippe peracensis,Mountain fulvetta,120,4302,35.85
Alcippe poioicephala,Brown-cheeked fulvetta,120,20244,168.70
Alcippe pyrrhoptera,Javan fulvetta,120,3734,31.12
Argya altirostris,Iraq babbler,120,10285,85.71
Argya aylmeri,Scaly chatterer,120,4118,34.32
Argya caudata,Common babbler,120,52105,434.21
Argya earlei,Striated babbler,120,7441,62.01
Argya fulva,Fulvous babbler,120,7243,60.36
Argya malcolmi,Large grey babbler,120,32974,274.78
Argya rubiginosa,Rufous chatterer,120,4956,41.30
Argya squamiceps,Arabian babbler,120,41255,343.79
Argya subrufa,Rufous babbler,120,32003,266.69
Chatarrhaea gularis,White-throated babbler,120,7619,63.49
Chatarrhaea longirostris,Slender-billed babbler,120,5637,46.98
Chrysominla strigula,Bar-throated minla,120,105985,883.21
Cutia legalleni,Vietnamese cutia,120,5436,45.30
Cutia nipalensis,Himalayan cutia,120,13122,109.35
Garrulax albogularis,White-throated laughingthrush,120,15801,131.68
Garrulax annamensis,Orange-breasted laughingthrush,120,5454,45.45
Garrulax berthemyi,Buffy laughingthrush,120,5134,42.78
Garrulax bicolor,Sumatran laughingthrush,120,15446,128.72
Garrulax bieti,White-speckled laughingthrush,120,3862,32.18
Garrulax caerulatus,Grey-sided laughingthrush,120,5061,42.17
Garrulax calvus,Bare-headed laughingthrush,120,14667,122.22
Garrulax canorus,Chinese hwamei,120,114308,952.57
Garrulax castanotis,Rufous-cheeked laughingthrush,120,4972,41.43
Garrulax chinensis,Black-throated laughingthrush,120,21770,181.42
Garrulax cineraceus,Moustached laughingthrush,120,6700,55.83
Garrulax cinereiceps,,0,,
Garrulax cinereifrons,Ashy-headed laughingthrush,120,12509,104.24
Garrulax courtoisi,Blue-crowned laughingthrush,120,27685,230.71
Garrulax davidi,Plain laughingthrush,120,3945,32.88
Garrulax delesserti,Wayanad laughingthrush,79,7072,89.52
Garrulax ferrarius,Cambodian laughingthrush,120,4434,36.95
Garrulax galbanus,Yellow-throated laughingthrush,120,6492,54.10
Garrulax gularis,Rufous-vented laughingthrush,120,4288,35.73
Garrulax konkakinhensis,Chestnut-eared laughingthrush,120,5603,46.69
Garrulax koslowi,Tibetan babax,120,4116,34.30
Garrulax lanceolatus,Chinese babax,120,6778,56.48
Garrulax leucolophus,White-crested laughingthrush,120,81630,680.25
Garrulax lugubris,Black laughingthrush,120,5283,44.02
Garrulax lunulatus,Barred laughingthrush,120,3818,31.82
Garrulax maesi,Grey laughingthrush,120,3814,31.78
Garrulax maximus,Giant laughingthrush,120,4180,34.83
Garrulax merulinus,Spot-breasted laughingthrush,120,5546,46.22
Garrulax milleti,Black-hooded laughingthrush,120,4854,40.45
Garrulax mitratus,Chestnut-capped laughingthrush,120,10006,83.38
Garrulax monachus,,0,,
Garrulax monileger,Lesser necklaced laughingthrush,120,10013,83.44
Garrulax nuchalis,Chestnut-backed laughingthrush,120,3624,30.20
Garrulax ocellatus,Spotted laughingthrush,120,9816,81.80
Garrulax palliatus,Sunda laughingthrush,120,6006,50.05
Garrulax pectoralis,Greater necklaced laughingthrush,120,19705,164.21
Garrulax perspicillatus,Masked laughingthrush,120,10332,86.10
Garrulax poecilorhynchus,Rusty laughingthrush,120,4952,41.27
Garrulax ruficeps,Rufous-crowned laughingthrush,120,7029,58.58
Garrulax ruficollis,Rufous-necked laughingthrush,120,7101,59.17
Garrulax rufifrons,Rufous-fronted laughingthrush,120,38691,322.43
Garrulax rufogularis,Rufous-chinned laughingthrush,120,7574,63.12
Garrulax sannio,White-browed laughingthrush,120,9297,77.47
Garrulax strepitans,White-necked laughingthrush,120,8069,67.24
Garrulax sukatschewi,Snowy-cheeked laughingthrush,120,3478,28.98
Garrulax taewanus,Taiwan hwamei,120,11582,96.52
Garrulax treacheri,Chestnut-hooded laughingthrush,120,10405,86.71
Garrulax vassali,White-cheeked laughingthrush,120,4303,35.86
Garrulax waddelli,Giant babax,120,5532,46.10
Garrulax woodi,Mount Victoria babax,84,3502,41.69
Grammatoptila striata,Striated laughingthrush,120,10864,90.53
Heterophasia auricularis,White-eared sibia,120,12068,100.57
Heterophasia capistrata,Rufous sibia,120,22874,190.62
Heterophasia desgodinsi,Black-headed sibia,120,6834,56.95
Heterophasia gracilis,Grey sibia,120,7482,62.35
Heterophasia melanoleuca,Dark-backed sibia,120,5380,44.83
Heterophasia picaoides,Long-tailed sibia,120,8631,71.92
Heterophasia pulchella,Beautiful sibia,120,7553,62.94
Kupeornis chapini,Chapin's babbler,120,3110,25.92
Kupeornis gilberti,White-throated mountain babbler,120,3066,25.55
Kupeornis rufocinctus,Red-collared babbler,120,3541,29.51
Laniellus albonotatus,Spotted crocias,120,4126,34.38
Laniellus langbianis,Grey-crowned crocias,120,6266,52.22
Leioptila annectens,Rufous-backed sibia,120,5429,45.24
Leiothrix argentauris,Silver-eared mesia,120,36458,303.82
Leiothrix laurinae,,0,,
Leiothrix lutea,Red-billed leiothrix,120,132806,1106.72
Liocichla bugunorum,Bugun liocichla,120,70624,588.53
Liocichla omeiensis,Emei Shan liocichla,120,9637,80.31
Liocichla phoenicea,Red-faced liocichla,120,14464,120.53
Liocichla ripponi,Scarlet-faced liocichla,120,9185,76.54
Liocichla steerii,Taiwan liocichla,16,695,43.44
Minla ignotincta,Red-tailed minla,120,11506,95.88
Montecincla cachinnans,Nilgiri laughingthrush,120,19377,161.47
Montecincla fairbanki,Palani laughingthrush,101,13419,132.86
Montecincla jerdoni,Banasura laughingthrush,103,9613,93.33
Montecincla meridionalis,Ashambu laughingthrush,101,7405,73.32
Phyllanthus atripennis,Capuchin babbler,120,6613,55.11
Phyllanthus bohndorffi,,0,,
Phyllanthus rubiginosus,,0,,
Sibia morrisoniana,Taiwan barwing,120,7155,59.62
Sibia nipalensis,Hoary-throated barwing,120,7189,59.91
Sibia souliei,Streaked barwing,120,3727,31.06
Sibia waldeni,Streak-throated barwing,120,4315,35.96
Siva cyanouroptera,Blue-winged minla,120,16900,140.83
Trochalopteron affine,Black-faced laughingthrush,120,8771,73.09
Trochalopteron austeni,Brown-capped laughingthrush,120,5067,42.23
Trochalopteron chrysopterum,Assam laughingthrush,120,4878,40.65
Trochalopteron elliotii,Elliot's laughingthrush,120,5180,43.17
Trochalopteron erythrocephalum,Chestnut-crowned laughingthrush,120,13047,108.72
Trochalopteron formosum,Red-winged laughingthrush,120,8920,74.33
Trochalopteron henrici,Brown-cheeked laughingthrush,120,2442,20.35
Trochalopteron imbricatum,Bhutan laughingthrush,120,4544,37.87
Trochalopteron lineatum,Streaked laughingthrush,120,17516,145.97
Trochalopteron melanostigma,Silver-eared laughingthrush,120,5824,48.53
Trochalopteron milnei,Red-tailed laughingthrush,120,18419,153.49
Trochalopteron morrisonianum,White-whiskered laughingthrush,120,12165,101.38
Trochalopteron ngoclinhense,Golden-winged laughingthrush,120,4641,38.67
Trochalopteron peninsulae,Malayan laughingthrush,120,4264,35.53
Trochalopteron squamatum,Blue-winged laughingthrush,120,6839,56.99
Trochalopteron subunicolor,Scaly laughingthrush,120,5264,43.87
Trochalopteron variegatum,Variegated laughingthrush,120,6205,51.71
Trochalopteron virgatum,Striped laughingthrush,120,4651,38.76
Trochalopteron yersini,Collared laughingthrush,120,7184,59.87
Turdoides affinis,Yellow-billed babbler,120,101526,846.05
Turdoides bicolor,Southern pied babbler,120,24320,202.67
Turdoides gymnogenys,Bare-cheeked babbler,120,4838,40.32
Turdoides hartlaubii,Hartlaub's babbler,120,5701,47.51
Turdoides hindei,Hinde's babbler,120,6106,50.88
Turdoides hypoleuca,Northern pied babbler,120,5020,41.83
Turdoides jardineii,Arrow-marked babbler,120,26288,219.07
Turdoides leucocephala,White-headed babbler,120,6170,51.42
Turdoides leucopygia,White-rumped babbler,120,3612,30.10
Turdoides melanops,Black-faced babbler,120,5635,46.96
Turdoides plebejus,Brown babbler,120,8210,68.42
Turdoides reinwardtii,Blackcap babbler,120,6445,53.71
Turdoides rufescens,Orange-billed babbler,120,47618,396.82
Turdoides sharpei,Black-lored babbler,120,6141,51.17
Turdoides somervillei,,0,,
Turdoides squamulata,Scaly babbler,120,3316,27.63
Turdoides striata,Jungle babbler,120,298459,2487.16
Turdoides tenebrosa,Dusky babbler,120,2972,24.77
Amphilais seebohmi,Grey emutail,120,4051,33.76
Bradypterus alfredi,Bamboo warbler,120,4033,33.61
Bradypterus baboecala,Little rush warbler,120,7441,62.01
Bradypterus bangwaensis,Bangwa forest warbler,120,3728,31.07
Bradypterus barratti,Barratt's warbler,120,5188,43.23
Bradypterus brunneus,Brown emutail,120,3878,32.32
Bradypterus carpalis,White-winged swamp warbler,120,2692,22.43
Bradypterus centralis,Highland rush warbler,120,2729,22.74
Bradypterus cinnamomeus,Cinnamon bracken warbler,120,3869,32.24
Bradypterus grandis,Dja River scrub warbler,90,1745,19.39
Bradypterus graueri,Grauer's swamp warbler,120,4414,36.78
Bradypterus lopezi,Evergreen forest warbler,120,4291,35.76
Bradypterus sylvaticus,Knysna warbler,120,6230,51.92
Buettikoferella bivittata,Buff-banded thicketbird,120,3454,28.78
Chaetornis striata,Bristled grassbird,120,15828,131.90
Cincloramphus cruralis,Brown songlark,120,10020,83.50
Cincloramphus macrurus,Papuan grassbird,120,2163,18.02
Cincloramphus mathewsi,Rufous songlark,120,10311,85.92
Cincloramphus timoriensis,Tawny grassbird,120,10514,87.62
Elaphrornis palliseri,Sri Lanka bush warbler,120,7318,60.98
Locustella accentor,Friendly bush warbler,120,5851,48.76
Locustella alishanensis,Taiwan bush warbler,120,9074,75.62
Locustella amnicola,Sakhalin grasshopper warbler,120,4581,38.17
Locustella castanea,Sulawesi bush warbler,66,1318,19.97
Locustella caudata,Long-tailed bush warbler,120,4248,35.40
Locustella certhiola,Pallas's grasshopper warbler,120,25320,211.00
Locustella chengi,Sichuan bush warbler,120,5509,45.91
Locustella davidi,Baikal bush warbler,120,10385,86.54
Locustella fasciolata,Gray's grasshopper warbler,120,8111,67.59
Locustella fluviatilis,River warbler,120,27966,233.05
Locustella kashmirensis,West Himalayan bush warbler,120,4304,35.87
Locustella lanceolata,Lanceolated warbler,120,26503,220.86
Locustella luscinioides,Savi's warbler,120,47341,394.51
Locustella luteoventris,Brown bush warbler,120,8953,74.61
Locustella major,Long-billed bush warbler,120,5912,49.27
Locustella mandelli,Russet bush warbler,120,5900,49.17
Locustella montis,Javan bush warbler,120,3765,31.38
Locustella naevia,Common grasshopper warbler,120,66790,556.58
Locustella ochotensis,Middendorff's grasshopper warbler,120,10138,84.48
Locustella pleskei,Styan's grasshopper warbler,120,4793,39.94
Locustella portenta,Taliabu bush warbler,60,1413,23.55
Locustella pryeri,Marsh grassbird,120,8326,69.38
Locustella seebohmi,Benguet bush warbler,120,4139,34.49
Locustella tacsanowskia,Chinese bush warbler,120,5852,48.77
Locustella thoracica,Spotted bush warbler,120,5970,49.75
Malia grata,Malia grata,120,2201,18.34
Megalurulus grosvenori,New Britain thicketbird,120,2805,23.38
Megalurulus llaneae,Bougainville thicketbird,120,3675,30.62
Megalurulus mariae,New Caledonian thicketbird,120,3980,33.17
Megalurulus rubiginosus,Rusty thicketbird,120,2915,24.29
Megalurulus rufus,Long-legged thicketbird,120,7382,61.52
Megalurulus turipavae,Santo thicketbird,48,1143,23.81
Megalurulus whitneyi,Santo thicketbird,48,1143,23.81
Megalurus palustris,Striated grassbird,120,17985,149.88
Poodytes albolimbatus,Fly River grassbird,120,4354,36.28
Poodytes carteri,,0,,
Poodytes caudatus,,0,,
Poodytes gramineus,Little grassbird,120,14307,119.22
Poodytes punctatus,New Zealand fernbird,120,25380,211.50
Robsonius rabori,Cordillera ground warbler,120,5142,42.85
Robsonius sorsogonensis,Bicol ground warbler,120,3760,31.33
Robsonius thompsoni,Sierra Madre ground warbler,120,4474,37.28
Schoenicola brevirostris,Fan-tailed grassbird,120,6193,51.61
Schoenicola platyurus,Broad-tailed grassbird,120,14051,117.09
Machaerirhynchus flaviventer,Yellow-breasted boatbill,120,12565,104.71
Machaerirhynchus nigripectus,Black-breasted boatbill,120,6127,51.06
Achaetops pycnopygius,,0,,
Cryptillas victorini,Victorin's warbler,120,7309,60.91
Graueria vittata,Grauer's warbler,120,4884,40.70
Macrosphenus concolor,Grey longbill,120,2841,23.68
Macrosphenus flavicans,Yellow longbill,120,3501,29.18
Macrosphenus kempi,Kemp's longbill,120,2999,24.99
Macrosphenus kretschmeri,Kretschmer's longbill,120,2866,23.88
Macrosphenus pulitzeri,Pulitzer's longbill,120,3224,26.87
Melocichla mentalis,Moustached grass warbler,120,5218,43.48
Sphenoeacus afer,Cape grassbird,120,9964,83.03
Sylvietta brachyura,Northern crombec,120,5822,48.52
Sylvietta chapini,Chapin's crombec,120,2926,24.38
Sylvietta denti,Lemon-bellied crombec,120,3528,29.40
Sylvietta isabellina,Somali crombec,120,2767,23.06
Sylvietta leucophrys,White-browed crombec,120,3857,32.14
Sylvietta leucopsis,,0,,
Sylvietta philippae,Philippa's crombec,120,2829,23.57
Sylvietta rufescens,Long-billed crombec,120,9977,83.14
Sylvietta ruficapilla,Red-capped crombec,120,4675,38.96
Sylvietta virens,Green crombec,120,6470,53.92
Sylvietta whytii,Red-faced crombec,120,5760,48.00
Bocagia minuta,Marsh tchagra,120,6984,58.20
Chlorophoneus bocagei,Bocage's bushshrike,120,3126,26.05
Chlorophoneus kupeensis,Mount Kupe bushshrike,120,4210,35.08
Chlorophoneus multicolor,Many-colored bushshrike,120,4062,33.85
Chlorophoneus nigrifrons,Black-fronted bushshrike,120,6588,54.90
Chlorophoneus olivaceus,Olive bushshrike,120,8916,74.30
Chlorophoneus sulfureopectus,Orange-breasted bushshrike,120,16918,140.98
Dryoscopus angolensis,Pink-footed puffback,120,4008,33.40
Dryoscopus cubla,Black-backed puffback,120,26619,221.82
Dryoscopus gambensis,Northern puffback,120,6516,54.30
Dryoscopus pringlii,Pringle's puffback,120,4101,34.17
Dryoscopus sabini,Sabine's puffback,120,5144,42.87
Dryoscopus senegalensis,Red-eyed puffback,120,3593,29.94
Laniarius aethiopicus,Ethiopian boubou,119,5100,42.86
Laniarius amboimensis,Gabela bushshrike,120,3734,31.12
Laniarius atrococcineus,Crimson-breasted shrike,120,35537,296.14
Laniarius atroflavus,Yellow-breasted boubou,120,5640,47.00
Laniarius barbarus,Yellow-crowned gonolek,120,19424,161.87
Laniarius bicolor,Swamp boubou,120,7142,59.52
Laniarius brauni,Braun's bushshrike,120,4277,35.64
Laniarius erythrogaster,Black-headed gonolek,120,13330,111.08
Laniarius ferrugineus,Southern boubou,120,53568,446.40
Laniarius fuelleborni,Fülleborn's boubou,120,2391,19.93
Laniarius funebris,Slate-colored boubou,120,8381,69.84
Laniarius holomelas,Albertine sooty boubou,84,3129,37.25
Laniarius leucorhynchus,Lowland sooty boubou,120,3500,29.17
Laniarius luehderi,Lühder's bushshrike,120,4898,40.82
Laniarius mufumbiri,Papyrus gonolek,120,10316,85.97
Laniarius nigerrimus,Black boubou,120,11080,92.33
Laniarius poensis,Mountain sooty boubou,120,3453,28.77
Laniarius ruficeps,Red-naped bushshrike,120,3756,31.30
Laniarius sublacteus,East Coast boubou,119,3085,25.92
Laniarius turatii,Turati's boubou,120,3060,25.50
Malaconotus alius,Uluguru bushshrike,120,6899,57.49
Malaconotus blanchoti,Grey-headed bushshrike,120,32067,267.23
Malaconotus cruentus,Fiery-breasted bushshrike,120,5194,43.28
Malaconotus gladiator,Green-breasted bushshrike,120,3956,32.97
Malaconotus lagdeni,Lagden's bushshrike,120,6286,52.38
Malaconotus monteiri,Monteiro's bushshrike,120,3450,28.75
Nilaus afer,,0,,
Rhodophoneus cruentus,Rosy-patched bushshrike,120,8885,74.04
Tchagra australis,Brown-crowned tchagra,120,9578,79.82
Tchagra jamesi,Three-streaked tchagra,120,4767,39.73
Tchagra senegalus,Black-crowned tchagra,120,28353,236.28
Tchagra tchagra,Southern tchagra,120,5854,48.78
Telophorus dohertyi,Doherty's bushshrike,120,6490,54.08
Telophorus viridis,Gorgeous bushshrike,120,8579,71.49
Telophorus zeylonus,,0,,
Amytornis ballarae,Kalkadoon grasswren,120,6963,58.02
Amytornis barbatus,Grey grasswren,120,9960,83.00
Amytornis dorotheae,Carpentarian grasswren,120,6076,50.63
Amytornis goyderi,Eyrean grasswren,120,8710,72.58
Amytornis housei,Black grasswren,120,12864,107.20
Amytornis merrotsyi,Short-tailed grasswren,120,5961,49.67
Amytornis modestus,Thick-billed grasswren,120,8571,71.42
Amytornis purnelli,Dusky grasswren,120,12101,100.84
Amytornis striatus,Striated grasswren,120,10311,85.92
Amytornis textilis,Western grasswren,120,8143,67.86
Amytornis woodwardi,White-throated grasswren,120,6121,51.01
Chenorhamphus grayi,Broad-billed fairywren,120,9234,76.95
Clytomyias insignis,Orange-crowned fairywren,120,9663,80.53
Malurus alboscapulatus,White-shouldered fairywren,120,9584,79.87
Malurus amabilis,Lovely fairywren,120,23726,197.72
Malurus assimilis,Purple-backed fairywren,98,18209,185.81
Malurus coronatus,Purple-crowned fairywren,120,66746,556.22
Malurus cyaneus,Superb fairywren,120,482926,4024.38
Malurus cyanocephalus,Emperor fairywren,120,12177,101.47
Malurus elegans,Red-winged fairywren,120,41827,348.56
Malurus lamberti,Variegated fairywren,120,53569,446.41
Malurus leucopterus,White-winged fairywren,120,89880,749.00
Malurus melanocephalus,Red-backed fairywren,120,113805,948.38
Malurus pulcherrimus,Blue-breasted fairywren,120,15661,130.51
Malurus splendens,Splendid fairywren,120,238480,1987.33
Sipodotus wallacii,Wallace's fairywren,120,10586,88.22
Stipiturus malachurus,Southern emu-wren,120,20464,170.53
Stipiturus mallee,Mallee emu-wren,120,17720,147.67
Stipiturus ruficeps,Rufous-crowned emu-wren,120,7641,63.67
Megalampitta gigantea,Greater melampitta,120,6484,54.03
Melampitta lugubris,Lesser melampitta,120,6212,51.77
Melanocharis arfakiana,Obscure berrypecker,120,4202,35.02
Melanocharis longicauda,Mid-mountain berrypecker,120,3215,26.79
Melanocharis nigra,Black berrypecker,120,3655,30.46
Melanocharis striativentris,Streaked berrypecker,120,3199,26.66
Melanocharis versteri,Fan-tailed berrypecker,120,3752,31.27
Oedistoma iliolophus,Spectacled longbill,113,1262,11.17
Oedistoma pygmaeum,Pygmy longbill,120,3152,26.27
Rhamphocharis crassirostris,Thick-billed berrypecker,55,1129,20.53
Rhamphocharis piperata,Spotted berrypecker,120,2726,22.72
Toxorhamphus novaeguineae,Yellow-bellied longbill,120,3748,31.23
Toxorhamphus poliopterus,Slaty-headed longbill,120,3178,26.48
Melanopareia elegans,Elegant crescentchest,120,4459,37.16
Melanopareia maranonica,Marañón crescentchest,120,3635,30.29
Melanopareia maximiliani,Olive-crowned crescentchest,120,3972,33.10
Melanopareia torquata,Collared crescentchest,120,5795,48.29
Acanthagenys rufogularis,Spiny-cheeked honeyeater,120,20317,169.31
Acanthorhynchus superciliosus,Western spinebill,120,16719,139.32
Acanthorhynchus tenuirostris,Eastern spinebill,120,102571,854.76
Anthochaera carunculata,Red wattlebird,120,259317,2160.97
Anthochaera chrysoptera,Little wattlebird,120,79062,658.85
Anthochaera lunulata,Western wattlebird,120,16703,139.19
Anthochaera paradoxa,Yellow wattlebird,120,87056,725.47
Anthochaera phrygia,Regent honeyeater,120,94976,791.47
Anthornis melanura,New Zealand bellbird,120,141577,1179.81
Ashbyia lovensis,,0,,
Bolemoreus frenatus,Bridled honeyeater,120,7586,63.22
Bolemoreus hindwoodi,Eungella honeyeater,120,7182,59.85
Caligavis chrysops,Yellow-faced honeyeater,120,98383,819.86
Caligavis obscura,Obscure honeyeater,120,2639,21.99
Caligavis subfrenata,Black-throated honeyeater,120,3119,25.99
Certhionyx variegatus,Pied honeyeater,120,10302,85.85
Cissomela pectoralis,Banded honeyeater,120,7897,65.81
Conopophila albogularis,Rufous-banded honeyeater,120,5624,46.87
Conopophila rufogularis,Rufous-throated honeyeater,120,5554,46.28
Conopophila whitei,Grey honeyeater,120,5893,49.11
Entomyzon albipennis,,0,,
Entomyzon cyanotis,Blue-faced honeyeater,120,240436,2003.63
Epthianura albifrons,White-fronted chat,120,14118,117.65
Epthianura aurifrons,Orange chat,120,15805,131.71
Epthianura crocea,Yellow chat,120,15575,129.79
Epthianura tricolor,Crimson chat,120,18865,157.21
Foulehaio carunculatus,Polynesian wattled honeyeater,109,6397,58.69
Foulehaio procerior,,0,,
Foulehaio taviunensis,Fiji wattled honeyeater,109,4205,38.58
Gavicalis fasciogularis,Mangrove honeyeater,120,7491,62.42
Gavicalis versicolor,Varied honeyeater,120,6004,50.03
Gavicalis virescens,Singing honeyeater,120,29194,243.28
Gliciphila melanops,Tawny-crowned honeyeater,120,11829,98.58
Gliciphila notabilis,White-bellied honeyeater,120,3744,31.20
Gliciphila undulata,Barred honeyeater,120,4908,40.90
Glycichaera fallax,Green-backed honeyeater,120,5148,42.90
Grantiella picta,Painted honeyeater,120,13902,115.85
Guadalcanaria inexpectata,Guadalcanal honeyeater,120,4387,36.56
Gymnomyza aubryana,Crow honeyeater,120,9131,76.09
Gymnomyza brunneirostris,Duetting giant honeyeater,16,499,31.19
Gymnomyza samoensis,Mao (bird),120,20831,173.59
Gymnomyza viridis,Yellow-billed giant honeyeater,16,467,29.19
Lichenostomus cratitius,Purple-gaped honeyeater,120,7873,65.61
Lichenostomus melanops,Yellow-tufted honeyeater,120,19771,164.76
Lichmera alboauricularis,Silver-eared honeyeater,120,2809,23.41
Lichmera argentauris,Olive honeyeater,120,3684,30.70
Lichmera deningeri,Buru honeyeater,120,3080,25.67
Lichmera flavicans,Flame-eared honeyeater,120,3513,29.27
Lichmera incana,Grey-eared honeyeater,120,4337,36.14
Lichmera indistincta,Brown honeyeater,120,58299,485.82
Lichmera lombokia,Scaly-crowned honeyeater,120,5794,48.28
Lichmera monticola,Seram honeyeater,120,2915,24.29
Lichmera notabilis,Black-necklaced honeyeater,120,2558,21.32
Lichmera squamata,Scaly-breasted honeyeater,120,2163,18.02
Macgregoria pulchra,MacGregor's honeyeater,120,16703,139.19
Manorina flavigula,Yellow-throated miner,120,38390,319.92
Manorina melanocephala,Noisy miner,120,612287,5102.39
Manorina melanophrys,Bell miner,120,99738,831.15
Manorina melanotis,Black-eared miner,120,14315,119.29
Meliarchus sclateri,Makira honeyeater,120,3512,29.27
Melidectes belfordi,Belford's melidectes,120,4338,36.15
Melidectes foersteri,Huon melidectes,120,2821,23.51
Melidectes fuscus,Sooty honeyeater,120,1446,12.05
Melidectes leucostephes,Vogelkop melidectes,120,2549,21.24
Melidectes nouhuysi,Short-bearded honeyeater,116,1826,15.74
Melidectes ochromelas,Cinnamon-browed melidectes,120,2851,23.76
Melidectes princeps,Long-bearded honeyeater,118,2336,19.80
Melidectes rufocrissalis,Yellow-browed melidectes,120,3306,27.55
Melidectes torquatus,Ornate melidectes,120,3200,26.67
Melilestes megarhynchus,Long-billed honeyeater,120,3613,30.11
Meliphacator provocator,Kadavu honeyeater,120,5218,43.48
Meliphaga aruensis,Puff-backed honeyeater,120,2785,23.21
Meliphaga lewinii,Lewin's honeyeater,120,28648,238.73
Meliphaga notata,Yellow-spotted honeyeater,120,12139,101.16
Melipotes ater,Spangled honeyeater,120,3242,27.02
Melipotes carolae,Wattled smoky honeyeater,120,9646,80.38
Melipotes fumigatus,Common smoky honeyeater,120,5342,44.52
Melipotes gymnops,Arfak honeyeater,120,3863,32.19
Melithreptus affinis,Black-headed honeyeater,120,10534,87.78
Melithreptus albogularis,White-throated honeyeater,120,21064,175.53
Melithreptus brevirostris,Brown-headed honeyeater,120,12135,101.12
Melithreptus chloropsis,Gilbert's honeyeater,120,8966,74.72
Melithreptus gularis,Black-chinned honeyeater,120,11441,95.34
Melithreptus laetior,Black-chinned honeyeater,120,11441,95.34
Melithreptus lunatus,White-naped honeyeater,120,19425,161.88
Melithreptus validirostris,Strong-billed honeyeater,120,11113,92.61
Melitograis gilolensis,White-streaked friarbird,120,4517,37.64
Microptilotis albilineatus,,0,,
Microptilotis albonotatus,Scrub honeyeater,120,2378,19.82
Microptilotis analogus,Mimic honeyeater,120,2849,23.74
Microptilotis cinereifrons,Elegant honeyeater,118,2386,20.22
Microptilotis flavirictus,Yellow-gaped honeyeater,120,2468,20.57
Microptilotis fordianus,,0,,
Microptilotis gracilis,Graceful honeyeater,120,6095,50.79
Microptilotis imitatrix,Cryptic honeyeater,72,2838,39.42
Microptilotis mimikae,Mottle-breasted honeyeater,120,2406,20.05
Microptilotis montanus,Forest honeyeater,120,2623,21.86
Microptilotis orientalis,Mountain honeyeater,120,2196,18.30
Microptilotis reticulatus,,0,,
Microptilotis vicina,Tagula honeyeater,120,3007,25.06
Myza celebensis,Dark-eared myza,120,4968,41.40
Myza sarasinorum,White-eared myza,120,4699,39.16
Myzomela adolphinae,Mountain myzomela,120,3067,25.56
Myzomela albigula,White-chinned myzomela,120,3227,26.89
Myzomela batjanensis,Bacan myzomela,48,1019,21.23
Myzomela blasii,Drab myzomela,120,3449,28.74
Myzomela boiei,Banda myzomela,120,4327,36.06
Myzomela caledonica,New Caledonian myzomela,120,5405,45.04
Myzomela cardinalis,Cardinal myzomela,120,14771,123.09
Myzomela chermesina,Rotuma myzomela,120,6477,53.98
Myzomela chloroptera,Sulawesi myzomela,120,4220,35.17
Myzomela cineracea,Ashy myzomela,120,3057,25.48
Myzomela cruentata,Red myzomela,120,3590,29.92
Myzomela dammermani,Sumba myzomela,120,3451,28.76
Myzomela eichhorni,Crimson-rumped myzomela,120,2688,22.40
Myzomela eques,Ruby-throated myzomela,120,3892,32.43
Myzomela erythrina,Reddish myzomela,54,795,14.72
Myzomela erythrocephala,Red-headed myzomela,120,78156,651.30
Myzomela erythromelas,Black-bellied myzomela,120,3090,25.75
Myzomela irianawidodoae,Rote myzomela,96,4636,48.29
Myzomela jugularis,Sulphur-breasted myzomela,120,4735,39.46
Myzomela kuehni,Wetar myzomela,54,1537,28.46
Myzomela lafargei,Red-capped myzomela,120,2686,22.38
Myzomela longirostris,Long-billed myzomela,54,1156,21.41
Myzomela malaitae,Red-vested myzomela,120,2598,21.65
Myzomela melanocephala,Black-headed myzomela,120,2800,23.33
Myzomela nigrita,Papuan black myzomela,120,3016,25.13
Myzomela obscura,Dusky myzomela,120,8825,73.54
Myzomela pammelaena,Bismarck black myzomela,120,3863,32.19
Myzomela prawiradilagae,Alor myzomela,75,4077,54.36
Myzomela pulchella,New Ireland myzomela,120,2713,22.61
Myzomela rosenbergii,Red-collared myzomela,120,3292,27.43
Myzomela rubratra,Micronesian myzomela,120,18274,152.28
Myzomela rubrobrunnea,Biak myzomela,54,1072,19.85
Myzomela rubrotincta,Red-tinged myzomela,54,1192,22.07
Myzomela sanguinolenta,Scarlet myzomela,120,84361,703.01
Myzomela sclateri,Sclater's myzomela,120,2376,19.80
Myzomela simplex,Moluccan myzomela,54,1374,25.44
Myzomela tristrami,Sooty myzomela,120,2849,23.74
Myzomela vulnerata,Black-breasted myzomela,120,3817,31.81
Myzomela wahe,Taliabu myzomela,70,2879,41.13
Myzomela wakoloensis,Wakolo myzomela,120,3231,26.93
Nesoptilotis flavicollis,Yellow-throated honeyeater,120,15402,128.35
Nesoptilotis leucotis,White-eared honeyeater,120,15900,132.50
Oreornis chrysogenys,Orange-cheeked honeyeater,120,2893,24.11
Philemon albitorques,Manus friarbird,120,7628,63.57
Philemon argenticeps,Silver-crowned friarbird,120,8686,72.38
Philemon brassi,Brass's friarbird,120,4350,36.25
Philemon buceroides,Helmeted friarbird,120,25784,214.87
Philemon citreogularis,Little friarbird,120,21899,182.49
Philemon cockerelli,New Britain friarbird,120,3776,31.47
Philemon corniculatus,Noisy friarbird,120,67696,564.13
Philemon diemenensis,New Caledonian friarbird,120,5425,45.21
Philemon eichhorni,New Ireland friarbird,120,3429,28.57
Philemon fuscicapillus,Morotai friarbird,48,1280,26.67
Philemon inornatus,Timor friarbird,120,4342,36.18
Philemon kisserensis,Grey friarbird,120,3423,28.52
Philemon meyeri,Meyer's friarbird,120,4270,35.58
Philemon moluccensis,Buru friarbird,75,1880,25.07
Philemon plumigenis,Tanimbar friarbird,120,3199,26.66
Philemon subcorniculatus,Seram friarbird,120,3714,30.95
Phylidonyris niger,White-cheeked honeyeater,120,24291,202.43
Phylidonyris novaehollandiae,New Holland honeyeater,120,107470,895.58
Phylidonyris pyrrhopterus,Crescent honeyeater,120,72748,606.23
Plectorhyncha lanceolata,Striped honeyeater,120,11816,98.47
Prosthemadera novaeseelandiae,,0,,
Ptiloprora erythropleura,Rufous-sided honeyeater,120,2923,24.36
Ptiloprora guisei,Rufous-backed honeyeater,120,2638,21.98
Ptiloprora mayri,Mayr's honeyeater,120,5326,44.38
Ptiloprora meekiana,Yellowish-streaked honeyeater,120,2761,23.01
Ptiloprora perstriata,Grey-streaked honeyeater,120,2495,20.79
Ptiloprora plumbea,Leaden honeyeater,120,2983,24.86
Ptilotula flavescens,Yellow-tinted honeyeater,120,7399,61.66
Ptilotula fusca,Fuscous honeyeater,120,8369,69.74
Ptilotula keartlandi,Grey-headed honeyeater,120,10442,87.02
Ptilotula ornata,Yellow-plumed honeyeater,120,7389,61.58
Ptilotula penicillata,White-plumed honeyeater,120,34704,289.20
Ptilotula plumula,Grey-fronted honeyeater,120,4752,39.60
Purnella albifrons,White-fronted honeyeater,120,11220,93.50
Pycnopygius cinereus,Marbled honeyeater,120,3780,31.50
Pycnopygius ixoides,Plain honeyeater,120,3552,29.60
Pycnopygius stictocephalus,Streak-headed honeyeater,120,2499,20.82
Ramsayornis fasciatus,Bar-breasted honeyeater,120,6152,51.27
Ramsayornis modestus,Brown-backed honeyeater,120,5323,44.36
Stomiopera flava,Yellow honeyeater,120,11263,93.86
Stomiopera unicolor,White-gaped honeyeater,120,7456,62.13
Stresemannia bougainvillei,Bougainville honeyeater,120,3341,27.84
Sugomel nigrum,Black honeyeater,120,72058,600.48
Timeliopsis fulvigula,Olive straightbill,120,2632,21.93
Timeliopsis griseigula,Tawny straightbill,120,2124,17.70
Trichodere cockerelli,White-streaked honeyeater,120,7525,62.71
Vosea whitemanensis,Gilliard's honeyeater,72,2238,31.08
Xanthotis flaviventer,Tawny-breasted honeyeater,120,3948,32.90
Xanthotis macleayanus,Macleay's honeyeater,120,7834,65.28
Xanthotis polygrammus,Spotted honeyeater,120,2823,23.52
Menura alberti,Albert's lyrebird,120,70746,589.55
Menura novaehollandiae,Superb lyrebird,120,288754,2406.28
Allenia fusca,Scaly-breasted thrasher,120,11685,97.38
Cinclocerthia gutturalis,Grey trembler,120,9586,79.88
Cinclocerthia ruficauda,Brown trembler,120,12269,102.24
Dumetella carolinensis,Gray catbird,120,985664,8213.87
Margarops fuscatus,Pearly-eyed thrasher,120,43363,361.36
Melanoptila glabrirostris,Black catbird,120,63101,525.84
Melanotis caerulescens,Blue mockingbird,120,53713,447.61
Melanotis hypoleucus,Blue-and-white mockingbird,120,24741,206.18
Mimus dorsalis,Brown-backed mockingbird,120,41336,344.47
Mimus gilvus,Tropical mockingbird,120,118186,984.88
Mimus graysoni,Socorro mockingbird,120,53275,443.96
Mimus gundlachii,Bahama mockingbird,120,40602,338.35
Mimus longicaudatus,Long-tailed mockingbird,120,39763,331.36
Mimus macdonaldi,Española mockingbird,120,3837,31.98
Mimus melanotis,San Cristóbal mockingbird,120,19128,159.40
Mimus parvulus,Galápagos mockingbird,120,44660,372.17
Mimus patagonicus,Patagonian mockingbird,120,23899,199.16
Mimus polyglottos,Northern mockingbird,120,1900717,15839.31
Mimus saturninus,Chalk-browed mockingbird,120,45888,382.40
Mimus thenca,Chilean mockingbird,120,25669,213.91
Mimus trifasciatus,Floreana mockingbird,120,58261,485.51
Mimus triurus,White-banded mockingbird,120,28565,238.04
Oreoscoptes montanus,Sage thrasher,120,106634,888.62
Ramphocinclus brachyurus,Martinique thrasher,15,947,63.13
Toxostoma bendirei,Bendire's thrasher,120,29535,246.12
Toxostoma cinereum,Gray thrasher,120,9497,79.14
Toxostoma crissale,Crissal thrasher,120,27401,228.34
Toxostoma curvirostre,Curve-billed thrasher,120,126800,1056.67
Toxostoma guttatum,Cozumel thrasher,120,51091,425.76
Toxostoma lecontei,LeConte's thrasher,102,24667,241.83
Toxostoma longirostre,Long-billed thrasher,120,39034,325.28
Toxostoma ocellatum,Ocellated thrasher,120,7535,62.79
Toxostoma redivivum,California thrasher,120,62842,523.68
Toxostoma rufum,Brown thrasher,120,1019462,8495.52
Lamprospiza melanoleuca,Red-billed pied tanager,120,7194,59.95
Mitrospingus cassinii,Dusky-faced tanager,120,6569,54.74
Mitrospingus oleagineus,Olive-backed tanager,120,3206,26.72
Orthogonys chloricterus,Olive-green tanager,120,9906,82.55
Arcanator orostruthus,,0,,
Kakamega poliothorax,Grey-chested babbler,120,6088,50.73
Modulatrix stictigula,,0,,
Mohoua albicilla,Whitehead (bird),120,44469,370.57
Mohoua novaeseelandiae,,0,,
Mohoua ochrocephala,Yellowhead (bird),120,66912,557.60
Arses insularis,Ochre-collared monarch,120,3892,32.43
Arses kaupi,Pied monarch,120,10404,86.70
Arses lorealis,Frill-necked monarch,120,8731,72.76
Arses telescopthalmus,Frilled monarch,120,7134,59.45
Carterornis castus,Tanimbar monarch,108,1242,11.50
Carterornis chrysomela,Golden monarch,120,8170,68.08
Carterornis leucotis,White-eared monarch,120,5354,44.62
Carterornis pileatus,White-naped monarch,120,3459,28.82
Chasiempis ibidis,Oʻahu ʻelepaio,120,6029,50.24
Chasiempis sandwichensis,Hawaiʻi ʻelepaio,120,13451,112.09
Chasiempis sclateri,Kauaʻi ʻelepaio,120,15501,129.18
Clytorhynchus hamlini,Rennell shrikebill,120,3494,29.12
Clytorhynchus nigrogularis,Black-throated shrikebill,120,4236,35.30
Clytorhynchus pachycephaloides,Southern shrikebill,120,4541,37.84
Clytorhynchus sanctaecrucis,Santa Cruz shrikebill,111,2664,24.00
Clytorhynchus vitiensis,Fiji shrikebill,120,7729,64.41
Grallina bruijnii,,0,,
Grallina cyanoleuca,,0,,
Hypothymis azurea,Black-naped monarch,120,202556,1687.97
Hypothymis coelestis,Celestial monarch,120,21042,175.35
Hypothymis helenae,Short-crested monarch,120,5595,46.62
Hypothymis puella,Pale-blue monarch,120,7252,60.43
Mayrornis lessoni,Slaty monarch,120,4804,40.03
Mayrornis schistaceus,Vanikoro monarch,120,3741,31.18
Mayrornis versicolor,Ogea monarch,120,2217,18.48
Metabolus godeffroyi,Yap monarch,120,6182,51.52
Metabolus rugensis,Chuuk monarch,120,6040,50.33
Metabolus takatsukasae,Tinian monarch,120,13725,114.38
Monarcha castaneiventris,Chestnut-bellied monarch,120,4904,40.87
Monarcha cinerascens,Island monarch,120,9475,78.96
Monarcha frater,Black-winged monarch,120,4931,41.09
Monarcha megarhynchus,,0,,
Monarcha melanopsis,Black-faced monarch,120,17453,145.44
Monarcha richardsii,White-capped monarch,120,3087,25.73
Monarcha ugiensis,Chestnut-bellied monarch,120,4904,40.87
Myiagra albiventris,Samoan flycatcher,120,5090,42.42
Myiagra alecto,Shining flycatcher,120,10717,89.31
Myiagra atra,Biak black flycatcher,120,2601,21.68
Myiagra azureocapilla,Azure-crested flycatcher,120,6904,57.53
Myiagra caledonica,Melanesian flycatcher,120,5212,43.43
Myiagra castaneigularis,Chestnut-throated flycatcher,110,3819,34.72
Myiagra cervinicauda,Makira flycatcher,120,2660,22.17
Myiagra cervinicolor,Velvet flycatcher,120,3185,26.54
Myiagra cyanoleuca,Satin flycatcher,120,12537,104.47
Myiagra eichhorni,Velvet flycatcher,120,3185,26.54
Myiagra erythrops,Palau flycatcher,120,4979,41.49
Myiagra ferrocyanea,Steel-blue flycatcher,120,4242,35.35
Myiagra galeata,Moluccan flycatcher,120,3084,25.70
Myiagra hebetior,Mussau flycatcher,103,1303,12.65
Myiagra inquieta,Restless flycatcher,120,32136,267.80
Myiagra nana,Paperbark flycatcher,120,7132,59.43
Myiagra oceanica,Chuuk flycatcher,100,713,7.13
Myiagra pluto,Pohnpei flycatcher,120,5706,47.55
Myiagra rubecula,Leaden flycatcher,120,22794,189.95
Myiagra ruficollis,Broad-billed flycatcher,120,7556,62.97
Myiagra vanikorensis,Vanikoro flycatcher,120,6274,52.28
Neolalage banksiana,Buff-bellied monarch,120,6248,52.07
Pomarea dimidiata,Rarotonga monarch,120,15834,131.95
Pomarea iphis,Iphis monarch,120,7139,59.49
Pomarea mendozae,Marquesan monarch,120,5371,44.76
Pomarea mira,Ua Pou monarch,120,9830,81.92
Pomarea nigra,Tahiti monarch,120,13619,113.49
Pomarea whitneyi,Fatu Hiva monarch,120,8222,68.52
Symposiachrus ateralbus,,0,,
Symposiachrus axillaris,Black monarch,120,5835,48.62
Symposiachrus barbatus,Solomons monarch,120,3183,26.52
Symposiachrus boanensis,Boano monarch,103,2132,20.70
Symposiachrus brehmii,Biak monarch,120,3800,31.67
Symposiachrus browni,Kolombangara monarch,120,3764,31.37
Symposiachrus everetti,Tanahjampea monarch,48,1464,30.50
Symposiachrus guttula,Spot-winged monarch,120,2856,23.80
Symposiachrus infelix,Manus monarch,120,4432,36.93
Symposiachrus julianae,Kofiau monarch,120,3314,27.62
Symposiachrus leucurus,Kai monarch,103,1069,10.38
Symposiachrus loricatus,Buru monarch,103,1275,12.38
Symposiachrus malaitae,Malaita monarch,108,513,4.75
Symposiachrus manadensis,Hooded monarch,120,5052,42.10
Symposiachrus menckei,Mussau monarch,120,2425,20.21
Symposiachrus mundus,Banda Sea monarch,16,473,29.56
Symposiachrus rubiensis,Rufous monarch,120,3997,33.31
Symposiachrus sacerdotum,Flores monarch,120,3878,32.32
Symposiachrus trivirgatus,Spectacled monarch,120,9556,79.63
Symposiachrus verticalis,Bismarck monarch,96,510,5.31
Symposiachrus vidua,White-collared monarch,120,2641,22.01
Terpsiphone affinis,Blyth's paradise flycatcher,109,22198,203.65
Terpsiphone atrocaudata,Black paradise flycatcher,120,8991,74.92
Terpsiphone atrochalybeia,São Tomé paradise flycatcher,120,4679,38.99
Terpsiphone batesi,Bates's paradise flycatcher,120,5681,47.34
Terpsiphone bedfordi,Bedford's paradise flycatcher,120,6257,52.14
Terpsiphone bourbonnensis,Mascarene paradise flycatcher,120,15432,128.60
Terpsiphone cinnamomea,Rufous paradise flycatcher,120,7962,66.35
Terpsiphone corvina,Seychelles paradise flycatcher,120,31404,261.70
Terpsiphone cyanescens,Blue paradise flycatcher,120,7660,63.83
Terpsiphone floris,Tenggara paradise flycatcher,54,2361,43.72
Terpsiphone incei,Amur paradise flycatcher,120,27210,226.75
Terpsiphone mutata,Malagasy paradise flycatcher,120,14352,119.60
Terpsiphone paradisi,Indian paradise flycatcher,120,375392,3128.27
Terpsiphone rufiventer,Red-bellied paradise flycatcher,120,17540,146.17
Terpsiphone rufocinerea,Rufous-vented paradise flycatcher,120,5320,44.33
Terpsiphone unirufa,Rufous paradise flycatcher,120,7962,66.35
Terpsiphone viridis,African paradise flycatcher,120,72009,600.08
Trochocercus bivittatus,Blue-mantled crested flycatcher,120,8947,74.56
Trochocercus cyanomelas,Blue-mantled crested flycatcher,120,8947,74.56
Trochocercus nitens,Blue-headed crested flycatcher,120,4854,40.45
Amaurocichla bocagii,São Tomé shorttail,120,8733,72.78
Anthus antarcticus,South Georgia pipit,120,56722,472.68
Anthus berthelotii,Berthelot's pipit,120,24476,203.97
Anthus bogotensis,Paramo pipit,120,3853,32.11
Anthus brachyurus,Short-tailed pipit,120,4314,35.95
Anthus caffer,Bushveld pipit,120,4528,37.73
Anthus campestris,Tawny pipit,120,51947,432.89
Anthus cervinus,Red-throated pipit,120,51298,427.48
Anthus chacoensis,Pampas pipit,120,3333,27.77
Anthus cinnamomeus,African pipit,120,20378,169.82
Anthus correndera,Correndera pipit,120,7637,63.64
Anthus crenatus,African rock pipit,120,6844,57.03
Anthus furcatus,Short-billed pipit,120,4092,34.10
Anthus godlewskii,Blyth's pipit,120,19650,163.75
Anthus gustavi,Pechora pipit,120,16707,139.22
Anthus gutturalis,Alpine pipit,120,5201,43.34
Anthus hellmayri,Hellmayr's pipit,120,4396,36.63
Anthus hodgsoni,Olive-backed pipit,120,46874,390.62
Anthus hoeschi,Mountain pipit,120,8471,70.59
Anthus leucophrys,Plain-backed pipit,120,9200,76.67
Anthus lineiventris,Striped pipit,120,6209,51.74
Anthus lutescens,Yellowish pipit,120,6451,53.76
Anthus melindae,Malindi pipit,120,3362,28.02
Anthus nattereri,Ochre-breasted pipit,120,3943,32.86
Anthus nilghiriensis,Nilgiri pipit,120,29123,242.69
Anthus novaeseelandiae,New Zealand pipit,120,12532,104.43
Anthus nyassae,Wood pipit,120,5154,42.95
Anthus pallidiventris,Long-legged pipit,120,3335,27.79
Anthus peruvianus,Peruvian pipit,96,2475,25.78
Anthus petrosus,European rock pipit,60,68381,1139.68
Anthus pratensis,Meadow pipit,120,219154,1826.28
Anthus richardi,Richard's pipit,120,53539,446.16
Anthus roseatus,Rosy pipit,120,11096,92.47
Anthus rubescens,American pipit,120,49520,412.67
Anthus rufulus,Paddyfield pipit,120,57604,480.03
Anthus similis,Long-billed pipit,120,24024,200.20
Anthus sokokensis,Sokoke pipit,120,5037,41.98
Anthus spinoletta,Water pipit,120,123458,1028.82
Anthus spragueii,Sprague's pipit,120,52139,434.49
Anthus sylvanus,Upland pipit,120,6490,54.08
Anthus trivialis,Tree pipit,120,150911,1257.59
Anthus vaalensis,Buffy pipit,120,8431,70.26
Dendronanthus indicus,Forest wagtail,120,37124,309.37
Hemimacronyx chloris,Yellow-breasted pipit,120,8460,70.50
Macronyx ameliae,Rosy-throated longclaw,120,17122,142.68
Macronyx aurantiigula,Pangani longclaw,120,6380,53.17
Macronyx capensis,Cape longclaw,120,14160,118.00
Macronyx croceus,Yellow-throated longclaw,120,26085,217.38
Macronyx flavicollis,Abyssinian longclaw,120,12034,100.28
Macronyx fuelleborni,Fülleborn's longclaw,120,4948,41.23
Macronyx grimwoodi,Grimwood's longclaw,120,4634,38.62
Macronyx sharpei,Sharpe's longclaw,120,11104,92.53
Madanga ruficollis,,0,,
Motacilla aguimp,African pied wagtail,120,49936,416.13
Motacilla alba,White wagtail,120,693765,5781.38
Motacilla capensis,Cape wagtail,120,45103,375.86
Motacilla cinerea,Grey wagtail,120,308803,2573.36
Motacilla citreola,Citrine wagtail,120,73530,612.75
Motacilla clara,Mountain wagtail,120,15226,126.88
Motacilla flava,Western yellow wagtail,120,294180,2451.50
Motacilla flaviventris,Madagascar wagtail,120,5107,42.56
Motacilla grandis,Japanese wagtail,120,46218,385.15
Motacilla maderaspatensis,White-browed wagtail,120,78148,651.23
Motacilla samveasnae,Mekong wagtail,120,12072,100.60
Motacilla tschutschensis,Eastern yellow wagtail,120,63664,530.53
Tmetothylacus tenellus,Golden pipit,120,12778,106.48
Agricola infuscatus,Chat flycatcher,120,7025,58.54
Agricola pallidus,Pale flycatcher,120,8793,73.28
Alethe castanea,Fire-crested alethe,120,5799,48.33
Alethe diademata,White-tailed alethe,120,4984,41.53
Anthipes monileger,White-gorgeted flycatcher,120,6597,54.98
Anthipes solitaris,Rufous-browed flycatcher,120,5934,49.45
Brachypteryx cruralis,Himalayan shortwing,84,3582,42.64
Brachypteryx erythrogyna,Bornean shortwing,38,978,25.74
Brachypteryx floris,Flores shortwing,38,757,19.92
Brachypteryx goodfellowi,Taiwan shortwing,84,2514,29.93
Brachypteryx hyperythra,Rusty-bellied shortwing,120,6323,52.69
Brachypteryx leucophris,Lesser shortwing,120,13580,113.17
Brachypteryx montana,Javan shortwing,38,1841,48.45
Brachypteryx poliogyna,Philippine shortwing,38,1110,29.21
Brachypteryx saturata,Sumatran shortwing,38,718,18.89
Brachypteryx sinensis,Chinese shortwing,84,1855,22.08
Bradornis boehmi,Böhm's flycatcher,120,3390,28.25
Bradornis comitatus,Dusky-blue flycatcher,120,4488,37.40
Bradornis fuliginosus,Sooty flycatcher,120,3341,27.84
Bradornis mariquensis,Marico flycatcher,120,6359,52.99
Bradornis microrhynchus,African grey flycatcher,120,8781,73.17
Bradornis ussheri,Ussher's flycatcher,120,2642,22.02
Calliope calliope,Siberian rubythroat,120,60095,500.79
Calliope obscura,,0,,
Calliope pectardens,,0,,
Calliope pectoralis,Himalayan rubythroat,120,16155,134.62
Calliope tschebaiewi,Chinese rubythroat,106,8170,77.08
Campicoloides bifasciatus,Buff-streaked chat,120,6769,56.41
Cercotrichas galactotes,Rufous-tailed scrub robin,120,41101,342.51
Cercotrichas hartlaubi,Brown-backed scrub robin,120,3505,29.21
Cercotrichas leucophrys,White-browed scrub robin,120,20422,170.18
Cercotrichas paena,Kalahari scrub robin,120,7503,62.52
Cercotrichas podobe,Black scrub robin,120,9538,79.48
Chamaetylas choloensis,Thyolo alethe,120,7724,64.37
Chamaetylas fuelleborni,White-chested alethe,120,3857,32.14
Chamaetylas poliocephala,Brown-chested alethe,120,4890,40.75
Chamaetylas poliophrys,Red-throated alethe,120,4152,34.60
Cichladusa arquata,Collared palm thrush,120,6436,53.63
Cichladusa guttata,Spotted palm thrush,120,7233,60.27
Cichladusa ruficauda,Rufous-tailed palm thrush,120,4173,34.77
Cinclidium frontale,Blue-fronted robin,120,11102,92.52
Copsychus albospecularis,Madagascar magpie-robin,120,7792,64.93
Copsychus mindanensis,Philippine magpie-robin,120,16070,133.92
Copsychus pica,,0,,
Copsychus saularis,Oriental magpie-robin,120,517389,4311.57
Copsychus sechellarum,Seychelles magpie-robin,120,21949,182.91
Cossypha albicapillus,White-crowned robin-chat,120,12210,101.75
Cossypha cyanocampter,Blue-shouldered robin-chat,120,4658,38.82
Cossypha dichroa,Chorister robin-chat,120,9771,81.42
Cossypha heinrichi,White-headed robin-chat,120,11836,98.63
Cossypha heuglini,White-browed robin-chat,120,46927,391.06
Cossypha natalensis,Red-capped robin-chat,120,20897,174.14
Cossypha niveicapilla,Snowy-crowned robin-chat,120,17150,142.92
Cossypha semirufa,Rüppell's robin-chat,120,7766,64.72
Cossyphicula roberti,White-bellied robin-chat,120,3649,30.41
Cyanecula svecica,,0,,
Cyanoptila cumatilis,Zappey's flycatcher,120,9490,79.08
Cyanoptila cyanomelana,Blue-and-white flycatcher,120,46440,387.00
Cyornis banyumas,Javan blue flycatcher,79,4340,54.94
Cyornis brunneatus,Brown-chested jungle flycatcher,120,8068,67.23
Cyornis caerulatus,Sunda blue flycatcher,120,3279,27.32
Cyornis camarinensis,Rufous-breasted blue flycatcher,38,1167,30.71
Cyornis colonus,Sula jungle flycatcher,91,2141,23.53
Cyornis concretus,White-tailed flycatcher,120,5117,42.64
Cyornis djampeanus,Sulawesi blue flycatcher,120,3408,28.40
Cyornis glaucicomans,Chinese blue flycatcher,120,7930,66.08
Cyornis hainanus,Hainan blue flycatcher,120,10779,89.83
Cyornis herioti,Blue-breasted blue flycatcher,120,4015,33.46
Cyornis hoevelli,Blue-fronted blue flycatcher,120,3078,25.65
Cyornis hyacinthinus,Timor blue flycatcher,120,3294,27.45
Cyornis lemprieri,Palawan blue flycatcher,120,4706,39.22
Cyornis magnirostris,Large blue flycatcher,120,5618,46.82
Cyornis nicobaricus,Nicobar jungle flycatcher,120,5605,46.71
Cyornis olivaceus,Fulvous-chested jungle flycatcher,120,5350,44.58
Cyornis omissus,Sulawesi blue flycatcher,120,3408,28.40
Cyornis oscillans,Flores jungle flycatcher,54,1132,20.96
Cyornis pallidipes,White-bellied blue flycatcher,120,20555,171.29
Cyornis poliogenys,Pale-chinned flycatcher,9,240,26.67
Cyornis rubeculoides,Blue-throated blue flycatcher,120,23456,195.47
Cyornis ruckii,Rück's blue flycatcher,120,14095,117.46
Cyornis ruficauda,Philippine jungle flycatcher,54,1668,30.89
Cyornis rufigastra,Mangrove blue flycatcher,120,11354,94.62
Cyornis sanfordi,Matinan blue flycatcher,120,3943,32.86
Cyornis stresemanni,Sumba jungle flycatcher,70,989,14.13
Cyornis sumatrensis,Indochinese blue flycatcher,79,6064,76.76
Cyornis superbus,Bornean blue flycatcher,120,4528,37.73
Cyornis tickelliae,Tickell's blue flycatcher,120,71116,592.63
Cyornis turcosus,Malaysian blue flycatcher,120,6835,56.96
Cyornis umbratilis,Grey-chested jungle flycatcher,120,4465,37.21
Cyornis unicolor,Pale blue flycatcher,120,12580,104.83
Dessonornis anomalus,Olive-flanked ground robin,120,2987,24.89
Dessonornis archeri,Archer's ground robin,120,5124,42.70
Dessonornis caffer,Cape robin-chat,120,104165,868.04
Dessonornis humeralis,White-throated robin-chat,120,9496,79.13
Dessonornis macclounii,,0,,
Dessonornis mbuluensis,,0,,
Emarginata schlegelii,Karoo chat,120,6449,53.74
Emarginata sinuata,Sickle-winged chat,120,5496,45.80
Emarginata tractrac,Tractrac chat,120,7724,64.37
Enicurus immaculatus,Black-backed forktail,120,12525,104.38
Enicurus leschenaulti,White-crowned forktail,120,13553,112.94
Enicurus maculatus,Spotted forktail,120,12707,105.89
Enicurus ruficapillus,Chestnut-naped forktail,120,6844,57.03
Enicurus schistaceus,Slaty-backed forktail,120,10816,90.13
Enicurus scouleri,Little forktail,120,12399,103.33
Enicurus velatus,Sunda forktail,120,5060,42.17
Erithacus rubecula,European robin,120,3075377,25628.14
Eumyias additus,Buru jungle flycatcher,54,1360,25.19
Eumyias albicaudatus,Nilgiri flycatcher,120,37712,314.27
Eumyias indigo,Indigo flycatcher,120,8177,68.14
Eumyias panayensis,Turquoise flycatcher,120,4701,39.17
Eumyias ruficrissa,,0,,
Eumyias sordidus,Dull-blue flycatcher,120,13177,109.81
Eumyias thalassinus,Verditer flycatcher,120,58053,483.77
Ficedula albicilla,Taiga flycatcher,120,50258,418.82
Ficedula albicollis,Collared flycatcher,120,66135,551.12
Ficedula basilanica,Little slaty flycatcher,120,5295,44.12
Ficedula bonthaina,Lompobattang flycatcher,120,3200,26.67
Ficedula buruensis,Cinnamon-chested flycatcher,120,2843,23.69
Ficedula crypta,Cryptic flycatcher,120,3567,29.73
Ficedula disposita,Furtive flycatcher,120,3098,25.82
Ficedula dumetoria,Rufous-chested flycatcher,120,4877,40.64
Ficedula elisae,Green-backed flycatcher,120,7998,66.65
Ficedula erithacus,Slaty-backed flycatcher,120,7759,64.66
Ficedula harterti,Sumba flycatcher,120,3848,32.07
Ficedula henrici,Damar flycatcher,120,3779,31.49
Ficedula hodgsoni,Pygmy flycatcher,120,5354,44.62
Ficedula hyperythra,Snowy-browed flycatcher,120,13042,108.68
Ficedula hypoleuca,European pied flycatcher,120,267035,2225.29
Ficedula luzoniensis,Bundok flycatcher,109,3597,33.00
Ficedula mugimaki,Mugimaki flycatcher,120,19626,163.55
Ficedula narcissina,Narcissus flycatcher,120,48141,401.18
Ficedula nigrorufa,Black-and-orange flycatcher,120,34039,283.66
Ficedula owstoni,Ryukyu flycatcher,54,2618,48.48
Ficedula parva,Red-breasted flycatcher,120,107175,893.12
Ficedula platenae,Palawan flycatcher,120,8215,68.46
Ficedula riedeli,Tanimbar flycatcher,120,2569,21.41
Ficedula ruficauda,Rusty-tailed flycatcher,120,10998,91.65
Ficedula rufigula,Rufous-throated flycatcher,120,2960,24.67
Ficedula sapphira,Sapphire flycatcher,120,7551,62.92
Ficedula semitorquata,Semicollared flycatcher,120,16544,137.87
Ficedula strophiata,Rufous-gorgeted flycatcher,120,9633,80.28
Ficedula subrubra,Kashmir flycatcher,120,29493,245.78
Ficedula superciliaris,Ultramarine flycatcher,120,48472,403.93
Ficedula timorensis,Black-banded flycatcher,120,3462,28.85
Ficedula tricolor,Slaty-blue flycatcher,120,9856,82.13
Ficedula westermanni,Little pied flycatcher,120,13324,111.03
Ficedula zanthopygia,Yellow-rumped flycatcher,120,19750,164.58
Fraseria caerulescens,Ashy flycatcher,120,12862,107.18
Fraseria cinerascens,White-browed forest flycatcher,120,2947,24.56
Fraseria griseigularis,Grey-throated tit-flycatcher,120,3555,29.62
Fraseria lendu,Chapin's flycatcher,120,4537,37.81
Fraseria ocreata,Fraser's forest flycatcher,120,3346,27.88
Fraseria olivascens,Olivaceous flycatcher,120,2654,22.12
Fraseria plumbea,Grey tit-flycatcher,120,8106,67.55
Fraseria tessmanni,Tessmann's flycatcher,120,2466,20.55
Heinrichia calligyna,Great shortwing,120,4829,40.24
Heinrichia simplex,,0,,
Heteroxenicus stellatus,Gould's shortwing,120,9171,76.42
Hodgsonius phaenicuroides,White-bellied redstart,120,15769,131.41
Humblotia flavirostris,Humblot's flycatcher,120,7376,61.47
Irania gutturalis,White-throated robin,120,26961,224.68
Kittacincla albiventris,Andaman shama,120,11215,93.46
Kittacincla cebuensis,Black shama,120,27720,231.00
Kittacincla luzoniensis,White-browed shama,120,7454,62.12
Kittacincla malabarica,White-rumped shama,120,223585,1863.21
Kittacincla nigra,White-vented shama,120,9498,79.15
Kittacincla superciliaris,White-browed shama,120,7454,62.12
Larvivora akahige,Japanese robin,120,87205,726.71
Larvivora brunnea,Indian blue robin,120,68344,569.53
Larvivora cyane,Siberian blue robin,120,71597,596.64
Larvivora komadori,Ryukyu robin,120,35096,292.47
Larvivora namiyei,Okinawa robin,54,4831,89.46
Larvivora ruficeps,Rufous-headed robin,120,7546,62.88
Larvivora sibilans,Rufous-tailed robin,120,23334,194.45
Larvivora tanensis,Izu robin,38,2222,58.47
Luscinia luscinia,Thrush nightingale,120,234144,1951.20
Luscinia megarhynchos,Common nightingale,120,2565762,21381.35
Melaenornis annamarulae,Nimba flycatcher,120,3231,26.93
Melaenornis ardesiacus,Yellow-eyed black flycatcher,120,2808,23.40
Melaenornis brunneus,Angola slaty flycatcher,120,1439,11.99
Melaenornis chocolatinus,Abyssinian slaty flycatcher,120,7098,59.15
Melaenornis edolioides,Northern black flycatcher,120,6260,52.17
Melaenornis fischeri,White-eyed slaty flycatcher,120,13097,109.14
Melaenornis herero,Herero chat,120,5731,47.76
Melaenornis pammelaina,Southern black flycatcher,120,16425,136.88
Melaenornis semipartitus,Silverbird (bird),120,47432,395.27
Melaenornis silens,Fiscal flycatcher,120,13301,110.84
Monticola angolensis,Miombo rock thrush,120,3834,31.95
Monticola brevipes,Short-toed rock thrush,120,5694,47.45
Monticola cinclorhyncha,Blue-capped rock thrush,120,24201,201.68
Monticola erythronotus,Amber Mountain rock thrush,120,9026,75.22
Monticola explorator,Sentinel rock thrush,120,5744,47.87
Monticola gularis,White-throated rock thrush,120,11987,99.89
Monticola imerina,Littoral rock thrush,120,4012,33.43
Monticola rufiventris,Chestnut-bellied rock thrush,120,12866,107.22
Monticola rufocinereus,Little rock thrush,120,5625,46.88
Monticola rupestris,Cape rock thrush,120,10907,90.89
Monticola saxatilis,Common rock thrush,120,43804,365.03
Monticola semirufus,White-winged cliff chat,120,5486,45.72
Monticola sharpei,Forest rock thrush,120,10845,90.38
Monticola solitarius,Blue rock thrush,120,190747,1589.56
Muscicapa adusta,African dusky flycatcher,120,18327,152.72
Muscicapa aquatica,Swamp flycatcher,120,6029,50.24
Muscicapa cassini,Cassin's flycatcher,120,4164,34.70
Muscicapa dauurica,Asian brown flycatcher,120,58724,489.37
Muscicapa epulata,Little grey flycatcher,120,2456,20.47
Muscicapa ferruginea,Ferruginous flycatcher,120,9928,82.73
Muscicapa gambagae,Gambaga flycatcher,120,5382,44.85
Muscicapa griseisticta,Grey-streaked flycatcher,120,15394,128.28
Muscicapa muttui,Brown-breasted flycatcher,120,18860,157.17
Muscicapa randi,Ashy-breasted flycatcher,120,4687,39.06
Muscicapa segregata,Sumba brown flycatcher,120,2473,20.61
Muscicapa sethsmithi,Yellow-footed flycatcher,120,2479,20.66
Muscicapa sibirica,Dark-sided flycatcher,120,23028,191.90
Muscicapa striata,Spotted flycatcher,120,276940,2307.83
Myiomela cambodiana,White-tailed robin,120,17825,148.54
Myiomela diana,Javan blue robin,60,3390,56.50
Myiomela leucura,White-tailed robin,120,17825,148.54
Myophonus blighi,Sri Lanka whistling thrush,120,13815,115.12
Myophonus borneensis,Bornean whistling thrush,120,4970,41.42
Myophonus caeruleus,Blue whistling thrush,120,75027,625.23
Myophonus castaneus,Brown-winged whistling thrush,120,3451,28.76
Myophonus glaucinus,Javan whistling thrush,120,7797,64.97
Myophonus horsfieldii,Malabar whistling thrush,120,79644,663.70
Myophonus insularis,Taiwan whistling thrush,120,20853,173.78
Myophonus melanurus,Shiny whistling thrush,120,3371,28.09
Myophonus robinsoni,Malayan whistling thrush,120,10980,91.50
Myrmecocichla aethiops,Anteater chat,120,8150,67.92
Myrmecocichla arnotti,Arnot's chat,120,7857,65.47
Myrmecocichla formicivora,Ant-eating chat,120,22078,183.98
Myrmecocichla melaena,Rüppell's black chat,120,6188,51.57
Myrmecocichla monticola,Mountain chat,120,2151,17.93
Myrmecocichla nigra,Sooty chat,120,6610,55.08
Myrmecocichla tholloni,Congo moor chat,120,3330,27.75
Niltava davidi,Fujian niltava,120,6767,56.39
Niltava grandis,Large niltava,120,14457,120.47
Niltava macgrigoriae,Small niltava,120,12478,103.98
Niltava oatesi,Chinese vivid niltava,54,1909,35.35
Niltava sumatrana,Rufous-vented niltava,120,4129,34.41
Niltava sundara,Rufous-bellied niltava,120,23079,192.32
Niltava vivida,Taiwan vivid niltava,54,3659,67.76
Oenanthe albifrons,White-fronted black chat,120,5352,44.60
Oenanthe albonigra,Hume's wheatear,120,8382,69.85
Oenanthe bottae,Buff-breasted wheatear,37,1326,35.84
Oenanthe chrysopygia,Red-tailed wheatear,120,11631,96.92
Oenanthe cypriaca,Cyprus wheatear,120,18117,150.97
Oenanthe deserti,Desert wheatear,120,39633,330.27
Oenanthe dubia,Sombre rock chat,120,3529,29.41
Oenanthe familiaris,Familiar chat,120,25391,211.59
Oenanthe finschii,Finsch's wheatear,120,11697,97.47
Oenanthe frenata,Rusty-breasted wheatear,38,1102,29.00
Oenanthe fusca,Brown rock chat,120,50470,420.58
Oenanthe heuglinii,Heuglin's wheatear,120,5390,44.92
Oenanthe hispanica,Western black-eared wheatear,72,18371,255.15
Oenanthe isabellina,Isabelline wheatear,120,43846,365.38
Oenanthe leucopyga,White-crowned wheatear,120,24144,201.20
Oenanthe leucura,Black wheatear,120,26975,224.79
Oenanthe lugens,Mourning wheatear,120,17899,149.16
Oenanthe melanura,,0,,
Oenanthe moesta,Red-rumped wheatear,120,7378,61.48
Oenanthe monacha,Hooded wheatear,120,12082,100.68
Oenanthe oenanthe,Northern wheatear,120,227741,1897.84
Oenanthe phillipsi,Somali wheatear,120,3420,28.50
Oenanthe picata,Variable wheatear,120,12574,104.78
Oenanthe pileata,Capped wheatear,120,10571,88.09
Oenanthe pleschanka,Pied wheatear,120,37046,308.72
Oenanthe scotocerca,Brown-tailed rock chat,120,4007,33.39
Oenanthe seebohmi,Atlas wheatear,56,4833,86.30
Oenanthe xanthoprymna,Kurdish wheatear,120,10661,88.84
Oreocossypha isabellae,,0,,
Phoenicurus alaschanicus,Przevalski's redstart,120,7601,63.34
Phoenicurus auroreus,Daurian redstart,120,97595,813.29
Phoenicurus bicolor,Luzon water redstart,120,7825,65.21
Phoenicurus coeruleocephala,Blue-capped redstart,120,11382,94.85
Phoenicurus erythrogastrus,Güldenstädt's redstart,120,18649,155.41
Phoenicurus erythronotus,Eversmann's redstart,120,10437,86.97
Phoenicurus frontalis,Blue-fronted redstart,120,22115,184.29
Phoenicurus fuliginosus,Plumbeous water redstart,120,36416,303.47
Phoenicurus hodgsoni,Hodgson's redstart,120,14270,118.92
Phoenicurus leucocephalus,White-capped redstart,120,30012,250.10
Phoenicurus moussieri,Moussier's redstart,120,23400,195.00
Phoenicurus ochruros,Black redstart,120,405977,3383.14
Phoenicurus phoenicurus,Common redstart,120,487680,4064.00
Phoenicurus schisticeps,White-throated redstart,120,12973,108.11
Pinarochroa sordida,Moorland chat,120,7183,59.86
Pinarornis plumosus,Boulder chat,120,6298,52.48
Pogonocichla stellata,White-starred robin,120,15809,131.74
Saxicola caprata,Pied bush chat,120,71447,595.39
Saxicola dacotiae,Canary Islands stonechat,120,13866,115.55
Saxicola ferreus,Grey bush chat,120,17620,146.83
Saxicola gutturalis,White-bellied bush chat,120,4712,39.27
Saxicola insignis,White-throated bush chat,120,9250,77.08
Saxicola jerdoni,Jerdon's bush chat,120,5784,48.20
Saxicola leucurus,White-tailed stonechat,120,8064,67.20
Saxicola macrorhynchus,White-browed bush chat,120,9537,79.47
Saxicola rubetra,,0,,
Saxicola tectes,Réunion stonechat,120,12363,103.03
Saxicola torquatus,African stonechat,120,45295,377.46
Saxicoloides fulicatus,Indian robin,120,249908,2082.57
Sheppardia aequatorialis,Equatorial akalat,120,3010,25.08
Sheppardia aurantiithorax,Rubeho akalat,120,3404,28.37
Sheppardia bocagei,Bocage's akalat,120,3321,27.68
Sheppardia cyornithopsis,Lowland akalat,120,2968,24.73
Sheppardia gabela,Gabela akalat,120,3476,28.97
Sheppardia gunningi,East coast akalat,120,4525,37.71
Sheppardia lowei,Iringa akalat,120,3004,25.03
Sheppardia montana,Usambara akalat,120,4319,35.99
Sheppardia poensis,Short-tailed akalat,54,977,18.09
Sheppardia polioptera,Grey-winged robin-chat,120,3802,31.68
Sheppardia sharpei,Sharpe's akalat,120,3186,26.55
Sholicola albiventris,White-bellied blue robin,120,20581,171.51
Sholicola major,Nilgiri blue robin,120,38151,317.93
Stiphrornis erythrothorax,Orange-breasted forest robin,38,791,20.82
Stiphrornis pyrrholaemus,Olive-backed forest robin,120,2844,23.70
Stiphrornis xanthogaster,Yellow-breasted forest robin,38,512,13.47
Swynnertonia swynnertoni,Swynnerton's robin,120,6915,57.62
Tarsiger chrysaeus,Golden bush robin,120,13999,116.66
Tarsiger cyanurus,Red-flanked bluetail,120,107582,896.52
Tarsiger hyperythrus,Rufous-breasted bush robin,120,7315,60.96
Tarsiger indicus,White-browed bush robin,120,8511,70.92
Tarsiger johnstoniae,Collared bush robin,120,26754,222.95
Tarsiger rufilatus,Himalayan bluetail,120,26575,221.46
Thamnolaea cinnamomeiventris,Mocking cliff chat,120,16090,134.08
Trichixos pyrropygus,Rufous-tailed shama,120,9542,79.52
Tychaedon barbata,,0,,
Tychaedon coryphoeus,,0,,
Tychaedon leucosticta,Forest scrub robin,120,3707,30.89
Tychaedon quadrivirgata,,0,,
Tychaedon signata,,0,,
Vauriella albigularis,White-throated jungle flycatcher,120,4622,38.52
Vauriella goodfellowi,Slaty-backed jungle flycatcher,120,3044,25.37
Vauriella gularis,Eyebrowed jungle flycatcher,120,6409,53.41
Vauriella insignis,White-browed jungle flycatcher,120,2947,24.56
Xenocopsychus ansorgei,Angola cave chat,120,2491,20.76
Aethopyga bella,Handsome sunbird,120,8141,67.84
Aethopyga boltoni,Apo sunbird,120,8351,69.59
Aethopyga christinae,Fork-tailed sunbird,120,12350,102.92
Aethopyga duyvenbodei,Elegant sunbird,120,7794,64.95
Aethopyga eximia,White-flanked sunbird,120,4711,39.26
Aethopyga flagrans,Flaming sunbird,120,7331,61.09
Aethopyga gouldiae,Mrs. Gould's sunbird,120,31744,264.53
Aethopyga guimarasensis,Maroon-naped sunbird,120,4860,40.50
Aethopyga ignicauda,Fire-tailed sunbird,120,25362,211.35
Aethopyga latouchii,,0,,
Aethopyga linaraborae,Lina's sunbird,120,6794,56.62
Aethopyga magnifica,Magnificent sunbird,120,10516,87.63
Aethopyga mystacalis,Javan sunbird,120,8270,68.92
Aethopyga nipalensis,Green-tailed sunbird,120,19468,162.23
Aethopyga primigenia,Grey-hooded sunbird,120,4849,40.41
Aethopyga pulcherrima,Metallic-winged sunbird,120,6525,54.38
Aethopyga saturata,Black-throated sunbird,120,13621,113.51
Aethopyga shelleyi,Lovely sunbird,120,7184,59.87
Aethopyga siparaja,Crimson sunbird,120,108204,901.70
Aethopyga temminckii,Temminck's sunbird,120,8601,71.67
Aethopyga vigorsii,Vigors's sunbird,120,23887,199.06
Anabathmis hartlaubii,Príncipe sunbird,120,4667,38.89
Anabathmis newtonii,Newton's sunbird,120,5339,44.49
Anabathmis reichenbachii,Reichenbach's sunbird,120,4776,39.80
Anthobaphes violacea,Orange-breasted sunbird,120,70331,586.09
Anthreptes anchietae,Anchieta's sunbird,120,6732,56.10
Anthreptes aurantius,Violet-tailed sunbird,120,4644,38.70
Anthreptes gabonicus,Mangrove sunbird,120,4940,41.17
Anthreptes griseigularis,Grey-throated sunbird,120,4853,40.44
Anthreptes longuemarei,Western violet-backed sunbird,120,9047,75.39
Anthreptes malacensis,Brown-throated sunbird,120,33673,280.61
Anthreptes neglectus,Uluguru violet-backed sunbird,120,4853,40.44
Anthreptes orientalis,Eastern violet-backed sunbird,120,6551,54.59
Anthreptes rectirostris,Yellow-chinned sunbird,56,1785,31.88
Anthreptes reichenowi,Plain-backed sunbird,120,8518,70.98
Anthreptes rhodolaemus,Red-throated sunbird,120,8044,67.03
Anthreptes rubritorques,Banded green sunbird,120,5021,41.84
Anthreptes seimundi,Little green sunbird,120,8527,71.06
Anthreptes simplex,Plain sunbird,120,8499,70.83
Anthreptes tephrolaemus,Grey-chinned sunbird,120,3933,32.77
Arachnothera affinis,Streaky-breasted spiderhunter,120,5982,49.85
Arachnothera chrysogenys,Yellow-eared spiderhunter,120,7557,62.98
Arachnothera clarae,Naked-faced spiderhunter,120,6137,51.14
Arachnothera crassirostris,Thick-billed spiderhunter,120,5842,48.68
Arachnothera dilutior,Pale spiderhunter,120,5415,45.12
Arachnothera flammifera,Orange-tufted spiderhunter,120,6415,53.46
Arachnothera flavigaster,Spectacled spiderhunter,120,10819,90.16
Arachnothera juliae,Whitehead's spiderhunter,120,7688,64.07
Arachnothera longirostra,Little spiderhunter,120,52528,437.73
Arachnothera magna,Streaked spiderhunter,120,26872,223.93
Arachnothera modesta,Grey-breasted spiderhunter,120,5491,45.76
Arachnothera robusta,Long-billed spiderhunter,120,7994,66.62
Chalcomitra adelberti,Buff-throated sunbird,120,5594,46.62
Chalcomitra amethystina,Amethyst sunbird,120,31090,259.08
Chalcomitra balfouri,Socotra sunbird,120,29721,247.68
Chalcomitra fuliginosa,Carmelite sunbird,120,4909,40.91
Chalcomitra hunteri,Hunter's sunbird,120,6357,52.98
Chalcomitra rubescens,Green-throated sunbird,120,5807,48.39
Chalcomitra senegalensis,Scarlet-chested sunbird,120,39576,329.80
Chalcoparia singalensis,Ruby-cheeked sunbird,120,19718,164.32
Cinnyris afer,Greater double-collared sunbird,120,19789,164.91
Cinnyris asiaticus,Purple sunbird,120,252279,2102.32
Cinnyris batesi,Bates's sunbird,120,3792,31.60
Cinnyris bifasciatus,Purple-banded sunbird,120,9689,80.74
Cinnyris bouvieri,Orange-tufted sunbird,120,7957,66.31
Cinnyris buettikoferi,Apricot-breasted sunbird,120,7869,65.58
Cinnyris chalcomelas,Violet-breasted sunbird,120,3371,28.09
Cinnyris chalybeus,Southern double-collared sunbird,120,47630,396.92
Cinnyris chloropygius,Olive-bellied sunbird,120,11318,94.32
Cinnyris coccinigastrus,Splendid sunbird,120,14942,124.52
Cinnyris comorensis,Anjouan sunbird,120,4709,39.24
Cinnyris congensis,Congo sunbird,120,4983,41.52
Cinnyris coquerellii,Mayotte sunbird,120,4063,33.86
Cinnyris cupreus,Copper sunbird,120,14444,120.37
Cinnyris dussumieri,Seychelles sunbird,120,13322,111.02
Cinnyris erythrocercus,Red-chested sunbird,120,8071,67.26
Cinnyris fuelleborni,Forest double-collared sunbird,92,2168,23.57
Cinnyris fuscus,Dusky sunbird,120,8190,68.25
Cinnyris gertrudis,Western miombo sunbird,96,969,10.09
Cinnyris habessinicus,Abyssinian sunbird,13,1109,85.31
Cinnyris hellmayri,Arabian sunbird,48,3207,66.81
Cinnyris humbloti,Humblot's sunbird,120,4714,39.28
Cinnyris idenburgi,Mamberamo sunbird,24,1004,41.83
Cinnyris johannae,Johanna's sunbird,120,4094,34.12
Cinnyris jugularis,Garden sunbird,26,34749,1336.50
Cinnyris lotenius,Loten's sunbird,120,59900,499.17
Cinnyris loveridgei,Loveridge's sunbird,120,4003,33.36
Cinnyris ludovicensis,Ludwig's double-collared sunbird,120,5167,43.06
Cinnyris manoensis,Eastern miombo sunbird,96,1911,19.91
Cinnyris mariquensis,Marico sunbird,120,12892,107.43
Cinnyris mediocris,Eastern double-collared sunbird,120,6202,51.68
Cinnyris melanogastrus,Gorgeous sunbird,13,569,43.77
Cinnyris minullus,Tiny sunbird,120,6930,57.75
Cinnyris moebii,Malagasy green sunbird,120,6035,50.29
Cinnyris moreaui,Moreau's sunbird,120,3933,32.77
Cinnyris nectarinioides,Black-bellied sunbird,120,8154,67.95
Cinnyris neergaardi,Neergaard's sunbird,120,6141,51.17
Cinnyris notatus,Malagasy green sunbird,120,6035,50.29
Cinnyris osea,Palestine sunbird,120,194128,1617.73
Cinnyris oustaleti,Oustalet's sunbird,120,3369,28.07
Cinnyris pembae,Pemba sunbird,120,5530,46.08
Cinnyris prigoginei,Prigogine's double-collared sunbird,120,3628,30.23
Cinnyris pulchellus,Beautiful sunbird,120,23441,195.34
Cinnyris regius,Regal sunbird,120,11268,93.90
Cinnyris reichenowi,Northern double-collared sunbird,120,9225,76.88
Cinnyris rockefelleri,Rockefeller's sunbird,120,4682,39.02
Cinnyris rufipennis,Rufous-winged sunbird,120,3598,29.98
Cinnyris shelleyi,Shelley's sunbird,120,4785,39.88
Cinnyris solaris,Flame-breasted sunbird,120,6757,56.31
Cinnyris sovimanga,Souimanga sunbird,120,19804,165.03
Cinnyris stuhlmanni,Rwenzori double-collared sunbird,90,3903,43.37
Cinnyris superbus,Superb sunbird,120,7526,62.72
Cinnyris talatala,White-bellied sunbird,120,14784,123.20
Cinnyris tsavoensis,Tsavo sunbird,120,4424,36.87
Cinnyris ursulae,Ursula's sunbird,120,3297,27.48
Cinnyris usambaricus,Usambara double-collared sunbird,92,2078,22.59
Cinnyris venustus,Variable sunbird,120,33468,278.90
Cinnyris voeltzkowi,,0,,
Cyanomitra alinae,Blue-headed sunbird,120,6800,56.67
Cyanomitra bannermani,Bannerman's sunbird,120,3543,29.52
Cyanomitra cyanolaema,Blue-throated brown sunbird,120,6019,50.16
Cyanomitra olivacea,Olive sunbird,120,19823,165.19
Cyanomitra oritis,Cameroon sunbird,120,4364,36.37
Cyanomitra verreauxii,Grey sunbird,120,6032,50.27
Cyanomitra verticalis,Green-headed sunbird,120,9259,77.16
Deleornis axillaris,Grey-headed sunbird,120,5220,43.50
Deleornis fraseri,Fraser's sunbird,120,7188,59.90
Drepanorhynchus reichenowi,Golden-winged sunbird,120,10597,88.31
Dreptes thomensis,Giant sunbird,120,25361,211.34
Hedydipna collaris,Collared sunbird,120,27185,226.54
Hedydipna metallica,Nile Valley sunbird,120,13923,116.03
Hedydipna pallidigaster,Amani sunbird,120,8369,69.74
Hedydipna platura,Pygmy sunbird,120,8323,69.36
Kurochkinegramma hypogrammica,,0,,
Leptocoma aspasia,Black sunbird,120,16354,136.28
Leptocoma brasiliana,Van Hasselt's sunbird,120,13532,112.77
Leptocoma calcostetha,Copper-throated sunbird,120,13136,109.47
Leptocoma juliae,,0,,
Leptocoma minima,Crimson-backed sunbird,120,35489,295.74
Leptocoma sperata,Purple-throated sunbird,120,17917,149.31
Leptocoma zeylonica,Purple-rumped sunbird,120,158222,1318.52
Nectarinia bocagii,Bocage's sunbird,120,4326,36.05
Nectarinia famosa,Malachite sunbird,120,50596,421.63
Nectarinia johnstoni,Scarlet-tufted sunbird,120,10276,85.63
Nectarinia kilimensis,Bronze sunbird,120,3959,32.99
Nectarinia purpureiventris,Purple-breasted sunbird,120,6621,55.17
Nectarinia tacazze,Tacazze sunbird,120,9663,80.53
Daphoenositta chrysoptera,Varied sittella,120,17486,145.72
Daphoenositta miranda,Black sittella,120,4778,39.82
Daphoenositta papuensis,Papuan sittella,77,2775,36.04
Nesospingus speculiferus,Puerto Rican tanager,120,14900,124.17
Nicator chloris,Western nicator,120,7636,63.63
Nicator gularis,Eastern nicator,120,27573,229.78
Nicator vireo,Yellow-throated nicator,120,3413,28.44
Notiomystis cincta,,0,,
Aleadryas rufinucha,Rufous-naped bellbird,102,4425,43.38
Oreoica gutturalis,Crested bellbird,120,29909,249.24
Ornorectes cristatus,Piping bellbird,102,4726,46.33
Oriolus albiloris,White-lored oriole,120,5965,49.71
Oriolus auratus,African golden oriole,120,22501,187.51
Oriolus bouroensis,Black-eared oriole,120,5322,44.35
Oriolus brachyrynchus,Western oriole,120,13691,114.09
Oriolus chinensis,Black-naped oriole,120,225039,1875.33
Oriolus chlorocephalus,Green-headed oriole,120,9658,80.48
Oriolus consanguineus,Black-and-crimson oriole,120,10484,87.37
Oriolus crassirostris,São Tomé oriole,120,5973,49.77
Oriolus cruentus,Javan oriole,30,1222,40.73
Oriolus decipiens,Tanimbar oriole,120,4147,34.56
Oriolus finschi,Wetar oriole,100,1410,14.10
Oriolus flavocinctus,Green oriole,120,17211,143.43
Oriolus forsteni,Grey-collared oriole,120,4719,39.33
Oriolus hosii,Black oriole,120,16602,138.35
Oriolus isabellae,Isabela oriole,120,18601,155.01
Oriolus kundoo,Indian golden oriole,120,218334,1819.45
Oriolus larvatus,Black-headed oriole,120,93161,776.34
Oriolus melanotis,Timor oriole,120,2526,21.05
Oriolus mellianus,Silver oriole,120,8816,73.47
Oriolus monacha,Ethiopian oriole,120,6913,57.61
Oriolus nigripennis,Black-winged oriole,120,5796,48.30
Oriolus oriolus,Eurasian golden oriole,120,494310,4119.25
Oriolus percivali,Mountain oriole,120,5200,43.33
Oriolus phaeochromus,Dusky-brown oriole,120,4808,40.07
Oriolus sagittatus,Olive-backed oriole,120,35508,295.90
Oriolus steerii,Philippine oriole,120,20046,167.05
Oriolus szalayi,Brown oriole,120,6750,56.25
Oriolus tenuirostris,Slender-billed oriole,120,11821,98.51
Oriolus traillii,Maroon oriole,120,31816,265.13
Oriolus xanthonotus,Dark-throated oriole,120,13779,114.83
Oriolus xanthornus,Black-hooded oriole,120,179474,1495.62
Pitohui cerviniventris,Raja Ampat pitohui,108,9951,92.14
Pitohui dichrous,Hooded pitohui,120,605393,5044.94
Pitohui kirhocephalus,Northern variable pitohui,108,15683,145.21
Pitohui uropygialis,Southern variable pitohui,108,10787,99.88
Sphecotheres hypoleucus,Wetar figbird,120,6388,53.23
Sphecotheres vieilloti,Australasian figbird,120,92402,770.02
Sphecotheres viridis,Green figbird,120,11977,99.81
Orthonyx novaeguineae,Papuan logrunner,120,3802,31.68
Orthonyx spaldingii,,0,,
Orthonyx temminckii,Australian logrunner,120,17819,148.49
Colluricincla boweri,Bower's shrikethrush,120,5668,47.23
Colluricincla harmonica,Grey shrikethrush,120,68451,570.42
Colluricincla megarhyncha,Little shrikethrush,120,131059,1092.16
Colluricincla tenebrosa,Sooty shrikethrush,120,3193,26.61
Colluricincla woodwardi,Sandstone shrikethrush,120,5610,46.75
Coracornis raveni,Maroon-backed whistler,120,3702,30.85
Coracornis sanghirensis,Sangihe whistler,109,2740,25.14
Melanorectes nigrescens,Black pitohui,120,10445,87.04
Pachycephala albiventris,Green-backed whistler,120,5617,46.81
Pachycephala arctitorquis,Wallacean whistler,120,2697,22.48
Pachycephala aurea,Golden-backed whistler,120,2392,19.93
Pachycephala caledonica,New Caledonian whistler,120,4847,40.39
Pachycephala cinerea,Mangrove whistler,120,14538,121.15
Pachycephala feminina,Rennell whistler,111,2243,20.21
Pachycephala flavifrons,Samoan whistler,120,5283,44.02
Pachycephala fulvotincta,Tenggara whistler,10,344,34.40
Pachycephala griseiceps,Grey whistler,120,6525,54.38
Pachycephala griseonota,Drab whistler,120,3444,28.70
Pachycephala homeyeri,White-vented whistler,120,3892,32.43
Pachycephala hyperythra,Rusty whistler,120,2432,20.27
Pachycephala hypoxantha,Bornean whistler,120,5711,47.59
Pachycephala implicata,Hooded whistler,120,2345,19.54
Pachycephala inornata,Gilbert's whistler,120,6510,54.25
Pachycephala jacquinoti,Tongan whistler,120,9050,75.42
Pachycephala lanioides,White-breasted whistler,120,4111,34.26
Pachycephala leucogastra,White-bellied whistler,120,2518,20.98
Pachycephala lorentzi,Lorentz's whistler,120,2067,17.23
Pachycephala melanura,Mangrove golden whistler,120,5205,43.38
Pachycephala mentalis,Black-chinned whistler,120,3614,30.12
Pachycephala meyeri,Vogelkop whistler,120,3610,30.08
Pachycephala modesta,Brown-backed whistler,120,2407,20.06
Pachycephala monacha,Black-headed whistler,120,2346,19.55
Pachycephala nudigula,Bare-throated whistler,120,5177,43.14
Pachycephala olivacea,Olive whistler,120,11306,94.22
Pachycephala orioloides,Oriole whistler,120,5057,42.14
Pachycephala orpheus,Fawn-breasted whistler,120,4087,34.06
Pachycephala par,Fawn-breasted whistler,120,4087,34.06
Pachycephala pectoralis,Australian golden whistler,120,56300,469.17
Pachycephala phaionota,Island whistler,120,3166,26.38
Pachycephala philippinensis,Yellow-bellied whistler,120,7583,63.19
Pachycephala richardsi,Bougainville whistler,111,1938,17.46
Pachycephala rufiventris,Rufous whistler,120,39173,326.44
Pachycephala rufogularis,Red-lored whistler,120,9182,76.52
Pachycephala schlegelii,Regent whistler,120,5167,43.06
Pachycephala simplex,Grey whistler,120,6525,54.38
Pachycephala soror,Sclater's whistler,120,2144,17.87
Pachycephala sulfuriventer,Sulphur-vented whistler,120,3021,25.18
Pachycephala tenebrosa,,0,,
Pachycephala teysmanni,Selayar whistler,16,478,29.88
Pachycephala vitiensis,White-throated Fiji whistler,16,550,34.38
Pseudorectes ferrugineus,Rusty pitohui,120,10878,90.65
Pseudorectes incertus,White-bellied pitohui,120,7099,59.16
Panurus biarmicus,Bearded reedling,120,347523,2896.03
Astrapia mayeri,Ribbon-tailed astrapia,120,77542,646.18
Astrapia nigra,Arfak astrapia,120,33017,275.14
Astrapia rothschildi,Huon astrapia,120,23129,192.74
Astrapia splendidissima,Splendid astrapia,120,28446,237.05
Astrapia stephaniae,Stephanie's astrapia,120,18422,153.52
Cicinnurus magnificus,Magnificent bird-of-paradise,120,69344,577.87
Cicinnurus regius,King bird-of-paradise,120,107095,892.46
Cicinnurus respublica,Wilson's bird-of-paradise,120,179256,1493.80
Drepanornis albertisi,Black-billed sicklebill,120,22816,190.13
Drepanornis bruijnii,Pale-billed sicklebill,120,17480,145.67
Epimachus fastosus,Black sicklebill,120,81821,681.84
Epimachus meyeri,Brown sicklebill,120,27456,228.80
Lophorina feminina,,0,,
Lophorina intercedens,Growling riflebird,120,25967,216.39
Lophorina magnifica,Magnificent riflebird,120,82349,686.24
Lophorina minor,Lesser lophorina,90,13454,149.49
Lophorina paradisea,Paradise riflebird,120,56963,474.69
Lophorina superba,Vogelkop lophorina,72,17854,247.97
Lophorina victoriae,Victoria's riflebird,120,90400,753.33
Lycocorax obiensis,Obi paradise-crow,76,17397,228.91
Lycocorax pyrrhopterus,Halmahera paradise-crow,75,25391,338.55
Manucodia ater,Glossy-mantled manucode,120,34307,285.89
Manucodia chalybatus,Crinkle-collared manucode,120,23994,199.95
Manucodia comrii,Curl-crested manucode,120,30586,254.88
Manucodia jobiensis,Jobi manucode,120,23593,196.61
Paradigalla brevicauda,Short-tailed paradigalla,120,19102,159.18
Paradigalla carunculata,Long-tailed paradigalla,120,28067,233.89
Paradisaea apoda,Greater bird-of-paradise,120,213512,1779.27
Paradisaea decora,Goldie's bird-of-paradise,120,45878,382.32
Paradisaea guilielmi,Emperor bird-of-paradise,120,48692,405.77
Paradisaea minor,Lesser bird-of-paradise,120,74139,617.83
Paradisaea raggiana,Raggiana bird-of-paradise,120,234743,1956.19
Paradisaea rubra,Red bird-of-paradise,120,99875,832.29
Paradisornis rudolphi,Blue bird-of-paradise,120,93596,779.97
Parotia berlepschi,Bronze parotia,120,26905,224.21
Parotia carolae,Carola's parotia,120,33161,276.34
Parotia lawesii,Lawes's parotia,120,50123,417.69
Parotia sefilata,Western parotia,120,83527,696.06
Parotia wahnesi,Wahnes's parotia,120,25301,210.84
Phonygammus keraudrenii,Trumpet manucode,120,38752,322.93
Pteridophora alberti,King of Saxony bird-of-paradise,120,110599,921.66
Seleucidis melanoleucus,Twelve-wired bird-of-paradise,120,151593,1263.28
Semioptera wallacii,Standardwing bird-of-paradise,75,30192,402.56
Oreocharis arfaki,Tit berrypecker,120,11734,97.78
Paramythia montium,Eastern crested berrypecker,55,2121,38.56
Paramythia olivacea,Western crested berrypecker,54,1199,22.20
Pardalotus punctatus,Spotted pardalote,120,113023,941.86
Pardalotus quadragintus,Forty-spotted pardalote,120,42701,355.84
Pardalotus rubricatus,Red-browed pardalote,120,14172,118.10
Pardalotus striatus,Striated pardalote,120,66842,557.02
Baeolophus atricristatus,Black-crested titmouse,120,104802,873.35
Baeolophus bicolor,Tufted titmouse,120,1429475,11912.29
Baeolophus inornatus,Oak titmouse,120,124848,1040.40
Baeolophus ridgwayi,Juniper titmouse,120,82914,690.95
Baeolophus wollweberi,Bridled titmouse,120,52628,438.57
Cephalopyrus flammiceps,Fire-capped tit,120,25433,211.94
Cyanistes caeruleus,Eurasian blue tit,120,1404099,11700.83
Cyanistes cyanus,Azure tit,120,84110,700.92
Cyanistes teneriffae,African blue tit,120,61973,516.44
Lophophanes cristatus,Crested tit,120,84173,701.44
Lophophanes dichrous,Grey-crested tit,120,5264,43.87
Machlolophus holsti,Yellow tit,120,44235,368.62
Machlolophus nuchalis,White-naped tit,120,28790,239.92
Machlolophus spilonotus,Yellow-cheeked tit,120,18090,150.75
Machlolophus xanthogenys,Himalayan black-lored tit,120,27692,230.77
Melaniparus afer,Grey tit,120,45040,375.33
Melaniparus albiventris,White-bellied tit,120,8004,66.70
Melaniparus carpi,Carp's tit,120,7904,65.87
Melaniparus cinerascens,Ashy tit,120,16440,137.00
Melaniparus fasciiventer,Stripe-breasted tit,120,6957,57.98
Melaniparus fringillinus,Red-throated tit,120,10565,88.04
Melaniparus funereus,Dusky tit,120,8632,71.93
Melaniparus griseiventris,Miombo tit,120,6914,57.62
Melaniparus guineensis,White-shouldered black tit,120,7632,63.60
Melaniparus leucomelas,White-winged black tit,120,10248,85.40
Melaniparus leuconotus,White-backed black tit,120,6413,53.44
Melaniparus niger,Southern black tit,120,28151,234.59
Melaniparus pallidiventris,Rufous-bellied tit,120,9112,75.93
Melaniparus rufiventris,Rufous-bellied tit,120,9112,75.93
Melaniparus thruppi,Acacia tit,120,13185,109.88
Melanochlora sultanea,Sultan tit,120,42437,353.64
Pardaliparus amabilis,Palawan tit,120,10926,91.05
Pardaliparus elegans,Elegant tit,120,28707,239.22
Pardaliparus venustulus,Yellow-bellied tit,120,21516,179.30
Parus major,Great tit,120,3029526,25246.05
Parus monticolus,Green-backed tit,120,39050,325.42
Periparus ater,Coal tit,120,706251,5885.43
Periparus rubidiventris,Rufous-vented tit,120,17338,144.48
Periparus rufonuchalis,Rufous-naped tit,120,13943,116.19
Poecile atricapillus,Black-capped chickadee,120,1420837,11840.31
Poecile carolinensis,Carolina chickadee,120,486227,4051.89
Poecile cinctus,Grey-headed chickadee,120,98115,817.62
Poecile davidi,Père David's tit,120,14295,119.12
Poecile gambeli,Mountain chickadee,120,248853,2073.78
Poecile hudsonicus,Boreal chickadee,120,210324,1752.70
Poecile hypermelaenus,Black-bibbed tit,120,11348,94.57
Poecile hyrcanus,Caspian tit,120,16940,141.17
Poecile lugubris,Sombre tit,120,38738,322.82
Poecile montanus,Willow tit,120,230532,1921.10
Poecile palustris,Marsh tit,120,230592,1921.60
Poecile rufescens,Chestnut-backed chickadee,120,171966,1433.05
Poecile sclateri,Mexican chickadee,120,64206,535.05
Poecile superciliosus,White-browed tit,120,17252,143.77
Poecile weigoldicus,Sichuan tit,120,10708,89.23
Pseudopodoces humilis,Ground tit,120,31001,258.34
Sittiparus castaneoventris,Chestnut-bellied tit,119,11317,95.10
Sittiparus olivaceus,Iriomote tit,119,12500,105.04
Sittiparus owstoni,Owston's tit,119,12873,108.18
Sittiparus semilarvatus,White-fronted tit,120,11437,95.31
Sittiparus varius,Varied tit,120,68605,571.71
Sylviparus modestus,Yellow-browed tit,120,17221,143.51
Basileuterus auricapilla,,0,,
Basileuterus belli,Golden-browed warbler,120,3823,31.86
Basileuterus cabanisi,,0,,
Basileuterus culicivorus,Golden-crowned warbler,120,18638,155.32
Basileuterus griseiceps,Grey-headed warbler,120,2677,22.31
Basileuterus hypoleucus,Golden-crowned warbler,120,18638,155.32
Basileuterus ignotus,Pirre warbler,120,3713,30.94
Basileuterus lachrymosus,Fan-tailed warbler,120,9971,83.09
Basileuterus melanogenys,Black-cheeked warbler,120,4224,35.20
Basileuterus rufifrons,Rufous-capped warbler,120,17294,144.12
Basileuterus trifasciatus,Three-banded warbler,120,3205,26.71
Basileuterus tristriatus,Three-striped warbler,120,6839,56.99
Cardellina canadensis,Canada warbler,120,78047,650.39
Cardellina pusilla,Wilson's warbler,120,108944,907.87
Cardellina rubra,Red warbler,120,87860,732.17
Cardellina rubrifrons,Red-faced warbler,120,20792,173.27
Cardellina versicolor,Pink-headed warbler,120,23252,193.77
Catharopeza bishopi,Whistling warbler,120,8390,69.92
Geothlypis aequinoctialis,Masked yellowthroat,120,9663,80.53
Geothlypis auricularis,Black-lored yellowthroat,116,1118,9.64
Geothlypis bairdi,,0,,
Geothlypis beldingi,Belding's yellowthroat,120,7597,63.31
Geothlypis chiriquensis,Chiriqui yellowthroat,61,1086,17.80
Geothlypis flavovelata,Altamira yellowthroat,120,7518,62.65
Geothlypis formosa,Kentucky warbler,120,102630,855.25
Geothlypis nelsoni,Hooded yellowthroat,120,4429,36.91
Geothlypis philadelphia,Mourning warbler,120,56960,474.67
Geothlypis poliocephala,Grey-crowned yellowthroat,120,4565,38.04
Geothlypis rostrata,Bahama yellowthroat,120,10283,85.69
Geothlypis semiflava,Olive-crowned yellowthroat,120,4392,36.60
Geothlypis speciosa,Black-polled yellowthroat,120,6366,53.05
Geothlypis tolmiei,MacGillivray's warbler,120,48048,400.40
Geothlypis trichas,Common yellowthroat,120,240973,2008.11
Helmitheros vermivorum,Worm-eating warbler,120,91056,758.80
Leiothlypis celata,Orange-crowned warbler,120,101804,848.37
Leiothlypis crissalis,Colima warbler,120,14441,120.34
Leiothlypis luciae,Lucy's warbler,120,29802,248.35
Leiothlypis peregrina,Tennessee warbler,120,83834,698.62
Leiothlypis ruficapilla,Nashville warbler,120,79998,666.65
Leiothlypis virginiae,Virginia's warbler,120,29482,245.68
Leucopeza semperi,Semper's warbler,120,13579,113.16
Limnothlypis swainsonii,Swainson's warbler,120,50509,420.91
Mniotilta varia,Black-and-white warbler,120,206313,1719.28
Myioborus albifacies,White-faced whitestart,120,2642,22.02
Myioborus albifrons,White-fronted whitestart,120,2978,24.82
Myioborus brunniceps,Brown-capped whitestart,120,3355,27.96
Myioborus cardonai,Guaiquinima whitestart,120,3567,29.73
Myioborus castaneocapilla,Tepui whitestart,120,3093,25.77
Myioborus chrysops,,0,,
Myioborus flavivertex,Yellow-crowned whitestart,120,3200,26.67
Myioborus melanocephalus,Spectacled whitestart,120,4385,36.54
Myioborus miniatus,Slate-throated whitestart,120,13103,109.19
Myioborus ornatus,Golden-fronted whitestart,120,5239,43.66
Myioborus pariae,Paria whitestart,120,2953,24.61
Myioborus pictus,Painted redstart,120,24348,202.90
Myioborus torquatus,Collared whitestart,120,16986,141.55
Myiothlypis basilica,Santa Marta warbler,120,5417,45.14
Myiothlypis bivittata,Two-banded warbler,120,4074,33.95
Myiothlypis chlorophrys,Choco warbler,120,1351,11.26
Myiothlypis chrysogaster,Cuzco warbler,38,1190,31.32
Myiothlypis cinereicollis,Grey-throated warbler,120,2809,23.41
Myiothlypis conspicillata,White-lored warbler,120,3195,26.62
Myiothlypis coronata,Russet-crowned warbler,120,6390,53.25
Myiothlypis euophrys,,0,,
Myiothlypis flaveola,Flavescent warbler,120,5343,44.52
Myiothlypis fraseri,Grey-and-gold warbler,120,4237,35.31
Myiothlypis fulvicauda,Buff-rumped warbler,120,7178,59.82
Myiothlypis leucoblephara,White-rimmed warbler,120,3888,32.40
Myiothlypis leucophrys,White-striped warbler,120,3392,28.27
Myiothlypis luteoviridis,Citrine warbler,120,6153,51.27
Myiothlypis mesoleuca,,0,,
Myiothlypis nigrocristata,Black-crested warbler,120,5023,41.86
Myiothlypis rivularis,Riverbank warbler,120,4374,36.45
Myiothlypis roraimae,Roraiman warbler,41,660,16.10
Myiothlypis signata,Pale-legged warbler,120,3608,30.07
Myiothlypis striaticeps,,0,,
Oporornis agilis,Connecticut warbler,120,43094,359.12
Oreothlypis gutturalis,Flame-throated warbler,120,10543,87.86
Oreothlypis superciliosa,Crescent-chested warbler,120,9595,79.96
Parkesia motacilla,Louisiana waterthrush,120,70311,585.92
Parkesia noveboracensis,Northern waterthrush,120,92585,771.54
Protonotaria citrea,Prothonotary warbler,120,181515,1512.62
Seiurus aurocapilla,,0,,
Setophaga adelaidae,Adelaide's warbler,120,19452,162.10
Setophaga americana,Northern parula,120,190907,1590.89
Setophaga angelae,Elfin woods warbler,120,67907,565.89
Setophaga auduboni,Yellow-rumped warbler,120,328546,2737.88
Setophaga caerulescens,Black-throated blue warbler,120,126337,1052.81
Setophaga castanea,Bay-breasted warbler,120,55058,458.82
Setophaga cerulea,Cerulean warbler,120,135119,1125.99
Setophaga chrysoparia,Golden-cheeked warbler,120,84456,703.80
Setophaga citrina,Hooded warbler,120,121361,1011.34
Setophaga coronata,Yellow-rumped warbler,120,328546,2737.88
Setophaga delicata,Saint Lucia warbler,120,8370,69.75
Setophaga discolor,Prairie warbler,120,64649,538.74
Setophaga dominica,Yellow-throated warbler,120,105417,878.48
Setophaga flavescens,Bahama warbler,120,9068,75.57
Setophaga fusca,Blackburnian warbler,120,138134,1151.12
Setophaga graciae,Grace's warbler,120,18645,155.38
Setophaga graysoni,Socorro parula,0,0,
Setophaga kirtlandii,Kirtland's warbler,120,188696,1572.47
Setophaga magnolia,Magnolia warbler,120,102979,858.16
Setophaga nigrescens,Black-throated gray warbler,120,46237,385.31
Setophaga occidentalis,Hermit warbler,120,32235,268.62
Setophaga palmarum,Palm warbler,120,102772,856.43
Setophaga pensylvanica,Chestnut-sided warbler,120,79013,658.44
Setophaga petechia,Mangrove warbler,120,1829,15.24
Setophaga pharetra,Arrowhead warbler,120,10023,83.53
Setophaga pinus,Pine warbler,120,193554,1612.95
Setophaga pitiayumi,Tropical parula,120,25218,210.15
Setophaga pityophila,Olive-capped warbler,120,7293,60.77
Setophaga plumbea,Plumbeous warbler,120,9011,75.09
Setophaga ruticilla,American redstart,120,278107,2317.56
Setophaga striata,Blackpoll warbler,120,110071,917.26
Setophaga subita,Barbuda warbler,120,14430,120.25
Setophaga tigrina,Cape May warbler,120,80557,671.31
Setophaga townsendi,Townsend's warbler,120,81265,677.21
Setophaga virens,Black-throated green warbler,120,97316,810.97
Setophaga vitellina,Vitelline warbler,120,8177,68.14
Vermivora bachmanii,Bachman's warbler,120,158099,1317.49
Vermivora chrysoptera,Golden-winged warbler,120,101062,842.18
Vermivora cyanoptera,Blue-winged warbler,120,88342,736.18
Aimophila notosticta,Oaxaca sparrow,120,5152,42.93
Aimophila rufescens,Rusty sparrow,120,6624,55.20
Aimophila ruficeps,Rufous-crowned sparrow,120,68617,571.81
Ammodramus aurifrons,Yellow-browed sparrow,120,16857,140.47
Ammodramus humeralis,Grassland sparrow,120,12735,106.12
Ammodramus savannarum,Grasshopper sparrow,120,118725,989.38
Ammospiza caudacuta,Saltmarsh sparrow,120,40785,339.88
Ammospiza leconteii,LeConte's sparrow,102,39121,383.54
Ammospiza maritima,Seaside sparrow,120,50660,422.17
Ammospiza nelsoni,Nelson's sparrow,120,60421,503.51
Amphispiza bilineata,Black-throated sparrow,120,70231,585.26
Amphispiza quinquestriata,Five-striped sparrow,120,9483,79.03
Arremon abeillei,Black-capped sparrow,120,5561,46.34
Arremon assimilis,Grey-browed brushfinch,70,3444,49.20
Arremon atricapillus,Black-headed brushfinch,93,1936,20.82
Arremon aurantiirostris,Orange-billed sparrow,120,10899,90.83
Arremon axillaris,Yellow-mandibled sparrow,10,245,24.50
Arremon basilicus,Sierra Nevada brushfinch,93,2239,24.08
Arremon brunneinucha,Chestnut-capped brushfinch,95,6354,66.88
Arremon castaneiceps,Olive finch,120,4446,37.05
Arremon costaricensis,Costa Rican brushfinch,90,1974,21.93
Arremon crassirostris,Sooty-faced finch,120,3857,32.14
Arremon dorbignii,Moss-backed sparrow,60,1343,22.38
Arremon flavirostris,Saffron-billed sparrow,120,5743,47.86
Arremon franciscanus,São Francisco sparrow,120,2294,19.12
Arremon nigriceps,Marañón sparrow,15,243,16.20
Arremon perijanus,Perijá brushfinch,68,637,9.37
Arremon phaeopleurus,Caracas brushfinch,95,1504,15.83
Arremon phygas,Paria brushfinch,95,1246,13.12
Arremon schlegeli,Golden-winged sparrow,120,3792,31.60
Arremon semitorquatus,Half-collared sparrow,120,3103,25.86
Arremon taciturnus,Pectoral sparrow,120,5356,44.63
Arremon torquatus,White-browed brushfinch,95,2253,23.72
Arremon virenticeps,Green-striped brushfinch,90,2309,25.66
Arremonops chloronotus,Green-backed sparrow,120,9243,77.03
Arremonops conirostris,Black-striped sparrow,120,14545,121.21
Arremonops rufivirgatus,Olive sparrow,120,24335,202.79
Arremonops tocuyensis,Tocuyo sparrow,120,4687,39.06
Artemisiospiza belli,Bell's sparrow,120,26591,221.59
Artemisiospiza nevadensis,Sagebrush sparrow,120,30668,255.57
Atlapetes albiceps,White-headed brushfinch,95,1598,16.82
Atlapetes albinucha,White-naped brushfinch,93,3701,39.80
Atlapetes albofrenatus,Moustached brushfinch,94,2105,22.39
Atlapetes blancae,Antioquia brushfinch,93,9317,100.18
Atlapetes canigenis,Cuzco brushfinch,95,2005,21.11
Atlapetes citrinellus,Yellow-striped brushfinch,93,2150,23.12
Atlapetes crassus,Choco brushfinch,70,2283,32.61
Atlapetes flaviceps,Yellow-headed brushfinch,93,4157,44.70
Atlapetes forbesi,Apurímac brushfinch,68,1501,22.07
Atlapetes fulviceps,Fulvous-headed brushfinch,93,1602,17.23
Atlapetes fuscoolivaceus,Dusky-headed brushfinch,93,1534,16.49
Atlapetes latinuchus,Yellow-breasted brushfinch,95,8742,92.02
Atlapetes leucopis,White-rimmed brushfinch,93,1213,13.04
Atlapetes leucopterus,White-winged brushfinch,95,1549,16.31
Atlapetes melanocephalus,Santa Marta brushfinch,93,1627,17.49
Atlapetes melanolaemus,Grey-eared brushfinch,70,1508,21.54
Atlapetes melanopsis,Black-spectacled brushfinch,95,1631,17.17
Atlapetes meridae,Moustached brushfinch,94,2105,22.39
Atlapetes nationi,Rusty-bellied brushfinch,95,1438,15.14
Atlapetes nigrifrons,Black-fronted brushfinch,70,1685,24.07
Atlapetes pallidiceps,Pale-headed brushfinch,93,2518,27.08
Atlapetes pallidinucha,Pale-naped brushfinch,95,2176,22.91
Atlapetes paynteri,White-winged brushfinch,95,1549,16.31
Atlapetes personatus,Tepui brushfinch,95,1490,15.68
Atlapetes pileatus,Rufous-capped brushfinch,90,2312,25.69
Atlapetes rufigenis,Rufous-eared brushfinch,95,1149,12.09
Atlapetes rufinucha,Bolivian brushfinch,93,1701,18.29
Atlapetes schistaceus,Slaty brushfinch,95,2851,30.01
Atlapetes seebohmi,Bay-crowned brushfinch,95,1605,16.89
Atlapetes semirufus,Ochre-breasted brushfinch,94,1521,16.18
Atlapetes taczanowskii,Taczanowski's brushfinch,15,361,24.07
Atlapetes terborghi,Vilcabamba brushfinch,95,2511,26.43
Atlapetes tricolor,Tricolored brushfinch,95,2184,22.99
Calamospiza melanocorys,Lark bunting,120,213917,1782.64
Chlorospingus canigularis,Ashy-throated chlorospingus,95,1745,18.37
Chlorospingus flavigularis,Yellow-throated chlorospingus,95,1510,15.89
Chlorospingus flavopectus,Common chlorospingus,95,4817,50.71
Chlorospingus hypophaeus,,0,,
Chlorospingus inornatus,Pirre chlorospingus,90,957,10.63
Chlorospingus parvirostris,Yellow-whiskered chlorospingus,30,677,22.57
Chlorospingus pileatus,Sooty-capped chlorospingus,90,1879,20.88
Chlorospingus semifuscus,Dusky chlorospingus,93,1328,14.28
Chlorospingus tacarcunae,Tacarcuna chlorospingus,93,1016,10.92
Chondestes grammacus,Lark sparrow,120,101703,847.52
Junco bairdi,Baird's junco,101,12102,119.82
Junco hyemalis,Dark-eyed junco,120,947469,7895.57
Junco insularis,Guadalupe junco,120,20268,168.90
Junco phaeonotus,Yellow-eyed junco,120,28975,241.46
Junco vulcani,Volcano junco,120,13801,115.01
Melospiza georgiana,Swamp sparrow,120,98062,817.18
Melospiza lincolnii,Lincoln's sparrow,120,87744,731.20
Melospiza melodia,Song sparrow,120,655379,5461.49
Melozone aberti,Abert's towhee,120,74137,617.81
Melozone albicollis,White-throated towhee,120,14289,119.08
Melozone biarcuata,Prevost's ground sparrow,120,8403,70.03
Melozone cabanisi,Cabanis's ground sparrow,101,4456,44.12
Melozone crissalis,California towhee,120,151427,1261.89
Melozone fusca,Canyon towhee,120,44326,369.38
Melozone kieneri,Rusty-crowned ground sparrow,120,6384,53.20
Melozone leucotis,White-eared ground sparrow,120,7518,62.65
Melozone occipitalis,Grey-crowned ground sparrow,0,0,
Oreothraupis arremonops,Tanager finch,120,6785,56.54
Oriturus superciliosus,Striped sparrow,120,6197,51.64
Passerculus bairdii,,0,,
Passerculus guttatus,Savannah sparrow,120,154218,1285.15
Passerculus henslowii,,0,,
Passerculus rostratus,Savannah sparrow,120,154218,1285.15
Passerculus sanctorum,Savannah sparrow,120,154218,1285.15
Passerculus sandwichensis,Savannah sparrow,120,154218,1285.15
Passerella arborea,American tree sparrow,120,186216,1551.80
Passerella iliaca,Fox sparrow,120,153896,1282.47
Passerella megarhyncha,Thick-billed fox sparrow,120,7650,63.75
Passerella schistacea,Slate-colored fox sparrow,120,9392,78.27
Passerella unalaschcensis,Sooty fox sparrow,120,13229,110.24
Peucaea aestivalis,Bachman's sparrow,120,63891,532.42
Peucaea botterii,Botteri's sparrow,120,12010,100.08
Peucaea carpalis,Rufous-winged sparrow,120,12412,103.43
Peucaea cassinii,Cassin's sparrow,120,51786,431.55
Peucaea humeralis,Black-chested sparrow,120,6253,52.11
Peucaea mystacalis,Bridled sparrow,120,6388,53.23
Peucaea ruficauda,Stripe-headed sparrow,120,14937,124.47
Peucaea sumichrasti,Cinnamon-tailed sparrow,120,5613,46.77
Pezopetes capitalis,Large-footed finch,120,4217,35.14
Pipilo chlorurus,Green-tailed towhee,120,76561,638.01
Pipilo erythrophthalmus,Eastern towhee,120,564987,4708.23
Pipilo maculatus,Spotted towhee,120,368930,3074.42
Pipilo ocai,Collared towhee,120,15702,130.85
Pipilo socorroensis,Spotted towhee,120,368930,3074.42
Pooecetes gramineus,Vesper sparrow,120,91807,765.06
Pselliophorus luteoviridis,Yellow-green brushfinch,66,2048,31.03
Pselliophorus tibialis,Yellow-thighed brushfinch,77,4286,55.66
Rhynchospiza stolzmanni,Tumbes sparrow,120,4118,34.32
Rhynchospiza strigiceps,Chaco sparrow,67,1913,28.55
Spizella atrogularis,Black-chinned sparrow,120,29678,247.32
Spizella breweri,Brewer's sparrow,120,54673,455.61
Spizella pallida,Clay-colored sparrow,120,79625,663.54
Spizella passerina,Chipping sparrow,120,454271,3785.59
Spizella pusilla,Field sparrow,120,135201,1126.67
Spizella wortheni,Worthen's sparrow,120,11170,93.08
Torreornis inexpectata,Zapata sparrow,120,13744,114.53
Xenospiza baileyi,Sierra Madre sparrow,120,6803,56.69
Zonotrichia albicollis,White-throated sparrow,120,440324,3669.37
Zonotrichia atricapilla,Golden-crowned sparrow,120,100398,836.65
Zonotrichia capensis,Rufous-collared sparrow,120,100608,838.40
Zonotrichia leucophrys,White-crowned sparrow,120,376768,3139.73
Zonotrichia querula,Harris's sparrow,120,79637,663.64
Carpospiza brachydactyla,Pale rockfinch,120,24412,203.43
Gymnoris dentata,Sahel bush sparrow,84,8529,101.54
Gymnoris pyrgita,Yellow-spotted bush sparrow,84,5388,64.14
Gymnoris superciliaris,Yellow-throated bush sparrow,84,7840,93.33
Gymnoris xanthocollis,Yellow-throated sparrow,120,50551,421.26
Hypocryptadius cinnamomeus,Cinnamon ibon,120,22762,189.68
Montifringilla adamsi,Black-winged snowfinch,120,13326,111.05
Montifringilla henrici,Tibetan snowfinch,120,7351,61.26
Montifringilla nivalis,White-winged snowfinch,120,53789,448.24
Onychostruthus taczanowskii,White-rumped snowfinch,120,11735,97.79
Passer ammodendri,Saxaul sparrow,120,42671,355.59
Passer castanopterus,Somali sparrow,120,12003,100.03
Passer cinnamomeus,Russet sparrow,120,116508,970.90
Passer cordofanicus,Kordofan sparrow,120,8804,73.37
Passer diffusus,Southern grey-headed sparrow,120,22215,185.12
Passer domesticus,House sparrow,120,4654256,38785.47
Passer eminibey,Chestnut sparrow,120,30918,257.65
Passer euchlorus,Arabian golden sparrow,120,18979,158.16
Passer flaveolus,Plain-backed sparrow,120,15474,128.95
Passer gongonensis,Parrot-billed sparrow,120,18275,152.29
Passer griseus,Northern grey-headed sparrow,120,29365,244.71
Passer hemileucus,Abd al-Kuri sparrow,120,23747,197.89
Passer hispaniolensis,Spanish sparrow,120,116330,969.42
Passer iagoensis,Iago sparrow,120,31890,265.75
Passer insularis,Socotra sparrow,120,23692,197.43
Passer italiae,Italian sparrow,120,126606,1055.05
Passer luteus,Sudan golden sparrow,120,40780,339.83
Passer melanurus,Cape sparrow,120,140096,1167.47
Passer moabiticus,Dead Sea sparrow,120,47453,395.44
Passer montanus,Eurasian tree sparrow,120,912899,7607.49
Passer motitensis,Great sparrow,120,28534,237.78
Passer pyrrhonotus,Sind sparrow,120,94063,783.86
Passer rufocinctus,Kenya sparrow,120,12051,100.42
Passer shelleyi,Shelley's sparrow,120,9245,77.04
Passer simplex,Desert sparrow,120,31038,258.65
Passer suahelicus,Swahili sparrow,120,10867,90.56
Passer swainsonii,Swainson's sparrow,120,10256,85.47
Passer zarudnyi,Zarudny's sparrow,100,7643,76.43
Petronia petronia,Rock sparrow,120,66805,556.71
Pyrgilauda blanfordi,Blanford's snowfinch,120,7337,61.14
Pyrgilauda davidiana,Père David's snowfinch,120,7087,59.06
Pyrgilauda ruficollis,Rufous-necked snowfinch,120,9700,80.83
Pyrgilauda theresae,Afghan snowfinch,120,22932,191.10
Gampsorhynchus rufulus,White-hooded babbler,120,5114,42.62
Gampsorhynchus torquatus,Collared babbler,120,3893,32.44
Graminicola bengalensis,Indian grassbird,120,7136,59.47
Graminicola striatus,Chinese grassbird,120,6972,58.10
Illadopsis albipectus,Scaly-breasted illadopsis,120,3060,25.50
Illadopsis cleaveri,Blackcap illadopsis,120,3215,26.79
Illadopsis distans,Tanzanian illadopsis,54,733,13.57
Illadopsis fulvescens,Brown illadopsis,120,4797,39.98
Illadopsis puveli,Puvel's illadopsis,120,3452,28.77
Illadopsis pyrrhoptera,Mountain illadopsis,120,3258,27.15
Illadopsis rufescens,Rufous-winged illadopsis,120,3487,29.06
Illadopsis rufipennis,Pale-breasted illadopsis,120,4313,35.94
Illadopsis turdina,Spotted thrush-babbler,120,3159,26.32
Kenopia striata,Striped wren-babbler,120,3967,33.06
Laticilla burnesii,Rufous-vented grass babbler,95,10296,108.38
Laticilla cinerascens,Swamp grass babbler,95,5667,59.65
Leonardina woodi,Bagobo babbler,120,6721,56.01
Malacocincla abbotti,Abbott's babbler,120,38977,324.81
Malacocincla perspicillata,Black-browed babbler,120,34000,283.33
Malacocincla sepiaria,Horsfield's babbler,120,4835,40.29
Malacopteron affine,Sooty-capped babbler,120,4618,38.48
Malacopteron albogulare,Grey-breasted babbler,120,3209,26.74
Malacopteron cinereum,Scaly-crowned babbler,120,4544,37.87
Malacopteron magnirostre,Moustached babbler,120,4608,38.40
Malacopteron magnum,Rufous-crowned babbler,120,4076,33.97
Malacopteron palawanense,Melodious babbler,120,4133,34.44
Napothera epilepidota,Eyebrowed wren-babbler,120,5393,44.94
Pellorneum albiventre,Spot-throated babbler,120,7110,59.25
Pellorneum capistratum,Javan black-capped babbler,56,2412,43.07
Pellorneum fuscocapillus,Brown-capped babbler,120,11173,93.11
Pellorneum nigrocapitatum,Malayan black-capped babbler,54,1531,28.35
Pellorneum palustre,Marsh babbler,120,7866,65.55
Pellorneum ruficeps,Puff-throated babbler,120,26982,224.85
Ptilocichla falcata,Falcated wren-babbler,120,4068,33.90
Ptilocichla leucogrammica,Bornean wren-babbler,120,3847,32.06
Ptilocichla mindanensis,Striated wren-babbler,120,3588,29.90
Rimator albostriatus,Sumatran wren-babbler,120,2035,16.96
Rimator danjoui,Short-tailed scimitar babbler,120,4834,40.28
Rimator malacoptilus,Long-billed wren-babbler,120,4827,40.23
Rimator naungmungensis,Naung Mung scimitar babbler,120,4010,33.42
Rimator pasquieri,White-throated wren-babbler,120,2665,22.21
Schoeniparus brunneus,Dusky fulvetta,120,5939,49.49
Schoeniparus castaneceps,Rufous-winged fulvetta,120,7341,61.17
Schoeniparus cinereus,Yellow-throated fulvetta,120,6070,50.58
Schoeniparus dubius,Rusty-capped fulvetta,120,4335,36.12
Schoeniparus klossi,Black-crowned fulvetta,120,3136,26.13
Schoeniparus rufogularis,Rufous-throated fulvetta,120,5014,41.78
Schoeniparus variegaticeps,Golden-fronted fulvetta,120,3054,25.45
Trichastoma bicolor,Ferruginous babbler,120,4668,38.90
Trichastoma buettikoferi,Sumatran babbler,120,3010,25.08
Trichastoma celebense,Sulawesi babbler,120,3881,32.34
Trichastoma cinereiceps,Ashy-headed babbler,120,5591,46.59
Trichastoma malaccense,Mourning babbler,24,1277,53.21
Trichastoma pyrrogenys,Temminck's babbler,120,4168,34.73
Trichastoma rostratum,Malayan swamp babbler,24,1195,49.79
Trichastoma tickelli,Buff-breasted babbler,120,7544,62.87
Turdinus atrigularis,Black-throated wren-babbler,120,3772,31.43
Turdinus brevicaudatus,Streaked wren-babbler,120,6666,55.55
Turdinus calcicola,,0,,
Turdinus crassus,Mountain wren-babbler,120,4035,33.62
Turdinus crispifrons,Variable limestone babbler,60,1843,30.72
Turdinus macrodactylus,Large wren-babbler,120,4298,35.82
Turdinus marmoratus,Marbled wren-babbler,120,2984,24.87
Turdinus rufipectus,Rusty-breasted wren-babbler,120,2696,22.47
Amalocichla incerta,Lesser ground robin,120,2882,24.02
Amalocichla sclateriana,Greater ground robin,120,3869,32.24
Cryptomicroeca flaviventris,Yellow-bellied flyrobin,120,6492,54.10
Devioeca papuana,Canary flyrobin,120,4200,35.00
Drymodes beccarii,Papuan scrub robin,120,3079,25.66
Drymodes brunneopygia,Southern scrub robin,120,9023,75.19
Drymodes superciliaris,Northern scrub robin,120,5063,42.19
Eopsaltria australis,Eastern yellow robin,120,85623,713.52
Eopsaltria griseogularis,Western yellow robin,120,62012,516.77
Eugerygone rubra,Garnet robin,120,4038,33.65
Gennaeodryas placens,Banded yellow robin,120,4154,34.62
Heteromyias albispecularis,Ashy robin,120,5801,48.34
Heteromyias armiti,Black-capped robin,54,932,17.26
Heteromyias cinereifrons,Grey-headed robin,120,9071,75.59
Kempiella flavovirescens,Olive flyrobin,120,3273,27.27
Kempiella griseoceps,Yellow-legged flyrobin,120,3994,33.28
Melanodryas cucullata,Hooded robin,120,20907,174.22
Melanodryas vittata,Dusky robin,120,13817,115.14
Microeca fascinans,Jacky winter,120,24345,202.88
Microeca flavigaster,Lemon-bellied flyrobin,120,10177,84.81
Microeca hemixantha,Golden-bellied flyrobin,120,3005,25.04
Microeca tormenti,Lemon-bellied flyrobin,120,10177,84.81
Monachella coultasi,,0,,
Monachella muelleriana,Torrent flyrobin,120,5604,46.70
Pachycephalopsis hattamensis,Green-backed robin,120,4933,41.11
Pachycephalopsis poliosoma,White-eyed robin,120,3394,28.28
Peneoenanthe pulverulenta,Mangrove robin,120,8543,71.19
Peneothello bimaculata,White-rumped robin,120,3331,27.76
Peneothello cryptoleuca,Smoky robin,120,3414,28.45
Peneothello cyanus,Slaty robin,120,4762,39.68
Peneothello sigillata,White-winged robin,120,5685,47.38
Petroica archboldi,Snow Mountains robin,120,6892,57.43
Petroica australis,South Island robin,120,54741,456.18
Petroica bivittata,Mountain robin,120,5219,43.49
Petroica boodang,Scarlet robin,120,88262,735.52
Petroica dannefaerdi,,0,,
Petroica goodenovii,Red-capped robin,120,66768,556.40
Petroica longipes,North Island robin,120,36521,304.34
Petroica macrocephala,,0,,
Petroica multicolor,Norfolk robin,120,14808,123.40
Petroica phoenicea,Flame robin,120,114167,951.39
Petroica pusilla,Pacific robin,120,19208,160.07
Petroica rodinogaster,Pink robin,120,251764,2098.03
Petroica rosea,Rose robin,120,44029,366.91
Petroica traversi,Black robin,120,685023,5708.52
Plesiodryas albonotata,Black-throated robin,120,4696,39.13
Poecilodryas brachyura,Black-chinned robin,120,3806,31.72
Poecilodryas cerviniventris,Buff-sided robin,120,9844,82.03
Poecilodryas hypoleuca,Black-sided robin,120,4381,36.51
Poecilodryas superciliosa,White-browed robin,120,8624,71.87
Quoyornis georgianus,White-breasted robin,120,20606,171.72
Tregellasia capito,Pale-yellow robin,120,16290,135.75
Tregellasia leucops,White-faced robin,120,5010,41.75
Peucedramus taeniatus,Olive warbler,120,32627,271.89
Microligea palustris,Green-tailed warbler,120,7381,61.51
Phaenicophilus palmarum,Black-crowned palm-tanager,120,3202,26.68
Phaenicophilus poliocephalus,Grey-crowned palm-tanager,120,1725,14.38
Xenoligea montana,White-winged warbler,120,8055,67.12
Neodrepanis coruscans,Common sunbird-asity,120,10060,83.83
Neodrepanis hypoxantha,Yellow-bellied sunbird-asity,120,13600,113.33
Philepitta castanea,Velvet asity,120,12572,104.77
Philepitta schlegeli,Schlegel's asity,120,11379,94.83
Phylloscopus affinis,Tickell's leaf warbler,120,13793,114.94
Phylloscopus amoenus,Kolombangara leaf warbler,120,2821,23.51
Phylloscopus armandii,Yellow-streaked warbler,120,4849,40.41
Phylloscopus bonelli,Western Bonelli's warbler,120,39621,330.18
Phylloscopus borealis,Arctic warbler,120,63809,531.74
Phylloscopus borealoides,Sakhalin leaf warbler,120,17733,147.78
Phylloscopus budongoensis,Uganda woodland warbler,120,3606,30.05
Phylloscopus burkii,Green-crowned warbler,120,7648,63.73
Phylloscopus calciatilis,Limestone leaf warbler,120,5839,48.66
Phylloscopus canariensis,Canary Islands chiffchaff,120,30786,256.55
Phylloscopus cantator,Yellow-vented warbler,120,6565,54.71
Phylloscopus castaniceps,Chestnut-crowned warbler,120,8729,72.74
Phylloscopus cebuensis,Lemon-throated leaf warbler,120,3135,26.12
Phylloscopus chloronotus,Lemon-rumped warbler,120,8867,73.89
Phylloscopus claudiae,Claudia's leaf warbler,120,4632,38.60
Phylloscopus collybita,Common chiffchaff,120,893080,7442.33
Phylloscopus coronatus,Eastern crowned warbler,120,19429,161.91
Phylloscopus emeiensis,Emei leaf warbler,120,3674,30.62
Phylloscopus emilsalimi,Island leaf warbler,120,3446,28.72
Phylloscopus examinandus,Kamchatka leaf warbler,120,15892,132.43
Phylloscopus forresti,Sichuan leaf warbler,120,3635,30.29
Phylloscopus fuligiventer,Smoky warbler,120,5121,42.67
Phylloscopus fuscatus,Dusky warbler,120,42351,352.93
Phylloscopus goodsoni,Hartert's leaf warbler,120,3005,25.04
Phylloscopus grammiceps,Sunda warbler,120,3771,31.43
Phylloscopus griseolus,Sulphur-bellied warbler,120,16405,136.71
Phylloscopus hainanus,Hainan leaf warbler,120,4156,34.63
Phylloscopus herberti,Black-capped woodland warbler,120,3959,32.99
Phylloscopus humei,Hume's leaf warbler,120,30693,255.78
Phylloscopus ibericus,Iberian chiffchaff,120,29686,247.38
Phylloscopus ijimae,Ijima's leaf warbler,120,7967,66.39
Phylloscopus inornatus,Yellow-browed warbler,120,73117,609.31
Phylloscopus intensior,Davison's leaf warbler,120,4856,40.47
Phylloscopus intermedius,White-spectacled warbler,120,6738,56.15
Phylloscopus kansuensis,Gansu leaf warbler,120,4084,34.03
Phylloscopus laetus,Red-faced woodland warbler,120,4146,34.55
Phylloscopus laurae,Laura's woodland warbler,120,2790,23.25
Phylloscopus maculipennis,Ashy-throated warbler,120,7854,65.45
Phylloscopus maforensis,Numfor leaf warbler,72,1381,19.18
Phylloscopus magnirostris,Large-billed leaf warbler,120,10460,87.17
Phylloscopus misoriensis,Biak leaf warbler,72,1269,17.62
Phylloscopus montis,Yellow-breasted warbler,120,10328,86.07
Phylloscopus neglectus,Plain leaf warbler,120,7967,66.39
Phylloscopus nitidus,Green warbler,120,31354,261.28
Phylloscopus occipitalis,Western crowned warbler,120,7167,59.73
Phylloscopus ogilviegranti,Kloss's leaf warbler,120,3727,31.06
Phylloscopus olivaceus,Philippine leaf warbler,120,4407,36.73
Phylloscopus omeiensis,Martens's warbler,120,3815,31.79
Phylloscopus orientalis,Eastern Bonelli's warbler,120,18678,155.65
Phylloscopus plumbeitarsus,Two-barred warbler,120,13780,114.83
Phylloscopus poliocephalus,Island leaf warbler,120,3446,28.72
Phylloscopus poliogenys,Grey-cheeked warbler,120,5398,44.98
Phylloscopus presbytes,Timor leaf warbler,120,2868,23.90
Phylloscopus proregulus,Pallas's leaf warbler,120,81772,681.43
Phylloscopus pulcher,Buff-barred warbler,120,7363,61.36
Phylloscopus reguloides,Blyth's leaf warbler,120,8832,73.60
Phylloscopus ricketti,Sulphur-breasted warbler,120,4949,41.24
Phylloscopus rotiensis,Rote leaf warbler,87,3185,36.61
Phylloscopus ruficapilla,Yellow-throated woodland warbler,120,6384,53.20
Phylloscopus sarasinorum,Lompobattang leaf warbler,56,1053,18.80
Phylloscopus schwarzi,Radde's warbler,120,19893,165.78
Phylloscopus sibilatrix,Wood warbler,120,181440,1512.00
Phylloscopus sindianus,Mountain chiffchaff,120,14682,122.35
Phylloscopus soror,Alström's warbler,120,5645,47.04
Phylloscopus suaramerdu,Island leaf warbler,120,3446,28.72
Phylloscopus subaffinis,Buff-throated warbler,120,4342,36.18
Phylloscopus subviridis,Brooks's leaf warbler,120,5329,44.41
Phylloscopus sumatrensis,,0,,
Phylloscopus tenellipes,Pale-legged leaf warbler,120,15762,131.35
Phylloscopus tephrocephalus,Grey-crowned warbler,120,6865,57.21
Phylloscopus tristis,Siberian chiffchaff,120,21017,175.14
Phylloscopus trivirgatus,Mountain leaf warbler,120,5595,46.62
Phylloscopus trochiloides,Greenish warbler,120,74134,617.78
Phylloscopus trochilus,Willow warbler,120,462711,3855.93
Phylloscopus tytleri,Tytler's leaf warbler,120,9417,78.47
Phylloscopus umbrovirens,Brown woodland warbler,120,5877,48.98
Phylloscopus valentini,Bianchi's warbler,120,4659,38.83
Phylloscopus whistleri,Whistler's warbler,120,6840,57.00
Phylloscopus xanthodryas,Japanese leaf warbler,120,9546,79.55
Phylloscopus xanthoschistos,Grey-hooded warbler,120,12480,104.00
Phylloscopus yunnanensis,Chinese leaf warbler,120,8186,68.22
Picathartes gymnocephalus,White-necked rockfowl,120,71628,596.90
Picathartes oreas,Grey-necked rockfowl,120,25920,216.00
Antilophia bokermanni,Araripe manakin,120,48996,408.30
Antilophia galeata,Helmeted manakin,120,12698,105.82
Ceratopipra chloromeros,Round-tailed manakin,120,4788,39.90
Ceratopipra cornuta,Scarlet-horned manakin,120,5273,43.94
Ceratopipra erythrocephala,Golden-headed manakin,120,18519,154.32
Ceratopipra mentalis,Red-capped manakin,120,61344,511.20
Ceratopipra rubrocapilla,Red-headed manakin,120,7738,64.48
Chiroxiphia boliviana,Yungas manakin,120,4694,39.12
Chiroxiphia caudata,Blue manakin,120,46036,383.63
Chiroxiphia lanceolata,Lance-tailed manakin,120,23526,196.05
Chiroxiphia linearis,Long-tailed manakin,120,36937,307.81
Chiroxiphia pareola,Blue-backed manakin,120,18012,150.10
Chloropipo flavicapilla,Yellow-headed manakin,120,4120,34.33
Chloropipo unicolor,Jet manakin,120,4228,35.23
Corapipo gutturalis,White-throated manakin,120,5048,42.07
Corapipo leucorrhoa,White-bibbed manakin,120,3901,32.51
Cryptopipo holochlora,Green manakin,120,5460,45.50
Cryptopipo litae,Choco manakin,37,896,24.22
Heterocercus aurantiivertex,Orange-crested manakin,120,3355,27.96
Heterocercus flavivertex,Yellow-crested manakin,120,3650,30.42
Heterocercus linteatus,Flame-crested manakin,120,3531,29.43
Ilicura militaris,Pin-tailed manakin,120,9626,80.22
Lepidothrix coeruleocapilla,Cerulean-capped manakin,120,14099,117.49
Lepidothrix coronata,Blue-capped manakin,41,5465,133.29
Lepidothrix iris,Opal-crowned manakin,120,6945,57.88
Lepidothrix isidorei,Blue-rumped manakin,120,5248,43.73
Lepidothrix nattereri,Snow-capped manakin,120,6845,57.04
Lepidothrix serena,White-fronted manakin,120,4822,40.18
Lepidothrix suavissima,Orange-bellied manakin,120,4466,37.22
Lepidothrix vilasboasi,Golden-crowned manakin,120,12500,104.17
Machaeropterus deliciosus,Club-winged manakin,120,73002,608.35
Machaeropterus eckelberryi,Painted manakin,91,3597,39.53
Machaeropterus pyrocephalus,Fiery-capped manakin,120,5059,42.16
Machaeropterus regulus,Kinglet manakin,91,5855,64.34
Machaeropterus striolatus,Striolated manakin,91,6630,72.86
Manacus aurantiacus,Orange-collared manakin,120,9384,78.20
Manacus candei,White-collared manakin,120,17351,144.59
Manacus manacus,White-bearded manakin,120,16311,135.93
Manacus vitellinus,Golden-collared manakin,120,13618,113.48
Masius chrysopterus,Golden-winged manakin,120,5531,46.09
Neopelma aurifrons,Wied's tyrant-manakin,120,3080,25.67
Neopelma chrysocephalum,Saffron-crested tyrant-manakin,120,5257,43.81
Neopelma chrysolophum,Serra do Mar tyrant-manakin,120,3292,27.43
Neopelma pallescens,Pale-bellied tyrant-manakin,120,3353,27.94
Neopelma sulphureiventer,Sulphur-bellied tyrant-manakin,120,3414,28.45
Pipra aureola,Crimson-hooded manakin,120,9502,79.18
Pipra fasciicauda,Band-tailed manakin,120,10318,85.98
Pipra filicauda,Wire-tailed manakin,120,17641,147.01
Pseudopipra pipra,White-crowned manakin,120,11128,92.73
Tyranneutes stolzmanni,Dwarf tyrant-manakin,120,5681,47.34
Tyranneutes virescens,Tiny tyrant-manakin,120,9338,77.82
Xenopipo atronitens,Black manakin,120,5646,47.05
Xenopipo uniformis,Olive manakin,120,3323,27.69
Erythropitta arquata,Blue-banded pitta,120,10986,91.55
Erythropitta caeruleitorques,Sulawesi pitta,109,6638,60.90
Erythropitta celebensis,Sulawesi pitta,109,6638,60.90
Erythropitta dohertyi,Sula pitta,120,5922,49.35
Erythropitta erythrogaster,Philippine pitta,109,13835,126.93
Erythropitta gazellae,Bismarck pitta,109,4056,37.21
Erythropitta granatina,Garnet pitta,120,13050,108.75
Erythropitta inspeculata,Philippine pitta,109,13835,126.93
Erythropitta kochi,Whiskered pitta,120,14090,117.42
Erythropitta macklotii,Papuan pitta,109,29815,273.53
Erythropitta meeki,Louisiade pitta,109,6035,55.37
Erythropitta novaehibernicae,Bismarck pitta,109,4056,37.21
Erythropitta palliceps,Sulawesi pitta,109,6638,60.90
Erythropitta rubrinucha,South Moluccan pitta,109,4033,37.00
Erythropitta rufiventris,North Moluccan pitta,109,4363,40.03
Erythropitta splendida,Bismarck pitta,109,4056,37.21
Erythropitta ussheri,Black-crowned pitta,120,12376,103.13
Erythropitta venusta,Graceful pitta,120,15642,130.35
Hydrornis baudii,Blue-headed pitta,120,10509,87.58
Hydrornis caeruleus,Giant pitta,120,11661,97.17
Hydrornis cyaneus,Blue pitta,120,21921,182.68
Hydrornis elliotii,Bar-bellied pitta,120,9146,76.22
Hydrornis guajanus,Javan banded pitta,120,16431,136.93
Hydrornis gurneyi,Gurney's pitta,120,28023,233.53
Hydrornis irena,Malayan banded pitta,120,19975,166.46
Hydrornis nipalensis,Blue-naped pitta,120,12304,102.53
Hydrornis oatesi,Rusty-naped pitta,120,12559,104.66
Hydrornis phayrei,Eared pitta,120,11003,91.69
Hydrornis schneideri,Schneider's pitta,120,7021,58.51
Hydrornis schwaneri,Bornean banded pitta,120,8959,74.66
Hydrornis soror,Blue-rumped pitta,120,8899,74.16
Pitta anerythra,Black-faced pitta,120,8139,67.83
Pitta angolensis,African pitta,120,28436,236.97
Pitta brachyura,Indian pitta,120,190348,1586.23
Pitta elegans,Elegant pitta,120,9604,80.03
Pitta iris,Rainbow pitta,120,74657,622.14
Pitta maxima,Ivory-breasted pitta,120,9998,83.32
Pitta megarhyncha,Mangrove pitta,120,30500,254.17
Pitta moluccensis,Blue-winged pitta,120,54032,450.27
Pitta morotaiensis,,0,,
Pitta novaeguineae,Eastern hooded pitta,24,1331,55.46
Pitta nympha,Fairy pitta,120,51803,431.69
Pitta reichenowi,Green-breasted pitta,120,10871,90.59
Pitta rosenbergii,Biak hooded pitta,24,842,35.08
Pitta sordida,Western hooded pitta,24,8173,340.54
Pitta steerii,Azure-breasted pitta,120,11951,99.59
Pitta superba,Superb pitta,120,23176,193.13
Pitta versicolor,Noisy pitta,120,45555,379.62
Pityriasis gymnocephala,Bornean bristlehead,120,22629,188.57
Platylophus galericulatus,Crested jayshrike,48,17461,363.77
Batis capensis,Cape batis,120,17962,149.68
Batis crypta,Dark batis,120,3605,30.04
Batis dimorpha,Malawi batis,120,793,6.61
Batis diops,Rwenzori batis,90,3492,38.80
Batis erlangeri,Western black-headed batis,120,3267,27.23
Batis fratrum,Woodwards' batis,39,330,8.46
Batis ituriensis,Ituri batis,120,3409,28.41
Batis margaritae,Margaret's batis,120,4526,37.72
Batis minima,Gabon batis,120,2859,23.82
Batis minor,Eastern black-headed batis,120,2625,21.88
Batis minulla,Angola batis,120,1918,15.98
Batis mixta,Forest batis,120,4118,34.32
Batis molitor,Chinspot batis,120,20226,168.55
Batis occulta,West African batis,120,3338,27.82
Batis orientalis,Grey-headed batis,120,3978,33.15
Batis perkeo,Pygmy batis,120,3899,32.49
Batis poensis,Fernando Po batis,120,4949,41.24
Batis pririt,Pririt batis,120,7243,60.36
Batis reichenowi,Forest batis,120,4118,34.32
Batis senegalensis,Senegal batis,120,6110,50.92
Batis soror,Pale batis,120,4843,40.36
Dyaphorophyia ansorgei,,0,,
Dyaphorophyia blissetti,Red-cheeked wattle-eye,120,3298,27.48
Dyaphorophyia castanea,Chestnut wattle-eye,120,4723,39.36
Dyaphorophyia chalybea,Black-necked wattle-eye,120,3826,31.88
Dyaphorophyia concreta,Yellow-bellied wattle-eye,120,4501,37.51
Dyaphorophyia hormophora,West African wattle-eye,120,3245,27.04
Dyaphorophyia jamesoni,Jameson's wattle-eye,120,8165,68.04
Dyaphorophyia tonsa,White-spotted wattle-eye,120,3068,25.57
Lanioturdus torquatus,White-tailed shrike,120,6464,53.87
Platysteira albifrons,White-fronted wattle-eye,120,2898,24.15
Platysteira cyanea,Brown-throated wattle-eye,120,11429,95.24
Platysteira laticincta,Banded wattle-eye,120,4802,40.02
Platysteira peltata,Black-throated wattle-eye,120,9944,82.87
Amblyospiza albifrons,Thick-billed weaver,120,25681,214.01
Anaplectes jubaensis,Red weaver,35,1243,35.51
Anaplectes leuconotos,,0,,
Anaplectes rubriceps,Red-headed weaver,120,23872,198.93
Brachycope anomala,Bob-tailed weaver,120,5547,46.23
Bubalornis albirostris,White-billed buffalo weaver,120,10400,86.67
Bubalornis niger,Red-billed buffalo weaver,120,61998,516.65
Dinemellia dinemelli,White-headed buffalo weaver,120,45020,375.17
Euplectes afer,Yellow-crowned bishop,120,37908,315.90
Euplectes albonotatus,White-winged widowbird,120,12430,103.58
Euplectes ardens,Red-collared widowbird,120,29186,243.22
Euplectes aureus,Golden-backed bishop,120,4913,40.94
Euplectes axillaris,Fan-tailed widowbird,120,12392,103.27
Euplectes capensis,Yellow bishop,120,21254,177.12
Euplectes diadematus,Fire-fronted bishop,120,5265,43.88
Euplectes franciscanus,Northern red bishop,120,63337,527.81
Euplectes gierowii,Black bishop,120,12995,108.29
Euplectes hartlaubi,Marsh widowbird,120,5496,45.80
Euplectes hordeaceus,Black-winged red bishop,120,15053,125.44
Euplectes jacksoni,Jackson's widowbird,120,22688,189.07
Euplectes laticauda,Red-cowled widowbird,38,2134,56.16
Euplectes macroura,Yellow-mantled widowbird,120,11686,97.38
Euplectes nigroventris,Zanzibar red bishop,120,8373,69.78
Euplectes orix,Southern red bishop,120,82184,684.87
Euplectes progne,Long-tailed widowbird,120,192496,1604.13
Euplectes psammacromius,Montane widowbird,120,5666,47.22
Foudia aldabrana,Aldabra fody,120,8406,70.05
Foudia consobrina,,0,,
Foudia eminentissima,Comoros fody,120,4773,39.77
Foudia flavicans,Rodrigues fody,120,16553,137.94
Foudia madagascariensis,Red fody,120,73975,616.46
Foudia omissa,Forest fody,120,6529,54.41
Foudia rubra,Mauritius fody,120,37498,312.48
Foudia sechellarum,Seychelles fody,120,16332,136.10
Histurgops ruficauda,Rufous-tailed weaver,120,11259,93.83
Malimbus ballmanni,Gola malimbe,120,9721,81.01
Malimbus cassini,Cassin's malimbe,120,3777,31.48
Malimbus coronatus,Red-crowned malimbe,120,4799,39.99
Malimbus erythrogaster,Red-bellied malimbe,120,3724,31.03
Malimbus ibadanensis,Ibadan malimbe,120,22235,185.29
Malimbus malimbicus,Crested malimbe,120,5591,46.59
Malimbus nitens,Blue-billed malimbe,120,6116,50.97
Malimbus racheliae,Rachel's malimbe,120,4691,39.09
Malimbus rubricollis,Red-headed malimbe,120,7680,64.00
Malimbus scutatus,Red-vented malimbe,120,4537,37.81
Philetairus socius,Sociable weaver,120,208159,1734.66
Plocepasser donaldsoni,Donaldson Smith's sparrow-weaver,120,4761,39.67
Plocepasser mahali,White-browed sparrow-weaver,120,38870,323.92
Plocepasser rufoscapulatus,Chestnut-backed sparrow-weaver,120,4945,41.21
Plocepasser superciliosus,Chestnut-crowned sparrow-weaver,120,7172,59.77
Ploceus albinucha,Maxwell's black weaver,120,4752,39.60
Ploceus alienus,Strange weaver,120,5560,46.33
Ploceus angolensis,Bar-winged weaver,120,4703,39.19
Ploceus aurantius,Orange weaver,120,15558,129.65
Ploceus aureonucha,Golden-naped weaver,120,3995,33.29
Ploceus badius,Cinnamon weaver,120,4987,41.56
Ploceus baglafecht,Baglafecht weaver,120,19055,158.79
Ploceus bannermani,Bannerman's weaver,120,5478,45.65
Ploceus batesi,Bates's weaver,120,4909,40.91
Ploceus benghalensis,Black-breasted weaver,120,25538,212.82
Ploceus bertrandi,Bertram's weaver,120,5267,43.89
Ploceus bicolor,Dark-backed weaver,120,8309,69.24
Ploceus bojeri,Golden palm weaver,120,9015,75.12
Ploceus brachypterus,Olive-naped weaver,38,1889,49.71
Ploceus burnieri,Kilombero weaver,120,5023,41.86
Ploceus capensis,Cape weaver,120,35482,295.68
Ploceus castaneiceps,Taveta weaver,120,22847,190.39
Ploceus castaneofuscus,Chestnut-and-black weaver,38,1846,48.58
Ploceus castanops,Northern brown-throated weaver,120,5364,44.70
Ploceus cucullatus,Village weaver,120,141388,1178.23
Ploceus dichrocephalus,Juba weaver,120,4192,34.93
Ploceus dorsomaculatus,Yellow-capped weaver,120,4304,35.87
Ploceus flavipes,Yellow-legged weaver,120,5244,43.70
Ploceus galbula,Rüppell's weaver,120,10378,86.48
Ploceus golandi,Kilifi weaver,16,510,31.88
Ploceus grandis,Giant weaver,120,6222,51.85
Ploceus heuglini,Heuglin's masked weaver,120,5202,43.35
Ploceus hypoxanthus,Asian golden weaver,120,17753,147.94
Ploceus insignis,Brown-capped weaver,120,4681,39.01
Ploceus intermedius,Lesser masked weaver,120,18686,155.72
Ploceus jacksoni,Golden-backed weaver,120,13461,112.17
Ploceus katangae,Katanga masked weaver,120,3449,28.74
Ploceus luteolus,Little weaver,120,8808,73.40
Ploceus manyar,Streaked weaver,120,27562,229.68
Ploceus megarhynchus,Finn's weaver,120,19065,158.88
Ploceus melanocephalus,Black-headed weaver,120,33254,277.12
Ploceus melanogaster,Black-billed weaver,120,5697,47.48
Ploceus nelicourvi,Nelicourvi weaver,120,8459,70.49
Ploceus nicolli,Usambara weaver,120,5469,45.58
Ploceus nigerrimus,Vieillot's black weaver,120,9613,80.11
Ploceus nigricollis,Black-necked weaver,120,11727,97.72
Ploceus nigrimentus,Black-chinned weaver,120,5041,42.01
Ploceus ocularis,Spectacled weaver,120,15733,131.11
Ploceus olivaceiceps,Olive-headed weaver,120,5088,42.40
Ploceus pelzelni,Slender-billed weaver,120,6490,54.08
Ploceus philippinus,Baya weaver,120,557632,4646.93
Ploceus preussi,Preuss's weaver,120,3546,29.55
Ploceus princeps,Príncipe weaver,120,4667,38.89
Ploceus reichardi,Tanzanian masked weaver,120,5255,43.79
Ploceus rubiginosus,Chestnut weaver,120,8643,72.03
Ploceus ruweti,Lufira masked weaver,120,3786,31.55
Ploceus sakalava,Sakalava weaver,120,9540,79.50
Ploceus sanctithomae,São Tomé weaver,120,4136,34.47
Ploceus spekei,Speke's weaver,120,14036,116.97
Ploceus spekeoides,Fox's weaver,120,5900,49.17
Ploceus subaureus,Eastern golden weaver,120,18371,153.09
Ploceus subpersonatus,Loango weaver,120,4771,39.76
Ploceus superciliosus,Compact weaver,120,8351,69.59
Ploceus taeniopterus,Northern masked weaver,120,5809,48.41
Ploceus temporalis,Bocage's weaver,120,3918,32.65
Ploceus tricolor,Yellow-mantled weaver,120,5878,48.98
Ploceus upembae,Katanga masked weaver,120,3449,28.74
Ploceus velatus,Southern masked weaver,120,128789,1073.24
Ploceus vitellinus,Vitelline masked weaver,120,11311,94.26
Ploceus weynsi,Weyns's weaver,120,3749,31.24
Ploceus xanthops,Holub's golden weaver,120,10359,86.33
Ploceus xanthopterus,Southern brown-throated weaver,120,7431,61.92
Pseudonigrita arnaudi,Grey-capped social weaver,120,11910,99.25
Pseudonigrita cabanisi,Black-capped social weaver,120,8250,68.75
Quelea cardinalis,Cardinal quelea,120,12617,105.14
Quelea erythrops,Red-headed quelea,120,13326,111.05
Quelea quelea,Red-billed quelea,120,351426,2928.55
Sporopipes frontalis,Speckle-fronted weaver,120,10995,91.62
Sporopipes squamifrons,Scaly-feathered weaver,120,12750,106.25
Pnoepyga albiventer,Scaly-breasted cupwing,116,7212,62.17
Pnoepyga formosana,Taiwan cupwing,107,3690,34.49
Pnoepyga immaculata,Nepal cupwing,76,3748,49.32
Pnoepyga pusilla,Pygmy cupwing,76,14118,185.76
Microbates cinereiventris,Tawny-faced gnatwren,120,4368,36.40
Microbates collaris,Collared gnatwren,120,6649,55.41
Polioptila albiloris,White-lored gnatcatcher,120,6604,55.03
Polioptila caerulea,Blue-gray gnatcatcher,120,206891,1724.09
Polioptila californica,California gnatcatcher,120,60517,504.31
Polioptila dumicola,Masked gnatcatcher,120,8813,73.44
Polioptila guianensis,Guianan gnatcatcher,120,3332,27.77
Polioptila lactea,Creamy-bellied gnatcatcher,120,6637,55.31
Polioptila lembeyei,Cuban gnatcatcher,120,5469,45.58
Polioptila maior,Marañón gnatcatcher,105,335,3.19
Polioptila melanura,Black-tailed gnatcatcher,120,27027,225.22
Polioptila nigriceps,Black-capped gnatcatcher,120,11352,94.60
Polioptila plumbea,Tropical gnatcatcher,120,9904,82.53
Polioptila schistaceigula,Slate-throated gnatcatcher,120,3058,25.48
Ramphocaenus melanurus,Trilling gnatwren,84,12434,148.02
Garritornis isidorei,Papuan babbler,120,3347,27.89
Pomatostomus halli,Hall's babbler,120,7707,64.22
Pomatostomus ruficeps,Chestnut-crowned babbler,120,14864,123.87
Pomatostomus superciliosus,White-browed babbler,120,17095,142.46
Pomatostomus temporalis,Grey-crowned babbler,120,31091,259.09
Promerops cafer,Cape sugarbird,120,89440,745.33
Promerops gurneyi,Gurney's sugarbird,120,12408,103.40
Prunella atrogularis,Black-throated accentor,120,14776,123.13
Prunella collaris,Alpine accentor,120,71014,591.78
Prunella fulvescens,Brown accentor,120,11729,97.74
Prunella himalayana,Altai accentor,120,9865,82.21
Prunella immaculata,Maroon-backed accentor,120,7383,61.52
Prunella koslowi,Kozlov's accentor,120,4676,38.97
Prunella modularis,,0,,
Prunella montanella,Siberian accentor,120,144431,1203.59
Prunella ocularis,Radde's accentor,120,10446,87.05
Prunella rubeculoides,Robin accentor,120,14314,119.28
Prunella rubida,Japanese accentor,120,12328,102.73
Prunella strophiata,Rufous-breasted accentor,120,11878,98.98
Androphobus viridis,Papuan whipbird,120,4912,40.93
Psophodes cristatus,Chirruping wedgebill,120,8487,70.72
Psophodes nigrogularis,Western whipbird,120,9312,77.60
Psophodes occidentalis,Chiming wedgebill,120,11699,97.49
Psophodes olivaceus,Eastern whipbird,120,137804,1148.37
Phainopepla nitens,,0,,
Phainoptila melanoxantha,Black-and-yellow phainoptila,120,9810,81.75
Ptiliogonys caudatus,Long-tailed silky-flycatcher,120,14861,123.84
Ptiliogonys cinereus,Grey silky-flycatcher,120,9541,79.51
Ailuroedus buccoides,White-eared catbird,120,22587,188.22
Ailuroedus crassirostris,Green catbird,120,84833,706.94
Ailuroedus melanotis,Black-eared catbird,116,12784,110.21
Amblyornis flavifrons,Golden-fronted bowerbird,120,15153,126.28
Amblyornis inornata,Vogelkop bowerbird,120,55406,461.72
Amblyornis macgregoriae,MacGregor's bowerbird,120,52484,437.37
Amblyornis subalaris,Streaked bowerbird,120,8392,69.93
Archboldia papuensis,Archbold's bowerbird,120,12065,100.54
Chlamydera cerviniventris,Fawn-breasted bowerbird,120,16531,137.76
Chlamydera guttata,Western bowerbird,120,21041,175.34
Chlamydera lauterbachi,Yellow-breasted bowerbird,120,8556,71.30
Chlamydera maculata,Spotted bowerbird,120,37604,313.37
Chlamydera nuchalis,Great bowerbird,120,54469,453.91
Prionodura newtoniana,Golden bowerbird,120,33250,277.08
Ptilonorhynchus violaceus,Satin bowerbird,120,283677,2363.97
Scenopoeetes dentirostris,Tooth-billed bowerbird,120,17700,147.50
Sericulus ardens,Flame bowerbird,120,69589,579.91
Sericulus aureus,Masked bowerbird,77,7601,98.71
Sericulus bakeri,Fire-maned bowerbird,120,9991,83.26
Sericulus chrysocephalus,Regent bowerbird,120,81152,676.27
Acritillas indica,Yellow-browed bulbul,120,34255,285.46
Alcurus striatus,Striated bulbul,120,10191,84.92
Alophoixus bres,Brown-cheeked bulbul,101,3369,33.36
Alophoixus flaveolus,White-throated bulbul,120,11124,92.70
Alophoixus frater,Palawan bulbul,120,4897,40.81
Alophoixus griseiceps,Puff-throated bulbul,120,8433,70.28
Alophoixus ochraceus,Ochraceous bulbul,120,9356,77.97
Alophoixus pallidus,Puff-throated bulbul,120,8433,70.28
Alophoixus phaeocephalus,Yellow-bellied bulbul,120,10855,90.46
Alophoixus ruficrissus,Penan bulbul,66,2190,33.18
Alophoixus tephrogenys,Grey-cheeked bulbul,120,7475,62.29
Andropadus importunus,Sombre greenbul,120,28612,238.43
Arizelocichla chlorigula,Yellow-throated mountain greenbul,102,593,5.81
Arizelocichla fusciceps,Black-browed mountain greenbul,105,576,5.49
Arizelocichla masukuensis,Shelley's greenbul,120,4371,36.42
Arizelocichla milanjensis,Stripe-cheeked greenbul,120,3803,31.69
Arizelocichla montana,Cameroon mountain greenbul,120,637,5.31
Arizelocichla neumanni,Uluguru mountain greenbul,104,523,5.03
Arizelocichla nigriceps,Black-headed mountain greenbul,16,536,33.50
Arizelocichla striifacies,Olive-headed greenbul,120,1963,16.36
Arizelocichla tephrolaema,Western greenbul,120,3966,33.05
Atimastillas flavicollis,Yellow-gorgeted greenbul,16,895,55.94
Atimastillas flavigula,Pale-throated greenbul,16,489,30.56
Baeopogon clamans,Sjöstedt's greenbul,120,2501,20.84
Baeopogon indicator,Honeyguide greenbul,120,4567,38.06
Bleda canicapillus,Grey-headed bristlebill,120,3512,29.27
Bleda eximius,Green-tailed bristlebill,120,4024,33.53
Bleda notatus,Yellow-lored bristlebill,120,2793,23.27
Bleda syndactylus,Red-tailed bristlebill,120,4072,33.93
Bleda ugandae,Yellow-eyed bristlebill,99,972,9.82
Brachypodius atriceps,Black-headed bulbul,120,25268,210.57
Brachypodius fuscoflavescens,Andaman bulbul,120,11318,94.32
Brachypodius priocephalus,Grey-headed bulbul,120,20970,174.75
Calyptocichla serinus,Golden greenbul,120,5651,47.09
Chlorocichla falkensteini,Falkenstein's greenbul,120,2859,23.82
Chlorocichla flaviventris,Yellow-bellied greenbul,120,11950,99.58
Chlorocichla laetissima,Joyful greenbul,120,5313,44.27
Chlorocichla prigoginei,Prigogine's greenbul,120,2985,24.88
Chlorocichla simplex,Simple greenbul,120,3900,32.50
Criniger barbatus,Western bearded greenbul,120,2835,23.62
Criniger calurus,Red-tailed greenbul,120,3959,32.99
Criniger chloronotus,Eastern bearded greenbul,120,3119,25.99
Criniger ndussumensis,White-bearded greenbul,120,2869,23.91
Criniger olivaceus,Yellow-bearded greenbul,120,3693,30.77
Euptilotus eutilotus,Puff-backed bulbul,120,6054,50.45
Eurillas ansorgei,Ansorge's greenbul,120,4023,33.52
Eurillas curvirostris,Plain greenbul,120,3703,30.86
Eurillas gracilis,Little grey greenbul,120,3774,31.45
Eurillas latirostris,Yellow-whiskered greenbul,120,7416,61.80
Eurillas virens,Little greenbul,120,8687,72.39
Hemixos castanonotus,Chestnut bulbul,120,9487,79.06
Hemixos cinereus,Cinereous bulbul,99,3774,38.12
Hemixos connectens,Cinereous bulbul,99,3774,38.12
Hemixos flavala,Ashy bulbul,120,12950,107.92
Hemixos leucogrammicus,Cream-striped bulbul,120,4460,37.17
Hypsipetes affinis,Seram golden bulbul,120,4209,35.08
Hypsipetes amaurotis,Brown-eared bulbul,120,135267,1127.22
Hypsipetes aureus,Togian golden bulbul,99,907,9.16
Hypsipetes borbonicus,Réunion bulbul,120,6273,52.27
Hypsipetes catarmanensis,Camiguin bulbul,95,1516,15.96
Hypsipetes chloris,Halmahera golden bulbul,99,1075,10.86
Hypsipetes crassirostris,Seychelles bulbul,120,14158,117.98
Hypsipetes everetti,Yellowish bulbul,120,5241,43.67
Hypsipetes ganeesa,Square-tailed bulbul,120,12099,100.83
Hypsipetes harterti,Banggai golden bulbul,98,771,7.87
Hypsipetes haynaldi,Yellowish bulbul,120,5241,43.67
Hypsipetes leucocephalus,Black bulbul,120,66949,557.91
Hypsipetes longirostris,Sula golden bulbul,86,694,8.07
Hypsipetes lucasi,Obi golden bulbul,99,948,9.58
Hypsipetes madagascariensis,Malagasy bulbul,120,10072,83.93
Hypsipetes moheliensis,Moheli bulbul,120,3359,27.99
Hypsipetes mysticalis,Buru golden bulbul,120,2612,21.77
Hypsipetes olivaceus,Mauritius bulbul,120,18713,155.94
Hypsipetes parvirostris,Grande Comore bulbul,30,740,24.67
Hypsipetes philippinus,Philippine bulbul,120,27659,230.49
Hypsipetes platenae,Sangihe golden bulbul,99,1183,11.95
Hypsipetes rufigularis,Zamboanga bulbul,120,6835,56.96
Hypsipetes siquijorensis,Streak-breasted bulbul,120,9296,77.47
Hypsipetes thompsoni,White-headed bulbul,120,7115,59.29
Iole charlottae,Charlotte's bulbul,103,3966,38.50
Iole finschii,Finsch's bulbul,120,4766,39.72
Iole palawanensis,Sulphur-bellied bulbul,120,4400,36.67
Iole propinqua,Grey-eyed bulbul,120,5335,44.46
Iole viridescens,Olive bulbul,120,5989,49.91
Ixidia cyaniventris,,0,,
Ixidia erythropthalmos,,0,,
Ixidia squamata,,0,,
Ixonotus guttatus,Spotted greenbul,120,3366,28.05
Ixos malaccensis,Streaked bulbul,120,6105,50.88
Ixos mcclellandii,Mountain bulbul,120,18215,151.79
Ixos nicobariensis,Nicobar bulbul,120,7992,66.60
Ixos sumatranus,Sumatran bulbul,106,1620,15.28
Ixos virescens,Javan bulbul,96,2214,23.06
Microtarsus melanoleucos,Black-and-white bulbul,120,7184,59.87
Neolestes torquatus,Black-collared bulbul,120,5243,43.69
Nok hualon,Bare-faced bulbul,120,12072,100.60
Phyllastrephus albigula,Montane tiny greenbul,120,2843,23.69
Phyllastrephus albigularis,White-throated greenbul,120,3404,28.37
Phyllastrephus baumanni,Baumann's olive greenbul,120,2523,21.02
Phyllastrephus cabanisi,Cabanis's greenbul,120,5100,42.50
Phyllastrephus cerviniventris,Grey-olive greenbul,120,3349,27.91
Phyllastrephus debilis,Lowland tiny greenbul,120,4011,33.42
Phyllastrephus fischeri,Fischer's greenbul,120,2945,24.54
Phyllastrephus flavostriatus,Yellow-streaked greenbul,120,5228,43.57
Phyllastrephus fulviventris,Pale-olive greenbul,120,2434,20.28
Phyllastrephus hypochloris,Toro olive greenbul,120,2763,23.02
Phyllastrephus icterinus,Icterine greenbul,120,5595,46.62
Phyllastrephus lorenzi,Sassi's olive greenbul,120,3672,30.60
Phyllastrephus poensis,Cameroon olive greenbul,120,2477,20.64
Phyllastrephus poliocephalus,Grey-headed greenbul,120,3043,25.36
Phyllastrephus strepitans,Northern brownbul,120,4485,37.38
Phyllastrephus terrestris,Terrestrial brownbul,120,8278,68.98
Phyllastrephus viridiceps,Angola greenbul,91,509,5.59
Phyllastrephus xavieri,Xavier's greenbul,120,6537,54.48
Poliolophus urostictus,Yellow-wattled bulbul,120,7607,63.39
Pycnonotus aurigaster,Sooty-headed bulbul,120,42274,352.28
Pycnonotus barbatus,Common bulbul,120,122235,1018.62
Pycnonotus bimaculatus,Orange-spotted bulbul,120,8747,72.89
Pycnonotus blanfordi,Ayeyarwady bulbul,105,8415,80.14
Pycnonotus brunneus,Asian red-eyed bulbul,120,10587,88.22
Pycnonotus cafer,Red-vented bulbul,120,554661,4622.18
Pycnonotus capensis,Cape bulbul,120,34852,290.43
Pycnonotus cinereifrons,Ashy-fronted bulbul,120,5317,44.31
Pycnonotus davisoni,Pale-eyed bulbul,106,1088,10.26
Pycnonotus finlaysoni,Stripe-throated bulbul,120,12617,105.14
Pycnonotus flavescens,Flavescent bulbul,120,10022,83.52
Pycnonotus goiavier,Yellow-vented bulbul,120,169389,1411.58
Pycnonotus jocosus,Red-whiskered bulbul,120,545232,4543.60
Pycnonotus leucogenys,Himalayan bulbul,120,61291,510.76
Pycnonotus leucops,Pale-faced bulbul,120,3347,27.89
Pycnonotus leucotis,White-eared bulbul,120,117322,977.68
Pycnonotus luteolus,White-browed bulbul,120,34053,283.77
Pycnonotus nieuwenhuisii,Blue-wattled bulbul,120,7837,65.31
Pycnonotus nigricans,African red-eyed bulbul,120,22542,187.85
Pycnonotus penicillatus,Yellow-eared bulbul,120,15907,132.56
Pycnonotus plumosus,Olive-winged bulbul,120,12052,100.43
Pycnonotus pseudosimplex,Cream-eyed bulbul,82,5179,63.16
Pycnonotus simplex,Cream-vented bulbul,120,7983,66.53
Pycnonotus sinensis,Light-vented bulbul,120,58020,483.50
Pycnonotus snouckaerti,Aceh bulbul,106,5936,56.00
Pycnonotus taivanus,Styan's bulbul,120,12301,102.51
Pycnonotus tympanistrigus,Spot-necked bulbul,120,5088,42.40
Pycnonotus xantholaemus,Yellow-throated bulbul,120,47775,398.12
Pycnonotus xanthopygos,White-spectacled bulbul,120,71598,596.65
Pycnonotus xanthorrhous,Brown-breasted bulbul,120,10448,87.07
Pycnonotus zeylanicus,Straw-headed bulbul,120,39899,332.49
Pyrrhurus scandens,Red-tailed leaflove,120,5882,49.02
Rubigula dispar,Ruby-throated bulbul,120,14241,118.67
Rubigula flaviventris,Black-crested bulbul,120,47326,394.38
Rubigula gularis,Flame-throated bulbul,120,63113,525.94
Rubigula melanictera,Black-capped bulbul,120,16162,134.68
Rubigula montis,Bornean bulbul,120,5303,44.19
Setornis criniger,Hook-billed bulbul,120,8649,72.08
Spizixos canifrons,Crested finchbill,120,11249,93.74
Spizixos semitorques,Collared finchbill,120,12876,107.30
Stelgidillas gracilirostris,Slender-billed greenbul,120,6150,51.25
Thescelocichla leucopleura,Swamp palm bulbul,120,4483,37.36
Tricholestes criniger,Hairy-backed bulbul,120,6778,56.48
Regulus calendula,Ruby-crowned kinglet,120,352974,2941.45
Regulus goodfellowi,,0,,
Regulus ignicapilla,Common firecrest,120,274384,2286.53
Regulus madeirensis,Madeira firecrest,120,57299,477.49
Regulus regulus,,0,,
Regulus satrapa,Golden-crowned kinglet,120,274739,2289.49
Anthoscopus caroli,Grey penduline tit,120,8439,70.33
Anthoscopus flavifrons,Forest penduline tit,120,3457,28.81
Anthoscopus minutus,Cape penduline tit,120,23618,196.82
Anthoscopus musculus,Mouse-coloured penduline tit,120,3225,26.88
Anthoscopus parvulus,Yellow penduline tit,120,4333,36.11
Anthoscopus punctifrons,Sennar penduline tit,120,3012,25.10
Anthoscopus sylviella,Grey penduline tit,120,8439,70.33
Auriparus flaviceps,,0,,
Remiz consobrinus,Chinese penduline tit,120,10552,87.93
Remiz coronatus,White-crowned penduline tit,120,7946,66.22
Remiz pendulinus,Eurasian penduline tit,120,66464,553.87
Rhagologus leucostigma,Mottled berryhunter,112,5573,49.76
Acropternis orthonyx,Ocellated tapaculo,120,8584,71.53
Eleoscytalopus indigoticus,White-breasted tapaculo,120,4522,37.68
Eleoscytalopus psychopompus,Bahia tapaculo,120,7716,64.30
Eugralla paradoxa,Ochre-flanked tapaculo,120,5256,43.80
Liosceles thoracicus,Rusty-belted tapaculo,120,4034,33.62
Merulaxis ater,Slaty bristlefront,120,6450,53.75
Merulaxis stresemanni,Stresemann's bristlefront,120,35323,294.36
Myornis senilis,Ash-colored tapaculo,120,4155,34.62
Psilorhamphus guttatus,Spotted bamboowren,120,3762,31.35
Pteroptochos castaneus,Chestnut-throated huet-huet,120,6081,50.67
Pteroptochos megapodius,Moustached turca,120,9242,77.02
Pteroptochos tarnii,Black-throated huet-huet,120,9998,83.32
Rhinocrypta lanceolata,Crested gallito,120,5810,48.42
Scelorchilus albicollis,White-throated tapaculo,120,5117,42.64
Scelorchilus rubecula,Chucao tapaculo,120,26008,216.73
Scytalopus acutirostris,Tschudi's tapaculo,120,2344,19.53
Scytalopus affinis,Ancash tapaculo,120,3188,26.57
Scytalopus altirostris,Neblina tapaculo,120,2319,19.32
Scytalopus alvarezlopezi,Tatama tapaculo,102,4216,41.33
Scytalopus argentifrons,Silvery-fronted tapaculo,120,5081,42.34
Scytalopus atratus,White-crowned tapaculo,120,1473,12.28
Scytalopus bolivianus,Bolivian tapaculo,120,1187,9.89
Scytalopus canus,Paramillo tapaculo,120,3126,26.05
Scytalopus caracae,Caracas tapaculo,120,2491,20.76
Scytalopus chocoensis,Chocó tapaculo,120,2887,24.06
Scytalopus diamantinensis,Diamantina tapaculo,120,3198,26.65
Scytalopus femoralis,Rufous-vented tapaculo,120,2348,19.57
Scytalopus frankeae,Jalca tapaculo,63,2249,35.70
Scytalopus fuscus,Dusky tapaculo,120,3422,28.52
Scytalopus gettyae,Junin tapaculo,120,3324,27.70
Scytalopus gonzagai,Boa Nova tapaculo,120,786,6.55
Scytalopus griseicollis,Pale-bellied tapaculo,120,3902,32.52
Scytalopus iraiensis,Marsh tapaculo,120,3403,28.36
Scytalopus krabbei,White-winged tapaculo,65,4623,71.12
Scytalopus latebricola,Brown-rumped tapaculo,120,2764,23.03
Scytalopus latrans,Blackish tapaculo,120,5089,42.41
Scytalopus macropus,Large-footed tapaculo,120,2202,18.35
Scytalopus magellanicus,Magellanic tapaculo,120,7839,65.33
Scytalopus meridanus,Mérida tapaculo,120,2252,18.77
Scytalopus micropterus,Long-tailed tapaculo,120,2874,23.95
Scytalopus novacapitalis,Brasília tapaculo,120,3899,32.49
Scytalopus opacus,Paramo tapaculo,120,2938,24.48
Scytalopus pachecoi,Planalto tapaculo,120,3001,25.01
Scytalopus panamensis,Tacarcuna tapaculo,120,3420,28.50
Scytalopus parkeri,Chusquea tapaculo,120,2392,19.93
Scytalopus parvirostris,Trilling tapaculo,120,2225,18.54
Scytalopus perijanus,Perijá tapaculo,120,49696,414.13
Scytalopus petrophilus,Rock tapaculo,120,3261,27.18
Scytalopus robbinsi,El Oro tapaculo,120,3439,28.66
Scytalopus rodriguezi,Magdalena tapaculo,120,2514,20.95
Scytalopus sanctaemartae,Santa Marta tapaculo,120,2517,20.98
Scytalopus schulenbergi,Diademed tapaculo,120,2477,20.64
Scytalopus simonsi,Puna tapaculo,120,2389,19.91
Scytalopus speluncae,Mouse-coloured tapaculo,120,3929,32.74
Scytalopus spillmanni,Spillmann's tapaculo,120,2581,21.51
Scytalopus stilesi,Stiles's tapaculo,120,4098,34.15
Scytalopus superciliaris,White-browed tapaculo,120,2799,23.32
Scytalopus unicolor,Unicolored tapaculo,120,2892,24.10
Scytalopus urubambae,Vilcabamba tapaculo,120,2452,20.43
Scytalopus vicinior,Nariño tapaculo,120,3044,25.37
Scytalopus whitneyi,Ampay tapaculo,63,2772,44.00
Scytalopus zimmeri,Zimmer's tapaculo,120,3196,26.63
Teledromas fuscus,Sandy gallito,120,4786,39.88
Rhipidura albicollis,White-throated fantail,120,51027,425.23
Rhipidura albiscapa,Grey fantail,120,60332,502.77
Rhipidura albiventris,Visayan fantail,120,5689,47.41
Rhipidura albogularis,White-spotted fantail,120,28702,239.18
Rhipidura albolimbata,Friendly fantail,120,5454,45.45
Rhipidura assimilis,,0,,
Rhipidura atra,Black fantail,120,8551,71.26
Rhipidura aureola,White-browed fantail,120,30089,250.74
Rhipidura bouruensis,,0,,
Rhipidura brachyrhyncha,Dimorphic fantail,120,2876,23.97
Rhipidura cinerea,,0,,
Rhipidura cockerelli,White-winged fantail,120,1130,9.42
Rhipidura coultasi,White-gorgeted fantail,24,586,24.42
Rhipidura cyaniceps,Blue-headed fantail,120,8467,70.56
Rhipidura dahli,Bismarck fantail,120,3001,25.01
Rhipidura dedemi,Streak-breasted fantail,120,2580,21.50
Rhipidura diluta,Brown-capped fantail,120,4077,33.98
Rhipidura drownei,Bougainville fantail,24,730,30.42
Rhipidura dryas,Arafura fantail,120,6051,50.42
Rhipidura euryura,White-bellied fantail,120,3480,29.00
Rhipidura fuliginosa,New Zealand fantail,120,226025,1883.54
Rhipidura fuscorufa,Cinnamon-tailed fantail,120,3027,25.23
Rhipidura habibiei,Peleng fantail,72,4922,68.36
Rhipidura hoedti,,0,,
Rhipidura hyperythra,Chestnut-bellied fantail,120,2952,24.60
Rhipidura isura,,0,,
Rhipidura javanica,Sunda pied fantail,0,0,
Rhipidura kordensis,Northern fantail,120,8528,71.07
Rhipidura kubaryi,Pohnpei fantail,120,6453,53.77
Rhipidura layardi,Fiji streaked fantail,24,778,32.42
Rhipidura lepida,Palau fantail,120,6251,52.09
Rhipidura leucophrys,Willie wagtail,120,438594,3654.95
Rhipidura leucothorax,White-bellied thicket fantail,120,4358,36.32
Rhipidura maculipectus,Black thicket fantail,120,3671,30.59
Rhipidura malaitae,Malaita fantail,120,2878,23.98
Rhipidura matthiae,Mussau fantail,120,3005,25.04
Rhipidura melanolaema,Santa Cruz fantail,24,631,26.29
Rhipidura nebulosa,Samoan fantail,120,5432,45.27
Rhipidura nigritorquis,Philippine pied fantail,120,36141,301.18
Rhipidura nigrocinnamomea,Black-and-cinnamon fantail,120,5436,45.30
Rhipidura obiensis,,0,,
Rhipidura ocularis,Guadalcanal fantail,24,545,22.71
Rhipidura opistherythra,Long-tailed fantail,120,3171,26.43
Rhipidura perlata,Spotted fantail,120,4793,39.94
Rhipidura personata,Kadavu fantail,120,4897,40.81
Rhipidura phasiana,Mangrove fantail,120,5217,43.48
Rhipidura phoenicura,Rufous-tailed fantail,120,3701,30.84
Rhipidura rennelliana,Rennell fantail,120,3591,29.93
Rhipidura rufidorsa,Rufous-backed fantail,120,2521,21.01
Rhipidura rufifrons,Australian rufous fantail,24,6792,283.00
Rhipidura rufilateralis,,0,,
Rhipidura rufiventris,Northern fantail,120,8528,71.07
Rhipidura samarensis,Visayan blue fantail,120,4932,41.10
Rhipidura sauli,Tablas fantail,120,4857,40.48
Rhipidura semirubra,Manus fantail,120,3516,29.30
Rhipidura spilodera,Vanuatu streaked fantail,24,608,25.33
Rhipidura superciliaris,Mindanao blue fantail,120,6992,58.27
Rhipidura superflua,Tawny-backed fantail,120,2698,22.48
Rhipidura tenebrosa,Makira fantail,120,2712,22.60
Rhipidura tenkatei,,0,,
Rhipidura teysmanni,Sulawesi fantail,90,2626,29.18
Rhipidura threnothorax,Sooty thicket fantail,120,2835,23.62
Rhipidura verreauxi,New Caledonian streaked fantail,24,764,31.83
Rhodinocichla rosea,Rosy thrush-tanager,120,14938,124.48
Sapayoa aenigma,,0,,
Abroscopus albogularis,Rufous-faced warbler,120,8879,73.99
Abroscopus schisticeps,Black-faced warbler,120,8290,69.08
Abroscopus superciliaris,Yellow-bellied warbler,120,19839,165.32
Cettia brunnifrons,Grey-sided bush warbler,120,5299,44.16
Cettia castaneocoronata,Chestnut-headed tesia,120,10855,90.46
Cettia cetti,Cetti's warbler,120,129537,1079.47
Cettia major,Chestnut-crowned bush warbler,120,5342,44.52
Erythrocercus holochlorus,Little yellow flycatcher,120,3919,32.66
Erythrocercus livingstonei,Livingstone's flycatcher,120,5163,43.02
Erythrocercus mccallii,Chestnut-capped flycatcher,120,4501,37.51
Hemitesia neumanni,Neumann's warbler,120,4426,36.88
Hemitesia pallidipes,Pale-footed bush warbler,120,7193,59.94
Horornis acanthizoides,Yellow-bellied bush warbler,120,6430,53.58
Horornis annae,Palau bush warbler,120,3648,30.40
Horornis brunnescens,Hume's bush warbler,120,4496,37.47
Horornis canturians,Manchurian bush warbler,120,13392,111.60
Horornis carolinae,Tanimbar bush warbler,120,2585,21.54
Horornis diphone,Japanese bush warbler,120,189046,1575.38
Horornis flavolivaceus,Aberrant bush warbler,120,12549,104.58
Horornis fortipes,Brown-flanked bush warbler,120,9676,80.63
Horornis haddeni,Bougainville bush warbler,120,3105,25.88
Horornis parens,Shade bush warbler,120,2552,21.27
Horornis ruficapilla,Fiji bush warbler,120,5409,45.08
Horornis seebohmi,Philippine bush warbler,120,4429,36.91
Hylia prasina,Green hylia,120,10330,86.08
Pholidornis rushiae,Tit hylia,120,7749,64.58
Phyllergates cucullatus,Mountain tailorbird,120,16875,140.62
Phyllergates heterolaemus,Rufous-headed tailorbird,120,8327,69.39
Scotocerca inquieta,Streaked scrub warbler,120,18834,156.95
Tesia cyaniventer,Grey-bellied tesia,120,6608,55.07
Tesia everetti,Russet-capped tesia,120,3217,26.81
Tesia olivea,Slaty-bellied tesia,120,6024,50.20
Tesia superciliaris,Javan tesia,120,4218,35.15
Tickellia hodgsoni,Broad-billed warbler,120,5305,44.21
Urosphena squameiceps,Asian stubtail,120,19224,160.20
Urosphena subulata,Timor stubtail,120,4595,38.29
Urosphena whiteheadi,Bornean stubtail,120,10953,91.28
Salpornis salvadori,African spotted creeper,120,13301,110.84
Salpornis spilonota,Indian spotted creeper,120,14747,122.89
Sitta arctica,Siberian nuthatch,120,9358,77.98
Sitta azurea,Blue nuthatch,120,21661,180.51
Sitta canadensis,Red-breasted nuthatch,120,377680,3147.33
Sitta carolinensis,White-breasted nuthatch,120,564714,4705.95
Sitta cashmirensis,Kashmir nuthatch,120,9870,82.25
Sitta castanea,Indian nuthatch,120,12230,101.92
Sitta cinnamoventris,Chestnut-bellied nuthatch,120,17620,146.83
Sitta europaea,Eurasian nuthatch,120,560713,4672.61
Sitta formosa,Beautiful nuthatch,120,27994,233.28
Sitta frontalis,Velvet-fronted nuthatch,120,30148,251.23
Sitta himalayensis,White-tailed nuthatch,120,9137,76.14
Sitta insularis,Bahama nuthatch,96,50166,522.56
Sitta krueperi,Krüper's nuthatch,120,19180,159.83
Sitta ledanti,Algerian nuthatch,120,26524,221.03
Sitta leucopsis,White-cheeked nuthatch,120,8450,70.42
Sitta magna,Giant nuthatch,120,18129,151.07
Sitta nagaensis,Chestnut-vented nuthatch,120,10454,87.12
Sitta neglecta,Burmese nuthatch,120,5347,44.56
Sitta neumayer,Western rock nuthatch,120,20045,167.04
Sitta oenochlamys,Sulphur-billed nuthatch,120,9118,75.98
Sitta przewalskii,Przevalski's nuthatch,120,22896,190.80
Sitta pusilla,Brown-headed nuthatch,120,118062,983.85
Sitta pygmaea,Pygmy nuthatch,120,103993,866.61
Sitta solangiae,Yellow-billed nuthatch,120,7573,63.11
Sitta tephronota,Eastern rock nuthatch,120,9032,75.27
Sitta victoriae,White-browed nuthatch,120,9842,82.02
Sitta villosa,Chinese nuthatch,120,9619,80.16
Sitta whiteheadi,Corsican nuthatch,120,26419,220.16
Sitta yunnanensis,Yunnan nuthatch,120,8926,74.38
Tichodroma muraria,,0,,
Spindalis dominicensis,Hispaniolan spindalis,120,5662,47.18
Spindalis nigricephala,Jamaican spindalis,120,5789,48.24
Spindalis portoricensis,Puerto Rican spindalis,120,73814,615.12
Spindalis zena,Western spindalis,120,24215,201.79
Chelidorhynx hypoxanthus,Yellow-bellied fantail,120,14173,118.11
Culicicapa ceylonensis,Grey-headed canary-flycatcher,120,38587,321.56
Culicicapa helianthea,Citrine canary-flycatcher,120,6969,58.08
Elminia albicauda,White-tailed blue flycatcher,120,5831,48.59
Elminia albiventris,White-bellied crested flycatcher,120,3250,27.08
Elminia albonotata,White-tailed crested flycatcher,120,5879,48.99
Elminia longicauda,African blue flycatcher,120,18206,151.72
Elminia nigromitrata,Dusky crested flycatcher,120,4440,37.00
Stenostira scita,Fairy flycatcher,120,15511,129.26
Acridotheres albocinctus,Collared myna,120,15814,131.78
Acridotheres burmannicus,Burmese myna,38,3182,83.74
Acridotheres cinereus,Pale-bellied myna,120,16824,140.20
Acridotheres cristatellus,Crested myna,120,138316,1152.63
Acridotheres fuscus,Jungle myna,120,98325,819.38
Acridotheres ginginianus,Bank myna,120,71008,591.73
Acridotheres grandis,Great myna,120,48764,406.37
Acridotheres javanicus,Javan myna,120,136169,1134.74
Acridotheres leucocephalus,Vinous-breasted myna,38,3035,79.87
Acridotheres melanopterus,Black-winged myna,38,10149,267.08
Acridotheres tertius,,0,,
Acridotheres tricolor,,0,,
Acridotheres tristis,Common myna,120,1817935,15149.46
Agropsar philippensis,Chestnut-cheeked starling,120,16352,136.27
Agropsar sturninus,Daurian starling,120,25021,208.51
Ampeliceps coronatus,Golden-crested myna,120,23216,193.47
Aplonis atrifusca,Samoan starling,120,10948,91.23
Aplonis brunneicapillus,White-eyed starling,120,3936,32.80
Aplonis cantoroides,Singing starling,120,9910,82.58
Aplonis cinerascens,Rarotonga starling,120,6646,55.38
Aplonis circumscripta,Metallic starling,120,44015,366.79
Aplonis crassa,Tanimbar starling,120,4781,39.84
Aplonis dichroa,Makira starling,120,3011,25.09
Aplonis feadensis,Atoll starling,120,4438,36.98
Aplonis grandis,Brown-winged starling,120,3677,30.64
Aplonis insularis,Rennell starling,120,4144,34.53
Aplonis magna,Long-tailed starling,120,7820,65.17
Aplonis metallica,Metallic starling,120,44015,366.79
Aplonis minor,Short-tailed starling,120,5992,49.93
Aplonis mysolensis,Moluccan starling,120,5039,41.99
Aplonis mystacea,Yellow-eyed starling,120,4898,40.82
Aplonis opaca,Micronesian starling,120,18852,157.10
Aplonis panayensis,Asian glossy starling,120,102562,854.68
Aplonis pelzelni,Pohnpei starling,120,13531,112.76
Aplonis santovestris,Mountain starling,120,6173,51.44
Aplonis striata,Striated starling,120,5387,44.89
Aplonis tabuensis,Polynesian starling,120,13816,115.13
Aplonis zelandica,Rusty-winged starling,120,4211,35.09
Basilornis celebensis,Sulawesi myna,120,23125,192.71
Basilornis corythaix,Long-crested myna,120,15962,133.02
Basilornis galeatus,Helmeted myna,120,17333,144.44
Cinnyricinclus leucogaster,Violet-backed starling,120,188214,1568.45
Creatophora cinerea,Wattled starling,120,32918,274.32
Enodes erythrophris,Fiery-browed starling,120,14972,124.77
Goodfellowia miranda,Apo myna,120,22802,190.02
Gracula indica,Southern hill myna,120,35812,298.43
Gracula ptilogenys,Sri Lanka hill myna,120,39243,327.02
Gracula religiosa,Common hill myna,120,581136,4842.80
Gracula robusta,Common hill myna,120,581136,4842.80
Gracula venerata,Tenggara hill myna,38,1496,39.37
Gracupica contra,Indian pied myna,54,47360,877.04
Gracupica jalla,Javan pied myna,54,8460,156.67
Gracupica nigricollis,Black-collared starling,120,55918,465.98
Grafisia torquata,White-collared starling,120,3735,31.12
Hartlaubius auratus,Madagascar starling,120,2511,20.93
Hylopsar cupreocauda,Copper-tailed starling,120,5110,42.58
Hylopsar purpureiceps,Purple-headed starling,120,6963,58.02
Lamprotornis acuticaudus,Sharp-tailed starling,120,6952,57.93
Lamprotornis albicapillus,White-crowned starling,120,6484,54.03
Lamprotornis australis,Burchell's starling,120,17490,145.75
Lamprotornis benguelensis,,0,,
Lamprotornis bicolor,Pied starling,120,18038,150.32
Lamprotornis caudatus,Long-tailed glossy starling,120,23456,195.47
Lamprotornis chalcurus,Bronze-tailed starling,120,9278,77.32
Lamprotornis chalybaeus,Greater blue-eared starling,120,73954,616.28
Lamprotornis chloropterus,Lesser blue-eared starling,120,19794,164.95
Lamprotornis fischeri,Fischer's starling,120,8231,68.59
Lamprotornis hildebrandti,Hildebrandt's starling,120,72148,601.23
Lamprotornis iris,Emerald starling,120,30062,250.52
Lamprotornis mevesii,Meves's starling,120,12057,100.47
Lamprotornis nitens,Cape starling,120,77581,646.51
Lamprotornis ornatus,Principe starling,120,6886,57.38
Lamprotornis pulcher,Chestnut-bellied starling,120,13122,109.35
Lamprotornis purpureus,Purple starling,120,49856,415.47
Lamprotornis purpuroptera,Rüppell's starling,120,17556,146.30
Lamprotornis regius,Golden-breasted starling,120,38588,321.57
Lamprotornis shelleyi,Shelley's starling,120,11601,96.67
Lamprotornis splendidus,Splendid starling,120,19018,158.48
Lamprotornis superbus,Superb starling,120,141304,1177.53
Lamprotornis unicolor,Ashy starling,120,11276,93.97
Lamprotornis violacior,,0,,
Leucopsar rothschildi,Bali myna,120,266702,2222.52
Mino anais,Golden myna,120,29206,243.38
Mino dumontii,Yellow-faced myna,120,46450,387.08
Mino kreffti,Long-tailed myna,120,22950,191.25
Neocichla gutturalis,Babbling starling,120,5405,45.04
Notopholia corusca,Black-bellied starling,120,10776,89.80
Onychognathus albirostris,White-billed starling,120,4823,40.19
Onychognathus blythii,Somali starling,120,7325,61.04
Onychognathus frater,Socotra starling,120,33719,280.99
Onychognathus fulgidus,Chestnut-winged starling,120,6525,54.38
Onychognathus morio,Red-winged starling,120,98603,821.69
Onychognathus nabouroup,Pale-winged starling,120,12970,108.08
Onychognathus neumanni,Neumann's starling,120,6029,50.24
Onychognathus salvadorii,Bristle-crowned starling,120,5467,45.56
Onychognathus tenuirostris,Slender-billed starling,120,7646,63.72
Onychognathus tristramii,Tristram's starling,120,53504,445.87
Onychognathus walleri,Waller's starling,120,6309,52.58
Pastor roseus,Rosy starling,120,196391,1636.59
Pholia sharpii,Sharpe's starling,120,5118,42.65
Poeoptera femoralis,Abbott's starling,120,16892,140.77
Poeoptera kenricki,Kenrick's starling,120,7770,64.75
Poeoptera lugubris,Narrow-tailed starling,120,4851,40.42
Poeoptera stuhlmanni,Stuhlmann's starling,120,12024,100.20
Rhabdornis grandis,Grand rhabdornis,120,4417,36.81
Rhabdornis inornatus,Stripe-breasted rhabdornis,120,5466,45.55
Rhabdornis mystacalis,Stripe-headed rhabdornis,120,5071,42.26
Rhabdornis rabori,Visayan rhabdornis,120,2744,22.87
Sarcops calvus,,0,,
Saroglossa spilopterus,Spot-winged starling,120,7941,66.17
Scissirostrum dubium,Grosbeak starling,120,22183,184.86
Speculipastor bicolor,Magpie starling,120,6045,50.38
Spodiopsar cineraceus,White-cheeked starling,120,81249,677.08
Spodiopsar sericeus,Red-billed starling,120,20905,174.21
Streptocitta albertinae,Bare-eyed myna,120,15013,125.11
Streptocitta albicollis,White-necked myna,120,20271,168.93
Streptocitta torquata,,0,,
Sturnia erythropygia,White-headed starling,120,14021,116.84
Sturnia malabarica,Chestnut-tailed starling,120,68568,571.40
Sturnia pagodarum,Brahminy starling,120,104181,868.17
Sturnia sinensis,White-shouldered starling,120,18467,153.89
Sturnornis albofrontatus,White-faced starling,120,13360,111.33
Sturnus unicolor,Spotless starling,120,88528,737.73
Sturnus vulgaris,Common starling,120,2991677,24930.64
Chamaea fasciata,,0,,
Chleuasicus atrosuperciliaris,Pale-billed parrotbill,120,5293,44.11
Cholornis paradoxus,Three-toed parrotbill,120,3993,33.27
Cholornis unicolor,Brown parrotbill,120,6358,52.98
Chrysomma altirostre,Jerdon's babbler,120,22012,183.43
Chrysomma sinense,Yellow-eyed babbler,120,25281,210.68
Conostoma aemodium,Great parrotbill,120,6230,51.92
Fulvetta cinereiceps,Grey-hooded fulvetta,120,4358,36.32
Fulvetta danisi,Indochinese fulvetta,120,3356,27.97
Fulvetta formosana,Taiwan fulvetta,120,4978,41.48
Fulvetta ludlowi,Brown-throated fulvetta,120,5453,45.44
Fulvetta manipurensis,Manipur fulvetta,120,5654,47.12
Fulvetta ruficapilla,Spectacled fulvetta,120,4145,34.54
Fulvetta striaticollis,Chinese fulvetta,120,5535,46.12
Fulvetta vinipectus,White-browed fulvetta,120,7973,66.44
Lioparus chrysotis,Golden-breasted fulvetta,120,8968,74.73
Moupinia poecilotis,Rufous-tailed babbler,120,3718,30.98
Myzornis pyrrhoura,Fire-tailed myzornis,120,21182,176.52
Neosuthora davidiana,Short-tailed parrotbill,120,4008,33.40
Paradoxornis flavirostris,Black-breasted parrotbill,120,22447,187.06
Paradoxornis guttaticollis,Spot-breasted parrotbill,120,7870,65.58
Paradoxornis heudei,Reed parrotbill,120,9589,79.91
Parophasma galinieri,Abyssinian catbird,120,19960,166.33
Psittiparus bakeri,Rufous-headed parrotbill,120,5442,45.35
Psittiparus gularis,Grey-headed parrotbill,120,5305,44.21
Psittiparus margaritae,Black-headed parrotbill,120,4409,36.74
Psittiparus ruficeps,White-breasted parrotbill,120,4994,41.62
Rhopophilus albosuperciliaris,Tarim babbler,109,2790,25.60
Rhopophilus pekinensis,Beijing babbler,109,5074,46.55
Sinosuthora alphonsiana,Ashy-throated parrotbill,120,8137,67.81
Sinosuthora brunnea,Brown-winged parrotbill,120,4474,37.28
Sinosuthora conspicillata,Spectacled parrotbill,120,3569,29.74
Sinosuthora przewalskii,Przevalski's parrotbill,120,2990,24.92
Sinosuthora ricketti,,0,,
Sinosuthora webbiana,Vinous-throated parrotbill,120,46578,388.15
Sinosuthora zappeyi,Grey-hooded parrotbill,120,3082,25.68
Suthora fulvifrons,Fulvous parrotbill,120,6129,51.08
Suthora nipalensis,Black-throated parrotbill,120,9179,76.49
Suthora verreauxi,Golden parrotbill,120,9133,76.11
Sylvia abyssinica,African hill babbler,120,10568,88.07
Sylvia atricapilla,Eurasian blackcap,120,1080897,9007.48
Sylvia atriceps,Rwenzori hill babbler,90,2883,32.03
Sylvia balearica,Balearic warbler,120,12569,104.74
Sylvia boehmi,Banded parisoma,120,6522,54.35
Sylvia borin,Garden warbler,120,299301,2494.18
Sylvia buryi,Yemen warbler,120,7953,66.28
Sylvia cantillans,Eastern subalpine warbler,66,20065,304.02
Sylvia communis,Common whitethroat,120,247905,2065.88
Sylvia conspicillata,Spectacled warbler,120,21315,177.62
Sylvia crassirostris,Eastern Orphean warbler,120,21819,181.82
Sylvia curruca,Lesser whitethroat,120,163182,1359.85
Sylvia deserti,African desert warbler,120,12610,105.08
Sylvia deserticola,Tristram's warbler,120,9971,83.09
Sylvia dohrni,Dohrn's warbler,66,3680,55.76
Sylvia hortensis,Western Orphean warbler,120,25235,210.29
Sylvia layardi,Layard's warbler,120,5692,47.43
Sylvia leucomelaena,Arabian warbler,120,9178,76.48
Sylvia lugens,Brown parisoma,120,5450,45.42
Sylvia melanocephala,Sardinian warbler,120,105453,878.77
Sylvia melanothorax,Cyprus warbler,120,20871,173.93
Sylvia mystacea,Menetries's warbler,120,13725,114.38
Sylvia nana,Asian desert warbler,120,21268,177.23
Sylvia nigricapillus,Bush blackcap,120,9269,77.24
Sylvia nisoria,Barred warbler,120,42169,351.41
Sylvia ruppeli,Rüppell's warbler,120,19180,159.83
Sylvia sarda,Marmora's warbler,120,15865,132.21
Sylvia subalpina,Moltoni's warbler,120,16449,137.07
Sylvia subcoerulea,Chestnut-vented warbler,120,12080,100.67
Sylvia undata,Dartford warbler,120,84127,701.06
Teretistris fernandinae,Yellow-headed warbler,120,9393,78.28
Teretistris fornsi,Oriente warbler,120,7861,65.51
Akletos goeldii,Goeldi's antbird,120,3264,27.20
Akletos melanoceps,White-shouldered antbird,120,2940,24.50
Ammonastes pelzelni,Grey-bellied antbird,120,2003,16.69
Ampelornis griseiceps,Grey-headed antbird,120,2437,20.31
Aprositornis disjuncta,Yapacana antbird,120,3515,29.29
Batara cinerea,Giant antshrike,120,8405,70.04
Biatas nigropectus,White-bearded antshrike,120,3905,32.54
Cercomacra brasiliana,Rio de Janeiro antbird,120,2735,22.79
Cercomacra carbonaria,Rio Branco antbird,120,5292,44.10
Cercomacra cinerascens,Grey antbird,120,2620,21.83
Cercomacra ferdinandi,Bananal antbird,120,4289,35.74
Cercomacra manu,Manu antbird,120,3053,25.44
Cercomacra melanaria,Mato Grosso antbird,120,2819,23.49
Cercomacra nigricans,Jet antbird,120,4216,35.13
Cercomacroides fuscicauda,Riparian antbird,120,3371,28.09
Cercomacroides laeta,Willis's antbird,120,2764,23.03
Cercomacroides nigrescens,Blackish antbird,120,3351,27.93
Cercomacroides parkeri,Parker's antbird,120,4279,35.66
Cercomacroides serva,Black antbird,120,3409,28.41
Cercomacroides tyrannina,Dusky antbird,120,6189,51.58
Clytoctantes alixii,Recurve-billed bushbird,120,6205,51.71
Clytoctantes atrogularis,Rondônia bushbird,120,3377,28.14
Cymbilaimus lineatus,Fasciated antshrike,120,7940,66.17
Cymbilaimus sanctaemariae,Bamboo antshrike,120,4272,35.60
Dichrozona cincta,Banded antbird,120,4069,33.91
Drymophila caudata,East Andean antbird,120,3343,27.86
Drymophila devillei,Striated antbird,120,2705,22.54
Drymophila ferruginea,Ferruginous antbird,120,3634,30.28
Drymophila genei,Rufous-tailed antbird,120,2563,21.36
Drymophila hellmayri,Santa Marta antbird,120,3027,25.23
Drymophila klagesi,Klages's antbird,120,2525,21.04
Drymophila malura,Dusky-tailed antbird,120,3064,25.53
Drymophila ochropyga,Ochre-rumped antbird,120,3149,26.24
Drymophila rubricollis,Bertoni's antbird,120,3585,29.88
Drymophila squamata,Scaled antbird,120,3037,25.31
Drymophila striaticeps,Streak-headed antbird,120,3393,28.27
Dysithamnus leucostictus,White-streaked antvireo,120,2623,21.86
Dysithamnus mentalis,Plain antvireo,120,7381,61.51
Dysithamnus occidentalis,Bicolored antvireo,120,2902,24.18
Dysithamnus plumbeus,Plumbeous antvireo,120,2471,20.59
Dysithamnus puncticeps,Spot-crowned antvireo,120,2824,23.53
Dysithamnus stictothorax,Spot-breasted antvireo,120,2550,21.25
Dysithamnus striaticeps,Streak-crowned antvireo,120,2727,22.73
Dysithamnus xanthopterus,Rufous-backed antvireo,120,2604,21.70
Epinecrophylla amazonica,Rio Madeira stipplethroat,90,1559,17.32
Epinecrophylla erythrura,Rufous-tailed stipplethroat,90,1466,16.29
Epinecrophylla fulviventris,Checker-throated stipplethroat,90,3235,35.94
Epinecrophylla gutturalis,Brown-bellied stipplethroat,90,1585,17.61
Epinecrophylla haematonota,Rufous-backed stipplethroat,90,1913,21.26
Epinecrophylla hoffmannsi,,0,,
Epinecrophylla leucophthalma,White-eyed stipplethroat,90,1487,16.52
Epinecrophylla ornata,Ornate stipplethroat,90,2155,23.94
Epinecrophylla spodionota,Foothill stipplethroat,90,1350,15.00
Euchrepomis callinota,Rufous-rumped antwren,120,5144,42.87
Euchrepomis humeralis,Chestnut-shouldered antwren,120,3726,31.05
Euchrepomis sharpei,Yellow-rumped antwren,120,2925,24.38
Euchrepomis spodioptila,Ash-winged antwren,120,4524,37.70
Formicivora acutirostris,Marsh antwren,120,4654,38.78
Formicivora erythronotos,Black-hooded antwren,120,3666,30.55
Formicivora grantsaui,Sincorá antwren,120,3365,28.04
Formicivora grisea,Southern white-fringed antwren,115,3947,34.32
Formicivora iheringi,Narrow-billed antwren,120,3853,32.11
Formicivora intermedia,Northern white-fringed antwren,117,2392,20.44
Formicivora melanogaster,Black-bellied antwren,120,2873,23.94
Formicivora paludicola,Marsh antwren,120,4654,38.78
Formicivora rufa,Rusty-backed antwren,120,2739,22.82
Formicivora serrana,Serra antwren,120,5219,43.49
Frederickena unduliger,Undulated antshrike,120,3308,27.57
Frederickena viridis,Black-throated antshrike,120,2882,24.02
Gymnocichla nudiceps,Bare-crowned antbird,120,4601,38.34
Gymnopithys bicolor,Bicolored antbird,120,8805,73.38
Gymnopithys leucaspis,White-cheeked antbird,120,3915,32.62
Gymnopithys rufigula,Rufous-throated antbird,120,8155,67.96
Hafferia fortis,Sooty antbird,120,3200,26.67
Hafferia immaculata,Blue-lored antbird,120,4536,37.80
Hafferia zeledoni,Zeledon's antbird,120,6457,53.81
Herpsilochmus atricapillus,Black-capped antwren,120,3180,26.50
Herpsilochmus axillaris,Yellow-breasted antwren,120,2536,21.13
Herpsilochmus dorsimaculatus,Spot-backed antwren,120,2194,18.28
Herpsilochmus dugandi,Dugand's antwren,120,2583,21.52
Herpsilochmus gentryi,Ancient antwren,120,3807,31.73
Herpsilochmus longirostris,Large-billed antwren,120,3186,26.55
Herpsilochmus motacilloides,Creamy-bellied antwren,120,2143,17.86
Herpsilochmus parkeri,Ash-throated antwren,120,3819,31.82
Herpsilochmus pectoralis,Pectoral antwren,120,3088,25.73
Herpsilochmus pileatus,Bahia antwren,120,2731,22.76
Herpsilochmus praedictus,Predicted antwren,120,4087,34.06
Herpsilochmus roraimae,Roraiman antwren,120,2560,21.33
Herpsilochmus rufimarginatus,Rufous-margined antwren,54,2212,40.96
Herpsilochmus scapularis,,0,,
Herpsilochmus sellowi,Caatinga antwren,120,5674,47.28
Herpsilochmus stictocephalus,Todd's antwren,120,2211,18.43
Herpsilochmus sticturus,Spot-tailed antwren,120,2320,19.33
Herpsilochmus stotzi,Aripuana antwren,120,3531,29.43
Hylophylax naevioides,Spotted antbird,120,7878,65.65
Hylophylax naevius,Spot-backed antbird,120,3102,25.85
Hylophylax punctulatus,Dot-backed antbird,120,3088,25.73
Hypocnemis cantator,Guianan warbling antbird,120,4012,33.43
Hypocnemis flavescens,Imeri warbling antbird,120,2305,19.21
Hypocnemis hypoxantha,Yellow-browed antbird,120,2899,24.16
Hypocnemis ochrogyna,Rondonia warbling antbird,120,3043,25.36
Hypocnemis peruviana,Peruvian warbling antbird,120,3722,31.02
Hypocnemis rondoni,Manicoré warbling antbird,120,2385,19.88
Hypocnemis striata,Spix's warbling antbird,120,2394,19.95
Hypocnemis subflava,Yellow-breasted warbling antbird,120,2469,20.57
Hypocnemoides maculicauda,Band-tailed antbird,120,3329,27.74
Hypocnemoides melanopogon,Black-chinned antbird,120,4515,37.62
Hypoedaleus guttatus,Spot-backed antshrike,120,3546,29.55
Isleria guttata,Rufous-bellied antwren,120,2849,23.74
Isleria hauxwelli,Plain-throated antwren,120,3136,26.13
Mackenziaena leachii,Large-tailed antshrike,120,3797,31.64
Mackenziaena severa,Tufted antshrike,120,3820,31.83
Megastictus margaritatus,Pearly antshrike,120,2737,22.81
Microrhopias quixensis,Dot-winged antwren,120,6754,56.28
Myrmeciza longipes,White-bellied antbird,120,6305,52.54
Myrmelastes brunneiceps,Brownish-headed antbird,120,2654,22.12
Myrmelastes caurensis,Caura antbird,120,2080,17.33
Myrmelastes humaythae,Humaita antbird,120,2663,22.19
Myrmelastes hyperythrus,Plumbeous antbird,120,3394,28.28
Myrmelastes leucostigma,Spot-winged antbird,120,3796,31.63
Myrmelastes rufifacies,Rufous-faced antbird,120,2451,20.43
Myrmelastes saturatus,Roraiman antbird,120,2304,19.20
Myrmelastes schistaceus,Slate-colored antbird,120,2866,23.88
Myrmoborus leucophrys,White-browed antbird,120,2918,24.32
Myrmoborus lophotes,White-lined antbird,120,2393,19.94
Myrmoborus lugubris,Ash-breasted antbird,120,3339,27.82
Myrmoborus melanurus,Black-tailed antbird,120,2416,20.13
Myrmoborus myotherinus,Black-faced antbird,120,3707,30.89
Myrmochanes hemileucus,Black-and-white antbird,120,3403,28.36
Myrmoderus eowilsoni,Cordillera Azul antbird,96,4122,42.94
Myrmoderus ferrugineus,Ferruginous-backed antbird,120,3155,26.29
Myrmoderus loricatus,White-bibbed antbird,120,3211,26.76
Myrmoderus ruficauda,Scalloped antbird,120,2628,21.90
Myrmoderus squamosus,Squamate antbird,120,3080,25.67
Myrmophylax atrothorax,Black-throated antbird,120,4102,34.18
Myrmorchilus strigilatus,Stripe-backed antbird,120,3827,31.89
Myrmornis stictoptera,Wing-banded antbird,120,5862,48.85
Myrmornis torquata,Wing-banded antbird,120,5862,48.85
Myrmotherula ambigua,Yellow-throated antwren,120,2422,20.18
Myrmotherula assimilis,Leaden antwren,120,2324,19.37
Myrmotherula axillaris,White-flanked antwren,120,6717,55.98
Myrmotherula behni,Plain-winged antwren,120,2423,20.19
Myrmotherula brachyura,Pygmy antwren,120,4271,35.59
Myrmotherula cherriei,Cherrie's antwren,120,2850,23.75
Myrmotherula grisea,Yungas antwren,120,2180,18.17
Myrmotherula ignota,Moustached antwren,120,3572,29.77
Myrmotherula iheringi,Ihering's antwren,120,2594,21.62
Myrmotherula klagesi,Klages's antwren,120,2609,21.74
Myrmotherula longicauda,Stripe-chested antwren,120,2534,21.12
Myrmotherula longipennis,Long-winged antwren,120,2666,22.22
Myrmotherula luctuosa,Silvery-flanked antwren,120,1768,14.73
Myrmotherula menetriesii,Grey antwren,120,2969,24.74
Myrmotherula minor,Salvadori's antwren,120,2725,22.71
Myrmotherula multostriata,Amazonian streaked antwren,120,5015,41.79
Myrmotherula pacifica,Pacific antwren,120,4596,38.30
Myrmotherula schisticolor,Slaty antwren,120,5049,42.08
Myrmotherula sclateri,Sclater's antwren,120,3346,27.88
Myrmotherula snowi,Alagoas antwren,120,6582,54.85
Myrmotherula sunensis,Rio Suno antwren,120,2632,21.93
Myrmotherula surinamensis,Guianan streaked antwren,120,3455,28.79
Myrmotherula unicolor,Unicolored antwren,120,3097,25.81
Myrmotherula urosticta,Band-tailed antwren,120,2857,23.81
Neoctantes niger,Black bushbird,120,3716,30.97
Oneillornis lunulatus,Lunulated antbird,120,2646,22.05
Oneillornis salvini,White-throated antbird,120,3270,27.25
Percnostola arenarum,Allpahuayo antbird,120,4517,37.64
Percnostola rufifrons,Black-headed antbird,120,3905,32.54
Phaenostictus mcleannani,Ocellated antbird,120,10513,87.61
Phlegopsis borbae,Pale-faced bare-eye,120,3057,25.48
Phlegopsis erythroptera,Reddish-winged bare-eye,120,3302,27.52
Phlegopsis nigromaculata,Black-spotted bare-eye,120,5450,45.42
Pithys albifrons,White-plumed antbird,120,8675,72.29
Pithys castaneus,White-masked antbird,120,2581,21.51
Poliocrania exsul,Chestnut-backed antbird,120,10084,84.03
Poliocrania maculifer,,0,,
Pygiptila stellaris,Spot-winged antshrike,120,3232,26.93
Pyriglena atra,Fringe-backed fire-eye,120,4920,41.00
Pyriglena leuconota,East Amazonian fire-eye,66,2369,35.89
Pyriglena leucoptera,White-shouldered fire-eye,120,7454,62.12
Rhegmatorhina berlepschi,Harlequin antbird,120,3612,30.10
Rhegmatorhina cristata,Chestnut-crested antbird,120,2818,23.48
Rhegmatorhina gymnops,Bare-eyed antbird,120,3928,32.73
Rhegmatorhina hoffmannsi,White-breasted antbird,120,2274,18.95
Rhegmatorhina melanosticta,Hairy-crested antbird,120,4263,35.52
Rhopias gularis,Star-throated antwren,120,3448,28.73
Rhopornis ardesiacus,Slender antbird,120,3144,26.20
Sakesphorus canadensis,Black-crested antshrike,120,6191,51.59
Sakesphorus cristatus,Silvery-cheeked antshrike,120,3230,26.92
Sakesphorus luctuosus,Glossy antshrike,120,3242,27.02
Sakesphorus pulchellus,,0,,
Sciaphylax castanea,Northern chestnut-tailed antbird,120,3365,28.04
Sciaphylax hemimelaena,Southern chestnut-tailed antbird,120,3468,28.90
Sclateria naevia,Silvered antbird,120,3408,28.40
Sipia berlepschi,Stub-tailed antbird,120,2304,19.20
Sipia laemosticta,Dull-mantled antbird,120,4200,35.00
Sipia nigricauda,Esmeraldas antbird,120,3208,26.73
Sipia palliata,Magdalena antbird,120,2849,23.74
Taraba major,Great antshrike,120,13149,109.58
Terenura maculata,Streak-capped antwren,120,2476,20.63
Terenura sicki,Orange-bellied antwren,120,3028,25.23
Thamnistes aequatorialis,,0,,
Thamnistes anabatinus,Russet antshrike,120,5208,43.40
Thamnomanes ardesiacus,Dusky-throated antshrike,120,3515,29.29
Thamnomanes caesius,Cinereous antshrike,120,4707,39.23
Thamnomanes saturninus,Saturnine antshrike,120,3918,32.65
Thamnomanes schistogynus,Bluish-slate antshrike,120,2793,23.27
Thamnophilus aethiops,White-shouldered antshrike,120,2836,23.63
Thamnophilus amazonicus,Amazonian antshrike,120,4906,40.88
Thamnophilus ambiguus,Sooretama slaty antshrike,120,3088,25.73
Thamnophilus aroyae,Upland antshrike,120,2289,19.07
Thamnophilus atrinucha,Black-crowned antshrike,120,9188,76.57
Thamnophilus bernardi,Collared antshrike,120,3164,26.37
Thamnophilus bridgesi,Black-hooded antshrike,120,5180,43.17
Thamnophilus caerulescens,Variable antshrike,120,6154,51.28
Thamnophilus cryptoleucus,Castelnau's antshrike,120,2949,24.57
Thamnophilus divisorius,Acre antshrike,120,5852,48.77
Thamnophilus doliatus,Barred antshrike,120,29033,241.94
Thamnophilus insignis,Streak-backed antshrike,120,2298,19.15
Thamnophilus melanonotus,Black-backed antshrike,120,4682,39.02
Thamnophilus melanothorax,Band-tailed antshrike,120,2889,24.07
Thamnophilus multistriatus,Bar-crested antshrike,120,8615,71.79
Thamnophilus murinus,Mouse-colored antshrike,120,3558,29.65
Thamnophilus nigriceps,Black antshrike,120,3388,28.23
Thamnophilus nigrocinereus,Blackish-grey antshrike,120,3435,28.62
Thamnophilus palliatus,Chestnut-backed antshrike,120,3409,28.41
Thamnophilus pelzelni,Planalto slaty antshrike,120,2278,18.98
Thamnophilus praecox,Cocha antshrike,120,3291,27.43
Thamnophilus punctatus,Northern slaty antshrike,120,4070,33.92
Thamnophilus ruficapillus,Rufous-capped antshrike,120,3751,31.26
Thamnophilus schistaceus,Plain-winged antshrike,120,3042,25.35
Thamnophilus shumbae,Maranon antshrike,64,862,13.47
Thamnophilus stictocephalus,Natterer's slaty antshrike,120,2861,23.84
Thamnophilus sticturus,Bolivian slaty antshrike,120,2240,18.67
Thamnophilus subfasciatus,,0,,
Thamnophilus tenuepunctatus,Lined antshrike,120,2545,21.21
Thamnophilus torquatus,Rufous-winged antshrike,120,3447,28.73
Thamnophilus unicolor,Uniform antshrike,120,2548,21.23
Thamnophilus zarumae,Chapman's antshrike,120,2820,23.50
Willisornis nigrigula,,0,,
Willisornis poecilinotus,Common scale-backed antbird,117,3873,33.10
Willisornis vidua,Xingu scale-backed antbird,115,3458,30.07
Xenornis setifrons,Speckled antshrike,120,2442,20.35
Acanthidops bairdi,Peg-billed finch,120,4931,41.09
Anisognathus flavinucha,Blue-winged mountain tanager,120,12713,105.94
Anisognathus igniventris,Scarlet-bellied mountain tanager,120,8056,67.13
Anisognathus lacrymosus,Lacrimose mountain tanager,120,6268,52.23
Anisognathus lunulatus,Scarlet-bellied mountain tanager,120,8056,67.13
Anisognathus melanogenys,Santa Marta mountain tanager,120,3001,25.01
Anisognathus notabilis,Black-chinned mountain tanager,120,4424,36.87
Anisognathus somptuosus,Blue-winged mountain tanager,120,12713,105.94
Asemospiza fuliginosa,Sooty grassquit,120,6863,57.19
Asemospiza obscura,Dull-coloured grassquit,120,14430,120.25
Bangsia arcaei,Blue-and-gold tanager,120,5903,49.19
Bangsia aureocincta,Gold-ringed tanager,120,6717,55.98
Bangsia edwardsi,Moss-backed tanager,120,4898,40.82
Bangsia flavovirens,Yellow-green tanager,95,2936,30.91
Bangsia melanochlamys,Black-and-gold tanager,120,4851,40.42
Bangsia rothschildi,Golden-chested tanager,120,3287,27.39
Buthraupis montana,Hooded mountain tanager,120,9704,80.87
Calochaetes coccineus,Vermilion tanager,120,7345,61.21
Castanozoster thoracicus,Bay-chested warbling finch,120,3165,26.38
Catamblyrhynchus diadema,,0,,
Catamenia analis,Band-tailed seedeater,120,4524,37.70
Catamenia homochroa,Paramo seedeater,120,3742,31.18
Catamenia inornata,Plain-colored seedeater,120,3039,25.32
Certhidea fusca,Grey warbler-finch,120,22139,184.49
Certhidea olivacea,Green warbler-finch,120,49319,410.99
Charitospiza eucosma,Coal-crested finch,120,6441,53.67
Chionodacryon speculiferum,Glacier finch,54,7464,138.22
Chlorochrysa calliparaea,Orange-eared tanager,120,3367,28.06
Chlorochrysa fulgentissima,,0,,
Chlorochrysa nitidissima,Multicoloured tanager,120,20165,168.04
Chlorochrysa phoenicotis,Glistening-green tanager,120,10298,85.82
Chlorophanes spiza,Green honeycreeper,120,48444,403.70
Chlorornis riefferii,Grass-green tanager,120,5295,44.12
Chrysocorypha delatrii,,0,,
Chrysothlypis chrysomelas,Black-and-yellow tanager,120,14652,122.10
Chrysothlypis salmoni,Scarlet-and-white tanager,120,9422,78.52
Cissopis leverianus,Magpie tanager,120,12437,103.64
Cnemathraupis aureodorsalis,Golden-backed mountain tanager,120,4361,36.34
Cnemathraupis eximia,Black-chested mountain tanager,120,3759,31.32
Cnemoscopus chrysogaster,,0,,
Cnemoscopus rubrirostris,Grey-hooded bush tanager,120,2389,19.91
Coereba flaveola,,0,,
Compsothraupis loricata,Scarlet-throated tanager,120,4074,33.95
Conirostrum albifrons,Capped conebill,120,3758,31.32
Conirostrum bicolor,Bicolored conebill,120,6786,56.55
Conirostrum binghami,Giant conebill,120,6764,56.37
Conirostrum cinereum,Cinereous conebill,120,5177,43.14
Conirostrum ferrugineiventre,White-browed conebill,120,2343,19.52
Conirostrum fraseri,,0,,
Conirostrum leucogenys,White-eared conebill,120,5012,41.77
Conirostrum margaritae,Pearly-breasted conebill,120,3615,30.12
Conirostrum rufum,Rufous-browed conebill,120,2817,23.48
Conirostrum sitticolor,Blue-backed conebill,120,4198,34.98
Conirostrum speciosum,Chestnut-vented conebill,120,4245,35.38
Conirostrum tamarugense,Tamarugo conebill,120,3333,27.77
Conothraupis mesoleuca,Cone-billed tanager,120,9016,75.13
Conothraupis speculigera,Black-and-white tanager,120,4552,37.93
Corydospiza alaudina,Band-tailed sierra finch,120,4651,38.76
Corydospiza carbonaria,,0,,
Coryphaspiza melanotis,Black-masked finch,120,5387,44.89
Coryphospingus cucullatus,Red pileated finch,120,19161,159.68
Coryphospingus pileatus,Grey pileated finch,120,9197,76.64
Creurgops dentatus,Slaty tanager,120,2708,22.57
Creurgops verticalis,Rufous-crested tanager,120,2750,22.92
Cyanerpes caeruleus,Purple honeycreeper,120,33636,280.30
Cyanerpes cyaneus,Red-legged honeycreeper,120,73379,611.49
Cyanerpes lucidus,Shining honeycreeper,120,15347,127.89
Cyanerpes nitidus,Short-billed honeycreeper,120,8514,70.95
Cyanicterus cyanicterus,Blue-backed tanager,120,6938,57.82
Cypsnagra hirundinacea,White-rumped tanager,120,3938,32.82
Dacnis albiventris,White-bellied dacnis,120,3907,32.56
Dacnis berlepschi,Scarlet-breasted dacnis,120,3774,31.45
Dacnis cayana,Blue dacnis,120,34086,284.05
Dacnis egregia,Yellow-tufted dacnis,83,2115,25.48
Dacnis flaviventer,Yellow-bellied dacnis,120,4455,37.12
Dacnis hartlaubi,Turquoise dacnis,120,5413,45.11
Dacnis lineata,Black-faced dacnis,120,8717,72.64
Dacnis nigripes,Black-legged dacnis,120,3747,31.23
Dacnis venusta,Scarlet-thighed dacnis,120,6338,52.82
Dacnis viguieri,Viridian dacnis,120,3993,33.27
Diglossa albilatera,White-sided flowerpiercer,120,4887,40.73
Diglossa baritula,Cinnamon-bellied flowerpiercer,120,5552,46.27
Diglossa brunneiventris,Black-throated flowerpiercer,120,4145,34.54
Diglossa caerulescens,Bluish flowerpiercer,120,3715,30.96
Diglossa carbonaria,Grey-bellied flowerpiercer,120,3312,27.60
Diglossa cyanea,Masked flowerpiercer,120,13547,112.89
Diglossa duidae,Scaled flowerpiercer,120,2774,23.12
Diglossa glauca,Golden-eyed flowerpiercer,120,2409,20.07
Diglossa gloriosa,Mérida flowerpiercer,120,2318,19.32
Diglossa gloriosissima,Chestnut-bellied flowerpiercer,120,4390,36.58
Diglossa humeralis,Black flowerpiercer,120,6050,50.42
Diglossa indigotica,Indigo flowerpiercer,120,4352,36.27
Diglossa lafresnayii,Glossy flowerpiercer,120,4465,37.21
Diglossa major,Greater flowerpiercer,120,8430,70.25
Diglossa mystacalis,Moustached flowerpiercer,120,3985,33.21
Diglossa plumbea,Slaty flowerpiercer,120,6622,55.18
Diglossa sittoides,Rusty flowerpiercer,120,4730,39.42
Diglossa venezuelensis,Venezuelan flowerpiercer,120,3631,30.26
Diuca diuca,Diuca finch,54,6833,126.54
Donacospiza albifrons,Long-tailed reed finch,120,3337,27.81
Dubusia carrikeri,Carriker's mountain tanager,30,824,27.47
Dubusia castaneoventris,Chestnut-bellied mountain tanager,120,3032,25.27
Dubusia stictocephala,Streak-crowned mountain tanager,30,657,21.90
Dubusia taeniata,Buff-banded mountain tanager,0,0,
Emberizoides duidae,Duida grass finch,120,3364,28.03
Emberizoides herbicola,Wedge-tailed grass finch,120,5326,44.38
Emberizoides ypiranganus,Lesser grass finch,120,3119,25.99
Embernagra longicauda,Serra finch,120,3109,25.91
Embernagra platensis,Pampa finch,120,5182,43.18
Ephippiospingus dorsalis,,0,,
Ephippiospingus erythronotus,,0,,
Eucometis penicillata,Grey-headed tanager,120,6727,56.06
Euneornis campestris,,0,,
Geospiza acutirostris,Genovesa ground finch,106,9480,89.43
Geospiza conirostris,Española cactus finch,97,25516,263.05
Geospiza difficilis,Sharp-beaked ground finch,120,46366,386.38
Geospiza fortis,Medium ground finch,120,94159,784.66
Geospiza fuliginosa,Small ground finch,120,37193,309.94
Geospiza heliobates,Mangrove finch,120,29804,248.37
Geospiza magnirostris,Large ground finch,120,77223,643.52
Geospiza pallida,Woodpecker finch,120,64829,540.24
Geospiza parvula,Small tree finch,120,39950,332.92
Geospiza pauper,Medium tree finch,120,24707,205.89
Geospiza propinqua,Genovesa cactus finch,106,7236,68.26
Geospiza psittacula,Large tree finch,120,19515,162.62
Geospiza scandens,Common cactus finch,120,40237,335.31
Geospiza septentrionalis,Vampire ground finch,106,239800,2262.26
Geospizopsis plebejus,Ash-breasted sierra finch,120,4418,36.82
Geospizopsis unicolor,Plumbeous sierra finch,120,5946,49.55
Gubernatrix cristata,Yellow cardinal,120,228247,1902.06
Haplospiza unicolor,Uniform finch,120,3589,29.91
Hemithraupis flavicollis,Yellow-backed tanager,120,5681,47.34
Hemithraupis guira,Guira tanager,120,6513,54.27
Hemithraupis ruficapilla,Rufous-headed tanager,120,4249,35.41
Heterospingus rubrifrons,Sulphur-rumped tanager,120,3936,32.80
Heterospingus xanthopygius,Scarlet-browed tanager,120,3786,31.55
Idiopsar brachyurus,Boulder finch,56,1474,26.32
Incaspiza laeta,Buff-bridled Inca finch,120,2506,20.88
Incaspiza ortizi,Grey-winged Inca finch,120,2315,19.29
Incaspiza personata,Rufous-backed Inca finch,120,2419,20.16
Incaspiza pulchra,Great Inca finch,120,3145,26.21
Incaspiza watkinsi,Little Inca finch,120,3485,29.04
Iridophanes pulcherrimus,Golden-collared honeycreeper,120,5476,45.63
Iridosornis analis,Yellow-throated tanager,120,2834,23.62
Iridosornis jelskii,Golden-collared tanager,120,3351,27.93
Iridosornis porphyrocephalus,Purplish-mantled tanager,120,3942,32.85
Iridosornis reinhardti,Yellow-scarfed tanager,120,3530,29.42
Iridosornis rufivertex,Golden-crowned tanager,120,4556,37.97
Islerothraupis cristata,,0,,
Islerothraupis luctuosa,,0,,
Islerothraupis rufiventer,,0,,
Kleinothraupis atropileus,Black-capped hemispingus,120,3815,31.79
Kleinothraupis auricularis,Black-capped hemispingus,120,3815,31.79
Kleinothraupis calophrys,Orange-browed hemispingus,120,2497,20.81
Kleinothraupis parodii,Parodi's hemispingus,120,3799,31.66
Kleinothraupis reyi,Grey-capped hemispingus,120,2761,23.01
Lanio aurantius,Black-throated shrike-tanager,120,4318,35.98
Lanio fulvus,Fulvous shrike-tanager,120,6011,50.09
Lanio leucothorax,White-throated shrike-tanager,120,3552,29.60
Lanio versicolor,White-winged shrike-tanager,120,3769,31.41
Lophospingus griseocristatus,Grey-crested finch,120,6078,50.65
Lophospingus pusillus,Black-crested finch,120,7374,61.45
Loxigilla barbadensis,Barbados bullfinch,120,25369,211.41
Loxigilla noctis,Lesser Antillean bullfinch,120,27608,230.07
Loxipasser anoxanthus,Yellow-shouldered grassquit,120,4701,39.17
Maschalethraupis surinama,,0,,
Melanodera melanodera,White-bridled finch,120,9705,80.88
Melanodera xanthogramma,Yellow-bridled finch,120,6120,51.00
Melanospiza bicolor,Black-faced grassquit,120,37539,312.82
Melanospiza richardsoni,Saint Lucia black finch,120,10533,87.78
Microspingus alticola,Plain-tailed warbling finch,120,2258,18.82
Microspingus cabanisi,Gray-throated warbling finch,120,3896,32.47
Microspingus cinereus,Cinereous warbling finch,120,2929,24.41
Microspingus erythrophrys,Rusty-browed warbling finch,120,2740,22.83
Microspingus lateralis,Buff-throated warbling finch,120,3701,30.84
Microspingus melanoleucus,Black-capped warbling finch,120,4001,33.34
Microspingus pectoralis,Ringed warbling finch,120,3577,29.81
Microspingus torquatus,Ringed warbling finch,120,3577,29.81
Microspingus trifasciatus,Three-striped hemispingus,120,2363,19.69
Nemosia pileata,Hooded tanager,120,10273,85.61
Nemosia rourei,Cherry-throated tanager,120,60407,503.39
Neothraupis fasciata,Shrike-like tanager,120,3311,27.59
Nephelornis oneilli,,0,,
Nesospiza acunhae,Inaccessible Island finch,120,11092,92.43
Nesospiza questi,Nightingale Island finch,120,7502,62.52
Nesospiza wilkinsi,Wilkins's finch,120,13593,113.28
Orchesticus abeillei,Brown tanager,120,4056,33.80
Parkerthraustes humeralis,Yellow-shouldered grosbeak,120,7639,63.66
Paroaria baeri,Crimson-fronted cardinal,120,4983,41.52
Paroaria capitata,Yellow-billed cardinal,120,67698,564.15
Paroaria coronata,Red-crested cardinal,120,441564,3679.70
Paroaria dominicana,Red-cowled cardinal,120,23832,198.60
Paroaria gularis,Red-capped cardinal,120,24749,206.24
Paroaria nigrogenis,Masked cardinal,120,11099,92.49
Phonipara canora,Cuban grassquit,120,21343,177.86
Phrygilus atriceps,Black-hooded sierra finch,120,5357,44.64
Phrygilus gayi,Grey-hooded sierra finch,120,10697,89.14
Phrygilus patagonicus,Patagonian sierra finch,120,10596,88.30
Phrygilus punensis,Peruvian sierra finch,120,4426,36.88
Piezorina cinerea,Cinereous finch,120,3568,29.73
Pinaroloxias inornata,Cocos finch,120,30292,252.43
Pipraeidea bonariensis,Blue-and-yellow tanager,120,16365,136.38
Pipraeidea darwinii,,0,,
Pipraeidea melanonota,Fawn-breasted tanager,120,6632,55.27
Platyspiza crassirostris,Vegetarian finch,120,41331,344.43
Poospiza baeri,Tucumán mountain finch,120,2909,24.24
Poospiza boliviana,Bolivian warbling finch,120,3100,25.83
Poospiza garleppi,Cochabamba mountain finch,120,3408,28.40
Poospiza goeringi,Slaty-backed hemispingus,120,2827,23.56
Poospiza hispaniolensis,Collared warbling finch,120,3527,29.39
Poospiza nigrorufa,Black-and-rufous warbling finch,120,4601,38.34
Poospiza ornata,Cinnamon warbling finch,120,3489,29.07
Poospiza rubecula,Rufous-breasted warbling finch,120,2458,20.48
Poospiza rufosuperciliaris,Rufous-browed hemispingus,120,2243,18.69
Poospiza whitii,Black-and-chestnut warbling finch,120,1618,13.48
Poospizopsis caesar,Chestnut-breasted mountain finch,120,3299,27.49
Poospizopsis hypocondria,Rufous-sided warbling finch,120,2706,22.55
Porphyrospiza caerulescens,Blue finch,120,130196,1084.97
Pseudosaltator rufiventris,Rufous-bellied mountain tanager,110,2759,25.08
Pseudospingus verticalis,Black-headed hemispingus,120,3361,28.01
Pseudospingus xanthophthalmus,Drab hemispingus,120,2573,21.44
Pyrrhulagra nigra,Cuban bullfinch,120,19290,160.75
Pyrrhulagra portoricensis,Puerto Rican bullfinch,120,19024,158.53
Pyrrhulagra taylori,Grand Cayman bullfinch,96,4070,42.40
Pyrrhulagra violacea,Greater Antillean bullfinch,120,17457,145.47
Ramphocelus bresilius,Brazilian tanager,120,24096,200.80
Ramphocelus carbo,Silver-beaked tanager,120,19134,159.45
Ramphocelus costaricensis,Cherrie's tanager,120,20795,173.29
Ramphocelus dimidiatus,Crimson-backed tanager,120,16021,133.51
Ramphocelus flammigerus,Flame-rumped tanager,120,11907,99.22
Ramphocelus icteronotus,Flame-rumped tanager,120,11907,99.22
Ramphocelus melanogaster,Huallaga tanager,120,3172,26.43
Ramphocelus nigrogularis,Masked crimson tanager,120,9224,76.87
Ramphocelus passerinii,Scarlet-rumped tanager,120,19812,165.10
Ramphocelus sanguinolentus,Crimson-collared tanager,120,13543,112.86
Rhodospingus cruentus,Crimson-breasted finch,120,6001,50.01
Rhopospina fruticeti,Mourning sierra finch,120,6765,56.38
Rowettia goughensis,Gough finch,120,8331,69.42
Saltator albicollis,Lesser Antillean saltator,120,6818,56.82
Saltator atriceps,Black-headed saltator,120,14944,124.53
Saltator atricollis,Black-throated saltator,120,5428,45.23
Saltator atripennis,Black-winged saltator,120,4271,35.59
Saltator aurantiirostris,Golden-billed saltator,120,7773,64.78
Saltator cinctus,Masked saltator,120,3637,30.31
Saltator coerulescens,Bluish-grey saltator,41,5390,131.46
Saltator fuliginosus,Black-throated grosbeak,120,7211,60.09
Saltator grandis,Cinnamon-bellied saltator,54,7177,132.91
Saltator grossus,Slate-coloured grosbeak,120,7867,65.56
Saltator maxillosus,Thick-billed saltator,120,4037,33.64
Saltator maximus,Buff-throated saltator,120,19382,161.52
Saltator multicolor,,0,,
Saltator nigriceps,Black-cowled saltator,120,3420,28.50
Saltator olivascens,Olive-grey saltator,41,2413,58.85
Saltator orenocensis,Orinoco saltator,120,4356,36.30
Saltator similis,Green-winged saltator,120,9591,79.92
Saltator striatipectus,Streaked saltator,120,9320,77.67
Schistochlamys melanopis,Black-faced tanager,120,4751,39.59
Schistochlamys ruficapillus,Cinnamon tanager,120,3915,32.62
Sericossypha albocristata,White-capped tanager,120,8144,67.87
Sicalis auriventris,Greater yellow finch,120,11727,97.72
Sicalis citrina,Stripe-tailed yellow finch,120,7296,60.80
Sicalis columbiana,Orange-fronted yellow finch,120,19676,163.97
Sicalis flaveola,Saffron finch,120,163510,1362.58
Sicalis lebruni,Patagonian yellow finch,120,4909,40.91
Sicalis lutea,Puna yellow finch,120,4484,37.37
Sicalis luteocephala,Citron-headed yellow finch,120,3399,28.32
Sicalis luteola,Grassland yellow finch,120,31698,264.15
Sicalis mendozae,Monte yellow finch,120,2905,24.21
Sicalis olivascens,Greenish yellow finch,120,6443,53.69
Sicalis raimondii,Raimondi's yellow finch,120,3173,26.44
Sicalis taczanowskii,Sulphur-throated finch,120,2964,24.70
Sicalis uropigyalis,Bright-rumped yellow finch,120,4075,33.96
Sphenopsis frontalis,Oleaginous hemispingus,120,7025,58.54
Sphenopsis melanotis,Black-eared hemispingus,120,3439,28.66
Sphenopsis ochracea,Western hemispingus,83,1349,16.25
Sphenopsis piurae,Piura hemispingus,119,1416,11.90
Spodiornis rusticus,,0,,
Sporathraupis cyanocephala,Blue-capped tanager,120,7551,62.92
Sporophila albogularis,White-throated seedeater,120,3796,31.63
Sporophila americana,Wing-barred seedeater,120,5997,49.98
Sporophila angolensis,Chestnut-bellied seed finch,120,24395,203.29
Sporophila ardesiaca,Dubois's seedeater,120,3744,31.20
Sporophila atrirostris,Black-billed seed finch,120,3771,31.43
Sporophila beltoni,Tropeiro seedeater,120,3782,31.52
Sporophila bouvreuil,Copper seedeater,120,4531,37.76
Sporophila bouvronides,Lesson's seedeater,120,5799,48.33
Sporophila caerulescens,Double-collared seedeater,120,11190,93.25
Sporophila castaneiventris,Chestnut-bellied seedeater,120,4158,34.65
Sporophila cinnamomea,Chestnut seedeater,120,4225,35.21
Sporophila collaris,Rusty-collared seedeater,120,5770,48.08
Sporophila corvina,Variable seedeater,120,15347,127.89
Sporophila crassirostris,Large-billed seed finch,120,5984,49.87
Sporophila falcirostris,Temminck's seedeater,120,3909,32.58
Sporophila fringilloides,White-naped seedeater,120,3302,27.52
Sporophila frontalis,Buffy-fronted seedeater,120,3974,33.12
Sporophila funerea,Thick-billed seed finch,120,9073,75.61
Sporophila hypochroma,Rufous-rumped seedeater,120,3258,27.15
Sporophila hypoxantha,Tawny-bellied seedeater,120,4000,33.33
Sporophila iberaensis,Ibera seedeater,109,4805,44.08
Sporophila intermedia,Grey seedeater,120,4152,34.60
Sporophila leucoptera,White-bellied seedeater,120,3896,32.47
Sporophila lineola,Lined seedeater,120,30291,252.43
Sporophila luctuosa,Black-and-white seedeater,120,5581,46.51
Sporophila maximiliani,Great-billed seed finch,120,9883,82.36
Sporophila melanogaster,Black-bellied seedeater,120,4095,34.12
Sporophila minuta,Ruddy-breasted seedeater,120,9254,77.12
Sporophila morelleti,Morelet's seedeater,90,8804,97.82
Sporophila murallae,Wing-barred seedeater,120,5997,49.98
Sporophila nigricollis,Yellow-bellied seedeater,120,13131,109.42
Sporophila nigrorufa,Black-and-tawny seedeater,120,4236,35.30
Sporophila nuttingi,Nicaraguan seed finch,120,3392,28.27
Sporophila ophthalmica,,0,,
Sporophila palustris,Marsh seedeater,120,5118,42.65
Sporophila peruviana,Parrot-billed seedeater,120,3170,26.42
Sporophila pileata,Pearly-bellied seedeater,120,4334,36.12
Sporophila plumbea,Plumbeous seedeater,120,4409,36.74
Sporophila ruficollis,Dark-throated seedeater,120,3155,26.29
Sporophila schistacea,Slate-coloured seedeater,120,4598,38.32
Sporophila simplex,Drab seedeater,120,4669,38.91
Sporophila telasco,Chestnut-throated seedeater,120,4084,34.03
Sporophila torqueola,Cinnamon-rumped seedeater,91,12339,135.59
Stephanophorus diadematus,Diademed tanager,120,6953,57.94
Tachyphonus coronatus,Ruby-crowned tanager,120,18625,155.21
Tachyphonus phoenicius,Red-shouldered tanager,120,3344,27.87
Tachyphonus rufus,White-lined tanager,120,14498,120.82
Tangara abbas,Yellow-winged tanager,120,9663,80.53
Tangara argentea,,0,,
Tangara argyrofenges,Straw-backed tanager,120,3127,26.06
Tangara arthus,Golden tanager,120,12914,107.62
Tangara atrocoerulea,,0,,
Tangara aurulenta,,0,,
Tangara brasiliensis,White-bellied tanager,119,1988,16.71
Tangara cabanisi,Azure-rumped tanager,120,12602,105.02
Tangara callophrys,Opal-crowned tanager,120,5099,42.49
Tangara cayana,Burnished-buff tanager,120,11335,94.46
Tangara chilensis,Paradise tanager,120,43881,365.68
Tangara chrysotis,Golden-eared tanager,120,5523,46.02
Tangara cucullata,Lesser Antillean tanager,120,5219,43.49
Tangara cyanicollis,Blue-necked tanager,120,14769,123.08
Tangara cyanocephala,Red-necked tanager,120,12591,104.92
Tangara cyanomelas,Opal-rumped tanager,120,8794,73.28
Tangara cyanoptera,Black-headed tanager,120,4742,39.52
Tangara cyanotis,Blue-browed tanager,120,3668,30.57
Tangara cyanoventris,Gilt-edged tanager,120,5754,47.95
Tangara desmaresti,Brassy-breasted tanager,120,6358,52.98
Tangara dowii,Spangle-cheeked tanager,120,7222,60.18
Tangara episcopus,Blue-gray tanager,120,66068,550.57
Tangara fastuosa,Seven-colored tanager,120,14144,117.87
Tangara flava,,0,,
Tangara florida,Emerald tanager,120,9750,81.25
Tangara fucosa,Green-naped tanager,120,3378,28.15
Tangara fulvicervix,,0,,
Tangara glaucocolpa,Glaucous tanager,120,7763,64.69
Tangara guttata,Speckled tanager,120,11975,99.79
Tangara gyrola,Bay-headed tanager,120,17584,146.53
Tangara heinei,Black-capped tanager,120,11226,93.55
Tangara icterocephala,Silver-throated tanager,120,16394,136.62
Tangara inornata,Plain-colored tanager,120,4014,33.45
Tangara johannae,Blue-whiskered tanager,120,4183,34.86
Tangara labradorides,Metallic-green tanager,120,4317,35.98
Tangara larvata,Golden-hooded tanager,120,18157,151.31
Tangara lavinia,Rufous-winged tanager,120,4738,39.48
Tangara lunigera,,0,,
Tangara mexicana,Turquoise tanager,120,19710,164.25
Tangara meyerdeschauenseei,Green-capped tanager,120,3576,29.80
Tangara nigrocincta,Masked tanager,120,4606,38.38
Tangara nigroviridis,Beryl-spangled tanager,120,8273,68.94
Tangara ornata,Golden-chevroned tanager,120,6330,52.75
Tangara palmarum,Palm tanager,120,31687,264.06
Tangara palmeri,Grey-and-gold tanager,120,3956,32.97
Tangara parzudakii,Flame-faced tanager,120,12346,102.88
Tangara peruviana,Black-backed tanager,120,5708,47.57
Tangara phillipsi,Sira tanager,120,3345,27.88
Tangara preciosa,Chestnut-backed tanager,120,8554,71.28
Tangara punctata,Spotted tanager,120,8498,70.82
Tangara ruficervix,Golden-naped tanager,120,6769,56.41
Tangara rufigenis,Rufous-cheeked tanager,120,2878,23.98
Tangara rufigula,Rufous-throated tanager,120,3631,30.26
Tangara sayaca,Sayaca tanager,120,29557,246.31
Tangara schrankii,Green-and-gold tanager,120,8301,69.17
Tangara seledon,Green-headed tanager,120,40284,335.70
Tangara varia,Dotted tanager,120,4623,38.52
Tangara vassorii,Blue-and-black tanager,120,10757,89.64
Tangara velia,Opal-rumped tanager,120,8794,73.28
Tangara versicolor,,0,,
Tangara viridicollis,Silver-backed tanager,120,3557,29.64
Tangara vitriolina,Scrub tanager,120,5704,47.53
Tangara whitelyi,,0,,
Tangara xanthocephala,Saffron-crowned tanager,120,7748,64.57
Tangara xanthogastra,Yellow-bellied tanager,120,4055,33.79
Tephrophilus wetmorei,Masked mountain tanager,120,3433,28.61
Tersina viridis,Swallow tanager,120,15325,127.71
Thlypopsis fulviceps,Fulvous-headed tanager,120,3437,28.64
Thlypopsis inornata,Buff-bellied tanager,120,2351,19.59
Thlypopsis ornata,Rufous-chested tanager,120,2529,21.07
Thlypopsis pectoralis,Brown-flanked tanager,120,2141,17.84
Thlypopsis pyrrhocoma,Chestnut-headed tanager,120,4554,37.95
Thlypopsis ruficeps,Rust-and-yellow tanager,120,2755,22.96
Thlypopsis sordida,Orange-headed tanager,120,11313,94.28
Thlypopsis superciliaris,Superciliaried hemispingus,120,3901,32.51
Tiaris olivaceus,Yellow-faced grassquit,120,35391,294.93
Trichothraupis melanops,Black-goggled tanager,120,6594,54.95
Urothraupis stolzmanni,Black-backed bush tanager,120,3185,26.54
Volatinia jacarina,Blue-black grassquit,120,38339,319.49
Wetmorethraupis sterrhopteron,Orange-throated tanager,120,6133,51.11
Xenodacnis parina,Tit-like dacnis,120,5792,48.27
Xenodacnis petersi,Streaked dacnis,30,817,27.23
Xenospingus concolor,Slender-billed finch,120,3400,28.33
Cyanoderma bicolor,Grey-hooded babbler,80,1796,22.45
Cyanoderma chrysaeum,Golden babbler,120,8765,73.04
Cyanoderma erythropterum,Chestnut-winged babbler,120,7383,61.52
Cyanoderma melanothorax,Crescent-chested babbler,120,5425,45.21
Cyanoderma pyrrhops,Black-chinned babbler,120,6428,53.57
Cyanoderma ruficeps,Rufous-capped babbler,120,11594,96.62
Cyanoderma rufifrons,Rufous-fronted babbler,120,8336,69.47
Dumetia hyperythra,Tawny-bellied babbler,120,16362,136.35
Erythrogenys erythrocnemis,Black-necklaced scimitar babbler,120,4473,37.27
Erythrogenys erythrogenys,Rusty-cheeked scimitar babbler,120,14230,118.58
Erythrogenys gravivox,Black-streaked scimitar babbler,120,3423,28.52
Erythrogenys hypoleucos,Large scimitar babbler,120,7342,61.18
Erythrogenys mcclellandi,Spot-breasted scimitar babbler,120,4447,37.06
Erythrogenys swinhoei,Grey-sided scimitar babbler,120,2677,22.31
Macronus ptilosus,Fluffy-backed tit-babbler,120,49578,413.15
Macronus striaticeps,Brown tit-babbler,120,7869,65.58
Mixornis bornensis,Bold-striped tit-babbler,120,6720,56.00
Mixornis flavicollis,Grey-cheeked tit-babbler,120,3789,31.57
Mixornis gularis,Pin-striped tit-babbler,120,30415,253.46
Mixornis kelleyi,Grey-faced tit-babbler,120,4168,34.73
Mixornis prillwitzi,Kangean tit-babbler,41,1231,30.02
Pomatorhinus ferruginosus,Black-crowned scimitar babbler,38,1588,41.79
Pomatorhinus horsfieldii,Indian scimitar babbler,120,21291,177.43
Pomatorhinus melanurus,Sri Lanka scimitar babbler,120,7104,59.20
Pomatorhinus montanus,Javan scimitar babbler,56,2831,50.55
Pomatorhinus musicus,Taiwan scimitar babbler,120,8440,70.33
Pomatorhinus ochraceiceps,Red-billed scimitar babbler,120,4585,38.21
Pomatorhinus phayrei,Brown-crowned scimitar babbler,38,1108,29.16
Pomatorhinus ruficollis,Streak-breasted scimitar babbler,120,13592,113.27
Pomatorhinus schisticeps,White-browed scimitar babbler,120,7997,66.64
Pomatorhinus superciliaris,Slender-billed scimitar babbler,120,6606,55.05
Rhopocichla atriceps,Dark-fronted babbler,120,10264,85.53
Spelaeornis badeigularis,Mishmi wren-babbler,120,2806,23.38
Spelaeornis caudatus,Rufous-throated wren-babbler,120,6408,53.40
Spelaeornis chocolatinus,Naga wren-babbler,120,7439,61.99
Spelaeornis kinneari,Pale-throated wren-babbler,120,2794,23.28
Spelaeornis longicaudatus,Tawny-breasted wren-babbler,120,5543,46.19
Spelaeornis oatesi,Chin Hills wren-babbler,120,3451,28.76
Spelaeornis reptatus,Grey-bellied wren-babbler,120,3897,32.48
Spelaeornis troglodytoides,Bar-winged wren-babbler,120,5063,42.19
Stachyris grammiceps,White-breasted babbler,120,3242,27.02
Stachyris herberti,Sooty babbler,120,4401,36.67
Stachyris humei,Sikkim wedge-billed babbler,120,6779,56.49
Stachyris leucotis,White-necked babbler,120,3580,29.83
Stachyris maculata,Chestnut-rumped babbler,120,4614,38.45
Stachyris nigriceps,Grey-throated babbler,120,7858,65.48
Stachyris nigricollis,Black-throated babbler,120,4687,39.06
Stachyris nonggangensis,Nonggang babbler,120,3643,30.36
Stachyris oglei,Snowy-throated babbler,120,4380,36.50
Stachyris poliocephala,Grey-headed babbler,120,3974,33.12
Stachyris roberti,Cachar wedge-billed babbler,120,4799,39.99
Stachyris strialata,Spot-necked babbler,120,3898,32.48
Stachyris thoracica,White-bibbed babbler,120,4388,36.57
Timalia pileata,Chestnut-capped babbler,120,10477,87.31
Iodopleura fusca,Dusky purpletuft,120,3178,26.48
Iodopleura isabellae,White-browed purpletuft,120,5939,49.49
Iodopleura pipra,Buff-throated purpletuft,120,5178,43.15
Laniisoma buckleyi,Andean laniisoma,96,3054,31.81
Laniisoma elegans,Brazilian laniisoma,96,3438,35.81
Laniocera hypopyrra,Cinereous mourner,120,21631,180.26
Laniocera rufescens,Speckled mourner,120,8840,73.67
Myiobius atricaudus,Black-tailed myiobius,120,5438,45.32
Myiobius barbatus,Whiskered myiobius,120,6423,53.52
Myiobius sulphureipygius,Sulphur-rumped myiobius,120,4425,36.88
Myiobius villosus,Tawny-breasted myiobius,120,5534,46.12
Onychorhynchus coronatus,Tropical royal flycatcher,24,11464,477.67
Onychorhynchus mexicanus,Tropical royal flycatcher,24,11464,477.67
Onychorhynchus occidentalis,Tropical royal flycatcher,24,11464,477.67
Onychorhynchus swainsoni,Atlantic royal flycatcher,120,18939,157.82
Oxyruncus cristatus,,0,,
Pachyramphus aglaiae,Rose-throated becard,120,17962,149.68
Pachyramphus albogriseus,Black-and-white becard,120,4277,35.64
Pachyramphus castaneus,Chestnut-crowned becard,120,5494,45.78
Pachyramphus cinnamomeus,Cinnamon becard,120,7354,61.28
Pachyramphus griseigularis,,0,,
Pachyramphus homochrous,One-colored becard,120,4235,35.29
Pachyramphus major,Grey-collared becard,120,5234,43.62
Pachyramphus marginatus,Black-capped becard,120,3123,26.02
Pachyramphus minor,Pink-throated becard,120,3286,27.38
Pachyramphus niger,Jamaican becard,120,5542,46.18
Pachyramphus polychopterus,White-winged becard,120,8636,71.97
Pachyramphus rufus,Cinereous becard,120,5617,46.81
Pachyramphus spodiurus,Slaty becard,120,2912,24.27
Pachyramphus surinamus,Glossy-backed becard,120,2998,24.98
Pachyramphus uropygialis,,0,,
Pachyramphus validus,Crested becard,120,4167,34.73
Pachyramphus versicolor,Barred becard,120,4808,40.07
Pachyramphus viridis,Green-backed becard,120,5020,41.83
Pachyramphus xanthogenys,Green-backed becard,120,5020,41.83
Schiffornis aenea,Foothill schiffornis,120,3261,27.18
Schiffornis major,Varzea schiffornis,120,3936,32.80
Schiffornis olivacea,Guianan schiffornis,120,2592,21.60
Schiffornis stenorhyncha,Russet-winged schiffornis,120,4349,36.24
Schiffornis turdina,Brown-winged schiffornis,120,5460,45.50
Schiffornis veraepacis,Northern schiffornis,120,7072,58.93
Schiffornis virescens,Greenish schiffornis,120,4368,36.40
Terenotriccus erythrurus,Ruddy-tailed flycatcher,120,7967,66.39
Tityra braziliensis,Black-tailed tityra,120,8234,68.62
Tityra cayana,Black-tailed tityra,120,8234,68.62
Tityra inquisitor,Black-crowned tityra,120,9394,78.28
Tityra leucura,White-tailed tityra,14,877,62.64
Tityra semifasciata,Masked tityra,120,19528,162.73
Xenopsaris albinucha,White-naped xenopsaris,120,52833,440.27
Campylorhynchus albobrunneus,White-headed wren,120,5510,45.92
Campylorhynchus brunneicapillus,Cactus wren,120,373225,3110.21
Campylorhynchus capistratus,Rufous-backed wren,79,11005,139.30
Campylorhynchus chiapensis,Giant wren,120,15257,127.14
Campylorhynchus fasciatus,Fasciated wren,120,6011,50.09
Campylorhynchus griseus,Bicolored wren,120,9617,80.14
Campylorhynchus gularis,Spotted wren,120,6276,52.30
Campylorhynchus humilis,Russet-naped wren,16,642,40.12
Campylorhynchus jocosus,Boucard's wren,120,5622,46.85
Campylorhynchus megalopterus,Gray-barred wren,120,2805,23.38
Campylorhynchus nuchalis,Stripe-backed wren,120,4593,38.27
Campylorhynchus rufinucha,Veracruz wren,79,6901,87.35
Campylorhynchus turdinus,Thrush-like wren,120,9130,76.08
Campylorhynchus yucatanicus,Yucatan wren,120,8522,71.02
Campylorhynchus zonatus,Band-backed wren,120,11057,92.14
Cantorchilus griseus,Grey wren,120,5355,44.62
Cantorchilus guarayanus,Fawn-breasted wren,120,5009,41.74
Cantorchilus leucopogon,Stripe-throated wren,120,3060,25.50
Cantorchilus leucotis,Buff-breasted wren,120,6246,52.05
Cantorchilus longirostris,Long-billed wren,120,10778,89.82
Cantorchilus modestus,Cabanis's wren,113,9751,86.29
Cantorchilus nigricapillus,Bay wren,120,10211,85.09
Cantorchilus semibadius,Riverside wren,120,4646,38.72
Cantorchilus superciliaris,Superciliated wren,120,3141,26.18
Cantorchilus thoracicus,Stripe-breasted wren,120,4387,36.56
Cantorchilus zeledoni,Canebrake wren,120,5694,47.45
Catherpes mexicanus,Canyon wren,120,69559,579.66
Cinnycerthia fulva,Fulvous wren,120,4770,39.75
Cinnycerthia olivascens,Sepia-brown wren,120,5610,46.75
Cinnycerthia peruana,Peruvian wren,120,3722,31.02
Cinnycerthia unirufa,Rufous wren,120,5561,46.34
Cistothorus apolinari,Apolinar's wren,120,7284,60.70
Cistothorus meridae,Mérida wren,120,3785,31.54
Cistothorus palustris,Marsh wren,120,177214,1476.78
Cistothorus platensis,Grass wren,97,15664,161.48
Cistothorus stellaris,Sedge wren,120,106482,887.35
Cyphorhinus arada,Musician wren,120,32475,270.62
Cyphorhinus dichrous,Northern chestnut-breasted wren,15,379,25.27
Cyphorhinus phaeocephalus,Song wren,120,13737,114.47
Cyphorhinus thoracicus,Southern chestnut-breasted wren,15,344,22.93
Ferminia cerverai,Zapata wren,120,19402,161.68
Henicorhina anachoreta,Hermit wood wren,109,2628,24.11
Henicorhina leucophrys,Grey-breasted wood wren,120,8021,66.84
Henicorhina leucoptera,Bar-winged wood wren,120,3644,30.37
Henicorhina leucosticta,White-breasted wood wren,120,8572,71.43
Henicorhina negreti,Munchique wood wren,120,4758,39.65
Hylorchilus navai,Nava's wren,120,4679,38.99
Hylorchilus sumichrasti,Sumichrast's wren,120,5202,43.35
Microcerculus bambla,Wing-banded wren,120,5501,45.84
Microcerculus marginatus,Southern nightingale-wren,120,10014,83.45
Microcerculus philomela,Northern nightingale-wren,120,13739,114.49
Microcerculus ustulatus,Flutist wren,120,6646,55.38
Odontorchilus branickii,Grey-mantled wren,120,5422,45.18
Odontorchilus cinereus,Tooth-billed wren,120,5408,45.07
Pheugopedius atrogularis,Black-throated wren,120,5684,47.37
Pheugopedius columbianus,,0,,
Pheugopedius coraya,Coraya wren,120,5510,45.92
Pheugopedius eisenmanni,Inca wren,120,4919,40.99
Pheugopedius euophrys,Plain-tailed wren,120,4922,41.02
Pheugopedius fasciatoventris,Black-bellied wren,120,5013,41.77
Pheugopedius felix,Happy wren,120,8950,74.58
Pheugopedius genibarbis,Moustached wren,120,3937,32.81
Pheugopedius maculipectus,Spot-breasted wren,120,6652,55.43
Pheugopedius mystacalis,Whiskered wren,120,4442,37.02
Pheugopedius paucimaculatus,,0,,
Pheugopedius rutilus,Rufous-breasted wren,120,11214,93.45
Pheugopedius schulenbergi,Grey-browed wren,15,365,24.33
Pheugopedius sclateri,Speckle-breasted wren,120,5237,43.64
Pheugopedius spadix,Sooty-headed wren,120,3279,27.32
Salpinctes obsoletus,Rock wren,120,158150,1317.92
Thryomanes bewickii,Bewick's wren,120,330316,2752.63
Thryophilus nicefori,Niceforo's wren,120,5546,46.22
Thryophilus pleurostictus,Banded wren,120,7073,58.94
Thryophilus rufalbus,Rufous-and-white wren,120,8280,69.00
Thryophilus sernai,Antioquia wren,120,5577,46.48
Thryophilus sinaloa,Sinaloa wren,120,8562,71.35
Thryorchilus browni,Timberline wren,120,5063,42.19
Thryothorus albinucha,Carolina wren,120,1405925,11716.04
Thryothorus ludovicianus,Carolina wren,120,1405925,11716.04
Troglodytes aedon,Northern house wren,15,53722,3581.47
Troglodytes beani,Cozumel wren,66,1773,26.86
Troglodytes cobbi,Cobb's wren,120,26759,222.99
Troglodytes hiemalis,Winter wren,120,203887,1699.06
Troglodytes monticola,Santa Marta wren,120,4925,41.04
Troglodytes ochraceus,Ochraceous wren,120,5088,42.40
Troglodytes pacificus,Pacific wren,120,89057,742.14
Troglodytes rufociliatus,Rufous-browed wren,120,6422,53.52
Troglodytes rufulus,Tepui wren,120,4382,36.52
Troglodytes sissonii,Socorro wren,120,11033,91.94
Troglodytes solstitialis,Mountain wren,120,6740,56.17
Troglodytes tanneri,Clarión wren,120,11299,94.16
Troglodytes troglodytes,Eurasian wren,120,874155,7284.62
Uropsila leucogastra,White-bellied wren,120,8333,69.44
Cataponera turdoides,Sulawesi thrush,120,6519,54.33
Catharus aurantiirostris,Orange-billed nightingale-thrush,120,19007,158.39
Catharus bicknelli,Bicknell's thrush,120,77370,644.75
Catharus dryas,Yellow-throated nightingale-thrush,54,2621,48.54
Catharus frantzii,Ruddy-capped nightingale-thrush,120,9242,77.02
Catharus fuscater,Slaty-backed nightingale-thrush,120,7293,60.77
Catharus fuscescens,,0,,
Catharus gracilirostris,Black-billed nightingale-thrush,120,9444,78.70
Catharus guttatus,Hermit thrush,120,369095,3075.79
Catharus maculatus,Speckled nightingale-thrush,54,2105,38.98
Catharus mexicanus,Black-headed nightingale-thrush,120,31068,258.90
Catharus minimus,Gray-cheeked thrush,120,48848,407.07
Catharus occidentalis,Russet nightingale-thrush,120,8114,67.62
Catharus swainsoni,,0,,
Catharus ustulatus,Swainson's thrush,120,220319,1835.99
Chlamydochaera jefferyi,,0,,
Cichlopsis chubbi,,0,,
Cichlopsis gularis,,0,,
Cichlopsis leucogenys,Rufous-brown solitaire,120,5069,42.24
Cichlopsis peruviana,,0,,
Cochoa azurea,Javan cochoa,120,6298,52.48
Cochoa beccarii,Sumatran cochoa,120,5123,42.69
Cochoa purpurea,Purple cochoa,120,10973,91.44
Cochoa viridis,Green cochoa,120,13121,109.34
Entomodestes coracinus,Black solitaire,120,4933,41.11
Entomodestes leucotis,White-eared solitaire,120,3374,28.12
Geokichla camaronensis,Black-eared ground thrush,120,4510,37.58
Geokichla cinerea,Ashy thrush,120,8627,71.89
Geokichla citrina,Orange-headed thrush,120,118501,987.51
Geokichla crossleyi,Crossley's ground thrush,120,3173,26.44
Geokichla dohertyi,Chestnut-backed thrush,120,15556,129.63
Geokichla dumasi,Buru thrush,120,3431,28.59
Geokichla erythronota,Red-backed thrush,120,5549,46.24
Geokichla gurneyi,Orange ground thrush,120,16823,140.19
Geokichla guttata,Spotted ground thrush,120,11228,93.57
Geokichla interpres,Chestnut-capped thrush,120,7876,65.63
Geokichla joiceyi,Seram thrush,120,3504,29.20
Geokichla leucolaema,Enggano thrush,120,4370,36.42
Geokichla mendeni,Red-and-black thrush,120,4594,38.28
Geokichla oberlaenderi,Oberländer's ground thrush,120,9421,78.51
Geokichla peronii,Orange-sided thrush,120,5254,43.78
Geokichla piaggiae,Abyssinian ground thrush,120,9224,76.87
Geokichla princei,Grey ground thrush,120,3920,32.67
Geokichla schistacea,Slaty-backed thrush,120,3574,29.78
Geokichla sibirica,Siberian thrush,120,29961,249.68
Geokichla spiloptera,Spot-winged thrush,120,9376,78.13
Geokichla wardii,Pied thrush,120,13256,110.47
Geomalia heinrichi,,0,,
Grandala coelicolor,,0,,
Hylocichla mustelina,Wood thrush,120,493597,4113.31
Ixoreus naevius,Varied thrush,120,222399,1853.33
Myadestes coloratus,Varied solitaire,120,3641,30.34
Myadestes elisabeth,Cuban solitaire,120,8655,72.12
Myadestes genibarbis,Rufous-throated solitaire,120,13333,111.11
Myadestes lanaiensis,,0,,
Myadestes melanops,Black-faced solitaire,120,11314,94.28
Myadestes obscurus,,0,,
Myadestes occidentalis,Brown-backed solitaire,120,15818,131.82
Myadestes palmeri,,0,,
Myadestes ralloides,Andean solitaire,120,11581,96.51
Myadestes townsendi,Townsend's solitaire,120,124613,1038.44
Myadestes unicolor,Slate-colored solitaire,120,8075,67.29
Neocossyphus poensis,White-tailed ant thrush,120,5194,43.28
Neocossyphus rufus,Red-tailed ant thrush,120,4910,40.92
Otocichla mupinensis,Chinese thrush,120,12632,105.27
Psophocichla litsitsirupa,Groundscraper thrush,120,29517,245.97
Psophocichla simensis,,0,,
Ridgwayia pinicola,Aztec thrush,120,19622,163.52
Sialia currucoides,Mountain bluebird,120,604344,5036.20
Sialia mexicana,Western bluebird,120,327898,2732.48
Sialia sialis,Eastern bluebird,120,1168085,9734.04
Stizorhina finschi,Finsch's rufous thrush,120,4384,36.53
Stizorhina fraseri,Fraser's rufous thrush,120,5177,43.14
Turdus abyssinicus,Abyssinian thrush,120,14918,124.32
Turdus albicollis,White-necked thrush,120,11306,94.22
Turdus albocinctus,White-collared blackbird,120,35327,294.39
Turdus amaurochalinus,Creamy-bellied thrush,120,30544,254.53
Turdus anthracinus,,0,,
Turdus ardosiaceus,Eastern red-legged thrush,2,163,81.50
Turdus arthuri,Campina thrush,79,2588,32.76
Turdus assimilis,White-throated thrush,120,14390,119.92
Turdus atrogularis,Black-throated thrush,120,37692,314.10
Turdus aurantius,White-chinned thrush,120,6731,56.09
Turdus bewsheri,Comoro thrush,120,2873,23.94
Turdus boulboul,Grey-winged blackbird,120,39345,327.88
Turdus cardis,Japanese thrush,120,30812,256.77
Turdus celaenops,Izu thrush,120,28187,234.89
Turdus chiguanco,Chiguanco thrush,120,11106,92.55
Turdus chrysolaus,Brown-headed thrush,120,25348,211.23
Turdus confinis,,0,,
Turdus debilis,,0,,
Turdus dissimilis,Black-breasted thrush,120,16155,134.62
Turdus eremita,Tristan thrush,120,57605,480.04
Turdus eunomus,Dusky thrush,120,62340,519.50
Turdus falcklandii,Austral thrush,120,31953,266.27
Turdus feae,Grey-sided thrush,120,6727,56.06
Turdus flavipes,Yellow-legged thrush,120,13090,109.08
Turdus fulviventris,Chestnut-bellied thrush,120,4387,36.56
Turdus fumigatus,Cocoa thrush,120,8492,70.77
Turdus fuscater,Great thrush,120,28389,236.57
Turdus grayi,Clay-colored thrush,120,105043,875.36
Turdus haplochrous,Unicolored thrush,120,3372,28.10
Turdus hauxwelli,Hauxwell's thrush,120,4341,36.17
Turdus helleri,Taita thrush,120,9015,75.12
Turdus hortulorum,Grey-backed thrush,120,15751,131.26
Turdus ignobilis,Black-billed thrush,120,10913,90.94
Turdus iliacus,,0,,
Turdus infuscatus,Black thrush,120,18204,151.70
Turdus jamaicensis,White-eyed thrush,120,4773,39.77
Turdus kessleri,White-backed thrush,120,2770,23.08
Turdus lawrencii,Lawrence's thrush,120,4662,38.85
Turdus leucomelas,Pale-breasted thrush,120,20084,167.37
Turdus leucops,Pale-eyed thrush,120,7627,63.56
Turdus lherminieri,Forest thrush,120,9284,77.37
Turdus libonyana,Kurrichane thrush,120,19088,159.07
Turdus ludoviciae,Somali thrush,120,9718,80.98
Turdus maculirostris,Ecuadorian thrush,120,4503,37.52
Turdus mandarinus,Chinese blackbird,120,36930,307.75
Turdus maranonicus,Marañón thrush,120,2917,24.31
Turdus maximus,Tibetan blackbird,120,44100,367.50
Turdus menachensis,Yemen thrush,120,8292,69.10
Turdus merula,Common blackbird,120,3247958,27066.32
Turdus migratorius,American robin,120,3854117,32117.64
Turdus naumanni,Naumann's thrush,120,22064,183.87
Turdus nigrescens,Sooty thrush,120,8011,66.76
Turdus nigriceps,Andean slaty thrush,120,5358,44.65
Turdus niveiceps,Taiwan thrush,120,6727,56.06
Turdus nudigenis,Spectacled thrush,120,16021,133.51
Turdus obscurus,Eyebrowed thrush,120,43901,365.84
Turdus obsoletus,Pale-vented thrush,120,4228,35.23
Turdus olivaceofuscus,São Tomé thrush,120,5381,44.84
Turdus olivaceus,Olive thrush,120,49654,413.78
Turdus olivater,Black-hooded thrush,120,4330,36.08
Turdus pallidus,Pale thrush,120,27176,226.47
Turdus pelios,African thrush,120,22603,188.36
Turdus philomelos,Song thrush,120,1206164,10051.37
Turdus pilaris,,0,,
Turdus plebejus,Mountain thrush,120,8786,73.22
Turdus plumbeus,Western red-legged thrush,2,165,82.50
Turdus poliocephalus,Tasman Sea island thrush,15,2415,161.00
Turdus reevei,Plumbeous-backed thrush,120,3247,27.06
Turdus roehli,Usambara thrush,120,3908,32.57
Turdus rubripes,,0,,
Turdus rubrocanus,Chestnut thrush,120,9571,79.76
Turdus ruficollis,Red-throated thrush,120,28398,236.65
Turdus rufitorques,Rufous-collared thrush,120,12859,107.16
Turdus rufiventris,Rufous-bellied thrush,120,169330,1411.08
Turdus rufopalliatus,Rufous-backed thrush,120,24011,200.09
Turdus sanchezorum,Várzea thrush,120,3553,29.61
Turdus serranus,Glossy-black thrush,120,8386,69.88
Turdus simillimus,Indian blackbird,120,55631,463.59
Turdus smithi,Karoo thrush,120,26886,224.05
Turdus subalaris,Blacksmith thrush,67,7726,115.31
Turdus swalesi,La Selle thrush,120,8126,67.72
Turdus tephronotus,Bare-eyed thrush,120,6382,53.18
Turdus torquatus,Ring ouzel,120,194276,1618.97
Turdus unicolor,Tickell's thrush,120,14434,120.28
Turdus viscivorus,Mistle thrush,120,509404,4245.03
Turdus xanthorhynchus,Príncipe thrush,120,4916,40.97
Zoothera andromedae,Sunda thrush,120,5172,43.10
Zoothera atrigena,Bougainville thrush,73,620,8.49
Zoothera aurea,White's thrush,120,78147,651.23
Zoothera dauma,Scaly thrush,120,46339,386.16
Zoothera dixoni,Long-tailed thrush,120,7658,63.82
Zoothera everetti,Everett's thrush,120,5498,45.82
Zoothera griseiceps,Sichuan thrush,109,4213,38.65
Zoothera heinei,Russet-tailed thrush,120,8121,67.67
Zoothera lunulata,Bassian thrush,120,32236,268.63
Zoothera machiki,Fawn-breasted thrush,120,4271,35.59
Zoothera major,Amami thrush,120,13300,110.83
Zoothera margaretae,Makira thrush,102,2599,25.48
Zoothera marginata,Dark-sided thrush,120,8597,71.64
Zoothera mollissima,Alpine thrush,120,10386,86.55
Zoothera monticola,Long-billed thrush,120,6730,56.08
Zoothera salimalii,Himalayan thrush,109,17995,165.09
Zoothera talaseae,New Britain thrush,120,948,7.90
Zoothera turipavae,Guadalcanal thrush,120,3647,30.39
Agriornis albicauda,White-tailed shrike-tyrant,120,3375,28.12
Agriornis lividus,Great shrike-tyrant,120,8857,73.81
Agriornis micropterus,Grey-bellied shrike-tyrant,120,2760,23.00
Agriornis montanus,Black-billed shrike-tyrant,120,5699,47.49
Agriornis murinus,Lesser shrike-tyrant,120,3078,25.65
Alectrurus risora,Strange-tailed tyrant,120,16167,134.72
Alectrurus tricolor,Cock-tailed tyrant,120,6080,50.67
Anairetes alpinus,Ash-breasted tit-tyrant,120,19707,164.22
Anairetes fernandezianus,Juan Fernandez tit-tyrant,120,4513,37.61
Anairetes flavirostris,Yellow-billed tit-tyrant,120,3627,30.23
Anairetes nigrocristatus,Black-crested tit-tyrant,120,3935,32.79
Anairetes parulus,Tufted tit-tyrant,120,18172,151.43
Anairetes reguloides,Pied-crested tit-tyrant,120,3679,30.66
Aphanotriccus audax,Black-billed flycatcher,120,2269,18.91
Aphanotriccus capitalis,Tawny-chested flycatcher,120,3188,26.57
Arundinicola leucocephala,White-headed marsh tyrant,120,12029,100.24
Atalotriccus pilaris,Pale-eyed pygmy tyrant,120,2706,22.55
Attila bolivianus,White-eyed attila,120,2620,21.83
Attila cinnamomeus,Cinnamon attila,120,5473,45.61
Attila citriniventris,Citron-bellied attila,120,2553,21.27
Attila phoenicurus,Rufous-tailed attila,120,3733,31.11
Attila rufus,Grey-hooded attila,120,3867,32.23
Attila spadiceus,Bright-rumped attila,120,13013,108.44
Attila torridus,Ochraceous attila,120,3156,26.30
Calyptura cristata,Kinglet calyptura,120,12718,105.98
Camptostoma imberbe,Northern beardless tyrannulet,120,12446,103.72
Camptostoma obsoletum,Southern beardless tyrannulet,120,7738,64.48
Capsiempis flaveola,Yellow tyrannulet,120,5530,46.08
Casiornis fuscus,Ash-throated casiornis,120,2690,22.42
Casiornis rufus,Rufous casiornis,120,3157,26.31
Cnemarchus erythropygius,Red-rumped bush tyrant,120,8106,67.55
Cnemotriccus fuscatus,Fuscous flycatcher,120,6530,54.42
Cnipodectes subbrunneus,Brownish twistwing,120,3792,31.60
Cnipodectes superrufus,Rufous twistwing,120,3142,26.18
Colonia colonus,Long-tailed tyrant,120,7439,61.99
Colorhamphus parvirostris,Patagonian tyrant,120,4328,36.07
Conopias albovittatus,White-ringed flycatcher,120,4275,35.62
Conopias cinchoneti,Lemon-browed flycatcher,120,2428,20.23
Conopias parvus,Yellow-throated flycatcher,120,3490,29.08
Conopias trivirgatus,Three-striped flycatcher,120,2998,24.98
Contopus albogularis,White-throated pewee,120,2653,22.11
Contopus bogotensis,Northern tropical pewee,39,1753,44.95
Contopus caribaeus,Cuban pewee,120,9450,78.75
Contopus cinereus,Southern tropical pewee,82,1702,20.76
Contopus cooperi,Olive-sided flycatcher,120,101158,842.98
Contopus fumigatus,Smoke-colored pewee,120,8077,67.31
Contopus hispaniolensis,Hispaniolan pewee,120,6093,50.77
Contopus latirostris,Lesser Antillean pewee,120,7096,59.13
Contopus lugubris,Dark pewee,120,3976,33.13
Contopus nigrescens,Blackish pewee,120,2867,23.89
Contopus ochraceus,Ochraceous pewee,120,2721,22.68
Contopus pallidus,Jamaican pewee,120,4674,38.95
Contopus pertinax,Greater pewee,120,17675,147.29
Contopus punensis,Tumbes pewee,120,2271,18.93
Contopus sordidulus,Western wood pewee,120,64262,535.52
Contopus virens,Eastern wood pewee,120,232074,1933.95
Corythopis delalandi,Southern antpipit,120,3474,28.95
Corythopis torquatus,Ringed antpipit,120,3844,32.03
Culicivora caudacuta,Sharp-tailed grass tyrant,120,2178,18.15
Deltarhynchus flammulatus,Flammulated flycatcher,120,6742,56.18
Elaenia albiceps,White-crested elaenia,120,19060,158.83
Elaenia brachyptera,Coopmans's elaenia,98,1910,19.49
Elaenia cherriei,Hispaniolan elaenia,2,38,19.00
Elaenia chiriquensis,Lesser elaenia,120,5943,49.52
Elaenia cristata,Plain-crested elaenia,120,2887,24.06
Elaenia dayi,Great elaenia,120,2789,23.24
Elaenia fallax,Blue Mountain elaenia,2,56,28.00
Elaenia flavogaster,Yellow-bellied elaenia,120,24150,201.25
Elaenia frantzii,Mountain elaenia,120,5761,48.01
Elaenia gigas,Mottle-backed elaenia,120,2510,20.92
Elaenia martinica,Caribbean elaenia,120,19737,164.47
Elaenia mesoleuca,Olivaceous elaenia,120,2814,23.45
Elaenia obscura,Highland elaenia,120,3735,31.12
Elaenia olivina,Tepui elaenia,79,1114,14.10
Elaenia pallatangae,Sierran elaenia,120,3660,30.50
Elaenia parvirostris,Small-billed elaenia,120,7824,65.20
Elaenia pelzelni,Brownish elaenia,120,3100,25.83
Elaenia ridleyana,Noronha elaenia,120,8509,70.91
Elaenia ruficeps,Rufous-crowned elaenia,120,2280,19.00
Elaenia sordida,Small-headed elaenia,79,2022,25.59
Elaenia spectabilis,Large elaenia,120,4180,34.83
Elaenia strepera,Slaty elaenia,120,3170,26.42
Empidonax affinis,Pine flycatcher,120,6329,52.74
Empidonax albigularis,White-throated flycatcher,120,4145,34.54
Empidonax alnorum,Alder flycatcher,120,78021,650.17
Empidonax atriceps,Black-capped flycatcher,120,5636,46.97
Empidonax difficilis,Western flycatcher,120,20193,168.28
Empidonax flavescens,Yellowish flycatcher,120,12700,105.83
Empidonax flaviventris,Yellow-bellied flycatcher,120,100974,841.45
Empidonax fulvifrons,Buff-breasted flycatcher,120,9920,82.67
Empidonax hammondii,Hammond's flycatcher,120,55933,466.11
Empidonax minimus,Least flycatcher,120,91183,759.86
Empidonax oberholseri,American dusky flycatcher,120,38030,316.92
Empidonax occidentalis,Western flycatcher,120,20193,168.28
Empidonax traillii,Willow flycatcher,120,113367,944.73
Empidonax virescens,Acadian flycatcher,120,93764,781.37
Empidonax wrightii,American gray flycatcher,120,21891,182.43
Empidonomus varius,Variegated flycatcher,120,11763,98.03
Euscarthmus fulviceps,Fulvous-faced scrub tyrant,48,1111,23.15
Euscarthmus meloryphus,Fulvous-crowned scrub tyrant,48,1406,29.29
Euscarthmus rufomarginatus,Rufous-sided scrub tyrant,48,1185,24.69
Fluvicola albiventer,Black-backed water tyrant,120,5255,43.79
Fluvicola nengeta,Masked water tyrant,120,32742,272.85
Fluvicola pica,Pied water tyrant,120,7859,65.49
Griseotyrannus aurantioatrocristatus,Crowned slaty flycatcher,120,7842,65.35
Gubernetes yetapa,Streamer-tailed tyrant,120,6078,50.65
Guyramemua affinis,,0,,
Hemitriccus cinnamomeipectus,Cinnamon-breasted tody-tyrant,120,2494,20.78
Hemitriccus cohnhafti,Acre tody-tyrant,120,5115,42.62
Hemitriccus diops,Drab-breasted bamboo tyrant,120,5787,48.23
Hemitriccus flammulatus,Flammulated bamboo tyrant,120,2927,24.39
Hemitriccus furcatus,Fork-tailed tody-tyrant,120,3426,28.55
Hemitriccus granadensis,Black-throated tody-tyrant,120,2875,23.96
Hemitriccus griseipectus,White-bellied tody-tyrant,120,2539,21.16
Hemitriccus inornatus,Pelzeln's tody-tyrant,120,2811,23.43
Hemitriccus iohannis,Johannes's tody-tyrant,120,2716,22.63
Hemitriccus josephinae,Boat-billed tody-tyrant,120,2668,22.23
Hemitriccus kaempferi,Kaempfer's tody-tyrant,120,4311,35.92
Hemitriccus margaritaceiventer,Pearly-vented tody-tyrant,120,3708,30.90
Hemitriccus minimus,Zimmer's tody-tyrant,120,2872,23.93
Hemitriccus minor,Snethlage's tody-tyrant,120,2972,24.77
Hemitriccus mirandae,Buff-breasted tody-tyrant,120,2885,24.04
Hemitriccus nidipendulus,Hangnest tody-tyrant,120,2856,23.80
Hemitriccus obsoletus,Brown-breasted bamboo tyrant,120,2698,22.48
Hemitriccus orbitatus,Eye-ringed tody-tyrant,120,2890,24.08
Hemitriccus rufigularis,Buff-throated tody-tyrant,120,2332,19.43
Hemitriccus spodiops,Yungas tody-tyrant,120,2681,22.34
Hemitriccus striaticollis,Stripe-necked tody-tyrant,120,2720,22.67
Hemitriccus zosterops,White-eyed tody-tyrant,120,2992,24.93
Hirundinea bellicosa,Cliff flycatcher,120,41183,343.19
Hirundinea ferruginea,Cliff flycatcher,120,41183,343.19
Hymenops perspicillatus,Spectacled tyrant,120,10834,90.28
Inezia caudata,Pale-tipped inezia,120,2528,21.07
Inezia inornata,Plain inezia,120,2679,22.32
Inezia subflava,Amazonian inezia,120,3835,31.96
Inezia tenuirostris,Slender-billed inezia,120,2595,21.62
Knipolegus aterrimus,White-winged black tyrant,120,3653,30.44
Knipolegus cabanisi,Plumbeous tyrant,120,2882,24.02
Knipolegus cyanirostris,Blue-billed black tyrant,120,3561,29.68
Knipolegus franciscanus,São Francisco black tyrant,35,451,12.89
Knipolegus heterogyna,,0,,
Knipolegus hudsoni,Hudson's black tyrant,120,2804,23.37
Knipolegus lophotes,Crested black tyrant,120,5246,43.72
Knipolegus nigerrimus,Velvety black tyrant,120,3018,25.15
Knipolegus orenocensis,Riverside tyrant,120,2316,19.30
Knipolegus poecilocercus,Amazonian black tyrant,120,3826,31.88
Knipolegus poecilurus,Rufous-tailed tyrant,120,2733,22.77
Knipolegus sclateri,,0,,
Knipolegus signatus,Jelski's black tyrant,120,2448,20.40
Knipolegus striaticeps,Cinereous tyrant,120,2665,22.21
Lathrotriccus euleri,Euler's flycatcher,120,10368,86.40
Lathrotriccus griseipectus,Grey-breasted flycatcher,120,2685,22.38
Legatus leucophaius,Piratic flycatcher,120,14204,118.37
Leptopogon albidiventer,,0,,
Leptopogon amaurocephalus,Sepia-capped flycatcher,120,5045,42.04
Leptopogon rufipectus,Rufous-breasted flycatcher,120,3166,26.38
Leptopogon superciliaris,Slaty-capped flycatcher,120,4165,34.71
Leptopogon taczanowskii,Inca flycatcher,120,2574,21.45
Lessonia oreas,Andean negrito,120,5093,42.44
Lessonia rufa,Austral negrito,120,7898,65.82
Lophotriccus eulophotes,Long-crested pygmy tyrant,120,2112,17.60
Lophotriccus galeatus,Helmeted pygmy tyrant,120,4852,40.43
Lophotriccus pileatus,Scale-crested pygmy tyrant,120,11123,92.69
Lophotriccus vitiosus,Double-banded pygmy tyrant,120,2687,22.39
Machetornis rixosa,Cattle tyrant,120,77747,647.89
Mecocerculus calopterus,Rufous-winged tyrannulet,120,1964,16.37
Mecocerculus hellmayri,Buff-banded tyrannulet,120,2087,17.39
Mecocerculus leucophrys,White-throated tyrannulet,120,3565,29.71
Mecocerculus minor,Sulphur-bellied tyrannulet,120,2182,18.18
Mecocerculus poecilocercus,White-tailed tyrannulet,120,2855,23.79
Mecocerculus stictopterus,White-banded tyrannulet,120,2715,22.62
Megarynchus pitangua,Boat-billed flycatcher,120,22388,186.57
Mionectes galbinus,Olive-striped flycatcher,120,4813,40.11
Mionectes macconnelli,McConnell's flycatcher,120,2917,24.31
Mionectes oleagineus,Ochre-bellied flycatcher,120,7907,65.89
Mionectes olivaceus,Olive-streaked flycatcher,39,802,20.56
Mionectes roraimae,Sierra de Lema flycatcher,68,1037,15.25
Mionectes rufiventris,Grey-hooded flycatcher,120,3138,26.15
Mionectes striaticollis,Streak-necked flycatcher,120,2868,23.90
Mitrephanes olivaceus,Olive tufted flycatcher,120,2133,17.77
Mitrephanes phaeocercus,Northern tufted flycatcher,120,9744,81.20
Muscigralla brevicauda,Short-tailed field tyrant,120,1937,16.14
Muscipipra vetula,Shear-tailed grey tyrant,120,1794,14.95
Muscisaxicola albifrons,White-fronted ground tyrant,120,3085,25.71
Muscisaxicola albilora,White-browed ground tyrant,120,2549,21.24
Muscisaxicola alpinus,Paramo ground tyrant,120,2780,23.17
Muscisaxicola capistratus,Cinnamon-bellied ground tyrant,120,3423,28.52
Muscisaxicola cinereus,Cinereous ground tyrant,120,2289,19.07
Muscisaxicola flavinucha,Ochre-naped ground tyrant,120,2600,21.67
Muscisaxicola fluviatilis,Little ground tyrant,120,2588,21.57
Muscisaxicola frontalis,Black-fronted ground tyrant,120,2228,18.57
Muscisaxicola griseus,Taczanowski's ground tyrant,120,2161,18.01
Muscisaxicola juninensis,Puna ground tyrant,120,2606,21.72
Muscisaxicola maclovianus,Dark-faced ground tyrant,120,6619,55.16
Muscisaxicola maculirostris,Spot-billed ground tyrant,120,2411,20.09
Muscisaxicola occipitalis,,0,,
Muscisaxicola rufivertex,Rufous-naped ground tyrant,120,2687,22.39
Myiarchus antillarum,Puerto Rican flycatcher,120,11295,94.12
Myiarchus apicalis,Apical flycatcher,120,4542,37.85
Myiarchus barbirostris,Sad flycatcher,120,10552,87.93
Myiarchus cephalotes,Pale-edged flycatcher,120,3438,28.65
Myiarchus cinerascens,Ash-throated flycatcher,120,83158,692.98
Myiarchus crinitus,Great crested flycatcher,120,376640,3138.67
Myiarchus ferox,Short-crested flycatcher,120,5368,44.73
Myiarchus magnirostris,Galapagos flycatcher,120,12717,105.97
Myiarchus nugator,Grenada flycatcher,120,4963,41.36
Myiarchus nuttingi,Nutting's flycatcher,120,10976,91.47
Myiarchus oberi,Lesser Antillean flycatcher,120,5993,49.94
Myiarchus panamensis,Panama flycatcher,120,2178,18.15
Myiarchus phaeocephalus,Sooty-crowned flycatcher,120,2453,20.44
Myiarchus sagrae,La Sagra's flycatcher,120,12374,103.12
Myiarchus semirufus,Rufous flycatcher,120,4899,40.83
Myiarchus stolidus,Stolid flycatcher,120,10376,86.47
Myiarchus swainsoni,Swainson's flycatcher,120,5526,46.05
Myiarchus tuberculifer,Dusky-capped flycatcher,120,29829,248.57
Myiarchus tyrannulus,Brown-crested flycatcher,120,38622,321.85
Myiarchus validus,Rufous-tailed flycatcher,120,6852,57.10
Myiarchus venezuelensis,Venezuelan flycatcher,120,3157,26.31
Myiarchus yucatanensis,Yucatan flycatcher,120,5954,49.62
Myiodynastes bairdii,Baird's flycatcher,120,3393,28.27
Myiodynastes chrysocephalus,Golden-crowned flycatcher,120,4623,38.52
Myiodynastes hemichrysus,Golden-bellied flycatcher,120,10047,83.72
Myiodynastes luteiventris,Sulphur-bellied flycatcher,120,20005,166.71
Myiodynastes maculatus,Streaked flycatcher,120,13172,109.77
Myiodynastes solitarius,Streaked flycatcher,120,13172,109.77
Myiopagis caniceps,Gray-headed elaenia,37,1212,32.76
Myiopagis cinerea,Amazonian elaenia,39,1413,36.23
Myiopagis cotta,Jamaican elaenia,120,4743,39.52
Myiopagis flavivertex,Yellow-crowned elaenia,120,3006,25.05
Myiopagis gaimardii,Forest elaenia,120,4590,38.25
Myiopagis olallai,Foothill elaenia,120,3437,28.64
Myiopagis parambae,Choco elaenia,38,926,24.37
Myiopagis subplacens,Pacific elaenia,120,2955,24.62
Myiopagis viridicata,Greenish elaenia,120,7729,64.41
Myiophobus crypterythrus,Mouse-gray flycatcher,39,740,18.97
Myiophobus cryptoxanthus,Olive-chested flycatcher,120,2093,17.44
Myiophobus fasciatus,Bran-colored flycatcher,120,6172,51.43
Myiophobus flavicans,Flavescent flycatcher,120,2534,21.12
Myiophobus inornatus,Unadorned flycatcher,120,2336,19.47
Myiophobus phoenicomitra,Orange-crested flycatcher,120,2422,20.18
Myiophobus roraimae,Roraiman flycatcher,120,2488,20.73
Myiophobus rufescens,Rufescent flycatcher,39,683,17.51
Myiornis albiventris,White-bellied pygmy tyrant,120,2744,22.87
Myiornis atricapillus,Black-capped pygmy tyrant,120,8218,68.48
Myiornis auricularis,Eared pygmy tyrant,120,4931,41.09
Myiornis ecaudatus,Short-tailed pygmy tyrant,120,35771,298.09
Myiotheretes fumigatus,Smoky bush tyrant,120,2602,21.68
Myiotheretes fuscorufus,Rufous-bellied bush tyrant,120,1847,15.39
Myiotheretes pernix,Santa Marta bush tyrant,120,2795,23.29
Myiotheretes striaticollis,Streak-throated bush tyrant,120,2809,23.41
Myiotriccus ornatus,Ornate flycatcher,120,5156,42.97
Myiotriccus phoenicurus,,0,,
Myiozetetes cayanensis,Rusty-margined flycatcher,120,10652,88.77
Myiozetetes granadensis,Grey-capped flycatcher,120,6829,56.91
Myiozetetes luteiventris,Dusky-chested flycatcher,120,2944,24.53
Myiozetetes similis,Social flycatcher,120,47536,396.13
Neopipo cinnamomea,Cinnamon neopipo,120,2450,20.42
Neoxolmis rufiventris,Chocolate-vented tyrant,120,3866,32.22
Nephelomyias lintoni,Orange-banded flycatcher,120,2339,19.49
Nephelomyias ochraceiventris,Ochraceous-breasted flycatcher,120,2366,19.72
Nephelomyias pulcher,Handsome flycatcher,120,2785,23.21
Nesotriccus ridgwayi,Cocos tyrannulet,24,758,31.58
Ochthoeca cinnamomeiventris,Slaty-backed chat-tyrant,120,3664,30.53
Ochthoeca fumicolor,Brown-backed chat-tyrant,120,3097,25.81
Ochthoeca leucophrys,White-browed chat-tyrant,120,2565,21.38
Ochthoeca nigrita,Blackish chat-tyrant,96,2139,22.28
Ochthoeca oenanthoides,D'Orbigny's chat-tyrant,120,3381,28.18
Ochthoeca piurae,Piura chat-tyrant,120,2107,17.56
Ochthoeca rufipectoralis,Rufous-breasted chat-tyrant,120,2976,24.80
Ochthoeca salvini,Tumbes tyrant,120,2045,17.04
Ochthoeca superciliosa,Rufous-browed chat-tyrant,39,494,12.67
Ochthoeca thoracica,Maroon-belted chat-tyrant,120,2011,16.76
Ochthornis littoralis,Drab water tyrant,120,3079,25.66
Oncostoma cinereigulare,Northern bentbill,120,4672,38.93
Oncostoma olivaceum,Southern bentbill,120,2569,21.41
Ornithion brunneicapillus,Brown-capped tyrannulet,120,4543,37.86
Ornithion inerme,White-lored tyrannulet,120,2849,23.74
Ornithion semiflavum,Yellow-bellied tyrannulet,120,5575,46.46
Phaeomyias murina,Mouse-colored tyrannulet,120,4834,40.28
Phaeomyias tumbezana,Tumbesian tyrannulet,79,1487,18.82
Phelpsia inornata,White-bearded flycatcher,120,3814,31.78
Philohydor lictor,Lesser kiskadee,120,17211,143.43
Phyllomyias burmeisteri,Rough-legged tyrannulet,120,6068,50.57
Phyllomyias cinereiceps,Ashy-headed tyrannulet,120,3139,26.16
Phyllomyias fasciatus,Planalto tyrannulet,120,3641,30.34
Phyllomyias griseiceps,Sooty-headed tyrannulet,120,3650,30.42
Phyllomyias griseocapilla,Grey-capped tyrannulet,120,2479,20.66
Phyllomyias nigrocapillus,Black-capped tyrannulet,120,3118,25.98
Phyllomyias plumbeiceps,Plumbeous-crowned tyrannulet,120,2866,23.88
Phyllomyias reiseri,Reiser's tyrannulet,120,2151,17.93
Phyllomyias sclateri,Sclater's tyrannulet,120,2177,18.14
Phyllomyias urichi,Urich's tyrannulet,120,3121,26.01
Phyllomyias uropygialis,Tawny-rumped tyrannulet,120,2549,21.24
Phyllomyias virescens,Greenish tyrannulet,120,2408,20.07
Phyllomyias weedeni,Yungas tyrannulet,120,2788,23.23
Phyllomyias zeledoni,White-fronted tyrannulet,120,2091,17.43
Phylloscartes beckeri,Bahia tyrannulet,120,3933,32.77
Phylloscartes ceciliae,Alagoas tyrannulet,120,4054,33.78
Phylloscartes difficilis,Serra do Mar bristle tyrant,24,611,25.46
Phylloscartes flaviventris,Rufous-lored tyrannulet,120,2599,21.66
Phylloscartes flavovirens,Panama tyrannulet,41,939,22.90
Phylloscartes gualaquizae,Ecuadorian tyrannulet,120,2213,18.44
Phylloscartes kronei,Restinga tyrannulet,120,2315,19.29
Phylloscartes nigrifrons,Black-fronted tyrannulet,120,2540,21.17
Phylloscartes oustaleti,Oustalet's tyrannulet,120,2229,18.57
Phylloscartes parkeri,Cinnamon-faced tyrannulet,120,2475,20.62
Phylloscartes paulista,Sao Paulo bristle tyrant,15,771,51.40
Phylloscartes roquettei,Minas Gerais tyrannulet,120,3554,29.62
Phylloscartes superciliaris,Rufous-browed tyrannulet,120,2689,22.41
Phylloscartes sylviolus,Bay-ringed tyrannulet,120,2364,19.70
Phylloscartes ventralis,Mottle-cheeked tyrannulet,120,3158,26.32
Phylloscartes virescens,Olive-green tyrannulet,120,2688,22.40
Piprites chloris,Wing-barred piprites,120,7100,59.17
Piprites griseiceps,Grey-headed piprites,120,3957,32.98
Piprites pileata,Black-capped piprites,120,6017,50.14
Pitangus sulphuratus,Great kiskadee,120,327219,2726.82
Platyrinchus albogularis,,0,,
Platyrinchus cancrominus,Stub-tailed spadebill,120,4914,40.95
Platyrinchus coronatus,Golden-crowned spadebill,120,5555,46.29
Platyrinchus flavigularis,Yellow-throated spadebill,120,2490,20.75
Platyrinchus leucoryphus,Russet-winged spadebill,120,2644,22.03
Platyrinchus mystaceus,White-throated spadebill,120,8419,70.16
Platyrinchus platyrhynchos,White-crested spadebill,120,2797,23.31
Platyrinchus saturatus,Cinnamon-crested spadebill,120,2916,24.30
Poecilotriccus albifacies,White-cheeked tody-flycatcher,120,2608,21.73
Poecilotriccus calopterus,Golden-winged tody-flycatcher,120,2885,24.04
Poecilotriccus capitalis,Black-and-white tody-flycatcher,120,2937,24.48
Poecilotriccus fumifrons,Smoky-fronted tody-flycatcher,120,2034,16.95
Poecilotriccus latirostris,Rusty-fronted tody-flycatcher,120,2486,20.72
Poecilotriccus luluae,Lulu's tody-flycatcher,120,3833,31.94
Poecilotriccus plumbeiceps,Ochre-faced tody-flycatcher,120,3655,30.46
Poecilotriccus pulchellus,Black-backed tody-flycatcher,120,2285,19.04
Poecilotriccus ruficeps,Rufous-crowned tody-flycatcher,120,3272,27.27
Poecilotriccus russatus,Ruddy tody-flycatcher,120,2053,17.11
Poecilotriccus senex,Buff-cheeked tody-flycatcher,120,2067,17.23
Poecilotriccus sylvia,Slaty-headed tody-flycatcher,120,3340,27.83
Pogonotriccus chapmani,Chapman's bristle tyrant,120,2037,16.98
Pogonotriccus eximius,Southern bristle tyrant,120,3362,28.02
Pogonotriccus lanyoni,Antioquia bristle tyrant,120,4166,34.72
Pogonotriccus ophthalmicus,Marble-faced bristle tyrant,120,2769,23.07
Pogonotriccus orbitalis,Spectacled bristle tyrant,120,1981,16.51
Pogonotriccus poecilotis,Variegated bristle tyrant,120,2105,17.54
Pogonotriccus venezuelanus,Venezuelan bristle tyrant,120,2089,17.41
Polioxolmis rufipennis,Rufous-webbed bush tyrant,120,2688,22.40
Polystictus pectoralis,Bearded tachuri,120,5291,44.09
Polystictus superciliaris,Grey-backed tachuri,120,2283,19.02
Pseudelaenia leucospodia,Grey-and-white tyrannulet,120,2243,18.69
Pseudocolopteryx acutipennis,Subtropical doradito,120,3597,29.98
Pseudocolopteryx citreola,Ticking doradito,120,3501,29.18
Pseudocolopteryx dinelliana,Dinelli's doradito,120,2778,23.15
Pseudocolopteryx flaviventris,Warbling doradito,120,3440,28.67
Pseudocolopteryx sclateri,Crested doradito,120,3934,32.78
Pseudotriccus pelzelni,Bronze-olive pygmy tyrant,120,2369,19.74
Pseudotriccus ruficeps,Rufous-headed pygmy tyrant,120,3025,25.21
Pseudotriccus simplex,Hazel-fronted pygmy tyrant,120,2342,19.52
Pyrocephalus nanus,Brujo flycatcher,5,16,3.20
Pyrocephalus rubinus,Scarlet flycatcher,106,37777,356.39
Pyrrhomyias cinnamomeus,Cinnamon flycatcher,120,5205,43.38
Ramphotrigon fuscicauda,Dusky-tailed flatbill,120,2754,22.95
Ramphotrigon megacephalum,Large-headed flatbill,120,3766,31.38
Ramphotrigon ruficauda,Rufous-tailed flatbill,120,3494,29.12
Rhynchocyclus aequinoctialis,Western olivaceous flatbill,30,634,21.13
Rhynchocyclus brevirostris,Eye-ringed flatbill,120,5367,44.73
Rhynchocyclus fulvipectus,Fulvous-breasted flatbill,120,2426,20.22
Rhynchocyclus olivaceus,Eastern olivaceous flatbill,30,843,28.10
Rhynchocyclus pacificus,Pacific flatbill,120,2216,18.47
Rhytipterna holerythra,Rufous mourner,120,4599,38.33
Rhytipterna immunda,Pale-bellied mourner,120,2394,19.95
Rhytipterna simplex,Greyish mourner,120,3429,28.57
Satrapa icterophrys,Yellow-browed tyrant,120,3052,25.43
Sayornis nigricans,Black phoebe,120,263531,2196.09
Sayornis phoebe,Eastern phoebe,120,499404,4161.70
Sayornis saya,Say's phoebe,120,164138,1367.82
Serpophaga cinerea,Torrent tyrannulet,120,8128,67.73
Serpophaga griseicapilla,Straneck's tyrannulet,120,3229,26.91
Serpophaga hypoleuca,River tyrannulet,120,2790,23.25
Serpophaga nigricans,Sooty tyrannulet,120,3061,25.51
Serpophaga subcristata,White-crested tyrannulet,120,4010,33.42
Silvicultrix diadema,Yellow-bellied chat-tyrant,120,4280,35.67
Silvicultrix frontalis,Crowned chat-tyrant,120,3595,29.96
Silvicultrix jelskii,Jelski's chat-tyrant,120,2136,17.80
Silvicultrix pulchella,Golden-browed chat-tyrant,120,2134,17.78
Sirystes albocinereus,White-rumped sirystes,120,3041,25.34
Sirystes albogriseus,Choco sirystes,109,755,6.93
Sirystes sibilator,Sibilant sirystes,120,5366,44.72
Sirystes subcanescens,Todd's sirystes,120,2444,20.37
Stigmatura bahiae,Bahia wagtail-tyrant,38,814,21.42
Stigmatura budytoides,Greater wagtail-tyrant,120,3315,27.62
Stigmatura napensis,Lesser wagtail-tyrant,120,2935,24.46
Sublegatus arenarum,Northern scrub flycatcher,120,3468,28.90
Sublegatus modestus,Southern scrub flycatcher,120,2492,20.77
Sublegatus obscurior,Amazonian scrub flycatcher,120,3309,27.57
Suiriri suiriri,Suiriri flycatcher,120,4748,39.57
Tachuris rubrigastra,Many-colored rush tyrant,120,16909,140.91
Taeniotriccus andrei,Black-chested tyrant,120,2278,18.98
Todirostrum chrysocrotaphum,Yellow-browed tody-flycatcher,120,2909,24.24
Todirostrum cinereum,Common tody-flycatcher,120,25669,213.91
Todirostrum maculatum,Spotted tody-flycatcher,120,3705,30.88
Todirostrum nigriceps,Black-headed tody-flycatcher,120,3675,30.62
Todirostrum pictum,Painted tody-flycatcher,120,2807,23.39
Todirostrum poliocephalum,Yellow-lored tody-flycatcher,120,3992,33.27
Todirostrum viridanum,Maracaibo tody-flycatcher,120,2356,19.63
Tolmomyias assimilis,Yellow-margined flatbill,120,3409,28.41
Tolmomyias flaviventris,Ochre-lored flatbill,79,2986,37.80
Tolmomyias flavotectus,Yellow-winged flatbill,35,958,27.37
Tolmomyias poliocephalus,Grey-crowned flatbill,120,4891,40.76
Tolmomyias sulphurescens,Yellow-olive flatbill,120,8351,69.59
Tolmomyias traylori,Orange-eyed flatbill,120,3492,29.10
Tolmomyias viridiceps,Olive-faced flatbill,79,1817,23.00
Tyrannopsis sulphurea,Sulphury flycatcher,120,5019,41.83
Tyrannulus elatus,Yellow-crowned tyrannulet,120,3988,33.23
Tyrannus albogularis,White-throated kingbird,120,8521,71.01
Tyrannus caudifasciatus,Loggerhead kingbird,120,19795,164.96
Tyrannus couchii,Couch's kingbird,120,31841,265.34
Tyrannus crassirostris,Thick-billed kingbird,120,16105,134.21
Tyrannus cubensis,Giant kingbird,120,13008,108.40
Tyrannus dominicensis,Gray kingbird,120,91363,761.36
Tyrannus forficatus,Scissor-tailed flycatcher,120,363232,3026.93
Tyrannus melancholicus,Tropical kingbird,120,101349,844.58
Tyrannus niveigularis,Snowy-throated kingbird,120,5579,46.49
Tyrannus savana,Fork-tailed flycatcher,120,103280,860.67
Tyrannus tyrannus,Eastern kingbird,120,365114,3042.62
Tyrannus verticalis,Western kingbird,120,181322,1511.02
Tyrannus vociferans,Cassin's kingbird,120,60546,504.55
Uromyias agilis,Agile tit-tyrant,120,11522,96.02
Uromyias agraphia,Unstreaked tit-tyrant,120,2999,24.99
Xenotriccus callizonus,Belted flycatcher,120,3885,32.38
Xenotriccus mexicanus,Pileated flycatcher,120,3206,26.72
Xolmis cinereus,Grey monjita,120,4808,40.07
Xolmis coronatus,Black-crowned monjita,120,3268,27.23
Xolmis dominicanus,Black-and-white monjita,120,5814,48.45
Xolmis irupero,White monjita,120,10940,91.17
Xolmis pyrope,Fire-eyed diucon,120,10797,89.97
Xolmis rubetra,Rusty-backed monjita,120,2719,22.66
Xolmis salinarum,Salinas monjita,120,3123,26.02
Xolmis velatus,White-rumped monjita,120,3805,31.71
Zimmerius acer,Guianan tyrannulet,120,4250,35.42
Zimmerius albigularis,Choco tyrannulet,120,2544,21.20
Zimmerius bolivianus,Bolivian tyrannulet,120,2167,18.06
Zimmerius chicomendesi,Chico's tyrannulet,111,4423,39.85
Zimmerius chrysops,Golden-faced tyrannulet,120,4629,38.58
Zimmerius cinereicapilla,Red-billed tyrannulet,120,3199,26.66
Zimmerius gracilipes,Slender-footed tyrannulet,120,2526,21.05
Zimmerius improbus,Spectacled tyrannulet,90,1643,18.26
Zimmerius parvus,Mistletoe tyrannulet,120,5168,43.07
Zimmerius petersi,Venezuelan tyrannulet,120,2260,18.83
Zimmerius vilissimus,Guatemalan tyrannulet,66,2868,43.45
Zimmerius villarejoi,Mishana tyrannulet,120,2908,24.23
Zimmerius viridiflavus,Peruvian tyrannulet,120,3117,25.98
Urocynchramus pylzowi,Przevalski's finch,120,8975,74.79
Artamella viridis,White-headed vanga,120,6627,55.23
Bias musicus,Black-and-white shrike-flycatcher,120,11251,93.76
Calicalicus madagascariensis,Red-tailed vanga,120,6648,55.40
Calicalicus rufocarpalis,Red-shouldered vanga,120,63003,525.02
Cyanolanius comorensis,Comoros blue vanga,37,1585,42.84
Cyanolanius madagascarinus,Madagascar blue vanga,35,3745,107.00
Euryceros prevostii,Helmet vanga,120,24978,208.15
Falculea palliata,Sickle-billed vanga,120,16574,138.12
Hemipus hirundinaceus,Black-winged flycatcher-shrike,120,10523,87.69
Hemipus picatus,Bar-winged flycatcher-shrike,120,19380,161.50
Hypositta corallirostris,Nuthatch vanga,120,7434,61.95
Leptopterus chabert,Chabert vanga,120,5223,43.52
Megabyas flammulatus,African shrike-flycatcher,120,9530,79.42
Mystacornis crossleyi,Crossley's vanga,120,3380,28.17
Newtonia amphichroa,Dark newtonia,120,3585,29.88
Newtonia archboldi,Archbold's newtonia,120,5380,44.83
Newtonia brunneicauda,Common newtonia,120,5519,45.99
Newtonia fanovanae,Red-tailed newtonia,120,4745,39.54
Oriolia bernieri,Bernier's vanga,120,5021,41.84
Philentoma pyrhoptera,Rufous-winged philentoma,120,6398,53.32
Philentoma velata,Maroon-breasted philentoma,120,5364,44.70
Prionops alberti,Yellow-crested helmetshrike,120,14195,118.29
Prionops caniceps,Red-billed helmetshrike,120,6160,51.33
Prionops gabela,Gabela helmetshrike,120,4806,40.05
Prionops plumatus,White-crested helmetshrike,120,29671,247.26
Prionops poliolophus,Grey-crested helmetshrike,120,6910,57.58
Prionops retzii,Retz's helmetshrike,120,10177,84.81
Prionops rufiventris,Rufous-bellied helmetshrike,120,4595,38.29
Prionops scopifrons,Chestnut-fronted helmetshrike,120,7008,58.40
Pseudobias wardi,Ward's vanga,0,0,
Schetba rufa,Rufous vanga,120,7738,64.48
Tephrodornis affinis,Sri Lanka woodshrike,120,6420,53.50
Tephrodornis pondicerianus,Common woodshrike,120,27396,228.30
Tephrodornis sylvicola,Malabar woodshrike,120,8312,69.27
Tephrodornis virgatus,Large woodshrike,120,15342,127.85
Tylas eduardi,Tylas vanga,120,4709,39.24
Vanga curvirostris,Hook-billed vanga,120,14343,119.53
Xenopirostris damii,Van Dam's vanga,120,6961,58.01
Xenopirostris polleni,Pollen's vanga,120,4848,40.40
Xenopirostris xenopirostris,Lafresnaye's vanga,120,5623,46.86
Anomalospiza imberbis,,0,,
Vidua camerunensis,Cameroon indigobird,120,6765,56.38
Vidua chalybeata,Village indigobird,120,36969,308.07
Vidua codringtoni,Zambezi indigobird,120,5863,48.86
Vidua fischeri,Straw-tailed whydah,120,8508,70.90
Vidua funerea,Dusky indigobird,120,9727,81.06
Vidua hypocherina,Steel-blue whydah,120,10032,83.60
Vidua interjecta,Exclamatory paradise whydah,120,11290,94.08
Vidua larvaticola,Barka indigobird,120,4537,37.81
Vidua macroura,Pin-tailed whydah,120,235460,1962.17
Vidua maryae,Jos Plateau indigobird,120,12718,105.98
Vidua nigeriae,Quailfinch indigobird,120,5890,49.08
Vidua obtusa,Broad-tailed paradise whydah,120,17667,147.22
Vidua orientalis,Sahel paradise whydah,120,7945,66.21
Vidua paradisaea,Long-tailed paradise whydah,120,48961,408.01
Vidua purpurascens,Purple indigobird,120,9500,79.17
Vidua raricola,Jambandu indigobird,120,5430,45.25
Vidua regia,Shaft-tailed whydah,120,12588,104.90
Vidua togoensis,Togo paradise whydah,120,5282,44.02
Vidua wilsoni,Wilson's indigobird,120,4498,37.48
Cyclarhis gujanensis,Rufous-browed peppershrike,120,19055,158.79
Cyclarhis nigrirostris,Black-billed peppershrike,120,4242,35.35
Erpornis zantholeuca,White-bellied erpornis,120,17548,146.23
Hylophilus amaurocephalus,Grey-eyed greenlet,120,3281,27.34
Hylophilus brunneiceps,Brown-headed greenlet,120,2681,22.34
Hylophilus flavipes,Scrub greenlet,120,7738,64.48
Hylophilus griseiventris,Lemon-chested greenlet,120,4022,33.52
Hylophilus insularis,,0,,
Hylophilus olivaceus,Olivaceous greenlet,120,2932,24.43
Hylophilus pectoralis,Ashy-headed greenlet,120,4876,40.63
Hylophilus poicilotis,Rufous-crowned greenlet,120,3458,28.82
Hylophilus semicinereus,Grey-chested greenlet,120,3165,26.38
Hylophilus thoracicus,Lemon-chested greenlet,120,4022,33.52
Hylophilus viridiflavus,,0,,
Pachysylvia aurantiifrons,Golden-fronted greenlet,120,3631,30.26
Pachysylvia decurtata,Lesser greenlet,120,9211,76.76
Pachysylvia hypochrysea,Golden vireo,120,5083,42.36
Pachysylvia hypoxantha,Dusky-capped greenlet,120,2760,23.00
Pachysylvia muscicapina,Buff-cheeked greenlet,120,2663,22.19
Pachysylvia semibrunnea,Rufous-naped greenlet,120,2625,21.88
Pteruthius aenobarbus,Trilling shrike-babbler,120,4694,39.12
Pteruthius aeralatus,White-browed shrike-babbler,120,8274,68.95
Pteruthius flaviscapis,Pied shrike-babbler,120,8294,69.12
Pteruthius melanotis,Black-eared shrike-babbler,120,7776,64.80
Pteruthius rufiventer,Black-headed shrike-babbler,120,8142,67.85
Pteruthius xanthochlorus,Green shrike-babbler,120,6925,57.71
Tunchiornis luteifrons,Guianan greenlet,2,85,42.50
Tunchiornis ochraceiceps,Ochre-crowned greenlet,2,237,118.50
Vireo altiloquus,Black-whiskered vireo,120,31237,260.31
Vireo atricapilla,Black-capped vireo,120,52940,441.17
Vireo bairdi,Cozumel vireo,120,13595,113.29
Vireo bellii,Bell's vireo,120,90851,757.09
Vireo brevipennis,Slaty vireo,120,3906,32.55
Vireo caribaeus,San Andres vireo,120,5198,43.32
Vireo carmioli,Yellow-winged vireo,120,4657,38.81
Vireo cassinii,Cassin's vireo,120,38756,322.97
Vireo chivi,Chivi vireo,120,8240,68.67
Vireo crassirostris,Thick-billed vireo,120,10868,90.57
Vireo flavifrons,Yellow-throated vireo,120,134705,1122.54
Vireo flavoviridis,Yellow-green vireo,120,29032,241.93
Vireo gilvus,Warbling vireo,120,189640,1580.33
Vireo gracilirostris,Noronha vireo,120,9089,75.74
Vireo griseus,White-eyed vireo,120,163636,1363.63
Vireo gundlachii,Cuban vireo,120,7468,62.23
Vireo huttoni,Hutton's vireo,120,40656,338.80
Vireo latimeri,Puerto Rican vireo,120,9906,82.55
Vireo leucophrys,Brown-capped vireo,120,6112,50.93
Vireo magister,Yucatan vireo,120,7145,59.54
Vireo masteri,Chocó vireo,120,5232,43.60
Vireo modestus,Jamaican vireo,120,4872,40.60
Vireo nanus,Flat-billed vireo,120,4185,34.88
Vireo nelsoni,Dwarf vireo,120,5708,47.57
Vireo olivaceus,Red-eyed vireo,120,376742,3139.52
Vireo osburni,Blue Mountain vireo,120,5398,44.98
Vireo pallens,Mangrove vireo,120,7520,62.67
Vireo philadelphicus,Philadelphia vireo,120,62446,520.38
Vireo plumbeus,Plumbeous vireo,120,28730,239.42
Vireo sclateri,Tepui vireo,120,2493,20.77
Vireo solitarius,Blue-headed vireo,120,130336,1086.13
Vireo vicinior,Gray vireo,120,20614,171.78
Vireolanius eximius,Yellow-browed shrike-vireo,120,3431,28.59
Vireolanius leucotis,Slaty-capped shrike-vireo,120,5049,42.08
Vireolanius melitophrys,Chestnut-sided shrike-vireo,120,5083,42.36
Vireolanius mikettae,,0,,
Vireolanius pulchellus,Green shrike-vireo,120,8022,66.85
Zeledonia coronata,,0,,
Apalopteron familiare,Bonin white-eye,120,29033,241.94
Cleptornis marchei,Golden white-eye,120,32742,272.85
Dasycrotapha plateni,Mindanao pygmy babbler,120,3640,30.33
Dasycrotapha pygmaea,Visayan pygmy babbler,120,3112,25.93
Dasycrotapha speciosa,Flame-templed babbler,120,10964,91.37
Heleia crassirostris,Thick-billed heleia,120,3698,30.82
Heleia dohertyi,Crested heleia,10,229,22.90
Heleia goodfellowi,Mindanao heleia,10,264,26.40
Heleia javanica,Javan heleia,10,330,33.00
Heleia muelleri,Timor heleia,10,165,16.50
Heleia pinaiae,Grey-hooded heleia,10,188,18.80
Heleia squamiceps,Sulawesi heleia,10,172,17.20
Heleia squamifrons,Pygmy heleia,10,288,28.80
Heleia superciliaris,Eyebrowed heleia,10,237,23.70
Heleia wallacei,Yellow-spectacled heleia,10,290,29.00
Megazosterops palauensis,Giant white-eye,120,3984,33.20
Rukia longirostra,Long-billed white-eye,120,6367,53.06
Rukia ruki,Teardrop white-eye,120,4206,35.05
Sterrhoptilus capitalis,Rusty-crowned babbler,120,3314,27.62
Sterrhoptilus dennistouni,Golden-crowned babbler,120,4837,40.31
Sterrhoptilus nigrocapitatus,Visayan babbler,54,1345,24.91
Tephrozosterops stalkeri,Rufescent darkeye,120,2297,19.14
Yuhina bakeri,White-naped yuhina,120,7288,60.73
Yuhina brunneiceps,Taiwan yuhina,120,21886,182.38
Yuhina castaniceps,Striated yuhina,120,6738,56.15
Yuhina diademata,White-collared yuhina,120,6125,51.04
Yuhina everetti,Chestnut-crested yuhina,120,6225,51.88
Yuhina flavicollis,Whiskered yuhina,120,13485,112.38
Yuhina gularis,Stripe-throated yuhina,120,8549,71.24
Yuhina humilis,Burmese yuhina,120,3904,32.53
Yuhina nigrimenta,Black-chinned yuhina,120,8745,72.88
Yuhina occipitalis,Rufous-vented yuhina,120,6249,52.08
Yuhina torqueola,Indochinese yuhina,120,4871,40.59
Zosterops abyssinicus,Abyssinian white-eye,120,10134,84.45
Zosterops albogularis,White-chested white-eye,120,19832,165.27
Zosterops anomalus,Black-ringed white-eye,120,4070,33.92
Zosterops atricapilla,Black-capped white-eye,120,6713,55.94
Zosterops atriceps,Cream-throated white-eye,120,3629,30.24
Zosterops atrifrons,Black-crowned white-eye,120,4302,35.85
Zosterops auriventer,Hume's white-eye,84,4664,55.52
Zosterops borbonicus,Réunion grey white-eye,120,7613,63.44
Zosterops brunneus,Fernando Po speirops,120,4551,37.92
Zosterops buruensis,Buru white-eye,120,3389,28.24
Zosterops ceylonensis,Sri Lanka white-eye,120,13809,115.08
Zosterops chloris,Lemon-bellied white-eye,120,7741,64.51
Zosterops chloronothos,Mauritius olive white-eye,120,17729,147.74
Zosterops chrysolaemus,Black-fronted white-eye,120,3197,26.64
Zosterops cinereus,Kosrae white-eye,117,3021,25.82
Zosterops citrinella,Ashy-bellied white-eye,120,5202,43.35
Zosterops consobrinorum,Pale-bellied white-eye,120,6163,51.36
Zosterops conspicillatus,Bridled white-eye,120,28274,235.62
Zosterops crookshanki,Capped white-eye,120,3783,31.52
Zosterops emiliae,Mountain blackeye,120,15095,125.79
Zosterops erythropleurus,Chestnut-flanked white-eye,120,11244,93.70
Zosterops eurycricotus,Broad-ringed white-eye,120,3549,29.57
Zosterops everetti,Everett's white-eye,120,6185,51.54
Zosterops explorator,Fiji white-eye,120,4874,40.62
Zosterops feae,São Tomé white-eye,120,3067,25.56
Zosterops ficedulinus,Príncipe white-eye,120,2998,24.98
Zosterops finschii,Dusky white-eye,120,3760,31.33
Zosterops flavifrons,Vanuatu white-eye,120,4008,33.40
Zosterops flavilateralis,Pale white-eye,120,3932,32.77
Zosterops flavus,Javan white-eye,120,10631,88.59
Zosterops fuscicapilla,Capped white-eye,120,3783,31.52
Zosterops gibbsi,Vanikoro white-eye,120,3882,32.35
Zosterops grayi,Kai Besar white-eye,16,395,24.69
Zosterops griseotinctus,Louisiade white-eye,120,2639,21.99
Zosterops griseovirescens,Annobón white-eye,120,6652,55.43
Zosterops hamlini,Bougainville white-eye,54,868,16.07
Zosterops hypolais,Plain white-eye,120,2882,24.02
Zosterops hypoxanthus,Bismarck white-eye,120,2949,24.57
Zosterops inornatus,Large Lifou white-eye,120,3976,33.13
Zosterops japonicus,Warbling white-eye,84,178894,2129.69
Zosterops kaffensis,Kafa white-eye,16,440,27.50
Zosterops kikuyuensis,Kikuyu white-eye,89,3934,44.20
Zosterops kirki,Kirk's white-eye,120,2806,23.38
Zosterops kuehni,Ambon white-eye,120,3613,30.11
Zosterops kulalensis,Kafa white-eye,16,440,27.50
Zosterops kulambangrae,Solomons white-eye,120,2975,24.79
Zosterops lacertosus,Sanford's white-eye,120,2784,23.20
Zosterops lateralis,,0,,
Zosterops leucophaeus,Príncipe speirops,120,3493,29.11
Zosterops lugubris,Black-capped speirops,120,4579,38.16
Zosterops luteirostris,Gizo white-eye,120,2890,24.08
Zosterops luteus,Canary white-eye,120,8425,70.21
Zosterops maderaspatanus,Malagasy white-eye,120,12303,102.53
Zosterops mauritianus,Mauritius grey white-eye,120,18189,151.57
Zosterops mayottensis,Mayotte white-eye,120,4481,37.34
Zosterops mbuluensis,Mbulu white-eye,84,3099,36.89
Zosterops meeki,Tagula white-eye,120,3316,27.63
Zosterops melanocephalus,Mount Cameroon speirops,120,4138,34.48
Zosterops melanurus,Sangkar white-eye,84,4452,53.00
Zosterops metcalfii,Yellow-throated white-eye,120,2595,21.62
Zosterops meyeni,Lowland white-eye,120,10150,84.58
Zosterops minor,Green-fronted white-eye,56,1175,20.98
Zosterops minutus,Small Lifou white-eye,120,3800,31.67
Zosterops modestus,Seychelles white-eye,120,9146,76.22
Zosterops mouroniensis,Karthala white-eye,120,4314,35.95
Zosterops murphyi,Kolombangara white-eye,120,2188,18.23
Zosterops mysorensis,Biak white-eye,120,2800,23.33
Zosterops natalis,Christmas white-eye,120,9330,77.75
Zosterops nehrkorni,Sangihe white-eye,120,4463,37.19
Zosterops nigrorum,Yellowish white-eye,120,5456,45.47
Zosterops novaeguineae,Papuan white-eye,120,2407,20.06
Zosterops oleagineus,Olive-colored white-eye,120,3043,25.36
Zosterops olivaceus,Réunion olive white-eye,120,5840,48.67
Zosterops pallidus,Orange River white-eye,120,7300,60.83
Zosterops palpebrosus,Indian white-eye,84,101280,1205.71
Zosterops poliogastrus,Ethiopian white-eye,59,932,15.80
Zosterops ponapensis,Grey-brown white-eye,120,2926,24.38
Zosterops rendovae,Makira white-eye,16,390,24.38
Zosterops rennellianus,Rennell white-eye,120,3183,26.52
Zosterops rotensis,Rota white-eye,120,10231,85.26
Zosterops samoensis,Samoan white-eye,120,5370,44.75
Zosterops sanctaecrucis,Santa Cruz white-eye,120,2723,22.69
Zosterops saypani,Bridled white-eye,120,28274,235.62
Zosterops semperi,Citrine white-eye,120,3288,27.40
Zosterops senegalensis,Northern yellow white-eye,84,9862,117.40
Zosterops silvanus,Taita white-eye,120,2340,19.50
Zosterops simplex,Swinhoe's white-eye,84,37046,441.02
Zosterops somadikartai,Togian white-eye,120,4491,37.42
Zosterops splendidus,Ranongga white-eye,120,2837,23.64
Zosterops stalkeri,Seram white-eye,120,2873,23.94
Zosterops stresemanni,Malaita white-eye,120,2418,20.15
Zosterops superciliosus,Bare-eyed white-eye,120,4027,33.56
Zosterops tenuirostris,Slender-billed white-eye,120,7893,65.78
Zosterops uropygialis,Kai Kecil white-eye,16,342,21.38
Zosterops vaughani,Pemba white-eye,120,4404,36.70
Zosterops vellalavella,Vella Lavella white-eye,120,2418,20.15
Zosterops virens,Cape white-eye,120,52268,435.57
Zosterops winifredae,South Pare white-eye,120,2493,20.77
Zosterops xanthochroa,Green-backed white-eye,120,13993,116.61
Zosterornis hypogrammicus,Palawan striped babbler,120,3382,28.18
Zosterornis latistriatus,Panay striped babbler,120,3426,28.55
Zosterornis nigrorum,Negros striped babbler,120,5192,43.27
Zosterornis striatus,Luzon striped babbler,120,3340,27.83
Zosterornis whiteheadi,Chestnut-faced babbler,120,4650,38.75
Agamia agami,Agami heron,120,66793,556.61
Ardea alba,Great egret,120,1691747,14097.89
Ardea brachyrhyncha,Yellow-billed egret,120,7188,59.90
Ardea cinerea,Grey heron,120,1506406,12553.38
Ardea cocoi,Cocoi heron,120,62315,519.29
Ardea goliath,Goliath heron,120,425436,3545.30
Ardea herodias,Great blue heron,120,2449410,20411.75
Ardea humbloti,Humblot's heron,120,22538,187.82
Ardea insignis,White-bellied heron,120,165045,1375.38
Ardea intermedia,Medium egret,25,18019,720.76
Ardea melanocephala,Black-headed heron,120,73476,612.30
Ardea occidentalis,,0,,
Ardea pacifica,White-necked heron,120,36167,301.39
Ardea plumifera,Plumed egret,119,6971,58.58
Ardea purpurea,Purple heron,120,283900,2365.83
Ardea sumatrana,Great-billed heron,120,38337,319.48
Ardeola bacchus,Chinese pond heron,120,56262,468.85
Ardeola grayii,Indian pond heron,120,180367,1503.06
Ardeola idae,Malagasy pond heron,120,23488,195.73
Ardeola ralloides,Squacco heron,120,118175,984.79
Ardeola rufiventris,Rufous-bellied heron,120,17163,143.03
Ardeola speciosa,Javan pond heron,120,34120,284.33
Botaurus lentiginosus,American bittern,120,381955,3182.96
Botaurus pinnatus,Pinnated bittern,120,25867,215.56
Botaurus poiciloptilus,Australasian bittern,120,62878,523.98
Botaurus stellaris,Eurasian bittern,120,268367,2236.39
Bubulcus ibis,Western cattle egret,120,142077,1183.97
Butorides striata,Striated heron,120,220933,1841.11
Calherodius leuconotus,White-backed night heron,120,24347,202.89
Cochlearius cochlearius,Boat-billed heron,120,112839,940.33
Egretta ardesiaca,Black heron,120,310259,2585.49
Egretta caerulea,Little blue heron,120,375094,3125.78
Egretta eulophotes,Chinese egret,120,80753,672.94
Egretta garzetta,Little egret,120,677972,5649.77
Egretta gularis,Western reef heron,120,118562,988.02
Egretta novaehollandiae,White-faced heron,120,136180,1134.83
Egretta picata,Pied heron,120,27461,228.84
Egretta rufescens,Reddish egret,120,200552,1671.27
Egretta sacra,Pacific reef heron,120,91872,765.60
Egretta thula,Snowy egret,120,562691,4689.09
Egretta tricolor,Tricolored heron,120,218666,1822.22
Egretta vinaceigula,Slaty egret,120,42360,353.00
Gorsachius goisagi,Japanese night heron,120,48374,403.12
Gorsachius melanolophus,Malayan night heron,120,71090,592.42
Ixobrychus cinnamomeus,Cinnamon bittern,120,60457,503.81
Ixobrychus dubius,Black-backed bittern,120,17460,145.50
Ixobrychus eurhythmus,Von Schrenck's bittern,120,16642,138.68
Ixobrychus exilis,Least bittern,120,191651,1597.09
Ixobrychus flavicollis,Black bittern,120,65436,545.30
Ixobrychus involucris,Stripe-backed bittern,120,18924,157.70
Ixobrychus minutus,Little bittern,120,141279,1177.33
Ixobrychus sinensis,Yellow bittern,120,99176,826.47
Ixobrychus sturmii,Dwarf bittern,120,39621,330.18
Nyctanassa violacea,Yellow-crowned night heron,120,417990,3483.25
Nycticorax caledonicus,Nankeen night heron,120,122452,1020.43
Nycticorax nycticorax,Black-crowned night heron,120,858797,7156.64
Oroanassa magnifica,White-eared night heron,120,33252,277.10
Pilherodius pileatus,Capped heron,120,25379,211.49
Syrigma sibilatrix,Whistling heron,120,24187,201.56
Tigriornis leucolopha,White-crested tiger heron,120,10743,89.53
Tigrisoma fasciatum,Fasciated tiger heron,120,21143,176.19
Tigrisoma lineatum,Rufescent tiger heron,120,37518,312.65
Tigrisoma mexicanum,Bare-throated tiger heron,120,55293,460.77
Zebrilus undulatus,Zigzag heron,120,58579,488.16
Zonerodius heliosylus,Forest bittern,120,9255,77.12
Balaeniceps rex,,0,,
Pelecanus conspicillatus,Australian pelican,120,357643,2980.36
Pelecanus crispus,Dalmatian pelican,120,537591,4479.93
Pelecanus erythrorhynchos,American white pelican,120,704862,5873.85
Pelecanus occidentalis,Brown pelican,120,832040,6933.67
Pelecanus onocrotalus,Great white pelican,120,671049,5592.07
Pelecanus philippensis,Spot-billed pelican,120,209858,1748.82
Pelecanus rufescens,Pink-backed pelican,120,109400,911.67
Pelecanus thagus,Peruvian pelican,120,98372,819.77
Scopus umbretta,,0,,
Bostrychia bocagei,São Tomé ibis,120,31672,263.93
Bostrychia carunculata,Wattled ibis,120,22819,190.16
Bostrychia hagedash,Hadada ibis,120,447957,3732.97
Bostrychia olivacea,Olive ibis,120,29542,246.18
Bostrychia rara,Spot-breasted ibis,120,19009,158.41
Cercibis oxycerca,Sharp-tailed ibis,120,17303,144.19
Eudocimus albus,American white ibis,120,815527,6796.06
Eudocimus ruber,Scarlet ibis,120,677145,5642.88
Geronticus calvus,Southern bald ibis,120,54961,458.01
Geronticus eremita,Northern bald ibis,120,349498,2912.48
Lophotibis cristata,Madagascar ibis,120,21672,180.60
Mesembrinibis cayennensis,Green ibis,120,37721,314.34
Nipponia nippon,Crested ibis,120,281814,2348.45
Phimosus infuscatus,Bare-faced ibis,120,32293,269.11
Platalea ajaja,Roseate spoonbill,120,788628,6571.90
Platalea alba,African spoonbill,120,86058,717.15
Platalea flavipes,Yellow-billed spoonbill,120,47131,392.76
Platalea leucorodia,Eurasian spoonbill,120,227038,1891.98
Platalea minor,Black-faced spoonbill,120,112188,934.90
Platalea regia,Royal spoonbill,120,96705,805.88
Plegadis chihi,White-faced ibis,120,148630,1238.58
Plegadis falcinellus,Glossy ibis,120,478328,3986.07
Plegadis ridgwayi,Puna ibis,120,31612,263.43
Pseudibis davisoni,White-shouldered ibis,120,33644,280.37
Pseudibis papillosa,Red-naped ibis,120,130231,1085.26
Thaumatibis gigantea,Giant ibis,120,131343,1094.53
Theristicus branickii,Andean ibis,120,15732,131.10
Theristicus caerulescens,Plumbeous ibis,120,23915,199.29
Theristicus caudatus,Buff-necked ibis,120,52224,435.20
Theristicus melanopis,Black-faced ibis,120,52442,437.02
Threskiornis aethiopicus,African sacred ibis,120,568698,4739.15
Threskiornis bernieri,Malagasy sacred ibis,120,42317,352.64
Threskiornis melanocephalus,Black-headed ibis,120,200712,1672.60
Threskiornis moluccus,Australian white ibis,120,955733,7964.44
Threskiornis spinicollis,Straw-necked ibis,120,86338,719.48
Phaethon aethereus,Red-billed tropicbird,120,251179,2093.16
Phaethon lepturus,White-tailed tropicbird,120,367669,3063.91
Phaethon rubricauda,Red-tailed tropicbird,120,191882,1599.02
Phoeniconaias minor,Lesser flamingo,120,406704,3389.20
Phoenicoparrus andinus,Andean flamingo,120,255408,2128.40
Phoenicoparrus jamesi,James's flamingo,120,244822,2040.18
Phoenicopterus chilensis,Chilean flamingo,120,327575,2729.79
Phoenicopterus roseus,Greater flamingo,120,1253702,10447.52
Phoenicopterus ruber,American flamingo,120,947246,7893.72
Bucco capensis,Collared puffbird,120,10648,88.73
Chelidoptera tenebrosa,Swallow-winged puffbird,120,8008,66.73
Cyphos macrodactylus,Chestnut-capped puffbird,120,5699,47.49
Hapaloptila castanea,White-faced nunbird,120,4930,41.08
Hypnelus bicinctus,Two-banded puffbird,120,2326,19.38
Hypnelus ruficollis,Russet-throated puffbird,120,5786,48.22
Malacoptila fulvogularis,Black-streaked puffbird,120,3511,29.26
Malacoptila fusca,White-chested puffbird,120,4196,34.97
Malacoptila minor,Crescent-chested puffbird,120,4373,36.44
Malacoptila mystacalis,Moustached puffbird,120,12040,100.33
Malacoptila panamensis,White-whiskered puffbird,120,13245,110.38
Malacoptila rufa,Rufous-necked puffbird,120,3428,28.57
Malacoptila semicincta,Semicollared puffbird,120,3415,28.46
Malacoptila striata,Crescent-chested puffbird,120,4373,36.44
Micromonacha lanceolata,Lanceolated monklet,120,7553,62.94
Monasa atra,Black nunbird,120,7563,63.02
Monasa flavirostris,Yellow-billed nunbird,120,3794,31.62
Monasa morphoeus,White-fronted nunbird,120,9757,81.31
Monasa nigrifrons,Black-fronted nunbird,120,11490,95.75
Nonnula amaurocephala,Chestnut-headed nunlet,120,3008,25.07
Nonnula brunnea,Brown nunlet,120,3961,33.01
Nonnula frontalis,Grey-cheeked nunlet,120,3537,29.48
Nonnula rubecula,Rusty-breasted nunlet,120,5494,45.78
Nonnula ruficapilla,Rufous-capped nunlet,120,3874,32.28
Nonnula sclateri,Fulvous-chinned nunlet,120,3725,31.04
Notharchus hyperrhynchus,White-necked puffbird,120,16212,135.10
Notharchus macrorhynchos,Guianan puffbird,120,6062,50.52
Notharchus ordii,Brown-banded puffbird,120,4833,40.27
Notharchus pectoralis,Black-breasted puffbird,120,5340,44.50
Notharchus subtectus,,0,,
Notharchus swainsoni,Buff-bellied puffbird,120,4103,34.19
Notharchus tectus,Pied puffbird,120,8556,71.30
Nystactes noanamae,Sooty-capped puffbird,120,4127,34.39
Nystactes tamatia,Spotted puffbird,120,6203,51.69
Nystalus chacuru,White-eared puffbird,120,6412,53.43
Nystalus maculatus,Spot-backed puffbird,120,3496,29.13
Nystalus radiatus,Barred puffbird,120,5754,47.95
Nystalus striolatus,Eastern striolated puffbird,109,4149,38.06
Capito auratus,Gilded barbet,120,8453,70.44
Capito aurovirens,Scarlet-crowned barbet,120,7375,61.46
Capito brunneipectus,Brown-chested barbet,120,4201,35.01
Capito dayi,Black-girdled barbet,120,5194,43.28
Capito fitzpatricki,Sira barbet,120,5364,44.70
Capito hypoleucus,White-mantled barbet,120,7045,58.71
Capito maculicoronatus,Spot-crowned barbet,120,5897,49.14
Capito niger,Black-spotted barbet,120,9170,76.42
Capito quinticolor,Five-colored barbet,120,4094,34.12
Capito squamatus,Orange-fronted barbet,120,4872,40.60
Capito wallacei,Scarlet-banded barbet,120,9741,81.17
Eubucco aurantiicollis,,0,,
Eubucco bourcierii,Red-headed barbet,120,26373,219.78
Eubucco glaucogularis,,0,,
Eubucco richardsoni,Lemon-throated barbet,120,8166,68.05
Eubucco steerii,,0,,
Eubucco tucinkae,Scarlet-hooded barbet,120,4864,40.53
Eubucco versicolor,Versicolored barbet,120,5514,45.95
Brachygalba albogularis,White-throated jacamar,120,4672,38.93
Brachygalba goeringi,Pale-headed jacamar,120,4070,33.92
Brachygalba lugubris,Brown jacamar,120,6224,51.87
Brachygalba salmoni,Dusky-backed jacamar,120,4264,35.53
Galbalcyrhynchus leucotis,White-eared jacamar,120,7257,60.48
Galbalcyrhynchus purusianus,Purus jacamar,120,5171,43.09
Galbula albirostris,Yellow-billed jacamar,120,6332,52.77
Galbula chalcocephala,,0,,
Galbula chalcothorax,Purplish jacamar,120,4587,38.23
Galbula cyanescens,Bluish-fronted jacamar,120,5833,48.61
Galbula cyanicollis,Blue-necked jacamar,120,4349,36.24
Galbula dea,Paradise jacamar,120,7954,66.28
Galbula galbula,Green-tailed jacamar,120,7651,63.76
Galbula leucogastra,Bronzy jacamar,120,5256,43.80
Galbula pastazae,Coppery-chested jacamar,120,5334,44.45
Galbula ruficauda,Rufous-tailed jacamar,120,33831,281.93
Galbula tombacea,White-chinned jacamar,120,4870,40.58
Jacamaralcyon tridactyla,Three-toed jacamar,120,6320,52.67
Jacamerops aureus,Great jacamar,120,30040,250.33
Indicator archipelagicus,Malaysian honeyguide,120,9765,81.38
Indicator exilis,Least honeyguide,120,7167,59.73
Indicator indicator,Greater honeyguide,120,183721,1531.01
Indicator maculatus,Spotted honeyguide,120,7738,64.48
Indicator meliphilus,Pallid honeyguide,120,5674,47.28
Indicator minor,Lesser honeyguide,120,22793,189.94
Indicator pumilio,Dwarf honeyguide,120,4723,39.36
Indicator variegatus,Scaly-throated honeyguide,120,16335,136.12
Indicator willcocksi,Willcocks's honeyguide,120,4853,40.44
Indicator xanthonotus,Yellow-rumped honeyguide,120,19828,165.23
Melichneutes robustus,Lyre-tailed honeyguide,120,6547,54.56
Melignomon eisentrauti,Yellow-footed honeyguide,120,8929,74.41
Melignomon zenkeri,Zenker's honeyguide,120,5284,44.03
Prodotiscus insignis,Cassin's honeybird,120,5768,48.07
Prodotiscus regulus,Brown-backed honeybird,120,12288,102.40
Prodotiscus zambesiae,Green-backed honeybird,120,8007,66.72
Buccanodon dowsetti,Yellow-spotted barbet,120,4282,35.68
Buccanodon duchaillui,Yellow-spotted barbet,120,4282,35.68
Cryptolybia olivacea,Green barbet,120,14642,122.02
Gymnobucco bonapartei,Grey-throated barbet,120,4924,41.03
Gymnobucco calvus,Naked-faced barbet,120,5111,42.59
Gymnobucco cinereiceps,,0,,
Gymnobucco peli,Bristle-nosed barbet,120,4187,34.89
Gymnobucco sladeni,Sladen's barbet,120,3010,25.08
Gymnobucco vernayi,,0,,
Lybius chaplini,Chaplin's barbet,120,13076,108.97
Lybius guifsobalito,Black-billed barbet,120,5742,47.85
Lybius leucocephalus,White-headed barbet,120,6527,54.39
Lybius leucogaster,,0,,
Lybius rubrifacies,Red-faced barbet,120,5354,44.62
Lybius senex,,0,,
Lybius torquatus,Black-collared barbet,120,50662,422.18
Lybius undatus,Banded barbet,120,5958,49.65
Lybius vieilloti,Vieillot's barbet,120,7636,63.63
Pogoniulus atroflavus,Red-rumped tinkerbird,120,5578,46.48
Pogoniulus bilineatus,Yellow-rumped tinkerbird,120,18671,155.59
Pogoniulus chrysoconus,Yellow-fronted tinkerbird,120,16702,139.18
Pogoniulus coryphaea,Western tinkerbird,120,6025,50.21
Pogoniulus leucomystax,Moustached tinkerbird,120,4814,40.12
Pogoniulus makawai,Yellow-rumped tinkerbird,120,18671,155.59
Pogoniulus pusillus,Southern red-fronted tinkerbird,14,1102,78.71
Pogoniulus scolopaceus,Speckled tinkerbird,120,4932,41.10
Pogoniulus simplex,Green tinkerbird,120,5444,45.37
Pogoniulus subsulphureus,Yellow-throated tinkerbird,120,5558,46.32
Pogonornis bidentatus,Double-toothed barbet,120,16163,134.69
Pogonornis dubius,Bearded barbet,120,39741,331.18
Pogonornis macclounii,Black-backed barbet,120,4572,38.10
Pogonornis melanopterus,Brown-breasted barbet,120,6985,58.21
Pogonornis minor,Black-backed barbet,120,4572,38.10
Pogonornis rolleti,Black-breasted barbet,120,4898,40.82
Stactolaema anchietae,Anchieta's barbet,120,4330,36.08
Stactolaema leucogrammica,,0,,
Stactolaema leucotis,White-eared barbet,120,8253,68.78
Stactolaema whytii,Whyte's barbet,120,4296,35.80
Trachylaemus goffinii,,0,,
Trachylaemus purpuratus,Eastern yellow-billed barbet,14,538,38.43
Trachylaemus togoensis,,0,,
Trachyphonus darnaudii,D'Arnaud's barbet,120,14773,123.11
Trachyphonus emini,,0,,
Trachyphonus erythrocephalus,Red-and-yellow barbet,120,42063,350.52
Trachyphonus margaritatus,Yellow-breasted barbet,120,5644,47.03
Trachyphonus usambiro,Usambiro barbet,120,7182,59.85
Trachyphonus vaillantii,Crested barbet,120,91011,758.42
Tricholaema diademata,Red-fronted barbet,120,5897,49.14
Tricholaema frontata,Miombo pied barbet,120,3777,31.48
Tricholaema hirsuta,Hairy-breasted barbet,120,15238,126.98
Tricholaema lacrymosa,Spot-flanked barbet,120,4581,38.17
Tricholaema leucomelas,Acacia pied barbet,120,22882,190.68
Tricholaema melanocephala,Black-throated barbet,120,4774,39.78
Caloramphus fuliginosus,Brown barbet,120,8136,67.80
Caloramphus hayii,Sooty barbet,120,6780,56.50
Psilopogon annamensis,Indochinese barbet,116,4613,39.77
Psilopogon armillaris,Flame-fronted barbet,120,7260,60.50
Psilopogon asiaticus,Blue-throated barbet,120,70271,585.59
Psilopogon auricularis,Necklaced barbet,116,3884,33.48
Psilopogon australis,Yellow-eared barbet,116,5088,43.86
Psilopogon chersonesus,Turquoise-throated barbet,116,5207,44.89
Psilopogon chrysopogon,Golden-whiskered barbet,120,11771,98.09
Psilopogon corvinus,Brown-throated barbet,120,4747,39.56
Psilopogon cyanotis,Blue-eared barbet,120,16714,139.28
Psilopogon duvaucelii,Black-eared barbet,81,8046,99.33
Psilopogon eximius,Bornean barbet,120,6054,50.45
Psilopogon faber,Chinese barbet,117,5895,50.38
Psilopogon faiostrictus,Green-eared barbet,120,9219,76.83
Psilopogon flavifrons,Yellow-fronted barbet,120,15917,132.64
Psilopogon franklinii,Golden-throated barbet,120,16266,135.55
Psilopogon haemacephalus,Coppersmith barbet,120,295828,2465.23
Psilopogon henricii,Yellow-crowned barbet,120,6881,57.34
Psilopogon incognitus,Moustached barbet,120,5830,48.58
Psilopogon javensis,Black-banded barbet,120,6903,57.52
Psilopogon lagrandieri,Red-vented barbet,120,6118,50.98
Psilopogon lineatus,Lineated barbet,120,47894,399.12
Psilopogon malabaricus,Malabar barbet,120,24201,201.68
Psilopogon monticola,Mountain barbet,120,5098,42.48
Psilopogon mystacophanos,Red-throated barbet,120,12549,104.58
Psilopogon nuchalis,Taiwan barbet,120,34896,290.80
Psilopogon oorti,Black-browed barbet,120,13132,109.43
Psilopogon pulcherrimus,Golden-naped barbet,120,8650,72.08
Psilopogon pyrolophus,Fire-tufted barbet,120,16654,138.78
Psilopogon rafflesii,Red-crowned barbet,120,14748,122.90
Psilopogon rubricapillus,Crimson-fronted barbet,120,18514,154.28
Psilopogon virens,Great barbet,120,51103,425.86
Psilopogon viridis,White-cheeked barbet,120,99701,830.84
Psilopogon zeylanicus,Brown-headed barbet,120,107655,897.12
Blythipicus pyrrhotis,Bay woodpecker,120,11497,95.81
Blythipicus rubiginosus,Maroon woodpecker,120,6901,57.51
Campephilus gayaquilensis,Guayaquil woodpecker,120,10872,90.60
Campephilus guatemalensis,Pale-billed woodpecker,120,42280,352.33
Campephilus haematogaster,Crimson-bellied woodpecker,120,12643,105.36
Campephilus imperialis,Imperial woodpecker,120,312972,2608.10
Campephilus leucopogon,Cream-backed woodpecker,120,13022,108.52
Campephilus magellanicus,Magellanic woodpecker,120,72060,600.50
Campephilus melanoleucos,Crimson-crested woodpecker,120,31793,264.94
Campephilus pollens,Powerful woodpecker,120,18864,157.20
Campephilus principalis,Ivory-billed woodpecker,120,1765730,14714.42
Campephilus robustus,Robust woodpecker,120,12564,104.70
Campephilus rubricollis,Red-necked woodpecker,120,15822,131.85
Campephilus splendens,Splendid woodpecker,120,4928,41.07
Campethera abingoni,Golden-tailed woodpecker,120,19215,160.12
Campethera bennettii,Bennett's woodpecker,120,12991,108.26
Campethera cailliautii,Little green woodpecker,120,9976,83.13
Campethera caroli,Brown-eared woodpecker,120,5238,43.65
Campethera maculosa,Little green woodpecker,120,9976,83.13
Campethera mombassica,Mombasa woodpecker,120,5534,46.12
Campethera nivosa,Buff-spotted woodpecker,120,7056,58.80
Campethera notata,Knysna woodpecker,120,9537,79.47
Campethera nubica,Nubian woodpecker,120,12476,103.97
Campethera punctuligera,Fine-spotted woodpecker,120,6855,57.12
Campethera scriptoricauda,Speckle-throated woodpecker,120,3914,32.62
Campethera taeniolaema,Fine-banded woodpecker,70,1878,26.83
Campethera tullbergi,Tullberg's woodpecker,120,4031,33.59
Celeus castaneus,Chestnut-colored woodpecker,120,12346,102.88
Celeus elegans,Chestnut woodpecker,120,8806,73.38
Celeus flavescens,Blond-crested woodpecker,120,15271,127.26
Celeus flavus,Cream-colored woodpecker,120,22440,187.00
Celeus galeatus,Helmeted woodpecker,120,13861,115.51
Celeus loricatus,Cinnamon woodpecker,120,7788,64.90
Celeus lugubris,Pale-crested woodpecker,120,5837,48.64
Celeus obrieni,Kaempfer's woodpecker,120,14176,118.13
Celeus occidentalis,Ringed woodpecker,120,8687,72.39
Celeus ochraceus,Ochre-backed woodpecker,116,4806,41.43
Celeus spectabilis,Rufous-headed woodpecker,120,6669,55.58
Celeus tinnunculus,Ringed woodpecker,120,8687,72.39
Celeus torquatus,Ringed woodpecker,120,8687,72.39
Celeus undatus,Waved woodpecker,120,7561,63.01
Chrysocolaptes erythrocephalus,Red-headed flameback,120,7610,63.42
Chrysocolaptes festivus,White-naped woodpecker,120,26482,220.68
Chrysocolaptes guttacristatus,Greater flameback,120,55628,463.57
Chrysocolaptes haematribon,Luzon flameback,120,7806,65.05
Chrysocolaptes lucidus,Buff-spotted flameback,120,8256,68.80
Chrysocolaptes stricklandi,Crimson-backed flameback,120,12739,106.16
Chrysocolaptes strictus,Javan flameback,120,5348,44.57
Chrysocolaptes validus,Orange-backed woodpecker,120,12697,105.81
Chrysocolaptes xanthocephalus,Yellow-faced flameback,120,10343,86.19
Chrysophlegma flavinucha,Greater yellownape,120,19575,163.12
Chrysophlegma humii,Checker-throated woodpecker,120,6736,56.13
Chrysophlegma mentale,Checker-throated woodpecker,120,6736,56.13
Chrysophlegma miniaceum,Banded woodpecker,120,17740,147.83
Colaptes aeruginosus,Golden-olive woodpecker,120,18953,157.94
Colaptes atriceps,Crimson-mantled woodpecker,120,9997,83.31
Colaptes atricollis,Black-necked woodpecker,120,6055,50.46
Colaptes auratus,Northern flicker,120,2375129,19792.74
Colaptes auricularis,Grey-crowned woodpecker,120,5759,47.99
Colaptes cafer,,0,,
Colaptes campestris,Campo flicker,120,28632,238.60
Colaptes campestroides,Campo flicker,120,28632,238.60
Colaptes chrysoides,Gilded flicker,120,81455,678.79
Colaptes cinereicapillus,Andean flicker,120,25102,209.18
Colaptes fernandinae,Fernandina's flicker,120,14552,121.27
Colaptes melanochloros,Green-barred woodpecker,120,19941,166.18
Colaptes melanolaimus,Green-barred woodpecker,120,19941,166.18
Colaptes mexicanoides,Guatemalan flicker,120,3487,29.06
Colaptes pitius,Chilean flicker,120,10931,91.09
Colaptes punctigula,Spot-breasted woodpecker,120,11225,93.54
Colaptes rivolii,Crimson-mantled woodpecker,120,9997,83.31
Colaptes rubiginosus,Golden-olive woodpecker,120,18953,157.94
Colaptes rupicola,Andean flicker,120,25102,209.18
Dendrocopos analis,Freckle-breasted woodpecker,120,9817,81.81
Dendrocopos assimilis,Sind woodpecker,120,8784,73.20
Dendrocopos atratus,Stripe-breasted woodpecker,120,11264,93.87
Dendrocopos darjellensis,Darjeeling woodpecker,120,12225,101.88
Dendrocopos himalayensis,Himalayan woodpecker,120,18583,154.86
Dendrocopos hyperythrus,Rufous-bellied woodpecker,120,18752,156.27
Dendrocopos leucopterus,White-winged woodpecker,120,9356,77.97
Dendrocopos leucotos,White-backed woodpecker,120,81765,681.38
Dendrocopos macei,Fulvous-breasted woodpecker,120,22100,184.17
Dendrocopos major,Great spotted woodpecker,120,986917,8224.31
Dendrocopos noguchii,Okinawa woodpecker,120,66118,550.98
Dendrocopos owstoni,White-backed woodpecker,120,81765,681.38
Dendrocopos syriacus,Syrian woodpecker,120,53554,446.28
Dendropicos abyssinicus,Abyssinian woodpecker,120,9175,76.46
Dendropicos dorae,Arabian woodpecker,120,12860,107.17
Dendropicos elachus,Little grey woodpecker,120,6275,52.29
Dendropicos elliotii,Elliot's woodpecker,120,4003,33.36
Dendropicos fuscescens,Cardinal woodpecker,120,40736,339.47
Dendropicos gabonensis,Gabon woodpecker,120,4700,39.17
Dendropicos goertae,African grey woodpecker,117,16257,138.95
Dendropicos griseocephalus,Olive woodpecker,120,13443,112.03
Dendropicos johnstoni,,0,,
Dendropicos lugubris,Melancholy woodpecker,120,5941,49.51
Dendropicos namaquus,Bearded woodpecker,120,23932,199.43
Dendropicos obsoletus,Brown-backed woodpecker,120,10614,88.45
Dendropicos poecilolaemus,Speckle-breasted woodpecker,120,5209,43.41
Dendropicos pyrrhogaster,Fire-bellied woodpecker,120,10555,87.96
Dendropicos spodocephalus,Eastern grey woodpecker,117,11773,100.62
Dendropicos stierlingi,Stierling's woodpecker,120,7752,64.60
Dendropicos xantholophus,Yellow-crested woodpecker,120,13641,113.67
Dinopium benghalense,Black-rumped flameback,120,140774,1173.12
Dinopium everetti,Spot-throated flameback,120,6066,50.55
Dinopium javanense,Common flameback,120,41315,344.29
Dinopium psarodes,Red-backed flameback,103,16051,155.83
Dinopium rafflesii,Olive-backed woodpecker,120,6401,53.34
Dinopium shorii,Himalayan flameback,120,11292,94.10
Dryobates cathpharius,Crimson-naped woodpecker,30,2092,69.73
Dryobates minor,Lesser spotted woodpecker,120,215407,1795.06
Dryobates nuttallii,Nuttall's woodpecker,120,83968,699.73
Dryobates pernyii,Necklaced woodpecker,30,1103,36.77
Dryobates pubescens,Downy woodpecker,120,1015886,8465.72
Dryobates scalaris,Ladder-backed woodpecker,120,98870,823.92
Dryocopus hodgei,Andaman woodpecker,120,18212,151.77
Dryocopus javensis,White-bellied woodpecker,120,55582,463.18
Dryocopus martius,Black woodpecker,120,320872,2673.93
Gecinulus grantia,Pale-headed woodpecker,120,7373,61.44
Gecinulus viridis,Bamboo woodpecker,120,7675,63.96
Geocolaptes olivaceus,Ground woodpecker,120,22684,189.03
Hemicircus canente,Heart-spotted woodpecker,120,25355,211.29
Hemicircus concretus,Grey-and-buff woodpecker,120,12853,107.11
Hemicircus sordidus,Grey-and-buff woodpecker,120,12853,107.11
Hylatomus fuscipennis,Lineated woodpecker,120,84663,705.52
Hylatomus lineatus,Lineated woodpecker,120,84663,705.52
Hylatomus pileatus,Pileated woodpecker,120,2932078,24433.98
Hylatomus schulzii,Black-bodied woodpecker,120,11619,96.83
Jynx ruficollis,Red-throated wryneck,120,52641,438.68
Jynx torquilla,Eurasian wryneck,120,212065,1767.21
Leiopicus auriceps,Brown-fronted woodpecker,120,13209,110.08
Leiopicus mahrattensis,Yellow-crowned woodpecker,120,30241,252.01
Leiopicus medius,Middle spotted woodpecker,120,85132,709.43
Leuconotopicus albolarvatus,White-headed woodpecker,120,48191,401.59
Leuconotopicus arizonae,Arizona woodpecker,120,34271,285.59
Leuconotopicus borealis,Red-cockaded woodpecker,120,272477,2270.64
Leuconotopicus fumigatus,Smoky-brown woodpecker,120,18916,157.63
Leuconotopicus stricklandi,Strickland's woodpecker,120,9546,79.55
Leuconotopicus villosus,Hairy woodpecker,120,494834,4123.62
Meiglyptes grammithorax,Buff-rumped woodpecker,120,8199,68.33
Meiglyptes jugularis,Black-and-buff woodpecker,120,5025,41.88
Meiglyptes tristis,Zebra woodpecker,30,2279,75.97
Meiglyptes tukki,Buff-necked woodpecker,120,6505,54.21
Melanerpes aurifrons,Golden-fronted woodpecker,120,62371,519.76
Melanerpes cactorum,White-fronted woodpecker,120,9341,77.84
Melanerpes candidus,White woodpecker,120,25112,209.27
Melanerpes carolinus,Red-bellied woodpecker,120,1072870,8940.58
Melanerpes chrysauchen,Golden-naped woodpecker,120,11914,99.28
Melanerpes chrysogenys,Golden-cheeked woodpecker,120,10683,89.03
Melanerpes cruentatus,Yellow-tufted woodpecker,120,14053,117.11
Melanerpes erythrocephalus,Red-headed woodpecker,120,910497,7587.48
Melanerpes flavifrons,Yellow-fronted woodpecker,120,19349,161.24
Melanerpes formicivorus,Acorn woodpecker,120,402701,3355.84
Melanerpes herminieri,Guadeloupe woodpecker,120,16425,136.88
Melanerpes hoffmannii,Hoffmann's woodpecker,120,17002,141.68
Melanerpes hypopolius,Grey-breasted woodpecker,120,8291,69.09
Melanerpes lewis,Lewis's woodpecker,120,171389,1428.24
Melanerpes portoricensis,Puerto Rican woodpecker,120,22394,186.62
Melanerpes pucherani,Black-cheeked woodpecker,120,16791,139.93
Melanerpes pulcher,Beautiful woodpecker,120,12696,105.80
Melanerpes pygmaeus,Yucatan woodpecker,120,17937,149.47
Melanerpes radiolatus,Jamaican woodpecker,120,12447,103.72
Melanerpes rubricapillus,Red-crowned woodpecker,120,45490,379.08
Melanerpes striatus,Hispaniolan woodpecker,120,31507,262.56
Melanerpes superciliaris,West Indian woodpecker,120,25640,213.67
Melanerpes uropygialis,Gila woodpecker,120,179195,1493.29
Micropternus brachyurus,Rufous woodpecker,120,38673,322.27
Mulleripicus fuliginosus,Southern sooty woodpecker,120,4258,35.48
Mulleripicus fulvus,Ashy woodpecker,120,7000,58.33
Mulleripicus funebris,Northern sooty woodpecker,120,4851,40.42
Mulleripicus pulverulentus,Great slaty woodpecker,120,88235,735.29
Nesoctites micromegas,Antillean piculet,120,16640,138.67
Picoides arcticus,Black-backed woodpecker,120,142104,1184.20
Picoides canicapillus,Grey-capped pygmy woodpecker,120,17908,149.23
Picoides funebris,Eurasian three-toed woodpecker,120,73728,614.40
Picoides kizuki,Japanese pygmy woodpecker,120,34454,287.12
Picoides maculatus,Philippine pygmy woodpecker,120,17529,146.07
Picoides moluccensis,Sunda pygmy woodpecker,120,14069,117.24
Picoides nanus,Brown-capped pygmy woodpecker,120,21115,175.96
Picoides ramsayi,Sulu pygmy woodpecker,120,6151,51.26
Picoides temminckii,Sulawesi pygmy woodpecker,120,5500,45.83
Picoides tridactylus,Eurasian three-toed woodpecker,120,73728,614.40
Piculus aurulentus,Yellow-browed woodpecker,120,7203,60.02
Piculus callopterus,Stripe-cheeked woodpecker,120,4157,34.64
Piculus chrysochloros,Golden-green woodpecker,120,7102,59.18
Piculus flavigula,Yellow-throated woodpecker,120,7812,65.10
Piculus leucolaemus,White-throated woodpecker,120,4398,36.65
Piculus litae,Lita woodpecker,120,3920,32.67
Piculus simplex,Rufous-winged woodpecker,120,5931,49.42
Picumnus albosquamatus,White-wedged piculet,120,5660,47.17
Picumnus aurifrons,Bar-breasted piculet,120,11080,92.33
Picumnus castelnau,Plain-breasted piculet,120,7582,63.18
Picumnus cinnamomeus,Chestnut piculet,120,4277,35.64
Picumnus cirratus,White-barred piculet,120,10464,87.20
Picumnus dorbignyanus,Ocellated piculet,120,6393,53.27
Picumnus exilis,Golden-spangled piculet,120,5736,47.80
Picumnus fulvescens,Ochraceous piculet,120,4713,39.27
Picumnus fuscus,Rusty-necked piculet,120,4964,41.37
Picumnus granadensis,Greyish piculet,120,3998,33.32
Picumnus innominatus,Speckled piculet,120,21715,180.96
Picumnus lafresnayi,Lafresnaye's piculet,120,5924,49.37
Picumnus limae,Ochraceous piculet,120,4713,39.27
Picumnus minutissimus,Arrowhead piculet,120,5775,48.12
Picumnus nebulosus,Mottled piculet,120,7892,65.77
Picumnus nigropunctatus,Black-dotted piculet,120,4065,33.88
Picumnus olivaceus,Olivaceous piculet,120,7931,66.09
Picumnus pumilus,Orinoco piculet,120,5335,44.46
Picumnus pygmaeus,Spotted piculet,120,4189,34.91
Picumnus rufiventris,Rufous-breasted piculet,120,3841,32.01
Picumnus sclateri,Ecuadorian piculet,120,5276,43.97
Picumnus spilogaster,White-bellied piculet,120,4421,36.84
Picumnus squamulatus,Scaled piculet,120,7550,62.92
Picumnus steindachneri,Speckle-chested piculet,120,9611,80.09
Picumnus subtilis,Fine-barred piculet,120,3507,29.23
Picumnus temminckii,Ochre-collared piculet,120,9962,83.02
Picumnus varzeae,Varzea piculet,120,5761,48.01
Picus awokera,Japanese green woodpecker,120,18793,156.61
Picus canus,Grey-headed woodpecker,120,109436,911.97
Picus chlorolophus,Lesser yellownape,120,24901,207.51
Picus dedemi,Grey-headed woodpecker,120,109436,911.97
Picus erythropygius,Black-headed woodpecker,120,10579,88.16
Picus guerini,Grey-headed woodpecker,120,109436,911.97
Picus puniceus,Crimson-winged woodpecker,120,9365,78.04
Picus rabieri,Red-collared woodpecker,120,7321,61.01
Picus sharpei,Iberian green woodpecker,120,34488,287.40
Picus squamatus,Scaly-bellied woodpecker,120,12057,100.47
Picus vaillantii,Levaillant's woodpecker,120,17282,144.02
Picus viridanus,Streak-breasted woodpecker,120,6708,55.90
Picus viridis,European green woodpecker,120,540936,4507.80
Picus vittatus,Laced woodpecker,120,11809,98.41
Picus xanthopygaeus,Streak-throated woodpecker,120,20169,168.07
Sasia abnormis,Rufous piculet,120,15076,125.63
Sasia ochracea,White-browed piculet,120,12065,100.54
Sphyrapicus nuchalis,Red-naped sapsucker,120,107176,893.13
Sphyrapicus ruber,Red-breasted sapsucker,120,116511,970.92
Sphyrapicus thyroideus,Williamson's sapsucker,120,83269,693.91
Sphyrapicus varius,Yellow-bellied sapsucker,120,576864,4807.20
Veniliornis affinis,Red-stained woodpecker,120,4630,38.58
Veniliornis callonotus,Scarlet-backed woodpecker,120,6085,50.71
Veniliornis cassini,Golden-collared woodpecker,120,3988,33.23
Veniliornis chocoensis,Chocó woodpecker,120,3110,25.92
Veniliornis dignus,Yellow-vented woodpecker,120,4500,37.50
Veniliornis frontalis,Dot-fronted woodpecker,120,3442,28.68
Veniliornis kirkii,Red-rumped woodpecker,120,7603,63.36
Veniliornis lignarius,Striped woodpecker,120,9001,75.01
Veniliornis maculifrons,Yellow-eared woodpecker,120,4232,35.27
Veniliornis mixtus,Checkered woodpecker,120,7138,59.48
Veniliornis nigriceps,Bar-bellied woodpecker,120,4642,38.68
Veniliornis passerinus,Little woodpecker,120,8815,73.46
Veniliornis sanguineus,Blood-colored woodpecker,120,4588,38.23
Veniliornis spilogaster,White-spotted woodpecker,120,5731,47.76
Verreauxia africana,African piculet,120,10086,84.05
Xiphidiopicus percussus,Cuban green woodpecker,120,21777,181.47
Andigena cucullata,Hooded mountain toucan,120,13459,112.16
Andigena hypoglauca,Grey-breasted mountain toucan,120,25494,212.45
Andigena laminirostris,Plate-billed mountain toucan,120,53245,443.71
Andigena nigrirostris,Black-billed mountain toucan,120,29878,248.98
Aulacorhynchus albivitta,Southern emerald toucanet,87,113,1.30
Aulacorhynchus atrogularis,Southern emerald toucanet,87,113,1.30
Aulacorhynchus caeruleogularis,Northern emerald toucanet,97,106,1.09
Aulacorhynchus calorhynchus,Groove-billed toucanet,120,13812,115.10
Aulacorhynchus coeruleicinctis,Blue-banded toucanet,120,12760,106.33
Aulacorhynchus cyanolaemus,,0,,
Aulacorhynchus derbianus,Chestnut-tipped toucanet,120,12304,102.53
Aulacorhynchus haematopygus,Crimson-rumped toucanet,120,26556,221.30
Aulacorhynchus huallagae,Yellow-browed toucanet,120,12859,107.16
Aulacorhynchus prasinus,Northern emerald toucanet,97,106,1.09
Aulacorhynchus sulcatus,Groove-billed toucanet,120,13812,115.10
Aulacorhynchus wagleri,Northern emerald toucanet,97,106,1.09
Aulacorhynchus whitelianus,Tepui toucanet,120,6864,57.20
Pteroglossus aracari,Black-necked aracari,120,26904,224.20
Pteroglossus azara,Ivory-billed aracari,120,25640,213.67
Pteroglossus bailloni,Saffron toucanet,120,35843,298.69
Pteroglossus beauharnaisii,Curl-crested aracari,120,54937,457.81
Pteroglossus bitorquatus,Red-necked aracari,120,15734,131.12
Pteroglossus castanotis,Chestnut-eared aracari,120,56135,467.79
Pteroglossus erythropygius,Pale-mandibled aracari,120,19503,162.53
Pteroglossus frantzii,Fiery-billed aracari,120,38224,318.53
Pteroglossus humboldti,Lettered aracari,120,35587,296.56
Pteroglossus inscriptus,Lettered aracari,120,35587,296.56
Pteroglossus pluricinctus,Many-banded aracari,120,17911,149.26
Pteroglossus sanguineus,Pale-mandibled aracari,120,19503,162.53
Pteroglossus sturmii,Red-necked aracari,120,15734,131.12
Pteroglossus torquatus,Collared aracari,120,104658,872.15
Pteroglossus viridis,Green aracari,120,57210,476.75
Ramphastos ambiguus,Yellow-throated toucan,110,79509,722.81
Ramphastos ariel,Channel-billed toucan,120,102964,858.03
Ramphastos brevis,Choco toucan,120,49292,410.77
Ramphastos citreolaemus,Channel-billed toucan,120,102964,858.03
Ramphastos culminatus,Channel-billed toucan,120,102964,858.03
Ramphastos cuvieri,White-throated toucan,120,85360,711.33
Ramphastos dicolorus,Red-breasted toucan,120,24142,201.18
Ramphastos sulfuratus,Keel-billed toucan,120,475502,3962.52
Ramphastos toco,Toco toucan,120,836665,6972.21
Ramphastos tucanus,White-throated toucan,120,85360,711.33
Ramphastos vitellinus,Channel-billed toucan,120,102964,858.03
Selenidera gouldii,Gould's toucanet,120,12529,104.41
Selenidera langsdorffii,Golden-collared toucanet,120,14223,118.53
Selenidera maculirostris,Spot-billed toucanet,120,21433,178.61
Selenidera nattereri,Tawny-tufted toucanet,120,11291,94.09
Selenidera piperivora,Guianan toucanet,120,22389,186.57
Selenidera reinwardtii,Golden-collared toucanet,120,14223,118.53
Selenidera spectabilis,Yellow-eared toucanet,120,21503,179.19
Semnornis frantzii,Prong-billed barbet,120,12025,100.21
Semnornis ramphastinus,Toucan barbet,120,26635,221.96
Aechmophorus clarkii,Clark's grebe,120,81039,675.33
Aechmophorus occidentalis,Western grebe,120,166459,1387.16
Podiceps auritus,Horned grebe,120,204629,1705.24
Podiceps cristatus,Great crested grebe,120,557545,4646.21
Podiceps gallardoi,Hooded grebe,120,59343,494.52
Podiceps grisegena,Red-necked grebe,120,214077,1783.97
Podiceps juninensis,Silvery grebe,120,21377,178.14
Podiceps major,Great grebe,120,31676,263.97
Podiceps nigricollis,Black-necked grebe,120,217395,1811.62
Podiceps occipitalis,Silvery grebe,120,21377,178.14
Podiceps taczanowskii,Junin grebe,120,31023,258.52
Podilymbus podiceps,Pied-billed grebe,120,299926,2499.38
Poliocephalus poliocephalus,Hoary-headed grebe,120,24582,204.85
Poliocephalus rufopectus,New Zealand grebe,120,23643,197.03
Rollandia microptera,Titicaca grebe,120,44233,368.61
Rollandia rolland,White-tufted grebe,120,21787,181.56
Tachybaptus dominicus,Least grebe,120,64399,536.66
Tachybaptus novaehollandiae,Australasian grebe,120,51470,428.92
Tachybaptus pelzelnii,Madagascar grebe,120,10709,89.24
Tachybaptus ruficollis,Little grebe,120,332499,2770.82
Diomedea amsterdamensis,Amsterdam albatross,120,91153,759.61
Diomedea antipodensis,Antipodean albatross,120,71797,598.31
Diomedea dabbenena,Tristan albatross,120,98009,816.74
Diomedea epomophora,Southern royal albatross,120,291021,2425.18
Diomedea exulans,Snowy albatross,24,200346,8347.75
Diomedea sanfordi,Northern royal albatross,120,101741,847.84
Phoebastria albatrus,Short-tailed albatross,120,183821,1531.84
Phoebastria immutabilis,Laysan albatross,120,399308,3327.57
Phoebastria irrorata,Waved albatross,120,135261,1127.17
Phoebastria nigripes,Black-footed albatross,120,162813,1356.78
Phoebetria fusca,Sooty albatross,120,82411,686.76
Phoebetria palpebrata,Light-mantled albatross,120,52490,437.42
Thalassarche bulleri,Buller's albatross,120,70860,590.50
Thalassarche carteri,Indian yellow-nosed albatross,120,49922,416.02
Thalassarche cauta,Shy albatross,120,83711,697.59
Thalassarche chlororhynchos,Atlantic yellow-nosed albatross,120,105823,881.86
Thalassarche chrysostoma,Grey-headed albatross,120,142679,1188.99
Thalassarche eremita,Chatham albatross,120,47374,394.78
Thalassarche impavida,Campbell albatross,120,30895,257.46
Thalassarche melanophris,Black-browed albatross,120,227776,1898.13
Thalassarche salvini,Salvin's albatross,120,40675,338.96
Thalassarche steadi,White-capped albatross,120,70953,591.27
Hydrobates castro,Band-rumped storm petrel,120,34613,288.44
Hydrobates cheimomnestes,Ainley's storm petrel,113,11212,99.22
Hydrobates furcatus,Fork-tailed storm petrel,120,22369,186.41
Hydrobates homochroa,Ashy storm petrel,120,22964,191.37
Hydrobates hornbyi,Ringed storm petrel,120,5122,42.68
Hydrobates jabejabe,Cape Verde storm petrel,120,7437,61.98
Hydrobates leucorhous,Leach's storm petrel,120,103848,865.40
Hydrobates macrodactylus,Guadalupe storm petrel,120,32627,271.89
Hydrobates markhami,Markham's storm petrel,120,57203,476.69
Hydrobates matsudairae,Matsudaira's storm petrel,120,12246,102.05
Hydrobates melania,Black storm petrel,120,15646,130.38
Hydrobates microsoma,Least storm petrel,120,12727,106.06
Hydrobates monorhis,Swinhoe's storm petrel,120,23436,195.30
Hydrobates monteiroi,Monteiro's storm petrel,120,18417,153.47
Hydrobates pelagicus,European storm petrel,120,184515,1537.62
Hydrobates socorroensis,Townsend's storm petrel,113,11167,98.82
Hydrobates tethys,Wedge-rumped storm petrel,120,9327,77.72
Hydrobates tristrami,Tristram's storm petrel,120,13520,112.67
Fregetta grallaria,White-bellied storm petrel,120,18723,156.03
Fregetta maoriana,New Zealand storm petrel,120,28367,236.39
Fregetta tropica,Black-bellied storm petrel,120,21073,175.61
Garrodia nereis,Grey-backed storm petrel,120,15520,129.33
Nesofregetta fuliginosa,Polynesian storm petrel,120,14113,117.61
Oceanites gracilis,Elliot's storm petrel,120,11269,93.91
Oceanites oceanicus,Wilson's storm petrel,120,114948,957.90
Oceanites pincoyae,Pincoya storm petrel,120,8678,72.32
Pelagodroma marina,White-faced storm petrel,120,53577,446.48
Aphrodroma brevirostris,Kerguelen petrel,120,18302,152.52
Ardenna bulleri,Buller's shearwater,120,21688,180.73
Ardenna carneipes,Flesh-footed shearwater,120,39155,326.29
Ardenna creatopus,Pink-footed shearwater,120,19024,158.53
Ardenna gravis,Great shearwater,120,107369,894.74
Ardenna grisea,Sooty shearwater,120,218393,1819.94
Ardenna pacifica,Wedge-tailed shearwater,120,106798,889.98
Ardenna tenuirostris,Short-tailed shearwater,120,182592,1521.60
Bulweria bulwerii,Bulwer's petrel,120,37784,314.87
Bulweria fallax,Jouanin's petrel,120,15150,126.25
Calonectris borealis,Cory's shearwater,120,151043,1258.69
Calonectris diomedea,Scopoli's shearwater,120,60979,508.16
Calonectris edwardsii,Cape Verde shearwater,120,21115,175.96
Calonectris leucomelas,Streaked shearwater,120,39967,333.06
Daption capense,Pintado petrel,120,4810,40.08
Fulmarus glacialis,Northern fulmar,120,254320,2119.33
Fulmarus glacialoides,Southern fulmar,120,41884,349.03
Halobaena caerulea,Blue petrel,120,30126,251.05
Macronectes giganteus,Southern giant petrel,120,214734,1789.45
Macronectes halli,Northern giant petrel,120,61520,512.67
Pachyptila belcheri,Slender-billed prion,120,18866,157.22
Pachyptila crassirostris,Fulmar prion,120,18414,153.45
Pachyptila desolata,Antarctic prion,120,37548,312.90
Pachyptila macgillivrayi,MacGillivray's prion,69,4880,70.72
Pachyptila salvini,Salvin's prion,120,13272,110.60
Pachyptila turtur,Fairy prion,120,40493,337.44
Pachyptila vittata,Broad-billed prion,120,26439,220.32
Pagodroma nivea,Snow petrel,120,215331,1794.42
Pelecanoides garnotii,Peruvian diving petrel,120,12067,100.56
Pelecanoides georgicus,South Georgia diving petrel,120,11784,98.20
Pelecanoides magellani,Magellanic diving petrel,120,6559,54.66
Pelecanoides urinatrix,Common diving petrel,120,20823,173.53
Pelecanoides whenuahouensis,Whenua Hou diving petrel,91,8644,94.99
Procellaria aequinoctialis,White-chinned petrel,120,34527,287.73
Procellaria cinerea,Grey petrel,120,17370,144.75
Procellaria conspicillata,Spectacled petrel,120,20026,166.88
Procellaria parkinsoni,Black petrel,120,18189,151.57
Procellaria westlandica,Westland petrel,120,14245,118.71
Pseudobulweria aterrima,Mascarene petrel,120,8981,74.84
Pseudobulweria becki,Beck's petrel,120,13012,108.43
Pseudobulweria macgillivrayi,Fiji petrel,120,17613,146.78
Pseudobulweria rostrata,Tahiti petrel,120,17722,147.68
Pterodroma alba,Phoenix petrel,120,13273,110.61
Pterodroma arminjoniana,Trindade petrel,120,19320,161.00
Pterodroma atrata,Henderson petrel,120,15496,129.13
Pterodroma axillaris,Chatham Islands petrel,116,1105,9.53
Pterodroma baraui,Barau's petrel,120,17826,148.55
Pterodroma brevipes,Collared petrel,120,6454,53.78
Pterodroma cahow,Bermuda petrel,120,182517,1520.97
Pterodroma caribbaea,Jamaican petrel,120,17457,145.47
Pterodroma cervicalis,White-necked petrel,120,13990,116.58
Pterodroma cookii,Cook's petrel,120,18179,151.49
Pterodroma defilippiana,Masatierra petrel,120,5085,42.38
Pterodroma deserta,Desertas petrel,120,17586,146.55
Pterodroma externa,Juan Fernández petrel,120,7726,64.38
Pterodroma feae,Fea's petrel,120,35793,298.27
Pterodroma gouldi,Grey-faced petrel,120,17599,146.66
Pterodroma hasitata,Black-capped petrel,120,48387,403.23
Pterodroma heraldica,Herald petrel,120,18140,151.17
Pterodroma hypoleuca,Bonin petrel,120,58240,485.33
Pterodroma incerta,Atlantic petrel,120,28410,236.75
Pterodroma inexpectata,Mottled petrel,120,17428,145.23
Pterodroma lessonii,White-headed petrel,120,17229,143.57
Pterodroma leucoptera,Gould's petrel,120,27739,231.16
Pterodroma longirostris,Stejneger's petrel,120,9597,79.97
Pterodroma macroptera,Great-winged petrel,120,27251,227.09
Pterodroma madeira,Zino's petrel,120,71382,594.85
Pterodroma magentae,Magenta petrel,120,42490,354.08
Pterodroma mollis,Soft-plumaged petrel,120,29328,244.40
Pterodroma neglecta,Kermadec petrel,120,20602,171.68
Pterodroma nigripennis,Black-winged petrel,120,14882,124.02
Pterodroma phaeopygia,Galápagos petrel,120,14855,123.79
Pterodroma pycrofti,Pycroft's petrel,120,9564,79.70
Pterodroma sandwichensis,Hawaiian petrel,120,47936,399.47
Pterodroma solandri,Providence petrel,120,24931,207.76
Pterodroma ultima,Murphy's petrel,120,37147,309.56
Puffinus assimilis,Little shearwater,120,21323,177.69
Puffinus auricularis,Townsend's shearwater,120,17408,145.07
Puffinus bailloni,Tropical shearwater,120,18012,150.10
Puffinus bannermani,Bannerman's shearwater,120,6824,56.87
Puffinus bryani,Bryan's shearwater,120,15952,132.93
Puffinus elegans,Subantarctic shearwater,120,6342,52.85
Puffinus gavia,Fluttering shearwater,120,15132,126.10
Puffinus heinrothi,Heinroth's shearwater,120,5403,45.02
Puffinus huttoni,Hutton's shearwater,120,19129,159.41
Puffinus lherminieri,Sargasso shearwater,16,5668,354.25
Puffinus mauretanicus,Balearic shearwater,120,46771,389.76
Puffinus myrtae,Rapa shearwater,120,7463,62.19
Puffinus nativitatis,Christmas shearwater,120,28753,239.61
Puffinus newelli,Newell's shearwater,120,34731,289.43
Puffinus opisthomelas,Black-vented shearwater,120,12705,105.88
Puffinus persicus,Persian shearwater,120,13117,109.31
Puffinus puffinus,Manx shearwater,120,282875,2357.29
Puffinus subalaris,Galápagos shearwater,120,10052,83.77
Puffinus yelkouan,Yelkouan shearwater,120,41006,341.72
Thalassoica antarctica,Antarctic petrel,120,78418,653.48
Cacatua alba,White cockatoo,120,662174,5518.12
Cacatua ducorpsii,Solomons corella,16,4738,296.12
Cacatua galerita,Sulphur-crested cockatoo,120,1017565,8479.71
Cacatua goffiniana,Tanimbar corella,120,174523,1454.36
Cacatua haematuropygia,Red-vented cockatoo,120,172171,1434.76
Cacatua leadbeateri,Pink cockatoo,120,122365,1019.71
Cacatua moluccensis,Salmon-crested cockatoo,120,285661,2380.51
Cacatua ophthalmica,Blue-eyed cockatoo,120,122773,1023.11
Cacatua pastinator,Western corella,120,86046,717.05
Cacatua sanguinea,Little corella,120,207536,1729.47
Cacatua sulphurea,Yellow-crested cockatoo,120,365932,3049.43
Cacatua tenuirostris,Long-billed corella,120,159674,1330.62
Callocephalon fimbriatum,Gang-gang cockatoo,120,388578,3238.15
Calyptorhynchus banksii,Red-tailed black cockatoo,120,583456,4862.13
Calyptorhynchus lathami,Glossy black cockatoo,120,138520,1154.33
Eolophus roseicapilla,,0,,
Nymphicus hollandicus,,0,,
Probosciger aterrimus,Palm cockatoo,120,554992,4624.93
Zanda baudinii,Baudin's black cockatoo,120,74484,620.70
Zanda funerea,Yellow-tailed black cockatoo,120,514202,4285.02
Zanda latirostris,Carnaby's black cockatoo,120,211353,1761.28
Agapornis canus,Grey-headed lovebird,120,71747,597.89
Agapornis fischeri,Fischer's lovebird,120,418204,3485.03
Agapornis lilianae,Lilian's lovebird,120,89306,744.22
Agapornis nigrigenis,Black-cheeked lovebird,120,73950,616.25
Agapornis personatus,Yellow-collared lovebird,120,190798,1589.98
Agapornis pullarius,Red-headed lovebird,120,63052,525.43
Agapornis roseicollis,Rosy-faced lovebird,120,532744,4439.53
Agapornis swindernianus,Black-collared lovebird,120,76136,634.47
Agapornis taranta,Black-winged lovebird,120,85193,709.94
Alexandrinus eques,Echo parakeet,120,165494,1379.12
Alexandrinus krameri,Rose-ringed parakeet,120,2169016,18075.13
Alipiopsitta xanthops,Yellow-faced parrot,120,38404,320.03
Alisterus amboinensis,Moluccan king parrot,120,44435,370.29
Alisterus chloropterus,Papuan king parrot,120,22609,188.41
Alisterus scapularis,Australian king parrot,120,385965,3216.38
Amazona aestiva,Blue-fronted amazon,120,96281,802.34
Amazona agilis,Black-billed amazon,120,42140,351.17
Amazona albifrons,White-fronted amazon,120,80282,669.02
Amazona amazonica,Orange-winged amazon,120,120072,1000.60
Amazona arausiaca,Red-necked amazon,120,33639,280.32
Amazona auropalliata,Yellow-naped amazon,120,180947,1507.89
Amazona autumnalis,Red-lored amazon,120,130281,1085.67
Amazona barbadensis,Yellow-shouldered amazon,120,46968,391.40
Amazona bodini,,0,,
Amazona brasiliensis,Red-tailed amazon,120,28416,236.80
Amazona collaria,Yellow-billed amazon,120,41267,343.89
Amazona diadema,Diademed amazon,120,16665,138.88
Amazona dufresniana,Blue-cheeked amazon,120,23898,199.15
Amazona farinosa,Mealy amazon,120,50817,423.48
Amazona festiva,Festive amazon,120,32443,270.36
Amazona finschi,Lilac-crowned amazon,120,61646,513.72
Amazona guatemalae,Northern mealy amazon,103,22933,222.65
Amazona guildingii,Saint Vincent amazon,120,54536,454.47
Amazona imperialis,Imperial amazon,120,169491,1412.42
Amazona kawalli,Kawall's amazon,120,14626,121.88
Amazona leucocephala,Cuban amazon,120,105440,878.67
Amazona lilacina,Lilacine amazon,120,28829,240.24
Amazona mercenarius,Scaly-naped amazon,120,13475,112.29
Amazona ochrocephala,Yellow-crowned amazon,120,145617,1213.47
Amazona oratrix,Yellow-headed amazon,120,288180,2401.50
Amazona pretrei,Red-spectacled amazon,120,27190,226.58
Amazona rhodocorytha,Red-browed amazon,120,23639,196.99
Amazona tucumana,Tucumán amazon,120,19578,163.15
Amazona ventralis,Hispaniolan amazon,120,56776,473.13
Amazona versicolor,Saint Lucia amazon,120,46661,388.84
Amazona vinacea,Vinaceous-breasted amazon,120,27179,226.49
Amazona viridigenalis,Red-crowned amazon,120,246208,2051.73
Amazona vittata,Puerto Rican amazon,120,222973,1858.11
Amazona xantholora,Yucatan amazon,120,22400,186.67
Anodorhynchus glaucus,Glaucous macaw,120,296190,2468.25
Anodorhynchus hyacinthinus,Hyacinth macaw,120,1999502,16662.52
Anodorhynchus leari,Lear's macaw,120,297331,2477.76
Aprosmictus erythropterus,Red-winged parrot,120,83822,698.52
Aprosmictus jonquillaceus,Jonquil parrot,120,11302,94.18
Ara ambiguus,Great green macaw,120,263064,2192.20
Ara ararauna,Blue-and-yellow macaw,120,1218037,10150.31
Ara chloropterus,Red-and-green macaw,120,346158,2884.65
Ara glaucogularis,Blue-throated macaw,120,305133,2542.78
Ara macao,Scarlet macaw,120,1860254,15502.12
Ara militaris,Military macaw,120,330276,2752.30
Ara rubrogenys,Red-fronted macaw,120,114454,953.78
Ara severus,Chestnut-fronted macaw,120,167808,1398.40
Aratinga auricapillus,Golden-capped parakeet,120,38653,322.11
Aratinga jandaya,Jandaya parakeet,120,146739,1222.83
Aratinga maculata,Sulphur-breasted parakeet,120,23808,198.40
Aratinga nenday,Nanday parakeet,120,192163,1601.36
Aratinga solstitialis,Sun conure,120,322707,2689.22
Aratinga weddellii,Dusky-headed parakeet,120,46426,386.88
Barnardius zonarius,Australian ringneck,120,339366,2828.05
Belocercus longicaudus,,0,,
Bolbopsittacus lunulatus,,0,,
Bolborhynchus ferrugineifrons,Rufous-fronted parakeet,120,9784,81.53
Bolborhynchus lineola,Barred parakeet,120,162912,1357.60
Bolborhynchus orbygnesius,Andean parakeet,120,13937,116.14
Brotogeris chiriri,Yellow-chevroned parakeet,120,40202,335.02
Brotogeris chrysoptera,Golden-winged parakeet,120,16280,135.67
Brotogeris cyanoptera,Cobalt-winged parakeet,120,15800,131.67
Brotogeris jugularis,Orange-chinned parakeet,120,39574,329.78
Brotogeris pyrrhoptera,Grey-cheeked parakeet,120,21280,177.33
Brotogeris sanctithomae,Tui parakeet,120,16303,135.86
Brotogeris tirica,Plain parakeet,120,39607,330.06
Brotogeris versicolurus,White-winged parakeet,120,50918,424.32
Chalcopsitta atra,Black lory,120,58226,485.22
Chalcopsitta cardinalis,Cardinal lory,120,21942,182.85
Chalcopsitta duivenbodei,Brown lory,120,21665,180.54
Chalcopsitta scintillata,Yellow-streaked lory,120,8790,73.25
Charmosyna amabilis,Red-throated lorikeet,120,22491,187.43
Charmosyna diadema,New Caledonian lorikeet,120,34357,286.31
Charmosyna josefinae,Josephine's lorikeet,120,10902,90.85
Charmosyna margarethae,Duchess lorikeet,120,12236,101.97
Charmosyna meeki,Meek's lorikeet,120,10525,87.71
Charmosyna multistriata,Striated lorikeet,120,8413,70.11
Charmosyna palmarum,Palm lorikeet,120,12507,104.22
Charmosyna papou,West Papuan lorikeet,30,2456,81.87
Charmosyna placentis,Red-flanked lorikeet,120,14695,122.46
Charmosyna pulchella,Fairy lorikeet,120,17480,145.67
Charmosyna rubrigularis,Red-chinned lorikeet,120,9327,77.72
Charmosyna rubronotata,Red-fronted lorikeet,120,9967,83.06
Charmosyna stellae,Stella's lorikeet,54,5113,94.69
Charmosyna toxopei,Blue-fronted lorikeet,120,19239,160.32
Charmosyna wilhelminae,Pygmy lorikeet,120,10148,84.57
Coracopsis barklyi,Seychelles black parrot,120,90251,752.09
Coracopsis nigra,Lesser vasa parrot,120,79959,666.33
Coracopsis sibilans,Comoro black parrot,30,782,26.07
Coracopsis vasa,Greater vasa parrot,120,43240,360.33
Cyanoliseus patagonus,Burrowing parrot,120,101983,849.86
Cyanopsitta spixii,Spix's macaw,120,2192812,18273.43
Cyanoramphus auriceps,Yellow-crowned parakeet,120,53395,444.96
Cyanoramphus forbesi,Chatham Islands parakeet,75,2188,29.17
Cyanoramphus malherbi,Cyanoramphus malherbi,120,23784,198.20
Cyanoramphus novaezelandiae,Red-crowned parakeet,120,124367,1036.39
Cyanoramphus unicolor,Antipodes parakeet,120,49742,414.52
Cyclopsitta amabilis,,0,,
Cyclopsitta coxeni,Coxen's fig parrot,120,20941,174.51
Cyclopsitta diophthalma,Double-eyed fig parrot,120,43775,364.79
Cyclopsitta gulielmitertii,Blue-fronted fig parrot,120,16837,140.31
Cyclopsitta melanogenia,Dusky-cheeked fig parrot,62,2265,36.53
Cyclopsitta nigrifrons,Black-fronted fig parrot,67,2314,34.54
Deroptyus accipitrinus,Red-fan parrot,120,119836,998.63
Diopsittaca cumanensis,,0,,
Diopsittaca nobilis,Red-shouldered macaw,120,195404,1628.37
Eclectus cornelia,Sumba eclectus,54,11921,220.76
Eclectus polychloros,Papuan eclectus,59,20262,343.42
Eclectus riedeli,Tanimbar eclectus,55,8359,151.98
Eclectus roratus,Moluccan eclectus,35,100113,2860.37
Enicognathus ferrugineus,Austral parakeet,120,61804,515.03
Enicognathus leptorhynchus,Slender-billed parakeet,120,24570,204.75
Eos bornea,Red lory,120,134211,1118.42
Eos cyanogenia,Black-winged lory,120,21042,175.35
Eos histrio,Red-and-blue lory,120,32865,273.88
Eos reticulata,Blue-streaked lory,120,47768,398.07
Eos semilarvata,Blue-eared lory,120,14966,124.72
Eos squamata,Violet-necked lory,120,37415,311.79
Eunymphicus cornutus,Horned parakeet,120,28042,233.68
Eunymphicus uvaeensis,Ouvea parakeet,120,14553,121.28
Eupsittula astec,Olive-throated parakeet,120,33338,277.82
Eupsittula aurea,Peach-fronted parakeet,120,29360,244.67
Eupsittula cactorum,Caatinga parakeet,120,14438,120.32
Eupsittula canicularis,Eupsittula canicularis,120,28911,240.93
Eupsittula nana,Olive-throated parakeet,120,33338,277.82
Eupsittula pertinax,Brown-throated parakeet,120,51732,431.10
Forpus coelestis,Pacific parrotlet,120,183244,1527.03
Forpus conspicillatus,Spectacled parrotlet,120,35195,293.29
Forpus cyanopygius,Mexican parrotlet,120,38290,319.08
Forpus modestus,Dusky-billed parrotlet,120,21496,179.13
Forpus passerinus,Green-rumped parrotlet,120,125159,1042.99
Forpus spengeli,Turquoise-winged parrotlet,103,19118,185.61
Forpus xanthops,Yellow-faced parrotlet,120,25960,216.33
Forpus xanthopterygius,Cobalt-rumped parrotlet,56,14444,257.93
Geoffroyus geoffroyi,Red-cheeked parrot,120,26210,218.42
Geoffroyus heteroclitus,Song parrot,120,14756,122.97
Geoffroyus hyacinthinus,Rennell parrot,120,7262,60.52
Geoffroyus simplex,Blue-collared parrot,120,20184,168.20
Glossopsitta concinna,Musk lorikeet,120,84065,700.54
Glossopsitta porphyrocephala,Purple-crowned lorikeet,120,51516,429.30
Glossopsitta pusilla,Little lorikeet,120,38993,324.94
Graydidascalus brachyurus,Short-tailed parrot,120,21474,178.95
Guaruba guarouba,Golden parakeet,120,164661,1372.17
Hapalopsittaca amazonina,Rusty-faced parrot,120,8376,69.80
Hapalopsittaca fuertesi,Fuertes's parrot,120,13587,113.22
Hapalopsittaca melanotis,Black-winged parrot,120,8984,74.87
Hapalopsittaca pyrrhops,Red-faced parrot,120,10533,87.78
Himalayapsitta cyanocephala,,0,,
Himalayapsitta finschii,,0,,
Himalayapsitta himalayana,,0,,
Himalayapsitta roseata,,0,,
Lathamus discolor,Swift parrot,120,170183,1418.19
Leptosittaca branickii,Golden-plumed parakeet,120,32318,269.32
Loriculus amabilis,Moluccan hanging parrot,120,9649,80.41
Loriculus aurantiifrons,Orange-fronted hanging parrot,120,8726,72.72
Loriculus beryllinus,Sri Lanka hanging parrot,120,78601,655.01
Loriculus catamene,Sangihe hanging parrot,120,9261,77.17
Loriculus exilis,Pygmy hanging parrot,120,9589,79.91
Loriculus flosculus,Wallace's hanging parrot,120,8558,71.32
Loriculus galgulus,Blue-crowned hanging parrot,120,52758,439.65
Loriculus philippensis,Philippine hanging parrot,120,111063,925.52
Loriculus pusillus,Yellow-throated hanging parrot,120,12594,104.95
Loriculus sclateri,Sula hanging parrot,120,8615,71.79
Loriculus stigmatus,Great hanging parrot,120,10327,86.06
Loriculus tener,Bismarck hanging parrot,120,8189,68.24
Loriculus vernalis,Vernal hanging parrot,120,73895,615.79
Lorius albidinucha,White-naped lory,120,10197,84.97
Lorius chlorocercus,Yellow-bibbed lory,120,28418,236.82
Lorius domicella,Purple-naped lory,120,41717,347.64
Lorius garrulus,Chattering lory,120,133582,1113.18
Lorius hypoinochrous,Purple-bellied lory,120,16150,134.58
Lorius lory,Black-capped lory,120,73303,610.86
Melopsittacus undulatus,,0,,
Micropsitta bruijnii,Red-breasted pygmy parrot,120,11687,97.39
Micropsitta finschii,Finsch's pygmy parrot,120,10275,85.62
Micropsitta geelvinkiana,Geelvink pygmy parrot,120,12454,103.78
Micropsitta keiensis,Yellow-capped pygmy parrot,120,10208,85.07
Micropsitta meeki,Meek's pygmy parrot,120,8950,74.58
Micropsitta pusio,Buff-faced pygmy parrot,120,39421,328.51
Myiopsitta luchsi,Cliff parakeet,120,18834,156.95
Myiopsitta monachus,Monk parakeet,120,1334754,11122.95
Nannopsittaca dachilleae,Manu parrotlet,120,15429,128.57
Nannopsittaca panychlora,Tepui parrotlet,120,14091,117.42
Neophema chrysogaster,Orange-bellied parrot,120,184894,1540.78
Neophema chrysostoma,Blue-winged parrot,120,61353,511.27
Neophema elegans,Elegant parrot,120,41224,343.53
Neophema petrophila,Rock parrot,120,84070,700.58
Neophema pulchella,Turquoise parrot,120,162221,1351.84
Neophema splendida,Scarlet-chested parrot,120,80559,671.33
Neopsephotus bourkii,Bourke's parrot,120,178316,1485.97
Neopsittacus musschenbroekii,Yellow-billed lorikeet,120,9889,82.41
Neopsittacus pullicauda,Orange-billed lorikeet,120,16443,137.03
Nicopsitta calthrapae,,0,,
Nicopsitta columboides,,0,,
Northiella haematogaster,Eastern bluebonnet,120,27834,231.95
Ognorhynchus icterotis,Yellow-eared parrot,120,50799,423.32
Oreopsittacus arfaki,Plum-faced lorikeet,120,10381,86.51
Orthopsittaca manilatus,Red-bellied macaw,120,120433,1003.61
Palaeornis eupatria,Alexandrine parakeet,120,884610,7371.75
Pezoporus occidentalis,Night parrot,120,487846,4065.38
Pezoporus wallicus,Ground parrot,120,21598,179.98
Phigys solitarius,Collared lory,120,39228,326.90
Pionites leucogaster,White-bellied parrot,120,58309,485.91
Pionites melanocephalus,Black-headed parrot,120,117795,981.62
Pionites xanthomerius,Black-legged parrot,120,42059,350.49
Pionites xanthurus,Yellow-tailed parrot,120,24984,208.20
Pionopsitta pileata,Pileated parrot,120,18832,156.93
Pionus chalcopterus,Bronze-winged parrot,120,42729,356.07
Pionus fuscus,Dusky parrot,120,25001,208.34
Pionus maximiliani,Scaly-headed parrot,120,34668,288.90
Pionus menstruus,Blue-headed parrot,120,107296,894.13
Pionus reichenowi,,0,,
Pionus senilis,White-crowned parrot,120,39168,326.40
Pionus seniloides,White-capped parrot,120,10597,88.31
Pionus sordidus,Red-billed parrot,120,16117,134.31
Pionus tumultuosus,Plum-crowned parrot,46,4044,87.91
Platycercus adscitus,Pale-headed rosella,120,144509,1204.24
Platycercus caledonicus,Green rosella,120,160390,1336.58
Platycercus elegans,Crimson rosella,120,301975,2516.46
Platycercus eximius,Eastern rosella,120,394466,3287.22
Platycercus icterotis,Western rosella,120,77531,646.09
Platycercus venustus,Northern rosella,120,100456,837.13
Poicephalus crassus,Niam-Niam parrot,120,25004,208.37
Poicephalus cryptoxanthus,Brown-headed parrot,120,51216,426.80
Poicephalus flavifrons,Yellow-fronted parrot,120,34086,284.05
Poicephalus fuscicollis,Brown-necked parrot,120,46811,390.09
Poicephalus gulielmi,Red-fronted parrot,120,78372,653.10
Poicephalus meyeri,Meyer's parrot,120,109378,911.48
Poicephalus robustus,Cape parrot,120,85547,712.89
Poicephalus rueppellii,Rüppell's parrot,120,39677,330.64
Poicephalus rufiventris,Red-bellied parrot,120,58402,486.68
Poicephalus senegalus,Senegal parrot,120,288699,2405.82
Polytelis alexandrae,Princess parrot,120,129622,1080.18
Polytelis anthopeplus,Regent parrot,120,66778,556.48
Polytelis swainsonii,Superb parrot,120,102922,857.68
Primolius auricollis,Golden-collared macaw,120,100202,835.02
Primolius couloni,Blue-headed macaw,120,97665,813.88
Primolius maracana,Blue-winged macaw,120,116237,968.64
Prioniturus discurus,Blue-crowned racket-tail,120,15830,131.92
Prioniturus flavicans,Yellow-breasted racket-tail,120,8433,70.28
Prioniturus luconensis,Green racket-tail,120,16533,137.78
Prioniturus mada,Buru racket-tail,120,10251,85.42
Prioniturus mindorensis,Mindoro racket-tail,120,7027,58.56
Prioniturus montanus,Montane racket-tail,120,9429,78.58
Prioniturus platenae,Blue-headed racket-tail,120,22559,187.99
Prioniturus platurus,Golden-mantled racket-tail,120,9629,80.24
Prioniturus verticalis,Blue-winged racket-tail,120,19798,164.98
Prioniturus waterstradti,Mindanao racket-tail,120,9665,80.54
Prosopeia personata,Masked shining parrot,120,14247,118.72
Prosopeia splendens,Crimson shining parrot,120,17146,142.88
Prosopeia tabuensis,Maroon shining parrot,120,23172,193.10
Psephotellus chrysopterygius,Golden-shouldered parrot,120,52264,435.53
Psephotellus dissimilis,Hooded parrot,120,36887,307.39
Psephotellus varius,Mulga parrot,120,53295,444.12
Psephotus haematonotus,Red-rumped parrot,120,194578,1621.48
Pseudeos fuscata,Dusky lory,120,55756,464.63
Psilopsiagon aurifrons,Mountain parakeet,120,20733,172.78
Psilopsiagon aymara,Grey-hooded parakeet,120,15538,129.48
Psittacara acuticaudatus,Blue-crowned parakeet,120,111144,926.20
Psittacara chloropterus,Hispaniolan parakeet,120,34268,285.57
Psittacara erythrogenys,Red-masked parakeet,120,125900,1049.17
Psittacara euops,Cuban parakeet,120,19009,158.41
Psittacara finschi,Finsch's parakeet,120,16262,135.52
Psittacara frontatus,Cordilleran parakeet,103,6502,63.13
Psittacara holochlorus,Green parakeet,120,272397,2269.97
Psittacara leucophthalmus,White-eyed parakeet,120,48403,403.36
Psittacara mitratus,Mitred parakeet,120,71790,598.25
Psittacara rubritorquis,Green parakeet,120,272397,2269.97
Psittacara wagleri,Scarlet-fronted parakeet,120,20406,170.05
Psittacella brehmii,Brehm's tiger parrot,120,16353,136.28
Psittacella lorentzi,,0,,
Psittacella madaraszi,Madarasz's tiger parrot,120,11324,94.37
Psittacella modesta,Modest tiger parrot,120,10441,87.01
Psittacella picta,Painted tiger parrot,120,12696,105.80
Psittacula alexandri,Red-breasted parakeet,120,139250,1160.42
Psittacula caniceps,Nicobar parakeet,120,26491,220.76
Psittacula derbiana,Lord Derby's parakeet,120,79610,663.42
Psittaculirostris cervicalis,Large fig parrot,120,12760,106.33
Psittaculirostris desmarestii,Large fig parrot,120,12760,106.33
Psittaculirostris edwardsii,Edwards's fig parrot,120,12707,105.89
Psittaculirostris godmani,Large fig parrot,120,12760,106.33
Psittaculirostris salvadorii,Salvadori's fig parrot,120,9660,80.50
Psittacus erithacus,Grey parrot,120,2115719,17630.99
Psittacus timneh,Timneh parrot,120,229545,1912.88
Psitteuteles goldiei,Goldie's lorikeet,120,17247,143.72
Psitteuteles versicolor,Varied lorikeet,120,20520,171.00
Psittinus abbotti,Simeulue parrot,120,8482,70.68
Psittinus cyanurus,Blue-rumped parrot,120,37743,314.52
Psittrichas fulgidus,Pesquet's parrot,120,486361,4053.01
Purpureicephalus spurius,Red-capped parrot,120,117567,979.73
Pyrilia aurantiocephala,Bald parrot,120,40638,338.65
Pyrilia barrabandi,Orange-cheeked parrot,120,15707,130.89
Pyrilia caica,Caica parrot,120,13047,108.72
Pyrilia haematotis,Brown-hooded parrot,120,20837,173.64
Pyrilia pulchra,Rose-faced parrot,120,10550,87.92
Pyrilia pyrilia,Saffron-headed parrot,120,12221,101.84
Pyrilia vulturina,Vulturine parrot,120,31230,260.25
Pyrrhura albipectus,White-breasted parakeet,120,6133,51.11
Pyrrhura amazonum,Santarem parakeet,120,11583,96.53
Pyrrhura caeruleiceps,Perija parakeet,35,2076,59.31
Pyrrhura calliptera,Flame-winged parakeet,120,11604,96.70
Pyrrhura chapmani,Maroon-tailed parakeet,120,14805,123.38
Pyrrhura cruentata,Ochre-marked parakeet,120,30497,254.14
Pyrrhura devillei,Blaze-winged parakeet,120,23777,198.14
Pyrrhura egregia,Fiery-shouldered parakeet,120,15520,129.33
Pyrrhura eisenmanni,Subandean parakeet,2,183,91.50
Pyrrhura emma,Venezuelan parakeet,120,17118,142.65
Pyrrhura frontalis,Maroon-bellied parakeet,120,47606,396.72
Pyrrhura griseipectus,Grey-breasted parakeet,120,18998,158.32
Pyrrhura hoematotis,Blood-eared parakeet,120,6726,56.05
Pyrrhura hoffmanni,Sulphur-winged parakeet,120,17258,143.82
Pyrrhura lepida,Pearly parakeet,120,33827,281.89
Pyrrhura leucotis,White-eared parakeet,120,16419,136.82
Pyrrhura lucianii,Bonaparte's parakeet,120,14008,116.73
Pyrrhura melanura,Maroon-tailed parakeet,120,14805,123.38
Pyrrhura molinae,Green-cheeked parakeet,120,819292,6827.43
Pyrrhura orcesi,El Oro parakeet,120,15707,130.89
Pyrrhura pacifica,,0,,
Pyrrhura parvifrons,,0,,
Pyrrhura perlata,Crimson-bellied parakeet,120,79885,665.71
Pyrrhura peruviana,Rose-fronted parakeet,120,22850,190.42
Pyrrhura pfrimeri,Pfrimer's parakeet,120,15045,125.38
Pyrrhura picta,Painted parakeet,120,32449,270.41
Pyrrhura rhodocephala,Rose-crowned parakeet,120,13838,115.32
Pyrrhura roseifrons,Rose-fronted parakeet,120,22850,190.42
Pyrrhura rupicola,Black-capped parakeet,120,65354,544.62
Pyrrhura snethlageae,Madeira parakeet,120,7899,65.83
Pyrrhura subandina,Subandean parakeet,2,183,91.50
Pyrrhura viridicata,Santa Marta parakeet,120,15287,127.39
Rhynchopsitta pachyrhyncha,Thick-billed parrot,120,259826,2165.22
Rhynchopsitta terrisi,Maroon-fronted parrot,120,21278,177.32
Tanygnathus everetti,Blue-backed parrot,120,40986,341.55
Tanygnathus gramineus,Black-lored parrot,120,13034,108.62
Tanygnathus lucionensis,Blue-naped parrot,120,75679,630.66
Tanygnathus megalorynchos,Great-billed parrot,120,43942,366.18
Tanygnathus sumatranus,Azure-rumped parrot,120,5152,42.93
Touit batavicus,Lilac-tailed parrotlet,120,21696,180.80
Touit costaricensis,Red-fronted parrotlet,120,13140,109.50
Touit dilectissimus,Blue-fronted parrotlet,120,14055,117.12
Touit huetii,Scarlet-shouldered parrotlet,120,15687,130.72
Touit melanonotus,Brown-backed parrotlet,120,14035,116.96
Touit purpuratus,Sapphire-rumped parrotlet,120,13703,114.19
Touit stictopterus,Spot-winged parrotlet,120,9239,76.99
Touit surdus,Golden-tailed parrotlet,120,9914,82.62
Trichoglossus capistratus,Marigold lorikeet,120,26425,220.21
Trichoglossus chlorolepidotus,Scaly-breasted lorikeet,120,88506,737.55
Trichoglossus euteles,Olive-headed lorikeet,120,21093,175.78
Trichoglossus flavoviridis,Sula lorikeet,54,3667,67.91
Trichoglossus forsteni,Sunset lorikeet,120,29693,247.44
Trichoglossus haematodus,Coconut lorikeet,120,102458,853.82
Trichoglossus iris,Iris lorikeet,120,22843,190.36
Trichoglossus johnstoniae,Mindanao lorikeet,120,22659,188.82
Trichoglossus meyeri,Yellow-cheeked lorikeet,54,3195,59.17
Trichoglossus moluccanus,Rainbow lorikeet,120,1672357,13936.31
Trichoglossus ornatus,Ornate lorikeet,120,33410,278.42
Trichoglossus rosenbergii,Biak lorikeet,120,16238,135.32
Trichoglossus rubiginosus,Pohnpei lorikeet,120,21934,182.78
Trichoglossus rubritorquis,Red-collared lorikeet,120,78220,651.83
Trichoglossus weberi,Leaf lorikeet,120,14964,124.70
Triclaria malachitacea,Blue-bellied parrot,120,35503,295.86
Vini australis,Blue-crowned lorikeet,120,38751,322.93
Vini kuhlii,Kuhl's lorikeet,120,42305,352.54
Vini peruviana,Blue lorikeet,120,78799,656.66
Vini stepheni,Stephen's lorikeet,120,21852,182.10
Vini ultramarina,Ultramarine lorikeet,120,46121,384.34
Nestor meridionalis,,0,,
Nestor notabilis,,0,,
Strigops habroptila,,0,,
Pterocles alchata,Pin-tailed sandgrouse,120,59561,496.34
Pterocles bicinctus,Double-banded sandgrouse,120,23918,199.32
Pterocles burchelli,Burchell's sandgrouse,120,15040,125.33
Pterocles coronatus,Crowned sandgrouse,120,21428,178.57
Pterocles decoratus,Black-faced sandgrouse,120,10241,85.34
Pterocles exustus,Chestnut-bellied sandgrouse,120,56268,468.90
Pterocles gutturalis,Yellow-throated sandgrouse,120,16591,138.26
Pterocles indicus,Painted sandgrouse,120,23025,191.88
Pterocles lichtensteinii,Lichtenstein's sandgrouse,120,20612,171.77
Pterocles namaqua,Namaqua sandgrouse,120,39962,333.02
Pterocles orientalis,Black-bellied sandgrouse,120,45237,376.98
Pterocles personatus,Madagascar sandgrouse,120,4181,34.84
Pterocles quadricinctus,Four-banded sandgrouse,120,10753,89.61
Pterocles senegallus,Spotted sandgrouse,120,27276,227.30
Syrrhaptes paradoxus,Pallas's sandgrouse,120,56782,473.18
Syrrhaptes tibetanus,Tibetan sandgrouse,120,15591,129.93
Aptenodytes forsteri,Emperor penguin,120,4122271,34352.26
Aptenodytes patagonicus,King penguin,120,1385394,11544.95
Eudyptes chrysocome,Western rockhopper penguin,120,34295,285.79
Eudyptes chrysolophus,Macaroni penguin,120,929678,7747.32
Eudyptes moseleyi,Northern rockhopper penguin,120,286389,2386.57
Eudyptes pachyrhynchus,Fiordland penguin,120,214470,1787.25
Eudyptes robustus,Snares penguin,120,196772,1639.77
Eudyptes schlegeli,Royal penguin,120,279847,2332.06
Eudyptes sclateri,Erect-crested penguin,120,131591,1096.59
Eudyptula minor,Little penguin,120,1731658,14430.48
Megadyptes antipodes,Yellow-eyed penguin,120,375607,3130.06
Pygoscelis adeliae,Adélie penguin,120,1431174,11926.45
Pygoscelis antarcticus,Chinstrap penguin,120,705372,5878.10
Pygoscelis papua,Gentoo penguin,120,1141441,9512.01
Spheniscus demersus,African penguin,120,1662091,13850.76
Spheniscus humboldti,Humboldt penguin,120,583593,4863.27
Spheniscus magellanicus,Magellanic penguin,120,684027,5700.23
Spheniscus mendiculus,Galapagos penguin,120,743406,6195.05
Aegolius acadicus,Northern saw-whet owl,120,577800,4815.00
Aegolius funereus,Boreal owl,120,337391,2811.59
Aegolius harrisii,Buff-fronted owl,120,21657,180.47
Aegolius ridgwayi,Unspotted saw-whet owl,120,21455,178.79
Asio abyssinicus,Abyssinian owl,120,26179,218.16
Asio capensis,Marsh owl,120,57893,482.44
Asio clamator,Striped owl,120,61730,514.42
Asio flammeus,Short-eared owl,120,569197,4743.31
Asio madagascariensis,Madagascar owl,120,23077,192.31
Asio otus,Long-eared owl,120,674738,5622.82
Asio stygius,Stygian owl,120,140864,1173.87
Athene blewitti,Forest owlet,120,255957,2132.97
Athene brama,Spotted owlet,120,163750,1364.58
Athene cunicularia,Burrowing owl,120,1484537,12371.14
Athene noctua,Little owl,120,911382,7594.85
Athene superciliaris,White-browed owl,120,11498,95.82
Bubo africanus,Spotted eagle-owl,120,145791,1214.92
Bubo ascalaphus,Pharaoh eagle-owl,120,119592,996.60
Bubo bengalensis,Indian eagle-owl,120,233314,1944.28
Bubo blakistoni,Blakiston's fish owl,120,618102,5150.85
Bubo bubo,Eurasian eagle-owl,120,2300524,19171.03
Bubo capensis,Cape eagle-owl,120,72676,605.63
Bubo cinerascens,Greyish eagle-owl,120,34468,287.23
Bubo coromandus,Dusky eagle-owl,120,54997,458.31
Bubo lacteus,Verreaux's eagle-owl,120,237365,1978.04
Bubo leucostictus,Akun eagle-owl,120,23813,198.44
Bubo magellanicus,Lesser horned owl,120,56188,468.23
Bubo nipalensis,Spot-bellied eagle-owl,120,134313,1119.28
Bubo philippensis,Philippine eagle-owl,120,136709,1139.24
Bubo poensis,Fraser's eagle-owl,120,26177,218.14
Bubo scandiacus,Snowy owl,120,2716840,22640.33
Bubo shelleyi,Shelley's eagle-owl,120,54169,451.41
Bubo sumatranus,Barred eagle-owl,120,87736,731.13
Bubo virginianus,Great horned owl,120,3568352,29736.27
Ciccaba albitarsis,Rufous-banded owl,120,17432,145.27
Ciccaba huhula,Black-banded owl,120,62198,518.32
Ciccaba nigrolineata,Black-and-white owl,120,44714,372.62
Ciccaba virgata,Mottled owl,120,44554,371.28
Glaucidium albertinum,Albertine owlet,120,13511,112.59
Glaucidium bolivianum,Yungas pygmy owl,120,9066,75.55
Glaucidium brasilianum,Ferruginous pygmy owl,120,82634,688.62
Glaucidium brodiei,Collared owlet,120,37773,314.77
Glaucidium californicum,Northern pygmy owl,120,126492,1054.10
Glaucidium capense,African barred owlet,120,28133,234.44
Glaucidium castaneum,Chestnut owlet,120,4520,37.67
Glaucidium castanopterum,Javan owlet,120,17271,143.93
Glaucidium castanotum,Chestnut-backed owlet,120,20041,167.01
Glaucidium cobanense,Guatemalan pygmy owl,120,9852,82.10
Glaucidium costaricanum,Costa Rican pygmy owl,120,13372,111.43
Glaucidium cuculoides,Asian barred owlet,120,40492,337.43
Glaucidium gnoma,Mountain pygmy owl,120,29796,248.30
Glaucidium griseiceps,Central American pygmy owl,120,12959,107.99
Glaucidium hardyi,Amazonian pygmy owl,120,16493,137.44
Glaucidium hoskinsii,Baja pygmy owl,120,11276,93.97
Glaucidium jardinii,Andean pygmy owl,120,11804,98.37
Glaucidium minutissimum,East Brazilian pygmy owl,120,13360,111.33
Glaucidium mooreorum,Pernambuco pygmy owl,120,39181,326.51
Glaucidium nana,Austral pygmy owl,120,30353,252.94
Glaucidium nubicola,Cloud-forest pygmy owl,120,16496,137.47
Glaucidium palmarum,Colima pygmy owl,120,9475,78.96
Glaucidium parkeri,Subtropical pygmy owl,120,6948,57.90
Glaucidium passerinum,Eurasian pygmy owl,120,110341,919.51
Glaucidium perlatum,Pearl-spotted owlet,120,48940,407.83
Glaucidium peruanum,Pacific pygmy owl,120,13408,111.73
Glaucidium radiatum,Jungle owlet,120,56592,471.60
Glaucidium sanchezi,Tamaulipas pygmy owl,120,39410,328.42
Glaucidium siju,Cuban pygmy owl,120,14919,124.33
Glaucidium sjostedti,Sjöstedt's barred owlet,120,9408,78.40
Glaucidium tephronotum,Red-chested owlet,120,13358,111.32
Glaucidium tucumanum,Tucuman pygmy-owl,120,1986,16.55
Jubula lettii,Maned owl,120,27549,229.57
Ketupa flavipes,Tawny fish owl,120,51273,427.27
Ketupa ketupu,Buffy fish owl,120,89965,749.71
Ketupa zeylonensis,Brown fish owl,120,134839,1123.66
Lophostrix cristata,Crested owl,120,44295,369.12
Margarobyas lawrencii,Bare-legged owl,120,17865,148.88
Megascops albogularis,White-throated screech owl,120,12072,100.60
Megascops asio,Eastern screech owl,120,681057,5675.48
Megascops atricapilla,Black-capped screech owl,120,10548,87.90
Megascops barbarus,Bearded screech owl,120,15609,130.07
Megascops choliba,Tropical screech owl,120,45208,376.73
Megascops clarkii,Bare-shanked screech owl,120,14543,121.19
Megascops colombianus,Rufescent screech owl,120,11108,92.57
Megascops cooperi,Pacific screech owl,120,18655,155.46
Megascops gilesi,Santa Marta screech owl,93,8616,92.65
Megascops guatemalae,Middle American screech owl,120,18322,152.68
Megascops hoyi,Yungas screech owl,120,7351,61.26
Megascops ingens,Rufescent screech owl,120,11108,92.57
Megascops kennicottii,Western screech owl,120,183908,1532.57
Megascops koepckeae,Koepcke's screech owl,120,10248,85.40
Megascops marshalli,Cloud-forest screech owl,120,9316,77.63
Megascops nudipes,Puerto Rican owl,66,37743,571.86
Megascops petersoni,Cinnamon screech owl,120,14129,117.74
Megascops roboratus,West Peruvian screech owl,120,8945,74.54
Megascops sanctaecatarinae,Long-tufted screech owl,120,14765,123.04
Megascops seductus,Balsas screech owl,120,12993,108.28
Megascops trichopsis,Whiskered screech owl,120,59888,499.07
Megascops vermiculatus,Vermiculated screech owl,120,9889,82.41
Megascops watsonii,Tawny-bellied screech owl,120,11237,93.64
Micrathene whitneyi,Elf owl,120,455825,3798.54
Nesasio solomonensis,Fearful owl,120,24987,208.22
Ninox affinis,Andaman boobook,117,6387,54.59
Ninox boobook,Australian boobook,84,245459,2922.13
Ninox burhani,Togian boobook,120,6604,55.03
Ninox connivens,Barking owl,120,128557,1071.31
Ninox forbesi,Tanimbar boobook,120,4640,38.67
Ninox granti,Guadalcanal owl,54,3925,72.69
Ninox hantu,Buru boobook,84,3536,42.10
Ninox hypogramma,Halmahera boobook,120,5426,45.22
Ninox ios,Cinnabar boobook,120,9353,77.94
Ninox jacquinoti,West Solomons owl,55,5792,105.31
Ninox japonica,Northern boobook,120,37159,309.66
Ninox leucopsis,Tasmanian boobook,41,10661,260.02
Ninox leventisi,Camiguin boobook,104,4393,42.24
Ninox malaitae,Malaita owl,54,3739,69.24
Ninox meeki,Manus boobook,120,6144,51.20
Ninox mindorensis,Mindoro boobook,103,3527,34.24
Ninox natalis,Christmas boobook,120,17897,149.14
Ninox novaeseelandiae,,0,,
Ninox obscura,Hume's boobook,104,5514,53.02
Ninox ochracea,Ochre-bellied boobook,120,8599,71.66
Ninox odiosa,New Britain boobook,120,8160,68.00
Ninox philippensis,Luzon boobook,101,7114,70.44
Ninox punctulata,Speckled boobook,120,8834,73.62
Ninox randi,Chocolate boobook,120,12209,101.74
Ninox reyi,Sulu boobook,103,4209,40.86
Ninox roseoaxillaris,Makira owl,54,4200,77.78
Ninox rudolfi,Great Sumba boobook,0,0,
Ninox rufa,Rufous owl,120,49830,415.25
Ninox rumseyi,Cebu boobook,98,6455,65.87
Ninox scutulata,Brown boobook,120,29484,245.70
Ninox spilocephala,Mindanao boobook,120,4333,36.11
Ninox spilonotus,Romblon boobook,104,3797,36.51
Ninox squamipila,Seram boobook,116,4290,36.98
Ninox strenua,Powerful owl,120,398125,3317.71
Ninox sumbaensis,Least boobook,116,3447,29.72
Ninox theomacha,Papuan boobook,120,7348,61.23
Ninox variegata,New Ireland boobook,120,7445,62.04
Otus alfredi,Flores scops owl,120,15770,131.42
Otus alius,Nicobar scops owl,120,8752,72.93
Otus angelinae,Javan scops owl,120,14012,116.77
Otus bakkamoena,Indian scops owl,120,74177,618.14
Otus balli,Andaman scops owl,120,15976,133.13
Otus beccarii,Biak scops owl,120,7108,59.23
Otus brookii,Rajah scops owl,120,16391,136.59
Otus brucei,Pallid scops owl,120,25168,209.73
Otus capnodes,Anjouan scops owl,120,19049,158.74
Otus collari,Sangihe scops owl,120,6629,55.24
Otus cyprius,Cyprus scops owl,104,11287,108.53
Otus elegans,Ryūkyū scops owl,120,17106,142.55
Otus enganensis,Enggano scops owl,120,6445,53.71
Otus everetti,Everett's scops owl,120,10663,88.86
Otus feae,Annobón scops owl,110,6097,55.43
Otus fuliginosus,Palawan scops owl,120,10822,90.18
Otus gurneyi,Giant scops owl,120,31545,262.88
Otus hartlaubi,São Tomé scops owl,120,8502,70.85
Otus icterorhynchus,Sandy scops owl,120,9757,81.31
Otus insularis,Seychelles scops owl,120,12424,103.53
Otus ireneae,Sokoke scops owl,120,17201,143.34
Otus jolandae,Rinjani scops owl,120,16969,141.41
Otus lempiji,Sunda scops owl,120,29403,245.03
Otus lettia,Collared scops owl,120,52916,440.97
Otus longicornis,Luzon scops owl,120,10272,85.60
Otus magicus,Moluccan scops owl,120,8460,70.50
Otus manadensis,Sulawesi scops owl,120,9430,78.58
Otus mantananensis,Mantanani scops owl,120,10844,90.37
Otus mayottensis,Mayotte scops owl,120,7167,59.73
Otus megalotis,Philippine scops owl,120,47824,398.53
Otus mendeni,Banggai scops owl,54,2337,43.28
Otus mentawi,Mentawai scops owl,120,7186,59.88
Otus mindorensis,Mindoro scops owl,120,6991,58.26
Otus mirus,Mindanao scops owl,120,9117,75.97
Otus moheliensis,Moheli scops owl,120,8532,71.10
Otus nigrorum,Negros scops owl,120,11805,98.38
Otus pamelae,Arabian scops owl,120,10467,87.22
Otus pauliani,Karthala scops owl,120,11609,96.74
Otus pembaensis,Pemba scops owl,120,10103,84.19
Otus rufescens,Reddish scops owl,120,12187,101.56
Otus rutilus,Madagascar scops owl,120,1229,10.24
Otus sagittatus,White-fronted scops owl,120,16212,135.10
Otus scops,Eurasian scops owl,120,272918,2274.32
Otus semitorques,Japanese scops owl,120,40943,341.19
Otus senegalensis,African scops owl,120,58495,487.46
Otus siaoensis,Siau scops owl,120,30875,257.29
Otus silvicola,Wallace's scops owl,120,6647,55.39
Otus socotranus,Socotra scops owl,120,8577,71.47
Otus spilocephalus,Mountain scops owl,120,22846,190.38
Otus sulaensis,Sula scops owl,120,4829,40.24
Otus sunia,Oriental scops owl,120,47734,397.78
Otus tempestatis,Wetar scops owl,48,2129,44.35
Otus thilohoffmanni,Serendib scops owl,120,28881,240.68
Otus umbra,Simeulue scops owl,120,8674,72.28
Pseudoscops grammicus,Jamaican owl,120,28865,240.54
Psiloscops flammeolus,Flammulated owl,120,135031,1125.26
Ptilopsis granti,Southern white-faced owl,120,85708,714.23
Ptilopsis leucotis,Northern white-faced owl,120,182134,1517.78
Pulsatrix koeniswaldiana,Tawny-browed owl,120,13295,110.79
Pulsatrix melanota,Band-bellied owl,120,13326,111.05
Pulsatrix perspicillata,Spectacled owl,120,132646,1105.38
Pyrroglaux podargina,Palau scops owl,41,3636,88.68
Scotopelia bouvieri,Vermiculated fishing owl,120,21296,177.47
Scotopelia peli,Pel's fishing owl,120,76081,634.01
Scotopelia ussheri,Rufous fishing owl,120,20070,167.25
Strix aluco,Tawny owl,120,1195573,9963.11
Strix butleri,Omani owl,120,34091,284.09
Strix chacoensis,Chaco owl,120,20688,172.40
Strix fulvescens,Fulvous owl,120,31601,263.34
Strix hadorami,Desert owl,120,76421,636.84
Strix hylophila,Rusty-barred owl,120,16187,134.89
Strix leptogrammica,Brown wood owl,120,71850,598.75
Strix nebulosa,Great grey owl,120,1219947,10166.23
Strix nivicolum,Himalayan owl,120,31235,260.29
Strix occidentalis,Spotted owl,120,503889,4199.07
Strix ocellata,Mottled wood owl,120,80467,670.56
Strix rufipes,Rufous-legged owl,120,25775,214.79
Strix seloputo,Spotted wood owl,120,63233,526.94
Strix uralensis,Ural owl,120,258101,2150.84
Strix varia,Barred owl,120,2283076,19025.63
Strix woodfordii,African wood owl,120,42857,357.14
Surnia ulula,Northern hawk-owl,120,416321,3469.34
Uroglaux dimorpha,Papuan hawk-owl,120,11789,98.24
Xenoglaux loweryi,Long-whiskered owlet,120,53415,445.12
Phodilus assimilis,Sri Lanka bay owl,120,63539,529.49
Phodilus badius,Oriental bay owl,120,73572,613.10
Phodilus prigoginei,Itombwe owl,96,11005,114.64
Tyto alba,Western barn owl,120,329919,2749.32
Tyto almae,Seram masked owl,120,7565,63.04
Tyto aurantia,Golden masked owl,120,58675,488.96
Tyto capensis,African grass owl,120,74021,616.84
Tyto glaucops,Ashy-faced owl,120,56430,470.25
Tyto inexspectata,Minahasa masked owl,41,13207,322.12
Tyto longimembris,Eastern grass owl,120,77771,648.09
Tyto multipunctata,Lesser sooty owl,120,86018,716.82
Tyto nigrobrunnea,Taliabu masked owl,120,23388,194.90
Tyto novaehollandiae,Australian masked owl,120,100767,839.73
Tyto rosenbergii,Sulawesi masked owl,120,21671,180.59
Tyto soumagnei,Red owl,120,149678,1247.32
Tyto tenebricosa,Greater sooty owl,120,117676,980.63
Apteryx australis,Southern brown kiwi,120,143875,1198.96
Apteryx haastii,Great spotted kiwi,120,186163,1551.36
Apteryx mantelli,North Island brown kiwi,120,246195,2051.62
Apteryx owenii,Little spotted kiwi,120,175098,1459.15
Apteryx rowi,Okarito kiwi,120,128030,1066.92
Casuarius bennetti,Dwarf cassowary,120,316876,2640.63
Casuarius casuarius,Southern cassowary,120,1455990,12133.25
Casuarius unappendiculatus,Northern cassowary,120,372235,3101.96
Dromaius novaehollandiae,,0,,
Rhea americana,Greater rhea,120,634174,5284.78
Rhea pennata,Darwin's rhea,120,219746,1831.22
Rhea tarapacensis,Darwin's rhea,120,219746,1831.22
Struthio camelus,Common ostrich,120,3367160,28059.67
Struthio molybdophanes,Somali ostrich,120,469240,3910.33
Crypturellus atrocapillus,Black-capped tinamou,120,8988,74.90
Crypturellus bartletti,Bartlett's tinamou,120,8829,73.58
Crypturellus berlepschi,Berlepsch's tinamou,120,9466,78.88
Crypturellus boucardi,Slaty-breasted tinamou,120,14200,118.33
Crypturellus brevirostris,Rusty tinamou,120,8430,70.25
Crypturellus casiquiare,Barred tinamou,120,9268,77.23
Crypturellus cinereus,Cinereous tinamou,120,21225,176.88
Crypturellus cinnamomeus,Thicket tinamou,120,16791,139.93
Crypturellus duidae,Grey-legged tinamou,120,10057,83.81
Crypturellus erythropus,Red-legged tinamou,120,13842,115.35
Crypturellus kerriae,Choco tinamou,120,10803,90.03
Crypturellus noctivagus,Yellow-legged tinamou,120,9691,80.76
Crypturellus obsoletus,Brown tinamou,120,15126,126.05
Crypturellus occidentalis,Thicket tinamou,120,16791,139.93
Crypturellus parvirostris,Small-billed tinamou,120,15553,129.61
Crypturellus ptaritepui,Tepui tinamou,120,8116,67.63
Crypturellus soui,Little tinamou,120,31947,266.23
Crypturellus strigulosus,Brazilian tinamou,120,10120,84.33
Crypturellus tataupa,Tataupa tinamou,120,14505,120.88
Crypturellus transfasciatus,Pale-browed tinamou,120,7898,65.82
Crypturellus undulatus,Undulated tinamou,120,16066,133.88
Crypturellus variegatus,Variegated tinamou,120,10732,89.43
Eudromia elegans,Elegant crested tinamou,120,49937,416.14
Eudromia formosa,Quebracho crested tinamou,120,9316,77.63
Nothocercus bonapartei,Highland tinamou,120,20426,170.22
Nothocercus julius,Tawny-breasted tinamou,120,15053,125.44
Nothocercus nigrocapillus,Hooded tinamou,120,10528,87.73
Nothoprocta cinerascens,Brushland tinamou,120,9426,78.55
Nothoprocta curvirostris,Curve-billed tinamou,120,7447,62.06
Nothoprocta ornata,Ornate tinamou,120,12214,101.78
Nothoprocta pentlandii,Andean tinamou,120,15411,128.43
Nothoprocta perdicaria,Chilean tinamou,120,25062,208.85
Nothoprocta taczanowskii,Taczanowski's tinamou,120,7601,63.34
Nothura boraquira,White-bellied nothura,120,8155,67.96
Nothura darwinii,Darwin's nothura,120,9919,82.66
Nothura maculosa,Spotted nothura,120,15667,130.56
Nothura minor,Lesser nothura,120,9169,76.41
Rhynchotus maculicollis,Huayco tinamou,120,7755,64.62
Rhynchotus rufescens,Red-winged tinamou,120,19460,162.17
Taoniscus nanus,Dwarf tinamou,120,15408,128.40
Tinamotis ingoufi,Patagonian tinamou,120,14521,121.01
Tinamotis pentlandii,Puna tinamou,120,14819,123.49
Tinamus guttatus,White-throated tinamou,120,15332,127.77
Tinamus major,Great tinamou,120,57015,475.12
Tinamus osgoodi,Black tinamou,120,15670,130.58
Tinamus solitarius,Solitary tinamou,120,22739,189.49
Tinamus tao,Grey tinamou,120,26634,221.95
Anhinga anhinga,,0,,
Anhinga melanogaster,Oriental darter,120,132289,1102.41
Anhinga novaehollandiae,Australasian darter,120,82514,687.62
Anhinga rufa,African darter,120,86014,716.78
Fregata andrewsi,Christmas frigatebird,120,56815,473.46
Fregata aquila,Ascension frigatebird,120,44291,369.09
Fregata ariel,Lesser frigatebird,120,101091,842.42
Fregata magnificens,Magnificent frigatebird,120,541311,4510.93
Fregata minor,Great frigatebird,120,288102,2400.85
Gulosus aristotelis,European shag,120,276685,2305.71
Leucocarbo atriceps,Imperial shag,120,71219,593.49
Leucocarbo bougainvilliorum,Guanay cormorant,120,74040,617.00
Leucocarbo campbelli,Campbell shag,120,10942,91.18
Leucocarbo carunculatus,New Zealand king shag,120,28024,233.53
Leucocarbo chalconotus,Stewart Island shag,120,3365,28.04
Leucocarbo colensoi,Auckland shag,120,22300,185.83
Leucocarbo magellanicus,Rock shag,120,26657,222.14
Leucocarbo onslowi,Chatham Islands shag,120,1425,11.88
Leucocarbo ranfurlyi,Bounty shag,120,12778,106.48
Leucocarbo verrucosus,Kerguelen shag,120,15266,127.22
Microcarbo africanus,Reed cormorant,120,40794,339.95
Microcarbo coronatus,Crowned cormorant,120,20728,172.73
Microcarbo melanoleucos,Little pied cormorant,120,86366,719.72
Microcarbo niger,Little cormorant,120,122620,1021.83
Microcarbo pygmaeus,Pygmy cormorant,120,80359,669.66
Nannopterum auritus,,0,,
Nannopterum brasilianus,,0,,
Nannopterum harrisi,Flightless cormorant,120,229523,1912.69
Phalacrocorax capensis,Cape cormorant,120,48737,406.14
Phalacrocorax capillatus,Japanese cormorant,120,66495,554.12
Phalacrocorax carbo,Great cormorant,120,838937,6991.14
Phalacrocorax featherstoni,Pitt shag,120,17590,146.58
Phalacrocorax fuscescens,Black-faced cormorant,120,35121,292.68
Phalacrocorax fuscicollis,Indian cormorant,120,103108,859.23
Phalacrocorax neglectus,Bank cormorant,120,21758,181.32
Phalacrocorax nigrogularis,Socotra cormorant,120,71213,593.44
Phalacrocorax punctatus,Spotted shag,120,35511,295.93
Phalacrocorax sulcirostris,Little black cormorant,120,74361,619.67
Phalacrocorax varius,Australian pied cormorant,120,86105,717.54
Poikilocarbo gaimardi,Red-legged cormorant,120,27594,229.95
Urile pelagicus,Pelagic cormorant,120,80332,669.43
Urile penicillatus,Brandt's cormorant,120,93730,781.08
Urile urile,Red-faced cormorant,120,31512,262.60
Morus bassanus,Northern gannet,120,734473,6120.61
Morus capensis,Cape gannet,120,89682,747.35
Morus serrator,Australasian gannet,120,174074,1450.62
Papasula abbotti,Abbott's booby,120,79764,664.70
Sula dactylatra,Masked booby,120,324189,2701.57
Sula granti,Nazca booby,120,176212,1468.43
Sula leucogaster,Brown booby,120,482893,4024.11
Sula nebouxii,Blue-footed booby,120,2396135,19967.79
Sula sula,Red-footed booby,120,465725,3881.04
Sula variegata,Peruvian booby,120,137340,1144.50
Apalharpactes mackloti,Sumatran trogon,120,11184,93.20
Apalharpactes reinwardtii,Javan trogon,120,14304,119.20
Apaloderma aequatoriale,Bare-cheeked trogon,120,9395,78.29
Apaloderma narina,Narina trogon,120,61651,513.76
Apaloderma vittatum,Bar-tailed trogon,120,19802,165.02
Euptilotis neoxenus,Eared quetzal,120,86868,723.90
Harpactes ardens,Philippine trogon,120,35440,295.33
Harpactes diardii,Diard's trogon,120,11946,99.55
Harpactes duvaucelii,Scarlet-rumped trogon,120,14131,117.76
Harpactes erythrocephalus,Red-headed trogon,120,41302,344.18
Harpactes fasciatus,Malabar trogon,120,65467,545.56
Harpactes kasumba,Red-naped trogon,120,13725,114.38
Harpactes oreskios,Orange-breasted trogon,120,17539,146.16
Harpactes orrhophaeus,Cinnamon-rumped trogon,120,8351,69.59
Harpactes wardi,Ward's trogon,120,20589,171.57
Harpactes whiteheadi,Whitehead's trogon,120,25506,212.55
Pharomachrus antisianus,Crested quetzal,120,70351,586.26
Pharomachrus auriceps,Golden-headed quetzal,120,80992,674.93
Pharomachrus fulgidus,White-tipped quetzal,120,50409,420.07
Pharomachrus mocinno,Resplendent quetzal,120,896504,7470.87
Pharomachrus pavoninus,Pavonine quetzal,120,53733,447.77
Priotelus temnurus,Cuban trogon,120,140522,1171.02
Temnotrogon roseigaster,Hispaniolan trogon,120,58526,487.72
Trogon ambiguus,Coppery-tailed trogon,120,3175,26.46
Trogon aurantius,Surucua trogon,120,12768,106.40
Trogon bairdii,Baird's trogon,120,11765,98.04
Trogon chionurus,White-tailed trogon,120,12681,105.67
Trogon citreolus,Citreoline trogon,120,11176,93.13
Trogon clathratus,Lattice-tailed trogon,120,9206,76.72
Trogon collaris,Collared trogon,120,29212,243.43
Trogon comptus,Chocó trogon,120,6958,57.98
Trogon curucui,Blue-crowned trogon,120,14287,119.06
Trogon elegans,Elegant trogon,120,63453,528.77
Trogon massena,Slaty-tailed trogon,120,24656,205.47
Trogon melanocephalus,Black-headed trogon,120,23405,195.04
Trogon melanurus,Black-tailed trogon,120,11562,96.35
Trogon mesurus,Ecuadorian trogon,120,6890,57.42
Trogon mexicanus,Mountain trogon,120,18360,153.00
Trogon personatus,Masked trogon,120,19236,160.30
Trogon rufus,Amazonian black-throated trogon,25,3931,157.24
Trogon surrucura,Surucua trogon,120,12768,106.40
Trogon violaceus,Guianan trogon,120,14799,123.33
Trogon viridis,Green-backed trogon,120,20793,173.28
