rank,group,n_species,n_colonial,geomean_lq_class,median_lifespan_yr,min_mass_g,max_mass_g,longest_lived_species,longest_lived_yr
kingdom,Animalia,7873,4,0.9577,11.6,5e-07,150000000.0,Glass sponge,11000.0
phylum,Annelida,3,0,5.7577,27.0,4.0,50.0,Cold-seep tubeworm,250.0
phylum,Tardigrada,1,0,2.3708,0.3,1.5e-06,1.5e-06,Tardigrade,0.3
phylum,Echinodermata,3,0,1.7854,12.0,80.0,500.0,Red sea urchin,200.0
phylum,Cnidaria,5,2,1.588,80.0,0.001,20000.0,Black coral,4265.0
phylum,Rotifera,1,0,1.2564,0.12,5e-07,5e-07,Bdelloid rotifer,0.12
phylum,Mollusca,14,0,1.0205,21.0,15.0,200000.0,Ocean quahog,507.0
phylum,Chordata,7807,0,0.957,11.6,0.0271426,150000000.0,Greenland shark,392.0
phylum,Arthropoda,36,0,0.8544,5.5,0.001,5000.0,American lobster,70.0
phylum,Nematoda,1,0,0.4822,0.055,1e-06,1e-06,Nematode,0.055
phylum,Porifera,2,2,,6650.0,1000.0,30000.0,Glass sponge,11000.0
class,Polychaeta,1,0,23.4127,250.0,50.0,50.0,Cold-seep tubeworm,250.0
class,Echinoidea,1,0,10.3869,200.0,500.0,500.0,Red sea urchin,200.0
class,Anthozoa,3,2,9.4732,600.0,20.0,20000.0,Black coral,4265.0
class,Hydrozoa,1,0,5.9807,4.0,0.001,0.001,Hydra,4.0
class,Bivalvia,6,0,4.293,62.0,15.0,200000.0,Ocean quahog,507.0
class,Clitellata,2,0,2.8553,18.5,4.0,5.0,Medicinal leech,27.0
class,Sarcopterygii,1,0,2.7282,100.0,80000.0,80000.0,Coelacanth,100.0
class,Eutardigrada,1,0,2.3708,0.3,1.5e-06,1.5e-06,Tardigrade,0.3
class,Gastropoda,3,0,1.8573,35.0,25.0,700.0,Red abalone,54.0
class,Thecostraca,1,0,1.8271,6.0,0.5,0.5,Acorn barnacle,6.0
class,Arachnida,5,0,1.6002,8.0,0.003,30.0,Desert blonde tarantula,30.0
class,Malacostraca,7,0,1.4392,30.0,1.0,5000.0,American lobster,70.0
class,Bdelloidea,1,0,1.2564,0.12,5e-07,5e-07,Bdelloid rotifer,0.12
class,Mammalia,2609,0,1.0026,10.0,2.1,150000000.0,Bowhead whale,211.0
class,Reptilia,928,0,0.9968,14.75,0.3,450000.0,Aldabra giant tortoise,190.0
class,Aves,1929,0,0.9888,13.7,1.9,120000.0,Little Spotted Kiwi,83.0
class,Dipnoi,2,0,0.9757,46.65,13563.1,40000.0,Australian lungfish,85.0
class,Petromyzontida,19,0,0.9594,7.0,3.88384,1375.0,European river lamprey,10.0
class,Chilopoda,1,0,0.9365,10.0,50.0,50.0,Giant centipede,10.0
class,Merostomata,1,0,0.8698,20.0,1000.0,1000.0,Atlantic horseshoe crab,20.0
class,Actinopterygii,1966,0,0.8687,9.0,0.0271426,2000000.0,Rougheye rockfish,205.0
class,Asteroidea,1,0,0.8303,10.0,80.0,80.0,Common starfish,10.0
class,Chondrichthyes,146,0,0.7615,20.0,110.0,15000000.0,Greenland shark,392.0
class,Holothuroidea,1,0,0.6599,12.0,400.0,400.0,California sea cucumber,12.0
class,Insecta,19,0,0.6269,2.0,0.001,3.0,Termite queen,30.0
class,Chromadorea,1,0,0.4822,0.055,1e-06,1e-06,Nematode,0.055
class,Branchiopoda,2,0,0.3521,0.35,0.001,0.01,Brine shrimp,0.5
class,Cephalopoda,5,0,0.1271,2.0,200.0,15000.0,Chambered nautilus,20.0
class,Scyphozoa,1,0,0.0707,1.0,150.0,150.0,Moon jellyfish,1.0
class,Amphibia,207,0,,9.0,0.2,25000.0,Olm,100.0
class,Demospongiae,1,1,,2300.0,30000.0,30000.0,Giant barrel sponge,2300.0
class,Hexactinellida,1,1,,11000.0,1000.0,1000.0,Glass sponge,11000.0
order,Venerida,1,0,47.4809,507.0,50.0,50.0,Ocean quahog,507.0
order,Sabellida,1,0,23.4127,250.0,50.0,50.0,Cold-seep tubeworm,250.0
order,Unionida,1,0,15.7761,190.0,80.0,80.0,Freshwater pearl mussel,190.0
order,Camarodonta,1,0,10.3869,200.0,500.0,500.0,Red sea urchin,200.0
order,Actiniaria,1,0,9.4732,80.0,20.0,20.0,Snakelocks anemone,80.0
order,Rhynchocephalia,1,0,6.3918,100.0,700.0,700.0,Tuatara,100.0
order,Anthoathecata,1,0,5.9807,4.0,0.001,0.001,Hydra,4.0
order,Arhynchobdellida,1,0,4.5596,27.0,5.0,5.0,Medicinal leech,27.0
order,Zeiformes,7,0,3.949,100.0,825.0,5081.76,Warty oreo,140.0
order,Hemiptera,1,0,3.9075,17.0,1.5,1.5,Periodical cicada,17.0
order,Ixodida,1,0,3.3857,3.0,0.003,0.003,Deer tick,3.0
order,Mytilida,1,0,3.0592,24.0,15.0,15.0,Blue mussel,24.0
order,Notacanthiformes,1,0,2.938,36.0,850.206,850.206,Abyssal halosaur,36.0
order,Ceratodontiformes,1,0,2.7408,85.0,40000.0,40000.0,Australian lungfish,85.0
order,Monotremata,4,0,2.7342,41.2,1700.0,8951.71,Short-beaked echidna,50.0
order,Coelacanthiformes,1,0,2.7282,100.0,80000.0,80000.0,Coelacanth,100.0
order,Chiroptera,267,0,2.6768,12.308,3.56,1017.37,Brandt's bat,41.0
order,Lepetellida,1,0,2.573,54.0,700.0,700.0,Red abalone,54.0
order,Beryciformes,8,0,2.4589,31.5,36.0596,4600.0,Orange roughy,149.0
order,Parachela,1,0,2.3708,0.3,1.5e-06,1.5e-06,Tardigrade,0.3
order,Blattodea,2,0,2.1585,16.0,0.5,1.0,Termite queen,30.0
order,Primates,350,0,2.1198,26.3,60.0,160000.0,Human,122.5
order,Squaliformes,12,0,1.934,55.5,467.5,700000.0,Greenland shark,392.0
order,Phoenicopteriformes,5,0,1.8695,44.0,1500.0,3043.5,Greater flamingo,83.0
order,Balanomorpha,1,0,1.8271,6.0,0.5,0.5,Acorn barnacle,6.0
order,Crassiclitellata,1,0,1.788,10.0,4.0,4.0,Common earthworm,10.0
order,Dermoptera,2,0,1.7549,17.5,1056.1,1250.0,Philippine Flying Lemur,17.5
order,Apterygiformes,4,0,1.7243,37.5,1200.0,2600.0,Little Spotted Kiwi,83.0
order,Elopiformes,2,0,1.7056,49.5,9900.0,88550.0,Tarpon,55.0
order,Testudines,163,0,1.6904,31.7,14.3,400000.0,Aldabra giant tortoise,190.0
order,Acipenseriformes,19,0,1.5871,60.0,27.775,600000.0,Lake sturgeon,152.0
order,Stylommatophora,2,0,1.5781,22.0,25.0,150.0,Roman snail,35.0
order,Amiiformes,1,0,1.5704,30.0,5362.5,5362.5,Bowfin,30.0
order,Ostreida,1,0,1.5684,20.0,100.0,100.0,Eastern oyster,20.0
order,Pectinida,1,0,1.5551,22.0,150.0,150.0,Great scallop,22.0
order,Araneae,3,0,1.5368,30.0,0.5,25.0,Desert blonde tarantula,30.0
order,Euphausiacea,1,0,1.53,6.0,1.0,1.0,Antarctic krill,6.0
order,Perciformes/Percophoidei,1,0,1.5265,19.0,907.4,907.4,Brazilian flathead,19.0
order,Acropomatiformes,12,0,1.5245,31.0,43.0,100000.0,Wreckfish,80.0
order,Pilosa,9,0,1.4855,26.0,251.975,35000.0,Linnaeus's two-toed sloth,41.0
order,Psittaciformes,193,0,1.4804,21.0,24.0,2000.0,Sulphur-crested cockatoo,83.0
order,Hexanchiformes,2,0,1.4599,64.5,58850.0,400000.0,Bluntnose sixgill shark,80.0
order,Lepisosteiformes,5,0,1.4531,20.0,1430.0,45000.0,Alligator gar,95.0
order,Synbranchiformes,1,0,1.4504,13.0,232.45,232.45,Euphrates spiny eel,13.0
order,Acanthuriformes,40,0,1.4304,29.0,32.5072,19200.0,Bluespine unicornfish,54.5
order,Decapoda,6,0,1.4246,30.0,80.0,5000.0,American lobster,70.0
order,Ovalentaria/misc,21,0,1.3837,10.0,11.53,2650.31,Garibaldi damselfish,57.0
order,Procellariiformes,76,0,1.3714,30.1,28.0,9000.0,Laysan albatross,74.0
order,Perciformes/Scorpaenoidei,37,0,1.3695,17.0,35.8115,15000.0,Blackgill rockfish,90.0
order,Proboscidea,3,0,1.3595,80.0,3000000.0,4630000.0,Asian elephant,86.0
order,Sirenia,4,0,1.3348,54.5,300000.0,500000.0,Dugong,73.0
order,Perciformes/Notothenioidei,23,0,1.3342,17.0,10.439,9332.15,Longfin icedevil,35.0
order,Chimaeriformes,3,0,1.3042,20.0,1375.0,2887.5,Rabbitfish,29.4
order,Bucerotiformes,8,0,1.2911,25.55,66.25,4000.0,Abyssinian Ground Hornbill,70.0
order,Apodiformes,33,0,1.2795,10.0,1.9,102.7,Alpine swift,26.0
order,Scandentia,11,0,1.2604,11.6,42.5,350.0,Golden-bellied Treeshrew,12.4167
order,Philodinida,1,0,1.2564,0.12,5e-07,5e-07,Bdelloid rotifer,0.12
order,Ephemeroptera,1,0,1.2517,2.0,0.03,0.03,Common mayfly,2.0
order,Ophidiiformes,1,0,1.2514,30.0,13750.0,13750.0,Australian rockling,30.0
order,Perciformes/Zoarcoidei,20,0,1.2008,12.0,17.2,23580.0,Glacial eelpout,33.0
order,Anguilliformes,18,0,1.1906,20.0,169.8,110000.0,European eel,85.0
order,Crocodilia,23,0,1.1888,49.0,5900.0,450000.0,Nile crocodile,80.0
order,Squatiniformes,1,0,1.1758,35.0,33748.9,33748.9,Pacific angel shark,35.0
order,Phaethontiformes,2,0,1.1731,25.15,593.2,750.0,Red-tailed tropicbird,32.7
order,Charadriiformes,189,0,1.1617,19.7,21.1,1687.0,Herring gull,49.0
order,Macroscelidea,11,0,1.1241,7.15,40.0,540.0,Golden-rumped elephant shrew,11.0
order,Carnivora,253,0,1.1237,18.2,46.9,2000000.0,Baikal seal,56.0
order,Cardiida,1,0,1.1199,100.0,200000.0,200000.0,Giant clam,100.0
order,Perciformes,375,0,1.1015,12.0,0.386181,200000.0,Rougheye rockfish,205.0
order,Perciformes/Uranoscopoidei,5,0,1.0966,9.0,10.6,2500.0,New Zealand blue cod,17.0
order,Hyracoidea,4,0,1.0675,13.8,2000.0,4000.0,Rock hyrax,15.0
order,Torpediniformes,2,0,1.0607,22.0,1650.0,33307.3,Pacific electric ray,24.0
order,Polymixiiformes,2,0,1.0541,11.5,145.411,1552.29,Stout beardfish,14.0
order,Gobiesociformes,2,0,1.0508,3.0,0.110538,3.23197,California clingfish,5.0
order,Strigiformes,50,0,1.0372,16.85,41.0,2800.0,Pharaoh Eagle-Owl,68.0
order,Callionymiformes,2,0,1.0166,5.0,8.21104,22.0,Phaeton dragonet,7.0
order,Cingulata,15,0,1.0117,15.0,83.53,33000.0,Southern three-banded armadillo,36.8
order,Alepocephaliformes,2,0,1.0095,13.5,60.7123,1443.76,Risso's smooth-head,23.0
order,Pristiophoriformes,1,0,1.0084,15.0,1900.0,1900.0,Common sawshark,15.0
order,Perissodactyla,19,0,1.0082,36.5,148950.0,2300000.0,Horse,62.0
order,Tubulidentata,1,0,1.0005,24.0,60000.0,60000.0,Aardvark,24.0
order,Ciconiiformes,19,0,0.9913,30.2,1398.0,9050.0,Oriental white stork,48.1
order,Percopsiformes,5,0,0.9786,4.0,3.69178,67.486,Sand roller,6.0
order,Coleoptera,2,0,0.9784,4.0,0.15,3.0,Stag beetle,6.0
order,Coliiformes,1,0,0.977,11.5,51.0,51.0,Speckled mousebird,11.5
order,Pelecaniformes,63,0,0.9769,23.0,101.0,10000.0,American white pelican,54.0
order,Gadiformes,58,0,0.9733,15.0,29.7658,86000.0,Roughscale rattail,73.0
order,Pleuronectiformes,73,0,0.9679,13.0,5.09588,199650.0,Atlantic halibut,50.0
order,Petromyzontiformes,19,0,0.9594,7.0,3.88384,1375.0,European river lamprey,10.0
order,Passeriformes,789,0,0.9508,9.9,5.25,1200.0,Common raven,44.0
order,Gaviiformes,5,0,0.9472,28.0,1816.0,5212.5,Yellow-billed Loon,30.0
order,Eurypygiformes,1,0,0.9402,15.0,210.0,210.0,Sunbittern,15.0
order,Scolopendromorpha,1,0,0.9365,10.0,50.0,50.0,Giant centipede,10.0
order,Perciformes/Percoidei,6,0,0.9357,7.5,5.1731,3200.0,Schraetzer,15.0
order,Caprimulgiformes,12,0,0.9334,14.817,48.925,349.0,Tawny frogmouth,17.9
order,Perciformes/Cottoidei,58,0,0.9297,8.0,4.85,91000.0,Yellow Irish lord,30.0
order,Perciformes/Serranoidei,54,0,0.9261,20.0,12.3027,455000.0,Warsaw grouper,91.0
order,Hymenoptera,6,0,0.9248,3.0,0.005,0.6,Black garden ant queen,29.0
order,Accipitriformes,96,0,0.9144,22.15,135.0,11000.0,Andean condor,79.0
order,Blenniiformes,10,0,0.9119,5.25,0.167327,1617.39,Rockpool blenny,9.0
order,Struthioniformes,2,0,0.9013,56.0,109250.0,120000.0,Ostrich,62.0
order,Albuliformes,1,0,0.9009,20.0,10000.0,10000.0,Bonefish,20.0
order,Rajiformes,34,0,0.8949,16.5,110.0,115315.0,"Blue skate, or Common skate",50.0
order,Columbiformes,30,0,0.8908,14.0,35.0,519.0,Mourning dove,31.0
order,Falconiformes,24,0,0.8881,15.4,61.025,1406.5,Guadalupe Caracara,37.6
order,Centrarchiformes,28,0,0.8866,10.0,0.422944,27000.0,Red moki,97.0
order,Squamata,741,0,0.8804,11.8,0.3,245988.0,Peloponnese Slow Worm,54.0
order,Xiphosura,1,0,0.8698,20.0,1000.0,1000.0,Atlantic horseshoe crab,20.0
order,Scorpiones,1,0,0.8539,8.0,30.0,30.0,Emperor scorpion,8.0
order,Artiodactyla,286,0,0.8509,21.75,2250.0,150000000.0,Bowhead whale,211.0
order,Gasterosteiformes,9,0,0.8389,3.0,0.549441,16.14,Alaskan stickleback,8.0
order,Esociformes,8,0,0.8385,8.5,14.91,17490.0,Northern pike,30.0
order,Rhinobatiformes,1,0,0.8375,16.0,5362.5,5362.5,Shovelnose guitarfish,16.0
order,Carangaria/misc,9,0,0.8351,13.0,148.65,100000.0,Yellowtail barracuda,98.8
order,Forcipulatida,1,0,0.8303,10.0,80.0,80.0,Common starfish,10.0
order,Gonorynchiformes,2,0,0.8248,9.0,3.13436,7700.0,Milkfish,15.0
order,Anseriformes,93,0,0.8248,21.4,326.0,13000.0,Greater white-fronted goose,47.0
order,Diprotodontia,115,0,0.8234,13.0,10.0,55000.0,Common wombat,34.0
order,Nautilida,1,0,0.8133,20.0,1300.0,1300.0,Chambered nautilus,20.0
order,Cypriniformes,298,0,0.8066,6.0,0.8,77500.0,Bigmouth buffalo,112.0
order,Microbiotheria,1,0,0.8016,3.492,27.5,27.5,Monito del Monte,3.49167
order,Lophiiformes,4,0,0.8014,22.5,10471.3,31735.0,Goosefish,30.0
order,Aulopiformes,9,0,0.7947,7.0,31.3882,2565.9,Mediterranean spiderfish,15.0
order,Suliformes,33,0,0.7904,21.0,542.875,3336.0,Australian pied cormorant,46.4
order,Eupercaria/misc,207,0,0.7808,12.0,59.2615,191000.0,Foxfish,78.0
order,Osteoglossiformes,8,0,0.779,8.25,4.0,100000.0,Mormyrid,29.0
order,Coraciiformes,29,0,0.7785,9.0,5.9,305.0,Laughing kookaburra,26.8
order,Piciformes,37,0,0.7777,10.5,19.8,600.0,Toco toucan,26.0
order,Galaxiiformes,7,0,0.758,3.0,1.21854,32.0,Barred Galaxias,15.0
order,Gruiformes,38,0,0.7548,18.6,33.2125,8663.0,Demoiselle Crane,67.0
order,Salmoniformes,75,0,0.7533,10.0,35.0,50000.0,Lake trout,62.0
order,Argentiniformes,5,0,0.7506,5.0,14.9344,555.598,Argentine,16.0
order,Podicipediformes,9,0,0.7472,14.0,174.0,1475.5,Great crested grebe,19.2
order,Musophagiformes,2,0,0.7269,12.4,265.0,310.5,Knysna Turaco,12.4
order,Dasyuromorphia,54,0,0.7159,3.95,5.3,25000.0,Thylacine,13.0
order,Cyprinodontiformes,28,0,0.7148,2.625,0.198683,69.058,Epiplatys bifasciatus,7.0
order,Rodentia,916,0,0.7131,4.7,4.99,51572.5,Eurasian Beaver,35.0
order,Perciformes/Gasterosteoidei,3,0,0.7114,1.5,0.842744,13.4,Tube-snout,9.0
order,Batrachoidiformes,2,0,0.7037,9.5,537.676,2230.0,Oyster toadfish,12.0
order,Cichliformes,10,0,0.6966,7.0,31.9,2500.0,Nile tilapia,12.0
order,Osmeriformes,20,0,0.6959,5.0,0.653842,14305.0,Baird's smoothhead,38.0
order,Siluriformes,59,0,0.6825,8.0,5.59117,350000.0,Wels catfish,60.0
order,Otidiformes,4,0,0.6813,20.5,1502.5,10900.0,Great bustard,28.3
order,Clupeiformes,69,0,0.68,6.0,2.71997,5000.0,Twaite shad,25.0
order,Rheiformes,1,0,0.6734,30.0,25000.0,25000.0,Greater rhea,30.0
order,Sphenisciformes,13,0,0.6725,25.0,1100.0,30000.0,Gentoo penguin,41.0
order,Orectolobiformes,6,0,0.6694,25.0,5142.4,15000000.0,Whale shark,100.0
order,Synallactida,1,0,0.6599,12.0,400.0,400.0,California sea cucumber,12.0
order,Myctophiformes,24,0,0.6492,2.75,0.6,142.874,Antarctic lanternfish,11.0
order,Carcharhiniformes,47,0,0.6432,19.0,1000.0,449500.0,Tope shark,55.0
order,Anabantiformes,1,0,0.6418,5.0,130.0,130.0,Rocky kurper,5.0
order,Stomiiformes,10,0,0.6098,2.5,0.675148,162.178,Pacific viperfish,8.0
order,Kurtiformes,4,0,0.6079,4.5,1.4061,87.821,Cardinal fish,5.0
order,Casuariiformes,4,0,0.6021,30.5,35000.0,47300.0,Southern cassowary,40.0
order,Lamniformes,10,0,0.6008,29.5,5910.0,4000000.0,Great white shark,73.0
order,Mugiliformes,13,0,0.592,10.0,160.0,9000.0,Thicklipped mullet,25.0
order,Lagomorpha,58,0,0.5882,7.5,68.75,4175.0,Arctic Hare,18.0
order,Eulipotyphla,137,0,0.5848,3.0,2.1,1000.0,Northern White-Breasted Hedgehog,14.0
order,Pristiformes,1,0,0.5837,30.0,325050.0,325050.0,Largetooth sawfish,30.0
order,Characiformes,21,0,0.5793,5.0,1.1,31400.0,Pirapitinga,28.0
order,Peramelemorphia,10,0,0.5738,5.95,226.0,1600.0,"Rabbit-bandicoot, or Bilby",9.6
order,Myliobatiformes,16,0,0.5662,19.0,445.0,1650000.0,Giant manta ray,45.0
order,Atheriniformes,13,0,0.5574,4.0,6.24301,3050.0,Jacksmelt,11.0
order,Mulliformes,4,0,0.557,5.5,178.384,1117.0,Red mullet,11.0
order,Syngnathiformes,7,0,0.5466,3.5,10.5009,418.453,Big-belly seahorse,7.0
order,Cuculiformes,10,0,0.5298,7.442,33.5083,684.1,Common cuckoo,13.0
order,Scombriformes,29,0,0.5248,10.0,88.5467,450000.0,Atlantic bluefin tuna,40.0
order,Didelphimorphia,49,0,0.5182,3.0,15.34,3000.0,Mexican Mouse Opossum,15.0583
order,Galliformes,50,0,0.5129,10.3,45.0,7000.0,Red junglefowl,30.0
order,Pholidota,7,0,0.4922,6.075,2089.99,32999.8,Indian Pangolin,20.0
order,Tetraodontiformes,12,0,0.4897,9.0,524.362,2000000.0,Queen triggerfish,23.0
order,Afrosoricida,21,0,0.4891,2.408,6.7,900.0,Lesser hedgehog tenrec,19.0
order,Odonata,1,0,0.4867,2.0,1.2,1.2,Emperor dragonfly,2.0
order,Rhabditida,1,0,0.4822,0.055,1e-06,1e-06,Nematode,0.055
order,Rhinopristiformes,8,0,0.4668,15.5,5000.0,2876980.0,Common sawfish,44.0
order,Gobiiformes,53,0,0.4647,2.0,0.0271426,600.0,Giant goby,10.0
order,Heterodontiformes,2,0,0.4494,12.0,16294.2,28366.6,Horn shark,12.0
order,Holocentriformes,1,0,0.4384,7.0,2550.0,2550.0,Sabre squirrelfish,7.0
order,Carangiformes,30,0,0.427,11.0,64.3,906000.0,Indo-Pacific blue marlin,28.0
order,Anostraca,1,0,0.4146,0.5,0.01,0.01,Brine shrimp,0.5
order,Beloniformes,14,0,0.3852,4.0,0.307291,6350.0,Dusky sea garfish,10.0
order,Diptera,2,0,0.3641,0.275,0.001,0.0025,Northern house mosquito,0.3
order,Lepidosireniformes,1,0,0.3474,8.3,13563.1,13563.1,South American lungfish,8.3
order,Tinamiformes,4,0,0.3244,4.5,245.625,1390.5,Solitary tinamou,15.0
order,Diplostraca,1,0,0.299,0.2,0.001,0.001,Water flea,0.2
order,Orthoptera,2,0,0.1169,0.5,0.5,2.0,Desert locust,0.7
order,Lepidoptera,2,0,0.1079,0.575,0.5,1.0,Monarch butterfly,1.0
order,Sepiida,1,0,0.087,2.0,1000.0,1000.0,Common cuttlefish,2.0
order,Octopoda,2,0,0.0845,3.5,3000.0,15000.0,Giant Pacific octopus,5.0
order,Notoryctemorphia,2,0,0.0734,0.792,34.0,55.0,Southern Marsupial Mole,1.5
order,Semaeostomeae,1,0,0.0707,1.0,150.0,150.0,Moon jellyfish,1.0
order,Myopsida,1,0,0.0657,1.0,200.0,200.0,Longfin inshore squid,1.0
order,Anura,143,0,,7.0,0.2,3250.0,African bullfrog,45.0
order,Urodela,61,0,,17.0,0.6,25000.0,Olm,100.0
order,Gymnophiona,3,0,,7.3,60.0,600.0,Cayenne caecilian,12.0
order,Antipatharia,1,1,,4265.0,5000.0,5000.0,Black coral,4265.0
order,Scleractinia,1,1,,600.0,20000.0,20000.0,Boulder star coral,600.0
order,Haplosclerida,1,1,,2300.0,30000.0,30000.0,Giant barrel sponge,2300.0
order,Amphidiscosida,1,1,,11000.0,1000.0,1000.0,Glass sponge,11000.0
family,Arcticidae,1,0,47.4809,507.0,50.0,50.0,Ocean quahog,507.0
family,Siboglinidae,1,0,23.4127,250.0,50.0,50.0,Cold-seep tubeworm,250.0
family,Formicidae,2,0,17.7586,24.5,0.005,0.05,Black garden ant queen,29.0
family,Margaritiferidae,1,0,15.7761,190.0,80.0,80.0,Freshwater pearl mussel,190.0
family,Strongylocentrotidae,1,0,10.3869,200.0,500.0,500.0,Red sea urchin,200.0
family,Actiniidae,1,0,9.4732,80.0,20.0,20.0,Snakelocks anemone,80.0
family,Termitidae,1,0,9.1356,30.0,0.5,0.5,Termite queen,30.0
family,Oreosomatidae,4,0,8.0326,100.0,825.0,2750.0,Warty oreo,140.0
family,Natalidae,4,0,6.795,20.0,4.7,4.7,Jamaican Greater Funnel-eared Bat,20.0
family,Heterocephalidae,1,0,6.7457,31.0,35.0,35.0,Naked mole-rat,31.0
family,Sphenodontidae,1,0,6.3918,100.0,700.0,700.0,Tuatara,100.0
family,Hydridae,1,0,5.9807,4.0,0.001,0.001,Hydra,4.0
family,Miniopteridae,1,0,5.964,22.0,13.0,13.0,Schreibers's long-fingered bat,22.0
family,Hirudinidae,1,0,4.5596,27.0,5.0,5.0,Medicinal leech,27.0
family,Helicidae,1,0,3.9143,35.0,25.0,25.0,Roman snail,35.0
family,Cicadidae,1,0,3.9075,17.0,1.5,1.5,Periodical cicada,17.0
family,Somniosidae,2,0,3.8678,223.0,11333.5,700000.0,Greenland shark,392.0
family,Trachichthyidae,2,0,3.8317,80.0,141.0,1500.0,Orange roughy,149.0
family,Artedidraconidae,1,0,3.7722,19.0,21.3,21.3,Dolloidraco longedorsalis,19.0
family,Theraphosidae,2,0,3.4524,30.0,20.0,25.0,Desert blonde tarantula,30.0
family,Vespertilionidae,126,0,3.4269,15.75,3.56,28.55,Brandt's bat,41.0
family,Ixodidae,1,0,3.3857,3.0,0.003,0.003,Deer tick,3.0
family,Caproidae,1,0,3.2033,30.0,278.921,278.921,Boarfish,30.0
family,Rhinolophidae,11,0,3.181,7.5,4.6,22.875,Greater horseshoe bat,30.5
family,Megadermatidae,3,0,3.1629,14.0,38.6,150.0,Australian false vampire bat,22.6
family,Hylobatidae,14,0,3.0929,44.55,5500.0,11000.0,Borneo gibbon,60.0
family,Mytilidae,1,0,3.0592,24.0,15.0,15.0,Blue mussel,24.0
family,Cheilodactylidae,1,0,3.0355,50.0,2900.0,2900.0,Tarakihi,50.0
family,Phyllostomidae,25,0,3.0216,12.0,8.02,171.61,Common vampire bat,29.0
family,Tachyglossidae,3,0,2.9789,41.2,4500.0,8951.71,Short-beaked echidna,50.0
family,Eublepharidae,6,0,2.9678,22.1,3.3,60.0,Texas Banded Gecko,34.8
family,Diplodactylidae,5,0,2.9578,21.2,6.63,118.0,Gray gecko,37.0
family,Halosauridae,1,0,2.938,36.0,850.206,850.206,Abyssal halosaur,36.0
family,Austroglanididae,2,0,2.9313,13.0,6.00743,25.6405,Barnard's rock-catfish,14.0
family,Blanidae,2,0,2.9124,16.0,4.625,6.0,"Mediterranean worm lizard, or Spanish grey amphisbaena",16.0
family,Scorpaenidae,60,0,2.888,42.0,60.1734,8910.0,Shortraker rockfish,157.0
family,Choloepodidae,1,0,2.849,41.0,6000.0,6000.0,Linnaeus's two-toed sloth,41.0
family,Megalonychidae,1,0,2.8233,41.0,6250.0,6250.0,Hoffmann's two-toed sloth,41.0
family,Sebastidae,16,0,2.7617,43.5,90.9474,15000.0,Rougheye rockfish,205.0
family,Cheirogaleidae,15,0,2.7496,18.2,60.0,420.11,Fat-tailed dwarf lemur,29.0
family,Cebidae,35,0,2.7476,22.792,116.83,3000.0,White-faced capuchin,54.0
family,Neoceratodontidae,1,0,2.7408,85.0,40000.0,40000.0,Australian lungfish,85.0
family,Latimeriidae,1,0,2.7282,100.0,80000.0,80000.0,Coelacanth,100.0
family,Cacatuidae,4,0,2.6987,49.8,90.0,900.0,Sulphur-crested cockatoo,83.0
family,Berycidae,4,0,2.6764,54.5,2000.0,4600.0,Bight redfish,71.0
family,Lemuridae,19,0,2.6753,36.2,1012.5,3601.3,"Black-and-white ruffed lemur, or Ruffed lemur",40.0
family,Caesionidae,1,0,2.6514,18.0,73.4563,73.4563,Slender fusilier,18.0
family,Hominidae,7,0,2.6373,60.0,39000.0,160000.0,Human,122.5
family,Noctilionidae,2,0,2.6029,12.804,44.0,50.0,Lesser Bulldog Bat,13.8083
family,Haliotidae,1,0,2.573,54.0,700.0,700.0,Red abalone,54.0
family,Lorisidae,8,0,2.563,20.45,238.2,959.75,Potto,32.4
family,Pomacentridae,14,0,2.548,19.0,19.9526,1040.85,Garibaldi damselfish,57.0
family,Podocnemididae,3,0,2.5458,50.0,14.3,25800.0,Yellow-spotted Amazon River Turtle,70.0
family,Nephropidae,2,0,2.5135,60.0,1000.0,1200.0,American lobster,70.0
family,Emballonuridae,8,0,2.5116,14.1,5.68,230.99,Indonesian Tomb Bat,20.0
family,Callitrichidae,21,0,2.5083,20.2,124.0,654.5,Golden lion tamarin,31.6
family,Hydrobatidae,7,0,2.4666,31.0,28.0,84.0,Harcourt's storm petrel,36.0
family,Hipposideridae,7,0,2.432,12.0,7.0,115.42,Fulvus roundleaf bat,13.0
family,Kinosternidae,19,0,2.4185,36.5,137.9,4200.0,Flattened Musk Turtle,60.0
family,Ramazzottiidae,1,0,2.3708,0.3,1.5e-06,1.5e-06,Tardigrade,0.3
family,Squalidae,4,0,2.3479,72.5,3673.95,29700.8,Spur dogfish,75.0
family,Bucorvidae,2,0,2.3445,70.0,3767.5,4000.0,Abyssinian Ground Hornbill,70.0
family,Galagidae,18,0,2.3372,16.85,60.0,1300.0,"Brown greater galago, or Greater galago",22.7
family,Strigopidae,1,0,2.3174,60.0,2000.0,2000.0,Kakapo,60.0
family,Calomyscidae,7,0,2.3058,9.4,20.4,20.4,Mouse-like hamster,9.4
family,Emydidae,43,0,2.2143,41.0,132.1,3748.5,-999,138.0
family,Ipnopidae,1,0,2.1878,15.0,76.5228,76.5228,Mediterranean spiderfish,15.0
family,Pentacerotidae,5,0,2.184,49.0,812.365,20892.9,Pelagic armourhead,60.0
family,Tarsiidae,9,0,2.1821,12.0,114.455,173.0,Western tarsier,16.3
family,Charinidae,2,0,2.1751,28.75,219.0,450.0,Rosy boa,31.0
family,Helodermatidae,2,0,2.1503,35.2,600.0,1244.15,Gila monster,36.0
family,Anguidae,11,0,2.149,14.8,10.0,450.0,Peloponnese Slow Worm,54.0
family,Xantusiidae,15,0,2.1473,11.0,1.475,18.15,Sandstone Night Lizard,14.3
family,Dugongidae,1,0,2.1292,73.0,300000.0,300000.0,Dugong,73.0
family,Harpagiferidae,2,0,2.1221,9.0,10.439,10.439,Antarctic spiny plunderfish,9.0
family,Ornithorhynchidae,1,0,2.1143,23.0,1700.0,1700.0,Platypus,23.0
family,Characidae,3,0,2.0939,18.0,17.4065,13750.0,Pirapitinga,28.0
family,Acanthuridae,25,0,2.0854,33.0,32.5072,18197.0,Bluespine unicornfish,54.5
family,Epigonidae,3,0,2.0777,15.0,43.0,7545.39,Telescope cardinal,104.0
family,Erycidae,2,0,2.0437,24.35,196.0,196.0,Caucasian sand-boa,24.7
family,Pelomedusidae,3,0,2.0246,47.0,800.0,2273.0,Yellowbelly Mud Turtle (castanoides: East African Yellowbelly Mud Turtle; intergularis: Seychelles Yellowbelly Mud Turtle),47.0
family,Cyttidae,1,0,2.0151,38.0,5081.76,5081.76,King dory,38.0
family,Aulorhynchidae,1,0,1.9981,9.0,13.4,13.4,Tube-snout,9.0
family,Heptapteridae,1,0,1.9957,15.0,112.01,112.01,Blind catfish,15.0
family,Polyodontidae,1,0,1.9863,55.0,25000.0,25000.0,American paddlefish,55.0
family,Testudinidae,38,0,1.9592,32.85,229.4,250000.0,Aldabra giant tortoise,190.0
family,Aotidae,6,0,1.9581,26.05,791.03,1230.0,Lemurine night monkey,33.8
family,Atelidae,25,0,1.9554,32.0,5188.33,11170.0,Central American spider monkey,47.1
family,Daubentoniidae,1,0,1.9409,23.0,2500.0,2500.0,Aye-aye,23.0
family,Psittaculidae,1,0,1.9344,21.0,35.0,35.0,Budgerigar,21.0
family,Carphodactylidae,1,0,1.921,12.0,9.6,9.6,Thick-tailed gecko,12.0
family,Todidae,1,0,1.8905,14.0,5.9,5.9,Puerto Rican tody,14.0
family,Nandiniidae,1,0,1.8834,21.0,1900.0,1900.0,African palm civet,21.0
family,Bradypodidae,3,0,1.8811,32.0,4000.0,4184.21,Pale-throated Sloth,40.0
family,Polyprionidae,3,0,1.8775,75.0,55000.0,140580.0,Wreckfish,80.0
family,Cercopithecidae,123,0,1.8753,30.0,1384.5,25000.0,Sooty Mangabey,46.0
family,Phoenicopteridae,5,0,1.8695,44.0,1500.0,3043.5,Greater flamingo,83.0
family,Petauridae,9,0,1.834,14.8,127.0,572.5,Biak Glider,17.8
family,Archaeobalanidae,1,0,1.8271,6.0,0.5,0.5,Acorn barnacle,6.0
family,Muraenidae,3,0,1.8252,30.0,169.8,6861.94,Mediterranean moray,38.1
family,Monodontidae,2,0,1.8179,92.5,1500000.0,1600000.0,Narwhal,115.0
family,Mystacinidae,2,0,1.8003,7.6,23.5,24.25,New Zealand Greater Short-tailed Bat,7.6
family,Lumbricidae,1,0,1.788,10.0,4.0,4.0,Common earthworm,10.0
family,Trichomycteridae,1,0,1.7861,7.0,7.52377,7.52377,Trichomycterus itacarambiensis,7.0
family,Moridae,6,0,1.7707,41.5,1500.0,14700.0,Schmidt's cod,49.0
family,Chelydridae,4,0,1.7653,47.0,5170.0,80000.0,Alligator snapping turtle,70.0
family,Scorpididae,2,0,1.7621,38.0,946.63,1448.68,Sea sweep,68.0
family,Cynocephalidae,2,0,1.7549,17.5,1056.1,1250.0,Philippine Flying Lemur,17.5
family,Chinchillidae,6,0,1.7452,19.5,492.495,6000.0,Short-tailed Chinchilla,20.0
family,Chimaeridae,2,0,1.744,24.7,1375.0,1500.0,Rabbitfish,29.4
family,Indriidae,3,0,1.7327,21.0,3545.0,5550.0,Verreaux's sifaka,31.0
family,Burramyidae,4,0,1.7295,10.308,23.05,45.0,Mountain pygmy possum,12.0
family,Anguillidae,10,0,1.7248,36.0,412.5,20640.0,European eel,85.0
family,Apterygidae,4,0,1.7243,37.5,1200.0,2600.0,Little Spotted Kiwi,83.0
family,Tytonidae,4,0,1.7185,34.0,381.6,460.0,Eastern Barn Owl,34.0
family,Latridae,4,0,1.7162,38.0,10254.1,27000.0,Red moki,97.0
family,Megalopidae,2,0,1.7056,49.5,9900.0,88550.0,Tarpon,55.0
family,Centrophoridae,3,0,1.701,35.0,7484.3,26189.2,Leafscale gulper shark,70.0
family,Pitheciidae,34,0,1.6986,20.229,795.0,3165.0,Guianan saki,36.0
family,Pteropodidae,64,0,1.6759,10.167,14.43,1017.37,Indian flying fox,31.0
family,Astacidae,1,0,1.6606,20.0,80.0,80.0,Signal crayfish,20.0
family,Haematopodidae,10,0,1.6111,43.317,480.0,789.2,Chatham Oystercatcher,43.3333
family,Pedetidae,2,0,1.6089,20.021,2774.62,3500.0,East African Spring Hare,20.0417
family,Amiidae,1,0,1.5704,30.0,5362.5,5362.5,Bowfin,30.0
family,Ostreidae,1,0,1.5684,20.0,100.0,100.0,Eastern oyster,20.0
family,Acipenseridae,18,0,1.5674,60.0,27.775,600000.0,Lake sturgeon,152.0
family,Pectinidae,1,0,1.5551,22.0,150.0,150.0,Great scallop,22.0
family,Castoridae,2,0,1.5506,29.5,19000.0,20000.0,Eurasian Beaver,35.0
family,Vombatidae,3,0,1.55,30.0,25500.0,31000.0,Common wombat,34.0
family,Euphausiidae,1,0,1.53,6.0,1.0,1.0,Antarctic krill,6.0
family,Percophidae,1,0,1.5265,19.0,907.4,907.4,Brazilian flathead,19.0
family,Cordylidae,24,0,1.5179,15.6,12.2,284.0,Giant Girdled Lizard or Sungazer,24.9
family,Pipridae,2,0,1.5099,14.0,16.7,16.9,Blue-backed manakin,14.0
family,Alligatoridae,8,0,1.5074,59.0,5900.0,200000.0,American alligator,77.0
family,Percalatidae,2,0,1.4968,31.0,3900.0,10000.0,Estuary perch,40.0
family,Hexanchidae,1,0,1.4805,80.0,400000.0,400000.0,Bluntnose sixgill shark,80.0
family,Mochokidae,2,0,1.4717,16.75,6.86561,275.0,Upside-down catfish,31.0
family,Procyonidae,11,0,1.4656,21.8,900.0,6270.0,Kinkajou,38.4
family,Psittacidae,187,0,1.4559,21.0,24.0,1750.0,Pink cockatoo,83.0
family,Opluridae,2,0,1.4556,15.25,45.4,117.7,Cuvier's Madagascar swift,21.2
family,Lepisosteidae,5,0,1.4531,20.0,1430.0,45000.0,Alligator gar,95.0
family,Stichaeidae,2,0,1.4531,10.5,35.2096,254.735,Rock prickleback,11.0
family,Mastacembelidae,1,0,1.4504,13.0,232.45,232.45,Euphrates spiny eel,13.0
family,Thamnophilidae,4,0,1.4409,13.5,9.8,26.375,Marsh antwren,16.2
family,Notorynchidae,1,0,1.4395,49.0,58850.0,58850.0,Bluntnose sevengill shark,49.0
family,Machaerirhynchidae,1,0,1.4317,12.0,10.5,10.5,Yellow-breasted boatbill,12.0
family,Apodidae,13,0,1.4279,21.0,11.875,102.7,Alpine swift,26.0
family,Dactyloidae,19,0,1.4257,8.0,2.415,56.0,Baracoa Anole,16.5
family,Laridae,64,0,1.4216,25.9,31.0,1658.5,Herring gull,49.0
family,Ailuridae,1,0,1.4197,19.0,4325.0,4325.0,Red panda,19.0
family,Danionidae,3,0,1.4181,5.5,0.8,14.569,Southern barred minnow,6.0
family,Macrouridae,13,0,1.4091,15.0,29.7658,86000.0,Roughscale rattail,73.0
family,Chaenopsidae,4,0,1.4073,5.0,0.167327,173.776,Onespot fringehead,7.0
family,Nototheniidae,21,0,1.4061,19.0,110.0,44000.0,Patagonian toothfish,50.0
family,Cathartidae,5,0,1.4027,40.0,2000.0,11000.0,Andean condor,79.0
family,Fregatidae,4,0,1.4007,30.8,806.0,1550.0,Great frigatebird,44.0
family,Molossidae,14,0,1.3992,6.746,8.0,169.43,Mexican free-tailed bat,18.0
family,Monocentridae,1,0,1.3989,8.0,36.0596,36.0596,Pinecone fish,8.0
family,Ursidae,8,0,1.3969,39.1,46000.0,400000.0,Brown bear,45.0
family,Pomacanthidae,8,0,1.3965,14.25,67.0955,4361.17,Yellowbar angelfish,36.0
family,Chaetodontidae,6,0,1.3947,11.0,117.539,516.103,Blackback butterflyfish,20.0
family,Soleidae,5,0,1.3947,14.0,53.28,1650.0,Common sole,27.0
family,Phyllodactylidae,12,0,1.3942,10.9,4.57,29.2,Canary Wall Gecko,14.0
family,Etmopteridae,2,0,1.3872,32.0,467.5,5896.7,Southern lanternshark,57.0
family,Boidae,13,0,1.3867,30.0,196.0,45000.0,Boa constrictor,40.0
family,Hyaenidae,4,0,1.3721,28.45,10000.0,55000.0,Spotted hyena,41.0
family,Tupaiidae,10,0,1.3663,11.8,49.99,350.0,Golden-bellied Treeshrew,12.4167
family,Gobiesocidae,6,0,1.3646,4.0,0.110538,21.0342,Giant clingfish,6.0
family,Elephantidae,3,0,1.3595,80.0,3000000.0,4630000.0,Asian elephant,86.0
family,Leiocephalidae,2,0,1.3547,10.8,30.0,30.0,Northern curly-tailed lizard,10.8
family,Odacidae,1,0,1.3522,19.0,1500.0,1500.0,Butterfish,19.0
family,Potoroidae,9,0,1.3521,14.5,908.285,3250.0,Woylie,18.8
family,Cracticidae,6,0,1.3517,21.6,80.675,400.0,Pied currawong,24.2
family,Myrmecobiidae,1,0,1.3441,11.0,471.5,471.5,Numbat,11.0
family,Lepilemuridae,8,0,1.3415,12.0,669.03,738.18,Ankarana Sportive Lemur,12.0
family,Aegithalidae,3,0,1.3394,11.1,5.3,8.6,Long-tailed tit,11.1
family,Indridae,4,0,1.3386,20.779,3588.26,6568.99,Coquerel's Sifaka,30.5
family,Zeidae,2,0,1.3362,28.5,3000.0,4400.0,Mirror dory,45.0
family,Anthiadidae,4,0,1.3292,17.0,90.0,5625.83,Harlequin fish,37.0
family,Bathyergidae,12,0,1.3284,11.0,77.95,664.4,Ansell's mole-rat,20.6
family,Hemiscylliidae,1,0,1.322,25.0,5142.4,5142.4,Whitespotted bambooshark,25.0
family,Momotidae,7,0,1.3187,20.3,75.7,133.0,Andean Motmot,20.3
family,Procellariidae,47,0,1.3137,24.833,99.0,4313.0,Manx shearwater,55.0
family,Phascolarctidae,1,0,1.3038,20.0,8000.0,8000.0,Koala,20.0
family,Glaucosomatidae,3,0,1.3036,26.0,2500.0,26000.0,West Australian dhufish,41.0
family,Felidae,37,0,1.3029,21.0,1350.0,200000.0,Domestic cat,38.0
family,Irenidae,1,0,1.3026,16.1,64.025,64.025,Asian Fairy-bluebird,16.1
family,Ramphastidae,1,0,1.3006,26.0,600.0,600.0,Toco toucan,26.0
family,Sisoridae,1,0,1.2933,13.0,374.0,374.0,Glyptosternon maculatum,13.0
family,Diomedeidae,21,0,1.2891,40.0,2115.0,9000.0,Laysan albatross,74.0
family,Hippopotamidae,2,0,1.286,51.65,215000.0,1500000.0,Hippopotamus,61.0
family,Dasyproctidae,10,0,1.2825,14.4,775.0,3500.0,Black agouti,18.0
family,Ammodytidae,6,0,1.2778,8.5,10.6,100.0,American sand lance,12.0
family,Thraupidae,12,0,1.2737,11.85,8.7,35.0,Purple honeycreeper,17.0
family,Serranidae,22,0,1.2716,23.5,12.3027,33000.0,Painted comber,60.0
family,Melamphaidae,1,0,1.268,8.5,69.704,69.704,Crested bigscale,8.5
family,Pleuronectidae,38,0,1.2679,22.0,233.75,199650.0,Atlantic halibut,50.0
family,Myrmecophagidae,3,0,1.2677,19.0,4500.0,35000.0,Giant anteater,26.0
family,Bucerotidae,3,0,1.2598,31.8,1203.5,3000.0,Great hornbill,50.0
family,Philodinidae,1,0,1.2564,0.12,5e-07,5e-07,Bdelloid rotifer,0.12
family,Ephemeridae,1,0,1.2517,2.0,0.03,0.03,Common mayfly,2.0
family,Carettochelyidae,1,0,1.2517,38.4,16275.0,16275.0,Pignose turtle,38.4
family,Ophidiidae,1,0,1.2514,30.0,13750.0,13750.0,Australian rockling,30.0
family,Trochilidae,19,0,1.2448,8.8,1.9,8.1,Broad-tailed hummingbird,14.0
family,Homalopsidae,1,0,1.2444,13.6,131.0,131.0,East Indian tentacled snake,13.6
family,Myocastoridae,1,0,1.2438,19.0,7850.0,7850.0,Nutria,19.0
family,Ploceidae,5,0,1.2423,20.0,17.5,71.0,Village weaver,24.0
family,Pachycephalidae,9,0,1.2336,14.8,17.5,67.625,Little shrikethrush,19.3
family,Pelecanidae,7,0,1.2314,43.0,3115.8,10000.0,American white pelican,54.0
family,Passeridae,6,0,1.2244,12.15,17.5,30.2,Italian Sparrow,23.0
family,Stercorariidae,6,0,1.2225,29.95,298.0,1687.0,Great skua,35.9
family,Prunellidae,2,0,1.2198,14.25,20.2,39.775,Hedge sparrow,20.8
family,Capromyidae,5,0,1.2158,13.5,733.52,4683.3,Hispaniolan hutia,15.9
family,Herpestidae,27,0,1.2092,13.3,274.8,3500.0,Marsh mongoose,20.8
family,Chelidae,17,0,1.2049,26.5,325.0,4407.0,Hilaire's side-necked turtle,37.4
family,Zoarcidae,11,0,1.2024,13.0,29.2695,3891.36,Glacial eelpout,33.0
family,Dicaeidae,1,0,1.2021,9.7,8.8,8.8,Mistletoebird,9.7
family,Parodontidae,1,0,1.2018,7.0,38.9184,38.9184,Parodon nasus,7.0
family,Lumpenidae,5,0,1.1975,9.0,17.2,1097.85,Pighead prickleback,12.0
family,Tayassuidae,3,0,1.1941,28.5,20200.0,35433.2,Collared peccary,31.5
family,Charadriidae,24,0,1.1879,16.6,31.5,379.0,Black-bellied plover,25.6
family,Cardinalidae,13,0,1.1867,11.0,14.75,47.325,Northern cardinal,28.5
family,Mustelidae,48,0,1.1803,14.596,46.9,30000.0,Honey badger,31.3
family,Cancridae,1,0,1.176,30.0,1500.0,1500.0,Edible crab,30.0
family,Squatinidae,1,0,1.1758,35.0,33748.9,33748.9,Pacific angel shark,35.0
family,Phaethontidae,2,0,1.1731,25.15,593.2,750.0,Red-tailed tropicbird,32.7
family,Alepocephalidae,3,0,1.1696,23.0,60.7123,14305.0,Baird's smoothhead,38.0
family,Plesiopidae,3,0,1.1687,9.0,50.8397,179.41,Taumaka,9.0
family,Oriolidae,6,0,1.1663,15.167,56.3,121.5,Black-naped oriole,29.0
family,Tragulidae,7,0,1.1608,16.7,2450.0,11550.0,Lesser Mouse-deer,16.7
family,Corvidae,38,0,1.1585,19.2,70.3,1200.0,Common raven,44.0
family,Corcoracidae,3,0,1.155,17.6,132.0,364.0,Apostlebird,25.0
family,Lucanidae,1,0,1.1548,6.0,3.0,3.0,Stag beetle,6.0
family,Octodontidae,4,0,1.1428,9.183,98.0,235.0,Degu,14.0
family,Trichechidae,3,0,1.1424,40.0,477000.0,500000.0,West Indian manatee,69.0
family,Paridae,25,0,1.1374,11.3,9.2,21.0183,Cinereous Tit,15.417
family,Equidae,8,0,1.1372,36.6,200000.0,500000.0,Horse,62.0
family,Bathymasteridae,2,0,1.1365,8.5,32.0959,370.0,Searcher,9.0
family,Acanthizidae,23,0,1.1338,8.9,5.25,31.4,Striated thornbill,23.5
family,Sturnidae,10,0,1.131,16.9,45.0,121.0,Superb starling,25.0
family,Gliridae,17,0,1.1307,6.9,10.5,150.0,Edible dormouse,13.0
family,Gerrhosauridae,3,0,1.1274,8.3,62.9,67.29,Desert Plated Lizard,17.2
family,Threskiornithidae,28,0,1.127,28.4,431.2,1900.0,Straw-necked ibis,39.4
family,Macroscelididae,11,0,1.1241,7.15,40.0,540.0,Golden-rumped elephant shrew,11.0
family,Blenniidae,6,0,1.1235,6.0,14.0611,61.7398,Shanny,10.0
family,Ptilonorhynchidae,5,0,1.1208,17.2,100.0,213.0,Satin bowerbird,25.1
family,Cardiidae,1,0,1.1199,100.0,200000.0,200000.0,Giant clam,100.0
family,Orthonychidae,1,0,1.1198,16.5,145.1,145.1,Chowchilla,16.5
family,Arhynchobatidae,9,0,1.117,18.0,1831.9,18200.0,Whitebrow skate,37.0
family,Aplodontiidae,1,0,1.1169,10.0,706.8,706.8,Sewellel,10.0
family,Agonidae,7,0,1.1165,7.0,4.85,5517.83,Bigmouth sculpin,23.0
family,Cuniculidae,2,0,1.1147,17.6,8999.9,9000.0,Mountain paca,18.9
family,Anoplopomatidae,2,0,1.1123,63.0,31350.0,91000.0,Sablefish,114.0
family,Delphinidae,30,0,1.112,33.5,46666.7,5000000.0,Killer whale,90.0
family,Vireonidae,16,0,1.1051,10.2,8.65,18.0,Puerto rican vireo,16.8
family,Scincidae,42,0,1.1037,12.75,1.6,1013.7,Otago skink,44.0
family,Aphaniidae,4,0,1.1021,3.0,0.81852,2.79173,Danford's killifish,5.0
family,Odontobutidae,1,0,1.0963,10.0,250.0,250.0,Chinese sleeper,10.0
family,Cebidichthyidae,1,0,1.0954,18.0,2871.69,2871.69,Monkeyface prickleback,18.0
family,Crocodylidae,13,0,1.0929,48.0,19500.0,450000.0,Nile crocodile,80.0
family,Balaenicipitidae,1,0,1.0896,35.7,5984.0,5984.0,Shoebill,35.7
family,Mephitidae,8,0,1.0876,10.35,600.0,3500.0,Southern Spotted Skunk,14.0
family,Phocoenidae,3,0,1.0813,24.0,32500.0,120000.0,Finless porpoise,33.0
family,Stomiidae,3,0,1.0806,7.0,12.87,162.178,Pacific viperfish,8.0
family,Acrocephalidae,15,0,1.0801,10.083,9.0,30.0,Seychelles warbler,17.0
family,Platanistidae,2,0,1.0797,28.0,84000.0,86500.0,Ganges River Dolphin,28.0
family,Cheloniidae,5,0,1.0754,67.0,40500.0,150000.0,Pacific Ridley; Olive Ridley Sea Turtle,76.0
family,Pandionidae,2,0,1.0741,26.5,1362.0,1527.5,Osprey,32.0
family,Pinguipedidae,1,0,1.0697,17.0,2500.0,2500.0,New Zealand blue cod,17.0
family,Eleotridae,1,0,1.0695,4.5,10.1,10.1,Upland bully,4.5
family,Procaviidae,4,0,1.0675,13.8,2000.0,4000.0,Rock hyrax,15.0
family,Torpedinidae,2,0,1.0607,22.0,1650.0,33307.3,Pacific electric ray,24.0
family,Viperidae,89,0,1.0563,16.4,100.0,8000.0,Northwestern Neotropical Rattlesnake,37.0
family,Otariidae,16,0,1.0549,30.6,45000.0,415000.0,Japanese Sealion,35.7
family,Cettiidae,1,0,1.0546,9.3,13.3,13.3,Cetti's warbler,9.3
family,Polymixiidae,2,0,1.0541,11.5,145.411,1552.29,Stout beardfish,14.0
family,Fringillidae,48,0,1.0537,11.0,9.23,65.3,Chaffinch,29.0
family,Ehiravidae,5,0,1.0516,6.0,8.94685,32.3,Southern Caspian sprat,8.0
family,Percichthyidae,8,0,1.0503,5.5,4.6,62000.0,Murray cod,48.0
family,Camelidae,6,0,1.0498,30.0,50000.0,500000.0,Bactrian camel,40.0
family,Amblyopsidae,2,0,1.0495,3.5,3.69178,3.69178,Southern cavefish,4.0
family,Channichthyidae,4,0,1.0478,15.0,428.0,3700.0,Blackfin icefish,17.0
family,Scyliorhinidae,2,0,1.0473,19.5,1000.0,23181.0,Small-spotted catshark,20.0
family,Hystricidae,11,0,1.0412,22.9,1750.0,24000.0,Crested porcupine,28.0
family,Recurvirostridae,8,0,1.0402,15.5,161.0,309.25,Pied avocet,27.8
family,Gruidae,16,0,1.0402,34.6,2400.0,8663.0,Demoiselle Crane,67.0
family,Geoemydidae,21,0,1.0395,19.1,319.5,20950.0,"Painted Terrapin, Biuku",80.0
family,Physeteridae,2,0,1.0394,88.5,10100000.0,30000000.0,Sperm Whale,100.0
family,Cyprinodontidae,4,0,1.0394,2.5,1.04826,2.11235,White sands pupfish,5.0
family,Cottidae,45,0,1.0378,8.0,0.672388,9300.0,Yellow Irish lord,30.0
family,Sylviidae,11,0,1.0373,9.0,11.4,29.0,Garden warbler,24.0
family,Labridae,29,0,1.0343,9.0,25.3062,191000.0,Foxfish,78.0
family,Phocidae,19,0,1.0317,31.453,68250.0,2000000.0,Baikal seal,56.0
family,Petromuridae,1,0,1.0311,7.067,212.0,212.0,Dassie Rat,7.06667
family,Gekkonidae,38,0,1.0309,9.0,0.3,214.5,Tokay gecko,18.0
family,Scolopacidae,52,0,1.0281,13.5,21.1,824.75,Bar-tailed godwit,33.0
family,Acheilognathidae,1,0,1.0239,5.0,18.7317,18.7317,European bitterling,5.0
family,Hiodontidae,2,0,1.0166,12.0,498.85,946.0,Goldeye,14.0
family,Dasypodidae,15,0,1.0117,15.0,83.53,33000.0,Southern three-banded armadillo,36.8
family,Macruronidae,1,0,1.0115,19.0,5000.0,5000.0,Patagonian grenadier,19.0
family,Pristiophoridae,1,0,1.0084,15.0,1900.0,1900.0,Common sawshark,15.0
family,Podargidae,1,0,1.006,17.9,349.0,349.0,Tawny frogmouth,17.9
family,Zosteropidae,5,0,1.0027,8.7,8.6,12.7,Silvereye,18.7
family,Lutjanidae,50,0,1.0027,18.0,209.837,57000.0,Northern red snapper,57.0
family,Leiothrichidae,7,0,1.0013,15.0,21.5,145.0,Southern Pied Babbler,16.5
family,Orycteropodidae,1,0,1.0005,24.0,60000.0,60000.0,Aardvark,24.0
family,Rhipiduridae,2,0,1.0001,9.25,10.2,27.0,Willie wagtail,9.4
family,Valenciidae,2,0,0.9965,3.5,3.35508,6.24301,Valencia toothcarp,4.0
family,Strigidae,46,0,0.9926,16.0,41.0,2800.0,Pharaoh Eagle-Owl,68.0
family,Canidae,35,0,0.9918,14.3,994.25,40000.0,Domestic dog,29.5
family,Ciconiidae,19,0,0.9913,30.2,1398.0,9050.0,Oriental white stork,48.1
family,Meliphagidae,59,0,0.9899,10.75,7.75,145.9,New holland honeyeater,22.9
family,Tapiridae,6,0,0.9883,32.3,148950.0,300000.0,Malayan tapir,36.5
family,Malacanthidae,4,0,0.9863,14.0,687.5,16500.0,Blue tilefish,35.0
family,Sciuridae,166,0,0.9859,7.95,36.955,8000.0,Red and white giant flying squirrel,21.4
family,Ctenodactylidae,3,0,0.9856,5.8,169.7,288.8,Speke's Pectinator,10.0
family,Hirundinidae,21,0,0.9817,9.1,11.025,45.0,Chestnut-collared Swallow,24.0
family,Percopsidae,2,0,0.9813,5.0,6.24303,67.486,Sand roller,6.0
family,Coliidae,1,0,0.977,11.5,51.0,51.0,Speckled mousebird,11.5
family,Acrobatidae,2,0,0.9749,5.4,13.0,52.12,Pygmy gliding possum,8.8
family,Platycephalidae,11,0,0.9721,16.0,35.8115,4995.85,Rock flathead,25.0
family,Viverridae,30,0,0.9709,15.2,570.08,13666.7,Crested Servaline Genet,34.0
family,Argentinidae,5,0,0.9707,16.0,71.148,5378.55,Atlantic argentine,35.0
family,Sittidae,8,0,0.9704,9.0,10.7,31.0,Siberian Nuthatch,12.917
family,Callionymidae,3,0,0.968,7.0,8.21104,143.336,European dragonet,7.0
family,Tincidae,1,0,0.9643,20.0,7540.0,7540.0,Tench,20.0
family,Icteridae,26,0,0.9634,12.5,20.05,168.7,Common grackle,23.1
family,Catostomidae,36,0,0.9612,11.0,27.5886,20515.0,Bigmouth buffalo,112.0
family,Petromyzontidae,19,0,0.9594,7.0,3.88384,1375.0,European river lamprey,10.0
family,Pycnonotidae,9,0,0.9587,9.917,24.95,41.25,Yellow-wattled Bulbul,12.0
family,Heteromyidae,37,0,0.9569,5.408,7.47,145.0,Banner-tailed kangaroo rat,12.7
family,Parulidae,51,0,0.9567,8.6,6.6,26.0,Black-and-white warbler,12.2
family,Petroicidae,14,0,0.9563,9.3,8.2,33.95,White-breasted robin,18.3
family,Troglodytidae,8,0,0.9531,7.65,9.1,38.9,Buff-breasted wren,15.0
family,Lethrinidae,18,0,0.9527,14.0,111.447,14000.0,Sky emperor,27.0
family,Anseranatidae,1,0,0.9507,24.8,2071.0,2071.0,Magpie goose,24.8
family,Corytophanidae,4,0,0.9502,9.05,43.4,225.0,Green basilisk,13.0
family,Gaviidae,5,0,0.9472,28.0,1816.0,5212.5,Yellow-billed Loon,30.0
family,Kneriidae,1,0,0.9454,3.0,3.13436,3.13436,Airbreathing shellear,3.0
family,Eurypygidae,1,0,0.9402,15.0,210.0,210.0,Sunbittern,15.0
family,Bombycillidae,2,0,0.9396,10.85,30.0,54.5,Bohemian waxwing,13.5
family,Iniidae,2,0,0.939,23.65,40416.7,84000.0,"Amazon river dolphin, or Amazon dolphin",31.3
family,Thylacomyidae,1,0,0.9366,9.6,1300.0,1300.0,"Rabbit-bandicoot, or Bilby",9.6
family,Scolopendridae,1,0,0.9365,10.0,50.0,50.0,Giant centipede,10.0
family,Climacteridae,4,0,0.9352,8.5,22.3,30.0,Brown treecreeper,13.9
family,Monarchidae,10,0,0.9331,7.8,10.225,79.9,Oahu Elepaio,17.8333
family,Candoiidae,2,0,0.9318,13.25,384.0,384.0,Pacific ground boa,16.6
family,Lipotidae,1,0,0.9297,24.0,83500.0,83500.0,"Yangzte river dolphin, or Baiji",24.0
family,Perciliidae,1,0,0.9287,4.0,11.129,11.129,Percilia irwini,4.0
family,Caprimulgidae,11,0,0.927,14.8,48.925,115.0,Mexican Whip-poor-will,15.0
family,Solenodontidae,2,0,0.9265,9.3,912.31,1000.0,Hispaniolan solenodon,12.1
family,Certhiidae,4,0,0.9263,8.167,8.325,9.1,Eurasian treecreeper,8.2
family,Zaniolepididae,1,0,0.9262,8.0,199.406,199.406,Painted greenling,8.0
family,Giraffidae,2,0,0.9155,36.0,250000.0,1200000.0,Giraffe,39.0
family,Anabantidae,2,0,0.9141,6.85,68.75,130.0,Miss Kingsley's climbing perch,8.7
family,Passerellidae,31,0,0.914,9.1,11.0,47.0,Savannah sparrow,18.0
family,Sphyraenidae,6,0,0.9134,11.0,148.65,24000.0,Yellowtail barracuda,98.8
family,Bothidae,3,0,0.912,8.0,93.8053,700.0,Grohmann's scaldfish,10.0
family,Alcidae,20,0,0.9113,15.1,96.0,1000.0,Common guillemot,43.0
family,Cobitidae,13,0,0.9104,4.5,3.52138,53.9,Spined loach,8.0
family,Sparidae,73,0,0.909,14.0,92.23,80000.0,Silver seabream,60.0
family,Nothobranchiidae,2,0,0.9072,4.0,1.62608,3.0,Epiplatys bifasciatus,7.0
family,Percidae,60,0,0.9046,3.0,0.687974,11000.0,Walleye,29.0
family,Struthionidae,2,0,0.9013,56.0,109250.0,120000.0,Ostrich,62.0
family,Albulidae,1,0,0.9009,20.0,10000.0,10000.0,Bonefish,20.0
family,Uranoscopidae,1,0,0.9,20.0,10041.9,10041.9,Flathead,20.0
family,Clupeidae,26,0,0.8938,7.0,14.5963,3025.0,Twaite shad,25.0
family,Odobenidae,1,0,0.8932,40.0,1000000.0,1000000.0,Walrus,40.0
family,Accipitridae,88,0,0.8931,20.85,135.0,9625.0,Eastern imperical eagle,56.0
family,Columbidae,30,0,0.8908,14.0,35.0,519.0,Mourning dove,31.0
family,Muscicapidae,32,0,0.8896,8.833,10.3,36.75,European pied flycatcher,15.0
family,Upupidae,3,0,0.889,11.1,66.25,68.05,African Hoopoe,11.1
family,Mormyridae,4,0,0.8882,5.5,4.0,2915.0,Mormyrid,29.0
family,Falconidae,24,0,0.8881,15.4,61.025,1406.5,Guadalupe Caracara,37.6
family,Cepolidae,1,0,0.8857,8.0,240.0,240.0,Red bandfish,8.0
family,Sulidae,8,0,0.8842,24.25,1017.0,3000.0,Northern gannet,37.0
family,Pristigasteridae,1,0,0.8826,7.0,140.0,140.0,Elongate ilisha,7.0
family,Maluridae,11,0,0.8801,7.7,7.4,18.2,Lovely fairywren,12.0
family,Tyrannidae,28,0,0.8768,8.15,7.4,40.7,Great crested flycatcher,14.9
family,Epinephelidae,44,0,0.876,21.5,200.0,455000.0,Warsaw grouper,91.0
family,Pythonidae,25,0,0.8734,25.7,82.0,245988.0,Ball python,47.0
family,Bathylagidae,2,0,0.8727,5.0,14.9344,88.4584,California smoothtongue,5.0
family,Limulidae,1,0,0.8698,20.0,1000.0,1000.0,Atlantic horseshoe crab,20.0
family,Balaenidae,4,0,0.866,70.0,23000000.0,80000000.0,Bowhead whale,211.0
family,Lithodidae,1,0,0.864,30.0,5000.0,5000.0,Red king crab,30.0
family,Siluridae,4,0,0.8623,15.5,547.36,50000.0,Wels catfish,60.0
family,Triglidae,11,0,0.861,15.0,93.29,6640.0,East Atlantic red gurnard,21.0
family,Nectariniidae,7,0,0.8592,5.5,6.85,13.0,Purple sunbird,22.0
family,Gadidae,23,0,0.8571,18.0,48.98,18700.0,Southern blue whiting,30.0
family,Scorpionidae,1,0,0.8539,8.0,30.0,30.0,Emperor scorpion,8.0
family,Rhinocerotidae,5,0,0.8515,43.5,1000000.0,2300000.0,White rhinoceros,50.0
family,Umbridae,3,0,0.8505,5.0,14.91,201.3,Alaska blackfish,8.0
family,Varanidae,41,0,0.8475,15.7,39.185,70000.0,Komodo dragon,32.0
family,Regulidae,3,0,0.8465,6.3,5.5,6.75,Goldcrest,7.0
family,Aphredoderidae,1,0,0.846,4.0,16.3855,16.3855,Pirate perch,4.0
family,Nemacheilidae,4,0,0.8454,4.0,3.85874,224.34,Kashgarian loach,7.0
family,Trachyrincidae,1,0,0.8453,11.0,1091.02,1091.02,Roughsnout grenadier,11.0
family,Geomyidae,19,0,0.8445,6.0,80.495,397.0,Desert Pocket Gopher,12.0
family,Synanceiidae,1,0,0.8431,9.0,480.0,480.0,Inimicus japonicus,9.0
family,Balaenopteridae,7,0,0.8405,74.0,7500000.0,150000000.0,Humpback whale,95.0
family,Alaudidae,5,0,0.8391,10.1,26.9,43.15,Crested lark,11.6
family,Remizidae,5,0,0.8362,7.0,6.8,9.3,Eurasian penduline-tit,7.2
family,Elapidae,48,0,0.836,16.15,56.0,30758.0,Andaman Cobra,32.3
family,Merlucciidae,8,0,0.8355,14.0,404.004,44436.9,Southern hake,30.0
family,Hyperoodontidae,4,0,0.8342,55.0,2701000.0,11380000.0,Baird's beaked whale,84.0
family,Psychrolutidae,2,0,0.8334,11.5,1240.0,1550.0,Darkfin sculpin,12.0
family,Esocidae,5,0,0.8314,13.0,1020.0,17490.0,Northern pike,30.0
family,Asteriidae,1,0,0.8303,10.0,80.0,80.0,Common starfish,10.0
family,Tenebrionidae,1,0,0.829,2.0,0.15,0.15,Mealworm beetle,2.0
family,Rajidae,25,0,0.8263,15.0,110.0,115315.0,"Blue skate, or Common skate",50.0
family,Anatidae,92,0,0.8235,21.35,326.0,13000.0,Greater white-fronted goose,47.0
family,Mimidae,10,0,0.8197,10.15,34.5,98.6,Northern mockingbird,20.0
family,Turdidae,23,0,0.8176,10.8,24.8,129.5,Tibetan Blackbird,21.8333
family,Eschrichtiidae,1,0,0.8176,77.0,28500000.0,28500000.0,Gray whale,77.0
family,Furnariidae,6,0,0.8169,10.5,32.6,44.3,Plain-brown Woodcreeper,11.4167
family,Moschidae,4,0,0.8159,13.892,12488.7,12907.8,Anhui Musk Deer,13.8917
family,Alosidae,5,0,0.8146,8.0,137.099,2000.0,Twaite shad,25.0
family,Iguanidae,23,0,0.8138,13.8,29.175,6754.63,Galapagos Land Iguana,50.0
family,Nautilidae,1,0,0.8133,20.0,1300.0,1300.0,Chambered nautilus,20.0
family,Trichiuridae,5,0,0.8118,15.0,2750.0,8000.0,Black scabbardfish,32.0
family,Estrildidae,16,0,0.8113,6.0,8.725,24.8,Red-browed finch,23.4
family,Trionychidae,7,0,0.8104,17.8,1444.5,23463.0,African softshell turtle,50.6
family,Balitoridae,1,0,0.8098,7.0,200.0,200.0,Stone loach,7.0
family,Arripidae,4,0,0.8064,10.5,440.0,5775.0,Australian salmon,26.0
family,Acestrorhamphidae,2,0,0.806,3.75,2.11472,109.1,Hemigrammus rodwayi,4.0
family,Menuridae,1,0,0.8059,17.9,979.95,979.95,Superb lyrebird,17.9
family,Anarhichadidae,1,0,0.8058,22.0,23580.0,23580.0,Atlantic wolffish,22.0
family,Neosittidae,1,0,0.8043,6.9,11.7,11.7,Varied sittella,6.9
family,Gobionidae,17,0,0.8025,4.0,1.87907,3000.0,Barbel steed,15.0
family,Microbiotheriidae,1,0,0.8016,3.492,27.5,27.5,Monito del Monte,3.49167
family,Lophiidae,4,0,0.8014,22.5,10471.3,31735.0,Goosefish,30.0
family,Emberizidae,22,0,0.8008,7.05,12.5,48.8,Yellowhammer,13.2
family,Panuridae,1,0,0.7988,7.1,13.8,13.8,Bearded parrotbill,7.1
family,Talpidae,21,0,0.7969,3.5,18.85,983.805,Desman,10.0
family,Gavialidae,2,0,0.7941,42.35,119000.0,160000.0,Gharial,60.0
family,Teiidae,15,0,0.7926,7.8,7.9,4700.0,Argentine Black and White Tegu,16.1
family,Bovidae,137,0,0.792,20.3,2250.0,825000.0,Anoa,36.1
family,Centrarchidae,19,0,0.7916,9.0,10.4598,5527.5,Smallmouth bass,26.0
family,Psophodidae,2,0,0.7914,10.192,68.0,72.1,Eastern whipbird,12.3
family,Cervidae,43,0,0.7908,18.8,9674.98,450000.0,Pere David's deer,27.5
family,Phylloscopidae,9,0,0.7908,8.0,8.0,10.0,Willow warbler,11.8
family,Ardeidae,27,0,0.79,21.1,101.0,4468.0,Purple heron,25.4
family,Lacertidae,48,0,0.7897,4.0,2.1,195.995,-999,20.0
family,Lamnidae,4,0,0.789,31.0,60000.0,1000000.0,Great white shark,73.0
family,Palinuridae,1,0,0.784,20.0,1500.0,1500.0,Caribbean spiny lobster,20.0
family,Lotidae,1,0,0.7835,25.0,45000.0,45000.0,Ling,25.0
family,Leuciscidae,149,0,0.7827,5.0,1.18648,36290.0,Altai osman,40.0
family,Girellidae,3,0,0.7826,13.0,3168.0,9152.98,Parore,24.0
family,Colubridae,113,0,0.7817,14.3,6.0,8324.0,Eastern Rat Snake (alleghaniensis),33.9
family,Aplocheilidae,1,0,0.7795,3.0,6.97822,6.97822,Argentine pearlfish,3.0
family,Scophthalmidae,5,0,0.7771,13.0,640.0,13750.0,Turbot,26.0
family,Gasterosteidae,6,0,0.7768,2.5,0.842744,16.14,Alaskan stickleback,8.0
family,Laniidae,13,0,0.7746,10.083,20.8,63.5,Southern Grey Shrike,16.1
family,Polioptilidae,2,0,0.7733,6.1,6.0,6.5,California gnatcatcher,8.0
family,Cinclidae,2,0,0.7726,9.35,50.2,61.7,White-throated dipper,10.6
family,Rhincodontidae,1,0,0.7723,100.0,15000000.0,15000000.0,Whale shark,100.0
family,Ictaluridae,19,0,0.7716,5.0,5.59117,37450.0,Channel catfish,24.0
family,Achiridae,1,0,0.7709,6.0,129.456,129.456,Hogchoker,6.0
family,Triakidae,13,0,0.7675,16.0,3146.0,24585.0,Tope shark,55.0
family,Emmelichthyidae,3,0,0.767,10.0,310.0,1625.0,Cape bonnetmouth,10.0
family,Picidae,36,0,0.7667,10.5,19.8,364.0,Red-bellied woodpecker,20.7
family,Artamidae,1,0,0.765,8.2,33.0,33.0,Dusky woodswallow,8.2
family,Xenopeltidae,1,0,0.7614,12.1,753.0,753.0,Sunbeam snake,12.1
family,Haemulidae,11,0,0.7611,12.0,137.0,6300.0,Silver grunt,19.0
family,Elassomatidae,3,0,0.7604,1.5,0.422944,1.2393,Banded pygmy sunfish,3.0
family,Myliobatidae,2,0,0.7602,20.0,7645.0,45155.0,Bat ray,24.0
family,Suidae,18,0,0.7596,18.4,8000.0,200315.0,Domestic pig,27.0
family,Dinomyidae,1,0,0.7592,12.8,12250.0,12250.0,Pacarana,12.8
family,Dipodidae,19,0,0.7574,4.2,8.92,350.0,Lesser Egyptian jerboa,7.3
family,Cyprinidae,64,0,0.7543,8.75,1.31841,30000.0,Koi,50.0
family,Salmonidae,75,0,0.7533,10.0,35.0,50000.0,Lake trout,62.0
family,Pomatostomidae,4,0,0.7502,10.8,41.8,71.0,White-browed babbler,14.4
family,Podicipedidae,9,0,0.7472,14.0,174.0,1475.5,Great crested grebe,19.2
family,Paradisaeidae,4,0,0.7467,12.05,86.5,250.0,Greater bird-of-paradise,12.1
family,Balistidae,4,0,0.7463,13.0,1800.0,6150.0,Queen triggerfish,23.0
family,Dermochelyidae,1,0,0.7392,45.0,400000.0,400000.0,Leatherback sea turtle,45.0
family,Motacillidae,16,0,0.7355,6.708,16.55,27.5042,White wagtail,13.7
family,Clariidae,1,0,0.731,25.0,60000.0,60000.0,North African catfish,25.0
family,Anhingidae,4,0,0.7309,16.2,1080.0,1518.0,Australasian darter,22.3
family,Sillaginidae,10,0,0.7306,8.0,96.0,2640.0,Sand whiting,22.0
family,Callorhinchidae,1,0,0.7293,12.0,2887.5,2887.5,Cape elephantfish,12.0
family,Ziphiidae,4,0,0.7283,33.5,900000.0,7000000.0,Arnoux's Beaked Whale,84.0
family,Musophagidae,2,0,0.7269,12.4,265.0,310.5,Knysna Turaco,12.4
family,Gempylidae,4,0,0.7261,13.0,797.016,8800.0,Silver gemfish,16.0
family,Scaridae,32,0,0.7253,11.5,234.226,46000.0,Green humphead parrotfish,33.0
family,Hexagrammidae,7,0,0.7252,12.0,555.313,32505.0,Lingcod,20.0
family,Polynemidae,1,0,0.724,20.0,24750.0,24750.0,King threadfin,20.0
family,Sphaerodactylidae,8,0,0.7235,2.2,0.5,16.235,-999,13.0
family,Paralepididae,1,0,0.7233,4.0,31.3882,31.3882,Japanese barracudina,4.0
family,Chanidae,1,0,0.7196,15.0,7700.0,7700.0,Milkfish,15.0
family,Tenrecidae,12,0,0.7188,2.825,6.7,900.0,Lesser hedgehog tenrec,19.0
family,Plotosidae,3,0,0.7186,8.0,85.88,6800.0,Cobbler,13.0
family,Coraciidae,3,0,0.7155,9.2,108.0,158.0,Lilac-breasted roller,13.7
family,Rhombosoleidae,6,0,0.7146,11.0,600.0,2022.74,Colistium guentheri,21.0
family,Dipsadidae,12,0,0.7144,11.85,104.0,1587.0,Dusty Hognose Snake,20.0
family,Hypsiprymnodontidae,1,0,0.7131,6.0,534.25,534.25,Musky Rat-kangaroo,6.0
family,Macropodidae,55,0,0.7129,14.0,1250.0,55000.0,Matschie's tree kangaroo,26.9
family,Galaxiidae,8,0,0.7121,2.5,0.653842,32.0,Barred Galaxias,15.0
family,Dromaiidae,1,0,0.7102,35.0,40000.0,40000.0,Emu,35.0
family,Dasyuridae,52,0,0.7085,3.75,5.3,8000.0,Kowari,8.0
family,Centrolophidae,6,0,0.7081,15.0,254.31,33000.0,Antarctic butterfish,15.0
family,Embiotocidae,12,0,0.7039,8.5,59.2913,2650.31,Black perch,10.0
family,Batrachoididae,2,0,0.7037,9.5,537.676,2230.0,Oyster toadfish,12.0
family,Dasyatidae,6,0,0.7036,22.5,445.0,225259.0,Southern stingray,28.0
family,Synodontidae,7,0,0.697,7.0,300.0,2565.9,Trachinocephalus trachinus,11.0
family,Xenocyprididae,9,0,0.6943,13.0,70.0,77500.0,Barbel chub,27.0
family,Trichodontidae,1,0,0.6942,6.0,200.0,200.0,Japanese sandfish,6.0
family,Erinaceidae,16,0,0.6937,7.0,57.8,824.49,Northern White-Breasted Hedgehog,14.0
family,Atrichornithidae,1,0,0.6926,7.8,41.525,41.525,Noisy scrubbird,7.8
family,Ambassidae,1,0,0.6906,3.0,11.53,11.53,Indian glassy fish,3.0
family,Bovichtidae,1,0,0.687,5.0,98.0,98.0,Bovichtus diacanthus,5.0
family,Cynoglossidae,4,0,0.6839,5.0,75.4883,580.9,Cynoglossus robustus,11.0
family,Acanthisittidae,1,0,0.6828,5.167,6.525,6.525,Rifleman,5.16667
family,Otididae,4,0,0.6813,20.5,1502.5,10900.0,Great bustard,28.3
family,Gerreidae,2,0,0.6744,8.5,788.5,1141.56,Strongspine silver-biddy,9.0
family,Pholidae,1,0,0.6742,5.0,105.982,105.982,Rock gunnel,5.0
family,Rheidae,1,0,0.6734,30.0,25000.0,25000.0,Greater rhea,30.0
family,Spheniscidae,13,0,0.6725,25.0,1100.0,30000.0,Gentoo penguin,41.0
family,Syngnathidae,9,0,0.6696,3.5,0.549441,418.453,Big-belly seahorse,7.0
family,Phalacrocoracidae,17,0,0.6676,13.1,542.875,3336.0,Australian pied cormorant,46.4
family,Cricetidae,217,0,0.6652,3.8,8.0,1200.0,Anthony's Woodrat,10.5
family,Pseudocarchariidae,1,0,0.6647,13.0,5910.0,5910.0,Crocodile shark,13.0
family,Ginglymostomatidae,1,0,0.6629,25.0,90000.0,90000.0,Nurse shark,25.0
family,Cichlidae,22,0,0.6608,7.0,25.6102,4100.0,Three spotted tilapia,13.0
family,Stichopodidae,1,0,0.6599,12.0,400.0,400.0,California sea cucumber,12.0
family,Osphronemidae,1,0,0.6596,2.0,2.59629,2.59629,Siamese fighting fish,2.0
family,Thylacinidae,1,0,0.6581,13.0,25000.0,25000.0,Thylacine,13.0
family,Caviidae,11,0,0.6571,6.3,337.9,51572.5,Capybara,15.1
family,Osmeridae,12,0,0.6546,5.0,9.795,1887.99,Pacific rainbow smelt,15.0
family,Natricidae,15,0,0.6535,9.6,26.0,1587.0,"Pacific Coast Aquatic Garter Snake, Santa Cruz Garter Snake",17.8
family,Antilocapridae,1,0,0.6511,15.0,50000.0,50000.0,Pronghorn,15.0
family,Loricariidae,1,0,0.6492,10.0,2196.0,2196.0,Rhinelepis aspera,10.0
family,Myctophidae,24,0,0.6492,2.75,0.6,142.874,Antarctic lanternfish,11.0
family,Pellorneidae,2,0,0.6471,6.208,15.8,20.5,Nepal Fulvetta,7.41667
family,Erethizontidae,12,0,0.6444,9.692,750.78,8600.0,Prehensile-tailed porcupine,26.6
family,Nesomyidae,24,0,0.6441,3.521,4.99,1500.0,Malagasy giant rat,12.6
family,Achatinidae,1,0,0.6362,9.0,150.0,150.0,Giant African land snail,9.0
family,Tephrodornithidae,2,0,0.6361,6.25,22.0,22.0,Sri Lanka Woodshrike,6.25
family,Dalatiidae,1,0,0.6361,18.4,29965.7,29965.7,Kitefin shark,18.4
family,Pseudocheiridae,10,0,0.6344,5.7,153.125,1877.03,Greater Glider,15.0
family,Alcedinidae,15,0,0.633,8.083,31.4,305.0,Laughing kookaburra,26.8
family,Fundulidae,7,0,0.6299,2.25,0.198683,69.058,Mummichog,4.0
family,Sciaenidae,50,0,0.6292,8.0,55.3,103000.0,Red drum,50.0
family,Retropinnidae,2,0,0.6288,4.0,5.12861,186.0,Australian grayling,6.0
family,Engraulidae,14,0,0.6279,3.5,8.0,253.443,Californian anchoveta,7.0
family,Mullidae,6,0,0.6277,5.5,90.0,1117.0,Red mullet,11.0
family,Latidae,5,0,0.6246,13.0,1064.0,100000.0,Barramundi,35.0
family,Kyphosidae,1,0,0.6233,10.0,2600.0,2600.0,Stone-bream,10.0
family,Burhinidae,3,0,0.6231,17.9,459.0,667.967,Indian Stone-curlew,17.9
family,Sagittariidae,1,0,0.6224,18.6,3900.0,3900.0,Secretarybird,18.6
family,Eupleridae,7,0,0.6219,11.392,549.99,9500.0,Ring-tailed mongoose,26.0
family,Pelecanoididae,1,0,0.6213,9.0,134.0,134.0,Common Diving Petrel,9.0
family,Liparidae,6,0,0.6109,7.5,129.648,1700.0,Cherry snailfish,8.0
family,Dicruridae,5,0,0.6107,7.917,79.1833,82.25,Wallacean Drongo,7.91667
family,Priacanthidae,2,0,0.6099,7.55,588.479,1144.0,Bulleye,9.0
family,Leporidae,38,0,0.6084,8.9,431.19,4175.0,Arctic Hare,18.0
family,Apogonidae,4,0,0.6079,4.5,1.4061,87.821,Cardinal fish,5.0
family,Monacanthidae,1,0,0.6031,9.0,1925.0,1925.0,Chinaman-leatherjacket,9.0
family,Cyclopsettidae,2,0,0.6023,8.0,861.825,873.466,Pacific sanddab,11.0
family,Carangidae,31,0,0.6023,12.0,64.3,96840.0,White trevally,49.0
family,Phalangeridae,20,0,0.601,5.908,1365.0,7000.0,Ground cuscus,18.9
family,Moronidae,5,0,0.6005,9.0,1210.0,31350.0,Striped bass,30.0
family,Rallidae,22,0,0.5977,10.5,33.2125,2475.0,Hawaiian Coot,22.3333
family,Bipedidae,1,0,0.5959,3.3,5.47,5.47,Five-toed Worm Lizard,3.3
family,Cracidae,6,0,0.5952,14.417,495.5,4133.0,Great curassow,24.0
family,Cyclopteridae,1,0,0.5929,13.0,9500.0,9500.0,Lumpfish,13.0
family,Carcharhinidae,27,0,0.5923,20.0,1831.0,400000.0,Tiger shark,37.0
family,Mugilidae,13,0,0.592,10.0,160.0,9000.0,Thicklipped mullet,25.0
family,Atherinopsidae,8,0,0.5913,3.5,6.24301,3050.0,Jacksmelt,11.0
family,Muridae,256,0,0.5893,4.2,6.0,1750.0,Slender-tailed cloud rat,13.6
family,Callaeidae,2,0,0.5866,7.5,74.95,74.95,South Island Saddleback,7.5
family,Trygonorrhinidae,1,0,0.5849,15.0,18187.4,18187.4,Southern fiddler ray,15.0
family,Pentanchidae,1,0,0.5819,8.0,1370.0,1370.0,Blackmouth catshark,8.0
family,Tripterygiidae,4,0,0.5815,3.0,0.205693,34.7476,Striped triplefin,4.0
family,Nemipteridae,5,0,0.5811,5.0,188.563,720.746,Yellowbelly threadfin bream,10.0
family,Locustellidae,5,0,0.5783,5.9,13.3,24.775,Savi's warbler,9.8
family,Sternoptychidae,3,0,0.5753,2.0,1.42,5.45733,Silvery lightfish,3.0
family,Pristidae,4,0,0.575,32.0,210089.0,2876980.0,Common sawfish,44.0
family,Tarsipedidae,1,0,0.5747,2.0,10.0,10.0,Honey possum,2.0
family,Casuariidae,3,0,0.5698,26.0,35000.0,47300.0,Southern cassowary,40.0
family,Ptilocercidae,1,0,0.5628,2.7,42.5,42.5,Pen-tailed Treeshrew,2.7
family,Oxudercidae,1,0,0.5589,4.0,91.4,91.4,Great blue spotted mudskipper,4.0
family,Bramidae,4,0,0.5532,9.0,1015.0,6050.0,Pacific fanfish,10.0
family,Centriscidae,2,0,0.553,4.0,41.2998,67.05,Longspine snipefish,6.0
family,Ochotonidae,20,0,0.5517,3.575,68.75,336.26,Northern pika,9.4
family,Adrianichthyidae,1,0,0.5517,1.0,0.307291,0.307291,Oryzias sinensis,1.0
family,Alestiidae,4,0,0.5505,5.0,1.1,15400.0,Tiger fish,8.0
family,Peramelidae,9,0,0.5434,5.8,226.0,1600.0,Northern brown bandicoot,6.8
family,Jordaniidae,1,0,0.5399,13.0,14000.0,14000.0,Cabezon,13.0
family,Bagridae,4,0,0.5397,11.0,17.0825,46000.0,African catfish,17.0
family,Calcariidae,5,0,0.538,5.0,20.125,42.0,Snow bunting,10.2
family,Cetorhinidae,1,0,0.5311,50.0,4000000.0,4000000.0,Basking shark,50.0
family,Hemiramphidae,7,0,0.5306,4.0,75.6,417.447,Dusky sea garfish,10.0
family,Cuculidae,10,0,0.5298,7.442,33.5083,684.1,Common cuckoo,13.0
family,Nomeidae,2,0,0.5295,4.0,88.5467,147.895,Blue fathead,4.0
family,Soricidae,98,0,0.5272,2.5,2.1,45.9,Cyrenaica Shrew,4.0
family,Spalacidae,11,0,0.5272,3.742,160.0,2750.0,Palestine mole rat,20.2
family,Pardalotidae,3,0,0.5238,4.0,8.875,11.775,Striated pardalote,6.0
family,Malaconotidae,1,0,0.5194,6.083,49.85,49.85,Black-crowned Tchagra,6.08333
family,Alopiidae,3,0,0.519,29.0,200090.0,1120960.0,Thresher,38.0
family,Didelphidae,49,0,0.5182,3.0,15.34,3000.0,Mexican Mouse Opossum,15.0583
family,Meropidae,3,0,0.5181,5.9,29.5,56.6,White-fronted bee-eater,7.0
family,Aegothelidae,1,0,0.5171,5.9,44.125,44.125,Australian owlet-nightjar,5.9
family,Arapaimidae,1,0,0.517,20.0,100000.0,100000.0,Arapaima,20.0
family,Poeciliidae,5,0,0.5155,1.0,0.2,7.60076,Guppy,5.0
family,Phasianidae,36,0,0.5127,11.35,45.0,7000.0,Red junglefowl,30.0
family,Dorosomatidae,13,0,0.5109,5.0,13.7,5000.0,Perth herring,19.8
family,Orectolobidae,3,0,0.5104,22.0,126972.0,254723.0,Spotted wobbegong,27.0
family,Blattidae,1,0,0.51,2.0,1.0,1.0,American cockroach,2.0
family,Melanotaeniidae,2,0,0.5083,3.5,30.0863,185.21,Murray River rainbowfish,4.0
family,Ephippidae,1,0,0.5082,11.0,9000.0,9000.0,Atlantic spadefish,11.0
family,Odontophoridae,3,0,0.508,7.4,138.0,194.0,California quail,9.6
family,Sphyrnidae,4,0,0.5078,25.5,5940.0,449500.0,Scalloped hammerhead,35.0
family,Atherinidae,3,0,0.5063,4.0,42.2585,59.7315,Big-scale sand smelt,4.0
family,Eleginopidae,1,0,0.5038,11.0,9332.15,9332.15,Patagonian blennie,11.0
family,Gobiidae,65,0,0.5001,2.0,0.0271426,600.0,Fries' goby,11.0
family,Phycidae,2,0,0.4979,9.5,2540.0,3910.0,Gulf hake,14.0
family,Manidae,7,0,0.4922,6.075,2089.99,32999.8,Indian Pangolin,20.0
family,Rachycentridae,1,0,0.4916,15.0,37400.0,37400.0,Cobia,15.0
family,Ariidae,9,0,0.4899,7.0,97.5,50000.0,White sea catfish,36.0
family,Echimyidae,30,0,0.487,3.5,187.49,624.995,Armored rat,7.0
family,Aeshnidae,1,0,0.4867,2.0,1.2,1.2,Emperor dragonfly,2.0
family,Urotrygonidae,2,0,0.4827,9.0,1360.0,3740.14,Haller's round ray,14.0
family,Rhabditidae,1,0,0.4822,0.055,1e-06,1e-06,Nematode,0.055
family,Paralichthyidae,9,0,0.4743,7.0,5.09588,18150.0,California halibut,30.0
family,Oplegnathidae,2,0,0.4716,10.0,4489.88,15214.9,Cape knifejaw,10.0
family,Phrynosomatidae,13,0,0.47,6.0,6.94,35.59,Coachella Valley Fringe-toed Lizard,8.1
family,Siganidae,4,0,0.4654,6.5,183.1,2353.63,White-spotted spinefoot,7.8
family,Cisticolidae,1,0,0.4641,3.6,7.325,7.325,Golden-headed cisticola,3.6
family,Rhinopteridae,2,0,0.4636,13.125,22800.0,28692.6,Cownose ray,15.5
family,Campephagidae,4,0,0.4632,5.5,25.5,115.133,Black-faced cuckooshrike,9.0
family,Kogiidae,1,0,0.4591,17.0,424600.0,424600.0,Pygmy sperm whale,17.0
family,Gonostomatidae,1,0,0.4563,1.0,0.675148,0.675148,Brauer's bristlemouth,1.0
family,Pittidae,1,0,0.4504,6.0,90.75,90.75,Noisy pitta,6.0
family,Heterodontidae,2,0,0.4494,12.0,16294.2,28366.6,Horn shark,12.0
family,Rhinobatidae,4,0,0.448,11.5,5000.0,26550.0,Shovelnose guitarfish,16.0
family,Cotingidae,1,0,0.4458,7.0,195.0,195.0,Guianan cock-of-the-rock,7.0
family,Lamprophiidae,21,0,0.4452,10.3,109.0,3113.0,Bibron's mole viper,23.9
family,Zaproridae,1,0,0.4418,9.0,7000.0,7000.0,Prowfish,9.0
family,Chamaeleonidae,14,0,0.4404,3.4,11.29,344.5,Veiled chameleon,9.0
family,Congridae,4,0,0.4404,9.5,1698.24,110000.0,European conger,20.0
family,Agamidae,37,0,0.44,5.6,3.685,851.73,lesueurii: Eastern Water Dragon,18.9
family,Scombridae,28,0,0.4386,10.0,560.0,450000.0,Atlantic bluefin tuna,40.0
family,Holocentridae,1,0,0.4384,7.0,2550.0,2550.0,Sabre squirrelfish,7.0
family,Citharinidae,1,0,0.4379,7.5,3410.0,3410.0,Nile distichodus,7.5
family,Pimelodidae,3,0,0.4348,15.0,19750.0,70000.0,Tiger sorubim,18.0
family,Muraenesocidae,1,0,0.4339,15.0,62778.8,62778.8,Daggertooth pike conger,15.0
family,Megapodiidae,5,0,0.433,12.5,711.0,2340.0,Maleo,23.0
family,Pomatomidae,1,0,0.4288,9.0,7920.0,7920.0,Bluefish,9.0
family,Glaucostegidae,1,0,0.428,14.0,49900.0,49900.0,Blackchin guitarfish,14.0
family,Dasyornithidae,1,0,0.4263,4.8,41.5,41.5,Eastern bristlebird,4.8
family,Schilbeidae,3,0,0.4226,5.0,250.0,1380.0,African butter catfish,7.0
family,Mobulidae,4,0,0.4223,25.5,33619.0,1650000.0,Giant manta ray,45.0
family,Artemiidae,1,0,0.4146,0.5,0.01,0.01,Brine shrimp,0.5
family,Alestidae,4,0,0.4141,5.5,300.0,15507.0,Characin,7.0
family,Amphiliidae,1,0,0.4126,2.0,18.1721,18.1721,Marbled mountain catfish,2.0
family,Gaidropsaridae,3,0,0.4094,3.0,90.8332,1102.14,Three-bearded rockling,6.0
family,Osteoglossidae,1,0,0.4078,6.5,2530.0,2530.0,Arawana,6.5
family,Oreoicidae,1,0,0.4058,5.0,63.125,63.125,Crested bellbird,5.0
family,Callichthyidae,1,0,0.4027,4.0,356.016,356.016,Atipa,4.0
family,Phosichthyidae,3,0,0.4018,1.0,0.952424,5.9796,Panama lightfish,3.0
family,Tetraodontidae,5,0,0.4006,7.0,524.362,9000.0,Japanese pufferfish,9.0
family,Schindleriidae,1,0,0.3971,0.5,0.0678536,0.0678536,Schindler's fish,0.5
family,Dermatemydidae,1,0,0.3897,11.3,12500.0,12500.0,Central american river turtle,11.3
family,Hemerocoetidae,1,0,0.387,3.0,127.389,127.389,Opalfish,3.0
family,Salangidae,2,0,0.3818,1.0,0.674605,2.96551,Neosalanx pseudotaihuensis,1.0
family,Malapteruridae,1,0,0.3811,10.0,20000.0,20000.0,Electric catfish,10.0
family,Rivulidae,3,0,0.3748,1.0,0.699775,4.82797,Laimosemion xiphidius,3.0
family,Drosophilidae,1,0,0.3738,0.25,0.001,0.001,Common fruit fly,0.25
family,Hepsetidae,2,0,0.369,5.0,756.445,2200.0,Southern African Pike,5.0
family,Nesospingidae,1,0,0.368,4.0,35.2,35.2,Puerto Rican tanager,4.0
family,Belonidae,3,0,0.3679,6.0,1418.0,6350.0,Garfish,8.0
family,Dussumieriidae,3,0,0.367,3.0,35.7251,108.5,Etrumeus golanii,5.0
family,Culicidae,1,0,0.3548,0.3,0.0025,0.0025,Northern house mosquito,0.3
family,Clinidae,1,0,0.3494,5.0,1617.39,1617.39,Giant kelpfish,5.0
family,Lepidosirenidae,1,0,0.3474,8.3,13563.1,13563.1,South American lungfish,8.3
family,Apidae,3,0,0.3441,1.0,0.09,0.6,Honey bee queen,5.0
family,Glareolidae,1,0,0.3431,4.4,76.0,76.0,Oriental pratincole,4.4
family,Prochilodontidae,2,0,0.3331,5.0,540.0,7200.0,Brazilian bocachico,5.0
family,Tinamidae,4,0,0.3244,4.5,245.625,1390.5,Solitary tinamou,15.0
family,Cyclopedidae,1,0,0.323,2.3,251.975,251.975,Silky Anteater,2.3
family,Sinipercidae,2,0,0.3226,6.5,2258.0,10200.0,Mandarin fish,9.0
family,Odontaspididae,1,0,0.3205,12.0,87340.0,87340.0,Sand tiger shark,12.0
family,Molidae,2,0,0.3139,23.0,1000000.0,2000000.0,Sharptail mola,23.0
family,Xiphiidae,1,0,0.3128,19.0,650000.0,650000.0,Swordfish,19.0
family,Bryconidae,1,0,0.3076,9.0,31400.0,31400.0,Dorado,9.0
family,Araneidae,1,0,0.3045,1.0,0.5,0.5,European garden spider,1.0
family,Nymphalidae,1,0,0.3045,1.0,0.5,0.5,Monarch butterfly,1.0
family,Daphniidae,1,0,0.299,0.2,0.001,0.001,Water flea,0.2
family,Hypoptychidae,1,0,0.2975,1.0,3.98107,3.98107,Korean sandeel,1.0
family,Chrysochloridae,9,0,0.2927,1.0,22.8,434.04,Giant Golden Mole,4.0
family,Stromateidae,2,0,0.2748,4.5,222.74,7777.2,Silver pomfret,7.0
family,Acrochordidae,2,0,0.2738,7.3,6107.0,9561.0,Arafura filesnake,8.8
family,Istiophoridae,6,0,0.2663,12.0,55110.0,906000.0,Indo-Pacific blue marlin,28.0
family,Serrasalmidae,1,0,0.2662,5.0,5000.0,5000.0,Prosomyleus rhomboidalis,5.0
family,Leiognathidae,1,0,0.2617,2.3,214.148,214.148,Splendid ponyfish,2.3
family,Auchenipteridae,1,0,0.2588,3.0,675.0,675.0,Trachelyopterus galeatus,3.0
family,Centropomidae,2,0,0.2407,7.4,13365.0,110000.0,Snook,7.8
family,Scomberesocidae,2,0,0.2159,2.0,180.0,395.19,Pacific saury,2.0
family,Tropiduridae,1,0,0.2094,1.6,24.59,24.59,Peters' Lava Lizard,1.6
family,Pangasiidae,1,0,0.1911,10.0,350000.0,350000.0,Mekong giant catfish,10.0
family,Ctenomyidae,20,0,0.1877,2.167,130.92,859.99,Lago Blanco Tuco-tuco,3.0
family,Pedionomidae,1,0,0.1838,2.3,67.8,67.8,Plains-wanderer,2.3
family,Abrocomidae,6,0,0.1762,1.083,221.82,265.5,Bennett's chinchilla rat,2.3
family,Amphisbaenidae,2,0,0.1647,7.65,58.7,210.0,Red worm lizard,15.1
family,Thryonomyidae,2,0,0.1623,3.117,2293.57,6600.0,Greater cane rat,5.4
family,Acrididae,1,0,0.1495,0.7,2.0,2.0,Desert locust,0.7
family,Coryphaenidae,2,0,0.1411,4.0,22000.0,34443.7,Pompano dolphin,4.0
family,Lobotidae,1,0,0.1155,3.0,19200.0,19200.0,Tripletail,3.0
family,Enteroctopodidae,1,0,0.1087,5.0,15000.0,15000.0,Giant Pacific octopus,5.0
family,Exocoetidae,1,0,0.1047,1.0,302.501,302.501,Fourwing flyingfish,1.0
family,Spratelloididae,2,0,0.1034,0.4,2.71997,14.2718,Silver-stripe round herring,0.5
family,Gryllidae,1,0,0.0914,0.3,0.5,0.5,House cricket,0.3
family,Sepiidae,1,0,0.087,2.0,1000.0,1000.0,Common cuttlefish,2.0
family,Notoryctidae,2,0,0.0734,0.792,34.0,55.0,Southern Marsupial Mole,1.5
family,Ulmaridae,1,0,0.0707,1.0,150.0,150.0,Moon jellyfish,1.0
family,Loliginidae,1,0,0.0657,1.0,200.0,200.0,Longfin inshore squid,1.0
family,Octopodidae,1,0,0.0657,2.0,3000.0,3000.0,Common octopus,2.0
family,Vespidae,1,0,0.0487,0.1,0.08,0.08,Common wasp,0.1
family,Leptotyphlopidae,1,0,0.0448,0.2,2.0,2.0,Cairo Blind Snake,0.2
family,Bombycidae,1,0,0.0382,0.15,1.0,1.0,Silkmoth,0.15
family,Typhlopidae,3,0,0.0274,0.3,131.0,131.0,Blotched blind snake,0.3
family,Hylidae,21,0,,7.8,1.69,100.0,European tree frog,22.0
family,Phyllomedusidae,1,0,,5.5,70.0,70.0,Maroon-eyed tree frog,5.5
family,Aromobatidae,1,0,,6.0,4.1,4.1,Allobates femoralis,6.0
family,Alytidae,3,0,,7.0,6.1,21.8,Discoglossus galganoi,9.0
family,Ambystomatidae,7,0,,25.0,5.0,120.0,Spotted salamander,32.0
family,Dendrobatidae,2,0,,11.5,0.58,4.0,Dyeing poison frog,20.0
family,Bufonidae,22,0,,9.5,16.4,1000.0,American toad,36.0
family,Ranidae,38,0,,7.0,6.8,500.0,American bullfrog,16.0
family,Amphiumidae,1,0,,27.0,500.0,500.0,Two-toed amphiuma,27.0
family,Cryptobranchidae,3,0,,30.0,400.0,25000.0,Japanese giant salamander,55.0
family,Plethodontidae,14,0,,15.5,0.6,61.0,Red-backed salamander,25.0
family,Arthroleptina,1,0,,0.3,2.69,2.69,Arthroleptis poecilonotus,0.3
family,Hynobiidae,9,0,,11.0,4.4,32.6,Hynobius kimurae,27.0
family,Mantellidae,13,0,,3.0,1.0,98.1,Boophis tsilomaro,11.0
family,Bombinatoridae,3,0,,20.0,5.9,13.1,Yellow-bellied toad,29.0
family,Salamandridae,24,0,,16.5,1.77,125.0,Fire salamander,50.0
family,Ceratophryidae,2,0,,12.65,130.0,300.0,Argentine horned frog,15.0
family,Conrauidae,1,0,,5.9,3250.0,3250.0,Goliath frog,5.9
family,Myobatrachidae,5,0,,6.0,0.65,46.5,Fleay's barred frog,8.0
family,Microhylidae,6,0,,5.9,0.2,145.6,Dyscophus antongilii,11.0
family,Dicroglossidae,7,0,,8.7,7.0,600.0,Nanorana quadranus,12.0
family,Hyperoliidae,1,0,,1.0,2.4,2.4,Hyperolius nitidulus,1.0
family,Ichthyophiidae,1,0,,7.3,99.5,99.5,Yellow-striped caecilian,7.3
family,Leiopelmatidae,1,0,,23.0,8.0,8.0,Leiopelma hamiltoni,23.0
family,Leptodactylidae,2,0,,10.4,161.0,415.0,Tungara frog,18.8
family,Proteidae,2,0,,67.0,20.0,200.0,Olm,100.0
family,Pelobatidae,3,0,,11.0,27.0,40.0,Pelobates cultripes,15.0
family,Pelodytidae,1,0,,10.0,3.03,3.03,Pelodytes punctatus,10.0
family,Limnodynastidae,1,0,,14.5,14.5,14.5,Philoria frosti,14.5
family,Leiuperidae,2,0,,5.5,1.6,5.5,Physalaemus fernandezae,6.0
family,Pipidae,2,0,,18.85,60.0,200.0,African clawed frog,30.0
family,Rhacophoridae,1,0,,7.0,35.6,35.6,Polypedates maculatus,7.0
family,Strabomantidae,1,0,,20.0,2.3,2.3,Pristimantis educatoris,20.0
family,Pyxicephalidae,1,0,,45.0,1400.0,1400.0,African bullfrog,45.0
family,Scaphiopodidae,1,0,,6.7,16.3,16.3,Couch's spadefoot,6.7
family,Sirenidae,1,0,,25.0,400.0,400.0,Greater siren,25.0
family,Typhlonectidae,1,0,,12.0,60.0,60.0,Cayenne caecilian,12.0
family,Caeciliidae,1,0,,7.0,600.0,600.0,Typhlonectes natans,7.0
family,Leiopathidae,1,1,,4265.0,5000.0,5000.0,Black coral,4265.0
family,Merulinidae,1,1,,600.0,20000.0,20000.0,Boulder star coral,600.0
family,Petrosiidae,1,1,,2300.0,30000.0,30000.0,Giant barrel sponge,2300.0
family,Monorhaphididae,1,1,,11000.0,1000.0,1000.0,Glass sponge,11000.0
genus,Arctica,1,0,47.4809,507.0,50.0,50.0,Ocean quahog,507.0
genus,Lasius,1,0,28.7157,29.0,0.005,0.005,Black garden ant queen,29.0
genus,Lamellibrachia,1,0,23.4127,250.0,50.0,50.0,Cold-seep tubeworm,250.0
genus,Margaritifera,1,0,15.7761,190.0,80.0,80.0,Freshwater pearl mussel,190.0
genus,Atta,1,0,10.9824,20.0,0.05,0.05,Leafcutter ant queen,20.0
genus,Mesocentrotus,1,0,10.3869,200.0,500.0,500.0,Red sea urchin,200.0
genus,Anemonia,1,0,9.4732,80.0,20.0,20.0,Snakelocks anemone,80.0
genus,Allocyttus,2,0,9.3952,120.0,825.0,1100.0,Warty oreo,140.0
genus,Macrotermes,1,0,9.1356,30.0,0.5,0.5,Termite queen,30.0
genus,Pollimyrus,1,0,8.6173,29.0,4.0,4.0,Mormyrid,29.0
genus,Plecotus,4,0,8.4392,30.0,7.8,12.0,Brown big-eared bat,30.0
genus,Anguis,3,0,7.8535,54.0,11.655,25.0,Peloponnese Slow Worm,54.0
genus,Neocyttus,1,0,7.6697,100.0,1100.0,1100.0,Spiky oreo,100.0
genus,Emys,1,0,7.1064,120.0,1000.0,1000.0,European pond turtle,120.0
genus,Natalus,4,0,6.795,20.0,4.7,4.7,Jamaican Greater Funnel-eared Bat,20.0
genus,Heterocephalus,1,0,6.7457,31.0,35.0,35.0,Naked mole-rat,31.0
genus,Barbastella,2,0,6.5908,23.0,10.0,10.25,Western barbastelle,23.0
genus,Myonycteris,1,0,6.4481,30.0,37.0,37.0,Little Collared Fruit Bat,30.0
genus,Sphenodon,1,0,6.3918,100.0,700.0,700.0,Tuatara,100.0
genus,Woodworthia,1,0,6.3708,37.0,6.83,6.83,Gray gecko,37.0
genus,Somniosus,1,0,6.3388,392.0,700000.0,700000.0,Greenland shark,392.0
genus,Desmodus,1,0,6.3105,29.0,35.0,35.0,Common vampire bat,29.0
genus,Pseudocyttus,1,0,6.1493,100.0,2750.0,2750.0,Smooth oreo,100.0
genus,Hydra,1,0,5.9807,4.0,0.001,0.001,Hydra,4.0
genus,Myotis,48,0,5.9315,23.7,4.2,28.55,Brandt's bat,41.0
genus,Sebastolobus,2,0,5.6765,80.0,752.297,1270.5,Shortspine thornyhead,115.0
genus,Scorpis,1,0,5.4077,68.0,946.63,946.63,Sea sweep,68.0
genus,Dyacopterus,2,0,5.3752,30.0,83.05,85.0,Brooks's Dyak Fruit Bat,30.0
genus,Mimon,2,0,5.341,20.0,13.91,13.91,Striped Hairy-nosed Bat,20.0
genus,Parma,1,0,5.1012,37.0,96.6358,96.6358,White-ear scalyfin,37.0
genus,Homo,1,0,5.0696,122.5,62000.0,62000.0,Human,122.5
genus,Emydoidea,1,0,4.9153,83.0,1000.0,1000.0,Blanding's turtle,83.0
genus,Murina,1,0,4.8948,16.0,7.54,7.54,Hilgendorf's Tube-nosed Bat,16.0
genus,Eptesicus,7,0,4.7466,20.0,13.0,18.2,Lagos Serotine,21.0
genus,Hirudo,1,0,4.5596,27.0,5.0,5.0,Medicinal leech,27.0
genus,Hypsypops,1,0,4.5364,57.0,943.643,943.643,Garibaldi damselfish,57.0
genus,Perimyotis,1,0,4.533,14.8,7.5,7.5,Eastern pipistrelle,14.8
genus,Corynorhinus,3,0,4.5093,20.5,9.15,14.25,Mexican Big-eared Bat,20.5
genus,Cathorops,1,0,4.4712,32.5,97.5,97.5,Madamango sea catfish,32.5
genus,Carollia,1,0,4.4645,17.0,15.0,15.0,Seba's short-tailed bat,17.0
genus,Clemmys,1,0,4.4392,51.0,165.4,165.4,Spotted turtle,51.0
genus,Diaemus,1,0,4.3091,20.0,36.6,36.6,White-winged Vampire Bat,20.0
genus,Nyctalus,6,0,4.3045,16.0,14.235,27.75,Japanese Noctule,22.7
genus,Chirodactylus,1,0,4.2496,97.0,11220.2,11220.2,Red moki,97.0
genus,Chrysemys,2,0,4.2062,58.0,371.8,400.0,Southern Painted Turtle,61.0
genus,Peropteryx,2,0,4.1895,19.4,5.68,230.99,Lesser Dog-like Bat,19.4
genus,Sapajus,1,0,4.0521,50.0,3000.0,3000.0,Capuchin monkey,50.0
genus,Parazanclistius,1,0,4.0431,49.0,812.365,812.365,Short boarfish,49.0
genus,Artibeus,4,0,3.9828,19.217,45.0,46.1,Jamaican fruit bat,20.0
genus,Helix,1,0,3.9143,35.0,25.0,25.0,Roman snail,35.0
genus,Magicicada,1,0,3.9075,17.0,1.5,1.5,Periodical cicada,17.0
genus,Anoplopoma,1,0,3.8983,114.0,31350.0,31350.0,Sablefish,114.0
genus,Cebus,8,0,3.8793,46.0,2467.5,2670.07,White-faced capuchin,54.0
genus,Hoplostethus,2,0,3.8317,80.0,141.0,1500.0,Orange roughy,149.0
genus,Pseudopus,1,0,3.7939,54.0,450.0,450.0,"European glass lizard, or Armored glass lizard",54.0
genus,Dolloidraco,1,0,3.7722,19.0,21.3,21.3,Dolloidraco longedorsalis,19.0
genus,Tachyglossus,1,0,3.7034,50.0,4500.0,4500.0,Short-beaked echidna,50.0
genus,Trachemys,11,0,3.6896,75.0,1500.0,1895.0,-999,75.0
genus,Oligosoma,2,0,3.6316,32.0,27.8,40.64,Otago skink,44.0
genus,Nycticeius,2,0,3.6179,15.0,6.65,9.75,Cuban Evening Bat,24.0
genus,Glyptemys,2,0,3.6154,50.0,132.1,968.2,Wood turtle,60.0
genus,Antrozous,1,0,3.6148,14.8,20.8,20.8,Pallid bat,14.8
genus,Macrotus,2,0,3.5673,13.7,11.6,16.0,California leaf-nosed bat,17.0
genus,Macroderma,1,0,3.5606,22.6,150.0,150.0,Australian false vampire bat,22.6
genus,Brachypelma,1,0,3.5524,30.0,20.0,20.0,Mexican redknee tarantula,30.0
genus,Bodianus,2,0,3.4819,65.5,1356.12,16000.0,Foxfish,78.0
genus,Lophochroa,1,0,3.4573,63.6,407.5,407.5,Major Mitchell's Cockatoo,63.6
genus,Aldabrachelys,1,0,3.4512,190.0,250000.0,250000.0,Aldabra giant tortoise,190.0
genus,Ctenochaetus,1,0,3.4495,36.0,437.0,437.0,Striated surgeonfish,36.0
genus,Lasionycteris,1,0,3.4481,12.0,10.0,10.0,Silver-haired bat,12.0
genus,Microcebus,4,0,3.4415,18.2,60.0,69.0,Red-and-gray Mouse Lemur,18.2
genus,Pentaceropsis,1,0,3.4302,55.0,2593.58,2593.58,Longsnout boarfish,55.0
genus,Perodicticus,1,0,3.4133,32.4,919.9,919.9,Potto,32.4
genus,Miniopterus,11,0,3.4,22.0,7.4,13.0,Southeast Asian Long-fingered Bat,22.0
genus,Sternotherus,4,0,3.3877,42.05,137.9,248.0,Flattened Musk Turtle,60.0
genus,Ixodes,1,0,3.3857,3.0,0.003,0.003,Deer tick,3.0
genus,Sebastes,59,0,3.3617,50.0,90.9474,15000.0,Rougheye rockfish,205.0
genus,Aphonopelma,1,0,3.3551,30.0,25.0,25.0,Desert blonde tarantula,30.0
genus,Synodontis,1,0,3.3214,31.0,275.0,275.0,Upside-down catfish,31.0
genus,Psittacus,1,0,3.2747,60.0,400.0,400.0,Grey parrot,60.0
genus,Fukomys,1,0,3.2526,20.0,130.0,130.0,Damaraland mole-rat,20.0
genus,Hylobates,7,0,3.2478,45.0,5500.0,6207.5,Borneo gibbon,60.0
genus,Coleonyx,3,0,3.2409,15.2,3.3,11.2,Texas Banded Gecko,34.8
genus,Eublepharis,2,0,3.2339,28.25,35.245,60.0,-999,28.5
genus,Mirogrex,1,0,3.2202,25.0,128.113,128.113,Kinneret bleak,25.0
genus,Phaner,4,0,3.211,25.45,400.0,400.0,Mt. d'Ambre Fork-crowned Lemur,25.45
genus,Terrapene,5,0,3.2052,28.4,259.8,855.5,-999,138.0
genus,Capros,1,0,3.2033,30.0,278.921,278.921,Boarfish,30.0
genus,Centroberyx,2,0,3.2005,55.5,2000.0,4600.0,Bight redfish,71.0
genus,Hydrobates,1,0,3.1891,33.0,28.0,28.0,European storm petrel,33.0
genus,Rhinolophus,11,0,3.181,7.5,4.6,22.875,Greater horseshoe bat,30.5
genus,Aethotaxis,1,0,3.1541,35.0,563.6,563.6,Longfin icedevil,35.0
genus,Platyrrhinus,1,0,3.1359,13.0,22.0,22.0,White-lined broad-nosed bat,13.0
genus,Glossophaga,3,0,3.125,11.0,10.0,10.9,Gray's Long-tongued Bat,11.0
genus,Potos,1,0,3.112,38.4,3000.0,3000.0,Kinkajou,38.4
genus,Nomascus,4,0,3.1106,46.1,6000.0,6852.5,Crested gibbon,46.1
genus,Tadarida,5,0,3.0763,13.0,12.0,35.0,Mexican free-tailed bat,18.0
genus,Eulemur,11,0,3.0693,37.0,1555.0,2485.0,White-headed Lemur,39.0
genus,Oedura,1,0,3.0673,21.2,15.4,15.4,Marbled velvet gecko,21.2
genus,Poecilia,1,0,3.0596,5.0,0.2,0.2,Guppy,5.0
genus,Mytilus,1,0,3.0592,24.0,15.0,15.0,Blue mussel,24.0
genus,Cebuella,1,0,3.0568,18.6,124.0,124.0,Pygmy marmoset,18.6
genus,Varecia,2,0,3.0253,38.75,3482.3,3601.3,"Black-and-white ruffed lemur, or Ruffed lemur",40.0
genus,Heteronotia,1,0,2.9901,13.6,2.18,2.18,Prickly gecko,13.6
genus,Megaderma,2,0,2.981,14.0,38.6,38.6,Greater false vampire bat,14.0
genus,Atractosteus,1,0,2.9775,95.0,45000.0,45000.0,Alligator gar,95.0
genus,Stegastes,6,0,2.9582,19.0,36.0872,120.811,Acapulco major,32.0
genus,Sturnira,1,0,2.9565,12.0,20.0,20.0,Little yellow-shouldered bat,12.0
genus,Eidolon,2,0,2.943,21.816,297.58,306.25,Malagasy Straw-colored Fruit Bat,21.8325
genus,Halosauropsis,1,0,2.938,36.0,850.206,850.206,Abyssal halosaur,36.0
genus,Austroglanis,2,0,2.9313,13.0,6.00743,25.6405,Barnard's rock-catfish,14.0
genus,Chlorocebus,6,0,2.9265,46.0,4500.0,5620.0,Malbrouck,46.0
genus,Chelonoidis,10,0,2.917,177.0,2000.0,250000.0,-999,177.0
genus,Blanus,2,0,2.9124,16.0,4.625,6.0,"Mediterranean worm lizard, or Spanish grey amphisbaena",16.0
genus,Loris,2,0,2.8885,20.45,238.2,249.22,"Red slender loris, or Slender loris",21.6
genus,Pelusios,2,0,2.8829,47.0,800.0,900.0,Yellowbelly Mud Turtle (castanoides: East African Yellowbelly Mud Turtle; intergularis: Seychelles Yellowbelly Mud Turtle),47.0
genus,Leontopithecus,4,0,2.8822,26.45,535.0,654.5,Superagui Lion Tamarin,31.6
genus,Ateles,7,0,2.8755,44.0,6000.0,7887.5,Central American spider monkey,47.1
genus,Echinops,1,0,2.8747,19.0,180.0,180.0,Lesser hedgehog tenrec,19.0
genus,Lemur,1,0,2.8649,33.0,2200.0,2200.0,Ring-tailed lemur,33.0
genus,Scotorepens,3,0,2.849,9.7,9.915,11.765,Orion broad-nosed bat,11.1
genus,Ptychobarbus,1,0,2.8425,44.0,2241.1,2241.1,Ptychobarbus dipogon,44.0
genus,Glaucomys,2,0,2.8396,16.6,65.4,149.0,Southern flying squirrel,19.0
genus,Choloepus,2,0,2.8361,41.0,6000.0,6250.0,Linnaeus's two-toed sloth,41.0
genus,Mops,1,0,2.8288,13.0,35.0,35.0,Midas' Free-tailed Bat,13.0
genus,Lesueurigobius,1,0,2.8273,11.0,7.3,7.3,Fries' goby,11.0
genus,Galidia,1,0,2.8253,26.0,800.0,800.0,Ring-tailed mongoose,26.0
genus,Astyanax,2,0,2.8036,16.5,17.4065,91.6,Twospot astyanax,18.0
genus,Bunopithecus,1,0,2.7802,41.0,6699.0,6699.0,Hoolock Gibbon,41.0
genus,Naultinus,1,0,2.7725,16.0,6.63,6.63,Jewelled gecko,16.0
genus,Hoolock,1,0,2.7642,41.0,6875.0,6875.0,"Western hoolock gibbon, or Hoolock gibbon",41.0
genus,Testudo,4,0,2.7505,55.6,440.0,1918.0,Greek tortoise,127.0
genus,Plecturocebus,3,0,2.7412,26.2,795.0,1120.0,Coppery titi,26.4
genus,Neoceratodus,1,0,2.7408,85.0,40000.0,40000.0,Australian lungfish,85.0
genus,Pagodroma,1,0,2.7362,46.0,268.0,268.0,Snow petrel,46.0
genus,Latimeria,1,0,2.7282,100.0,80000.0,80000.0,Coelacanth,100.0
genus,Leontocebus,2,0,2.721,22.55,456.5,519.2,Saddlebacked tamarin,24.9
genus,Zenopsis,1,0,2.7097,45.0,3000.0,3000.0,Mirror dory,45.0
genus,Nymphicus,1,0,2.7071,36.0,90.0,90.0,Cockatiel,36.0
genus,Nycticebus,3,0,2.7057,26.0,419.0,959.75,Bengal Slow Loris,26.5
genus,Sardinops,1,0,2.6969,25.0,267.3,267.3,Pacific sardine,25.0
genus,Cephalopachus,1,0,2.6861,16.3,122.5,122.5,Western tarsier,16.3
genus,Kinosternon,9,0,2.6776,39.933,143.0,486.0,Striped mud turtle,49.6
genus,Symphalangus,1,0,2.6727,44.0,11000.0,11000.0,Siamang,44.0
genus,Pleuragramma,1,0,2.6726,20.0,110.0,110.0,Antarctic silverfish,20.0
genus,Zaglossus,2,0,2.6716,41.2,7500.0,8951.71,Eastern Long-beaked Echidna,41.2
genus,Miopithecus,1,0,2.6651,27.7,1384.5,1384.5,"Southern talapoin monkey, or Talapoin",27.7
genus,Liopsetta,1,0,2.6621,26.0,331.936,331.936,Arctic flounder,26.0
genus,Pan,2,0,2.6575,59.0,39000.0,45000.0,Chimpanzee,63.0
genus,Carlito,1,0,2.6527,16.0,119.2,119.2,Philippine tarsier,16.0
genus,Gymnocaesio,1,0,2.6514,18.0,73.4563,73.4563,Slender fusilier,18.0
genus,Gygis,1,0,2.6501,35.9,98.1,98.1,White tern,35.9
genus,Zebrasoma,3,0,2.6483,33.0,142.58,2597.81,Yellow tang,41.0
genus,Oreoleuciscus,2,0,2.6244,27.5,13.75,5500.0,Altai osman,40.0
genus,Probosciger,1,0,2.6193,56.3,841.0,841.0,Palm cockatoo,56.3
genus,Anoura,1,0,2.6185,10.0,15.2,15.2,Geoffroy's tailless bat,10.0
genus,Callimico,1,0,2.6163,22.2,555.0,555.0,Goeldi's monkey,22.2
genus,Chasmistes,3,0,2.6153,40.0,1496.0,1978.3,Cui-ui,41.0
genus,Noctilio,2,0,2.6029,12.804,44.0,50.0,Lesser Bulldog Bat,13.8083
genus,Galagoides,1,0,2.5872,13.4,60.0,60.0,Demidoff's galago,13.4
genus,Epiplatys,1,0,2.5843,7.0,1.62608,1.62608,Epiplatys bifasciatus,7.0
genus,Haliotis,1,0,2.573,54.0,700.0,700.0,Red abalone,54.0
genus,Saimiri,5,0,2.571,30.0,615.0,886.47,Bolivian squirrel monkey,30.3
genus,Rousettus,4,0,2.5692,16.35,82.935,140.0,Egyptian fruit bat,25.0
genus,Xantusia,9,0,2.5658,10.9,1.475,14.66,Sandstone Night Lizard,14.3
genus,Stigmochelys,1,0,2.5651,75.0,13000.0,13000.0,Leopard tortoise,75.0
genus,Christinus,1,0,2.558,12.8,3.405,3.405,Marbled gecko,12.8
genus,Limnocottus,1,0,2.5526,12.0,16.0,16.0,Limnocottus pallidus,12.0
genus,Podocnemis,3,0,2.5458,50.0,14.3,25800.0,Yellow-spotted Amazon River Turtle,70.0
genus,Pongo,2,0,2.5369,59.5,53408.3,55000.0,Sumatran Orangutan,60.0
genus,Haplonycteris,1,0,2.522,10.0,18.0,18.0,Philippine pygmy fruit bat,10.0
genus,Oceanodroma,5,0,2.521,31.0,36.9,84.0,Harcourt's storm petrel,36.0
genus,Homarus,2,0,2.5135,60.0,1000.0,1200.0,American lobster,70.0
genus,Melanochelys,1,0,2.5121,40.0,760.0,760.0,Indian black turtle,40.0
genus,Callithrix,15,0,2.5121,17.6,116.83,357.25,Buffy-tufted Marmoset,22.7917
genus,Leptoclinus,1,0,2.5085,12.0,17.2,17.2,Daubed shanny,12.0
genus,Antimora,2,0,2.4767,45.0,3600.0,5260.0,Finescale mora,46.0
genus,Burramys,1,0,2.4696,12.0,45.0,45.0,Mountain pygmy possum,12.0
genus,Pleuronectes,2,0,2.467,43.5,3500.0,3850.0,Plaice,50.0
genus,Phyllostomus,2,0,2.4639,13.5,43.4,81.0,Greater spear-nosed bat,18.0
genus,Coracopsis,2,0,2.4569,44.0,193.5,525.0,Vasa parrot,53.9
genus,Gopherus,3,0,2.4558,60.0,1792.0,4142.0,Desert tortoise,80.0
genus,Hipposideros,7,0,2.432,12.0,7.0,115.42,Fulvus roundleaf bat,13.0
genus,Phoxinus,1,0,2.4274,13.0,27.469,27.469,Minnow,13.0
genus,Cyprinus,2,0,2.4215,48.5,4000.0,10600.0,Koi,50.0
genus,Chinchilla,2,0,2.4163,20.0,492.495,500.0,Short-tailed Chinchilla,20.0
genus,Dendrogale,1,0,2.4126,12.0,49.99,49.99,Northern Smooth-Tailed Treeshrew,12.0
genus,Danio,1,0,2.4092,5.5,0.8,0.8,Zebrafish,5.5
genus,Galago,12,0,2.409,16.85,63.1,277.615,Somali Bushbaby,18.8333
genus,Lophocebus,3,0,2.4086,36.683,6768.75,9317.5,Black Crested Mangabey,36.6833
genus,Pipistrellus,11,0,2.4018,8.0,3.56,10.0,Soprano Pipistrelle,16.7
genus,Acanthemblemaria,2,0,2.3873,4.0,0.167327,0.294054,Roughhead blenny,4.0
genus,Acrobates,1,0,2.3856,8.8,13.0,13.0,Pygmy gliding possum,8.8
genus,Leptonycteris,3,0,2.3831,10.1,22.63,25.0,Southern long-nosed bat,10.1
genus,Ramazzottius,1,0,2.3708,0.3,1.5e-06,1.5e-06,Tardigrade,0.3
genus,Centroselachus,1,0,2.36,54.0,11333.5,11333.5,Longnose velvet dogfish,54.0
genus,Strigops,2,0,2.3508,60.0,1750.0,2000.0,Kakapo,60.0
genus,Squalus,4,0,2.3479,72.5,3673.95,29700.8,Spur dogfish,75.0
genus,Bucorvus,2,0,2.3445,70.0,3767.5,4000.0,Abyssinian Ground Hornbill,70.0
genus,Epomophorus,3,0,2.3423,10.1,80.0,87.52,Peters's Epauletted Fruit Bat,28.0
genus,Hoplodactylus,1,0,2.3392,25.0,118.0,118.0,Giant gecko,25.0
genus,Papio,5,0,2.3352,45.0,17729.4,24000.0,Olive baboon,45.0
genus,Mirza,1,0,2.3315,17.4,311.2,311.2,Giant mouse lemur,17.4
genus,Cheirogaleus,5,0,2.3272,15.0,340.0,420.11,Fat-tailed dwarf lemur,29.0
genus,Eolophus,1,0,2.3223,40.0,300.0,300.0,Galah,40.0
genus,Homopus,1,0,2.3211,28.6,229.4,229.4,Parrot-beaked tortoise,28.6
genus,Monodon,1,0,2.3135,115.0,1600000.0,1600000.0,Narwhal,115.0
genus,Platysaurus,6,0,2.3089,15.6,12.2,17.85,Lesser flat lizard,15.6
genus,Calomyscus,7,0,2.3058,9.4,20.4,20.4,Mouse-like hamster,9.4
genus,Gymnobelideus,1,0,2.305,14.1,127.0,127.0,Leadbeater's possum,14.1
genus,Cercopithecus,25,0,2.3021,31.0,3250.0,9000.0,Sykes' Monkey,37.8
genus,Cryptomys,7,0,2.3018,11.0,77.95,250.0,Ansell's mole-rat,20.6
genus,Saguinus,17,0,2.2987,20.5,389.52,803.0,Cotton-top tamarin,26.2
genus,Abyssocottus,1,0,2.2922,12.0,25.0,25.0,Small-eyed sculpin,12.0
genus,Scaphirhynchus,2,0,2.2802,71.5,6580.0,130000.0,Pallid sturgeon,100.0
genus,Atractaspis,1,0,2.2746,23.9,109.0,109.0,Bibron's mole viper,23.9
genus,Achoerodus,1,0,2.2709,70.0,39000.0,39000.0,Western blue groper,70.0
genus,Fulmarus,2,0,2.2544,48.0,795.0,800.0,Northern fulmar,51.0
genus,Chalinolobus,3,0,2.2397,7.8,8.91,15.87,Chocolate wattled bat,9.6
genus,Beryx,2,0,2.2381,46.0,4000.0,4000.0,Alfonsino,69.0
genus,Bassariscus,2,0,2.2306,21.5,900.0,1015.0,Cacomistle,24.0
genus,Mandrillus,2,0,2.2205,42.5,18250.0,25000.0,Mandrill,46.0
genus,Coryphaenoides,4,0,2.2158,34.5,550.0,3000.0,Roughscale rattail,73.0
genus,Pseudocaranx,1,0,2.2095,49.0,9955.0,9955.0,White trevally,49.0
genus,Petaurus,5,0,2.2079,15.0,127.0,572.5,Biak Glider,17.8
genus,Conuropsis,1,0,2.2054,30.0,100.0,100.0,Carolina parakeet,30.0
genus,Namazonurus,2,0,2.2015,15.6,17.3,17.3,Lawrence's Girdled Lizard,15.6
genus,Cordylus,8,0,2.1987,15.6,17.3,18.15,Angolan Girdled Lizard,15.6
genus,Lagothrix,5,0,2.1935,32.0,6263.69,7650.0,Colombian Woolly Monkey,32.775
genus,Bathypterois,1,0,2.1878,15.0,76.5228,76.5228,Mediterranean spiderfish,15.0
genus,Eupsittula,1,0,2.187,28.6,83.25,83.25,Orange-fronted Parakeet,28.6
genus,Taphozous,5,0,2.1838,8.8,21.99,27.475,Indonesian Tomb Bat,20.0
genus,Colobus,5,0,2.1825,33.9,8509.0,9950.0,Angolan colobus,35.3
genus,Acanthurus,13,0,2.1784,31.0,32.5072,6808.31,Lined surgeonfish,46.0
genus,Lichanura,1,0,2.178,31.0,450.0,450.0,Rosy boa,31.0
genus,Otolemur,3,0,2.178,22.7,1094.5,1300.0,"Brown greater galago, or Greater galago",22.7
genus,Charina,2,0,2.1721,26.5,219.0,219.0,Rubber boa,26.5
genus,Nestor,1,0,2.1721,47.0,867.5,867.5,Kea,47.0
genus,Cacajao,2,0,2.1707,28.129,3121.58,3165.0,"Bald uacari, or Red uakari",35.8
genus,Lycenchelys,1,0,2.1693,12.0,31.4146,31.4146,Lycenchelys hureaui,12.0
genus,Macaca,21,0,2.1661,33.0,3950.0,11950.0,Rhesus macaque,40.0
genus,Cercocebus,6,0,2.1631,38.5,7066.5,9492.5,Sooty Mangabey,46.0
genus,Pithecia,4,0,2.1618,25.0,1480.0,2375.91,Guianan saki,36.0
genus,Phoenicoparrus,1,0,2.1557,60.0,2800.0,2800.0,Andean Flamingo,60.0
genus,Micromesistius,2,0,2.1548,25.0,456.5,850.0,Southern blue whiting,30.0
genus,Heloderma,2,0,2.1503,35.2,600.0,1244.15,Gila monster,36.0
genus,Melogale,1,0,2.1461,19.0,672.0,672.0,Chinese ferret-badger,19.0
genus,Pheucticus,2,0,2.142,24.5,42.0,47.325,Black-headed grosbeak,25.0
genus,Echis,4,0,2.1404,23.8,142.0,142.0,Saw-scaled viper,23.8
genus,Chimaera,1,0,2.1368,29.4,1375.0,1375.0,Rabbitfish,29.4
genus,Eremias,1,0,2.133,13.975,11.995,11.995,Aralo-Caspian racerunner,13.975
genus,Dugong,1,0,2.1292,73.0,300000.0,300000.0,Dugong,73.0
genus,Harpagifer,2,0,2.1221,9.0,10.439,10.439,Antarctic spiny plunderfish,9.0
genus,Actinemys,1,0,2.1198,27.3,282.0,282.0,"Pacific pond turtle, or Southwestern pond turtle",27.3
genus,Astrochelys,2,0,2.1171,66.4,8000.0,10217.0,Madagascan (Plowshare or Ploughshare) Tortoise,100.0
genus,Vultur,1,0,2.1154,79.0,11000.0,11000.0,Andean condor,79.0
genus,Ornithorhynchus,1,0,2.1143,23.0,1700.0,1700.0,Platypus,23.0
genus,Psammobates,1,0,2.1141,30.0,443.75,443.75,Geometric Tortoise,30.0
genus,Fringilla,2,0,2.1103,21.9,20.7,23.2,Chaffinch,29.0
genus,Helicolenus,4,0,2.1098,42.5,762.02,1550.0,Helicolenus lahillei,44.0
genus,Pronotogrammus,1,0,2.1039,15.0,90.0,90.0,Roughtongue bass,15.0
genus,Schizopygopsis,2,0,2.099,23.0,362.656,589.0,Selincuo naked carp,29.0
genus,Amazona,13,0,2.0957,44.0,215.0,646.0,Amazon parrot,71.0
genus,Terathopius,1,0,2.0812,55.0,2200.0,2200.0,Bateleur,55.0
genus,Epigonus,3,0,2.0777,15.0,43.0,7545.39,Telescope cardinal,104.0
genus,Smaug,1,0,2.0748,24.9,202.83,202.83,Giant Girdled Lizard or Sungazer,24.9
genus,Buglossidium,1,0,2.069,13.0,53.28,53.28,Solenette,13.0
genus,Tarsius,7,0,2.06,12.0,114.455,173.0,Horsfield's Tarsier,16.3
genus,Euoticus,2,0,2.0597,15.0,277.37,280.0,Southern Needle-clawed Bushbaby,15.0
genus,Eryx,4,0,2.0584,24.7,196.0,196.0,Central Asia Sand Boa,24.7
genus,Mico,2,0,2.0545,15.75,343.2,355.8,Silvery marmoset,16.5
genus,Microstomus,2,0,2.0513,34.0,1600.0,3500.0,Dover sole,45.0
genus,Paguma,1,0,2.0501,27.4,4300.0,4300.0,Masked palm civet,27.4
genus,Poicephalus,9,0,2.05,32.1,116.0,344.0,Senegal parrot,40.0
genus,Glis,1,0,2.0481,13.0,150.0,150.0,Edible dormouse,13.0
genus,Calyptorhynchus,4,0,2.0414,43.2,620.0,723.7,Long-billed black cockatoo,47.0
genus,Forcipiger,1,0,2.0371,18.0,219.125,219.125,Longnose butterflyfish,18.0
genus,Thectocercus,1,0,2.0308,31.0,171.0,171.0,Blue-crowned Parakeet,31.0
genus,Setifer,1,0,2.0303,14.1,225.0,225.0,Greater hedgehog tenrec,14.1
genus,Cacatua,13,0,2.0274,31.9,275.0,900.0,Sulphur-crested cockatoo,83.0
genus,Muraena,2,0,2.0272,28.0,169.8,6450.0,Mediterranean moray,38.1
genus,Ochrotomys,1,0,2.0262,8.4,22.0,22.0,Golden mouse,8.4
genus,Gastrocyathus,1,0,2.0226,4.0,0.441118,0.441118,New Zealand slender clingfish,4.0
genus,Amphiprion,4,0,2.0205,13.5,25.0,135.552,Clownfish,30.0
genus,Alca,1,0,2.0167,42.0,726.0,726.0,Razorbill,42.0
genus,Cyttus,1,0,2.0151,38.0,5081.76,5081.76,King dory,38.0
genus,Ophisaurus,3,0,2.0143,14.8,15.23,23.825,-999,14.8
genus,Fossa,1,0,2.0109,21.4,1540.0,1540.0,Malagasy civet,21.4
genus,Theropithecus,1,0,2.0067,36.0,16200.0,16200.0,Gelada baboon,36.0
genus,Aulorhynchus,1,0,1.9981,9.0,13.4,13.4,Tube-snout,9.0
genus,Pimelodella,1,0,1.9957,15.0,112.01,112.01,Blind catfish,15.0
genus,Galeorhinus,1,0,1.9943,55.0,24585.0,24585.0,Tope shark,55.0
genus,Mora,1,0,1.9907,39.0,5952.97,5952.97,Common mora,39.0
genus,Chasiempis,3,0,1.9885,17.833,14.025,15.0,Oahu Elepaio,17.8333
genus,Mormopterus,3,0,1.9864,6.492,8.0,9.24,Eastern Little Mastiff Bat,7.0
genus,Polyodon,1,0,1.9863,55.0,25000.0,25000.0,American paddlefish,55.0
genus,Aspidophoroides,1,0,1.9856,7.0,4.85,4.85,Alligatorfish,7.0
genus,Allenopithecus,1,0,1.9804,27.0,4702.5,4702.5,Allen's swamp monkey,27.0
genus,Alcedo,1,0,1.9801,21.0,31.4,31.4,Common kingfisher,21.0
genus,Cheilotrema,1,0,1.9758,20.0,385.0,385.0,Black croaker,20.0
genus,Erythrocebus,1,0,1.9695,30.0,7750.0,7750.0,Patas monkey,30.0
genus,Gorilla,2,0,1.9624,57.7,139842.0,160000.0,Western gorilla,60.0
genus,Formicivora,1,0,1.9617,16.2,9.8,9.8,Marsh antwren,16.2
genus,Aotus,6,0,1.9581,26.05,791.03,1230.0,Lemurine night monkey,33.8
genus,Onychoprion,3,0,1.9524,25.8,131.7,148.0,Sooty tern,35.8
genus,Calyptophractus,1,0,1.9516,12.0,129.99,129.99,Greater Fairy Armadillo,12.0
genus,Mellivora,1,0,1.9419,31.3,10000.0,10000.0,Honey badger,31.3
genus,Daubentonia,1,0,1.9409,23.0,2500.0,2500.0,Aye-aye,23.0
genus,Gonatodes,2,0,1.9396,9.3,1.865,1.865,-999,13.0
genus,Cyanerpes,2,0,1.9385,17.0,12.0,14.0,Purple honeycreeper,17.0
genus,Melopsittacus,1,0,1.9344,21.0,35.0,35.0,Budgerigar,21.0
genus,Sternula,4,0,1.9333,23.909,31.0,72.15,Least tern,24.1
genus,Micruroides,1,0,1.9316,17.6,56.0,56.0,Western coral snake,17.6
genus,Pusa,3,0,1.9295,50.0,86658.3,90000.0,Baikal seal,56.0
genus,Polyprion,2,0,1.925,70.0,55000.0,100000.0,Wreckfish,80.0
genus,Hapalemur,4,0,1.9243,23.3,1012.5,1476.2,Bandro,23.3
genus,Underwoodisaurus,1,0,1.921,12.0,9.6,9.6,Thick-tailed gecko,12.0
genus,Clupea,2,0,1.9207,20.5,300.0,750.0,Atlantic herring,22.0
genus,Tachymarptis,1,0,1.9204,26.0,97.8333,97.8333,Alpine Swift,26.0
genus,Hemitheconyx,1,0,1.9193,16.2,39.17,39.17,African fat-tailed gecko,16.2
genus,Othos,1,0,1.9146,37.0,5625.83,5625.83,Harlequin fish,37.0
genus,Parvilacerta,1,0,1.9096,12.0,9.87,9.87,Fraas' Lizard,12.0
genus,Squaliobarbus,1,0,1.8911,27.0,1603.0,1603.0,Barbel chub,27.0
genus,Todus,1,0,1.8905,14.0,5.9,5.9,Puerto Rican tody,14.0
genus,Nandinia,1,0,1.8834,21.0,1900.0,1900.0,African palm civet,21.0
genus,Osteolaemus,1,0,1.8822,70.0,40000.0,40000.0,West African dwarf crocodile,70.0
genus,Anatolichthys,1,0,1.8815,5.0,1.50212,1.50212,Danford's killifish,5.0
genus,Bradypus,3,0,1.8811,32.0,4000.0,4184.21,Pale-throated Sloth,40.0
genus,Cryptochelys,3,0,1.8806,19.5,266.0,486.0,Tabasco Mud Turtle,44.7
genus,Nasua,2,0,1.8793,25.05,3750.0,4750.0,White-nosed coati,26.4
genus,Solea,1,0,1.8779,27.0,1650.0,1650.0,Common sole,27.0
genus,Sardina,1,0,1.8753,15.0,145.0,145.0,True sardine,15.0
genus,Malacochersus,1,0,1.875,25.9,391.25,391.25,Pancake tortoise,25.9
genus,Ictiobus,3,0,1.8705,39.0,15000.0,20515.0,Bigmouth buffalo,112.0
genus,Spalacopus,1,0,1.8701,10.8,98.0,98.0,Coruro,10.8
genus,Passerculus,1,0,1.8659,18.0,20.2,20.2,Savannah sparrow,18.0
genus,Callosciurus,8,0,1.8648,14.25,190.0,400.0,Ear-spot Squirrel,21.1
genus,Primolius,1,0,1.8622,31.0,256.0,256.0,Blue-winged macaw,31.0
genus,Lagidium,3,0,1.8614,19.5,1245.0,1540.0,Northern Mountain Viscacha,19.5
genus,Leucopsar,1,0,1.8582,25.0,95.0,95.0,Bali mynah,25.0
genus,Laemonema,1,0,1.8504,26.0,1500.0,1500.0,Longfin codling,26.0
genus,Phoenicopterus,3,0,1.8459,44.0,2277.0,3043.5,Greater flamingo,83.0
genus,Rhynchopsitta,1,0,1.8423,33.0,360.0,360.0,Thick-billed parrot,33.0
genus,Phrynops,1,0,1.8397,37.4,2380.0,2380.0,Hilaire's side-necked turtle,37.4
genus,Macroscelides,1,0,1.8379,8.7,40.0,40.0,Short-eared elephant shrew,8.7
genus,Diphylla,1,0,1.8292,8.0,28.0,28.0,Hairy-legged vampire bat,8.0
genus,Semibalanus,1,0,1.8271,6.0,0.5,0.5,Acorn barnacle,6.0
genus,Sterna,4,0,1.8249,29.35,110.0,158.0,Arctic tern,34.0
genus,Sericornis,2,0,1.8241,16.6,13.4,17.4,White-browed scrubwren,17.6
genus,Psittacula,7,0,1.8223,30.0,66.0,255.0,Echo Parakeet,34.0
genus,Caiman,3,0,1.822,60.0,14600.0,40000.0,Spectacled caiman,60.0
genus,Arctocebus,2,0,1.8167,13.0,257.5,257.5,Calabar Angwantibo,13.0
genus,Saccopteryx,1,0,1.8166,6.0,7.9,7.9,Greater sac-winged bat,6.0
genus,Chelydra,3,0,1.8156,47.0,5170.0,10000.0,-999,47.0
genus,Allochrocebus,2,0,1.8139,25.05,4700.0,5250.0,Preuss's monkey,26.0
genus,Trachelochismus,1,0,1.8138,4.0,0.693084,0.693084,Striped clingfish,4.0
genus,Sciaenops,1,0,1.8101,50.0,24750.0,24750.0,Red drum,50.0
genus,Glyptocephalus,3,0,1.8037,24.0,825.0,1500.0,Witch flounder,25.0
genus,Thorogobius,1,0,1.8019,9.0,20.5695,20.5695,Leopard-spotted goby,9.0
genus,Australoheros,1,0,1.8011,10.0,31.9,31.9,Chameleon cichlid,10.0
genus,Mystacina,2,0,1.8003,7.6,23.5,24.25,New Zealand Greater Short-tailed Bat,7.6
genus,Trionyx,1,0,1.8,50.6,10818.0,10818.0,African softshell turtle,50.6
genus,Archilochus,2,0,1.7979,11.6,3.0,3.2,Ruby-throated hummingbird,12.0
genus,Helogale,2,0,1.7968,14.825,274.8,484.63,Dwarf mongoose,20.0
genus,Trachypithecus,17,0,1.795,26.45,6185.0,11725.2,Nilgiri Langur,34.6
genus,Chauliodus,1,0,1.7934,8.0,12.87,12.87,Pacific viperfish,8.0
genus,Lumbricus,1,0,1.788,10.0,4.0,4.0,Common earthworm,10.0
genus,Galeopterus,1,0,1.788,17.5,1056.1,1056.1,Sunda Flying Lemur,17.5
genus,Dactylocnemis,1,0,1.7862,13.0,19.6,19.6,Pacific sticky-toed gecko,13.0
genus,Trichomycterus,1,0,1.7861,7.0,7.52377,7.52377,Trichomycterus itacarambiensis,7.0
genus,Stereolepis,1,0,1.7861,75.0,140580.0,140580.0,Giant sea bass,75.0
genus,Dasypeltis,4,0,1.7852,22.1,72.25,97.5,"African Egg-eating Snake, Montane Egg-eater",22.1
genus,Alligator,2,0,1.7836,71.0,14600.0,200000.0,American alligator,77.0
genus,Phelsuma,17,0,1.7836,10.0,2.9,214.5,Seychelles giant day gecko,15.9
genus,Bubo,6,0,1.7826,53.0,1348.5,2800.0,Pharaoh Eagle-Owl,68.0
genus,Balaena,1,0,1.7817,211.0,80000000.0,80000000.0,Bowhead whale,211.0
genus,Ptyodactylus,5,0,1.7798,10.9,6.03,10.58,Sinai Fan-fingered Gecko,10.9
genus,Suricata,1,0,1.7743,16.0,730.0,730.0,Meerkat,16.0
genus,Mistichthys,1,0,1.7743,2.45,0.0994474,0.0994474,Sinarapan,2.45
genus,Buceros,1,0,1.77,50.0,3000.0,3000.0,Great hornbill,50.0
genus,Leptagonus,1,0,1.7617,11.0,51.9187,51.9187,Atlantic poacher,11.0
genus,Cynictis,1,0,1.7616,15.2,598.5,598.5,Yellow mongoose,15.2
genus,Ulvaria,1,0,1.7587,10.0,35.2096,35.2096,Radiated shanny,10.0
genus,Semnopithecus,9,0,1.7541,29.275,7081.8,13516.5,Hooded leaf monkey,34.0
genus,Pachyuromys,1,0,1.7534,8.3,40.0,40.0,Fat-tailed gerbil,8.3
genus,Gehyra,1,0,1.7525,10.5,7.9,7.9,Oceanic dtella,10.5
genus,Chaetophractus,3,0,1.7507,16.217,840.0,3000.0,Large hairy armadillo,25.2
genus,Leopardus,6,0,1.7435,22.45,2250.0,8800.0,Ocelot,28.2
genus,Crocuta,1,0,1.7425,41.0,55000.0,55000.0,Spotted hyena,41.0
genus,Hydrictis,1,0,1.7411,22.9,4000.0,4000.0,Spotted-necked otter,22.9
genus,Ara,8,0,1.7398,37.5,343.0,1300.0,Scarlet macaw,64.0
genus,Centrophorus,2,0,1.7374,47.5,7484.3,26189.2,Leafscale gulper shark,70.0
genus,Epicrates,5,0,1.7339,31.0,1306.0,1306.0,Argentinian Rainbow Boa,31.0
genus,Cyanistes,2,0,1.7335,14.6,10.3,11.2,Blue tit,14.6
genus,Struthidea,1,0,1.7314,25.0,132.0,132.0,Apostlebird,25.0
genus,Sciaena,1,0,1.7311,31.0,4101.11,4101.11,Brown meagre,31.0
genus,Alouatta,10,0,1.7295,25.0,5188.33,9386.03,Red-handed Howler,35.1833
genus,Paralabrax,3,0,1.7288,31.0,900.0,3850.0,Kelp bass,31.0
genus,Tarentola,6,0,1.7276,14.0,4.57,16.605,Canary Wall Gecko,14.0
genus,Apus,7,0,1.725,21.083,22.1,102.7,Alpine swift,26.0
genus,Anguilla,10,0,1.7248,36.0,412.5,20640.0,European eel,85.0
genus,Apteryx,4,0,1.7243,37.5,1200.0,2600.0,Little Spotted Kiwi,83.0
genus,Lyopsetta,1,0,1.7239,20.0,677.905,677.905,Slender sole,20.0
genus,Pyrrhula,2,0,1.7231,17.5,24.4,27.0,Azores Bullfinch,17.5
genus,Mellisuga,1,0,1.7226,10.0,1.9,1.9,Bee Hummingbird,10.0
genus,Cynocephalus,1,0,1.7223,17.5,1250.0,1250.0,Philippine Flying Lemur,17.5
genus,Tyto,4,0,1.7185,34.0,381.6,460.0,Eastern Barn Owl,34.0
genus,Tautoga,1,0,1.7176,34.0,6215.0,6215.0,Tautog,34.0
genus,Thoopterus,1,0,1.7132,9.067,66.12,66.12,Swift Fruit Bat,9.06667
genus,Chalcides,13,0,1.7118,14.0,18.8,39.1,-999,14.0
genus,Pelagodroma,1,0,1.7104,19.8,47.2,47.2,White-faced storm-petrel,19.8
genus,Cyanopsitta,1,0,1.7102,27.0,200.0,200.0,Spix's macaw,27.0
genus,Vombatus,1,0,1.7064,34.0,26000.0,26000.0,Common wombat,34.0
genus,Tregellasia,2,0,1.7058,15.6,13.9,15.975,White-faced robin,18.0
genus,Megalops,2,0,1.7056,49.5,9900.0,88550.0,Tarpon,55.0
genus,Reinhardtius,1,0,1.701,30.0,3850.0,3850.0,Greenland halibut,30.0
genus,Myiopsitta,1,0,1.6968,22.1,81.7,81.7,Monk parakeet,22.1
genus,Lepidogobius,1,0,1.6957,7.0,9.33254,9.33254,Bay goby,7.0
genus,Georychus,1,0,1.6925,11.2,181.0,181.0,Cape mole-rat,11.2
genus,Perognathus,7,0,1.6904,5.8,7.47,20.1,San Joaquin Pocket Mouse,8.33333
genus,Nemadactylus,2,0,1.6894,35.5,2900.0,10254.1,Tarakihi,50.0
genus,Bulweria,1,0,1.6871,22.9,99.0,99.0,Bulwer's petrel,22.9
genus,Anodorhynchus,2,0,1.687,38.55,940.0,1330.0,Hyacinth macaw,38.8
genus,Mimus,1,0,1.6852,20.0,53.0,53.0,Northern mockingbird,20.0
genus,Phoeniconaias,1,0,1.6845,41.0,1500.0,1500.0,Lesser flamingo,41.0
genus,Tursiops,2,0,1.6824,52.0,141150.0,250000.0,Indo-Pacific Bottlenose Dolphin,53.0
genus,Rhinopithecus,3,0,1.6811,29.5,14500.0,14750.0,Black Snub-nosed Monkey,29.5
genus,Aprosmictus,1,0,1.6791,24.4,136.0,136.0,Red-winged parrot,24.4
genus,Gymnogyps,1,0,1.6774,60.0,9000.0,9000.0,California condor,60.0
genus,Oryctolagus,1,0,1.6771,18.0,1600.0,1600.0,European rabbit,18.0
genus,Tropheus,1,0,1.6769,10.0,42.9033,42.9033,Blunthead cichlid,10.0
genus,Pteropus,26,0,1.6769,16.25,200.0,1017.37,Indian flying fox,31.0
genus,Pecari,1,0,1.672,31.5,20200.0,20200.0,Collared peccary,31.5
genus,Delichon,1,0,1.6697,15.0,14.5,14.5,Common house-martin and northern house-martin,15.0
genus,Geospiza,1,0,1.6697,15.0,14.5,14.5,Small ground finch,15.0
genus,Bassaricyon,3,0,1.6679,21.8,1200.0,1235.0,Allen's olingo,25.2
genus,Naso,8,0,1.6679,35.0,2286.0,18197.0,Bluespine unicornfish,54.5
genus,Eutrigla,1,0,1.6661,21.0,956.0,956.0,Grey gurnard,21.0
genus,Eopsetta,1,0,1.664,25.0,1980.0,1980.0,Petrale sole,25.0
genus,Alle,1,0,1.6613,25.0,160.0,160.0,Little Auk,25.0
genus,Pacifastacus,1,0,1.6606,20.0,80.0,80.0,Signal crayfish,20.0
genus,Macroglossus,2,0,1.6563,6.658,16.1,21.8,Dagger-toothed Long-nosed Fruit Bat,7.31667
genus,Dumetella,1,0,1.654,17.9,34.5,34.5,Gray catbird,17.9
genus,Trematomus,9,0,1.6533,19.0,124.6,948.5,Scaly rockcod,23.0
genus,Callocephalon,1,0,1.6519,27.5,256.0,256.0,Gang-gang cockatoo,27.5
genus,Eira,1,0,1.6517,22.3,4500.0,4500.0,Tayra,22.3
genus,Atilax,1,0,1.6504,20.8,3300.0,3300.0,Marsh mongoose,20.8
genus,Pygathrix,3,0,1.649,26.783,9720.0,10104.2,Gray-shanked Douc Langur,26.7833
genus,Hymenocephalus,1,0,1.6483,9.0,29.7658,29.7658,Glasshead grenadier,9.0
genus,Aphelocephala,1,0,1.6477,14.3,12.35,12.35,Southern whiteface,14.3
genus,Triphoturus,1,0,1.6447,5.0,2.62398,2.62398,Mexican lampfish,5.0
genus,Lepidophyma,6,0,1.644,11.0,11.3,18.15,Yellow-spotted night lizard,11.0
genus,Podomys,1,0,1.6426,7.4,32.0,32.0,Florida mouse,7.4
genus,Cynopterus,6,0,1.6365,10.1,37.2,75.0,Lesser short-nosed fruit bat,10.1
genus,Allocebus,1,0,1.6359,8.983,78.09,78.09,Hairy-eared Dwarf Lemur,8.98333
genus,Polihierax,1,0,1.6349,20.0,61.025,61.025,Pygmy Falcon,20.0
genus,Myomimus,1,0,1.6326,6.9,24.0,24.0,Masked Mouse-tailed Dormouse,6.9
genus,Alisterus,1,0,1.6313,26.6,232.5,232.5,Australian king parrot,26.6
genus,Deania,1,0,1.6304,35.0,8700.0,8700.0,Birdbeak dogfish,35.0
genus,Taxidea,1,0,1.6298,25.0,8000.0,8000.0,American badger,25.0
genus,Pionites,2,0,1.6288,24.3,149.0,155.0,White-bellied parrot,26.0
genus,Neophema,3,0,1.6256,21.0,38.6,46.1,Blue-winged parrot,21.0
genus,Pentaceros,2,0,1.6245,35.5,1200.0,5000.0,Pelagic armourhead,60.0
genus,Parus,3,0,1.6233,15.417,18.0,18.0,Cinereous Tit,15.417
genus,Lissonycteris,1,0,1.6227,8.65,68.31,68.31,Angolan Soft-furred Fruit Bat,8.65
genus,Macrochelys,1,0,1.6227,70.0,80000.0,80000.0,Alligator snapping turtle,70.0
genus,Civettictis,1,0,1.6208,28.0,13666.7,13666.7,African civet,28.0
genus,Callospermophilus,1,0,1.6206,10.4,157.6,157.6,Golden-mantled ground squirrel,10.4
genus,Larosterna,1,0,1.6151,26.0,219.0,219.0,Inca tern,26.0
genus,Glirulus,1,0,1.6135,7.0,27.0,27.0,Japanese dormouse,7.0
genus,Haematopus,10,0,1.6111,43.317,480.0,789.2,Chatham Oystercatcher,43.3333
genus,Alepocephalus,2,0,1.6106,30.5,1443.76,14305.0,Baird's smoothhead,38.0
genus,Prolemur,1,0,1.6101,17.6,1737.5,1737.5,Greater bamboo lemur,17.6
genus,Euphractus,1,0,1.6099,22.1,4850.0,4850.0,Six-banded armadillo,22.1
genus,Hypsignathus,1,0,1.6094,12.225,336.97,336.97,Hammer-headed Fruit Bat,12.225
genus,Pedetes,2,0,1.6089,20.021,2774.62,3500.0,East African Spring Hare,20.0417
genus,Bubalornis,2,0,1.6061,20.0,61.9,71.0,"White-billed buffalo weaver, or African ox birds",20.0
genus,Chiropotes,5,0,1.6025,19.6,2910.0,2942.5,White-nosed bearded saki,20.0
genus,Arctictis,1,0,1.6013,27.0,12250.0,12250.0,Binturong,27.0
genus,Mallotus,1,0,1.6009,10.0,52.0,52.0,Capelin,10.0
genus,Gekko,1,0,1.5999,18.0,150.0,150.0,Tokay gecko,18.0
genus,Myoprocta,2,0,1.5902,14.8,775.0,914.0,Red acouchi,14.8
genus,Uria,2,0,1.5891,36.0,964.0,1000.0,Common guillemot,43.0
genus,Helarctos,1,0,1.5875,35.9,46000.0,46000.0,Sun bear,35.9
genus,Eudontomyzon,2,0,1.5843,8.0,13.7615,33.6549,Carpathian lamprey,8.0
genus,Lampropeltis,13,0,1.5809,23.958,407.0,2041.0,"California Kingsnake (including the Black Desert Kingsnake, C. g. nigrita)",33.3
genus,Sundasciurus,5,0,1.5803,11.1,67.0,312.5,Horse-tailed squirrel,14.0
genus,Neophocaena,1,0,1.5762,33.0,32500.0,32500.0,Finless porpoise,33.0
genus,Tiliqua,3,0,1.5729,32.0,500.0,617.0,"Shingleback Lizard, Shingle-Back, Stumpy Tail Lizard, Pinecone lizard, Sleepy Lizard",35.0
genus,Amia,1,0,1.5704,30.0,5362.5,5362.5,Bowfin,30.0
genus,Phoca,2,0,1.5697,41.3,80000.0,93097.9,Spotted Seal,47.6
genus,Ptilonorhynchus,1,0,1.5685,25.1,213.0,213.0,Satin bowerbird,25.1
genus,Crassostrea,1,0,1.5684,20.0,100.0,100.0,Eastern oyster,20.0
genus,Cantorchilus,1,0,1.5678,15.0,19.44,19.44,Buff-breasted wren,15.0
genus,Parophrys,1,0,1.5658,22.0,1500.0,1500.0,English sole,22.0
genus,Lichmera,1,0,1.5654,13.2,10.8,10.8,Brown honeyeater,13.2
genus,Gobiesox,1,0,1.5641,5.0,3.23197,3.23197,California clingfish,5.0
genus,Rissa,2,0,1.5622,27.75,317.0,377.0,Black-legged kittiwake,28.5
genus,Acanthorhynchus,2,0,1.5605,13.1,9.75,9.7875,Eastern spinebill,15.5
genus,Plagiodontia,1,0,1.5602,15.9,1267.0,1267.0,Hispaniolan hutia,15.9
genus,Bogertophis,2,0,1.5558,28.05,900.0,1839.0,Baja California Rat Snake,32.3
genus,Pecten,1,0,1.5551,22.0,150.0,150.0,Great scallop,22.0
genus,Microspathodon,1,0,1.5545,20.0,1040.85,1040.85,Giant damselfish,20.0
genus,Cracticus,2,0,1.5532,21.2,80.675,126.65,Pied butcherbird,22.2
genus,Acanthiza,9,0,1.5507,13.1,6.35,9.375,Striated thornbill,23.5
genus,Castor,2,0,1.5506,29.5,19000.0,20000.0,Eurasian Beaver,35.0
genus,Platycercus,4,0,1.5505,22.95,63.3,124.5,Eastern rosella,27.4
genus,Dacelo,1,0,1.5504,26.8,305.0,305.0,Laughing kookaburra,26.8
genus,Daption,1,0,1.5484,28.5,408.6,408.6,Cape petrel,28.5
genus,Chelus,1,0,1.5434,35.8,4407.0,4407.0,Mata mata,35.8
genus,Vipera,14,0,1.5433,19.0,120.0,279.0,Asp viper,25.0
genus,Oreotragus,1,0,1.5431,25.9,12000.0,12000.0,Klipspringer,25.9
genus,Sotalia,1,0,1.5427,35.0,46666.7,46666.7,Tucuxi,35.0
genus,Psittacara,5,0,1.5421,22.5,138.0,178.09,Red-masked Parakeet,26.2
genus,Martes,7,0,1.5421,17.8,884.0,3175.0,Sable,18.4
genus,Lorius,3,0,1.5412,26.0,143.0,182.0,Chattering lory,26.6
genus,Diopsittaca,1,0,1.5408,22.9,151.0,151.0,Red-shouldered macaw,22.9
genus,Chrysophrys,1,0,1.5407,35.0,11000.0,11000.0,Squirefish,35.0
genus,Decapterus,1,0,1.5403,12.0,130.0,130.0,Indian scad,12.0
genus,Anous,3,0,1.5361,26.2,104.56,178.0,Black noddy,27.1
genus,Lipophrys,1,0,1.536,10.0,61.7398,61.7398,Shanny,10.0
genus,Cercartetus,3,0,1.5358,10.3,23.05,40.0,Southwestern Pygmy Possum,10.3167
genus,Timon,3,0,1.5356,13.975,65.8,99.625,Jeweled lizard,17.0
genus,Lampornis,1,0,1.5347,12.0,7.6,7.6,Blue-throated hummingbird,12.0
genus,Arenaria,1,0,1.5346,22.3,136.0,136.0,Ruddy turnstone,22.3
genus,Pectinator,1,0,1.5329,10.0,169.7,169.7,Speke's Pectinator,10.0
genus,Cyanocitta,2,0,1.5321,21.05,85.0,99.1,Blue jay,26.0
genus,Acipenser,13,0,1.5313,60.0,8800.0,600000.0,Lake sturgeon,152.0
genus,Euphausia,1,0,1.53,6.0,1.0,1.0,Antarctic krill,6.0
genus,Dipsosaurus,1,0,1.53,14.6,69.5,69.5,Desert iguana,14.6
genus,Ostorhinchus,1,0,1.5294,4.0,1.4061,1.4061,Rubyspot cardinalfish,4.0
genus,Stenobrachius,1,0,1.5265,8.0,25.1077,25.1077,Northern lampfish,8.0
genus,Percophis,1,0,1.5265,19.0,907.4,907.4,Brazilian flathead,19.0
genus,Staurotypus,2,0,1.5246,29.9,900.0,4200.0,Mexican giant musk turtle,33.5
genus,Latris,1,0,1.5244,43.0,27000.0,27000.0,Striped trumpeter,43.0
genus,Eclectus,1,0,1.5239,28.5,440.0,440.0,Eclectus parrot,28.5
genus,Aratinga,6,0,1.5234,21.35,85.0,171.0,Blue-crowned parakeet,31.0
genus,Syconycteris,1,0,1.5217,6.0,17.55,17.55,Southern Blossom Bat,6.0
genus,Lissodelphis,1,0,1.5214,42.0,113000.0,113000.0,Northern Right Whale Dolphin,42.0
genus,Agkistrodon,2,0,1.5201,27.15,950.0,1700.0,Northern copperhead,29.8
genus,Chelonia,1,0,1.5197,75.0,150000.0,150000.0,Green sea turtle,75.0
genus,Lamprotornis,4,0,1.5145,17.35,45.0,121.0,Superb starling,25.0
genus,Felis,7,0,1.5137,19.0,2125.0,10000.0,Domestic cat,38.0
genus,Gymnapistes,1,0,1.5135,14.0,264.953,264.953,Devilfish,14.0
genus,Manacus,1,0,1.5118,14.0,16.7,16.7,White-bearded manakin,14.0
genus,Oxygymnocypris,1,0,1.5093,25.0,2968.1,2968.1,Oxygymnocypris stewartii,25.0
genus,Kinixys,5,0,1.5087,26.5,1202.0,1202.0,"Bell's hinge-back tortoise, or Hingeback tortoise",26.5
genus,Erethizon,3,0,1.5085,23.4,8000.0,8600.0,North American Porcupine,23.4
genus,Pogonias,1,0,1.5083,43.0,28215.0,28215.0,Black drum,43.0
genus,Atherurus,2,0,1.5082,18.229,2000.0,2750.0,African brush-tailed porcupine,22.9
genus,Chiroxiphia,1,0,1.508,14.0,16.9,16.9,Blue-backed manakin,14.0
genus,Platemys,1,0,1.5065,20.0,325.0,325.0,Twistneck turtle,20.0
genus,Petauroides,1,0,1.5065,15.0,1141.0,1141.0,Greater Glider,15.0
genus,Elephas,1,0,1.5048,86.0,3000000.0,3000000.0,Asian elephant,86.0
genus,Cymatoceps,1,0,1.5047,45.0,34400.0,34400.0,Black musselcracker,45.0
genus,Cuora,4,0,1.5039,19.1,499.0,1000.0,Southeast Asian box turtle,38.2
genus,Thalasseus,6,0,1.502,29.7,208.0,373.0,Greater crested tern,32.2
genus,Albatrossia,1,0,1.5014,56.0,86000.0,86000.0,Giant grenadier,56.0
genus,Urogale,1,0,1.5013,11.5,350.0,350.0,Mindanao tree shrew,11.5
genus,Pagrus,3,0,1.4979,26.0,7720.0,20000.0,Silver seabream,60.0
genus,Turcinoemacheilus,1,0,1.4976,5.0,3.87,3.87,Turcinoemacheilus bahaii,5.0
genus,Hippoglossoides,3,0,1.4976,27.0,510.576,3520.0,American plaice,30.0
genus,Percalates,2,0,1.4968,31.0,3900.0,10000.0,Estuary perch,40.0
genus,Ratufa,4,0,1.4967,17.5,801.85,2000.0,Indian giant squirrel,20.0
genus,Propithecus,7,0,1.4951,21.0,3545.0,6568.99,Verreaux's sifaka,31.0
genus,Graptemys,10,0,1.4931,26.0,415.7,1519.0,Yellow-blotched Map Turtle,36.9417
genus,Camarhynchus,2,0,1.4927,13.5,13.2,16.0,Small tree finch,15.0
genus,Callicebus,20,0,1.4915,10.067,846.335,1390.8,Brown Titi,26.4
genus,Hylophylax,1,0,1.4912,14.0,17.8,17.8,Spotted antbird,14.0
genus,Netuma,1,0,1.4911,19.0,1000.0,1000.0,Giant catfish,19.0
genus,Dissostichus,2,0,1.4906,40.5,9600.0,44000.0,Patagonian toothfish,50.0
genus,Peponocephala,1,0,1.4901,47.0,206000.0,206000.0,Melon-headed whale,47.0
genus,Pseudorca,1,0,1.4884,62.5,748000.0,748000.0,False killer whale,62.5
genus,Huso,2,0,1.4854,86.5,300000.0,550000.0,Beluga sturgeon,118.0
genus,Callorhinus,1,0,1.4847,35.0,55464.8,55464.8,Northern Fur Seal,35.0
genus,Tayassu,1,0,1.4844,28.5,22000.0,22000.0,White-lipped peccary,28.5
genus,Pomacanthus,4,0,1.4826,21.0,476.229,4361.17,Yellowbar angelfish,36.0
genus,Larus,19,0,1.4825,32.8,430.6,1658.5,Herring gull,49.0
genus,Tolypeutes,2,0,1.4824,21.725,1465.72,1500.0,Southern three-banded armadillo,36.8
genus,Lampetra,4,0,1.4811,7.5,10.1,82.5,European river lamprey,10.0
genus,Regina,1,0,1.481,19.3,298.0,298.0,Queen snake,19.3
genus,Hexanchus,1,0,1.4805,80.0,400000.0,400000.0,Bluntnose sixgill shark,80.0
genus,Hydrocoloeus,1,0,1.4801,20.9,119.0,119.0,Little gull,20.9
genus,Gymnothorax,1,0,1.4798,30.0,6861.94,6861.94,California moray,30.0
genus,Phylidonyris,3,0,1.4795,11.6,15.525,18.5,New holland honeyeater,22.9
genus,Hoplocephalus,1,0,1.4787,19.0,279.0,279.0,Broad-headed Snake,19.0
genus,Hydroprogne,1,0,1.4781,30.0,644.0,644.0,Caspian tern,30.0
genus,Lasiorhinus,2,0,1.4772,29.95,25500.0,31000.0,Northern hairy-nosed wombat,30.0
genus,Molossus,2,0,1.4771,5.8,14.0,21.09,Sinaloan Mastiff Bat,6.0
genus,Pteromys,2,0,1.4765,9.442,130.0,151.8,Siberian flying squirrel,11.4
genus,Crotalus,20,0,1.4724,23.45,100.0,5675.0,Northwestern Neotropical Rattlesnake,37.0
genus,Spilogale,3,0,1.469,14.0,600.0,612.0,Southern Spotted Skunk,14.0
genus,Halichoerus,1,0,1.468,46.0,200000.0,200000.0,Grey seal,46.0
genus,Stenella,4,0,1.468,37.513,72666.7,112500.0,Striped dolphin,57.5
genus,Myuchelys,1,0,1.4655,26.5,1377.0,1377.0,Serrated snapping turtle,26.5
genus,Loxigilla,1,0,1.4639,15.6,32.1,32.1,Puerto rican bullfinch,15.6
genus,Lacerta,7,0,1.4635,10.0,9.87,25.95,-999,13.975
genus,Brachyteles,2,0,1.4615,27.238,10839.9,11170.0,"Southern muriqui, or Woolly spider monkey, or Muriqui",40.0
genus,Serinus,3,0,1.4597,13.333,11.7,20.0,Canary,24.0
genus,Acomys,14,0,1.4563,7.483,20.0,54.915,Western Saharan Spiny mouse,7.48333
genus,Oplurus,2,0,1.4556,15.25,45.4,117.7,Cuvier's Madagascar swift,21.2
genus,Petaurista,7,0,1.4555,16.0,1330.0,1780.0,Red and white giant flying squirrel,21.4
genus,Cyphocottus,1,0,1.4549,9.0,49.9516,49.9516,Cyphocottus megalops,9.0
genus,Colluricincla,2,0,1.4548,17.05,34.05,67.625,Little shrikethrush,19.3
genus,Phoebastria,4,0,1.4537,41.05,2800.0,4205.5,Laysan albatross,74.0
genus,Sporophila,1,0,1.4535,11.7,8.7,8.7,White-collared seedeater,11.7
genus,Ptenochirus,1,0,1.4524,8.0,79.18,79.18,Greater Musky Fruit Bat,8.0
genus,Caretta,1,0,1.4508,67.0,110000.0,110000.0,Loggerhead sea turtle,67.0
genus,Mastacembelus,1,0,1.4504,13.0,232.45,232.45,Euphrates spiny eel,13.0
genus,Deirochelys,1,0,1.4501,24.0,910.5,910.5,Chicken turtle,24.0
genus,Cryptoprocta,1,0,1.4496,23.1,9500.0,9500.0,Fossa,23.1
genus,Pagophilus,1,0,1.4482,42.0,141125.0,141125.0,Harp Seal,42.0
genus,Scenopoeetes,1,0,1.4481,22.0,167.25,167.25,Tooth-billed bowerbird,22.0
genus,Mniotilta,1,0,1.4439,12.2,10.9,10.9,Black-and-white warbler,12.2
genus,Chlidonias,2,0,1.4432,18.5,60.0,88.0,Black tern,21.0
genus,Potorous,3,0,1.4419,15.058,1087.34,1650.0,Long-footed potoroo,15.3
genus,Macruronus,2,0,1.4418,22.0,825.0,5000.0,Blue grenadier,25.0
genus,Perisoreus,2,0,1.4415,18.55,70.3,84.4,Gray jay,19.2
genus,Cerorhinca,1,0,1.4406,28.2,544.1,544.1,Rhinoceros auklet,28.2
genus,Falsistrellus,1,0,1.4396,6.0,22.54,22.54,Eastern false pipistrelle,6.0
genus,Notorynchus,1,0,1.4395,49.0,58850.0,58850.0,Bluntnose sevengill shark,49.0
genus,Eudocimus,2,0,1.4392,30.4,615.0,940.0,Scarlet ibis,33.2
genus,Centrochelys,1,0,1.4376,54.3,43000.0,43000.0,African spurred tortoise,54.3
genus,Vespertilio,2,0,1.4355,8.454,18.7,24.3,Particolored bat,14.5
genus,Mecistops,1,0,1.435,56.1,50500.0,50500.0,African slender-snouted crocodile,56.1
genus,Corucia,1,0,1.4349,24.3,1013.7,1013.7,Solomon Island skink,24.3
genus,Genidens,1,0,1.4333,36.0,16683.8,16683.8,White sea catfish,36.0
genus,Vini,2,0,1.4326,16.0,29.0,49.5,Blue lorikeet,18.4
genus,Machaerirhynchus,1,0,1.4317,12.0,10.5,10.5,Yellow-breasted boatbill,12.0
genus,Nasalis,1,0,1.4314,25.1,14617.5,14617.5,Proboscis monkey,25.1
genus,Threskiornis,6,0,1.4308,37.0,1351.5,1806.0,Straw-necked ibis,39.4
genus,Delphinapterus,1,0,1.4285,70.0,1500000.0,1500000.0,Beluga,70.0
genus,Anolis,19,0,1.4257,8.0,2.415,56.0,Baracoa Anole,16.5
genus,Latridopsis,1,0,1.4244,33.0,11934.0,11934.0,Bastard trumpeter,33.0
genus,Pantherophis,7,0,1.4241,33.9,800.0,6561.0,Eastern Rat Snake (alleghaniensis),33.9
genus,Hydrolagus,1,0,1.4234,20.0,1500.0,1500.0,Spotted ratfish,20.0
genus,Tremarctos,1,0,1.4233,39.0,109250.0,109250.0,Spectacled bear,39.0
genus,Galerella,2,0,1.4224,12.15,500.0,650.0,Slender mongoose,12.6
genus,Hesperiphona,1,0,1.4216,17.0,54.9,54.9,Evening grosbeak,17.0
genus,Caracara,3,0,1.4212,37.6,1031.0,1348.0,Guadalupe Caracara,37.6
genus,Ailurus,1,0,1.4197,19.0,4325.0,4325.0,Red panda,19.0
genus,Mauremys,5,0,1.4185,22.8,319.5,1241.0,Spanish pond turtle,24.5
genus,Cheimerius,1,0,1.4184,25.0,3840.0,3840.0,Santer seabream,25.0
genus,Neophron,1,0,1.4168,37.0,2082.0,2082.0,Egyptian vulture,37.0
genus,Perca,2,0,1.4149,17.0,400.0,1055.25,European perch,22.0
genus,Ailuropoda,1,0,1.4143,38.0,100000.0,100000.0,Giant panda,38.0
genus,Cercomacra,1,0,1.4112,13.0,16.3,16.3,Dusky antbird,13.0
genus,Asio,2,0,1.4111,24.8,249.7,406.0,Long-eared owl,27.8
genus,Chaerephon,1,0,1.4072,5.0,10.98,10.98,Little Free-tailed Bat,5.0
genus,Orcinus,1,0,1.4061,90.0,5000000.0,5000000.0,Killer whale,90.0
genus,Cypseloides,1,0,1.4051,16.1,45.0,45.0,Black swift,16.1
genus,Chelodina,5,0,1.4048,37.0,1006.0,1293.0,Cann's Snake-necked Turtle,37.0
genus,Xanthocephalus,1,0,1.4046,18.0,75.75,75.75,Yellow-headed blackbird,18.0
genus,Rhinocheilus,1,0,1.4033,19.8,432.0,432.0,"Long-nosed snake, or Western long-nosed snake",19.8
genus,Sistrurus,2,0,1.4016,18.05,196.0,384.0,Massasauga,20.0
genus,Guaruba,1,0,1.4008,23.2,250.0,250.0,Golden conure,23.2
genus,Fregata,4,0,1.4007,30.8,806.0,1550.0,Great frigatebird,44.0
genus,Elaenia,1,0,1.3995,13.6,20.9,20.9,Caribbean elaenia,13.6
genus,Paradoxurus,3,0,1.3993,17.717,2600.65,3530.33,Asian palm civet,24.5
genus,Monocentris,1,0,1.3989,8.0,36.0596,36.0596,Pinecone fish,8.0
genus,Chamaea,1,0,1.3985,12.6,14.7,14.7,Wrentit,12.6
genus,Lopholatilus,1,0,1.3972,35.0,16500.0,16500.0,Blue tilefish,35.0
genus,Maccullochella,1,0,1.3925,48.0,62000.0,62000.0,Murray cod,48.0
genus,Torpedo,1,0,1.3911,20.0,1650.0,1650.0,Marbled electric ray,20.0
genus,Arctogalidia,1,0,1.3908,16.1,2250.0,2250.0,Small-toothed palm civet,16.1
genus,Caligavis,1,0,1.389,12.833,16.525,16.525,Yellow-faced Honeyeater,12.8333
genus,Eopsaltria,3,0,1.3882,14.7,19.15,20.25,White-breasted robin,18.3
genus,Zapus,3,0,1.3878,6.0,18.0,27.975,Western Jumping Mouse,6.0
genus,Eugenes,1,0,1.3877,11.0,8.1,8.1,Magnificent hummingbird,11.0
genus,Etmopterus,2,0,1.3872,32.0,467.5,5896.7,Southern lanternshark,57.0
genus,Hemigrammus,1,0,1.3861,4.0,2.11472,2.11472,Hemigrammus rodwayi,4.0
genus,Trichosurus,4,0,1.385,15.9,1993.5,3115.06,Short-eared Possum,17.0
genus,Sekeetamys,1,0,1.3846,7.3,65.0,65.0,Bushy-tailed jird,7.3
genus,Puffinus,22,0,1.3841,20.9,169.0,849.0,Manx shearwater,55.0
genus,Ursus,4,0,1.3832,43.5,103750.0,400000.0,Brown bear,45.0
genus,Passer,5,0,1.3831,13.1,17.5,28.0,Italian Sparrow,23.0
genus,Ficedula,4,0,1.3826,12.417,12.7,13.9,European pied flycatcher,15.0
genus,Aegithalos,2,0,1.3824,11.1,8.6,8.6,Long-tailed tit,11.1
genus,Erithacus,1,0,1.3814,13.0,18.0,18.0,European robin,13.0
genus,Argyrozona,1,0,1.3812,27.0,5900.0,5900.0,Carpenter seabream,27.0
genus,Merlangius,1,0,1.3811,20.0,1700.0,1700.0,English whiting,20.0
genus,Agapornis,4,0,1.3797,16.3,37.3,57.5,Nyasa loverbird,19.2
genus,Synchiropus,1,0,1.379,7.0,22.0,22.0,Phaeton dragonet,7.0
genus,Sarcoramphus,1,0,1.378,40.0,3405.0,3405.0,King vulture,40.0
genus,Bettongia,4,0,1.3773,15.3,1184.35,1500.0,Woylie,18.8
genus,Aonyx,3,0,1.3752,23.0,3000.0,23500.0,Oriental Small-clawed Otter,23.625
genus,Alburnoides,4,0,1.3741,6.0,7.44492,31.0,Alburnoides qanati,11.9
genus,Caloprymnus,1,0,1.3734,13.0,908.285,908.285,Desert Rat-kangaroo,13.0
genus,Styloctenium,1,0,1.3722,8.983,172.42,172.42,Stripe-faced Fruit Bat,8.98333
genus,Intellagama,1,0,1.3715,18.9,386.96,386.96,lesueurii: Eastern Water Dragon,18.9
genus,Heosemys,1,0,1.3711,22.9,950.0,950.0,Spiny turtle,22.9
genus,Eunymphicus,2,0,1.3689,19.7,130.0,130.0,Horned parakeet,19.7
genus,Labrus,4,0,1.3687,19.0,1493.14,2392.5,Ballan wrasse,29.0
genus,Lophophanes,1,0,1.3676,11.6,11.1,11.1,Crested tit,11.6
genus,Cardinalis,2,0,1.3668,18.292,35.5,42.6,Northern cardinal,28.5
genus,Pernis,2,0,1.365,29.0,758.0,837.5,"European honey buzzard, or Western honey-buzzard",29.0
genus,Sparodon,1,0,1.3646,31.0,11000.0,11000.0,Musselcracker seabream,31.0
genus,Pyrrhura,6,0,1.3643,18.5,56.7,87.0,Venezuelan Parakeet,18.5
genus,Dasyuroides,1,0,1.3642,8.0,105.0,105.0,Kowari,8.0
genus,Lynx,4,0,1.3627,25.4,8600.0,22000.0,Bobcat,32.3
genus,Hemigalus,1,0,1.3625,16.0,2400.0,2400.0,Banded palm civet,16.0
genus,Aquila,9,0,1.3618,40.3,1370.0,4500.0,Eastern imperical eagle,56.0
genus,Enhydra,1,0,1.3613,28.0,30000.0,30000.0,Sea otter,28.0
genus,Antaresia,2,0,1.3608,17.75,82.0,384.0,Children's python,25.7
genus,Bycanistes,1,0,1.3587,31.8,1250.0,1250.0,Grey-cheeked hornbill,31.8
genus,Macronectes,2,0,1.3579,41.2,3697.5,4313.0,Southern giant petrel,47.0
genus,Paristiopterus,1,0,1.3576,36.0,20892.9,20892.9,Yellowspotted boarfish,36.0
genus,Laimosemion,1,0,1.3572,3.0,0.699775,0.699775,Laimosemion xiphidius,3.0
genus,Tamias,16,0,1.3562,8.0,44.1,100.0,Cliff chipmunk,12.6
genus,Leiocephalus,2,0,1.3547,10.8,30.0,30.0,Northern curly-tailed lizard,10.8
genus,Abramis,1,0,1.353,23.0,3305.5,3305.5,Bream,23.0
genus,Pyrrhocorax,2,0,1.3527,22.35,211.5,277.8,Alpine chough,24.4
genus,Scorpaena,7,0,1.3523,21.0,60.1734,2960.0,Eastern red scorpionfish,33.0
genus,Odax,1,0,1.3522,19.0,1500.0,1500.0,Butterfish,19.0
genus,Hypsagonus,1,0,1.3503,7.0,24.0,24.0,Fourhorn poacher,7.0
genus,Kerodon,1,0,1.3493,12.9,950.0,950.0,Rock cavy,12.9
genus,Lepidopsetta,2,0,1.3483,20.0,1800.0,1880.0,Rock sole,22.0
genus,Procyon,2,0,1.348,19.5,6000.0,6270.0,Common raccoon,20.0
genus,Cynanthus,2,0,1.3463,8.8,3.3,3.3,Doubleday's Hummingbird,8.8
genus,Claudius,1,0,1.3456,16.1,200.0,200.0,Narrow-bridged musk turtle,16.1
genus,Myrmecobius,1,0,1.3441,11.0,471.5,471.5,Numbat,11.0
genus,Hyporthodus,5,0,1.3433,35.0,18640.0,198100.0,Warsaw grouper,91.0
genus,Lepilemur,8,0,1.3415,12.0,669.03,738.18,Ankarana Sportive Lemur,12.0
genus,Leuresthes,1,0,1.3391,8.0,43.2288,43.2288,California grunion,8.0
genus,Aphelocoma,6,0,1.3387,16.05,78.7,130.0,Mexican jay,25.0
genus,Larimichthys,2,0,1.3355,14.5,189.8,243.6,Yellow croaker,23.0
genus,Chloris,1,0,1.3354,13.6,26.0,26.0,European greenfinch,13.6
genus,Catopuma,1,0,1.335,23.0,13500.0,13500.0,Asiatic golden cat,23.0
genus,Gastroscyphus,1,0,1.3342,4.0,2.47741,2.47741,Hector's clingfish,4.0
genus,Atheresthes,2,0,1.3336,24.0,1100.0,8500.0,Kamchatka flounder,33.0
genus,Lutra,2,0,1.3328,20.1,6750.0,7809.35,Japanese Otter,22.0
genus,Glossopsitta,2,0,1.3322,16.65,44.0,70.8,Musk lorikeet,21.3
genus,Pseudorasbora,1,0,1.3316,5.0,6.3,6.3,Stone moroko,5.0
genus,Gymnocephalus,2,0,1.3307,13.0,250.0,400.0,Schraetzer,15.0
genus,Hexaprotodon,1,0,1.3284,42.3,215000.0,215000.0,Pygmy hippopotamus,42.3
genus,Chiloscyllium,1,0,1.322,25.0,5142.4,5142.4,Whitespotted bambooshark,25.0
genus,Centropyge,3,0,1.3216,11.0,67.0955,160.121,Black and gold angelfish,13.0
genus,Trogopterus,1,0,1.3213,12.0,753.79,753.79,Complex-toothed Flying Squirrel,12.0
genus,Cinnyris,3,0,1.321,9.0,6.85,8.6,Purple sunbird,22.0
genus,Deroptyus,1,0,1.3208,21.8,246.0,246.0,Red-fan parrot,21.8
genus,Trichoglossus,11,0,1.3191,16.1,55.2,120.0,Scaly-breasted lorikeet,33.8
genus,Momotus,7,0,1.3187,20.3,75.7,133.0,Andean Motmot,20.3
genus,Chelmon,1,0,1.3151,10.0,117.539,117.539,Longnosed butterflyfish,10.0
genus,Paracaesio,2,0,1.3125,17.0,221.0,4893.32,Saddleback snapper,19.0
genus,Xenus,1,0,1.3076,16.9,78.8,78.8,Terek sandpiper,16.9
genus,Pseudibis,2,0,1.3066,30.0,823.0,1588.0,White-shouldered Ibis,30.0
genus,Opsaridium,1,0,1.3055,6.0,14.569,14.569,Southern barred minnow,6.0
genus,Argentina,4,0,1.3052,16.0,76.8692,5378.55,Atlantic argentine,35.0
genus,Gilchristella,1,0,1.3049,6.0,14.5963,14.5963,Gilchrist's round herring,6.0
genus,Phascolarctos,1,0,1.3038,20.0,8000.0,8000.0,Koala,20.0
genus,Nandayus,1,0,1.3037,18.7,128.0,128.0,Nanday parakeet,18.7
genus,Glaucosoma,3,0,1.3036,26.0,2500.0,26000.0,West Australian dhufish,41.0
genus,Leptailurus,1,0,1.3034,22.4,13350.0,13350.0,Serval,22.4
genus,Irena,1,0,1.3026,16.1,64.025,64.025,Asian Fairy-bluebird,16.1
genus,Ctenopoma,1,0,1.3021,8.7,68.75,68.75,Miss Kingsley's climbing perch,8.7
genus,Diomedea,7,0,1.3014,58.0,4000.0,9000.0,Northern Royal Albatross,61.0
genus,Ramphastos,1,0,1.3006,26.0,600.0,600.0,Toco toucan,26.0
genus,Xerospermophilus,2,0,1.3004,8.35,150.0,163.3,Round-tailed ground squirrel,8.9
genus,Spilocuscus,3,0,1.298,17.0,3500.0,4155.23,Admiralty Island Cuscus,17.0
genus,Pygoplites,1,0,1.2967,14.5,581.814,581.814,Royal angelfish,14.5
genus,Esmaeilius,1,0,1.2963,4.0,2.79173,2.79173,Esmaeilius sophiae,4.0
genus,Spondyliosoma,1,0,1.2961,15.0,671.0,671.0,Black sea bream,15.0
genus,Trachurus,9,0,1.2959,16.0,64.3,3873.79,Jack mackerel,30.0
genus,Bathyagonus,1,0,1.2955,9.0,80.8172,80.8172,Blackfin poacher,9.0
genus,Selasphorus,4,0,1.2944,7.95,2.6325,4.2,Broad-tailed hummingbird,14.0
genus,Glyptosternon,1,0,1.2933,13.0,374.0,374.0,Glyptosternon maculatum,13.0
genus,Loxodonta,2,0,1.2921,80.0,4000000.0,4630000.0,African bush elephant,80.0
genus,Tamandua,2,0,1.2914,17.5,4500.0,4500.0,Southern tamandua,19.0
genus,Physignathus,1,0,1.2879,15.3,193.42,193.42,"Chinese water dragon, or Water dragon",15.3
genus,Muscicapa,1,0,1.2878,11.8,15.9,15.9,Spotted flycatcher,11.8
genus,Chaetodon,4,0,1.2874,11.0,183.27,516.103,Blackback butterflyfish,20.0
genus,Profelis,1,0,1.2848,21.0,10650.0,10650.0,African golden cat,21.0
genus,Mungotictis,1,0,1.284,11.392,678.515,678.515,Narrow-striped Mongoose,11.3917
genus,Lachesis,3,0,1.2837,31.6,5817.0,5817.0,Black-headed bushmaster,31.6
genus,Agelaius,4,0,1.2833,14.6,38.4,64.0,Red-shouldered Blackbird,20.0
genus,Otocyon,1,0,1.282,17.0,4150.0,4150.0,Bat-eared fox,17.0
genus,Nannoperca,3,0,1.2806,5.0,4.6,6.56979,Southern pygmy perch,5.0
genus,Hyaena,2,0,1.2803,28.45,40000.0,42250.0,Brown hyena,31.9
genus,Megascops,2,0,1.2798,19.85,164.1,205.0,Eastern screech-owl,20.7
genus,Gerrhosaurus,4,0,1.2779,12.75,62.9,284.0,Rough-scaled plated lizard,24.0
genus,Ammodytes,6,0,1.2778,8.5,10.6,100.0,American sand lance,12.0
genus,Acanthopsetta,1,0,1.2768,17.0,1200.0,1200.0,Scale-eye plaice,17.0
genus,Colistium,2,0,1.2762,18.5,1500.0,1800.0,Colistium guentheri,21.0
genus,Zenaida,4,0,1.2757,25.0,120.0,159.0,Mourning dove,31.0
genus,Pachycara,1,0,1.2756,14.0,538.468,538.468,Shorthead eelpout,14.0
genus,Centropristis,1,0,1.2754,20.0,2365.0,2365.0,Black sea bass,20.0
genus,Strepera,3,0,1.2723,24.0,283.5,400.0,Pied currawong,24.2
genus,Lutrogale,1,0,1.2715,20.0,8956.25,8956.25,Smooth-coated Otter,20.0
genus,Limosa,3,0,1.2696,23.6,294.0,336.0,Bar-tailed godwit,33.0
genus,Sphecotheres,1,0,1.269,18.0,121.5,121.5,Green figbird (hang-nest),18.0
genus,Bubulcus,2,0,1.2686,23.0,372.0,390.0,Eastern Cattle Egret,23.0
genus,Poromitra,1,0,1.268,8.5,69.704,69.704,Crested bigscale,8.5
genus,Charadrius,14,0,1.2668,16.95,37.0,108.5,Greater sand plover,21.6
genus,Pachymetopon,3,0,1.2663,12.0,800.0,2200.0,Bronze seabream,38.0
genus,Atlantoxerus,1,0,1.2653,9.0,250.57,250.57,Barbary Ground Squirrel,9.0
genus,Gypaetus,1,0,1.265,40.0,5070.0,5070.0,Bearded vulture,40.0
genus,Sericulus,1,0,1.2644,17.2,100.0,100.0,Regent bowerbird,17.2
genus,Milvus,3,0,1.2639,24.0,828.5,1080.0,Red kite,38.0
genus,Procelsterna,2,0,1.2639,15.0,53.0,53.0,Grey Noddy,15.0
genus,Turdus,11,0,1.2598,18.1,61.2,117.5,Tibetan Blackbird,21.8333
genus,Tupaia,8,0,1.2576,11.8,58.6,225.525,Golden-bellied Treeshrew,12.4167
genus,Conolophus,2,0,1.2576,33.55,4200.0,4728.31,Galapagos Land Iguana,50.0
genus,Psaltriparus,1,0,1.2575,9.1,5.3,5.3,Bushtit,9.1
genus,Philodina,1,0,1.2564,0.12,5e-07,5e-07,Bdelloid rotifer,0.12
genus,Hemignathus,1,0,1.2563,13.0,28.0,28.0,Akiapolaau,13.0
genus,Lepidonotothen,1,0,1.2562,19.0,2035.99,2035.99,Grey rockcod,19.0
genus,Histriophoca,1,0,1.2559,31.0,68250.0,68250.0,Ribbon Seal,31.0
genus,Margarops,1,0,1.2535,17.0,98.6,98.6,Pearly-eyed thrasher,17.0
genus,Prionodon,2,0,1.2533,13.058,691.415,2821.34,Spotted Linsang,13.475
genus,Ephemera,1,0,1.2517,2.0,0.03,0.03,Common mayfly,2.0
genus,Carettochelys,1,0,1.2517,38.4,16275.0,16275.0,Pignose turtle,38.4
genus,Genypterus,1,0,1.2514,30.0,13750.0,13750.0,Australian rockling,30.0
genus,Boa,1,0,1.2475,40.0,20000.0,20000.0,Boa constrictor,40.0
genus,Dactylopsila,3,0,1.2474,9.6,318.0,400.0,Great-tailed Triok,9.6
genus,Thalassarche,9,0,1.2467,37.0,2115.0,4012.5,Grey-headed albatross,47.2
genus,Micrathene,1,0,1.2465,14.0,41.0,41.0,Elf owl,14.0
genus,Senticolis,1,0,1.246,19.8,753.0,753.0,Green rat snake,19.8
genus,Meliphaga,4,0,1.2449,11.6,14.75,34.4,Lewin's honeyeater,15.9
genus,Hippopotamus,1,0,1.2449,61.0,1500000.0,1500000.0,Hippopotamus,61.0
genus,Acanthoclinus,2,0,1.2444,9.0,50.8397,179.41,Taumaka,9.0
genus,Erpeton,1,0,1.2444,13.6,131.0,131.0,East Indian tentacled snake,13.6
genus,Turdoides,4,0,1.2441,16.5,66.0,74.35,Southern Pied Babbler,16.5
genus,Myocastor,1,0,1.2438,19.0,7850.0,7850.0,Nutria,19.0
genus,Heterohyrax,1,0,1.2414,14.0,2000.0,2000.0,Yellow-spotted Rock Hyrax,14.0
genus,Proteles,1,0,1.2408,20.0,10000.0,10000.0,Aardwolf,20.0
genus,Hypogeomys,1,0,1.2401,12.6,1250.0,1250.0,Malagasy giant rat,12.6
genus,Melursus,1,0,1.2394,33.3,100000.0,100000.0,Sloth bear,33.3
genus,Dules,1,0,1.2372,9.0,97.8152,97.8152,Cochero,9.0
genus,Dasycercus,1,0,1.2367,7.4,115.0,115.0,Mulgara,7.4
genus,Himatione,2,0,1.2358,11.0,13.4,14.4,Laysan Honeycreeper,11.0
genus,Galaxias,3,0,1.2354,5.0,25.0,32.0,Barred Galaxias,15.0
genus,Vespadelus,5,0,1.2353,8.0,3.77,6.79,Little forest bat,9.1
genus,Poecile,11,0,1.2342,10.9,9.8,12.5,Marsh tit,13.2
genus,Herpestes,10,0,1.2336,12.7,519.6,3002.08,Egyptian Mongoose,20.0
genus,Alpinocottus,1,0,1.2332,8.0,60.827,60.827,Alpine bullhead,8.0
genus,Bdeogale,3,0,1.233,15.8,1646.07,2500.0,Jackson's Mongoose,15.8333
genus,Pelecanus,7,0,1.2314,43.0,3115.8,10000.0,American white pelican,54.0
genus,Potamalosa,1,0,1.2304,11.0,230.0,230.0,Australian freshwater herring,11.0
genus,Coloeus,1,0,1.2299,20.3,246.0,246.0,"Eurasian crow, or Eurasian jackdaw",20.3
genus,Pithecophaga,1,0,1.2293,41.0,6500.0,6500.0,Philippine eagle,41.0
genus,Moschiola,1,0,1.2291,14.5,2450.0,2450.0,Indian spotted chevrotain,14.5
genus,Notolabrus,2,0,1.2288,15.0,249.401,701.025,Yellow-saddled wrasse,23.0
genus,Theristicus,3,0,1.2278,34.5,1200.0,1726.0,Andean Ibis,34.5
genus,Gymnorhina,1,0,1.2277,21.0,290.5,290.5,Australian Magpie,21.0
genus,Prionailurus,5,0,1.2262,17.2,1350.0,10650.0,Rusty-spotted cat,17.9
genus,Leptolucania,1,0,1.2258,2.0,0.198683,0.198683,Pygmy killifish,2.0
genus,Paleosuchus,2,0,1.2256,32.05,5900.0,7500.0,Smooth-fronted caiman,40.0
genus,Tragulus,5,0,1.224,16.7,2850.0,6500.0,Lesser Mouse-deer,16.7
genus,Micromys,1,0,1.223,3.8,6.0,6.0,Old World harvest mouse,3.8
genus,Stercorarius,6,0,1.2225,29.95,298.0,1687.0,Great skua,35.9
genus,Sciurus,19,0,1.2221,8.9,177.34,803.0,Eastern grey squirrel,20.0
genus,Myrmecophaga,1,0,1.2216,26.0,35000.0,35000.0,Giant anteater,26.0
genus,Lyncodon,1,0,1.2212,11.808,1000.0,1000.0,Patagonian Weasel,11.8083
genus,Oedalechilus,1,0,1.2209,10.0,160.0,160.0,Boxlip mullet,10.0
genus,Prunella,2,0,1.2198,14.25,20.2,39.775,Hedge sparrow,20.8
genus,Muscardinus,1,0,1.2187,5.3,27.3,27.3,Hazel dormouse,5.3
genus,Pagophila,1,0,1.2181,23.9,550.0,550.0,Ivory gull,23.9
genus,Onychomys,3,0,1.2177,5.6,22.0,32.5,Chihuahuan Grasshopper Mouse,5.6
genus,Hemilepidotus,3,0,1.2177,12.0,330.0,2100.0,Yellow Irish lord,30.0
genus,Chondrodactylus,2,0,1.2176,8.45,12.8,13.21,Namib sand gecko,10.8
genus,Hypsoblennius,3,0,1.2174,6.5,24.3438,53.773,Rockpool blenny,9.0
genus,Micralestes,1,0,1.217,3.0,1.1,1.1,Sharptooth tetra,3.0
genus,Arnoglossus,2,0,1.2158,9.0,93.8053,112.0,Grohmann's scaldfish,10.0
genus,Dasyprocta,8,0,1.2154,13.9,2150.0,3500.0,Black agouti,18.0
genus,Lepisosteus,4,0,1.2145,19.5,1430.0,12540.0,Longnose gar,36.0
genus,Typhlichthys,1,0,1.2118,4.0,3.69178,3.69178,Southern cavefish,4.0
genus,Geopelia,4,0,1.2115,14.0,48.9,128.65,Zebra dove,18.7
genus,Inia,1,0,1.2109,31.3,84000.0,84000.0,"Amazon river dolphin, or Amazon dolphin",31.3
genus,Eos,5,0,1.2106,16.6,91.0,204.0,Red lory,24.7
genus,Vicugna,2,0,1.2102,28.7,50000.0,62000.0,Vicugna,31.6
genus,Dascyllus,1,0,1.2101,6.0,19.9526,19.9526,Whitetail dascyllus,6.0
genus,Clidoderma,1,0,1.2079,22.0,4400.0,4400.0,Roughscale sole,22.0
genus,Antrostomus,4,0,1.2069,15.0,53.0,115.0,Mexican Whip-poor-will,15.0
genus,Calonectris,3,0,1.2068,24.833,535.0,775.225,Cory's Shearwater,24.8333
genus,Ictidomys,1,0,1.2063,7.9,172.7,172.7,Thirteen-lined ground squirrel,7.9
genus,Barnardius,1,0,1.2061,17.9,150.0,150.0,Port Lincoln ringneck,17.9
genus,Deltentosteus,1,0,1.2047,5.0,9.54261,9.54261,Four-spotted goby,5.0
genus,Dendrolagus,11,0,1.2046,23.6,6649.97,11400.0,Matschie's tree kangaroo,26.9
genus,Progne,1,0,1.2044,13.8,45.0,45.0,Purple martin,13.8
genus,Desmodillus,1,0,1.2031,6.1,54.5,54.5,Cape short-eared gerbil,6.1
genus,Ptilotula,4,0,1.2027,12.0,12.7,19.175,Yellow-tinted Honeyeater,13.25
genus,Dicaeum,1,0,1.2021,9.7,8.8,8.8,Mistletoebird,9.7
genus,Parodon,1,0,1.2018,7.0,38.9184,38.9184,Parodon nasus,7.0
genus,Antigone,1,0,1.2005,37.0,4500.0,4500.0,Sandhill crane,37.0
genus,Xiphister,1,0,1.2005,11.0,254.735,254.735,Rock prickleback,11.0
genus,Neovison,1,0,1.1995,11.4,925.0,925.0,American mink,11.4
genus,Pardofelis,1,0,1.1994,27.3,47362.5,47362.5,Marbled Cat,27.3
genus,Gavialis,1,0,1.1991,60.0,160000.0,160000.0,Gharial,60.0
genus,Chionodraco,2,0,1.1977,13.5,428.0,633.0,Myers' icefish,17.0
genus,Pituophis,4,0,1.1972,33.8,6407.0,7275.5,Gopher snake,33.8
genus,Lobodon,1,0,1.1971,39.0,238333.0,238333.0,Crabeater Seal,39.0
genus,Apodemus,16,0,1.1963,5.15,21.2,44.0,South China Field Mouse,6.325
genus,Hemitripterus,1,0,1.1957,23.0,5517.83,5517.83,Bigmouth sculpin,23.0
genus,Serranus,5,0,1.1957,8.0,12.3027,8250.0,Painted comber,60.0
genus,Loxops,1,0,1.1955,10.0,10.4,10.4,Akepa,10.0
genus,Dipodomys,14,0,1.1954,8.3,37.8,145.0,Banner-tailed kangaroo rat,12.7
genus,Haplocylix,1,0,1.1948,6.0,21.0342,21.0342,Giant clingfish,6.0
genus,Calidris,17,0,1.1933,14.7,21.1,179.167,Dunlin,28.8
genus,Ctenolabrus,1,0,1.1931,8.0,69.7728,69.7728,Goldsinny wrasse,8.0
genus,Lepidorhombus,2,0,1.1926,14.5,640.0,1013.0,Megrim,16.0
genus,Bathyraja,8,0,1.1923,19.5,1831.9,11754.4,Whitebrow skate,37.0
genus,Talpa,5,0,1.1921,7.0,87.53,100.0,Caucasian Mole,7.0
genus,Thinornis,1,0,1.1909,16.2,100.0,100.0,Hooded dotterel,16.2
genus,Elapsoidea,3,0,1.1904,11.6,67.0,82.0,Guenther's Garter Snake,11.6
genus,Spinus,4,0,1.1903,12.0,9.23,13.2,Eurasian siskin,13.5
genus,Garrulus,1,0,1.19,17.9,159.7,159.7,Eurasian jay,17.9
genus,Pionopsitta,1,0,1.1897,16.8,119.0,119.0,Pileated parrot,16.8
genus,Xerus,3,0,1.1895,10.3,316.96,600.0,South African ground squirrel,11.5
genus,Madoqua,4,0,1.1891,15.65,3250.0,5000.0,Gunther's dik-dik,17.5
genus,Geocapromys,3,0,1.1889,13.5,733.52,1500.0,Brown's hutia,13.5
genus,Limanda,4,0,1.1888,12.0,233.75,1000.0,Yellowfin sole,26.0
genus,Leptoptilos,4,0,1.1868,43.85,5710.0,9050.0,Marabou Stork,44.7
genus,Chalcopsitta,3,0,1.1859,19.7,190.0,260.0,Yellowish-streaked Lory,19.7
genus,Pulsatrix,1,0,1.1854,25.0,770.0,770.0,Spectacled owl,25.0
genus,Virginia,2,0,1.1829,8.35,12.0,22.0,Smooth earth snake,9.5
genus,Vulpes,12,0,1.1825,15.05,994.25,6000.0,Red fox,21.0
genus,Octodontomys,1,0,1.1822,7.567,155.77,155.77,Mountain Degu,7.56667
genus,Nezumia,3,0,1.1821,9.0,99.2636,286.149,Marlin-spike grenadier,11.0
genus,Cyanocompsa,1,0,1.1818,10.8,15.7,15.7,Blue bunting,10.8
genus,Chroicocephalus,5,0,1.1816,28.8,281.0,322.5,Black-headed gull,32.9
genus,Pachycephala,6,0,1.1815,13.1,17.5,41.2,Australian golden whistler,18.0
genus,Zaedyus,1,0,1.1815,12.5,1500.0,1500.0,Pichi,12.5
genus,Genyonemus,1,0,1.1815,15.0,985.146,985.146,White croaker,15.0
genus,Aegolius,2,0,1.1814,16.7,117.9,120.0,Northern saw-whet owl,17.5
genus,Heterodon,4,0,1.1801,19.9,350.0,601.0,Dusty Hognose Snake,20.0
genus,Recurvirostra,2,0,1.18,21.4,304.0,309.25,Pied avocet,27.8
genus,Halichoeres,1,0,1.18,14.0,743.928,743.928,Rock wrasse,14.0
genus,Lithognathus,3,0,1.1796,21.0,2167.17,10615.0,West coast seabream,50.0
genus,Caluromys,3,0,1.1793,8.9,330.0,410.0,Brown-eared Woolly Opossum,9.73333
genus,Actitis,2,0,1.1782,13.25,34.0,48.0,Common sandpiper,14.5
genus,Loxioides,1,0,1.1775,13.0,37.85,37.85,Palila,13.0
genus,Nucifraga,3,0,1.177,17.4,130.0,183.0,Spotted nutcracker,19.9
genus,Cancer,1,0,1.176,30.0,1500.0,1500.0,Edible crab,30.0
genus,Squatina,1,0,1.1758,35.0,33748.9,33748.9,Pacific angel shark,35.0
genus,Leviprora,1,0,1.1751,20.0,3321.8,3321.8,Longhead flathead,20.0
genus,Aphanopus,2,0,1.1746,23.5,4232.0,5573.26,Black scabbardfish,32.0
genus,Phaethon,2,0,1.1731,25.15,593.2,750.0,Red-tailed tropicbird,32.7
genus,Hypsiglena,5,0,1.1728,12.2,104.0,104.0,Rio Grande de Santiago Nightsnake,12.2
genus,Microchirus,1,0,1.1726,14.0,763.492,763.492,Thickback sole,14.0
genus,Gymnocanthus,5,0,1.1719,13.0,240.0,1099.45,Gymnocanthus detrisus,17.0
genus,Acanthagenys,1,0,1.1716,13.6,47.8,47.8,Spiny-cheeked honeyeater,13.6
genus,Geochelone,3,0,1.1712,24.3,4225.0,43000.0,African Spurred Tortoise,54.3
genus,Eumeces,4,0,1.1708,9.3,30.0,85.4,Algerian skink,22.8
genus,Sylvia,8,0,1.1702,9.0,11.4,24.6,Garden warbler,24.0
genus,Strix,9,0,1.17,24.0,450.0,1120.0,Barred owl,34.0
genus,Polytelis,3,0,1.1691,15.1,104.0,170.0,Alexandra's parrot,23.9
genus,Dryobates,1,0,1.1688,12.0,27.0,27.0,Downy woodpecker,12.0
genus,Globicephala,2,0,1.1685,61.0,1800000.0,2200000.0,Short-finned pilot whale,63.0
genus,Lycodes,6,0,1.1683,13.5,29.2695,3891.36,Glacial eelpout,33.0
genus,Piaractus,1,0,1.168,28.0,13750.0,13750.0,Pirapitinga,28.0
genus,Lepidion,2,0,1.1679,31.0,5438.3,14700.0,Schmidt's cod,49.0
genus,Spizelloides,1,0,1.1678,10.8,16.6,16.6,American tree sparrow,10.8
genus,Pluvialis,4,0,1.1656,17.55,118.0,224.0,Black-bellied plover,25.6
genus,Carassius,3,0,1.1653,10.0,100.0,6400.0,Goldfish,43.0
genus,Cyanocorax,3,0,1.165,11.583,79.1167,272.0,Azure jay,36.0
genus,Myzomela,3,0,1.1647,10.0,7.75,12.25,Dusky myzomela,12.0
genus,Lepidochelys,2,0,1.1638,53.1,40500.0,102000.0,Pacific Ridley; Olive Ridley Sea Turtle,76.0
genus,Bothrops,9,0,1.1627,15.1,131.0,1037.0,"Terciopelo, or Fer-de-lance",20.4
genus,Northiella,1,0,1.1612,15.3,86.2,86.2,Bluebonnet,15.3
genus,Rynchops,1,0,1.1605,20.2,315.0,315.0,Black skimmer,20.2
genus,Acanthopagrus,7,0,1.1601,14.0,1494.3,3200.0,Southern black bream,29.0
genus,Philantomba,2,0,1.1599,17.1,6250.0,7000.0,Maxwell's duiker,18.3
genus,Euodice,1,0,1.1593,10.0,12.0,12.0,African Silverbill,10.0
genus,Ichneumia,1,0,1.1591,14.8,3500.0,3500.0,White-tailed mongoose,14.8
genus,Cathartes,1,0,1.1587,30.0,2000.0,2000.0,Turkey vulture,30.0
genus,Harpyopsis,1,0,1.1587,30.0,2000.0,2000.0,New Guinea eagle,30.0
genus,Seiurus,1,0,1.158,11.0,18.8,18.8,Ovenbird,11.0
genus,Steno,1,0,1.1569,32.0,114000.0,114000.0,Rough-toothed dolphin,32.0
genus,Psittrichas,1,0,1.1561,25.0,865.0,865.0,Pesquet's parrot,25.0
genus,Lucanus,1,0,1.1548,6.0,3.0,3.0,Stag beetle,6.0
genus,Telespiza,2,0,1.1547,12.0,24.5,33.3,Laysan finch,12.0
genus,Berardius,2,0,1.154,84.0,7000000.0,11380000.0,Arnoux's Beaked Whale,84.0
genus,Cyanoliseus,1,0,1.1508,19.5,278.0,278.0,Patagonian conure,19.5
genus,Chlorodrepanis,2,0,1.1499,10.5,13.35,16.65,Hawaii amakihi,12.0
genus,Falcunculus,1,0,1.1491,11.9,28.1,28.1,Crested shriketit,11.9
genus,Zalophus,3,0,1.1491,35.7,150000.0,158597.0,Japanese Sealion,35.7
genus,Passerina,4,0,1.1478,10.6,14.75,28.4,Painted bunting,12.0
genus,Nematalosa,2,0,1.1474,14.9,555.4,1310.54,Perth herring,19.8
genus,Grampus,1,0,1.1474,42.5,425000.0,425000.0,Risso's dolphin,42.5
genus,Oriolus,5,0,1.1468,14.833,56.3,96.6,Black-naped oriole,29.0
genus,Dipturus,5,0,1.1466,24.0,110.0,115315.0,"Blue skate, or Common skate",50.0
genus,Nyctomys,1,0,1.146,5.7,50.0,50.0,Vesper rat,5.7
genus,Magumma,1,0,1.1454,9.5,10.0,10.0,Anianiau,9.5
genus,Cryptotis,3,0,1.1451,3.5,4.5,6.2,Central American Least Shrew,3.5
genus,Osmerus,3,0,1.1447,10.0,178.0,314.1,Pacific rainbow smelt,15.0
genus,Riparia,2,0,1.1444,10.05,12.7,13.4,Bank swallow,10.1
genus,Elephantulus,7,0,1.1441,5.658,45.11,62.78,"Bushveld elephant shrew, or Long-eared elephant shrew",9.3
genus,Epinephelides,1,0,1.1441,19.0,3000.0,3000.0,Breaksea cod,19.0
genus,Trichechus,3,0,1.1424,40.0,477000.0,500000.0,West Indian manatee,69.0
genus,Nototheniops,1,0,1.1422,9.0,136.232,136.232,Painted notie,9.0
genus,Tachybaptus,2,0,1.1422,17.5,174.0,174.0,Little grebe,17.5
genus,Umbrina,4,0,1.1421,22.0,1854.9,11080.0,Canary drum,27.0
genus,Procavia,1,0,1.1404,15.0,4000.0,4000.0,Rock hyrax,15.0
genus,Cycleptus,2,0,1.1389,23.0,2233.75,8560.0,Southeastern blue sucker,33.0
genus,Prosopeia,2,0,1.1376,15.95,40.3,237.25,Crimson shining parrot,20.1
genus,Equus,8,0,1.1372,36.6,200000.0,500000.0,Horse,62.0
genus,Tachycineta,2,0,1.1372,10.6,14.2,19.0,Tree swallow,12.1
genus,Bathymaster,2,0,1.1365,8.5,32.0959,370.0,Searcher,9.0
genus,Hippolais,2,0,1.1356,9.85,11.0,13.2,Icterine warbler,10.8
genus,Caracal,1,0,1.1347,20.3,16000.0,16000.0,Caracal,20.3
genus,Nyctereutes,1,0,1.1332,16.6,6500.0,6500.0,Raccoon dog,16.6
genus,Cepphus,2,0,1.1319,22.55,427.5,483.8,Black guillemot,29.9
genus,Pachyptila,1,0,1.1318,16.5,138.05,138.05,Fairy prion,16.5
genus,Sicista,4,0,1.1302,3.954,8.92,11.75,Northern Birch Mouse,4.0
genus,Psephotus,3,0,1.13,12.2,55.0,61.5,Hooded parrot,18.0
genus,Jaculus,2,0,1.1299,6.4,55.0,134.0,Lesser Egyptian jerboa,7.3
genus,Stellula,1,0,1.1272,7.0,2.6,2.6,Calliope hummingbird,7.0
genus,Praomys,6,0,1.1262,5.2,30.0,37.1,East African Praomys,5.2
genus,Ambloplites,2,0,1.1258,13.5,450.0,824.0,Rock bass,18.0
genus,Presbytis,7,0,1.125,20.708,6324.27,6689.99,Sarawak Surili,20.7083
genus,Meles,3,0,1.1249,18.6,11000.0,11884.0,European badger,19.0
genus,Gymnocypris,3,0,1.1248,13.0,140.216,1993.26,Gymnocypris przewalskii,14.0
genus,Genetta,11,0,1.1248,20.0,1175.84,2743.69,Crested Servaline Genet,34.0
genus,Triaenodon,1,0,1.1243,25.0,10065.0,10065.0,Whitetip reef shark,25.0
genus,Scardinius,3,0,1.1241,15.0,620.0,1829.32,Pearl roach,19.0
genus,Sprattus,2,0,1.1241,6.0,18.5,39.6791,Falkland sprat,6.0
genus,Scolopax,3,0,1.1235,20.75,197.5,312.5,American woodcock,20.9
genus,Hylopetes,1,0,1.1233,7.817,226.99,226.99,Indochinese Flying Squirrel,7.81667
genus,Cleisthenes,1,0,1.1232,15.0,1215.0,1215.0,Sôhachi,15.0
genus,Sufflogobius,1,0,1.1221,7.0,51.719,51.719,Pelagic goby,7.0
genus,Parabuteo,1,0,1.122,25.0,994.26,994.26,Harris's hawk,25.0
genus,Vanellus,4,0,1.122,17.8,156.0,379.0,Northern lapwing,24.5
genus,Diplodus,8,0,1.12,16.5,330.0,3557.48,Zebra seabream,35.0
genus,Tridacna,1,0,1.1199,100.0,200000.0,200000.0,Giant clam,100.0
genus,Orthonyx,1,0,1.1198,16.5,145.1,145.1,Chowchilla,16.5
genus,Hippoglossus,2,0,1.1197,46.0,80000.0,199650.0,Atlantic halibut,50.0
genus,Limnothlypis,1,0,1.1191,9.9,13.5,13.5,Swainson's warbler,9.9
genus,Phoenicurus,2,0,1.1189,10.2,14.6,16.5,Black redstart,10.2
genus,Chrosomus,4,0,1.1179,3.5,2.1784,16.4374,Finescale dace,6.0
genus,Pseudoscaphirhynchus,1,0,1.1174,6.0,27.775,27.775,Little shovelnose sturgeon,6.0
genus,Aplodontia,1,0,1.1169,10.0,706.8,706.8,Sewellel,10.0
genus,Lutjanus,32,0,1.1168,19.0,209.837,57000.0,Northern red snapper,57.0
genus,Grus,12,0,1.1165,36.4,2400.0,8663.0,Demoiselle Crane,67.0
genus,Plegadis,3,0,1.1163,20.4,431.2,584.0,Glossy ibis,26.8
genus,Arctocephalus,8,0,1.1157,30.6,45000.0,127551.0,South African fur seal,32.1
genus,Cuniculus,2,0,1.1147,17.6,8999.9,9000.0,Mountain paca,18.9
genus,Branta,5,0,1.1143,28.8,1163.2,4500.0,Hawaiian goose,42.0
genus,Oblada,1,0,1.1139,12.4,571.0,571.0,Saddled seabream,12.4
genus,Romerolagus,1,0,1.1136,9.15,480.04,480.04,Volcano Rabbit,9.15
genus,Amazilia,3,0,1.1115,7.0,3.9,5.1,Buff-bellied hummingbird,11.2
genus,Ziphius,1,0,1.1104,62.0,2701000.0,2701000.0,Cuvier's beaked whale,62.0
genus,Otospermophilus,1,0,1.1102,9.8,663.0,663.0,Rock squirrel,9.8
genus,Acrocodia,1,0,1.1086,36.5,250000.0,250000.0,Malayan tapir,36.5
genus,Tatera,1,0,1.1083,7.0,146.7,146.7,Indian gerbil,7.0
genus,Haliastur,2,0,1.106,22.45,529.0,755.0,Brahminy kite,24.5
genus,Antilope,1,0,1.1058,23.9,37500.0,37500.0,Blackbuck,23.9
genus,Vireo,16,0,1.1051,10.2,8.65,18.0,Puerto rican vireo,16.8
genus,Ciconia,7,0,1.1042,31.3,1398.0,4850.5,Oriental white stork,48.1
genus,Manorina,3,0,1.1039,12.4,29.725,60.575,Bell miner,13.6
genus,Chrysoblephus,3,0,1.1029,18.0,1000.0,7300.0,Daggerhead seabream,22.0
genus,Phloeomys,2,0,1.1023,12.15,1744.0,1750.0,Slender-tailed cloud rat,13.6
genus,Neopsephotus,1,0,1.0996,12.6,45.0,45.0,Bourke's parrot,12.6
genus,Emydura,1,0,1.0993,20.9,1740.0,1740.0,Macquarie turtle,20.9
genus,Aepyceros,1,0,1.0993,25.6,52500.0,52500.0,Impala,25.6
genus,Procellaria,3,0,1.0992,30.0,702.5,1300.0,White-chinned Petrel,30.0
genus,Bostockia,1,0,1.0986,6.0,29.8,29.8,Nightfish,6.0
genus,Gypohierax,1,0,1.0981,27.1,1600.0,1600.0,Palm-nut vulture,27.1
genus,Eudyptula,1,0,1.0979,25.0,1100.0,1100.0,Little penguin,25.0
genus,Uma,3,0,1.0976,8.1,18.08,22.49,Coachella Valley Fringe-toed Lizard,8.1
genus,Leocottus,1,0,1.0975,6.0,29.9171,29.9171,Kessler's sculpin,6.0
genus,Petrochelidon,5,0,1.0969,11.8,11.025,23.24,Chestnut-collared Swallow,24.0
genus,Perccottus,1,0,1.0963,10.0,250.0,250.0,Chinese sleeper,10.0
genus,Cebidichthys,1,0,1.0954,18.0,2871.69,2871.69,Monkeyface prickleback,18.0
genus,Caluromysiops,1,0,1.0947,7.833,257.48,257.48,Black-shouldered Opossum,7.83333
genus,Scalopus,1,0,1.0941,6.2,90.0,90.0,Eastern mole,6.2
genus,Gymnocranius,1,0,1.0932,13.0,751.0,751.0,Collared large-eye bream,13.0
genus,Thamnomys,3,0,1.091,5.742,63.44,65.0,Dollman's Thamnomys,5.74167
genus,Acrocephalus,11,0,1.0907,10.1,10.9,30.0,Seychelles warbler,17.0
genus,Ocyphaps,1,0,1.0906,17.3,204.5,204.5,Crested pigeon,17.3
genus,Balaeniceps,1,0,1.0896,35.7,5984.0,5984.0,Shoebill,35.7
genus,Purpureicephalus,1,0,1.0895,15.3,116.0,116.0,Red-capped parrot,15.3
genus,Dama,1,0,1.0877,27.0,70000.0,70000.0,Fallow deer,27.0
genus,Canis,6,0,1.0874,19.4,10250.0,40000.0,Domestic dog,29.5
genus,Atelerix,4,0,1.0851,9.2,319.06,824.49,Four-toed hedgehog,11.4
genus,Pterodroma,10,0,1.0847,19.2,147.5,578.5,Galapagos Petrel,35.0
genus,Pionus,2,0,1.0839,18.4,251.0,293.0,Blue-headed parrot,20.6
genus,Quiscalus,3,0,1.0837,13.9,111.0,168.7,Common grackle,23.1
genus,Carcharodon,1,0,1.0832,73.0,1000000.0,1000000.0,Great white shark,73.0
genus,Clanga,2,0,1.0831,26.1,1431.67,1431.67,Indian Spotted Eagle,26.1
genus,Pseudocheirus,1,0,1.0829,10.1,850.0,850.0,"Common ringtail, or Ring-tailed possum",10.1
genus,Leuroglossus,1,0,1.0814,5.0,14.9344,14.9344,California smoothtongue,5.0
genus,Setonix,1,0,1.0808,13.8,3500.0,3500.0,Quokka,13.8
genus,Aerodramus,1,0,1.0806,9.3,11.875,11.875,Australian swiftlet,9.3
genus,Platanista,2,0,1.0797,28.0,84000.0,86500.0,Ganges River Dolphin,28.0
genus,Parkesia,2,0,1.0791,10.4,16.3,22.5,Louisiana waterthrush,11.9
genus,Icelus,3,0,1.0788,7.0,50.0,160.0,Blacknose sculpin,9.0
genus,Trichys,1,0,1.0786,11.808,1750.0,1750.0,Long-tailed Porcupine,11.8083
genus,Elaphodus,1,0,1.0769,22.7,33500.0,33500.0,Tufted deer,22.7
genus,Jaydia,1,0,1.0768,5.0,15.2,15.2,Indian perch,5.0
genus,Pegusa,2,0,1.0761,13.5,638.038,1307.87,Atlantic sole,15.0
genus,Zoarces,2,0,1.0755,14.0,280.5,2989.8,Ocean pout,18.0
genus,Aegypius,1,0,1.0747,39.0,9625.0,9625.0,Cinereous vulture,39.0
genus,Caprimulgus,4,0,1.0747,14.0,54.0,115.0,Whip-poor-will,15.0
genus,Paracottus,1,0,1.0745,6.0,32.6656,32.6656,Stone sculpin,6.0
genus,Pandion,2,0,1.0741,26.5,1362.0,1527.5,Osprey,32.0
genus,Luscinia,3,0,1.0732,10.9,17.3,23.8,Bluethroat,11.4
genus,Pentalagus,1,0,1.0729,12.475,2295.21,2295.21,Amami Rabbit,12.475
genus,Cansumys,1,0,1.0727,4.575,25.0,25.0,Gansu Hamster,4.575
genus,Tscherskia,1,0,1.0727,4.575,25.0,25.0,Greater Long-tailed Hamster,4.575
genus,Carduelis,3,0,1.0722,5.67,12.9,16.0,European goldfinch,27.0
genus,Lama,2,0,1.0721,30.85,127500.0,140000.0,Guanaco,33.7
genus,Mystromys,1,0,1.0721,6.3,106.0,106.0,White-tailed mouse,6.3
genus,Viverra,3,0,1.0713,15.4,7350.0,12061.0,Large indian civet,21.7
genus,Karusasaurus,2,0,1.0699,9.1,40.6,40.6,Jordan's Girdled Lizard,9.1
genus,Parapercis,1,0,1.0697,17.0,2500.0,2500.0,New Zealand blue cod,17.0
genus,Gobiobotia,1,0,1.0696,3.0,1.87907,1.87907,Eightbarbel gudgeon,3.0
genus,Gobiomorphus,1,0,1.0695,4.5,10.1,10.1,Upland bully,4.5
genus,Micropteropus,1,0,1.0691,4.575,25.38,25.38,Peters's Lesser Epauletted Fruit Bat,4.575
genus,Himantopus,5,0,1.0691,16.0,161.0,186.0,Black-necked (Hawaiian) stilt,25.0
genus,Quelea,1,0,1.0691,10.0,17.5,17.5,Red-billed quelea,10.0
genus,Melithreptus,7,0,1.0688,10.5,10.9,24.85,White-naped honeyeater,12.3
genus,Cystophora,1,0,1.0673,35.0,245448.0,245448.0,Hooded Seal,35.0
genus,Funisciurus,5,0,1.0669,9.5,112.0,271.7,Thomas's rope squirrel,10.0
genus,Mesocricetus,4,0,1.0661,7.2,105.0,174.0,Romanian Hamster,10.0
genus,Myiarchus,6,0,1.0659,11.908,23.4,35.0,Great crested flycatcher,14.9
genus,Galictis,2,0,1.0646,11.35,1000.0,2300.0,Greater grison,12.5
genus,Forpus,5,0,1.0635,10.5,24.0,33.5,Green-rumped parrotlet,11.6
genus,Egretta,8,0,1.063,22.15,309.9,614.0,Snowy egret,22.8
genus,Osphranter,1,0,1.0625,25.0,55000.0,55000.0,Red kangaroo,25.0
genus,Gymnorhinus,1,0,1.0621,14.6,105.0,105.0,Pinyon jay,14.6
genus,Cnemidophorus,3,0,1.0606,7.8,7.9,18.0,San Pedro Martir Whiptail,7.8
genus,Addax,1,0,1.0603,28.0,92500.0,92500.0,Addax,28.0
genus,Balionycteris,1,0,1.0595,4.0,14.43,14.43,Spotted-winged Fruit Bat,4.0
genus,Tanygnathus,2,0,1.0593,18.7,270.5,325.0,Great-billed parrot,23.0
genus,Neofelis,1,0,1.0592,19.8,19500.0,19500.0,Clouded leopard,19.8
genus,Accipiter,9,0,1.0591,19.9,135.0,1044.2,Northern goshawk,22.0
genus,Tenrec,1,0,1.0586,10.0,900.0,900.0,Tailless tenrec,10.0
genus,Caloenas,1,0,1.058,20.5,519.0,519.0,Nicobar pigeon,20.5
genus,Triakis,2,0,1.0575,25.3,10110.0,15891.5,Leopard shark,30.0
genus,Erinaceus,4,0,1.0575,9.5,719.0,800.0,Northern White-Breasted Hedgehog,14.0
genus,Gobius,5,0,1.057,6.0,24.73,267.309,Giant goby,10.0
genus,Pseudochirulus,4,0,1.0568,10.5,153.125,1098.34,Lowland Ringtail,15.0
genus,Thyriscus,1,0,1.0568,6.0,35.0,35.0,Thyriscus anoplus,6.0
genus,Delphinus,2,0,1.0567,27.012,77818.3,80000.0,Long-beaked Common Dolphin,29.025
genus,Hesperoleucus,1,0,1.0567,5.0,16.4374,16.4374,California roach,5.0
genus,Malurus,9,0,1.0556,10.0,7.4,11.1,Lovely fairywren,12.0
genus,Piranga,3,0,1.0555,11.9,29.0,40.0,Western tanager,15.3
genus,Urocyon,2,0,1.0554,13.342,1906.84,4750.0,Gray fox,16.2
genus,Limicola,1,0,1.0552,11.6,37.1,37.1,Broad-billed sandpiper,11.6
genus,Cettia,1,0,1.0546,9.3,13.3,13.3,Cetti's warbler,9.3
genus,Polymixia,2,0,1.0541,11.5,145.411,1552.29,Stout beardfish,14.0
genus,Sarmarutilus,1,0,1.0534,9.0,190.571,190.571,Sarmarutilus rubilio,9.0
genus,Panthera,5,0,1.0534,27.0,40000.0,200000.0,Jaguar,32.0
genus,Gerbillus,18,0,1.0529,5.7,12.575,50.0,Flower's Gerbil,8.2
genus,Polysticta,1,0,1.0528,23.0,907.2,907.2,Steller's eider,23.0
genus,Aspidoscelis,5,0,1.0521,7.8,7.9,17.37,-999,7.8
genus,Taeniopygia,2,0,1.0519,9.95,9.5,12.0,Zebra finch,14.5
genus,Rhodeus,2,0,1.0514,5.0,15.034,18.7317,European bitterling,5.0
genus,Aristostomias,1,0,1.0511,7.0,67.8197,67.8197,Shiny loosejaw,7.0
genus,Synodus,1,0,1.0492,10.0,300.0,300.0,Atlantic lizardfish,10.0
genus,Eleginus,2,0,1.0491,12.0,605.0,675.473,Saffron cod,12.0
genus,Ictonyx,2,0,1.0486,9.871,362.59,910.0,Striped polecat,14.0
genus,Lymnocryptes,1,0,1.0485,12.3,50.2,50.2,Jack snipe,12.3
genus,Clangula,1,0,1.0479,22.7,872.0,872.0,Oldsquaw,22.7
genus,Petrodromus,1,0,1.0477,7.15,208.0,208.0,Four-toed Elephant Shrew,7.15
genus,Scyliorhinus,2,0,1.0473,19.5,1000.0,23181.0,Small-spotted catshark,20.0
genus,Climacteris,2,0,1.0468,11.05,23.3,29.4,Brown treecreeper,13.9
genus,Coccothraustes,1,0,1.0468,12.6,56.6,56.6,Hawfinch,12.6
genus,Baeolophus,5,0,1.0467,9.0,10.4,21.0183,Black-crested Titmouse,13.3
genus,Indotestudo,3,0,1.0462,14.1,1150.0,1680.0,Travancore tortoise,32.9
genus,Ozotoceros,1,0,1.046,21.9,32500.0,32500.0,Pampas deer,21.9
genus,Anser,7,0,1.0459,31.0,1779.25,3475.0,Greater white-fronted goose,47.0
genus,Puma,2,0,1.0457,19.8,7000.0,60000.0,Cougar,21.0
genus,Spizella,6,0,1.0452,10.317,11.0,17.85,Chipping sparrow,11.8
genus,Ptychoramphus,1,0,1.0447,16.2,184.0,184.0,Cassin's auklet,16.2
genus,Myrmeciza,1,0,1.0441,10.667,26.375,26.375,Chestnut-backed Antbird,10.6667
genus,Boops,1,0,1.0438,11.0,455.0,455.0,Bogue,11.0
genus,Vermivora,2,0,1.0437,8.45,8.8,8.9,Blue-winged warbler,9.0
genus,Vormela,1,0,1.0423,8.8,542.5,542.5,Marbled polecat,8.8
genus,Viverricula,1,0,1.0411,12.808,2959.44,2959.44,Small Indian Civet,12.8083
genus,Zyzomys,3,0,1.041,6.2,45.21,123.0,Central rock rat,7.5
genus,Pica,3,0,1.0409,20.0,159.0,220.0,Eurasian magpie,21.0
genus,Physeter,2,0,1.0394,88.5,10100000.0,30000000.0,Sperm Whale,100.0
genus,Cyprinodon,4,0,1.0394,2.5,1.04826,2.11235,White sands pupfish,5.0
genus,Desmana,1,0,1.0379,10.0,983.805,983.805,Desman,10.0
genus,Calypte,2,0,1.0372,7.0,3.1,4.3,Anna's hummingbird,8.0
genus,Lumpenus,2,0,1.0367,8.5,154.853,164.299,Snakeblenny,9.0
genus,Haemorhous,3,0,1.0367,11.6,21.4,27.5,Purple finch,14.0
genus,Gulo,1,0,1.0364,18.0,14000.0,14000.0,Wolverine,18.0
genus,Telestes,1,0,1.0362,9.0,204.064,204.064,Telestes pleurobipunctatus,9.0
genus,Ploceus,2,0,1.0359,14.5,26.5,36.2,Village weaver,24.0
genus,Clupeonella,6,0,1.0347,5.5,8.94685,32.3,Southern Caspian sprat,8.0
genus,Coereba,1,0,1.0347,8.6,10.1,10.1,Bananaquit,8.6
genus,Pyrrholaemus,1,0,1.0343,9.0,12.5,12.5,Redthroat,9.0
genus,Numenius,5,0,1.0321,23.8,365.7,824.75,Eurasian curlew,31.8
genus,Petromus,1,0,1.0311,7.067,212.0,212.0,Dassie Rat,7.06667
genus,Calloplesiops,1,0,1.0309,8.5,164.475,164.475,Comet,8.5
genus,Branchiostegus,1,0,1.0308,12.0,687.5,687.5,Red tilefish,12.0
genus,Phodopus,3,0,1.0297,3.908,12.02,28.745,Desert hamster,4.8
genus,Bolbometopon,1,0,1.0288,33.0,46000.0,46000.0,Green humphead parrotfish,33.0
genus,Gadus,3,0,1.0276,18.0,770.0,12485.0,Atlantic cod,25.0
genus,Geothlypis,4,0,1.0269,8.45,9.5,14.0,Common yellowthroat,11.5
genus,Loriculus,4,0,1.0263,10.1,28.0,35.7,Blue-crowned hanging parrot,14.3
genus,Parantechinus,1,0,1.0262,5.5,70.0,70.0,Southern dibbler,5.5
genus,Salvelinus,13,0,1.0248,12.0,91.392,18300.0,Lake trout,62.0
genus,Leuciscus,7,0,1.0245,16.0,250.0,12760.0,Ide,29.8
genus,Bathygobius,1,0,1.0241,3.0,2.25027,2.25027,Meggitt's goby,3.0
genus,Amblyraja,1,0,1.0232,16.0,2337.5,2337.5,Thorny skate,16.0
genus,Graphiurus,9,0,1.0231,6.9,10.5,68.8,Angolan African Dormouse,7.3
genus,Brotogeris,5,0,1.0228,11.3,59.0,71.6,Yellow-chevroned parakeet,19.0
genus,Cottus,12,0,1.0228,5.5,0.672388,264.809,Coastrange sculpin,8.0
genus,Peromyscus,40,0,1.0223,5.5,14.0,42.0,Northwestern Deermouse,8.33333
genus,Galerida,2,0,1.0214,11.592,42.9,43.15,Crested lark,11.6
genus,Dendrocincla,3,0,1.0211,11.417,34.4,40.725,Plain-brown Woodcreeper,11.4167
genus,Smicrornis,1,0,1.0205,7.4,5.35,5.35,Weebill,7.4
genus,Platalea,6,0,1.0202,28.3,1036.97,1868.0,Royal spoonbill,36.2
genus,Phocoena,1,0,1.02,24.0,55000.0,55000.0,Harbour porpoise,24.0
genus,Economidichthys,1,0,1.0194,1.8,0.275707,0.275707,Trichonis dwarf goby,1.8
genus,Aepyprymnus,1,0,1.0191,12.8,3250.0,3250.0,Rufous 'rat'-kangaroo,12.8
genus,Aythya,8,0,1.0185,22.35,574.0,1208.8,Tufted duck,45.2
genus,Anas,23,0,1.0181,26.6,326.0,1123.0,Eurasian wigeon,35.2
genus,Lamprolaima,1,0,1.0174,8.0,7.8,7.8,Garnet-throated hummingbird,8.0
genus,Hiodon,2,0,1.0166,12.0,498.85,946.0,Goldeye,14.0
genus,Comephorus,1,0,1.0165,7.0,77.9415,77.9415,Big Baikal oilfish,7.0
genus,Mustela,12,0,1.0161,8.967,46.9,1350.0,European polecat,11.1
genus,Eliomys,3,0,1.0158,6.2,82.5,122.5,Asian garden dormouse,6.2
genus,Phimosus,1,0,1.0158,20.0,559.0,559.0,Whispering ibis,20.0
genus,Ephippiorhynchus,2,0,1.0153,32.1,4100.0,6162.5,Black-necked stork,34.0
genus,Crocodylus,11,0,1.0148,47.0,19500.0,450000.0,Nile crocodile,80.0
genus,Lemniscomys,3,0,1.0145,4.4,26.175,42.3,Typical striped grass mouse,4.8
genus,Reithrodon,2,0,1.0142,5.5,72.2,75.45,"Bunny, or Coney rat",5.5
genus,Capromys,1,0,1.0131,13.8,4683.3,4683.3,Desmarest's hutia,13.8
genus,Motacilla,4,0,1.013,8.817,16.55,24.1,White wagtail,13.7
genus,Lachnolaimus,1,0,1.0125,23.0,11000.0,11000.0,Hogfish,23.0
genus,Icterus,9,0,1.0118,11.6,20.05,46.5,Orchard oriole,17.7
genus,Marmosa,5,0,1.0114,5.0,26.0,518.0,Mexican Mouse Opossum,15.0583
genus,Cervus,2,0,1.0112,26.65,42000.0,200000.0,Red deer,27.0
genus,Parachondrostoma,1,0,1.0109,10.0,350.0,350.0,Soffie,10.0
genus,Corvus,14,0,1.0102,20.8,294.0,1200.0,Common raven,44.0
genus,Scotinomys,1,0,1.0095,3.658,12.0,12.0,Short-tailed Singing Mouse,3.65833
genus,Ophiomorus,1,0,1.0093,5.8,6.5,6.5,"Three-toed Snake Skink, Indian Sand Swimmer",5.8
genus,Pristiophorus,1,0,1.0084,15.0,1900.0,1900.0,Common sawshark,15.0
genus,Pygoscelis,2,0,1.0081,33.0,4500.0,5950.0,Gentoo penguin,41.0
genus,Platycephalus,8,0,1.008,16.0,347.961,4995.85,Rock flathead,25.0
genus,Neotragus,3,0,1.0078,13.5,2250.0,6500.0,Bates's Dwarf Antelope,14.0
genus,Drymarchon,4,0,1.0077,25.9,7118.0,7118.0,Indigo snake,25.9
genus,Phoebetria,1,0,1.0077,28.1,2825.0,2825.0,Light-mantled albatross,28.1
genus,Nipponia,1,0,1.0075,25.8,1900.0,1900.0,Crested ibis,25.8
genus,Podargus,1,0,1.006,17.9,349.0,349.0,Tawny frogmouth,17.9
genus,Macrourus,2,0,1.006,22.0,6309.58,12943.2,Onion-eye grenadier,25.0
genus,Chrotogale,1,0,1.0059,12.642,3258.86,3258.86,Owston's Palm Civet,12.6417
genus,Diceros,1,0,1.0048,45.0,1000000.0,1000000.0,Black rhinoceros,45.0
genus,Plestiodon,2,0,1.0034,8.0,30.0,30.02,Broadhead Skink,8.0
genus,Anthropoides,1,0,1.0028,27.0,2400.0,2400.0,Demoiselle crane,27.0
genus,Zosterops,5,0,1.0027,8.7,8.6,12.7,Silvereye,18.7
genus,Parascalops,1,0,1.0024,5.0,50.645,50.645,Hairy-tailed Mole,5.0
genus,Suncus,8,0,1.0023,3.242,2.1,45.9,Sri Lankan Shrew,3.24167
genus,Okapia,1,0,1.0023,33.0,250000.0,250000.0,Okapi,33.0
genus,Siebenrockiella,1,0,1.0022,16.7,940.0,940.0,Thick-necked turtle,16.7
genus,Montivipera,3,0,1.0018,16.4,666.0,986.0,Lebanon Viper,16.4
genus,Coendou,3,0,1.0016,9.15,3246.24,4492.49,Prehensile-tailed porcupine,26.6
genus,Miniellus,7,0,1.0013,3.0,1.18648,5.15207,Ozark minnow,4.0
genus,Rhinichthys,3,0,1.0007,5.0,1.31841,132.708,Longnose dace,5.0
genus,Iguana,2,0,1.0006,22.479,3400.0,4000.0,"West Indian Iguana, Lesser Antillean Iguana",24.9583
genus,Orycteropus,1,0,1.0005,24.0,60000.0,60000.0,Aardvark,24.0
genus,Rhipidura,2,0,1.0001,9.25,10.2,27.0,Willie wagtail,9.4
genus,Cymatogaster,1,0,0.9991,8.0,145.634,145.634,Shiner perch,8.0
genus,Mycteroperca,6,0,0.9991,26.0,5610.0,100000.0,Yellowmouth grouper,41.0
genus,Pelomedusa,1,0,0.9985,20.1,2273.0,2273.0,Helmeted turtle,20.1
genus,Dobsonia,6,0,0.9976,12.304,269.61,430.0,Andersen's Naked-backed Fruit Bat,12.3083
genus,Megaptera,1,0,0.9973,95.0,30000000.0,30000000.0,Humpback whale,95.0
genus,Hemiechinus,2,0,0.9972,7.6,342.0,342.0,Long-eared hedgehog,7.6
genus,Ictalurus,2,0,0.9971,22.5,3000.0,37450.0,Channel catfish,24.0
genus,Basiliscus,3,0,0.9968,9.1,60.87,225.0,Green basilisk,13.0
genus,Valencia,2,0,0.9965,3.5,3.35508,6.24301,Valencia toothcarp,4.0
genus,Baiomys,1,0,0.9964,3.3,8.0,8.0,Northern pygmy mouse,3.3
genus,Alopochen,1,0,0.9958,25.5,1900.0,1900.0,Egyptian goose,25.5
genus,Cephalopholis,12,0,0.9949,12.0,200.0,9600.0,Bluespotted hind,31.0
genus,Python,9,0,0.9948,28.0,1500.0,73000.0,Ball python,47.0
genus,Leucos,4,0,0.9943,10.0,169.119,372.171,Leucos basak,10.0
genus,Vampyrum,1,0,0.9939,6.5,171.61,171.61,Spectral Bat,6.5
genus,Thomomys,8,0,0.9939,6.0,80.495,115.5,Botta's pocket gopher,6.1
genus,Tapirus,4,0,0.9934,32.3,148950.0,300000.0,Malayan Tapir,36.5
genus,Ondatra,1,0,0.9931,10.0,1200.0,1200.0,Muskrat,10.0
genus,Plotosus,1,0,0.993,7.0,85.88,85.88,Striped eel-catfish,7.0
genus,Nycticorax,1,0,0.9923,21.1,800.0,800.0,Black-crowned night heron,21.1
genus,Thoburnia,2,0,0.9922,6.0,39.7001,46.3027,Torrent sucker,7.0
genus,Lumpenella,1,0,0.992,8.0,150.0,150.0,Longsnout prickleback,8.0
genus,Gelochelidon,1,0,0.992,16.0,221.0,221.0,Gull-billed tern,16.0
genus,Acanthophis,4,0,0.9915,15.5,384.0,384.0,-999,15.5
genus,Pungitius,2,0,0.99,3.25,0.842744,3.73482,Ninespine stickleback,5.0
genus,Mephitis,2,0,0.9882,11.317,1031.38,3500.0,Striped skunk,13.9
genus,Junco,3,0,0.9877,11.3,19.0,20.0,Guadalupe Junco,11.3333
genus,Spheniscus,4,0,0.9864,30.0,1932.5,4379.0,African penguin,40.0
genus,Damaliscus,3,0,0.986,23.6,84500.0,118597.0,Topi,35.0
genus,Acanthis,2,0,0.9857,9.5,14.2,19.25,Common redpoll,12.2
genus,Aprion,1,0,0.9846,21.0,8470.0,8470.0,Blue-gray snapper,21.0
genus,Pseudobarbus,3,0,0.9843,6.0,8.92717,53.982,Eastern Cape redfin,6.0
genus,Ammocrypta,1,0,0.9838,3.0,2.65729,2.65729,Western sand darter,3.0
genus,Eonycteris,1,0,0.9836,5.0,55.15,55.15,Lesser Dawn Bat,5.0
genus,Thryothorus,1,0,0.9835,9.2,17.5,17.5,Carolina wren,9.2
genus,Deltistes,1,0,0.9829,18.0,4500.0,4500.0,Lost river sucker,18.0
genus,Elseya,5,0,0.9827,21.8,4295.0,4295.0,New Guinea Snapping Turtle,26.5
genus,Psophodes,1,0,0.9823,12.3,68.0,68.0,Eastern whipbird,12.3
genus,Haemulon,3,0,0.9817,12.0,139.5,4380.0,White grunt,13.0
genus,Percopsis,2,0,0.9813,5.0,6.24303,67.486,Sand roller,6.0
genus,Speothos,1,0,0.9798,14.1,6000.0,6000.0,Bush dog,14.1
genus,Catharus,5,0,0.9796,10.8,24.8,28.8,Bicknell's thrush,11.9
genus,Colius,1,0,0.977,11.5,51.0,51.0,Speckled mousebird,11.5
genus,Setophaga,27,0,0.9767,8.75,7.0,15.5,American Yellow Warbler,11.0
genus,Romanogobio,7,0,0.9766,5.0,14.7721,28.1452,North Caucasian longbarbel gudgeon,6.0
genus,Enicognathus,1,0,0.9766,15.3,193.0,193.0,Slender-billed parakeet,15.3
genus,Lethrinus,16,0,0.9765,14.5,111.447,14000.0,Sky emperor,27.0
genus,Melozone,3,0,0.9748,12.8,44.4,47.0,California towhee,12.8
genus,Lissemys,2,0,0.9743,17.8,1444.5,1444.5,Indian flapshell turtle,17.8
genus,Dipodillus,5,0,0.974,7.3,24.4,28.4,Somalian Dipodil,7.31667
genus,Eucometis,1,0,0.974,10.0,27.0,27.0,Gray-headed tanager,10.0
genus,Chaenocephalus,1,0,0.9732,17.0,3700.0,3700.0,Blackfin icefish,17.0
genus,Iduna,2,0,0.9731,7.9,9.0,9.1,Western Olivaceous Warbler,7.9
genus,Columba,3,0,0.9719,17.7,291.0,490.0,Rock pigeon,24.0
genus,Sitta,8,0,0.9704,9.0,10.7,31.0,Siberian Nuthatch,12.917
genus,Arctonyx,1,0,0.9697,15.8,10500.0,10500.0,Hog badger,15.8
genus,Cereopsis,1,0,0.9694,29.1,3980.0,3980.0,Cape barren goose,29.1
genus,Phasianus,2,0,0.969,22.5,1000.0,1200.0,Green Pheasant,27.0
genus,Thryomanes,1,0,0.9687,8.0,9.8,9.8,Bewick's wren,8.0
genus,Orcaella,1,0,0.9684,30.0,190000.0,190000.0,Irrawaddy dolphin,30.0
genus,Ardea,6,0,0.968,24.45,873.5,4468.0,Purple heron,25.4
genus,Napaeozapus,1,0,0.9668,4.0,21.8,21.8,Woodland Jumping Mouse,4.0
genus,Geronticus,2,0,0.9667,24.1,1202.0,1202.0,Northern bald ibis,32.9
genus,Bubalus,4,0,0.9648,32.05,150000.0,725000.0,Anoa,36.1
genus,Tamiasciurus,3,0,0.9645,5.492,200.0,229.8,Red squirrel,9.8
genus,Tinca,1,0,0.9643,20.0,7540.0,7540.0,Tench,20.0
genus,Naja,17,0,0.9638,23.2,1587.0,8787.0,Andaman Cobra,32.3
genus,Pogona,5,0,0.9635,9.9,115.12,400.0,Central bearded dragon,18.0
genus,Pseudois,2,0,0.963,22.45,49500.6,55000.0,Dwarf Bharal,24.0
genus,Galemys,1,0,0.9628,5.0,60.735,60.735,Pyrenean Desman,5.0
genus,Patagioenas,2,0,0.9625,16.45,247.0,315.0,Band-tailed pigeon,18.5
genus,Catostomus,9,0,0.9616,12.0,118.0,1800.0,Longnose sucker,20.0
genus,Johnius,3,0,0.9614,6.7,257.0,689.167,Pale spotfin croaker,30.0
genus,Rexea,2,0,0.9613,15.5,797.016,8800.0,Silver gemfish,16.0
genus,Notothenia,3,0,0.9612,18.0,3437.28,5500.0,Black rockcod,18.0
genus,Relictus,1,0,0.9612,5.0,24.3438,24.3438,Relict dace,5.0
genus,Pycnonotus,9,0,0.9587,9.917,24.95,41.25,Yellow-wattled Bulbul,12.0
genus,Coragyps,1,0,0.9584,25.5,2270.0,2270.0,Black vulture,25.5
genus,Wallabia,1,0,0.958,16.8,14625.0,14625.0,Swamp wallaby,16.8
genus,Dendrohyrax,2,0,0.9577,11.8,2663.34,3000.0,"Southern tree hyrax, or Tree hyrax",13.6
genus,Saxicola,7,0,0.957,8.833,10.3,16.6,Siberian Stonechat,8.83333
genus,Gobionotothen,1,0,0.957,14.0,1773.27,1773.27,Humped rockcod,14.0
genus,Haliaeetus,5,0,0.957,40.0,2751.5,7224.75,Bald eagle,50.0
genus,Philomachus,1,0,0.9565,13.9,136.0,136.0,Ruff,13.9
genus,Arizona,1,0,0.9565,19.1,2189.0,2189.0,Glossy snake,19.1
genus,Sula,5,0,0.9555,23.0,1017.0,1754.0,Brown booby,28.5
genus,Micaelamys,1,0,0.9553,4.7,47.6,47.6,"Namaqua rock rat, or Rock mouse",4.7
genus,Sturnus,3,0,0.9548,11.0,68.125,87.8,European starling,20.0
genus,Rostrhamus,1,0,0.9534,17.0,352.5,352.5,Snail kite,17.0
genus,Dryomys,1,0,0.953,4.1,26.0,26.0,Forest dormouse,4.1
genus,Ammospermophilus,4,0,0.952,8.133,105.0,157.46,White-tailed antelope squirrel,11.2
genus,Cephalorhynchus,2,0,0.9519,22.9,50000.0,68700.0,Commerson's Dolphin,25.8
genus,Anseranas,1,0,0.9507,24.8,2071.0,2071.0,Magpie goose,24.8
genus,Chaetodipus,11,0,0.9505,3.992,14.965,35.7,San Diego pocket mouse,8.3
genus,Salvadora,1,0,0.9498,14.3,585.0,585.0,Western patch-nosed snake,14.3
genus,Pseudocrenilabrus,1,0,0.9495,5.0,25.6102,25.6102,Southern mouthbrooder,5.0
genus,Parabramis,1,0,0.9494,17.0,4100.0,4100.0,White amur bream,17.0
genus,Prosopium,5,0,0.9491,9.0,72.7416,1606.0,Mountain whitefish,17.0
genus,Hirundo,4,0,0.9486,8.958,15.0,19.0,Welcome swallow,11.5
genus,Epinephelus,26,0,0.9483,25.0,770.0,455000.0,Dusky grouper,50.0
genus,Zootoca,1,0,0.9473,4.992,4.335,4.335,"Viviparous Lizard, European common lizard",4.99167
genus,Gavia,5,0,0.9472,28.0,1816.0,5212.5,Yellow-billed Loon,30.0
genus,Pseudantechinus,5,0,0.9471,4.0,20.74,40.615,Alexandria False Antechinus,7.9
genus,Apeltes,1,0,0.9461,3.0,3.12589,3.12589,Fourspine stickleback,3.0
genus,Passerella,1,0,0.9459,10.3,35.5,35.5,Fox sparrow,10.3
genus,Naemorhedus,4,0,0.9455,19.65,27000.0,31750.0,Chinese goral,20.3
genus,Aeronautes,1,0,0.9455,10.0,31.0,31.0,White-throated swift,10.0
genus,Kneria,1,0,0.9454,3.0,3.13436,3.13436,Airbreathing shellear,3.0
genus,Emberiza,8,0,0.9452,10.8,17.4,48.8,Yellowhammer,13.2
genus,Hystrix,8,0,0.9449,25.1,3142.13,24000.0,Crested porcupine,28.0
genus,Bothrochilus,3,0,0.9449,22.2,2009.0,8133.5,"D'Albertis python, White-lipped Python",26.8
genus,Cnidoglanis,1,0,0.9448,13.0,1375.0,1375.0,Cobbler,13.0
genus,Teratoscincus,2,0,0.9447,7.85,9.7,16.235,Common wonder gecko,12.6
genus,Corcorax,2,0,0.9433,16.95,364.0,364.0,White-winged chough,17.6
genus,Centrolabrus,1,0,0.9432,6.0,56.0779,56.0779,Rock cook,6.0
genus,Gazella,9,0,0.9427,18.3,14500.0,48500.0,Indian Gazelle,23.7
genus,Buteo,13,0,0.9426,23.7,454.0,1500.0,Red-tailed hawk,30.0
genus,Dendrocopos,5,0,0.9424,10.9,19.8,117.0,White-backed woodpecker,15.9
genus,Limnodromus,2,0,0.942,13.25,105.0,130.0,Short-billed dowitcher,13.3
genus,Eurypyga,1,0,0.9402,15.0,210.0,210.0,Sunbittern,15.0
genus,Bombycilla,2,0,0.9396,10.85,30.0,54.5,Bohemian waxwing,13.5
genus,Malacoraja,1,0,0.9377,14.0,1929.81,1929.81,Smooth skate,14.0
genus,Urophycis,2,0,0.9371,18.5,2540.0,11550.0,Mud hake,23.0
genus,Ichthyaetus,4,0,0.9369,22.092,256.0,1423.5,Audouin's gull,25.0
genus,Lagenorhynchus,6,0,0.9368,31.5,72400.0,208000.0,Hourglass Dolphin,46.0
genus,Hypentelium,2,0,0.9367,8.0,27.5886,700.0,Northern hog sucker,11.0
genus,Macrotis,1,0,0.9366,9.6,1300.0,1300.0,"Rabbit-bandicoot, or Bilby",9.6
genus,Macrocephalon,1,0,0.9365,23.0,1564.0,1564.0,Maleo,23.0
genus,Scolopendra,1,0,0.9365,10.0,50.0,50.0,Giant centipede,10.0
genus,Lichenostomus,14,0,0.9364,11.35,12.4,34.2,Fuscous honeyeater,17.6
genus,Gallus,2,0,0.9363,23.0,779.8,2000.0,Red junglefowl,30.0
genus,Macrodon,1,0,0.9362,7.0,109.6,109.6,King weakfish,7.0
genus,Tetracerus,1,0,0.9362,17.4,19000.0,19000.0,Four-horned antelope,17.4
genus,Poecilodryas,1,0,0.936,9.0,19.9,19.9,White-browed robin,9.0
genus,Isurus,1,0,0.9357,32.0,60000.0,60000.0,Shortfin mako,32.0
genus,Chelidonichthys,7,0,0.9356,15.0,622.647,6640.0,East Atlantic red gurnard,21.0
genus,Athene,2,0,0.9355,14.5,150.0,170.0,Little owl,18.0
genus,Sander,4,0,0.9351,17.0,2000.0,11000.0,Walleye,29.0
genus,Grallina,1,0,0.9335,12.1,79.9,79.9,Magpielark,12.1
genus,Lagurus,1,0,0.9331,3.8,20.3,20.3,Steppe lemming,3.8
genus,Gymnelus,1,0,0.9331,12.0,1039.25,1039.25,Fish doctor,12.0
genus,Bellapiscis,1,0,0.933,3.0,3.31119,3.31119,Mottled twister,3.0
genus,Vestiaria,1,0,0.9318,8.8,18.3,18.3,Iiwi,8.8
genus,Candoia,2,0,0.9318,13.25,384.0,384.0,Pacific ground boa,16.6
genus,Sillaginodes,1,0,0.9315,15.0,2640.0,2640.0,Spotted whiting,15.0
genus,Helmitheros,1,0,0.9309,8.1,12.5,12.5,Worm-eating warbler,8.1
genus,Coelorinchus,2,0,0.9307,10.0,376.626,645.23,Hollowsnout grenadier,10.0
genus,Atherinopsis,1,0,0.9303,11.0,733.436,733.436,Jacksmelt,11.0
genus,Zonotrichia,6,0,0.9299,11.1,17.0,33.1,White-throated sparrow,14.9
genus,Lipotes,1,0,0.9297,24.0,83500.0,83500.0,"Yangzte river dolphin, or Baiji",24.0
genus,Pipilo,3,0,0.9292,11.0,28.88,40.4,Eastern towhee,12.3
genus,Phenacomys,2,0,0.9291,4.0,25.2,27.0,Western Heather Vole,4.0
genus,Erignathus,1,0,0.9291,31.453,283333.0,283333.0,Bearded Seal,31.4525
genus,Lethenteron,4,0,0.9288,6.0,17.1168,200.0,Arctic lamprey,7.0
genus,Percilia,1,0,0.9287,4.0,11.129,11.129,Percilia irwini,4.0
genus,Ceratotherium,1,0,0.928,50.0,2300000.0,2300000.0,White rhinoceros,50.0
genus,Rupicapra,2,0,0.9278,19.8,31633.2,37500.0,Pyrenean Chamois,22.0
genus,Surnia,1,0,0.9276,16.2,320.0,320.0,Northern hawk-owl,16.2
genus,Cobitis,10,0,0.9276,4.5,3.52138,29.7127,Spined loach,8.0
genus,Cuculus,2,0,0.9275,12.958,111.5,115.0,Common cuckoo,13.0
genus,Bucephala,3,0,0.9273,18.7,400.0,957.15,Common goldeneye,20.9
genus,Odocoileus,2,0,0.9271,22.5,57000.0,70000.0,White-tailed deer,23.0
genus,Mullus,2,0,0.9267,10.5,550.0,680.0,Red mullet,11.0
genus,Solenodon,2,0,0.9265,9.3,912.31,1000.0,Hispaniolan solenodon,12.1
genus,Phascogale,2,0,0.9265,5.3,43.0,193.5,Brush-tailed phascogale,5.9
genus,Certhia,4,0,0.9263,8.167,8.325,9.1,Eurasian treecreeper,8.2
genus,Oxylebius,1,0,0.9262,8.0,199.406,199.406,Painted greenling,8.0
genus,Crossarchus,3,0,0.9252,13.3,790.0,1503.4,Long-nosed cusimanse,13.3
genus,Dallia,1,0,0.9241,8.0,201.3,201.3,Alaska blackfish,8.0
genus,Clinostomus,1,0,0.9237,4.0,11.3829,11.3829,Redside dace,4.0
genus,Melanosuchus,1,0,0.9223,40.0,82000.0,82000.0,Black caiman,40.0
genus,Jynx,1,0,0.9212,10.0,35.0,35.0,Eurasian wryneck,10.0
genus,Argyrosomus,4,0,0.921,30.0,36300.0,103000.0,Meagre,42.0
genus,Okamejei,2,0,0.9209,11.15,686.133,815.7,Sharpspine skate,13.3
genus,Neochmia,3,0,0.9209,5.8,9.7,11.45,Red-browed finch,23.4
genus,Acantholumpenus,1,0,0.9208,12.0,1097.85,1097.85,Pighead prickleback,12.0
genus,Muntiacus,5,0,0.9205,18.8,13499.9,22000.0,Reeves's muntjac,23.2
genus,Uncia,1,0,0.9203,21.2,50000.0,50000.0,Snow leopard,21.2
genus,Leiothlypis,5,0,0.9197,6.4,6.6,9.2,Nashville warbler,10.2
genus,Mungos,2,0,0.9196,11.404,1331.5,1644.98,Banded mongoose,17.4
genus,Apalone,2,0,0.9185,25.7,4765.0,23463.0,Florida softshell turtle,26.2
genus,Melanogrammus,1,0,0.9182,20.0,9240.0,9240.0,Haddock,20.0
genus,Melospiza,3,0,0.918,7.8,16.1,22.0,Song sparrow,11.0
genus,Otaria,1,0,0.918,29.0,207500.0,207500.0,Southern sea lion,29.0
genus,Alauda,1,0,0.9167,10.1,37.5,37.5,Eurasian skylark,10.1
genus,Lonchura,3,0,0.9165,10.0,12.3,24.8,Scaly-breasted Munia,10.0
genus,Psittaculirostris,3,0,0.9156,12.0,117.0,118.0,Large fig parrot,14.9
genus,Calamus,5,0,0.9153,13.0,600.0,10610.0,Knobbed porgy,17.0
genus,Capreolus,2,0,0.9145,17.5,21666.7,21666.7,Western roe deer,17.5
genus,Somateria,3,0,0.914,18.9,1558.0,2200.0,Common eider,36.0
genus,Sphyraena,6,0,0.9134,11.0,148.65,24000.0,Yellowtail barracuda,98.8
genus,Troglodytes,4,0,0.9126,7.0,9.1,9.7,House wren,9.0
genus,Rhabdomys,2,0,0.9114,4.5,45.865,51.0,Mesic Four-striped Grass Rat,4.5
genus,Babyrousa,4,0,0.9104,24.0,71500.0,92950.1,Bola Batu Babirusa,24.0
genus,Marmota,13,0,0.9096,15.0,2943.03,8000.0,Yellow-bellied marmot,21.2
genus,Forbesichthys,1,0,0.9089,3.0,3.69178,3.69178,Spring cavefish,3.0
genus,Antidorcas,1,0,0.9082,19.8,39000.0,39000.0,Springbok,19.8
genus,Triglops,3,0,0.9081,6.0,50.0,168.0,Spectacled sculpin,8.0
genus,Thymallus,5,0,0.9081,14.0,253.048,6700.0,Arctic grayling,18.0
genus,Gallinula,3,0,0.9078,18.6,377.0,531.5,Common moorhen,18.6
genus,Melamprosops,1,0,0.9071,9.2,25.5,25.5,Poo-uli,9.2
genus,Rastrineobola,1,0,0.9067,3.0,3.72835,3.72835,Silver cyprinid,3.0
genus,Cyanoramphus,8,0,0.9063,12.4,45.975,92.6,Norfolk Parakeet,12.4
genus,Thrichomys,3,0,0.9054,7.0,348.25,373.5,"Common punare, or Brazilian spiny rat",7.0
genus,Chaetura,2,0,0.9049,10.05,18.225,22.8,Chimney swift,15.0
genus,Ocyurus,1,0,0.9047,14.0,2238.5,2238.5,Yellowtail snapper,14.0
genus,Gobio,1,0,0.9045,8.0,220.0,220.0,Gudgeon,8.0
genus,Protonotaria,1,0,0.9043,8.1,14.3,14.3,Prothonotary warbler,8.1
genus,Pseudeos,1,0,0.9042,13.4,149.0,149.0,Dusky lory,13.4
genus,Hemibarbus,1,0,0.9032,15.0,3000.0,3000.0,Barbel steed,15.0
genus,Cuon,1,0,0.9031,16.1,15750.0,15750.0,Dhole,16.1
genus,Palmeria,1,0,0.9019,9.2,26.2,26.2,"Akohekohe, or Crested honeycreeper",9.2
genus,Struthio,2,0,0.9013,56.0,109250.0,120000.0,Ostrich,62.0
genus,Enchelyopus,1,0,0.9012,9.0,364.121,364.121,Fourbeard rockling,9.0
genus,Mesembriomys,2,0,0.9009,7.45,268.5,900.0,Black-footed tree rat,7.8
genus,Albula,1,0,0.9009,20.0,10000.0,10000.0,Bonefish,20.0
genus,Lampanyctodes,1,0,0.9007,3.0,3.83184,3.83184,Hector's lanternfish,3.0
genus,Coregonus,30,0,0.9005,10.0,35.0,10450.0,Lake whitefish,50.0
genus,Pleurogrammus,2,0,0.9005,13.5,1830.0,2000.0,Atka mackerel,15.0
genus,Petrus,1,0,0.9003,33.0,80000.0,80000.0,Red steenbras,33.0
genus,Pelasgus,3,0,0.9,3.0,2.11805,17.7471,Ohrid minnow,6.0
genus,Kathetostoma,1,0,0.9,20.0,10041.9,10041.9,Flathead,20.0
genus,Sialia,3,0,0.8998,9.0,26.5,30.5,Eastern bluebird,10.5
genus,Scomber,3,0,0.8994,17.0,1447.78,1870.0,Chub mackerel,18.0
genus,Drymodes,1,0,0.8994,9.7,33.95,33.95,Southern scrub robin,9.7
genus,Percarina,1,0,0.8993,4.0,12.7179,12.7179,Percarina maeotica,4.0
genus,Carpodacus,1,0,0.899,9.0,24.0,24.0,Common rosefinch,9.0
genus,Artediellus,1,0,0.8977,9.0,370.0,370.0,Artediellus camchaticus,9.0
genus,Hylocichla,1,0,0.8976,10.2,43.3,43.3,Wood thrush,10.2
genus,Aspidites,2,0,0.8967,22.6,6107.0,6906.0,Black-headed python,22.6
genus,Onychostoma,1,0,0.8963,7.0,131.294,131.294,Taiwan shoveljaw carp,7.0
genus,Etheostoma,35,0,0.8955,3.0,0.687974,54.1514,Greenside darter,5.0
genus,Triclaria,1,0,0.8949,11.9,90.0,90.0,Blue-bellied parrot,11.9
genus,Malacocottus,1,0,0.8942,12.0,1240.0,1240.0,Darkfin sculpin,12.0
genus,Sciurotamias,1,0,0.8936,6.408,260.0,260.0,Pere David's Rock Squirrel,6.40833
genus,Odobenus,1,0,0.8932,40.0,1000000.0,1000000.0,Walrus,40.0
genus,Elgaria,3,0,0.8928,9.8,10.0,31.5,Madrean alligator lizard,12.3
genus,Platichthys,3,0,0.8928,15.0,2254.81,7700.0,Starry flounder,24.0
genus,Citharichthys,1,0,0.8919,11.0,873.466,873.466,Pacific sanddab,11.0
genus,Kobus,5,0,0.8917,21.92,75749.0,175333.0,Waterbuck,30.0
genus,Camelus,2,0,0.8916,34.2,434000.0,500000.0,Bactrian camel,40.0
genus,Grammomys,3,0,0.8916,4.417,43.7,60.0,Bunting's Grammomys,4.41667
genus,Elaphurus,1,0,0.8913,27.5,186500.0,186500.0,Pere David's deer,27.5
genus,Eumetopias,1,0,0.8902,32.8,415000.0,415000.0,Steller sea lion,32.8
genus,Upupa,3,0,0.889,11.1,66.25,68.05,African Hoopoe,11.1
genus,Sabanejewia,2,0,0.888,3.75,7.4276,11.9534,Balcan spined loach,4.5
genus,Ophiophagus,1,0,0.8878,22.0,6000.0,6000.0,King cobra,22.0
genus,Pomoxis,2,0,0.8877,12.5,1292.5,1496.0,Black crappie,15.0
genus,Nyctophilus,3,0,0.8875,4.0,8.0,11.32,Lesser long-eared bat,7.3
genus,Embiotoca,2,0,0.8874,10.0,385.0,937.469,Black perch,10.0
genus,Cepola,1,0,0.8857,8.0,240.0,240.0,Red bandfish,8.0
genus,Poliocitellus,1,0,0.885,7.2,459.0,459.0,Franklin's ground squirrel,7.2
genus,Pseudopleuronectes,3,0,0.8846,14.0,1300.0,1980.0,Yellow striped flounder,15.0
genus,Molva,2,0,0.8843,25.0,16500.0,45000.0,Blue ling,25.0
genus,Pteronura,1,0,0.8838,17.3,24000.0,24000.0,Giant otter,17.3
genus,Ilisha,1,0,0.8826,7.0,140.0,140.0,Elongate ilisha,7.0
genus,Atherinops,1,0,0.8818,9.0,398.371,398.371,Topsmelt,9.0
genus,Evynnis,3,0,0.881,12.0,900.0,1196.0,Threadfin porgy,12.0
genus,Leiothrix,2,0,0.8809,10.125,21.5,28.4,Red-billed leiothrix,15.0
genus,Contopus,4,0,0.8809,8.15,12.8,32.8,Olive-sided flycatcher,11.1
genus,Myoxocephalus,6,0,0.8798,13.0,143.0,9300.0,Shorthorn sculpin,18.0
genus,Chrysocyon,1,0,0.8795,16.8,21500.0,21500.0,Maned wolf,16.8
genus,Graydidascalus,1,0,0.8784,13.2,159.0,159.0,Short-tailed parrot,13.2
genus,Octodon,2,0,0.8783,8.287,186.875,235.0,Degu,14.0
genus,Omobranchus,1,0,0.8778,4.0,14.0611,14.0611,Muzzled blenny,4.0
genus,Rhinogobiops,1,0,0.8777,5.0,35.4841,35.4841,Blackeye goby,5.0
genus,Ourebia,1,0,0.8769,15.9,17000.0,17000.0,Oribi,15.9
genus,Axis,4,0,0.8767,19.3,36000.0,55000.0,Hog deer,22.9
genus,Leucosarcia,1,0,0.8763,16.3,429.0,429.0,Wonga pigeon,16.3
genus,Thripadectes,1,0,0.8757,10.0,44.3,44.3,Black-billed treehunter,10.0
genus,Sarpa,1,0,0.8754,15.0,3416.22,3416.22,Salema,15.0
genus,Malaclemys,1,0,0.8752,14.1,803.0,803.0,-999,14.1
genus,Thraupis,1,0,0.8751,9.5,35.0,35.0,Blue-grey tanager,9.5
genus,Dorcopsis,3,0,0.8745,12.4,2300.0,5000.0,Gray dorcopsis,13.9
genus,Potamochoerus,2,0,0.8739,22.271,70500.2,88000.0,Bush-pig,22.5417
genus,Icteria,1,0,0.8739,8.9,26.0,26.0,Yellow-breasted chat,8.9
genus,Urotrichus,1,0,0.8737,3.5,18.85,18.85,Japanese Shrew Mole,3.5
genus,Symphodus,7,0,0.872,8.0,59.2615,1692.89,East Atlantic peacock wrasse,15.0
genus,Ramphocelus,1,0,0.8719,9.0,27.6875,27.6875,Silver-beaked Tanager,9.0
genus,Ectopistes,1,0,0.8718,15.0,298.5,298.5,Passenger Pigeon,15.0
genus,Limulus,1,0,0.8698,20.0,1000.0,1000.0,Atlantic horseshoe crab,20.0
genus,Anisotremus,1,0,0.8696,15.0,3511.99,3511.99,Xantic sargo,15.0
genus,Uromastyx,4,0,0.8692,13.35,111.425,851.73,Sudan mastigure,17.0
genus,Hipposcarus,2,0,0.8689,14.05,2300.0,2869.45,Candelamoa parrotfish,16.1
genus,Seriolella,4,0,0.8688,15.0,979.801,6000.0,Whario,15.0
genus,Acinonyx,1,0,0.8682,20.0,50000.0,50000.0,Cheetah,20.0
genus,Columbina,2,0,0.8675,10.25,35.0,50.0,Inca dove,13.3
genus,Thamnophis,16,0,0.8675,10.8,125.0,1587.0,Common garter snake,18.0
genus,Cerdocyon,1,0,0.867,12.7,6500.0,6500.0,Crab-eating fox,12.7
genus,Lasiopodomys,1,0,0.8661,4.1,40.0,40.0,Brandt's vole,4.1
genus,Petroica,3,0,0.8656,6.1,8.2,13.0,Flame robin,10.9
genus,Dremomys,4,0,0.8654,5.492,199.745,200.32,Orange-bellied Himalayan Squirrel,7.1
genus,Meriones,12,0,0.8652,5.6,35.0,150.0,Mid-day jird,6.8
genus,Idionycteris,1,0,0.865,3.167,12.565,12.565,Allen's Big-eared Bat,3.16667
genus,Charmosyna,1,0,0.8646,11.3,83.0,83.0,Papuan lorikeet,11.3
genus,Phoxinellus,1,0,0.8642,4.0,15.0,15.0,Phoxinellus pseudalepidotus,4.0
genus,Remiz,4,0,0.864,7.0,9.15,9.3,Eurasian penduline-tit,7.2
genus,Paralithodes,1,0,0.864,30.0,5000.0,5000.0,Red king crab,30.0
genus,Bungarus,5,0,0.864,17.4,1154.0,3113.0,Indian krait,17.4
genus,Tapirella,1,0,0.8634,29.6,300000.0,300000.0,Baird's tapir,29.6
genus,Champsocephalus,1,0,0.8632,13.0,2000.0,2000.0,Mackerel icefish,13.0
genus,Farancia,1,0,0.863,19.0,3454.0,3454.0,"Mud snake, or Western mud snake",19.0
genus,Silurus,4,0,0.8623,15.5,547.36,50000.0,Wels catfish,60.0
genus,Fratercula,3,0,0.862,20.0,400.0,775.0,Atlantic puffin,41.0
genus,Gallotia,6,0,0.8609,5.6,16.48,195.995,-999,20.0
genus,Lycaon,1,0,0.8606,17.0,25000.0,25000.0,African wild dog,17.0
genus,Pontinus,2,0,0.8599,13.0,606.5,3504.5,Offshore rockfish,18.0
genus,Dendromus,7,0,0.8598,3.3,7.4,15.0,Monard's African Climbing Mouse,4.2
genus,Babka,1,0,0.8597,5.0,38.6724,38.6724,Racer goby,5.0
genus,Conepatus,3,0,0.8583,10.15,1900.0,3400.0,"American hog-nosed skunk, or Hog-nosed skunk",10.2
genus,Rhynchocyon,2,0,0.8561,7.746,423.99,540.0,Golden-rumped elephant shrew,11.0
genus,Lophoictinia,1,0,0.8549,17.0,585.5,585.5,Square-tailed kite,17.0
genus,Hemitragus,3,0,0.8548,17.3,22210.2,75000.0,Himalayan tahr,24.0
genus,Poecilogale,1,0,0.8543,6.242,282.83,282.83,African Striped Weasel,6.24167
genus,Myzopsetta,1,0,0.854,12.0,1500.0,1500.0,Yellowtail flounder,12.0
genus,Pandinus,1,0,0.8539,8.0,30.0,30.0,Emperor scorpion,8.0
genus,Scarus,14,0,0.8529,12.5,477.338,7000.0,Midnight parrotfish,31.0
genus,Jabiru,1,0,0.8525,27.4,5470.0,5470.0,Jabiru,27.4
genus,Euphagus,2,0,0.8525,10.65,60.8,64.55,Brewer's blackbird,12.5
genus,Cemophora,1,0,0.8525,10.4,219.0,219.0,Scarlet snake,10.4
genus,Dorcatragus,1,0,0.8518,14.0,10918.1,10918.1,Beira,14.0
genus,Plectorhinchus,1,0,0.8516,14.0,2876.68,2876.68,Sordid rubberlip,14.0
genus,Leucophaeus,2,0,0.8496,15.708,275.6,280.0,Laughing gull,22.0
genus,Heliosciurus,5,0,0.8494,8.7,211.105,326.5,Mutable Sun Squirrel,8.9
genus,Hieraaetus,4,0,0.8493,17.15,787.0,842.0,Little eagle,38.7
genus,Tropidophoxinellus,2,0,0.849,4.0,15.8936,16.4,Tropidophoxinellus hellenicus,4.0
genus,Sminthopsis,15,0,0.8486,3.6,10.0,55.0,Red-cheeked dunnart,5.3
genus,Micrurus,5,0,0.8478,10.0,449.5,724.5,Eastern coral snake,19.0
genus,Acentrogobius,1,0,0.8476,3.9,14.6373,14.6373,Striped sandgoby,3.9
genus,Varanus,41,0,0.8475,15.7,39.185,70000.0,Komodo dragon,32.0
genus,Regulus,3,0,0.8465,6.3,5.5,6.75,Goldcrest,7.0
genus,Aphredoderus,1,0,0.846,4.0,16.3855,16.3855,Pirate perch,4.0
genus,Trachyrincus,1,0,0.8453,11.0,1091.02,1091.02,Roughsnout grenadier,11.0
genus,Electrona,3,0,0.8452,5.5,14.6,16.1,Antarctic lanternfish,11.0
genus,Beatragus,1,0,0.8451,23.6,119000.0,119000.0,Hunter's Hartebeest,23.6
genus,Sturnella,2,0,0.8446,11.3,85.0,94.71,Eastern meadowlark,12.6
genus,Notechis,1,0,0.8446,14.1,948.0,948.0,Mainland tiger snake,14.1
genus,Eudorcas,3,0,0.8437,14.5,15011.0,27000.0,Thomson's gazelle,20.0
genus,Pelecus,1,0,0.8437,11.0,1100.0,1100.0,Ziege,11.0
genus,Tupinambis,1,0,0.8434,16.1,1773.51,1773.51,Columbian tegu,16.1
genus,Inimicus,1,0,0.8431,9.0,480.0,480.0,Inimicus japonicus,9.0
genus,Oxybelis,1,0,0.8429,15.2,1359.0,1359.0,Brown vine snake,15.2
genus,Hoplomys,1,0,0.8428,7.0,504.0,504.0,Armored rat,7.0
genus,Clevelandia,1,0,0.8426,3.0,5.05428,5.05428,Arrow goby,3.0
genus,Macquaria,1,0,0.8425,20.0,13200.0,13200.0,Golden perch,20.0
genus,Pudu,2,0,0.8424,14.15,9674.98,10000.0,Southern pudu,18.3
genus,Hyemoschus,1,0,0.8412,14.0,11550.0,11550.0,Water Chevrotain,14.0
genus,Egernia,4,0,0.8411,10.75,36.64,262.64,Cunningham's skink,26.5
genus,Capricornis,6,0,0.8386,21.0,43030.6,95000.0,Japanese serow,24.0
genus,Tringa,8,0,0.8385,11.6,62.5,270.0,Common redshank,26.9
genus,Hemidactylus,8,0,0.8381,8.4,2.405,2.53,Socotran rock gecko,8.4
genus,Coreobagrus,1,0,0.8375,4.0,17.0825,17.0825,Neko-gigi,4.0
genus,Capra,9,0,0.8373,21.0,41000.0,130000.0,Nubian ibex,22.4
genus,Lasiurus,9,0,0.8373,2.575,11.815,24.0,Hoary bat,14.0
genus,Percina,14,0,0.8368,4.0,3.56662,58.4334,Roanoke logperch,6.0
genus,Giraffa,1,0,0.8363,39.0,1200000.0,1200000.0,Giraffe,39.0
genus,Pseudomys,17,0,0.8361,4.158,9.78,70.0,"Plains mouse, or Australian native mouse",7.9
genus,Hydropotes,1,0,0.836,13.9,11500.0,11500.0,Chinese water deer,13.9
genus,Hemiculter,2,0,0.8357,6.5,70.0,232.3,Ussuri sharpbelly,7.0
genus,Cormobates,2,0,0.8355,8.5,22.3,30.0,White-throated Treecreeper,8.5
genus,Psittinus,1,0,0.8353,10.2,60.5,60.5,Blue-rumped parrot,10.2
genus,Neoplatycephalus,1,0,0.8346,12.0,1650.0,1650.0,Tiger flathead,12.0
genus,Sylvicapra,1,0,0.8335,15.4,18500.0,18500.0,Bush duiker,15.4
genus,Erythrocles,1,0,0.8327,8.0,310.0,310.0,Japanese rubyfish,8.0
genus,Gracilinanus,2,0,0.8325,4.05,22.0,24.5,"Agile gracile opossum, or Paraguayan slender mouse opossum",6.1
genus,Esox,5,0,0.8314,13.0,1020.0,17490.0,Northern pike,30.0
genus,Ceratogymna,1,0,0.8314,19.3,1203.5,1203.5,Black-casqued hornbill,19.3
genus,Arremonops,1,0,0.8314,8.2,22.4,22.4,Olive sparrow,8.2
genus,Ericymba,1,0,0.8311,3.0,5.35,5.35,Silverjaw minnow,3.0
genus,Clonophis,1,0,0.8309,8.4,91.0,91.0,Kirtland's snake,8.4
genus,Rhinoceros,2,0,0.8307,41.75,1602330.0,1750000.0,Indian rhinoceros,43.5
genus,Asterias,1,0,0.8303,10.0,80.0,80.0,Common starfish,10.0
genus,Micropogonias,3,0,0.83,7.0,55.3,1419.0,Micropogonias megalops,16.0
genus,Cyclemys,1,0,0.8299,14.7,1250.0,1250.0,Asian leaf turtle,14.7
genus,Mesoclemmys,2,0,0.8296,16.85,706.8,777.0,Dahl's toad-headed turtle,27.4
genus,Neoclinus,2,0,0.8296,6.5,99.4709,173.776,Onespot fringehead,7.0
genus,Malayopython,1,0,0.8292,29.4,32000.0,32000.0,Reticulated Python,29.4
genus,Dolichonyx,1,0,0.829,9.0,35.0,35.0,Bobolink,9.0
genus,Tenebrio,1,0,0.829,2.0,0.15,0.15,Mealworm beetle,2.0
genus,Empidonax,10,0,0.8283,7.5,7.9,13.5,Acadian flycatcher,12.1
genus,Antechinomys,1,0,0.8281,3.5,24.0,24.0,Kultarr,3.5
genus,Micropterus,4,0,0.8279,16.5,2557.0,5527.5,Smallmouth bass,26.0
genus,Salariopsis,1,0,0.8269,5.0,45.4531,45.4531,Freshwater blenny,5.0
genus,Macrophyllum,1,0,0.8262,2.738,8.02,8.02,Long-legged Bat,2.73785
genus,Mitu,1,0,0.8255,23.0,2813.0,2813.0,Razor-billed curassow,23.0
genus,Lophiomys,1,0,0.8255,7.5,755.0,755.0,Crested rat,7.5
genus,Coilia,2,0,0.8247,5.0,19.2,110.0,Osbeck's grenadier anchovy,5.0
genus,Chalcophaps,1,0,0.8245,12.0,136.983,136.983,Common emerald dove,12.0
genus,Lycalopex,6,0,0.8244,11.75,3990.0,13000.0,Pampas fox,13.7
genus,Rusa,4,0,0.8238,19.8,46475.0,185000.0,Sambar,26.4
genus,Corytophanes,1,0,0.8229,7.1,43.4,43.4,Smooth helmeted iguana,7.1
genus,Chlorurus,5,0,0.8229,14.0,1164.88,5400.0,Daisy parrotfish,18.8
genus,Chiropodomys,2,0,0.8226,3.6,27.2,29.0,Pencil-tailed tree mouse,3.6
genus,Ammotragus,1,0,0.8218,21.7,92500.0,92500.0,Aoudad,21.7
genus,Locustella,3,0,0.8209,6.9,13.3,16.1,Savi's warbler,9.8
genus,Rhynchocypris,1,0,0.8204,6.0,100.0,100.0,Lake minnow,6.0
genus,Trichiurus,2,0,0.8197,15.0,2750.0,7318.06,Trichiurus japonicus,15.0
genus,Circus,6,0,0.8194,16.7,315.5,752.5,Western marsh harrier,20.1
genus,Stenodus,1,0,0.8194,22.0,22000.0,22000.0,Inconnu,22.0
genus,Necrosyrtes,1,0,0.8189,21.3,2043.0,2043.0,Hooded vulture,21.3
genus,Pterogymnus,1,0,0.8187,12.0,1787.71,1787.71,Panga seabream,12.0
genus,Gerygone,6,0,0.8185,6.0,5.25,7.85,Dusky gerygone,10.6
genus,Eschrichtius,1,0,0.8176,77.0,28500000.0,28500000.0,Gray whale,77.0
genus,Anthochaera,5,0,0.8175,11.5,41.8,145.9,Red wattlebird,13.3
genus,Oenanthe,3,0,0.8172,10.083,15.1,25.0,Northern wheatear,10.1
genus,Dinopium,2,0,0.817,10.5,76.775,76.775,Spot-throated Flameback,10.5
genus,Balaenoptera,6,0,0.8168,73.5,7500000.0,150000000.0,Fin whale,94.0
genus,Picus,5,0,0.8166,15.2,109.05,184.667,Iberian Green Woodpecker,15.2
genus,Umbra,2,0,0.816,4.5,14.91,61.3023,Mudminnow,5.0
genus,Moschus,4,0,0.8159,13.892,12488.7,12907.8,Anhui Musk Deer,13.8917
genus,Anaecypris,1,0,0.8155,3.0,5.78605,5.78605,Spanish minnowcarp,3.0
genus,Teira,1,0,0.815,4.8,7.29,7.29,Madeira wall lizard,4.8
genus,Steatomys,4,0,0.8149,3.742,34.04,37.5,Bocage's African Fat Mouse,3.74167
genus,Otis,1,0,0.8138,28.3,7895.5,7895.5,Great bustard,28.3
genus,Nautilus,1,0,0.8133,20.0,1300.0,1300.0,Chambered nautilus,20.0
genus,Linaria,2,0,0.8112,7.75,15.4,19.5,Eurasian linnet,9.4
genus,Callionymus,2,0,0.811,5.0,8.21104,143.336,European dragonet,7.0
genus,Caulolatilus,2,0,0.8106,14.0,3168.0,3850.0,Blueline tilefish,15.0
genus,Bolborhynchus,1,0,0.8104,9.2,43.1,43.1,Andean parakeet,9.2
genus,Oxyura,3,0,0.8101,16.0,542.0,798.0,Ruddy duck,20.0
genus,Indonotothenia,1,0,0.81,8.0,347.618,347.618,Blue rockcod,8.0
genus,Psilopsiagon,1,0,0.8093,8.5,30.0,30.0,Grey-hooded parakeet,8.5
genus,Tetronarce,1,0,0.8088,24.0,33307.3,33307.3,Pacific electric ray,24.0
genus,Pseudemys,7,0,0.8085,26.1,2992.0,3748.5,River cooter,44.0
genus,Rhipidomys,1,0,0.8083,4.575,89.495,89.495,Guianan Rhipidomys,4.575
genus,Cetoscarus,2,0,0.8077,16.5,2415.0,15070.9,Spotted parrotfish,21.0
genus,Lampanyctus,3,0,0.8073,5.5,47.4628,95.0341,Rakery beaconlamp,6.0
genus,Streptopelia,5,0,0.8073,13.2,103.0,200.0,Eurasian collared dove,17.0
genus,Roncador,1,0,0.8065,15.0,4800.0,4800.0,Spotfin croaker,15.0
genus,Arripis,4,0,0.8064,10.5,440.0,5775.0,Australian salmon,26.0
genus,Menura,1,0,0.8059,17.9,979.95,979.95,Superb lyrebird,17.9
genus,Lanius,12,0,0.8058,10.083,20.8,63.5,Southern Grey Shrike,16.1
genus,Anarhichas,1,0,0.8058,22.0,23580.0,23580.0,Atlantic wolffish,22.0
genus,Richardsonius,1,0,0.8053,5.0,50.7194,50.7194,Lahontan redside,5.0
genus,Cygnus,6,0,0.8051,28.35,4275.0,13000.0,Trumpeter swan,32.5
genus,Caliraja,2,0,0.8047,20.5,3748.31,61246.7,Longnose skate,26.0
genus,Notropis,15,0,0.8045,4.0,1.33312,14.6499,Spottail shiner,5.0
genus,Polysteganus,1,0,0.8043,20.0,16000.0,16000.0,Seventyfour seabream,20.0
genus,Daphoenositta,1,0,0.8043,6.9,11.7,11.7,Varied sittella,6.9
genus,Ichthyomyzon,4,0,0.8034,7.0,5.7314,72.0538,Chestnut lamprey,8.0
genus,Polemaetus,1,0,0.8034,25.0,4706.75,4706.75,Martial Eagle,25.0
genus,Falco,20,0,0.8027,13.35,120.0,1406.5,Barbary Falcon,25.0
genus,Masticophis,1,0,0.8018,20.2,6484.0,6484.0,Coachwhip,20.2
genus,Dromiciops,1,0,0.8016,3.492,27.5,27.5,Monito del Monte,3.49167
genus,Padogobius,1,0,0.8015,4.0,20.4974,20.4974,Arno goby,4.0
genus,Lophius,4,0,0.8014,22.5,10471.3,31735.0,Goosefish,30.0
genus,Paraechinus,3,0,0.8012,6.3,171.0,292.0,Brandt's hedgehog,7.0
genus,Phalacrocorax,11,0,0.8005,22.5,1000.0,3336.0,Australian pied cormorant,46.4
genus,Myioborus,1,0,0.8001,6.6,9.75,9.75,Painted redstart,6.6
genus,Amblygaster,1,0,0.7997,8.0,366.635,366.635,Spotted sardinella,8.0
genus,Trimeresurus,11,0,0.7994,11.4,211.0,540.0,Barat Bamboo pitviper,14.0
genus,Panurus,1,0,0.7988,7.1,13.8,13.8,Bearded parrotbill,7.1
genus,Cyprinella,6,0,0.7988,4.0,3.8,42.1315,Spotfin shiner,5.0
genus,Ovis,5,0,0.7986,20.6,60000.0,160000.0,Snow Sheep,24.0
genus,Brosme,1,0,0.7984,20.0,16500.0,16500.0,Cusk,20.0
genus,Tangara,1,0,0.797,7.5,18.0,18.0,Red-necked Tanager,7.5
genus,Phacochoerus,2,0,0.7964,19.9,70000.0,73303.8,Warthog,21.0
genus,Vimba,2,0,0.7955,9.5,46.1,2330.0,Vimba bream,15.0
genus,Phalaropus,3,0,0.7954,10.0,33.8,57.0,Red-necked phalarope,12.9
genus,Opisthonema,1,0,0.7954,8.0,375.0,375.0,Atlantic thread herring,8.0
genus,Cyclura,6,0,0.795,21.683,683.0,6754.63,Cayman rock iguana,47.6
genus,Chilabothrus,1,0,0.7942,14.2,1306.0,1306.0,"Turks boa, or Caicos boa",14.2
genus,Forsterygion,2,0,0.7939,3.5,3.9709,34.7476,Striped triplefin,4.0
genus,Misgurnus,1,0,0.7936,5.0,53.9,53.9,Pond loach,5.0
genus,Phyllotis,10,0,0.793,3.992,20.19,50.825,Bonaerense Pericote,3.99167
genus,Lebetus,1,0,0.7929,2.0,1.21003,1.21003,Diminutive goby,2.0
genus,Sauromalus,3,0,0.7929,11.3,230.39,1422.35,Spiny chuckwalla,17.2
genus,Oreamnos,1,0,0.7925,20.8,90000.0,90000.0,Mountain goat,20.8
genus,Pagellus,5,0,0.791,9.0,400.0,3240.0,Common pandora,20.0
genus,Phylloscopus,9,0,0.7908,8.0,8.0,10.0,Willow warbler,11.8
genus,Ovibos,1,0,0.7906,27.4,315000.0,315000.0,Muskox,27.4
genus,Acanthobrama,3,0,0.7905,7.0,40.0,226.432,Acanthobrama thisbeae,8.0
genus,Etelis,3,0,0.7904,20.0,15096.5,34667.5,Deep-water red snapper,35.0
genus,Bitis,4,0,0.7903,16.9,717.0,8000.0,Gaboon viper,25.0
genus,Ctenodactylus,2,0,0.7903,5.8,288.41,288.8,Gundi,5.8
genus,Xanthotis,2,0,0.7902,8.5,29.425,37.625,Tawny-breasted honeyeater,9.0
genus,Pinicola,1,0,0.7895,9.8,65.3,65.3,Pine grosbeak,9.8
genus,Chrysolophus,2,0,0.7894,16.5,625.0,738.0,Lady Amherst's pheasant,19.6
genus,Plagopterus,1,0,0.7887,4.0,21.9182,21.9182,Woundfin,4.0
genus,Hedinichthys,1,0,0.7877,7.0,224.34,224.34,Kashgarian loach,7.0
genus,Nanger,3,0,0.7874,19.3,48500.0,73000.0,Grant's gazelle,23.0
genus,Noturus,11,0,0.7871,4.0,5.59117,201.332,Stonecat,9.0
genus,Eunectes,1,0,0.7866,30.0,45000.0,45000.0,Green anaconda,30.0
genus,Phocoenoides,1,0,0.7864,22.0,120000.0,120000.0,Dall's porpoise,22.0
genus,Knipowitschia,5,0,0.7856,2.0,0.349351,3.62325,Caucasian dwarf goby,2.0
genus,Philemon,2,0,0.7856,10.2,62.25,103.375,Little friarbird,10.6
genus,Liasis,2,0,0.7852,22.1,9000.0,10592.0,Brown water python,26.8
genus,Daboia,5,0,0.7849,15.0,666.0,1306.0,Palestine Viper,16.4
genus,Ailuroedus,2,0,0.7848,12.65,202.0,207.0,Green catbird,14.9
genus,Panulirus,1,0,0.784,20.0,1500.0,1500.0,Caribbean spiny lobster,20.0
genus,Corallus,2,0,0.784,15.2,1906.0,1906.0,-999,15.4
genus,Cynomys,4,0,0.7838,6.283,807.3,918.63,Black-tailed prairie dog,12.0
genus,Oryx,4,0,0.7833,22.35,103750.0,200000.0,Scimitar-horned oryx,27.5
genus,Sarcocheilichthys,2,0,0.7831,4.5,12.0226,69.058,Sarcocheilichthys lacustris,6.0
genus,Hydromys,1,0,0.7827,7.3,850.0,850.0,Golden-bellied water rat,7.3
genus,Girella,3,0,0.7826,13.0,3168.0,9152.98,Parore,24.0
genus,Neotoma,21,0,0.7822,9.5,113.4,291.0,Anthony's Woodrat,10.5
genus,Tyrannus,2,0,0.7821,9.0,39.9,40.7,Eastern kingbird,11.1
genus,Pteraclis,1,0,0.782,10.0,1015.0,1015.0,Pacific fanfish,10.0
genus,Cecropis,4,0,0.7816,9.0,22.2,26.55,Red-rumped swallow,9.0
genus,Garra,3,0,0.781,4.0,2.97921,150.0,Ereğli minnow,4.0
genus,Origma,1,0,0.781,7.0,14.35,14.35,Rockwarbler,7.0
genus,Wiedomys,1,0,0.7802,3.825,46.85,46.85,Red-nosed Wiedomys,3.825
genus,Austrolebias,1,0,0.7795,3.0,6.97822,6.97822,Argentine pearlfish,3.0
genus,Silhouettea,1,0,0.7793,2.0,1.29987,1.29987,Red Sea goby,2.0
genus,Pristipomoides,7,0,0.7783,11.0,1113.2,4484.7,Goldbanded jobfish,30.0
genus,Neophoca,1,0,0.7779,24.1,190000.0,190000.0,Australian sea lion,24.1
genus,Apricaphanius,2,0,0.7778,2.0,0.81852,2.09777,Apricaphanius baeticus,2.0
genus,Alosa,15,0,0.7777,8.0,65.0,3025.0,Twaite shad,25.0
genus,Pooecetes,1,0,0.7776,7.9,25.7,25.7,Vesper sparrow,7.9
genus,Morus,3,0,0.7769,33.0,2350.0,3000.0,Northern gannet,37.0
genus,Dasycottus,1,0,0.7767,11.0,1550.0,1550.0,Spinyhead sculpin,11.0
genus,Sayornis,3,0,0.7762,8.0,18.25,21.0,Eastern phoebe,10.3
genus,Opsanus,1,0,0.7762,12.0,2230.0,2230.0,Oyster toadfish,12.0
genus,Emmelichthys,1,0,0.7762,10.0,1046.96,1046.96,Cape bonnetmouth,10.0
genus,Lophodytes,1,0,0.776,15.7,634.375,634.375,Hooded merganser,15.7
genus,Chlamyphorus,1,0,0.7759,4.325,83.53,83.53,Pink Fairy Armadillo,4.325
genus,Hysterocarpus,1,0,0.7755,5.0,59.2913,59.2913,Russian river tule perch,5.0
genus,Notemigonus,1,0,0.7752,9.0,680.0,680.0,Golden shiner,9.0
genus,Anchoa,3,0,0.7749,3.0,12.5496,32.3892,Deepbody anchovy,6.0
genus,Lota,1,0,0.7747,20.0,18700.0,18700.0,Burbot,20.0
genus,Litocranius,1,0,0.7745,17.3,43500.0,43500.0,Gerenuk,17.3
genus,Pseudaspius,3,0,0.7741,10.0,1500.0,3700.0,Redfin,20.0
genus,Geomys,9,0,0.774,12.0,176.7,397.0,Desert Pocket Gopher,12.0
genus,Polioptila,2,0,0.7733,6.1,6.0,6.5,California gnatcatcher,8.0
genus,Cricetomys,3,0,0.7731,8.4,1300.0,1500.0,Southern Giant Pouched Rat,8.4
genus,Chordeiles,2,0,0.7727,10.0,79.3,79.3,Antillean Nighthawk,10.0
genus,Cinclus,2,0,0.7726,9.35,50.2,61.7,White-throated dipper,10.6
genus,Artemisiospiza,2,0,0.7724,7.425,17.1,18.1,Sage sparrow,9.1
genus,Rhincodon,1,0,0.7723,100.0,15000000.0,15000000.0,Whale shark,100.0
genus,Lepomis,9,0,0.7714,7.0,10.4598,1181.25,Pumpkinseed,12.0
genus,Nannatherina,1,0,0.7711,3.0,7.3,7.3,Balston's pygmy perch,3.0
genus,Spilotes,1,0,0.771,17.5,3983.0,3983.0,Tropical rat snake,17.5
genus,Trinectes,1,0,0.7709,6.0,129.456,129.456,Hogchoker,6.0
genus,Liparis,1,0,0.7706,6.0,129.648,129.648,Gelatinous snailfish,6.0
genus,Gyps,4,0,0.7706,25.45,4871.0,8177.0,Griffon vulture,41.0
genus,Echinosorex,1,0,0.7701,7.0,756.53,756.53,Moonrat,7.0
genus,Aetobatus,1,0,0.7689,16.0,7645.0,7645.0,Longheaded eagle ray,16.0
genus,Batagur,3,0,0.7668,21.7,7270.0,20950.0,"Painted Terrapin, Biuku",80.0
genus,Artamus,1,0,0.765,8.2,33.0,33.0,Dusky woodswallow,8.2
genus,Hippotragus,3,0,0.7649,25.9,225000.0,225000.0,Roan antelope,25.9
genus,Cottocomephorus,1,0,0.7648,5.0,62.8166,62.8166,Baikal yellowfin,5.0
genus,Polyplectron,1,0,0.7645,15.0,550.0,550.0,Palawan peacock-pheasant,15.0
genus,Connochaetes,2,0,0.7643,22.9,132250.0,200000.0,Blue wildebeest,24.0
genus,Crax,2,0,0.7642,22.0,2500.0,4133.0,Great curassow,24.0
genus,Hippocampus,5,0,0.7638,4.7,0.549441,116.572,Big-belly seahorse,7.0
genus,Myodes,10,0,0.7636,3.325,20.0,27.5,Tien Shan Red-backed Vole,4.91667
genus,Labroides,1,0,0.7618,4.0,25.3062,25.3062,Cleaner fish,4.0
genus,Dryocopus,2,0,0.7616,13.5,321.0,364.0,Black woodpecker,14.0
genus,Xenopeltis,1,0,0.7614,12.1,753.0,753.0,Sunbeam snake,12.1
genus,Paradisaea,2,0,0.7605,12.1,172.0,250.0,Greater bird-of-paradise,12.1
genus,Elassoma,3,0,0.7604,1.5,0.422944,1.2393,Banded pygmy sunfish,3.0
genus,Ctenopharyngodon,1,0,0.7602,21.0,24750.0,24750.0,Silver orfe,21.0
genus,Symposiachrus,1,0,0.7601,7.0,16.275,16.275,Spot-winged Monarch,7.0
genus,Dinomys,1,0,0.7592,12.8,12250.0,12250.0,Pacarana,12.8
genus,Mycteria,4,0,0.7591,23.05,2166.5,3180.0,Painted stork,28.6
genus,Chondestes,1,0,0.7591,7.8,27.1,27.1,Lark sparrow,7.8
genus,Paragalaxias,2,0,0.7587,2.5,2.31674,4.89366,Shannon galaxias,3.0
genus,Trimorphodon,6,0,0.7585,11.8,682.0,682.0,Western lyresnake,11.8
genus,Sylvilagus,9,0,0.7568,9.0,760.0,1233.0,Manzano Mountain Cottontail,9.8
genus,Picoides,8,0,0.7566,9.5,25.6,72.0,Red-cockaded woodpecker,16.1
genus,Monachus,3,0,0.7544,23.7,197758.0,284941.0,Hawaiian Monk Seal,30.0
genus,Leucoraja,4,0,0.7542,14.5,1665.33,29548.5,Winter skate,21.0
genus,Gymnoscopelus,1,0,0.7528,6.0,142.874,142.874,Brauer's lanternfish,6.0
genus,Spermophilus,34,0,0.7518,6.7,136.0,747.09,Belding's Ground Squirrel,11.0
genus,Pagothenia,1,0,0.7516,7.0,272.507,272.507,Bald notothen,7.0
genus,Myliobatis,1,0,0.7516,24.0,45155.0,45155.0,Bat ray,24.0
genus,Pomadasys,3,0,0.7508,7.0,137.0,4349.01,Silver grunt,19.0
genus,Chersina,1,0,0.7508,11.8,715.0,715.0,"South African Bowsprit Tortoise, Angulate Tortoise",11.8
genus,Aix,2,0,0.7507,16.2,570.0,680.0,Wood duck,22.0
genus,Pimephales,2,0,0.7506,3.5,10.0,10.3102,Bluntnose minnow,5.0
genus,Lagostomus,1,0,0.7505,10.8,6000.0,6000.0,Plains viscacha,10.8
genus,Pomatostomus,4,0,0.7502,10.8,41.8,71.0,White-browed babbler,14.4
genus,Psiloscops,1,0,0.7501,9.0,55.75,55.75,Flammulated Owl,9.0
genus,Redunca,3,0,0.7481,16.8,30000.0,58000.0,Common Reedbuck,18.0
genus,Reithrodontomys,5,0,0.7479,2.583,9.275,12.5,Western Harvest Mouse,3.575
genus,Dicentrarchus,1,0,0.7469,15.0,6600.0,6600.0,European seabass,15.0
genus,Atelocynus,1,0,0.7467,11.9,9500.0,9500.0,Short-eared dog,11.9
genus,Millardia,1,0,0.7463,4.0,70.0,70.0,Sand-colored rat,4.0
genus,Balistes,4,0,0.7463,13.0,1800.0,6150.0,Queen triggerfish,23.0
genus,Allactaga,7,0,0.7463,4.5,52.0,350.0,Great jerboa,7.0
genus,Camptostoma,1,0,0.746,5.8,7.4,7.4,Northern beardless tyrannulet,5.8
genus,Raphicerus,3,0,0.744,14.0,9396.9,13000.0,Cape Grysbok,14.0
genus,Ammodramus,8,0,0.7439,7.008,12.5,20.05,Saltmarsh sharp-tailed sparrow,10.0
genus,Eremophila,1,0,0.7439,8.0,33.5,33.5,Horned lark,8.0
genus,Dasyatis,3,0,0.7437,18.0,445.0,74580.0,Common stingray,21.0
genus,Melanerpes,7,0,0.7436,10.0,65.0,81.9083,Red-bellied woodpecker,20.7
genus,Otus,14,0,0.7427,11.3,55.5,131.5,Indian Scops Owl,14.5
genus,Ducula,1,0,0.7423,14.0,457.55,457.55,Pied imperial pigeon,14.0
genus,Alburnus,7,0,0.742,5.0,36.7236,1250.0,Danube bleak,9.0
genus,Tylomys,2,0,0.7419,5.408,280.0,280.0,Tumbala Climbing Rat,5.41667
genus,Przewalskium,2,0,0.7417,21.3,135000.0,135000.0,Thorold's deer,21.3
genus,Sousa,2,0,0.7417,22.475,100000.0,280000.0,Indo-Pacific Humpbacked Dolphin,24.95
genus,Histrionicus,1,0,0.7409,14.6,561.25,561.25,Harlequin duck,14.6
genus,Atractoscion,1,0,0.7405,20.0,22550.0,22550.0,White seabass,20.0
genus,Cardellina,3,0,0.7404,8.0,7.0,10.0,Wilson's warbler,8.9
genus,Stiphodon,1,0,0.7404,2.0,1.60761,1.60761,Stiphodon percnopterygionus,2.0
genus,Chen,3,0,0.7398,22.5,1715.0,2806.65,Snow goose,27.5
genus,Dermochelys,1,0,0.7392,45.0,400000.0,400000.0,Leatherback sea turtle,45.0
genus,Aethia,3,0,0.7384,10.8,96.0,289.0,Whiskered auklet,15.0
genus,Gerbillurus,1,0,0.7383,3.242,28.5,28.5,Paeba Hairy-footed Gerbil,3.24167
genus,Margariscus,1,0,0.7371,4.0,29.0112,29.0112,Pearl dace,4.0
genus,Pteroplatytrygon,1,0,0.7369,24.0,49000.0,49000.0,Pelagic stingray,24.0
genus,Fulica,4,0,0.7365,20.15,450.8,832.5,Hawaiian Coot,22.3333
genus,Alces,2,0,0.7359,27.0,368500.0,450000.0,Moose,27.0
genus,Lucania,1,0,0.7356,2.0,1.65119,1.65119,Bluefin killifish,2.0
genus,Cephalophus,12,0,0.7354,15.2,10000.0,70000.3,Yellow-backed duiker,22.5
genus,Ctenosaura,4,0,0.7352,11.7,399.4,2800.0,Black iguana,22.4
genus,Merluccius,7,0,0.7347,13.0,404.004,44436.9,Southern hake,30.0
genus,Capoeta,7,0,0.7344,8.0,25.9,1199.37,Banarescu's barb,12.0
genus,Xyrichtys,1,0,0.7337,8.0,524.024,524.024,Pearly razorfish,8.0
genus,Auriparus,1,0,0.7335,5.6,6.8,6.8,Verdin,5.6
genus,Morelia,3,0,0.7332,19.6,3113.0,15926.0,Green tree python,20.6
genus,Ptiloris,2,0,0.7332,10.45,86.5,161.0,Magnificent riflebird,12.0
genus,Campostoma,1,0,0.7329,5.0,74.9781,74.9781,Largescale stoneroller,5.0
genus,Symphurus,1,0,0.7317,5.0,75.4883,75.4883,Blackcheek tonguefish,5.0
genus,Clarias,1,0,0.731,25.0,60000.0,60000.0,North African catfish,25.0
genus,Anhinga,4,0,0.7309,16.2,1080.0,1518.0,Australasian darter,22.3
genus,Lipocheilus,1,0,0.7304,14.0,5436.38,5436.38,Tang's snapper,14.0
genus,Anastomus,1,0,0.7303,18.0,1590.0,1590.0,Asian openbill,18.0
genus,Rucervus,3,0,0.73,20.5,107626.0,170000.0,Barasingha,24.5
genus,Zearaja,2,0,0.7295,26.5,15591.8,35413.8,Yellownose skate,44.0
genus,Callorhinchus,1,0,0.7293,12.0,2887.5,2887.5,Cape elephantfish,12.0
genus,Squalius,6,0,0.7288,7.0,19.4406,8000.0,Chub,22.0
genus,Thalassoica,1,0,0.7287,15.0,687.5,687.5,Antarctic petrel,15.0
genus,Pontoporia,1,0,0.7281,16.0,40416.7,40416.7,Franciscana,16.0
genus,Tauraco,2,0,0.7269,12.4,265.0,310.5,Knysna Turaco,12.4
genus,Aptenodytes,2,0,0.7257,31.0,13036.8,30000.0,Emperor penguin,35.0
genus,Syncerus,1,0,0.7253,29.0,600000.0,600000.0,African buffalo,29.0
genus,Poephila,2,0,0.7252,6.45,13.375,14.0,Masked finch,6.9
genus,Pseudobatos,1,0,0.7251,16.0,9750.0,9750.0,Shovelnose guitarfish,16.0
genus,Coluber,4,0,0.725,20.2,1594.5,6484.0,Coachwhip,20.2
genus,Cercotrichas,1,0,0.7249,7.0,20.3,20.3,Rufous-tailed Scrub Robin,7.0
genus,Erythropygia,1,0,0.7249,7.0,20.3,20.3,Rufous-tailed scrub-robin,7.0
genus,Bison,2,0,0.7243,29.7,610000.0,700000.0,American bison,33.0
genus,Lagonosticta,1,0,0.7242,5.833,8.725,8.725,Red-billed Firefinch,5.83333
genus,Polydactylus,1,0,0.724,20.0,24750.0,24750.0,King threadfin,20.0
genus,Myiagra,3,0,0.7236,6.2,10.225,24.6,Broad-billed flycatcher,8.6
genus,Lestrolepis,1,0,0.7233,4.0,31.3882,31.3882,Japanese barracudina,4.0
genus,Pangshura,2,0,0.7231,12.4,919.0,1184.0,Brown roofed turtle,13.8
genus,Tragelaphus,7,0,0.7227,22.0,60000.0,307500.0,Greater kudu,23.5
genus,Paracobitis,1,0,0.7222,3.0,9.58,9.58,Western crested loach,3.0
genus,Trachinocephalus,2,0,0.7218,9.0,375.328,1804.56,Trachinocephalus trachinus,11.0
genus,Hydrurga,1,0,0.7214,26.0,375671.0,375671.0,Leopard seal,26.0
genus,Coris,1,0,0.7214,8.0,562.195,562.195,Mediterranean rainbow wrasse,8.0
genus,Isoodon,3,0,0.7211,6.7,485.0,1600.0,Northern brown bandicoot,6.8
genus,Chanos,1,0,0.7196,15.0,7700.0,7700.0,Milkfish,15.0
genus,Planigale,5,0,0.7193,5.0,5.3,14.9,Pygmy planigale,5.8
genus,Rhamphiophis,2,0,0.7193,13.3,1528.0,1528.0,Rufous beaked snake,13.3
genus,Pterois,1,0,0.7185,10.0,1442.0,1442.0,Red firefish,10.0
genus,Melanitta,5,0,0.7168,17.917,1052.2,1732.0,White-winged Scoter,21.4167
genus,Coracias,3,0,0.7155,9.2,108.0,158.0,Lilac-breasted roller,13.7
genus,Budorcas,1,0,0.7154,21.9,180000.0,180000.0,Takin,21.9
genus,Conilurus,1,0,0.7154,4.5,144.0,144.0,Brush-tailed rabbit rat,4.5
genus,Rangifer,1,0,0.7149,20.0,120000.0,120000.0,Reindeer,20.0
genus,Priodontes,1,0,0.714,15.0,33000.0,33000.0,Giant armadillo,15.0
genus,Hypsiprymnodon,1,0,0.7131,6.0,534.25,534.25,Musky Rat-kangaroo,6.0
genus,Feresa,1,0,0.7128,21.0,151500.0,151500.0,Pygmy Killer Whale,21.0
genus,Podarcis,9,0,0.7118,3.0,3.45,7.61,Common wall lizard,10.0
genus,Aphareus,2,0,0.7113,12.5,906.0,11325.0,Rusty jobfish,16.0
genus,Sillago,9,0,0.7111,7.0,96.0,918.276,Sand whiting,22.0
genus,Todiramphus,5,0,0.7109,8.083,45.05,86.5,Collared Kingfisher,9.58333
genus,Dromaius,1,0,0.7102,35.0,40000.0,40000.0,Emu,35.0
genus,Mesogobius,1,0,0.7101,8.0,600.0,600.0,Knout goby,8.0
genus,Conopophila,2,0,0.71,6.75,10.8,11.4,Rufous-throated honeyeater,9.8
genus,Neomys,3,0,0.7097,3.1,13.19,15.13,Eurasian water shrew,3.1
genus,Percichthys,1,0,0.7096,15.0,8160.0,8160.0,Creole perch,15.0
genus,Boselaphus,1,0,0.7089,21.7,180000.0,180000.0,Nilgai,21.7
genus,Isopsetta,1,0,0.7088,11.0,2265.29,2265.29,Butter sole,11.0
genus,Iberochondrostoma,1,0,0.7082,4.0,34.247,34.247,Iberochondrostoma almacai,4.0
genus,Chilomeniscus,1,0,0.7081,4.0,6.0,6.0,Banded sand snake,4.0
genus,Cheilinus,1,0,0.7078,32.0,191000.0,191000.0,Humphead wrasse,32.0
genus,Lontra,3,0,0.7069,14.892,7027.48,11195.4,Northern river otter,27.0
genus,Maurolicus,2,0,0.7065,2.5,3.75221,5.45733,Silvery lightfish,3.0
genus,Prototroctes,1,0,0.7064,6.0,186.0,186.0,Australian grayling,6.0
genus,Blarina,4,0,0.7063,2.775,14.5,20.45,Northern short-tailed shrew,3.0
genus,Acyrtops,1,0,0.706,1.0,0.110538,0.110538,Emerald clingfish,1.0
genus,Gallirallus,2,0,0.7057,14.45,496.0,899.3,Lord howe woodhen,15.1
genus,Stellagama,1,0,0.7054,6.0,40.605,40.605,Roughtail Rock Agama,6.0
genus,Entosphenus,3,0,0.7046,3.0,3.88384,275.0,Pacific lamprey,9.0
genus,Cladorhynchus,1,0,0.7046,11.3,215.25,215.25,Banded stilt,11.3
genus,Carpiodes,3,0,0.7044,11.0,1617.0,2524.5,Quillback,11.0
genus,Pseudobathylagus,1,0,0.7042,5.0,88.4584,88.4584,Stout blacksmelt,5.0
genus,Falcipennis,1,0,0.7031,13.0,417.3,417.3,Spruce grouse,13.0
genus,Liza,1,0,0.7012,10.0,1595.0,1595.0,Thinlip mullet,10.0
genus,Podothecus,1,0,0.701,6.0,192.0,192.0,Podothecus sturioides,6.0
genus,Ambiserrula,1,0,0.7006,4.0,35.8115,35.8115,Mud flathead,4.0
genus,Amphistichus,2,0,0.7005,9.0,973.537,1100.0,Barred surfperch,9.0
genus,Leporillus,1,0,0.6998,5.3,332.5,332.5,Greater stick-nest rat,5.3
genus,Sceloporus,9,0,0.699,6.0,6.94,35.59,Crevice spiny lizard,8.0
genus,Plagiogeneion,1,0,0.6981,10.0,1625.0,1625.0,Rubyfish,10.0
genus,Ardeotis,1,0,0.6976,26.0,10900.0,10900.0,Kori Bustard,26.0
genus,Plectropomus,5,0,0.6976,19.0,7004.74,25000.0,Bluedotted coraltrout,26.0
genus,Oryzomys,8,0,0.697,3.992,22.65,63.51,Emmons' Oryzomys,8.0
genus,Barbatula,2,0,0.6968,4.5,3.85874,200.0,Stone loach,7.0
genus,Aipysurus,1,0,0.6966,15.0,3113.0,3113.0,-999,15.0
genus,Chlamydosaurus,1,0,0.6958,9.9,449.125,449.125,Frilled lizard,9.9
genus,Dicerorhinus,1,0,0.6958,32.8,1260000.0,1260000.0,Sumatran rhinoceros,32.8
genus,Erythrura,1,0,0.6956,6.0,12.0,12.0,Gouldian finch,6.0
genus,Lepidotrigla,1,0,0.6952,5.0,93.29,93.29,Large-scaled gurnard,5.0
genus,Pteronotropis,1,0,0.6946,2.0,2.0948,2.0948,Bluehead shiner,2.0
genus,Podiceps,5,0,0.6944,13.083,380.0,1100.0,Great crested grebe,19.2
genus,Hemitriakis,1,0,0.6944,15.0,8927.1,8927.1,Japanese topeshark,15.0
genus,Perameles,3,0,0.6942,5.8,226.0,859.0,Eastern barred bandicoot,6.1
genus,Arctoscopus,1,0,0.6942,6.0,200.0,200.0,Japanese sandfish,6.0
genus,Arrhamphus,1,0,0.6939,7.0,379.664,379.664,Snubhose garfish,7.0
genus,Sus,9,0,0.6934,17.0,8000.0,102750.0,Domestic pig,27.0
genus,Phenacobius,1,0,0.6928,3.0,11.3829,11.3829,Suckermouth minnow,3.0
genus,Atrichornis,1,0,0.6926,7.8,41.525,41.525,Noisy scrubbird,7.8
genus,Hyporhamphus,3,0,0.691,7.0,180.195,417.447,Dusky sea garfish,10.0
genus,Rutilus,5,0,0.6907,10.0,1012.0,3210.0,Roach,14.0
genus,Parambassis,1,0,0.6906,3.0,11.53,11.53,Indian glassy fish,3.0
genus,Rostroraja,1,0,0.6903,9.0,1100.0,1100.0,Roundel skate,9.0
genus,Bellatorias,1,0,0.6902,10.8,700.7,700.7,Land Mullet,10.8
genus,Brachydeuterus,1,0,0.6896,7.0,389.449,389.449,Bigeye grunt,7.0
genus,Gnathopogon,1,0,0.6896,3.0,11.6,11.6,Manchurian gudgeon,3.0
genus,Macropus,14,0,0.6896,15.55,4250.0,55000.0,Eastern gray kangaroo,25.0
genus,Choerodon,1,0,0.6889,17.0,15500.0,15500.0,Blackspot tuskfish,17.0
genus,Condylura,1,0,0.6889,3.5,55.0,55.0,Star-nosed mole,3.5
genus,Mergus,3,0,0.6885,14.8,613.5,1445.0,Red-breasted merganser,21.3
genus,Dentex,7,0,0.6875,10.0,550.0,16420.0,Common dentex,36.0
genus,Pylodictis,1,0,0.6873,20.0,30717.5,30717.5,Flathead catfish,20.0
genus,Loxia,5,0,0.6873,6.0,28.9,53.25,Red crossbill,16.1
genus,Bovichtus,1,0,0.687,5.0,98.0,98.0,Bovichtus diacanthus,5.0
genus,Mesalina,1,0,0.6869,3.3,2.815,2.815,Red-spotted Lizard,3.3
genus,Gasterosteus,2,0,0.6867,4.5,5.29783,16.14,Alaskan stickleback,8.0
genus,Protoxerus,1,0,0.6864,5.992,630.43,630.43,Forest Giant Squirrel,5.99167
genus,Rhomboplites,1,0,0.6864,10.0,1743.5,1743.5,Vermilion snapper,10.0
genus,Thylogale,4,0,0.6863,9.2,3800.0,5000.0,Red-legged pademelon,9.7
genus,Catagonus,1,0,0.686,14.642,35433.2,35433.2,Chacoan Peccary,14.6417
genus,Vexillichthys,1,0,0.686,4.0,39.0957,39.0957,Blackfin sucker,4.0
genus,Macrovipera,2,0,0.6857,12.3,1306.0,1306.0,Levantine viper,13.3
genus,Phocarctos,1,0,0.6848,23.0,273500.0,273500.0,New Zealand Sealion,23.0
genus,Galeocerdo,1,0,0.6847,37.0,400000.0,400000.0,Tiger shark,37.0
genus,Rhacochilus,1,0,0.6846,10.0,1762.51,1762.51,Rubberlip seaperch,10.0
genus,Rastrelliger,2,0,0.6845,9.5,560.0,667.711,Indian mackerel,15.0
genus,Engraulis,5,0,0.6839,3.0,21.1,68.0,Californian anchoveta,7.0
genus,Cookeolus,1,0,0.6838,9.0,1144.0,1144.0,Bulleye,9.0
genus,Calotes,1,0,0.6838,5.0,20.04,20.04,Indian changeable lizard,5.0
genus,Alticola,4,0,0.6834,3.242,36.0,49.995,Mongolian silver vole,3.8
genus,Pomatoschistus,6,0,0.683,2.0,1.59721,9.46776,Freckled goby,3.0
genus,Leiolepis,4,0,0.6829,5.6,29.3,40.0,Butterfly lizard,5.6
genus,Acanthisitta,1,0,0.6828,5.167,6.525,6.525,Rifleman,5.16667
genus,Ameiurus,5,0,0.6823,10.0,177.649,5362.5,White catfish,14.0
genus,Raja,7,0,0.6816,13.0,1275.5,50050.0,Big skate,26.0
genus,Elaphe,5,0,0.6813,16.8,900.0,6561.0,Corn snake,32.3
genus,Geranoaetus,2,0,0.6813,24.25,889.0,2447.5,Black-chested buzzard-eagle,42.0
genus,Chondrostoma,6,0,0.6813,7.0,226.949,1000.0,Sneep,15.0
genus,Eubalaena,3,0,0.6809,70.0,23000000.0,60000000.0,Southern right whale,70.0
genus,Leiopython,1,0,0.6806,18.0,8133.5,8133.5,D'albert's python,18.0
genus,Gallinago,3,0,0.6801,9.2,122.0,174.5,Common snipe,18.2
genus,Leptonychotes,1,0,0.68,25.0,410833.0,410833.0,Weddell Seal,25.0
genus,Arvicanthis,7,0,0.6798,3.158,73.34,110.0,Sudanian Arvicanthis,6.7
genus,Microphysogobio,1,0,0.6794,3.0,12.3367,12.3367,Amur longnose gudgeon,3.0
genus,Petrogale,11,0,0.6784,13.0,1250.0,6465.8,Herbert's Rock-wallaby,14.4
genus,Spicara,3,0,0.6781,5.0,92.23,160.0,Picarel,7.0
genus,Ophiodon,1,0,0.678,20.0,32505.0,32505.0,Lingcod,20.0
genus,Moxostoma,7,0,0.6773,10.0,750.0,5940.0,River redhorse,12.0
genus,Allocareproctus,1,0,0.6773,8.0,730.0,730.0,Cherry snailfish,8.0
genus,Caprodon,1,0,0.6773,8.0,730.0,730.0,Pink maomao,8.0
genus,Harpadon,1,0,0.6764,7.0,422.1,422.1,Harpadon microchir,7.0
genus,Phanerodon,2,0,0.6763,9.0,513.699,2650.31,Pile perch,10.0
genus,Trachystoma,1,0,0.6759,14.0,7500.0,7500.0,Pinkeye mullet,14.0
genus,Konosirus,1,0,0.6757,5.0,105.0,105.0,Dotted gizzard shad,5.0
genus,Syngnathus,3,0,0.6748,3.0,5.88753,20.3,Black-striped pipefish,4.0
genus,Gerres,2,0,0.6744,8.5,788.5,1141.56,Strongspine silver-biddy,9.0
genus,Pholis,1,0,0.6742,5.0,105.982,105.982,Rock gunnel,5.0
genus,Rhea,1,0,0.6734,30.0,25000.0,25000.0,Greater rhea,30.0
genus,Ommatophoca,1,0,0.6717,21.0,197959.0,197959.0,Ross Seal,21.0
genus,Melanodryas,2,0,0.6713,7.15,21.575,26.6,Hooded robin,9.6
genus,Melomys,1,0,0.671,4.2,140.84,140.84,Obi Island Melomys,4.2
genus,Petroleuciscus,1,0,0.6709,8.0,759.397,759.397,Dnieper chub,8.0
genus,Delanymys,1,0,0.6705,2.0,4.99,4.99,Delany's Swamp Mouse,2.0
genus,Borostomias,1,0,0.6693,5.5,162.178,162.178,Panama snaggletooth,5.5
genus,Cynoglossus,3,0,0.6687,5.0,236.9,580.9,Cynoglossus robustus,11.0
genus,Mesoplodon,3,0,0.6678,30.0,900000.0,5600000.0,Gervais's beaked whale,48.0
genus,Ictinia,1,0,0.6673,11.2,266.0,266.0,Mississippi kite,11.2
genus,Arvicola,3,0,0.6671,5.0,97.5,120.0,Southwestern Water Vole,5.0
genus,Entomyzon,1,0,0.667,9.1,101.425,101.425,Blue-faced honeyeater,9.1
genus,Oreochromis,6,0,0.6665,10.5,600.0,4100.0,Three spotted tilapia,13.0
genus,Petronia,1,0,0.6656,7.0,30.2,30.2,Rock sparrow,7.0
genus,Sorex,42,0,0.6654,2.083,3.485,14.11,Valais Shrew,3.2
genus,Dasykaluta,1,0,0.6651,3.0,32.17,32.17,Little Red Kaluta,3.0
genus,Pseudocarcharias,1,0,0.6647,13.0,5910.0,5910.0,Crocodile shark,13.0
genus,Luxilus,4,0,0.6646,4.0,14.6004,170.788,Warpaint shiner,5.0
genus,Ginglymostoma,1,0,0.6629,25.0,90000.0,90000.0,Nurse shark,25.0
genus,Poiana,2,0,0.6629,5.658,570.08,570.08,Leighton's Linsang,5.65833
genus,Arctoraja,1,0,0.6628,17.0,18200.0,18200.0,Alaska skate,17.0
genus,Labeobarbus,1,0,0.6621,12.0,4310.35,4310.35,Smallmouth yellowfish,12.0
genus,Acontias,2,0,0.662,3.9,7.3,7.3,Linnaeus' Lance Skink,3.9
genus,Sigmodon,10,0,0.6619,5.2,55.7,185.0,Allen's Cotton Rat,5.2
genus,Mustelus,8,0,0.6618,14.5,3146.0,16940.0,Smooth-hound,24.0
genus,Hexagrammos,4,0,0.6618,9.5,555.313,2410.0,Kelp greenling,12.0
genus,Anthus,12,0,0.6611,5.417,18.4,27.5042,Meadow pipit,13.1
genus,Stenotomus,2,0,0.6603,11.0,359.481,1133.0,Scup,19.0
genus,Apostichopus,1,0,0.6599,12.0,400.0,400.0,California sea cucumber,12.0
genus,Betta,1,0,0.6596,2.0,2.59629,2.59629,Siamese fighting fish,2.0
genus,Leucosticte,4,0,0.659,6.6,24.0,35.7,Black rosy-finch,8.6
genus,Zeus,1,0,0.6588,12.0,4400.0,4400.0,European john dory,12.0
genus,Thylacinus,1,0,0.6581,13.0,25000.0,25000.0,Thylacine,13.0
genus,Campylorhynchus,1,0,0.6573,7.3,38.9,38.9,Cactus wren,7.3
genus,Tilapia,2,0,0.6569,7.0,165.0,1375.0,Redbreast tilapia,7.0
genus,Leptocottus,1,0,0.6555,10.0,2109.59,2109.59,Pacific staghorn sculpin,10.0
genus,Diagramma,1,0,0.6546,13.0,6300.0,6300.0,Painted sweetlips,13.0
genus,Geogale,1,0,0.6543,2.083,6.7,6.7,Large-eared Tenrec,2.08333
genus,Petromyzon,1,0,0.6541,9.0,1375.0,1375.0,Sea lamprey,9.0
genus,Butorides,3,0,0.653,11.6,175.0,202.5,Lava Heron,11.6
genus,Chiloglanis,1,0,0.6521,2.5,6.86561,6.86561,Pennant-tailed suckermouth,2.5
genus,Cratogeomys,2,0,0.6519,4.7,266.415,266.415,Yellow-faced Pocket Gopher,4.7
genus,Elseyornis,1,0,0.6517,6.917,31.5,31.5,Black-fronted Dotterel,6.91667
genus,Antilocapra,1,0,0.6511,15.0,50000.0,50000.0,Pronghorn,15.0
genus,Hydrochoerus,1,0,0.6511,15.0,50000.0,50000.0,Capybara,15.0
genus,Hydrochoeris,1,0,0.651,15.1,51572.5,51572.5,Capybara,15.1
genus,Rhinelepis,1,0,0.6492,10.0,2196.0,2196.0,Rhinelepis aspera,10.0
genus,Cavia,4,0,0.649,6.15,341.0,800.0,Guinea pig,14.8
genus,Ballerus,1,0,0.6489,10.0,2200.0,2200.0,Zope,10.0
genus,Squalidus,1,0,0.6477,4.0,49.6,49.6,Khanka gudgeon,4.0
genus,Arabibarbus,2,0,0.6476,12.0,337.436,30000.0,Shabout,17.0
genus,Oligoryzomys,3,0,0.6476,2.825,27.645,27.75,Tschudi's Colilargo,2.825
genus,Alcippe,2,0,0.6471,6.208,15.8,20.5,Nepal Fulvetta,7.41667
genus,Platyceps,1,0,0.6471,9.3,471.0,471.0,"Flowered Racer, Geoffroys' Racer",9.3
genus,Ninox,4,0,0.647,13.0,195.0,1324.93,Morepork,15.9
genus,Diaphus,4,0,0.6461,3.1,3.6,71.9056,California headlightfish,6.0
genus,Balearica,2,0,0.6448,20.1,3372.0,3590.0,Grey crowned crane,27.2
genus,Stelgidopteryx,2,0,0.6443,5.9,15.7,16.0,Southern rough-winged swallow,5.9
genus,Couesius,1,0,0.6436,5.0,128.469,128.469,Lake chub,5.0
genus,Aldrichetta,1,0,0.6424,7.0,522.5,522.5,Yellow-eye mullet,7.0
genus,Contusus,1,0,0.6419,7.0,524.362,524.362,Prickly toadfish,7.0
genus,Sandelia,1,0,0.6418,5.0,130.0,130.0,Rocky kurper,5.0
genus,Salvator,2,0,0.6416,13.45,1335.02,4700.0,Argentine Black and White Tegu,16.1
genus,Boreogadus,1,0,0.6409,7.0,527.849,527.849,Arctic cod,7.0
genus,Dorcopsulus,1,0,0.6408,7.9,2988.0,2988.0,"Macleay's dorcopsis, or Papuan mountain wallaby",7.9
genus,Mus,18,0,0.6397,3.954,7.2,60.315,Ryukyu Mouse,6.0
genus,Tetrao,1,0,0.6395,18.0,2950.0,2950.0,Western capercaillie,18.0
genus,Melilestes,1,0,0.6391,7.25,42.95,42.95,Long-billed Honeyeater,7.25
genus,Porichthys,1,0,0.638,7.0,537.676,537.676,Plainfin midshipman,7.0
genus,Cinclosoma,1,0,0.6375,8.083,72.1,72.1,Chestnut-backed Quail-thrush,8.08333
genus,Carcharhinus,17,0,0.6373,23.0,1831.0,190575.0,Dusky shark,35.0
genus,Mugil,2,0,0.6371,13.0,4400.0,9000.0,Striped mullet,16.0
genus,Barbus,7,0,0.6366,7.0,235.311,12000.0,Barbel,17.0
genus,Malacothrix,1,0,0.6363,2.492,17.02,17.02,Large-eared African Desert Mouse,2.49167
genus,Molothrus,4,0,0.6363,6.0,38.1,62.9,Brown-headed cowbird,16.9
genus,Lissachatina,1,0,0.6362,9.0,150.0,150.0,Giant African land snail,9.0
genus,Tephrodornis,2,0,0.6361,6.25,22.0,22.0,Sri Lanka Woodshrike,6.25
genus,Dalatias,1,0,0.6361,18.4,29965.7,29965.7,Kitefin shark,18.4
genus,Mastomys,4,0,0.6348,2.908,41.675,53.81,Reddish-white Mastomys,4.075
genus,Acridotheres,2,0,0.6344,9.542,113.5,116.5,Crested myna,13.0
genus,Colaptes,2,0,0.6343,9.417,111.0,120.0,Northern flicker,12.5
genus,Oligocottus,1,0,0.6339,3.0,16.4446,16.4446,Fluffy sculpin,3.0
genus,Oreocryptophis,1,0,0.633,11.6,1465.5,1465.5,"Black-banded Trinket Snake, Red Bamboo Snake",11.6
genus,Hypanus,2,0,0.6327,28.0,135630.0,225259.0,Southern stingray,28.0
genus,Marmosops,6,0,0.6326,3.496,21.0,49.385,Tschudi's Slender Opossum,4.5
genus,Pelea,1,0,0.6309,12.333,23865.7,23865.7,Vaal Rhebok,12.3333
genus,Toxostoma,7,0,0.6296,7.8,61.82,84.4,Brown thrasher,12.8
genus,Pennahia,1,0,0.6295,6.0,300.0,300.0,Silver croaker,6.0
genus,Tristramella,1,0,0.6293,6.0,300.469,300.469,Tvarnun simon,6.0
genus,Mazama,6,0,0.6289,15.95,14649.6,33000.0,Red brocket,17.1
genus,Nemipterus,4,0,0.6286,6.5,188.563,330.0,Yellowbelly threadfin bream,10.0
genus,Pyrocephalus,1,0,0.6281,5.5,12.87,12.87,Vermilion flycatcher,5.5
genus,Antechinus,9,0,0.6275,3.3,18.0,75.74,Brown antechinus,5.4
genus,Microcarbo,2,0,0.6275,12.717,542.875,750.0,Little pied cormorant,13.1
genus,Rhombosolea,3,0,0.6274,10.0,600.0,1479.25,"New Zealand sand flounder, or Dab",12.0
genus,Calothorax,1,0,0.6273,4.1,3.3,3.3,Lucifer hummingbird,4.1
genus,Nesoptilotis,1,0,0.627,6.25,23.525,23.525,White-eared Honeyeater,6.25
genus,Arachnothera,3,0,0.6268,5.5,13.0,13.0,Pale Spiderhunter,5.5
genus,Tinamus,1,0,0.6264,15.0,1390.5,1390.5,Solitary tinamou,15.0
genus,Pleuronichthys,1,0,0.6234,9.0,1678.42,1678.42,Diamond turbot,9.0
genus,Gonyosoma,1,0,0.6233,15.1,5399.0,5399.0,Red-tailed rat snake,15.1
genus,Neoscorpis,1,0,0.6233,10.0,2600.0,2600.0,Stone-bream,10.0
genus,Burhinus,3,0,0.6231,17.9,459.0,667.967,Indian Stone-curlew,17.9
genus,Sagittarius,1,0,0.6224,18.6,3900.0,3900.0,Secretarybird,18.6
genus,Semotilus,2,0,0.6221,7.0,203.423,1610.0,Creek chub,8.0
genus,Pelecanoides,1,0,0.6213,9.0,134.0,134.0,Common Diving Petrel,9.0
genus,Chelon,4,0,0.6213,9.0,1065.92,2900.0,Thicklipped mullet,25.0
genus,Atherina,2,0,0.6209,4.0,58.5022,59.7315,Big-scale sand smelt,4.0
genus,Bandicota,1,0,0.6208,4.2,200.0,200.0,Greater Bandicoot Rat,4.2
genus,Buteogallus,2,0,0.6206,13.5,837.0,945.0,Common black hawk,13.5
genus,Plectrophenax,2,0,0.6201,7.5,41.8,42.0,Snow bunting,10.2
genus,Dendragapus,2,0,0.6199,14.0,1058.5,1059.0,Sooty Grouse,14.0
genus,Cyornis,3,0,0.6199,5.833,18.0,18.0,Tanahjampea Blue Flycatcher,5.83333
genus,Upeneus,2,0,0.6194,4.8,90.0,178.384,Goldband goatfish,5.0
genus,Natrix,2,0,0.6194,11.35,96.25,384.0,European grass snake,20.0
genus,Brachyramphus,2,0,0.6185,10.0,222.0,225.0,Marbled murrelet,10.0
genus,Lamna,2,0,0.6184,25.0,96250.0,126500.0,Porbeagle,30.0
genus,Cabassous,2,0,0.6182,8.108,3810.0,3987.97,Northern Naked-tailed Armadillo,8.73333
genus,Salmo,7,0,0.6177,12.0,685.0,50000.0,Salmo ferox,23.0
genus,Clelia,2,0,0.6169,11.5,1587.0,1587.0,Mussarana,11.5
genus,Bajacalifornia,1,0,0.6169,4.0,60.7123,60.7123,Sharpchin slickhead,4.0
genus,Palmoliparis,1,0,0.6163,8.0,1080.0,1080.0,Gloved snailfish,8.0
genus,Chlamydotis,2,0,0.6161,15.0,1502.5,1502.5,Macqueen's Bustard,15.0
genus,Gila,4,0,0.6157,7.0,347.096,1036.92,Utah chub,12.0
genus,Ctenophorus,4,0,0.6155,3.496,3.685,21.45,"Ornate Crevice-dragon, Ornate Dragon",10.9833
genus,Xenochrophis,3,0,0.6151,9.0,512.0,512.0,Andaman Keelback,9.0
genus,Rhombomys,1,0,0.6149,4.5,285.0,285.0,Great gerbil,4.5
genus,Phycis,2,0,0.6144,12.5,1947.0,3910.0,Greater forkbeard,20.0
genus,Clinocottus,1,0,0.6142,5.0,156.014,156.014,Mosshead sculpin,5.0
genus,Lagopus,3,0,0.6139,11.7,326.0,595.875,White-tailed ptarmigan,15.0
genus,Pycnoptilus,1,0,0.6129,6.5,31.4,31.4,Pilotbird,6.5
genus,Bos,5,0,0.6125,26.3,667000.0,825000.0,Domestic cattle,30.0
genus,Luciobarbus,6,0,0.6112,12.5,919.283,11600.0,Andalusian barbel,18.0
genus,Stephanoaetus,1,0,0.6111,18.0,3643.75,3643.75,Crowned Eagle,18.0
genus,Dicrurus,5,0,0.6107,7.917,79.1833,82.25,Wallacean Drongo,7.91667
genus,Dolichotis,2,0,0.6096,9.246,1610.3,9000.0,Patagonian mara,14.0
genus,Tlacuatzin,1,0,0.6094,3.0,47.73,47.73,Gray Mouse Opossum,3.0
genus,Anthobaphes,1,0,0.6088,5.0,9.55,9.55,Orange-breasted Sunbird,5.0
genus,Oxyuranus,2,0,0.6084,15.6,6107.0,8110.5,"Fierce Snake, Inland Taipan",15.6
genus,Cirrhinus,2,0,0.6083,17.5,11250.0,25000.0,Mud carp,26.0
genus,Bartramia,1,0,0.6077,8.9,141.0,141.0,Upland sandpiper,8.9
genus,Acanthocercus,1,0,0.6077,6.0,81.495,81.495,"Black-necked agama, or Plains agama",6.0
genus,Lepus,21,0,0.6056,8.9,1565.61,4175.0,Arctic Hare,18.0
genus,Pogonomys,1,0,0.6054,3.1,57.0,57.0,"Chestnut pogonomys, or Long-tailed tree mouse",3.1
genus,Ningaui,3,0,0.6048,2.0,7.885,11.55,Wongai Ningaui,2.24167
genus,Gonionotophis,3,0,0.6045,10.9,1359.0,1359.0,capensis: Cape File Snake,10.9
genus,Sardinella,8,0,0.6034,4.3,35.04,927.0,Round sardinella,7.0
genus,Nelusetta,1,0,0.6031,9.0,1925.0,1925.0,Chinaman-leatherjacket,9.0
genus,Lenothrix,1,0,0.6026,3.825,150.0,150.0,Sundaic Lenothrix,3.825
genus,Euroscaptor,5,0,0.6013,3.0,25.05,60.46,Kloss's Mole,3.0
genus,Copsychus,6,0,0.6004,6.458,18.2333,36.75,Andaman Shama,7.0
genus,Saurida,3,0,0.6001,7.0,334.0,2565.9,Brushtooth lizardfish,8.0
genus,Eoglaucomys,1,0,0.5994,4.992,510.0,510.0,Kashmir Flying Squirrel,4.99167
genus,Notomys,5,0,0.5964,4.242,34.2,52.0,Spinifex hopping mouse,6.4
genus,Bipes,1,0,0.5959,3.3,5.47,5.47,Five-toed Worm Lizard,3.3
genus,Pollachius,2,0,0.5954,16.5,9955.0,17600.0,Pollock,25.0
genus,Tropiocolotes,2,0,0.5951,1.8,0.3,0.35,-999,1.8
genus,Megadyptes,1,0,0.5936,19.0,5365.0,5365.0,Yellow-eyed Penguin,19.0
genus,Cyclopterus,1,0,0.5929,13.0,9500.0,9500.0,Lumpfish,13.0
genus,Mogera,3,0,0.5898,3.5,81.205,115.18,Small Japanese Mole,3.5
genus,Crystallaria,1,0,0.5895,3.0,22.2256,22.2256,Crystal darter,3.0
genus,Thyrsites,1,0,0.5885,10.0,3300.0,3300.0,Atun,10.0
genus,Alestes,2,0,0.5881,6.5,500.0,600.0,Characin,7.0
genus,Aechmophorus,2,0,0.5871,14.0,1259.62,1475.5,Clark's Grebe,14.0
genus,Aspius,1,0,0.587,11.0,4950.0,4950.0,Asp,11.0
genus,Manouria,1,0,0.5868,19.9,26000.0,26000.0,"Asian brown tortoise, or East Indian upland tortoise",19.9
genus,Philesturnus,2,0,0.5866,7.5,74.95,74.95,South Island Saddleback,7.5
genus,Trygonorrhina,1,0,0.5849,15.0,18187.4,18187.4,Southern fiddler ray,15.0
genus,Lullula,1,0,0.5848,6.0,26.9,26.9,Wood lark,6.0
genus,Scophthalmus,3,0,0.584,7.0,940.044,13750.0,Turbot,26.0
genus,Tadorna,4,0,0.5837,12.133,1152.0,1415.0,Common shelduck,24.8
genus,Saurothera,1,0,0.5832,7.6,81.9,81.9,Puerto Rican lizard cuckoo,7.6
genus,Galeus,1,0,0.5819,8.0,1370.0,1370.0,Blackmouth catshark,8.0
genus,Leptotila,1,0,0.5816,8.6,147.5,147.5,White-tipped dove,8.6
genus,Bostrychia,2,0,0.5812,14.0,1238.0,1500.0,Hadada ibis,16.0
genus,Lepidomeda,1,0,0.5797,3.0,23.8275,23.8275,Virgin spinedace,3.0
genus,Hypophthalmichthys,2,0,0.5797,20.0,50000.0,77500.0,Silver carp,20.0
genus,Taurotragus,2,0,0.5793,23.2,500000.0,680000.0,Eland,26.1
genus,Colomys,1,0,0.5782,3.0,60.5,60.5,African Wading Rat,3.0
genus,Nilopegamys,1,0,0.5782,3.0,60.5,60.5,Ethiopian Amphibious Rat,3.0
genus,Pezoporus,1,0,0.5775,7.4,75.7,75.7,Ground parrot,7.4
genus,Hypomesus,4,0,0.5775,5.0,9.795,188.465,Hypomesus japonicus,8.0
genus,Belone,1,0,0.5771,8.0,1418.0,1418.0,Garfish,8.0
genus,Flavocaranx,1,0,0.5771,8.0,1418.6,1418.6,Orangespotted trevally,8.0
genus,Orthriophis,1,0,0.5767,11.6,2265.0,2265.0,Beauty Snake (friesei: Taiwan Beauty Snake; schmackeri: Sakishima Beauty Snake; callicyanous: Blue Beauty Ratsnake),11.6
genus,Scapanus,2,0,0.5759,3.0,61.0,62.13,Broad-footed Mole,3.0
genus,Storeria,4,0,0.5755,5.8,26.0,45.0,Brown snake,7.0
genus,Argyrops,3,0,0.575,10.0,4023.25,6046.32,King soldierbream,25.0
genus,Pristis,4,0,0.575,32.0,210089.0,2876980.0,Common sawfish,44.0
genus,Tarsipes,1,0,0.5747,2.0,10.0,10.0,Honey possum,2.0
genus,Hylochoerus,1,0,0.5742,18.0,200315.0,200315.0,Giant Forest Hog,18.0
genus,Medialuna,1,0,0.5742,8.0,1448.68,1448.68,Halfmoon,8.0
genus,Coracina,2,0,0.573,7.6,58.5,115.133,Black-faced cuckooshrike,9.0
genus,Erimyzon,2,0,0.5718,7.0,802.565,820.962,Lake chubsucker,8.0
genus,Paralichthys,4,0,0.5713,10.0,5131.5,18150.0,California halibut,30.0
genus,Monodelphis,8,0,0.571,3.954,35.0,100.0,Marajo Short-tailed Opossum,6.0
genus,Chamaeleo,3,0,0.57,4.0,22.31,150.0,Veiled chameleon,9.0
genus,Casuarius,3,0,0.5698,26.0,35000.0,47300.0,Southern cassowary,40.0
genus,Coptodon,2,0,0.5688,7.0,300.0,2500.0,Redbreast tilapia,7.0
genus,Morone,4,0,0.5686,8.0,1210.0,31350.0,Striped bass,30.0
genus,Rattus,15,0,0.5673,4.2,60.315,300.0,Bush rat,5.3
genus,Macroprotodon,3,0,0.5672,5.9,104.0,104.0,"Western False Smooth Snake, Iberian False Smooth Snake",5.9
genus,Callipepla,2,0,0.5668,8.5,138.0,166.0,California quail,9.6
genus,Salanoia,1,0,0.566,5.075,711.49,711.49,Brown-tailed Mongoose,5.075
genus,Bonasa,1,0,0.5647,11.0,532.0,532.0,Ruffed grouse,11.0
genus,Lepidocolaptes,2,0,0.5647,6.083,32.6,35.0,Spot-crowned Woodcreeper,6.08333
genus,Spalax,7,0,0.5643,2.0,160.0,470.0,Palestine mole rat,20.2
genus,Hemiergis,2,0,0.5638,2.4,1.6,1.6,Three-toed Earless Skink,2.4
genus,Ceratoscopelus,1,0,0.5628,2.0,5.01271,5.01271,Madeira lantern fish,2.0
genus,Ptilocercus,1,0,0.5628,2.7,42.5,42.5,Pen-tailed Treeshrew,2.7
genus,Furgaleus,1,0,0.5627,11.5,7095.0,7095.0,Whiskery skark,11.5
genus,Chanodichthys,1,0,0.5618,10.0,4000.0,4000.0,Mongolian redfin,10.0
genus,Tarphops,1,0,0.5606,2.0,5.09588,5.09588,Tarphops oligolepis,2.0
genus,Rallus,3,0,0.5603,8.9,111.5,308.0,Brown-cheeked Rail,8.91667
genus,Serranochromis,3,0,0.5599,6.0,550.0,1375.0,Thinface cichlid,9.0
genus,Retropinna,1,0,0.5597,2.0,5.12861,5.12861,Australian smelt,2.0
genus,Makaira,2,0,0.5595,28.0,93500.0,906000.0,Indo-Pacific blue marlin,28.0
genus,Beamys,1,0,0.5591,3.158,88.735,88.735,Hinde's Pouched Rat,3.15833
genus,Wattsia,1,0,0.559,9.0,2639.21,2639.21,Mozambique large-eye bream,9.0
genus,Boleophthalmus,1,0,0.5589,4.0,91.4,91.4,Great blue spotted mudskipper,4.0
genus,Sparidentex,1,0,0.5582,11.0,6100.0,6100.0,Sobaity seabream,11.0
genus,Synthliboramphus,4,0,0.5581,10.0,167.0,206.0,Xantus' murrelet,15.0
genus,Stagonopleura,3,0,0.5566,5.2,13.0,17.6,Diamond firetail,5.4
genus,Hyperoodon,2,0,0.5562,37.0,5440000.0,6500000.0,Northern bottlenose whale,37.0
genus,Pseudechis,2,0,0.5559,11.35,722.0,8144.0,"Australian black snake, or Australian purplish death adder",11.6
genus,Myosorex,2,0,0.5542,2.1,12.3,17.5,Dark-footed Mouse Shrew,2.1
genus,Dendroaspis,2,0,0.5539,19.65,19310.0,30758.0,Black mamba,26.2
genus,Saiga,2,0,0.5536,12.0,37992.0,37992.0,Mongolian Saiga,12.0
genus,Hemibelideus,1,0,0.5536,5.4,1040.0,1040.0,Lemuroid ringtail possum,5.4
genus,Ctenotus,4,0,0.5532,2.6,3.5,20.3,Western Limestone Ctenotus,8.9
genus,Macroramphosus,2,0,0.553,4.0,41.2998,67.05,Longspine snipefish,6.0
genus,Parahucho,1,0,0.553,16.0,30000.0,30000.0,Japanese huchen,16.0
genus,Synaptomys,1,0,0.5529,2.5,32.53,32.53,Southern Bog Lemming,2.5
genus,Oxymycterus,7,0,0.5525,3.075,82.01,83.755,Atlantic Forest Hocicudo,3.075
genus,Ochotona,20,0,0.5517,3.575,68.75,336.26,Northern pika,9.4
genus,Oryzias,1,0,0.5517,1.0,0.307291,0.307291,Oryzias sinensis,1.0
genus,Tachyoryctes,2,0,0.5517,3.742,202.25,202.25,Kenyan African Mole Rat,3.74167
genus,Psittiparus,2,0,0.5515,5.75,29.0,29.0,Grey-headed Parrotbill,5.75
genus,Trachinotus,2,0,0.551,15.0,3760.0,36000.0,Permit,23.0
genus,Nerodia,5,0,0.549,9.6,308.0,2153.0,Plainbelly water snake,14.8
genus,Heliophobius,1,0,0.5484,3.1,89.0,89.0,Silvery Mole-rat,3.1
genus,Aplodinotus,1,0,0.5467,13.0,13292.5,13292.5,Freshwater drum,13.0
genus,Cannomys,1,0,0.5462,4.8,650.0,650.0,Lesser bamboo rat,4.8
genus,Careproctus,3,0,0.5447,7.0,500.0,1700.0,Blacktail snailfish,8.0
genus,Wyulda,1,0,0.5447,6.0,1799.21,1799.21,Scaly-tailed Possum,6.0
genus,Lestodelphys,1,0,0.5445,2.992,78.27,78.27,Patagonian Opossum,2.99167
genus,Tanysiptera,3,0,0.5444,5.583,49.725,60.0,Buff-breasted paradise kingfisher,9.0
genus,Dasyurus,6,0,0.5442,6.05,525.0,5500.0,"Tiger quoll, or Australian tiger cat",6.8
genus,Priacanthus,1,0,0.544,6.1,588.479,588.479,Red bigeye,6.1
genus,Tautogolabrus,1,0,0.5439,6.0,550.0,550.0,Cunner,6.0
genus,Darevskia,7,0,0.5438,3.0,2.1,7.93,-999,3.0
genus,Krefftichthys,1,0,0.5431,2.0,5.81341,5.81341,Rhombic lanternfish,2.0
genus,Garrulax,1,0,0.543,8.0,145.0,145.0,Greater Necklaced Laughingthrush,8.0
genus,Microgale,6,0,0.5429,1.996,12.2,50.0,Talazac's shrew tenrec,5.8
genus,Brama,2,0,0.5426,9.0,2700.0,3300.0,Atlantic pomfret,9.0
genus,Gerbilliscus,5,0,0.5421,5.0,74.8,133.8,Cape gerbil,5.7
genus,Microdipodops,2,0,0.542,3.083,13.405,13.55,Dark Kangaroo Mouse,5.41667
genus,Circaetus,4,0,0.5418,17.3,1699.5,2048.0,Beaudouin's Snake Eagle,17.3
genus,Gavicalis,1,0,0.5411,5.417,24.0,24.0,Singing Honeyeater,5.41667
genus,Benthosema,3,0,0.5409,1.0,0.6,21.7243,Glacier lanterfish,8.0
genus,Hyperprosopon,3,0,0.5403,6.0,122.502,464.569,Silver surfperch,7.0
genus,Thaleichthys,1,0,0.54,5.0,265.943,265.943,Eulachon,5.0
genus,Scorpaenichthys,1,0,0.5399,13.0,14000.0,14000.0,Cabezon,13.0
genus,Allocricetulus,1,0,0.5395,2.408,30.7,30.7,Mongolian Hamster,2.40833
genus,Cricetulus,1,0,0.5395,2.408,30.7,30.7,Gray Dwarf Hamster,2.40833
genus,Brachylagus,1,0,0.5391,4.325,431.19,431.19,Pygmy Rabbit,4.325
genus,Lyrurus,1,0,0.538,12.2,1079.0,1079.0,Eurasian black grouse,12.2
genus,Dicrostonyx,8,0,0.5379,3.3,57.0,67.885,Palearctic Collared Lemming,3.8
genus,Harpia,1,0,0.5376,16.8,4800.0,4800.0,Harpy eagle,16.8
genus,Aimophila,1,0,0.5369,5.1,18.8,18.8,Rufous-crowned sparrow,5.1
genus,Trigla,1,0,0.5369,7.0,1100.0,1100.0,Lyre gurnard,7.0
genus,Fundulus,5,0,0.5346,3.0,5.28196,69.058,Mummichog,4.0
genus,Paracapoeta,2,0,0.5336,6.5,360.0,1865.79,Paracapoeta trutta,7.0
genus,Lagenodelphis,1,0,0.5336,16.0,164000.0,164000.0,Fraser's Dolphin,16.0
genus,Mayaheros,1,0,0.5334,7.0,1130.0,1130.0,Mexican mojarra,7.0
genus,Lavinia,1,0,0.5317,6.0,604.171,604.171,Hitch,6.0
genus,Etrumeus,2,0,0.5311,4.0,90.0,108.5,Etrumeus golanii,5.0
genus,Cetorhinus,1,0,0.5311,50.0,4000000.0,4000000.0,Basking shark,50.0
genus,Amphispiza,2,0,0.5309,5.0,13.5,20.0,Black-throated sparrow,6.0
genus,Caspiomyzon,1,0,0.5307,4.0,113.3,113.3,Volga lamprey,4.0
genus,Cubiceps,2,0,0.5295,4.0,88.5467,147.895,Blue fathead,4.0
genus,Proechimys,20,0,0.5293,3.5,280.75,500.0,Guaira Spiny-rat,7.0
genus,Microeca,2,0,0.5286,4.7,12.0,14.7583,Jacky winter,5.3
genus,Opheodrys,2,0,0.528,6.65,104.0,601.0,Rough greensnake,7.2
genus,Tomistoma,1,0,0.5259,24.7,119000.0,119000.0,False gharial,24.7
genus,Ixobrychus,3,0,0.5248,6.917,101.0,105.5,Little bittern,7.8
genus,Brachyalestes,1,0,0.5246,5.0,300.0,300.0,Spot-tail,5.0
genus,Spilopelia,2,0,0.5245,7.775,101.0,159.0,Spotted Dove,9.8
genus,Monarcha,1,0,0.5242,5.2,23.0,23.0,Black-faced monarch,5.2
genus,Bradypodion,8,0,0.5241,3.4,11.29,11.98,Transkei Dwarf Chameleon,3.4
genus,Pardalotus,3,0,0.5238,4.0,8.875,11.775,Striated pardalote,6.0
genus,Brachymystax,1,0,0.5229,11.0,8000.0,8000.0,Lenok,11.0
genus,Hucho,2,0,0.5226,15.5,28600.0,38500.0,Taimen,16.0
genus,Cetengraulis,1,0,0.5224,4.0,121.025,121.025,Anchoveta,4.0
genus,Lythrurus,2,0,0.5221,2.0,3.27487,4.33851,Redfin shiner,3.0
genus,Porzana,2,0,0.522,6.583,54.75,87.1,Spotted Crake,7.16667
genus,Sarcophilus,1,0,0.5215,8.0,8000.0,8000.0,Tasmanian devil,8.0
genus,Centrarchus,1,0,0.5213,5.0,308.0,308.0,Flier,5.0
genus,Tchagra,1,0,0.5194,6.083,49.85,49.85,Black-crowned Tchagra,6.08333
genus,Oxyjulis,1,0,0.5193,4.0,124.026,124.026,Señorita,4.0
genus,Alopias,3,0,0.519,29.0,200090.0,1120960.0,Thresher,38.0
genus,Chrysochloris,2,0,0.5182,2.408,36.72,36.93,Cape Golden Mole,2.40833
genus,Merops,3,0,0.5181,5.9,29.5,56.6,White-fronted bee-eater,7.0
genus,Nocomis,4,0,0.5181,4.5,126.057,409.108,River chub,5.0
genus,Minytrema,1,0,0.5174,6.0,676.5,676.5,Spotted sucker,6.0
genus,Aegotheles,1,0,0.5171,5.9,44.125,44.125,Australian owlet-nightjar,5.9
genus,Arapaima,1,0,0.517,20.0,100000.0,100000.0,Arapaima,20.0
genus,Boiga,3,0,0.5158,13.1,4748.0,8324.0,"Gold-ringed cat snake, or Mangrove snake",17.0
genus,Negaprion,1,0,0.5158,20.0,101035.0,101035.0,Lemon shark,20.0
genus,Lates,6,0,0.5154,13.0,1064.0,110000.0,Barramundi,35.0
genus,Xema,1,0,0.5148,8.083,195.0,195.0,Sabine's Gull,8.08333
genus,Bothus,1,0,0.5132,6.0,700.0,700.0,Wide-eyed flounder,6.0
genus,Sparisoma,7,0,0.5125,7.0,234.226,2662.44,Strigate parrotfish,10.0
genus,Galea,2,0,0.5114,4.05,337.9,450.0,Spix's yellow-toothed cavy,4.6
genus,Promethichthys,1,0,0.5111,11.0,8795.51,8795.51,Roudi escolar,11.0
genus,Brachylophus,1,0,0.5104,5.9,170.175,170.175,Fiji banded iguana,5.9
genus,Orectolobus,3,0,0.5104,22.0,126972.0,254723.0,Spotted wobbegong,27.0
genus,Periplaneta,1,0,0.51,2.0,1.0,1.0,American cockroach,2.0
genus,Microtus,25,0,0.5096,2.167,17.8,72.825,Prairie vole,5.3
genus,Syma,1,0,0.5084,5.7,40.65,40.65,Yellow-billed kingfisher,5.7
genus,Melanotaenia,2,0,0.5083,3.5,30.0863,185.21,Murray River rainbowfish,4.0
genus,Chaetodipterus,1,0,0.5082,11.0,9000.0,9000.0,Atlantic spadefish,11.0
genus,Sphyrna,4,0,0.5078,25.5,5940.0,449500.0,Scalloped hammerhead,35.0
genus,Porphyrio,5,0,0.5076,12.0,236.0,2475.0,African Swamphen,22.0
genus,Blastocerus,1,0,0.5071,13.7,102500.0,102500.0,Marsh Deer,13.7
genus,Hyperoglyphe,1,0,0.5066,15.0,33000.0,33000.0,Antarctic butterfish,15.0
genus,Kaupifalco,1,0,0.5066,8.6,280.5,280.5,Lizard buzzard,8.6
genus,Plicofollis,1,0,0.5066,7.0,1400.0,1400.0,Blacktip sea catfish,7.0
genus,Rhizoprionodon,3,0,0.5051,8.0,2149.72,3987.5,Atlantic sharpnose shark,10.2
genus,Dracaena,1,0,0.505,9.3,1500.0,1500.0,Guyana caiman lizard,9.3
genus,Dasypus,3,0,0.5045,15.0,1475.0,9926.42,Seven-banded armadillo,16.8
genus,Eleginops,1,0,0.5038,11.0,9332.15,9332.15,Patagonian blennie,11.0
genus,Causus,1,0,0.5029,6.6,308.0,308.0,Cape viper,6.6
genus,Culaea,1,0,0.5025,2.0,8.02278,8.02278,Brook stickleback,2.0
genus,Sparus,1,0,0.5022,11.0,9460.0,9460.0,Gilthead seabream,11.0
genus,Prionace,1,0,0.5018,20.0,113245.0,113245.0,Blue shark,20.0
genus,Trisopterus,3,0,0.5015,5.0,118.0,1058.15,Poor cod,6.0
genus,Mergellus,1,0,0.4985,10.0,610.0,610.0,Smew,10.0
genus,Archoplites,1,0,0.4981,6.0,792.0,792.0,Sacramento perch,6.0
genus,Chrysospalax,1,0,0.4978,4.0,434.04,434.04,Giant Golden Mole,4.0
genus,Geococcyx,1,0,0.4978,9.0,376.0,376.0,Greater roadrunner,9.0
genus,Lagodon,1,0,0.4974,7.0,1510.0,1510.0,Pinfish,7.0
genus,Dendrocygna,3,0,0.497,11.2,610.0,828.0,White-faced whistling duck,12.0
genus,Eulamprus,1,0,0.4954,3.0,8.3,8.3,"Alpine Meadow-skink, Alpine Water Skink",3.0
genus,Menidia,3,0,0.4952,2.0,6.24301,23.6658,Waccamaw silverside,3.0
genus,Xeromys,1,0,0.4951,2.408,45.2,45.2,False Water Rat,2.40833
genus,Mobula,3,0,0.4945,31.0,33619.0,1500000.0,Giant manta ray,45.0
genus,Prionotus,1,0,0.4943,7.0,1550.0,1550.0,Striped searobin,7.0
genus,Pseudochondrostoma,1,0,0.4931,7.0,1565.86,1565.86,Iberian nase,7.0
genus,Acanthodactylus,10,0,0.4924,2.9,5.58,18.15,Bedriaga's Fringe-fingered Lizard,4.0
genus,Manis,7,0,0.4922,6.075,2089.99,32999.8,Indian Pangolin,20.0
genus,Rachycentron,1,0,0.4916,15.0,37400.0,37400.0,Cobia,15.0
genus,Archosargus,2,0,0.4907,11.0,550.0,2000.0,Sheepshead,20.0
genus,Calcarius,3,0,0.4894,5.0,20.125,28.35,Lapland longspur,6.0
genus,Gadiculus,1,0,0.4873,3.0,48.98,48.98,Silvery pout,3.0
genus,Brachyplatystoma,1,0,0.4872,15.0,38800.0,38800.0,Zungaro dorado,15.0
genus,Anax,1,0,0.4867,2.0,1.2,1.2,Emperor dragonfly,2.0
genus,Sphyrapicus,3,0,0.4862,4.9,45.0,55.0,Yellow-bellied sapsucker,7.8
genus,Parupeneus,1,0,0.486,6.0,877.0,877.0,Cinnabar goatfish,6.0
genus,Chionomys,1,0,0.4858,2.325,42.01,42.01,European Snow Vole,2.325
genus,Arborophila,1,0,0.4856,8.5,323.5,323.5,Rufous-throated Partridge,8.5
genus,Psammophis,10,0,0.4854,10.3,1687.0,2381.0,Short-snouted Grass Snake,10.3
genus,Rhinoclemmys,3,0,0.4844,5.8,731.5,2700.0,Furrowed wood turtle,19.3
genus,Ameiva,3,0,0.4843,4.6,68.0,68.0,Giant ameiva,4.6
genus,Glaucidium,1,0,0.4831,6.0,65.5,65.5,Eurasian pygmy-owl,6.0
genus,Urobatis,2,0,0.4827,9.0,1360.0,3740.14,Haller's round ray,14.0
genus,Myopus,1,0,0.4826,2.083,26.4,26.4,Wood Lemming,2.08333
genus,Caenorhabditis,1,0,0.4822,0.055,1e-06,1e-06,Nematode,0.055
genus,Eurocephalus,1,0,0.4821,5.667,50.65,50.65,Northern White-crowned Shrike,5.66667
genus,Brycinus,2,0,0.482,5.0,165.0,1100.0,Spot-tail,5.0
genus,Periparus,3,0,0.4819,9.5,9.2,12.6,Coal tit,9.5
genus,Cynoscion,7,0,0.4817,9.0,594.937,8850.0,Spotted seatrout,18.0
genus,Eretmochelys,1,0,0.4816,20.0,67000.0,67000.0,-999,20.0
genus,Petinomys,4,0,0.4809,4.575,49.99,712.0,Arrow Flying Squirrel,5.74167
genus,Sargochromis,3,0,0.4807,7.0,1000.0,1595.0,Green happy,7.0
genus,Gambusia,2,0,0.4799,2.0,3.75973,7.60076,Mosquitofish,3.0
genus,Amatitlania,1,0,0.4788,3.0,52.6829,52.6829,Convict cichlid,3.0
genus,Eremitalpa,1,0,0.4786,2.0,22.8,22.8,Grant's Golden Mole,2.0
genus,Paraxerus,5,0,0.478,3.242,70.24,295.0,Smith's Bush Squirrel,9.56667
genus,Mirounga,2,0,0.4776,24.0,1400000.0,2000000.0,Northern elephant seal,25.0
genus,Oporornis,1,0,0.4776,4.34,15.3,15.3,Connecticut Warbler,4.34
genus,Toxicodryas,1,0,0.4774,12.6,8055.0,8055.0,Blandings Tree Snake,12.6
genus,Coccyzus,3,0,0.4771,5.0,37.5,83.95,Puerto Rican Lizard Cuckoo,7.58333
genus,Exoglossum,2,0,0.4764,3.0,42.1315,42.1315,Tonguetied minnow,4.0
genus,Psammomys,2,0,0.4762,3.2,177.33,212.0,Fat sand rat,3.2
genus,Stipiturus,1,0,0.4742,3.7,7.525,7.525,Southern emu-wren,3.7
genus,Enteromius,4,0,0.4737,5.0,17.0959,15509.8,Papermouth,8.5
genus,Archaeolacerta,1,0,0.4731,3.0,10.3,10.3,Bedriaga's Rock Lizard,3.0
genus,Oplegnathus,2,0,0.4716,10.0,4489.88,15214.9,Cape knifejaw,10.0
genus,Ponticola,1,0,0.469,4.0,189.237,189.237,Syrman goby,4.0
genus,Psalidodon,1,0,0.4686,3.5,109.1,109.1,Banded astyanax,3.5
genus,Labidesthes,1,0,0.467,2.0,10.874,10.874,Brook silverside,2.0
genus,Alectura,1,0,0.4668,12.5,2340.0,2340.0,"Australian brushturkey, or Brush turkey",12.5
genus,Bagrus,3,0,0.4661,17.0,6875.0,46000.0,African catfish,17.0
genus,Siganus,4,0,0.4654,6.5,183.1,2353.63,White-spotted spinefoot,7.8
genus,Lagorchestes,4,0,0.4649,7.725,1310.0,3000.0,Rufous hare-wallaby,13.2
genus,Cisticola,1,0,0.4641,3.6,7.325,7.325,Golden-headed cisticola,3.6
genus,Golunda,1,0,0.4637,2.408,60.73,60.73,Indian Bush Rat,2.40833
genus,Rhinoptera,2,0,0.4636,13.125,22800.0,28692.6,Cownose ray,15.5
genus,Chloroceryle,1,0,0.4635,5.0,34.0,34.0,Green kingfisher,5.0
genus,Katsuwonus,1,0,0.4632,12.0,18975.0,18975.0,Skipjack tuna,12.0
genus,Tor,1,0,0.462,10.0,9000.0,9000.0,Tor barb,10.0
genus,Takifugu,1,0,0.4614,9.0,5848.21,5848.21,Japanese pufferfish,9.0
genus,Spirinchus,2,0,0.4608,3.0,49.4612,77.033,Night smelt,3.0
genus,Butastur,1,0,0.4603,8.5,415.0,415.0,Grey-faced buzzard,8.5
genus,Kogia,1,0,0.4591,17.0,424600.0,424600.0,Pygmy sperm whale,17.0
genus,Petrocephalus,1,0,0.457,2.5,30.0,30.0,Petrocephalus bovei,2.5
genus,Cyclothone,1,0,0.4563,1.0,0.675148,0.675148,Brauer's bristlemouth,1.0
genus,Bunolagus,1,0,0.456,4.825,1500.01,1500.01,Riverine Rabbit,4.825
genus,Simalia,2,0,0.4544,16.95,5675.0,245988.0,Boelen's python,20.1
genus,Ptychocheilus,3,0,0.4526,11.0,4080.0,36290.0,Colorado pikeminnow,12.0
genus,Oreonax,1,0,0.4524,6.983,8229.12,8229.12,Yellow-tailed Woolly Monkey,6.98333
genus,Ortalis,3,0,0.4518,8.833,495.5,561.5,White-bellied Chachalaca,8.83333
genus,Arses,1,0,0.4514,4.0,13.6,13.6,Pied monarch,4.0
genus,Coturnix,5,0,0.4506,5.0,45.0,107.5,Common quail,14.6
genus,Pitta,1,0,0.4504,6.0,90.75,90.75,Noisy pitta,6.0
genus,Saccostomus,2,0,0.4502,2.833,47.4,64.91,Pouched mouse,4.5
genus,Heterodontus,2,0,0.4494,12.0,16294.2,28366.6,Horn shark,12.0
genus,Calamospiza,1,0,0.449,4.8,32.6,32.6,Lark bunting,4.8
genus,Zamenis,3,0,0.4487,3.9,302.2,3113.0,"Leopard Snakes, European Ratsnake",23.0
genus,Spiza,1,0,0.4478,4.8,33.0,33.0,Dickcissel,4.8
genus,Neogobius,3,0,0.4472,4.0,153.477,381.42,Monkey goby,5.0
genus,Leucaspius,1,0,0.4465,2.0,13.0944,13.0944,Belica,2.0
genus,Rupicola,1,0,0.4458,7.0,195.0,195.0,Guianan cock-of-the-rock,7.0
genus,Ptyas,1,0,0.4429,11.3,6874.0,6874.0,"Dhaman, Oriental Ratsnake",11.3
genus,Pavo,2,0,0.4428,15.5,4256.25,4500.0,Indian peafowl,23.0
genus,Meleagris,1,0,0.4426,15.0,7000.0,7000.0,Wild turkey,15.0
genus,Caspiosoma,1,0,0.4425,1.0,0.767289,0.767289,Caspian naked goby,1.0
genus,Scomberoides,1,0,0.4424,11.0,16000.0,16000.0,Talang queenfish,11.0
genus,Loxodon,1,0,0.4423,8.9,6652.37,6652.37,Sliteye shark,8.9
genus,Zaprora,1,0,0.4418,9.0,7000.0,7000.0,Prowfish,9.0
genus,Nilssonia,1,0,0.4415,14.0,19000.0,19000.0,Ganges Soft-shelled Turtle,14.0
genus,Conger,4,0,0.4404,9.5,1698.24,110000.0,European conger,20.0
genus,Pseudophoxinus,1,0,0.4402,4.0,246.0,246.0,Pisidian spring minnow,4.0
genus,Leiostomus,1,0,0.4396,4.0,247.5,247.5,Spot,4.0
genus,Lygophis,1,0,0.4392,4.8,131.0,131.0,-999,4.8
genus,Dorosoma,2,0,0.4384,5.0,309.283,1089.0,American gizzard shad,6.0
genus,Sargocentron,1,0,0.4384,7.0,2550.0,2550.0,Sabre squirrelfish,7.0
genus,Corvula,1,0,0.4381,4.0,250.976,250.976,Blue croaker,4.0
genus,Distichodus,1,0,0.4379,7.5,3410.0,3410.0,Nile distichodus,7.5
genus,Euthynnus,2,0,0.4376,10.0,7700.0,16500.0,"Kawakawa, or Little tunny",10.0
genus,Lariscus,3,0,0.4374,2.908,174.41,207.8,Three-striped Ground Squirrel,2.90833
genus,Botaurus,2,0,0.4372,9.8,706.0,1324.5,"Eurasian bittern, or Bittern",11.3
genus,Thryssa,1,0,0.4371,4.0,253.443,253.443,Hamilton's thryssa,4.0
genus,Procypris,1,0,0.4369,8.0,4500.0,4500.0,Rock carp,8.0
genus,Psenopsis,1,0,0.4367,4.0,254.31,254.31,Pacific rudderfish,4.0
genus,Megalobrama,1,0,0.4363,7.0,2600.0,2600.0,Megalobrama pellegrini,7.0
genus,Muraenesox,1,0,0.4339,15.0,62778.8,62778.8,Daggertooth pike conger,15.0
genus,Ixoreus,1,0,0.4337,5.6,78.5,78.5,Varied thrush,5.6
genus,Notiosorex,2,0,0.433,1.25,4.15,4.47,Crawford's Gray Shrew,1.25
genus,Cricetus,1,0,0.4329,3.6,506.7,506.7,Black-bellied hamster,3.6
genus,Hippocamelus,2,0,0.4309,10.667,68599.7,69620.4,Guemal,10.7333
genus,Taterillus,5,0,0.4306,1.167,45.45,52.0,Senegal Tateril,8.2
genus,Liopholis,2,0,0.4302,3.2,20.035,23.49,Eastern Ranges Rock-skink,3.2
genus,Sciurillus,1,0,0.43,2.0,36.955,36.955,Neotropical Pygmy Squirrel,2.0
genus,Pomatomus,1,0,0.4288,9.0,7920.0,7920.0,Bluefish,9.0
genus,Hemicentetes,2,0,0.4288,2.721,124.7,180.0,Highland Streaked Tenrec,2.74167
genus,Glaucostegus,1,0,0.428,14.0,49900.0,49900.0,Blackchin guitarfish,14.0
genus,Epomops,2,0,0.4276,2.662,118.99,135.67,Franquet's Epauletted Fruit<b> </b>Bat,3.15833
genus,Chenonetta,1,0,0.4265,9.1,812.5,812.5,Maned duck,9.1
genus,Dasyornis,1,0,0.4263,4.8,41.5,41.5,Eastern bristlebird,4.8
genus,Pseudorhombus,3,0,0.4259,5.0,208.7,986.625,Largetooth flounder,7.0
genus,Cacomantis,2,0,0.4254,4.9,33.5083,49.85,Fan-tailed cuckoo,6.0
genus,Hybognathus,2,0,0.4249,2.5,34.5811,40.1696,Eastern silvery minnow,3.0
genus,Scolopsis,1,0,0.4246,5.0,720.746,720.746,Black-streaked monocle bream,5.0
genus,Tetraodon,1,0,0.4229,5.9,1456.0,1456.0,Nile globe-fish,5.9
genus,Schilbe,3,0,0.4226,5.0,250.0,1380.0,African butter catfish,7.0
genus,Gerrhonotus,1,0,0.4222,3.5,36.0,36.0,-999,3.5
genus,Agonus,1,0,0.4217,3.0,89.1687,89.1687,Armed bullhead,3.0
genus,Calloselasma,1,0,0.4216,5.8,384.0,384.0,Malayan Pit Viper,5.8
genus,Tropidolaemus,2,0,0.4216,5.8,384.0,384.0,Broad-banded Temple Pitviper,5.8
genus,Liberiictis,1,0,0.4215,4.658,1825.47,1825.47,Liberian Mongoose,4.65833
genus,Hyrcanogobius,1,0,0.42,1.0,0.952337,0.952337,Volga dwarf goby,1.0
genus,Laterallus,2,0,0.4189,5.7,33.2125,45.2,Ruddy Crake,9.0
genus,Scomberomorus,8,0,0.4185,10.0,3239.5,70000.0,Narrow-barred Spanish mackerel,22.0
genus,Leucocarbo,4,0,0.418,10.917,2358.0,2722.5,Macquarie Shag,13.0
genus,Megapodius,2,0,0.4175,10.0,711.0,715.0,Melanesian Megapode,15.0
genus,Makalata,2,0,0.4172,3.1,276.0,337.33,Red-nosed Armored Tree-rat,3.1
genus,Caranx,9,0,0.4171,11.0,2777.5,80000.0,Pacific crevalle jack,15.0
genus,Bairdiella,1,0,0.4168,4.0,308.698,308.698,Goldtail croaker,4.0
genus,Oreoscopus,1,0,0.4155,4.0,20.0,20.0,Fernwren,4.0
genus,Variola,2,0,0.4153,10.0,4961.84,12000.0,Yellow-edged lyretail,15.0
genus,Artemia,1,0,0.4146,0.5,0.01,0.01,Brine shrimp,0.5
genus,Isogomphodon,1,0,0.4144,12.0,30108.5,30108.5,Daggernose shark,12.0
genus,Elagatis,1,0,0.414,6.0,1705.0,1705.0,Rainbow runner,6.0
genus,Oenomys,2,0,0.4138,2.325,85.5,87.67,Common Oenomys,2.325
genus,Amphilius,1,0,0.4126,2.0,18.1721,18.1721,Marbled mountain catfish,2.0
genus,Halcyon,1,0,0.4122,5.5,91.4,91.4,White-throated kingfisher,5.5
genus,Francolinus,2,0,0.4109,7.5,334.0,453.0,Grey francolin,8.0
genus,Pseudoplatystoma,2,0,0.4107,13.35,19750.0,70000.0,Tiger sorubim,18.0
genus,Crateromys,1,0,0.4095,4.242,1363.72,1363.72,Luzon Crateromys,4.24167
genus,Ellobius,2,0,0.4093,3.492,39.0,40.0,Northern mole vole,6.4
genus,Colinus,1,0,0.4081,6.4,194.0,194.0,Northern bobwhite,6.4
genus,Osteoglossum,1,0,0.4078,6.5,2530.0,2530.0,Arawana,6.5
genus,Harengula,1,0,0.4075,3.0,102.766,102.766,Scaled herring,3.0
genus,Ciliata,2,0,0.4073,3.0,90.8332,116.84,Fivebeard rockling,3.0
genus,Peucaea,1,0,0.4069,3.9,19.6,19.6,Bachman's sparrow,3.9
genus,Taractichthys,1,0,0.4068,8.0,6050.0,6050.0,Sickle pomfret,8.0
genus,Cyclopsetta,1,0,0.4067,5.0,861.825,861.825,Toothed flounder,5.0
genus,Sphiggurus,5,0,0.406,3.658,750.78,2000.0,Mexican hairy dwarf porcupine,16.7
genus,Oreoica,1,0,0.4058,5.0,63.125,63.125,Crested bellbird,5.0
genus,Gaidropsarus,2,0,0.4043,4.5,181.19,1102.14,Three-bearded rockling,6.0
genus,Megaceryle,1,0,0.4043,6.0,150.0,150.0,Belted kingfisher,6.0
genus,Saurogobio,1,0,0.4042,3.0,106.3,106.3,Chinese lizard gudgeon,3.0
genus,Hoplosternum,1,0,0.4027,4.0,356.016,356.016,Atipa,4.0
genus,Asterropteryx,1,0,0.4026,1.33,3.70515,3.70515,Starry goby,1.33
genus,Vinciguerria,3,0,0.4018,1.0,0.952424,5.9796,Panama lightfish,3.0
genus,Philander,4,0,0.4016,3.35,329.995,510.0,Southeastern Four-eyed Opossum,4.40833
genus,Leptodeira,2,0,0.4007,4.9,181.0,271.0,Banded Cat-eyed Snake,4.9
genus,Distoechurus,1,0,0.3984,2.0,52.12,52.12,Feather-tailed Possum,2.0
genus,Mormyrus,2,0,0.3975,5.5,656.0,2915.0,Mormyrids,6.0
genus,Schindleria,1,0,0.3971,0.5,0.0678536,0.0678536,Schindler's fish,0.5
genus,Ailurops,2,0,0.3968,5.908,7000.0,7000.0,Talaud Bear Cuscus,5.90833
genus,Notolychnus,1,0,0.3962,1.0,1.21323,1.21323,Topside lampfish,1.0
genus,Tandanus,1,0,0.3955,8.0,6800.0,6800.0,Australian freshwater catfish,8.0
genus,Hypsugo,2,0,0.3953,1.25,6.3,6.69,Cadorna's Pipistrelle,1.25
genus,Plectorhyncha,1,0,0.3944,4.4,39.75,39.75,Striped honeyeater,4.4
genus,Syrmaticus,1,0,0.3938,9.2,1239.0,1239.0,Reeves's pheasant,9.2
genus,Galaxiella,3,0,0.3935,1.0,0.653842,2.43935,Western dwarf galaxias,1.0
genus,Pogonichthys,1,0,0.3933,5.0,991.051,991.051,Splittail,5.0
genus,Boaedon,2,0,0.3911,6.3,384.0,649.0,Brown House Snake,9.0
genus,Netta,3,0,0.3909,7.5,783.0,1118.0,Red-crested pochard,12.9
genus,Crex,1,0,0.39,5.833,155.5,155.5,Corn Crake,5.83333
genus,Dermatemys,1,0,0.3897,11.3,12500.0,12500.0,Central american river turtle,11.3
genus,Cynogale,1,0,0.3896,5.158,4123.28,4123.28,Otter Civet,5.15833
genus,Metelectrona,1,0,0.3888,2.0,23.2317,23.2317,Flaccid lanternfish,2.0
genus,Dispholidus,1,0,0.3879,8.7,3765.0,3765.0,Boomslang,8.7
genus,Totoaba,1,0,0.3878,15.0,100000.0,100000.0,Totoaba,15.0
genus,Tetrastes,1,0,0.3871,7.2,429.0,429.0,Hazel grouse,7.2
genus,Hemerocoetes,1,0,0.387,3.0,127.389,127.389,Opalfish,3.0
genus,Sphaerodactylus,4,0,0.3867,1.3,0.5,0.635,"Hispaniolan eyespot sphaero, Difficult Least Geckko",1.3
genus,Labeo,5,0,0.3861,6.0,250.0,24750.0,Rohu,10.0
genus,Rhinobatos,2,0,0.3861,10.5,5362.5,26550.0,Shovelnose guitarfish,16.0
genus,Atheris,2,0,0.3842,4.5,181.0,181.0,-999,4.5
genus,Osteomugil,1,0,0.3833,4.0,436.961,436.961,Speigler's mullet,4.0
genus,Mulloidichthys,1,0,0.3821,5.0,1117.0,1117.0,Yellowfin goatfish,5.0
genus,Neosalanx,2,0,0.3818,1.0,0.674605,2.96551,Neosalanx pseudotaihuensis,1.0
genus,Alcelaphus,3,0,0.3815,22.5,159000.0,160848.0,Hartebeest,22.5
genus,Argyropelecus,1,0,0.3814,1.0,1.42,1.42,Half-naked hatchetfish,1.0
genus,Malapterurus,1,0,0.3811,10.0,20000.0,20000.0,Electric catfish,10.0
genus,Thunnus,8,0,0.3808,14.0,20630.0,450000.0,Atlantic bluefin tuna,40.0
genus,Lepidopus,1,0,0.3803,8.0,8000.0,8000.0,Silver scabbardfish,8.0
genus,Plectropterus,1,0,0.3787,11.3,3869.0,3869.0,Spur-winged goose,11.3
genus,Eucyclogobius,1,0,0.3787,1.0,1.46359,1.46359,Tidewater goby,1.0
genus,Berylmys,1,0,0.3776,2.908,358.68,358.68,Bower's Berylmys,2.90833
genus,Crystallogobius,1,0,0.3772,1.0,1.48721,1.48721,Crystal goby,1.0
genus,Nectomys,5,0,0.3771,2.658,237.49,253.15,Western Amazonian Nectomys,2.65833
genus,Phalanger,10,0,0.3748,4.1,1365.0,2400.0,Ground cuscus,18.9
genus,Lalage,2,0,0.3745,3.95,25.5,29.45,Varied triller,4.8
genus,Apis,2,0,0.3744,2.575,0.09,0.18,Honey bee queen,5.0
genus,Lutreolina,1,0,0.3739,2.9,370.0,370.0,Lutrine opossum,2.9
genus,Drosophila,1,0,0.3738,0.25,0.001,0.001,Common fruit fly,0.25
genus,Protomyctophum,1,0,0.3734,1.25,3.91466,3.91466,Arctic telescope,1.25
genus,Acroteriobatus,1,0,0.3727,7.0,5000.0,5000.0,Lesser sandshark,7.0
genus,Hemiramphus,3,0,0.3725,4.0,75.6,302.249,Ballyhoo halfbeak,4.0
genus,Metachirus,1,0,0.3722,3.0,440.0,440.0,Brown four-eyed opossum,3.0
genus,Orthopristis,1,0,0.371,4.0,500.0,500.0,Pigfish,4.0
genus,Plagioscion,1,0,0.3709,7.0,5100.0,5100.0,South American silver croaker,7.0
genus,Thalassoma,1,0,0.3708,3.0,151.977,151.977,Bluehead,3.0
genus,Lythrypnus,1,0,0.3708,1.0,1.59666,1.59666,Zebra goby,1.0
genus,Encrasicholina,2,0,0.3701,1.7,8.0,26.3909,Devis' anchovy,1.7
genus,Hepsetus,2,0,0.369,5.0,756.445,2200.0,Southern African Pike,5.0
genus,Tympanuchus,3,0,0.3682,7.5,794.5,908.0,Lesser prairie chicken,13.5
genus,Nesospingus,1,0,0.368,4.0,35.2,35.2,Puerto Rican tanager,4.0
genus,Selar,1,0,0.3672,6.7,4434.48,4434.48,Bigeye scad,6.7
genus,Menticirrhus,3,0,0.3669,4.0,1070.0,2145.0,California corbina,8.0
genus,Lemmus,5,0,0.3662,1.667,60.0,70.0,Norway lemming,3.3
genus,Gobiosoma,1,0,0.3656,1.0,1.69335,1.69335,Code goby,1.0
genus,Erythrolamprus,1,0,0.3654,4.3,185.0,185.0,Military Ground Snake,4.3
genus,Mylopharyngodon,1,0,0.3632,13.0,72500.0,72500.0,Black carp,13.0
genus,Thylamys,5,0,0.3623,1.583,15.34,31.0,Cinderella Fat-tailed Mouse Opossum,1.58333
genus,Procapra,3,0,0.3622,5.6,23197.7,30000.0,Mongolian gazelle,12.0
genus,Peroryctes,1,0,0.3611,3.2,675.0,675.0,Raffray's bandicoot,3.2
genus,Pelodiscus,1,0,0.3608,7.3,2327.5,2327.5,Chinese Soft-shelled Turtle,7.3
genus,Seriola,2,0,0.3574,13.5,80600.0,96840.0,Greater amberjack,15.0
genus,Lagostrophus,1,0,0.3574,4.0,1933.48,1933.48,Banded Hare-wallaby,4.0
genus,Nibea,1,0,0.3571,5.0,1479.0,1479.0,Yellow drum,5.0
genus,Planiliza,2,0,0.3569,5.0,485.998,3816.49,Largescale mullet,6.0
genus,Arius,1,0,0.3556,7.0,6073.73,6073.73,Spotted catfish,7.0
genus,Scythrops,1,0,0.355,7.3,684.1,684.1,Channel-billed cuckoo,7.3
genus,Culex,1,0,0.3548,0.3,0.0025,0.0025,Northern house mosquito,0.3
genus,Pseudonaja,2,0,0.3544,8.04,3819.0,3819.0,Peninsula Brown Snake,9.08
genus,Trapelus,2,0,0.3538,2.65,15.0,33.0,Desert Agama,2.8
genus,Hemorrhois,1,0,0.3524,6.3,1306.0,1306.0,"Horseshoe Snake, Horseshoe Whip Snake",6.3
genus,Crotaphopeltis,2,0,0.3498,4.3,227.0,227.0,"White-lipped Herald Snake, Red-lipped Snake",4.3
genus,Heterostichus,1,0,0.3494,5.0,1617.39,1617.39,Giant kelpfish,5.0
genus,Lepidophanes,1,0,0.3485,1.2,4.4,4.4,Günther's lanternfish,1.2
genus,Lepidosiren,1,0,0.3474,8.3,13563.1,13563.1,South American lungfish,8.3
genus,Chironectes,1,0,0.347,3.1,700.0,700.0,Water opossum (yapok),3.1
genus,Macrhybopsis,2,0,0.3456,2.5,10.9053,131.657,Silver chub,4.0
genus,Auxis,2,0,0.3436,5.0,1720.0,1750.0,Bullet tuna,5.0
genus,Lobianchia,1,0,0.3432,1.0,2.2,2.2,Dofleini's lantern fish,1.0
genus,Glareola,1,0,0.3431,4.4,76.0,76.0,Oriental pratincole,4.4
genus,Miichthys,1,0,0.3421,6.0,3760.8,3760.8,Mi-iuy croaker,6.0
genus,Megalurus,2,0,0.342,3.25,14.3,24.775,Little grassbird,3.3
genus,Mola,1,0,0.3413,23.0,1000000.0,1000000.0,Ocean sunfish,23.0
genus,Ardeola,1,0,0.3411,5.833,290.0,290.0,Squacco Heron,5.83333
genus,Liomys,1,0,0.3404,1.75,57.995,57.995,Panamanian Spiny Pocket Mouse,1.75
genus,Phyllopteryx,1,0,0.3389,3.5,418.453,418.453,Common seadragon,3.5
genus,Atherinomorus,1,0,0.3366,2.0,42.2585,42.2585,Ogilby's hardyhead,2.0
genus,Pseudocordylus,4,0,0.3353,2.8,30.43,68.5,Highveld Crag Lizard,2.8
genus,Pampus,1,0,0.335,7.0,7777.2,7777.2,Silver pomfret,7.0
genus,Prochilodus,2,0,0.3331,5.0,540.0,7200.0,Brazilian bocachico,5.0
genus,Malacomys,1,0,0.3323,1.833,79.71,79.71,Edwards' Malacomys,1.83333
genus,Pelotretis,1,0,0.3311,5.0,2022.74,2022.74,Southern lemon sole,5.0
genus,Eolagurus,1,0,0.3293,1.417,26.0,26.0,Yellow Steppe Lemming,1.41667
genus,Tachyeres,1,0,0.3281,10.2,4688.5,4688.5,Fuegian Steamer Duck,10.2
genus,Orthodon,1,0,0.3248,5.0,2191.31,2191.31,Sacramento blackfish,5.0
genus,Scoliodon,1,0,0.3246,6.0,4677.35,4677.35,Spadenose shark,6.0
genus,Phyllomys,1,0,0.3242,2.325,260.0,260.0,Drab Atlantic Tree-rat,2.325
genus,Lagocephalus,1,0,0.3234,7.0,9000.0,9000.0,Silver-cheeked toadfish,7.0
genus,Cyclopes,1,0,0.323,2.3,251.975,251.975,Silky Anteater,2.3
genus,Poeciliopsis,1,0,0.3227,1.0,2.84049,2.84049,Gila topminnow,1.0
genus,Siniperca,2,0,0.3226,6.5,2258.0,10200.0,Mandarin fish,9.0
genus,Carcharias,1,0,0.3205,12.0,87340.0,87340.0,Sand tiger shark,12.0
genus,Ototylomys,1,0,0.3204,1.833,93.97,93.97,Big-eared Climbing Rat,1.83333
genus,Glironia,1,0,0.32,2.0,140.0,140.0,Bushy-tailed Opossum,2.0
genus,Amblyrhynchus,1,0,0.3193,6.4,2227.43,2227.43,Marine iguana,6.4
genus,Pseudotolithus,3,0,0.3189,7.0,2076.0,15020.0,Cassava croaker,8.0
genus,Nothobranchius,1,0,0.3185,1.0,3.0,3.0,Turquoise killifish,1.0
genus,Alectoris,2,0,0.3183,6.2,528.0,535.5,Chukar Partridge,6.2
genus,Amytornis,1,0,0.318,3.0,18.2,18.2,Grey grasswren,3.0
genus,Erilepis,1,0,0.3174,12.0,91000.0,91000.0,Skilfish,12.0
genus,Istigobius,1,0,0.3161,1.08,4.26057,4.26057,Goldman's goby,1.08
genus,Oncorhynchus,10,0,0.3144,7.0,2279.61,33770.0,Steelhead,11.0
genus,Xiphias,1,0,0.3128,19.0,650000.0,650000.0,Swordfish,19.0
genus,Carangichthys,1,0,0.3117,5.0,2600.0,2600.0,Shadow trevally,5.0
genus,Aphia,1,0,0.3104,1.0,3.33939,3.33939,Transparent goby,1.0
genus,Funambulus,3,0,0.3096,5.075,125.07,136.4,Indian Palm Squirrel,5.49167
genus,Verasper,1,0,0.309,5.5,4000.0,4000.0,Barfin flounder,5.5
genus,Micoureus,3,0,0.309,2.325,68.0,363.3,Tate's Woolly Mouse Opossum,3.0
genus,Salminus,1,0,0.3076,9.0,31400.0,31400.0,Dorado,9.0
genus,Nyctanassa,1,0,0.3066,6.3,682.5,682.5,Yellow-crowned Night Heron,6.3
genus,Otomys,13,0,0.3046,1.833,114.45,130.65,Angolan Vlei Rat,1.83333
genus,Araneus,1,0,0.3045,1.0,0.5,0.5,European garden spider,1.0
genus,Danaus,1,0,0.3045,1.0,0.5,0.5,Monarch butterfly,1.0
genus,Echymipera,2,0,0.3019,2.9,737.58,1250.0,Long-nosed echymipera,3.1
genus,Crocidura,34,0,0.3014,2.5,5.3,45.0,Cyrenaica Shrew,4.0
genus,Daphnia,1,0,0.299,0.2,0.001,0.001,Water flea,0.2
genus,Elanus,3,0,0.2981,6.0,260.5,280.0,Black-winged kite,6.0
genus,Hypoptychus,1,0,0.2975,1.0,3.98107,3.98107,Korean sandeel,1.0
genus,Ceryle,1,0,0.2973,3.9,84.4,84.4,Pied kingfisher,3.9
genus,Argolebias,1,0,0.2969,1.0,4.01428,4.01428,Blackfin pearlfish,1.0
genus,Glossanodon,1,0,0.2969,2.0,71.148,71.148,Deep-sea smelt,2.0
genus,Galidictis,1,0,0.2942,2.492,549.99,549.99,Broad-striped Malagasy Mongoose,2.49167
genus,Centropomus,1,0,0.294,7.0,13365.0,13365.0,Common snook,7.0
genus,Tylosurus,2,0,0.2937,5.5,3710.0,6350.0,Hound needlefish,6.0
genus,Bombus,1,0,0.2906,1.0,0.6,0.6,Buff-tailed bumblebee queen,1.0
genus,Abbottina,1,0,0.2894,2.0,79.0843,79.0843,Chinese false gudgeon,2.0
genus,Scolomys,1,0,0.2893,1.25,26.5,26.5,Short-nosed Scolomys,1.25
genus,Masturus,1,0,0.2887,23.0,2000000.0,2000000.0,Sharptail mola,23.0
genus,Phaps,1,0,0.2885,5.1,338.5,338.5,Common bronzewing,5.1
genus,Rhizomys,1,0,0.2885,3.492,2750.0,2750.0,Indomalayan Bamboo Rat,3.49167
genus,Apogon,2,0,0.2879,2.665,1.88877,87.821,Cardinal fish,5.0
genus,Aethomys,5,0,0.2875,2.742,79.7,98.495,Hinde's Aethomys,2.74167
genus,Calomys,5,0,0.2873,1.583,14.0,48.0,Hummelinck's Laucha,1.58333
genus,Zelotomys,2,0,0.2845,2.079,54.3,55.22,Woosnam's Zelotomys,3.575
genus,Ovophis,4,0,0.2835,3.9,384.0,384.0,Indo-Malayan mountain pitviper,3.9
genus,Megalaspis,1,0,0.2809,5.0,4000.0,4000.0,Torpedo scad,5.0
genus,Tenualosa,3,0,0.2798,5.0,680.0,5000.0,Reeves shad,8.0
genus,Pseudosciades,1,0,0.2767,6.0,9065.26,9065.26,Sona sea catfish,6.0
genus,Petropseudes,1,0,0.2765,3.075,1877.03,1877.03,Rock-haunting ringtail,3.075
genus,Didelphis,6,0,0.2757,2.85,850.0,3000.0,Virginia opossum,6.0
genus,Dusicyon,1,0,0.2756,5.242,21083.0,21083.0,Falkland Islands Wolf,5.24167
genus,Trioceros,2,0,0.2742,4.6,32.565,344.5,Jackson's chameleon,8.2
genus,Acrochordus,2,0,0.2738,7.3,6107.0,9561.0,Arafura filesnake,8.8
genus,Chironius,2,0,0.2735,5.4,1906.0,2265.0,Sipo,5.4
genus,Niviventer,6,0,0.2725,1.746,71.54,81.79,Cameron Highlands Niviventer,2.65833
genus,Centrocercus,1,0,0.2725,7.0,1929.5,1929.5,Sage grouse,7.0
genus,Perdix,1,0,0.2715,5.2,492.0,492.0,Grey partridge,5.2
genus,Benthophiloides,1,0,0.2685,1.0,6.09302,6.09302,Brauner's tadpole-goby,1.0
genus,Drymobius,1,0,0.2678,4.3,790.0,790.0,margaritiferus: (Northern) Speckled Racer,4.3
genus,Helicops,1,0,0.2674,3.0,148.0,148.0,"Brown-banded watersnake, Mountain Keelback",3.0
genus,Kannabateomys,1,0,0.2669,2.242,529.995,529.995,Atlantic Bamboo Rat,2.24167
genus,Prosomyleus,1,0,0.2662,5.0,5000.0,5000.0,Prosomyleus rhomboidalis,5.0
genus,Chrysopelea,1,0,0.2638,4.3,848.0,848.0,"Golden Flying Snake, Indian Flying Snake",4.3
genus,Rhinogobius,2,0,0.2633,1.34,14.9,32.2572,Rhinogobius giurinus,1.45
genus,Etropus,1,0,0.2631,2.0,117.4,117.4,Fringed flounder,2.0
genus,Manta,1,0,0.263,20.0,1650000.0,1650000.0,Giant manta,20.0
genus,Eubleekeria,1,0,0.2617,2.3,214.148,214.148,Splendid ponyfish,2.3
genus,Gillichthys,1,0,0.2608,2.0,121.803,121.803,Longjaw mudsucker,2.0
genus,Lophuromys,10,0,0.2606,0.75,44.5,56.035,Ansorge's Brush-furred Rat,3.075
genus,Nothura,3,0,0.2605,4.0,245.625,250.125,Darwin's Nothura,5.0
genus,Eudyptes,3,0,0.2592,5.417,3320.0,4500.0,Royal penguin,15.8
genus,Trachelyopterus,1,0,0.2588,3.0,675.0,675.0,Trachelyopterus galeatus,3.0
genus,Nesokia,1,0,0.2586,1.667,160.79,160.79,Short-tailed Nesokia,1.66667
genus,Phalaenoptilus,1,0,0.2572,3.0,48.925,48.925,Common Poorwill,3.0
genus,Sphoeroides,1,0,0.2548,3.0,720.634,720.634,Northern puffer,3.0
genus,Sarda,1,0,0.2542,5.0,6050.0,6050.0,Atlantic bonito,5.0
genus,Acanthocybium,1,0,0.2515,9.3,83000.0,83000.0,Wahoo,9.3
genus,Biziura,1,0,0.248,6.2,1697.5,1697.5,Musk duck,6.2
genus,Pterotolithus,1,0,0.2476,4.0,2675.49,2675.49,Bigmouth croaker,4.0
genus,Thrasops,2,0,0.2461,5.8,4748.0,4748.0,Black Tree Snake,5.8
genus,Otolithes,1,0,0.2454,5.0,7000.0,7000.0,Tigertooth croaker,5.0
genus,Protonibea,1,0,0.2419,8.0,52200.6,52200.6,Blackspotted croaker,8.0
genus,Benthophilus,6,0,0.2401,1.0,2.51528,32.054,Don tadpole-goby,1.0
genus,Odontesthes,1,0,0.2399,4.0,3050.0,3050.0,Argentinian silverside,4.0
genus,Cololabis,1,0,0.2373,2.0,180.0,180.0,Pacific saury,2.0
genus,Abrothrix,2,0,0.2305,1.0,27.0,27.0,Wellington Akodont,1.0
genus,Hydrocynus,2,0,0.2294,6.0,15400.0,15507.0,Tiger fish,8.0
genus,Peprilus,1,0,0.2255,2.0,222.74,222.74,Gulf butterfish,2.0
genus,Escualosa,1,0,0.2208,1.0,13.7,13.7,White sardine,1.0
genus,Amblygobius,2,0,0.2173,1.125,18.917,29.8756,Whitebarred goby,1.17
genus,Barbodes,1,0,0.2155,5.0,12000.0,12000.0,Carnatic carp,5.0
genus,Rhabdosargus,1,0,0.2155,5.0,12000.0,12000.0,Goldlined seabream,5.0
genus,Tropidurus,1,0,0.2094,1.6,24.59,24.59,Peters' Lava Lizard,1.6
genus,Lycodonomorphus,1,0,0.2064,4.3,2666.0,2666.0,-999,4.3
genus,Plecoglossus,1,0,0.202,3.0,1887.99,1887.99,Ayu,3.0
genus,Trigonoceps,1,0,0.2016,5.7,3016.0,3016.0,White-headed vulture,5.7
genus,Thallomys,4,0,0.2011,0.833,77.7,124.595,Acacia Thallomys,3.5
genus,Eligmodontia,2,0,0.2007,0.8,17.5,19.45,Altiplano Laucha,0.8
genus,Istiophorus,2,0,0.2,8.25,55110.0,58100.0,Atlantic sailfish,13.0
genus,Leipoa,1,0,0.1999,5.1,1867.5,1867.5,Malleefowl,5.1
genus,Onychogalea,3,0,0.1992,5.5,3499.99,5800.0,"Bridled nail-tail wallaby, or Ridled nail-tailed wallaby",7.4
genus,Akodon,1,0,0.1972,0.833,24.0,24.0,Azara's Akodont,0.833333
genus,Maxomys,2,0,0.1972,1.167,54.33,150.0,Whitehead's Sundaic Maxomys,1.5
genus,Scomberesox,1,0,0.1963,2.0,395.19,395.19,Atlantic saury,2.0
genus,Enneapterygius,1,0,0.1945,0.32,0.205693,0.205693,Hawaiian blackhead triplefin,0.32
genus,Pangasianodon,1,0,0.1911,10.0,350000.0,350000.0,Mekong giant catfish,10.0
genus,Amblysomus,5,0,0.1898,1.0,64.8,64.8,Fynbos Golden Mole,1.0
genus,Piliocolobus,4,0,0.1893,3.158,7158.29,8092.75,Western Red Colobus,3.15833
genus,Ctenomys,20,0,0.1877,2.167,130.92,859.99,Lago Blanco Tuco-tuco,3.0
genus,Ptychozoon,1,0,0.1846,1.1,7.7,7.7,"Kuhl's Flying Gecko, Gliding gecko, Kuhl's Parachute Gecko",1.1
genus,Pseudochirops,2,0,0.1841,1.75,784.85,1090.35,D'Albertis' Ringtail,1.75
genus,Otolithoides,1,0,0.1841,6.0,49140.4,49140.4,Bronze croaker,6.0
genus,Pedionomus,1,0,0.1838,2.3,67.8,67.8,Plains-wanderer,2.3
genus,Pronolagus,3,0,0.1805,2.083,2097.49,2395.87,Natal Red Rock Hare,2.08333
genus,Calotomus,1,0,0.1796,3.0,3074.3,3074.3,Carolines parrotfish,3.0
genus,Nesomys,3,0,0.1787,1.167,159.48,189.0,White-bellied Nesomys,1.16667
genus,Abrocoma,6,0,0.1762,1.083,221.82,265.5,Bennett's chinchilla rat,2.3
genus,Dussumieria,1,0,0.1753,1.0,35.7251,35.7251,Lancer rainbow sardine,1.0
genus,Istiompax,1,0,0.1749,11.0,750000.0,750000.0,Black marlin,11.0
genus,Echimys,1,0,0.1722,1.5,624.995,624.995,White-faced Spiny Tree-rat,1.5
genus,Bathyergus,2,0,0.1709,1.5,627.5,664.4,Namaqua Dune Mole-rat,1.5
genus,Pithecheir,1,0,0.1709,1.0,104.0,104.0,Malay Peninsula Pithecheir,1.0
genus,Dasymys,6,0,0.1665,1.0,116.965,116.965,Glover Allen's Dasymys,1.0
genus,Ahaetulla,1,0,0.166,2.4,484.0,484.0,Malayan (Green) Whipsnake,2.4
genus,Trimma,2,0,0.1654,0.314,0.212632,0.508249,Ring-eye pygmygoby,0.39
genus,Amphisbaena,2,0,0.1647,7.65,58.7,210.0,Red worm lizard,15.1
genus,Kajikia,1,0,0.1628,9.0,440000.0,440000.0,Striped marlin,9.0
genus,Thryonomys,2,0,0.1623,3.117,2293.57,6600.0,Greater cane rat,5.4
genus,Heterandria,1,0,0.1601,0.33,0.52357,0.52357,Least killifish,0.33
genus,Phrynosoma,4,0,0.1581,1.2,15.345,23.44,San Diego Horned Lizard,1.3
genus,Valenciennea,2,0,0.1559,1.0,54.9736,61.4284,Mural goby,1.0
genus,Hydrophis,1,0,0.1526,2.1,384.0,384.0,"Yellowbelly Sea Snake, Pelagic Sea Snake",2.1
genus,Sciades,3,0,0.1506,4.0,9000.0,50000.0,Couma sea catfish,5.0
genus,Schistocerca,1,0,0.1495,0.7,2.0,2.0,Desert locust,0.7
genus,Ammodorcas,1,0,0.1478,3.0,28274.9,28274.9,Dibatag,3.0
genus,Dipus,1,0,0.1474,0.833,89.0,89.0,Northern Three-toed Jerboa,0.833333
genus,Agama,12,0,0.1463,1.3,64.18,100.0,Bibron's agama,6.0
genus,Nasuella,1,0,0.1454,1.5,1339.99,1339.99,Mountain Coati,1.5
genus,Dendrelaphis,1,0,0.144,3.1,3113.0,3113.0,"Green Tree Snake, Common Tree Snake",3.1
genus,Myotomys,1,0,0.1439,0.833,99.25,99.25,Bush Karroo Rat,0.833333
genus,Coryphaena,2,0,0.1411,4.0,22000.0,34443.7,Pompano dolphin,4.0
genus,Sundamys,2,0,0.1384,1.292,345.24,418.5,Mueller's Sundamys,2.0
genus,Stenodactylus,4,0,0.1354,0.7,4.4,5.4,Anderson's Short-fingered Gecko,0.8
genus,Echinoprocta,1,0,0.1347,1.25,831.79,831.79,Stump-tailed Porcupine,1.25
genus,Garcialebias,1,0,0.1306,0.46,4.82797,4.82797,Garcialebias viarius,0.46
genus,Furcifer,1,0,0.1304,1.0,25.0,25.0,Labord's chameleon,1.0
genus,Pogonomelomys,1,0,0.1166,0.75,159.22,159.22,Bruijn's Pogonomelomys,0.75
genus,Lobotes,1,0,0.1155,3.0,19200.0,19200.0,Tripletail,3.0
genus,Telescopus,1,0,0.1152,2.4,2666.0,2666.0,Egyptian Catsnake,2.4
genus,Eviota,2,0,0.1151,0.16,0.0271426,0.386181,Divine dwarfgoby,0.16
genus,Thecadactylus,1,0,0.1135,0.9,29.2,29.2,Turniptail Gecko,0.9
genus,Coronella,1,0,0.1091,1.3,196.0,196.0,Smooth Snake,1.3
genus,Enteroctopus,1,0,0.1087,5.0,15000.0,15000.0,Giant Pacific octopus,5.0
genus,Leopoldamys,4,0,0.1058,0.583,308.82,347.61,Indomalayan Leopoldamys,2.0
genus,Hirundichthys,1,0,0.1047,1.0,302.501,302.501,Fourwing flyingfish,1.0
genus,Spratelloides,2,0,0.1034,0.4,2.71997,14.2718,Silver-stripe round herring,0.5
genus,Acanthogobius,1,0,0.0979,1.0,400.0,400.0,Acanthogobius hasta,1.0
genus,Acheta,1,0,0.0914,0.3,0.5,0.5,House cricket,0.3
genus,Euryzygomatomys,1,0,0.0875,0.583,187.49,187.49,Guiara,0.583333
genus,Sepia,1,0,0.087,2.0,1000.0,1000.0,Common cuttlefish,2.0
genus,Heteromys,2,0,0.0844,0.542,69.3,76.4,Desmarest's Spiny Pocket Mouse,0.833333
genus,Atropus,1,0,0.0844,1.0,741.288,741.288,Bumpnose trevally,1.0
genus,Malpolon,2,0,0.0836,1.8,3113.0,3113.0,Eastern Montpellier Snake,1.8
genus,Parotomys,1,0,0.0828,0.5,120.0,120.0,Brants's Whistling Rat,0.5
genus,Zygodontomys,2,0,0.0815,0.417,55.11,58.0,Short-tailed Zygodont,0.416667
genus,Cheiromeles,2,0,0.0767,0.5,169.43,169.43,Lesser Naked Bat,0.5
genus,Notoryctes,2,0,0.0734,0.792,34.0,55.0,Southern Marsupial Mole,1.5
genus,Aurelia,1,0,0.0707,1.0,150.0,150.0,Moon jellyfish,1.0
genus,Doryteuthis,1,0,0.0657,1.0,200.0,200.0,Longfin inshore squid,1.0
genus,Octopus,1,0,0.0657,2.0,3000.0,3000.0,Common octopus,2.0
genus,Hylomys,2,0,0.0649,0.333,57.8,57.8,Dwarf Gymnure,0.333333
genus,Leggadina,1,0,0.0603,0.25,21.94,21.94,Forrest's Leggadina,0.25
genus,Zoothera,2,0,0.0548,0.8,111.0,129.5,Russet-tailed thrush,1.0
genus,Pygeretmus,1,0,0.0498,0.25,52.285,52.285,Dwarf Fat-tailed Jerboa,0.25
genus,Vandeleuria,1,0,0.0489,0.25,56.6,56.6,Sri Lankan Vandeleuria,0.25
genus,Vespula,1,0,0.0487,0.1,0.08,0.08,Common wasp,0.1
genus,Myriopholis,1,0,0.0448,0.2,2.0,2.0,Cairo Blind Snake,0.2
genus,Hyomys,1,0,0.0444,0.417,874.37,874.37,Eastern Hyomys,0.416667
genus,Arborimus,1,0,0.04,0.167,22.39,22.39,Red Tree Vole,0.166667
genus,Bombyx,1,0,0.0382,0.15,1.0,1.0,Silkmoth,0.15
genus,Murexechinus,1,0,0.0356,0.167,38.02,38.02,Black-tailed Dasyure,0.166667
genus,Afrotyphlops,3,0,0.0274,0.3,131.0,131.0,Blotched blind snake,0.3
genus,Eupleres,1,0,0.0204,0.25,2881.67,2881.67,Falanouc,0.25
genus,Diplogale,1,0,0.0118,0.167,5452.04,5452.04,Hose's Palm Civet,0.166667
genus,Acris,2,0,,3.2,1.69,3.8,Northern cricket frog,4.9
genus,Agalychnis,2,0,,7.25,10.0,70.0,Red-eyed treefrog,9.0
genus,Allobates,1,0,,6.0,4.1,4.1,Allobates femoralis,6.0
genus,Alytes,2,0,,6.5,6.1,13.4,Alytes obstetricans,7.0
genus,Ambystoma,7,0,,25.0,5.0,120.0,Spotted salamander,32.0
genus,Ameerega,1,0,,3.0,0.58,0.58,Ameerega hahneli,3.0
genus,Amietophrynus,1,0,,6.0,162.6,162.6,Amietophrynus pardalis,6.0
genus,Amolops,1,0,,9.0,36.0,36.0,Amolops mantzorum,9.0
genus,Amphiuma,1,0,,27.0,500.0,500.0,Two-toed amphiuma,27.0
genus,Anaxyrus,8,0,,9.0,16.4,60.0,American toad,36.0
genus,Andrias,2,0,,37.45,4100.0,25000.0,Japanese giant salamander,55.0
genus,Aneides,1,0,,13.0,3.89,3.89,Aneides aeneus,13.0
genus,Argenteohyla,1,0,,5.0,44.0,44.0,Argenteohyla siemersi,5.0
genus,Arthroleptis,1,0,,0.3,2.69,2.69,Arthroleptis poecilonotus,0.3
genus,Babina,1,0,,3.9,13.3,13.3,Babina pleuraden,3.9
genus,Batrachoseps,1,0,,8.0,1.8,1.8,Batrachoseps attenuatus,8.0
genus,Batrachuperus,1,0,,8.0,32.6,32.6,Batrachuperus tibetanus,8.0
genus,Boehmantis,1,0,,7.0,98.1,98.1,Boehmantis microtympanum,7.0
genus,Bombina,3,0,,20.0,5.9,13.1,Yellow-bellied toad,29.0
genus,Boophis,1,0,,11.0,16.5,16.5,Boophis tsilomaro,11.0
genus,Bufo,5,0,,8.0,20.5,415.0,Common toad,36.0
genus,Calotriton,1,0,,26.0,7.1,7.1,Pyrenean brook newt,26.0
genus,Ceratophrys,2,0,,12.65,130.0,300.0,Argentine horned frog,15.0
genus,Chioglossa,1,0,,8.0,4.2,4.2,Chioglossa lusitanica,8.0
genus,Conraua,1,0,,5.9,3250.0,3250.0,Goliath frog,5.9
genus,Crinia,1,0,,7.0,1.9,1.9,Crinia signifera,7.0
genus,Cryptobranchus,1,0,,30.0,400.0,400.0,Hellbender,30.0
genus,Cynops,1,0,,25.0,6.7,6.7,Japanese firebelly newt,25.0
genus,Dendrobates,1,0,,20.0,4.0,4.0,Dyeing poison frog,20.0
genus,Desmognathus,4,0,,16.35,0.6,14.34,Allegheny mountain dusky salamander,19.8
genus,Diaglena,1,0,,12.8,100.0,100.0,Treefrog,12.8
genus,Discoglossus,1,0,,9.0,21.8,21.8,Discoglossus galganoi,9.0
genus,Duttaphrynus,1,0,,4.0,122.3,122.3,Duttaphrynus melanostictus,4.0
genus,Dyscophus,2,0,,9.0,105.0,145.6,Dyscophus antongilii,11.0
genus,Ensatina,1,0,,15.0,61.0,61.0,Ensatina eschscholtzii,15.0
genus,Epidalea,1,0,,17.0,62.7,62.7,Epidalea calamita,17.0
genus,Euphlyctis,1,0,,6.25,300.0,300.0,Euphlyctis hexadactylus,6.25
genus,Fejervarya,1,0,,4.0,7.0,7.0,Fejervarya limnocharis,4.0
genus,Gastrophryne,1,0,,6.8,2.59,2.59,Eastern narrow-mouthed toad,6.8
genus,Geocrinia,2,0,,6.0,0.65,0.69,Geocrinia alba,6.0
genus,Glandirana,1,0,,5.0,18.2,18.2,Glandirana rugosa,5.0
genus,Guibemantis,2,0,,1.0,1.2,1.2,Guibemantis bicalcaratus,1.0
genus,Hoplobatrachus,2,0,,8.95,48.1,600.0,African tigrine frog,10.9
genus,Hyla,7,0,,8.5,2.88,11.2,European tree frog,22.0
genus,Hylarana,3,0,,6.0,6.8,48.8,Hylarana nigrovittata,9.0
genus,Hynobius,6,0,,12.6,4.4,14.9,Hynobius kimurae,27.0
genus,Hyperolius,1,0,,1.0,2.4,2.4,Hyperolius nitidulus,1.0
genus,Ichthyophis,1,0,,7.3,99.5,99.5,Yellow-striped caecilian,7.3
genus,Ichthyosaura,1,0,,15.0,3.9,3.9,Laureutis alpine salamander,15.0
genus,Incilius,2,0,,11.7,46.64,237.7,"Sonoran desert toad, or Colorado river toad",15.4
genus,Leiopelma,1,0,,23.0,8.0,8.0,Leiopelma hamiltoni,23.0
genus,Leptodactylus,2,0,,10.4,161.0,415.0,Tungara frog,18.8
genus,Lissotriton,3,0,,11.0,1.77,4.0,Smooth newt,20.0
genus,Lithobates,7,0,,9.0,7.88,500.0,American bullfrog,16.0
genus,Litoria,7,0,,6.0,4.1,65.2,Australian green treefrog,20.0
genus,Lyciasalamandra,1,0,,10.0,7.8,7.8,Lyciasalamandra luschani,10.0
genus,Mantella,9,0,,3.0,1.0,2.9,Mantella crocea,4.0
genus,Mertensiella,1,0,,26.0,9.8,9.8,Mertensiella caucasica,26.0
genus,Microhyla,1,0,,5.0,1.65,1.65,Ornate narrow-mouthed frog,5.0
genus,Mixophyes,2,0,,6.65,38.5,46.5,Fleay's barred frog,8.0
genus,Nanorana,3,0,,11.0,8.7,60.3,Nanorana quadranus,12.0
genus,Necturus,1,0,,34.0,200.0,200.0,Common mudpuppy,34.0
genus,Neurergus,1,0,,17.0,13.4,13.4,Neurergus crocatus,17.0
genus,Notophthalmus,1,0,,15.0,5.0,5.0,Eastern newt,15.0
genus,Odorrana,2,0,,8.5,52.7,72.6,Odorrana swinhoana,11.0
genus,Ommatotriton,1,0,,16.0,8.1,8.1,Ommatotriton vittatus,16.0
genus,Onychodactylus,1,0,,14.2,6.3,6.3,Japanese clawed salamander,14.2
genus,Pelobates,3,0,,11.0,27.0,40.0,Pelobates cultripes,15.0
genus,Pelodytes,1,0,,10.0,3.03,3.03,Pelodytes punctatus,10.0
genus,Pelophylax,9,0,,7.0,14.9,135.0,Black-spotted frog,15.0
genus,Philoria,1,0,,14.5,14.5,14.5,Philoria frosti,14.5
genus,Physalaemus,1,0,,6.0,1.6,1.6,Physalaemus fernandezae,6.0
genus,Pipa,1,0,,7.7,200.0,200.0,Surinam toad,7.7
genus,Plethodon,6,0,,19.95,1.0,46.0,Red-backed salamander,25.0
genus,Pleurodeles,1,0,,19.5,25.8,25.8,Iberian ribbed newt,19.5
genus,Pleurodema,1,0,,5.0,5.5,5.5,Pleurodema thaul,5.0
genus,Polypedates,1,0,,7.0,35.6,35.6,Polypedates maculatus,7.0
genus,Pristimantis,1,0,,20.0,2.3,2.3,Pristimantis educatoris,20.0
genus,Proteus,1,0,,100.0,20.0,20.0,Olm,100.0
genus,Pseudacris,1,0,,5.0,4.0,4.0,Pseudacris crucifer,5.0
genus,Pseudepidalea,1,0,,11.9,75.0,75.0,European green toad,11.9
genus,Pseudis,1,0,,11.0,70.0,70.0,Paradox frog,11.0
genus,Pyxicephalus,1,0,,45.0,1400.0,1400.0,African bullfrog,45.0
genus,Rana,14,0,,7.5,6.8,77.7,Rana muscosa,14.0
genus,Rhinella,3,0,,15.1,69.0,1000.0,Cane toad,24.0
genus,Salamandra,4,0,,23.0,8.2,125.0,Fire salamander,50.0
genus,Salamandrella,1,0,,8.0,6.9,6.9,Siberian salamander,8.0
genus,Scaphiophryne,1,0,,2.0,7.0,7.0,Rainbow frog,2.0
genus,Scaphiopus,1,0,,6.7,16.3,16.3,Couch's spadefoot,6.7
genus,Siren,1,0,,25.0,400.0,400.0,Greater siren,25.0
genus,Speleomantes,1,0,,10.6,2.88,2.88,Italian cave salamander,10.6
genus,Stumpffia,1,0,,3.5,0.2,0.2,Stumpffia pygmaea,3.5
genus,Taricha,1,0,,12.0,12.32,12.32,Taricha granulosa,12.0
genus,Triturus,5,0,,15.0,9.4,18.4,Northern crested newt,28.0
genus,Tylototriton,1,0,,11.0,29.3,29.3,Mandarin salamander,11.0
genus,Typhlonectes,2,0,,9.5,60.0,600.0,Cayenne caecilian,12.0
genus,Xenopus,1,0,,30.0,60.0,60.0,African clawed frog,30.0
genus,Leiopathes,1,1,,4265.0,5000.0,5000.0,Black coral,4265.0
genus,Orbicella,1,1,,600.0,20000.0,20000.0,Boulder star coral,600.0
genus,Xestospongia,1,1,,2300.0,30000.0,30000.0,Giant barrel sponge,2300.0
genus,Monorhaphis,1,1,,11000.0,1000.0,1000.0,Glass sponge,11000.0
