hour,price_usd_mwh,charge_mw,discharge_mw,soc_mwh
0,28.32,0.0,0.0,2.0
1,16.68,1.0,0.0,2.0
2,29.85,0.0,0.0,2.9274
3,31.55,0.0,0.7253,2.9274
4,11.88,1.0,0.0,2.1453
5,16.14,1.0,0.0,3.0726
6,29.46,0.0,0.0,4.0
7,27.59,0.0,0.0,4.0
8,32.18,0.0,0.86,4.0
9,23.86,1.0,0.0,3.0726
10,41.29,0.0,1.0,4.0
11,36.52,0.0,1.0,2.9217
12,26.42,1.0,0.0,1.8433
13,37.97,0.0,1.0,2.7707
14,32.58,0.0,0.0,1.6924
15,23.3,1.0,0.0,1.6924
16,40.59,0.0,1.0,2.6197
17,27.8,1.0,0.0,1.5414
18,54.72,0.0,1.0,2.4688
19,38.94,0.0,1.0,1.3904
20,35.26,0.0,0.1494,0.3121
21,27.66,1.0,0.0,0.151
22,50.5,0.0,1.0,1.0783
23,29.77,0.0,0.0,0.0
24,21.91,1.0,0.0,0.0
25,21.22,1.0,0.0,0.9274
26,27.66,0.0,0.0,1.8547
27,25.8,1.0,0.0,1.8547
28,27.17,0.0,0.0,2.7821
29,29.6,0.0,0.0,2.7821
30,59.61,0.0,1.0,2.7821
31,26.74,0.8017,0.0,1.7038
32,27.06,0.0,0.0,2.4472
33,24.19,1.0,0.0,2.4472
34,37.65,0.0,1.0,3.3746
35,41.3,0.0,1.0,2.2962
36,24.81,1.0,0.0,1.2179
37,19.07,1.0,0.0,2.1453
38,20.73,1.0,0.0,3.0726
39,39.53,0.0,0.5694,4.0
40,46.28,0.0,1.0,3.3859
41,47.02,0.0,1.0,2.3076
42,31.88,1.0,0.0,1.2293
43,42.98,0.0,1.0,2.1567
44,39.18,0.0,0.0,1.0783
45,37.9,0.0,0.0,1.0783
46,44.66,0.0,1.0,1.0783
47,33.98,0.0,0.0,0.0
48,32.28,0.0,0.0,0.0
49,24.58,0.6389,0.0,0.0
50,25.4,0.0,0.0,0.5925
51,28.31,0.0,0.0,0.5925
52,14.12,1.0,0.0,0.5925
53,22.76,1.0,0.0,1.5198
54,23.89,1.0,0.0,2.4472
55,24.65,0.0,0.0,3.3746
56,29.4,0.0,0.0,3.3746
57,54.27,0.0,1.0,3.3746
58,22.42,1.0,0.0,2.2962
59,39.04,0.0,1.0,3.2236
60,14.33,1.0,0.0,2.1453
61,22.76,1.0,0.0,3.0726
62,29.29,0.0,0.0,4.0
63,38.65,0.0,0.7094,4.0
64,45.76,0.0,1.0,3.235
65,51.33,0.0,1.0,2.1567
66,35.61,0.0,0.0,1.0783
67,33.71,0.0,0.0,1.0783
68,50.79,0.0,1.0,1.0783
69,32.84,0.0,0.0,0.0
70,21.06,1.0,0.0,0.0
71,21.13,1.0,0.0,0.9274
72,18.45,1.0,0.0,1.8547
73,28.57,0.0,0.0,2.7821
74,24.13,0.3133,0.0,2.7821
75,28.9,0.0,0.0,3.0726
76,20.25,1.0,0.0,3.0726
77,26.91,0.0,0.0,4.0
78,35.06,0.0,1.0,4.0
79,27.66,0.0,0.0,2.9217
80,37.98,0.0,1.0,2.9217
81,25.51,0.0,0.0,1.8433
82,26.73,0.0,0.0,1.8433
83,24.34,0.3256,0.0,1.8433
84,16.99,1.0,0.0,2.1453
85,30.35,0.0,0.0,3.0726
86,23.47,1.0,0.0,3.0726
87,31.62,0.0,0.0,4.0
88,42.22,0.0,1.0,4.0
89,45.46,0.0,1.0,2.9217
90,50.79,0.0,1.0,1.8433
91,38.28,0.0,0.7094,0.765
92,32.43,0.0,0.0,0.0
93,34.14,0.0,0.0,0.0
94,18.24,1.0,0.0,0.0
95,18.93,1.0,0.0,0.9274
96,16.02,1.0,0.0,1.8547
97,16.93,1.0,0.0,2.7821
98,26.4,0.0,1.0,3.7094
99,16.53,1.0,0.0,2.6311
100,20.6,0.4761,0.0,3.5585
101,40.11,0.0,1.0,4.0
102,24.87,0.0,0.0,2.9217
103,-9.52,1.0,0.0,2.9217
104,23.35,0.1628,0.0,3.849
105,29.93,0.0,0.86,4.0
106,21.77,1.0,0.0,3.0726
107,24.7,0.0,0.0,4.0
108,34.65,0.0,1.0,4.0
109,13.98,1.0,0.0,2.9217
110,32.21,0.0,0.0,3.849
111,34.21,0.0,0.72,3.849
112,28.98,0.0,0.0,3.0726
113,23.44,1.0,0.0,3.0726
114,41.27,0.0,1.0,4.0
115,32.92,0.0,0.0,2.9217
116,40.8,0.0,1.0,2.9217
117,35.38,0.0,0.7094,1.8433
118,57.67,0.0,1.0,1.0783
119,28.9,0.0,0.0,0.0
120,17.79,1.0,0.0,0.0
121,25.56,0.0,0.0,0.9274
122,24.79,0.3256,0.0,0.9274
123,36.53,0.0,1.0,1.2293
124,-14.94,1.0,0.0,0.151
125,28.84,0.0,0.0,1.0783
126,47.01,0.0,1.0,1.0783
127,20.33,1.0,0.0,0.0
128,25.88,0.0,0.0,0.9274
129,23.25,1.0,0.0,0.9274
130,26.48,0.0,0.0,1.8547
131,17.18,1.0,0.0,1.8547
132,32.25,0.0,1.0,2.7821
133,23.68,0.4761,0.0,1.7038
134,16.53,1.0,0.0,2.1453
135,22.06,1.0,0.0,3.0726
136,39.82,0.0,0.0,4.0
137,52.14,0.0,1.0,4.0
138,80.94,0.0,1.0,2.9217
139,109.88,0.0,1.0,1.8433
140,43.48,0.0,0.7094,0.765
141,24.83,0.1628,0.0,0.0
142,15.61,1.0,0.0,0.151
143,34.51,0.0,1.0,1.0783
144,19.15,1.0,0.0,0.0
145,20.76,1.0,0.0,0.9274
146,-14.86,1.0,0.0,1.8547
147,21.61,0.4761,0.0,2.7821
148,34.15,0.0,1.0,3.2236
149,26.89,0.0,0.0,2.1453
150,26.65,0.0,0.0,2.1453
151,21.45,1.0,0.0,2.1453
152,18.01,1.0,0.0,3.0726
153,27.13,0.0,0.0,4.0
154,29.79,0.0,0.0,4.0
155,51.65,0.0,1.0,4.0
156,27.03,0.0,0.0,2.9217
157,36.1,0.0,1.0,2.9217
158,23.23,1.0,0.0,1.8433
159,20.79,1.0,0.0,2.7707
160,25.45,0.3256,0.0,3.6981
161,30.17,0.0,0.0,4.0
162,84.75,0.0,1.0,4.0
163,29.73,0.0,0.0,2.9217
164,50.44,0.0,1.0,2.9217
165,25.6,0.3379,0.0,1.8433
166,45.61,0.0,1.0,2.1567
167,35.95,0.0,1.0,1.0783
168,24.1,0.0,0.0,0.0
169,23.66,0.3133,0.0,0.0
170,18.25,1.0,0.0,0.2906
171,26.53,0.0,0.0,1.2179
172,20.05,1.0,0.0,1.2179
173,16.58,1.0,0.0,2.1453
174,18.01,1.0,0.0,3.0726
175,32.74,0.0,0.0,4.0
176,56.26,0.0,1.0,4.0
177,34.01,0.0,0.0,2.9217
178,29.12,0.0,0.0,2.9217
179,30.74,0.0,0.0,2.9217
180,40.78,0.0,1.0,2.9217
181,27.63,0.3256,0.0,1.8433
182,23.96,1.0,0.0,2.1453
183,-15.68,1.0,0.0,3.0726
184,41.46,0.0,1.0,4.0
185,66.56,0.0,1.0,2.9217
186,42.9,0.0,1.0,1.8433
187,25.81,1.0,0.0,0.765
188,23.3,1.0,0.0,1.6924
189,62.57,0.0,1.0,2.6197
190,60.18,0.0,1.0,1.5414
191,29.51,0.0,0.0,0.4631
192,22.26,1.0,0.0,0.4631
193,40.04,0.0,1.0,1.3904
194,15.58,1.0,0.0,0.3121
195,16.6,1.0,0.0,1.2395
196,29.45,0.0,0.0,2.1668
197,22.17,1.0,0.0,2.1668
198,28.12,0.0,0.0,3.0942
199,29.11,0.0,0.0,3.0942
200,36.43,0.0,1.0,3.0942
201,52.63,0.0,1.0,2.0159
202,31.33,0.0,0.0,0.9375
203,34.85,0.0,0.8694,0.9375
204,12.6,1.0,0.0,0.0
205,25.16,1.0,0.0,0.9274
206,20.6,1.0,0.0,1.8547
207,20.55,1.0,0.0,2.7821
208,26.24,0.3133,0.0,3.7094
209,34.59,0.0,0.5694,4.0
210,55.44,0.0,1.0,3.3859
211,24.91,1.0,0.0,2.3076
212,38.02,0.0,1.0,3.235
213,29.64,0.0,0.0,2.1567
214,29.35,0.0,0.0,2.1567
215,44.63,0.0,1.0,2.1567
216,30.73,0.0,0.0,1.0783
217,38.33,0.0,1.0,1.0783
218,21.75,1.0,0.0,0.0
219,17.79,1.0,0.0,0.9274
220,21.74,1.0,0.0,1.8547
221,27.71,0.0,0.0,2.7821
222,29.96,0.0,0.0,2.7821
223,21.09,1.0,0.0,2.7821
224,33.41,0.0,0.44,3.7094
225,34.84,0.0,1.0,3.235
226,73.26,0.0,1.0,2.1567
227,53.65,0.0,1.0,1.0783
228,19.15,1.0,0.0,0.0
229,23.14,1.0,0.0,0.9274
230,16.58,1.0,0.0,1.8547
231,-16.0,1.0,0.0,2.7821
232,39.85,0.0,1.0,3.7094
233,59.3,0.0,1.0,2.6311
234,31.18,0.0,0.3,1.5528
235,31.52,0.0,1.0,1.2293
236,17.74,1.0,0.0,0.151
237,33.17,0.0,1.0,1.0783
238,22.7,0.4761,0.0,0.0
239,26.11,0.0,0.0,0.4415
240,18.73,1.0,0.0,0.4415
241,23.23,0.0,0.0,1.3689
242,12.41,1.0,0.0,1.3689
243,13.58,1.0,0.0,2.2962
244,49.54,0.0,1.0,3.2236
245,16.22,1.0,0.0,2.1453
246,19.19,1.0,0.0,3.0726
247,58.63,0.0,1.0,4.0
248,89.48,0.0,1.0,2.9217
249,21.34,1.0,0.0,1.8433
250,26.68,0.4884,0.0,2.7707
251,31.35,0.0,0.0,3.2236
252,47.29,0.0,1.0,3.2236
253,18.12,1.0,0.0,2.1453
254,25.39,1.0,0.0,3.0726
255,41.32,0.0,1.0,4.0
256,41.54,0.0,1.0,2.9217
257,34.09,0.0,0.0,1.8433
258,38.4,0.0,1.0,1.8433
259,24.49,1.0,0.0,0.765
260,34.6,0.0,0.5694,1.6924
261,31.98,0.0,0.0,1.0783
262,35.71,0.0,1.0,1.0783
263,25.87,1.0,0.0,0.0
264,30.02,0.0,0.0,0.9274
265,34.22,0.0,0.86,0.9274
266,24.24,1.0,0.0,0.0
267,25.67,0.3133,0.0,0.9274
268,23.96,1.0,0.0,1.2179
269,25.46,1.0,0.0,2.1453
270,21.88,1.0,0.0,3.0726
271,34.43,0.0,0.0,4.0
272,31.29,0.0,0.0,4.0
273,66.91,0.0,1.0,4.0
274,52.64,0.0,1.0,2.9217
275,31.84,0.0,0.0,1.8433
276,-1.74,1.0,0.0,1.8433
277,17.34,1.0,0.0,2.7707
278,41.98,0.0,1.0,3.6981
279,34.51,0.0,0.1494,2.6197
280,42.21,0.0,1.0,2.4586
281,21.11,1.0,0.0,1.3803
282,55.67,0.0,1.0,2.3076
283,46.46,0.0,1.0,1.2293
284,25.5,1.0,0.0,0.151
285,29.77,0.0,0.0,1.0783
286,36.1,0.0,1.0,1.0783
287,32.0,0.0,0.0,0.0
288,22.98,1.0,0.0,0.0
289,23.15,1.0,0.0,0.9274
290,21.02,1.0,0.0,1.8547
291,23.94,1.0,0.0,2.7821
292,39.36,0.0,1.0,3.7094
293,10.37,1.0,0.0,2.6311
294,25.93,0.4761,0.0,3.5585
295,32.79,0.0,0.58,4.0
296,35.9,0.0,1.0,3.3746
297,28.24,0.0,0.0,2.2962
298,16.41,1.0,0.0,2.2962
299,31.2,0.0,0.0,3.2236
300,47.26,0.0,1.0,3.2236
301,14.96,1.0,0.0,2.1453
302,-6.19,1.0,0.0,3.0726
303,28.06,0.0,0.0,4.0
304,34.92,0.0,0.86,4.0
305,26.9,1.0,0.0,3.0726
306,35.79,0.0,0.0,4.0
307,62.46,0.0,1.0,4.0
308,46.12,0.0,0.5694,2.9217
309,64.38,0.0,1.0,2.3076
310,49.71,0.0,1.0,1.2293
311,36.64,1.0,0.0,0.151
312,46.86,0.0,1.0,1.0783
313,27.99,1.0,0.0,0.0
314,30.67,0.0,0.0,0.9274
315,20.46,1.0,0.0,0.9274
316,24.07,1.0,0.0,1.8547
317,19.94,1.0,0.0,2.7821
318,39.83,0.0,1.0,3.7094
319,20.41,1.0,0.0,2.6311
320,42.57,0.0,1.0,3.5585
321,30.09,0.0,0.0,2.4802
322,45.73,0.0,1.0,2.4802
323,36.18,0.0,0.02,1.4018
324,48.83,0.0,1.0,1.3803
325,33.05,0.0,0.0,0.3019
326,15.96,1.0,0.0,0.3019
327,30.75,0.0,0.0,1.2293
328,23.67,1.0,0.0,1.2293
329,32.43,0.0,0.0,2.1567
330,68.29,0.0,1.0,2.1567
331,49.53,0.0,1.0,1.0783
332,29.45,0.0,0.0,0.0
333,24.62,1.0,0.0,0.0
334,33.3,0.0,0.0,0.9274
335,20.53,1.0,0.0,0.9274
336,20.13,1.0,0.0,1.8547
337,26.78,1.0,0.0,2.7821
338,34.4,0.0,1.0,3.7094
339,28.09,0.0,0.0,2.6311
340,10.55,1.0,0.0,2.6311
341,28.32,0.0,0.0,3.5585
342,28.89,0.0,0.0,3.5585
343,35.63,0.0,1.0,3.5585
344,56.99,0.0,1.0,2.4802
345,15.62,1.0,0.0,1.4018
346,24.68,1.0,0.0,2.3292
347,34.21,0.0,0.1706,3.2565
348,14.84,1.0,0.0,3.0726
349,42.9,0.0,1.0,4.0
350,31.47,1.0,0.0,2.9217
351,42.34,0.0,1.0,3.849
352,29.22,1.0,0.0,2.7707
353,51.7,0.0,1.0,3.6981
354,58.49,0.0,1.0,2.6197
355,42.99,0.0,1.0,1.5414
356,40.83,0.0,0.4294,0.4631
357,38.6,0.0,0.0,0.0
358,24.34,1.0,0.0,0.0
359,29.84,0.0,0.0,0.9274
360,24.13,1.0,0.0,0.9274
361,27.45,0.0,0.0,1.8547
362,32.57,0.0,0.4506,1.8547
363,15.67,1.0,0.0,1.3689
364,22.51,1.0,0.0,2.2962
365,42.75,0.0,1.0,3.2236
366,21.71,1.0,0.0,2.1453
367,23.12,1.0,0.0,3.0726
368,34.75,0.0,0.0,4.0
369,43.22,0.0,1.0,4.0
370,30.47,0.6634,0.0,2.9217
371,44.29,0.0,1.0,3.5369
372,-5.36,1.0,0.0,2.4586
373,34.36,0.0,0.0,3.3859
374,33.59,0.0,0.0,3.3859
375,71.1,0.0,1.0,3.3859
376,33.21,0.0,0.0,2.3076
377,19.28,1.0,0.0,2.3076
378,70.55,0.0,1.0,3.235
379,33.76,0.0,0.0,2.1567
380,39.06,0.0,1.0,2.1567
381,55.53,0.0,1.0,1.0783
382,18.79,1.0,0.0,0.0
383,20.28,1.0,0.0,0.9274
384,14.53,1.0,0.0,1.8547
385,18.18,1.0,0.0,2.7821
386,26.78,0.0,0.4506,3.7094
387,27.27,0.0,1.0,3.2236
388,25.9,0.0,0.0,2.1453
389,15.52,1.0,0.0,2.1453
390,12.55,1.0,0.0,3.0726
391,31.42,0.0,0.0,4.0
392,27.44,0.0,0.0,4.0
393,37.77,0.0,1.0,4.0
394,38.81,0.0,1.0,2.9217
395,29.2,0.3256,0.0,1.8433
396,33.69,0.0,0.0,2.1453
397,27.73,1.0,0.0,2.1453
398,33.31,0.0,0.0,3.0726
399,24.6,1.0,0.0,3.0726
400,33.51,0.0,0.0,4.0
401,41.66,0.0,1.0,4.0
402,53.62,0.0,1.0,2.9217
403,34.53,0.0,0.0,1.8433
404,45.14,0.0,1.0,1.8433
405,31.99,0.0,0.0,0.765
406,31.59,0.3379,0.0,0.765
407,42.01,0.0,1.0,1.0783
408,12.67,1.0,0.0,0.0
409,15.25,1.0,0.0,0.9274
410,13.67,1.0,0.0,1.8547
411,10.03,1.0,0.0,2.7821
412,18.55,0.3133,0.0,3.7094
413,33.09,0.0,1.0,4.0
414,25.5,1.0,0.0,2.9217
415,33.03,0.0,0.5694,3.849
416,47.39,0.0,1.0,3.235
417,51.19,0.0,1.0,2.1567
418,29.63,0.0,0.0,1.0783
419,44.68,0.0,1.0,1.0783
420,26.67,0.0,0.0,0.0
421,19.09,1.0,0.0,0.0
422,22.47,1.0,0.0,0.9274
423,18.75,1.0,0.0,1.8547
424,26.15,0.814,0.0,2.7821
425,34.3,0.0,1.0,3.5369
426,53.31,0.0,1.0,2.4586
427,72.37,0.0,1.0,1.3803
428,23.19,1.0,0.0,0.3019
429,40.29,0.0,1.0,1.2293
430,22.87,1.0,0.0,0.151
431,37.1,0.0,1.0,1.0783
432,24.31,0.4761,0.0,0.0
433,12.65,1.0,0.0,0.4415
434,31.77,0.0,1.0,1.3689
435,18.37,1.0,0.0,0.2906
436,19.51,1.0,0.0,1.2179
437,17.51,1.0,0.0,2.1453
438,22.4,1.0,0.0,3.0726
439,35.8,0.0,0.0,4.0
440,30.3,0.0,0.0,4.0
441,36.08,0.0,0.72,4.0
442,34.45,0.0,0.0,3.2236
443,44.16,0.0,1.0,3.2236
444,22.9,1.0,0.0,2.1453
445,-14.27,1.0,0.0,3.0726
446,40.2,0.0,0.86,4.0
447,28.03,1.0,0.0,3.0726
448,52.7,0.0,1.0,4.0
449,44.47,0.0,0.0,2.9217
450,38.43,0.0,0.0,2.9217
451,44.77,0.0,0.7094,2.9217
452,74.46,0.0,1.0,2.1567
453,72.64,0.0,1.0,1.0783
454,33.73,0.0,0.0,0.0
455,33.24,0.0,0.0,0.0
456,37.1,0.0,0.0,0.0
457,17.86,1.0,0.0,0.0
458,25.8,0.0,0.0,0.9274
459,22.49,0.0,0.0,0.9274
460,26.25,0.0,0.0,0.9274
461,19.02,1.0,0.0,0.9274
462,16.15,1.0,0.0,1.8547
463,14.92,1.0,0.0,2.7821
464,21.89,0.3133,0.0,3.7094
465,27.39,0.0,0.0,4.0
466,27.39,0.0,0.0,4.0
467,54.8,0.0,1.0,4.0
468,38.03,0.0,1.0,2.9217
469,-13.98,1.0,0.0,1.8433
470,31.25,0.0,0.0,2.7707
471,27.3,1.0,0.0,2.7707
472,32.3,0.0,0.0,3.6981
473,41.49,0.0,1.0,3.6981
474,49.98,0.0,1.0,2.6197
475,35.19,0.0,0.1494,1.5414
476,54.58,0.0,1.0,1.3803
477,23.54,1.0,0.0,0.3019
478,32.99,0.0,0.0,1.2293
479,78.0,0.0,1.0,1.2293
480,27.52,1.0,0.0,0.151
481,39.64,0.0,1.0,1.0783
482,23.7,1.0,0.0,0.0
483,27.82,0.0,0.0,0.9274
484,23.05,1.0,0.0,0.9274
485,23.98,1.0,0.0,1.8547
486,21.44,1.0,0.0,2.7821
487,35.83,0.0,1.0,3.7094
488,24.03,1.0,0.0,2.6311
489,40.6,0.0,1.0,3.5585
490,44.38,0.0,1.0,2.4802
491,31.63,0.0,1.0,1.4018
492,23.36,1.0,0.0,0.3235
493,30.0,0.0,0.0,1.2509
494,24.83,0.7784,0.0,1.2509
495,43.68,0.0,1.0,1.9727
496,18.8,1.0,0.0,0.8944
497,34.57,0.0,1.0,1.8218
498,20.05,1.0,0.0,0.7435
499,23.48,1.0,0.0,1.6708
500,60.63,0.0,1.0,2.5982
501,48.03,0.0,1.0,1.5198
502,25.59,0.0,0.0,0.4415
503,18.57,1.0,0.0,0.4415
504,9.02,1.0,0.0,1.3689
505,19.85,1.0,0.0,2.2962
506,53.56,0.0,1.0,3.2236
507,26.43,0.0,0.0,2.1453
508,19.33,1.0,0.0,2.1453
509,29.96,0.0,0.0,3.0726
510,16.31,1.0,0.0,3.0726
511,27.78,0.0,0.0,4.0
512,33.52,0.0,0.0,4.0
513,31.21,0.0,0.0,4.0
514,40.03,0.0,1.0,4.0
515,31.38,0.0,0.0,2.9217
516,32.63,0.0,0.0,2.9217
517,20.11,1.0,0.0,2.9217
518,37.88,0.0,1.0,3.849
519,55.68,0.0,1.0,2.7707
520,25.41,1.0,0.0,1.6924
521,28.5,1.0,0.0,2.6197
522,64.22,0.0,1.0,3.5471
523,37.06,0.0,0.1494,2.4688
524,61.48,0.0,1.0,2.3076
525,30.07,0.0,0.0,1.2293
526,54.78,0.0,1.0,1.2293
527,32.9,0.0,0.0,0.151
528,27.86,1.0,0.0,0.151
529,41.51,0.0,1.0,1.0783
530,20.23,1.0,0.0,0.0
531,16.33,1.0,0.0,0.9274
532,20.1,1.0,0.0,1.8547
533,29.82,0.0,1.0,2.7821
534,16.29,1.0,0.0,1.7038
535,38.53,0.0,1.0,2.6311
536,26.81,0.0,0.1706,1.5528
537,48.07,0.0,1.0,1.3689
538,13.13,1.0,0.0,0.2906
539,21.12,1.0,0.0,1.2179
540,14.31,1.0,0.0,2.1453
541,19.17,1.0,0.0,3.0726
542,30.17,0.0,0.0,4.0
543,29.57,0.0,0.0,4.0
544,32.65,0.0,0.0,4.0
545,36.78,0.0,0.0,4.0
546,43.21,0.0,1.0,4.0
547,27.84,1.0,0.0,2.9217
548,48.17,0.0,1.0,3.849
549,44.28,0.0,1.0,2.7707
550,37.67,0.0,0.4294,1.6924
551,38.18,0.0,1.0,1.2293
552,28.24,1.0,0.0,0.151
553,48.94,0.0,1.0,1.0783
554,22.27,0.0,0.0,0.0
555,20.39,0.3133,0.0,0.0
556,18.07,1.0,0.0,0.2906
557,17.74,1.0,0.0,1.2179
558,18.22,1.0,0.0,2.1453
559,22.58,0.0,0.0,3.0726
560,-6.64,1.0,0.0,3.0726
561,36.16,0.0,1.0,4.0
562,30.9,0.0,0.0,2.9217
563,21.28,1.0,0.0,2.9217
564,35.39,0.0,1.0,3.849
565,33.15,0.0,0.58,2.7707
566,26.16,1.0,0.0,2.1453
567,25.05,1.0,0.0,3.0726
568,43.23,0.0,1.0,4.0
569,41.53,0.0,1.0,2.9217
570,24.24,1.0,0.0,1.8433
571,38.7,0.0,1.0,2.7707
572,41.23,0.0,1.0,1.6924
573,25.63,1.0,0.0,0.6141
574,35.18,0.0,0.2894,1.5414
575,18.89,1.0,0.0,1.2293
576,40.63,0.0,1.0,2.1567
577,37.16,0.0,1.0,1.0783
578,21.02,1.0,0.0,0.0
579,25.78,0.0,0.0,0.9274
580,10.12,1.0,0.0,0.9274
581,16.98,1.0,0.0,1.8547
582,25.42,0.3023,0.0,2.7821
583,21.18,1.0,0.0,3.0625
584,41.57,0.0,1.0,3.9898
585,64.71,0.0,1.0,2.9115
586,20.11,1.0,0.0,1.8332
587,20.75,1.0,0.0,2.7605
588,28.04,0.0,0.0,3.6879
589,44.98,0.0,1.0,3.6879
590,18.04,1.0,0.0,2.6096
591,34.35,0.0,1.0,3.5369
592,67.5,0.0,1.0,2.4586
593,21.81,1.0,0.0,1.3803
594,25.7,0.0,0.0,2.3076
595,34.17,0.0,1.0,2.3076
596,-16.08,1.0,0.0,1.2293
597,46.66,0.0,1.0,2.1567
598,35.83,0.0,1.0,1.0783
599,16.88,1.0,0.0,0.0
600,30.49,0.0,0.0,0.9274
601,19.61,1.0,0.0,0.9274
602,35.86,0.0,1.0,1.8547
603,18.22,1.0,0.0,0.7764
604,18.82,1.0,0.0,1.7038
605,30.77,0.0,0.0306,2.6311
606,36.79,0.0,1.0,2.5982
607,36.06,0.0,1.0,1.5198
608,17.95,1.0,0.0,0.4415
609,38.83,0.0,1.0,1.3689
610,21.14,1.0,0.0,0.2906
611,30.21,0.0,0.0,1.2179
612,15.69,1.0,0.0,1.2179
613,29.92,0.0,0.0,2.1453
614,20.86,1.0,0.0,2.1453
615,20.1,1.0,0.0,3.0726
616,45.81,0.0,1.0,4.0
617,42.32,0.0,1.0,2.9217
618,32.46,0.0,0.0,1.8433
619,65.86,0.0,1.0,1.8433
620,32.24,0.0,0.0,0.765
621,35.51,0.0,0.0,0.765
622,36.17,0.0,0.7094,0.765
623,25.3,0.0,0.0,0.0
624,30.02,0.0,0.0,0.0
625,19.92,1.0,0.0,0.0
626,19.88,1.0,0.0,0.9274
627,36.57,0.0,1.0,1.8547
628,16.34,1.0,0.0,0.7764
629,10.94,1.0,0.0,1.7038
630,49.51,0.0,1.0,2.6311
631,75.24,0.0,1.0,1.5528
632,28.09,0.0,0.0,0.4745
633,16.33,1.0,0.0,0.4745
634,27.23,0.0,0.0,1.4018
635,25.17,0.8017,0.0,1.4018
636,24.16,1.0,0.0,2.1453
637,17.33,1.0,0.0,3.0726
638,33.89,0.0,0.0,4.0
639,37.83,0.0,0.86,4.0
640,21.15,1.0,0.0,3.0726
641,49.67,0.0,1.0,4.0
642,82.55,0.0,1.0,2.9217
643,42.09,0.0,1.0,1.8433
644,33.43,0.0,0.0,0.765
645,33.41,0.0,0.0,0.765
646,40.84,0.0,0.7094,0.765
647,17.15,1.0,0.0,0.0
648,26.96,1.0,0.0,0.9274
649,20.94,1.0,0.0,1.8547
650,43.84,0.0,1.0,2.7821
651,21.36,1.0,0.0,1.7038
652,42.16,0.0,1.0,2.6311
653,17.3,1.0,0.0,1.5528
654,34.6,0.0,1.0,2.4802
655,34.47,0.0,1.0,1.4018
656,23.88,1.0,0.0,0.3235
657,34.23,0.0,0.16,1.2509
658,46.4,0.0,1.0,1.0783
659,24.84,1.0,0.0,0.0
660,14.28,1.0,0.0,0.9274
661,25.44,0.4761,0.0,1.8547
662,20.18,1.0,0.0,2.2962
663,27.93,0.0,0.0,3.2236
664,34.68,0.0,1.0,3.2236
665,21.41,1.0,0.0,2.1453
666,22.86,1.0,0.0,3.0726
667,46.92,0.0,1.0,4.0
668,31.33,0.0,0.0,2.9217
669,14.31,1.0,0.0,2.9217
670,43.33,0.0,1.0,3.849
671,34.57,0.0,1.0,2.7707
672,19.83,1.0,0.0,1.6924
673,15.14,1.0,0.0,2.6197
674,30.76,0.0,0.0,3.5471
675,25.65,0.4884,0.0,3.5471
676,54.15,0.0,1.0,4.0
677,29.49,0.1628,0.0,2.9217
678,32.27,0.0,0.0,3.0726
679,29.08,1.0,0.0,3.0726
680,43.09,0.0,1.0,4.0
681,40.03,0.0,1.0,2.9217
682,47.05,0.0,1.0,1.8433
683,23.18,1.0,0.0,0.765
684,22.17,1.0,0.0,1.6924
685,21.64,1.0,0.0,2.6197
686,36.49,0.0,0.2894,3.5471
687,53.19,0.0,1.0,3.235
688,30.39,0.0,0.0,2.1567
689,33.52,0.0,0.0,2.1567
690,44.92,0.0,1.0,2.1567
691,36.37,0.0,0.0,1.0783
692,52.49,0.0,1.0,1.0783
693,15.97,1.0,0.0,0.0
694,24.65,0.0,0.0,0.9274
695,23.9,0.0,0.0,0.9274
696,11.3,1.0,0.0,0.9274
697,17.14,1.0,0.0,1.8547
698,16.67,1.0,0.0,2.7821
699,21.16,0.3133,0.0,3.7094
700,34.72,0.0,1.0,4.0
701,23.37,0.1628,0.0,2.9217
702,19.64,1.0,0.0,3.0726
703,30.22,0.0,0.72,4.0
704,46.74,0.0,1.0,3.2236
705,22.86,1.0,0.0,2.1453
706,22.07,1.0,0.0,3.0726
707,33.83,0.0,1.0,4.0
708,23.9,1.0,0.0,2.9217
709,32.1,0.0,1.0,3.849
710,27.54,0.0,0.0,2.7707
711,40.25,0.0,1.0,2.7707
712,24.84,0.6634,0.0,1.6924
713,38.72,0.0,1.0,2.3076
714,37.38,0.0,1.0,1.2293
715,25.9,0.0,0.0,0.151
716,21.76,1.0,0.0,0.151
717,44.64,0.0,1.0,1.0783
718,29.12,0.0,0.0,0.0
719,21.97,0.0,0.0,0.0
720,24.62,1.0,0.0,0.0
721,35.63,0.0,0.86,0.9274
722,10.33,1.0,0.0,0.0
723,13.45,1.0,0.0,0.9274
724,17.03,1.0,0.0,1.8547
725,42.46,0.0,1.0,2.7821
726,31.1,0.0,0.0,1.7038
727,40.33,0.0,1.0,1.7038
728,21.72,1.0,0.0,0.6254
729,21.74,1.0,0.0,1.5528
730,35.51,0.0,1.0,2.4802
731,28.39,0.4651,0.0,1.4018
732,31.29,0.0,0.0,1.8332
733,-6.92,1.0,0.0,1.8332
734,30.5,0.0,0.0,2.7605
735,33.28,0.0,0.0,2.7605
736,46.85,0.0,1.0,2.7605
737,51.58,0.0,1.0,1.6822
738,22.83,1.0,0.0,0.6039
739,18.05,1.0,0.0,1.5312
740,53.42,0.0,1.0,2.4586
741,53.22,0.0,1.0,1.3803
742,23.04,1.0,0.0,0.3019
743,16.39,1.0,0.0,1.2293
744,761.0,0.0,1.0,2.1567
745,33.26,0.0,0.0,1.0783
746,43.07,0.0,1.0,1.0783
747,27.2,1.0,0.0,0.0
748,20.65,1.0,0.0,0.9274
749,18.62,1.0,0.0,1.8547
750,28.29,0.0,0.0,2.7821
751,27.76,0.3133,0.0,2.7821
752,22.7,1.0,0.0,3.0726
753,65.89,0.0,1.0,4.0
754,56.71,0.0,1.0,2.9217
755,41.41,0.0,0.0,1.8433
756,18.71,1.0,0.0,1.8433
757,34.52,1.0,0.0,2.7707
758,34.61,0.3256,0.0,3.6981
759,36.76,0.0,0.0,4.0
760,55.26,0.0,1.0,4.0
761,48.57,0.0,0.7094,2.9217
762,52.14,0.0,1.0,2.1567
763,49.53,0.0,1.0,1.0783
764,42.39,0.0,0.0,0.0
765,18.81,1.0,0.0,0.0
766,33.9,0.0,0.0,0.9274
767,25.87,1.0,0.0,0.9274
768,16.27,1.0,0.0,1.8547
769,43.26,0.0,1.0,2.7821
770,42.05,0.0,1.0,1.7038
771,36.53,0.0,0.0306,0.6254
772,25.72,1.0,0.0,0.5925
773,40.85,0.0,1.0,1.5198
774,28.29,1.0,0.0,0.4415
775,33.1,0.0,0.0,1.3689
776,22.08,1.0,0.0,1.3689
777,36.96,0.0,1.0,2.2962
778,31.01,0.0,0.0,1.2179
779,17.64,1.0,0.0,1.2179
780,25.37,1.0,0.0,2.1453
781,24.89,1.0,0.0,3.0726
782,51.91,0.0,1.0,4.0
783,43.06,0.0,1.0,2.9217
784,35.83,0.0,0.0,1.8433
785,42.43,0.0,1.0,1.8433
786,40.87,0.0,0.7094,0.765
787,36.92,0.0,0.0,0.0
788,25.76,1.0,0.0,0.0
789,33.31,0.0,0.5906,0.9274
790,25.36,1.0,0.0,0.2906
791,20.29,1.0,0.0,1.2179
792,30.45,0.0,0.0,2.1453
793,27.53,0.0,0.0,2.1453
794,12.29,1.0,0.0,2.1453
795,21.75,1.0,0.0,3.0726
796,33.33,0.0,0.8694,4.0
797,36.89,0.0,1.0,3.0625
798,40.35,0.0,1.0,1.9841
799,31.25,0.0,0.0,0.9058
800,24.09,1.0,0.0,0.9058
801,22.01,1.0,0.0,1.8332
802,34.25,0.0,1.0,2.7605
803,31.77,0.0,0.0,1.6822
804,-7.52,1.0,0.0,1.6822
805,37.62,0.0,1.0,2.6096
806,26.42,1.0,0.0,1.5312
807,20.37,1.0,0.0,2.4586
808,31.92,0.0,0.0,3.3859
809,41.96,0.0,1.0,3.3859
810,37.5,0.0,1.0,2.3076
811,32.38,0.0,0.0,1.2293
812,41.1,0.0,1.0,1.2293
813,29.44,0.0,0.0,0.151
814,26.43,1.0,0.0,0.151
815,35.05,0.0,1.0,1.0783
816,22.12,0.4761,0.0,0.0
817,26.15,0.0,0.0,0.4415
818,25.27,0.0,0.0,0.4415
819,15.24,1.0,0.0,0.4415
820,19.87,1.0,0.0,1.3689
821,42.11,0.0,1.0,2.2962
822,18.76,1.0,0.0,1.2179
823,14.7,1.0,0.0,2.1453
824,16.88,1.0,0.0,3.0726
825,32.5,0.0,0.72,4.0
826,30.69,0.0,0.0,3.2236
827,26.7,0.0,0.0,3.2236
828,39.5,0.0,1.0,3.2236
829,10.04,1.0,0.0,2.1453
830,-8.58,1.0,0.0,3.0726
831,54.39,0.0,1.0,4.0
832,24.05,1.0,0.0,2.9217
833,34.05,0.0,0.0094,3.849
834,30.92,0.0,0.0,3.8388
835,28.98,0.0,0.0,3.8388
836,33.56,0.0,0.0,3.8388
837,57.88,0.0,1.0,3.8388
838,62.64,0.0,1.0,2.7605
839,27.94,0.0,0.0,1.6822
840,49.6,0.0,1.0,1.6822
841,24.31,1.0,0.0,0.6039
842,42.42,0.0,1.0,1.5312
843,21.98,1.0,0.0,0.4529
844,24.63,1.0,0.0,1.3803
845,28.94,0.0,0.0,2.3076
846,85.72,0.0,1.0,2.3076
847,41.53,0.0,1.0,1.2293
848,25.28,1.0,0.0,0.151
849,45.16,0.0,1.0,1.0783
850,26.75,0.3256,0.0,0.0
851,23.44,1.0,0.0,0.3019
852,35.5,0.0,1.0,1.2293
853,25.88,1.0,0.0,0.151
854,30.51,0.0,0.0,1.0783
855,31.64,0.0,0.0,1.0783
856,40.15,0.0,1.0,1.0783
857,-15.15,1.0,0.0,0.0
858,20.43,1.0,0.0,0.9274
859,50.05,0.0,1.0,1.8547
860,26.68,0.0,0.0,0.7764
861,21.2,1.0,0.0,0.7764
862,32.26,0.0,0.58,1.7038
863,32.37,0.0,1.0,1.0783
864,19.97,1.0,0.0,0.0
865,32.12,0.0,0.86,0.9274
866,14.36,1.0,0.0,0.0
867,19.69,1.0,0.0,0.9274
868,19.17,1.0,0.0,1.8547
869,25.05,0.0,0.0,2.7821
870,31.07,0.0,0.3106,2.7821
871,21.67,1.0,0.0,2.4472
872,41.72,0.0,1.0,3.3746
873,32.89,0.0,1.0,2.2962
874,15.66,1.0,0.0,1.2179
875,14.02,1.0,0.0,2.1453
876,25.72,0.0,0.0,3.0726
877,23.69,1.0,0.0,3.0726
878,26.69,0.0,0.0,4.0
879,31.18,0.0,0.0,4.0
880,38.62,0.0,1.0,4.0
881,54.19,0.0,1.0,2.9217
882,27.28,0.0,0.0,1.8433
883,26.3,0.0,0.0,1.8433
884,25.66,0.3379,0.0,1.8433
885,38.86,0.0,1.0,2.1567
886,50.91,0.0,1.0,1.0783
887,27.03,0.0,0.0,0.0
888,10.61,1.0,0.0,0.0
889,13.23,1.0,0.0,0.9274
890,17.16,1.0,0.0,1.8547
891,18.68,1.0,0.0,2.7821
892,20.39,0.3133,0.0,3.7094
893,25.81,0.0,0.0,4.0
894,25.27,0.0,0.0,4.0
895,44.52,0.0,1.0,4.0
896,309.52,0.0,1.0,2.9217
897,23.79,1.0,0.0,1.8433
898,35.9,0.0,1.0,2.7707
899,16.26,1.0,0.0,1.6924
900,29.6,0.0,0.0,2.6197
901,26.53,0.4884,0.0,2.6197
902,26.28,1.0,0.0,3.0726
903,54.9,0.0,1.0,4.0
904,28.71,0.1395,0.0,2.9217
905,80.0,0.0,1.0,3.0511
906,37.2,0.0,1.0,1.9727
907,25.35,1.0,0.0,0.8944
908,38.56,0.0,1.0,1.8218
909,24.1,1.0,0.0,0.7435
910,25.31,1.0,0.0,1.6708
911,36.12,0.0,1.0,2.5982
912,30.93,0.0,0.0,1.5198
913,19.32,1.0,0.0,1.5198
914,32.45,0.0,0.0,2.4472
915,34.05,0.0,0.0,2.4472
916,38.89,0.0,1.0,2.4472
917,30.65,0.0,0.0,1.3689
918,45.41,0.0,1.0,1.3689
919,15.96,1.0,0.0,0.2906
920,28.97,0.0,0.0,1.2179
921,23.75,1.0,0.0,1.2179
922,31.66,0.0,0.0,2.1453
923,22.78,1.0,0.0,2.1453
924,24.37,1.0,0.0,3.0726
925,49.47,0.0,1.0,4.0
926,26.08,1.0,0.0,2.9217
927,36.4,0.0,0.0,3.849
928,32.91,0.0,0.0,3.849
929,39.94,0.0,0.0,3.849
930,40.34,0.0,0.5694,3.849
931,46.38,0.0,1.0,3.235
932,56.58,0.0,1.0,2.1567
933,62.52,0.0,1.0,1.0783
934,36.7,0.0,0.0,0.0
935,38.64,0.0,0.0,0.0
936,17.02,1.0,0.0,0.0
937,23.29,1.0,0.0,0.9274
938,31.92,0.0,0.0,1.8547
939,30.75,0.0,0.0,1.8547
940,25.33,1.0,0.0,1.8547
941,34.73,0.0,0.0,2.7821
942,33.46,0.0,0.0,2.7821
943,46.94,0.0,1.0,2.7821
944,35.84,0.0,1.0,1.7038
945,28.41,0.6389,0.0,0.6254
946,34.15,0.0,0.0,1.2179
947,9.98,1.0,0.0,1.2179
948,29.54,0.0,0.0,2.1453
949,7.14,1.0,0.0,2.1453
950,15.14,1.0,0.0,3.0726
951,36.89,0.0,0.5694,4.0
952,42.19,0.0,1.0,3.3859
953,25.9,1.0,0.0,2.3076
954,31.37,0.0,0.0,3.235
955,64.05,0.0,1.0,3.235
956,31.76,0.0,0.0,2.1567
957,77.01,0.0,1.0,2.1567
958,32.91,0.0,0.0,1.0783
959,36.26,0.0,0.0,1.0783
960,44.84,0.0,1.0,1.0783
961,25.14,0.0,0.0,0.0
962,16.17,1.0,0.0,0.0
963,21.85,1.0,0.0,0.9274
964,23.23,1.0,0.0,1.8547
965,15.79,1.0,0.0,2.7821
966,25.77,0.0,0.0,3.7094
967,23.78,0.3133,0.0,3.7094
968,44.76,0.0,1.0,4.0
969,32.57,0.0,1.0,2.9217
970,27.5,0.0,0.0,1.8433
971,26.81,0.0,0.0,1.8433
972,27.93,0.0,0.0,1.8433
973,31.77,0.0,0.58,1.8433
974,19.51,1.0,0.0,1.2179
975,21.87,1.0,0.0,2.1453
976,-1.22,1.0,0.0,3.0726
977,33.67,0.0,1.0,4.0
978,24.52,1.0,0.0,2.9217
979,46.31,0.0,1.0,3.849
980,44.26,0.0,1.0,2.7707
981,20.56,1.0,0.0,1.6924
982,35.69,0.0,1.0,2.6197
983,40.67,0.0,1.0,1.5414
984,29.03,0.0,0.0,0.4631
985,29.96,0.0,0.0,0.4631
986,14.05,1.0,0.0,0.4631
987,25.5,0.814,0.0,1.3904
988,21.16,1.0,0.0,2.1453
989,21.51,1.0,0.0,3.0726
990,38.22,0.0,0.1494,4.0
991,51.75,0.0,1.0,3.8388
992,60.69,0.0,1.0,2.7605
993,50.98,0.0,1.0,1.6822
994,29.22,1.0,0.0,0.6039
995,31.49,0.0,0.0,1.5312
996,33.79,0.0,0.0,1.5312
997,26.71,1.0,0.0,1.5312
998,28.98,1.0,0.0,2.4586
999,42.02,0.0,1.0,3.3859
1000,34.96,0.0,0.0,2.3076
1001,30.14,1.0,0.0,2.3076
1002,34.82,0.0,0.0,3.235
1003,49.5,0.0,1.0,3.235
1004,37.67,0.0,0.0,2.1567
1005,39.57,0.0,1.0,2.1567
1006,41.64,0.0,1.0,1.0783
1007,27.57,0.0,0.0,0.0
1008,33.18,0.0,0.0,0.0
1009,27.42,0.1628,0.0,0.0
1010,14.91,1.0,0.0,0.151
1011,37.62,0.0,1.0,1.0783
1012,19.75,1.0,0.0,0.0
1013,14.27,1.0,0.0,0.9274
1014,19.55,1.0,0.0,1.8547
1015,21.57,1.0,0.0,2.7821
1016,32.98,0.0,0.5906,3.7094
1017,29.24,0.0,0.0,3.0726
1018,26.99,0.0,0.0,3.0726
1019,-18.22,1.0,0.0,3.0726
1020,29.1,0.0,0.0,4.0
1021,28.6,0.0,0.0,4.0
1022,31.95,0.0,0.0,4.0
1023,39.08,0.0,1.0,4.0
1024,17.07,1.0,0.0,2.9217
1025,34.24,0.0,1.0,3.849
1026,18.77,1.0,0.0,2.7707
1027,40.15,0.0,1.0,3.6981
1028,-14.15,1.0,0.0,2.6197
1029,50.65,0.0,1.0,3.5471
1030,49.91,0.0,1.0,2.4688
1031,33.75,0.0,1.0,1.3904
1032,21.38,1.0,0.0,0.3121
1033,28.46,0.0,0.0,1.2395
1034,19.09,1.0,0.0,1.2395
1035,22.7,1.0,0.0,2.1668
1036,33.23,0.0,0.02,3.0942
1037,20.95,1.0,0.0,3.0726
1038,37.37,0.0,1.0,4.0
1039,39.09,0.0,1.0,2.9217
1040,23.19,1.0,0.0,1.8433
1041,45.25,0.0,1.0,2.7707
1042,38.78,0.0,1.0,1.6924
1043,28.84,0.3146,0.0,0.6141
1044,19.79,1.0,0.0,0.9058
1045,18.96,1.0,0.0,1.8332
1046,22.93,1.0,0.0,2.7605
1047,38.09,0.0,1.0,3.6879
1048,-12.15,1.0,0.0,2.6096
1049,45.34,0.0,1.0,3.5369
1050,26.07,1.0,0.0,2.4586
1051,36.92,0.0,1.0,3.3859
1052,39.11,0.0,1.0,2.3076
1053,82.67,0.0,1.0,1.2293
1054,20.34,1.0,0.0,0.151
1055,52.63,0.0,1.0,1.0783
1056,26.84,0.0,0.0,0.0
1057,27.74,0.0,0.0,0.0
1058,23.94,1.0,0.0,0.0
1059,26.54,0.0,0.0,0.9274
1060,22.3,1.0,0.0,0.9274
1061,42.37,0.0,1.0,1.8547
1062,24.02,1.0,0.0,0.7764
1063,45.84,0.0,1.0,1.7038
1064,25.85,1.0,0.0,0.6254
1065,31.51,0.0,0.0,1.5528
1066,20.87,1.0,0.0,1.5528
1067,32.64,0.0,0.1706,2.4802
1068,42.85,0.0,1.0,2.2962
1069,24.92,1.0,0.0,1.2179
1070,25.84,1.0,0.0,2.1453
1071,21.32,1.0,0.0,3.0726
1072,32.95,0.0,0.86,4.0
1073,22.28,1.0,0.0,3.0726
1074,29.25,0.0,0.0,4.0
1075,42.93,0.0,0.5694,4.0
1076,59.72,0.0,1.0,3.3859
1077,93.91,0.0,1.0,2.3076
1078,26.83,1.0,0.0,1.2293
1079,51.96,0.0,1.0,2.1567
1080,1344.45,0.0,1.0,1.0783
1081,22.78,1.0,0.0,0.0
1082,26.73,0.0,0.0,0.9274
1083,23.21,0.3133,0.0,0.9274
1084,24.46,0.0,0.0,1.2179
1085,22.08,1.0,0.0,1.2179
1086,17.28,1.0,0.0,2.1453
1087,17.97,1.0,0.0,3.0726
1088,40.71,0.0,1.0,4.0
1089,29.21,0.0,0.0,2.9217
1090,24.65,1.0,0.0,2.9217
1091,27.92,0.0,0.0,3.849
1092,34.13,0.0,1.0,3.849
1093,27.28,0.3256,0.0,2.7707
1094,22.01,1.0,0.0,3.0726
1095,48.39,0.0,0.0,4.0
1096,62.05,0.0,1.0,4.0
1097,46.26,0.0,0.0,2.9217
1098,56.61,0.0,1.0,2.9217
1099,61.25,0.0,1.0,1.8433
1100,55.9,0.0,0.7094,0.765
1101,43.56,0.0,0.0,0.0
1102,40.62,0.0,0.0,0.0
1103,37.72,0.0,0.0,0.0
1104,17.35,1.0,0.0,0.0
1105,30.7,0.0,0.0,0.9274
1106,14.29,1.0,0.0,0.9274
1107,17.2,1.0,0.0,1.8547
1108,37.14,0.0,1.0,2.7821
1109,34.18,0.0,0.0,1.7038
1110,47.44,0.0,1.0,1.7038
1111,28.05,1.0,0.0,0.6254
1112,-5.51,1.0,0.0,1.5528
1113,29.59,0.0,0.0,2.4802
1114,31.48,0.0,0.0,2.4802
1115,28.62,0.8017,0.0,2.4802
1116,38.43,0.0,1.0,3.2236
1117,22.57,1.0,0.0,2.1453
1118,31.32,0.0,0.0,3.0726
1119,22.29,1.0,0.0,3.0726
1120,41.8,0.0,1.0,4.0
1121,38.95,0.0,1.0,2.9217
1122,30.97,0.0,0.0,1.8433
1123,36.52,0.0,0.7094,1.8433
1124,35.29,0.0,0.0,1.0783
1125,31.97,0.0,0.0,1.0783
1126,61.24,0.0,1.0,1.0783
1127,30.38,0.0,0.0,0.0
1128,23.39,0.3133,0.0,0.0
1129,11.53,1.0,0.0,0.2906
1130,16.8,1.0,0.0,1.2179
1131,20.72,1.0,0.0,2.1453
1132,18.51,1.0,0.0,3.0726
1133,41.32,0.0,1.0,4.0
1134,26.61,0.4884,0.0,2.9217
1135,48.43,0.0,1.0,3.3746
1136,33.1,0.0,0.0,2.2962
1137,32.61,0.0,0.0,2.2962
1138,29.45,0.0,0.0,2.2962
1139,27.88,0.0,0.0,2.2962
1140,47.16,0.0,1.0,2.2962
1141,11.37,1.0,0.0,1.2179
1142,13.74,1.0,0.0,2.1453
1143,26.05,1.0,0.0,3.0726
1144,35.89,0.0,0.0,4.0
1145,49.54,0.0,1.0,4.0
1146,47.52,0.0,1.0,2.9217
1147,34.67,1.0,0.0,1.8433
1148,53.78,0.0,1.0,2.7707
1149,50.39,0.0,1.0,1.6924
1150,35.14,0.5006,0.0,0.6141
1151,44.05,0.0,1.0,1.0783
1152,28.03,0.0,0.0,0.0
1153,19.74,1.0,0.0,0.0
1154,29.33,0.0,0.0,0.9274
1155,23.62,0.0,0.0,0.9274
1156,23.55,0.1628,0.0,0.9274
1157,42.66,0.0,1.0,1.0783
1158,11.96,1.0,0.0,0.0
1159,18.78,1.0,0.0,0.9274
1160,21.38,1.0,0.0,1.8547
1161,28.35,0.0,1.0,2.7821
1162,27.79,0.0,0.4506,1.7038
1163,16.43,1.0,0.0,1.2179
1164,18.31,1.0,0.0,2.1453
1165,18.95,1.0,0.0,3.0726
1166,65.44,0.0,1.0,4.0
1167,59.2,0.0,1.0,2.9217
1168,30.92,0.0,0.0,1.8433
1169,34.27,0.0,1.0,1.8433
1170,26.94,0.0,0.0,0.765
1171,20.34,1.0,0.0,0.765
1172,36.14,0.0,1.0,1.6924
1173,24.78,1.0,0.0,0.6141
1174,31.98,0.0,1.0,1.5414
1175,17.96,1.0,0.0,0.4631
1176,19.51,1.0,0.0,1.3904
1177,25.31,0.814,0.0,2.3178
1178,26.12,0.0,0.0,3.0726
1179,26.29,0.0,0.0,3.0726
1180,14.83,1.0,0.0,3.0726
1181,34.36,0.0,1.0,4.0
1182,21.31,1.0,0.0,2.9217
1183,38.5,0.0,1.0,3.849
1184,32.28,0.0,0.58,2.7707
1185,19.89,1.0,0.0,2.1453
1186,27.2,0.0,0.0,3.0726
1187,31.64,0.0,0.0,3.0726
1188,32.03,0.0,0.0,3.0726
1189,24.38,1.0,0.0,3.0726
1190,47.34,0.0,1.0,4.0
1191,44.83,0.0,0.5694,2.9217
1192,32.64,1.0,0.0,2.3076
1193,50.6,0.0,1.0,3.235
1194,79.25,0.0,1.0,2.1567
1195,78.78,0.0,1.0,1.0783
1196,24.5,0.0,0.0,0.0
1197,25.41,0.0,0.0,0.0
1198,-15.92,1.0,0.0,0.0
1199,21.72,0.0,0.0,0.9274
1200,16.04,1.0,0.0,0.9274
1201,20.27,0.6512,0.0,1.8547
1202,26.62,0.0,1.0,2.4586
1203,21.92,0.0,0.0,1.3803
1204,18.75,1.0,0.0,1.3803
1205,20.12,1.0,0.0,2.3076
1206,21.98,0.0,0.0,3.235
1207,22.68,0.0,0.0,3.235
1208,72.01,0.0,1.0,3.235
1209,35.73,0.0,1.0,2.1567
1210,41.44,0.0,1.0,1.0783
1211,23.46,0.0,0.0,0.0
1212,24.22,0.0,0.0,0.0
1213,19.96,0.3133,0.0,0.0
1214,10.95,1.0,0.0,0.2906
1215,19.45,1.0,0.0,1.2179
1216,18.95,1.0,0.0,2.1453
1217,17.71,1.0,0.0,3.0726
1218,26.51,0.0,0.0,4.0
1219,63.07,0.0,1.0,4.0
1220,37.07,0.0,0.0,2.9217
1221,55.21,0.0,1.0,2.9217
1222,38.05,0.0,0.0,1.8433
1223,41.36,0.0,0.7094,1.8433
1224,306.03,0.0,1.0,1.0783
1225,28.87,0.0,0.0,0.0
1226,29.66,0.0,0.0,0.0
1227,18.57,1.0,0.0,0.0
1228,28.63,0.0,0.0,0.9274
1229,31.07,0.0,0.0,0.9274
1230,23.27,1.0,0.0,0.9274
1231,20.83,1.0,0.0,1.8547
1232,21.41,1.0,0.0,2.7821
1233,33.19,0.0,0.4506,3.7094
1234,34.07,0.0,1.0,3.2236
1235,21.1,1.0,0.0,2.1453
1236,26.09,1.0,0.0,3.0726
1237,31.28,0.0,0.0,4.0
1238,34.39,0.0,0.0,4.0
1239,54.25,0.0,1.0,4.0
1240,55.85,0.0,1.0,2.9217
1241,-17.58,1.0,0.0,1.8433
1242,72.61,0.0,1.0,2.7707
1243,32.94,0.0,0.0,1.6924
1244,54.28,0.0,1.0,1.6924
1245,36.0,0.0,0.4294,0.6141
1246,28.53,1.0,0.0,0.151
1247,944.35,0.0,1.0,1.0783
1248,24.0,1.0,0.0,0.0
1249,13.92,1.0,0.0,0.9274
1250,32.24,0.0,0.0,1.8547
1251,38.64,0.0,1.0,1.8547
1252,17.81,1.0,0.0,0.7764
1253,28.33,0.4761,0.0,1.7038
1254,21.88,1.0,0.0,2.1453
1255,24.77,1.0,0.0,3.0726
1256,42.5,0.0,1.0,4.0
1257,31.77,0.0,0.0,2.9217
1258,55.87,0.0,1.0,2.9217
1259,23.52,1.0,0.0,1.8433
1260,36.68,0.0,0.58,2.7707
1261,26.51,1.0,0.0,2.1453
1262,36.6,0.0,0.0,3.0726
1263,26.95,1.0,0.0,3.0726
1264,35.11,0.0,0.0,4.0
1265,37.39,0.0,1.0,4.0
1266,30.07,0.5006,0.0,2.9217
1267,50.02,0.0,1.0,3.3859
1268,47.28,0.0,1.0,2.3076
1269,-10.53,1.0,0.0,1.2293
1270,56.44,0.0,1.0,2.1567
1271,52.25,0.0,1.0,1.0783
1272,22.35,1.0,0.0,0.0
1273,27.39,0.0,0.0,0.9274
1274,18.48,1.0,0.0,0.9274
1275,22.91,1.0,0.0,1.8547
1276,19.09,1.0,0.0,2.7821
1277,44.93,0.0,1.0,3.7094
1278,32.03,0.0,0.0,2.6311
1279,28.6,0.0,0.0,2.6311
1280,49.22,0.0,1.0,2.6311
1281,15.06,1.0,0.0,1.5528
1282,15.02,1.0,0.0,2.4802
1283,36.8,0.0,1.0,3.4075
1284,26.41,0.8017,0.0,2.3292
1285,27.97,0.0,0.0,3.0726
1286,17.41,1.0,0.0,3.0726
1287,31.27,0.0,0.0,4.0
1288,72.03,0.0,1.0,4.0
1289,51.95,0.0,1.0,2.9217
1290,42.76,0.0,1.0,1.8433
1291,34.03,0.0,0.5694,0.765
1292,32.8,0.0,0.0,0.151
1293,16.69,1.0,0.0,0.151
1294,36.07,0.0,1.0,1.0783
1295,-6.56,1.0,0.0,0.0
1296,14.68,1.0,0.0,0.9274
1297,19.07,0.0,0.0,1.8547
1298,15.33,1.0,0.0,1.8547
1299,16.21,1.0,0.0,2.7821
1300,23.99,0.0,0.5906,3.7094
1301,12.29,1.0,0.0,3.0726
1302,34.97,0.0,1.0,4.0
1303,40.19,0.0,1.0,2.9217
1304,29.69,0.0,1.0,1.8433
1305,13.52,1.0,0.0,0.765
1306,21.45,1.0,0.0,1.6924
1307,42.89,0.0,1.0,2.6197
1308,9.78,1.0,0.0,1.5414
1309,22.69,0.6512,0.0,2.4688
1310,18.33,1.0,0.0,3.0726
1311,41.78,0.0,1.0,4.0
1312,28.21,0.6634,0.0,2.9217
1313,44.85,0.0,1.0,3.5369
1314,49.11,0.0,1.0,2.4586
1315,75.46,0.0,1.0,1.3803
1316,-8.23,1.0,0.0,0.3019
1317,40.11,0.0,1.0,1.2293
1318,19.6,1.0,0.0,0.151
1319,47.73,0.0,1.0,1.0783
1320,19.53,1.0,0.0,0.0
1321,19.76,1.0,0.0,0.9274
1322,22.81,1.0,0.0,1.8547
1323,13.15,1.0,0.0,2.7821
1324,25.51,0.0,0.0,3.7094
1325,35.77,0.0,1.0,3.7094
1326,31.26,0.0,0.3106,2.6311
1327,17.7,1.0,0.0,2.2962
1328,31.04,0.0,0.0,3.2236
1329,41.76,0.0,1.0,3.2236
1330,15.75,1.0,0.0,2.1453
1331,19.12,1.0,0.0,3.0726
1332,35.15,0.0,0.86,4.0
1333,28.17,1.0,0.0,3.0726
1334,32.01,0.0,0.0,4.0
1335,60.44,0.0,1.0,4.0
1336,42.1,0.0,0.7094,2.9217
1337,49.02,0.0,1.0,2.1567
1338,104.07,0.0,1.0,1.0783
1339,36.83,0.0,0.0,0.0
1340,28.49,1.0,0.0,0.0
1341,40.84,0.0,0.86,0.9274
1342,38.45,0.0,0.0,0.0
1343,26.17,0.4761,0.0,0.0
1344,17.76,1.0,0.0,0.4415
1345,53.97,0.0,1.0,1.3689
1346,25.78,1.0,0.0,0.2906
1347,17.6,1.0,0.0,1.2179
1348,32.45,0.0,0.0,2.1453
1349,24.54,1.0,0.0,2.1453
1350,25.82,1.0,0.0,3.0726
1351,37.59,0.0,1.0,4.0
1352,20.63,1.0,0.0,2.9217
1353,36.45,0.0,1.0,3.849
1354,59.38,0.0,1.0,2.7707
1355,32.8,0.0,0.44,1.6924
1356,22.67,1.0,0.0,1.2179
1357,21.46,1.0,0.0,2.1453
1358,24.0,1.0,0.0,3.0726
1359,28.85,0.0,0.0,4.0
1360,31.31,0.0,0.0,4.0
1361,53.67,0.0,1.0,4.0
1362,21.97,1.0,0.0,2.9217
1363,53.67,0.0,1.0,3.849
1364,32.99,0.0,0.0,2.7707
1365,40.13,0.0,1.0,2.7707
1366,22.23,1.0,0.0,1.6924
1367,50.11,0.0,1.0,2.6197
1368,39.43,0.0,1.0,1.5414
1369,33.65,0.0,0.0,0.4631
1370,13.53,1.0,0.0,0.4631
1371,30.39,0.0,0.0,1.3904
1372,27.14,1.0,0.0,1.3904
1373,14.54,1.0,0.0,2.3178
1374,27.98,0.814,0.0,3.2452
1375,35.08,0.0,0.7094,4.0
1376,39.4,0.0,1.0,3.235
1377,34.28,0.0,0.0,2.1567
1378,33.67,0.0,0.0,2.1567
1379,46.67,0.0,1.0,2.1567
1380,39.73,0.0,1.0,1.0783
1381,9.4,1.0,0.0,0.0
1382,24.8,1.0,0.0,0.9274
1383,29.77,0.0,0.0,1.8547
1384,19.36,1.0,0.0,1.8547
1385,40.26,0.0,1.0,2.7821
1386,62.4,0.0,1.0,1.7038
1387,27.14,1.0,0.0,0.6254
1388,42.39,0.0,1.0,1.5528
1389,25.53,1.0,0.0,0.4745
1390,26.07,1.0,0.0,1.4018
1391,52.79,0.0,1.0,2.3292
1392,21.09,1.0,0.0,1.2509
1393,28.27,0.0,0.0,2.1782
1394,11.95,1.0,0.0,2.1782
1395,43.64,0.0,1.0,3.1056
1396,29.09,0.0,0.0,2.0273
1397,23.92,1.0,0.0,2.0273
1398,34.52,0.0,0.6106,2.9546
1399,18.85,1.0,0.0,2.2962
1400,49.06,0.0,1.0,3.2236
1401,28.77,0.0,0.0,2.1453
1402,28.31,0.0,0.0,2.1453
1403,23.46,1.0,0.0,2.1453
1404,21.11,1.0,0.0,3.0726
1405,32.7,0.0,0.0,4.0
1406,30.32,0.0,0.0,4.0
1407,39.62,0.0,0.4294,4.0
1408,35.64,0.0,0.0,3.5369
1409,46.62,0.0,1.0,3.5369
1410,34.82,0.0,0.0,2.4586
1411,86.64,0.0,1.0,2.4586
1412,21.77,1.0,0.0,1.3803
1413,54.69,0.0,1.0,2.3076
1414,53.24,0.0,1.0,1.2293
1415,23.36,1.0,0.0,0.151
1416,55.65,0.0,1.0,1.0783
1417,34.08,0.0,0.0,0.0
1418,32.31,0.0,0.0,0.0
1419,22.97,1.0,0.0,0.0
1420,21.84,1.0,0.0,0.9274
1421,23.7,1.0,0.0,1.8547
1422,32.36,0.0,0.0,2.7821
1423,50.44,0.0,1.0,2.7821
1424,34.56,0.0,0.44,1.7038
1425,23.42,1.0,0.0,1.2293
1426,40.59,0.0,1.0,2.1567
1427,38.48,0.0,1.0,1.0783
1428,32.54,0.0,0.0,0.0
1429,33.29,0.0,0.0,0.0
1430,25.21,1.0,0.0,0.0
1431,22.79,1.0,0.0,0.9274
1432,26.38,0.0,0.0,1.8547
1433,21.98,1.0,0.0,1.8547
1434,43.81,0.0,1.0,2.7821
1435,38.57,0.0,1.0,1.7038
1436,32.31,0.0,0.58,0.6254
1437,12.5,1.0,0.0,0.0
1438,21.32,0.1628,0.0,0.9274
1439,46.61,0.0,1.0,1.0783
1440,20.21,1.0,0.0,0.0
1441,27.29,0.0,0.0,0.9274
1442,14.14,1.0,0.0,0.9274
1443,37.64,0.0,1.0,1.8547
1444,22.41,1.0,0.0,0.7764
1445,28.24,0.0,0.0,1.7038
1446,63.71,0.0,1.0,1.7038
1447,-8.91,1.0,0.0,0.6254
1448,29.14,0.0,0.0,1.5528
1449,26.19,1.0,0.0,1.5528
1450,27.14,0.0,0.0,2.4802
1451,33.32,0.0,0.3106,2.4802
1452,24.94,1.0,0.0,2.1453
1453,22.33,1.0,0.0,3.0726
1454,46.34,0.0,1.0,4.0
1455,30.31,1.0,0.0,2.9217
1456,79.97,0.0,1.0,3.849
1457,40.22,0.0,0.0,2.7707
1458,75.33,0.0,1.0,2.7707
1459,45.0,0.0,0.5694,1.6924
1460,52.8,0.0,1.0,1.0783
1461,27.3,1.0,0.0,0.0
1462,24.47,1.0,0.0,0.9274
1463,36.99,0.0,1.0,1.8547
1464,36.06,0.0,0.72,0.7764
1465,24.4,0.3133,0.0,0.0
1466,14.67,1.0,0.0,0.2906
1467,14.13,1.0,0.0,1.2179
1468,14.3,1.0,0.0,2.1453
1469,13.74,1.0,0.0,3.0726
1470,29.34,0.0,0.0,4.0
1471,45.8,0.0,1.0,4.0
1472,32.3,0.0,0.58,2.9217
1473,14.61,1.0,0.0,2.2962
1474,28.46,0.0,0.0,3.2236
1475,26.34,0.0,0.0,3.2236
1476,53.9,0.0,1.0,3.2236
1477,15.4,1.0,0.0,2.1453
1478,24.19,1.0,0.0,3.0726
1479,57.33,0.0,1.0,4.0
1480,41.86,0.0,0.0,2.9217
1481,47.47,0.0,1.0,2.9217
1482,41.98,0.0,0.0,1.8433
1483,44.58,0.0,0.5694,1.8433
1484,49.49,0.0,1.0,1.2293
1485,26.51,1.0,0.0,0.151
1486,44.87,0.0,1.0,1.0783
1487,19.48,1.0,0.0,0.0
1488,28.63,0.0,0.86,0.9274
1489,25.62,0.0,0.0,0.0
1490,18.55,1.0,0.0,0.0
1491,22.58,0.0,0.0,0.9274
1492,18.96,1.0,0.0,0.9274
1493,17.54,1.0,0.0,1.8547
1494,24.95,0.0,0.0,2.7821
1495,21.0,0.0,0.0,2.7821
1496,-6.81,1.0,0.0,2.7821
1497,21.56,0.0,0.0,3.7094
1498,39.04,0.0,1.0,3.7094
1499,18.44,1.0,0.0,2.6311
1500,21.23,0.0,0.0,3.5585
1501,20.62,0.4761,0.0,3.5585
1502,44.1,0.0,1.0,4.0
1503,35.43,0.0,0.0,2.9217
1504,33.21,0.0,0.0,2.9217
1505,46.41,0.0,1.0,2.9217
1506,19.29,1.0,0.0,1.8433
1507,39.13,0.0,1.0,2.7707
1508,75.87,0.0,1.0,1.6924
1509,36.87,0.0,0.0,0.6141
1510,33.8,0.0,0.0,0.6141
1511,38.16,0.0,0.5694,0.6141
1512,34.92,0.0,0.0,0.0
1513,11.96,1.0,0.0,0.0
1514,12.77,1.0,0.0,0.9274
1515,24.5,0.0,0.0,1.8547
1516,-14.53,1.0,0.0,1.8547
1517,40.4,0.0,1.0,2.7821
1518,25.29,0.0,0.0,1.7038
1519,15.7,1.0,0.0,1.7038
1520,20.83,0.4761,0.0,2.6311
1521,12.32,1.0,0.0,3.0726
1522,28.04,0.0,0.0,4.0
1523,26.11,0.0,0.0,4.0
1524,22.32,0.0,0.0,4.0
1525,37.43,0.0,0.72,4.0
1526,42.2,0.0,1.0,3.2236
1527,29.74,1.0,0.0,2.1453
1528,16.95,1.0,0.0,3.0726
1529,48.39,0.0,1.0,4.0
1530,49.0,0.0,1.0,2.9217
1531,44.28,0.0,0.5694,1.8433
1532,53.17,0.0,1.0,1.2293
1533,23.42,1.0,0.0,0.151
1534,66.68,0.0,1.0,1.0783
1535,22.52,1.0,0.0,0.0
1536,33.18,0.0,0.44,0.9274
1537,13.34,1.0,0.0,0.4529
1538,16.62,1.0,0.0,1.3803
1539,38.7,0.0,1.0,2.3076
1540,21.53,1.0,0.0,1.2293
1541,34.25,0.0,1.0,2.1567
1542,30.69,0.0,0.0,1.0783
1543,29.8,0.0,0.0,1.0783
1544,52.33,0.0,1.0,1.0783
1545,29.69,0.0,0.0,0.0
1546,16.32,1.0,0.0,0.0
1547,21.06,1.0,0.0,0.9274
1548,31.41,0.0,0.3,1.8547
1549,29.48,0.0,0.0,1.5312
1550,16.03,1.0,0.0,1.5312
1551,24.5,1.0,0.0,2.4586
1552,29.19,0.0,0.0,3.3859
1553,34.31,0.0,1.0,3.3859
1554,24.93,1.0,0.0,2.3076
1555,31.9,0.0,1.0,3.235
1556,29.23,0.0,0.0,2.1567
1557,46.13,0.0,1.0,2.1567
1558,43.82,0.0,1.0,1.0783
1559,29.95,0.0,0.0,0.0
1560,22.26,0.0,0.0,0.0
1561,25.29,0.0,0.0,0.0
1562,17.3,1.0,0.0,0.0
1563,15.24,1.0,0.0,0.9274
1564,16.97,1.0,0.0,1.8547
1565,20.45,0.0,0.0,2.7821
1566,-7.5,1.0,0.0,2.7821
1567,32.72,0.0,1.0,3.7094
1568,-16.6,1.0,0.0,2.6311
1569,18.51,0.4761,0.0,3.5585
1570,30.72,0.0,1.0,4.0
1571,25.84,0.0,0.0,2.9217
1572,29.19,0.0,0.72,2.9217
1573,25.55,0.0,0.0,2.1453
1574,16.69,1.0,0.0,2.1453
1575,20.3,1.0,0.0,3.0726
1576,36.16,0.0,0.5694,4.0
1577,55.91,0.0,1.0,3.3859
1578,18.6,1.0,0.0,2.3076
1579,44.86,0.0,1.0,3.235
1580,57.22,0.0,1.0,2.1567
1581,33.38,0.0,0.0,1.0783
1582,40.04,0.0,1.0,1.0783
1583,24.64,0.0,0.0,0.0
1584,24.49,0.0,0.0,0.0
1585,13.66,1.0,0.0,0.0
1586,10.14,1.0,0.0,0.9274
1587,31.68,0.0,1.0,1.8547
1588,16.71,1.0,0.0,0.7764
1589,21.78,0.4761,0.0,1.7038
1590,17.4,1.0,0.0,2.1453
1591,18.88,1.0,0.0,3.0726
1592,30.56,0.0,0.0,4.0
1593,25.0,0.0,0.0,4.0
1594,34.76,0.0,1.0,4.0
1595,32.7,0.0,0.0,2.9217
1596,-9.81,1.0,0.0,2.9217
1597,27.91,0.1628,0.0,3.849
1598,48.22,0.0,1.0,4.0
1599,21.74,1.0,0.0,2.9217
1600,35.12,0.0,0.4294,3.849
1601,57.99,0.0,1.0,3.3859
1602,62.85,0.0,1.0,2.3076
1603,24.17,1.0,0.0,1.2293
1604,33.83,0.0,0.0,2.1567
1605,56.67,0.0,1.0,2.1567
1606,39.46,0.0,1.0,1.0783
1607,33.76,0.0,0.0,0.0
1608,23.67,0.3133,0.0,0.0
1609,21.06,1.0,0.0,0.2906
1610,25.48,0.0,0.0,1.2179
1611,20.85,1.0,0.0,1.2179
1612,23.25,1.0,0.0,2.1453
1613,26.26,0.0,0.0,3.0726
1614,22.3,1.0,0.0,3.0726
1615,37.27,0.0,1.0,4.0
1616,90.09,0.0,1.0,2.9217
1617,17.33,1.0,0.0,1.8433
1618,34.12,0.0,0.58,2.7707
1619,21.4,1.0,0.0,2.1453
1620,31.72,0.0,0.0,3.0726
1621,26.1,1.0,0.0,3.0726
1622,36.25,0.0,0.0,4.0
1623,47.67,0.0,1.0,4.0
1624,38.3,0.0,0.0,2.9217
1625,57.99,0.0,1.0,2.9217
1626,17.78,1.0,0.0,1.8433
1627,69.39,0.0,1.0,2.7707
1628,43.04,0.0,0.5694,1.6924
1629,51.38,0.0,1.0,1.0783
1630,21.56,1.0,0.0,0.0
1631,23.58,1.0,0.0,0.9274
1632,26.89,0.0,0.0,1.8547
1633,23.95,1.0,0.0,1.8547
1634,25.44,1.0,0.0,2.7821
1635,33.31,0.0,1.0,3.7094
1636,12.73,1.0,0.0,2.6311
1637,35.93,0.0,1.0,3.5585
1638,28.36,0.0,0.0,2.4802
1639,28.81,0.0,0.0,2.4802
1640,19.42,1.0,0.0,2.4802
1641,38.5,0.0,1.0,3.4075
1642,13.09,1.0,0.0,2.3292
1643,35.04,0.0,1.0,3.2565
1644,15.38,1.0,0.0,2.1782
1645,26.17,0.9645,0.0,3.1056
1646,26.64,0.0,0.0,4.0
1647,47.59,0.0,1.0,4.0
1648,33.65,0.0,0.0,2.9217
1649,30.61,0.0,0.0,2.9217
1650,33.83,0.0,0.7094,2.9217
1651,62.11,0.0,1.0,2.1567
1652,45.55,0.0,1.0,1.0783
1653,30.8,0.0,0.0,0.0
1654,30.42,0.0,0.0,0.0
1655,18.23,1.0,0.0,0.0
1656,29.28,0.0,0.0,0.9274
1657,13.02,1.0,0.0,0.9274
1658,29.99,0.0,0.0,1.8547
1659,23.84,1.0,0.0,1.8547
1660,54.44,0.0,1.0,2.7821
1661,17.39,1.0,0.0,1.7038
1662,27.29,0.0,0.0,2.6311
1663,58.08,0.0,1.0,2.6311
1664,49.32,0.0,1.0,1.5528
1665,25.31,1.0,0.0,0.4745
1666,32.96,0.0,0.0,1.4018
1667,27.95,0.0,0.0,1.4018
1668,28.62,0.0,0.0,1.4018
1669,20.12,1.0,0.0,1.4018
1670,26.93,0.8017,0.0,2.3292
1671,18.07,1.0,0.0,3.0726
1672,37.56,0.0,1.0,4.0
1673,45.7,0.0,1.0,2.9217
1674,37.31,0.0,0.5694,1.8433
1675,22.61,1.0,0.0,1.2293
1676,53.38,0.0,1.0,2.1567
1677,40.05,0.0,1.0,1.0783
1678,25.64,0.0,0.0,0.0
1679,28.6,0.0,0.0,0.0
1680,15.12,1.0,0.0,0.0
1681,16.84,1.0,0.0,0.9274
1682,19.1,1.0,0.0,1.8547
1683,35.05,0.0,1.0,2.7821
1684,18.88,1.0,0.0,1.7038
1685,31.99,0.0,1.0,2.6311
1686,23.43,1.0,0.0,1.5528
1687,33.77,0.0,1.0,2.4802
1688,30.94,0.0,0.0306,1.4018
1689,43.85,0.0,1.0,1.3689
1690,25.28,0.0,0.0,0.2906
1691,16.11,1.0,0.0,0.2906
1692,15.99,1.0,0.0,1.2179
1693,21.34,1.0,0.0,2.1453
1694,17.95,1.0,0.0,3.0726
1695,36.5,0.0,1.0,4.0
1696,30.45,0.0,0.0,2.9217
1697,89.66,0.0,1.0,2.9217
1698,22.0,1.0,0.0,1.8433
1699,42.74,0.0,1.0,2.7707
1700,25.46,0.0,0.0,1.6924
1701,29.67,0.0,0.0,1.6924
1702,34.74,0.0,1.0,1.6924
1703,13.99,1.0,0.0,0.6141
1704,27.78,0.0,0.0,1.5414
1705,46.95,0.0,1.0,1.5414
1706,19.68,1.0,0.0,0.4631
1707,24.98,0.0,0.0,1.3904
1708,33.82,0.0,1.0,1.3904
1709,24.15,1.0,0.0,0.3121
1710,23.09,1.0,0.0,1.2395
1711,13.96,1.0,0.0,2.1668
1712,40.7,0.0,1.0,3.0942
1713,31.06,0.0,0.74,2.0159
1714,21.39,1.0,0.0,1.2179
1715,29.21,0.0,0.0,2.1453
1716,21.15,1.0,0.0,2.1453
1717,21.37,1.0,0.0,3.0726
1718,34.37,0.0,1.0,4.0
1719,19.8,1.0,0.0,2.9217
1720,51.72,0.0,1.0,3.849
1721,23.95,1.0,0.0,2.7707
1722,32.06,0.0,0.4294,3.6981
1723,78.04,0.0,1.0,3.235
1724,56.07,0.0,1.0,2.1567
1725,36.5,0.0,1.0,1.0783
1726,23.8,0.0,0.0,0.0
1727,26.23,0.0,0.0,0.0
1728,26.25,0.0,0.0,0.0
1729,24.45,0.0,0.0,0.0
1730,22.35,1.0,0.0,0.0
1731,22.57,1.0,0.0,0.9274
1732,21.92,1.0,0.0,1.8547
1733,15.44,1.0,0.0,2.7821
1734,23.63,0.0,0.0,3.7094
1735,42.67,0.0,1.0,3.7094
1736,20.15,1.0,0.0,2.6311
1737,30.25,0.0,1.0,3.5585
1738,22.9,1.0,0.0,2.4802
1739,29.07,0.0,0.3106,3.4075
1740,22.65,1.0,0.0,3.0726
1741,43.14,0.0,1.0,4.0
1742,33.2,0.0,0.5694,2.9217
1743,19.99,1.0,0.0,2.3076
1744,45.35,0.0,1.0,3.235
1745,29.8,0.0,0.0,2.1567
1746,33.05,0.0,0.0,2.1567
1747,44.45,0.0,1.0,2.1567
1748,31.83,0.0,0.0,1.0783
1749,48.23,0.0,1.0,1.0783
1750,25.23,0.3256,0.0,0.0
1751,25.43,0.0,0.0,0.3019
1752,20.34,1.0,0.0,0.3019
1753,19.8,1.0,0.0,1.2293
1754,33.91,0.0,1.0,2.1567
1755,28.44,0.0,0.0,1.0783
1756,43.01,0.0,1.0,1.0783
1757,-12.95,1.0,0.0,0.0
1758,19.74,1.0,0.0,0.9274
1759,31.76,0.0,1.0,1.8547
1760,21.56,0.4761,0.0,0.7764
1761,24.63,0.0,0.0,1.2179
1762,24.48,0.0,0.0,1.2179
1763,19.32,1.0,0.0,1.2179
1764,17.96,1.0,0.0,2.1453
1765,24.46,0.0,0.0,3.0726
1766,18.17,1.0,0.0,3.0726
1767,42.5,0.0,1.0,4.0
1768,26.02,1.0,0.0,2.9217
1769,104.51,0.0,1.0,3.849
1770,34.54,0.0,0.0,2.7707
1771,40.86,0.0,1.0,2.7707
1772,24.03,1.0,0.0,1.6924
1773,64.13,0.0,1.0,2.6197
1774,48.97,0.0,1.0,1.5414
1775,35.05,0.0,0.4294,0.4631
1776,15.98,1.0,0.0,0.0
1777,25.99,1.0,0.0,0.9274
1778,15.59,1.0,0.0,1.8547
1779,38.09,0.0,1.0,2.7821
1780,31.39,0.0,0.0,1.7038
1781,26.47,0.4761,0.0,1.7038
1782,12.08,1.0,0.0,2.1453
1783,21.97,1.0,0.0,3.0726
1784,41.42,0.0,1.0,4.0
1785,49.45,0.0,1.0,2.9217
1786,45.01,0.0,1.0,1.8433
1787,16.03,1.0,0.0,0.765
1788,28.86,0.0,0.0,1.6924
1789,36.72,0.0,1.0,1.6924
1790,15.57,1.0,0.0,0.6141
1791,31.57,0.0,0.0,1.5414
1792,39.49,0.0,1.0,1.5414
1793,35.2,0.0,0.2894,0.4631
1794,21.16,1.0,0.0,0.151
1795,35.56,0.0,1.0,1.0783
1796,33.73,0.0,0.0,0.0
1797,-19.01,1.0,0.0,0.0
1798,27.18,0.0,0.0,0.9274
1799,27.06,0.0,0.0,0.9274
1800,25.26,0.0,0.0,0.9274
1801,28.2,0.0,0.0,0.9274
1802,20.76,1.0,0.0,0.9274
1803,-9.48,1.0,0.0,1.8547
1804,24.44,0.3133,0.0,2.7821
1805,13.07,1.0,0.0,3.0726
1806,33.49,0.0,1.0,4.0
1807,31.01,0.0,0.0,2.9217
1808,33.02,0.0,0.58,2.9217
1809,45.29,0.0,1.0,2.2962
1810,15.42,1.0,0.0,1.2179
1811,14.03,1.0,0.0,2.1453
1812,28.59,0.0,0.0,3.0726
1813,25.68,1.0,0.0,3.0726
1814,29.54,0.0,0.0,4.0
1815,26.94,0.0,0.0,4.0
1816,45.29,0.0,1.0,4.0
1817,54.22,0.0,1.0,2.9217
1818,47.96,0.0,1.0,1.8433
1819,36.39,0.5006,0.0,0.765
1820,18.1,1.0,0.0,1.2293
1821,46.24,0.0,1.0,2.1567
1822,50.8,0.0,1.0,1.0783
1823,39.62,0.0,0.0,0.0
1824,18.83,1.0,0.0,0.0
1825,30.59,0.1628,0.0,0.9274
1826,31.23,0.0,0.0,1.0783
1827,39.42,0.0,1.0,1.0783
1828,17.42,1.0,0.0,0.0
1829,23.67,1.0,0.0,0.9274
1830,36.83,0.0,0.58,1.8547
1831,31.65,0.0,0.0,1.2293
1832,22.04,1.0,0.0,1.2293
1833,37.43,0.0,1.0,2.1567
1834,37.41,0.0,1.0,1.0783
1835,28.87,0.4884,0.0,0.0
1836,28.07,1.0,0.0,0.4529
1837,23.53,1.0,0.0,1.3803
1838,46.72,0.0,1.0,2.3076
1839,23.12,1.0,0.0,1.2293
1840,29.24,0.0,0.0,2.1567
1841,39.29,0.0,1.0,2.1567
1842,55.09,0.0,1.0,1.0783
1843,23.62,1.0,0.0,0.0
1844,23.93,0.6389,0.0,0.9274
1845,17.32,1.0,0.0,1.5198
1846,33.52,0.0,1.0,2.4472
1847,21.38,1.0,0.0,1.3689
1848,22.4,1.0,0.0,2.2962
1849,30.47,0.0,1.0,3.2236
1850,18.47,1.0,0.0,2.1453
1851,24.78,0.0,0.0,3.0726
1852,21.32,1.0,0.0,3.0726
1853,32.43,0.0,0.0,4.0
1854,33.5,0.0,0.86,4.0
1855,24.36,1.0,0.0,3.0726
1856,30.73,0.0,0.0,4.0
1857,46.67,0.0,1.0,4.0
1858,35.08,0.0,0.72,2.9217
1859,17.18,1.0,0.0,2.1453
1860,32.71,0.0,0.0,3.0726
1861,17.63,1.0,0.0,3.0726
1862,45.67,0.0,1.0,4.0
1863,45.36,0.0,1.0,2.9217
1864,39.76,0.0,0.5694,1.8433
1865,-4.24,1.0,0.0,1.2293
1866,37.66,0.0,0.0,2.1567
1867,50.6,0.0,1.0,2.1567
1868,33.27,0.0,0.0,1.0783
1869,38.39,0.0,0.0,1.0783
1870,44.98,0.0,1.0,1.0783
1871,25.99,0.0,0.0,0.0
1872,20.67,1.0,0.0,0.0
1873,15.92,1.0,0.0,0.9274
1874,15.93,1.0,0.0,1.8547
1875,12.06,1.0,0.0,2.7821
1876,30.58,0.0,0.3,3.7094
1877,48.3,0.0,1.0,3.3859
1878,46.73,0.0,1.0,2.3076
1879,17.58,1.0,0.0,1.2293
1880,42.03,0.0,1.0,2.1567
1881,53.3,0.0,1.0,1.0783
1882,26.06,0.0,0.0,0.0
1883,29.04,0.0,0.0,0.0
1884,12.88,1.0,0.0,0.0
1885,28.3,0.0,0.0,0.9274
1886,19.21,1.0,0.0,0.9274
1887,34.01,0.0,1.0,1.8547
1888,20.81,1.0,0.0,0.7764
1889,47.37,0.0,1.0,1.7038
1890,-11.45,1.0,0.0,0.6254
1891,30.35,0.0,1.0,1.5528
1892,25.45,0.0,0.0,0.4745
1893,16.63,1.0,0.0,0.4745
1894,30.21,0.0,1.0,1.4018
1895,25.83,0.0,0.0,0.3235
1896,14.91,1.0,0.0,0.3235
1897,28.35,0.0,0.0306,1.2509
1898,19.77,1.0,0.0,1.2179
1899,15.7,1.0,0.0,2.1453
1900,19.52,1.0,0.0,3.0726
1901,37.33,0.0,1.0,4.0
1902,35.06,0.0,1.0,2.9217
1903,29.68,0.0,0.0,1.8433
1904,40.52,0.0,1.0,1.8433
1905,21.59,1.0,0.0,0.765
1906,30.94,0.0,1.0,1.6924
1907,29.52,0.0,0.0,0.6141
1908,22.08,1.0,0.0,0.6141
1909,30.04,0.0,0.0,1.5414
1910,21.22,1.0,0.0,1.5414
1911,37.93,0.0,1.0,2.4688
1912,43.62,0.0,1.0,1.3904
1913,14.12,1.0,0.0,0.3121
1914,61.52,0.0,1.0,1.2395
1915,13.75,1.0,0.0,0.1612
1916,30.56,0.0,0.0094,1.0885
1917,50.66,0.0,1.0,1.0783
1918,29.69,0.0,0.0,0.0
1919,18.96,1.0,0.0,0.0
1920,17.5,1.0,0.0,0.9274
1921,34.68,0.0,1.0,1.8547
1922,11.82,1.0,0.0,0.7764
1923,33.98,0.0,1.0,1.7038
1924,23.26,0.4651,0.0,0.6254
1925,16.91,1.0,0.0,1.0568
1926,23.16,1.0,0.0,1.9841
1927,21.77,1.0,0.0,2.9115
1928,44.2,0.0,1.0,3.8388
1929,41.91,0.0,1.0,2.7605
1930,16.77,1.0,0.0,1.6822
1931,24.36,0.0,0.0,2.6096
1932,19.25,1.0,0.0,2.6096
1933,40.58,0.0,1.0,3.5369
1934,17.39,1.0,0.0,2.4586
1935,55.66,0.0,1.0,3.3859
1936,35.56,0.0,1.0,2.3076
1937,26.11,0.0,0.0,1.2293
1938,-10.44,1.0,0.0,1.2293
1939,30.18,0.0,1.0,2.1567
1940,24.28,0.0,0.0,1.0783
1941,36.6,0.0,1.0,1.0783
1942,21.6,0.0,0.0,0.0
1943,14.77,1.0,0.0,0.0
1944,22.49,0.0,0.0,0.9274
1945,12.89,1.0,0.0,0.9274
1946,17.8,0.3133,0.0,1.8547
1947,16.66,1.0,0.0,2.1453
1948,17.49,1.0,0.0,3.0726
1949,3078.77,0.0,1.0,4.0
1950,28.99,0.0,0.0,2.9217
1951,33.89,0.0,1.0,2.9217
1952,-15.87,1.0,0.0,1.8433
1953,25.81,0.6512,0.0,2.7707
1954,33.02,0.0,1.0,3.3746
1955,19.61,1.0,0.0,2.2962
1956,35.8,0.0,1.0,3.2236
1957,16.95,1.0,0.0,2.1453
1958,25.25,1.0,0.0,3.0726
1959,25.87,0.0,0.0,4.0
1960,38.13,0.0,1.0,4.0
1961,31.35,0.0,0.0,2.9217
1962,36.93,0.0,1.0,2.9217
1963,36.81,0.0,1.0,1.8433
1964,29.35,0.3379,0.0,0.765
1965,41.98,0.0,1.0,1.0783
1966,36.1,0.0,0.0,0.0
1967,30.73,0.0,0.0,0.0
1968,22.1,1.0,0.0,0.0
1969,32.03,0.0,0.0,0.9274
1970,21.34,1.0,0.0,0.9274
1971,20.58,1.0,0.0,1.8547
1972,24.62,1.0,0.0,2.7821
1973,46.53,0.0,1.0,3.7094
1974,17.79,1.0,0.0,2.6311
1975,40.74,0.0,1.0,3.5585
1976,16.85,1.0,0.0,2.4802
1977,35.03,0.0,1.0,3.4075
1978,53.18,0.0,1.0,2.3292
1979,33.32,0.0,0.0,1.2509
1980,27.67,0.3023,0.0,1.2509
1981,21.23,1.0,0.0,1.5312
1982,28.23,0.0,0.0,2.4586
1983,29.1,0.0,0.0,2.4586
1984,27.36,1.0,0.0,2.4586
1985,35.46,0.0,1.0,3.3859
1986,43.54,0.0,1.0,2.3076
1987,30.58,0.0,0.0,1.2293
1988,28.63,0.0,0.0,1.2293
1989,22.02,1.0,0.0,1.2293
1990,38.1,0.0,1.0,2.1567
1991,38.39,0.0,1.0,1.0783
1992,27.88,0.0,0.0,0.0
1993,33.99,0.0,0.0,0.0
1994,23.91,1.0,0.0,0.0
1995,26.3,1.0,0.0,0.9274
1996,26.42,0.3133,0.0,1.8547
1997,24.9,1.0,0.0,2.1453
1998,23.63,1.0,0.0,3.0726
1999,67.58,0.0,1.0,4.0
2000,27.91,0.0,0.0,2.9217
2001,25.73,1.0,0.0,2.9217
2002,35.69,0.0,1.0,3.849
2003,30.69,0.0,0.0,2.7707
2004,15.95,1.0,0.0,2.7707
2005,38.29,0.0,1.0,3.6981
2006,27.04,0.4884,0.0,2.6197
2007,21.55,1.0,0.0,3.0726
2008,54.64,0.0,1.0,4.0
2009,48.89,0.0,1.0,2.9217
2010,-17.34,1.0,0.0,1.8433
2011,74.56,0.0,1.0,2.7707
2012,47.85,0.0,1.0,1.6924
2013,35.34,0.5006,0.0,0.6141
2014,58.02,0.0,1.0,1.0783
2015,-14.54,1.0,0.0,0.0
2016,25.47,0.0,0.0,0.9274
2017,19.26,1.0,0.0,0.9274
2018,28.44,0.0,0.0,1.8547
2019,27.11,0.0,0.0,1.8547
2020,23.89,0.0,0.0,1.8547
2021,19.51,1.0,0.0,1.8547
2022,29.8,0.0,0.3106,2.7821
2023,30.4,0.0,1.0,2.4472
2024,20.52,1.0,0.0,1.3689
2025,19.42,1.0,0.0,2.2962
2026,37.39,0.0,1.0,3.2236
2027,11.31,1.0,0.0,2.1453
2028,28.04,0.0,0.0,3.0726
2029,21.88,1.0,0.0,3.0726
2030,44.2,0.0,1.0,4.0
2031,26.77,1.0,0.0,2.9217
2032,45.42,0.0,1.0,3.849
2033,34.2,0.0,0.0,2.7707
2034,42.32,0.0,1.0,2.7707
2035,51.84,0.0,1.0,1.6924
2036,32.33,0.5006,0.0,0.6141
2037,50.3,0.0,1.0,1.0783
2038,23.5,1.0,0.0,0.0
2039,35.21,0.0,0.0,0.9274
2040,35.56,0.0,0.0,0.9274
2041,30.59,0.1628,0.0,0.9274
2042,45.41,0.0,1.0,1.0783
2043,17.57,1.0,0.0,0.0
2044,14.68,1.0,0.0,0.9274
2045,18.18,1.0,0.0,1.8547
2046,35.9,0.0,0.0,2.7821
2047,37.11,0.0,0.3,2.7821
2048,33.93,0.0,0.0,2.4586
2049,21.96,1.0,0.0,2.4586
2050,40.15,0.0,1.0,3.3859
2051,18.33,1.0,0.0,2.3076
2052,39.18,0.0,1.0,3.235
2053,70.36,0.0,1.0,2.1567
2054,31.81,0.0,0.0,1.0783
2055,39.05,0.0,1.0,1.0783
2056,30.37,0.0,0.0,0.0
2057,20.87,1.0,0.0,0.0
2058,32.96,0.0,0.0,0.9274
2059,27.34,1.0,0.0,0.9274
2060,22.92,1.0,0.0,1.8547
2061,64.89,0.0,1.0,2.7821
2062,36.63,0.0,1.0,1.7038
2063,36.3,0.0,0.58,0.6254
2064,23.12,1.0,0.0,0.0
2065,22.87,1.0,0.0,0.9274
2066,32.56,0.0,1.0,1.8547
2067,22.71,1.0,0.0,0.7764
2068,28.66,0.0,0.0,1.7038
2069,24.05,0.0,0.0,1.7038
2070,25.29,0.0,0.0,1.7038
2071,19.06,1.0,0.0,1.7038
2072,16.4,1.0,0.0,2.6311
2073,29.7,0.0,1.0,3.5585
2074,31.33,0.0,1.0,2.4802
2075,17.95,1.0,0.0,1.4018
2076,25.82,0.0,0.0,2.3292
2077,26.39,0.0,0.0,2.3292
2078,13.17,1.0,0.0,2.3292
2079,23.13,0.8017,0.0,3.2565
2080,41.64,0.0,0.5694,4.0
2081,45.06,0.0,1.0,3.3859
2082,27.19,1.0,0.0,2.3076
2083,42.39,0.0,1.0,3.235
2084,54.45,0.0,1.0,2.1567
2085,46.64,0.0,1.0,1.0783
2086,32.23,0.0,0.0,0.0
2087,27.0,1.0,0.0,0.0
2088,20.68,1.0,0.0,0.9274
2089,28.64,0.0,0.0,1.8547
2090,24.89,1.0,0.0,1.8547
2091,28.65,0.0,0.0,2.7821
2092,24.94,1.0,0.0,2.7821
2093,34.34,0.0,0.1706,3.7094
2094,29.49,0.0,0.0,3.5255
2095,41.08,0.0,1.0,3.5255
2096,44.47,0.0,1.0,2.4472
2097,24.58,1.0,0.0,1.3689
2098,16.33,1.0,0.0,2.2962
2099,48.36,0.0,1.0,3.2236
2100,28.61,0.0,0.0,2.1453
2101,14.22,1.0,0.0,2.1453
2102,21.83,1.0,0.0,3.0726
2103,41.77,0.0,1.0,4.0
2104,32.77,0.0,0.0,2.9217
2105,32.92,0.0,0.0,2.9217
2106,66.54,0.0,1.0,2.9217
2107,27.82,1.0,0.0,1.8433
2108,28.81,0.5006,0.0,2.7707
2109,38.29,0.0,1.0,3.235
2110,38.22,0.0,1.0,2.1567
2111,37.86,0.0,1.0,1.0783
2112,35.49,0.0,0.0,0.0
2113,26.08,1.0,0.0,0.0
2114,27.62,0.3133,0.0,0.9274
2115,21.01,1.0,0.0,1.2179
2116,24.36,1.0,0.0,2.1453
2117,26.79,1.0,0.0,3.0726
2118,30.78,0.0,0.0,4.0
2119,40.94,0.0,1.0,4.0
2120,39.85,0.0,1.0,2.9217
2121,33.11,0.0,0.0,1.8433
2122,23.18,1.0,0.0,1.8433
2123,28.87,0.0,0.0,2.7707
2124,25.92,1.0,0.0,2.7707
2125,27.75,0.3256,0.0,3.6981
2126,60.7,0.0,1.0,4.0
2127,26.56,1.0,0.0,2.9217
2128,41.92,0.0,0.5694,3.849
2129,57.28,0.0,1.0,3.235
2130,42.21,0.0,1.0,2.1567
2131,91.04,0.0,1.0,1.0783
2132,33.4,0.0,0.0,0.0
2133,39.86,0.0,0.0,0.0
2134,25.23,1.0,0.0,0.0
2135,28.16,0.0,0.0,0.9274
2136,28.17,0.0,0.0,0.9274
2137,32.75,0.0,0.0,0.9274
2138,26.04,1.0,0.0,0.9274
2139,35.78,0.0,1.0,1.8547
2140,23.07,1.0,0.0,0.7764
2141,22.99,1.0,0.0,1.7038
2142,73.62,0.0,1.0,2.6311
2143,35.89,0.0,1.0,1.5528
2144,25.53,1.0,0.0,0.4745
2145,25.59,1.0,0.0,1.4018
2146,22.14,1.0,0.0,2.3292
2147,39.16,0.0,1.0,3.2565
2148,23.06,1.0,0.0,2.1782
2149,27.14,0.0,0.0,3.1056
2150,27.45,0.0,0.0,3.1056
2151,41.25,0.0,1.0,3.1056
2152,26.91,1.0,0.0,2.0273
2153,27.07,0.4651,0.0,2.9546
2154,44.15,0.0,1.0,3.3859
2155,49.61,0.0,1.0,2.3076
2156,42.86,0.0,1.0,1.2293
2157,26.83,1.0,0.0,0.151
2158,42.33,0.0,1.0,1.0783
2159,24.57,0.0,0.0,0.0
2160,21.53,1.0,0.0,0.0
2161,17.51,1.0,0.0,0.9274
2162,36.75,0.0,1.0,1.8547
2163,28.76,1.0,0.0,0.7764
2164,29.5,0.4884,0.0,1.7038
2165,39.99,0.0,1.0,2.1567
2166,76.54,0.0,1.0,1.0783
2167,17.2,1.0,0.0,0.0
2168,25.38,0.0,0.0,0.9274
2169,26.32,0.0,0.0,0.9274
2170,22.88,1.0,0.0,0.9274
2171,19.37,1.0,0.0,1.8547
2172,23.6,0.3133,0.0,2.7821
2173,16.97,1.0,0.0,3.0726
2174,31.58,0.0,0.0,4.0
2175,32.54,0.0,0.0,4.0
2176,42.86,0.0,0.7094,4.0
2177,47.15,0.0,1.0,3.235
2178,50.45,0.0,1.0,2.1567
2179,35.3,0.0,0.0,1.0783
2180,80.23,0.0,1.0,1.0783
2181,38.69,0.0,0.0,0.0
2182,17.42,1.0,0.0,0.0
2183,22.46,0.3133,0.0,0.9274
2184,14.06,1.0,0.0,1.2179
2185,24.54,0.0,0.0,2.1453
2186,22.35,1.0,0.0,2.1453
2187,19.58,1.0,0.0,3.0726
2188,48.3,0.0,1.0,4.0
2189,31.34,0.0,0.3,2.9217
2190,36.9,0.0,1.0,2.5982
2191,22.61,1.0,0.0,1.5198
2192,23.19,1.0,0.0,2.4472
2193,33.1,0.0,1.0,3.3746
2194,32.77,0.0,1.0,2.2962
2195,14.76,1.0,0.0,1.2179
2196,24.63,1.0,0.0,2.1453
2197,26.13,0.0,0.0,3.0726
2198,26.07,0.0,0.0,3.0726
2199,24.06,1.0,0.0,3.0726
2200,30.02,0.0,0.0,4.0
2201,37.14,0.0,0.2894,4.0
2202,42.21,0.0,1.0,3.6879
2203,49.76,0.0,1.0,2.6096
2204,55.79,0.0,1.0,1.5312
2205,32.18,0.0,0.0,0.4529
2206,28.52,1.0,0.0,0.4529
2207,37.21,0.0,1.0,1.3803
2208,-19.46,1.0,0.0,0.3019
2209,20.97,1.0,0.0,1.2293
2210,30.79,0.0,0.0,2.1567
2211,32.53,0.0,0.0,2.1567
2212,37.59,0.0,1.0,2.1567
2213,48.24,0.0,1.0,1.0783
2214,21.15,1.0,0.0,0.0
2215,31.5,0.0,0.0,0.9274
2216,33.05,0.0,0.86,0.9274
2217,31.61,0.0,0.0,0.0
2218,24.6,1.0,0.0,0.0
2219,16.82,1.0,0.0,0.9274
2220,27.13,0.0,0.0,1.8547
2221,19.89,1.0,0.0,1.8547
2222,29.0,0.0,0.0,2.7821
2223,24.25,1.0,0.0,2.7821
2224,24.69,0.3133,0.0,3.7094
2225,42.92,0.0,0.7094,4.0
2226,43.14,0.0,1.0,3.235
2227,49.36,0.0,1.0,2.1567
2228,82.21,0.0,1.0,1.0783
2229,39.35,0.0,0.0,0.0
2230,39.68,0.0,0.0,0.0
2231,21.92,1.0,0.0,0.0
2232,16.52,1.0,0.0,0.9274
2233,42.53,0.0,1.0,1.8547
2234,16.92,1.0,0.0,0.7764
2235,16.04,1.0,0.0,1.7038
2236,23.61,0.4761,0.0,2.6311
2237,25.11,0.0,0.0,3.0726
2238,20.91,1.0,0.0,3.0726
2239,28.2,0.0,0.0,4.0
2240,50.67,0.0,1.0,4.0
2241,24.69,0.1628,0.0,2.9217
2242,18.97,1.0,0.0,3.0726
2243,39.39,0.0,1.0,4.0
2244,31.23,0.0,1.0,2.9217
2245,20.97,1.0,0.0,1.8433
2246,16.19,1.0,0.0,2.7707
2247,24.7,0.3256,0.0,3.6981
2248,35.63,0.0,1.0,4.0
2249,59.52,0.0,1.0,2.9217
2250,28.5,0.5006,0.0,1.8433
2251,39.17,0.0,1.0,2.3076
2252,48.5,0.0,1.0,1.2293
2253,15.53,1.0,0.0,0.151
2254,48.12,0.0,1.0,1.0783
2255,21.15,1.0,0.0,0.0
2256,29.13,0.0,0.0,0.9274
2257,26.67,1.0,0.0,0.9274
2258,34.19,0.0,0.1706,1.8547
2259,28.05,0.0,0.0,1.6708
2260,10.43,1.0,0.0,1.6708
2261,19.71,1.0,0.0,2.5982
2262,30.13,0.0,0.0,3.5255
2263,29.34,0.0,0.0,3.5255
2264,38.99,0.0,1.0,3.5255
2265,43.2,0.0,1.0,2.4472
2266,38.27,0.0,1.0,1.3689
2267,26.3,1.0,0.0,0.2906
2268,13.79,1.0,0.0,1.2179
2269,22.24,1.0,0.0,2.1453
2270,32.62,0.0,0.0,3.0726
2271,21.9,1.0,0.0,3.0726
2272,45.35,0.0,1.0,4.0
2273,54.45,0.0,1.0,2.9217
2274,42.87,0.0,1.0,1.8433
2275,13.82,1.0,0.0,0.765
2276,24.51,1.0,0.0,1.6924
2277,69.24,0.0,1.0,2.6197
2278,27.71,1.0,0.0,1.5414
2279,15.99,1.0,0.0,2.4688
2280,40.01,0.0,1.0,3.3961
2281,24.6,1.0,0.0,2.3178
2282,34.48,0.0,0.16,3.2452
2283,25.51,1.0,0.0,3.0726
2284,28.16,0.0,0.0,4.0
2285,29.48,0.0,0.0,4.0
2286,36.68,0.0,0.0,4.0
2287,69.78,0.0,1.0,4.0
2288,46.39,0.0,1.0,2.9217
2289,18.87,1.0,0.0,1.8433
2290,36.2,0.0,0.0,2.7707
2291,42.31,0.0,0.4294,2.7707
2292,40.13,0.0,0.0,2.3076
2293,22.48,1.0,0.0,2.3076
2294,42.43,0.0,1.0,3.235
2295,44.43,0.0,1.0,2.1567
2296,89.56,0.0,1.0,1.0783
2297,30.51,0.0,0.0,0.0
2298,34.37,0.0,0.0,0.0
2299,36.32,0.0,0.0,0.0
2300,32.32,0.0,0.0,0.0
2301,26.23,1.0,0.0,0.0
2302,12.77,1.0,0.0,0.9274
2303,-6.11,1.0,0.0,1.8547
2304,29.58,0.3133,0.0,2.7821
2305,20.63,1.0,0.0,3.0726
2306,46.15,0.0,1.0,4.0
2307,23.29,1.0,0.0,2.9217
2308,37.73,0.0,0.72,3.849
2309,28.49,1.0,0.0,3.0726
2310,38.42,0.0,0.72,4.0
2311,34.71,0.0,0.0,3.2236
2312,53.38,0.0,1.0,3.2236
2313,33.49,0.0,0.0,2.1453
2314,36.88,0.0,0.0,2.1453
2315,32.29,0.0,0.0,2.1453
2316,23.84,1.0,0.0,2.1453
2317,30.11,1.0,0.0,3.0726
2318,61.76,0.0,1.0,4.0
2319,29.25,1.0,0.0,2.9217
2320,42.2,0.0,1.0,3.849
2321,61.67,0.0,1.0,2.7707
2322,61.25,0.0,1.0,1.6924
2323,40.64,0.0,0.2894,0.6141
2324,16.68,1.0,0.0,0.3019
2325,42.96,0.0,1.0,1.2293
2326,15.46,1.0,0.0,0.151
2327,53.68,0.0,1.0,1.0783
2328,27.61,1.0,0.0,0.0
2329,34.82,0.0,0.86,0.9274
2330,17.12,1.0,0.0,0.0
2331,13.48,1.0,0.0,0.9274
2332,26.34,0.3133,0.0,1.8547
2333,25.72,1.0,0.0,2.1453
2334,24.25,1.0,0.0,3.0726
2335,32.46,0.0,0.0,4.0
2336,87.19,0.0,1.0,4.0
2337,44.04,0.0,0.7094,2.9217
2338,44.81,0.0,1.0,2.1567
2339,38.21,0.0,0.0,1.0783
2340,44.31,0.0,1.0,1.0783
2341,24.48,1.0,0.0,0.0
2342,13.78,1.0,0.0,0.9274
2343,30.13,1.0,0.0,1.8547
2344,48.46,0.0,1.0,2.7821
2345,28.31,1.0,0.0,1.7038
2346,38.68,0.0,0.3,2.6311
2347,31.8,0.0,0.0,2.3076
2348,65.05,0.0,1.0,2.3076
2349,46.66,0.0,1.0,1.2293
2350,-5.54,1.0,0.0,0.151
2351,39.93,0.0,1.0,1.0783
2352,25.72,1.0,0.0,0.0
2353,26.33,0.3133,0.0,0.9274
2354,15.52,1.0,0.0,1.2179
2355,10.81,1.0,0.0,2.1453
2356,25.37,1.0,0.0,3.0726
2357,29.18,0.0,0.0,4.0
2358,44.03,0.0,1.0,4.0
2359,54.69,0.0,1.0,2.9217
2360,57.4,0.0,1.0,1.8433
2361,23.22,1.0,0.0,0.765
2362,27.47,1.0,0.0,1.6924
2363,33.69,0.6634,0.0,2.6197
2364,64.12,0.0,1.0,3.235
2365,43.98,0.0,1.0,2.1567
2366,41.9,0.0,1.0,1.0783
2367,28.13,1.0,0.0,0.0
2368,26.81,1.0,0.0,0.9274
2369,52.46,0.0,1.0,1.8547
2370,28.02,1.0,0.0,0.7764
2371,37.32,0.0,0.58,1.7038
2372,36.99,0.0,0.0,1.0783
2373,62.76,0.0,1.0,1.0783
2374,29.76,0.0,0.0,0.0
2375,13.7,1.0,0.0,0.0
2376,31.13,0.0,0.5906,0.9274
2377,-6.53,1.0,0.0,0.2906
2378,23.88,1.0,0.0,1.2179
2379,22.57,1.0,0.0,2.1453
2380,21.9,1.0,0.0,3.0726
2381,34.4,0.0,1.0,4.0
2382,-13.75,1.0,0.0,2.9217
2383,26.36,0.1628,0.0,3.849
2384,42.15,0.0,1.0,4.0
2385,26.59,0.0,0.0,2.9217
2386,17.71,1.0,0.0,2.9217
2387,36.03,0.0,1.0,3.849
2388,39.21,0.0,1.0,2.7707
2389,25.82,1.0,0.0,1.6924
2390,14.28,1.0,0.0,2.6197
2391,41.31,0.0,1.0,3.5471
2392,20.45,1.0,0.0,2.4688
2393,44.4,0.0,1.0,3.3961
2394,30.23,0.0,0.0,2.3178
2395,27.06,0.0,0.0,2.3178
2396,33.03,0.0,0.0094,2.3178
2397,33.75,0.0,1.0,2.3076
2398,26.93,0.0,0.0,1.2293
2399,39.57,0.0,1.0,1.2293
2400,22.35,1.0,0.0,0.151
2401,34.72,0.0,1.0,1.0783
2402,26.0,0.0,0.0,0.0
2403,18.25,1.0,0.0,0.0
2404,17.82,1.0,0.0,0.9274
2405,14.68,1.0,0.0,1.8547
2406,32.0,0.0,1.0,2.7821
2407,27.94,0.0,0.0,1.7038
2408,14.48,1.0,0.0,1.7038
2409,27.36,0.0,0.0,2.6311
2410,22.72,0.6389,0.0,2.6311
2411,49.55,0.0,1.0,3.2236
2412,14.6,1.0,0.0,2.1453
2413,15.86,1.0,0.0,3.0726
2414,41.87,0.0,1.0,4.0
2415,51.94,0.0,1.0,2.9217
2416,28.21,0.0,0.0,1.8433
2417,31.98,0.0,0.0,1.8433
2418,51.23,0.0,1.0,1.8433
2419,18.01,1.0,0.0,0.765
2420,20.12,1.0,0.0,1.6924
2421,32.66,0.0,0.0,2.6197
2422,58.12,0.0,1.0,2.6197
2423,27.69,0.3023,0.0,1.5414
2424,27.1,1.0,0.0,1.8218
2425,36.68,0.0,1.0,2.7491
2426,49.32,0.0,1.0,1.6708
2427,19.06,1.0,0.0,0.5925
2428,24.02,1.0,0.0,1.5198
2429,49.5,0.0,1.0,2.4472
2430,16.99,1.0,0.0,1.3689
2431,45.39,0.0,1.0,2.2962
2432,23.29,1.0,0.0,1.2179
2433,34.26,0.0,0.0,2.1453
2434,28.65,0.0,0.0,2.1453
2435,20.44,1.0,0.0,2.1453
2436,18.81,1.0,0.0,3.0726
2437,28.97,0.0,0.0,4.0
2438,40.28,0.0,1.0,4.0
2439,30.91,0.5006,0.0,2.9217
2440,37.58,0.0,0.0,3.3859
2441,48.8,0.0,1.0,3.3859
2442,29.43,1.0,0.0,2.3076
2443,52.76,0.0,1.0,3.235
2444,51.49,0.0,1.0,2.1567
2445,89.75,0.0,1.0,1.0783
2446,29.66,0.0,0.0,0.0
2447,27.51,1.0,0.0,0.0
2448,34.28,0.0,0.86,0.9274
2449,32.91,0.0,0.0,0.0
2450,19.59,1.0,0.0,0.0
2451,20.28,1.0,0.0,0.9274
2452,29.25,0.0,0.58,1.8547
2453,19.61,1.0,0.0,1.2293
2454,25.11,0.0,0.0,2.1567
2455,32.73,0.0,1.0,2.1567
2456,47.21,0.0,1.0,1.0783
2457,26.79,0.0,0.0,0.0
2458,16.39,1.0,0.0,0.0
2459,14.64,1.0,0.0,0.9274
2460,17.1,1.0,0.0,1.8547
2461,16.63,1.0,0.0,2.7821
2462,26.97,0.0,0.0,3.7094
2463,21.37,0.3133,0.0,3.7094
2464,28.71,0.0,0.0,4.0
2465,30.52,0.0,0.0,4.0
2466,35.49,0.0,0.7094,4.0
2467,64.79,0.0,1.0,3.235
2468,48.8,0.0,1.0,2.1567
2469,36.34,0.0,1.0,1.0783
2470,28.83,0.0,0.0,0.0
2471,27.79,0.6389,0.0,0.0
2472,29.42,0.0,0.0,0.5925
2473,30.35,0.0,0.0,0.5925
2474,17.22,1.0,0.0,0.5925
2475,23.69,1.0,0.0,1.5198
2476,11.9,1.0,0.0,2.4472
2477,28.25,0.0,0.0,3.3746
2478,37.91,0.0,1.0,3.3746
2479,28.8,0.0,0.0,2.2962
2480,63.0,0.0,1.0,2.2962
2481,24.35,1.0,0.0,1.2179
2482,33.76,0.0,0.0,2.1453
2483,28.31,0.0,0.0,2.1453
2484,25.69,1.0,0.0,2.1453
2485,25.34,1.0,0.0,3.0726
2486,29.6,0.0,0.0,4.0
2487,43.65,0.0,1.0,4.0
2488,59.56,0.0,1.0,2.9217
2489,40.04,0.0,0.4294,1.8433
2490,55.16,0.0,1.0,1.3803
2491,31.95,1.0,0.0,0.3019
2492,50.68,0.0,1.0,1.2293
2493,27.71,1.0,0.0,0.151
2494,49.7,0.0,1.0,1.0783
2495,-5.42,1.0,0.0,0.0
2496,25.17,1.0,0.0,0.9274
2497,11.5,1.0,0.0,1.8547
2498,19.56,1.0,0.0,2.7821
2499,36.06,0.0,0.5906,3.7094
2500,29.46,0.0,0.0,3.0726
2501,28.67,1.0,0.0,3.0726
2502,41.38,0.0,0.7094,4.0
2503,37.69,0.0,0.0,3.235
2504,51.17,0.0,1.0,3.235
2505,45.8,0.0,1.0,2.1567
2506,53.36,0.0,1.0,1.0783
2507,32.55,1.0,0.0,0.0
2508,36.59,0.0,0.0,0.9274
2509,23.72,1.0,0.0,0.9274
2510,23.14,1.0,0.0,1.8547
2511,59.05,0.0,1.0,2.7821
2512,39.72,0.0,0.0,1.7038
2513,-2.68,1.0,0.0,1.7038
2514,43.37,0.0,1.0,2.6311
2515,33.31,0.6512,0.0,1.5528
2516,38.97,0.0,0.0,2.1567
2517,59.91,0.0,1.0,2.1567
2518,41.27,0.0,1.0,1.0783
2519,17.82,1.0,0.0,0.0
2520,24.4,1.0,0.0,0.9274
2521,46.31,0.0,1.0,1.8547
2522,22.02,1.0,0.0,0.7764
2523,12.5,1.0,0.0,1.7038
2524,47.16,0.0,1.0,2.6311
2525,33.41,0.0,0.0,1.5528
2526,28.42,0.1273,0.0,1.5528
2527,27.98,1.0,0.0,1.6708
2528,48.88,0.0,1.0,2.5982
2529,27.5,1.0,0.0,1.5198
2530,46.9,0.0,1.0,2.4472
2531,34.77,0.0,0.0,1.3689
2532,29.08,0.0,0.0,1.3689
2533,27.84,1.0,0.0,1.3689
2534,26.9,1.0,0.0,2.2962
2535,46.93,0.0,1.0,3.2236
2536,27.25,1.0,0.0,2.1453
2537,22.79,1.0,0.0,3.0726
2538,51.58,0.0,1.0,4.0
2539,51.1,0.0,1.0,2.9217
2540,46.0,0.0,1.0,1.8433
2541,41.87,0.0,0.5694,0.765
2542,30.42,1.0,0.0,0.151
2543,42.79,0.0,1.0,1.0783
2544,25.94,0.0,0.0,0.0
2545,20.96,1.0,0.0,0.0
2546,21.31,1.0,0.0,0.9274
2547,47.68,0.0,1.0,1.8547
2548,13.27,1.0,0.0,0.7764
2549,31.4,0.0,0.0,1.7038
2550,16.21,1.0,0.0,1.7038
2551,30.73,0.0,0.0,2.6311
2552,28.8,0.0,0.0,2.6311
2553,16.05,1.0,0.0,2.6311
2554,36.02,0.0,1.0,3.5585
2555,25.22,0.6389,0.0,2.4802
2556,12.82,1.0,0.0,3.0726
2557,35.55,0.0,0.0,4.0
2558,47.34,0.0,0.0,4.0
2559,54.92,0.0,1.0,4.0
2560,41.89,0.0,0.0,2.9217
2561,40.92,0.3379,0.0,2.9217
2562,66.33,0.0,1.0,3.235
2563,73.94,0.0,1.0,2.1567
2564,57.92,0.0,1.0,1.0783
2565,26.15,1.0,0.0,0.0
2566,36.58,0.0,0.0,0.9274
2567,37.95,0.0,0.86,0.9274
2568,14.01,1.0,0.0,0.0
2569,29.35,1.0,0.0,0.9274
2570,52.76,0.0,1.0,1.8547
2571,29.46,1.0,0.0,0.7764
2572,40.85,0.0,1.0,1.7038
2573,28.15,1.0,0.0,0.6254
2574,28.48,1.0,0.0,1.5528
2575,36.54,0.0,0.3106,2.4802
2576,25.24,1.0,0.0,2.1453
2577,23.81,1.0,0.0,3.0726
2578,49.04,0.0,1.0,4.0
2579,46.65,0.0,1.0,2.9217
2580,18.93,1.0,0.0,1.8433
2581,37.25,0.0,0.0,2.7707
2582,27.84,1.0,0.0,2.7707
2583,36.78,0.0,0.0,3.6981
2584,43.48,0.0,0.0,3.6981
2585,57.12,0.0,1.0,3.6981
2586,42.96,0.0,0.0,2.6197
2587,67.34,0.0,1.0,2.6197
2588,43.48,0.0,0.2894,1.5414
2589,45.31,0.0,1.0,1.2293
2590,25.51,1.0,0.0,0.151
2591,69.38,0.0,1.0,1.0783
2592,31.18,0.0,0.0,0.0
2593,32.02,0.0,0.0,0.0
2594,13.59,1.0,0.0,0.0
2595,17.69,1.0,0.0,0.9274
2596,37.69,0.0,1.0,1.8547
2597,29.24,0.6512,0.0,0.7764
2598,14.98,1.0,0.0,1.3803
2599,46.07,0.0,1.0,2.3076
2600,27.81,1.0,0.0,1.2293
2601,54.77,0.0,1.0,2.1567
2602,30.59,0.0,0.0,1.0783
2603,31.05,0.0,0.0,1.0783
2604,40.54,0.0,1.0,1.0783
2605,19.42,1.0,0.0,0.0
2606,20.31,1.0,0.0,0.9274
2607,30.54,0.0,0.0,1.8547
2608,49.52,0.0,1.0,1.8547
2609,25.36,1.0,0.0,0.7764
2610,23.32,1.0,0.0,1.7038
2611,54.94,0.0,1.0,2.6311
2612,31.65,0.0,0.0,1.5528
2613,31.8,0.0,0.0,1.5528
2614,17.86,1.0,0.0,1.5528
2615,25.75,0.9645,0.0,2.4802
2616,26.43,0.0,0.0,3.3746
2617,34.61,0.0,1.0,3.3746
2618,18.25,1.0,0.0,2.2962
2619,42.21,0.0,1.0,3.2236
2620,19.26,1.0,0.0,2.1453
2621,20.86,1.0,0.0,3.0726
2622,50.23,0.0,1.0,4.0
2623,34.55,0.0,0.44,2.9217
2624,27.78,1.0,0.0,2.4472
2625,31.71,0.0,0.0,3.3746
2626,50.74,0.0,1.0,3.3746
2627,48.38,0.0,1.0,2.2962
2628,20.2,1.0,0.0,1.2179
2629,26.25,1.0,0.0,2.1453
2630,29.73,0.0,0.0,3.0726
2631,23.21,1.0,0.0,3.0726
2632,36.43,0.0,0.5694,4.0
2633,40.55,0.0,1.0,3.3859
2634,62.43,0.0,1.0,2.3076
2635,62.95,0.0,1.0,1.2293
2636,34.9,0.0,0.0,0.151
2637,-19.58,1.0,0.0,0.151
2638,43.24,0.0,1.0,1.0783
2639,26.65,1.0,0.0,0.0
2640,32.62,0.0,0.0,0.9274
2641,24.28,1.0,0.0,0.9274
2642,17.05,1.0,0.0,1.8547
2643,16.94,1.0,0.0,2.7821
2644,40.7,0.0,1.0,3.7094
2645,25.14,1.0,0.0,2.6311
2646,52.17,0.0,1.0,3.5585
2647,26.86,0.3023,0.0,2.4802
2648,37.39,0.0,1.0,2.7605
2649,77.51,0.0,1.0,1.6822
2650,21.87,1.0,0.0,0.6039
2651,-6.98,1.0,0.0,1.5312
2652,42.25,0.0,1.0,2.4586
2653,19.99,1.0,0.0,1.3803
2654,28.65,0.0,0.0,2.3076
2655,26.75,1.0,0.0,2.3076
2656,40.88,0.0,1.0,3.235
2657,29.08,0.0,0.0,2.1567
2658,39.41,0.0,1.0,2.1567
2659,48.38,0.0,1.0,1.0783
2660,27.57,0.0,0.0,0.0
2661,28.66,0.0,0.0,0.0
2662,30.41,0.0,0.0,0.0
2663,19.88,1.0,0.0,0.0
2664,22.94,0.3133,0.0,0.9274
2665,26.15,0.0,0.0,1.2179
2666,20.86,1.0,0.0,1.2179
2667,21.57,1.0,0.0,2.1453
2668,24.4,0.0,0.0,3.0726
2669,21.15,1.0,0.0,3.0726
2670,37.49,0.0,0.0,4.0
2671,53.25,0.0,1.0,4.0
2672,28.76,1.0,0.0,2.9217
2673,39.83,0.0,1.0,3.849
2674,29.17,1.0,0.0,2.7707
2675,33.04,0.0,0.0,3.6981
2676,46.68,0.0,1.0,3.6981
2677,31.96,0.0,0.0,2.6197
2678,15.54,1.0,0.0,2.6197
2679,38.57,0.0,1.0,3.5471
2680,57.41,0.0,1.0,2.4688
2681,37.6,0.0,0.1494,1.3904
2682,59.58,0.0,1.0,1.2293
2683,32.53,0.0,0.0,0.151
2684,23.37,1.0,0.0,0.151
2685,38.55,0.0,1.0,1.0783
2686,18.61,1.0,0.0,0.0
2687,30.2,0.1628,0.0,0.9274
2688,41.82,0.0,1.0,1.0783
2689,12.88,1.0,0.0,0.0
2690,15.36,1.0,0.0,0.9274
2691,16.56,1.0,0.0,1.8547
2692,24.09,0.3133,0.0,2.7821
2693,23.45,1.0,0.0,3.0726
2694,48.14,0.0,1.0,4.0
2695,45.08,0.0,1.0,2.9217
2696,40.32,0.0,0.2894,1.8433
2697,35.44,0.0,0.0,1.5312
2698,36.48,0.0,0.0,1.5312
2699,21.54,1.0,0.0,1.5312
2700,36.5,0.0,0.0,2.4586
2701,18.16,1.0,0.0,2.4586
2702,38.81,0.0,0.0,3.3859
2703,49.93,0.0,1.0,3.3859
2704,40.23,0.0,0.0,2.3076
2705,38.28,0.0,0.0,2.3076
2706,48.48,0.0,1.0,2.3076
2707,15.24,1.0,0.0,1.2293
2708,43.78,0.0,1.0,2.1567
2709,35.34,0.0,0.0,1.0783
2710,33.87,0.0,0.0,1.0783
2711,42.14,0.0,1.0,1.0783
2712,26.02,0.0,0.0,0.0
2713,16.9,1.0,0.0,0.0
2714,22.93,1.0,0.0,0.9274
2715,24.39,1.0,0.0,1.8547
2716,25.69,0.0,0.0,2.7821
2717,28.27,0.0,0.0,2.7821
2718,42.53,0.0,1.0,2.7821
2719,22.12,1.0,0.0,1.7038
2720,36.13,0.0,1.0,2.6311
2721,53.01,0.0,1.0,1.5528
2722,17.36,1.0,0.0,0.4745
2723,31.09,0.0,0.1706,1.4018
2724,22.08,1.0,0.0,1.2179
2725,23.59,1.0,0.0,2.1453
2726,21.15,1.0,0.0,3.0726
2727,31.13,0.0,0.0,4.0
2728,71.33,0.0,1.0,4.0
2729,26.21,1.0,0.0,2.9217
2730,28.04,0.0,0.0,3.849
2731,26.37,0.1628,0.0,3.849
2732,72.25,0.0,1.0,4.0
2733,31.34,0.0,0.0,2.9217
2734,34.24,0.0,1.0,2.9217
2735,28.64,0.0,0.0,1.8433
2736,19.24,1.0,0.0,1.8433
2737,23.25,1.0,0.0,2.7707
2738,57.08,0.0,1.0,3.6981
2739,38.86,0.0,1.0,2.6197
2740,18.35,1.0,0.0,1.5414
2741,33.58,0.0,0.3,2.4688
2742,22.14,1.0,0.0,2.1453
2743,17.41,1.0,0.0,3.0726
2744,48.64,0.0,1.0,4.0
2745,50.77,0.0,1.0,2.9217
2746,46.04,0.0,1.0,1.8433
2747,24.82,1.0,0.0,0.765
2748,25.62,1.0,0.0,1.6924
2749,34.99,0.0,0.0,2.6197
2750,33.37,0.0,0.0,2.6197
2751,28.85,0.4884,0.0,2.6197
2752,-5.23,1.0,0.0,3.0726
2753,42.56,0.0,0.5694,4.0
2754,61.74,0.0,1.0,3.3859
2755,27.41,1.0,0.0,2.3076
2756,49.47,0.0,1.0,3.235
2757,41.47,0.0,0.0,2.1567
2758,45.02,0.0,1.0,2.1567
2759,44.84,0.0,1.0,1.0783
2760,21.04,1.0,0.0,0.0
2761,14.37,1.0,0.0,0.9274
2762,20.08,1.0,0.0,1.8547
2763,32.66,0.0,1.0,2.7821
2764,20.5,1.0,0.0,1.7038
2765,21.04,0.4761,0.0,2.6311
2766,15.7,1.0,0.0,3.0726
2767,60.0,0.0,1.0,4.0
2768,-7.82,1.0,0.0,2.9217
2769,44.39,0.0,1.0,3.849
2770,44.89,0.0,1.0,2.7707
2771,35.88,0.0,0.44,1.6924
2772,24.99,1.0,0.0,1.2179
2773,25.47,1.0,0.0,2.1453
2774,25.11,1.0,0.0,3.0726
2775,83.45,0.0,1.0,4.0
2776,45.69,0.0,1.0,2.9217
2777,34.84,0.0,0.0,1.8433
2778,49.92,0.0,1.0,1.8433
2779,29.32,1.0,0.0,0.765
2780,67.13,0.0,1.0,1.6924
2781,29.36,1.0,0.0,0.6141
2782,41.35,0.0,0.4294,1.5414
2783,48.1,0.0,1.0,1.0783
2784,30.77,0.0,0.0,0.0
2785,26.22,0.3133,0.0,0.0
2786,24.35,1.0,0.0,0.2906
2787,23.51,1.0,0.0,1.2179
2788,20.3,1.0,0.0,2.1453
2789,22.98,1.0,0.0,3.0726
2790,49.95,0.0,1.0,4.0
2791,31.35,0.0,0.0,2.9217
2792,25.98,1.0,0.0,2.9217
2793,28.36,0.1628,0.0,3.849
2794,47.13,0.0,1.0,4.0
2795,37.23,0.0,1.0,2.9217
2796,33.19,0.0,0.0,1.8433
2797,24.71,1.0,0.0,1.8433
2798,35.73,0.0,0.0,2.7707
2799,26.55,1.0,0.0,2.7707
2800,34.42,0.0,0.0,3.6981
2801,57.68,0.0,1.0,3.6981
2802,57.73,0.0,1.0,2.6197
2803,29.69,0.0,0.0,1.5414
2804,29.46,0.6634,0.0,1.5414
2805,38.53,0.0,1.0,2.1567
2806,914.2,0.0,1.0,1.0783
2807,16.98,1.0,0.0,0.0
2808,29.72,0.0,0.86,0.9274
2809,15.71,1.0,0.0,0.0
2810,19.47,1.0,0.0,0.9274
2811,21.16,1.0,0.0,1.8547
2812,21.5,1.0,0.0,2.7821
2813,22.36,0.3133,0.0,3.7094
2814,29.91,0.0,0.86,4.0
2815,27.07,0.0,0.0,3.0726
2816,20.55,1.0,0.0,3.0726
2817,44.75,0.0,1.0,4.0
2818,41.84,0.0,1.0,2.9217
2819,39.57,0.0,1.0,1.8433
2820,15.95,1.0,0.0,0.765
2821,30.09,1.0,0.0,1.6924
2822,37.12,0.0,0.0,2.6197
2823,23.24,1.0,0.0,2.6197
2824,37.91,0.0,0.0,3.5471
2825,39.54,0.0,1.0,3.5471
2826,81.2,0.0,1.0,2.4688
2827,82.31,0.0,1.0,1.3904
2828,22.25,1.0,0.0,0.3121
2829,89.01,0.0,1.0,1.2395
2830,25.31,1.0,0.0,0.1612
2831,46.91,0.0,1.0,1.0885
2832,37.95,0.0,0.0094,0.0102
2833,17.99,1.0,0.0,0.0
2834,28.96,1.0,0.0,0.9274
2835,23.21,1.0,0.0,1.8547
2836,30.31,0.0,0.0,2.7821
2837,29.3,0.4884,0.0,2.7821
2838,45.46,0.0,1.0,3.235
2839,33.6,0.0,0.0,2.1567
2840,32.41,0.0,0.0,2.1567
2841,50.11,0.0,1.0,2.1567
2842,39.48,0.0,1.0,1.0783
2843,-4.01,1.0,0.0,0.0
2844,21.72,1.0,0.0,0.9274
2845,18.84,1.0,0.0,1.8547
2846,24.08,1.0,0.0,2.7821
2847,26.89,0.3133,0.0,3.7094
2848,49.88,0.0,1.0,4.0
2849,58.09,0.0,1.0,2.9217
2850,40.46,0.5006,0.0,1.8433
2851,69.42,0.0,1.0,2.3076
2852,64.47,0.0,1.0,1.2293
2853,40.59,0.0,0.0,0.151
2854,26.21,1.0,0.0,0.151
2855,57.9,0.0,1.0,1.0783
2856,26.52,0.0,0.0,0.0
2857,26.7,0.0,0.0,0.0
2858,21.7,1.0,0.0,0.0
2859,17.69,1.0,0.0,0.9274
2860,14.97,1.0,0.0,1.8547
2861,33.81,0.0,1.0,2.7821
2862,22.79,1.0,0.0,1.7038
2863,95.73,0.0,1.0,2.6311
2864,23.56,1.0,0.0,1.5528
2865,22.04,1.0,0.0,2.4802
2866,38.62,0.0,1.0,3.4075
2867,50.57,0.0,1.0,2.3292
2868,28.11,0.0,0.0,1.2509
2869,33.28,0.0,1.0,1.2509
2870,15.45,1.0,0.0,0.1725
2871,26.43,0.0,0.0,1.0999
2872,26.08,0.0,0.0,1.0999
2873,21.32,1.0,0.0,1.0999
2874,44.62,0.0,1.0,2.0273
2875,19.24,1.0,0.0,0.9489
2876,25.2,0.0,0.0,1.8763
2877,30.97,0.0,0.74,1.8763
2878,26.19,0.0,0.0,1.0783
2879,38.42,0.0,1.0,1.0783
2880,30.23,-0.0,0.0,0.0
2881,35.03,0.0,0.0,0.0
2882,31.88,0.0,0.0,0.0
2883,36.11,0.0,0.0,0.0
2884,25.08,1.0,0.0,0.0
2885,30.21,0.0,0.0,0.9274
2886,35.95,0.0,0.86,0.9274
2887,34.56,0.0,0.0,0.0
2888,30.06,0.0,0.0,0.0
2889,30.55,0.0,0.0,0.0
2890,24.33,1.0,0.0,0.0
2891,34.4,0.0,0.7506,0.9274
2892,26.66,1.0,0.0,0.118
2893,21.65,1.0,0.0,1.0454
2894,23.42,1.0,0.0,1.9727
2895,21.99,1.0,0.0,2.9001
2896,53.63,0.0,1.0,3.8275
2897,42.65,0.0,1.0,2.7491
2898,31.75,0.0,0.0,1.6708
2899,56.12,0.0,1.0,1.6708
2900,32.99,0.0,0.0,0.5925
2901,22.9,1.0,0.0,0.5925
2902,50.22,0.0,1.0,1.5198
2903,27.79,0.0,0.0,0.4415
2904,23.6,1.0,0.0,0.4415
2905,26.06,1.0,0.0,1.3689
2906,36.64,0.0,1.0,2.2962
2907,24.46,1.0,0.0,1.2179
2908,16.54,1.0,0.0,2.1453
2909,32.95,0.0,0.0,3.0726
2910,25.43,1.0,0.0,3.0726
2911,63.86,0.0,1.0,4.0
2912,34.62,0.0,0.72,2.9217
2913,15.74,1.0,0.0,2.1453
2914,-1.68,1.0,0.0,3.0726
2915,58.79,0.0,1.0,4.0
2916,47.96,0.0,1.0,2.9217
2917,51.97,0.0,1.0,1.8433
2918,20.72,1.0,0.0,0.765
2919,46.35,0.0,1.0,1.6924
2920,29.65,1.0,0.0,0.6141
2921,45.0,0.0,1.0,1.5414
2922,27.58,1.0,0.0,0.4631
2923,33.84,0.0,0.0,1.3904
2924,31.76,0.8262,0.0,1.3904
2925,51.45,0.0,1.0,2.1567
2926,46.62,0.0,1.0,1.0783
2927,37.04,0.0,0.0,0.0
2928,17.02,1.0,0.0,0.0
2929,23.1,1.0,0.0,0.9274
2930,18.97,1.0,0.0,1.8547
2931,33.02,0.0,0.0,2.7821
2932,38.11,0.0,1.0,2.7821
2933,39.53,0.0,1.0,1.7038
2934,23.2,1.0,0.0,0.6254
2935,12.68,1.0,0.0,1.5528
2936,18.71,1.0,0.0,2.4802
2937,56.76,0.0,1.0,3.4075
2938,28.3,0.8017,0.0,2.3292
2939,22.95,1.0,0.0,3.0726
2940,49.23,0.0,1.0,4.0
2941,42.75,0.0,0.72,2.9217
2942,29.94,1.0,0.0,2.1453
2943,30.48,1.0,0.0,3.0726
2944,36.55,0.0,0.0,4.0
2945,45.17,0.0,0.0,4.0
2946,75.58,0.0,1.0,4.0
2947,49.29,0.0,0.7094,2.9217
2948,52.03,0.0,1.0,2.1567
2949,56.72,0.0,1.0,1.0783
2950,23.46,1.0,0.0,0.0
2951,43.91,0.0,0.86,0.9274
2952,24.7,1.0,0.0,0.0
2953,10.71,1.0,0.0,0.9274
2954,11.73,1.0,0.0,1.8547
2955,17.1,1.0,0.0,2.7821
2956,30.47,0.0,0.0,3.7094
2957,28.5,0.0,0.0,3.7094
2958,32.33,0.0,0.0,3.7094
2959,65.65,0.0,1.0,3.7094
2960,-6.8,1.0,0.0,2.6311
2961,34.28,0.0,0.3106,3.5585
2962,36.33,0.0,1.0,3.2236
2963,23.13,1.0,0.0,2.1453
2964,28.06,0.0,0.0,3.0726
2965,15.73,1.0,0.0,3.0726
2966,48.76,0.0,1.0,4.0
2967,26.68,1.0,0.0,2.9217
2968,78.16,0.0,1.0,3.849
2969,41.36,0.0,0.5694,2.7707
2970,62.05,0.0,1.0,2.1567
2971,41.85,0.0,1.0,1.0783
2972,40.04,0.0,0.0,0.0
2973,30.79,0.0,0.0,0.0
2974,36.93,0.0,0.0,0.0
2975,37.79,0.0,0.0,0.0
2976,20.87,1.0,0.0,0.0
2977,24.8,1.0,0.0,0.9274
2978,20.01,1.0,0.0,1.8547
2979,54.78,0.0,1.0,2.7821
2980,24.59,1.0,0.0,1.7038
2981,47.17,0.0,1.0,2.6311
2982,28.39,1.0,0.0,1.5528
2983,36.42,0.0,0.0,2.4802
2984,22.0,1.0,0.0,2.4802
2985,29.68,0.6389,0.0,3.4075
2986,35.26,0.0,0.0,4.0
2987,52.29,0.0,1.0,4.0
2988,30.12,1.0,0.0,2.9217
2989,44.82,0.0,1.0,3.849
2990,37.36,0.0,0.0,2.7707
2991,60.05,0.0,1.0,2.7707
2992,37.71,0.0,0.0,1.6924
2993,96.86,0.0,1.0,1.6924
2994,36.64,0.0,0.0,0.6141
2995,32.7,1.0,0.0,0.6141
2996,26.58,1.0,0.0,1.5414
2997,85.67,0.0,1.0,2.4688
2998,47.33,0.0,1.0,1.3904
2999,30.17,1.0,0.0,0.3121
3000,42.65,0.0,1.0,1.2395
3001,33.05,0.989,0.0,0.1612
3002,49.44,0.0,1.0,1.0783
3003,14.29,1.0,0.0,0.0
3004,23.19,1.0,0.0,0.9274
3005,23.43,1.0,0.0,1.8547
3006,15.28,1.0,0.0,2.7821
3007,48.35,0.0,1.0,3.7094
3008,31.87,0.0,0.0,2.6311
3009,45.09,0.0,1.0,2.6311
3010,75.03,0.0,1.0,1.5528
3011,26.61,1.0,0.0,0.4745
3012,24.12,1.0,0.0,1.4018
3013,28.87,0.3023,0.0,2.3292
3014,42.3,0.0,1.0,2.6096
3015,27.94,1.0,0.0,1.5312
3016,30.96,0.0,0.0,2.4586
3017,60.93,0.0,1.0,2.4586
3018,49.72,0.0,1.0,1.3803
3019,20.97,1.0,0.0,0.3019
3020,26.51,1.0,0.0,1.2293
3021,64.27,0.0,1.0,2.1567
3022,41.01,0.0,1.0,1.0783
3023,26.05,1.0,0.0,0.0
3024,26.03,1.0,0.0,0.9274
3025,26.18,0.3133,0.0,1.8547
3026,32.24,0.0,0.0,2.1453
3027,15.32,1.0,0.0,2.1453
3028,19.02,1.0,0.0,3.0726
3029,30.4,0.0,0.0,4.0
3030,29.53,0.0,0.0,4.0
3031,40.88,0.0,1.0,4.0
3032,22.85,1.0,0.0,2.9217
3033,39.56,0.0,1.0,3.849
3034,48.28,0.0,1.0,2.7707
3035,35.81,0.0,0.0,1.6924
3036,29.43,0.4884,0.0,1.6924
3037,26.87,1.0,0.0,2.1453
3038,22.43,1.0,0.0,3.0726
3039,33.33,0.0,0.0,4.0
3040,60.2,0.0,1.0,4.0
3041,40.49,0.0,0.0,2.9217
3042,31.99,1.0,0.0,2.9217
3043,36.21,0.0,0.0,3.849
3044,43.81,0.0,1.0,3.849
3045,33.45,0.0,0.0,2.7707
3046,42.36,0.0,1.0,2.7707
3047,40.96,0.0,0.5694,1.6924
3048,37.84,0.0,0.0,1.0783
3049,43.03,0.0,1.0,1.0783
3050,35.42,0.0,0.0,0.0
3051,17.82,1.0,0.0,0.0
3052,18.67,1.0,0.0,0.9274
3053,26.99,0.0,0.0,1.8547
3054,26.19,0.3133,0.0,1.8547
3055,22.54,1.0,0.0,2.1453
3056,30.2,0.0,0.0,3.0726
3057,29.66,0.0,0.0,3.0726
3058,26.13,1.0,0.0,3.0726
3059,27.12,0.0,0.0,4.0
3060,42.48,0.0,0.86,4.0
3061,29.88,1.0,0.0,3.0726
3062,71.57,0.0,1.0,4.0
3063,36.39,0.0,0.0,2.9217
3064,35.1,0.5006,0.0,2.9217
3065,42.4,0.0,0.0,3.3859
3066,47.94,0.0,1.0,3.3859
3067,50.26,0.0,1.0,2.3076
3068,84.73,0.0,1.0,1.2293
3069,28.44,1.0,0.0,0.151
3070,48.43,0.0,1.0,1.0783
3071,36.8,0.0,0.0,0.0
3072,16.05,1.0,0.0,0.0
3073,34.35,0.0,0.0,0.9274
3074,39.08,0.0,0.86,0.9274
3075,18.37,1.0,0.0,0.0
3076,25.61,0.0,0.0,0.9274
3077,15.2,1.0,0.0,0.9274
3078,19.81,1.0,0.0,1.8547
3079,48.6,0.0,1.0,2.7821
3080,30.04,0.0,0.0,1.7038
3081,23.83,1.0,0.0,1.7038
3082,35.93,0.0,1.0,2.6311
3083,25.31,0.8017,0.0,1.5528
3084,23.92,1.0,0.0,2.2962
3085,36.21,0.0,1.0,3.2236
3086,20.13,1.0,0.0,2.1453
3087,25.05,1.0,0.0,3.0726
3088,41.14,0.0,0.2894,4.0
3089,59.64,0.0,1.0,3.6879
3090,67.8,0.0,1.0,2.6096
3091,34.3,0.0,0.0,1.5312
3092,57.05,0.0,1.0,1.5312
3093,29.15,1.0,0.0,0.4529
3094,68.15,0.0,1.0,1.3803
3095,23.08,1.0,0.0,0.3019
3096,44.41,0.0,1.0,1.2293
3097,20.91,1.0,0.0,0.151
3098,50.9,0.0,1.0,1.0783
3099,30.6,1.0,0.0,0.0
3100,18.06,1.0,0.0,0.9274
3101,23.24,1.0,0.0,1.8547
3102,40.58,0.0,0.3106,2.7821
3103,48.83,0.0,1.0,2.4472
3104,34.61,0.0,0.0,1.3689
3105,35.81,0.0,0.0,1.3689
3106,43.38,0.0,1.0,1.3689
3107,31.93,1.0,0.0,0.2906
3108,-7.42,1.0,0.0,1.2179
3109,21.1,1.0,0.0,2.1453
3110,32.92,1.0,0.0,3.0726
3111,52.8,0.0,0.7094,4.0
3112,68.85,0.0,1.0,3.235
3113,55.99,0.0,1.0,2.1567
3114,48.77,0.0,0.0,1.0783
3115,56.45,0.0,1.0,1.0783
3116,32.65,0.0,0.0,0.0
3117,36.47,0.0,0.0,0.0
3118,27.04,1.0,0.0,0.0
3119,22.25,1.0,0.0,0.9274
3120,31.46,0.0,0.0,1.8547
3121,28.17,0.0,0.0,1.8547
3122,32.11,0.0,0.0,1.8547
3123,30.22,0.0,0.0,1.8547
3124,28.15,0.8017,0.0,1.8547
3125,34.01,0.0,0.0,2.5982
3126,30.52,0.0,0.0,2.5982
3127,39.17,0.0,1.0,2.5982
3128,27.61,1.0,0.0,1.5198
3129,40.25,0.0,1.0,2.4472
3130,42.18,0.0,1.0,1.3689
3131,24.2,1.0,0.0,0.2906
3132,28.92,0.0,0.0,1.2179
3133,22.62,1.0,0.0,1.2179
3134,25.3,1.0,0.0,2.1453
3135,23.35,1.0,0.0,3.0726
3136,61.11,0.0,1.0,4.0
3137,62.09,0.0,1.0,2.9217
3138,53.41,0.0,0.5694,1.8433
3139,86.91,0.0,1.0,1.2293
3140,38.71,1.0,0.0,0.151
3141,111.57,0.0,1.0,1.0783
3142,33.43,0.0,0.0,0.0
3143,37.78,0.0,0.0,0.0
3144,24.44,1.0,0.0,0.0
3145,30.18,0.0,0.0,0.9274
3146,33.94,0.0,0.0,0.9274
3147,24.07,1.0,0.0,0.9274
3148,48.32,0.0,1.0,1.8547
3149,30.54,0.0,0.0,0.7764
3150,34.17,0.0,0.1706,0.7764
3151,-16.41,1.0,0.0,0.5925
3152,41.35,0.0,1.0,1.5198
3153,33.86,0.0,0.0,0.4415
3154,27.07,1.0,0.0,0.4415
3155,23.39,1.0,0.0,1.3689
3156,72.58,0.0,1.0,2.2962
3157,25.75,1.0,0.0,1.2179
3158,18.33,1.0,0.0,2.1453
3159,27.21,1.0,0.0,3.0726
3160,38.67,0.0,1.0,4.0
3161,51.95,0.0,1.0,2.9217
3162,-9.28,1.0,0.0,1.8433
3163,55.41,0.0,1.0,2.7707
3164,33.12,0.0,0.0,1.6924
3165,43.64,0.0,1.0,1.6924
3166,26.73,1.0,0.0,0.6141
3167,27.91,0.6512,0.0,1.5414
3168,20.44,1.0,0.0,2.1453
3169,17.54,1.0,0.0,3.0726
3170,36.89,0.0,1.0,4.0
3171,31.98,0.0,0.0,2.9217
3172,36.65,0.0,0.4294,2.9217
3173,28.58,1.0,0.0,2.4586
3174,40.93,0.0,1.0,3.3859
3175,18.42,1.0,0.0,2.3076
3176,48.48,0.0,1.0,3.235
3177,37.89,0.0,1.0,2.1567
3178,41.86,0.0,1.0,1.0783
3179,35.18,0.0,0.0,0.0
3180,20.24,1.0,0.0,0.0
3181,16.77,1.0,0.0,0.9274
3182,23.88,1.0,0.0,1.8547
3183,42.48,0.0,1.0,2.7821
3184,50.3,0.0,1.0,1.7038
3185,26.67,1.0,0.0,0.6254
3186,31.6,0.0,0.0,1.5528
3187,34.07,0.0,0.44,1.5528
3188,36.75,0.0,1.0,1.0783
3189,24.14,1.0,0.0,0.0
3190,22.16,1.0,0.0,0.9274
3191,26.1,0.3133,0.0,1.8547
3192,29.15,0.0,0.0,2.1453
3193,17.65,1.0,0.0,2.1453
3194,24.5,1.0,0.0,3.0726
3195,36.53,0.0,1.0,4.0
3196,16.57,1.0,0.0,2.9217
3197,26.31,0.1628,0.0,3.849
3198,44.8,0.0,1.0,4.0
3199,29.59,0.1628,0.0,2.9217
3200,29.43,1.0,0.0,3.0726
3201,53.7,0.0,1.0,4.0
3202,30.3,1.0,0.0,2.9217
3203,45.5,0.0,1.0,3.849
3204,33.34,0.3256,0.0,2.7707
3205,25.22,1.0,0.0,3.0726
3206,36.36,0.0,0.0,4.0
3207,39.13,0.0,0.0,4.0
3208,56.67,0.0,1.0,4.0
3209,35.66,0.0,0.0,2.9217
3210,45.36,0.0,1.0,2.9217
3211,43.1,0.0,0.0,1.8433
3212,53.47,0.0,1.0,1.8433
3213,27.25,1.0,0.0,0.765
3214,52.22,0.0,1.0,1.6924
3215,41.11,0.0,0.0,0.6141
3216,17.9,1.0,0.0,0.6141
3217,40.86,0.0,0.0,1.5414
3218,55.95,0.0,1.0,1.5414
3219,35.94,0.0,0.0,0.4631
3220,43.21,0.0,0.4294,0.4631
3221,29.25,0.0,0.0,0.0
3222,17.56,1.0,0.0,0.0
3223,18.03,1.0,0.0,0.9274
3224,39.47,0.0,1.0,1.8547
3225,29.15,0.4761,0.0,0.7764
3226,24.58,1.0,0.0,1.2179
3227,30.35,0.0,0.0,2.1453
3228,35.72,0.0,0.0,2.1453
3229,17.16,1.0,0.0,2.1453
3230,26.37,1.0,0.0,3.0726
3231,59.55,0.0,1.0,4.0
3232,27.31,1.0,0.0,2.9217
3233,58.79,0.0,1.0,3.849
3234,37.87,1.0,0.0,2.7707
3235,53.49,0.0,1.0,3.6981
3236,61.58,0.0,1.0,2.6197
3237,50.75,0.0,1.0,1.5414
3238,50.47,0.0,0.4294,0.4631
3239,23.42,1.0,0.0,0.0
3240,42.07,0.0,0.86,0.9274
3241,19.94,1.0,0.0,0.0
3242,28.14,0.3133,0.0,0.9274
3243,27.81,1.0,0.0,1.2179
3244,31.19,0.0,0.0,2.1453
3245,32.06,0.0,0.0,2.1453
3246,23.47,1.0,0.0,2.1453
3247,21.51,1.0,0.0,3.0726
3248,49.17,0.0,1.0,4.0
3249,38.42,0.0,0.0,2.9217
3250,50.8,0.0,1.0,2.9217
3251,30.65,1.0,0.0,1.8433
3252,17.67,1.0,0.0,2.7707
3253,40.17,0.0,1.0,3.6981
3254,27.2,1.0,0.0,2.6197
3255,39.71,0.0,1.0,3.5471
3256,31.84,1.0,0.0,2.4688
3257,77.38,0.0,1.0,3.3961
3258,33.14,0.0,0.0,2.3178
3259,39.41,0.0,0.0094,2.3178
3260,43.71,0.0,1.0,2.3076
3261,26.81,1.0,0.0,1.2293
3262,41.36,0.0,1.0,2.1567
3263,61.83,0.0,1.0,1.0783
3264,24.08,1.0,0.0,0.0
3265,30.97,0.0,0.0,0.9274
3266,9.85,1.0,0.0,0.9274
3267,25.15,0.3133,0.0,1.8547
3268,23.68,1.0,0.0,2.1453
3269,21.47,1.0,0.0,3.0726
3270,46.2,0.0,1.0,4.0
3271,30.89,0.0,0.0,2.9217
3272,34.18,0.0,1.0,2.9217
3273,31.66,0.0,0.44,1.8433
3274,17.43,1.0,0.0,1.3689
3275,21.03,1.0,0.0,2.2962
3276,40.61,0.0,1.0,3.2236
3277,13.74,1.0,0.0,2.1453
3278,23.77,1.0,0.0,3.0726
3279,30.75,0.0,0.0,4.0
3280,73.79,0.0,1.0,4.0
3281,57.16,0.0,1.0,2.9217
3282,37.19,0.0,0.0,1.8433
3283,70.28,0.0,1.0,1.8433
3284,32.61,0.5006,0.0,0.765
3285,56.15,0.0,1.0,1.2293
3286,22.99,1.0,0.0,0.151
3287,51.39,0.0,1.0,1.0783
3288,24.9,1.0,0.0,0.0
3289,18.89,1.0,0.0,0.9274
3290,23.99,1.0,0.0,1.8547
3291,28.21,0.0,0.0,2.7821
3292,22.3,1.0,0.0,2.7821
3293,34.85,0.0,0.5906,3.7094
3294,25.9,1.0,0.0,3.0726
3295,43.19,0.0,1.0,4.0
3296,42.61,0.0,0.72,2.9217
3297,35.5,0.0,0.0,2.1453
3298,29.33,1.0,0.0,2.1453
3299,33.08,1.0,0.0,3.0726
3300,35.3,0.0,0.0,4.0
3301,59.38,0.0,1.0,4.0
3302,43.34,0.0,0.0,2.9217
3303,49.95,0.0,0.0,2.9217
3304,118.59,0.0,1.0,2.9217
3305,52.52,0.0,0.7094,1.8433
3306,53.76,0.0,1.0,1.0783
3307,-15.0,1.0,0.0,0.0
3308,29.8,1.0,0.0,0.9274
3309,33.9,0.0,0.0,1.8547
3310,31.1,0.0,0.0,1.8547
3311,44.45,0.0,1.0,1.8547
3312,27.11,1.0,0.0,0.7764
3313,28.52,1.0,0.0,1.7038
3314,38.02,0.0,0.4506,2.6311
3315,34.76,0.0,0.0,2.1453
3316,25.15,1.0,0.0,2.1453
3317,22.79,1.0,0.0,3.0726
3318,47.44,0.0,1.0,4.0
3319,45.75,0.0,1.0,2.9217
3320,20.89,1.0,0.0,1.8433
3321,32.63,0.8262,0.0,2.7707
3322,36.41,0.0,0.0,3.5369
3323,41.36,0.0,1.0,3.5369
3324,40.19,0.0,1.0,2.4586
3325,31.99,1.0,0.0,1.3803
3326,38.44,0.0,0.0,2.3076
3327,36.44,0.0,0.0,2.3076
3328,31.9,1.0,0.0,2.3076
3329,40.17,0.0,1.0,3.235
3330,45.85,0.0,1.0,2.1567
3331,44.32,0.0,1.0,1.0783
3332,22.01,1.0,0.0,0.0
3333,34.58,0.0,0.0,0.9274
3334,38.01,0.0,0.86,0.9274
3335,32.23,0.0,0.0,0.0
3336,26.53,1.0,0.0,0.0
3337,32.36,0.0,0.0,0.9274
3338,17.88,1.0,0.0,0.9274
3339,14.59,1.0,0.0,1.8547
3340,23.66,1.0,0.0,2.7821
3341,37.8,0.0,0.16,3.7094
3342,57.78,0.0,1.0,3.5369
3343,46.06,0.0,1.0,2.4586
3344,22.0,1.0,0.0,1.3803
3345,33.69,0.0,0.0,2.3076
3346,37.73,0.0,0.0,2.3076
3347,33.64,0.0,0.0,2.3076
3348,35.44,0.0,0.0,2.3076
3349,21.1,1.0,0.0,2.3076
3350,32.16,0.0,0.0,3.235
3351,41.44,0.0,1.0,3.235
3352,54.13,0.0,1.0,2.1567
3353,33.33,0.0,0.0,1.0783
3354,40.52,0.0,1.0,1.0783
3355,17.48,1.0,0.0,0.0
3356,34.39,0.0,0.1706,0.9274
3357,33.21,0.0,0.0,0.7435
3358,26.18,1.0,0.0,0.7435
3359,37.84,0.0,1.0,1.6708
3360,28.48,0.0,0.0,0.5925
3361,-14.98,1.0,0.0,0.5925
3362,28.24,0.0,0.0,1.5198
3363,18.71,1.0,0.0,1.5198
3364,31.8,0.0,0.0,2.4472
3365,18.54,1.0,0.0,2.4472
3366,32.48,0.0,0.0,3.3746
3367,31.85,0.0,0.0,3.3746
3368,41.06,0.0,1.0,3.3746
3369,38.33,0.0,1.0,2.2962
3370,31.67,0.0,0.0,1.2179
3371,18.54,1.0,0.0,1.2179
3372,17.57,1.0,0.0,2.1453
3373,23.8,1.0,0.0,3.0726
3374,31.47,0.0,0.0,4.0
3375,29.03,0.0,0.0,4.0
3376,50.66,0.0,1.0,4.0
3377,40.23,0.0,0.0,2.9217
3378,32.75,1.0,0.0,2.9217
3379,41.02,0.0,0.5694,3.849
3380,46.44,0.0,1.0,3.235
3381,44.88,0.0,1.0,2.1567
3382,72.48,0.0,1.0,1.0783
3383,28.37,0.0,0.0,0.0
3384,28.42,0.0,0.0,0.0
3385,31.92,0.0,0.0,0.0
3386,26.08,0.0,0.0,0.0
3387,21.82,1.0,0.0,0.0
3388,15.66,1.0,0.0,0.9274
3389,24.38,0.3133,0.0,1.8547
3390,-15.99,1.0,0.0,2.1453
3391,19.29,1.0,0.0,3.0726
3392,28.07,0.0,0.0,4.0
3393,25.54,0.0,0.0,4.0
3394,42.65,0.0,1.0,4.0
3395,39.32,0.0,1.0,2.9217
3396,21.56,1.0,0.0,1.8433
3397,26.76,0.3256,0.0,2.7707
3398,16.54,1.0,0.0,3.0726
3399,30.33,0.0,0.0,4.0
3400,46.99,0.0,1.0,4.0
3401,59.45,0.0,1.0,2.9217
3402,35.91,0.0,0.4294,1.8433
3403,65.59,0.0,1.0,1.3803
3404,25.35,1.0,0.0,0.3019
3405,25.99,1.0,0.0,1.2293
3406,48.34,0.0,1.0,2.1567
3407,64.6,0.0,1.0,1.0783
3408,34.79,0.0,0.0,0.0
3409,27.22,0.3133,0.0,0.0
3410,12.24,1.0,0.0,0.2906
3411,12.86,1.0,0.0,1.2179
3412,28.3,0.0,0.0,2.1453
3413,25.83,1.0,0.0,2.1453
3414,22.0,1.0,0.0,3.0726
3415,36.27,0.0,0.0,4.0
3416,38.76,0.0,0.0,4.0
3417,51.48,0.0,1.0,4.0
3418,36.62,0.3256,0.0,2.9217
3419,49.18,0.0,1.0,3.2236
3420,29.78,1.0,0.0,2.1453
3421,28.27,1.0,0.0,3.0726
3422,46.18,0.0,0.86,4.0
3423,25.71,1.0,0.0,3.0726
3424,109.89,0.0,1.0,4.0
3425,50.99,0.0,0.0,2.9217
3426,52.88,0.0,0.0,2.9217
3427,54.77,0.0,1.0,2.9217
3428,83.44,0.0,1.0,1.8433
3429,53.29,0.0,0.5694,0.765
3430,21.59,1.0,0.0,0.151
3431,59.06,0.0,1.0,1.0783
3432,26.09,1.0,0.0,0.0
3433,28.78,1.0,0.0,0.9274
3434,16.94,1.0,0.0,1.8547
3435,31.51,0.0,0.0,2.7821
3436,21.62,1.0,0.0,2.7821
3437,30.44,0.0,0.0,3.7094
3438,29.45,0.3133,0.0,3.7094
3439,69.82,0.0,1.0,4.0
3440,74.81,0.0,1.0,2.9217
3441,37.75,0.0,0.44,1.8433
3442,-18.45,1.0,0.0,1.3689
3443,28.19,1.0,0.0,2.2962
3444,43.91,0.0,1.0,3.2236
3445,26.34,1.0,0.0,2.1453
3446,27.57,1.0,0.0,3.0726
3447,2228.13,0.0,1.0,4.0
3448,34.13,1.0,0.0,2.9217
3449,44.31,0.0,0.72,3.849
3450,26.72,1.0,0.0,3.0726
3451,58.55,0.0,1.0,4.0
3452,85.68,0.0,1.0,2.9217
3453,52.19,0.0,0.7094,1.8433
3454,63.41,0.0,1.0,1.0783
3455,26.99,0.4761,0.0,0.0
3456,32.06,0.0,0.0,0.4415
3457,20.01,1.0,0.0,0.4415
3458,24.58,1.0,0.0,1.3689
3459,34.49,0.0,1.0,2.2962
3460,28.26,0.0,0.0,1.2179
3461,18.0,1.0,0.0,1.2179
3462,20.61,1.0,0.0,2.1453
3463,22.04,1.0,0.0,3.0726
3464,44.58,0.0,1.0,4.0
3465,76.8,0.0,1.0,2.9217
3466,56.7,0.0,1.0,1.8433
3467,16.61,1.0,0.0,0.765
3468,49.24,0.0,1.0,1.6924
3469,41.18,0.0,0.0,0.6141
3470,18.68,1.0,0.0,0.6141
3471,32.83,1.0,0.0,1.5414
3472,60.71,0.0,1.0,2.4688
3473,54.67,0.0,1.0,1.3904
3474,29.51,1.0,0.0,0.3121
3475,56.9,0.0,1.0,1.2395
3476,20.64,1.0,0.0,0.1612
3477,37.66,0.0,0.0,1.0885
3478,56.85,0.0,1.0,1.0885
3479,36.67,0.0,0.0,0.0102
3480,24.89,1.0,0.0,0.0102
3481,38.16,0.0,0.0,0.9375
3482,37.6,0.0,0.0,0.9375
3483,41.81,0.0,0.0,0.9375
3484,37.18,0.0,0.0,0.9375
3485,43.28,0.0,0.8694,0.9375
3486,42.39,0.0,0.0,0.0
3487,39.39,0.0,0.0,0.0
3488,38.89,0.0,0.0,0.0
3489,34.46,0.3133,0.0,0.0
3490,23.12,1.0,0.0,0.2906
3491,23.18,1.0,0.0,1.2179
3492,27.24,1.0,0.0,2.1453
3493,32.43,1.0,0.0,3.0726
3494,53.34,0.0,1.0,4.0
3495,36.12,1.0,0.0,2.9217
3496,59.03,0.0,1.0,3.849
3497,66.06,0.0,1.0,2.7707
3498,43.21,0.0,0.0,1.6924
3499,56.82,0.0,1.0,1.6924
3500,40.22,0.5006,0.0,0.6141
3501,64.94,0.0,1.0,1.0783
3502,47.89,0.0,0.0,0.0
3503,24.12,1.0,0.0,0.0
3504,31.49,0.6389,0.0,0.9274
3505,49.97,0.0,1.0,1.5198
3506,25.19,1.0,0.0,0.4415
3507,31.04,1.0,0.0,1.3689
3508,33.28,0.0,0.0,2.2962
3509,20.71,1.0,0.0,2.2962
3510,39.38,0.0,1.0,3.2236
3511,22.13,1.0,0.0,2.1453
3512,30.41,1.0,0.0,3.0726
3513,54.8,0.0,1.0,4.0
3514,40.21,0.0,1.0,2.9217
3515,29.24,1.0,0.0,1.8433
3516,35.3,0.0,0.0,2.7707
3517,29.3,1.0,0.0,2.7707
3518,32.49,0.3256,0.0,3.6981
3519,46.32,0.0,1.0,4.0
3520,1042.46,0.0,1.0,2.9217
3521,46.11,0.0,1.0,1.8433
3522,42.18,0.0,0.4294,0.765
3523,26.6,1.0,0.0,0.3019
3524,31.87,1.0,0.0,1.2293
3525,71.08,0.0,1.0,2.1567
3526,44.04,0.0,1.0,1.0783
3527,23.12,1.0,0.0,0.0
3528,17.43,1.0,0.0,0.9274
3529,27.1,1.0,0.0,1.8547
3530,46.56,0.0,1.0,2.7821
3531,24.97,1.0,0.0,1.7038
3532,43.63,0.0,1.0,2.6311
3533,-10.47,1.0,0.0,1.5528
3534,39.01,0.0,0.0,2.4802
3535,22.68,1.0,0.0,2.4802
3536,52.78,0.0,1.0,3.4075
3537,33.59,0.0,0.0,2.3292
3538,48.21,0.0,1.0,2.3292
3539,24.57,1.0,0.0,1.2509
3540,32.26,0.9645,0.0,2.1782
3541,33.99,0.0,0.0,3.0726
3542,30.78,1.0,0.0,3.0726
3543,42.59,0.0,1.0,4.0
3544,38.17,0.0,0.0,2.9217
3545,36.38,0.0,0.0,2.9217
3546,82.88,0.0,1.0,2.9217
3547,67.18,0.0,1.0,1.8433
3548,33.84,0.3379,0.0,0.765
3549,50.3,0.0,1.0,1.0783
3550,29.81,1.0,0.0,0.0
3551,24.37,1.0,0.0,0.9274
3552,43.1,0.0,1.0,1.8547
3553,15.59,1.0,0.0,0.7764
3554,37.45,0.0,0.0,1.7038
3555,24.5,1.0,0.0,1.7038
3556,25.75,1.0,0.0,2.6311
3557,34.65,0.0,0.0,3.5585
3558,40.71,0.0,1.0,3.5585
3559,27.22,1.0,0.0,2.4802
3560,49.08,0.0,1.0,3.4075
3561,39.46,0.0,0.1706,2.3292
3562,23.06,1.0,0.0,2.1453
3563,30.91,1.0,0.0,3.0726
3564,49.38,0.0,0.0,4.0
3565,54.27,0.0,1.0,4.0
3566,41.94,0.0,0.0,2.9217
3567,24.47,1.0,0.0,2.9217
3568,49.96,0.0,0.0,3.849
3569,61.76,0.0,1.0,3.849
3570,61.17,0.0,1.0,2.7707
3571,61.51,0.0,1.0,1.6924
3572,50.37,0.0,0.5694,0.6141
3573,40.37,0.0,0.0,0.0
3574,31.38,1.0,0.0,0.0
3575,19.07,1.0,0.0,0.9274
3576,33.95,0.0,0.0,1.8547
3577,30.34,1.0,0.0,1.8547
3578,33.05,0.0,0.0,2.7821
3579,16.83,1.0,0.0,2.7821
3580,34.9,0.0,0.0,3.7094
3581,61.88,0.0,1.0,3.7094
3582,34.29,0.0,0.0,2.6311
3583,35.73,0.0,0.0,2.6311
3584,42.72,0.0,1.0,2.6311
3585,77.58,0.0,1.0,1.5528
3586,25.12,1.0,0.0,0.4745
3587,35.37,0.0,0.0,1.4018
3588,23.12,1.0,0.0,1.4018
3589,25.03,1.0,0.0,2.3292
3590,32.2,0.8017,0.0,3.2565
3591,59.75,0.0,1.0,4.0
3592,79.37,0.0,1.0,2.9217
3593,53.87,0.0,1.0,1.8433
3594,41.77,0.3379,0.0,0.765
3595,112.3,0.0,1.0,1.0783
3596,38.36,0.0,0.0,0.0
3597,34.05,0.1628,0.0,0.0
3598,20.95,1.0,0.0,0.151
3599,60.66,0.0,1.0,1.0783
3600,42.49,1.0,0.0,0.0
3601,66.55,0.0,0.86,0.9274
3602,16.79,1.0,0.0,0.0
3603,44.98,0.0,0.0,0.9274
3604,28.67,1.0,0.0,0.9274
3605,40.15,0.0,0.0,1.8547
3606,18.82,1.0,0.0,1.8547
3607,61.29,0.0,1.0,2.7821
3608,50.71,0.0,1.0,1.7038
3609,37.74,0.0,0.0,0.6254
3610,45.25,0.0,0.58,0.6254
3611,25.31,1.0,0.0,0.0
3612,25.08,1.0,0.0,0.9274
3613,25.88,1.0,0.0,1.8547
3614,17.21,1.0,0.0,2.7821
3615,50.63,0.0,1.0,3.7094
3616,64.4,0.0,1.0,2.6311
3617,36.18,0.6512,0.0,1.5528
3618,54.07,0.0,1.0,2.1567
3619,42.95,0.0,0.0,1.0783
3620,50.19,0.0,1.0,1.0783
3621,33.53,1.0,0.0,0.0
3622,28.74,1.0,0.0,0.9274
3623,54.01,0.0,1.0,1.8547
3624,29.74,1.0,0.0,0.7764
3625,58.2,0.0,1.0,1.7038
3626,27.87,1.0,0.0,0.6254
3627,19.61,1.0,0.0,1.5528
3628,43.16,0.0,0.3,2.4802
3629,37.92,0.0,0.0,2.1567
3630,43.4,0.0,1.0,2.1567
3631,55.86,0.0,1.0,1.0783
3632,30.77,1.0,0.0,0.0
3633,36.75,0.0,0.0,0.9274
3634,34.15,0.3023,0.0,0.9274
3635,21.15,1.0,0.0,1.2077
3636,28.13,1.0,0.0,2.1351
3637,48.8,0.0,1.0,3.0625
3638,35.91,0.0,0.0,1.9841
3639,23.48,1.0,0.0,1.9841
3640,24.73,1.0,0.0,2.9115
3641,83.18,0.0,1.0,3.8388
3642,46.57,0.0,1.0,2.7605
3643,37.74,0.0,0.0,1.6822
3644,40.83,0.0,0.0,1.6822
3645,25.01,1.0,0.0,1.6822
3646,64.72,0.0,1.0,2.6096
3647,32.71,1.0,0.0,1.5312
3648,49.29,0.0,1.0,2.4586
3649,29.33,1.0,0.0,1.3803
3650,45.43,0.0,1.0,2.3076
3651,29.8,1.0,0.0,1.2293
3652,38.03,0.0,0.0,2.1567
3653,39.28,0.0,0.0,2.1567
3654,42.04,0.0,1.0,2.1567
3655,41.77,0.0,0.0,1.0783
3656,35.8,0.0,0.0,1.0783
3657,75.44,0.0,1.0,1.0783
3658,26.51,1.0,0.0,0.0
3659,33.43,0.0,0.0,0.9274
3660,31.14,1.0,0.0,0.9274
3661,35.35,0.0,0.0,1.8547
3662,28.56,1.0,0.0,1.8547
3663,42.17,0.0,1.0,2.7821
3664,40.35,0.0,0.16,1.7038
3665,26.82,1.0,0.0,1.5312
3666,48.44,0.0,1.0,2.4586
3667,32.35,1.0,0.0,1.3803
3668,24.59,1.0,0.0,2.3076
3669,44.19,0.0,1.0,3.235
3670,46.86,0.0,1.0,2.1567
3671,45.33,0.0,1.0,1.0783
3672,37.41,0.0,0.0,0.0
3673,14.71,1.0,0.0,0.0
3674,17.18,1.0,0.0,0.9274
3675,54.58,0.0,1.0,1.8547
3676,19.64,1.0,0.0,0.7764
3677,37.99,0.0,0.0,1.7038
3678,26.69,1.0,0.0,1.7038
3679,38.2,0.0,0.0,2.6311
3680,31.26,0.0,0.0,2.6311
3681,47.18,0.0,1.0,2.6311
3682,38.37,0.0,0.3106,1.5528
3683,28.65,1.0,0.0,1.2179
3684,21.55,1.0,0.0,2.1453
3685,33.87,0.0,0.0,3.0726
3686,21.81,1.0,0.0,3.0726
3687,44.06,0.0,0.0,4.0
3688,107.81,0.0,1.0,4.0
3689,75.16,0.0,1.0,2.9217
3690,62.35,0.0,1.0,1.8433
3691,46.35,0.0,0.7094,0.765
3692,23.0,1.0,0.0,0.0
3693,26.64,0.1628,0.0,0.9274
3694,62.16,0.0,1.0,1.0783
3695,28.72,0.0,0.0,0.0
3696,24.12,1.0,0.0,0.0
3697,27.42,0.0,0.0,0.9274
3698,19.16,1.0,0.0,0.9274
3699,17.88,1.0,0.0,1.8547
3700,27.96,0.0,0.0,2.7821
3701,22.55,1.0,0.0,2.7821
3702,26.31,0.3133,0.0,3.7094
3703,28.38,0.0,0.0,4.0
3704,47.04,0.0,1.0,4.0
3705,35.89,0.0,0.0,2.9217
3706,34.51,0.0,0.0,2.9217
3707,41.49,0.0,0.72,2.9217
3708,29.74,1.0,0.0,2.1453
3709,28.1,1.0,0.0,3.0726
3710,39.48,0.0,0.0,4.0
3711,48.14,0.0,1.0,4.0
3712,41.02,0.0,0.0,2.9217
3713,48.41,0.0,1.0,2.9217
3714,37.05,0.989,0.0,1.8433
3715,35.49,1.0,0.0,2.7605
3716,59.59,0.0,1.0,3.6879
3717,49.66,0.0,1.0,2.6096
3718,46.73,0.0,1.0,1.5312
3719,41.96,0.0,0.0,0.4529
3720,31.45,1.0,0.0,0.4529
3721,37.24,0.0,0.0,1.3803
3722,38.71,0.0,0.0,1.3803
3723,37.96,0.0,0.0,1.3803
3724,27.6,1.0,0.0,1.3803
3725,50.28,0.0,1.0,2.3076
3726,37.1,0.0,0.0,1.2293
3727,46.76,0.0,1.0,1.2293
3728,43.44,0.0,0.0,0.151
3729,42.63,0.0,0.0,0.151
3730,28.52,1.0,0.0,0.151
3731,43.23,0.0,0.0,1.0783
3732,84.98,0.0,1.0,1.0783
3733,27.29,1.0,0.0,0.0
3734,34.48,0.0,0.0,0.9274
3735,32.74,1.0,0.0,0.9274
3736,36.56,0.0,0.0,1.8547
3737,81.16,0.0,1.0,1.8547
3738,38.65,0.0,0.0,0.7764
3739,40.81,0.0,0.72,0.7764
3740,26.23,1.0,0.0,0.0
3741,32.74,0.3256,0.0,0.9274
3742,22.01,1.0,0.0,1.2293
3743,47.65,0.0,1.0,2.1567
3744,82.8,0.0,1.0,1.0783
3745,25.78,1.0,0.0,0.0
3746,15.64,1.0,0.0,0.9274
3747,37.98,0.0,0.3106,1.8547
3748,22.26,1.0,0.0,1.5198
3749,48.98,0.0,1.0,2.4472
3750,31.16,0.0,0.0,1.3689
3751,30.17,1.0,0.0,1.3689
3752,37.14,0.0,0.0,2.2962
3753,51.2,0.0,1.0,2.2962
3754,34.23,0.0,0.0,1.2179
3755,28.55,1.0,0.0,1.2179
3756,29.41,1.0,0.0,2.1453
3757,20.02,1.0,0.0,3.0726
3758,38.82,0.0,0.86,4.0
3759,20.57,1.0,0.0,3.0726
3760,37.29,0.0,0.0,4.0
3761,61.93,0.0,1.0,4.0
3762,54.63,0.0,0.5694,2.9217
3763,59.49,0.0,1.0,2.3076
3764,44.89,1.0,0.0,1.2293
3765,64.56,0.0,1.0,2.1567
3766,55.56,0.0,1.0,1.0783
3767,44.85,0.0,0.0,0.0
3768,43.19,0.0,0.0,0.0
3769,38.28,0.0,0.0,0.0
3770,24.14,1.0,0.0,0.0
3771,17.39,1.0,0.0,0.9274
3772,33.41,0.0,0.0,1.8547
3773,37.79,0.0,0.3106,1.8547
3774,50.6,0.0,1.0,1.5198
3775,27.24,1.0,0.0,0.4415
3776,28.91,1.0,0.0,1.3689
3777,46.33,0.0,1.0,2.2962
3778,36.31,0.0,0.0,1.2179
3779,17.63,1.0,0.0,1.2179
3780,36.11,0.0,0.0,2.1453
3781,16.41,1.0,0.0,2.1453
3782,24.37,1.0,0.0,3.0726
3783,61.96,0.0,1.0,4.0
3784,82.88,0.0,1.0,2.9217
3785,31.16,1.0,0.0,1.8433
3786,43.97,0.0,0.4294,2.7707
3787,49.33,0.0,1.0,2.3076
3788,86.05,0.0,1.0,1.2293
3789,36.24,0.0,0.0,0.151
3790,34.17,1.0,0.0,0.151
3791,66.27,0.0,1.0,1.0783
3792,27.5,1.0,0.0,0.0
3793,38.07,0.0,0.86,0.9274
3794,16.86,1.0,0.0,0.0
3795,26.33,1.0,0.0,0.9274
3796,16.2,1.0,0.0,1.8547
3797,21.67,1.0,0.0,2.7821
3798,46.54,0.0,1.0,3.7094
3799,37.31,0.0,0.0,2.6311
3800,35.66,0.0,0.0,2.6311
3801,30.48,1.0,0.0,2.6311
3802,34.61,0.0,0.0,3.5585
3803,38.07,0.0,0.3106,3.5585
3804,44.87,0.0,1.0,3.2236
3805,12.58,1.0,0.0,2.1453
3806,25.47,1.0,0.0,3.0726
3807,41.0,0.0,0.0,4.0
3808,42.45,0.0,0.0,4.0
3809,55.16,0.0,1.0,4.0
3810,54.43,0.0,1.0,2.9217
3811,43.87,0.0,0.7094,1.8433
3812,38.53,0.0,0.0,1.0783
3813,39.69,0.0,0.0,1.0783
3814,60.62,0.0,1.0,1.0783
3815,29.96,1.0,0.0,0.0
3816,30.81,1.0,0.0,0.9274
3817,31.67,1.0,0.0,1.8547
3818,49.04,0.0,1.0,2.7821
3819,25.28,1.0,0.0,1.7038
3820,40.69,0.0,0.0,2.6311
3821,48.47,0.0,1.0,2.6311
3822,34.08,1.0,0.0,1.5528
3823,35.42,0.0,0.0,2.4802
3824,35.69,0.0,0.0,2.4802
3825,36.38,0.0,0.0,2.4802
3826,50.64,0.0,1.0,2.4802
3827,37.31,0.0,0.0,1.4018
3828,34.69,0.8017,0.0,1.4018
3829,21.35,1.0,0.0,2.1453
3830,24.4,1.0,0.0,3.0726
3831,82.47,0.0,1.0,4.0
3832,41.48,0.0,0.0,2.9217
3833,36.68,0.3379,0.0,2.9217
3834,82.15,0.0,1.0,3.235
3835,54.11,0.0,1.0,2.1567
3836,56.97,0.0,1.0,1.0783
3837,41.39,0.0,0.0,0.0
3838,36.43,0.0,0.0,0.0
3839,36.63,0.0,0.0,0.0
3840,19.49,1.0,0.0,0.0
3841,28.92,1.0,0.0,0.9274
3842,31.64,0.0,0.0,1.8547
3843,53.9,0.0,1.0,1.8547
3844,30.11,0.6512,0.0,0.7764
3845,13.97,1.0,0.0,1.3803
3846,33.87,0.0,0.0,2.3076
3847,99.91,0.0,1.0,2.3076
3848,54.47,0.0,1.0,1.2293
3849,30.09,1.0,0.0,0.151
3850,46.38,0.0,1.0,1.0783
3851,26.66,1.0,0.0,0.0
3852,19.98,1.0,0.0,0.9274
3853,28.15,1.0,0.0,1.8547
3854,35.5,0.0,0.0,2.7821
3855,20.31,1.0,0.0,2.7821
3856,29.65,0.3133,0.0,3.7094
3857,48.49,0.0,1.0,4.0
3858,43.34,0.0,1.0,2.9217
3859,56.54,0.0,1.0,1.8433
3860,30.55,1.0,0.0,0.765
3861,56.01,0.0,1.0,1.6924
3862,27.03,1.0,0.0,0.6141
3863,69.38,0.0,1.0,1.5414
3864,17.42,1.0,0.0,0.4631
3865,20.44,1.0,0.0,1.3904
3866,33.15,0.0,0.0,2.3178
3867,50.72,0.0,1.0,2.3178
3868,32.77,0.0,0.0,1.2395
3869,38.68,0.0,0.74,1.2395
3870,35.37,0.0,0.0,0.4415
3871,26.86,1.0,0.0,0.4415
3872,34.03,0.0,0.0,1.3689
3873,26.26,1.0,0.0,1.3689
3874,24.21,1.0,0.0,2.2962
3875,39.96,0.0,1.0,3.2236
3876,21.75,1.0,0.0,2.1453
3877,35.72,0.0,0.0,3.0726
3878,21.89,1.0,0.0,3.0726
3879,43.58,0.0,0.0,4.0
3880,37.53,0.0,0.0,4.0
3881,79.39,0.0,1.0,4.0
3882,56.24,0.0,1.0,2.9217
3883,76.21,0.0,1.0,1.8433
3884,36.03,0.3379,0.0,0.765
3885,44.69,0.0,1.0,1.0783
3886,29.14,0.0,0.0,0.0
3887,33.93,0.0,0.0,0.0
3888,29.11,0.0,0.0,0.0
3889,23.34,0.3133,0.0,0.0
3890,18.8,1.0,0.0,0.2906
3891,17.35,1.0,0.0,1.2179
3892,12.99,1.0,0.0,2.1453
3893,22.04,1.0,0.0,3.0726
3894,43.98,0.0,1.0,4.0
3895,22.08,1.0,0.0,2.9217
3896,25.13,0.1628,0.0,3.849
3897,75.44,0.0,1.0,4.0
3898,30.44,0.3379,0.0,2.9217
3899,39.01,0.0,1.0,3.235
3900,40.52,0.0,1.0,2.1567
3901,40.44,0.0,1.0,1.0783
3902,20.35,1.0,0.0,0.0
3903,36.39,0.0,0.44,0.9274
3904,25.38,1.0,0.0,0.4529
3905,114.73,0.0,1.0,1.3803
3906,28.86,1.0,0.0,0.3019
3907,34.42,0.0,0.0,1.2293
3908,32.75,0.0,0.0,1.2293
3909,26.06,1.0,0.0,1.2293
3910,66.24,0.0,1.0,2.1567
3911,91.94,0.0,1.0,1.0783
3912,27.12,0.0,0.0,0.0
3913,19.03,1.0,0.0,0.0
3914,13.21,1.0,0.0,0.9274
3915,26.23,1.0,0.0,1.8547
3916,26.5,0.3133,0.0,2.7821
3917,25.51,1.0,0.0,3.0726
3918,38.31,0.0,0.0,4.0
3919,44.55,0.0,1.0,4.0
3920,45.62,0.0,1.0,2.9217
3921,36.24,0.0,0.0,1.8433
3922,25.98,1.0,0.0,1.8433
3923,44.2,0.0,1.0,2.7707
3924,32.64,1.0,0.0,1.6924
3925,43.96,0.0,0.3,2.6197
3926,45.92,0.0,1.0,2.2962
3927,24.09,1.0,0.0,1.2179
3928,27.19,1.0,0.0,2.1453
3929,37.57,0.0,0.0,3.0726
3930,35.0,1.0,0.0,3.0726
3931,64.97,0.0,1.0,4.0
3932,53.54,0.0,1.0,2.9217
3933,64.93,0.0,1.0,1.8433
3934,47.61,0.0,0.0,0.765
3935,42.55,0.0,0.0,0.765
3936,48.96,0.0,0.7094,0.765
3937,35.77,0.6512,0.0,0.0
3938,29.72,1.0,0.0,0.6039
3939,48.17,0.0,1.0,1.5312
3940,30.95,1.0,0.0,0.4529
3941,28.93,1.0,0.0,1.3803
3942,26.56,1.0,0.0,2.3076
3943,49.83,0.0,1.0,3.235
3944,63.09,0.0,1.0,2.1567
3945,39.94,0.0,0.0,1.0783
3946,60.64,0.0,1.0,1.0783
3947,17.65,1.0,0.0,0.0
3948,32.01,1.0,0.0,0.9274
3949,31.9,1.0,0.0,1.8547
3950,27.12,1.0,0.0,2.7821
3951,91.66,0.0,1.0,3.7094
3952,44.07,0.0,1.0,2.6311
3953,42.61,0.0,0.02,1.5528
3954,51.33,0.0,1.0,1.5312
3955,24.85,1.0,0.0,0.4529
3956,36.44,0.0,0.0,1.3803
3957,62.61,0.0,1.0,1.3803
3958,33.39,1.0,0.0,0.3019
3959,29.72,1.0,0.0,1.2293
3960,51.1,0.0,1.0,2.1567
3961,48.71,0.0,1.0,1.0783
3962,34.92,0.0,0.0,0.0
3963,24.57,1.0,0.0,0.0
3964,27.45,0.0,0.0,0.9274
3965,24.39,1.0,0.0,0.9274
3966,-2.98,1.0,0.0,1.8547
3967,27.15,0.3133,0.0,2.7821
3968,33.1,0.0,0.0,3.0726
3969,28.42,0.0,0.0,3.0726
3970,22.29,1.0,0.0,3.0726
3971,38.13,0.0,0.0,4.0
3972,35.58,0.0,0.0,4.0
3973,58.91,0.0,1.0,4.0
3974,27.79,1.0,0.0,2.9217
3975,44.32,0.0,0.0,3.849
3976,50.53,0.0,0.5694,3.849
3977,45.16,0.0,0.0,3.235
3978,66.28,0.0,1.0,3.235
3979,65.98,0.0,1.0,2.1567
3980,53.54,0.0,1.0,1.0783
3981,40.75,0.0,0.0,0.0
3982,36.87,0.0,0.0,0.0
3983,-1.73,1.0,0.0,0.0
3984,24.47,1.0,0.0,0.9274
3985,24.61,1.0,0.0,1.8547
3986,19.75,1.0,0.0,2.7821
3987,33.75,0.0,0.0,3.7094
3988,45.57,0.0,1.0,3.7094
3989,23.61,1.0,0.0,2.6311
3990,39.65,0.0,1.0,3.5585
3991,27.36,1.0,0.0,2.4802
3992,37.09,0.0,0.8906,3.4075
3993,32.2,0.0,0.0,2.4472
3994,47.76,0.0,1.0,2.4472
3995,27.96,1.0,0.0,1.3689
3996,46.9,0.0,1.0,2.2962
3997,29.93,1.0,0.0,1.2179
3998,28.09,1.0,0.0,2.1453
3999,25.88,1.0,0.0,3.0726
4000,49.69,0.0,0.0,4.0
4001,67.8,0.0,1.0,4.0
4002,56.44,0.0,0.7094,2.9217
4003,110.59,0.0,1.0,2.1567
4004,79.08,0.0,1.0,1.0783
4005,40.19,0.0,0.0,0.0
4006,37.54,1.0,0.0,0.0
4007,47.21,0.0,0.86,0.9274
4008,24.3,1.0,0.0,0.0
4009,46.22,0.0,0.58,0.9274
4010,33.35,1.0,0.0,0.3019
4011,31.78,1.0,0.0,1.2293
4012,38.28,0.0,0.0,2.1567
4013,59.54,0.0,1.0,2.1567
4014,38.28,0.0,0.0,1.0783
4015,37.92,0.0,0.0,1.0783
4016,70.26,0.0,1.0,1.0783
4017,-4.55,1.0,0.0,0.0
4018,34.72,0.0,0.0,0.9274
4019,35.67,0.0,0.0,0.9274
4020,35.39,0.0,0.0,0.9274
4021,37.18,0.0,0.0,0.9274
4022,22.03,1.0,0.0,0.9274
4023,23.48,1.0,0.0,1.8547
4024,33.48,1.0,0.0,2.7821
4025,35.51,0.0,0.0,3.7094
4026,41.11,0.0,0.44,3.7094
4027,63.34,0.0,1.0,3.235
4028,45.38,0.0,1.0,2.1567
4029,48.14,0.0,1.0,1.0783
4030,27.45,1.0,0.0,0.0
4031,34.22,0.0,0.0,0.9274
4032,40.18,0.0,0.86,0.9274
4033,37.99,0.0,0.0,0.0
4034,22.89,1.0,0.0,0.0
4035,30.87,1.0,0.0,0.9274
4036,65.25,0.0,1.0,1.8547
4037,32.51,0.6389,0.0,0.7764
4038,28.4,1.0,0.0,1.3689
4039,37.28,0.0,0.0,2.2962
4040,42.97,0.0,1.0,2.2962
4041,39.2,0.0,0.0,1.2179
4042,38.58,0.0,0.0,1.2179
4043,21.57,1.0,0.0,1.2179
4044,23.69,1.0,0.0,2.1453
4045,31.21,1.0,0.0,3.0726
4046,33.56,0.0,0.0,4.0
4047,33.19,0.0,0.0,4.0
4048,43.1,0.0,0.0,4.0
4049,51.05,0.0,1.0,4.0
4050,70.6,0.0,1.0,2.9217
4051,49.19,0.0,0.5694,1.8433
4052,55.59,0.0,1.0,1.2293
4053,37.33,1.0,0.0,0.151
4054,51.69,0.0,1.0,1.0783
4055,46.06,0.0,0.0,0.0
4056,44.47,0.0,0.0,0.0
4057,39.76,0.0,0.0,0.0
4058,36.4,0.0,0.0,0.0
4059,28.3,1.0,0.0,0.0
4060,33.06,0.6156,0.0,0.9274
4061,47.66,0.0,1.0,1.4983
4062,28.93,1.0,0.0,0.42
4063,31.92,1.0,0.0,1.3473
4064,44.51,0.0,1.0,2.2747
4065,47.99,0.0,1.0,1.1963
4066,29.35,1.0,0.0,0.118
4067,34.97,0.0,0.0,1.0454
4068,-16.76,1.0,0.0,1.0454
4069,15.21,1.0,0.0,1.9727
4070,33.06,1.0,0.0,2.9001
4071,38.45,0.0,0.0,3.8275
4072,43.53,0.0,1.0,3.8275
4073,82.36,0.0,1.0,2.7491
4074,33.93,0.0,0.0,1.6708
4075,38.32,0.0,0.0,1.6708
4076,19.45,1.0,0.0,1.6708
4077,38.29,0.0,0.0,2.5982
4078,36.99,0.0,0.0,2.5982
4079,33.92,0.0,0.0,2.5982
4080,48.59,0.0,1.0,2.5982
4081,42.03,0.0,1.0,1.5198
4082,30.56,1.0,0.0,0.4415
4083,25.83,1.0,0.0,1.3689
4084,43.63,0.0,1.0,2.2962
4085,32.75,1.0,0.0,1.2179
4086,27.41,1.0,0.0,2.1453
4087,21.9,1.0,0.0,3.0726
4088,35.94,0.0,0.0,4.0
4089,54.26,0.0,1.0,4.0
4090,87.23,0.0,1.0,2.9217
4091,36.82,0.3256,0.0,1.8433
4092,25.59,1.0,0.0,2.1453
4093,21.9,1.0,0.0,3.0726
4094,43.48,0.0,0.0,4.0
4095,794.78,0.0,1.0,4.0
4096,56.04,0.0,0.0,2.9217
4097,67.07,0.0,1.0,2.9217
4098,60.73,0.0,1.0,1.8433
4099,47.54,0.5006,0.0,0.765
4100,59.38,0.0,1.0,1.2293
4101,48.29,0.0,0.0,0.151
4102,32.48,1.0,0.0,0.151
4103,77.8,0.0,1.0,1.0783
4104,29.27,1.0,0.0,0.0
4105,40.96,0.0,0.0,0.9274
4106,12.81,1.0,0.0,0.9274
4107,46.15,0.0,0.0,1.8547
4108,51.14,0.0,1.0,1.8547
4109,33.45,1.0,0.0,0.7764
4110,44.55,0.0,0.0,1.7038
4111,48.74,0.0,1.0,1.7038
4112,33.62,1.0,0.0,0.6254
4113,50.66,0.0,1.0,1.5528
4114,29.75,1.0,0.0,0.4745
4115,29.24,1.0,0.0,1.4018
4116,49.82,0.0,1.0,2.3292
4117,46.82,0.0,0.6,1.2509
4118,28.1,1.0,0.0,0.6039
4119,31.67,1.0,0.0,1.5312
4120,37.02,1.0,0.0,2.4586
4121,65.35,0.0,1.0,3.3859
4122,36.88,1.0,0.0,2.3076
4123,58.39,0.0,1.0,3.235
4124,63.53,0.0,1.0,2.1567
4125,44.28,0.0,0.0,1.0783
4126,60.97,0.0,1.0,1.0783
4127,36.74,0.0,0.0,0.0
4128,30.84,1.0,0.0,0.0
4129,22.26,1.0,0.0,0.9274
4130,42.79,0.0,1.0,1.8547
4131,22.66,1.0,0.0,0.7764
4132,34.7,0.0,0.0,1.7038
4133,32.42,1.0,0.0,1.7038
4134,25.44,1.0,0.0,2.6311
4135,32.52,0.4761,0.0,3.5585
4136,68.58,0.0,1.0,4.0
4137,45.06,0.0,1.0,2.9217
4138,27.84,1.0,0.0,1.8433
4139,40.42,0.0,0.0,2.7707
4140,32.03,1.0,0.0,2.7707
4141,111.93,0.0,1.0,3.6981
4142,39.91,0.0,0.0,2.6197
4143,35.98,0.989,0.0,2.6197
4144,76.57,0.0,1.0,3.5369
4145,26.65,1.0,0.0,2.4586
4146,54.3,0.0,1.0,3.3859
4147,103.99,0.0,1.0,2.3076
4148,47.15,0.0,1.0,1.2293
4149,24.99,1.0,0.0,0.151
4150,37.42,0.0,0.0,1.0783
4151,68.26,0.0,1.0,1.0783
4152,38.05,0.0,0.0,0.0
4153,23.46,1.0,0.0,0.0
4154,23.67,1.0,0.0,0.9274
4155,24.46,1.0,0.0,1.8547
4156,34.97,0.4884,0.0,2.7821
4157,53.29,0.0,1.0,3.235
4158,53.36,0.0,1.0,2.1567
4159,47.39,0.0,1.0,1.0783
4160,26.62,1.0,0.0,0.0
4161,26.48,1.0,0.0,0.9274
4162,47.94,0.0,1.0,1.8547
4163,22.76,1.0,0.0,0.7764
4164,31.27,0.4761,0.0,1.7038
4165,37.31,0.0,0.0,2.1453
4166,24.35,1.0,0.0,2.1453
4167,28.83,1.0,0.0,3.0726
4168,45.24,0.0,0.0,4.0
4169,60.78,0.0,1.0,4.0
4170,76.46,0.0,1.0,2.9217
4171,1113.61,0.0,1.0,1.8433
4172,50.58,0.0,0.7094,0.765
4173,35.44,0.0,0.0,0.0
4174,29.66,1.0,0.0,0.0
4175,34.44,0.4761,0.0,0.9274
4176,38.65,0.0,0.0,1.3689
4177,35.53,0.0,0.0,1.3689
4178,14.48,1.0,0.0,1.3689
4179,-11.91,1.0,0.0,2.2962
4180,47.15,0.0,1.0,3.2236
4181,34.43,1.0,0.0,2.1453
4182,22.57,1.0,0.0,3.0726
4183,92.48,0.0,1.0,4.0
4184,42.15,0.0,0.0,2.9217
4185,48.4,0.0,0.72,2.9217
4186,45.92,0.0,0.0,2.1453
4187,32.17,1.0,0.0,2.1453
4188,26.33,1.0,0.0,3.0726
4189,70.74,0.0,1.0,4.0
4190,51.7,0.0,0.4294,2.9217
4191,55.21,0.0,1.0,2.4586
4192,57.42,0.0,1.0,1.3803
4193,36.0,1.0,0.0,0.3019
4194,82.78,0.0,1.0,1.2293
4195,38.81,1.0,0.0,0.151
4196,54.64,0.0,1.0,1.0783
4197,26.02,1.0,0.0,0.0
4198,21.2,1.0,0.0,0.9274
4199,46.21,0.0,0.8906,1.8547
4200,25.32,1.0,0.0,0.8944
4201,15.8,1.0,0.0,1.8218
4202,36.62,1.0,0.0,2.7491
4203,62.94,0.0,1.0,3.6765
4204,50.49,0.0,1.0,2.5982
4205,30.71,1.0,0.0,1.5198
4206,37.3,1.0,0.0,2.4472
4207,55.52,0.0,1.0,3.3746
4208,63.3,0.0,1.0,2.2962
4209,37.65,1.0,0.0,1.2179
4210,40.55,0.0,0.0,2.1453
4211,40.8,0.0,0.0,2.1453
4212,41.38,0.0,0.0,2.1453
4213,32.25,1.0,0.0,2.1453
4214,35.02,1.0,0.0,3.0726
4215,67.36,0.0,1.0,4.0
4216,71.93,0.0,1.0,2.9217
4217,60.67,0.0,0.0,1.8433
4218,96.96,0.0,1.0,1.8433
4219,45.7,1.0,0.0,0.765
4220,87.64,0.0,1.0,1.6924
4221,56.05,0.5006,0.0,0.6141
4222,136.56,0.0,1.0,1.0783
4223,27.33,1.0,0.0,0.0
4224,26.49,1.0,0.0,0.9274
4225,36.83,1.0,0.0,1.8547
4226,34.95,1.0,0.0,2.7821
4227,59.51,0.0,1.0,3.7094
4228,24.66,1.0,0.0,2.6311
4229,46.29,0.0,0.0,3.5585
4230,56.06,0.0,1.0,3.5585
4231,2384.33,0.0,1.0,2.4802
4232,30.64,1.0,0.0,1.4018
4233,69.75,0.0,1.0,2.3292
4234,61.84,0.0,1.0,1.2509
4235,45.46,0.0,0.0,0.1725
4236,36.75,1.0,0.0,0.1725
4237,36.7,1.0,0.0,1.0999
4238,35.66,1.0,0.0,2.0273
4239,52.2,0.0,1.0,2.9546
4240,47.79,0.0,1.0,1.8763
4241,38.28,1.0,0.0,0.798
4242,36.94,1.0,0.0,1.7253
4243,40.35,0.0,0.0,2.6527
4244,53.86,0.0,1.0,2.6527
4245,46.08,0.0,0.0,1.5744
4246,47.03,0.0,0.32,1.5744
4247,49.61,0.0,1.0,1.2293
4248,27.17,1.0,0.0,0.151
4249,53.31,0.0,1.0,1.0783
4250,27.79,1.0,0.0,0.0
4251,25.93,1.0,0.0,0.9274
4252,37.01,0.3133,0.0,1.8547
4253,17.8,1.0,0.0,2.1453
4254,28.4,1.0,0.0,3.0726
4255,57.77,0.0,1.0,4.0
4256,23.43,1.0,0.0,2.9217
4257,63.23,0.0,1.0,3.849
4258,68.49,0.0,1.0,2.7707
4259,32.5,1.0,0.0,1.6924
4260,38.02,0.0,0.0,2.6197
4261,50.34,0.0,1.0,2.6197
4262,31.24,1.0,0.0,1.5414
4263,56.71,0.0,1.0,2.4688
4264,37.51,0.8262,0.0,1.3904
4265,43.74,0.0,0.0,2.1567
4266,40.44,0.0,0.0,2.1567
4267,59.4,0.0,1.0,2.1567
4268,75.0,0.0,1.0,1.0783
4269,43.77,0.0,0.0,0.0
4270,28.05,1.0,0.0,0.0
4271,28.6,1.0,0.0,0.9274
4272,38.99,0.0,0.0,1.8547
4273,61.06,0.0,1.0,1.8547
4274,35.15,0.0,0.0,0.7764
4275,26.45,1.0,0.0,0.7764
4276,41.02,0.0,1.0,1.7038
4277,31.23,1.0,0.0,0.6254
4278,32.92,0.9645,0.0,1.5528
4279,29.4,1.0,0.0,2.4472
4280,70.7,0.0,1.0,3.3746
4281,17.64,1.0,0.0,2.2962
4282,53.54,0.0,1.0,3.2236
4283,31.55,1.0,0.0,2.1453
4284,29.84,1.0,0.0,3.0726
4285,61.73,0.0,1.0,4.0
4286,28.75,1.0,0.0,2.9217
4287,33.1,0.1628,0.0,3.849
4288,45.47,0.0,0.88,4.0
4289,59.96,0.0,1.0,3.0511
4290,45.99,0.0,1.0,1.9727
4291,30.47,1.0,0.0,0.8944
4292,37.06,1.0,0.0,1.8218
4293,73.35,0.0,1.0,2.7491
4294,45.08,0.0,0.0,1.6708
4295,49.09,0.0,1.0,1.6708
4296,31.09,1.0,0.0,0.5925
4297,25.51,1.0,0.0,1.5198
4298,55.27,0.0,1.0,2.4472
4299,28.44,1.0,0.0,1.3689
4300,26.95,1.0,0.0,2.2962
4301,50.0,0.0,1.0,3.2236
4302,29.28,1.0,0.0,2.1453
4303,33.5,1.0,0.0,3.0726
4304,43.48,0.0,0.0,4.0
4305,43.05,0.0,0.0,4.0
4306,44.49,0.0,0.0,4.0
4307,77.42,0.0,1.0,4.0
4308,38.88,0.1628,0.0,2.9217
4309,14.9,1.0,0.0,3.0726
4310,41.51,0.0,0.0,4.0
4311,711.5,0.0,1.0,4.0
4312,48.49,0.0,0.0,2.9217
4313,56.72,0.0,1.0,2.9217
4314,53.32,0.0,0.7094,1.8433
4315,52.07,0.0,0.0,1.0783
4316,62.39,0.0,1.0,1.0783
4317,38.87,0.1628,0.0,0.0
4318,31.62,1.0,0.0,0.151
4319,121.19,0.0,1.0,1.0783
4320,26.6,1.0,0.0,0.0
4321,33.38,0.0,0.0,0.9274
4322,18.26,1.0,0.0,0.9274
4323,31.75,0.3133,0.0,1.8547
4324,22.78,1.0,0.0,2.1453
4325,29.28,1.0,0.0,3.0726
4326,54.53,0.0,1.0,4.0
4327,48.82,0.0,0.0,2.9217
4328,53.03,0.0,1.0,2.9217
4329,23.23,1.0,0.0,1.8433
4330,77.52,0.0,1.0,2.7707
4331,24.61,1.0,0.0,1.6924
4332,59.2,0.0,1.0,2.6197
4333,49.13,0.0,0.1494,1.5414
4334,45.47,0.0,0.0,1.3803
4335,31.34,1.0,0.0,1.3803
4336,50.52,0.0,1.0,2.3076
4337,44.28,0.0,0.0,1.2293
4338,54.58,0.0,1.0,1.2293
4339,48.75,0.0,0.0,0.151
4340,24.74,1.0,0.0,0.151
4341,69.81,0.0,1.0,1.0783
4342,42.97,0.0,0.0,0.0
4343,35.61,0.0,0.0,0.0
4344,28.18,1.0,0.0,0.0
4345,36.66,0.0,0.3106,0.9274
4346,22.61,1.0,0.0,0.5925
4347,13.89,1.0,0.0,1.5198
4348,36.52,0.0,0.0,2.4472
4349,41.12,0.0,1.0,2.4472
4350,35.38,0.0,0.0,1.3689
4351,27.78,1.0,0.0,1.3689
4352,44.98,0.0,1.0,2.2962
4353,25.95,1.0,0.0,1.2179
4354,28.54,1.0,0.0,2.1453
4355,28.81,1.0,0.0,3.0726
4356,46.73,0.0,1.0,4.0
4357,30.36,1.0,0.0,2.9217
4358,31.86,0.1628,0.0,3.849
4359,84.04,0.0,1.0,4.0
4360,54.37,0.0,1.0,2.9217
4361,58.97,0.0,1.0,1.8433
4362,47.62,0.0,0.0,0.765
4363,43.32,0.0,0.0,0.765
4364,23.57,1.0,0.0,0.765
4365,66.38,0.0,1.0,1.6924
4366,51.87,0.0,0.5694,0.6141
4367,39.75,0.0,0.0,0.0
4368,32.77,1.0,0.0,0.0
4369,41.96,0.0,0.3106,0.9274
4370,18.0,1.0,0.0,0.5925
4371,24.94,1.0,0.0,1.5198
4372,21.34,1.0,0.0,2.4472
4373,63.93,0.0,1.0,3.3746
4374,51.7,0.0,1.0,2.2962
4375,19.26,1.0,0.0,1.2179
4376,25.75,1.0,0.0,2.1453
4377,41.48,0.0,0.0,3.0726
4378,34.76,0.0,0.0,3.0726
4379,23.64,1.0,0.0,3.0726
4380,68.9,0.0,1.0,4.0
4381,38.57,0.1628,0.0,2.9217
4382,44.13,0.0,0.0,3.0726
4383,33.38,1.0,0.0,3.0726
4384,62.06,0.0,1.0,4.0
4385,45.98,0.0,0.0,2.9217
4386,49.23,0.0,0.5694,2.9217
4387,66.3,0.0,1.0,2.3076
4388,28.73,1.0,0.0,1.2293
4389,82.95,0.0,1.0,2.1567
4390,47.41,0.0,0.0,1.0783
4391,66.46,0.0,1.0,1.0783
4392,23.67,1.0,0.0,0.0
4393,23.54,1.0,0.0,0.9274
4394,20.71,1.0,0.0,1.8547
4395,33.57,0.0,1.0,2.7821
4396,32.6,0.0,0.0,1.7038
4397,-3.66,1.0,0.0,1.7038
4398,26.76,1.0,0.0,2.6311
4399,26.81,0.4761,0.0,3.5585
4400,43.12,0.0,0.86,4.0
4401,37.02,0.0,0.0,3.0726
4402,32.35,1.0,0.0,3.0726
4403,64.77,0.0,1.0,4.0
4404,33.99,1.0,0.0,2.9217
4405,54.08,0.0,1.0,3.849
4406,31.1,1.0,0.0,2.7707
4407,46.47,0.0,0.2894,3.6981
4408,47.41,0.0,1.0,3.3859
4409,29.08,1.0,0.0,2.3076
4410,89.88,0.0,1.0,3.235
4411,51.21,0.0,1.0,2.1567
4412,66.18,0.0,1.0,1.0783
4413,36.56,1.0,0.0,0.0
4414,42.1,0.0,0.0,0.9274
4415,31.43,1.0,0.0,0.9274
4416,53.3,0.0,1.0,1.8547
4417,36.37,1.0,0.0,0.7764
4418,35.47,1.0,0.0,1.7038
4419,49.61,0.0,1.0,2.6311
4420,47.89,0.0,1.0,1.5528
4421,45.21,0.0,0.44,0.4745
4422,23.27,1.0,0.0,0.0
4423,32.83,0.3256,0.0,0.9274
4424,30.95,1.0,0.0,1.2293
4425,56.37,0.0,1.0,2.1567
4426,43.78,0.0,1.0,1.0783
4427,23.23,1.0,0.0,0.0
4428,32.84,0.0,0.0,0.9274
4429,20.61,1.0,0.0,0.9274
4430,36.9,0.0,0.0,1.8547
4431,23.96,1.0,0.0,1.8547
4432,58.33,0.0,1.0,2.7821
4433,-3.52,1.0,0.0,1.7038
4434,106.6,0.0,1.0,2.6311
4435,-17.94,1.0,0.0,1.5528
4436,44.07,0.0,1.0,2.4802
4437,63.52,0.0,1.0,1.4018
4438,27.42,1.0,0.0,0.3235
4439,30.48,1.0,0.0,1.2509
4440,38.96,0.0,1.0,2.1782
4441,15.36,1.0,0.0,1.0999
4442,30.87,0.1273,0.0,2.0273
4443,21.64,1.0,0.0,2.1453
4444,33.19,0.0,0.0,3.0726
4445,23.78,1.0,0.0,3.0726
4446,44.52,0.0,1.0,4.0
4447,42.28,0.0,0.0,2.9217
4448,71.99,0.0,1.0,2.9217
4449,43.92,0.0,0.58,1.8433
4450,31.6,1.0,0.0,1.2179
4451,34.76,1.0,0.0,2.1453
4452,21.98,1.0,0.0,3.0726
4453,40.19,0.0,0.0,4.0
4454,46.33,0.0,0.0,4.0
4455,101.78,0.0,1.0,4.0
4456,39.1,1.0,0.0,2.9217
4457,48.23,0.0,0.4294,3.849
4458,44.81,0.0,0.0,3.3859
4459,58.15,0.0,1.0,3.3859
4460,58.56,0.0,1.0,2.3076
4461,46.95,0.0,0.0,1.2293
4462,65.6,0.0,1.0,1.2293
4463,34.49,1.0,0.0,0.151
4464,49.1,0.0,1.0,1.0783
4465,39.59,0.8017,0.0,0.0
4466,31.22,1.0,0.0,0.7435
4467,27.77,1.0,0.0,1.6708
4468,75.09,0.0,1.0,2.5982
4469,26.12,1.0,0.0,1.5198
4470,42.7,0.0,0.0,2.4472
4471,32.38,1.0,0.0,2.4472
4472,82.6,0.0,1.0,3.3746
4473,59.92,0.0,1.0,2.2962
4474,32.69,1.0,0.0,1.2179
4475,45.46,0.0,0.0,2.1453
4476,38.6,1.0,0.0,2.1453
4477,29.17,1.0,0.0,3.0726
4478,49.27,0.0,0.0,4.0
4479,49.27,0.0,0.0,4.0
4480,52.55,0.0,1.0,4.0
4481,52.33,0.0,0.0,2.9217
4482,63.91,0.0,1.0,2.9217
4483,58.65,0.0,1.0,1.8433
4484,52.45,0.0,0.5694,0.765
4485,38.32,1.0,0.0,0.151
4486,81.34,0.0,1.0,1.0783
4487,29.71,1.0,0.0,0.0
4488,40.48,0.0,0.72,0.9274
4489,29.38,1.0,0.0,0.151
4490,58.19,0.0,1.0,1.0783
4491,22.65,1.0,0.0,0.0
4492,24.89,1.0,0.0,0.9274
4493,24.82,1.0,0.0,1.8547
4494,43.19,0.0,1.0,2.7821
4495,26.1,1.0,0.0,1.7038
4496,37.49,0.0,0.0,2.6311
4497,20.73,1.0,0.0,2.6311
4498,45.21,0.0,1.0,3.5585
4499,31.97,0.6389,0.0,2.4802
4500,21.0,1.0,0.0,3.0726
4501,51.23,0.0,1.0,4.0
4502,23.97,1.0,0.0,2.9217
4503,56.97,0.0,1.0,3.849
4504,38.22,0.0,0.0,2.7707
4505,93.25,0.0,1.0,2.7707
4506,71.62,0.0,1.0,1.6924
4507,38.13,0.6634,0.0,0.6141
4508,37.36,1.0,0.0,1.2293
4509,59.42,0.0,1.0,2.1567
4510,41.12,0.0,0.0,1.0783
4511,40.55,0.0,0.0,1.0783
4512,54.53,0.0,1.0,1.0783
4513,25.35,1.0,0.0,0.0
4514,32.53,1.0,0.0,0.9274
4515,43.51,0.0,1.0,1.8547
4516,42.84,0.0,0.4506,0.7764
4517,33.04,1.0,0.0,0.2906
4518,34.94,1.0,0.0,1.2179
4519,23.02,1.0,0.0,2.1453
4520,30.7,1.0,0.0,3.0726
4521,49.34,0.0,1.0,4.0
4522,39.69,0.0,0.0,2.9217
4523,39.19,0.0,0.0,2.9217
4524,50.98,0.0,1.0,2.9217
4525,23.18,1.0,0.0,1.8433
4526,34.96,1.0,0.0,2.7707
4527,46.15,0.0,0.0,3.6981
4528,38.27,0.3256,0.0,3.6981
4529,88.07,0.0,1.0,4.0
4530,75.9,0.0,1.0,2.9217
4531,60.2,0.0,0.7094,1.8433
4532,96.73,0.0,1.0,1.0783
4533,28.52,1.0,0.0,0.0
4534,45.06,0.0,0.0,0.9274
4535,49.02,0.0,0.86,0.9274
4536,25.42,1.0,0.0,0.0
4537,36.68,1.0,0.0,0.9274
4538,21.44,1.0,0.0,1.8547
4539,39.76,0.0,0.0,2.7821
4540,46.84,0.0,1.0,2.7821
4541,38.51,0.0,0.0,1.7038
4542,20.26,1.0,0.0,1.7038
4543,30.22,1.0,0.0,2.6311
4544,54.25,0.0,1.0,3.5585
4545,44.57,0.0,0.0,2.4802
4546,16.26,1.0,0.0,2.4802
4547,59.11,0.0,1.0,3.4075
4548,37.26,0.8017,0.0,2.3292
4549,26.43,1.0,0.0,3.0726
4550,53.91,0.0,1.0,4.0
4551,34.16,1.0,0.0,2.9217
4552,38.57,0.1628,0.0,3.849
4553,60.63,0.0,1.0,4.0
4554,103.23,0.0,1.0,2.9217
4555,96.21,0.0,1.0,1.8433
4556,58.68,0.0,0.0,0.765
4557,56.78,0.0,0.0,0.765
4558,59.73,0.0,0.7094,0.765
4559,27.84,1.0,0.0,0.0
4560,43.96,0.0,0.5906,0.9274
4561,25.59,1.0,0.0,0.2906
4562,35.37,1.0,0.0,1.2179
4563,28.89,1.0,0.0,2.1453
4564,38.63,0.0,0.0,3.0726
4565,36.57,0.0,0.0,3.0726
4566,13.24,1.0,0.0,3.0726
4567,45.23,0.0,0.0,4.0
4568,55.86,0.0,1.0,4.0
4569,51.82,0.0,1.0,2.9217
4570,40.36,1.0,0.0,1.8433
4571,68.12,0.0,1.0,2.7707
4572,39.69,1.0,0.0,1.6924
4573,41.11,0.3023,0.0,2.6197
4574,54.96,0.0,1.0,2.9001
4575,49.26,0.0,0.0,1.8218
4576,35.91,1.0,0.0,1.8218
4577,22.83,1.0,0.0,2.7491
4578,46.93,0.0,0.0,3.6765
4579,71.29,0.0,1.0,3.6765
4580,45.82,0.0,0.0,2.5982
4581,64.06,0.0,1.0,2.5982
4582,47.8,0.0,0.0,1.5198
4583,67.98,0.0,1.0,1.5198
4584,31.7,1.0,0.0,0.4415
4585,39.05,1.0,0.0,1.3689
4586,37.84,1.0,0.0,2.2962
4587,53.02,0.0,1.0,3.2236
4588,17.87,1.0,0.0,2.1453
4589,29.94,1.0,0.0,3.0726
4590,52.35,0.0,0.58,4.0
4591,73.13,0.0,1.0,3.3746
4592,48.62,0.0,0.0,2.2962
4593,40.09,1.0,0.0,2.2962
4594,54.64,0.0,1.0,3.2236
4595,52.07,0.0,0.0,2.1453
4596,31.44,1.0,0.0,2.1453
4597,39.67,1.0,0.0,3.0726
4598,57.76,0.0,0.5694,4.0
4599,84.26,0.0,1.0,3.3859
4600,63.9,0.0,1.0,2.3076
4601,54.53,0.0,0.0,1.2293
4602,54.53,0.0,0.0,1.2293
4603,66.52,0.0,1.0,1.2293
4604,49.88,0.0,0.0,0.151
4605,51.82,0.0,0.0,0.151
4606,31.4,1.0,0.0,0.151
4607,68.33,0.0,1.0,1.0783
4608,23.63,1.0,0.0,0.0
4609,28.55,1.0,0.0,0.9274
4610,32.87,0.0,0.0,1.8547
4611,63.04,0.0,1.0,1.8547
4612,28.06,1.0,0.0,0.7764
4613,27.9,1.0,0.0,1.7038
4614,32.14,0.6389,0.0,2.6311
4615,76.22,0.0,1.0,3.2236
4616,16.74,1.0,0.0,2.1453
4617,31.33,1.0,0.0,3.0726
4618,109.24,0.0,1.0,4.0
4619,47.33,0.0,0.72,2.9217
4620,24.26,1.0,0.0,2.1453
4621,34.89,1.0,0.0,3.0726
4622,39.19,0.0,0.0,4.0
4623,58.57,0.0,1.0,4.0
4624,93.98,0.0,1.0,2.9217
4625,61.63,0.0,1.0,1.8433
4626,46.09,0.3379,0.0,0.765
4627,72.22,0.0,1.0,1.0783
4628,40.76,0.0,0.0,0.0
4629,33.84,0.0,0.0,0.0
4630,24.6,1.0,0.0,0.0
4631,25.14,0.4761,0.0,0.9274
4632,25.78,0.0,0.0,1.3689
4633,22.03,1.0,0.0,1.3689
4634,35.5,0.0,1.0,2.2962
4635,20.67,1.0,0.0,1.2179
4636,10.85,1.0,0.0,2.1453
4637,24.48,1.0,0.0,3.0726
4638,33.1,0.0,0.0,4.0
4639,34.56,0.0,0.0,4.0
4640,76.36,0.0,1.0,4.0
4641,35.96,0.0,0.0,2.9217
4642,57.26,0.0,1.0,2.9217
4643,38.3,0.0,0.0,1.8433
4644,35.26,0.3256,0.0,1.8433
4645,26.48,1.0,0.0,2.1453
4646,37.56,0.0,0.0,3.0726
4647,33.38,1.0,0.0,3.0726
4648,2835.9,0.0,1.0,4.0
4649,49.61,0.0,1.0,2.9217
4650,40.07,0.3379,0.0,1.8433
4651,77.72,0.0,1.0,2.1567
4652,60.53,0.0,1.0,1.0783
4653,41.6,0.0,0.0,0.0
4654,48.01,0.0,0.0,0.0
4655,42.29,0.0,0.0,0.0
4656,26.08,1.0,0.0,0.0
4657,34.16,0.0,0.0,0.9274
4658,25.64,1.0,0.0,0.9274
4659,22.64,1.0,0.0,1.8547
4660,18.5,1.0,0.0,2.7821
4661,31.17,0.3133,0.0,3.7094
4662,47.69,0.0,0.86,4.0
4663,33.55,1.0,0.0,3.0726
4664,108.58,0.0,1.0,4.0
4665,60.87,0.0,0.2894,2.9217
4666,66.51,0.0,1.0,2.6096
4667,51.01,0.0,0.0,1.5312
4668,68.56,0.0,1.0,1.5312
4669,26.97,1.0,0.0,0.4529
4670,15.67,1.0,0.0,1.3803
4671,37.38,1.0,0.0,2.3076
4672,60.22,0.0,0.0,3.235
4673,56.91,0.0,0.0,3.235
4674,61.51,0.0,1.0,3.235
4675,87.34,0.0,1.0,2.1567
4676,59.68,0.0,0.0,1.0783
4677,64.46,0.0,1.0,1.0783
4678,32.89,0.1628,0.0,0.0
4679,29.73,1.0,0.0,0.151
4680,62.25,0.0,1.0,1.0783
4681,34.57,0.0,0.0,0.0
4682,25.66,1.0,0.0,0.0
4683,25.39,1.0,0.0,0.9274
4684,26.05,0.3133,0.0,1.8547
4685,27.61,0.0,0.0,2.1453
4686,24.99,1.0,0.0,2.1453
4687,25.34,1.0,0.0,3.0726
4688,42.03,0.0,0.0,4.0
4689,36.33,0.0,0.0,4.0
4690,62.17,0.0,1.0,4.0
4691,42.85,0.0,0.0,2.9217
4692,39.39,0.0,0.0,2.9217
4693,-10.88,1.0,0.0,2.9217
4694,36.87,0.1628,0.0,3.849
4695,49.66,0.0,0.5694,4.0
4696,63.73,0.0,1.0,3.3859
4697,52.31,0.0,1.0,2.3076
4698,81.61,0.0,1.0,1.2293
4699,-4.27,1.0,0.0,0.151
4700,69.01,0.0,1.0,1.0783
4701,41.12,0.0,0.0,0.0
4702,24.27,1.0,0.0,0.0
4703,47.98,0.0,0.86,0.9274
4704,45.67,0.0,0.0,0.0
4705,40.87,0.0,0.0,0.0
4706,37.04,1.0,0.0,0.0
4707,27.97,1.0,0.0,0.9274
4708,24.68,1.0,0.0,1.8547
4709,42.98,0.0,0.0,2.7821
4710,45.52,0.0,0.4506,2.7821
4711,35.26,1.0,0.0,2.2962
4712,66.44,0.0,1.0,3.2236
4713,32.87,1.0,0.0,2.1453
4714,34.45,1.0,0.0,3.0726
4715,68.66,0.0,1.0,4.0
4716,48.71,0.0,0.4294,2.9217
4717,31.43,1.0,0.0,2.4586
4718,42.59,0.0,0.0,3.3859
4719,46.26,0.0,0.0,3.3859
4720,600.48,0.0,1.0,3.3859
4721,39.41,1.0,0.0,2.3076
4722,55.02,0.0,1.0,3.235
4723,48.69,0.0,0.0,2.1567
4724,57.09,0.0,1.0,2.1567
4725,72.57,0.0,1.0,1.0783
4726,40.95,0.0,0.0,0.0
4727,30.21,1.0,0.0,0.0
4728,39.75,0.0,0.86,0.9274
4729,29.84,1.0,0.0,0.0
4730,30.29,0.3133,0.0,0.9274
4731,28.56,1.0,0.0,1.2179
4732,-18.04,1.0,0.0,2.1453
4733,16.19,1.0,0.0,3.0726
4734,34.27,0.0,0.0,4.0
4735,42.9,0.0,0.86,4.0
4736,34.32,1.0,0.0,3.0726
4737,61.42,0.0,1.0,4.0
4738,56.23,0.0,1.0,2.9217
4739,38.13,0.0,0.0,1.8433
4740,32.73,1.0,0.0,1.8433
4741,34.29,1.0,0.0,2.7707
4742,37.17,0.3256,0.0,3.6981
4743,42.69,0.0,0.0,4.0
4744,46.56,0.0,0.88,4.0
4745,59.2,0.0,1.0,3.0511
4746,72.99,0.0,1.0,1.9727
4747,35.91,1.0,0.0,0.8944
4748,36.29,1.0,0.0,1.8218
4749,26.53,1.0,0.0,2.7491
4750,62.13,0.0,1.0,3.6765
4751,47.8,0.0,1.0,2.5982
4752,42.38,0.0,0.0,1.5198
4753,20.31,1.0,0.0,1.5198
4754,59.82,0.0,1.0,2.4472
4755,25.59,1.0,0.0,1.3689
4756,34.8,1.0,0.0,2.2962
4757,47.89,0.0,1.0,3.2236
4758,27.82,1.0,0.0,2.1453
4759,35.52,1.0,0.0,3.0726
4760,48.08,0.0,0.0,4.0
4761,121.98,0.0,1.0,4.0
4762,47.05,0.0,0.0,2.9217
4763,68.09,0.0,1.0,2.9217
4764,54.94,0.0,1.0,1.8433
4765,40.61,1.0,0.0,0.765
4766,27.3,1.0,0.0,1.6924
4767,63.64,0.0,1.0,2.6197
4768,29.47,1.0,0.0,1.5414
4769,95.0,0.0,1.0,2.4688
4770,60.21,0.0,1.0,1.3904
4771,21.87,1.0,0.0,0.3121
4772,46.58,0.0,0.0,1.2395
4773,61.58,0.0,1.0,1.2395
4774,42.27,0.989,0.0,0.1612
4775,56.3,0.0,1.0,1.0783
4776,26.4,1.0,0.0,0.0
4777,21.22,1.0,0.0,0.9274
4778,31.26,1.0,0.0,1.8547
4779,32.05,0.3133,0.0,2.7821
4780,29.07,1.0,0.0,3.0726
4781,54.62,0.0,1.0,4.0
4782,29.21,1.0,0.0,2.9217
4783,48.03,0.0,1.0,3.849
4784,46.29,0.0,1.0,2.7707
4785,26.04,1.0,0.0,1.6924
4786,26.71,1.0,0.0,2.6197
4787,39.01,0.0,0.0,3.5471
4788,72.13,0.0,1.0,3.5471
4789,43.77,0.0,0.3,2.4688
4790,21.12,1.0,0.0,2.1453
4791,14.8,1.0,0.0,3.0726
4792,64.39,0.0,1.0,4.0
4793,52.5,0.0,0.5694,2.9217
4794,83.78,0.0,1.0,2.3076
4795,40.66,1.0,0.0,1.2293
4796,59.37,0.0,1.0,2.1567
4797,65.93,0.0,1.0,1.0783
4798,39.31,0.0,0.0,0.0
4799,37.8,0.0,0.0,0.0
4800,35.89,0.1628,0.0,0.0
4801,40.56,0.0,0.0,0.151
4802,31.92,1.0,0.0,0.151
4803,44.61,0.0,1.0,1.0783
4804,27.96,1.0,0.0,0.0
4805,22.35,1.0,0.0,0.9274
4806,78.64,0.0,1.0,1.8547
4807,34.86,1.0,0.0,0.7764
4808,37.08,0.0,0.0,1.7038
4809,43.92,0.0,1.0,1.7038
4810,43.43,0.0,0.0,0.6254
4811,33.95,1.0,0.0,0.6254
4812,35.87,0.6389,0.0,1.5528
4813,35.27,1.0,0.0,2.1453
4814,41.1,0.0,0.0,3.0726
4815,19.28,1.0,0.0,3.0726
4816,96.31,0.0,1.0,4.0
4817,51.61,0.0,1.0,2.9217
4818,68.9,0.0,1.0,1.8433
4819,-14.69,1.0,0.0,0.765
4820,44.57,0.0,0.4294,1.6924
4821,38.78,0.0,0.0,1.2293
4822,76.95,0.0,1.0,1.2293
4823,35.77,1.0,0.0,0.151
4824,46.41,0.0,1.0,1.0783
4825,26.73,1.0,0.0,0.0
4826,27.4,0.1628,0.0,0.9274
4827,29.13,0.0,0.0,1.0783
4828,51.54,0.0,1.0,1.0783
4829,18.37,1.0,0.0,0.0
4830,24.85,1.0,0.0,0.9274
4831,21.8,1.0,0.0,1.8547
4832,30.94,0.0,0.0,2.7821
4833,33.85,0.0,1.0,2.7821
4834,24.12,1.0,0.0,1.7038
4835,30.08,0.0,0.0,2.6311
4836,17.84,1.0,0.0,2.6311
4837,25.06,0.4761,0.0,3.5585
4838,58.89,0.0,1.0,4.0
4839,50.7,0.0,0.58,2.9217
4840,53.28,0.0,1.0,2.2962
4841,38.28,1.0,0.0,1.2179
4842,32.87,1.0,0.0,2.1453
4843,37.19,1.0,0.0,3.0726
4844,51.81,0.0,0.7094,4.0
4845,66.53,0.0,1.0,3.235
4846,63.13,0.0,1.0,2.1567
4847,54.79,0.0,1.0,1.0783
4848,27.51,1.0,0.0,0.0
4849,33.87,0.0,0.0,0.9274
4850,28.7,1.0,0.0,0.9274
4851,29.6,0.6389,0.0,1.8547
4852,67.12,0.0,1.0,2.4472
4853,19.22,1.0,0.0,1.3689
4854,36.3,0.0,0.0,2.2962
4855,65.9,0.0,1.0,2.2962
4856,27.11,1.0,0.0,1.2179
4857,35.92,0.0,0.0,2.1453
4858,35.29,0.0,0.0,2.1453
4859,-10.08,1.0,0.0,2.1453
4860,20.66,1.0,0.0,3.0726
4861,44.1,0.0,1.0,4.0
4862,-9.84,1.0,0.0,2.9217
4863,52.62,0.0,1.0,3.849
4864,-13.78,1.0,0.0,2.7707
4865,56.07,0.0,1.0,3.6981
4866,-7.43,1.0,0.0,2.6197
4867,49.35,0.0,1.0,3.5471
4868,111.82,0.0,1.0,2.4688
4869,50.79,0.0,1.0,1.3904
4870,30.39,1.0,0.0,0.3121
4871,46.83,0.0,1.0,1.2395
4872,22.2,1.0,0.0,0.1612
4873,22.08,1.0,0.0,1.0885
4874,22.32,1.0,0.0,2.0159
4875,27.19,1.0,0.0,2.9432
4876,45.68,0.0,1.0,3.8706
4877,43.62,0.0,0.32,2.7923
4878,47.34,0.0,1.0,2.4472
4879,29.36,1.0,0.0,1.3689
4880,37.49,0.0,0.0,2.2962
4881,49.51,0.0,1.0,2.2962
4882,34.09,1.0,0.0,1.2179
4883,35.32,1.0,0.0,2.1453
4884,42.17,0.0,0.0,3.0726
4885,31.7,1.0,0.0,3.0726
4886,41.91,0.0,0.0,4.0
4887,76.94,0.0,1.0,4.0
4888,47.02,0.0,0.7094,2.9217
4889,82.22,0.0,1.0,2.1567
4890,68.49,0.0,1.0,1.0783
4891,33.19,1.0,0.0,0.0
4892,35.79,1.0,0.0,0.9274
4893,36.7,0.0,0.0,1.8547
4894,34.16,1.0,0.0,1.8547
4895,42.61,0.0,0.0,2.7821
4896,44.18,0.0,0.4506,2.7821
4897,52.14,0.0,1.0,2.2962
4898,35.8,1.0,0.0,1.2179
4899,27.19,1.0,0.0,2.1453
4900,15.88,1.0,0.0,3.0726
4901,36.52,0.0,0.0,4.0
4902,39.79,0.0,0.0,4.0
4903,46.0,0.0,0.44,4.0
4904,94.71,0.0,1.0,3.5255
4905,69.5,0.0,1.0,2.4472
4906,55.92,0.0,1.0,1.3689
4907,27.81,1.0,0.0,0.2906
4908,30.21,1.0,0.0,1.2179
4909,34.65,1.0,0.0,2.1453
4910,29.52,1.0,0.0,3.0726
4911,52.5,0.0,1.0,4.0
4912,56.59,0.0,1.0,2.9217
4913,37.19,1.0,0.0,1.8433
4914,85.63,0.0,1.0,2.7707
4915,57.49,0.0,1.0,1.6924
4916,28.75,1.0,0.0,0.6141
4917,48.27,0.0,0.0,1.5414
4918,50.85,0.0,0.16,1.5414
4919,61.83,0.0,1.0,1.3689
4920,31.66,1.0,0.0,0.2906
4921,44.9,0.0,0.0,1.2179
4922,34.31,1.0,0.0,1.2179
4923,20.05,1.0,0.0,2.1453
4924,20.06,1.0,0.0,3.0726
4925,52.78,0.0,0.0,4.0
4926,59.93,0.0,1.0,4.0
4927,48.31,0.0,0.0,2.9217
4928,76.49,0.0,1.0,2.9217
4929,65.17,0.0,1.0,1.8433
4930,53.98,0.0,0.5694,0.765
4931,28.31,1.0,0.0,0.151
4932,66.26,0.0,1.0,1.0783
4933,43.22,0.0,0.0,0.0
4934,33.84,1.0,0.0,0.0
4935,34.88,1.0,0.0,0.9274
4936,54.65,0.0,1.0,1.8547
4937,30.33,1.0,0.0,0.7764
4938,71.96,0.0,1.0,1.7038
4939,39.73,0.814,0.0,0.6254
4940,59.95,0.0,1.0,1.3803
4941,40.95,0.0,0.0,0.3019
4942,42.01,0.0,0.0,0.3019
4943,33.75,1.0,0.0,0.3019
4944,33.68,1.0,0.0,1.2293
4945,65.1,0.0,1.0,2.1567
4946,52.18,0.0,1.0,1.0783
4947,35.97,1.0,0.0,0.0
4948,32.63,1.0,0.0,0.9274
4949,47.88,0.0,0.0,1.8547
4950,58.56,0.0,1.0,1.8547
4951,32.27,1.0,0.0,0.7764
4952,44.1,0.0,0.0,1.7038
4953,23.79,1.0,0.0,1.7038
4954,62.95,0.0,1.0,2.6311
4955,80.22,0.0,1.0,1.5528
4956,37.17,1.0,0.0,0.4745
4957,17.03,1.0,0.0,1.4018
4958,47.93,0.0,0.02,2.3292
4959,32.11,1.0,0.0,2.3076
4960,39.6,0.0,0.0,3.235
4961,67.78,0.0,1.0,3.235
4962,61.58,0.0,1.0,2.1567
4963,46.76,0.0,0.0,1.0783
4964,41.94,0.0,0.0,1.0783
4965,51.36,0.0,1.0,1.0783
4966,39.93,0.0,0.0,0.0
4967,29.83,1.0,0.0,0.0
4968,31.71,1.0,0.0,0.9274
4969,37.84,0.0,0.0,1.8547
4970,30.19,1.0,0.0,1.8547
4971,19.37,1.0,0.0,2.7821
4972,46.52,0.0,1.0,3.7094
4973,13.66,1.0,0.0,2.6311
4974,33.72,0.4761,0.0,3.5585
4975,34.72,0.0,0.0,4.0
4976,47.72,0.0,1.0,4.0
4977,54.79,0.0,1.0,2.9217
4978,-20.0,1.0,0.0,1.8433
4979,-15.91,1.0,0.0,2.7707
4980,44.37,0.0,0.58,3.6981
4981,38.36,0.0,0.0,3.0726
4982,21.27,1.0,0.0,3.0726
4983,85.69,0.0,1.0,4.0
4984,30.18,1.0,0.0,2.9217
4985,63.02,0.0,1.0,3.849
4986,64.55,0.0,1.0,2.7707
4987,61.08,0.0,1.0,1.6924
4988,44.27,0.5006,0.0,0.6141
4989,65.64,0.0,1.0,1.0783
4990,26.69,1.0,0.0,0.0
4991,42.98,0.0,0.74,0.9274
4992,29.23,1.0,0.0,0.1294
4993,26.5,1.0,0.0,1.0568
4994,37.32,0.0,0.0,1.9841
4995,46.3,0.0,1.0,1.9841
4996,29.17,1.0,0.0,0.9058
4997,46.8,0.0,1.0,1.8332
4998,40.1,0.0,0.0,0.7548
4999,31.55,1.0,0.0,0.7548
5000,41.38,0.0,0.0,1.6822
5001,40.52,0.0,0.0,1.6822
5002,33.28,1.0,0.0,1.6822
5003,45.21,0.0,1.0,2.6096
5004,39.22,0.0,0.0,1.5312
5005,20.52,1.0,0.0,1.5312
5006,21.71,1.0,0.0,2.4586
5007,51.1,0.0,1.0,3.3859
5008,37.53,0.0,0.0,2.3076
5009,60.46,0.0,1.0,2.3076
5010,73.99,0.0,1.0,1.2293
5011,35.53,0.0,0.0,0.151
5012,32.11,1.0,0.0,0.151
5013,88.26,0.0,1.0,1.0783
5014,-13.18,1.0,0.0,0.0
5015,37.96,0.0,0.3106,0.9274
5016,25.67,1.0,0.0,0.5925
5017,28.08,1.0,0.0,1.5198
5018,21.16,1.0,0.0,2.4472
5019,43.24,0.0,1.0,3.3746
5020,25.06,1.0,0.0,2.2962
5021,2140.56,0.0,1.0,3.2236
5022,-14.06,1.0,0.0,2.1453
5023,29.92,1.0,0.0,3.0726
5024,38.99,0.0,0.86,4.0
5025,17.95,1.0,0.0,3.0726
5026,40.69,0.0,0.0,4.0
5027,36.65,0.0,0.0,4.0
5028,48.19,0.0,0.86,4.0
5029,18.49,1.0,0.0,3.0726
5030,58.1,0.0,0.5694,4.0
5031,58.67,0.0,1.0,3.3859
5032,77.33,0.0,1.0,2.3076
5033,53.38,0.0,0.0,1.2293
5034,80.24,0.0,1.0,1.2293
5035,33.11,1.0,0.0,0.151
5036,67.51,0.0,1.0,1.0783
5037,37.48,0.0,0.0,0.0
5038,25.83,0.0,0.0,0.0
5039,29.65,0.0,0.0,0.0
5040,35.64,1.0,0.0,0.0
5041,25.14,1.0,0.0,0.9274
5042,36.59,0.3133,0.0,1.8547
5043,16.85,1.0,0.0,2.1453
5044,15.61,1.0,0.0,3.0726
5045,57.51,0.0,1.0,4.0
5046,54.01,0.0,1.0,2.9217
5047,29.84,1.0,0.0,1.8433
5048,45.19,0.0,0.0,2.7707
5049,64.22,0.0,1.0,2.7707
5050,49.12,0.0,0.1494,1.6924
5051,40.94,0.0,0.0,1.5312
5052,52.94,0.0,1.0,1.5312
5053,27.69,1.0,0.0,0.4529
5054,39.09,1.0,0.0,1.3803
5055,43.72,0.0,0.0,2.3076
5056,45.32,0.0,0.0,2.3076
5057,47.41,0.0,0.0,2.3076
5058,57.68,0.0,1.0,2.3076
5059,56.05,0.0,1.0,1.2293
5060,36.42,1.0,0.0,0.151
5061,64.96,0.0,1.0,1.0783
5062,32.69,1.0,0.0,0.0
5063,40.68,0.0,0.0,0.9274
5064,32.05,1.0,0.0,0.9274
5065,38.0,0.3133,0.0,1.8547
5066,15.27,1.0,0.0,2.1453
5067,43.29,0.0,0.0,3.0726
5068,25.91,1.0,0.0,3.0726
5069,54.48,0.0,1.0,4.0
5070,33.27,1.0,0.0,2.9217
5071,42.31,0.0,0.0,3.849
5072,88.32,0.0,1.0,3.849
5073,40.76,0.0,0.0,2.7707
5074,65.39,0.0,1.0,2.7707
5075,39.38,0.6512,0.0,1.6924
5076,41.7,0.0,0.0,2.2962
5077,36.62,1.0,0.0,2.2962
5078,51.98,0.0,1.0,3.2236
5079,-19.93,1.0,0.0,2.1453
5080,35.31,1.0,0.0,3.0726
5081,43.42,0.0,0.0,4.0
5082,58.18,0.0,1.0,4.0
5083,51.22,0.0,0.7094,2.9217
5084,67.35,0.0,1.0,2.1567
5085,77.4,0.0,1.0,1.0783
5086,32.67,1.0,0.0,0.0
5087,33.94,1.0,0.0,0.9274
5088,21.48,1.0,0.0,1.8547
5089,68.16,0.0,1.0,2.7821
5090,35.63,0.4761,0.0,1.7038
5091,37.46,0.0,0.0,2.1453
5092,20.52,1.0,0.0,2.1453
5093,35.5,1.0,0.0,3.0726
5094,46.97,0.0,0.58,4.0
5095,39.36,0.0,0.0,3.3746
5096,65.81,0.0,1.0,3.3746
5097,100.78,0.0,1.0,2.2962
5098,30.4,1.0,0.0,1.2179
5099,27.14,1.0,0.0,2.1453
5100,26.5,1.0,0.0,3.0726
5101,62.64,0.0,1.0,4.0
5102,55.59,0.0,1.0,2.9217
5103,41.88,0.0,0.0,1.8433
5104,50.42,0.0,0.5694,1.8433
5105,40.76,1.0,0.0,1.2293
5106,76.65,0.0,1.0,2.1567
5107,48.4,0.0,0.0,1.0783
5108,47.91,0.0,0.0,1.0783
5109,60.62,0.0,1.0,1.0783
5110,43.0,0.0,0.0,0.0
5111,40.38,0.1628,0.0,0.0
5112,35.61,1.0,0.0,0.151
5113,44.19,0.0,0.0,1.0783
5114,56.93,0.0,1.0,1.0783
5115,38.83,0.6389,0.0,0.0
5116,43.41,0.0,0.0,0.5925
5117,33.08,1.0,0.0,0.5925
5118,30.64,1.0,0.0,1.5198
5119,54.01,0.0,1.0,2.4472
5120,47.9,0.0,1.0,1.3689
5121,27.24,1.0,0.0,0.2906
5122,37.71,1.0,0.0,1.2179
5123,37.66,1.0,0.0,2.1453
5124,30.1,1.0,0.0,3.0726
5125,59.91,0.0,1.0,4.0
5126,45.61,0.0,0.0,2.9217
5127,70.95,0.0,1.0,2.9217
5128,54.53,0.0,0.5694,1.8433
5129,55.76,0.0,1.0,1.2293
5130,40.4,1.0,0.0,0.151
5131,55.46,0.0,1.0,1.0783
5132,52.66,0.0,0.0,0.0
5133,30.32,1.0,0.0,0.0
5134,37.99,0.0,0.0,0.9274
5135,39.11,0.0,0.0,0.9274
5136,40.95,0.0,0.5906,0.9274
5137,39.27,0.0,0.0,0.2906
5138,26.07,1.0,0.0,0.2906
5139,37.23,0.0,0.0,1.2179
5140,30.71,1.0,0.0,1.2179
5141,12.98,1.0,0.0,2.1453
5142,33.09,1.0,0.0,3.0726
5143,62.59,0.0,1.0,4.0
5144,25.01,1.0,0.0,2.9217
5145,46.57,0.0,1.0,3.849
5146,73.59,0.0,1.0,2.7707
5147,29.67,1.0,0.0,1.6924
5148,35.97,0.4884,0.0,2.6197
5149,22.57,1.0,0.0,3.0726
5150,68.07,0.0,1.0,4.0
5151,42.56,0.0,0.0,2.9217
5152,50.48,0.0,0.5694,2.9217
5153,86.95,0.0,1.0,2.3076
5154,70.6,0.0,1.0,1.2293
5155,40.6,1.0,0.0,0.151
5156,41.74,0.0,0.0,1.0783
5157,58.12,0.0,1.0,1.0783
5158,36.83,0.0,0.0,0.0
5159,20.85,1.0,0.0,0.0
5160,34.73,0.0,0.0,0.9274
5161,19.88,1.0,0.0,0.9274
5162,56.19,0.0,1.0,1.8547
5163,33.57,0.0,0.0,0.7764
5164,23.81,1.0,0.0,0.7764
5165,27.71,1.0,0.0,1.7038
5166,20.21,1.0,0.0,2.6311
5167,29.16,0.4761,0.0,3.5585
5168,64.23,0.0,1.0,4.0
5169,97.64,0.0,1.0,2.9217
5170,54.41,0.0,1.0,1.8433
5171,37.44,0.6634,0.0,0.765
5172,30.86,1.0,0.0,1.3803
5173,25.45,1.0,0.0,2.3076
5174,79.09,0.0,1.0,3.235
5175,40.97,0.0,0.0,2.1567
5176,104.01,0.0,1.0,2.1567
5177,88.03,0.0,1.0,1.0783
5178,30.42,1.0,0.0,0.0
5179,43.64,0.0,0.0,0.9274
5180,41.37,0.0,0.0,0.9274
5181,-1.2,1.0,0.0,0.9274
5182,44.81,0.0,0.72,1.8547
5183,124.67,0.0,1.0,1.0783
5184,24.24,1.0,0.0,0.0
5185,36.1,0.3133,0.0,0.9274
5186,39.54,0.0,0.0,1.2179
5187,31.49,1.0,0.0,1.2179
5188,33.93,1.0,0.0,2.1453
5189,24.51,1.0,0.0,3.0726
5190,40.59,0.0,0.0,4.0
5191,51.17,0.0,0.7094,4.0
5192,50.4,0.0,0.0,3.235
5193,54.51,0.0,1.0,3.235
5194,69.08,0.0,1.0,2.1567
5195,53.6,0.0,1.0,1.0783
5196,36.75,0.3256,0.0,0.0
5197,23.57,1.0,0.0,0.3019
5198,31.13,1.0,0.0,1.2293
5199,40.47,0.0,0.0,2.1567
5200,54.1,0.0,1.0,2.1567
5201,45.65,0.0,1.0,1.0783
5202,40.26,0.0,0.0,0.0
5203,36.29,0.1628,0.0,0.0
5204,29.3,1.0,0.0,0.151
5205,44.89,0.0,1.0,1.0783
5206,27.32,1.0,0.0,0.0
5207,30.73,1.0,0.0,0.9274
5208,30.73,0.4761,0.0,1.8547
5209,20.84,1.0,0.0,2.2962
5210,36.34,0.0,0.0,3.2236
5211,40.76,0.0,1.0,3.2236
5212,26.89,1.0,0.0,2.1453
5213,30.28,1.0,0.0,3.0726
5214,47.12,0.0,1.0,4.0
5215,33.27,1.0,0.0,2.9217
5216,34.11,0.1628,0.0,3.849
5217,67.76,0.0,1.0,4.0
5218,57.33,0.0,0.0,2.9217
5219,47.59,0.1628,0.0,2.9217
5220,49.48,0.0,0.0,3.0726
5221,17.75,1.0,0.0,3.0726
5222,61.59,0.0,1.0,4.0
5223,50.05,0.0,0.0,2.9217
5224,70.44,0.0,1.0,2.9217
5225,61.71,0.0,1.0,1.8433
5226,56.73,0.0,0.0,0.765
5227,49.88,0.0,0.0,0.765
5228,59.28,0.0,0.5694,0.765
5229,43.63,1.0,0.0,0.151
5230,61.82,0.0,1.0,1.0783
5231,24.99,1.0,0.0,0.0
5232,29.14,0.4761,0.0,0.9274
5233,67.94,0.0,1.0,1.3689
5234,-1.43,1.0,0.0,0.2906
5235,28.89,1.0,0.0,1.2179
5236,23.89,1.0,0.0,2.1453
5237,-15.92,1.0,0.0,3.0726
5238,30.12,0.0,0.0,4.0
5239,39.96,0.0,0.0,4.0
5240,60.28,0.0,1.0,4.0
5241,34.84,1.0,0.0,2.9217
5242,55.34,0.0,0.72,3.849
5243,51.32,0.0,0.0,3.0726
5244,51.68,0.0,0.0,3.0726
5245,37.19,1.0,0.0,3.0726
5246,119.03,0.0,1.0,4.0
5247,63.0,0.0,0.5694,2.9217
5248,55.31,0.0,0.0,2.3076
5249,2214.56,0.0,1.0,2.3076
5250,53.81,0.0,0.0,1.2293
5251,90.33,0.0,1.0,1.2293
5252,-4.98,1.0,0.0,0.151
5253,81.5,0.0,1.0,1.0783
5254,59.96,0.0,0.0,0.0
5255,28.01,1.0,0.0,0.0
5256,41.69,0.0,0.0,0.9274
5257,21.47,1.0,0.0,0.9274
5258,18.84,1.0,0.0,1.8547
5259,34.08,1.0,0.0,2.7821
5260,39.0,0.0,0.0,3.7094
5261,48.23,0.0,1.0,3.7094
5262,46.3,0.0,1.0,2.6311
5263,51.27,0.0,1.0,1.5528
5264,31.67,1.0,0.0,0.4745
5265,42.81,0.0,0.0,1.4018
5266,24.74,1.0,0.0,1.4018
5267,19.05,1.0,0.0,2.3292
5268,46.21,0.0,0.1706,3.2565
5269,27.15,1.0,0.0,3.0726
5270,51.85,0.0,1.0,4.0
5271,64.08,0.0,1.0,2.9217
5272,39.67,1.0,0.0,1.8433
5273,66.02,0.0,1.0,2.7707
5274,44.09,0.0,0.0,1.6924
5275,28.68,1.0,0.0,1.6924
5276,54.24,0.0,1.0,2.6197
5277,41.12,0.6634,0.0,1.5414
5278,1807.36,0.0,1.0,2.1567
5279,86.64,0.0,1.0,1.0783
5280,20.57,1.0,0.0,0.0
5281,37.83,0.0,0.0,0.9274
5282,22.34,1.0,0.0,0.9274
5283,42.99,0.0,0.0,1.8547
5284,35.98,0.3133,0.0,1.8547
5285,40.07,0.0,0.0,2.1453
5286,27.89,1.0,0.0,2.1453
5287,32.5,1.0,0.0,3.0726
5288,61.72,0.0,1.0,4.0
5289,82.39,0.0,1.0,2.9217
5290,49.49,0.1518,0.0,1.8433
5291,28.01,1.0,0.0,1.9841
5292,40.07,1.0,0.0,2.9115
5293,82.49,0.0,1.0,3.8388
5294,39.53,1.0,0.0,2.7605
5295,72.38,0.0,1.0,3.6879
5296,37.95,1.0,0.0,2.6096
5297,52.81,0.0,0.0,3.5369
5298,68.89,0.0,1.0,3.5369
5299,62.77,0.0,1.0,2.4586
5300,39.65,1.0,0.0,1.3803
5301,36.45,1.0,0.0,2.3076
5302,64.13,0.0,1.0,3.235
5303,65.72,0.0,1.0,2.1567
5304,59.43,0.0,0.0,1.0783
5305,62.08,0.0,1.0,1.0783
5306,33.1,1.0,0.0,0.0
5307,28.0,1.0,0.0,0.9274
5308,51.9,0.0,0.74,1.8547
5309,44.94,0.0,0.0,1.0568
5310,27.47,1.0,0.0,1.0568
5311,29.53,1.0,0.0,1.9841
5312,52.89,0.0,1.0,2.9115
5313,41.58,1.0,0.0,1.8332
5314,41.36,1.0,0.0,2.7605
5315,55.69,0.0,1.0,3.6879
5316,46.32,0.0,0.0,2.6096
5317,56.06,0.0,1.0,2.6096
5318,19.36,1.0,0.0,1.5312
5319,47.32,0.0,0.0,2.4586
5320,62.58,0.0,1.0,2.4586
5321,31.34,1.0,0.0,1.3803
5322,44.01,0.0,0.0,2.3076
5323,40.61,1.0,0.0,2.3076
5324,52.13,0.0,1.0,3.235
5325,85.37,0.0,1.0,2.1567
5326,91.91,0.0,1.0,1.0783
5327,32.5,1.0,0.0,0.0
5328,42.0,0.0,0.0,0.9274
5329,40.06,0.3133,0.0,0.9274
5330,36.08,1.0,0.0,1.2179
5331,35.82,1.0,0.0,2.1453
5332,35.89,1.0,0.0,3.0726
5333,63.06,0.0,1.0,4.0
5334,56.86,0.0,1.0,2.9217
5335,29.19,1.0,0.0,1.8433
5336,58.69,0.0,1.0,2.7707
5337,60.32,0.0,1.0,1.6924
5338,46.51,0.5006,0.0,0.6141
5339,56.72,0.0,1.0,1.0783
5340,37.85,1.0,0.0,0.0
5341,37.67,1.0,0.0,0.9274
5342,39.62,0.0,0.0,1.8547
5343,21.32,1.0,0.0,1.8547
5344,47.61,0.0,0.0,2.7821
5345,42.23,0.0,0.0,2.7821
5346,36.46,1.0,0.0,2.7821
5347,89.84,0.0,1.0,3.7094
5348,61.58,0.0,1.0,2.6311
5349,47.68,0.0,0.3,1.5528
5350,37.08,1.0,0.0,1.2293
5351,47.83,0.0,1.0,2.1567
5352,49.31,0.0,1.0,1.0783
5353,24.61,1.0,0.0,0.0
5354,31.38,1.0,0.0,0.9274
5355,42.11,0.0,0.5906,1.8547
5356,16.35,1.0,0.0,1.2179
5357,34.16,1.0,0.0,2.1453
5358,33.19,1.0,0.0,3.0726
5359,40.27,0.0,0.0,4.0
5360,37.19,0.0,0.0,4.0
5361,46.21,0.0,0.0,4.0
5362,81.48,0.0,1.0,4.0
5363,34.0,1.0,0.0,2.9217
5364,39.15,0.1628,0.0,3.849
5365,70.43,0.0,1.0,4.0
5366,31.25,1.0,0.0,2.9217
5367,81.35,0.0,1.0,3.849
5368,48.94,0.5006,0.0,2.7707
5369,99.33,0.0,1.0,3.235
5370,71.64,0.0,1.0,2.1567
5371,60.41,0.0,1.0,1.0783
5372,50.33,0.0,0.0,0.0
5373,38.64,1.0,0.0,0.0
5374,46.29,0.1628,0.0,0.9274
5375,58.9,0.0,1.0,1.0783
5376,34.61,1.0,0.0,0.0
5377,29.35,1.0,0.0,0.9274
5378,28.72,1.0,0.0,1.8547
5379,43.88,0.0,0.3,2.7821
5380,49.31,0.0,1.0,2.4586
5381,27.53,1.0,0.0,1.3803
5382,30.45,1.0,0.0,2.3076
5383,48.08,0.0,1.0,3.235
5384,75.46,0.0,1.0,2.1567
5385,65.6,0.0,1.0,1.0783
5386,26.75,1.0,0.0,0.0
5387,34.64,0.4761,0.0,0.9274
5388,25.46,1.0,0.0,1.3689
5389,31.83,1.0,0.0,2.2962
5390,66.26,0.0,1.0,3.2236
5391,26.13,1.0,0.0,2.1453
5392,27.65,1.0,0.0,3.0726
5393,39.74,0.0,0.0,4.0
5394,60.77,0.0,1.0,4.0
5395,67.26,0.0,1.0,2.9217
5396,59.87,0.0,0.5694,1.8433
5397,72.37,0.0,1.0,1.2293
5398,24.26,1.0,0.0,0.151
5399,65.05,0.0,1.0,1.0783
5400,31.09,1.0,0.0,0.0
5401,42.25,0.0,0.0,0.9274
5402,19.68,1.0,0.0,0.9274
5403,30.98,1.0,0.0,1.8547
5404,34.8,0.0,0.0,2.7821
5405,51.97,0.0,1.0,2.7821
5406,22.03,1.0,0.0,1.7038
5407,42.45,0.0,0.4506,2.6311
5408,30.16,1.0,0.0,2.1453
5409,-14.02,1.0,0.0,3.0726
5410,54.28,0.0,1.0,4.0
5411,59.46,0.0,1.0,2.9217
5412,29.17,1.0,0.0,1.8433
5413,48.23,0.0,0.0,2.7707
5414,60.69,0.0,1.0,2.7707
5415,24.13,1.0,0.0,1.6924
5416,60.22,0.0,1.0,2.6197
5417,74.08,0.0,1.0,1.5414
5418,50.07,0.0,0.2894,0.4631
5419,35.34,1.0,0.0,0.151
5420,71.28,0.0,1.0,1.0783
5421,31.43,1.0,0.0,0.0
5422,42.13,0.0,0.0,0.9274
5423,42.21,0.0,0.0,0.9274
5424,44.43,0.0,0.86,0.9274
5425,26.19,1.0,0.0,0.0
5426,24.54,1.0,0.0,0.9274
5427,31.93,1.0,0.0,1.8547
5428,45.44,0.0,1.0,2.7821
5429,77.02,0.0,1.0,1.7038
5430,22.58,1.0,0.0,0.6254
5431,46.77,0.0,1.0,1.5528
5432,30.07,1.0,0.0,0.4745
5433,62.42,0.0,1.0,1.4018
5434,29.69,1.0,0.0,0.3235
5435,29.85,1.0,0.0,1.2509
5436,28.54,1.0,0.0,2.1782
5437,33.85,0.9645,0.0,3.1056
5438,42.09,0.0,0.0,4.0
5439,50.66,0.0,0.0,4.0
5440,48.38,0.0,0.0,4.0
5441,1198.17,0.0,1.0,4.0
5442,70.53,0.0,1.0,2.9217
5443,52.85,0.0,0.7094,1.8433
5444,76.74,0.0,1.0,1.0783
5445,37.24,0.6389,0.0,0.0
5446,25.53,1.0,0.0,0.5925
5447,42.19,0.0,0.0,1.5198
5448,54.28,0.0,1.0,1.5198
5449,34.41,1.0,0.0,0.4415
5450,29.0,1.0,0.0,1.3689
5451,22.68,1.0,0.0,2.2962
5452,58.94,0.0,1.0,3.2236
5453,24.05,1.0,0.0,2.1453
5454,29.61,1.0,0.0,3.0726
5455,50.98,0.0,1.0,4.0
5456,22.91,1.0,0.0,2.9217
5457,68.07,0.0,1.0,3.849
5458,51.17,0.0,1.0,2.7707
5459,51.63,0.0,1.0,1.6924
5460,42.53,0.0,0.0,0.6141
5461,32.77,1.0,0.0,0.6141
5462,25.84,1.0,0.0,1.5414
5463,40.61,0.6512,0.0,2.4688
5464,34.36,1.0,0.0,3.0726
5465,62.45,0.0,0.7094,4.0
5466,72.31,0.0,1.0,3.235
5467,90.03,0.0,1.0,2.1567
5468,58.04,0.0,0.0,1.0783
5469,65.75,0.0,1.0,1.0783
5470,40.2,0.0,0.0,0.0
5471,36.01,0.3133,0.0,0.0
5472,40.59,0.0,0.0,0.2906
5473,28.33,1.0,0.0,0.2906
5474,34.08,1.0,0.0,1.2179
5475,21.15,1.0,0.0,2.1453
5476,23.33,1.0,0.0,3.0726
5477,42.95,0.0,0.0,4.0
5478,51.9,0.0,1.0,4.0
5479,29.49,1.0,0.0,2.9217
5480,55.3,0.0,1.0,3.849
5481,36.06,1.0,0.0,2.7707
5482,41.24,0.0,0.0,3.6981
5483,61.71,0.0,1.0,3.6981
5484,46.28,0.0,0.0094,2.6197
5485,45.68,0.0,0.0,2.6096
5486,72.9,0.0,1.0,2.6096
5487,33.24,1.0,0.0,1.5312
5488,34.14,1.0,0.0,2.4586
5489,40.8,0.0,0.0,3.3859
5490,49.73,0.0,1.0,3.3859
5491,23.48,1.0,0.0,2.3076
5492,47.26,0.0,1.0,3.235
5493,39.2,0.0,0.0,2.1567
5494,58.51,0.0,1.0,2.1567
5495,48.02,0.0,1.0,1.0783
5496,27.78,1.0,0.0,0.0
5497,39.75,0.0,0.0,0.9274
5498,39.83,0.0,0.86,0.9274
5499,23.36,1.0,0.0,0.0
5500,26.65,1.0,0.0,0.9274
5501,15.73,1.0,0.0,1.8547
5502,25.9,1.0,0.0,2.7821
5503,32.02,0.0,0.0,3.7094
5504,44.75,0.0,1.0,3.7094
5505,31.12,0.4761,0.0,2.6311
5506,34.16,0.0,0.0,3.0726
5507,24.4,1.0,0.0,3.0726
5508,36.93,0.0,0.0,4.0
5509,40.01,0.0,0.72,4.0
5510,42.9,0.0,1.0,3.2236
5511,-10.56,1.0,0.0,2.1453
5512,28.02,1.0,0.0,3.0726
5513,42.16,0.0,0.0,4.0
5514,47.0,0.0,0.7094,4.0
5515,46.35,0.0,0.0,3.235
5516,52.01,0.0,1.0,3.235
5517,77.89,0.0,1.0,2.1567
5518,58.92,0.0,1.0,1.0783
5519,29.96,1.0,0.0,0.0
5520,43.34,0.0,0.86,0.9274
5521,40.33,0.0,0.0,0.0
5522,23.25,1.0,0.0,0.0
5523,41.02,0.0,0.0,0.9274
5524,29.85,1.0,0.0,0.9274
5525,20.87,1.0,0.0,1.8547
5526,44.36,0.0,1.0,2.7821
5527,44.65,0.0,1.0,1.7038
5528,40.14,0.0,0.0,0.6254
5529,42.62,0.0,0.0,0.6254
5530,31.69,1.0,0.0,0.6254
5531,46.24,0.0,1.0,1.5528
5532,34.15,1.0,0.0,0.4745
5533,36.42,0.0,0.0,1.4018
5534,42.1,0.0,0.0,1.4018
5535,28.22,1.0,0.0,1.4018
5536,35.03,0.8017,0.0,2.3292
5537,24.09,1.0,0.0,3.0726
5538,65.84,0.0,1.0,4.0
5539,34.81,1.0,0.0,2.9217
5540,52.9,0.0,1.0,3.849
5541,53.68,0.0,1.0,2.7707
5542,54.58,0.0,1.0,1.6924
5543,27.68,1.0,0.0,0.6141
5544,33.3,1.0,0.0,1.5414
5545,57.65,0.0,1.0,2.4688
5546,55.99,0.0,1.0,1.3904
5547,42.92,0.0,0.0,0.3121
5548,35.42,1.0,0.0,0.3121
5549,23.97,1.0,0.0,1.2395
5550,48.48,0.0,1.0,2.1668
5551,39.04,0.0,0.0,1.0885
5552,52.72,0.0,1.0,1.0885
5553,34.49,1.0,0.0,0.0102
5554,38.24,0.3023,0.0,0.9375
5555,39.43,0.0,0.0,1.2179
5556,37.67,1.0,0.0,1.2179
5557,40.71,0.0,0.0,2.1453
5558,30.24,1.0,0.0,2.1453
5559,26.33,1.0,0.0,3.0726
5560,84.33,0.0,1.0,4.0
5561,124.37,0.0,1.0,2.9217
5562,62.99,0.0,1.0,1.8433
5563,33.37,1.0,0.0,0.765
5564,38.41,0.5006,0.0,1.6924
5565,56.16,0.0,1.0,2.1567
5566,70.46,0.0,1.0,1.0783
5567,27.51,1.0,0.0,0.0
5568,32.51,1.0,0.0,0.9274
5569,34.3,0.3133,0.0,1.8547
5570,41.45,0.0,0.0,2.1453
5571,26.85,1.0,0.0,2.1453
5572,18.15,1.0,0.0,3.0726
5573,42.2,0.0,0.0,4.0
5574,55.71,0.0,1.0,4.0
5575,39.95,0.0,0.0,2.9217
5576,49.77,0.0,1.0,2.9217
5577,36.34,1.0,0.0,1.8433
5578,30.12,1.0,0.0,2.7707
5579,53.15,0.0,1.0,3.6981
5580,39.45,0.0,0.0,2.6197
5581,40.53,0.0,0.0,2.6197
5582,62.44,0.0,1.0,2.6197
5583,29.03,1.0,0.0,1.5414
5584,39.24,0.0,0.0,2.4688
5585,-7.05,1.0,0.0,2.4688
5586,44.06,0.0,0.0,3.3961
5587,69.54,0.0,1.0,3.3961
5588,46.99,0.0,1.0,2.3178
5589,33.09,1.0,0.0,1.2395
5590,44.94,0.0,1.0,2.1668
5591,44.49,0.0,0.0,1.0885
5592,46.94,0.0,1.0,1.0885
5593,36.62,0.0,0.0,0.0102
5594,-5.4,1.0,0.0,0.0102
5595,33.76,1.0,0.0,0.9375
5596,29.27,1.0,0.0,1.8649
5597,26.34,1.0,0.0,2.7923
5598,41.44,0.0,0.0,3.7196
5599,36.47,0.3023,0.0,3.7196
5600,77.75,0.0,1.0,4.0
5601,68.4,0.0,1.0,2.9217
5602,50.36,0.0,1.0,1.8433
5603,42.22,0.0,0.0,0.765
5604,33.29,1.0,0.0,0.765
5605,21.88,1.0,0.0,1.6924
5606,34.1,1.0,0.0,2.6197
5607,43.37,0.0,0.0,3.5471
5608,51.4,0.0,1.0,3.5471
5609,60.93,0.0,1.0,2.4688
5610,73.86,0.0,1.0,1.3904
5611,41.35,0.989,0.0,0.3121
5612,39.37,1.0,0.0,1.2293
5613,77.57,0.0,1.0,2.1567
5614,57.33,0.0,1.0,1.0783
5615,36.44,0.0,0.0,0.0
5616,32.48,1.0,0.0,0.0
5617,30.68,1.0,0.0,0.9274
5618,30.75,1.0,0.0,1.8547
5619,35.49,1.0,0.0,2.7821
5620,75.66,0.0,1.0,3.7094
5621,36.04,0.6389,0.0,2.6311
5622,47.06,0.0,1.0,3.2236
5623,22.63,1.0,0.0,2.1453
5624,-15.76,1.0,0.0,3.0726
5625,65.51,0.0,1.0,4.0
5626,46.3,0.0,0.0,2.9217
5627,7.93,1.0,0.0,2.9217
5628,43.31,0.0,0.0,3.849
5629,66.35,0.0,1.0,3.849
5630,18.23,1.0,0.0,2.7707
5631,70.99,0.0,1.0,3.6981
5632,17.92,1.0,0.0,2.6197
5633,71.54,0.0,1.0,3.5471
5634,53.15,0.0,1.0,2.4688
5635,23.07,1.0,0.0,1.3904
5636,58.26,0.0,1.0,2.3178
5637,69.59,0.0,1.0,1.2395
5638,49.54,0.0,0.0,0.1612
5639,51.09,0.0,0.1494,0.1612
5640,29.1,1.0,0.0,0.0
5641,16.52,1.0,0.0,0.9274
5642,38.61,0.0,0.0,1.8547
5643,55.29,0.0,1.0,1.8547
5644,46.1,0.0,0.72,0.7764
5645,16.76,1.0,0.0,0.0
5646,21.89,1.0,0.0,0.9274
5647,30.26,1.0,0.0,1.8547
5648,24.47,1.0,0.0,2.7821
5649,43.12,0.0,0.3106,3.7094
5650,45.99,0.0,1.0,3.3746
5651,22.26,1.0,0.0,2.2962
5652,44.75,0.0,1.0,3.2236
5653,41.7,0.0,0.0,2.1453
5654,30.15,1.0,0.0,2.1453
5655,39.13,0.0,0.0,3.0726
5656,23.81,1.0,0.0,3.0726
5657,45.7,0.0,0.0,4.0
5658,53.26,0.0,1.0,4.0
5659,55.5,0.0,1.0,2.9217
5660,56.7,0.0,1.0,1.8433
5661,50.49,0.0,0.7094,0.765
5662,-4.25,1.0,0.0,0.0
5663,45.86,0.0,0.0,0.9274
5664,47.55,0.0,0.86,0.9274
5665,30.54,1.0,0.0,0.0
5666,33.75,0.3133,0.0,0.9274
5667,27.98,1.0,0.0,1.2179
5668,24.67,1.0,0.0,2.1453
5669,40.21,0.0,0.0,3.0726
5670,30.51,1.0,0.0,3.0726
5671,46.41,0.0,1.0,4.0
5672,43.01,0.0,0.72,2.9217
5673,38.04,0.0,0.0,2.1453
5674,35.6,0.0,0.0,2.1453
5675,30.63,1.0,0.0,2.1453
5676,19.09,1.0,0.0,3.0726
5677,38.49,0.0,0.0,4.0
5678,39.47,0.0,0.0,4.0
5679,55.75,0.0,1.0,4.0
5680,38.97,0.0,0.0,2.9217
5681,99.3,0.0,1.0,2.9217
5682,46.34,0.0,0.0,1.8433
5683,38.38,0.0,0.0,1.8433
5684,34.94,1.0,0.0,1.8433
5685,25.17,1.0,0.0,2.7707
5686,74.05,0.0,1.0,3.6981
5687,66.79,0.0,1.0,2.6197
5688,41.17,0.0,0.0,1.5414
5689,22.99,1.0,0.0,1.5414
5690,56.71,0.0,1.0,2.4688
5691,26.3,1.0,0.0,1.3904
5692,28.05,1.0,0.0,2.3178
5693,55.17,0.0,1.0,3.2452
5694,46.49,0.0,0.74,2.1668
5695,87.28,0.0,1.0,1.3689
5696,46.28,0.0,0.0,0.2906
5697,36.68,1.0,0.0,0.2906
5698,32.11,1.0,0.0,1.2179
5699,19.1,1.0,0.0,2.1453
5700,30.7,1.0,0.0,3.0726
5701,50.06,0.0,0.86,4.0
5702,44.71,0.0,0.0,3.0726
5703,41.55,0.0,0.0,3.0726
5704,33.01,1.0,0.0,3.0726
5705,55.17,0.0,1.0,4.0
5706,75.17,0.0,1.0,2.9217
5707,60.39,0.0,1.0,1.8433
5708,52.26,0.0,0.5694,0.765
5709,34.81,1.0,0.0,0.151
5710,58.44,0.0,1.0,1.0783
5711,13.76,1.0,0.0,0.0
5712,38.0,0.4761,0.0,0.9274
5713,77.06,0.0,1.0,1.3689
5714,17.68,1.0,0.0,0.2906
5715,27.24,1.0,0.0,1.2179
5716,30.62,1.0,0.0,2.1453
5717,28.27,1.0,0.0,3.0726
5718,52.86,0.0,1.0,4.0
5719,47.48,0.0,0.7094,2.9217
5720,44.58,0.0,0.0,2.1567
5721,55.51,0.0,1.0,2.1567
5722,39.86,0.0,0.0,1.0783
5723,110.53,0.0,1.0,1.0783
5724,35.55,1.0,0.0,0.0
5725,35.78,0.4761,0.0,0.9274
5726,19.85,1.0,0.0,1.3689
5727,33.98,1.0,0.0,2.2962
5728,69.6,0.0,1.0,3.2236
5729,31.81,1.0,0.0,2.1453
5730,24.69,1.0,0.0,3.0726
5731,52.33,0.0,1.0,4.0
5732,79.34,0.0,1.0,2.9217
5733,46.53,0.0,1.0,1.8433
5734,38.21,0.0,0.0,0.765
5735,21.41,1.0,0.0,0.765
5736,38.78,0.0,0.0,1.6924
5737,39.35,0.0,0.0,1.6924
5738,16.0,1.0,0.0,1.6924
5739,43.91,0.0,0.0,2.6197
5740,39.98,0.0,0.0,2.6197
5741,49.21,0.0,1.0,2.6197
5742,44.94,0.0,0.02,1.5414
5743,-4.02,1.0,0.0,1.5198
5744,50.52,0.0,1.0,2.4472
5745,56.69,0.0,1.0,1.3689
5746,20.89,1.0,0.0,0.2906
5747,21.39,1.0,0.0,1.2179
5748,25.96,1.0,0.0,2.1453
5749,31.81,1.0,0.0,3.0726
5750,41.22,0.0,0.0,4.0
5751,45.87,0.0,0.5694,4.0
5752,68.61,0.0,1.0,3.3859
5753,75.59,0.0,1.0,2.3076
5754,38.56,0.0,0.0,1.2293
5755,56.03,0.0,1.0,1.2293
5756,-9.4,1.0,0.0,0.151
5757,42.75,0.0,0.0,1.0783
5758,47.92,0.0,1.0,1.0783
5759,12.4,0.0,0.0,0.0
5760,76.69,-0.0,0.0,0.0
5761,37.92,1.0,0.0,0.0
5762,24.14,1.0,0.0,0.9274
5763,57.73,0.0,1.0,1.8547
5764,26.98,1.0,0.0,0.7764
5765,34.54,1.0,0.0,1.7038
5766,30.77,1.0,0.0,2.6311
5767,71.19,0.0,1.0,3.5585
5768,40.43,0.0,0.0,2.4802
5769,43.9,0.0,0.0,2.4802
5770,59.93,0.0,1.0,2.4802
5771,44.23,0.0,0.0,1.4018
5772,32.82,1.0,0.0,1.4018
5773,48.9,0.0,0.16,2.3292
5774,87.15,0.0,1.0,2.1567
5775,45.58,0.0,0.0,1.0783
5776,48.15,0.0,0.0,1.0783
5777,53.47,0.0,1.0,1.0783
5778,-3.27,1.0,0.0,0.0
5779,41.63,0.0,0.0,0.9274
5780,44.21,0.0,0.86,0.9274
5781,26.56,1.0,0.0,0.0
5782,28.18,1.0,0.0,0.9274
5783,33.96,0.4761,0.0,1.8547
5784,32.21,1.0,0.0,2.2962
5785,57.54,0.0,1.0,3.2236
5786,35.74,0.0,0.0,2.1453
5787,21.29,1.0,0.0,2.1453
5788,23.52,1.0,0.0,3.0726
5789,53.14,0.0,1.0,4.0
5790,53.92,0.0,1.0,2.9217
5791,40.17,0.0,0.0,1.8433
5792,35.78,0.0,0.0,1.8433
5793,61.53,0.0,1.0,1.8433
5794,27.67,1.0,0.0,0.765
5795,41.17,0.0,0.0,1.6924
5796,73.82,0.0,1.0,1.6924
5797,35.48,1.0,0.0,0.6141
5798,27.21,1.0,0.0,1.5414
5799,46.9,0.0,1.0,2.4688
5800,39.06,0.0,0.0,1.3904
5801,30.8,1.0,0.0,1.3904
5802,66.36,0.0,1.0,2.3178
5803,75.62,0.0,1.0,1.2395
5804,43.53,0.0,0.1494,0.1612
5805,39.7,0.0,0.0,0.0
5806,30.34,1.0,0.0,0.0
5807,-13.19,1.0,0.0,0.9274
5808,26.87,1.0,0.0,1.8547
5809,21.66,1.0,0.0,2.7821
5810,57.21,0.0,1.0,3.7094
5811,34.35,0.814,0.0,2.6311
5812,36.93,0.0,0.0,3.3859
5813,44.57,0.0,1.0,3.3859
5814,47.42,0.0,1.0,2.3076
5815,34.28,1.0,0.0,1.2293
5816,45.77,0.0,1.0,2.1567
5817,37.62,0.0,0.0,1.0783
5818,45.48,0.0,1.0,1.0783
5819,40.29,0.0,0.0,0.0
5820,29.03,1.0,0.0,0.0
5821,-19.85,1.0,0.0,0.9274
5822,37.42,0.0,0.0,1.8547
5823,37.67,0.0,0.0,1.8547
5824,23.66,1.0,0.0,1.8547
5825,-15.21,1.0,0.0,2.7821
5826,72.5,0.0,1.0,3.7094
5827,123.39,0.0,1.0,2.6311
5828,42.16,0.0,1.0,1.5528
5829,37.37,0.0,0.0,0.4745
5830,28.7,1.0,0.0,0.4745
5831,43.44,0.0,1.0,1.4018
5832,34.97,0.0,0.0,0.3235
5833,23.13,1.0,0.0,0.3235
5834,27.64,1.0,0.0,1.2509
5835,14.54,1.0,0.0,2.1782
5836,41.63,0.0,1.0,3.1056
5837,24.88,1.0,0.0,2.0273
5838,35.62,0.0,0.0,2.9546
5839,23.95,1.0,0.0,2.9546
5840,33.79,0.1273,0.0,3.882
5841,37.33,0.0,0.0,4.0
5842,38.7,0.0,0.0,4.0
5843,42.11,0.0,0.0,4.0
5844,54.69,0.0,0.86,4.0
5845,42.33,1.0,0.0,3.0726
5846,49.59,0.0,0.0,4.0
5847,66.84,0.0,1.0,4.0
5848,55.75,0.0,0.0,2.9217
5849,49.13,0.3379,0.0,2.9217
5850,73.32,0.0,1.0,3.235
5851,73.84,0.0,1.0,2.1567
5852,60.41,0.0,1.0,1.0783
5853,27.01,1.0,0.0,0.0
5854,31.39,1.0,0.0,0.9274
5855,36.53,0.9645,0.0,1.8547
5856,42.63,0.0,0.0,2.7491
5857,30.37,1.0,0.0,2.7491
5858,43.56,0.0,0.0,3.6765
5859,45.85,0.0,1.0,3.6765
5860,45.61,0.0,1.0,2.5982
5861,49.48,0.0,1.0,1.5198
5862,24.98,1.0,0.0,0.4415
5863,46.52,0.0,1.0,1.3689
5864,33.36,1.0,0.0,0.2906
5865,23.02,1.0,0.0,1.2179
5866,34.99,1.0,0.0,2.1453
5867,-12.46,1.0,0.0,3.0726
5868,38.67,0.0,0.0,4.0
5869,66.1,0.0,1.0,4.0
5870,37.52,1.0,0.0,2.9217
5871,94.52,0.0,1.0,3.849
5872,48.4,0.0,0.02,2.7707
5873,49.96,0.0,1.0,2.7491
5874,32.78,1.0,0.0,1.6708
5875,74.51,0.0,1.0,2.5982
5876,40.22,0.0,0.0,1.5198
5877,35.69,1.0,0.0,1.5198
5878,65.71,0.0,1.0,2.4472
5879,60.08,0.0,1.0,1.3689
5880,48.02,0.0,0.0,0.2906
5881,26.84,1.0,0.0,0.2906
5882,28.63,1.0,0.0,1.2179
5883,28.22,1.0,0.0,2.1453
5884,39.25,1.0,0.0,3.0726
5885,55.66,0.0,1.0,4.0
5886,40.67,1.0,0.0,2.9217
5887,78.1,0.0,1.0,3.849
5888,56.25,0.0,1.0,2.7707
5889,37.61,1.0,0.0,1.6924
5890,51.49,0.0,0.3,2.6197
5891,-8.5,1.0,0.0,2.2962
5892,65.97,0.0,1.0,3.2236
5893,49.21,0.0,0.0,2.1453
5894,35.44,1.0,0.0,2.1453
5895,37.04,1.0,0.0,3.0726
5896,55.41,0.0,0.7094,4.0
5897,2566.19,0.0,1.0,3.235
5898,59.45,0.0,1.0,2.1567
5899,58.98,0.0,1.0,1.0783
5900,48.61,0.0,0.0,0.0
5901,39.74,0.1628,0.0,0.0
5902,39.48,1.0,0.0,0.151
5903,41.82,0.0,0.0,1.0783
5904,58.71,0.0,1.0,1.0783
5905,27.9,1.0,0.0,0.0
5906,29.56,1.0,0.0,0.9274
5907,21.19,1.0,0.0,1.8547
5908,38.2,0.4884,0.0,2.7821
5909,51.91,0.0,1.0,3.235
5910,62.87,0.0,1.0,2.1567
5911,41.84,0.0,0.0,1.0783
5912,50.03,0.0,1.0,1.0783
5913,38.53,0.0,0.0,0.0
5914,46.16,0.0,0.0,0.0
5915,39.25,0.0,0.0,0.0
5916,33.31,1.0,0.0,0.0
5917,33.95,1.0,0.0,0.9274
5918,40.97,0.0,0.0,1.8547
5919,35.9,0.3256,0.0,1.8547
5920,41.43,0.0,0.0,2.1567
5921,89.34,0.0,1.0,2.1567
5922,131.35,0.0,1.0,1.0783
5923,32.86,0.0,0.0,0.0
5924,30.6,1.0,0.0,0.0
5925,31.75,1.0,0.0,0.9274
5926,40.14,0.0,0.72,1.8547
5927,54.35,0.0,1.0,1.0783
5928,39.4,0.0,0.0,0.0
5929,32.09,0.0,0.0,0.0
5930,34.77,0.0,0.0,0.0
5931,22.42,1.0,0.0,0.0
5932,27.17,1.0,0.0,0.9274
5933,31.82,0.0,0.0,1.8547
5934,20.37,1.0,0.0,1.8547
5935,25.84,1.0,0.0,2.7821
5936,27.52,0.3133,0.0,3.7094
5937,52.89,0.0,1.0,4.0
5938,41.63,0.0,0.0,2.9217
5939,43.36,0.0,1.0,2.9217
5940,17.07,1.0,0.0,1.8433
5941,19.16,1.0,0.0,2.7707
5942,43.92,0.0,1.0,3.6981
5943,14.98,1.0,0.0,2.6197
5944,68.94,0.0,1.0,3.5471
5945,25.85,1.0,0.0,2.4688
5946,68.04,0.0,1.0,3.3961
5947,36.55,0.0,0.0,2.3178
5948,68.34,0.0,1.0,2.3178
5949,135.83,0.0,1.0,1.2395
5950,18.7,1.0,0.0,0.1612
5951,50.45,0.0,1.0,1.0885
5952,16.94,1.0,0.0,0.0102
5953,34.93,0.0,0.0,0.9375
5954,26.76,1.0,0.0,0.9375
5955,29.77,1.0,0.0,1.8649
5956,21.42,1.0,0.0,2.7923
5957,41.93,0.0,0.6,3.7196
5958,21.27,1.0,0.0,3.0726
5959,59.66,0.0,1.0,4.0
5960,35.16,0.1628,0.0,2.9217
5961,24.67,1.0,0.0,3.0726
5962,66.48,0.0,1.0,4.0
5963,34.05,1.0,0.0,2.9217
5964,63.1,0.0,1.0,3.849
5965,49.18,0.0,0.58,2.7707
5966,26.22,1.0,0.0,2.1453
5967,38.3,1.0,0.0,3.0726
5968,46.65,0.0,0.0,4.0
5969,83.14,0.0,1.0,4.0
5970,58.78,0.0,1.0,2.9217
5971,52.83,0.0,1.0,1.8433
5972,43.96,0.0,0.0,0.765
5973,43.23,0.3379,0.0,0.765
5974,65.14,0.0,1.0,1.0783
5975,39.43,0.0,0.0,0.0
5976,27.66,0.3133,0.0,0.0
5977,24.59,1.0,0.0,0.2906
5978,23.6,1.0,0.0,1.2179
5979,17.34,1.0,0.0,2.1453
5980,22.57,1.0,0.0,3.0726
5981,53.67,0.0,1.0,4.0
5982,32.7,0.0,0.0,2.9217
5983,49.22,0.0,1.0,2.9217
5984,16.97,1.0,0.0,1.8433
5985,48.97,0.0,1.0,2.7707
5986,35.8,0.0,0.0,1.6924
5987,29.33,0.4884,0.0,1.6924
5988,34.33,0.0,0.0,2.1453
5989,26.85,1.0,0.0,2.1453
5990,16.42,1.0,0.0,3.0726
5991,54.25,0.0,1.0,4.0
5992,48.48,0.0,1.0,2.9217
5993,43.47,0.0,0.0,1.8433
5994,35.81,0.5006,0.0,1.8433
5995,29.56,1.0,0.0,2.3076
5996,50.77,0.0,1.0,3.235
5997,77.07,0.0,1.0,2.1567
5998,44.11,0.0,1.0,1.0783
5999,24.17,1.0,0.0,0.0
6000,34.22,0.0,0.0,0.9274
6001,29.28,1.0,0.0,0.9274
6002,38.6,0.0,1.0,1.8547
6003,34.88,0.0,0.0,0.7764
6004,10.28,1.0,0.0,0.7764
6005,38.28,0.0,0.8906,1.7038
6006,24.63,1.0,0.0,0.7435
6007,23.29,1.0,0.0,1.6708
6008,37.66,0.0,0.0,2.5982
6009,46.15,0.0,1.0,2.5982
6010,21.24,1.0,0.0,1.5198
6011,44.23,0.0,1.0,2.4472
6012,41.91,0.0,1.0,1.3689
6013,32.33,0.0,0.0,0.2906
6014,25.37,1.0,0.0,0.2906
6015,27.76,1.0,0.0,1.2179
6016,-19.77,1.0,0.0,2.1453
6017,28.47,1.0,0.0,3.0726
6018,72.57,0.0,1.0,4.0
6019,46.47,0.0,1.0,2.9217
6020,45.19,0.0,1.0,1.8433
6021,23.99,1.0,0.0,0.765
6022,38.86,0.0,0.5694,1.6924
6023,48.4,0.0,1.0,1.0783
6024,19.73,1.0,0.0,0.0
6025,35.36,0.0,0.0,0.9274
6026,29.3,1.0,0.0,0.9274
6027,22.42,1.0,0.0,1.8547
6028,39.24,0.0,1.0,2.7821
6029,14.57,1.0,0.0,1.7038
6030,39.35,0.0,1.0,2.6311
6031,67.21,0.0,1.0,1.5528
6032,-17.72,1.0,0.0,0.4745
6033,45.61,0.0,1.0,1.4018
6034,-16.59,1.0,0.0,0.3235
6035,27.55,1.0,0.0,1.2509
6036,28.73,1.0,0.0,2.1782
6037,38.3,0.0,0.0306,3.1056
6038,25.8,1.0,0.0,3.0726
6039,50.77,0.0,1.0,4.0
6040,93.13,0.0,1.0,2.9217
6041,47.07,0.0,1.0,1.8433
6042,31.1,1.0,0.0,0.765
6043,30.62,1.0,0.0,1.6924
6044,61.07,0.0,1.0,2.6197
6045,42.54,0.0,0.4294,1.5414
6046,55.36,0.0,1.0,1.0783
6047,32.25,1.0,0.0,0.0
6048,41.93,0.0,0.86,0.9274
6049,27.98,0.0,0.0,0.0
6050,21.88,1.0,0.0,0.0
6051,24.3,1.0,0.0,0.9274
6052,19.05,1.0,0.0,1.8547
6053,-5.37,1.0,0.0,2.7821
6054,33.55,0.0,0.0,3.7094
6055,47.58,0.0,1.0,3.7094
6056,33.04,0.0,0.0,2.6311
6057,27.41,1.0,0.0,2.6311
6058,34.45,0.0,0.3106,3.5585
6059,50.38,0.0,1.0,3.2236
6060,26.51,1.0,0.0,2.1453
6061,23.24,1.0,0.0,3.0726
6062,35.98,0.0,0.0,4.0
6063,46.18,0.0,0.0,4.0
6064,78.1,0.0,1.0,4.0
6065,54.21,0.0,0.7094,2.9217
6066,62.1,0.0,1.0,2.1567
6067,62.79,0.0,1.0,1.0783
6068,30.95,0.0,0.0,0.0
6069,30.87,0.0,0.0,0.0
6070,27.75,0.4884,0.0,0.0
6071,24.28,1.0,0.0,0.4529
6072,41.24,0.0,1.0,1.3803
6073,32.59,0.0,0.0,0.3019
6074,28.95,0.0,0.0,0.3019
6075,11.23,1.0,0.0,0.3019
6076,59.21,0.0,1.0,1.2293
6077,22.83,1.0,0.0,0.151
6078,70.84,0.0,1.0,1.0783
6079,22.76,1.0,0.0,0.0
6080,-3.35,1.0,0.0,0.9274
6081,18.24,1.0,0.0,1.8547
6082,42.25,0.0,1.0,2.7821
6083,23.2,0.4761,0.0,1.7038
6084,21.75,1.0,0.0,2.1453
6085,19.41,1.0,0.0,3.0726
6086,44.54,0.0,0.7094,4.0
6087,49.52,0.0,1.0,3.235
6088,82.51,0.0,1.0,2.1567
6089,37.51,0.0,0.0,1.0783
6090,53.28,0.0,1.0,1.0783
6091,-4.38,1.0,0.0,0.0
6092,41.02,0.0,0.0,0.9274
6093,35.91,0.3256,0.0,0.9274
6094,47.5,0.0,1.0,1.2293
6095,-5.92,1.0,0.0,0.151
6096,43.97,0.0,1.0,1.0783
6097,21.82,1.0,0.0,0.0
6098,39.76,0.0,0.5906,0.9274
6099,27.29,1.0,0.0,0.2906
6100,25.63,1.0,0.0,1.2179
6101,24.26,1.0,0.0,2.1453
6102,28.27,1.0,0.0,3.0726
6103,69.25,0.0,1.0,4.0
6104,44.02,0.0,1.0,2.9217
6105,41.75,0.0,0.0,1.8433
6106,33.81,1.0,0.0,1.8433
6107,79.95,0.0,1.0,2.7707
6108,49.78,0.0,1.0,1.6924
6109,24.28,1.0,0.0,0.6141
6110,30.7,1.0,0.0,1.5414
6111,35.66,0.8262,0.0,2.4688
6112,45.85,0.0,1.0,3.235
6113,37.14,0.0,0.0,2.1567
6114,57.29,0.0,1.0,2.1567
6115,80.44,0.0,1.0,1.0783
6116,29.0,1.0,0.0,0.0
6117,28.89,1.0,0.0,0.9274
6118,33.94,0.0,0.0,1.8547
6119,32.93,1.0,0.0,1.8547
6120,62.28,0.0,1.0,2.7821
6121,41.44,0.0,0.4506,1.7038
6122,38.84,0.0,0.0,1.2179
6123,25.16,1.0,0.0,1.2179
6124,25.86,1.0,0.0,2.1453
6125,18.62,1.0,0.0,3.0726
6126,45.02,0.0,1.0,4.0
6127,44.5,0.0,1.0,2.9217
6128,61.73,0.0,1.0,1.8433
6129,36.32,0.0,0.0,0.765
6130,35.11,1.0,0.0,0.765
6131,35.89,0.0,0.0,1.6924
6132,42.89,0.0,0.0,1.6924
6133,18.6,1.0,0.0,1.6924
6134,43.52,0.0,0.44,2.6197
6135,38.0,0.0,0.0,2.1453
6136,29.95,1.0,0.0,2.1453
6137,22.79,1.0,0.0,3.0726
6138,46.64,0.0,0.0,4.0
6139,79.96,0.0,1.0,4.0
6140,82.17,0.0,1.0,2.9217
6141,48.34,0.0,0.7094,1.8433
6142,79.53,0.0,1.0,1.0783
6143,37.63,0.0,0.0,0.0
6144,43.01,0.0,0.0,0.0
6145,24.81,1.0,0.0,0.0
6146,23.21,1.0,0.0,0.9274
6147,21.67,1.0,0.0,1.8547
6148,13.84,1.0,0.0,2.7821
6149,48.34,0.0,1.0,3.7094
6150,27.24,0.4761,0.0,2.6311
6151,28.18,0.0,0.0,3.0726
6152,25.93,1.0,0.0,3.0726
6153,36.24,0.0,0.58,4.0
6154,68.11,0.0,1.0,3.3746
6155,70.06,0.0,1.0,2.2962
6156,17.48,1.0,0.0,1.2179
6157,27.36,1.0,0.0,2.1453
6158,23.32,1.0,0.0,3.0726
6159,53.85,0.0,1.0,4.0
6160,47.74,0.0,0.0,2.9217
6161,37.66,1.0,0.0,2.9217
6162,49.96,0.0,1.0,3.849
6163,40.58,0.5006,0.0,2.7707
6164,80.1,0.0,1.0,3.235
6165,51.46,0.0,1.0,2.1567
6166,50.37,0.0,1.0,1.0783
6167,14.96,1.0,0.0,0.0
6168,29.97,1.0,0.0,0.9274
6169,59.98,0.0,1.0,1.8547
6170,44.01,0.0,0.72,0.7764
6171,14.33,1.0,0.0,0.0
6172,25.39,1.0,0.0,0.9274
6173,20.14,1.0,0.0,1.8547
6174,61.79,0.0,1.0,2.7821
6175,40.46,0.0,1.0,1.7038
6176,29.82,1.0,0.0,0.6254
6177,39.22,0.0,0.3106,1.5528
6178,14.69,1.0,0.0,1.2179
6179,22.93,1.0,0.0,2.1453
6180,31.52,1.0,0.0,3.0726
6181,41.46,0.0,1.0,4.0
6182,16.9,1.0,0.0,2.9217
6183,33.2,0.1628,0.0,3.849
6184,61.22,0.0,1.0,4.0
6185,28.19,1.0,0.0,2.9217
6186,52.54,0.0,1.0,3.849
6187,48.87,0.0,1.0,2.7707
6188,82.6,0.0,1.0,1.6924
6189,39.04,0.0,0.0,0.6141
6190,37.36,0.5006,0.0,0.6141
6191,51.08,0.0,1.0,1.0783
6192,19.2,1.0,0.0,0.0
6193,26.66,1.0,0.0,0.9274
6194,23.48,1.0,0.0,1.8547
6195,25.94,1.0,0.0,2.7821
6196,37.97,0.0,0.5906,3.7094
6197,37.08,0.0,0.0,3.0726
6198,26.01,1.0,0.0,3.0726
6199,38.8,0.0,1.0,4.0
6200,65.44,0.0,1.0,2.9217
6201,28.85,1.0,0.0,1.8433
6202,38.32,0.0,0.58,2.7707
6203,31.19,0.0,0.0,2.1453
6204,30.31,1.0,0.0,2.1453
6205,17.35,1.0,0.0,3.0726
6206,54.39,0.0,1.0,4.0
6207,28.8,1.0,0.0,2.9217
6208,61.31,0.0,1.0,3.849
6209,37.53,0.5006,0.0,2.7707
6210,38.79,0.0,0.0,3.235
6211,72.7,0.0,1.0,3.235
6212,63.91,0.0,1.0,2.1567
6213,45.32,0.0,0.0,1.0783
6214,51.56,0.0,1.0,1.0783
6215,34.08,0.0,0.0,0.0
6216,30.32,1.0,0.0,0.0
6217,22.75,1.0,0.0,0.9274
6218,37.63,0.0,0.0,1.8547
6219,21.27,1.0,0.0,1.8547
6220,47.24,0.0,1.0,2.7821
6221,27.23,1.0,0.0,1.7038
6222,33.89,0.8017,0.0,2.6311
6223,48.02,0.0,1.0,3.3746
6224,39.0,0.0,0.0,2.2962
6225,34.62,0.0,0.0,2.2962
6226,35.88,0.0,0.0,2.2962
6227,45.44,0.0,1.0,2.2962
6228,24.46,1.0,0.0,1.2179
6229,29.25,1.0,0.0,2.1453
6230,33.17,1.0,0.0,3.0726
6231,50.9,0.0,1.0,4.0
6232,41.16,0.0,0.0,2.9217
6233,87.47,0.0,1.0,2.9217
6234,45.51,0.0,1.0,1.8433
6235,43.56,0.0,0.7094,0.765
6236,42.32,0.0,0.0,0.0
6237,26.46,1.0,0.0,0.0
6238,27.36,1.0,0.0,0.9274
6239,31.18,1.0,0.0,1.8547
6240,45.06,0.0,1.0,2.7821
6241,28.22,1.0,0.0,1.7038
6242,23.05,1.0,0.0,2.6311
6243,41.48,0.0,0.0,3.5585
6244,48.14,0.0,1.0,3.5585
6245,46.98,0.0,1.0,2.4802
6246,24.86,1.0,0.0,1.4018
6247,30.83,1.0,0.0,2.3292
6248,2326.91,0.0,1.0,3.2565
6249,41.62,0.0,0.6,2.1782
6250,32.88,1.0,0.0,1.5312
6251,42.55,0.0,1.0,2.4586
6252,43.7,0.0,1.0,1.3803
6253,24.92,1.0,0.0,0.3019
6254,35.54,0.0,0.0,1.2293
6255,51.79,0.0,1.0,1.2293
6256,28.28,1.0,0.0,0.151
6257,46.45,0.0,1.0,1.0783
6258,32.4,1.0,0.0,0.0
6259,33.41,0.1628,0.0,0.9274
6260,36.74,0.0,0.0,1.0783
6261,49.35,0.0,1.0,1.0783
6262,34.98,0.0,0.0,0.0
6263,29.79,1.0,0.0,0.0
6264,30.7,1.0,0.0,0.9274
6265,19.03,1.0,0.0,1.8547
6266,31.59,0.0,0.0,2.7821
6267,39.94,0.0,1.0,2.7821
6268,27.09,1.0,0.0,1.7038
6269,28.08,1.0,0.0,2.6311
6270,38.02,0.0,0.4506,3.5585
6271,17.95,1.0,0.0,3.0726
6272,46.26,0.0,1.0,4.0
6273,112.8,0.0,1.0,2.9217
6274,34.44,1.0,0.0,1.8433
6275,31.6,1.0,0.0,2.7707
6276,39.67,0.0,0.0,3.6981
6277,53.91,0.0,1.0,3.6981
6278,46.09,0.0,0.0094,2.6197
6279,17.53,1.0,0.0,2.6096
6280,51.47,0.0,1.0,3.5369
6281,113.29,0.0,1.0,2.4586
6282,59.26,0.0,1.0,1.3803
6283,31.33,1.0,0.0,0.3019
6284,49.17,0.0,1.0,1.2293
6285,26.56,1.0,0.0,0.151
6286,60.03,0.0,1.0,1.0783
6287,26.63,0.0,0.0,0.0
6288,30.81,0.0,0.0,0.0
6289,20.97,1.0,0.0,0.0
6290,22.36,1.0,0.0,0.9274
6291,45.03,0.0,1.0,1.8547
6292,28.75,0.0,0.0,0.7764
6293,24.68,0.4761,0.0,0.7764
6294,22.25,1.0,0.0,1.2179
6295,18.88,1.0,0.0,2.1453
6296,24.64,1.0,0.0,3.0726
6297,39.44,0.0,1.0,4.0
6298,50.44,0.0,1.0,2.9217
6299,26.96,1.0,0.0,1.8433
6300,52.76,0.0,1.0,2.7707
6301,23.48,1.0,0.0,1.6924
6302,30.02,0.4884,0.0,2.6197
6303,25.44,1.0,0.0,3.0726
6304,59.52,0.0,1.0,4.0
6305,95.54,0.0,1.0,2.9217
6306,25.61,1.0,0.0,1.8433
6307,41.4,0.0,0.0,2.7707
6308,69.06,0.0,1.0,2.7707
6309,-2.55,1.0,0.0,1.6924
6310,47.34,0.0,1.0,2.6197
6311,56.82,0.0,1.0,1.5414
6312,30.72,1.0,0.0,0.4631
6313,34.18,0.8262,0.0,1.3904
6314,49.93,0.0,1.0,2.1567
6315,52.71,0.0,1.0,1.0783
6316,27.02,1.0,0.0,0.0
6317,24.81,1.0,0.0,0.9274
6318,23.97,1.0,0.0,1.8547
6319,50.95,0.0,1.0,2.7821
6320,23.52,1.0,0.0,1.7038
6321,34.57,0.0,0.0,2.6311
6322,36.95,0.0,0.0,2.6311
6323,27.39,1.0,0.0,2.6311
6324,33.44,0.0,0.0,3.5585
6325,73.73,0.0,1.0,3.5585
6326,31.13,1.0,0.0,2.4802
6327,31.74,0.6389,0.0,3.4075
6328,59.77,0.0,1.0,4.0
6329,49.65,0.0,1.0,2.9217
6330,78.2,0.0,1.0,1.8433
6331,49.29,0.0,0.7094,0.765
6332,40.49,0.0,0.0,0.0
6333,22.08,1.0,0.0,0.0
6334,21.93,1.0,0.0,0.9274
6335,19.41,1.0,0.0,1.8547
6336,33.99,0.0,1.0,2.7821
6337,17.42,1.0,0.0,1.7038
6338,41.66,0.0,1.0,2.6311
6339,26.82,0.6389,0.0,1.5528
6340,25.24,1.0,0.0,2.1453
6341,22.15,1.0,0.0,3.0726
6342,40.95,0.0,1.0,4.0
6343,27.2,0.1628,0.0,2.9217
6344,26.81,1.0,0.0,3.0726
6345,57.0,0.0,1.0,4.0
6346,40.18,0.0,1.0,2.9217
6347,29.96,1.0,0.0,1.8433
6348,37.79,0.0,0.58,2.7707
6349,30.02,1.0,0.0,2.1453
6350,36.99,0.0,0.0,3.0726
6351,27.66,1.0,0.0,3.0726
6352,86.11,0.0,1.0,4.0
6353,37.12,1.0,0.0,2.9217
6354,81.11,0.0,1.0,3.849
6355,43.37,0.5006,0.0,2.7707
6356,58.34,0.0,1.0,3.235
6357,53.08,0.0,1.0,2.1567
6358,57.51,0.0,1.0,1.0783
6359,27.38,1.0,0.0,0.0
6360,43.19,0.1628,0.0,0.9274
6361,53.34,0.0,1.0,1.0783
6362,24.42,1.0,0.0,0.0
6363,26.75,1.0,0.0,0.9274
6364,22.8,1.0,0.0,1.8547
6365,26.25,1.0,0.0,2.7821
6366,59.7,0.0,1.0,3.7094
6367,25.25,1.0,0.0,2.6311
6368,27.11,0.4761,0.0,3.5585
6369,65.81,0.0,1.0,4.0
6370,43.98,0.0,1.0,2.9217
6371,68.03,0.0,1.0,1.8433
6372,25.68,1.0,0.0,0.765
6373,31.14,1.0,0.0,1.6924
6374,25.56,1.0,0.0,2.6197
6375,38.54,0.0,0.44,3.5471
6376,22.33,1.0,0.0,3.0726
6377,57.54,0.0,1.0,4.0
6378,52.47,0.0,1.0,2.9217
6379,45.22,0.0,1.0,1.8433
6380,38.2,0.0,0.0,0.765
6381,29.89,1.0,0.0,0.765
6382,49.45,0.0,1.0,1.6924
6383,24.28,1.0,0.0,0.6141
6384,35.31,0.6634,0.0,1.5414
6385,57.53,0.0,1.0,2.1567
6386,44.77,0.0,1.0,1.0783
6387,15.54,1.0,0.0,0.0
6388,22.6,1.0,0.0,0.9274
6389,34.21,0.0,0.0,1.8547
6390,31.87,1.0,0.0,1.8547
6391,21.9,1.0,0.0,2.7821
6392,42.96,0.0,1.0,3.7094
6393,37.16,0.0,0.0,2.6311
6394,68.78,0.0,1.0,2.6311
6395,29.52,1.0,0.0,1.5528
6396,45.06,0.0,1.0,2.4802
6397,19.04,1.0,0.0,1.4018
6398,22.39,1.0,0.0,2.3292
6399,46.99,0.0,1.0,3.2565
6400,60.46,0.0,1.0,2.1782
6401,32.25,1.0,0.0,1.0999
6402,47.05,0.0,1.0,2.0273
6403,28.33,1.0,0.0,0.9489
6404,40.93,0.0,0.74,1.8763
6405,54.57,0.0,1.0,1.0783
6406,32.78,0.0,0.0,0.0
6407,33.39,0.0,0.0,0.0
6408,19.79,1.0,0.0,0.0
6409,22.09,1.0,0.0,0.9274
6410,49.05,0.0,1.0,1.8547
6411,26.89,0.0,0.0,0.7764
6412,19.12,1.0,0.0,0.7764
6413,26.33,0.4761,0.0,1.7038
6414,18.6,1.0,0.0,2.1453
6415,24.96,1.0,0.0,3.0726
6416,60.18,0.0,1.0,4.0
6417,35.33,0.0,0.0,2.9217
6418,67.93,0.0,1.0,2.9217
6419,31.07,0.3256,0.0,1.8433
6420,29.44,1.0,0.0,2.1453
6421,36.98,0.0,0.0,3.0726
6422,12.54,1.0,0.0,3.0726
6423,39.06,0.0,0.0,4.0
6424,40.5,0.0,0.3,4.0
6425,75.53,0.0,1.0,3.6765
6426,65.13,0.0,1.0,2.5982
6427,30.77,1.0,0.0,1.5198
6428,67.09,0.0,1.0,2.4472
6429,36.99,0.0,0.0,1.3689
6430,27.7,1.0,0.0,1.3689
6431,38.88,0.0,0.0,2.2962
6432,27.27,1.0,0.0,2.2962
6433,47.3,0.0,1.0,3.2236
6434,29.74,1.0,0.0,2.1453
6435,28.05,1.0,0.0,3.0726
6436,37.07,0.0,0.0,4.0
6437,42.92,0.0,0.86,4.0
6438,42.62,0.0,0.0,3.0726
6439,-17.88,1.0,0.0,3.0726
6440,46.07,0.0,1.0,4.0
6441,39.22,0.0,0.0,2.9217
6442,53.86,0.0,1.0,2.9217
6443,30.99,1.0,0.0,1.8433
6444,30.04,1.0,0.0,2.7707
6445,53.76,0.0,1.0,3.6981
6446,56.13,0.0,1.0,2.6197
6447,36.1,1.0,0.0,1.5414
6448,35.01,1.0,0.0,2.4688
6449,74.63,0.0,1.0,3.3961
6450,61.24,0.0,1.0,2.3178
6451,50.9,0.0,1.0,1.2395
6452,38.65,0.0,0.0,0.1612
6453,45.35,0.0,0.1494,0.1612
6454,37.57,0.0,0.0,0.0
6455,28.64,1.0,0.0,0.0
6456,30.5,0.3133,0.0,0.9274
6457,30.17,1.0,0.0,1.2179
6458,23.06,1.0,0.0,2.1453
6459,-4.52,1.0,0.0,3.0726
6460,42.29,0.0,1.0,4.0
6461,40.94,0.0,0.0,2.9217
6462,29.29,1.0,0.0,2.9217
6463,46.0,0.0,1.0,3.849
6464,38.1,0.0,0.0,2.7707
6465,23.9,1.0,0.0,2.7707
6466,44.0,0.0,1.0,3.6981
6467,33.53,0.6634,0.0,2.6197
6468,73.31,0.0,1.0,3.235
6469,48.82,0.0,1.0,2.1567
6470,40.65,0.0,0.0,1.0783
6471,39.34,0.0,0.0,1.0783
6472,43.28,0.0,1.0,1.0783
6473,31.34,0.1628,0.0,0.0
6474,25.08,1.0,0.0,0.151
6475,33.45,0.0,0.0,1.0783
6476,42.37,0.0,1.0,1.0783
6477,19.25,1.0,0.0,0.0
6478,31.17,0.0,0.0,0.9274
6479,33.0,0.0,0.86,0.9274
6480,26.93,1.0,0.0,0.0
6481,21.73,1.0,0.0,0.9274
6482,23.24,1.0,0.0,1.8547
6483,47.35,0.0,1.0,2.7821
6484,33.82,0.0,0.0,1.7038
6485,23.87,1.0,0.0,1.7038
6486,31.38,0.0,0.0,2.6311
6487,34.82,0.0,1.0,2.6311
6488,28.23,0.0,0.0,1.5528
6489,28.03,0.8017,0.0,1.5528
6490,49.32,0.0,1.0,2.2962
6491,27.4,1.0,0.0,1.2179
6492,20.08,1.0,0.0,2.1453
6493,28.76,0.0,0.0,3.0726
6494,32.9,0.0,0.0,3.0726
6495,18.01,1.0,0.0,3.0726
6496,40.13,0.0,0.0,4.0
6497,60.11,0.0,0.0,4.0
6498,53.76,0.0,0.0,4.0
6499,98.67,0.0,1.0,4.0
6500,66.49,0.0,0.7094,2.9217
6501,66.51,0.0,1.0,2.1567
6502,100.08,0.0,1.0,1.0783
6503,46.74,0.0,0.0,0.0
6504,30.62,1.0,0.0,0.0
6505,38.36,0.0,0.86,0.9274
6506,21.45,1.0,0.0,0.0
6507,26.79,0.0,0.0,0.9274
6508,21.3,1.0,0.0,0.9274
6509,33.25,0.0,0.3106,1.8547
6510,25.48,1.0,0.0,1.5198
6511,27.54,0.0,0.0,2.4472
6512,42.51,0.0,1.0,2.4472
6513,34.83,0.0,1.0,1.3689
6514,17.57,1.0,0.0,0.2906
6515,18.99,1.0,0.0,1.2179
6516,19.64,1.0,0.0,2.1453
6517,21.35,1.0,0.0,3.0726
6518,36.35,0.0,0.0,4.0
6519,38.62,0.0,0.0,4.0
6520,58.87,0.0,1.0,4.0
6521,57.51,0.0,1.0,2.9217
6522,66.54,0.0,1.0,1.8433
6523,55.72,0.0,0.5694,0.765
6524,46.0,1.0,0.0,0.151
6525,58.62,0.0,1.0,1.0783
6526,51.61,0.0,0.0,0.0
6527,40.73,0.0,0.0,0.0
6528,44.96,0.0,0.0,0.0
6529,11.96,1.0,0.0,0.0
6530,23.47,1.0,0.0,0.9274
6531,23.09,1.0,0.0,1.8547
6532,39.85,0.0,1.0,2.7821
6533,49.94,0.0,1.0,1.7038
6534,19.19,1.0,0.0,0.6254
6535,57.18,0.0,1.0,1.5528
6536,24.32,1.0,0.0,0.4745
6537,24.42,1.0,0.0,1.4018
6538,31.65,0.0,0.0,2.3292
6539,28.17,0.8017,0.0,2.3292
6540,16.94,1.0,0.0,3.0726
6541,36.37,0.0,0.0,4.0
6542,39.73,0.0,0.0,4.0
6543,51.53,0.0,1.0,4.0
6544,34.7,0.3379,0.0,2.9217
6545,43.41,0.0,1.0,3.235
6546,45.07,0.0,1.0,2.1567
6547,80.99,0.0,1.0,1.0783
6548,15.79,1.0,0.0,0.0
6549,28.43,0.1628,0.0,0.9274
6550,37.34,0.0,1.0,1.0783
6551,24.33,1.0,0.0,0.0
6552,26.22,0.3133,0.0,0.9274
6553,25.9,1.0,0.0,1.2179
6554,20.56,1.0,0.0,2.1453
6555,26.18,1.0,0.0,3.0726
6556,33.04,0.0,0.86,4.0
6557,26.43,1.0,0.0,3.0726
6558,27.11,0.0,0.0,4.0
6559,32.8,0.0,0.0,4.0
6560,36.41,0.0,1.0,4.0
6561,19.72,1.0,0.0,2.9217
6562,40.23,0.0,1.0,3.849
6563,26.79,1.0,0.0,2.7707
6564,45.28,0.0,1.0,3.6981
6565,35.49,0.0,1.0,2.6197
6566,46.99,0.0,1.0,1.5414
6567,24.92,1.0,0.0,0.4631
6568,35.33,0.0,0.0,1.3904
6569,28.38,1.0,0.0,1.3904
6570,35.45,0.0,0.1494,2.3178
6571,69.26,0.0,1.0,2.1567
6572,71.39,0.0,1.0,1.0783
6573,26.49,1.0,0.0,0.0
6574,31.62,0.0,0.0,0.9274
6575,34.5,0.0,0.0,0.9274
6576,35.1,0.0,0.5906,0.9274
6577,14.57,1.0,0.0,0.2906
6578,14.72,1.0,0.0,1.2179
6579,30.27,0.0,0.0,2.1453
6580,13.35,1.0,0.0,2.1453
6581,24.46,1.0,0.0,3.0726
6582,33.49,0.0,0.0,4.0
6583,40.05,0.0,1.0,4.0
6584,34.61,0.0,0.0,2.9217
6585,31.79,0.0,0.0,2.9217
6586,45.83,0.0,1.0,2.9217
6587,34.53,0.0,0.0,1.8433
6588,23.13,1.0,0.0,1.8433
6589,29.13,1.0,0.0,2.7707
6590,35.54,0.0,0.0,3.6981
6591,64.53,0.0,1.0,3.6981
6592,52.78,0.0,1.0,2.6197
6593,66.82,0.0,1.0,1.5414
6594,36.51,0.0,0.0,0.4631
6595,37.06,0.0,0.0,0.4631
6596,38.91,0.0,0.2894,0.4631
6597,37.51,0.0,0.0,0.151
6598,25.99,1.0,0.0,0.151
6599,54.98,0.0,1.0,1.0783
6600,38.81,0.0,0.0,0.0
6601,24.14,1.0,0.0,0.0
6602,32.16,0.0,0.0,0.9274
6603,27.47,0.4761,0.0,0.9274
6604,-5.31,1.0,0.0,1.3689
6605,17.8,1.0,0.0,2.2962
6606,29.96,0.0,0.0,3.2236
6607,33.81,0.0,0.0,3.2236
6608,45.07,0.0,1.0,3.2236
6609,28.89,0.0,0.0,2.1453
6610,14.16,1.0,0.0,2.1453
6611,21.32,1.0,0.0,3.0726
6612,28.29,0.0,0.0,4.0
6613,29.29,0.0,0.0,4.0
6614,55.82,0.0,1.0,4.0
6615,43.21,0.0,1.0,2.9217
6616,41.09,0.0,0.0,1.8433
6617,43.03,0.0,0.5694,1.8433
6618,66.28,0.0,1.0,1.2293
6619,36.08,0.0,0.0,0.151
6620,40.08,0.0,0.0,0.151
6621,26.84,1.0,0.0,0.151
6622,60.54,0.0,1.0,1.0783
6623,40.35,0.0,0.0,0.0
6624,22.16,1.0,0.0,0.0
6625,25.72,0.3133,0.0,0.9274
6626,30.6,0.0,0.0,1.2179
6627,23.19,1.0,0.0,1.2179
6628,21.75,1.0,0.0,2.1453
6629,22.58,1.0,0.0,3.0726
6630,35.37,0.0,1.0,4.0
6631,30.32,0.0,0.0,2.9217
6632,30.8,0.0,0.0,2.9217
6633,22.47,1.0,0.0,2.9217
6634,34.78,0.0,1.0,3.849
6635,29.11,0.0,0.0,2.7707
6636,25.73,0.3256,0.0,2.7707
6637,30.59,0.0,0.0,3.0726
6638,-17.88,1.0,0.0,3.0726
6639,44.88,0.0,1.0,4.0
6640,48.28,0.0,1.0,2.9217
6641,39.86,0.0,1.0,1.8433
6642,36.8,0.0,0.0,0.765
6643,30.67,0.3379,0.0,0.765
6644,34.08,0.0,0.0,1.0783
6645,39.42,0.0,1.0,1.0783
6646,27.88,1.0,0.0,0.0
6647,36.24,0.0,0.86,0.9274
6648,20.17,1.0,0.0,0.0
6649,14.91,1.0,0.0,0.9274
6650,33.98,0.0,0.5906,1.8547
6651,21.36,1.0,0.0,1.2179
6652,19.49,1.0,0.0,2.1453
6653,19.29,1.0,0.0,3.0726
6654,36.3,0.0,0.0,4.0
6655,55.42,0.0,1.0,4.0
6656,31.24,1.0,0.0,2.9217
6657,33.14,0.0,0.0,3.849
6658,49.08,0.0,1.0,3.849
6659,16.4,1.0,0.0,2.7707
6660,57.11,0.0,1.0,3.6981
6661,66.89,0.0,1.0,2.6197
6662,11.92,1.0,0.0,1.5414
6663,33.81,0.0,0.0,2.4688
6664,30.83,1.0,0.0,2.4688
6665,39.38,0.0,1.0,3.3961
6666,38.62,0.0,0.0094,2.3178
6667,58.5,0.0,1.0,2.3076
6668,40.18,0.0,1.0,1.2293
6669,28.36,1.0,0.0,0.151
6670,34.44,0.0,0.0,1.0783
6671,41.81,0.0,1.0,1.0783
6672,18.62,1.0,0.0,0.0
6673,14.94,1.0,0.0,0.9274
6674,51.06,0.0,1.0,1.8547
6675,20.07,1.0,0.0,0.7764
6676,24.82,1.0,0.0,1.7038
6677,24.52,1.0,0.0,2.6311
6678,37.79,0.0,1.0,3.5585
6679,63.47,0.0,1.0,2.4802
6680,43.91,0.0,1.0,1.4018
6681,20.93,1.0,0.0,0.3235
6682,20.7,1.0,0.0,1.2509
6683,26.79,0.0,0.0,2.1782
6684,26.03,0.9645,0.0,2.1782
6685,15.51,1.0,0.0,3.0726
6686,40.81,0.0,0.86,4.0
6687,23.83,1.0,0.0,3.0726
6688,66.63,0.0,1.0,4.0
6689,81.42,0.0,1.0,2.9217
6690,40.85,0.0,0.5694,1.8433
6691,51.16,0.0,1.0,1.2293
6692,27.06,1.0,0.0,0.151
6693,48.36,0.0,1.0,1.0783
6694,30.62,0.0,0.0,0.0
6695,23.78,1.0,0.0,0.0
6696,25.38,1.0,0.0,0.9274
6697,22.5,1.0,0.0,1.8547
6698,22.61,1.0,0.0,2.7821
6699,34.92,0.0,0.5906,3.7094
6700,19.71,1.0,0.0,3.0726
6701,51.55,0.0,1.0,4.0
6702,19.55,1.0,0.0,2.9217
6703,59.87,0.0,1.0,3.849
6704,25.03,1.0,0.0,2.7707
6705,35.48,0.0,1.0,3.6981
6706,28.21,0.4884,0.0,2.6197
6707,27.22,1.0,0.0,3.0726
6708,37.72,0.0,0.2894,4.0
6709,47.73,0.0,1.0,3.6879
6710,46.31,0.0,1.0,2.6096
6711,30.15,1.0,0.0,1.5312
6712,41.99,0.0,1.0,2.4586
6713,32.63,0.0,0.0,1.3803
6714,31.38,0.0,0.0,1.3803
6715,29.28,1.0,0.0,1.3803
6716,35.61,0.0,0.0,2.3076
6717,42.28,0.0,1.0,2.3076
6718,18.6,1.0,0.0,1.2293
6719,34.11,0.0,0.0,2.1567
6720,47.58,0.0,1.0,2.1567
6721,39.09,0.0,1.0,1.0783
6722,20.57,1.0,0.0,0.0
6723,15.31,1.0,0.0,0.9274
6724,30.37,0.8017,0.0,1.8547
6725,12.44,1.0,0.0,2.5982
6726,45.69,0.0,1.0,3.5255
6727,31.45,0.0,0.0,2.4472
6728,67.58,0.0,1.0,2.4472
6729,19.32,1.0,0.0,1.3689
6730,46.03,0.0,1.0,2.2962
6731,29.53,1.0,0.0,1.2179
6732,25.29,1.0,0.0,2.1453
6733,17.42,1.0,0.0,3.0726
6734,37.48,0.0,0.0,4.0
6735,43.86,0.0,0.4294,4.0
6736,73.29,0.0,1.0,3.5369
6737,60.85,0.0,1.0,2.4586
6738,35.94,0.0,0.0,1.3803
6739,790.21,0.0,1.0,1.3803
6740,25.62,1.0,0.0,0.3019
6741,64.66,0.0,1.0,1.2293
6742,27.57,1.0,0.0,0.151
6743,58.01,0.0,1.0,1.0783
6744,33.53,0.0,0.0,0.0
6745,29.53,0.6389,0.0,0.0
6746,22.6,1.0,0.0,0.5925
6747,31.35,0.0,0.0,1.5198
6748,25.63,1.0,0.0,1.5198
6749,24.52,1.0,0.0,2.4472
6750,39.39,0.0,1.0,3.3746
6751,32.12,0.0,0.0,2.2962
6752,26.83,1.0,0.0,2.2962
6753,43.49,0.0,1.0,3.2236
6754,32.53,0.0,0.0,2.1453
6755,36.18,0.0,0.0,2.1453
6756,24.14,1.0,0.0,2.1453
6757,18.37,1.0,0.0,3.0726
6758,55.66,0.0,1.0,4.0
6759,59.29,0.0,1.0,2.9217
6760,53.28,0.0,1.0,1.8433
6761,37.21,0.3379,0.0,0.765
6762,39.7,0.0,0.0,1.0783
6763,70.46,0.0,1.0,1.0783
6764,36.42,0.3256,0.0,0.0
6765,30.84,1.0,0.0,0.3019
6766,69.48,0.0,1.0,1.2293
6767,33.87,1.0,0.0,0.151
6768,51.64,0.0,1.0,1.0783
6769,16.08,1.0,0.0,0.0
6770,30.07,0.1628,0.0,0.9274
6771,51.19,0.0,1.0,1.0783
6772,25.96,1.0,0.0,0.0
6773,25.35,1.0,0.0,0.9274
6774,20.45,1.0,0.0,1.8547
6775,49.18,0.0,1.0,2.7821
6776,27.01,1.0,0.0,1.7038
6777,33.99,0.0,0.0,2.6311
6778,21.53,1.0,0.0,2.6311
6779,52.41,0.0,1.0,3.5585
6780,42.26,0.0,1.0,2.4802
6781,27.65,0.4528,0.0,1.4018
6782,20.18,1.0,0.0,1.8218
6783,58.87,0.0,1.0,2.7491
6784,34.29,0.0,0.0,1.6708
6785,28.85,0.0,0.0,1.6708
6786,23.72,1.0,0.0,1.6708
6787,34.53,0.0,1.0,2.5982
6788,24.7,1.0,0.0,1.5198
6789,30.84,0.0,0.0,2.4472
6790,46.67,0.0,1.0,2.4472
6791,30.1,0.0,0.0,1.3689
6792,31.39,0.0,0.0,1.3689
6793,20.3,1.0,0.0,1.3689
6794,25.58,1.0,0.0,2.2962
6795,48.42,0.0,1.0,3.2236
6796,22.67,1.0,0.0,2.1453
6797,31.71,0.0,0.0,3.0726
6798,17.73,1.0,0.0,3.0726
6799,57.14,0.0,1.0,4.0
6800,29.83,1.0,0.0,2.9217
6801,50.59,0.0,1.0,3.849
6802,31.66,0.0,0.0,2.7707
6803,37.52,0.0,1.0,2.7707
6804,35.56,0.0,0.0,1.6924
6805,23.79,1.0,0.0,1.6924
6806,44.15,0.0,1.0,2.6197
6807,26.28,1.0,0.0,1.5414
6808,51.01,0.0,1.0,2.4688
6809,36.94,0.0,0.2894,1.3904
6810,49.52,0.0,1.0,1.0783
6811,36.71,0.0,0.0,0.0
6812,-19.2,1.0,0.0,0.0
6813,26.25,1.0,0.0,0.9274
6814,39.1,0.0,1.0,1.8547
6815,34.75,0.0,0.72,0.7764
6816,22.87,1.0,0.0,0.0
6817,25.56,0.3133,0.0,0.9274
6818,26.12,0.0,0.0,1.2179
6819,19.86,1.0,0.0,1.2179
6820,24.4,1.0,0.0,2.1453
6821,19.44,1.0,0.0,3.0726
6822,69.5,0.0,1.0,4.0
6823,48.48,0.0,1.0,2.9217
6824,38.67,0.0,0.7094,1.8433
6825,52.62,0.0,1.0,1.0783
6826,16.48,1.0,0.0,0.0
6827,12.34,1.0,0.0,0.9274
6828,24.38,1.0,0.0,1.8547
6829,17.15,1.0,0.0,2.7821
6830,27.65,0.3133,0.0,3.7094
6831,36.73,0.0,0.0,4.0
6832,53.46,0.0,1.0,4.0
6833,28.34,1.0,0.0,2.9217
6834,50.24,0.0,1.0,3.849
6835,43.24,0.0,1.0,2.7707
6836,46.11,0.0,1.0,1.6924
6837,31.78,1.0,0.0,0.6141
6838,57.99,0.0,1.0,1.5414
6839,32.9,0.6634,0.0,0.4631
6840,51.26,0.0,1.0,1.0783
6841,19.7,1.0,0.0,0.0
6842,32.22,0.0,0.0,0.9274
6843,24.06,1.0,0.0,0.9274
6844,22.69,1.0,0.0,1.8547
6845,34.37,0.0,1.0,2.7821
6846,27.46,0.4761,0.0,1.7038
6847,13.14,1.0,0.0,2.1453
6848,11.99,1.0,0.0,3.0726
6849,54.34,0.0,1.0,4.0
6850,50.53,0.0,1.0,2.9217
6851,58.28,0.0,1.0,1.8433
6852,27.78,0.4884,0.0,0.765
6853,17.62,1.0,0.0,1.2179
6854,25.85,1.0,0.0,2.1453
6855,34.21,0.0,0.0,3.0726
6856,27.15,1.0,0.0,3.0726
6857,74.94,0.0,1.0,4.0
6858,95.37,0.0,1.0,2.9217
6859,50.71,0.0,1.0,1.8433
6860,40.55,0.0,0.5694,0.765
6861,24.15,1.0,0.0,0.151
6862,61.22,0.0,1.0,1.0783
6863,34.93,0.0,0.0,0.0
6864,24.82,1.0,0.0,0.0
6865,30.66,0.0,0.0,0.9274
6866,20.18,1.0,0.0,0.9274
6867,25.79,1.0,0.0,1.8547
6868,15.32,1.0,0.0,2.7821
6869,40.19,0.0,1.0,3.7094
6870,29.31,0.0,0.0,2.6311
6871,49.9,0.0,1.0,2.6311
6872,32.56,0.0,0.0,1.5528
6873,33.09,0.0,0.0,1.5528
6874,21.43,1.0,0.0,1.5528
6875,39.16,0.0,1.0,2.4802
6876,20.51,1.0,0.0,1.4018
6877,23.29,1.0,0.0,2.3292
6878,29.87,0.0,0.0,3.2565
6879,35.44,0.0,0.1706,3.2565
6880,21.19,1.0,0.0,3.0726
6881,38.7,0.0,1.0,4.0
6882,57.36,0.0,1.0,2.9217
6883,37.46,0.0,0.0,1.8433
6884,37.52,0.0,0.7094,1.8433
6885,40.1,0.0,1.0,1.0783
6886,33.99,0.0,0.0,0.0
6887,23.64,1.0,0.0,0.0
6888,27.04,0.1628,0.0,0.9274
6889,36.58,0.0,1.0,1.0783
6890,17.1,1.0,0.0,0.0
6891,21.42,1.0,0.0,0.9274
6892,15.6,1.0,0.0,1.8547
6893,38.08,0.0,1.0,2.7821
6894,29.35,0.0,0.3106,1.7038
6895,24.63,0.0,0.0,1.3689
6896,35.97,0.0,1.0,1.3689
6897,22.71,1.0,0.0,0.2906
6898,22.75,1.0,0.0,1.2179
6899,17.95,1.0,0.0,2.1453
6900,19.13,1.0,0.0,3.0726
6901,44.28,0.0,1.0,4.0
6902,23.03,1.0,0.0,2.9217
6903,39.88,0.0,0.72,3.849
6904,28.65,1.0,0.0,3.0726
6905,54.58,0.0,1.0,4.0
6906,30.23,1.0,0.0,2.9217
6907,43.23,0.0,1.0,3.849
6908,41.23,0.0,0.4294,2.7707
6909,85.33,0.0,1.0,2.3076
6910,44.17,0.0,1.0,1.2293
6911,27.47,1.0,0.0,0.151
6912,34.71,0.0,0.0,1.0783
6913,54.44,0.0,1.0,1.0783
6914,13.92,1.0,0.0,0.0
6915,18.14,1.0,0.0,0.9274
6916,23.22,1.0,0.0,1.8547
6917,23.6,0.3133,0.0,2.7821
6918,26.9,0.0,0.0,3.0726
6919,20.95,1.0,0.0,3.0726
6920,56.77,0.0,1.0,4.0
6921,20.97,1.0,0.0,2.9217
6922,30.36,0.0,0.58,3.849
6923,43.04,0.0,1.0,3.2236
6924,27.41,0.0,0.0,2.1453
6925,19.49,1.0,0.0,2.1453
6926,18.52,1.0,0.0,3.0726
6927,31.16,0.0,0.0,4.0
6928,29.37,0.0,0.0,4.0
6929,44.83,0.0,1.0,4.0
6930,26.44,1.0,0.0,2.9217
6931,56.52,0.0,1.0,3.849
6932,42.02,0.0,0.5694,2.7707
6933,40.26,0.0,0.0,2.1567
6934,58.49,0.0,1.0,2.1567
6935,1654.56,0.0,1.0,1.0783
6936,21.13,1.0,0.0,0.0
6937,21.2,1.0,0.0,0.9274
6938,22.96,0.3133,0.0,1.8547
6939,23.53,0.0,0.0,2.1453
6940,18.81,1.0,0.0,2.1453
6941,13.42,1.0,0.0,3.0726
6942,24.77,0.0,0.0,4.0
6943,37.41,0.0,0.0,4.0
6944,36.33,0.0,0.0,4.0
6945,52.37,0.0,0.72,4.0
6946,64.39,0.0,1.0,3.2236
6947,38.83,1.0,0.0,2.1453
6948,44.82,0.0,0.0,3.0726
6949,35.81,1.0,0.0,3.0726
6950,1139.02,0.0,1.0,4.0
6951,64.38,0.0,1.0,2.9217
6952,53.26,0.0,0.7094,1.8433
6953,53.27,0.0,1.0,1.0783
6954,40.07,0.0,0.0,0.0
6955,41.79,0.0,0.0,0.0
6956,35.76,1.0,0.0,0.0
6957,46.69,0.0,0.86,0.9274
6958,27.38,1.0,0.0,0.0
6959,31.45,1.0,0.0,0.9274
6960,11.91,1.0,0.0,1.8547
6961,46.82,0.0,1.0,2.7821
6962,22.68,1.0,0.0,1.7038
6963,28.41,1.0,0.0,2.6311
6964,41.8,0.0,0.6,3.5585
6965,30.17,1.0,0.0,2.9115
6966,49.83,0.0,1.0,3.8388
6967,21.3,1.0,0.0,2.7605
6968,79.94,0.0,1.0,3.6879
6969,50.21,0.0,1.0,2.6096
6970,34.85,0.0,0.0,1.5312
6971,48.88,0.0,1.0,1.5312
6972,18.3,1.0,0.0,0.4529
6973,24.69,1.0,0.0,1.3803
6974,48.95,0.0,1.0,2.3076
6975,17.48,1.0,0.0,1.2293
6976,46.33,0.0,1.0,2.1567
6977,49.99,0.0,1.0,1.0783
6978,-5.21,1.0,0.0,0.0
6979,24.3,1.0,0.0,0.9274
6980,70.51,0.0,1.0,1.8547
6981,30.8,0.0,0.3106,0.7764
6982,30.04,0.0,0.0,0.4415
6983,21.86,1.0,0.0,0.4415
6984,18.51,1.0,0.0,1.3689
6985,29.43,0.0,0.0,2.2962
6986,16.55,1.0,0.0,2.2962
6987,31.31,0.0,1.0,3.2236
6988,19.85,1.0,0.0,2.1453
6989,17.72,1.0,0.0,3.0726
6990,24.92,0.0,0.0,4.0
6991,36.91,0.0,1.0,4.0
6992,31.27,0.0,0.0,2.9217
6993,34.64,0.0,0.2894,2.9217
6994,41.22,0.0,1.0,2.6096
6995,43.24,0.0,1.0,1.5312
6996,24.66,1.0,0.0,0.4529
6997,18.9,1.0,0.0,1.3803
6998,30.24,0.0,0.0,2.3076
6999,39.51,0.0,1.0,2.3076
7000,22.78,1.0,0.0,1.2293
7001,30.3,0.0,0.0,2.1567
7002,33.3,0.0,0.0,2.1567
7003,39.22,0.0,1.0,2.1567
7004,30.67,0.0,0.0,1.0783
7005,47.86,0.0,1.0,1.0783
7006,19.98,1.0,0.0,0.0
7007,19.24,1.0,0.0,0.9274
7008,24.04,0.0,0.0,1.8547
7009,23.97,0.0,0.0,1.8547
7010,14.65,1.0,0.0,1.8547
7011,19.49,1.0,0.0,2.7821
7012,21.7,0.3133,0.0,3.7094
7013,23.55,0.0,0.0,4.0
7014,31.54,0.0,0.0,4.0
7015,25.96,0.0,0.0,4.0
7016,57.65,0.0,1.0,4.0
7017,40.51,0.0,1.0,2.9217
7018,24.29,1.0,0.0,1.8433
7019,30.53,0.3256,0.0,2.7707
7020,28.63,1.0,0.0,3.0726
7021,41.56,0.0,0.86,4.0
7022,23.81,1.0,0.0,3.0726
7023,43.72,0.0,0.0,4.0
7024,38.44,0.0,0.0,4.0
7025,69.58,0.0,1.0,4.0
7026,67.12,0.0,1.0,2.9217
7027,45.07,0.0,1.0,1.8433
7028,36.43,0.0,0.0,0.765
7029,44.51,0.0,0.5694,0.765
7030,32.81,1.0,0.0,0.151
7031,60.07,0.0,1.0,1.0783
7032,27.71,0.3133,0.0,0.0
7033,22.06,1.0,0.0,0.2906
7034,20.7,1.0,0.0,1.2179
7035,15.72,1.0,0.0,2.1453
7036,30.26,0.0,0.0,3.0726
7037,20.23,1.0,0.0,3.0726
7038,43.81,0.0,1.0,4.0
7039,20.76,1.0,0.0,2.9217
7040,35.84,0.0,0.44,3.849
7041,50.94,0.0,1.0,3.3746
7042,15.13,1.0,0.0,2.2962
7043,59.71,0.0,1.0,3.2236
7044,23.56,1.0,0.0,2.1453
7045,-6.59,1.0,0.0,3.0726
7046,35.79,0.0,0.0,4.0
7047,42.99,0.0,0.0,4.0
7048,41.59,0.0,0.0,4.0
7049,58.38,0.0,1.0,4.0
7050,51.1,0.0,0.7094,2.9217
7051,77.73,0.0,1.0,2.1567
7052,47.83,0.0,0.0,1.0783
7053,73.96,0.0,1.0,1.0783
7054,47.79,0.0,0.0,0.0
7055,17.69,1.0,0.0,0.0
7056,-16.2,1.0,0.0,0.9274
7057,20.74,1.0,0.0,1.8547
7058,40.94,0.0,1.0,2.7821
7059,24.21,1.0,0.0,1.7038
7060,36.02,0.0,0.0,2.6311
7061,21.13,1.0,0.0,2.6311
7062,37.05,0.0,0.4506,3.5585
7063,29.8,1.0,0.0,3.0726
7064,59.44,0.0,1.0,4.0
7065,39.62,0.0,1.0,2.9217
7066,44.5,0.0,1.0,1.8433
7067,13.78,1.0,0.0,0.765
7068,26.48,1.0,0.0,1.6924
7069,31.22,0.8262,0.0,2.6197
7070,31.61,0.0,0.0,3.3859
7071,46.56,0.0,1.0,3.3859
7072,33.16,0.0,0.0,2.3076
7073,41.79,0.0,1.0,2.3076
7074,64.28,0.0,1.0,1.2293
7075,18.86,1.0,0.0,0.151
7076,48.84,0.0,1.0,1.0783
7077,-19.44,1.0,0.0,0.0
7078,25.27,1.0,0.0,0.9274
7079,37.35,0.0,0.72,1.8547
7080,41.23,0.0,1.0,1.0783
7081,36.4,0.0,0.0,0.0
7082,23.08,1.0,0.0,0.0
7083,32.51,0.0,0.0,0.9274
7084,33.59,0.0,0.4506,0.9274
7085,26.02,1.0,0.0,0.4415
7086,23.3,1.0,0.0,1.3689
7087,26.01,1.0,0.0,2.2962
7088,45.75,0.0,1.0,3.2236
7089,33.4,0.0,0.0,2.1453
7090,22.18,1.0,0.0,2.1453
7091,16.26,1.0,0.0,3.0726
7092,36.42,0.0,0.86,4.0
7093,22.28,1.0,0.0,3.0726
7094,32.74,0.0,0.0,4.0
7095,51.21,0.0,1.0,4.0
7096,23.79,1.0,0.0,2.9217
7097,40.34,0.0,0.4294,3.849
7098,39.95,0.0,0.0,3.3859
7099,47.71,0.0,1.0,3.3859
7100,61.17,0.0,1.0,2.3076
7101,23.24,1.0,0.0,1.2293
7102,42.36,0.0,1.0,2.1567
7103,47.52,0.0,1.0,1.0783
7104,25.08,1.0,0.0,0.0
7105,24.06,1.0,0.0,0.9274
7106,27.95,0.0,0.0,1.8547
7107,26.93,0.8017,0.0,1.8547
7108,30.32,0.0,0.0,2.5982
7109,32.58,0.0,0.0,2.5982
7110,21.01,1.0,0.0,2.5982
7111,45.85,0.0,1.0,3.5255
7112,51.22,0.0,1.0,2.4472
7113,36.1,0.0,1.0,1.3689
7114,18.92,1.0,0.0,0.2906
7115,28.1,0.0,0.0,1.2179
7116,29.07,0.0,0.0,1.2179
7117,18.03,1.0,0.0,1.2179
7118,25.65,1.0,0.0,2.1453
7119,20.22,1.0,0.0,3.0726
7120,46.41,0.0,1.0,4.0
7121,43.34,0.0,1.0,2.9217
7122,23.79,1.0,0.0,1.8433
7123,47.13,0.0,1.0,2.7707
7124,38.78,0.0,0.5694,1.6924
7125,44.24,0.0,1.0,1.0783
7126,30.19,0.0,0.0,0.0
7127,24.96,0.0,0.0,0.0
7128,20.4,1.0,0.0,0.0
7129,20.87,1.0,0.0,0.9274
7130,24.25,0.3133,0.0,1.8547
7131,25.09,0.0,0.0,2.1453
7132,23.08,1.0,0.0,2.1453
7133,23.03,1.0,0.0,3.0726
7134,26.14,0.0,0.0,4.0
7135,77.81,0.0,1.0,4.0
7136,25.94,1.0,0.0,2.9217
7137,27.76,0.1628,0.0,3.849
7138,100.89,0.0,1.0,4.0
7139,33.83,0.0,0.0,2.9217
7140,16.72,1.0,0.0,2.9217
7141,36.07,0.0,0.72,3.849
7142,21.11,1.0,0.0,3.0726
7143,45.41,0.0,1.0,4.0
7144,34.78,1.0,0.0,2.9217
7145,34.98,0.1628,0.0,3.849
7146,74.16,0.0,1.0,4.0
7147,50.7,0.0,1.0,2.9217
7148,55.49,0.0,1.0,1.8433
7149,42.9,0.0,0.7094,0.765
7150,29.57,1.0,0.0,0.0
7151,40.84,0.0,0.72,0.9274
7152,40.7,0.0,0.0,0.151
7153,26.35,1.0,0.0,0.151
7154,45.16,0.0,1.0,1.0783
7155,32.01,0.0,0.0,0.0
7156,26.52,1.0,0.0,0.0
7157,29.11,0.0,0.0,0.9274
7158,30.95,0.0,0.0,0.9274
7159,20.83,1.0,0.0,0.9274
7160,32.85,0.0,0.0,1.8547
7161,-13.34,1.0,0.0,1.8547
7162,27.48,0.0,0.0,2.7821
7163,32.79,0.0,0.0,2.7821
7164,27.24,0.6389,0.0,2.7821
7165,35.13,0.0,1.0,3.3746
7166,36.54,0.0,1.0,2.2962
7167,-9.41,1.0,0.0,1.2179
7168,23.15,1.0,0.0,2.1453
7169,-13.82,1.0,0.0,3.0726
7170,40.1,0.0,1.0,4.0
7171,40.34,0.0,1.0,2.9217
7172,34.94,0.0,0.0,1.8433
7173,30.99,0.3379,0.0,1.8433
7174,59.18,0.0,1.0,2.1567
7175,53.45,0.0,1.0,1.0783
7176,31.08,0.0,0.0,0.0
7177,24.16,1.0,0.0,0.0
7178,29.8,0.0,0.0,0.9274
7179,24.34,0.8017,0.0,0.9274
7180,22.99,1.0,0.0,1.6708
7181,29.94,0.0,0.0,2.5982
7182,25.23,0.0,0.0,2.5982
7183,35.19,0.0,1.0,2.5982
7184,-15.83,1.0,0.0,1.5198
7185,41.51,0.0,1.0,2.4472
7186,25.54,0.0,0.0,1.3689
7187,37.27,0.0,1.0,1.3689
7188,19.65,1.0,0.0,0.2906
7189,21.89,1.0,0.0,1.2179
7190,24.03,1.0,0.0,2.1453
7191,22.61,1.0,0.0,3.0726
7192,53.21,0.0,1.0,4.0
7193,28.95,0.0,0.0,2.9217
7194,32.93,0.0,0.5694,2.9217
7195,64.27,0.0,1.0,2.3076
7196,32.19,0.0,0.0,1.2293
7197,34.36,0.0,1.0,1.2293
7198,24.14,1.0,0.0,0.151
7199,43.95,0.0,1.0,1.0783
7200,35.71,-0.0,0.0,0.0
7201,32.43,0.0,0.0,0.0
7202,28.9,0.0,0.0,0.0
7203,24.29,1.0,0.0,0.0
7204,20.41,1.0,0.0,0.9274
7205,19.96,1.0,0.0,1.8547
7206,46.15,0.0,1.0,2.7821
7207,42.02,0.0,1.0,1.7038
7208,26.49,0.4884,0.0,0.6254
7209,34.02,0.0,1.0,1.0783
7210,28.5,0.0,0.0,0.0
7211,19.55,1.0,0.0,0.0
7212,28.66,0.0,0.0,0.9274
7213,23.08,0.3133,0.0,0.9274
7214,20.68,1.0,0.0,1.2179
7215,19.57,1.0,0.0,2.1453
7216,21.53,1.0,0.0,3.0726
7217,35.61,0.0,0.0,4.0
7218,40.74,0.0,1.0,4.0
7219,30.43,0.0,0.0,2.9217
7220,49.27,0.0,1.0,2.9217
7221,35.79,0.0,0.7094,1.8433
7222,42.02,0.0,1.0,1.0783
7223,30.74,0.0,0.0,0.0
7224,20.12,1.0,0.0,0.0
7225,26.01,1.0,0.0,0.9274
7226,15.36,1.0,0.0,1.8547
7227,28.54,0.0,0.0,2.7821
7228,17.63,1.0,0.0,2.7821
7229,36.54,0.0,1.0,3.7094
7230,26.05,1.0,0.0,2.6311
7231,46.54,0.0,1.0,3.5585
7232,22.75,1.0,0.0,2.4802
7233,26.41,0.6389,0.0,3.4075
7234,36.11,0.0,0.72,4.0
7235,43.62,0.0,1.0,3.2236
7236,-3.14,1.0,0.0,2.1453
7237,27.03,1.0,0.0,3.0726
7238,54.8,0.0,1.0,4.0
7239,867.25,0.0,1.0,2.9217
7240,54.56,0.0,1.0,1.8433
7241,29.11,1.0,0.0,0.765
7242,48.53,0.0,0.5694,1.6924
7243,881.01,0.0,1.0,1.0783
7244,26.44,1.0,0.0,0.0
7245,43.04,0.0,0.86,0.9274
7246,21.65,1.0,0.0,0.0
7247,37.98,0.0,0.86,0.9274
7248,36.33,0.0,0.0,0.0
7249,20.93,1.0,0.0,0.0
7250,16.99,1.0,0.0,0.9274
7251,19.98,1.0,0.0,1.8547
7252,17.43,1.0,0.0,2.7821
7253,25.53,0.3133,0.0,3.7094
7254,30.34,0.0,0.0,4.0
7255,28.78,0.0,0.0,4.0
7256,60.44,0.0,1.0,4.0
7257,25.98,1.0,0.0,2.9217
7258,51.33,0.0,1.0,3.849
7259,20.08,1.0,0.0,2.7707
7260,27.52,0.3256,0.0,3.6981
7261,40.23,0.0,0.0,4.0
7262,42.72,0.0,0.86,4.0
7263,28.24,1.0,0.0,3.0726
7264,45.03,0.0,1.0,4.0
7265,46.82,0.0,1.0,2.9217
7266,34.61,1.0,0.0,1.8433
7267,51.09,0.0,1.0,2.7707
7268,75.01,0.0,1.0,1.6924
7269,43.03,0.0,0.5694,0.6141
7270,41.71,0.0,0.0,0.0
7271,41.31,0.0,0.0,0.0
7272,15.83,1.0,0.0,0.0
7273,29.25,0.0,0.0,0.9274
7274,16.68,1.0,0.0,0.9274
7275,19.15,1.0,0.0,1.8547
7276,51.98,0.0,1.0,2.7821
7277,24.16,1.0,0.0,1.7038
7278,22.55,1.0,0.0,2.6311
7279,47.86,0.0,1.0,3.5585
7280,-9.27,1.0,0.0,2.4802
7281,28.53,0.0,0.0,3.4075
7282,48.75,0.0,1.0,3.4075
7283,29.29,0.0,0.0,2.3292
7284,15.51,1.0,0.0,2.3292
7285,32.11,0.0,0.1706,3.2565
7286,24.98,1.0,0.0,3.0726
7287,55.98,0.0,1.0,4.0
7288,29.93,0.3379,0.0,2.9217
7289,58.27,0.0,1.0,3.235
7290,77.71,0.0,1.0,2.1567
7291,30.52,0.0,0.0,1.0783
7292,36.46,0.0,0.0,1.0783
7293,41.73,0.0,1.0,1.0783
7294,-17.29,1.0,0.0,0.0
7295,-14.4,1.0,0.0,0.9274
7296,24.36,0.0,0.0,1.8547
7297,22.81,1.0,0.0,1.8547
7298,24.18,0.0,0.0,2.7821
7299,24.1,0.0,0.0,2.7821
7300,25.79,0.0,0.0,2.7821
7301,21.37,1.0,0.0,2.7821
7302,24.02,0.3133,0.0,3.7094
7303,30.62,0.0,1.0,4.0
7304,33.0,0.0,1.0,2.9217
7305,28.56,0.0,0.0,1.8433
7306,35.2,0.0,1.0,1.8433
7307,15.26,1.0,0.0,0.765
7308,20.71,1.0,0.0,1.6924
7309,24.03,0.4884,0.0,2.6197
7310,21.23,1.0,0.0,3.0726
7311,57.66,0.0,1.0,4.0
7312,37.19,0.0,0.7094,2.9217
7313,42.83,0.0,1.0,2.1567
7314,35.18,0.0,0.0,1.0783
7315,40.81,0.0,1.0,1.0783
7316,25.46,1.0,0.0,0.0
7317,34.26,0.0,0.0,0.9274
7318,24.56,1.0,0.0,0.9274
7319,29.53,0.3133,0.0,1.8547
7320,10.74,1.0,0.0,2.1453
7321,16.72,1.0,0.0,3.0726
7322,39.62,0.0,1.0,4.0
7323,31.38,0.0,0.0,2.9217
7324,38.57,0.0,0.1494,2.9217
7325,42.77,0.0,1.0,2.7605
7326,36.86,0.0,0.0,1.6822
7327,27.19,1.0,0.0,1.6822
7328,23.28,1.0,0.0,2.6096
7329,49.67,0.0,1.0,3.5369
7330,32.1,0.0,0.0,2.4586
7331,68.84,0.0,1.0,2.4586
7332,-3.92,1.0,0.0,1.3803
7333,52.77,0.0,1.0,2.3076
7334,27.07,1.0,0.0,1.2293
7335,51.95,0.0,1.0,2.1567
7336,66.8,0.0,1.0,1.0783
7337,28.1,1.0,0.0,0.0
7338,35.1,0.0,0.44,0.9274
7339,28.54,0.0,0.0,0.4529
7340,25.28,1.0,0.0,0.4529
7341,45.84,0.0,1.0,1.3803
7342,31.77,0.0,0.0,0.3019
7343,33.09,0.0,0.0,0.3019
7344,31.92,0.0,0.0,0.3019
7345,12.93,1.0,0.0,0.3019
7346,37.17,0.0,1.0,1.2293
7347,20.73,1.0,0.0,0.151
7348,29.24,0.0,0.0,1.0783
7349,32.65,0.0,0.0,1.0783
7350,46.98,0.0,1.0,1.0783
7351,30.67,0.0,0.0,0.0
7352,15.89,1.0,0.0,0.0
7353,33.87,0.0,0.0,0.9274
7354,33.61,0.0,0.0,0.9274
7355,19.99,1.0,0.0,0.9274
7356,28.06,0.3133,0.0,1.8547
7357,23.28,1.0,0.0,2.1453
7358,17.85,1.0,0.0,3.0726
7359,41.1,0.0,1.0,4.0
7360,30.23,0.5006,0.0,2.9217
7361,34.81,0.0,0.0,3.3859
7362,35.32,0.0,0.0,3.3859
7363,63.03,0.0,1.0,3.3859
7364,38.27,0.0,1.0,2.3076
7365,37.26,0.0,0.0,1.2293
7366,29.12,1.0,0.0,1.2293
7367,38.14,0.0,1.0,2.1567
7368,42.07,0.0,1.0,1.0783
7369,31.04,0.0,0.0,0.0
7370,30.09,0.0,0.0,0.0
7371,28.92,0.0,0.0,0.0
7372,14.95,1.0,0.0,0.0
7373,19.31,1.0,0.0,0.9274
7374,27.02,0.0,0.5906,1.8547
7375,24.64,0.0,0.0,1.2179
7376,22.98,0.0,0.0,1.2179
7377,17.21,1.0,0.0,1.2179
7378,19.53,1.0,0.0,2.1453
7379,26.21,0.0,0.0,3.0726
7380,25.97,0.0,0.0,3.0726
7381,19.98,1.0,0.0,3.0726
7382,29.31,0.0,0.0,4.0
7383,27.87,0.0,0.0,4.0
7384,53.86,0.0,1.0,4.0
7385,37.87,0.0,0.7094,2.9217
7386,52.91,0.0,1.0,2.1567
7387,43.85,0.0,1.0,1.0783
7388,23.73,1.0,0.0,0.0
7389,35.05,0.0,0.86,0.9274
7390,22.02,1.0,0.0,0.0
7391,31.18,0.0,0.0,0.9274
7392,20.18,1.0,0.0,0.9274
7393,28.24,0.0,0.0,1.8547
7394,14.77,1.0,0.0,1.8547
7395,23.48,1.0,0.0,2.7821
7396,29.57,0.0,0.0,3.7094
7397,35.99,0.0,1.0,3.7094
7398,22.19,1.0,0.0,2.6311
7399,31.92,0.0,0.8906,3.5585
7400,35.53,0.0,1.0,2.5982
7401,56.88,0.0,1.0,1.5198
7402,18.6,1.0,0.0,0.4415
7403,20.81,1.0,0.0,1.3689
7404,70.91,0.0,1.0,2.2962
7405,23.93,1.0,0.0,1.2179
7406,14.69,1.0,0.0,2.1453
7407,26.42,0.0,0.0,3.0726
7408,13.93,1.0,0.0,3.0726
7409,43.53,0.0,1.0,4.0
7410,54.98,0.0,1.0,2.9217
7411,29.64,0.0,0.0,1.8433
7412,32.83,0.0,0.7094,1.8433
7413,49.92,0.0,1.0,1.0783
7414,18.36,1.0,0.0,0.0
7415,20.36,1.0,0.0,0.9274
7416,24.15,0.0,0.0,1.8547
7417,18.96,1.0,0.0,1.8547
7418,21.29,0.3133,0.0,2.7821
7419,14.99,1.0,0.0,3.0726
7420,26.05,0.0,0.0,4.0
7421,24.83,0.0,0.0,4.0
7422,35.08,0.0,0.58,4.0
7423,33.98,0.0,0.0,3.3746
7424,35.76,0.0,1.0,3.3746
7425,19.92,1.0,0.0,2.2962
7426,37.06,0.0,1.0,3.2236
7427,25.46,1.0,0.0,2.1453
7428,25.03,1.0,0.0,3.0726
7429,37.95,0.0,1.0,4.0
7430,22.1,1.0,0.0,2.9217
7431,51.91,0.0,1.0,3.849
7432,60.79,0.0,1.0,2.7707
7433,52.0,0.0,1.0,1.6924
7434,29.34,0.8262,0.0,0.6141
7435,18.95,1.0,0.0,1.3803
7436,56.39,0.0,1.0,2.3076
7437,37.52,0.0,1.0,1.2293
7438,26.06,1.0,0.0,0.151
7439,48.69,0.0,1.0,1.0783
7440,19.32,1.0,0.0,0.0
7441,21.24,1.0,0.0,0.9274
7442,28.31,0.0,0.0,1.8547
7443,15.78,1.0,0.0,1.8547
7444,23.23,1.0,0.0,2.7821
7445,38.24,0.0,1.0,3.7094
7446,31.12,0.0,0.0,2.6311
7447,48.95,0.0,1.0,2.6311
7448,49.4,0.0,1.0,1.5528
7449,33.1,0.0,0.0,0.4745
7450,13.75,1.0,0.0,0.4745
7451,19.39,1.0,0.0,1.4018
7452,34.61,0.0,0.74,2.3292
7453,15.26,1.0,0.0,1.5312
7454,25.32,1.0,0.0,2.4586
7455,36.37,0.0,1.0,3.3859
7456,-15.35,1.0,0.0,2.3076
7457,32.63,0.0,0.0,3.235
7458,32.97,0.0,0.0,3.235
7459,39.93,0.0,1.0,3.235
7460,43.64,0.0,1.0,2.1567
7461,34.14,0.0,0.0,1.0783
7462,48.78,0.0,1.0,1.0783
7463,24.38,1.0,0.0,0.0
7464,27.21,0.9645,0.0,0.9274
7465,28.75,0.0,0.0,1.8218
7466,20.45,1.0,0.0,1.8218
7467,31.21,0.0,0.0,2.7491
7468,25.39,1.0,0.0,2.7491
7469,34.38,0.0,1.0,3.6765
7470,30.9,0.0,0.0,2.5982
7471,36.04,0.0,1.0,2.5982
7472,26.59,1.0,0.0,1.5198
7473,26.43,1.0,0.0,2.4472
7474,47.75,0.0,1.0,3.3746
7475,35.61,0.0,1.0,2.2962
7476,18.5,1.0,0.0,1.2179
7477,27.94,0.0,0.0,2.1453
7478,12.35,1.0,0.0,2.1453
7479,26.39,1.0,0.0,3.0726
7480,51.19,0.0,1.0,4.0
7481,38.14,0.0,0.0,2.9217
7482,42.98,0.0,1.0,2.9217
7483,14.13,1.0,0.0,1.8433
7484,33.6,0.0,0.0,2.7707
7485,40.51,0.0,1.0,2.7707
7486,39.71,0.0,0.5694,1.6924
7487,45.1,0.0,1.0,1.0783
7488,24.21,0.0,0.0,0.0
7489,23.19,0.0,0.0,0.0
7490,14.74,1.0,0.0,0.0
7491,21.63,0.3133,0.0,0.9274
7492,15.48,1.0,0.0,1.2179
7493,13.65,1.0,0.0,2.1453
7494,19.72,1.0,0.0,3.0726
7495,53.5,0.0,1.0,4.0
7496,30.14,0.0,0.0,2.9217
7497,35.56,0.0,1.0,2.9217
7498,25.96,0.0,0.0,1.8433
7499,15.22,1.0,0.0,1.8433
7500,36.68,0.0,1.0,2.7707
7501,12.25,1.0,0.0,1.6924
7502,23.32,1.0,0.0,2.6197
7503,31.61,0.0,0.0,3.5471
7504,39.59,0.0,1.0,3.5471
7505,30.87,0.0,0.0,2.4688
7506,21.65,1.0,0.0,2.4688
7507,30.65,0.0,0.0,3.3961
7508,29.63,0.0,0.0,3.3961
7509,27.42,0.0,0.0,3.3961
7510,47.32,0.0,1.0,3.3961
7511,21.03,1.0,0.0,2.3178
7512,28.92,0.0,0.0,3.2452
7513,25.94,0.0,0.0,3.2452
7514,32.85,0.0,1.0,3.2452
7515,22.15,1.0,0.0,2.1668
7516,31.71,0.0,0.74,3.0942
7517,24.5,1.0,0.0,2.2962
7518,33.53,0.0,1.0,3.2236
7519,18.62,1.0,0.0,2.1453
7520,13.14,1.0,0.0,3.0726
7521,37.53,0.0,0.86,4.0
7522,36.09,0.0,0.0,3.0726
7523,33.59,0.0,0.0,3.0726
7524,21.97,1.0,0.0,3.0726
7525,44.07,0.0,1.0,4.0
7526,24.08,1.0,0.0,2.9217
7527,37.29,0.0,0.0,3.849
7528,44.92,0.0,1.0,3.849
7529,72.55,0.0,1.0,2.7707
7530,36.82,0.0,0.0,1.6924
7531,32.24,0.0,0.0,1.6924
7532,22.76,1.0,0.0,1.6924
7533,61.81,0.0,1.0,2.6197
7534,39.01,0.0,0.4294,1.5414
7535,37.65,0.0,0.0,1.0783
7536,77.38,0.0,1.0,1.0783
7537,27.47,0.0,0.0,0.0
7538,14.86,1.0,0.0,0.0
7539,21.64,1.0,0.0,0.9274
7540,17.07,1.0,0.0,1.8547
7541,22.63,0.3133,0.0,2.7821
7542,24.99,0.0,0.0,3.0726
7543,25.63,0.0,0.0,3.0726
7544,20.3,1.0,0.0,3.0726
7545,57.35,0.0,1.0,4.0
7546,34.42,0.0,0.0,2.9217
7547,26.25,1.0,0.0,2.9217
7548,34.38,0.0,0.0,3.849
7549,30.82,0.1628,0.0,3.849
7550,31.12,0.0,0.0,4.0
7551,40.86,0.0,1.0,4.0
7552,38.19,0.0,0.5694,2.9217
7553,50.21,0.0,1.0,2.3076
7554,-13.68,1.0,0.0,1.2293
7555,42.84,0.0,1.0,2.1567
7556,35.56,0.0,0.0,1.0783
7557,61.26,0.0,1.0,1.0783
7558,28.44,1.0,0.0,0.0
7559,36.8,0.0,0.86,0.9274
7560,30.01,0.0,0.0,0.0
7561,19.78,1.0,0.0,0.0
7562,17.65,1.0,0.0,0.9274
7563,20.46,0.3133,0.0,1.8547
7564,20.19,1.0,0.0,2.1453
7565,15.59,1.0,0.0,3.0726
7566,22.88,0.0,0.0,4.0
7567,34.51,0.0,0.0,4.0
7568,51.43,0.0,1.0,4.0
7569,39.83,0.0,1.0,2.9217
7570,12.47,1.0,0.0,1.8433
7571,35.52,0.0,0.58,2.7707
7572,21.67,1.0,0.0,2.1453
7573,30.59,0.0,0.0,3.0726
7574,28.08,1.0,0.0,3.0726
7575,30.02,0.0,0.0,4.0
7576,35.12,0.0,0.0,4.0
7577,39.35,0.0,0.0,4.0
7578,65.71,0.0,1.0,4.0
7579,40.15,0.0,0.0,2.9217
7580,56.1,0.0,1.0,2.9217
7581,49.77,0.0,1.0,1.8433
7582,42.41,0.0,0.7094,0.765
7583,17.15,1.0,0.0,0.0
7584,38.34,0.0,0.86,0.9274
7585,20.84,1.0,0.0,0.0
7586,30.05,0.0,0.0,0.9274
7587,16.46,1.0,0.0,0.9274
7588,15.83,1.0,0.0,1.8547
7589,51.81,0.0,1.0,2.7821
7590,20.54,1.0,0.0,1.7038
7591,46.91,0.0,1.0,2.6311
7592,34.38,0.0,1.0,1.5528
7593,28.29,0.0,0.0,0.4745
7594,30.45,0.0,0.0,0.4745
7595,17.98,1.0,0.0,0.4745
7596,26.19,0.8017,0.0,1.4018
7597,17.85,1.0,0.0,2.1453
7598,24.55,1.0,0.0,3.0726
7599,44.35,0.0,1.0,4.0
7600,39.74,0.0,1.0,2.9217
7601,23.59,1.0,0.0,1.8433
7602,55.24,0.0,1.0,2.7707
7603,40.28,0.0,1.0,1.6924
7604,31.7,0.5006,0.0,0.6141
7605,46.47,0.0,1.0,1.0783
7606,31.64,0.1628,0.0,0.0
7607,21.29,1.0,0.0,0.151
7608,49.47,0.0,1.0,1.0783
7609,24.29,1.0,0.0,0.0
7610,22.71,1.0,0.0,0.9274
7611,20.05,1.0,0.0,1.8547
7612,36.18,0.0,1.0,2.7821
7613,21.56,1.0,0.0,1.7038
7614,16.7,1.0,0.0,2.6311
7615,24.74,0.4761,0.0,3.5585
7616,52.43,0.0,1.0,4.0
7617,43.81,0.0,1.0,2.9217
7618,28.26,0.989,0.0,1.8433
7619,45.79,0.0,1.0,2.7605
7620,34.15,0.0,0.0,1.6822
7621,23.73,1.0,0.0,1.6822
7622,26.58,1.0,0.0,2.6096
7623,35.96,0.0,1.0,3.5369
7624,27.15,1.0,0.0,2.4586
7625,39.65,0.0,1.0,3.3859
7626,45.63,0.0,1.0,2.3076
7627,22.35,1.0,0.0,1.2293
7628,35.84,0.0,1.0,2.1567
7629,32.15,0.0,0.0,1.0783
7630,48.03,0.0,1.0,1.0783
7631,16.77,1.0,0.0,0.0
7632,22.65,1.0,0.0,0.9274
7633,20.63,1.0,0.0,1.8547
7634,32.67,0.0,0.46,2.7821
7635,22.74,1.0,0.0,2.2861
7636,44.84,0.0,1.0,3.2134
7637,32.64,0.0,0.0,2.1351
7638,24.82,1.0,0.0,2.1351
7639,34.09,0.0,1.0,3.0625
7640,29.09,0.0,0.0,1.9841
7641,44.19,0.0,1.0,1.9841
7642,19.37,1.0,0.0,0.9058
7643,21.21,1.0,0.0,1.8332
7644,30.8,0.0,0.0,2.7605
7645,39.97,0.0,1.0,2.7605
7646,13.02,1.0,0.0,1.6822
7647,51.8,0.0,1.0,2.6096
7648,34.55,0.0,1.0,1.5312
7649,20.45,1.0,0.0,0.4529
7650,14.31,1.0,0.0,1.3803
7651,23.6,1.0,0.0,2.3076
7652,37.99,0.0,1.0,3.235
7653,34.89,0.0,1.0,2.1567
7654,41.79,0.0,1.0,1.0783
7655,26.37,0.0,0.0,0.0
7656,17.55,1.0,0.0,0.0
7657,21.11,1.0,0.0,0.9274
7658,23.6,0.4761,0.0,1.8547
7659,25.0,0.0,0.0,2.2962
7660,18.13,1.0,0.0,2.2962
7661,35.46,0.0,1.0,3.2236
7662,23.03,1.0,0.0,2.1453
7663,23.1,1.0,0.0,3.0726
7664,27.21,0.0,0.0,4.0
7665,47.61,0.0,1.0,4.0
7666,29.44,0.1628,0.0,2.9217
7667,22.17,1.0,0.0,3.0726
7668,36.28,0.0,0.0,4.0
7669,55.05,0.0,1.0,4.0
7670,30.25,0.3379,0.0,2.9217
7671,49.26,0.0,1.0,3.235
7672,52.1,0.0,1.0,2.1567
7673,31.96,0.0,0.0,1.0783
7674,41.27,0.0,1.0,1.0783
7675,25.7,1.0,0.0,0.0
7676,35.57,0.0,0.86,0.9274
7677,28.65,0.0,0.0,0.0
7678,29.05,0.0,0.0,0.0
7679,24.56,0.0,0.0,0.0
7680,23.37,1.0,0.0,0.0
7681,29.36,0.0,0.5906,0.9274
7682,22.35,1.0,0.0,0.2906
7683,12.0,1.0,0.0,1.2179
7684,18.39,1.0,0.0,2.1453
7685,15.18,1.0,0.0,3.0726
7686,31.15,0.0,0.0,4.0
7687,37.32,0.0,1.0,4.0
7688,35.95,0.0,1.0,2.9217
7689,24.79,1.0,0.0,1.8433
7690,33.6,0.0,0.58,2.7707
7691,23.96,1.0,0.0,2.1453
7692,17.6,1.0,0.0,3.0726
7693,33.68,0.0,0.5694,4.0
7694,37.4,0.0,1.0,3.3859
7695,-6.03,1.0,0.0,2.3076
7696,29.28,0.0,0.0,3.235
7697,59.65,0.0,1.0,3.235
7698,34.37,0.0,1.0,2.1567
7699,50.57,0.0,1.0,1.0783
7700,31.93,0.0,0.0,0.0
7701,32.96,0.0,0.0,0.0
7702,14.32,1.0,0.0,0.0
7703,28.7,0.0,0.0,0.9274
7704,26.66,0.0,0.0,0.9274
7705,-7.54,1.0,0.0,0.9274
7706,43.06,0.0,1.0,1.8547
7707,15.33,1.0,0.0,0.7764
7708,19.58,1.0,0.0,1.7038
7709,18.81,1.0,0.0,2.6311
7710,23.46,0.4761,0.0,3.5585
7711,44.86,0.0,1.0,4.0
7712,55.08,0.0,1.0,2.9217
7713,25.53,0.3256,0.0,1.8433
7714,23.91,1.0,0.0,2.1453
7715,18.82,1.0,0.0,3.0726
7716,41.37,0.0,1.0,4.0
7717,38.43,0.0,1.0,2.9217
7718,27.04,0.3256,0.0,1.8433
7719,19.59,1.0,0.0,2.1453
7720,22.91,1.0,0.0,3.0726
7721,41.87,0.0,1.0,4.0
7722,49.47,0.0,1.0,2.9217
7723,19.5,1.0,0.0,1.8433
7724,34.1,0.0,0.5694,2.7707
7725,62.75,0.0,1.0,2.1567
7726,30.95,0.0,0.0,1.0783
7727,53.69,0.0,1.0,1.0783
7728,-6.97,1.0,0.0,0.0
7729,16.65,1.0,0.0,0.9274
7730,21.0,0.3133,0.0,1.8547
7731,21.99,0.0,0.0,2.1453
7732,17.08,1.0,0.0,2.1453
7733,18.37,1.0,0.0,3.0726
7734,48.38,0.0,1.0,4.0
7735,-19.87,1.0,0.0,2.9217
7736,47.86,0.0,1.0,3.849
7737,27.98,0.0,0.0,2.7707
7738,30.49,0.0,0.0,2.7707
7739,34.32,0.0,1.0,2.7707
7740,21.23,1.0,0.0,1.6924
7741,31.64,0.0,0.1494,2.6197
7742,13.7,1.0,0.0,2.4586
7743,37.22,0.0,1.0,3.3859
7744,15.24,1.0,0.0,2.3076
7745,36.4,0.0,1.0,3.235
7746,55.0,0.0,1.0,2.1567
7747,49.94,0.0,1.0,1.0783
7748,24.2,0.1628,0.0,0.0
7749,23.63,1.0,0.0,0.151
7750,26.22,0.0,0.0,1.0783
7751,33.99,0.0,1.0,1.0783
7752,12.66,1.0,0.0,0.0
7753,24.2,0.3133,0.0,0.9274
7754,25.93,0.0,0.0,1.2179
7755,20.82,1.0,0.0,1.2179
7756,28.62,0.0,0.0,2.1453
7757,27.88,0.0,0.0,2.1453
7758,23.6,1.0,0.0,2.1453
7759,15.85,1.0,0.0,3.0726
7760,34.35,0.0,1.0,4.0
7761,23.33,1.0,0.0,2.9217
7762,25.11,0.1628,0.0,3.849
7763,33.32,0.0,0.0,4.0
7764,42.95,0.0,1.0,4.0
7765,25.58,1.0,0.0,2.9217
7766,34.02,0.0,0.72,3.849
7767,19.23,1.0,0.0,3.0726
7768,39.38,0.0,1.0,4.0
7769,38.56,0.0,0.5694,2.9217
7770,62.66,0.0,1.0,2.3076
7771,33.22,0.0,0.0,1.2293
7772,35.01,0.0,0.0,1.2293
7773,51.51,0.0,1.0,1.2293
7774,32.29,0.0,0.0,0.151
7775,21.59,1.0,0.0,0.151
7776,62.92,0.0,1.0,1.0783
7777,16.66,1.0,0.0,0.0
7778,22.71,1.0,0.0,0.9274
7779,25.94,0.0,0.0,1.8547
7780,26.14,0.0,0.0,1.8547
7781,24.11,0.0,0.0,1.8547
7782,26.72,0.0,0.0,1.8547
7783,28.73,0.0,0.0,1.8547
7784,22.17,1.0,0.0,1.8547
7785,69.09,0.0,1.0,2.7821
7786,28.44,0.0,0.0,1.7038
7787,34.69,0.0,1.0,1.7038
7788,23.24,1.0,0.0,0.6254
7789,22.88,1.0,0.0,1.5528
7790,23.87,0.6389,0.0,2.4802
7791,-4.49,1.0,0.0,3.0726
7792,34.14,0.0,1.0,4.0
7793,34.13,0.0,1.0,2.9217
7794,61.37,0.0,1.0,1.8433
7795,26.38,0.0,0.0,0.765
7796,31.1,0.0,0.0,0.765
7797,25.95,0.9767,0.0,0.765
7798,55.2,0.0,1.0,1.6708
7799,23.46,1.0,0.0,0.5925
7800,31.34,0.0,0.0,1.5198
7801,34.1,0.0,1.0,1.5198
7802,22.06,1.0,0.0,0.4415
7803,14.18,1.0,0.0,1.3689
7804,14.75,1.0,0.0,2.2962
7805,34.78,0.0,1.0,3.2236
7806,18.33,1.0,0.0,2.1453
7807,-16.76,1.0,0.0,3.0726
7808,34.08,0.0,1.0,4.0
7809,37.12,0.0,1.0,2.9217
7810,36.21,0.0,1.0,1.8433
7811,20.29,1.0,0.0,0.765
7812,18.56,1.0,0.0,1.6924
7813,33.24,0.0,0.44,2.6197
7814,22.45,1.0,0.0,2.1453
7815,12.16,1.0,0.0,3.0726
7816,45.28,0.0,1.0,4.0
7817,27.36,1.0,0.0,2.9217
7818,47.92,0.0,1.0,3.849
7819,65.26,0.0,1.0,2.7707
7820,38.27,0.0,0.0,1.6924
7821,50.32,0.0,1.0,1.6924
7822,35.14,0.5006,0.0,0.6141
7823,55.39,0.0,1.0,1.0783
7824,17.74,1.0,0.0,0.0
7825,24.19,1.0,0.0,0.9274
7826,29.37,0.3133,0.0,1.8547
7827,-11.08,1.0,0.0,2.1453
7828,35.57,0.0,0.0,3.0726
7829,22.12,1.0,0.0,3.0726
7830,58.74,0.0,1.0,4.0
7831,65.48,0.0,1.0,2.9217
7832,36.11,0.0,0.0,1.8433
7833,39.44,0.0,0.7094,1.8433
7834,46.55,0.0,1.0,1.0783
7835,18.56,1.0,0.0,0.0
7836,16.49,1.0,0.0,0.9274
7837,40.15,0.0,1.0,1.8547
7838,30.78,0.814,0.0,0.7764
7839,29.39,1.0,0.0,1.5312
7840,36.2,0.0,0.0,2.4586
7841,17.05,1.0,0.0,2.4586
7842,38.05,0.0,1.0,3.3859
7843,30.77,1.0,0.0,2.3076
7844,52.42,0.0,1.0,3.235
7845,50.27,0.0,1.0,2.1567
7846,40.72,0.0,1.0,1.0783
7847,36.47,0.0,0.0,0.0
7848,15.22,1.0,0.0,0.0
7849,29.82,0.0,0.0,0.9274
7850,28.9,0.1628,0.0,0.9274
7851,35.45,0.0,0.0,1.0783
7852,49.85,0.0,1.0,1.0783
7853,14.22,1.0,0.0,0.0
7854,24.84,1.0,0.0,0.9274
7855,24.01,1.0,0.0,1.8547
7856,34.73,0.0,1.0,2.7821
7857,32.64,0.0,0.3106,1.7038
7858,28.25,0.0,0.0,1.3689
7859,40.26,0.0,1.0,1.3689
7860,17.74,1.0,0.0,0.2906
7861,-17.73,1.0,0.0,1.2179
7862,19.53,1.0,0.0,2.1453
7863,28.03,0.0,0.0,3.0726
7864,23.44,1.0,0.0,3.0726
7865,38.61,0.0,1.0,4.0
7866,38.36,0.0,1.0,2.9217
7867,30.4,0.3379,0.0,1.8433
7868,51.58,0.0,1.0,2.1567
7869,34.73,0.0,0.0,1.0783
7870,48.23,0.0,1.0,1.0783
7871,29.65,0.0,0.0,0.0
7872,25.48,0.0,0.0,0.0
7873,19.9,1.0,0.0,0.0
7874,23.12,1.0,0.0,0.9274
7875,29.4,0.0,0.0,1.8547
7876,20.56,1.0,0.0,1.8547
7877,30.81,0.0,0.0,2.7821
7878,21.4,1.0,0.0,2.7821
7879,40.58,0.0,1.0,3.7094
7880,26.68,0.0,0.0,2.6311
7881,43.74,0.0,1.0,2.6311
7882,31.3,0.0,0.44,1.5528
7883,47.82,0.0,1.0,1.0783
7884,17.4,1.0,0.0,0.0
7885,15.41,1.0,0.0,0.9274
7886,22.51,0.3133,0.0,1.8547
7887,19.57,1.0,0.0,2.1453
7888,22.2,1.0,0.0,3.0726
7889,48.79,0.0,1.0,4.0
7890,40.56,0.0,1.0,2.9217
7891,33.82,0.0,0.6,1.8433
7892,33.16,0.0,0.0,1.1963
7893,28.76,0.0,0.0,1.1963
7894,59.22,0.0,1.0,1.1963
7895,24.52,1.0,0.0,0.118
7896,16.17,1.0,0.0,1.0454
7897,-19.66,1.0,0.0,1.9727
7898,21.48,1.0,0.0,2.9001
7899,46.75,0.0,1.0,3.8275
7900,19.73,1.0,0.0,2.7491
7901,34.53,0.0,1.0,3.6765
7902,41.51,0.0,1.0,2.5982
7903,25.91,1.0,0.0,1.5198
7904,25.18,1.0,0.0,2.4472
7905,42.06,0.0,1.0,3.3746
7906,37.45,0.0,1.0,2.2962
7907,17.13,1.0,0.0,1.2179
7908,17.55,1.0,0.0,2.1453
7909,10.63,1.0,0.0,3.0726
7910,34.38,0.0,1.0,4.0
7911,28.98,0.0,0.0,2.9217
7912,34.01,0.0,0.5694,2.9217
7913,21.7,1.0,0.0,2.3076
7914,27.64,0.0,0.0,3.235
7915,33.82,0.0,0.0,3.235
7916,29.99,0.0,0.0,3.235
7917,36.92,0.0,1.0,3.235
7918,40.74,0.0,1.0,2.1567
7919,70.16,0.0,1.0,1.0783
7920,25.49,1.0,0.0,0.0
7921,35.77,0.0,0.86,0.9274
7922,17.31,1.0,0.0,0.0
7923,12.74,1.0,0.0,0.9274
7924,20.96,1.0,0.0,1.8547
7925,14.67,1.0,0.0,2.7821
7926,28.55,0.0,0.5906,3.7094
7927,23.65,0.0,0.0,3.0726
7928,16.47,1.0,0.0,3.0726
7929,59.55,0.0,1.0,4.0
7930,25.36,0.1628,0.0,2.9217
7931,15.81,1.0,0.0,3.0726
7932,35.66,0.0,0.86,4.0
7933,20.0,1.0,0.0,3.0726
7934,40.86,0.0,1.0,4.0
7935,24.56,1.0,0.0,2.9217
7936,29.77,0.1628,0.0,3.849
7937,44.24,0.0,1.0,4.0
7938,49.94,0.0,1.0,2.9217
7939,52.29,0.0,1.0,1.8433
7940,36.76,0.0,0.0,0.765
7941,42.6,0.0,0.0,0.765
7942,43.1,0.0,0.7094,0.765
7943,33.99,0.0,0.0,0.0
7944,24.41,1.0,0.0,0.0
7945,14.59,1.0,0.0,0.9274
7946,28.54,0.6512,0.0,1.8547
7947,23.22,1.0,0.0,2.4586
7948,552.56,0.0,1.0,3.3859
7949,40.12,0.0,1.0,2.3076
7950,17.22,1.0,0.0,1.2293
7951,55.23,0.0,1.0,2.1567
7952,32.37,0.0,0.0,1.0783
7953,36.23,0.0,1.0,1.0783
7954,26.64,1.0,0.0,0.0
7955,15.64,1.0,0.0,0.9274
7956,24.78,1.0,0.0,1.8547
7957,29.0,0.0,0.0,2.7821
7958,35.33,0.0,1.0,2.7821
7959,29.6,0.0,0.0,1.7038
7960,16.69,1.0,0.0,1.7038
7961,22.85,1.0,0.0,2.6311
7962,83.17,0.0,1.0,3.5585
7963,27.25,0.1273,0.0,2.4802
7964,62.47,0.0,1.0,2.5982
7965,25.52,1.0,0.0,1.5198
7966,31.13,0.0,0.0,2.4472
7967,39.42,0.0,1.0,2.4472
7968,19.24,1.0,0.0,1.3689
7969,42.22,0.0,1.0,2.2962
7970,23.75,1.0,0.0,1.2179
7971,26.87,1.0,0.0,2.1453
7972,21.57,1.0,0.0,3.0726
7973,32.29,0.0,0.0,4.0
7974,49.31,0.0,1.0,4.0
7975,29.66,0.0,0.0,2.9217
7976,59.74,0.0,1.0,2.9217
7977,26.16,1.0,0.0,1.8433
7978,39.95,0.0,1.0,2.7707
7979,33.26,0.0,0.0,1.6924
7980,-19.26,1.0,0.0,1.6924
7981,27.78,0.4884,0.0,2.6197
7982,27.94,0.0,0.0,3.0726
7983,23.53,1.0,0.0,3.0726
7984,40.74,0.0,1.0,4.0
7985,41.23,0.0,1.0,2.9217
7986,39.52,0.0,1.0,1.8433
7987,38.97,0.0,0.7094,0.765
7988,36.72,0.0,0.0,0.0
7989,31.1,0.1628,0.0,0.0
7990,34.83,0.0,0.0,0.151
7991,25.27,1.0,0.0,0.151
7992,64.95,0.0,1.0,1.0783
7993,14.76,1.0,0.0,0.0
7994,18.84,1.0,0.0,0.9274
7995,19.15,1.0,0.0,1.8547
7996,48.36,0.0,1.0,2.7821
7997,16.15,1.0,0.0,1.7038
7998,32.92,0.0,0.0,2.6311
7999,33.86,0.0,0.0,2.6311
8000,36.63,0.0,0.44,2.6311
8001,49.92,0.0,1.0,2.1567
8002,46.78,0.0,1.0,1.0783
8003,23.92,1.0,0.0,0.0
8004,27.83,0.0,0.0,0.9274
8005,13.42,1.0,0.0,0.9274
8006,28.84,0.0,0.0,1.8547
8007,24.01,1.0,0.0,1.8547
8008,33.66,0.0,0.6106,2.7821
8009,21.71,1.0,0.0,2.1237
8010,46.69,0.0,1.0,3.0511
8011,22.04,1.0,0.0,1.9727
8012,39.89,0.0,1.0,2.9001
8013,23.02,1.0,0.0,1.8218
8014,24.62,1.0,0.0,2.7491
8015,47.4,0.0,1.0,3.6765
8016,31.47,0.0,0.0,2.5982
8017,36.13,0.0,1.0,2.5982
8018,39.89,0.0,1.0,1.5198
8019,17.43,1.0,0.0,0.4415
8020,40.0,0.0,1.0,1.3689
8021,15.34,1.0,0.0,0.2906
8022,-17.23,1.0,0.0,1.2179
8023,26.1,1.0,0.0,2.1453
8024,23.53,1.0,0.0,3.0726
8025,40.14,0.0,1.0,4.0
8026,42.53,0.0,1.0,2.9217
8027,38.57,0.0,0.4294,1.8433
8028,28.02,1.0,0.0,1.3803
8029,26.98,1.0,0.0,2.3076
8030,33.49,0.0,0.0,3.235
8031,35.24,0.0,0.0,3.235
8032,43.4,0.0,1.0,3.235
8033,42.03,0.0,1.0,2.1567
8034,54.4,0.0,1.0,1.0783
8035,22.57,1.0,0.0,0.0
8036,36.16,0.0,0.0,0.9274
8037,21.77,1.0,0.0,0.9274
8038,36.5,0.0,0.72,1.8547
8039,56.19,0.0,1.0,1.0783
8040,21.69,1.0,0.0,0.0
8041,25.25,0.0,0.0,0.9274
8042,30.1,0.0,0.5906,0.9274
8043,11.08,1.0,0.0,0.2906
8044,19.71,1.0,0.0,1.2179
8045,29.1,0.0,0.0,2.1453
8046,10.28,1.0,0.0,2.1453
8047,22.03,1.0,0.0,3.0726
8048,47.88,0.0,1.0,4.0
8049,45.97,0.0,1.0,2.9217
8050,34.81,0.0,0.58,1.8433
8051,-8.86,1.0,0.0,1.2179
8052,28.01,1.0,0.0,2.1453
8053,31.27,0.0,0.0,3.0726
8054,24.92,1.0,0.0,3.0726
8055,32.98,0.0,0.0,4.0
8056,28.77,0.0,0.0,4.0
8057,60.88,0.0,1.0,4.0
8058,68.96,0.0,1.0,2.9217
8059,64.62,0.0,1.0,1.8433
8060,32.81,0.0,0.0,0.765
8061,25.3,1.0,0.0,0.765
8062,51.79,0.0,1.0,1.6924
8063,38.24,0.0,0.5694,0.6141
8064,28.72,1.0,0.0,0.0
8065,19.34,1.0,0.0,0.9274
8066,26.8,1.0,0.0,1.8547
8067,15.61,1.0,0.0,2.7821
8068,29.53,0.3133,0.0,3.7094
8069,41.48,0.0,1.0,4.0
8070,50.14,0.0,1.0,2.9217
8071,39.72,0.0,1.0,1.8433
8072,20.07,1.0,0.0,0.765
8073,34.66,0.0,0.0,1.6924
8074,64.55,0.0,1.0,1.6924
8075,20.64,1.0,0.0,0.6141
8076,25.44,1.0,0.0,1.5414
8077,42.21,0.0,1.0,2.4688
8078,34.53,0.0,0.0,1.3904
8079,75.43,0.0,1.0,1.3904
8080,27.77,1.0,0.0,0.3121
8081,27.66,1.0,0.0,1.2395
8082,62.11,0.0,1.0,2.1668
8083,26.22,1.0,0.0,1.0885
8084,35.31,0.0,0.0,2.0159
8085,34.51,0.0,0.0,2.0159
8086,47.58,0.0,1.0,2.0159
8087,39.18,0.0,0.8694,0.9375
8088,30.03,0.1628,0.0,0.0
8089,20.96,1.0,0.0,0.151
8090,35.31,0.0,0.0,1.0783
8091,93.38,0.0,1.0,1.0783
8092,30.11,0.0,0.0,0.0
8093,26.5,1.0,0.0,0.0
8094,17.98,1.0,0.0,0.9274
8095,24.79,1.0,0.0,1.8547
8096,30.2,0.0,0.0,2.7821
8097,26.82,0.9767,0.0,2.7821
8098,30.34,0.0,0.0,3.6879
8099,52.11,0.0,1.0,3.6879
8100,40.17,0.0,1.0,2.6096
8101,24.34,1.0,0.0,1.5312
8102,18.22,1.0,0.0,2.4586
8103,50.54,0.0,1.0,3.3859
8104,35.26,0.0,1.0,2.3076
8105,21.36,1.0,0.0,1.2293
8106,51.91,0.0,1.0,2.1567
8107,57.05,0.0,1.0,1.0783
8108,16.18,1.0,0.0,0.0
8109,26.45,0.1628,0.0,0.9274
8110,31.84,0.0,0.0,1.0783
8111,40.85,0.0,1.0,1.0783
8112,21.36,1.0,0.0,0.0
8113,18.03,1.0,0.0,0.9274
8114,29.76,0.0,0.5906,1.8547
8115,19.36,1.0,0.0,1.2179
8116,28.57,0.0,0.0,2.1453
8117,17.34,1.0,0.0,2.1453
8118,17.64,1.0,0.0,3.0726
8119,40.35,0.0,1.0,4.0
8120,35.54,0.0,0.0,2.9217
8121,44.64,0.0,1.0,2.9217
8122,25.32,1.0,0.0,1.8433
8123,21.17,1.0,0.0,2.7707
8124,41.78,0.0,1.0,3.6981
8125,15.09,1.0,0.0,2.6197
8126,43.09,0.0,1.0,3.5471
8127,50.23,0.0,1.0,2.4688
8128,48.45,0.0,1.0,1.3904
8129,30.72,0.0,0.0,0.3121
8130,30.39,0.0,0.0,0.3121
8131,37.0,0.0,0.0,0.3121
8132,24.03,1.0,0.0,0.3121
8133,25.2,1.0,0.0,1.2395
8134,41.46,0.0,1.0,2.1668
8135,39.64,0.0,1.0,1.0885
8136,17.71,1.0,0.0,0.0102
8137,30.56,0.0,0.0,0.9375
8138,27.04,1.0,0.0,0.9375
8139,38.69,0.0,1.0,1.8649
8140,28.83,1.0,0.0,0.7866
8141,37.04,0.0,0.5894,1.7139
8142,33.44,0.0,0.0,1.0783
8143,43.64,0.0,1.0,1.0783
8144,20.73,1.0,0.0,0.0
8145,30.97,0.0,0.0,0.9274
8146,30.08,0.0,0.0,0.9274
8147,25.66,1.0,0.0,0.9274
8148,30.3,0.0,0.0,1.8547
8149,32.1,0.0,0.0,1.8547
8150,31.89,0.0,0.0,1.8547
8151,29.73,0.0,0.0,1.8547
8152,27.71,1.0,0.0,1.8547
8153,57.35,0.0,1.0,2.7821
8154,45.69,0.0,1.0,1.7038
8155,27.87,0.9767,0.0,0.6254
8156,35.31,0.0,1.0,1.5312
8157,19.16,1.0,0.0,0.4529
8158,33.49,0.0,0.0,1.3803
8159,29.45,0.0,0.0,1.3803
8160,20.91,1.0,0.0,1.3803
8161,41.98,0.0,1.0,2.3076
8162,15.38,1.0,0.0,1.2293
8163,29.19,0.0,0.0,2.1567
8164,50.77,0.0,1.0,2.1567
8165,37.28,0.0,1.0,1.0783
8166,27.98,0.0,0.0,0.0
8167,20.82,1.0,0.0,0.0
8168,20.18,1.0,0.0,0.9274
8169,27.97,0.0,0.0,1.8547
8170,23.97,0.3133,0.0,1.8547
8171,21.72,1.0,0.0,2.1453
8172,23.14,1.0,0.0,3.0726
8173,24.8,0.0,0.0,4.0
8174,32.93,0.0,0.86,4.0
8175,20.5,1.0,0.0,3.0726
8176,28.22,0.0,0.0,4.0
8177,36.93,0.0,0.0,4.0
8178,37.74,0.0,0.5694,4.0
8179,75.69,0.0,1.0,3.3859
8180,40.98,0.0,1.0,2.3076
8181,20.05,1.0,0.0,1.2293
8182,38.28,0.0,1.0,2.1567
8183,38.2,0.0,1.0,1.0783
8184,24.46,1.0,0.0,0.0
8185,15.76,1.0,0.0,0.9274
8186,42.65,0.0,1.0,1.8547
8187,15.67,1.0,0.0,0.7764
8188,29.76,0.0,0.0,1.7038
8189,27.41,1.0,0.0,1.7038
8190,34.9,0.0,0.3,2.6311
8191,56.25,0.0,1.0,2.3076
8192,39.57,0.0,1.0,1.2293
8193,26.56,1.0,0.0,0.151
8194,44.88,0.0,1.0,1.0783
8195,22.4,1.0,0.0,0.0
8196,27.45,0.0,0.0,0.9274
8197,16.34,1.0,0.0,0.9274
8198,19.35,1.0,0.0,1.8547
8199,32.18,0.0,0.16,2.7821
8200,40.75,0.0,1.0,2.6096
8201,21.52,1.0,0.0,1.5312
8202,48.08,0.0,1.0,2.4586
8203,29.87,0.0,0.0,1.3803
8204,59.11,0.0,1.0,1.3803
8205,31.17,0.0,0.0,0.3019
8206,22.31,1.0,0.0,0.3019
8207,32.4,0.0,1.0,1.2293
8208,18.54,1.0,0.0,0.151
8209,37.57,0.0,1.0,1.0783
8210,23.05,0.9645,0.0,0.0
8211,21.61,1.0,0.0,0.8944
8212,29.04,0.0,1.0,1.8218
8213,17.98,1.0,0.0,0.7435
8214,18.01,1.0,0.0,1.6708
8215,35.7,0.0,1.0,2.5982
8216,22.11,1.0,0.0,1.5198
8217,21.97,1.0,0.0,2.4472
8218,40.84,0.0,1.0,3.3746
8219,33.56,0.0,1.0,2.2962
8220,16.71,1.0,0.0,1.2179
8221,20.68,1.0,0.0,2.1453
8222,20.24,1.0,0.0,3.0726
8223,58.85,0.0,1.0,4.0
8224,49.18,0.0,1.0,2.9217
8225,33.69,0.0,0.0,1.8433
8226,49.42,0.0,1.0,1.8433
8227,24.75,1.0,0.0,0.765
8228,29.84,0.0,0.0,1.6924
8229,36.56,0.0,0.5694,1.6924
8230,38.71,0.0,1.0,1.0783
8231,30.49,0.0,0.0,0.0
8232,27.86,0.0,0.0,0.0
8233,24.76,1.0,0.0,0.0
8234,21.76,1.0,0.0,0.9274
8235,20.54,1.0,0.0,1.8547
8236,-6.15,1.0,0.0,2.7821
8237,27.71,0.0,0.0,3.7094
8238,32.64,0.0,0.4506,3.7094
8239,33.16,0.0,1.0,3.2236
8240,21.51,1.0,0.0,2.1453
8241,22.75,1.0,0.0,3.0726
8242,35.03,0.0,1.0,4.0
8243,46.73,0.0,1.0,2.9217
8244,27.33,0.3256,0.0,1.8433
8245,22.24,1.0,0.0,2.1453
8246,30.03,0.0,0.0,3.0726
8247,21.22,1.0,0.0,3.0726
8248,56.62,0.0,1.0,4.0
8249,41.66,0.0,1.0,2.9217
8250,31.95,0.0,0.0,1.8433
8251,37.51,0.0,0.7094,1.8433
8252,31.39,0.0,0.0,1.0783
8253,55.77,0.0,1.0,1.0783
8254,30.78,0.0,0.0,0.0
8255,33.3,0.0,0.0,0.0
8256,31.22,0.0,0.0,0.0
8257,18.58,1.0,0.0,0.0
8258,24.65,1.0,0.0,0.9274
8259,25.07,0.3133,0.0,1.8547
8260,13.7,1.0,0.0,2.1453
8261,27.9,0.0,0.0,3.0726
8262,27.81,0.0,0.0,3.0726
8263,-7.07,1.0,0.0,3.0726
8264,32.89,0.0,0.0,4.0
8265,35.33,0.0,0.72,4.0
8266,48.63,0.0,1.0,3.2236
8267,18.47,1.0,0.0,2.1453
8268,22.98,1.0,0.0,3.0726
8269,32.42,0.0,0.0,4.0
8270,32.85,0.0,0.0,4.0
8271,37.1,0.0,0.5694,4.0
8272,93.85,0.0,1.0,3.3859
8273,48.37,0.0,1.0,2.3076
8274,59.98,0.0,1.0,1.2293
8275,35.71,0.0,0.0,0.151
8276,26.66,1.0,0.0,0.151
8277,31.56,0.0,0.0,1.0783
8278,42.38,0.0,1.0,1.0783
8279,36.35,0.0,0.0,0.0
8280,29.4,0.0,0.0,0.0
8281,22.34,1.0,0.0,0.0
8282,20.2,1.0,0.0,0.9274
8283,21.38,1.0,0.0,1.8547
8284,30.4,0.0,0.0,2.7821
8285,34.27,0.0,0.0,2.7821
8286,19.87,1.0,0.0,2.7821
8287,40.37,0.0,1.0,3.7094
8288,25.86,1.0,0.0,2.6311
8289,38.02,0.0,1.0,3.5585
8290,28.47,0.0,0.0,2.4802
8291,48.27,0.0,1.0,2.4802
8292,22.38,1.0,0.0,1.4018
8293,27.33,1.0,0.0,2.3292
8294,34.32,0.0,0.1706,3.2565
8295,23.26,1.0,0.0,3.0726
8296,34.89,0.0,0.0,4.0
8297,35.53,0.0,1.0,4.0
8298,33.72,0.0,0.0,2.9217
8299,34.08,0.0,0.0,2.9217
8300,55.68,0.0,1.0,2.9217
8301,28.56,0.0,0.0,1.8433
8302,40.26,0.0,1.0,1.8433
8303,35.19,0.0,0.7094,0.765
8304,15.66,1.0,0.0,0.0
8305,28.87,0.0,0.0,0.9274
8306,14.04,1.0,0.0,0.9274
8307,28.36,0.0,0.0,1.8547
8308,19.75,1.0,0.0,1.8547
8309,25.6,0.3133,0.0,2.7821
8310,17.96,1.0,0.0,3.0726
8311,32.27,0.0,0.72,4.0
8312,44.91,0.0,1.0,3.2236
8313,24.32,1.0,0.0,2.1453
8314,24.61,1.0,0.0,3.0726
8315,32.71,0.0,0.86,4.0
8316,30.63,0.0,0.0,3.0726
8317,10.95,1.0,0.0,3.0726
8318,56.18,0.0,1.0,4.0
8319,37.99,0.0,0.0,2.9217
8320,45.67,0.0,1.0,2.9217
8321,37.08,0.0,0.0,1.8433
8322,21.08,1.0,0.0,1.8433
8323,50.33,0.0,1.0,2.7707
8324,30.95,0.6512,0.0,1.6924
8325,42.6,0.0,1.0,2.2962
8326,30.58,1.0,0.0,1.2179
8327,34.25,0.0,0.0,2.1453
8328,19.46,1.0,0.0,2.1453
8329,32.57,0.0,0.0,3.0726
8330,15.19,1.0,0.0,3.0726
8331,49.95,0.0,1.0,4.0
8332,51.61,0.0,1.0,2.9217
8333,45.2,0.0,1.0,1.8433
8334,44.14,0.0,0.5694,0.765
8335,30.01,1.0,0.0,0.151
8336,48.83,0.0,1.0,1.0783
8337,31.18,1.0,0.0,0.0
8338,17.67,1.0,0.0,0.9274
8339,47.2,0.0,1.0,1.8547
8340,38.44,0.0,0.72,0.7764
8341,-13.41,1.0,0.0,0.0
8342,18.07,1.0,0.0,0.9274
8343,25.71,0.0,0.0,1.8547
8344,18.91,1.0,0.0,1.8547
8345,54.27,0.0,1.0,2.7821
8346,23.02,0.9645,0.0,1.7038
8347,43.93,0.0,1.0,2.5982
8348,28.07,0.0,0.0,1.5198
8349,21.37,1.0,0.0,1.5198
8350,35.88,0.0,1.0,2.4472
8351,28.03,0.0,0.0,1.3689
8352,34.22,0.0,1.0,1.3689
8353,15.44,1.0,0.0,0.2906
8354,17.66,1.0,0.0,1.2179
8355,9.87,1.0,0.0,2.1453
8356,10.98,1.0,0.0,3.0726
8357,47.88,0.0,1.0,4.0
8358,58.56,0.0,1.0,2.9217
8359,31.92,0.0,0.44,1.8433
8360,24.32,1.0,0.0,1.3689
8361,29.04,0.0,0.0,2.2962
8362,41.31,0.0,1.0,2.2962
8363,23.29,1.0,0.0,1.2179
8364,28.13,0.0,0.0,2.1453
8365,25.54,1.0,0.0,2.1453
8366,22.73,1.0,0.0,3.0726
8367,26.25,0.0,0.0,4.0
8368,39.64,0.0,0.86,4.0
8369,-7.5,1.0,0.0,3.0726
8370,47.25,0.0,1.0,4.0
8371,33.68,0.3379,0.0,2.9217
8372,39.43,0.0,0.0,3.235
8373,57.13,0.0,1.0,3.235
8374,1683.54,0.0,1.0,2.1567
8375,43.47,0.0,1.0,1.0783
8376,13.63,1.0,0.0,0.0
8377,20.41,1.0,0.0,0.9274
8378,23.23,1.0,0.0,1.8547
8379,920.61,0.0,1.0,2.7821
8380,11.87,1.0,0.0,1.7038
8381,24.67,0.0,0.0,2.6311
8382,-9.26,1.0,0.0,2.6311
8383,23.47,0.4761,0.0,3.5585
8384,30.12,0.0,0.0,4.0
8385,36.21,0.0,1.0,4.0
8386,32.45,0.0,0.0,2.9217
8387,48.23,0.0,1.0,2.9217
8388,30.28,0.0,0.0,1.8433
8389,40.83,0.0,1.0,1.8433
8390,24.45,1.0,0.0,0.765
8391,24.35,1.0,0.0,1.6924
8392,33.05,0.0,0.0,2.6197
8393,25.98,1.0,0.0,2.6197
8394,47.77,0.0,1.0,3.5471
8395,34.7,0.0,0.0,2.4688
8396,29.8,0.0,0.0,2.4688
8397,41.9,0.0,1.0,2.4688
8398,22.11,1.0,0.0,1.3904
8399,41.25,0.0,1.0,2.3178
8400,21.58,1.0,0.0,1.2395
8401,36.09,0.0,1.0,2.1668
8402,20.05,1.0,0.0,1.0885
8403,28.38,0.1395,0.0,2.0159
8404,25.1,1.0,0.0,2.1453
8405,33.1,0.0,0.0,3.0726
8406,29.34,0.0,0.0,3.0726
8407,17.26,1.0,0.0,3.0726
8408,46.18,0.0,1.0,4.0
8409,31.26,0.0,0.0,2.9217
8410,40.1,0.0,1.0,2.9217
8411,35.5,0.0,0.58,1.8433
8412,19.74,1.0,0.0,1.2179
8413,18.62,1.0,0.0,2.1453
8414,34.88,0.0,0.0,3.0726
8415,28.37,1.0,0.0,3.0726
8416,49.62,0.0,1.0,4.0
8417,36.61,0.0,0.0,2.9217
8418,57.7,0.0,1.0,2.9217
8419,46.06,0.0,1.0,1.8433
8420,41.69,0.0,0.5694,0.765
8421,30.87,1.0,0.0,0.151
8422,35.79,0.0,0.0,1.0783
8423,47.81,0.0,1.0,1.0783
8424,25.03,1.0,0.0,0.0
8425,28.97,1.0,0.0,0.9274
8426,23.38,1.0,0.0,1.8547
8427,23.76,1.0,0.0,2.7821
8428,43.07,0.0,1.0,3.7094
8429,38.84,0.0,1.0,2.6311
8430,29.02,1.0,0.0,1.5528
8431,33.29,0.0,0.0,2.4802
8432,25.37,1.0,0.0,2.4802
8433,30.33,0.6389,0.0,3.4075
8434,33.89,0.0,0.0,4.0
8435,37.54,0.0,0.86,4.0
8436,33.63,0.0,0.0,3.0726
8437,17.39,1.0,0.0,3.0726
8438,39.02,0.0,1.0,4.0
8439,30.58,0.1628,0.0,2.9217
8440,25.31,1.0,0.0,3.0726
8441,62.2,0.0,1.0,4.0
8442,67.29,0.0,1.0,2.9217
8443,43.55,0.0,0.0,1.8433
8444,48.3,0.0,0.5694,1.8433
8445,46.02,0.0,0.0,1.2293
8446,53.77,0.0,1.0,1.2293
8447,40.62,0.0,0.0,0.151
8448,16.02,1.0,0.0,0.151
8449,48.6,0.0,1.0,1.0783
8450,33.4,0.0,0.0,0.0
8451,19.03,1.0,0.0,0.0
8452,16.43,1.0,0.0,0.9274
8453,30.43,0.0,0.0,1.8547
8454,25.6,1.0,0.0,1.8547
8455,34.66,0.0,1.0,2.7821
8456,42.07,0.0,1.0,1.7038
8457,26.43,0.6389,0.0,0.6254
8458,20.58,1.0,0.0,1.2179
8459,31.9,0.0,0.0,2.1453
8460,21.46,1.0,0.0,2.1453
8461,26.98,0.0,0.0,3.0726
8462,17.32,1.0,0.0,3.0726
8463,28.88,0.0,0.0,4.0
8464,45.91,0.0,1.0,4.0
8465,48.16,0.0,1.0,2.9217
8466,30.59,0.5006,0.0,1.8433
8467,26.38,1.0,0.0,2.3076
8468,37.89,0.0,1.0,3.235
8469,42.81,0.0,1.0,2.1567
8470,38.01,0.0,1.0,1.0783
8471,26.32,1.0,0.0,0.0
8472,28.3,0.1628,0.0,0.9274
8473,40.68,0.0,1.0,1.0783
8474,24.71,1.0,0.0,0.0
8475,12.84,1.0,0.0,0.9274
8476,25.29,1.0,0.0,1.8547
8477,52.14,0.0,1.0,2.7821
8478,17.98,1.0,0.0,1.7038
8479,31.2,0.0,0.0,2.6311
8480,29.96,0.0,0.0,2.6311
8481,33.32,0.0,0.0,2.6311
8482,32.54,0.0,0.0,2.6311
8483,41.53,0.0,1.0,2.6311
8484,26.65,1.0,0.0,1.5528
8485,40.09,0.0,1.0,2.4802
8486,26.6,1.0,0.0,1.4018
8487,27.9,0.8017,0.0,2.3292
8488,28.28,0.0,0.0,3.0726
8489,20.62,1.0,0.0,3.0726
8490,44.39,0.0,1.0,4.0
8491,81.47,0.0,1.0,2.9217
8492,44.23,0.0,0.7094,1.8433
8493,44.73,0.0,1.0,1.0783
8494,28.54,1.0,0.0,0.0
8495,28.9,1.0,0.0,0.9274
8496,35.99,0.0,0.0,1.8547
8497,48.57,0.0,1.0,1.8547
8498,38.71,0.0,0.72,0.7764
8499,30.14,0.0,0.0,0.0
8500,23.84,0.0,0.0,0.0
8501,27.44,0.0,0.0,0.0
8502,21.67,1.0,0.0,0.0
8503,18.6,1.0,0.0,0.9274
8504,21.86,1.0,0.0,1.8547
8505,32.78,0.0,1.0,2.7821
8506,27.45,0.0,0.0,1.7038
8507,16.66,1.0,0.0,1.7038
8508,25.53,0.0,0.0,2.6311
8509,22.93,0.4761,0.0,2.6311
8510,18.38,1.0,0.0,3.0726
8511,27.7,0.0,0.0,4.0
8512,31.94,0.0,1.0,4.0
8513,31.39,0.0,0.16,2.9217
8514,55.74,0.0,1.0,2.7491
8515,20.39,1.0,0.0,1.6708
8516,18.8,1.0,0.0,2.5982
8517,35.21,0.0,1.0,3.5255
8518,34.1,0.0,1.0,2.4472
8519,36.26,0.0,1.0,1.3689
8520,21.11,1.0,0.0,0.2906
8521,17.44,1.0,0.0,1.2179
8522,22.93,1.0,0.0,2.1453
8523,19.48,1.0,0.0,3.0726
8524,40.53,0.0,1.0,4.0
8525,22.76,1.0,0.0,2.9217
8526,27.69,0.1628,0.0,3.849
8527,73.42,0.0,1.0,4.0
8528,30.28,0.0,0.0,2.9217
8529,39.13,0.0,1.0,2.9217
8530,38.11,0.0,1.0,1.8433
8531,35.99,0.0,0.44,0.765
8532,28.62,1.0,0.0,0.2906
8533,27.43,1.0,0.0,1.2179
8534,28.7,1.0,0.0,2.1453
8535,25.77,1.0,0.0,3.0726
8536,40.04,0.0,0.0,4.0
8537,79.21,0.0,1.0,4.0
8538,61.56,0.0,1.0,2.9217
8539,44.14,0.0,0.7094,1.8433
8540,50.83,0.0,1.0,1.0783
8541,25.94,1.0,0.0,0.0
8542,30.1,0.0,0.0,0.9274
8543,-2.51,1.0,0.0,0.9274
8544,42.9,0.0,1.0,1.8547
8545,18.35,1.0,0.0,0.7764
8546,19.41,1.0,0.0,1.7038
8547,48.77,0.0,1.0,2.6311
8548,24.35,1.0,0.0,1.5528
8549,48.25,0.0,1.0,2.4802
8550,30.33,0.0,0.0,1.4018
8551,33.64,0.0,0.0,1.4018
8552,29.13,0.0,0.0,1.4018
8553,44.79,0.0,1.0,1.4018
8554,-15.65,1.0,0.0,0.3235
8555,19.39,1.0,0.0,1.2509
8556,22.86,1.0,0.0,2.1782
8557,35.3,0.0,1.0,3.1056
8558,26.48,1.0,0.0,2.0273
8559,26.52,1.0,0.0,2.9546
8560,50.87,0.0,1.0,3.882
8561,57.29,0.0,1.0,2.8037
8562,34.43,0.0,0.6,1.7253
8563,42.74,0.0,1.0,1.0783
8564,24.67,1.0,0.0,0.0
8565,25.7,0.1628,0.0,0.9274
8566,34.43,0.0,1.0,1.0783
8567,31.81,0.0,0.0,0.0
8568,18.17,1.0,0.0,0.0
8569,18.71,0.4761,0.0,0.9274
8570,15.83,1.0,0.0,1.3689
8571,26.65,0.0,1.0,2.2962
8572,11.83,1.0,0.0,1.2179
8573,17.89,1.0,0.0,2.1453
8574,14.69,1.0,0.0,3.0726
8575,35.74,0.0,1.0,4.0
8576,17.25,1.0,0.0,2.9217
8577,32.56,0.0,0.44,3.849
8578,53.95,0.0,1.0,3.3746
8579,50.03,0.0,1.0,2.2962
8580,13.74,1.0,0.0,1.2179
8581,28.44,0.0,0.0,2.1453
8582,19.6,1.0,0.0,2.1453
8583,20.76,1.0,0.0,3.0726
8584,34.33,0.0,0.7094,4.0
8585,59.84,0.0,1.0,3.235
8586,49.7,0.0,1.0,2.1567
8587,30.89,0.0,0.0,1.0783
8588,48.2,0.0,1.0,1.0783
8589,16.03,1.0,0.0,0.0
8590,25.33,0.0,0.0,0.9274
8591,23.58,0.3133,0.0,0.9274
8592,26.19,0.0,0.0,1.2179
8593,22.39,1.0,0.0,1.2179
8594,21.87,1.0,0.0,2.1453
8595,21.38,1.0,0.0,3.0726
8596,23.73,0.0,0.0,4.0
8597,30.79,0.0,0.0,4.0
8598,29.72,0.0,0.0,4.0
8599,27.94,0.0,0.0,4.0
8600,37.3,0.0,1.0,4.0
8601,43.0,0.0,1.0,2.9217
8602,25.01,1.0,0.0,1.8433
8603,27.28,0.0,0.0,2.7707
8604,38.82,0.0,1.0,2.7707
8605,17.42,1.0,0.0,1.6924
8606,52.09,0.0,1.0,2.6197
8607,19.72,1.0,0.0,1.5414
8608,31.65,0.0,0.0,2.4688
8609,27.92,0.0,0.0,2.4688
8610,86.64,0.0,1.0,2.4688
8611,33.27,0.0,1.0,1.3904
8612,-3.12,1.0,0.0,0.3121
8613,30.87,0.0,0.0,1.2395
8614,34.08,0.0,1.0,1.2395
8615,28.04,0.0,0.0,0.1612
8616,24.32,1.0,0.0,0.1612
8617,6.99,1.0,0.0,1.0885
8618,23.45,1.0,0.0,2.0159
8619,22.87,1.0,0.0,2.9432
8620,33.86,0.0,1.0,3.8706
8621,40.29,0.0,1.0,2.7923
8622,26.41,0.7907,0.0,1.7139
8623,41.06,0.0,1.0,2.4472
8624,22.04,1.0,0.0,1.3689
8625,42.12,0.0,1.0,2.2962
8626,24.87,1.0,0.0,1.2179
8627,18.4,1.0,0.0,2.1453
8628,24.22,1.0,0.0,3.0726
8629,41.83,0.0,1.0,4.0
8630,29.51,1.0,0.0,2.9217
8631,53.21,0.0,1.0,3.849
8632,27.48,1.0,0.0,2.7707
8633,56.17,0.0,1.0,3.6981
8634,32.06,0.6634,0.0,2.6197
8635,42.93,0.0,1.0,3.235
8636,40.62,0.0,1.0,2.1567
8637,44.31,0.0,1.0,1.0783
8638,35.98,0.0,0.0,0.0
8639,24.29,0.0,0.0,0.0
8640,34.67,1.0,0.0,0.0
8641,44.05,0.0,0.86,0.9274
8642,18.73,1.0,0.0,0.0
8643,11.95,1.0,0.0,0.9274
8644,28.03,0.0,0.0,1.8547
8645,22.69,1.0,0.0,1.8547
8646,26.93,0.0,0.0,2.7821
8647,37.49,0.0,1.0,2.7821
8648,27.62,0.0,0.0,1.7038
8649,29.3,0.0,0.0,1.7038
8650,29.34,0.0,0.0,1.7038
8651,46.58,0.0,1.0,1.7038
8652,26.12,0.8017,0.0,0.6254
8653,16.62,1.0,0.0,1.3689
8654,18.22,1.0,0.0,2.2962
8655,33.09,0.0,1.0,3.2236
8656,24.05,1.0,0.0,2.1453
8657,22.53,1.0,0.0,3.0726
8658,50.31,0.0,1.0,4.0
8659,50.41,0.0,1.0,2.9217
8660,33.1,0.0,0.0,1.8433
8661,38.95,0.0,1.0,1.8433
8662,35.2,0.0,0.0,0.765
8663,38.84,0.0,0.7094,0.765
8664,31.48,0.0,0.0,0.0
8665,9.65,1.0,0.0,0.0
8666,21.12,1.0,0.0,0.9274
8667,27.24,0.0,0.0,1.8547
8668,20.39,1.0,0.0,1.8547
8669,25.8,1.0,0.0,2.7821
8670,36.67,0.0,1.0,3.7094
8671,31.74,0.0,0.0,2.6311
8672,54.93,0.0,1.0,2.6311
8673,47.76,0.0,1.0,1.5528
8674,29.15,0.0,0.0,0.4745
8675,25.98,0.8017,0.0,0.4745
8676,9.53,1.0,0.0,1.2179
8677,22.85,1.0,0.0,2.1453
8678,17.24,1.0,0.0,3.0726
8679,34.05,0.0,0.0,4.0
8680,37.68,0.0,0.0,4.0
8681,49.65,0.0,1.0,4.0
8682,65.67,0.0,1.0,2.9217
8683,39.3,0.0,0.7094,1.8433
8684,83.63,0.0,1.0,1.0783
8685,38.12,0.0,0.0,0.0
8686,20.83,1.0,0.0,0.0
8687,25.84,0.0,0.0,0.9274
8688,22.36,0.4761,0.0,0.9274
8689,29.56,0.0,1.0,1.3689
8690,16.49,1.0,0.0,0.2906
8691,20.47,1.0,0.0,1.2179
8692,22.25,1.0,0.0,2.1453
8693,21.78,1.0,0.0,3.0726
8694,37.45,0.0,1.0,4.0
8695,38.61,0.0,1.0,2.9217
8696,48.74,0.0,1.0,1.8433
8697,28.67,0.3379,0.0,0.765
8698,46.28,0.0,1.0,1.0783
8699,17.27,1.0,0.0,0.0
8700,15.9,1.0,0.0,0.9274
8701,16.75,1.0,0.0,1.8547
8702,27.78,0.9645,0.0,2.7821
8703,47.99,0.0,1.0,3.6765
8704,28.92,0.0,0.0,2.5982
8705,32.94,0.0,0.0,2.5982
8706,37.34,0.0,1.0,2.5982
8707,48.47,0.0,1.0,1.5198
8708,31.85,0.0,0.0,0.4415
8709,-7.4,1.0,0.0,0.4415
8710,20.57,1.0,0.0,1.3689
8711,25.75,1.0,0.0,2.2962
8712,38.47,0.0,1.0,3.2236
8713,24.8,1.0,0.0,2.1453
8714,17.73,1.0,0.0,3.0726
8715,35.01,0.0,0.86,4.0
8716,19.18,1.0,0.0,3.0726
8717,41.87,0.0,1.0,4.0
8718,46.07,0.0,1.0,2.9217
8719,31.46,0.0,0.0,1.8433
8720,19.17,1.0,0.0,1.8433
8721,71.73,0.0,1.0,2.7707
8722,34.79,0.0,0.0,1.6924
8723,24.86,1.0,0.0,1.6924
8724,36.11,0.0,0.8694,2.6197
8725,32.75,0.0,0.0,1.6822
8726,-12.22,1.0,0.0,1.6822
8727,24.99,1.0,0.0,2.6096
8728,39.92,0.0,1.0,3.5369
8729,25.69,1.0,0.0,2.4586
8730,50.85,0.0,1.0,3.3859
8731,39.34,0.0,1.0,2.3076
8732,41.53,0.0,1.0,1.2293
8733,33.38,0.0,0.0,0.151
8734,30.18,0.0,0.0,0.151
8735,23.21,1.0,0.0,0.151
8736,33.59,0.0,0.0,1.0783
8737,40.46,0.0,1.0,1.0783
8738,18.91,1.0,0.0,0.0
8739,27.57,0.0,0.0,0.9274
8740,27.38,0.0,0.0,0.9274
8741,25.55,0.0,0.0,0.9274
8742,16.52,1.0,0.0,0.9274
8743,19.56,1.0,0.0,1.8547
8744,24.65,0.3133,0.0,2.7821
8745,15.22,1.0,0.0,3.0726
8746,49.72,0.0,1.0,4.0
8747,31.66,0.0,0.72,2.9217
8748,25.57,0.0,0.0,2.1453
8749,11.9,1.0,0.0,2.1453
8750,14.62,1.0,0.0,3.0726
8751,31.48,0.0,0.0,4.0
8752,71.16,0.0,1.0,4.0
8753,30.47,0.3379,0.0,2.9217
8754,54.48,0.0,1.0,3.235
8755,33.53,0.0,0.0,2.1567
8756,38.38,0.0,1.0,2.1567
8757,53.75,0.0,1.0,1.0783
8758,29.19,0.0,0.0,0.0
8759,24.7,0.0,0.0,0.0
